symbol,company,series,face_value,purpose,ex_date,record_date,book_closure_start,book_closure_end,payment_date,remarks,source_file,source,purpose_normalized,is_dividend,is_bonus,is_split,is_consolidation,is_rights,is_structural,is_buyback,is_capital_reduction,is_meeting,is_interest,is_redemption,primary_class,dividend_amount,ratio_a,ratio_b,old_face_value_parsed,new_face_value_parsed,economic_event_count,multiple_event_types,needs_manual_review
VTMLTD,VTM Limited,EQ,1.0,Interim Div. Of Re. 0.70/- Per Equity Share Re.1/- Each,2013-02-26,2013-02-27,,,,,corporate_actions_20130201_20130228.json,NSE corporate actions API,INTERIM DIV. OF RE. 0.70/- PER EQUITY SHARE RE.1/- EACH,False,False,False,False,False,False,False,False,False,False,False,OTHER,,,,,,0,False,False
RAJPALAYAM,Rajapalayam Mills Limited,EQ,10.0,Interim Div. Of Rs.5/- Per Share Of Rs. 10/- Each.,2013-02-27,2013-02-28,,,,,corporate_actions_20130201_20130228.json,NSE corporate actions API,INTERIM DIV. OF RS.5/- PER SHARE OF RS. 10/- EACH.,False,False,False,False,False,False,False,False,False,False,False,OTHER,,,,,,0,False,False
GODREJCP,Godrej Consumer Products Limited,EQ,1.0,Annual Book Closure,2013-03-25,,2013-03-28,2013-03-28,,,corporate_actions_20130301_20130331.json,NSE corporate actions API,ANNUAL BOOK CLOSURE,False,False,False,False,False,False,False,False,False,False,False,OTHER,,,,,,0,False,False
TVSHLTD,TVS Holdings Limited,EQ,5.0,Interim Dividen Rs 5 Per Share,2013-05-13,2013-05-14,,,,,corporate_actions_20130501_20130531.json,NSE corporate actions API,INTERIM DIVIDEN RS 5 PER SHARE,False,False,False,False,False,False,False,False,False,False,False,OTHER,,,,,,0,False,False
DEN,Den Networks Limited,EQ,10.0,Extra Ordinary General Meeting,2013-05-29,,2013-05-31,2013-06-05,,,corporate_actions_20130501_20130531.json,NSE corporate actions API,EXTRA ORDINARY GENERAL MEETING,False,False,False,False,False,False,False,False,False,False,False,OTHER,,,,,,0,False,False
KOKUYOCMLN,Kokuyo Camlin Limited,EQ,1.0,Annual Book Closure,2013-06-18,,2013-06-20,2013-06-21,,,corporate_actions_20130601_20130630.json,NSE corporate actions API,ANNUAL BOOK CLOSURE,False,False,False,False,False,False,False,False,False,False,False,OTHER,,,,,,0,False,False
RAMCOSYS,Ramco Systems Limited,EQ,10.0,Annual Book Closure,2013-07-25,,2013-07-29,2013-07-29,,,corporate_actions_20130701_20130731.json,NSE corporate actions API,ANNUAL BOOK CLOSURE,False,False,False,False,False,False,False,False,False,False,False,OTHER,,,,,,0,False,False
VSSL,Vardhman Special Steels Limited,EQ,10.0,Annual Book Closure,2013-08-14,,2013-08-19,2013-08-31,,,corporate_actions_20130801_20130831.json,NSE corporate actions API,ANNUAL BOOK CLOSURE,False,False,False,False,False,False,False,False,False,False,False,OTHER,,,,,,0,False,False
MERCATOR,Mercator Limited,EQ,1.0,Annual Closure,2013-09-10,,2013-09-12,2013-09-19,,,corporate_actions_20130901_20130930.json,NSE corporate actions API,ANNUAL CLOSURE,False,False,False,False,False,False,False,False,False,False,False,OTHER,,,,,,0,False,False
3IINFOTECH,3i Infotech Limited,EQ,10.0,Annual Book Closure,2013-09-12,,2013-09-16,2013-09-23,,,corporate_actions_20130901_20130930.json,NSE corporate actions API,ANNUAL BOOK CLOSURE,False,False,False,False,False,False,False,False,False,False,False,OTHER,,,,,,0,False,False
PARABDRUGS,Parabolic Drugs Limited,EQ,10.0,Annual Book Closure,2013-09-24,,2013-09-26,2013-09-30,,,corporate_actions_20130901_20130930.json,NSE corporate actions API,ANNUAL BOOK CLOSURE,False,False,False,False,False,False,False,False,False,False,False,OTHER,,,,,,0,False,False
WANBURY,Wanbury Limited,EQ,10.0,Annual Book Closure,2013-09-26,,2013-09-28,2013-09-30,,,corporate_actions_20130901_20130930.json,NSE corporate actions API,ANNUAL BOOK CLOSURE,False,False,False,False,False,False,False,False,False,False,False,OTHER,,,,,,0,False,False
BAYERCROP,Bayer Cropscience Limited,EQ,10.0,Buy Back-Tender Offer,2013-10-07,2013-10-08,,,,,corporate_actions_20131001_20131031.json,NSE corporate actions API,BUY BACK-TENDER OFFER,False,False,False,False,False,False,False,False,False,False,False,OTHER,,,,,,0,False,False
NHPC,NHPC Limited,EQ,10.0,Buy Back-Tender Offer,2013-11-07,2013-11-08,,,,,corporate_actions_20131101_20131130.json,NSE corporate actions API,BUY BACK-TENDER OFFER,False,False,False,False,False,False,False,False,False,False,False,OTHER,,,,,,0,False,False
MICROTECH,Micro Technologies (India) Limited,EQ,10.0,Annual Book Closure,2013-12-17,,2013-12-19,2013-12-26,,,corporate_actions_20131201_20131231.json,NSE corporate actions API,ANNUAL BOOK CLOSURE,False,False,False,False,False,False,False,False,False,False,False,OTHER,,,,,,0,False,False
SHREEASHTA,Shree Ashtavinayak Cine Vision Limited,EQ,1.0,Annual Book Closure,2013-12-23,,2013-12-26,2013-12-30,,,corporate_actions_20131201_20131231.json,NSE corporate actions API,ANNUAL BOOK CLOSURE,False,False,False,False,False,False,False,False,False,False,False,OTHER,,,,,,0,False,False
VLSFINANCE,VLS Finance Limited,EQ,10.0,Buy Back-Tender Offer,2013-12-26,2013-12-27,,,,,corporate_actions_20131201_20131231.json,NSE corporate actions API,BUY BACK-TENDER OFFER,False,False,False,False,False,False,False,False,False,False,False,OTHER,,,,,,0,False,False
GODREJCP,Godrej Consumer Products Limited,EQ,1.0,Annual Book Closure,2014-03-24,,2014-03-26,2014-03-26,,,corporate_actions_20140301_20140331.json,NSE corporate actions API,ANNUAL BOOK CLOSURE,False,False,False,False,False,False,False,False,False,False,False,OTHER,,,,,,0,False,False
TVSMOTOR,TVS Motor Company Limited,EQ,1.0,E-Voting,2014-06-06,2014-06-09,,,,,corporate_actions_20140601_20140630.json,NSE corporate actions API,E-VOTING,False,False,False,False,False,False,False,False,False,False,False,OTHER,,,,,,0,False,False
PONNIERODE,Ponni Sugars (Erode) Limited,EQ,10.0,E-Voting,2014-06-13,2014-06-16,,,,,corporate_actions_20140601_20140630.json,NSE corporate actions API,E-VOTING,False,False,False,False,False,False,False,False,False,False,False,OTHER,,,,,,0,False,False
BIRLANU,BirlaNu Limited,EQ,10.0,E-Voting,2014-06-17,2014-06-18,,,,,corporate_actions_20140601_20140630.json,NSE corporate actions API,E-VOTING,False,False,False,False,False,False,False,False,False,False,False,OTHER,,,,,,0,False,False
TRIDENT,Trident Limited,EQ,1.0,E-Voting,2014-07-03,2014-07-04,,,,,corporate_actions_20140701_20140731.json,NSE corporate actions API,E-VOTING,False,False,False,False,False,False,False,False,False,False,False,OTHER,,,,,,0,False,False
TVSHLTD,TVS Holdings Limited,EQ,5.0,E-Voting,2014-07-11,2014-07-14,,,,,corporate_actions_20140701_20140731.json,NSE corporate actions API,E-VOTING,False,False,False,False,False,False,False,False,False,False,False,OTHER,,,,,,0,False,False
INDHOTEL,The Indian Hotels Company Limited,EQ,1.0,9 Ccds For Every 40 Equity Shares,2014-07-18,2014-07-21,,,,,corporate_actions_20140701_20140731.json,NSE corporate actions API,9 CCDS FOR EVERY 40 EQUITY SHARES,False,False,False,False,False,False,False,False,False,False,False,OTHER,,,,,,0,False,False
MRPL,Mangalore Refinery and Petrochemicals Limited,EQ,10.0,E-Voting,2014-07-25,,2014-07-30,2014-08-02,,,corporate_actions_20140701_20140731.json,NSE corporate actions API,E-VOTING,False,False,False,False,False,False,False,False,False,False,False,OTHER,,,,,,0,False,False
HEXAWARE,Hexaware Technologies Limited,EQ,2.0,Interim Div-Rs.1.60 Per Share,2014-07-31,2014-08-02,,,,,corporate_actions_20140701_20140731.json,NSE corporate actions API,INTERIM DIV-RS.1.60 PER SHARE,False,False,False,False,False,False,False,False,False,False,False,OTHER,,,,,,0,False,False
MARUTI,Maruti Suzuki India Limited,EQ,5.0,E-Voting,2014-07-31,2014-08-01,,,,,corporate_actions_20140701_20140731.json,NSE corporate actions API,E-VOTING,False,False,False,False,False,False,False,False,False,False,False,OTHER,,,,,,0,False,False
HATSUN,Hatsun Agro Product Limited,EQ,1.0,Annual Book Closure,2014-08-04,,2014-08-06,2014-08-08,,,corporate_actions_20140801_20140831.json,NSE corporate actions API,ANNUAL BOOK CLOSURE,False,False,False,False,False,False,False,False,False,False,False,OTHER,,,,,,0,False,False
MOREPENLAB,Morepen Laboratories Limited,EQ,2.0,E - Voting,2014-08-08,2014-08-11,,,,,corporate_actions_20140801_20140831.json,NSE corporate actions API,E - VOTING,False,False,False,False,False,False,False,False,False,False,False,OTHER,,,,,,0,False,False
PETRONENGG,Petron Engineering Construction Limited,EQ,10.0,Annual Book Closure,2014-08-19,,2014-08-21,2014-08-27,,,corporate_actions_20140801_20140831.json,NSE corporate actions API,ANNUAL BOOK CLOSURE,False,False,False,False,False,False,False,False,False,False,False,OTHER,,,,,,0,False,False
PVRINOX,PVR INOX Limited,EQ,10.0,E-Voting,2014-08-21,2014-08-22,,,,,corporate_actions_20140801_20140831.json,NSE corporate actions API,E-VOTING,False,False,False,False,False,False,False,False,False,False,False,OTHER,,,,,,0,False,False
DCMSHRIRAM,DCM Shriram Limited,EQ,2.0,Interim Div -Rs 1.80 Per Share,2014-08-26,2014-08-27,,,,,corporate_actions_20140801_20140831.json,NSE corporate actions API,INTERIM DIV -RS 1.80 PER SHARE,False,False,False,False,False,False,False,False,False,False,False,OTHER,,,,,,0,False,False
TANTIACONS,Tantia Constructions Limited,EQ,10.0,Anuual General Meeting,2014-08-27,,2014-09-01,2014-09-09,,,corporate_actions_20140801_20140831.json,NSE corporate actions API,ANUUAL GENERAL MEETING,False,False,False,False,False,False,False,False,False,False,False,OTHER,,,,,,0,False,False
SANGHIIND,Sanghi Industries Limited,EQ,10.0,Annual Book Closure,2014-08-28,,2014-09-02,2014-09-05,,,corporate_actions_20140801_20140831.json,NSE corporate actions API,ANNUAL BOOK CLOSURE,False,False,False,False,False,False,False,False,False,False,False,OTHER,,,,,,0,False,False
SRICHAMUND,Sri Chamundeswari Sugars Limited,EQ,10.0,Annual Generafl Meeting,2014-09-16,,2014-09-18,2014-09-25,,,corporate_actions_20140901_20140930.json,NSE corporate actions API,ANNUAL GENERAFL MEETING,False,False,False,False,False,False,False,False,False,False,False,OTHER,,,,,,0,False,False
PANASONIC,Panasonic Appliances India Company Limited,EQ,10.0,Annual General Meeing,2014-09-18,,2014-09-20,2014-09-29,,,corporate_actions_20140901_20140930.json,NSE corporate actions API,ANNUAL GENERAL MEEING,False,False,False,False,False,False,False,False,False,False,False,OTHER,,,,,,0,False,False
RMCL,Radha Madhav Corporation Limited,EQ,10.0,Annual Book Closure,2014-09-18,,2014-09-22,2014-09-30,,,corporate_actions_20140901_20140930.json,NSE corporate actions API,ANNUAL BOOK CLOSURE,False,False,False,False,False,False,False,False,False,False,False,OTHER,,,,,,0,False,False
JMTAUTOLTD,JMT Auto Limited,EQ,1.0,Annual Book Closure,2014-09-22,,2014-09-24,2014-09-27,,,corporate_actions_20140901_20140930.json,NSE corporate actions API,ANNUAL BOOK CLOSURE,False,False,False,False,False,False,False,False,False,False,False,OTHER,,,,,,0,False,False
SHRIASTER,Shri Aster Silicates Limited,EQ,10.0,Annual Book Closure,2014-09-24,,2014-09-26,2014-09-29,,,corporate_actions_20140901_20140930.json,NSE corporate actions API,ANNUAL BOOK CLOSURE,False,False,False,False,False,False,False,False,False,False,False,OTHER,,,,,,0,False,False
KKCL,Kewal Kiran Clothing Limited,EQ,10.0,2nd Int Div-Rs.7.50 Per Share,2014-10-30,2014-10-31,,,,,corporate_actions_20141001_20141031.json,NSE corporate actions API,2ND INT DIV-RS.7.50 PER SHARE,False,False,False,False,False,False,False,False,False,False,False,OTHER,,,,,,0,False,False
HEXAWARE,Hexaware Technologies Limited,EQ,2.0,Interim Divided - Rs 2.35/- Per Share (Purpose Revised),2014-11-12,2014-11-13,,,,,corporate_actions_20141101_20141130.json,NSE corporate actions API,INTERIM DIVIDED - RS 2.35/- PER SHARE (PURPOSE REVISED),False,False,False,False,False,False,False,False,False,False,False,OTHER,,,,,,0,False,False
GODREJCP,Godrej Consumer Products Limited,EQ,1.0,Annual Book Closure,2014-12-22,,2014-12-24,2014-12-24,,,corporate_actions_20141201_20141231.json,NSE corporate actions API,ANNUAL BOOK CLOSURE,False,False,False,False,False,False,False,False,False,False,False,OTHER,,,,,,0,False,False
ESL,Electrosteel Steels Limited,EQ,10.0,E-Voting,2015-01-08,2015-01-09,,,,,corporate_actions_20150101_20150131.json,NSE corporate actions API,E-VOTING,False,False,False,False,False,False,False,False,False,False,False,OTHER,,,,,,0,False,False
VESUVIUS,Vesuvius India Limited,EQ,1.0,E-Voting,2015-02-13,2015-02-17,,,,,corporate_actions_20150201_20150228.json,NSE corporate actions API,E-VOTING,False,False,False,False,False,False,False,False,False,False,False,OTHER,,,,,,0,False,False
VESUVIUS,Vesuvius India Limited,EQ,1.0,E-Voting,2015-03-23,2015-03-24,,,,,corporate_actions_20150301_20150331.json,NSE corporate actions API,E-VOTING,False,False,False,False,False,False,False,False,False,False,False,OTHER,,,,,,0,False,False
POLARIS,POLARIS CONSULTING & SERVICES LIMITED,EQ,5.0,Interim Divdend - Rs 5/- Per Share,2015-03-30,2015-03-31,,,,,corporate_actions_20150301_20150331.json,NSE corporate actions API,INTERIM DIVDEND - RS 5/- PER SHARE,False,False,False,False,False,False,False,False,False,False,False,OTHER,,,,,,0,False,False
RSYSTEMS,R Systems International Limited,EQ,1.0,Int Div Re 0.40 Per Share (Purpose Revised),2015-04-29,2015-05-04,,,,,corporate_actions_20150401_20150430.json,NSE corporate actions API,INT DIV RE 0.40 PER SHARE (PURPOSE REVISED),False,False,False,False,False,False,False,False,False,False,False,OTHER,,,,,,0,False,False
KHAITANLTD,Khaitan (India) Limited,EQ,10.0,Extra Ordinary General Meeting,2015-05-18,,2015-05-20,2015-05-27,,,corporate_actions_20150501_20150531.json,NSE corporate actions API,EXTRA ORDINARY GENERAL MEETING,False,False,False,False,False,False,False,False,False,False,False,OTHER,,,,,,0,False,False
SASKEN,Sasken Technologies Limited,EQ,10.0,Buy Back - Tender Offer,2015-07-06,2015-07-07,,,,,corporate_actions_20150701_20150731.json,NSE corporate actions API,BUY BACK - TENDER OFFER,False,False,False,False,False,False,False,False,False,False,False,OTHER,,,,,,0,False,False
SUDARCOLOR,Sudarshan Colorants India Limited,EQ,10.0,Buy Back,2015-07-17,2015-07-20,,,,,corporate_actions_20150701_20150731.json,NSE corporate actions API,BUY BACK,False,False,False,False,False,False,False,False,False,False,False,OTHER,,,,,,0,False,False
CRISIL,Crisil Limited,EQ,1.0,Int Div - Rs 4/- Per Share (Purpose Revised),2015-07-23,2015-07-24,,,,,corporate_actions_20150701_20150731.json,NSE corporate actions API,INT DIV - RS 4/- PER SHARE (PURPOSE REVISED),False,False,False,False,False,False,False,False,False,False,False,OTHER,,,,,,0,False,False
UNITY,Unity Infraprojects Limited,EQ,2.0,Annual General Meetig,2015-09-10,,2015-09-14,2015-09-19,,,corporate_actions_20150901_20150930.json,NSE corporate actions API,ANNUAL GENERAL MEETIG,False,False,False,False,False,False,False,False,False,False,False,OTHER,,,,,,0,False,False
PETRONENGG,Petron Engineering Construction Limited,EQ,10.0,Annual Book Closure,2015-09-15,,2015-09-18,2015-09-25,,,corporate_actions_20150901_20150930.json,NSE corporate actions API,ANNUAL BOOK CLOSURE,False,False,False,False,False,False,False,False,False,False,False,OTHER,,,,,,0,False,False
JMTAUTOLTD,JMT Auto Limited,EQ,1.0,Annual Book Closure,2015-09-18,,2015-09-22,2015-09-28,,,corporate_actions_20150901_20150930.json,NSE corporate actions API,ANNUAL BOOK CLOSURE,False,False,False,False,False,False,False,False,False,False,False,OTHER,,,,,,0,False,False
INDIACEM,The India Cements Limited,EQ,10.0,For Distribution Of Chennai Super Kings Cricket Limited Shares To The Shareholders Of India Cements,2015-10-08,2015-10-09,,,,,corporate_actions_20151001_20151031.json,NSE corporate actions API,FOR DISTRIBUTION OF CHENNAI SUPER KINGS CRICKET LIMITED SHARES TO THE SHAREHOLDERS OF INDIA CEMENTS,False,False,False,False,False,False,False,False,False,False,False,OTHER,,,,,,0,False,False
STAN,Standard Chartered PLC,DR,,Cash-Out,2015-11-30,2015-12-01,,,,,corporate_actions_20151101_20151130.json,NSE corporate actions API,CASH-OUT,False,False,False,False,False,False,False,False,False,False,False,OTHER,,,,,,0,False,False
PFOCUS,Prime Focus Limited,EQ,1.0,Annual General Meetng,2015-12-10,,2015-12-14,2015-12-24,,,corporate_actions_20151201_20151231.json,NSE corporate actions API,ANNUAL GENERAL MEETNG,False,False,False,False,False,False,False,False,False,False,False,OTHER,,,,,,0,False,False
SOBHA,Sobha Limited,EQ,10.0,Buy Back Of Shares,2016-06-03,2016-06-06,,,,,corporate_actions_20160601_20160630.json,NSE corporate actions API,BUY BACK OF SHARES,False,False,False,False,False,False,False,False,False,False,False,OTHER,,,,,,0,False,False
STLTECH,Sterlite Technologies Limited,EQ,2.0,Sheme Of Arrangement,2016-06-15,2016-06-16,,,,,corporate_actions_20160601_20160630.json,NSE corporate actions API,SHEME OF ARRANGEMENT,False,False,False,False,False,False,False,False,False,False,False,OTHER,,,,,,0,False,False
CORPBANK,Corporation Bank,EQ,2.0,Annua General Meeting,2016-06-22,,2016-06-24,2016-06-29,,,corporate_actions_20160601_20160630.json,NSE corporate actions API,ANNUA GENERAL MEETING,False,False,False,False,False,False,False,False,False,False,False,OTHER,,,,,,0,False,False
JSWHL,JSW Holdings Limited,EQ,10.0,Annual Book Closure,2016-06-24,,2016-06-28,2016-06-30,,,corporate_actions_20160601_20160630.json,NSE corporate actions API,ANNUAL BOOK CLOSURE,False,False,False,False,False,False,False,False,False,False,False,OTHER,,,,,,0,False,False
SOLARINDS,Solar Industries India Limited,EQ,2.0,Fv Splt Frm Rs 10 To Rs 2,2016-07-13,2016-07-14,,,,,corporate_actions_20160701_20160731.json,NSE corporate actions API,FV SPLT FRM RS 10 TO RS 2,False,False,False,False,False,False,False,False,False,False,False,OTHER,,,,,,0,False,False
SUNPHARMA,Sun Pharmaceutical Industries Limited,EQ,1.0,Buy Back,2016-07-14,2016-07-15,,,,,corporate_actions_20160701_20160731.json,NSE corporate actions API,BUY BACK,False,False,False,False,False,False,False,False,False,False,False,OTHER,,,,,,0,False,False
TIRUMALCHM,Thirumalai Chemicals Limited,EQ,1.0,Annual Gemeral Meeting,2016-07-21,,2016-07-23,2016-07-29,,,corporate_actions_20160701_20160731.json,NSE corporate actions API,ANNUAL GEMERAL MEETING,False,False,False,False,False,False,False,False,False,False,False,OTHER,,,,,,0,False,False
EIDPARRY,EID Parry India Limited,EQ,1.0,Anual General Meeting,2016-07-27,,2016-07-29,2016-08-05,,,corporate_actions_20160701_20160731.json,NSE corporate actions API,ANUAL GENERAL MEETING,False,False,False,False,False,False,False,False,False,False,False,OTHER,,,,,,0,False,False
NATIONALUM,National Aluminium Company Limited,EQ,5.0,Buy Back,2016-07-28,2016-07-29,,,,,corporate_actions_20160701_20160731.json,NSE corporate actions API,BUY BACK,False,False,False,False,False,False,False,False,False,False,False,OTHER,,,,,,0,False,False
MOIL,MOIL Limited,EQ,10.0,Buy Back Of Shares,2016-08-05,2016-08-08,,,,,corporate_actions_20160801_20160831.json,NSE corporate actions API,BUY BACK OF SHARES,False,False,False,False,False,False,False,False,False,False,False,OTHER,,,,,,0,False,False
DIVISLAB,Divi's Laboratories Limited,EQ,2.0,Annnual General Meeting,2016-08-18,,2016-08-22,2016-08-26,,,corporate_actions_20160801_20160831.json,NSE corporate actions API,ANNNUAL GENERAL MEETING,False,False,False,False,False,False,False,False,False,False,False,OTHER,,,,,,0,False,False
NMDC,NMDC Limited,EQ,1.0,Buy Back,2016-08-18,2016-08-19,,,,,corporate_actions_20160801_20160831.json,NSE corporate actions API,BUY BACK,False,False,False,False,False,False,False,False,False,False,False,OTHER,,,,,,0,False,False
BOSCHLTD,Bosch Limited,EQ,10.0,Buy Back,2016-09-02,2016-09-06,,,,,corporate_actions_20160901_20160930.json,NSE corporate actions API,BUY BACK,False,False,False,False,False,False,False,False,False,False,False,OTHER,,,,,,0,False,False
UNITECH,Unitech Limited,EQ,2.0,Annual General Meetingagm,2016-09-02,,2016-09-07,2016-09-12,,,corporate_actions_20160901_20160930.json,NSE corporate actions API,ANNUAL GENERAL MEETINGAGM,False,False,False,False,False,False,False,False,False,False,False,OTHER,,,,,,0,False,False
MOLDTECH,Mold-Tek Technologies Limited,EQ,2.0,Annual General Meetingdividend Re 0.20 Per Share,2016-09-09,,2016-09-13,2016-09-19,,,corporate_actions_20160901_20160930.json,NSE corporate actions API,ANNUAL GENERAL MEETINGDIVIDEND RE 0.20 PER SHARE,False,False,False,False,False,False,False,False,False,False,False,OTHER,,,,,,0,False,False
FCSSOFT,FCS Software Solutions Limited,EQ,1.0,Anual General Meeting,2016-09-14,,2016-09-16,2016-09-17,,,corporate_actions_20160901_20160930.json,NSE corporate actions API,ANUAL GENERAL MEETING,False,False,False,False,False,False,False,False,False,False,False,OTHER,,,,,,0,False,False
MANAKSTEEL,Manaksia Steels Limited,EQ,1.0,Anuual General Meeting,2016-09-15,,2016-09-17,2016-09-21,,,corporate_actions_20160901_20160930.json,NSE corporate actions API,ANUUAL GENERAL MEETING,False,False,False,False,False,False,False,False,False,False,False,OTHER,,,,,,0,False,False
NSIL,Nalwa Sons Investments Limited,EQ,10.0,Annul General Meeting,2016-09-15,,2016-09-19,2016-09-20,,,corporate_actions_20160901_20160930.json,NSE corporate actions API,ANNUL GENERAL MEETING,False,False,False,False,False,False,False,False,False,False,False,OTHER,,,,,,0,False,False
RCF,Rashtriya Chemicals and Fertilizers Limited,EQ,10.0,Annual General Meetingdividend - Rs 1.10 Per Share,2016-09-15,,2016-09-17,2016-09-23,,,corporate_actions_20160901_20160930.json,NSE corporate actions API,ANNUAL GENERAL MEETINGDIVIDEND - RS 1.10 PER SHARE,False,False,False,False,False,False,False,False,False,False,False,OTHER,,,,,,0,False,False
ANGIND,ANG Industries Limited,EQ,10.0,Annual Genral Meeting,2016-09-16,,2016-09-20,2016-09-27,,,corporate_actions_20160901_20160930.json,NSE corporate actions API,ANNUAL GENRAL MEETING,False,False,False,False,False,False,False,False,False,False,False,OTHER,,,,,,0,False,False
REGENCERAM,Regency Ceramics Limited,EQ,10.0,Annual General Meeeting,2016-09-19,,2016-09-21,2016-09-28,,,corporate_actions_20160901_20160930.json,NSE corporate actions API,ANNUAL GENERAL MEEETING,False,False,False,False,False,False,False,False,False,False,False,OTHER,,,,,,0,False,False
VSSL,Vardhman Special Steels Limited,EQ,10.0,Annual Book Closure,2016-09-19,,2016-09-21,2016-09-21,,,corporate_actions_20160901_20160930.json,NSE corporate actions API,ANNUAL BOOK CLOSURE,False,False,False,False,False,False,False,False,False,False,False,OTHER,,,,,,0,False,False
SHALPAINTS,Shalimar Paints Limited,EQ,2.0,Annual General Meeing,2016-09-20,,2016-09-22,2016-09-28,,,corporate_actions_20160901_20160930.json,NSE corporate actions API,ANNUAL GENERAL MEEING,False,False,False,False,False,False,False,False,False,False,False,OTHER,,,,,,0,False,False
NDL,Nandan Denim Limited,EQ,1.0,Annual Book Closure,2016-09-21,,2016-09-23,2016-09-28,,,corporate_actions_20160901_20160930.json,NSE corporate actions API,ANNUAL BOOK CLOSURE,False,False,False,False,False,False,False,False,False,False,False,OTHER,,,,,,0,False,False
PARSVNATH,Parsvnath Developers Limited,EQ,5.0,Annaul General Meeting,2016-09-21,,2016-09-23,2016-09-29,,,corporate_actions_20160901_20160930.json,NSE corporate actions API,ANNAUL GENERAL MEETING,False,False,False,False,False,False,False,False,False,False,False,OTHER,,,,,,0,False,False
ABHISHEK,Abhishek Corporation Limited,EQ,10.0,Annual Book Closing,2016-09-22,,2016-09-24,2016-09-30,,,corporate_actions_20160901_20160930.json,NSE corporate actions API,ANNUAL BOOK CLOSING,False,False,False,False,False,False,False,False,False,False,False,OTHER,,,,,,0,False,False
SHILPI,Shilpi Cable Technologies Limited,EQ,10.0,Annual General Meetingdividend - Re 1/- Per Share,2016-09-22,,2016-09-24,2016-09-30,,,corporate_actions_20160901_20160930.json,NSE corporate actions API,ANNUAL GENERAL MEETINGDIVIDEND - RE 1/- PER SHARE,False,False,False,False,False,False,False,False,False,False,False,OTHER,,,,,,0,False,False
VIJSHAN,Vijay Shanthi Builders Limited,EQ,10.0,Annual Closing,2016-09-22,,2016-09-24,2016-09-30,,,corporate_actions_20160901_20160930.json,NSE corporate actions API,ANNUAL CLOSING,False,False,False,False,False,False,False,False,False,False,False,OTHER,,,,,,0,False,False
JMTAUTOLTD,JMT Auto Limited,EQ,1.0,Annual Book Closure,2016-09-23,,2016-09-27,2016-09-29,,,corporate_actions_20160901_20160930.json,NSE corporate actions API,ANNUAL BOOK CLOSURE,False,False,False,False,False,False,False,False,False,False,False,OTHER,,,,,,0,False,False
BEL,Bharat Electronics Limited,EQ,1.0,Buy Back Of Share,2016-09-26,2016-09-27,,,,,corporate_actions_20160901_20160930.json,NSE corporate actions API,BUY BACK OF SHARE,False,False,False,False,False,False,False,False,False,False,False,OTHER,,,,,,0,False,False
RSYSTEMS,R Systems International Limited,EQ,1.0,Buy Back Of Shares,2016-09-29,2016-09-30,,,,,corporate_actions_20160901_20160930.json,NSE corporate actions API,BUY BACK OF SHARES,False,False,False,False,False,False,False,False,False,False,False,OTHER,,,,,,0,False,False
CAPLIPOINT,Caplin Point Laboratories Limited,EQ,2.0,Fv Splt Frm Rs 10 To Rs 2,2016-10-19,2016-10-20,,,,,corporate_actions_20161001_20161031.json,NSE corporate actions API,FV SPLT FRM RS 10 TO RS 2,False,False,False,False,False,False,False,False,False,False,False,OTHER,,,,,,0,False,False
VIJIFIN,Viji Finance Limited,EQ,1.0,Fv Splt Frm Rs 10 To Re 1,2016-10-25,2016-10-26,,,,,corporate_actions_20161001_20161031.json,NSE corporate actions API,FV SPLT FRM RS 10 TO RE 1,False,False,False,False,False,False,False,False,False,False,False,OTHER,,,,,,0,False,False
BHAGERIA,Bhageria Industries Limited,EQ,5.0,Fv Splt Frm Rs 10 To Rs 5,2016-10-26,2016-10-27,,,,,corporate_actions_20161001_20161031.json,NSE corporate actions API,FV SPLT FRM RS 10 TO RS 5,False,False,False,False,False,False,False,False,False,False,False,OTHER,,,,,,0,False,False
ECLERX,eClerx Services Limited,EQ,10.0,Buy Back,2016-10-27,2016-10-28,,,,,corporate_actions_20161001_20161031.json,NSE corporate actions API,BUY BACK,False,False,False,False,False,False,False,False,False,False,False,OTHER,,,,,,0,False,False
AARTIDRUGS,Aarti Drugs Limited,EQ,10.0,Buy Back,2016-11-01,2016-11-02,,,,,corporate_actions_20161101_20161130.json,NSE corporate actions API,BUY BACK,False,False,False,False,False,False,False,False,False,False,False,OTHER,,,,,,0,False,False
AARTIIND,Aarti Industries Limited,EQ,5.0,Buy Back,2016-11-01,2016-11-02,,,,,corporate_actions_20161101_20161130.json,NSE corporate actions API,BUY BACK,False,False,False,False,False,False,False,False,False,False,False,OTHER,,,,,,0,False,False
LMW,LMW Limited,EQ,10.0,Buy Back,2016-11-07,2016-11-08,,,,,corporate_actions_20161101_20161130.json,NSE corporate actions API,BUY BACK,False,False,False,False,False,False,False,False,False,False,False,OTHER,,,,,,0,False,False
ICIL,Indo Count Industries Limited,EQ,2.0,Fv Splt Frm Rs 10 To Rs 2,2016-11-11,2016-11-15,,,,,corporate_actions_20161101_20161130.json,NSE corporate actions API,FV SPLT FRM RS 10 TO RS 2,False,False,False,False,False,False,False,False,False,False,False,OTHER,,,,,,0,False,False
ALLCARGO,Allcargo Logistics Limited,EQ,2.0,Buy Back,2016-11-17,2016-11-18,,,,,corporate_actions_20161101_20161130.json,NSE corporate actions API,BUY BACK,False,False,False,False,False,False,False,False,False,False,False,OTHER,,,,,,0,False,False
KARURVYSYA,Karur Vysya Bank Limited,EQ,2.0,Fv Splt Frm Rs 10 To Rs 2,2016-11-17,2016-11-18,,,,,corporate_actions_20161101_20161130.json,NSE corporate actions API,FV SPLT FRM RS 10 TO RS 2,False,False,False,False,False,False,False,False,False,False,False,OTHER,,,,,,0,False,False
MELSTAR,Melstar Information Technologies Limited,EQ,10.0,Annul General Meeting,2016-11-17,,2016-11-19,2016-11-26,,,corporate_actions_20161101_20161130.json,NSE corporate actions API,ANNUL GENERAL MEETING,False,False,False,False,False,False,False,False,False,False,False,OTHER,,,,,,0,False,False
CGCL,Capri Global Capital Limited,EQ,1.0,Fv Splt Frm Rs 10 To Rs 2,2016-11-23,2016-11-24,,,,,corporate_actions_20161101_20161130.json,NSE corporate actions API,FV SPLT FRM RS 10 TO RS 2,False,False,False,False,False,False,False,False,False,False,False,OTHER,,,,,,0,False,False
NAVNETEDUL,Navneet Education Limited,EQ,2.0,Buy Back,2016-11-24,2016-11-25,,,,,corporate_actions_20161101_20161130.json,NSE corporate actions API,BUY BACK,False,False,False,False,False,False,False,False,False,False,False,OTHER,,,,,,0,False,False
KPRMILL,K.P.R. Mill Limited,EQ,1.0,Fv Splt Frm Rs 10 To Rs 5,2016-11-29,2016-11-30,,,,,corporate_actions_20161101_20161130.json,NSE corporate actions API,FV SPLT FRM RS 10 TO RS 5,False,False,False,False,False,False,False,False,False,False,False,OTHER,,,,,,0,False,False
VTL,Vardhman Textiles Limited,EQ,2.0,Buy Back,2016-12-08,2016-12-09,,,,,corporate_actions_20161201_20161231.json,NSE corporate actions API,BUY BACK,False,False,False,False,False,False,False,False,False,False,False,OTHER,,,,,,0,False,False
KNRCON,KNR Constructions Limited,EQ,2.0,Fv Splt Frm Rs 10 To Rs 2,2016-12-13,2016-12-14,,,,,corporate_actions_20161201_20161231.json,NSE corporate actions API,FV SPLT FRM RS 10 TO RS 2,False,False,False,False,False,False,False,False,False,False,False,OTHER,,,,,,0,False,False
ALANKIT,Alankit Limited,EQ,1.0,Fv Splt Frm Rs 2 To Re 1,2016-12-15,2016-12-16,,,,,corporate_actions_20161201_20161231.json,NSE corporate actions API,FV SPLT FRM RS 2 TO RE 1,False,False,False,False,False,False,False,False,False,False,False,OTHER,,,,,,0,False,False
INFINITE,Infinite Computer Solutions (India) Limited,EQ,10.0,Buy Back,2016-12-22,2016-12-23,,,,,corporate_actions_20161201_20161231.json,NSE corporate actions API,BUY BACK,False,False,False,False,False,False,False,False,False,False,False,OTHER,,,,,,0,False,False
GULPOLY,Gulshan Polyols Limited,EQ,1.0,Fv Splt Frm Rs 5 To Re 1,2016-12-27,2016-12-28,,,,,corporate_actions_20161201_20161231.json,NSE corporate actions API,FV SPLT FRM RS 5 TO RE 1,False,False,False,False,False,False,False,False,False,False,False,OTHER,,,,,,0,False,False
KPRMILL,K.P.R. Mill Limited,EQ,1.0,Buy Back,2016-12-29,2016-12-31,,,,,corporate_actions_20161201_20161231.json,NSE corporate actions API,BUY BACK,False,False,False,False,False,False,False,False,False,False,False,OTHER,,,,,,0,False,False
JHS,JHS Svendgaard Laboratories Limited,EQ,10.0,Extra Ordinary General Meeting,2017-01-02,,2017-01-04,2017-01-10,,,corporate_actions_20170101_20170131.json,NSE corporate actions API,EXTRA ORDINARY GENERAL MEETING,False,False,False,False,False,False,False,False,False,False,False,OTHER,,,,,,0,False,False
JSWSTEEL,JSW Steel Limited,EQ,1.0,Fv Splt Frm Rs 10 To Re 1,2017-01-04,2017-01-05,,,,,corporate_actions_20170101_20170131.json,NSE corporate actions API,FV SPLT FRM RS 10 TO RE 1,False,False,False,False,False,False,False,False,False,False,False,OTHER,,,,,,0,False,False
STERTOOLS,Sterling Tools Limited,EQ,2.0,Fv Splt Frm Rs 10 To Rs 2,2017-01-09,2017-01-10,,,,,corporate_actions_20170101_20170131.json,NSE corporate actions API,FV SPLT FRM RS 10 TO RS 2,False,False,False,False,False,False,False,False,False,False,False,OTHER,,,,,,0,False,False
BALRAMCHIN,Balrampur Chini Mills Limited,EQ,1.0,Buy Back,2017-01-12,2017-01-13,,,,,corporate_actions_20170101_20170131.json,NSE corporate actions API,BUY BACK,False,False,False,False,False,False,False,False,False,False,False,OTHER,,,,,,0,False,False
DHANUKA,Dhanuka Agritech Limited,EQ,2.0,Buy Back,2017-01-12,2017-01-13,,,,,corporate_actions_20170101_20170131.json,NSE corporate actions API,BUY BACK,False,False,False,False,False,False,False,False,False,False,False,OTHER,,,,,,0,False,False
ADVANIHOTR,Advani Hotels & Resorts (India) Limited,EQ,2.0,Int Div Re 0.40 Per Share,2017-02-07,2017-02-08,,,,,corporate_actions_20170201_20170228.json,NSE corporate actions API,INT DIV RE 0.40 PER SHARE,False,False,False,False,False,False,False,False,False,False,False,OTHER,,,,,,0,False,False
LTFOODS,LT Foods Limited,EQ,1.0,Fv Splt Frm Rs 10 To Re 1,2017-02-07,2017-02-08,,,,,corporate_actions_20170201_20170228.json,NSE corporate actions API,FV SPLT FRM RS 10 TO RE 1,False,False,False,False,False,False,False,False,False,False,False,OTHER,,,,,,0,False,False
GAEL,Gujarat Ambuja Exports Limited,EQ,1.0,Buy Back,2017-02-09,2017-02-10,,,,,corporate_actions_20170201_20170228.json,NSE corporate actions API,BUY BACK,False,False,False,False,False,False,False,False,False,False,False,OTHER,,,,,,0,False,False
NLCINDIA,NLC India Limited,EQ,10.0,Buy Back,2017-02-09,2017-02-10,,,,,corporate_actions_20170201_20170228.json,NSE corporate actions API,BUY BACK,False,False,False,False,False,False,False,False,False,False,False,OTHER,,,,,,0,False,False
WELENT,Welspun Enterprises Limited,EQ,10.0,Buy Back,2017-02-13,2017-02-14,,,,,corporate_actions_20170201_20170228.json,NSE corporate actions API,BUY BACK,False,False,False,False,False,False,False,False,False,False,False,OTHER,,,,,,0,False,False
JAGRAN,Jagran Prakashan Limited,EQ,2.0,Buy Back,2017-02-22,2017-02-24,,,,,corporate_actions_20170201_20170228.json,NSE corporate actions API,BUY BACK,False,False,False,False,False,False,False,False,False,False,False,OTHER,,,,,,0,False,False
PRAENG,Prajay Engineers Syndicate Limited,EQ,10.0,Extra-Ordinary General Meeting,2017-02-28,,2017-03-02,2017-03-08,,,corporate_actions_20170201_20170228.json,NSE corporate actions API,EXTRA-ORDINARY GENERAL MEETING,False,False,False,False,False,False,False,False,False,False,False,OTHER,,,,,,0,False,False
IDFCFIRSTB,IDFC First Bank Limited,HC,5000.0,Buy Back,2017-03-02,2017-03-03,,,,,corporate_actions_20170301_20170331.json,NSE corporate actions API,BUY BACK,False,False,False,False,False,False,False,False,False,False,False,OTHER,,,,,,0,False,False
TECHNO,Techno Electric & Engineering Company Limited,EQ,2.0,Buy Back,2017-03-02,2017-03-03,,,,,corporate_actions_20170301_20170331.json,NSE corporate actions API,BUY BACK,False,False,False,False,False,False,False,False,False,False,False,OTHER,,,,,,0,False,False
IDFCFIRSTB,IDFC First Bank Limited,HE,5000.0,Buy Back,2017-03-09,2017-03-10,,,,,corporate_actions_20170301_20170331.json,NSE corporate actions API,BUY BACK,False,False,False,False,False,False,False,False,False,False,False,OTHER,,,,,,0,False,False
UNITEDTEA,The United Nilgiri Tea Estates Company Limited,EQ,10.0,Int Div Re 1/- Per Share (Purpose Revised),2017-03-30,2017-03-31,,,,,corporate_actions_20170301_20170331.json,NSE corporate actions API,INT DIV RE 1/- PER SHARE (PURPOSE REVISED),False,False,False,False,False,False,False,False,False,False,False,OTHER,,,,,,0,False,False
SKFINDIA,SKF India Limited,EQ,10.0,Buy Back,2017-04-06,2017-04-07,,,,,corporate_actions_20170401_20170430.json,NSE corporate actions API,BUY BACK,False,False,False,False,False,False,False,False,False,False,False,OTHER,,,,,,0,False,False
JSWHL,JSW Holdings Limited,EQ,10.0,Annual Book Closure,2017-05-25,,2017-05-29,2017-05-31,,,corporate_actions_20170501_20170531.json,NSE corporate actions API,ANNUAL BOOK CLOSURE,False,False,False,False,False,False,False,False,False,False,False,OTHER,,,,,,0,False,False
VETO,Veto Switchgears And Cables Limited,EQ,10.0,Extra-Ordinary General Meeting,2017-05-25,,2017-05-29,2017-05-31,,,corporate_actions_20170501_20170531.json,NSE corporate actions API,EXTRA-ORDINARY GENERAL MEETING,False,False,False,False,False,False,False,False,False,False,False,OTHER,,,,,,0,False,False
MSPL,MSP Steel & Power Limited,EQ,10.0,Extra Ordinary General Meeting,2017-07-05,,2017-07-07,2017-07-12,,,corporate_actions_20170701_20170731.json,NSE corporate actions API,EXTRA ORDINARY GENERAL MEETING,False,False,False,False,False,False,False,False,False,False,False,OTHER,,,,,,0,False,False
THERMAX,Thermax Limited,EQ,2.0,Annual General Meeing/Ividend - Rs 6 Per Share,2017-07-27,,2017-07-29,2017-08-08,,,corporate_actions_20170701_20170731.json,NSE corporate actions API,ANNUAL GENERAL MEEING/IVIDEND - RS 6 PER SHARE,False,False,False,False,False,False,False,False,False,False,False,OTHER,,,,,,0,False,False
CENTEXT,Century Extrusions Limited,EQ,1.0,Annaul General Meeting (Book Closure Dates Revised),2017-08-03,,2017-08-06,2017-08-12,,,corporate_actions_20170801_20170831.json,NSE corporate actions API,ANNAUL GENERAL MEETING (BOOK CLOSURE DATES REVISED),False,False,False,False,False,False,False,False,False,False,False,OTHER,,,,,,0,False,False
INDIGRID,IndiGrid Infrastructure Trust,IV,100.0,First Distribution - Re 0.92 Per Unit,2017-08-03,2017-08-04,,,,,corporate_actions_20170801_20170831.json,NSE corporate actions API,FIRST DISTRIBUTION - RE 0.92 PER UNIT,False,False,False,False,False,False,False,False,False,False,False,OTHER,,,,,,0,False,False
BAYERCROP,Bayer Cropscience Limited,EQ,10.0,Buy Back,2017-08-07,2017-08-08,,,,,corporate_actions_20170801_20170831.json,NSE corporate actions API,BUY BACK,False,False,False,False,False,False,False,False,False,False,False,OTHER,,,,,,0,False,False
LIBERTSHOE,Liberty Shoes Limited,EQ,10.0,Anuual General Meeting,2017-08-14,,2017-08-18,2017-08-24,,,corporate_actions_20170801_20170831.json,NSE corporate actions API,ANUUAL GENERAL MEETING,False,False,False,False,False,False,False,False,False,False,False,OTHER,,,,,,0,False,False
BBOX,Black Box Limited,EQ,2.0,Annual General Meteing,2017-09-14,,2017-09-16,2017-09-22,,,corporate_actions_20170901_20170930.json,NSE corporate actions API,ANNUAL GENERAL METEING,False,False,False,False,False,False,False,False,False,False,False,OTHER,,,,,,0,False,False
HFCL,HFCL Limited,EQ,1.0,Annual General Meetin,2017-09-15,,2017-09-19,2017-09-23,,,corporate_actions_20170901_20170930.json,NSE corporate actions API,ANNUAL GENERAL MEETIN,False,False,False,False,False,False,False,False,False,False,False,OTHER,,,,,,0,False,False
PALREDTEC,Palred Technologies Limited,EQ,10.0,Annual General Meting,2017-09-20,,2017-09-22,2017-09-28,,,corporate_actions_20170901_20170930.json,NSE corporate actions API,ANNUAL GENERAL METING,False,False,False,False,False,False,False,False,False,False,False,OTHER,,,,,,0,False,False
INDIGRID,IndiGrid Infrastructure Trust,IV,100.0,Second Distribution - Rs 2.75 Per Unit,2017-11-06,2017-11-07,,,,,corporate_actions_20171101_20171130.json,NSE corporate actions API,SECOND DISTRIBUTION - RS 2.75 PER UNIT,False,False,False,False,False,False,False,False,False,False,False,OTHER,,,,,,0,False,False
SUPERSPIN,Super Spinning Mills Limited,EQ,1.0,Annual General Meeing,2017-11-23,,2017-11-25,2017-12-01,,,corporate_actions_20171101_20171130.json,NSE corporate actions API,ANNUAL GENERAL MEEING,False,False,False,False,False,False,False,False,False,False,False,OTHER,,,,,,0,False,False
COLPAL,Colgate Palmolive (India) Limited,EQ,1.0,Int Div - Rs 4/- Per Share (Purpose Revised),2017-12-18,2017-12-19,,,,,corporate_actions_20171201_20171231.json,NSE corporate actions API,INT DIV - RS 4/- PER SHARE (PURPOSE REVISED),False,False,False,False,False,False,False,False,False,False,False,OTHER,,,,,,0,False,False
LCCINFOTEC,LCC Infotech Limited,EQ,2.0,Annualgeneral Meeting,2017-12-20,,2017-12-22,2017-12-29,,,corporate_actions_20171201_20171231.json,NSE corporate actions API,ANNUALGENERAL MEETING,False,False,False,False,False,False,False,False,False,False,False,OTHER,,,,,,0,False,False
INDIGRID,IndiGrid Infrastructure Trust,IV,100.0,Third Distribution- Rs 2.89 Per Unit,2018-01-22,2018-01-23,,,,,corporate_actions_20180101_20180131.json,NSE corporate actions API,THIRD DISTRIBUTION- RS 2.89 PER UNIT,False,False,False,False,False,False,False,False,False,False,False,OTHER,,,,,,0,False,False
NITCO,Nitco Limited,EQ,10.0,Extra-Ordinary General Meeting,2018-02-12,,2018-02-15,2018-02-22,,,corporate_actions_20180201_20180228.json,NSE corporate actions API,EXTRA-ORDINARY GENERAL MEETING,False,False,False,False,False,False,False,False,False,False,False,OTHER,,,,,,0,False,False
TECILCHEM,TECIL Chemicals and Hydro Power Limited,EQ,10.0,Extra-Ordinary General Meeting,2018-02-15,,2018-02-19,2018-02-23,,,corporate_actions_20180201_20180228.json,NSE corporate actions API,EXTRA-ORDINARY GENERAL MEETING,False,False,False,False,False,False,False,False,False,False,False,OTHER,,,,,,0,False,False
TIJARIA,Tijaria Polypipes Limited,EQ,10.0,Extra-Oirdinary General Meeting,2018-02-15,,2018-02-17,2018-02-23,,,corporate_actions_20180201_20180228.json,NSE corporate actions API,EXTRA-OIRDINARY GENERAL MEETING,False,False,False,False,False,False,False,False,False,False,False,OTHER,,,,,,0,False,False
AUTORIDFIN,Autoriders Finance Limited,EQ,10.0,Extra-Ordinary General Meeting,2018-04-23,,2018-04-25,2018-05-02,,,corporate_actions_20180401_20180430.json,NSE corporate actions API,EXTRA-ORDINARY GENERAL MEETING,False,False,False,False,False,False,False,False,False,False,False,OTHER,,,,,,0,False,False
INDIGRID,IndiGrid Infrastructure Trust,IV,100.0,Fourth Distribution - Rs 3/- Per Unit,2018-04-27,2018-05-02,,,,,corporate_actions_20180401_20180430.json,NSE corporate actions API,FOURTH DISTRIBUTION - RS 3/- PER UNIT,False,False,False,False,False,False,False,False,False,False,False,OTHER,,,,,,0,False,False
MVL,MVL Limited,EQ,1.0,Extra-Ordinary General Meeting,2018-05-09,,2018-05-11,2018-05-16,,,corporate_actions_20180501_20180531.json,NSE corporate actions API,EXTRA-ORDINARY GENERAL MEETING,False,False,False,False,False,False,False,False,False,False,False,OTHER,,,,,,0,False,False
NOESISIND,Noesis Industries Limited,EQ,10.0,Extra-Ordinary General Meeting,2018-05-09,,2018-05-11,2018-05-16,,,corporate_actions_20180501_20180531.json,NSE corporate actions API,EXTRA-ORDINARY GENERAL MEETING,False,False,False,False,False,False,False,False,False,False,False,OTHER,,,,,,0,False,False
ACE,Action Construction Equipment Limited,EQ,2.0,Meeting Of Equity Shareholders,2018-06-14,,2018-06-16,2018-06-23,,,corporate_actions_20180601_20180630.json,NSE corporate actions API,MEETING OF EQUITY SHAREHOLDERS,False,False,False,False,False,False,False,False,False,False,False,OTHER,,,,,,0,False,False
INDIGRID,IndiGrid Infrastructure Trust,IV,100.0,Distribution Rs 3 Per Unit For The First Quarter Of Fy 2018-19(Purpose Revised),2018-08-01,2018-08-02,,,,,corporate_actions_20180801_20180831.json,NSE corporate actions API,DISTRIBUTION RS 3 PER UNIT FOR THE FIRST QUARTER OF FY 2018-19(PURPOSE REVISED),False,False,False,False,False,False,False,False,False,False,False,OTHER,,,,,,0,False,False
HCLTECH,HCL Technologies Limited,EQ,2.0,Int Div- 2 Per Share (Purpose Revised),2018-08-02,,2018-08-06,2018-08-06,,,corporate_actions_20180801_20180831.json,NSE corporate actions API,INT DIV- 2 PER SHARE (PURPOSE REVISED),False,False,False,False,False,False,False,False,False,False,False,OTHER,,,,,,0,False,False
TCS,Tata Consultancy Services Limited,EQ,1.0,Int Div Rs 4 Per Sh,2018-10-23,2018-10-24,,,,,corporate_actions_20181001_20181031.json,NSE corporate actions API,INT DIV RS 4 PER SH,False,False,False,False,False,False,False,False,False,False,False,OTHER,,,,,,0,False,False
MINDTREE,MindTree Limited,EQ,10.0,Interim Div - Rs 3 Per Share,2018-10-25,2018-10-26,,,,,corporate_actions_20181001_20181031.json,NSE corporate actions API,INTERIM DIV - RS 3 PER SHARE,False,False,False,False,False,False,False,False,False,False,False,OTHER,,,,,,0,False,False
NATIONALUM,National Aluminium Company Limited,EQ,5.0,Buy Back,2018-10-25,2018-10-26,,,,,corporate_actions_20181001_20181031.json,NSE corporate actions API,BUY BACK,False,False,False,False,False,False,False,False,False,False,False,OTHER,,,,,,0,False,False
COCHINSHIP,Cochin Shipyard Limited,EQ,5.0,Buy Back,2018-10-30,2018-10-31,,,,,corporate_actions_20181001_20181031.json,NSE corporate actions API,BUY BACK,False,False,False,False,False,False,False,False,False,False,False,OTHER,,,,,,0,False,False
CYIENT,Cyient Limited,EQ,5.0,Int Div -Rs 6 Per Sh,2018-10-30,2018-10-31,,,,,corporate_actions_20181001_20181031.json,NSE corporate actions API,INT DIV -RS 6 PER SH,False,False,False,False,False,False,False,False,False,False,False,OTHER,,,,,,0,False,False
IRBINVIT,IRB InvIT Fund,IV,102.0,Distribution,2018-10-30,2018-10-31,,,,,corporate_actions_20181001_20181031.json,NSE corporate actions API,DISTRIBUTION,False,False,False,False,False,False,False,False,False,False,False,OTHER,,,,,,0,False,False
DEN,Den Networks Limited,EQ,10.0,Extra Ordinary General Meeting,2018-11-05,,2018-11-09,2018-11-13,,,corporate_actions_20181101_20181130.json,NSE corporate actions API,EXTRA ORDINARY GENERAL MEETING,False,False,False,False,False,False,False,False,False,False,False,OTHER,,,,,,0,False,False
HILTON,Hilton Metal Forging Limited,EQ,10.0,Extra Ordinary General Meeting,2018-11-05,,2018-11-09,2018-11-16,,,corporate_actions_20181101_20181130.json,NSE corporate actions API,EXTRA ORDINARY GENERAL MEETING,False,False,False,False,False,False,False,False,False,False,False,OTHER,,,,,,0,False,False
SADBHIN,Sadbhav Infrastructure Project Limited,EQ,10.0,Interim Div - Re 0.20 Per Share,2018-11-26,2018-11-27,,,,,corporate_actions_20181101_20181130.json,NSE corporate actions API,INTERIM DIV - RE 0.20 PER SHARE,False,False,False,False,False,False,False,False,False,False,False,OTHER,,,,,,0,False,False
OIL,Oil India Limited,EQ,10.0,Buy Back,2018-11-30,2018-12-03,,,,,corporate_actions_20181101_20181130.json,NSE corporate actions API,BUY BACK,False,False,False,False,False,False,False,False,False,False,False,OTHER,,,,,,0,False,False
TRITURBINE,Triveni Turbine Limited,EQ,1.0,Buy Back,2018-12-27,2018-12-28,,,,,corporate_actions_20181201_20181231.json,NSE corporate actions API,BUY BACK,False,False,False,False,False,False,False,False,False,False,False,OTHER,,,,,,0,False,False
SHREERAMA,Shree Rama Multi-Tech Limited,EQ,5.0,Extra Ordinary General Meeting,2018-12-31,,2019-01-02,2019-01-09,,,corporate_actions_20181201_20181231.json,NSE corporate actions API,EXTRA ORDINARY GENERAL MEETING,False,False,False,False,False,False,False,False,False,False,False,OTHER,,,,,,0,False,False
DHANUKA,Dhanuka Agritech Limited,EQ,2.0,Buy Back,2019-01-01,2019-01-02,,,,,corporate_actions_20190101_20190131.json,NSE corporate actions API,BUY BACK,False,False,False,False,False,False,False,False,False,False,False,OTHER,,,,,,0,False,False
JWL,Jupiter Wagons Limited,EQ,10.0,Extra Ordinary General Meeting,2019-01-01,,2019-01-03,2019-01-07,,,corporate_actions_20190101_20190131.json,NSE corporate actions API,EXTRA ORDINARY GENERAL MEETING,False,False,False,False,False,False,False,False,False,False,False,OTHER,,,,,,0,False,False
TECHNOE,Techno Electric & Engineering Company Limited,EQ,2.0,Buy Back,2019-01-02,2019-01-03,,,,,corporate_actions_20190101_20190131.json,NSE corporate actions API,BUY BACK,False,False,False,False,False,False,False,False,False,False,False,OTHER,,,,,,0,False,False
ONGC,Oil & Natural Gas Corporation Limited,EQ,5.0,Buy Back,2019-01-03,2019-01-04,,,,,corporate_actions_20190101_20190131.json,NSE corporate actions API,BUY BACK,False,False,False,False,False,False,False,False,False,False,False,OTHER,,,,,,0,False,False
TATAINVEST,Tata Investment Corporation Limited,EQ,1.0,Buy Back,2019-01-10,2019-01-11,,,,,corporate_actions_20190101_20190131.json,NSE corporate actions API,BUY BACK,False,False,False,False,False,False,False,False,False,False,False,OTHER,,,,,,0,False,False
NMDC,NMDC Limited,EQ,1.0,Buy Back,2019-01-17,2019-01-18,,,,,corporate_actions_20190101_20190131.json,NSE corporate actions API,BUY BACK,False,False,False,False,False,False,False,False,False,False,False,OTHER,,,,,,0,False,False
RSYSTEMS,R Systems International Limited,EQ,1.0,Buy Back,2019-01-31,2019-02-01,,,,,corporate_actions_20190101_20190131.json,NSE corporate actions API,BUY BACK,False,False,False,False,False,False,False,False,False,False,False,OTHER,,,,,,0,False,False
HEG,HEG Limited,EQ,2.0,Buy Back,2019-02-07,2019-02-09,,,,,corporate_actions_20190201_20190228.json,NSE corporate actions API,BUY BACK,False,False,False,False,False,False,False,False,False,False,False,OTHER,,,,,,0,False,False
SHANTIGEAR,Shanthi Gears Limited,EQ,1.0,Buy Back,2019-02-07,2019-02-08,,,,,corporate_actions_20190201_20190228.json,NSE corporate actions API,BUY BACK,False,False,False,False,False,False,False,False,False,False,False,OTHER,,,,,,0,False,False
AJANTPHARM,Ajanta Pharma Limited,EQ,2.0,Buy Back,2019-02-11,2019-02-12,,,,,corporate_actions_20190201_20190228.json,NSE corporate actions API,BUY BACK,False,False,False,False,False,False,False,False,False,False,False,OTHER,,,,,,0,False,False
COALINDIA,Coal India Limited,EQ,10.0,Buy Back,2019-02-14,2019-02-15,,,,,corporate_actions_20190201_20190228.json,NSE corporate actions API,BUY BACK,False,False,False,False,False,False,False,False,False,False,False,OTHER,,,,,,0,False,False
IEX,Indian Energy Exchange Limited,EQ,1.0,Buy Back,2019-02-14,2019-02-15,,,,,corporate_actions_20190201_20190228.json,NSE corporate actions API,BUY BACK,False,False,False,False,False,False,False,False,False,False,False,OTHER,,,,,,0,False,False
SANWARIA,Sanwaria Consumer Limited,EQ,1.0,Extra Ordinary General Meeting,2019-02-14,,2019-02-18,2019-02-21,,,corporate_actions_20190201_20190228.json,NSE corporate actions API,EXTRA ORDINARY GENERAL MEETING,False,False,False,False,False,False,False,False,False,False,False,OTHER,,,,,,0,False,False
NHPC,NHPC Limited,EQ,10.0,Int Div - Rs 0.71 Per Sh,2019-02-18,2019-02-20,,,,,corporate_actions_20190201_20190228.json,NSE corporate actions API,INT DIV - RS 0.71 PER SH,False,False,False,False,False,False,False,False,False,False,False,OTHER,,,,,,0,False,False
COMPINFO,Compuage Infocom Limited,EQ,2.0,Extra Ordinary General Meeting,2019-02-21,2019-02-22,,,,,corporate_actions_20190201_20190228.json,NSE corporate actions API,EXTRA ORDINARY GENERAL MEETING,False,False,False,False,False,False,False,False,False,False,False,OTHER,,,,,,0,False,False
MONTECARLO,Monte Carlo Fashions Limited,EQ,10.0,Buy Back,2019-02-21,2019-02-22,,,,,corporate_actions_20190201_20190228.json,NSE corporate actions API,BUY BACK,False,False,False,False,False,False,False,False,False,False,False,OTHER,,,,,,0,False,False
MMFL,MM Forgings Limited,EQ,10.0,Interim Div - Rs 2.50 Per Share,2019-02-22,2019-02-25,,,,,corporate_actions_20190201_20190228.json,NSE corporate actions API,INTERIM DIV - RS 2.50 PER SHARE,False,False,False,False,False,False,False,False,False,False,False,OTHER,,,,,,0,False,False
JWL,Jupiter Wagons Limited,EQ,10.0,Extra Ordinary General Meeting,2019-02-28,,2019-03-04,2019-03-09,,,corporate_actions_20190201_20190228.json,NSE corporate actions API,EXTRA ORDINARY GENERAL MEETING,False,False,False,False,False,False,False,False,False,False,False,OTHER,,,,,,0,False,False
MSPL,MSP Steel & Power Limited,EQ,10.0,Extra Ordinary General Meeting,2019-03-01,,2019-03-06,2019-03-12,,,corporate_actions_20190301_20190331.json,NSE corporate actions API,EXTRA ORDINARY GENERAL MEETING,False,False,False,False,False,False,False,False,False,False,False,OTHER,,,,,,0,False,False
TECHM,Tech Mahindra Limited,EQ,5.0,Buy Back,2019-03-05,2019-03-06,,,,,corporate_actions_20190301_20190331.json,NSE corporate actions API,BUY BACK,False,False,False,False,False,False,False,False,False,False,False,OTHER,,,,,,0,False,False
TEXMOPIPES,Texmo Pipes and Products Limited,EQ,10.0,Extra Ordinary General Meeting,2019-03-07,,2019-03-09,2019-03-14,,,corporate_actions_20190301_20190331.json,NSE corporate actions API,EXTRA ORDINARY GENERAL MEETING,False,False,False,False,False,False,False,False,False,False,False,OTHER,,,,,,0,False,False
HINDNATGLS,Hindusthan National Glass & Industries Limited,EQ,2.0,Extra Ordinary General Meeting,2019-03-12,,2019-03-14,2019-03-20,,,corporate_actions_20190301_20190331.json,NSE corporate actions API,EXTRA ORDINARY GENERAL MEETING,False,False,False,False,False,False,False,False,False,False,False,OTHER,,,,,,0,False,False
SDBL,Som Distilleries & Breweries Limited,EQ,2.0,Extra Ordinary General Meeting,2019-03-14,,2019-03-18,2019-03-26,,,corporate_actions_20190301_20190331.json,NSE corporate actions API,EXTRA ORDINARY GENERAL MEETING,False,False,False,False,False,False,False,False,False,False,False,OTHER,,,,,,0,False,False
MADHAV,Madhav Marbles and Granites Limited,EQ,10.0,Extra Ordinary  General Meeting,2019-03-20,,2019-03-23,2019-03-29,,,corporate_actions_20190301_20190331.json,NSE corporate actions API,EXTRA ORDINARY GENERAL MEETING,False,False,False,False,False,False,False,False,False,False,False,OTHER,,,,,,0,False,False
EXPLEOSOL,Expleo Solutions Limited,EQ,10.0,Buy Back,2019-04-11,2019-04-12,,,,,corporate_actions_20190401_20190430.json,NSE corporate actions API,BUY BACK,False,False,False,False,False,False,False,False,False,False,False,OTHER,,,,,,0,False,False
BALRAMCHIN,Balrampur Chini Mills Limited,EQ,1.0,Buy Back,2019-04-16,2019-04-18,,,,,corporate_actions_20190401_20190430.json,NSE corporate actions API,BUY BACK,False,False,False,False,False,False,False,False,False,False,False,OTHER,,,,,,0,False,False
GNA,GNA Axles Limited,EQ,10.0,Extra Ordinary General Meeting,2019-04-16,2019-04-21,,,,,corporate_actions_20190401_20190430.json,NSE corporate actions API,EXTRA ORDINARY GENERAL MEETING,False,False,False,False,False,False,False,False,False,False,False,OTHER,,,,,,0,False,False
QUICKHEAL,Quick Heal Technologies Limited,EQ,10.0,Buy Back,2019-04-25,2019-04-26,,,,,corporate_actions_20190401_20190430.json,NSE corporate actions API,BUY BACK,False,False,False,False,False,False,False,False,False,False,False,OTHER,,,,,,0,False,False
ECLERX,eClerx Services Limited,EQ,10.0,Buy Back,2019-05-09,2019-05-10,,,,,corporate_actions_20190501_20190531.json,NSE corporate actions API,BUY BACK,False,False,False,False,False,False,False,False,False,False,False,OTHER,,,,,,0,False,False
MADHAV,Madhav Marbles and Granites Limited,EQ,10.0,Extra Ordinary General Meeting,2019-05-22,,2019-05-24,2019-05-31,,,corporate_actions_20190501_20190531.json,NSE corporate actions API,EXTRA ORDINARY GENERAL MEETING,False,False,False,False,False,False,False,False,False,False,False,OTHER,,,,,,0,False,False
ORISSAMINE,The Orissa Minerals Development Company Limited,EQ,1.0,Extra Ordinary General Meeting,2019-07-03,,2019-07-05,2019-07-12,,,corporate_actions_20190701_20190731.json,NSE corporate actions API,EXTRA ORDINARY GENERAL MEETING,False,False,False,False,False,False,False,False,False,False,False,OTHER,,,,,,0,False,False
EMBASSY,Embassy Office Parks REIT,RR,300.0,Distribution,2019-08-20,2019-08-21,,,,,corporate_actions_20190801_20190831.json,NSE corporate actions API,DISTRIBUTION,False,False,False,False,False,False,False,False,False,False,False,OTHER,,,,,,0,False,False
OSEINTRUST,Oriental InfraTrust,IV,100.0,Distribution - Rs 3.51 Per Unit,2019-10-25,2019-10-29,,,,,corporate_actions_20191001_20191031.json,NSE corporate actions API,DISTRIBUTION - RS 3.51 PER UNIT,False,False,False,False,False,False,False,False,False,False,False,OTHER,,,,,,0,False,False
INTERISE,Interise Trust,IV,100.0,Distribution,2019-11-07,2019-11-08,,,,,corporate_actions_20191101_20191130.json,NSE corporate actions API,DISTRIBUTION,False,False,False,False,False,False,False,False,False,False,False,OTHER,,,,,,0,False,False
EMBASSY,Embassy Office Parks REIT,RR,300.0,Distribution,2019-11-18,2019-11-19,,,,,corporate_actions_20191101_20191130.json,NSE corporate actions API,DISTRIBUTION,False,False,False,False,False,False,False,False,False,False,False,OTHER,,,,,,0,False,False
TEXMOPIPES,Texmo Pipes and Products Limited,EQ,10.0,Extra Ordinary General Meeting,2019-12-10,,2019-12-12,2019-12-19,,,corporate_actions_20191201_20191231.json,NSE corporate actions API,EXTRA ORDINARY GENERAL MEETING,False,False,False,False,False,False,False,False,False,False,False,OTHER,,,,,,0,False,False
DHANI,Dhani Services Limited,EQ,2.0,Buy Back,2019-12-18,2019-12-19,,,,,corporate_actions_20191201_20191231.json,NSE corporate actions API,BUY BACK,False,False,False,False,False,False,False,False,False,False,False,OTHER,,,,,,0,False,False
HEXATRADEX,Hexa Tradex Limited,EQ,2.0,Extra Ordinary General Meeting,2019-12-19,,2019-12-21,2019-12-26,,,corporate_actions_20191201_20191231.json,NSE corporate actions API,EXTRA ORDINARY GENERAL MEETING,False,False,False,False,False,False,False,False,False,False,False,OTHER,,,,,,0,False,False
ASTERDM,Aster DM Quality Care Limited,EQ,10.0,Buy Back,2020-01-23,2020-01-24,,,,,corporate_actions_20200101_20200131.json,NSE corporate actions API,BUY BACK,False,False,False,False,False,False,False,False,False,False,False,OTHER,,,,,,0,False,False
INDIGRID,IndiGrid Infrastructure Trust,IV,100.0,Distribution,2020-01-27,2020-01-28,,,,,corporate_actions_20200101_20200131.json,NSE corporate actions API,DISTRIBUTION,False,False,False,False,False,False,False,False,False,False,False,OTHER,,,,,,0,False,False
TI,Tilaknagar Industries Limited,EQ,10.0,Extra Ordinary General Meeting,2020-02-13,2020-02-15,,,,,corporate_actions_20200201_20200229.json,NSE corporate actions API,EXTRA ORDINARY GENERAL MEETING,False,False,False,False,False,False,False,False,False,False,False,OTHER,,,,,,0,False,False
OSEINTRUST,Oriental InfraTrust,IV,100.0,Distribution - Rs 0.51 Per Unit,2020-02-17,2020-02-19,,,,,corporate_actions_20200201_20200229.json,NSE corporate actions API,DISTRIBUTION - RS 0.51 PER UNIT,False,False,False,False,False,False,False,False,False,False,False,OTHER,,,,,,0,False,False
EMBASSY,Embassy Office Parks REIT,RR,300.0,Distribution - Rs 6.10 Per Unit,2020-02-20,2020-02-24,,,,,corporate_actions_20200201_20200229.json,NSE corporate actions API,DISTRIBUTION - RS 6.10 PER UNIT,False,False,False,False,False,False,False,False,False,False,False,OTHER,,,,,,0,False,False
SHREEPUSHK,Shree Pushkar Chemicals & Fertilisers Limited,EQ,10.0,Int Div-Rs 0.5 Per Sh,2020-02-27,2020-02-28,,,,,corporate_actions_20200201_20200229.json,NSE corporate actions API,INT DIV-RS 0.5 PER SH,False,False,False,False,False,False,False,False,False,False,False,OTHER,,,,,,0,False,False
THOMASCOOK,Thomas Cook  (India)  Limited,EQ,1.0,Buy Back,2020-03-05,2020-03-07,,,,,corporate_actions_20200301_20200331.json,NSE corporate actions API,BUY BACK,False,False,False,False,False,False,False,False,False,False,False,OTHER,,,,,,0,False,False
COFORGE,Coforge Limited,EQ,2.0,Buy Back,2020-03-11,2020-03-12,,,,,corporate_actions_20200301_20200331.json,NSE corporate actions API,BUY BACK,False,False,False,False,False,False,False,False,False,False,False,OTHER,,,,,,0,False,False
BURNPUR,Burnpur Cement Limited,EQ,10.0,Extra Ordinary  General Meeting,2020-03-18,2020-03-19,,,,,corporate_actions_20200301_20200331.json,NSE corporate actions API,EXTRA ORDINARY GENERAL MEETING,False,False,False,False,False,False,False,False,False,False,False,OTHER,,,,,,0,False,False
CORALFINAC,Coral India Finance & Housing Limited,EQ,2.0,Buy Back,2020-04-16,2020-04-17,,,,,corporate_actions_20200401_20200430.json,NSE corporate actions API,BUY BACK,False,False,False,False,False,False,False,False,False,False,False,OTHER,,,,,,0,False,False
EMBASSY,Embassy Office Parks REIT,RR,300.0,Distribution - Rs 6.89 Per Unit,2020-05-27,2020-05-28,,,,,corporate_actions_20200501_20200531.json,NSE corporate actions API,DISTRIBUTION - RS 6.89 PER UNIT,False,False,False,False,False,False,False,False,False,False,False,OTHER,,,,,,0,False,False
INDIGRID,IndiGrid Infrastructure Trust,IV,100.0,Distribution - Rs 3 Per Unit,2020-06-01,2020-06-02,,,,,corporate_actions_20200601_20200630.json,NSE corporate actions API,DISTRIBUTION - RS 3 PER UNIT,False,False,False,False,False,False,False,False,False,False,False,OTHER,,,,,,0,False,False
IRBINVIT,IRB InvIT Fund,IV,102.0,Distribution - Rs 1.80 Per Unit,2020-06-10,2020-06-11,,,,,corporate_actions_20200601_20200630.json,NSE corporate actions API,DISTRIBUTION - RS 1.80 PER UNIT,False,False,False,False,False,False,False,False,False,False,False,OTHER,,,,,,0,False,False
GRINDWELL,Grindwell Norton Limited,EQ,5.0,Annual General Meetingdividend - Rs 7.50 Per Share,2020-07-16,,2020-07-18,2020-07-24,,,corporate_actions_20200701_20200731.json,NSE corporate actions API,ANNUAL GENERAL MEETINGDIVIDEND - RS 7.50 PER SHARE,False,False,False,False,False,False,False,False,False,False,False,OTHER,,,,,,0,False,False
INDIGRID,IndiGrid Infrastructure Trust,IV,100.0,Distribution - Rs 3 Per Unit,2020-08-11,2020-08-12,,,,,corporate_actions_20200801_20200831.json,NSE corporate actions API,DISTRIBUTION - RS 3 PER UNIT,False,False,False,False,False,False,False,False,False,False,False,OTHER,,,,,,0,False,False
BIRLACORPN,Birla Corporation Limited,EQ,10.0,Annual General Meetingdividend - Rs 7.5 Per Sh,2020-08-17,,2020-08-19,2020-08-25,,,corporate_actions_20200801_20200831.json,NSE corporate actions API,ANNUAL GENERAL MEETINGDIVIDEND - RS 7.5 PER SH,False,False,False,False,False,False,False,False,False,False,False,OTHER,,,,,,0,False,False
OSEINTRUST,Oriental InfraTrust,IV,100.0,Distribution - Rs 1.21 Per Unit,2020-08-18,2020-08-19,,,,,corporate_actions_20200801_20200831.json,NSE corporate actions API,DISTRIBUTION - RS 1.21 PER UNIT,False,False,False,False,False,False,False,False,False,False,False,OTHER,,,,,,0,False,False
IRBINVIT,IRB InvIT Fund,IV,102.0,Distribution - Rs 1.50 Per Unit,2020-08-24,2020-08-25,,,,,corporate_actions_20200801_20200831.json,NSE corporate actions API,DISTRIBUTION - RS 1.50 PER UNIT,False,False,False,False,False,False,False,False,False,False,False,OTHER,,,,,,0,False,False
SGFL,Shree Ganesh Forgings Limited,EQ,10.0,Extra Ordinary General Meeting,2020-09-16,,2020-09-18,2020-09-22,,,corporate_actions_20200901_20200930.json,NSE corporate actions API,EXTRA ORDINARY GENERAL MEETING,False,False,False,False,False,False,False,False,False,False,False,OTHER,,,,,,0,False,False
NESTLEIND,Nestle India Limited,EQ,1.0,Interim Dividned - Rs 135 Per Share,2020-10-29,2020-11-02,,,,,corporate_actions_20201001_20201031.json,NSE corporate actions API,INTERIM DIVIDNED - RS 135 PER SHARE,False,False,False,False,False,False,False,False,False,False,False,OTHER,,,,,,0,False,False
IRBINVIT,IRB InvIT Fund,IV,102.0,Distribution - Rs 2 Per Unit,2020-11-03,2020-11-04,,,,,corporate_actions_20201101_20201130.json,NSE corporate actions API,DISTRIBUTION - RS 2 PER UNIT,False,False,False,False,False,False,False,False,False,False,False,OTHER,,,,,,0,False,False
INDIGRID,IndiGrid Infrastructure Trust,IV,100.0,Distribution - Rs 3.00 Per Unit,2020-11-09,2020-11-10,,,,,corporate_actions_20201101_20201130.json,NSE corporate actions API,DISTRIBUTION - RS 3.00 PER UNIT,False,False,False,False,False,False,False,False,False,False,False,OTHER,,,,,,0,False,False
NMDC,NMDC Limited,EQ,1.0,Buy Back,2020-11-20,2020-11-23,,,,,corporate_actions_20201101_20201130.json,NSE corporate actions API,BUY BACK,False,False,False,False,False,False,False,False,False,False,False,OTHER,,,,,,0,False,False
MAYURUNIQ,Mayur Uniquoters Ltd,EQ,5.0,Buy Back,2020-11-24,2020-11-25,,,,,corporate_actions_20201101_20201130.json,NSE corporate actions API,BUY BACK,False,False,False,False,False,False,False,False,False,False,False,OTHER,,,,,,0,False,False
KALYANI,Kalyani Commercials Limited,EQ,10.0,Extra Ordinary General Meeting,2020-11-25,,2020-11-27,2020-12-03,,,corporate_actions_20201101_20201130.json,NSE corporate actions API,EXTRA ORDINARY GENERAL MEETING,False,False,False,False,False,False,False,False,False,False,False,OTHER,,,,,,0,False,False
JMA,Jullundur Motor Agency (Delhi) Limited,EQ,2.0,Buy Back,2020-12-23,2020-12-24,,,,,corporate_actions_20201201_20201231.json,NSE corporate actions API,BUY BACK,False,False,False,False,False,False,False,False,False,False,False,OTHER,,,,,,0,False,False
GUJRAFFIA,Gujarat Raffia Industries Limited,EQ,10.0,Extra Ordinary General Meeting,2020-12-24,,2020-12-29,2021-01-04,,,corporate_actions_20201201_20201231.json,NSE corporate actions API,EXTRA ORDINARY GENERAL MEETING,False,False,False,False,False,False,False,False,False,False,False,OTHER,,,,,,0,False,False
STEELXIND,STEEL EXCHANGE INDIA LIMITED,EQ,1.0,Extra Ordinary General Meeting,2021-01-07,,2021-01-11,2021-01-18,,,corporate_actions_20210101_20210131.json,NSE corporate actions API,EXTRA ORDINARY GENERAL MEETING,False,False,False,False,False,False,False,False,False,False,False,OTHER,,,,,,0,False,False
IRBINVIT,IRB InvIT Fund,IV,102.0,Distribution - Rs 2.50 Per Unit,2021-01-20,2021-01-21,,,,,corporate_actions_20210101_20210131.json,NSE corporate actions API,DISTRIBUTION - RS 2.50 PER UNIT,False,False,False,False,False,False,False,False,False,False,False,OTHER,,,,,,0,False,False
INDIGRID,IndiGrid Infrastructure Trust,IV,100.0,Distribution - Rs 3.10 Per Unit,2021-01-27,2021-01-28,,,,,corporate_actions_20210101_20210131.json,NSE corporate actions API,DISTRIBUTION - RS 3.10 PER UNIT,False,False,False,False,False,False,False,False,False,False,False,OTHER,,,,,,0,False,False
SHREERAMA,Shree Rama Multi-Tech Limited,EQ,5.0,Extra Ordinary General Meeting,2021-01-28,,2021-01-30,2021-02-05,,,corporate_actions_20210101_20210131.json,NSE corporate actions API,EXTRA ORDINARY GENERAL MEETING,False,False,False,False,False,False,False,False,False,False,False,OTHER,,,,,,0,False,False
CHOLAFIN,Cholamandalam Investment and Finance Company Limited,EQ,2.0,Interimdividend - Rs 1.30  Per Share,2021-02-09,2021-02-10,,,,,corporate_actions_20210201_20210228.json,NSE corporate actions API,INTERIMDIVIDEND - RS 1.30 PER SHARE,False,False,False,False,False,False,False,False,False,False,False,OTHER,,,,,,0,False,False
DCW,DCW Limited,EQ,2.0,Extra Ordinary General Meeting,2021-02-10,,2021-02-12,2021-02-18,,,corporate_actions_20210201_20210228.json,NSE corporate actions API,EXTRA ORDINARY GENERAL MEETING,False,False,False,False,False,False,False,False,False,False,False,OTHER,,,,,,0,False,False
GEEKAYWIRE,Geekay Wires Limited,EQ,1.0,Extra Ordinary General Meeting,2021-02-12,,2021-02-16,2021-02-22,,,corporate_actions_20210201_20210228.json,NSE corporate actions API,EXTRA ORDINARY GENERAL MEETING,False,False,False,False,False,False,False,False,False,False,False,OTHER,,,,,,0,False,False
CAMS,Computer Age Management Services Limited,EQ,2.0,Interim Divdend - Rs 7.60 Per Share,2021-02-17,2021-02-19,,,,,corporate_actions_20210201_20210228.json,NSE corporate actions API,INTERIM DIVDEND - RS 7.60 PER SHARE,False,False,False,False,False,False,False,False,False,False,False,OTHER,,,,,,0,False,False
MINDSPACE,Mindspace Business Parks REIT,RR,275.0,Distribution - Rs 4.78 Per Unit,2021-02-17,2021-02-18,,,,,corporate_actions_20210201_20210228.json,NSE corporate actions API,DISTRIBUTION - RS 4.78 PER UNIT,False,False,False,False,False,False,False,False,False,False,False,OTHER,,,,,,0,False,False
PDSL,PDS Limited,EQ,2.0,Extra Ordinary General Meeting,2021-02-17,,2021-02-19,2021-02-25,,,corporate_actions_20210201_20210228.json,NSE corporate actions API,EXTRA ORDINARY GENERAL MEETING,False,False,False,False,False,False,False,False,False,False,False,OTHER,,,,,,0,False,False
SUPRAJIT,Suprajit Engineering Limited,EQ,1.0,Buy Back,2021-02-18,2021-02-22,,,,,corporate_actions_20210201_20210228.json,NSE corporate actions API,BUY BACK,False,False,False,False,False,False,False,False,False,False,False,OTHER,,,,,,0,False,False
OSEINTRUST,Oriental InfraTrust,IV,100.0,Distribution - Rs 1.59 Per Unit,2021-02-22,2021-02-23,,,,,corporate_actions_20210201_20210228.json,NSE corporate actions API,DISTRIBUTION - RS 1.59 PER UNIT,False,False,False,False,False,False,False,False,False,False,False,OTHER,,,,,,0,False,False
NIITLTD,NIIT Limited,EQ,2.0,Buy Back,2021-02-23,2021-02-24,,,,,corporate_actions_20210201_20210228.json,NSE corporate actions API,BUY BACK,False,False,False,False,False,False,False,False,False,False,False,OTHER,,,,,,0,False,False
SMARTLINK,Smartlink Holdings Limited,EQ,2.0,Buy Back,2021-02-26,2021-03-01,,,,,corporate_actions_20210201_20210228.json,NSE corporate actions API,BUY BACK,False,False,False,False,False,False,False,False,False,False,False,OTHER,,,,,,0,False,False
KMSUGAR,K.M.Sugar Mills Limited,EQ,2.0,Extra Ordinary General Meeting,2021-03-02,,2021-03-04,2021-03-10,,,corporate_actions_20210301_20210331.json,NSE corporate actions API,EXTRA ORDINARY GENERAL MEETING,False,False,False,False,False,False,False,False,False,False,False,OTHER,,,,,,0,False,False
BHARATRAS,Bharat Rasayan Limited,EQ,5.0,Buy Back,2021-03-04,2021-03-05,,,,,corporate_actions_20210301_20210331.json,NSE corporate actions API,BUY BACK,False,False,False,False,False,False,False,False,False,False,False,OTHER,,,,,,0,False,False
SOTL,Savita Oil Technologies Limited,EQ,2.0,Buy Back,2021-03-04,2021-03-05,,,,,corporate_actions_20210301_20210331.json,NSE corporate actions API,BUY BACK,False,False,False,False,False,False,False,False,False,False,False,OTHER,,,,,,0,False,False
WANBURY,Wanbury Limited,EQ,10.0,Extra Ordinary General Meeting,2021-03-10,2021-03-13,,,,,corporate_actions_20210301_20210331.json,NSE corporate actions API,EXTRA ORDINARY GENERAL MEETING,False,False,False,False,False,False,False,False,False,False,False,OTHER,,,,,,0,False,False
SOUTHBANK,The South Indian Bank Limited,EQ,1.0,Extra Ordinary General Meeting,2021-03-15,,2021-03-17,2021-03-23,,,corporate_actions_20210301_20210331.json,NSE corporate actions API,EXTRA ORDINARY GENERAL MEETING,False,False,False,False,False,False,False,False,False,False,False,OTHER,,,,,,0,False,False
SPMLINFRA,SPML Infra Limited,EQ,2.0,Extra Ordinary General Meeting,2021-03-16,,2021-03-18,2021-03-25,,,corporate_actions_20210301_20210331.json,NSE corporate actions API,EXTRA ORDINARY GENERAL MEETING,False,False,False,False,False,False,False,False,False,False,False,OTHER,,,,,,0,False,False
TECHIN,Techindia Nirman Limited,EQ,10.0,Extra Ordinary General Meeting,2021-03-18,,2021-03-22,2021-03-26,,,corporate_actions_20210301_20210331.json,NSE corporate actions API,EXTRA ORDINARY GENERAL MEETING,False,False,False,False,False,False,False,False,False,False,False,OTHER,,,,,,0,False,False
ADL,Archidply Decor Limited,EQ,10.0,Extra Ordinary General Meeting,2021-04-29,,2021-05-02,2021-05-08,,,corporate_actions_20210401_20210430.json,NSE corporate actions API,EXTRA ORDINARY GENERAL MEETING,False,False,False,False,False,False,False,False,False,False,False,OTHER,,,,,,0,False,False
ARCHIDPLY,Archidply Industries Limited,EQ,10.0,Extra Ordinary General Meeting,2021-04-29,,2021-05-02,2021-05-08,,,corporate_actions_20210401_20210430.json,NSE corporate actions API,EXTRA ORDINARY GENERAL MEETING,False,False,False,False,False,False,False,False,False,False,False,OTHER,,,,,,0,False,False
QUICKHEAL,Quick Heal Technologies Limited,EQ,10.0,Buy Back,2021-04-30,2021-05-03,,,,,corporate_actions_20210401_20210430.json,NSE corporate actions API,BUY BACK,False,False,False,False,False,False,False,False,False,False,False,OTHER,,,,,,0,False,False
INFOBEAN,InfoBeans Technologies Limited,EQ,10.0,Buy Back,2021-05-06,2021-05-07,,,,,corporate_actions_20210501_20210531.json,NSE corporate actions API,BUY BACK,False,False,False,False,False,False,False,False,False,False,False,OTHER,,,,,,0,False,False
WELSPUNLIV,Welspun Living Limited,EQ,1.0,Buy Back,2021-05-24,2021-05-26,,,,,corporate_actions_20210501_20210531.json,NSE corporate actions API,BUY BACK,False,False,False,False,False,False,False,False,False,False,False,OTHER,,,,,,0,False,False
ORCHPHARMA,Orchid Pharma Limited,EQ,10.0,Extra Ordinary General Meeting,2021-06-18,,2021-06-22,2021-06-29,,,corporate_actions_20210601_20210630.json,NSE corporate actions API,EXTRA ORDINARY GENERAL MEETING,False,False,False,False,False,False,False,False,False,False,False,OTHER,,,,,,0,False,False
MARKSANS,Marksans Pharma Limited,EQ,1.0,Extra-Ordinary General Meeting,2021-07-01,2021-07-02,,,,,corporate_actions_20210701_20210731.json,NSE corporate actions API,EXTRA-ORDINARY GENERAL MEETING,False,False,False,False,False,False,False,False,False,False,False,OTHER,,,,,,0,False,False
WENDT,Wendt (India) Limited,EQ,10.0,Annual General Meetingdividend - Rs 20 Per Share,2021-07-14,,2021-07-16,2021-07-23,,,corporate_actions_20210701_20210731.json,NSE corporate actions API,ANNUAL GENERAL MEETINGDIVIDEND - RS 20 PER SHARE,False,False,False,False,False,False,False,False,False,False,False,OTHER,,,,,,0,False,False
HERITGFOOD,Heritage Foods Limited,EQ,5.0,Annual General Meetingdividend - Rs 5 Per Share,2021-07-22,,2021-07-24,2021-07-30,,,corporate_actions_20210701_20210731.json,NSE corporate actions API,ANNUAL GENERAL MEETINGDIVIDEND - RS 5 PER SHARE,False,False,False,False,False,False,False,False,False,False,False,OTHER,,,,,,0,False,False
VAISHALI,Vaishali Pharma Limited,EQ,2.0,Extra Ordinary General Meeting,2021-07-28,,2021-07-30,2021-08-05,,,corporate_actions_20210701_20210731.json,NSE corporate actions API,EXTRA ORDINARY GENERAL MEETING,False,False,False,False,False,False,False,False,False,False,False,OTHER,,,,,,0,False,False
STARCEMENT,Star Cement Limited,EQ,1.0,Buy Back,2021-08-25,2021-08-26,,,,,corporate_actions_20210801_20210831.json,NSE corporate actions API,BUY BACK,False,False,False,False,False,False,False,False,False,False,False,OTHER,,,,,,0,False,False
RSYSTEMS,R Systems International Limited,EQ,1.0,Buy Back,2021-08-26,2021-08-27,,,,,corporate_actions_20210801_20210831.json,NSE corporate actions API,BUY BACK,False,False,False,False,False,False,False,False,False,False,False,OTHER,,,,,,0,False,False
GANDHITUBE,Gandhi Special Tubes Limited,EQ,5.0,Buy Back,2021-08-30,2021-08-31,,,,,corporate_actions_20210801_20210831.json,NSE corporate actions API,BUY BACK,False,False,False,False,False,False,False,False,False,False,False,OTHER,,,,,,0,False,False
ASHAPURMIN,Ashapura Minechem Limited,EQ,2.0,Div - Rs 0.50 Per Sh,2021-09-21,2021-09-22,,,,,corporate_actions_20210901_20210930.json,NSE corporate actions API,DIV - RS 0.50 PER SH,False,False,False,False,False,False,False,False,False,False,False,OTHER,,,,,,0,False,False
CARTRADE,Cartrade Tech Limited,EQ,10.0,Extra Ordinary General Meeting,2021-09-23,,2021-09-27,2021-10-04,,,corporate_actions_20210901_20210930.json,NSE corporate actions API,EXTRA ORDINARY GENERAL MEETING,False,False,False,False,False,False,False,False,False,False,False,OTHER,,,,,,0,False,False
NORBTEAEXP,Norben Tea & Exports Limited,EQ,10.0,Extra Ordinary General Meeting,2021-10-14,,2021-10-19,2021-10-25,,,corporate_actions_20211001_20211031.json,NSE corporate actions API,EXTRA ORDINARY GENERAL MEETING,False,False,False,False,False,False,False,False,False,False,False,OTHER,,,,,,0,False,False
OMAXE,Omaxe Limited,EQ,10.0,Extra Ordinary General Meeting,2021-10-18,2021-10-20,,,,,corporate_actions_20211001_20211031.json,NSE corporate actions API,EXTRA ORDINARY GENERAL MEETING,False,False,False,False,False,False,False,False,False,False,False,OTHER,,,,,,0,False,False
ARIHANTSUP,Arihant Superstructures Limited,EQ,10.0,Extra Ordinary General Meeting,2021-10-25,,2021-10-27,2021-11-02,,,corporate_actions_20211001_20211031.json,NSE corporate actions API,EXTRA ORDINARY GENERAL MEETING,False,False,False,False,False,False,False,False,False,False,False,OTHER,,,,,,0,False,False
GOLDIAM,Goldiam International Limited,EQ,2.0,Buy Back,2021-10-26,2021-10-27,,,,,corporate_actions_20211001_20211031.json,NSE corporate actions API,BUY BACK,False,False,False,False,False,False,False,False,False,False,False,OTHER,,,,,,0,False,False
OISL,OCL Iron and Steel Limited,EQ,1.0,Extra Ordinary General Meeting,2021-10-26,,2021-10-28,2021-11-03,,,corporate_actions_20211001_20211031.json,NSE corporate actions API,EXTRA ORDINARY GENERAL MEETING,False,False,False,False,False,False,False,False,False,False,False,OTHER,,,,,,0,False,False
STEELXIND,STEEL EXCHANGE INDIA LIMITED,EQ,1.0,Extra General Meeting,2021-11-02,,2021-11-04,2021-11-10,,,corporate_actions_20211101_20211130.json,NSE corporate actions API,EXTRA GENERAL MEETING,False,False,False,False,False,False,False,False,False,False,False,OTHER,,,,,,0,False,False
NEOGEN,Neogen Chemicals Limited,EQ,10.0,Extra-Ordinary General Meting,2021-12-23,,2021-12-25,2021-12-31,,,corporate_actions_20211201_20211231.json,NSE corporate actions API,EXTRA-ORDINARY GENERAL METING,False,False,False,False,False,False,False,False,False,False,False,OTHER,,,,,,0,False,False
NGIL,Nakoda Group of Industries Limited,EQ,10.0,Extra Ordinary General Meeting,2022-02-02,,2022-02-04,2022-02-14,,,corporate_actions_20220201_20220228.json,NSE corporate actions API,EXTRA ORDINARY GENERAL MEETING,False,False,False,False,False,False,False,False,False,False,False,OTHER,,,,,,0,False,False
EMBASSY,Embassy Office Parks REIT,RR,300.0,Distribution,2022-02-04,2022-02-07,,,,,corporate_actions_20220201_20220228.json,NSE corporate actions API,DISTRIBUTION,False,False,False,False,False,False,False,False,False,False,False,OTHER,,,,,,0,False,False
SPMLINFRA,SPML Infra Limited,EQ,2.0,Extra Ordinary General Meeting,2022-02-10,,2022-02-14,2022-02-21,,,corporate_actions_20220201_20220228.json,NSE corporate actions API,EXTRA ORDINARY GENERAL MEETING,False,False,False,False,False,False,False,False,False,False,False,OTHER,,,,,,0,False,False
AEGISLOG,Aegis Logistics Limited,EQ,1.0,Interim Divdend - Rs 2 Per Share,2022-02-17,2022-02-18,,,,,corporate_actions_20220201_20220228.json,NSE corporate actions API,INTERIM DIVDEND - RS 2 PER SHARE,False,False,False,False,False,False,False,False,False,False,False,OTHER,,,,,,0,False,False
BEML,BEML Limited,EQ,5.0,Extra Ordinary General Meeting,2022-02-17,,2022-02-19,2022-02-25,,,corporate_actions_20220201_20220228.json,NSE corporate actions API,EXTRA ORDINARY GENERAL MEETING,False,False,False,False,False,False,False,False,False,False,False,OTHER,,,,,,0,False,False
FDC,FDC Limited,EQ,1.0,Buy Back,2022-02-17,2022-02-19,,,,,corporate_actions_20220201_20220228.json,NSE corporate actions API,BUY BACK,False,False,False,False,False,False,False,False,False,False,False,OTHER,,,,,,0,False,False
MOIL,MOIL Limited,EQ,10.0,Interim Divdend,2022-02-17,2022-02-19,,,,,corporate_actions_20220201_20220228.json,NSE corporate actions API,INTERIM DIVDEND,False,False,False,False,False,False,False,False,False,False,False,OTHER,,,,,,0,False,False
GULFOILLUB,Gulf Oil Lubricants India Limited,EQ,2.0,Buy Back,2022-02-18,2022-02-21,,,,,corporate_actions_20220201_20220228.json,NSE corporate actions API,BUY BACK,False,False,False,False,False,False,False,False,False,False,False,OTHER,,,,,,0,False,False
PDPL,Parenteral Drugs (India) Limited,EQ,10.0,Extra Ordinary General Meeting,2022-02-23,,2022-02-25,2022-03-01,,,corporate_actions_20220201_20220228.json,NSE corporate actions API,EXTRA ORDINARY GENERAL MEETING,False,False,False,False,False,False,False,False,False,False,False,OTHER,,,,,,0,False,False
GEEKAYWIRE,Geekay Wires Limited,EQ,1.0,Extra Ordinary General Meeting,2022-02-24,,2022-02-27,2022-03-05,,,corporate_actions_20220201_20220228.json,NSE corporate actions API,EXTRA ORDINARY GENERAL MEETING,False,False,False,False,False,False,False,False,False,False,False,OTHER,,,,,,0,False,False
SERVOTECH,Servotech Renewable Power System Limited,EQ,1.0,Extra Ordinary General Meeting,2022-02-24,,2022-02-26,2022-03-04,,,corporate_actions_20220201_20220228.json,NSE corporate actions API,EXTRA ORDINARY GENERAL MEETING,False,False,False,False,False,False,False,False,False,False,False,OTHER,,,,,,0,False,False
KMSUGAR,K.M.Sugar Mills Limited,EQ,2.0,Entra Ordinary General Meeting,2022-03-16,,2022-03-18,2022-03-24,,,corporate_actions_20220301_20220331.json,NSE corporate actions API,ENTRA ORDINARY GENERAL MEETING,False,False,False,False,False,False,False,False,False,False,False,OTHER,,,,,,0,False,False
DCW,DCW Limited,EQ,2.0,Extra Ordinary General Meeting,2022-03-22,,2022-03-24,2022-03-30,,,corporate_actions_20220301_20220331.json,NSE corporate actions API,EXTRA ORDINARY GENERAL MEETING,False,False,False,False,False,False,False,False,False,False,False,OTHER,,,,,,0,False,False
CENTEXT,Century Extrusions Limited,EQ,1.0,Extra Ordinary General Meeting,2022-03-25,,2022-03-29,2022-04-04,,,corporate_actions_20220301_20220331.json,NSE corporate actions API,EXTRA ORDINARY GENERAL MEETING,False,False,False,False,False,False,False,False,False,False,False,OTHER,,,,,,0,False,False
TIJARIA,Tijaria Polypipes Limited,EQ,10.0,Extra Ordinary General Meeting,2022-03-25,,2022-03-29,2022-04-04,,,corporate_actions_20220301_20220331.json,NSE corporate actions API,EXTRA ORDINARY GENERAL MEETING,False,False,False,False,False,False,False,False,False,False,False,OTHER,,,,,,0,False,False
CROWN,Crown Lifters Limited,EQ,10.0,Extra Ordinary General Meeting,2022-04-12,,2022-04-14,2022-04-21,,,corporate_actions_20220401_20220430.json,NSE corporate actions API,EXTRA ORDINARY GENERAL MEETING,False,False,False,False,False,False,False,False,False,False,False,OTHER,,,,,,0,False,False
JYOTISTRUC,Jyoti Structures Limited,EQ,2.0,Extra Ordinary General Meeting,2022-04-12,,2022-04-15,2022-04-22,,,corporate_actions_20220401_20220430.json,NSE corporate actions API,EXTRA ORDINARY GENERAL MEETING,False,False,False,False,False,False,False,False,False,False,False,OTHER,,,,,,0,False,False
SANDHAR,Sandhar Technologies Limited,EQ,10.0,Extra Ordinary General Meeting,2022-04-20,,2022-04-22,2022-04-28,,,corporate_actions_20220401_20220430.json,NSE corporate actions API,EXTRA ORDINARY GENERAL MEETING,False,False,False,False,False,False,False,False,False,False,False,OTHER,,,,,,0,False,False
DCMFINSERV,DCM Financial Services Limited,EQ,10.0,Extra Ordinary General Meeting,2022-04-28,,2022-04-30,2022-05-06,,,corporate_actions_20220401_20220430.json,NSE corporate actions API,EXTRA ORDINARY GENERAL MEETING,False,False,False,False,False,False,False,False,False,False,False,OTHER,,,,,,0,False,False
REGENCERAM,Regency Ceramics Limited,EQ,10.0,Extra Ordinary General Meeting,2022-04-28,,2022-04-30,2022-05-05,,,corporate_actions_20220401_20220430.json,NSE corporate actions API,EXTRA ORDINARY GENERAL MEETING,False,False,False,False,False,False,False,False,False,False,False,OTHER,,,,,,0,False,False
AVROIND,AVRO INDIA LIMITED,EQ,1.0,Extra Ordinary General Meeting,2022-04-29,,2022-05-04,2022-05-10,,,corporate_actions_20220401_20220430.json,NSE corporate actions API,EXTRA ORDINARY GENERAL MEETING,False,False,False,False,False,False,False,False,False,False,False,OTHER,,,,,,0,False,False
SHAHALLOYS,Shah Alloys Limited,EQ,10.0,Extra Ordinary General Meeting,2022-04-29,,2022-05-04,2022-05-11,,,corporate_actions_20220401_20220430.json,NSE corporate actions API,EXTRA ORDINARY GENERAL MEETING,False,False,False,False,False,False,False,False,False,False,False,OTHER,,,,,,0,False,False
HAVISHA,Sri Havisha Hospitality and Infrastructure Limited,EQ,2.0,Extra Ordinary General Meeting,2022-05-02,,2022-05-05,2022-05-11,,,corporate_actions_20220501_20220531.json,NSE corporate actions API,EXTRA ORDINARY GENERAL MEETING,False,False,False,False,False,False,False,False,False,False,False,OTHER,,,,,,0,False,False
SARDAEN,Sarda Energy & Minerals Limited,EQ,1.0,Buy Back,2022-05-05,2022-05-06,,,,,corporate_actions_20220501_20220531.json,NSE corporate actions API,BUY BACK,False,False,False,False,False,False,False,False,False,False,False,OTHER,,,,,,0,False,False
TREEHOUSE,Tree House Education & Accessories Limited,EQ,10.0,Extra Ordinary General Meeting,2022-05-06,,2022-05-10,2022-05-10,,,corporate_actions_20220501_20220531.json,NSE corporate actions API,EXTRA ORDINARY GENERAL MEETING,False,False,False,False,False,False,False,False,False,False,False,OTHER,,,,,,0,False,False
INDIAMART,Indiamart Intermesh Limited,EQ,10.0,Buy Back,2022-05-10,2022-05-11,,,,,corporate_actions_20220501_20220531.json,NSE corporate actions API,BUY BACK,False,False,False,False,False,False,False,False,False,False,False,OTHER,,,,,,0,False,False
NHIT,National Highways Infra Trust,IV,101.0,Distribution- Rs 0.79 Comprising Return On Capital- Rs 0.71 Per Unit/Other Income On Surplus Funds- Rs 0.08 Per Unit,2022-05-25,2022-05-26,,,,,corporate_actions_20220501_20220531.json,NSE corporate actions API,DISTRIBUTION- RS 0.79 COMPRISING RETURN ON CAPITAL- RS 0.71 PER UNIT/OTHER INCOME ON SURPLUS FUNDS- RS 0.08 PER UNIT,False,False,False,False,False,False,False,False,False,False,False,OTHER,,,,,,0,False,False
JAGSNPHARM,Jagsonpal Pharmaceuticals Limited,EQ,2.0,Extra Ordinary General Meeting,2022-06-08,,2022-06-10,2022-06-17,,,corporate_actions_20220601_20220630.json,NSE corporate actions API,EXTRA ORDINARY GENERAL MEETING,False,False,False,False,False,False,False,False,False,False,False,OTHER,,,,,,0,False,False
CROWN,Crown Lifters Limited,EQ,10.0,Extra Ordinary General Meeting,2022-06-14,,2022-06-16,2022-06-23,,,corporate_actions_20220601_20220630.json,NSE corporate actions API,EXTRA ORDINARY GENERAL MEETING,False,False,False,False,False,False,False,False,False,False,False,OTHER,,,,,,0,False,False
MATRIMONY,Matrimony.Com Limited,EQ,5.0,Buy Back,2022-07-01,2022-07-04,,,,,corporate_actions_20220701_20220731.json,NSE corporate actions API,BUY BACK,False,False,False,False,False,False,False,False,False,False,False,OTHER,,,,,,0,False,False
INDIGRID,IndiGrid Infrastructure Trust,IV,100.0,Nterest Amount- Rs 3.0556/Return Of Capital- Rs 0.2444,2022-07-29,2022-08-01,,,,,corporate_actions_20220701_20220731.json,NSE corporate actions API,NTEREST AMOUNT- RS 3.0556/RETURN OF CAPITAL- RS 0.2444,False,False,False,False,False,False,False,False,False,False,False,OTHER,,,,,,0,False,False
GRANULES,Granules India Limited,EQ,1.0,Buy Back,2022-08-22,2022-08-23,,,,,corporate_actions_20220801_20220831.json,NSE corporate actions API,BUY BACK,False,False,False,False,False,False,False,False,False,False,False,OTHER,,,,,,0,False,False
SIS,SIS LIMITED,EQ,5.0,Buy Back,2022-08-29,2022-08-30,,,,,corporate_actions_20220801_20220831.json,NSE corporate actions API,BUY BACK,False,False,False,False,False,False,False,False,False,False,False,OTHER,,,,,,0,False,False
ICEMAKE,Ice Make Refrigeration Limited,EQ,10.0,Annual General Meetingdividend - Rs  1.20 Per Share,2022-09-08,,2022-09-11,2022-09-17,,,corporate_actions_20220901_20220930.json,NSE corporate actions API,ANNUAL GENERAL MEETINGDIVIDEND - RS 1.20 PER SHARE,False,False,False,False,False,False,False,False,False,False,False,OTHER,,,,,,0,False,False
BALPHARMA,Bal Pharma Limited,EQ,10.0,Annual General Meetingdividend - Re 1 Per Share,2022-09-13,,2022-09-15,2022-09-19,,,corporate_actions_20220901_20220930.json,NSE corporate actions API,ANNUAL GENERAL MEETINGDIVIDEND - RE 1 PER SHARE,False,False,False,False,False,False,False,False,False,False,False,OTHER,,,,,,0,False,False
CARERATING,CARE Ratings Limited,EQ,10.0,Buy Back,2022-09-13,2022-09-14,,,,,corporate_actions_20220901_20220930.json,NSE corporate actions API,BUY BACK,False,False,False,False,False,False,False,False,False,False,False,OTHER,,,,,,0,False,False
QUICKHEAL,Quick Heal Technologies Limited,EQ,10.0,Buy Back,2022-09-13,2022-09-14,,,,,corporate_actions_20220901_20220930.json,NSE corporate actions API,BUY BACK,False,False,False,False,False,False,False,False,False,False,False,OTHER,,,,,,0,False,False
GLOBAL,Global Education Limited,EQ,2.0,Extra Ordinary General Meeting,2022-09-23,,2022-09-26,2022-10-01,,,corporate_actions_20220901_20220930.json,NSE corporate actions API,EXTRA ORDINARY GENERAL MEETING,False,False,False,False,False,False,False,False,False,False,False,OTHER,,,,,,0,False,False
SHYAMCENT,Shyam Century Ferrous Limited,EQ,1.0,Buy Back,2022-09-26,2022-09-27,,,,,corporate_actions_20220901_20220930.json,NSE corporate actions API,BUY BACK,False,False,False,False,False,False,False,False,False,False,False,OTHER,,,,,,0,False,False
ACCELYA,Accelya Solutions India Limited,EQ,10.0,Annual General Meetingdividend - Rs  45 Per Share,2022-10-06,,2022-10-10,2022-10-19,,,corporate_actions_20221001_20221031.json,NSE corporate actions API,ANNUAL GENERAL MEETINGDIVIDEND - RS 45 PER SHARE,False,False,False,False,False,False,False,False,False,False,False,OTHER,,,,,,0,False,False
SPAL,S. P. Apparels Limited,EQ,10.0,Buy Back,2022-10-06,2022-10-07,,,,,corporate_actions_20221001_20221031.json,NSE corporate actions API,BUY BACK,False,False,False,False,False,False,False,False,False,False,False,OTHER,,,,,,0,False,False
TAINWALCHM,Tainwala Chemical and Plastic (I) Limited,EQ,10.0,Extra Ordinary General Meeting,2022-10-21,,2022-10-22,2022-10-28,,,corporate_actions_20221001_20221031.json,NSE corporate actions API,EXTRA ORDINARY GENERAL MEETING,False,False,False,False,False,False,False,False,False,False,False,OTHER,,,,,,0,False,False
TANLA,Tanla Platforms Limited,EQ,1.0,Buy Back,2022-10-21,2022-10-25,,,,,corporate_actions_20221001_20221031.json,NSE corporate actions API,BUY BACK,False,False,False,False,False,False,False,False,False,False,False,OTHER,,,,,,0,False,False
DBSTOCKBRO,DB (International) Stock Brokers Limited,EQ,2.0,Extra-Ordinary General Meeting,2022-10-28,,2022-10-31,2022-11-10,,,corporate_actions_20221001_20221031.json,NSE corporate actions API,EXTRA-ORDINARY GENERAL MEETING,False,False,False,False,False,False,False,False,False,False,False,OTHER,,,,,,0,False,False
LAXMICOT,Laxmi Cotspin Limited,EQ,10.0,Extra-Ordinary General Meeting,2022-10-28,,2022-10-30,2022-11-05,,,corporate_actions_20221001_20221031.json,NSE corporate actions API,EXTRA-ORDINARY GENERAL MEETING,False,False,False,False,False,False,False,False,False,False,False,OTHER,,,,,,0,False,False
GARFIBRES,Garware Technical Fibres Limited,EQ,10.0,Buy Back,2022-11-03,2022-11-04,,,,,corporate_actions_20221101_20221130.json,NSE corporate actions API,BUY BACK,False,False,False,False,False,False,False,False,False,False,False,OTHER,,,,,,0,False,False
DHANBANK,Dhanlaxmi Bank Limited,EQ,10.0,Extra- Ordinary General Meeting,2022-11-04,,2022-11-06,2022-11-12,,,corporate_actions_20221101_20221130.json,NSE corporate actions API,EXTRA- ORDINARY GENERAL MEETING,False,False,False,False,False,False,False,False,False,False,False,OTHER,,,,,,0,False,False
IMAGICAA,Imagicaaworld Entertainment Limited,EQ,10.0,Extra- Ordinary General Meeting,2022-11-09,,2022-11-10,2022-11-16,,,corporate_actions_20221101_20221130.json,NSE corporate actions API,EXTRA- ORDINARY GENERAL MEETING,False,False,False,False,False,False,False,False,False,False,False,OTHER,,,,,,0,False,False
RAJMET,Rajnandini Metal Limited,EQ,1.0,Extra-Ordinary General Meeting,2022-11-11,,2022-11-14,2022-11-21,,,corporate_actions_20221101_20221130.json,NSE corporate actions API,EXTRA-ORDINARY GENERAL MEETING,False,False,False,False,False,False,False,False,False,False,False,OTHER,,,,,,0,False,False
INDIGRID,IndiGrid Infrastructure Trust,IV,100.0,Distribution- Rs 3.30 Comprising Interst Payment- Rs 3.1137 Per Unit / Principal Payment- Rs 0.18630 Per Unit,2022-11-15,2022-11-16,,,,,corporate_actions_20221101_20221130.json,NSE corporate actions API,DISTRIBUTION- RS 3.30 COMPRISING INTERST PAYMENT- RS 3.1137 PER UNIT / PRINCIPAL PAYMENT- RS 0.18630 PER UNIT,False,False,False,False,False,False,False,False,False,False,False,OTHER,,,,,,0,False,False
DHANUKA,Dhanuka Agritech Limited,EQ,2.0,Buy Back,2022-11-17,2022-11-18,,,,,corporate_actions_20221101_20221130.json,NSE corporate actions API,BUY BACK,False,False,False,False,False,False,False,False,False,False,False,OTHER,,,,,,0,False,False
ORBTEXP,Orbit Exports Limited,EQ,10.0,Buy Back,2022-11-18,2022-11-18,,,,,corporate_actions_20221101_20221130.json,NSE corporate actions API,BUY BACK,False,False,False,False,False,False,False,False,False,False,False,OTHER,,,,,,0,False,False
3MINDIA,3M India Limited,EQ,10.0,Specia Ldividend - Rs 850 Per Share,2022-11-21,2022-11-22,,,,,corporate_actions_20221101_20221130.json,NSE corporate actions API,SPECIA LDIVIDEND - RS 850 PER SHARE,False,False,False,False,False,False,False,False,False,False,False,OTHER,,,,,,0,False,False
JAIPURKURT,Nandani Creation Limited,EQ,10.0,Extra Ordinary General Meeting,2022-11-24,,2022-11-25,2022-12-01,,,corporate_actions_20221101_20221130.json,NSE corporate actions API,EXTRA ORDINARY GENERAL MEETING,False,False,False,False,False,False,False,False,False,False,False,OTHER,,,,,,0,False,False
SECURCRED,SecUR Credentials Limited,EQ,10.0,Extra Ordinary General Meeting,2022-11-30,,2022-12-01,2022-12-08,,,corporate_actions_20221101_20221130.json,NSE corporate actions API,EXTRA ORDINARY GENERAL MEETING,False,False,False,False,False,False,False,False,False,False,False,OTHER,,,,,,0,False,False
ROML,Raj Oil Mills Limited,EQ,10.0,Extra Ordinary General Meeting,2022-12-01,,2022-12-02,2022-12-08,,,corporate_actions_20221201_20221231.json,NSE corporate actions API,EXTRA ORDINARY GENERAL MEETING,False,False,False,False,False,False,False,False,False,False,False,OTHER,,,,,,0,False,False
VERTOZ,Vertoz Limited,EQ,10.0,Extra Ordinary General Meeting,2022-12-07,2022-12-07,,,,,corporate_actions_20221201_20221231.json,NSE corporate actions API,EXTRA ORDINARY GENERAL MEETING,False,False,False,False,False,False,False,False,False,False,False,OTHER,,,,,,0,False,False
ALKALI,Alkali Metals Limited,EQ,10.0,Extra Ordinary General Meeting,2022-12-08,,2022-12-09,2022-12-15,,,corporate_actions_20221201_20221231.json,NSE corporate actions API,EXTRA ORDINARY GENERAL MEETING,False,False,False,False,False,False,False,False,False,False,False,OTHER,,,,,,0,False,False
ANDHRSUGAR,The Andhra Sugars Limited,EQ,2.0,Extra Ordinary General Meeting,2022-12-09,,2022-12-10,2022-12-17,,,corporate_actions_20221201_20221231.json,NSE corporate actions API,EXTRA ORDINARY GENERAL MEETING,False,False,False,False,False,False,False,False,False,False,False,OTHER,,,,,,0,False,False
COSMOFIRST,COSMO FIRST LIMITED,EQ,10.0,Buy Back,2022-12-13,2022-12-14,,,,,corporate_actions_20221201_20221231.json,NSE corporate actions API,BUY BACK,False,False,False,False,False,False,False,False,False,False,False,OTHER,,,,,,0,False,False
TEXMOPIPES,Texmo Pipes and Products Limited,EQ,10.0,Extra Ordinary General Meeting,2022-12-21,,2022-12-22,2022-12-28,,,corporate_actions_20221201_20221231.json,NSE corporate actions API,EXTRA ORDINARY GENERAL MEETING,False,False,False,False,False,False,False,False,False,False,False,OTHER,,,,,,0,False,False
ORCHPHARMA,Orchid Pharma Limited,EQ,10.0,Extra Ordinary General Meeting,2022-12-22,,2022-12-23,2022-12-29,,,corporate_actions_20221201_20221231.json,NSE corporate actions API,EXTRA ORDINARY GENERAL MEETING,False,False,False,False,False,False,False,False,False,False,False,OTHER,,,,,,0,False,False
TRITURBINE,Triveni Turbine Limited,EQ,1.0,Buy Back,2022-12-22,2022-12-23,,,,,corporate_actions_20221201_20221231.json,NSE corporate actions API,BUY BACK,False,False,False,False,False,False,False,False,False,False,False,OTHER,,,,,,0,False,False
TRIVENI,Triveni Engineering & Industries Limited,EQ,1.0,Buy Back,2022-12-22,2022-12-23,,,,,corporate_actions_20221201_20221231.json,NSE corporate actions API,BUY BACK,False,False,False,False,False,False,False,False,False,False,False,OTHER,,,,,,0,False,False
MITTAL,Mittal Life Style Limited,EQ,1.0,Extra Ordinary General Meeting,2022-12-23,,2022-12-24,2022-12-30,,,corporate_actions_20221201_20221231.json,NSE corporate actions API,EXTRA ORDINARY GENERAL MEETING,False,False,False,False,False,False,False,False,False,False,False,OTHER,,,,,,0,False,False
ECLERX,eClerx Services Limited,EQ,10.0,Buy Back,2022-12-26,2022-12-27,,,,,corporate_actions_20221201_20221231.json,NSE corporate actions API,BUY BACK,False,False,False,False,False,False,False,False,False,False,False,OTHER,,,,,,0,False,False
VAISHALI,Vaishali Pharma Limited,EQ,2.0,Extra Ordinary General Meeting,2022-12-27,,2022-12-28,2023-01-04,,,corporate_actions_20221201_20221231.json,NSE corporate actions API,EXTRA ORDINARY GENERAL MEETING,False,False,False,False,False,False,False,False,False,False,False,OTHER,,,,,,0,False,False
SHANTI,Shanti Overseas (India) Limited,EQ,10.0,Extra Ordinary General Meeting,2022-12-29,,2022-12-30,2023-01-06,,,corporate_actions_20221201_20221231.json,NSE corporate actions API,EXTRA ORDINARY GENERAL MEETING,False,False,False,False,False,False,False,False,False,False,False,OTHER,,,,,,0,False,False
TIIL,Technocraft Industries (India) Limited,EQ,10.0,Buy Back,2022-12-29,2022-12-30,,,,,corporate_actions_20221201_20221231.json,NSE corporate actions API,BUY BACK,False,False,False,False,False,False,False,False,False,False,False,OTHER,,,,,,0,False,False
SHRADHA,Shradha Realty Limited,EQ,2.0,Extra Ordinary General Meeting,2022-12-30,,2023-01-02,2023-01-07,,,corporate_actions_20221201_20221231.json,NSE corporate actions API,EXTRA ORDINARY GENERAL MEETING,False,False,False,False,False,False,False,False,False,False,False,OTHER,,,,,,0,False,False
TIPSMUSIC,Tips Music Limited,EQ,1.0,Buy Back,2022-12-30,2022-12-30,,,,,corporate_actions_20221201_20221231.json,NSE corporate actions API,BUY BACK,False,False,False,False,False,False,False,False,False,False,False,OTHER,,,,,,0,False,False
TIJARIA,Tijaria Polypipes Limited,EQ,10.0,Extra Ordinary General Meeting,2023-01-02,,2023-01-03,2023-01-09,,,corporate_actions_20230101_20230131.json,NSE corporate actions API,EXTRA ORDINARY GENERAL MEETING,False,False,False,False,False,False,False,False,False,False,False,OTHER,,,,,,0,False,False
JAGRAN,Jagran Prakashan Limited,EQ,2.0,Buy Back,2023-01-06,2023-01-06,,,,,corporate_actions_20230101_20230131.json,NSE corporate actions API,BUY BACK,False,False,False,False,False,False,False,False,False,False,False,OTHER,,,,,,0,False,False
SPCENET,Spacenet Enterprises India Limited,EQ,1.0,Extra-Ordinary General Meeting,2023-01-20,,2023-01-22,2023-01-28,,,corporate_actions_20230101_20230131.json,NSE corporate actions API,EXTRA-ORDINARY GENERAL MEETING,False,False,False,False,False,False,False,False,False,False,False,OTHER,,,,,,0,False,False
PRECWIRE,Precision Wires India Limited,EQ,1.0,Extra Ordinary General Meeting,2023-01-24,2023-01-24,,,,,corporate_actions_20230101_20230131.json,NSE corporate actions API,EXTRA ORDINARY GENERAL MEETING,False,False,False,False,False,False,False,False,False,False,False,OTHER,,,,,,0,False,False
ZENITHEXPO,Zenith Exports Limited,EQ,10.0,Extra Ordinary General Meeting,2023-02-01,,2023-02-02,2023-02-08,,,corporate_actions_20230201_20230228.json,NSE corporate actions API,EXTRA ORDINARY GENERAL MEETING,False,False,False,False,False,False,False,False,False,False,False,OTHER,,,,,,0,False,False
MANOMAY,Manomay Tex India Limited,EQ,10.0,Extra Ordinary General Meeting,2023-02-06,2023-02-06,,,,,corporate_actions_20230201_20230228.json,NSE corporate actions API,EXTRA ORDINARY GENERAL MEETING,False,False,False,False,False,False,False,False,False,False,False,OTHER,,,,,,0,False,False
VRLLOG,VRL Logistics Limited,EQ,10.0,Buy Back,2023-02-10,2023-02-10,,,,,corporate_actions_20230201_20230228.json,NSE corporate actions API,BUY BACK,False,False,False,False,False,False,False,False,False,False,False,OTHER,,,,,,0,False,False
WELENT,Welspun Enterprises Limited,EQ,10.0,Buy Back,2023-02-13,2023-02-13,,,,,corporate_actions_20230201_20230228.json,NSE corporate actions API,BUY BACK,False,False,False,False,False,False,False,False,False,False,False,OTHER,,,,,,0,False,False
CROWN,Crown Lifters Limited,EQ,10.0,Extra Ordinary General Meeting,2023-02-22,,2023-02-23,2023-03-02,,,corporate_actions_20230201_20230228.json,NSE corporate actions API,EXTRA ORDINARY GENERAL MEETING,False,False,False,False,False,False,False,False,False,False,False,OTHER,,,,,,0,False,False
RESPONIND,Responsive Industries Limited,EQ,1.0,Extra Ordinary General Meeting,2023-03-03,,2023-03-04,2023-03-10,,,corporate_actions_20230301_20230331.json,NSE corporate actions API,EXTRA ORDINARY GENERAL MEETING,False,False,False,False,False,False,False,False,False,False,False,OTHER,,,,,,0,False,False
HGS,Hinduja Global Solutions Limited,EQ,10.0,Buy Back,2023-03-06,2023-03-06,,,,,corporate_actions_20230301_20230331.json,NSE corporate actions API,BUY BACK,False,False,False,False,False,False,False,False,False,False,False,OTHER,,,,,,0,False,False
PENINLAND,Peninsula Land Limited,EQ,2.0,Extra-Ordinary General Meeting,2023-03-10,,2023-03-12,2023-03-18,,,corporate_actions_20230301_20230331.json,NSE corporate actions API,EXTRA-ORDINARY GENERAL MEETING,False,False,False,False,False,False,False,False,False,False,False,OTHER,,,,,,0,False,False
VERTIS,Vertis Infrastructure Trust,IV,100.0,Distribution - 4.8376 Per Unit,2023-03-17,2023-03-18,,,,,corporate_actions_20230301_20230331.json,NSE corporate actions API,DISTRIBUTION - 4.8376 PER UNIT,False,False,False,False,False,False,False,False,False,False,False,OTHER,,,,,,0,False,False
AJANTPHARM,Ajanta Pharma Limited,EQ,2.0,Buy Back,2023-03-24,2023-03-24,,,,,corporate_actions_20230301_20230331.json,NSE corporate actions API,BUY BACK,False,False,False,False,False,False,False,False,False,False,False,OTHER,,,,,,0,False,False
SYMPHONY,Symphony Limited,EQ,2.0,Buy Back,2023-03-29,2023-03-29,,,,,corporate_actions_20230301_20230331.json,NSE corporate actions API,BUY BACK,False,False,False,False,False,False,False,False,False,False,False,OTHER,,,,,,0,False,False
GPIL,Godawari Power And Ispat limited,EQ,1.0,Buy Back,2023-03-31,2023-03-31,,,,,corporate_actions_20230301_20230331.json,NSE corporate actions API,BUY BACK,False,False,False,False,False,False,False,False,False,False,False,OTHER,,,,,,0,False,False
TEAMLEASE,Teamlease Services Limited,EQ,10.0,Buy Back,2023-04-03,2023-04-03,,,,,corporate_actions_20230401_20230430.json,NSE corporate actions API,BUY BACK,False,False,False,False,False,False,False,False,False,False,False,OTHER,,,,,,0,False,False
EMAMILTD,Emami Limited,EQ,1.0,Buy Back,2023-04-12,2023-04-12,,,,,corporate_actions_20230401_20230430.json,NSE corporate actions API,BUY BACK,False,False,False,False,False,False,False,False,False,False,False,OTHER,,,,,,0,False,False
IZMO,IZMO Limited,EQ,10.0,Extra Ordinary General Meeting,2023-04-13,,2023-04-14,2023-04-21,,,corporate_actions_20230401_20230430.json,NSE corporate actions API,EXTRA ORDINARY GENERAL MEETING,False,False,False,False,False,False,False,False,False,False,False,OTHER,,,,,,0,False,False
DREDGECORP,Dredging Corporation of India Limited,EQ,10.0,Extra Ordinary General Meeting,2023-04-20,,2023-04-21,2023-04-27,,,corporate_actions_20230401_20230430.json,NSE corporate actions API,EXTRA ORDINARY GENERAL MEETING,False,False,False,False,False,False,False,False,False,False,False,OTHER,,,,,,0,False,False
AVANTIFEED,Avanti Feeds Limited,EQ,1.0,Extra Ordinary General Meeting,2023-04-21,2023-04-22,,,,,corporate_actions_20230401_20230430.json,NSE corporate actions API,EXTRA ORDINARY GENERAL MEETING,False,False,False,False,False,False,False,False,False,False,False,OTHER,,,,,,0,False,False
CROWN,Crown Lifters Limited,EQ,10.0,Extra Oridinary General Meeting,2023-05-03,,2023-05-04,2023-05-11,,,corporate_actions_20230501_20230531.json,NSE corporate actions API,EXTRA ORIDINARY GENERAL MEETING,False,False,False,False,False,False,False,False,False,False,False,OTHER,,,,,,0,False,False
SHAH,Shah Metacorp Limited,EQ,1.0,Extra Ordinary General Meeting,2023-05-04,2023-05-05,,,,,corporate_actions_20230501_20230531.json,NSE corporate actions API,EXTRA ORDINARY GENERAL MEETING,False,False,False,False,False,False,False,False,False,False,False,OTHER,,,,,,0,False,False
WELSPUNLIV,Welspun Living Limited,EQ,1.0,Buy Back,2023-05-10,2023-05-10,,,,,corporate_actions_20230501_20230531.json,NSE corporate actions API,BUY BACK,False,False,False,False,False,False,False,False,False,False,False,OTHER,,,,,,0,False,False
ACEINTEG,Ace Integrated Solutions Limited,EQ,10.0,Extra Ordinary General Meeting,2023-05-12,,2023-05-13,2023-05-19,,,corporate_actions_20230501_20230531.json,NSE corporate actions API,EXTRA ORDINARY GENERAL MEETING,False,False,False,False,False,False,False,False,False,False,False,OTHER,,,,,,0,False,False
STEELXIND,STEEL EXCHANGE INDIA LIMITED,EQ,1.0,Extra Ordinary General Meeting,2023-05-12,,2023-05-13,2023-05-20,,,corporate_actions_20230501_20230531.json,NSE corporate actions API,EXTRA ORDINARY GENERAL MEETING,False,False,False,False,False,False,False,False,False,False,False,OTHER,,,,,,0,False,False
AXITA,Axita Cotton Limited,EQ,1.0,Buy Back,2023-06-02,2023-06-02,,,,,corporate_actions_20230601_20230630.json,NSE corporate actions API,BUY BACK,False,False,False,False,False,False,False,False,False,False,False,OTHER,,,,,,0,False,False
SERVOTECH,Servotech Renewable Power System Limited,EQ,1.0,Extra Ordinary General Meeting,2023-06-16,,2023-06-17,2023-06-23,,,corporate_actions_20230601_20230630.json,NSE corporate actions API,EXTRA ORDINARY GENERAL MEETING,False,False,False,False,False,False,False,False,False,False,False,OTHER,,,,,,0,False,False
WIPRO,Wipro Limited,EQ,2.0,Buy Back,2023-06-16,2023-06-16,,,,,corporate_actions_20230601_20230630.json,NSE corporate actions API,BUY BACK,False,False,False,False,False,False,False,False,False,False,False,OTHER,,,,,,0,False,False
DREDGECORP,Dredging Corporation of India Limited,EQ,10.0,Extra Ordinary General Meeting,2023-06-20,,2023-06-21,2023-06-28,,,corporate_actions_20230601_20230630.json,NSE corporate actions API,EXTRA ORDINARY GENERAL MEETING,False,False,False,False,False,False,False,False,False,False,False,OTHER,,,,,,0,False,False
AURIONPRO,Aurionpro Solutions Limited,EQ,10.0,Extra Ordinary General Meeting,2023-07-07,,2023-07-09,2023-07-16,,,corporate_actions_20230701_20230731.json,NSE corporate actions API,EXTRA ORDINARY GENERAL MEETING,False,False,False,False,False,False,False,False,False,False,False,OTHER,,,,,,0,False,False
AMRUTANJAN,Amrutanjan Health Care Limited,EQ,1.0,Buy Back,2023-07-13,2023-07-13,,,,,corporate_actions_20230701_20230731.json,NSE corporate actions API,BUY BACK,False,False,False,False,False,False,False,False,False,False,False,OTHER,,,,,,0,False,False
GLOBUSSPR,Globus Spirits Limited,EQ,10.0,Annual General Meetingdividend - Rs  6 Per Share,2023-07-14,,2023-07-16,2023-07-22,,,corporate_actions_20230701_20230731.json,NSE corporate actions API,ANNUAL GENERAL MEETINGDIVIDEND - RS 6 PER SHARE,False,False,False,False,False,False,False,False,False,False,False,OTHER,,,,,,0,False,False
HECPROJECT,HEC Infra Projects Limited,EQ,10.0,Extra Ordinary General Meeting,2023-07-17,,2023-07-18,2023-07-24,,,corporate_actions_20230701_20230731.json,NSE corporate actions API,EXTRA ORDINARY GENERAL MEETING,False,False,False,False,False,False,False,False,False,False,False,OTHER,,,,,,0,False,False
BBOX,Black Box Limited,EQ,2.0,Extra-Ordinary General Meeting,2023-07-18,2023-07-18,,,,,corporate_actions_20230701_20230731.json,NSE corporate actions API,EXTRA-ORDINARY GENERAL MEETING,False,False,False,False,False,False,False,False,False,False,False,OTHER,,,,,,0,False,False
GOLDIAM,Goldiam International Limited,EQ,2.0,Buy Back,2023-07-21,2023-07-21,,,,,corporate_actions_20230701_20230731.json,NSE corporate actions API,BUY BACK,False,False,False,False,False,False,False,False,False,False,False,OTHER,,,,,,0,False,False
DIAMONDYD,Prataap Snacks Limited,EQ,5.0,Annual General Meetingdividend - Re 1 Per Sh,2023-07-27,2023-07-27,,,,,corporate_actions_20230701_20230731.json,NSE corporate actions API,ANNUAL GENERAL MEETINGDIVIDEND - RE 1 PER SH,False,False,False,False,False,False,False,False,False,False,False,OTHER,,,,,,0,False,False
ASHIANA,Ashiana Housing Limited,EQ,2.0,Buy Back,2023-07-28,2023-07-28,,,,,corporate_actions_20230701_20230731.json,NSE corporate actions API,BUY BACK,False,False,False,False,False,False,False,False,False,False,False,OTHER,,,,,,0,False,False
AARTIDRUGS,Aarti Drugs Limited,EQ,10.0,Buy Back,2023-08-04,2023-08-04,,,,,corporate_actions_20230801_20230831.json,NSE corporate actions API,BUY BACK,False,False,False,False,False,False,False,False,False,False,False,OTHER,,,,,,0,False,False
CLEDUCATE,CL Educate Limited,EQ,5.0,Buy Back,2023-08-14,2023-08-14,,,,,corporate_actions_20230801_20230831.json,NSE corporate actions API,BUY BACK,False,False,False,False,False,False,False,False,False,False,False,OTHER,,,,,,0,False,False
WANBURY,Wanbury Limited,EQ,10.0,Extra-Ordinary General Meeting,2023-08-14,,2023-08-15,2023-08-21,,,corporate_actions_20230801_20230831.json,NSE corporate actions API,EXTRA-ORDINARY GENERAL MEETING,False,False,False,False,False,False,False,False,False,False,False,OTHER,,,,,,0,False,False
CONTROLPR,Control Print Limited,EQ,10.0,Buy Back,2023-08-18,2023-08-18,,,,,corporate_actions_20230801_20230831.json,NSE corporate actions API,BUY BACK,False,False,False,False,False,False,False,False,False,False,False,OTHER,,,,,,0,False,False
FDC,FDC Limited,EQ,1.0,Buy Back,2023-08-25,2023-08-25,,,,,corporate_actions_20230801_20230831.json,NSE corporate actions API,BUY BACK,False,False,False,False,False,False,False,False,False,False,False,OTHER,,,,,,0,False,False
INDIAMART,Indiamart Intermesh Limited,EQ,10.0,Buy Back,2023-08-25,2023-08-25,,,,,corporate_actions_20230801_20230831.json,NSE corporate actions API,BUY BACK,False,False,False,False,False,False,False,False,False,False,False,OTHER,,,,,,0,False,False
KRBL,KRBL Limited,EQ,1.0,Buy Back,2023-08-25,2023-08-25,,,,,corporate_actions_20230801_20230831.json,NSE corporate actions API,BUY BACK,False,False,False,False,False,False,False,False,False,False,False,OTHER,,,,,,0,False,False
PEL,Piramal Enterprises Limited,EQ,2.0,Buy Back,2023-08-25,2023-08-25,,,,,corporate_actions_20230801_20230831.json,NSE corporate actions API,BUY BACK,False,False,False,False,False,False,False,False,False,False,False,OTHER,,,,,,0,False,False
LT,Larsen & Toubro Limited,EQ,2.0,Buy Back,2023-09-12,2023-09-12,,,,,corporate_actions_20230901_20230930.json,NSE corporate actions API,BUY BACK,False,False,False,False,False,False,False,False,False,False,False,OTHER,,,,,,0,False,False
BSE,BSE Limited,EQ,2.0,Buy Back,2023-09-14,2023-09-14,,,,,corporate_actions_20230901_20230930.json,NSE corporate actions API,BUY BACK,False,False,False,False,False,False,False,False,False,False,False,OTHER,,,,,,0,False,False
AGRITECH,Agri-Tech (India) Limited,EQ,10.0,Extra- Ordinary General Meeting,2023-09-18,,2023-09-19,2023-09-23,,,corporate_actions_20230901_20230930.json,NSE corporate actions API,EXTRA- ORDINARY GENERAL MEETING,False,False,False,False,False,False,False,False,False,False,False,OTHER,,,,,,0,False,False
SIYSIL,Siyaram Silk Mills Limited,EQ,2.0,Buy Back,2023-09-18,2023-09-18,,,,,corporate_actions_20230901_20230930.json,NSE corporate actions API,BUY BACK,False,False,False,False,False,False,False,False,False,False,False,OTHER,,,,,,0,False,False
TECHIN,Techindia Nirman Limited,EQ,10.0,Extra Ordinary General Meeting,2023-09-25,,2023-09-26,2023-09-30,,,corporate_actions_20230901_20230930.json,NSE corporate actions API,EXTRA ORDINARY GENERAL MEETING,False,False,False,False,False,False,False,False,False,False,False,OTHER,,,,,,0,False,False
JYOTISTRUC,Jyoti Structures Limited,EQ,2.0,Extra Ordinary General Meeting,2023-10-11,,2023-10-12,2023-10-19,,,corporate_actions_20231001_20231031.json,NSE corporate actions API,EXTRA ORDINARY GENERAL MEETING,False,False,False,False,False,False,False,False,False,False,False,OTHER,,,,,,0,False,False
RITCO,Ritco Logistics Limited,EQ,10.0,Extra Ordinary General Meeting,2023-10-19,,2023-10-20,2023-10-26,,,corporate_actions_20231001_20231031.json,NSE corporate actions API,EXTRA ORDINARY GENERAL MEETING,False,False,False,False,False,False,False,False,False,False,False,OTHER,,,,,,0,False,False
NEOGEN,Neogen Chemicals Limited,EQ,10.0,Extra Ordinary General Meeting,2023-10-20,,2023-10-21,2023-10-28,,,corporate_actions_20231001_20231031.json,NSE corporate actions API,EXTRA ORDINARY GENERAL MEETING,False,False,False,False,False,False,False,False,False,False,False,OTHER,,,,,,0,False,False
VINNY,Vinny Overseas Limited,EQ,1.0,Extra Ordinary General Meeting,2023-10-23,,2023-10-24,2023-10-30,,,corporate_actions_20231001_20231031.json,NSE corporate actions API,EXTRA ORDINARY GENERAL MEETING,False,False,False,False,False,False,False,False,False,False,False,OTHER,,,,,,0,False,False
AURIONPRO,Aurionpro Solutions Limited,EQ,10.0,Extra-Ordinary General Meeting,2023-10-27,,2023-10-29,2023-11-05,,,corporate_actions_20231001_20231031.json,NSE corporate actions API,EXTRA-ORDINARY GENERAL MEETING,False,False,False,False,False,False,False,False,False,False,False,OTHER,,,,,,0,False,False
WANBURY,Wanbury Limited,EQ,10.0,Extra Ordinary General Meeting,2023-11-10,,2023-11-11,2023-11-18,,,corporate_actions_20231101_20231130.json,NSE corporate actions API,EXTRA ORDINARY GENERAL MEETING,False,False,False,False,False,False,False,False,False,False,False,OTHER,,,,,,0,False,False
ATUL,Atul Limited,EQ,10.0,Buy Back,2023-11-20,2023-11-20,,,,,corporate_actions_20231101_20231130.json,NSE corporate actions API,BUY BACK,False,False,False,False,False,False,False,False,False,False,False,OTHER,,,,,,0,False,False
GNFC,Gujarat Narmada Valley Fertilizers and Chemicals Limited,EQ,10.0,Buy Back,2023-11-24,2023-11-24,,,,,corporate_actions_20231101_20231130.json,NSE corporate actions API,BUY BACK,False,False,False,False,False,False,False,False,False,False,False,OTHER,,,,,,0,False,False
LOKESHMACH,Lokesh Machines Limited,EQ,10.0,Extra Ordinary General Meeting,2023-11-24,,2023-11-28,2023-12-04,,,corporate_actions_20231101_20231130.json,NSE corporate actions API,EXTRA ORDINARY GENERAL MEETING,False,False,False,False,False,False,False,False,False,False,False,OTHER,,,,,,0,False,False
TCS,Tata Consultancy Services Limited,EQ,1.0,Buy Back,2023-11-24,2023-11-25,,,,,corporate_actions_20231101_20231130.json,NSE corporate actions API,BUY BACK,False,False,False,False,False,False,False,False,False,False,False,OTHER,,,,,,0,False,False
BYKE,The Byke Hospitality Ltd,EQ,10.0,Extra Ordinary General Meeting,2023-11-30,,2023-12-01,2023-12-07,,,corporate_actions_20231101_20231130.json,NSE corporate actions API,EXTRA ORDINARY GENERAL MEETING,False,False,False,False,False,False,False,False,False,False,False,OTHER,,,,,,0,False,False
JYOTISTRUC,Jyoti Structures Limited,EQ,2.0,Extra Ordinary General Meeting,2023-12-04,,2023-12-05,2023-12-12,,,corporate_actions_20231201_20231231.json,NSE corporate actions API,EXTRA ORDINARY GENERAL MEETING,False,False,False,False,False,False,False,False,False,False,False,OTHER,,,,,,0,False,False
STEELXIND,STEEL EXCHANGE INDIA LIMITED,EQ,1.0,Extra Ordinary General Meeting,2023-12-11,,2023-12-12,2023-12-18,,,corporate_actions_20231201_20231231.json,NSE corporate actions API,EXTRA ORDINARY GENERAL MEETING,False,False,False,False,False,False,False,False,False,False,False,OTHER,,,,,,0,False,False
RHL,Robust Hotels Limited,EQ,10.0,Extra Ordinary General Meeting,2023-12-12,,2023-12-13,2023-12-19,,,corporate_actions_20231201_20231231.json,NSE corporate actions API,EXTRA ORDINARY GENERAL MEETING,False,False,False,False,False,False,False,False,False,False,False,OTHER,,,,,,0,False,False
SIS,SIS LIMITED,EQ,5.0,Buy Back,2023-12-12,2023-12-12,,,,,corporate_actions_20231201_20231231.json,NSE corporate actions API,BUY BACK,False,False,False,False,False,False,False,False,False,False,False,OTHER,,,,,,0,False,False
SOMANYCERA,Somany Ceramics Limited,EQ,2.0,Buy Back,2023-12-15,2023-12-15,,,,,corporate_actions_20231201_20231231.json,NSE corporate actions API,BUY BACK,False,False,False,False,False,False,False,False,False,False,False,OTHER,,,,,,0,False,False
TIRUPATIFL,Tirupati Forge Limited,EQ,2.0,Extra Ordinary General Meeting,2023-12-20,,2023-12-21,2023-12-27,,,corporate_actions_20231201_20231231.json,NSE corporate actions API,EXTRA ORDINARY GENERAL MEETING,False,False,False,False,False,False,False,False,False,False,False,OTHER,,,,,,0,False,False
REGENCERAM,Regency Ceramics Limited,EQ,10.0,Extra Ordinary General Meeting,2024-01-02,,2024-01-03,2024-01-10,,,corporate_actions_20240101_20240131.json,NSE corporate actions API,EXTRA ORDINARY GENERAL MEETING,False,False,False,False,False,False,False,False,False,False,False,OTHER,,,,,,0,False,False
SPCENET,Spacenet Enterprises India Limited,EQ,1.0,Extra Ordinary General Meeting,2024-01-03,,2024-01-04,2024-01-10,,,corporate_actions_20240101_20240131.json,NSE corporate actions API,EXTRA ORDINARY GENERAL MEETING,False,False,False,False,False,False,False,False,False,False,False,OTHER,,,,,,0,False,False
KANANIIND,Kanani Industries Limited,EQ,1.0,Extra Ordinary General Meeting,2024-01-05,,2024-01-08,2024-01-15,,,corporate_actions_20240101_20240131.json,NSE corporate actions API,EXTRA ORDINARY GENERAL MEETING,False,False,False,False,False,False,False,False,False,False,False,OTHER,,,,,,0,False,False
DHAMPURSUG,Dhampur Sugar Mills Limited,EQ,10.0,Buy Back,2024-01-17,2024-01-17,,,,,corporate_actions_20240101_20240131.json,NSE corporate actions API,BUY BACK,False,False,False,False,False,False,False,False,False,False,False,OTHER,,,,,,0,False,False
CHAMBLFERT,Chambal Fertilizers & Chemicals Limited,EQ,10.0,Buy Back,2024-01-18,2024-01-18,,,,,corporate_actions_20240101_20240131.json,NSE corporate actions API,BUY BACK,False,False,False,False,False,False,False,False,False,False,False,OTHER,,,,,,0,False,False
AKSHAR,Akshar Spintex Limited,EQ,1.0,Extra Ordinary General Meeting,2024-01-24,,2024-01-25,2024-01-31,,,corporate_actions_20240101_20240131.json,NSE corporate actions API,EXTRA ORDINARY GENERAL MEETING,False,False,False,False,False,False,False,False,False,False,False,OTHER,,,,,,0,False,False
AHLEAST,Asian Hotels (East) Limited,EQ,10.0,Extra Ordinary General Meeting,2024-01-25,,2024-01-26,2024-02-01,,,corporate_actions_20240101_20240131.json,NSE corporate actions API,EXTRA ORDINARY GENERAL MEETING,False,False,False,False,False,False,False,False,False,False,False,OTHER,,,,,,0,False,False
RHL,Robust Hotels Limited,EQ,10.0,Extra Ordinary General Meeting,2024-01-25,,2024-01-27,2024-02-02,,,corporate_actions_20240101_20240131.json,NSE corporate actions API,EXTRA ORDINARY GENERAL MEETING,False,False,False,False,False,False,False,False,False,False,False,OTHER,,,,,,0,False,False
AURIONPRO,Aurionpro Solutions Limited,EQ,10.0,Extra Ordinary General Meeting,2024-01-31,,2024-02-01,2024-02-08,,,corporate_actions_20240101_20240131.json,NSE corporate actions API,EXTRA ORDINARY GENERAL MEETING,False,False,False,False,False,False,False,False,False,False,False,OTHER,,,,,,0,False,False
IRBIT,IRB INFRASTRUCTURE TRUST,IV,100.0,Distribution - Rs 2.82 Per Unit Comprising Of Return Of Capital - Rs 2.82 Per Unit,2024-02-01,2024-02-01,,,,,corporate_actions_20240201_20240229.json,NSE corporate actions API,DISTRIBUTION - RS 2.82 PER UNIT COMPRISING OF RETURN OF CAPITAL - RS 2.82 PER UNIT,False,False,False,False,False,False,False,False,False,False,False,OTHER,,,,,,0,False,False
TIJARIA,Tijaria Polypipes Limited,EQ,10.0,Extra Ordinary General Meeting,2024-02-07,,2024-02-08,2024-02-22,,,corporate_actions_20240201_20240229.json,NSE corporate actions API,EXTRA ORDINARY GENERAL MEETING,False,False,False,False,False,False,False,False,False,False,False,OTHER,,,,,,0,False,False
ORBTEXP,Orbit Exports Limited,EQ,10.0,Buy Back,2024-02-13,2024-02-13,,,,,corporate_actions_20240201_20240229.json,NSE corporate actions API,BUY BACK,False,False,False,False,False,False,False,False,False,False,False,OTHER,,,,,,0,False,False
KSCL,Kaveri Seed Company Limited,EQ,2.0,Buy Back,2024-02-23,2024-02-23,,,,,corporate_actions_20240201_20240229.json,NSE corporate actions API,BUY BACK,False,False,False,False,False,False,False,False,False,False,False,OTHER,,,,,,0,False,False
ZYDUSLIFE,Zydus Lifesciences Limited,EQ,1.0,Buy Back,2024-02-23,2024-02-23,,,,,corporate_actions_20240201_20240229.json,NSE corporate actions API,BUY BACK,False,False,False,False,False,False,False,False,False,False,False,OTHER,,,,,,0,False,False
BAJAJ-AUTO,Bajaj Auto Limited,EQ,10.0,Buy Back,2024-02-29,2024-02-29,,,,,corporate_actions_20240201_20240229.json,NSE corporate actions API,BUY BACK,False,False,False,False,False,False,False,False,False,False,False,OTHER,,,,,,0,False,False
NGIL,Nakoda Group of Industries Limited,EQ,10.0,Extra Ordinary General Meeting,2024-03-01,,2024-03-02,2024-03-08,,,corporate_actions_20240301_20240331.json,NSE corporate actions API,EXTRA ORDINARY GENERAL MEETING,False,False,False,False,False,False,False,False,False,False,False,OTHER,,,,,,0,False,False
JYOTISTRUC,Jyoti Structures Limited,EQ,2.0,Extra Ordinary General Meeting,2024-03-04,,2024-03-05,2024-03-12,,,corporate_actions_20240301_20240331.json,NSE corporate actions API,EXTRA ORDINARY GENERAL MEETING,False,False,False,False,False,False,False,False,False,False,False,OTHER,,,,,,0,False,False
STEELXIND,STEEL EXCHANGE INDIA LIMITED,EQ,1.0,Extra Ordinary General Meeting,2024-03-04,,2024-03-05,2024-03-11,,,corporate_actions_20240301_20240331.json,NSE corporate actions API,EXTRA ORDINARY GENERAL MEETING,False,False,False,False,False,False,False,False,False,False,False,OTHER,,,,,,0,False,False
NATHBIOGEN,Nath Bio-Genes (India) Limited,EQ,10.0,Extra- Ordinary General Meeting,2024-03-07,,2024-03-08,2024-03-12,,,corporate_actions_20240301_20240331.json,NSE corporate actions API,EXTRA- ORDINARY GENERAL MEETING,False,False,False,False,False,False,False,False,False,False,False,OTHER,,,,,,0,False,False
SHREERAMA,Shree Rama Multi-Tech Limited,EQ,5.0,Extra Ordinary General Meeting,2024-03-07,,2024-03-09,2024-03-15,,,corporate_actions_20240301_20240331.json,NSE corporate actions API,EXTRA ORDINARY GENERAL MEETING,False,False,False,False,False,False,False,False,False,False,False,OTHER,,,,,,0,False,False
DWARKESH,Dwarikesh Sugar Industries Limited,EQ,1.0,Buy Back,2024-03-20,2024-03-20,,,,,corporate_actions_20240301_20240331.json,NSE corporate actions API,BUY BACK,False,False,False,False,False,False,False,False,False,False,False,OTHER,,,,,,0,False,False
KAKATCEM,Kakatiya Cement Sugar & Industries Limited,EQ,10.0,Extra Ordinary General Meeting,2024-03-20,2024-03-20,,,,,corporate_actions_20240301_20240331.json,NSE corporate actions API,EXTRA ORDINARY GENERAL MEETING,False,False,False,False,False,False,False,False,False,False,False,OTHER,,,,,,0,False,False
KUNDANMM,Kundan Minerals and Metals Limited,EQ,10.0,Extra Ordinary General Meeting,2024-03-20,2024-03-20,,,,,corporate_actions_20240301_20240331.json,NSE corporate actions API,EXTRA ORDINARY GENERAL MEETING,False,False,False,False,False,False,False,False,False,False,False,OTHER,,,,,,0,False,False
ACL,Andhra Cements Limited,EQ,10.0,Extra Ordinary General Meeting,2024-03-21,,2024-03-22,2024-03-28,,,corporate_actions_20240301_20240331.json,NSE corporate actions API,EXTRA ORDINARY GENERAL MEETING,False,False,False,False,False,False,False,False,False,False,False,OTHER,,,,,,0,False,False
VIPULLTD,Vipul Limited,EQ,1.0,Extra Ordinary General Meeting,2024-03-21,,2024-03-22,2024-03-29,,,corporate_actions_20240301_20240331.json,NSE corporate actions API,EXTRA ORDINARY GENERAL MEETING,False,False,False,False,False,False,False,False,False,False,False,OTHER,,,,,,0,False,False
GARFIBRES,Garware Technical Fibres Limited,EQ,10.0,Buy Back,2024-03-26,2024-03-26,,,,,corporate_actions_20240301_20240331.json,NSE corporate actions API,BUY BACK,False,False,False,False,False,False,False,False,False,False,False,OTHER,,,,,,0,False,False
SHRADHA,Shradha Realty Limited,EQ,2.0,Extra Ordinary General Meeting,2024-04-15,,2024-04-16,2024-04-23,,,corporate_actions_20240401_20240430.json,NSE corporate actions API,EXTRA ORDINARY GENERAL MEETING,False,False,False,False,False,False,False,False,False,False,False,OTHER,,,,,,0,False,False
EIFFL,Euro India Fresh Foods Limited,EQ,10.0,Extra Ordinary General Meeting,2024-04-16,,2024-04-18,2024-04-24,,,corporate_actions_20240401_20240430.json,NSE corporate actions API,EXTRA ORDINARY GENERAL MEETING,False,False,False,False,False,False,False,False,False,False,False,OTHER,,,,,,0,False,False
SPMLINFRA,SPML Infra Limited,EQ,2.0,Extra Ordinary General Meeting,2024-04-18,,2024-04-19,2024-04-26,,,corporate_actions_20240401_20240430.json,NSE corporate actions API,EXTRA ORDINARY GENERAL MEETING,False,False,False,False,False,False,False,False,False,False,False,OTHER,,,,,,0,False,False
TIPSMUSIC,Tips Music Limited,EQ,1.0,Buy Back,2024-04-22,2024-04-22,,,,,corporate_actions_20240401_20240430.json,NSE corporate actions API,BUY BACK,False,False,False,False,False,False,False,False,False,False,False,OTHER,,,,,,0,False,False
PENINLAND,Peninsula Land Limited,EQ,2.0,Extra Ordinary General Meeting,2024-05-29,,2024-05-30,2024-06-03,,,corporate_actions_20240501_20240531.json,NSE corporate actions API,EXTRA ORDINARY GENERAL MEETING,False,False,False,False,False,False,False,False,False,False,False,OTHER,,,,,,0,False,False
AJANTPHARM,Ajanta Pharma Limited,EQ,2.0,Buy Back,2024-05-30,2024-05-30,,,,,corporate_actions_20240501_20240531.json,NSE corporate actions API,BUY BACK,False,False,False,False,False,False,False,False,False,False,False,OTHER,,,,,,0,False,False
SHARDAMOTR,Sharda Motor Industries Limited,EQ,2.0,Buy Back,2024-06-05,2024-06-05,,,,,corporate_actions_20240601_20240630.json,NSE corporate actions API,BUY BACK,False,False,False,False,False,False,False,False,False,False,False,OTHER,,,,,,0,False,False
CHEVIOT,Cheviot Company Limited,EQ,10.0,Buy Back,2024-06-14,2024-06-14,,,,,corporate_actions_20240601_20240630.json,NSE corporate actions API,BUY BACK,False,False,False,False,False,False,False,False,False,False,False,OTHER,,,,,,0,False,False
JIKIND,JIK Industries Limited,EQ,10.0,Extra Ordinary General Meeting,2024-06-21,,2024-06-22,2024-06-29,,,corporate_actions_20240601_20240630.json,NSE corporate actions API,EXTRA ORDINARY GENERAL MEETING,False,False,False,False,False,False,False,False,False,False,False,OTHER,,,,,,0,False,False
SHANTI,Shanti Overseas (India) Limited,EQ,10.0,Extra Ordinary General Meeting,2024-06-27,,2024-06-28,2024-07-05,,,corporate_actions_20240601_20240630.json,NSE corporate actions API,EXTRA ORDINARY GENERAL MEETING,False,False,False,False,False,False,False,False,False,False,False,OTHER,,,,,,0,False,False
GPIL,Godawari Power And Ispat limited,EQ,1.0,Buy Back,2024-06-28,2024-06-28,,,,,corporate_actions_20240601_20240630.json,NSE corporate actions API,BUY BACK,False,False,False,False,False,False,False,False,False,False,False,OTHER,,,,,,0,False,False
BAJAJCON,Bajaj Consumer Care Limited,EQ,1.0,Buy Back,2024-07-02,2024-07-02,,,,,corporate_actions_20240701_20240731.json,NSE corporate actions API,BUY BACK,False,False,False,False,False,False,False,False,False,False,False,OTHER,,,,,,0,False,False
ECLERX,eClerx Services Limited,EQ,10.0,Buy Back,2024-07-04,2024-07-04,,,,,corporate_actions_20240701_20240731.json,NSE corporate actions API,BUY BACK,False,False,False,False,False,False,False,False,False,False,False,OTHER,,,,,,0,False,False
RITCO,Ritco Logistics Limited,EQ,10.0,Extra-Ordinary General Meeting,2024-07-12,,2024-07-14,2024-07-20,,,corporate_actions_20240701_20240731.json,NSE corporate actions API,EXTRA-ORDINARY GENERAL MEETING,False,False,False,False,False,False,False,False,False,False,False,OTHER,,,,,,0,False,False
RATNAVEER,Ratnaveer Precision Engineering Limited,EQ,10.0,Extra Ordinary General Meeting,2024-07-16,,2024-07-18,2024-07-26,,,corporate_actions_20240701_20240731.json,NSE corporate actions API,EXTRA ORDINARY GENERAL MEETING,False,False,False,False,False,False,False,False,False,False,False,OTHER,,,,,,0,False,False
LLOYDSME,Lloyds Metals And Energy Limited,EQ,1.0,Extra Ordinary General Meeting,2024-07-22,,2024-07-23,2024-07-29,,,corporate_actions_20240701_20240731.json,NSE corporate actions API,EXTRA ORDINARY GENERAL MEETING,False,False,False,False,False,False,False,False,False,False,False,OTHER,,,,,,0,False,False
AUROPHARMA,Aurobindo Pharma Limited,EQ,1.0,Buy Back,2024-07-30,2024-07-30,,,,,corporate_actions_20240701_20240731.json,NSE corporate actions API,BUY BACK,False,False,False,False,False,False,False,False,False,False,False,OTHER,,,,,,0,False,False
WELSPUNLIV,Welspun Living Limited,EQ,1.0,Buy Back,2024-08-05,2024-08-05,,,,,corporate_actions_20240801_20240831.json,NSE corporate actions API,BUY BACK,False,False,False,False,False,False,False,False,False,False,False,OTHER,,,,,,0,False,False
INDUSTOWER,Indus Towers Limited,EQ,10.0,Buy Back,2024-08-09,2024-08-09,,,,,corporate_actions_20240801_20240831.json,NSE corporate actions API,BUY BACK,False,False,False,False,False,False,False,False,False,False,False,OTHER,,,,,,0,False,False
NAVNETEDUL,Navneet Education Limited,EQ,2.0,Buy Back,2024-08-13,2024-08-13,,,,,corporate_actions_20240801_20240831.json,NSE corporate actions API,BUY BACK,False,False,False,False,False,False,False,False,False,False,False,OTHER,,,,,,0,False,False
TTKPRESTIG,TTK Prestige Limited,EQ,1.0,Buy Back,2024-08-14,2024-08-14,,,,,corporate_actions_20240801_20240831.json,NSE corporate actions API,BUY BACK,False,False,False,False,False,False,False,False,False,False,False,OTHER,,,,,,0,False,False
CERA,Cera Sanitaryware Limited,EQ,5.0,Buy Back,2024-08-16,2024-08-16,,,,,corporate_actions_20240801_20240831.json,NSE corporate actions API,BUY BACK,False,False,False,False,False,False,False,False,False,False,False,OTHER,,,,,,0,False,False
DHANUKA,Dhanuka Agritech Limited,EQ,2.0,Buy Back,2024-08-16,2024-08-16,,,,,corporate_actions_20240801_20240831.json,NSE corporate actions API,BUY BACK,False,False,False,False,False,False,False,False,False,False,False,OTHER,,,,,,0,False,False
SOTL,Savita Oil Technologies Limited,EQ,2.0,Buy Back,2024-08-16,2024-08-16,,,,,corporate_actions_20240801_20240831.json,NSE corporate actions API,BUY BACK,False,False,False,False,False,False,False,False,False,False,False,OTHER,,,,,,0,False,False
CLSEL,Chaman Lal Setia Exports Limited,EQ,2.0,Buy Back,2024-08-19,2024-08-19,,,,,corporate_actions_20240801_20240831.json,NSE corporate actions API,BUY BACK,False,False,False,False,False,False,False,False,False,False,False,OTHER,,,,,,0,False,False
AIAENG,AIA Engineering Limited,EQ,2.0,Buy Back,2024-08-20,2024-08-20,,,,,corporate_actions_20240801_20240831.json,NSE corporate actions API,BUY BACK,False,False,False,False,False,False,False,False,False,False,False,OTHER,,,,,,0,False,False
SYMPHONY,Symphony Limited,EQ,2.0,Buy Back,2024-08-21,2024-08-21,,,,,corporate_actions_20240801_20240831.json,NSE corporate actions API,BUY BACK,False,False,False,False,False,False,False,False,False,False,False,OTHER,,,,,,0,False,False
BBOX,Black Box Limited,EQ,2.0,Extra Ordinary General Meeting,2024-08-22,2024-08-22,,,,,corporate_actions_20240801_20240831.json,NSE corporate actions API,EXTRA ORDINARY GENERAL MEETING,False,False,False,False,False,False,False,False,False,False,False,OTHER,,,,,,0,False,False
MAYURUNIQ,Mayur Uniquoters Ltd,EQ,5.0,Buy Back,2024-08-23,2024-08-23,,,,,corporate_actions_20240801_20240831.json,NSE corporate actions API,BUY BACK,False,False,False,False,False,False,False,False,False,False,False,OTHER,,,,,,0,False,False
VLSFINANCE,VLS Finance Limited,EQ,10.0,Buy Back,2024-08-26,2024-08-26,,,,,corporate_actions_20240801_20240831.json,NSE corporate actions API,BUY BACK,False,False,False,False,False,False,False,False,False,False,False,OTHER,,,,,,0,False,False
KDDL,KDDL Limited,EQ,10.0,Buy Back,2024-08-27,2024-08-27,,,,,corporate_actions_20240801_20240831.json,NSE corporate actions API,BUY BACK,False,False,False,False,False,False,False,False,False,False,False,OTHER,,,,,,0,False,False
SUPRAJIT,Suprajit Engineering Limited,EQ,1.0,Buy Back,2024-08-27,2024-08-27,,,,,corporate_actions_20240801_20240831.json,NSE corporate actions API,BUY BACK,False,False,False,False,False,False,False,False,False,False,False,OTHER,,,,,,0,False,False
TIIL,Technocraft Industries (India) Limited,EQ,10.0,Buy Back,2024-08-27,2024-08-27,,,,,corporate_actions_20240801_20240831.json,NSE corporate actions API,BUY BACK,False,False,False,False,False,False,False,False,False,False,False,OTHER,,,,,,0,False,False
WEIZMANIND,Weizmann Limited,EQ,10.0,Buy Back,2024-08-30,2024-08-30,,,,,corporate_actions_20240801_20240831.json,NSE corporate actions API,BUY BACK,False,False,False,False,False,False,False,False,False,False,False,OTHER,,,,,,0,False,False
NUCLEUS,Nucleus Software Exports Limited,EQ,10.0,Buy Back,2024-09-03,2024-09-03,,,,,corporate_actions_20240901_20240930.json,NSE corporate actions API,BUY BACK,False,False,False,False,False,False,False,False,False,False,False,OTHER,,,,,,0,False,False
TCI,Transport Corporation of India Limited,EQ,2.0,Buy Back,2024-09-04,2024-09-04,,,,,corporate_actions_20240901_20240930.json,NSE corporate actions API,BUY BACK,False,False,False,False,False,False,False,False,False,False,False,OTHER,,,,,,0,False,False
AARTIDRUGS,Aarti Drugs Limited,EQ,10.0,Buy Back,2024-09-05,2024-09-05,,,,,corporate_actions_20240901_20240930.json,NSE corporate actions API,BUY BACK,False,False,False,False,False,False,False,False,False,False,False,OTHER,,,,,,0,False,False
JAICORPLTD,Jai Corp Limited,EQ,1.0,Buy Back,2024-09-10,2024-09-10,,,,,corporate_actions_20240901_20240930.json,NSE corporate actions API,BUY BACK,False,False,False,False,False,False,False,False,False,False,False,OTHER,,,,,,0,False,False
INSECTICID,Insecticides (India) Limited,EQ,10.0,Buy Back,2024-09-11,2024-09-11,,,,,corporate_actions_20240901_20240930.json,NSE corporate actions API,BUY BACK,False,False,False,False,False,False,False,False,False,False,False,OTHER,,,,,,0,False,False
UTTAMSUGAR,Uttam Sugar Mills Limited,EQ,10.0,Annual General Meetingdividend - Rs 2.5 Per Share,2024-09-11,,2024-09-12,2024-09-18,,,corporate_actions_20240901_20240930.json,NSE corporate actions API,ANNUAL GENERAL MEETINGDIVIDEND - RS 2.5 PER SHARE,False,False,False,False,False,False,False,False,False,False,False,OTHER,,,,,,0,False,False
JINDALSAW,Jindal Saw Limited,EQ,1.0,Extra Ordinary General Meeting,2024-09-13,,2024-09-17,2024-09-23,,,corporate_actions_20240901_20240930.json,NSE corporate actions API,EXTRA ORDINARY GENERAL MEETING,False,False,False,False,False,False,False,False,False,False,False,OTHER,,,,,,0,False,False
RUBFILA,Rubfila International Limited,EQ,5.0,Annual General Meetingdividend - Re 1.20 Per Share,2024-09-13,,2024-09-17,2024-09-23,,,corporate_actions_20240901_20240930.json,NSE corporate actions API,ANNUAL GENERAL MEETINGDIVIDEND - RE 1.20 PER SHARE,False,False,False,False,False,False,False,False,False,False,False,OTHER,,,,,,0,False,False
BALPHARMA,Bal Pharma Limited,EQ,10.0,Annual General Me0etingdividend - Rs 1.2 Per Share,2024-09-17,,2024-09-19,2024-09-25,,,corporate_actions_20240901_20240930.json,NSE corporate actions API,ANNUAL GENERAL ME0ETINGDIVIDEND - RS 1.2 PER SHARE,False,False,False,False,False,False,False,False,False,False,False,OTHER,,,,,,0,False,False
CENTURYPLY,Century Plyboards (India) Limited,EQ,1.0,Annual General Meetingdividend - Rs 1 Per Share,2024-09-17,,2024-09-19,2024-09-25,,,corporate_actions_20240901_20240930.json,NSE corporate actions API,ANNUAL GENERAL MEETINGDIVIDEND - RS 1 PER SHARE,False,False,False,False,False,False,False,False,False,False,False,OTHER,,,,,,0,False,False
DENORA,De Nora India Limited,EQ,10.0,Annual General Meetingdividend - Rs 2 Per Share,2024-09-17,,2024-09-19,2024-09-25,,,corporate_actions_20240901_20240930.json,NSE corporate actions API,ANNUAL GENERAL MEETINGDIVIDEND - RS 2 PER SHARE,False,False,False,False,False,False,False,False,False,False,False,OTHER,,,,,,0,False,False
GUFICBIO,Gufic Biosciences Limited,EQ,1.0,Annual General Meetingdividend - Re 0.10 Per Share,2024-09-17,,2024-09-19,2024-09-25,,,corporate_actions_20240901_20240930.json,NSE corporate actions API,ANNUAL GENERAL MEETINGDIVIDEND - RE 0.10 PER SHARE,False,False,False,False,False,False,False,False,False,False,False,OTHER,,,,,,0,False,False
NLCINDIA,NLC India Limited,EQ,10.0,Annual General Meetingdividend - Re 1.50 Per Share,2024-09-17,,2024-09-19,2024-09-25,,,corporate_actions_20240901_20240930.json,NSE corporate actions API,ANNUAL GENERAL MEETINGDIVIDEND - RE 1.50 PER SHARE,False,False,False,False,False,False,False,False,False,False,False,OTHER,,,,,,0,False,False
SKMEGGPROD,SKM Egg Products Export (India) Limited,EQ,5.0,Annual General Meetingdividend - Rs 2.5 Per Share,2024-09-17,,2024-09-19,2024-09-25,,,corporate_actions_20240901_20240930.json,NSE corporate actions API,ANNUAL GENERAL MEETINGDIVIDEND - RS 2.5 PER SHARE,False,False,False,False,False,False,False,False,False,False,False,OTHER,,,,,,0,False,False
INDOTHAI,Indo Thai Securities Limited,EQ,1.0,Annual General Meetingdividend - Re 0.60 Per Share,2024-09-20,,2024-09-21,2024-09-24,,,corporate_actions_20240901_20240930.json,NSE corporate actions API,ANNUAL GENERAL MEETINGDIVIDEND - RE 0.60 PER SHARE,False,False,False,False,False,False,False,False,False,False,False,OTHER,,,,,,0,False,False
MANPASAND,Manpasand Beverages Limited,EQ,10.0,Extra Ordinary General Meeting,2024-09-26,,2024-09-27,2024-10-04,,,corporate_actions_20240901_20240930.json,NSE corporate actions API,EXTRA ORDINARY GENERAL MEETING,False,False,False,False,False,False,False,False,False,False,False,OTHER,,,,,,0,False,False
FMNL,Future Market Networks Limited,EQ,10.0,Extra Ordinary General Meeting,2024-10-22,2024-10-22,,,,,corporate_actions_20241001_20241031.json,NSE corporate actions API,EXTRA ORDINARY GENERAL MEETING,False,False,False,False,False,False,False,False,False,False,False,OTHER,,,,,,0,False,False
LEXUS,Lexus Granito (India) Limited,EQ,10.0,Extra Ordinary General Meeting,2024-10-22,,2024-10-23,2024-10-25,,,corporate_actions_20241001_20241031.json,NSE corporate actions API,EXTRA ORDINARY GENERAL MEETING,False,False,False,False,False,False,False,False,False,False,False,OTHER,,,,,,0,False,False
MATRIMONY,Matrimony.Com Limited,EQ,5.0,Buy Back,2024-10-25,2024-10-25,,,,,corporate_actions_20241001_20241031.json,NSE corporate actions API,BUY BACK,False,False,False,False,False,False,False,False,False,False,False,OTHER,,,,,,0,False,False
JYOTISTRUC,Jyoti Structures Limited,EQ,2.0,Extra Ordinary General Meeting,2024-10-31,,2024-11-02,2024-11-09,,,corporate_actions_20241001_20241031.json,NSE corporate actions API,EXTRA ORDINARY GENERAL MEETING,False,False,False,False,False,False,False,False,False,False,False,OTHER,,,,,,0,False,False
ROSSARI,Rossari Biotech Limited,EQ,2.0,Extra Ordinary General Meeting,2024-11-04,,2024-11-05,2024-11-11,,,corporate_actions_20241101_20241130.json,NSE corporate actions API,EXTRA ORDINARY GENERAL MEETING,False,False,False,False,False,False,False,False,False,False,False,OTHER,,,,,,0,False,False
DIACABS,Diamond Power Infrastructure Limited,EQ,1.0,Extra Ordinary General Meeting,2024-11-08,,2024-11-09,2024-11-15,,,corporate_actions_20241101_20241130.json,NSE corporate actions API,EXTRA ORDINARY GENERAL MEETING,False,False,False,False,False,False,False,False,False,False,False,OTHER,,,,,,0,False,False
GLOBAL,Global Education Limited,EQ,2.0,Extra Ordinary General Meeting,2024-11-08,,2024-11-11,2024-11-19,,,corporate_actions_20241101_20241130.json,NSE corporate actions API,EXTRA ORDINARY GENERAL MEETING,False,False,False,False,False,False,False,False,False,False,False,OTHER,,,,,,0,False,False
RGL,Renaissance Global Limited,EQ,2.0,Extra Ordinary General Meeting,2024-11-08,,2024-11-09,2024-11-16,,,corporate_actions_20241101_20241130.json,NSE corporate actions API,EXTRA ORDINARY GENERAL MEETING,False,False,False,False,False,False,False,False,False,False,False,OTHER,,,,,,0,False,False
SHRADHA,Shradha Realty Limited,EQ,2.0,Extra Ordinary General Meeting,2024-11-08,,2024-11-11,2024-11-19,,,corporate_actions_20241101_20241130.json,NSE corporate actions API,EXTRA ORDINARY GENERAL MEETING,False,False,False,False,False,False,False,False,False,False,False,OTHER,,,,,,0,False,False
VIVIDHA,Visagar Polytex Limited,EQ,1.0,Extra Ordinary General Meeting,2024-11-14,,2024-11-18,2024-11-22,,,corporate_actions_20241101_20241130.json,NSE corporate actions API,EXTRA ORDINARY GENERAL MEETING,False,False,False,False,False,False,False,False,False,False,False,OTHER,,,,,,0,False,False
GFSTEELS,Grand Foundry Limited,EQ,4.0,Extra Ordinary General Meeting,2024-11-22,,2024-11-23,2024-11-29,,,corporate_actions_20241101_20241130.json,NSE corporate actions API,EXTRA ORDINARY GENERAL MEETING,False,False,False,False,False,False,False,False,False,False,False,OTHER,,,,,,0,False,False
KUNDANMM,Kundan Minerals and Metals Limited,EQ,10.0,Extra Ordinary General Meeting,2024-11-22,,2024-11-25,2024-12-01,,,corporate_actions_20241101_20241130.json,NSE corporate actions API,EXTRA ORDINARY GENERAL MEETING,False,False,False,False,False,False,False,False,False,False,False,OTHER,,,,,,0,False,False
JINDALSAW,Jindal Saw Limited,EQ,1.0,Extra Ordinary General Meeting,2024-11-29,,2024-11-30,2024-12-06,,,corporate_actions_20241101_20241130.json,NSE corporate actions API,EXTRA ORDINARY GENERAL MEETING,False,False,False,False,False,False,False,False,False,False,False,OTHER,,,,,,0,False,False
GRPLTD,GRP Limited,EQ,10.0,Extra Ordinary General Meeting,2024-12-06,,2024-12-08,2024-12-14,,,corporate_actions_20241201_20241231.json,NSE corporate actions API,EXTRA ORDINARY GENERAL MEETING,False,False,False,False,False,False,False,False,False,False,False,OTHER,,,,,,0,False,False
NORBTEAEXP,Norben Tea & Exports Limited,EQ,10.0,Extra Ordinary General Meeting,2024-12-23,2024-12-23,,,,,corporate_actions_20241201_20241231.json,NSE corporate actions API,EXTRA ORDINARY GENERAL MEETING,False,False,False,False,False,False,False,False,False,False,False,OTHER,,,,,,0,False,False
NORBTEAEXP,Norben Tea & Exports Limited,EQ,10.0,Extra Ordinary General Meeting,2024-12-23,,2024-12-24,2024-12-30,,,corporate_actions_20241201_20241231.json,NSE corporate actions API,EXTRA ORDINARY GENERAL MEETING,False,False,False,False,False,False,False,False,False,False,False,OTHER,,,,,,0,False,False
PAR,Par Drugs and Chemicals Limited,EQ,10.0,Extra Ordinary General Meeting,2024-12-23,2024-12-23,,,,,corporate_actions_20241201_20241231.json,NSE corporate actions API,EXTRA ORDINARY GENERAL MEETING,False,False,False,False,False,False,False,False,False,False,False,OTHER,,,,,,0,False,False
SOUTHWEST,South West Pinnacle Exploration Limited,EQ,10.0,Extra Ordinary General Meeting,2024-12-26,,2024-12-27,2025-01-02,,,corporate_actions_20241201_20241231.json,NSE corporate actions API,EXTRA ORDINARY GENERAL MEETING,False,False,False,False,False,False,False,False,False,False,False,OTHER,,,,,,0,False,False
MANPASAND,Manpasand Beverages Limited,EQ,10.0,Extra Ordinary General Meeting,2024-12-30,,2024-12-31,2025-01-07,,,corporate_actions_20241201_20241231.json,NSE corporate actions API,EXTRA ORDINARY GENERAL MEETING,False,False,False,False,False,False,False,False,False,False,False,OTHER,,,,,,0,False,False
SHRADHA,Shradha Realty Limited,EQ,2.0,Extra Ordinary General Meeting,2025-01-21,,2025-01-22,2025-01-30,,,corporate_actions_20250101_20250131.json,NSE corporate actions API,EXTRA ORDINARY GENERAL MEETING,False,False,False,False,False,False,False,False,False,False,False,OTHER,,,,,,0,False,False
SVLL,Shree Vasu Logistics Limited,EQ,10.0,Extra Ordinary General Meeting,2025-01-21,,2025-01-22,2025-01-28,,,corporate_actions_20250101_20250131.json,NSE corporate actions API,EXTRA ORDINARY GENERAL MEETING,False,False,False,False,False,False,False,False,False,False,False,OTHER,,,,,,0,False,False
REPL,Rudrabhishek Enterprises Limited,EQ,10.0,Extra Ordinary General Meeting,2025-01-24,2025-01-24,,,,,corporate_actions_20250101_20250131.json,NSE corporate actions API,EXTRA ORDINARY GENERAL MEETING,False,False,False,False,False,False,False,False,False,False,False,OTHER,,,,,,0,False,False
LTFOODS,LT Foods Limited,EQ,1.0,Interimdividend - Re 0.50 Per Share,2025-02-04,2025-02-04,,,,,corporate_actions_20250201_20250228.json,NSE corporate actions API,INTERIMDIVIDEND - RE 0.50 PER SHARE,False,False,False,False,False,False,False,False,False,False,False,OTHER,,,,,,0,False,False
NAVA,NAVA LIMITED,EQ,1.0,Buy Back,2025-02-28,2025-02-28,,,,,corporate_actions_20250201_20250228.json,NSE corporate actions API,BUY BACK,False,False,False,False,False,False,False,False,False,False,False,OTHER,,,,,,0,False,False
BCG,Brightcom Group Limited,EQ,2.0,Extra Ordinary General Meeting,2025-04-23,2025-04-23,,,,,corporate_actions_20250401_20250430.json,NSE corporate actions API,EXTRA ORDINARY GENERAL MEETING,False,False,False,False,False,False,False,False,False,False,False,OTHER,,,,,,0,False,False
NITIRAJ,Nitiraj Engineers Limited,EQ,10.0,Extra Ordinary General Meeting,2025-05-02,2025-05-02,,,,,corporate_actions_20250501_20250531.json,NSE corporate actions API,EXTRA ORDINARY GENERAL MEETING,False,False,False,False,False,False,False,False,False,False,False,OTHER,,,,,,0,False,False
DHAMPURSUG,Dhampur Sugar Mills Limited,EQ,10.0,Buy Back,2025-05-23,2025-05-23,,,,,corporate_actions_20250501_20250531.json,NSE corporate actions API,BUY BACK,False,False,False,False,False,False,False,False,False,False,False,OTHER,,,,,,0,False,False
INFOBEAN,InfoBeans Technologies Limited,EQ,10.0,Buy Back,2025-05-27,2025-05-27,,,,,corporate_actions_20250501_20250531.json,NSE corporate actions API,BUY BACK,False,False,False,False,False,False,False,False,False,False,False,OTHER,,,,,,0,False,False
SIS,SIS LIMITED,EQ,5.0,Buy Back,2025-06-06,2025-06-06,,,,,corporate_actions_20250601_20250630.json,NSE corporate actions API,BUY BACK,False,False,False,False,False,False,False,False,False,False,False,OTHER,,,,,,0,False,False
TRACXN,Tracxn Technologies Limited,EQ,1.0,Buy Back,2025-07-18,2025-07-18,,,,,corporate_actions_20250701_20250731.json,NSE corporate actions API,BUY BACK,False,False,False,False,False,False,False,False,False,False,False,OTHER,,,,,,0,False,False
TANLA,Tanla Platforms Limited,EQ,1.0,Buy Back,2025-07-23,2025-07-23,,,,,corporate_actions_20250701_20250731.json,NSE corporate actions API,BUY BACK,False,False,False,False,False,False,False,False,False,False,False,OTHER,,,,,,0,False,False
CAPINVIT,Capital Infra Trust,IV,99.0,Distribution - Re 1 Per Unit Consisting Of Return Of Capital Re 1 Per Unit,2025-08-11,2025-08-11,,,,,corporate_actions_20250801_20250831.json,NSE corporate actions API,DISTRIBUTION - RE 1 PER UNIT CONSISTING OF RETURN OF CAPITAL RE 1 PER UNIT,False,False,False,False,False,False,False,False,False,False,False,OTHER,,,,,,0,False,False
BAJAJCON,Bajaj Consumer Care Limited,EQ,1.0,Buy Back,2025-09-04,2025-09-05,,,,,corporate_actions_20250901_20250930.json,NSE corporate actions API,BUY BACK,False,False,False,False,False,False,False,False,False,False,False,OTHER,,,,,,0,False,False
GHCL,GHCL Limited,EQ,10.0,Buy Back,2025-11-14,2025-11-14,,,,,corporate_actions_20251101_20251130.json,NSE corporate actions API,BUY BACK,False,False,False,False,False,False,False,False,False,False,False,OTHER,,,,,,0,False,False
INFY,Infosys Limited,EQ,5.0,Buy Back,2025-11-14,2025-11-14,,,,,corporate_actions_20251101_20251130.json,NSE corporate actions API,BUY BACK,False,False,False,False,False,False,False,False,False,False,False,OTHER,,,,,,0,False,False
NURECA,Nureca Limited,EQ,10.0,Buy Back,2025-12-12,2025-12-12,,,,,corporate_actions_20251201_20251231.json,NSE corporate actions API,BUY BACK,False,False,False,False,False,False,False,False,False,False,False,OTHER,,,,,,0,False,False
VLSFINANCE,VLS Finance Limited,EQ,10.0,Buy Back,2025-12-12,2025-12-12,,,,,corporate_actions_20251201_20251231.json,NSE corporate actions API,BUY BACK,False,False,False,False,False,False,False,False,False,False,False,OTHER,,,,,,0,False,False
ECLERX,eClerx Services Limited,EQ,10.0,Buy Back,2025-12-17,2025-12-17,,,,,corporate_actions_20251201_20251231.json,NSE corporate actions API,BUY BACK,False,False,False,False,False,False,False,False,False,False,False,OTHER,,,,,,0,False,False
NECLIFE,Nectar Lifesciences Limited,EQ,1.0,Buy Back,2025-12-24,2025-12-24,,,,,corporate_actions_20251201_20251231.json,NSE corporate actions API,BUY BACK,False,False,False,False,False,False,False,False,False,False,False,OTHER,,,,,,0,False,False
FAIRCHEMOR,Fairchem Organics Limited,EQ,10.0,Buy Back,2026-01-05,2026-01-05,,,,,corporate_actions_20260101_20260131.json,NSE corporate actions API,BUY BACK,False,False,False,False,False,False,False,False,False,False,False,OTHER,,,,,,0,False,False
MATRIMONY,Matrimony.Com Limited,EQ,5.0,Buy Back,2026-01-30,2026-01-30,,,,,corporate_actions_20260101_20260131.json,NSE corporate actions API,BUY BACK,False,False,False,False,False,False,False,False,False,False,False,OTHER,,,,,,0,False,False
GOCOLORS,Go Fashion (India) Limited,EQ,10.0,Buy Back,2026-02-09,2026-02-09,,,,,corporate_actions_20260201_20260228.json,NSE corporate actions API,BUY BACK,False,False,False,False,False,False,False,False,False,False,False,OTHER,,,,,,0,False,False
