date,tri,index_name,source_file,tri_return,calendar_gap_days
2013-01-01,6621.03,NIFTY 500,NIFTY 500_Historical_TR_01012013to31122013.csv,,
2013-01-02,6666.27,NIFTY 500,NIFTY 500_Historical_TR_01012013to31122013.csv,0.006832773752724286,1.0
2013-01-03,6689.51,NIFTY 500,NIFTY 500_Historical_TR_01012013to31122013.csv,0.0034862074293420253,1.0
2013-01-04,6701.0,NIFTY 500,NIFTY 500_Historical_TR_01012013to31122013.csv,0.001717614593595096,1.0
2013-01-07,6683.61,NIFTY 500,NIFTY 500_Historical_TR_01012013to31122013.csv,-0.0025951350544695106,3.0
2013-01-08,6692.62,NIFTY 500,NIFTY 500_Historical_TR_01012013to31122013.csv,0.0013480738702587036,1.0
2013-01-09,6661.92,NIFTY 500,NIFTY 500_Historical_TR_01012013to31122013.csv,-0.004587142255200516,1.0
2013-01-10,6652.83,NIFTY 500,NIFTY 500_Historical_TR_01012013to31122013.csv,-0.0013644715037106625,1.0
2013-01-11,6609.88,NIFTY 500,NIFTY 500_Historical_TR_01012013to31122013.csv,-0.006455899218828609,1.0
2013-01-14,6690.9,NIFTY 500,NIFTY 500_Historical_TR_01012013to31122013.csv,0.012257408606510145,3.0
2013-01-15,6721.61,NIFTY 500,NIFTY 500_Historical_TR_01012013to31122013.csv,0.004589816018771842,1.0
2013-01-16,6650.66,NIFTY 500,NIFTY 500_Historical_TR_01012013to31122013.csv,-0.010555506790783764,1.0
2013-01-17,6683.81,NIFTY 500,NIFTY 500_Historical_TR_01012013to31122013.csv,0.00498446770696459,1.0
2013-01-18,6701.36,NIFTY 500,NIFTY 500_Historical_TR_01012013to31122013.csv,0.0026257478893025876,1.0
2013-01-21,6718.01,NIFTY 500,NIFTY 500_Historical_TR_01012013to31122013.csv,0.0024845702961788785,3.0
2013-01-22,6671.44,NIFTY 500,NIFTY 500_Historical_TR_01012013to31122013.csv,-0.006932112336837881,1.0
2013-01-23,6661.59,NIFTY 500,NIFTY 500_Historical_TR_01012013to31122013.csv,-0.0014764428669071794,1.0
2013-01-24,6591.13,NIFTY 500,NIFTY 500_Historical_TR_01012013to31122013.csv,-0.01057705442694612,1.0
2013-01-25,6663.88,NIFTY 500,NIFTY 500_Historical_TR_01012013to31122013.csv,0.011037561085883496,1.0
2013-01-28,6666.48,NIFTY 500,NIFTY 500_Historical_TR_01012013to31122013.csv,0.00039016308817085843,3.0
2013-01-29,6633.97,NIFTY 500,NIFTY 500_Historical_TR_01012013to31122013.csv,-0.004876636545823154,1.0
2013-01-30,6637.28,NIFTY 500,NIFTY 500_Historical_TR_01012013to31122013.csv,0.0004989470859830814,1.0
2013-01-31,6634.78,NIFTY 500,NIFTY 500_Historical_TR_01012013to31122013.csv,-0.0003766603186847739,1.0
2013-02-01,6608.15,NIFTY 500,NIFTY 500_Historical_TR_01012013to31122013.csv,-0.004013697515215298,1.0
2013-02-04,6585.55,NIFTY 500,NIFTY 500_Historical_TR_01012013to31122013.csv,-0.00342001921869195,3.0
2013-02-05,6550.49,NIFTY 500,NIFTY 500_Historical_TR_01012013to31122013.csv,-0.005323777057345325,1.0
2013-02-06,6556.73,NIFTY 500,NIFTY 500_Historical_TR_01012013to31122013.csv,0.0009526004924822473,1.0
2013-02-07,6522.41,NIFTY 500,NIFTY 500_Historical_TR_01012013to31122013.csv,-0.005234316496180225,1.0
2013-02-08,6480.27,NIFTY 500,NIFTY 500_Historical_TR_01012013to31122013.csv,-0.006460802065494153,1.0
2013-02-11,6474.03,NIFTY 500,NIFTY 500_Historical_TR_01012013to31122013.csv,-0.0009629228411780488,3.0
2013-02-12,6491.27,NIFTY 500,NIFTY 500_Historical_TR_01012013to31122013.csv,0.0026629471905443847,1.0
2013-02-13,6488.71,NIFTY 500,NIFTY 500_Historical_TR_01012013to31122013.csv,-0.0003943758309237211,1.0
2013-02-14,6436.06,NIFTY 500,NIFTY 500_Historical_TR_01012013to31122013.csv,-0.008114093556346291,1.0
2013-02-15,6432.36,NIFTY 500,NIFTY 500_Historical_TR_01012013to31122013.csv,-0.0005748858773847454,1.0
2013-02-18,6450.13,NIFTY 500,NIFTY 500_Historical_TR_01012013to31122013.csv,0.0027625941334130655,3.0
2013-02-19,6502.07,NIFTY 500,NIFTY 500_Historical_TR_01012013to31122013.csv,0.008052550878819398,1.0
2013-02-20,6503.83,NIFTY 500,NIFTY 500_Historical_TR_01012013to31122013.csv,0.00027068302863542115,1.0
2013-02-21,6397.81,NIFTY 500,NIFTY 500_Historical_TR_01012013to31122013.csv,-0.016301164083316944,1.0
2013-02-22,6397.86,NIFTY 500,NIFTY 500_Historical_TR_01012013to31122013.csv,7.815174254854895e-06,1.0
2013-02-25,6383.84,NIFTY 500,NIFTY 500_Historical_TR_01012013to31122013.csv,-0.002191357735242594,3.0
2013-02-26,6280.65,NIFTY 500,NIFTY 500_Historical_TR_01012013to31122013.csv,-0.016164252236898213,1.0
2013-02-27,6323.66,NIFTY 500,NIFTY 500_Historical_TR_01012013to31122013.csv,0.00684801732304785,1.0
2013-02-28,6198.24,NIFTY 500,NIFTY 500_Historical_TR_01012013to31122013.csv,-0.019833450881293402,1.0
2013-03-01,6229.92,NIFTY 500,NIFTY 500_Historical_TR_01012013to31122013.csv,0.0051111283202973645,1.0
2013-03-04,6188.94,NIFTY 500,NIFTY 500_Historical_TR_01012013to31122013.csv,-0.006577933585022011,3.0
2013-03-05,6284.24,NIFTY 500,NIFTY 500_Historical_TR_01012013to31122013.csv,0.015398436565873919,1.0
2013-03-06,6327.79,NIFTY 500,NIFTY 500_Historical_TR_01012013to31122013.csv,0.006930034499000648,1.0
2013-03-07,6370.86,NIFTY 500,NIFTY 500_Historical_TR_01012013to31122013.csv,0.0068064837802770395,1.0
2013-03-08,6452.74,NIFTY 500,NIFTY 500_Historical_TR_01012013to31122013.csv,0.012852267982658594,1.0
2013-03-11,6453.58,NIFTY 500,NIFTY 500_Historical_TR_01012013to31122013.csv,0.00013017725803310398,3.0
2013-03-12,6419.89,NIFTY 500,NIFTY 500_Historical_TR_01012013to31122013.csv,-0.005220358312750362,1.0
2013-03-13,6348.1,NIFTY 500,NIFTY 500_Historical_TR_01012013to31122013.csv,-0.01118243459000079,1.0
2013-03-14,6404.49,NIFTY 500,NIFTY 500_Historical_TR_01012013to31122013.csv,0.008882972858020421,1.0
2013-03-15,6366.35,NIFTY 500,NIFTY 500_Historical_TR_01012013to31122013.csv,-0.0059551970570645985,1.0
2013-03-18,6332.11,NIFTY 500,NIFTY 500_Historical_TR_01012013to31122013.csv,-0.005378277977176937,3.0
2013-03-19,6232.82,NIFTY 500,NIFTY 500_Historical_TR_01012013to31122013.csv,-0.015680397213567066,1.0
2013-03-20,6156.96,NIFTY 500,NIFTY 500_Historical_TR_01012013to31122013.csv,-0.01217105579817801,1.0
2013-03-21,6112.45,NIFTY 500,NIFTY 500_Historical_TR_01012013to31122013.csv,-0.007229217016189837,1.0
2013-03-22,6101.23,NIFTY 500,NIFTY 500_Historical_TR_01012013to31122013.csv,-0.0018355978372012194,1.0
2013-03-25,6081.57,NIFTY 500,NIFTY 500_Historical_TR_01012013to31122013.csv,-0.003222301076995948,3.0
2013-03-26,6087.66,NIFTY 500,NIFTY 500_Historical_TR_01012013to31122013.csv,0.00100138615521983,1.0
2013-03-28,6148.26,NIFTY 500,NIFTY 500_Historical_TR_01012013to31122013.csv,0.009954563822552664,2.0
2013-04-01,6186.03,NIFTY 500,NIFTY 500_Historical_TR_01012013to31122013.csv,0.006143201491153549,4.0
2013-04-02,6245.85,NIFTY 500,NIFTY 500_Historical_TR_01012013to31122013.csv,0.009670176187312585,1.0
2013-04-03,6174.43,NIFTY 500,NIFTY 500_Historical_TR_01012013to31122013.csv,-0.011434792702354368,1.0
2013-04-04,6066.04,NIFTY 500,NIFTY 500_Historical_TR_01012013to31122013.csv,-0.017554656867111662,1.0
2013-04-05,6049.49,NIFTY 500,NIFTY 500_Historical_TR_01012013to31122013.csv,-0.0027283038028104167,1.0
2013-04-08,6041.87,NIFTY 500,NIFTY 500_Historical_TR_01012013to31122013.csv,-0.0012596103142579196,3.0
2013-04-09,5989.54,NIFTY 500,NIFTY 500_Historical_TR_01012013to31122013.csv,-0.008661225746333545,1.0
2013-04-10,6049.16,NIFTY 500,NIFTY 500_Historical_TR_01012013to31122013.csv,0.009954019841256656,1.0
2013-04-11,6079.13,NIFTY 500,NIFTY 500_Historical_TR_01012013to31122013.csv,0.0049544068928579765,1.0
2013-04-12,6030.25,NIFTY 500,NIFTY 500_Historical_TR_01012013to31122013.csv,-0.008040624234059823,1.0
2013-04-15,6062.58,NIFTY 500,NIFTY 500_Historical_TR_01012013to31122013.csv,0.005361303428547792,3.0
2013-04-16,6175.48,NIFTY 500,NIFTY 500_Historical_TR_01012013to31122013.csv,0.018622434673027044,1.0
2013-04-17,6181.34,NIFTY 500,NIFTY 500_Historical_TR_01012013to31122013.csv,0.0009489140925078576,1.0
2013-04-18,6271.49,NIFTY 500,NIFTY 500_Historical_TR_01012013to31122013.csv,0.014584216367324876,1.0
2013-04-22,6337.53,NIFTY 500,NIFTY 500_Historical_TR_01012013to31122013.csv,0.010530192984442355,4.0
2013-04-23,6334.75,NIFTY 500,NIFTY 500_Historical_TR_01012013to31122013.csv,-0.00043865670063880646,1.0
2013-04-25,6406.71,NIFTY 500,NIFTY 500_Historical_TR_01012013to31122013.csv,0.011359564307983794,2.0
2013-04-26,6361.47,NIFTY 500,NIFTY 500_Historical_TR_01012013to31122013.csv,-0.007061346619403719,1.0
2013-04-29,6401.95,NIFTY 500,NIFTY 500_Historical_TR_01012013to31122013.csv,0.006363309109372439,3.0
2013-04-30,6430.9,NIFTY 500,NIFTY 500_Historical_TR_01012013to31122013.csv,0.004522059684939794,1.0
2013-05-02,6504.78,NIFTY 500,NIFTY 500_Historical_TR_01012013to31122013.csv,0.011488283132998545,2.0
2013-05-03,6455.0,NIFTY 500,NIFTY 500_Historical_TR_01012013to31122013.csv,-0.007652833762248679,1.0
2013-05-06,6491.76,NIFTY 500,NIFTY 500_Historical_TR_01012013to31122013.csv,0.005694810224632141,3.0
2013-05-07,6563.83,NIFTY 500,NIFTY 500_Historical_TR_01012013to31122013.csv,0.01110176593096468,1.0
2013-05-08,6587.26,NIFTY 500,NIFTY 500_Historical_TR_01012013to31122013.csv,0.003569562282996319,1.0
2013-05-09,6564.15,NIFTY 500,NIFTY 500_Historical_TR_01012013to31122013.csv,-0.003508287208945804,1.0
2013-05-10,6610.48,NIFTY 500,NIFTY 500_Historical_TR_01012013to31122013.csv,0.007058034932169388,1.0
2013-05-11,6625.08,NIFTY 500,NIFTY 500_Historical_TR_01012013to31122013.csv,0.0022086142004817955,1.0
2013-05-13,6500.34,NIFTY 500,NIFTY 500_Historical_TR_01012013to31122013.csv,-0.01882845188284521,2.0
2013-05-14,6518.01,NIFTY 500,NIFTY 500_Historical_TR_01012013to31122013.csv,0.0027183193494493274,1.0
2013-05-15,6668.38,NIFTY 500,NIFTY 500_Historical_TR_01012013to31122013.csv,0.023069924716285994,1.0
2013-05-16,6695.1,NIFTY 500,NIFTY 500_Historical_TR_01012013to31122013.csv,0.00400697020865648,1.0
2013-05-17,6718.54,NIFTY 500,NIFTY 500_Historical_TR_01012013to31122013.csv,0.003501067945213654,1.0
2013-05-20,6683.64,NIFTY 500,NIFTY 500_Historical_TR_01012013to31122013.csv,-0.005194580965507289,3.0
2013-05-21,6636.87,NIFTY 500,NIFTY 500_Historical_TR_01012013to31122013.csv,-0.006997683896798779,1.0
2013-05-22,6607.3,NIFTY 500,NIFTY 500_Historical_TR_01012013to31122013.csv,-0.004455413470506375,1.0
2013-05-23,6471.07,NIFTY 500,NIFTY 500_Historical_TR_01012013to31122013.csv,-0.020618104218061872,1.0
2013-05-24,6495.21,NIFTY 500,NIFTY 500_Historical_TR_01012013to31122013.csv,0.003730449523803747,1.0
2013-05-27,6593.3,NIFTY 500,NIFTY 500_Historical_TR_01012013to31122013.csv,0.015101898168034644,3.0
2013-05-28,6623.8,NIFTY 500,NIFTY 500_Historical_TR_01012013to31122013.csv,0.004625908118847999,1.0
2013-05-29,6609.41,NIFTY 500,NIFTY 500_Historical_TR_01012013to31122013.csv,-0.002172468975512598,1.0
2013-05-30,6625.94,NIFTY 500,NIFTY 500_Historical_TR_01012013to31122013.csv,0.002500979663842884,1.0
2013-05-31,6502.47,NIFTY 500,NIFTY 500_Historical_TR_01012013to31122013.csv,-0.018634337165745474,1.0
2013-06-03,6471.69,NIFTY 500,NIFTY 500_Historical_TR_01012013to31122013.csv,-0.0047335858527606245,3.0
2013-06-04,6462.34,NIFTY 500,NIFTY 500_Historical_TR_01012013to31122013.csv,-0.0014447539977964219,1.0
2013-06-05,6467.86,NIFTY 500,NIFTY 500_Historical_TR_01012013to31122013.csv,0.0008541797553207608,1.0
2013-06-06,6465.38,NIFTY 500,NIFTY 500_Historical_TR_01012013to31122013.csv,-0.0003834343971576004,1.0
2013-06-07,6420.57,NIFTY 500,NIFTY 500_Historical_TR_01012013to31122013.csv,-0.006930760450275186,1.0
2013-06-10,6397.44,NIFTY 500,NIFTY 500_Historical_TR_01012013to31122013.csv,-0.003602483891617103,3.0
2013-06-11,6293.93,NIFTY 500,NIFTY 500_Historical_TR_01012013to31122013.csv,-0.016179909463785447,1.0
2013-06-12,6255.65,NIFTY 500,NIFTY 500_Historical_TR_01012013to31122013.csv,-0.006082050483561252,1.0
2013-06-13,6182.9,NIFTY 500,NIFTY 500_Historical_TR_01012013to31122013.csv,-0.011629486943802836,1.0
2013-06-14,6292.36,NIFTY 500,NIFTY 500_Historical_TR_01012013to31122013.csv,0.01770366656423361,1.0
2013-06-17,6336.52,NIFTY 500,NIFTY 500_Historical_TR_01012013to31122013.csv,0.007018034568905929,3.0
2013-06-18,6313.16,NIFTY 500,NIFTY 500_Historical_TR_01012013to31122013.csv,-0.0036865661277799555,1.0
2013-06-19,6329.95,NIFTY 500,NIFTY 500_Historical_TR_01012013to31122013.csv,0.002659523915123252,1.0
2013-06-20,6160.34,NIFTY 500,NIFTY 500_Historical_TR_01012013to31122013.csv,-0.026794840401582865,1.0
2013-06-21,6147.39,NIFTY 500,NIFTY 500_Historical_TR_01012013to31122013.csv,-0.002102156699143154,1.0
2013-06-24,6043.8,NIFTY 500,NIFTY 500_Historical_TR_01012013to31122013.csv,-0.016851053861882903,3.0
2013-06-25,6050.09,NIFTY 500,NIFTY 500_Historical_TR_01012013to31122013.csv,0.0010407359608193278,1.0
2013-06-26,6030.01,NIFTY 500,NIFTY 500_Historical_TR_01012013to31122013.csv,-0.0033189588915205626,1.0
2013-06-27,6114.89,NIFTY 500,NIFTY 500_Historical_TR_01012013to31122013.csv,0.01407626189674649,1.0
2013-06-28,6277.73,NIFTY 500,NIFTY 500_Historical_TR_01012013to31122013.csv,0.026630078382440026,1.0
2013-07-01,6362.81,NIFTY 500,NIFTY 500_Historical_TR_01012013to31122013.csv,0.013552669515892068,3.0
2013-07-02,6322.22,NIFTY 500,NIFTY 500_Historical_TR_01012013to31122013.csv,-0.006379256963511382,1.0
2013-07-03,6225.59,NIFTY 500,NIFTY 500_Historical_TR_01012013to31122013.csv,-0.015284188149099487,1.0
2013-07-04,6289.54,NIFTY 500,NIFTY 500_Historical_TR_01012013to31122013.csv,0.010272118787135076,1.0
2013-07-05,6315.8,NIFTY 500,NIFTY 500_Historical_TR_01012013to31122013.csv,0.004175186102640227,1.0
2013-07-08,6267.69,NIFTY 500,NIFTY 500_Historical_TR_01012013to31122013.csv,-0.007617403970993419,3.0
2013-07-09,6322.15,NIFTY 500,NIFTY 500_Historical_TR_01012013to31122013.csv,0.008689006635618446,1.0
2013-07-10,6284.17,NIFTY 500,NIFTY 500_Historical_TR_01012013to31122013.csv,-0.006007449997231906,1.0
2013-07-11,6389.64,NIFTY 500,NIFTY 500_Historical_TR_01012013to31122013.csv,0.01678344156825795,1.0
2013-07-12,6452.31,NIFTY 500,NIFTY 500_Historical_TR_01012013to31122013.csv,0.009808064304092312,1.0
2013-07-15,6488.25,NIFTY 500,NIFTY 500_Historical_TR_01012013to31122013.csv,0.00557009815089482,3.0
2013-07-16,6406.0,NIFTY 500,NIFTY 500_Historical_TR_01012013to31122013.csv,-0.012676761838708472,1.0
2013-07-17,6407.99,NIFTY 500,NIFTY 500_Historical_TR_01012013to31122013.csv,0.0003106462691226941,1.0
2013-07-18,6479.41,NIFTY 500,NIFTY 500_Historical_TR_01012013to31122013.csv,0.011145460589045975,1.0
2013-07-19,6459.04,NIFTY 500,NIFTY 500_Historical_TR_01012013to31122013.csv,-0.003143804760001312,1.0
2013-07-22,6456.87,NIFTY 500,NIFTY 500_Historical_TR_01012013to31122013.csv,-0.0003359632391191081,3.0
2013-07-23,6498.28,NIFTY 500,NIFTY 500_Historical_TR_01012013to31122013.csv,0.006413324102854778,1.0
2013-07-24,6397.24,NIFTY 500,NIFTY 500_Historical_TR_01012013to31122013.csv,-0.015548729817736362,1.0
2013-07-25,6319.02,NIFTY 500,NIFTY 500_Historical_TR_01012013to31122013.csv,-0.012227147957556639,1.0
2013-07-26,6285.39,NIFTY 500,NIFTY 500_Historical_TR_01012013to31122013.csv,-0.005322027782789118,1.0
2013-07-29,6219.91,NIFTY 500,NIFTY 500_Historical_TR_01012013to31122013.csv,-0.010417810191571286,3.0
2013-07-30,6124.51,NIFTY 500,NIFTY 500_Historical_TR_01012013to31122013.csv,-0.015337842508975186,1.0
2013-07-31,6109.86,NIFTY 500,NIFTY 500_Historical_TR_01012013to31122013.csv,-0.002392028096941723,1.0
2013-08-01,6074.32,NIFTY 500,NIFTY 500_Historical_TR_01012013to31122013.csv,-0.005816827226810428,1.0
2013-08-02,6019.93,NIFTY 500,NIFTY 500_Historical_TR_01012013to31122013.csv,-0.008954088688116424,1.0
2013-08-05,6031.75,NIFTY 500,NIFTY 500_Historical_TR_01012013to31122013.csv,0.001963477980641004,3.0
2013-08-06,5879.75,NIFTY 500,NIFTY 500_Historical_TR_01012013to31122013.csv,-0.025199983421063554,1.0
2013-08-07,5879.46,NIFTY 500,NIFTY 500_Historical_TR_01012013to31122013.csv,-4.932182490746673e-05,1.0
2013-08-08,5930.39,NIFTY 500,NIFTY 500_Historical_TR_01012013to31122013.csv,0.008662360148721238,1.0
2013-08-12,5990.61,NIFTY 500,NIFTY 500_Historical_TR_01012013to31122013.csv,0.010154475506669813,4.0
2013-08-13,6086.76,NIFTY 500,NIFTY 500_Historical_TR_01012013to31122013.csv,0.016050118435351424,1.0
2013-08-14,6131.24,NIFTY 500,NIFTY 500_Historical_TR_01012013to31122013.csv,0.007307664504596856,1.0
2013-08-16,5897.1,NIFTY 500,NIFTY 500_Historical_TR_01012013to31122013.csv,-0.03818803374195101,2.0
2013-08-19,5796.21,NIFTY 500,NIFTY 500_Historical_TR_01012013to31122013.csv,-0.017108409218090315,3.0
2013-08-20,5777.38,NIFTY 500,NIFTY 500_Historical_TR_01012013to31122013.csv,-0.0032486745649311644,1.0
2013-08-21,5681.15,NIFTY 500,NIFTY 500_Historical_TR_01012013to31122013.csv,-0.01665633903257191,1.0
2013-08-22,5774.59,NIFTY 500,NIFTY 500_Historical_TR_01012013to31122013.csv,0.016447374211207233,1.0
2013-08-23,5840.98,NIFTY 500,NIFTY 500_Historical_TR_01012013to31122013.csv,0.01149692012766268,1.0
2013-08-26,5856.18,NIFTY 500,NIFTY 500_Historical_TR_01012013to31122013.csv,0.00260230303818898,3.0
2013-08-27,5669.34,NIFTY 500,NIFTY 500_Historical_TR_01012013to31122013.csv,-0.03190475702591111,1.0
2013-08-28,5651.37,NIFTY 500,NIFTY 500_Historical_TR_01012013to31122013.csv,-0.003169681126903745,1.0
2013-08-29,5770.62,NIFTY 500,NIFTY 500_Historical_TR_01012013to31122013.csv,0.021101078145653096,1.0
2013-08-30,5831.25,NIFTY 500,NIFTY 500_Historical_TR_01012013to31122013.csv,0.010506669993865403,1.0
2013-09-02,5914.21,NIFTY 500,NIFTY 500_Historical_TR_01012013to31122013.csv,0.014226795284030036,3.0
2013-09-03,5716.38,NIFTY 500,NIFTY 500_Historical_TR_01012013to31122013.csv,-0.03344994513214783,1.0
2013-09-04,5816.37,NIFTY 500,NIFTY 500_Historical_TR_01012013to31122013.csv,0.01749183924091824,1.0
2013-09-05,5957.06,NIFTY 500,NIFTY 500_Historical_TR_01012013to31122013.csv,0.02418862623939,1.0
2013-09-06,6036.03,NIFTY 500,NIFTY 500_Historical_TR_01012013to31122013.csv,0.013256539299587367,1.0
2013-09-10,6237.55,NIFTY 500,NIFTY 500_Historical_TR_01012013to31122013.csv,0.033386182639914,4.0
2013-09-11,6273.78,NIFTY 500,NIFTY 500_Historical_TR_01012013to31122013.csv,0.00580837027358494,1.0
2013-09-12,6213.34,NIFTY 500,NIFTY 500_Historical_TR_01012013to31122013.csv,-0.009633745525026272,1.0
2013-09-13,6219.72,NIFTY 500,NIFTY 500_Historical_TR_01012013to31122013.csv,0.0010268229325933742,1.0
2013-09-16,6206.48,NIFTY 500,NIFTY 500_Historical_TR_01012013to31122013.csv,-0.0021287131896613465,3.0
2013-09-17,6211.73,NIFTY 500,NIFTY 500_Historical_TR_01012013to31122013.csv,0.0008458901019579024,1.0
2013-09-18,6259.12,NIFTY 500,NIFTY 500_Historical_TR_01012013to31122013.csv,0.007629114594484898,1.0
2013-09-19,6469.18,NIFTY 500,NIFTY 500_Historical_TR_01012013to31122013.csv,0.033560628331139375,1.0
2013-09-20,6374.62,NIFTY 500,NIFTY 500_Historical_TR_01012013to31122013.csv,-0.014616999372408901,1.0
2013-09-23,6265.46,NIFTY 500,NIFTY 500_Historical_TR_01012013to31122013.csv,-0.017124157989025224,3.0
2013-09-24,6268.47,NIFTY 500,NIFTY 500_Historical_TR_01012013to31122013.csv,0.00048041165373335915,1.0
2013-09-25,6258.6,NIFTY 500,NIFTY 500_Historical_TR_01012013to31122013.csv,-0.0015745468990040479,1.0
2013-09-26,6265.96,NIFTY 500,NIFTY 500_Historical_TR_01012013to31122013.csv,0.0011759818489758267,1.0
2013-09-27,6229.07,NIFTY 500,NIFTY 500_Historical_TR_01012013to31122013.csv,-0.005887366022125917,1.0
2013-09-30,6139.75,NIFTY 500,NIFTY 500_Historical_TR_01012013to31122013.csv,-0.014339219177180507,3.0
2013-10-01,6182.91,NIFTY 500,NIFTY 500_Historical_TR_01012013to31122013.csv,0.007029602182499373,1.0
2013-10-03,6308.34,NIFTY 500,NIFTY 500_Historical_TR_01012013to31122013.csv,0.02028656409360652,2.0
2013-10-04,6313.23,NIFTY 500,NIFTY 500_Historical_TR_01012013to31122013.csv,0.0007751643062992031,1.0
2013-10-07,6322.54,NIFTY 500,NIFTY 500_Historical_TR_01012013to31122013.csv,0.0014746809477874656,3.0
2013-10-08,6341.66,NIFTY 500,NIFTY 500_Historical_TR_01012013to31122013.csv,0.003024101073302754,1.0
2013-10-09,6419.91,NIFTY 500,NIFTY 500_Historical_TR_01012013to31122013.csv,0.01233904056666546,1.0
2013-10-10,6440.93,NIFTY 500,NIFTY 500_Historical_TR_01012013to31122013.csv,0.003274189202029376,1.0
2013-10-11,6502.92,NIFTY 500,NIFTY 500_Historical_TR_01012013to31122013.csv,0.009624386540453056,1.0
2013-10-14,6522.67,NIFTY 500,NIFTY 500_Historical_TR_01012013to31122013.csv,0.003037097180958792,3.0
2013-10-15,6485.76,NIFTY 500,NIFTY 500_Historical_TR_01012013to31122013.csv,-0.0056587256445596035,1.0
2013-10-17,6448.99,NIFTY 500,NIFTY 500_Historical_TR_01012013to31122013.csv,-0.00566934329978297,2.0
2013-10-18,6581.65,NIFTY 500,NIFTY 500_Historical_TR_01012013to31122013.csv,0.020570663003043776,1.0
2013-10-21,6615.33,NIFTY 500,NIFTY 500_Historical_TR_01012013to31122013.csv,0.005117257830483224,3.0
2013-10-22,6625.74,NIFTY 500,NIFTY 500_Historical_TR_01012013to31122013.csv,0.0015736176426572879,1.0
2013-10-23,6604.96,NIFTY 500,NIFTY 500_Historical_TR_01012013to31122013.csv,-0.003136253459990801,1.0
2013-10-24,6590.36,NIFTY 500,NIFTY 500_Historical_TR_01012013to31122013.csv,-0.002210460017926019,1.0
2013-10-25,6563.9,NIFTY 500,NIFTY 500_Historical_TR_01012013to31122013.csv,-0.0040149551769554925,1.0
2013-10-28,6512.87,NIFTY 500,NIFTY 500_Historical_TR_01012013to31122013.csv,-0.0077743414738188354,3.0
2013-10-29,6630.78,NIFTY 500,NIFTY 500_Historical_TR_01012013to31122013.csv,0.018104153775524434,1.0
2013-10-30,6663.25,NIFTY 500,NIFTY 500_Historical_TR_01012013to31122013.csv,0.004896859796283515,1.0
2013-10-31,6720.89,NIFTY 500,NIFTY 500_Historical_TR_01012013to31122013.csv,0.00865043334709048,1.0
2013-11-01,6746.28,NIFTY 500,NIFTY 500_Historical_TR_01012013to31122013.csv,0.003777773479405111,1.0
2013-11-03,6770.26,NIFTY 500,NIFTY 500_Historical_TR_01012013to31122013.csv,0.0035545515454444843,2.0
2013-11-05,6725.77,NIFTY 500,NIFTY 500_Historical_TR_01012013to31122013.csv,-0.006571387214080349,2.0
2013-11-06,6693.2,NIFTY 500,NIFTY 500_Historical_TR_01012013to31122013.csv,-0.004842568211520848,1.0
2013-11-07,6647.97,NIFTY 500,NIFTY 500_Historical_TR_01012013to31122013.csv,-0.006757604733162004,1.0
2013-11-08,6611.57,NIFTY 500,NIFTY 500_Historical_TR_01012013to31122013.csv,-0.00547535563487811,1.0
2013-11-11,6547.83,NIFTY 500,NIFTY 500_Historical_TR_01012013to31122013.csv,-0.009640675361525242,3.0
2013-11-12,6487.68,NIFTY 500,NIFTY 500_Historical_TR_01012013to31122013.csv,-0.009186249490289122,1.0
2013-11-13,6456.05,NIFTY 500,NIFTY 500_Historical_TR_01012013to31122013.csv,-0.0048753945940613885,1.0
2013-11-14,6533.65,NIFTY 500,NIFTY 500_Historical_TR_01012013to31122013.csv,0.012019733428334511,1.0
2013-11-18,6660.31,NIFTY 500,NIFTY 500_Historical_TR_01012013to31122013.csv,0.01938579507625926,4.0
2013-11-19,6675.98,NIFTY 500,NIFTY 500_Historical_TR_01012013to31122013.csv,0.0023527433407752874,1.0
2013-11-20,6603.6,NIFTY 500,NIFTY 500_Historical_TR_01012013to31122013.csv,-0.010841853930059542,1.0
2013-11-21,6480.3,NIFTY 500,NIFTY 500_Historical_TR_01012013to31122013.csv,-0.018671633654370412,1.0
2013-11-22,6481.23,NIFTY 500,NIFTY 500_Historical_TR_01012013to31122013.csv,0.000143511874450164,1.0
2013-11-25,6598.14,NIFTY 500,NIFTY 500_Historical_TR_01012013to31122013.csv,0.01803824274096133,3.0
2013-11-26,6546.54,NIFTY 500,NIFTY 500_Historical_TR_01012013to31122013.csv,-0.00782038574507371,1.0
2013-11-27,6547.53,NIFTY 500,NIFTY 500_Historical_TR_01012013to31122013.csv,0.00015122492186714354,1.0
2013-11-28,6588.04,NIFTY 500,NIFTY 500_Historical_TR_01012013to31122013.csv,0.006187065962278915,1.0
2013-11-29,6673.85,NIFTY 500,NIFTY 500_Historical_TR_01012013to31122013.csv,0.013025118244576639,1.0
2013-12-02,6721.81,NIFTY 500,NIFTY 500_Historical_TR_01012013to31122013.csv,0.007186256808288993,3.0
2013-12-03,6709.93,NIFTY 500,NIFTY 500_Historical_TR_01012013to31122013.csv,-0.0017673811071720058,1.0
2013-12-04,6666.03,NIFTY 500,NIFTY 500_Historical_TR_01012013to31122013.csv,-0.00654254217257122,1.0
2013-12-05,6736.66,NIFTY 500,NIFTY 500_Historical_TR_01012013to31122013.csv,0.010595511871383634,1.0
2013-12-06,6758.75,NIFTY 500,NIFTY 500_Historical_TR_01012013to31122013.csv,0.003279073012442346,1.0
2013-12-09,6853.1,NIFTY 500,NIFTY 500_Historical_TR_01012013to31122013.csv,0.013959681893841447,3.0
2013-12-10,6820.53,NIFTY 500,NIFTY 500_Historical_TR_01012013to31122013.csv,-0.004752593716712217,1.0
2013-12-11,6795.07,NIFTY 500,NIFTY 500_Historical_TR_01012013to31122013.csv,-0.0037328477405714766,1.0
2013-12-12,6732.06,NIFTY 500,NIFTY 500_Historical_TR_01012013to31122013.csv,-0.009272899322597006,1.0
2013-12-13,6655.76,NIFTY 500,NIFTY 500_Historical_TR_01012013to31122013.csv,-0.011333826495901755,1.0
2013-12-16,6655.66,NIFTY 500,NIFTY 500_Historical_TR_01012013to31122013.csv,-1.5024580213296446e-05,3.0
2013-12-17,6645.22,NIFTY 500,NIFTY 500_Historical_TR_01012013to31122013.csv,-0.0015685897416634065,1.0
2013-12-18,6731.12,NIFTY 500,NIFTY 500_Historical_TR_01012013to31122013.csv,0.01292658482337683,1.0
2013-12-19,6690.46,NIFTY 500,NIFTY 500_Historical_TR_01012013to31122013.csv,-0.006040599484186893,1.0
2013-12-20,6803.87,NIFTY 500,NIFTY 500_Historical_TR_01012013to31122013.csv,0.016951001874310645,1.0
2013-12-23,6827.93,NIFTY 500,NIFTY 500_Historical_TR_01012013to31122013.csv,0.003536222767336783,3.0
2013-12-24,6824.11,NIFTY 500,NIFTY 500_Historical_TR_01012013to31122013.csv,-0.0005594667783648255,1.0
2013-12-26,6840.5,NIFTY 500,NIFTY 500_Historical_TR_01012013to31122013.csv,0.0024017784004068954,2.0
2013-12-27,6878.08,NIFTY 500,NIFTY 500_Historical_TR_01012013to31122013.csv,0.005493750456837976,1.0
2013-12-30,6857.48,NIFTY 500,NIFTY 500_Historical_TR_01012013to31122013.csv,-0.0029950218665674155,3.0
2013-12-31,6878.29,NIFTY 500,NIFTY 500_Historical_TR_01012013to31122013.csv,0.0030346424634122293,1.0
2014-01-01,6887.24,NIFTY 500,NIFTY 500_Historical_TR_01012014to31122014.csv,0.0013011955006259068,1.0
2014-01-02,6786.1,NIFTY 500,NIFTY 500_Historical_TR_01012014to31122014.csv,-0.014685127859636049,1.0
2014-01-03,6788.46,NIFTY 500,NIFTY 500_Historical_TR_01012014to31122014.csv,0.0003477697057219231,1.0
2014-01-06,6780.61,NIFTY 500,NIFTY 500_Historical_TR_01012014to31122014.csv,-0.0011563741997449029,3.0
2014-01-07,6745.94,NIFTY 500,NIFTY 500_Historical_TR_01012014to31122014.csv,-0.005113109292526841,1.0
2014-01-08,6764.54,NIFTY 500,NIFTY 500_Historical_TR_01012014to31122014.csv,0.0027572139686982133,1.0
2014-01-09,6745.79,NIFTY 500,NIFTY 500_Historical_TR_01012014to31122014.csv,-0.0027718070999653843,1.0
2014-01-10,6737.11,NIFTY 500,NIFTY 500_Historical_TR_01012014to31122014.csv,-0.001286728463234188,1.0
2014-01-13,6815.5,NIFTY 500,NIFTY 500_Historical_TR_01012014to31122014.csv,0.011635552929965653,3.0
2014-01-14,6788.63,NIFTY 500,NIFTY 500_Historical_TR_01012014to31122014.csv,-0.003942484043723882,1.0
2014-01-15,6857.22,NIFTY 500,NIFTY 500_Historical_TR_01012014to31122014.csv,0.010103658617423461,1.0
2014-01-16,6845.55,NIFTY 500,NIFTY 500_Historical_TR_01012014to31122014.csv,-0.0017018558541216366,1.0
2014-01-17,6775.43,NIFTY 500,NIFTY 500_Historical_TR_01012014to31122014.csv,-0.010243150659917766,1.0
2014-01-20,6827.89,NIFTY 500,NIFTY 500_Historical_TR_01012014to31122014.csv,0.0077426820142780794,3.0
2014-01-21,6839.92,NIFTY 500,NIFTY 500_Historical_TR_01012014to31122014.csv,0.0017618913017052318,1.0
2014-01-22,6864.83,NIFTY 500,NIFTY 500_Historical_TR_01012014to31122014.csv,0.003641855460297716,1.0
2014-01-23,6864.49,NIFTY 500,NIFTY 500_Historical_TR_01012014to31122014.csv,-4.9527810593974486e-05,1.0
2014-01-24,6771.18,NIFTY 500,NIFTY 500_Historical_TR_01012014to31122014.csv,-0.013593143846083122,1.0
2014-01-27,6616.01,NIFTY 500,NIFTY 500_Historical_TR_01012014to31122014.csv,-0.02291624207302123,3.0
2014-01-28,6609.08,NIFTY 500,NIFTY 500_Historical_TR_01012014to31122014.csv,-0.0010474591181089954,1.0
2014-01-29,6609.07,NIFTY 500,NIFTY 500_Historical_TR_01012014to31122014.csv,-1.5130698978182977e-06,1.0
2014-01-30,6545.5,NIFTY 500,NIFTY 500_Historical_TR_01012014to31122014.csv,-0.009618599893782331,1.0
2014-01-31,6594.58,NIFTY 500,NIFTY 500_Historical_TR_01012014to31122014.csv,0.007498281261935746,1.0
2014-02-03,6510.11,NIFTY 500,NIFTY 500_Historical_TR_01012014to31122014.csv,-0.012809003757631277,3.0
2014-02-04,6515.69,NIFTY 500,NIFTY 500_Historical_TR_01012014to31122014.csv,0.0008571283741749536,1.0
2014-02-05,6542.91,NIFTY 500,NIFTY 500_Historical_TR_01012014to31122014.csv,0.004177608204196437,1.0
2014-02-06,6556.21,NIFTY 500,NIFTY 500_Historical_TR_01012014to31122014.csv,0.002032734670047498,1.0
2014-02-07,6585.49,NIFTY 500,NIFTY 500_Historical_TR_01012014to31122014.csv,0.004465994835430864,1.0
2014-02-10,6572.99,NIFTY 500,NIFTY 500_Historical_TR_01012014to31122014.csv,-0.0018981123652150877,3.0
2014-02-11,6583.15,NIFTY 500,NIFTY 500_Historical_TR_01012014to31122014.csv,0.0015457196800847672,1.0
2014-02-12,6600.76,NIFTY 500,NIFTY 500_Historical_TR_01012014to31122014.csv,0.0026750112028437467,1.0
2014-02-13,6514.42,NIFTY 500,NIFTY 500_Historical_TR_01012014to31122014.csv,-0.013080311964076885,1.0
2014-02-14,6553.39,NIFTY 500,NIFTY 500_Historical_TR_01012014to31122014.csv,0.005982113526607158,1.0
2014-02-17,6572.01,NIFTY 500,NIFTY 500_Historical_TR_01012014to31122014.csv,0.0028412775677930657,3.0
2014-02-18,6629.78,NIFTY 500,NIFTY 500_Historical_TR_01012014to31122014.csv,0.00879030920525059,1.0
2014-02-19,6659.76,NIFTY 500,NIFTY 500_Historical_TR_01012014to31122014.csv,0.004522020338533217,1.0
2014-02-20,6609.12,NIFTY 500,NIFTY 500_Historical_TR_01012014to31122014.csv,-0.007603877617211485,1.0
2014-02-21,6674.15,NIFTY 500,NIFTY 500_Historical_TR_01012014to31122014.csv,0.009839433994238256,1.0
2014-02-24,6702.71,NIFTY 500,NIFTY 500_Historical_TR_01012014to31122014.csv,0.004279196601814528,3.0
2014-02-25,6717.8,NIFTY 500,NIFTY 500_Historical_TR_01012014to31122014.csv,0.0022513281941185515,1.0
2014-02-26,6749.31,NIFTY 500,NIFTY 500_Historical_TR_01012014to31122014.csv,0.0046905236833487685,1.0
2014-02-28,6795.74,NIFTY 500,NIFTY 500_Historical_TR_01012014to31122014.csv,0.006879221727850604,2.0
2014-03-03,6751.13,NIFTY 500,NIFTY 500_Historical_TR_01012014to31122014.csv,-0.006564406525264355,3.0
2014-03-04,6831.34,NIFTY 500,NIFTY 500_Historical_TR_01012014to31122014.csv,0.011880973999908173,1.0
2014-03-05,6870.18,NIFTY 500,NIFTY 500_Historical_TR_01012014to31122014.csv,0.005685560958757829,1.0
2014-03-06,6951.88,NIFTY 500,NIFTY 500_Historical_TR_01012014to31122014.csv,0.011891973718301418,1.0
2014-03-07,7056.66,NIFTY 500,NIFTY 500_Historical_TR_01012014to31122014.csv,0.015072181913381666,1.0
2014-03-10,7074.34,NIFTY 500,NIFTY 500_Historical_TR_01012014to31122014.csv,0.002505434582366295,3.0
2014-03-11,7047.77,NIFTY 500,NIFTY 500_Historical_TR_01012014to31122014.csv,-0.0037558273987395863,1.0
2014-03-12,7050.3,NIFTY 500,NIFTY 500_Historical_TR_01012014to31122014.csv,0.00035897879754864803,1.0
2014-03-13,7020.17,NIFTY 500,NIFTY 500_Historical_TR_01012014to31122014.csv,-0.004273577010907359,1.0
2014-03-14,7026.32,NIFTY 500,NIFTY 500_Historical_TR_01012014to31122014.csv,0.0008760471612510035,1.0
2014-03-18,7059.74,NIFTY 500,NIFTY 500_Historical_TR_01012014to31122014.csv,0.004756401644103958,4.0
2014-03-19,7072.1,NIFTY 500,NIFTY 500_Historical_TR_01012014to31122014.csv,0.0017507726913457144,1.0
2014-03-20,7030.99,NIFTY 500,NIFTY 500_Historical_TR_01012014to31122014.csv,-0.005812983413696182,1.0
2014-03-21,7053.74,NIFTY 500,NIFTY 500_Historical_TR_01012014to31122014.csv,0.003235675203634214,1.0
2014-03-22,7062.8,NIFTY 500,NIFTY 500_Historical_TR_01012014to31122014.csv,0.0012844250000709767,1.0
2014-03-24,7138.38,NIFTY 500,NIFTY 500_Historical_TR_01012014to31122014.csv,0.010701138358724549,2.0
2014-03-25,7154.56,NIFTY 500,NIFTY 500_Historical_TR_01012014to31122014.csv,0.002266620717866097,1.0
2014-03-26,7171.59,NIFTY 500,NIFTY 500_Historical_TR_01012014to31122014.csv,0.0023803001162894244,1.0
2014-03-27,7217.12,NIFTY 500,NIFTY 500_Historical_TR_01012014to31122014.csv,0.006348661872750627,1.0
2014-03-28,7295.57,NIFTY 500,NIFTY 500_Historical_TR_01012014to31122014.csv,0.010869986919990193,1.0
2014-03-31,7327.4,NIFTY 500,NIFTY 500_Historical_TR_01012014to31122014.csv,0.004362921608592529,3.0
2014-04-01,7338.75,NIFTY 500,NIFTY 500_Historical_TR_01012014to31122014.csv,0.0015489805387995936,1.0
2014-04-02,7394.17,NIFTY 500,NIFTY 500_Historical_TR_01012014to31122014.csv,0.00755169477090778,1.0
2014-04-03,7369.21,NIFTY 500,NIFTY 500_Historical_TR_01012014to31122014.csv,-0.003375632423923136,1.0
2014-04-04,7341.39,NIFTY 500,NIFTY 500_Historical_TR_01012014to31122014.csv,-0.0037751672160244443,1.0
2014-04-07,7341.0,NIFTY 500,NIFTY 500_Historical_TR_01012014to31122014.csv,-5.312345482266778e-05,3.0
2014-04-09,7454.65,NIFTY 500,NIFTY 500_Historical_TR_01012014to31122014.csv,0.015481542024247341,2.0
2014-04-10,7473.07,NIFTY 500,NIFTY 500_Historical_TR_01012014to31122014.csv,0.002470940956315948,1.0
2014-04-11,7458.11,NIFTY 500,NIFTY 500_Historical_TR_01012014to31122014.csv,-0.0020018546594638975,1.0
2014-04-15,7402.66,NIFTY 500,NIFTY 500_Historical_TR_01012014to31122014.csv,-0.007434859501938118,4.0
2014-04-16,7335.68,NIFTY 500,NIFTY 500_Historical_TR_01012014to31122014.csv,-0.009048098926601966,1.0
2014-04-17,7448.49,NIFTY 500,NIFTY 500_Historical_TR_01012014to31122014.csv,0.01537826077473392,1.0
2014-04-21,7499.71,NIFTY 500,NIFTY 500_Historical_TR_01012014to31122014.csv,0.006876561558114558,4.0
2014-04-22,7498.92,NIFTY 500,NIFTY 500_Historical_TR_01012014to31122014.csv,-0.00010533740637974631,1.0
2014-04-23,7521.16,NIFTY 500,NIFTY 500_Historical_TR_01012014to31122014.csv,0.0029657604028312523,1.0
2014-04-25,7473.76,NIFTY 500,NIFTY 500_Historical_TR_01012014to31122014.csv,-0.006302219338506276,2.0
2014-04-28,7463.76,NIFTY 500,NIFTY 500_Historical_TR_01012014to31122014.csv,-0.0013380146004152715,3.0
2014-04-29,7414.05,NIFTY 500,NIFTY 500_Historical_TR_01012014to31122014.csv,-0.0066601819994212,1.0
2014-04-30,7371.39,NIFTY 500,NIFTY 500_Historical_TR_01012014to31122014.csv,-0.005753940154166748,1.0
2014-05-02,7378.9,NIFTY 500,NIFTY 500_Historical_TR_01012014to31122014.csv,0.001018803780562294,2.0
2014-05-05,7378.04,NIFTY 500,NIFTY 500_Historical_TR_01012014to31122014.csv,-0.00011654853704479162,3.0
2014-05-06,7396.44,NIFTY 500,NIFTY 500_Historical_TR_01012014to31122014.csv,0.0024938872654525213,1.0
2014-05-07,7339.93,NIFTY 500,NIFTY 500_Historical_TR_01012014to31122014.csv,-0.007640162023892505,1.0
2014-05-08,7345.23,NIFTY 500,NIFTY 500_Historical_TR_01012014to31122014.csv,0.0007220777309864257,1.0
2014-05-09,7540.68,NIFTY 500,NIFTY 500_Historical_TR_01012014to31122014.csv,0.026609105501121277,1.0
2014-05-12,7686.36,NIFTY 500,NIFTY 500_Historical_TR_01012014to31122014.csv,0.019319212590906742,3.0
2014-05-13,7802.56,NIFTY 500,NIFTY 500_Historical_TR_01012014to31122014.csv,0.015117688997132728,1.0
2014-05-14,7832.12,NIFTY 500,NIFTY 500_Historical_TR_01012014to31122014.csv,0.0037885001845547883,1.0
2014-05-15,7827.44,NIFTY 500,NIFTY 500_Historical_TR_01012014to31122014.csv,-0.0005975393635440085,1.0
2014-05-16,7936.28,NIFTY 500,NIFTY 500_Historical_TR_01012014to31122014.csv,0.013904929325552207,1.0
2014-05-19,8085.95,NIFTY 500,NIFTY 500_Historical_TR_01012014to31122014.csv,0.018858961629377946,3.0
2014-05-20,8125.76,NIFTY 500,NIFTY 500_Historical_TR_01012014to31122014.csv,0.004923354707857541,1.0
2014-05-21,8127.66,NIFTY 500,NIFTY 500_Historical_TR_01012014to31122014.csv,0.0002338242822825798,1.0
2014-05-22,8196.42,NIFTY 500,NIFTY 500_Historical_TR_01012014to31122014.csv,0.00845999955706822,1.0
2014-05-23,8311.92,NIFTY 500,NIFTY 500_Historical_TR_01012014to31122014.csv,0.01409151800420183,1.0
2014-05-26,8256.0,NIFTY 500,NIFTY 500_Historical_TR_01012014to31122014.csv,-0.006727687465711951,3.0
2014-05-27,8200.44,NIFTY 500,NIFTY 500_Historical_TR_01012014to31122014.csv,-0.006729651162790673,1.0
2014-05-28,8224.4,NIFTY 500,NIFTY 500_Historical_TR_01012014to31122014.csv,0.0029217944402981644,1.0
2014-05-29,8138.03,NIFTY 500,NIFTY 500_Historical_TR_01012014to31122014.csv,-0.010501677933952624,1.0
2014-05-30,8147.0,NIFTY 500,NIFTY 500_Historical_TR_01012014to31122014.csv,0.0011022323584455318,1.0
2014-06-02,8299.83,NIFTY 500,NIFTY 500_Historical_TR_01012014to31122014.csv,0.018759052411930766,3.0
2014-06-03,8368.85,NIFTY 500,NIFTY 500_Historical_TR_01012014to31122014.csv,0.008315832974892245,1.0
2014-06-04,8391.36,NIFTY 500,NIFTY 500_Historical_TR_01012014to31122014.csv,0.002689736343703064,1.0
2014-06-05,8489.06,NIFTY 500,NIFTY 500_Historical_TR_01012014to31122014.csv,0.011642927964000904,1.0
2014-06-06,8620.59,NIFTY 500,NIFTY 500_Historical_TR_01012014to31122014.csv,0.015494059412938688,1.0
2014-06-09,8714.42,NIFTY 500,NIFTY 500_Historical_TR_01012014to31122014.csv,0.010884405823731402,3.0
2014-06-10,8708.35,NIFTY 500,NIFTY 500_Historical_TR_01012014to31122014.csv,-0.0006965466433795919,1.0
2014-06-11,8653.61,NIFTY 500,NIFTY 500_Historical_TR_01012014to31122014.csv,-0.006285920983883253,1.0
2014-06-12,8677.99,NIFTY 500,NIFTY 500_Historical_TR_01012014to31122014.csv,0.002817321326012978,1.0
2014-06-13,8521.43,NIFTY 500,NIFTY 500_Historical_TR_01012014to31122014.csv,-0.018041044066655965,1.0
2014-06-16,8520.94,NIFTY 500,NIFTY 500_Historical_TR_01012014to31122014.csv,-5.7502085917482404e-05,3.0
2014-06-17,8637.18,NIFTY 500,NIFTY 500_Historical_TR_01012014to31122014.csv,0.013641687419463144,1.0
2014-06-18,8560.63,NIFTY 500,NIFTY 500_Historical_TR_01012014to31122014.csv,-0.00886284643830526,1.0
2014-06-19,8532.42,NIFTY 500,NIFTY 500_Historical_TR_01012014to31122014.csv,-0.0032953182184020102,1.0
2014-06-20,8495.74,NIFTY 500,NIFTY 500_Historical_TR_01012014to31122014.csv,-0.0042988976163855774,1.0
2014-06-23,8494.82,NIFTY 500,NIFTY 500_Historical_TR_01012014to31122014.csv,-0.00010828956630026809,3.0
2014-06-24,8601.62,NIFTY 500,NIFTY 500_Historical_TR_01012014to31122014.csv,0.012572367631097592,1.0
2014-06-25,8603.62,NIFTY 500,NIFTY 500_Historical_TR_01012014to31122014.csv,0.00023251434032189877,1.0
2014-06-26,8534.36,NIFTY 500,NIFTY 500_Historical_TR_01012014to31122014.csv,-0.00805009984169458,1.0
2014-06-27,8557.4,NIFTY 500,NIFTY 500_Historical_TR_01012014to31122014.csv,0.0026996751953278775,1.0
2014-06-30,8687.05,NIFTY 500,NIFTY 500_Historical_TR_01012014to31122014.csv,0.015150629864211007,3.0
2014-07-01,8723.15,NIFTY 500,NIFTY 500_Historical_TR_01012014to31122014.csv,0.0041556109381206685,1.0
2014-07-02,8831.62,NIFTY 500,NIFTY 500_Historical_TR_01012014to31122014.csv,0.012434728280495078,1.0
2014-07-03,8821.35,NIFTY 500,NIFTY 500_Historical_TR_01012014to31122014.csv,-0.0011628670617621628,1.0
2014-07-04,8868.56,NIFTY 500,NIFTY 500_Historical_TR_01012014to31122014.csv,0.005351788558440429,1.0
2014-07-07,8903.24,NIFTY 500,NIFTY 500_Historical_TR_01012014to31122014.csv,0.003910443183560819,3.0
2014-07-08,8664.45,NIFTY 500,NIFTY 500_Historical_TR_01012014to31122014.csv,-0.02682057318459341,1.0
2014-07-09,8597.72,NIFTY 500,NIFTY 500_Historical_TR_01012014to31122014.csv,-0.007701585213141238,1.0
2014-07-10,8600.03,NIFTY 500,NIFTY 500_Historical_TR_01012014to31122014.csv,0.0002686758815129142,1.0
2014-07-11,8440.86,NIFTY 500,NIFTY 500_Historical_TR_01012014to31122014.csv,-0.01850807497183149,1.0
2014-07-14,8440.72,NIFTY 500,NIFTY 500_Historical_TR_01012014to31122014.csv,-1.658598768383701e-05,3.0
2014-07-15,8549.68,NIFTY 500,NIFTY 500_Historical_TR_01012014to31122014.csv,0.012908851377607666,1.0
2014-07-16,8663.38,NIFTY 500,NIFTY 500_Historical_TR_01012014to31122014.csv,0.013298743344779984,1.0
2014-07-17,8709.73,NIFTY 500,NIFTY 500_Historical_TR_01012014to31122014.csv,0.005350105847833131,1.0
2014-07-18,8717.13,NIFTY 500,NIFTY 500_Historical_TR_01012014to31122014.csv,0.000849624500415036,1.0
2014-07-21,8740.0,NIFTY 500,NIFTY 500_Historical_TR_01012014to31122014.csv,0.0026235699134922186,3.0
2014-07-22,8812.04,NIFTY 500,NIFTY 500_Historical_TR_01012014to31122014.csv,0.008242562929061892,1.0
2014-07-23,8826.35,NIFTY 500,NIFTY 500_Historical_TR_01012014to31122014.csv,0.001623914553270156,1.0
2014-07-24,8852.77,NIFTY 500,NIFTY 500_Historical_TR_01012014to31122014.csv,0.0029933098052989937,1.0
2014-07-25,8784.93,NIFTY 500,NIFTY 500_Historical_TR_01012014to31122014.csv,-0.007663138204200504,1.0
2014-07-28,8746.33,NIFTY 500,NIFTY 500_Historical_TR_01012014to31122014.csv,-0.004393888169854532,3.0
2014-07-30,8792.88,NIFTY 500,NIFTY 500_Historical_TR_01012014to31122014.csv,0.005322232296288698,2.0
2014-07-31,8739.55,NIFTY 500,NIFTY 500_Historical_TR_01012014to31122014.csv,-0.006065134517928117,1.0
2014-08-01,8622.98,NIFTY 500,NIFTY 500_Historical_TR_01012014to31122014.csv,-0.013338215354337435,1.0
2014-08-04,8713.67,NIFTY 500,NIFTY 500_Historical_TR_01012014to31122014.csv,0.010517245778141726,3.0
2014-08-05,8786.0,NIFTY 500,NIFTY 500_Historical_TR_01012014to31122014.csv,0.00830075043007139,1.0
2014-08-06,8711.58,NIFTY 500,NIFTY 500_Historical_TR_01012014to31122014.csv,-0.008470293648986993,1.0
2014-08-07,8683.68,NIFTY 500,NIFTY 500_Historical_TR_01012014to31122014.csv,-0.003202633735786109,1.0
2014-08-08,8570.6,NIFTY 500,NIFTY 500_Historical_TR_01012014to31122014.csv,-0.01302212886702414,1.0
2014-08-11,8634.17,NIFTY 500,NIFTY 500_Historical_TR_01012014to31122014.csv,0.0074172169976429725,3.0
2014-08-12,8731.3,NIFTY 500,NIFTY 500_Historical_TR_01012014to31122014.csv,0.011249488949140352,1.0
2014-08-13,8707.64,NIFTY 500,NIFTY 500_Historical_TR_01012014to31122014.csv,-0.0027097912109307343,1.0
2014-08-14,8776.48,NIFTY 500,NIFTY 500_Historical_TR_01012014to31122014.csv,0.007905701200325188,1.0
2014-08-18,8887.25,NIFTY 500,NIFTY 500_Historical_TR_01012014to31122014.csv,0.01262123311395924,4.0
2014-08-19,8936.53,NIFTY 500,NIFTY 500_Historical_TR_01012014to31122014.csv,0.005545022363498298,1.0
2014-08-20,8926.7,NIFTY 500,NIFTY 500_Historical_TR_01012014to31122014.csv,-0.0010999795222530473,1.0
2014-08-21,8952.73,NIFTY 500,NIFTY 500_Historical_TR_01012014to31122014.csv,0.0029159711875608174,1.0
2014-08-22,8971.19,NIFTY 500,NIFTY 500_Historical_TR_01012014to31122014.csv,0.0020619408828370656,1.0
2014-08-25,8943.08,NIFTY 500,NIFTY 500_Historical_TR_01012014to31122014.csv,-0.0031333635782990754,3.0
2014-08-26,8937.43,NIFTY 500,NIFTY 500_Historical_TR_01012014to31122014.csv,-0.0006317733935063963,1.0
2014-08-27,8976.09,NIFTY 500,NIFTY 500_Historical_TR_01012014to31122014.csv,0.004325628284641114,1.0
2014-08-28,8984.16,NIFTY 500,NIFTY 500_Historical_TR_01012014to31122014.csv,0.0008990551565324356,1.0
2014-09-01,9093.92,NIFTY 500,NIFTY 500_Historical_TR_01012014to31122014.csv,0.012217057576890955,4.0
2014-09-02,9158.94,NIFTY 500,NIFTY 500_Historical_TR_01012014to31122014.csv,0.007149831975649779,1.0
2014-09-03,9206.14,NIFTY 500,NIFTY 500_Historical_TR_01012014to31122014.csv,0.0051534347861215135,1.0
2014-09-04,9184.54,NIFTY 500,NIFTY 500_Historical_TR_01012014to31122014.csv,-0.002346260213292317,1.0
2014-09-05,9185.85,NIFTY 500,NIFTY 500_Historical_TR_01012014to31122014.csv,0.0001426309864185349,1.0
2014-09-08,9293.44,NIFTY 500,NIFTY 500_Historical_TR_01012014to31122014.csv,0.01171257967417283,3.0
2014-09-09,9292.25,NIFTY 500,NIFTY 500_Historical_TR_01012014to31122014.csv,-0.0001280473107913016,1.0
2014-09-10,9240.24,NIFTY 500,NIFTY 500_Historical_TR_01012014to31122014.csv,-0.005597137399445784,1.0
2014-09-11,9261.27,NIFTY 500,NIFTY 500_Historical_TR_01012014to31122014.csv,0.002275914911300969,1.0
2014-09-12,9286.77,NIFTY 500,NIFTY 500_Historical_TR_01012014to31122014.csv,0.0027534020712061125,1.0
2014-09-15,9240.76,NIFTY 500,NIFTY 500_Historical_TR_01012014to31122014.csv,-0.0049543598043237935,3.0
2014-09-16,9058.72,NIFTY 500,NIFTY 500_Historical_TR_01012014to31122014.csv,-0.01969967838143194,1.0
2014-09-17,9103.02,NIFTY 500,NIFTY 500_Historical_TR_01012014to31122014.csv,0.004890315629581421,1.0
2014-09-18,9270.06,NIFTY 500,NIFTY 500_Historical_TR_01012014to31122014.csv,0.018349954191026585,1.0
2014-09-19,9272.59,NIFTY 500,NIFTY 500_Historical_TR_01012014to31122014.csv,0.0002729216423627001,1.0
2014-09-22,9294.45,NIFTY 500,NIFTY 500_Historical_TR_01012014to31122014.csv,0.0023574858804282783,3.0
2014-09-23,9136.61,NIFTY 500,NIFTY 500_Historical_TR_01012014to31122014.csv,-0.016982177536056464,1.0
2014-09-24,9098.0,NIFTY 500,NIFTY 500_Historical_TR_01012014to31122014.csv,-0.004225856198305511,1.0
2014-09-25,8965.36,NIFTY 500,NIFTY 500_Historical_TR_01012014to31122014.csv,-0.01457902835788083,1.0
2014-09-26,9040.84,NIFTY 500,NIFTY 500_Historical_TR_01012014to31122014.csv,0.008419070734471346,1.0
2014-09-29,9057.52,NIFTY 500,NIFTY 500_Historical_TR_01012014to31122014.csv,0.00184496130890488,3.0
2014-09-30,9067.95,NIFTY 500,NIFTY 500_Historical_TR_01012014to31122014.csv,0.0011515293369488422,1.0
2014-10-01,9043.0,NIFTY 500,NIFTY 500_Historical_TR_01012014to31122014.csv,-0.002751448783903876,1.0
2014-10-07,8939.54,NIFTY 500,NIFTY 500_Historical_TR_01012014to31122014.csv,-0.011440893508791183,6.0
2014-10-08,8927.98,NIFTY 500,NIFTY 500_Historical_TR_01012014to31122014.csv,-0.001293131413920734,1.0
2014-10-09,9068.97,NIFTY 500,NIFTY 500_Historical_TR_01012014to31122014.csv,0.015791926057181938,1.0
2014-10-10,8947.31,NIFTY 500,NIFTY 500_Historical_TR_01012014to31122014.csv,-0.013414974357617182,1.0
2014-10-13,8978.5,NIFTY 500,NIFTY 500_Historical_TR_01012014to31122014.csv,0.00348596393776468,3.0
2014-10-14,8960.8,NIFTY 500,NIFTY 500_Historical_TR_01012014to31122014.csv,-0.0019713760650443835,1.0
2014-10-16,8801.25,NIFTY 500,NIFTY 500_Historical_TR_01012014to31122014.csv,-0.01780532988126049,2.0
2014-10-17,8843.41,NIFTY 500,NIFTY 500_Historical_TR_01012014to31122014.csv,0.0047902286607015565,1.0
2014-10-20,8956.06,NIFTY 500,NIFTY 500_Historical_TR_01012014to31122014.csv,0.012738298914106716,3.0
2014-10-21,9017.6,NIFTY 500,NIFTY 500_Historical_TR_01012014to31122014.csv,0.006871325113945392,1.0
2014-10-22,9100.32,NIFTY 500,NIFTY 500_Historical_TR_01012014to31122014.csv,0.00917317246273952,1.0
2014-10-23,9138.01,NIFTY 500,NIFTY 500_Historical_TR_01012014to31122014.csv,0.004141612602633904,1.0
2014-10-27,9103.6,NIFTY 500,NIFTY 500_Historical_TR_01012014to31122014.csv,-0.003765590101126981,4.0
2014-10-28,9140.74,NIFTY 500,NIFTY 500_Historical_TR_01012014to31122014.csv,0.004079704732193878,1.0
2014-10-29,9209.85,NIFTY 500,NIFTY 500_Historical_TR_01012014to31122014.csv,0.007560657014640038,1.0
2014-10-30,9290.05,NIFTY 500,NIFTY 500_Historical_TR_01012014to31122014.csv,0.008708067992420965,1.0
2014-10-31,9454.02,NIFTY 500,NIFTY 500_Historical_TR_01012014to31122014.csv,0.017650066468964276,1.0
2014-11-03,9480.58,NIFTY 500,NIFTY 500_Historical_TR_01012014to31122014.csv,0.002809386906310607,3.0
2014-11-05,9493.98,NIFTY 500,NIFTY 500_Historical_TR_01012014to31122014.csv,0.001413415634908377,2.0
2014-11-07,9504.13,NIFTY 500,NIFTY 500_Historical_TR_01012014to31122014.csv,0.0010690985234853567,2.0
2014-11-10,9513.79,NIFTY 500,NIFTY 500_Historical_TR_01012014to31122014.csv,0.0010164002386332527,3.0
2014-11-11,9549.66,NIFTY 500,NIFTY 500_Historical_TR_01012014to31122014.csv,0.003770316561538367,1.0
2014-11-12,9584.31,NIFTY 500,NIFTY 500_Historical_TR_01012014to31122014.csv,0.00362840142999854,1.0
2014-11-13,9550.93,NIFTY 500,NIFTY 500_Historical_TR_01012014to31122014.csv,-0.003482775494532131,1.0
2014-11-14,9596.48,NIFTY 500,NIFTY 500_Historical_TR_01012014to31122014.csv,0.004769169075681479,1.0
2014-11-17,9653.2,NIFTY 500,NIFTY 500_Historical_TR_01012014to31122014.csv,0.005910500516856265,3.0
2014-11-18,9669.62,NIFTY 500,NIFTY 500_Historical_TR_01012014to31122014.csv,0.0017009903451705721,1.0
2014-11-19,9613.59,NIFTY 500,NIFTY 500_Historical_TR_01012014to31122014.csv,-0.005794436596267549,1.0
2014-11-20,9625.78,NIFTY 500,NIFTY 500_Historical_TR_01012014to31122014.csv,0.0012679966588964309,1.0
2014-11-21,9683.73,NIFTY 500,NIFTY 500_Historical_TR_01012014to31122014.csv,0.006020291342623496,1.0
2014-11-24,9731.17,NIFTY 500,NIFTY 500_Historical_TR_01012014to31122014.csv,0.00489893873538394,3.0
2014-11-25,9631.76,NIFTY 500,NIFTY 500_Historical_TR_01012014to31122014.csv,-0.010215626692370972,1.0
2014-11-26,9652.93,NIFTY 500,NIFTY 500_Historical_TR_01012014to31122014.csv,0.0021979368256683784,1.0
2014-11-27,9680.99,NIFTY 500,NIFTY 500_Historical_TR_01012014to31122014.csv,0.002906889410779989,1.0
2014-11-28,9783.89,NIFTY 500,NIFTY 500_Historical_TR_01012014to31122014.csv,0.010629078224437816,1.0
2014-12-01,9755.6,NIFTY 500,NIFTY 500_Historical_TR_01012014to31122014.csv,-0.0028914879460009146,3.0
2014-12-02,9752.27,NIFTY 500,NIFTY 500_Historical_TR_01012014to31122014.csv,-0.00034134240846284136,1.0
2014-12-03,9808.68,NIFTY 500,NIFTY 500_Historical_TR_01012014to31122014.csv,0.005784294323270434,1.0
2014-12-04,9844.32,NIFTY 500,NIFTY 500_Historical_TR_01012014to31122014.csv,0.0036335164364622585,1.0
2014-12-05,9811.48,NIFTY 500,NIFTY 500_Historical_TR_01012014to31122014.csv,-0.0033359338176736086,1.0
2014-12-08,9697.81,NIFTY 500,NIFTY 500_Historical_TR_01012014to31122014.csv,-0.011585408113760631,3.0
2014-12-09,9571.12,NIFTY 500,NIFTY 500_Historical_TR_01012014to31122014.csv,-0.013063774192317523,1.0
2014-12-10,9611.68,NIFTY 500,NIFTY 500_Historical_TR_01012014to31122014.csv,0.004237748560252053,1.0
2014-12-11,9539.13,NIFTY 500,NIFTY 500_Historical_TR_01012014to31122014.csv,-0.007548108135102427,1.0
2014-12-12,9448.06,NIFTY 500,NIFTY 500_Historical_TR_01012014to31122014.csv,-0.009546992230947682,1.0
2014-12-15,9429.76,NIFTY 500,NIFTY 500_Historical_TR_01012014to31122014.csv,-0.001936905565798619,3.0
2014-12-16,9229.88,NIFTY 500,NIFTY 500_Historical_TR_01012014to31122014.csv,-0.02119672186778887,1.0
2014-12-17,9184.17,NIFTY 500,NIFTY 500_Historical_TR_01012014to31122014.csv,-0.004952393747264194,1.0
2014-12-18,9371.89,NIFTY 500,NIFTY 500_Historical_TR_01012014to31122014.csv,0.02043951712566283,1.0
2014-12-19,9434.91,NIFTY 500,NIFTY 500_Historical_TR_01012014to31122014.csv,0.006724364029027319,1.0
2014-12-22,9539.55,NIFTY 500,NIFTY 500_Historical_TR_01012014to31122014.csv,0.0110907258256836,3.0
2014-12-23,9481.35,NIFTY 500,NIFTY 500_Historical_TR_01012014to31122014.csv,-0.006100916709907533,1.0
2014-12-24,9407.26,NIFTY 500,NIFTY 500_Historical_TR_01012014to31122014.csv,-0.007814288049697526,1.0
2014-12-26,9441.52,NIFTY 500,NIFTY 500_Historical_TR_01012014to31122014.csv,0.003641868089114153,2.0
2014-12-29,9503.45,NIFTY 500,NIFTY 500_Historical_TR_01012014to31122014.csv,0.006559325193401078,3.0
2014-12-30,9524.91,NIFTY 500,NIFTY 500_Historical_TR_01012014to31122014.csv,0.0022581273116604184,1.0
2014-12-31,9581.35,NIFTY 500,NIFTY 500_Historical_TR_01012014to31122014.csv,0.005925515306706375,1.0
2015-01-01,9598.91,NIFTY 500,NIFTY 500_Historical_TR_01012015to31122015.csv,0.0018327271209170881,1.0
2015-01-02,9712.57,NIFTY 500,NIFTY 500_Historical_TR_01012015to31122015.csv,0.011840927772007515,1.0
2015-01-05,9699.88,NIFTY 500,NIFTY 500_Historical_TR_01012015to31122015.csv,-0.0013065542899562965,3.0
2015-01-06,9416.03,NIFTY 500,NIFTY 500_Historical_TR_01012015to31122015.csv,-0.029263248617508508,1.0
2015-01-07,9399.29,NIFTY 500,NIFTY 500_Historical_TR_01012015to31122015.csv,-0.0017778193145093768,1.0
2015-01-08,9555.56,NIFTY 500,NIFTY 500_Historical_TR_01012015to31122015.csv,0.01662572385786576,1.0
2015-01-09,9594.54,NIFTY 500,NIFTY 500_Historical_TR_01012015to31122015.csv,0.004079300428232457,1.0
2015-01-12,9639.88,NIFTY 500,NIFTY 500_Historical_TR_01012015to31122015.csv,0.0047256043541428205,3.0
2015-01-13,9620.57,NIFTY 500,NIFTY 500_Historical_TR_01012015to31122015.csv,-0.0020031369685099554,1.0
2015-01-14,9600.47,NIFTY 500,NIFTY 500_Historical_TR_01012015to31122015.csv,-0.0020892732966966143,1.0
2015-01-15,9813.17,NIFTY 500,NIFTY 500_Historical_TR_01012015to31122015.csv,0.022155165320031367,1.0
2015-01-16,9847.05,NIFTY 500,NIFTY 500_Historical_TR_01012015to31122015.csv,0.003452503115710659,1.0
2015-01-19,9890.46,NIFTY 500,NIFTY 500_Historical_TR_01012015to31122015.csv,0.004408426889271455,3.0
2015-01-20,10015.63,NIFTY 500,NIFTY 500_Historical_TR_01012015to31122015.csv,0.01265562976848389,1.0
2015-01-21,10042.44,NIFTY 500,NIFTY 500_Historical_TR_01012015to31122015.csv,0.0026768161363790455,1.0
2015-01-22,10074.49,NIFTY 500,NIFTY 500_Historical_TR_01012015to31122015.csv,0.003191455463014803,1.0
2015-01-23,10142.98,NIFTY 500,NIFTY 500_Historical_TR_01012015to31122015.csv,0.006798359023632905,1.0
2015-01-27,10226.57,NIFTY 500,NIFTY 500_Historical_TR_01012015to31122015.csv,0.008241167783038073,4.0
2015-01-28,10244.29,NIFTY 500,NIFTY 500_Historical_TR_01012015to31122015.csv,0.0017327412808010312,1.0
2015-01-29,10267.06,NIFTY 500,NIFTY 500_Historical_TR_01012015to31122015.csv,0.0022227016220741636,1.0
2015-01-30,10138.98,NIFTY 500,NIFTY 500_Historical_TR_01012015to31122015.csv,-0.012474846742884571,1.0
2015-02-02,10147.78,NIFTY 500,NIFTY 500_Historical_TR_01012015to31122015.csv,0.0008679374059323841,3.0
2015-02-03,10097.62,NIFTY 500,NIFTY 500_Historical_TR_01012015to31122015.csv,-0.004942953039975273,1.0
2015-02-04,10057.71,NIFTY 500,NIFTY 500_Historical_TR_01012015to31122015.csv,-0.003952416510029311,1.0
2015-02-05,10012.35,NIFTY 500,NIFTY 500_Historical_TR_01012015to31122015.csv,-0.0045099729461277605,1.0
2015-02-06,9945.69,NIFTY 500,NIFTY 500_Historical_TR_01012015to31122015.csv,-0.006657777644608842,1.0
2015-02-09,9794.2,NIFTY 500,NIFTY 500_Historical_TR_01012015to31122015.csv,-0.015231723490275684,3.0
2015-02-10,9847.33,NIFTY 500,NIFTY 500_Historical_TR_01012015to31122015.csv,0.005424639072103776,1.0
2015-02-11,9949.25,NIFTY 500,NIFTY 500_Historical_TR_01012015to31122015.csv,0.010350013658524615,1.0
2015-02-12,10057.44,NIFTY 500,NIFTY 500_Historical_TR_01012015to31122015.csv,0.010874186496469651,1.0
2015-02-13,10153.71,NIFTY 500,NIFTY 500_Historical_TR_01012015to31122015.csv,0.009572018326731158,1.0
2015-02-16,10152.18,NIFTY 500,NIFTY 500_Historical_TR_01012015to31122015.csv,-0.00015068383871497115,3.0
2015-02-18,10229.3,NIFTY 500,NIFTY 500_Historical_TR_01012015to31122015.csv,0.007596398015007555,2.0
2015-02-19,10249.54,NIFTY 500,NIFTY 500_Historical_TR_01012015to31122015.csv,0.0019786300137840662,1.0
2015-02-20,10202.2,NIFTY 500,NIFTY 500_Historical_TR_01012015to31122015.csv,-0.0046187438655783675,1.0
2015-02-23,10114.67,NIFTY 500,NIFTY 500_Historical_TR_01012015to31122015.csv,-0.008579522063868694,3.0
2015-02-24,10113.39,NIFTY 500,NIFTY 500_Historical_TR_01012015to31122015.csv,-0.00012654886417462485,1.0
2015-02-25,10110.02,NIFTY 500,NIFTY 500_Historical_TR_01012015to31122015.csv,-0.0003332216002743804,1.0
2015-02-26,10015.71,NIFTY 500,NIFTY 500_Historical_TR_01012015to31122015.csv,-0.009328369281168758,1.0
2015-02-27,10203.63,NIFTY 500,NIFTY 500_Historical_TR_01012015to31122015.csv,0.01876252407467871,1.0
2015-02-28,10244.87,NIFTY 500,NIFTY 500_Historical_TR_01012015to31122015.csv,0.004041698885592915,1.0
2015-03-02,10330.83,NIFTY 500,NIFTY 500_Historical_TR_01012015to31122015.csv,0.008390540826774595,2.0
2015-03-03,10400.17,NIFTY 500,NIFTY 500_Historical_TR_01012015to31122015.csv,0.006711948604323226,1.0
2015-03-04,10307.61,NIFTY 500,NIFTY 500_Historical_TR_01012015to31122015.csv,-0.008899854521608686,1.0
2015-03-05,10340.92,NIFTY 500,NIFTY 500_Historical_TR_01012015to31122015.csv,0.0032315929686901335,1.0
2015-03-09,10154.48,NIFTY 500,NIFTY 500_Historical_TR_01012015to31122015.csv,-0.018029343617395832,4.0
2015-03-10,10112.31,NIFTY 500,NIFTY 500_Historical_TR_01012015to31122015.csv,-0.0041528468222893355,1.0
2015-03-11,10091.02,NIFTY 500,NIFTY 500_Historical_TR_01012015to31122015.csv,-0.0021053547606826317,1.0
2015-03-12,10198.92,NIFTY 500,NIFTY 500_Historical_TR_01012015to31122015.csv,0.010692675269695195,1.0
2015-03-13,10053.55,NIFTY 500,NIFTY 500_Historical_TR_01012015to31122015.csv,-0.014253469975252342,1.0
2015-03-16,10023.89,NIFTY 500,NIFTY 500_Historical_TR_01012015to31122015.csv,-0.0029502016700568845,3.0
2015-03-17,10130.22,NIFTY 500,NIFTY 500_Historical_TR_01012015to31122015.csv,0.010607658304311096,1.0
2015-03-18,10106.25,NIFTY 500,NIFTY 500_Historical_TR_01012015to31122015.csv,-0.002366187506293027,1.0
2015-03-19,10049.18,NIFTY 500,NIFTY 500_Historical_TR_01012015to31122015.csv,-0.005647000618429154,1.0
2015-03-20,9956.35,NIFTY 500,NIFTY 500_Historical_TR_01012015to31122015.csv,-0.009237569632547071,1.0
2015-03-23,9912.99,NIFTY 500,NIFTY 500_Historical_TR_01012015to31122015.csv,-0.0043550096169782115,3.0
2015-03-24,9896.27,NIFTY 500,NIFTY 500_Historical_TR_01012015to31122015.csv,-0.0016866757658384746,1.0
2015-03-25,9879.38,NIFTY 500,NIFTY 500_Historical_TR_01012015to31122015.csv,-0.0017067036368249022,1.0
2015-03-26,9700.53,NIFTY 500,NIFTY 500_Historical_TR_01012015to31122015.csv,-0.018103362761630604,1.0
2015-03-27,9701.08,NIFTY 500,NIFTY 500_Historical_TR_01012015to31122015.csv,5.669793299944992e-05,1.0
2015-03-30,9875.89,NIFTY 500,NIFTY 500_Historical_TR_01012015to31122015.csv,0.0180196431737496,3.0
2015-03-31,9887.5,NIFTY 500,NIFTY 500_Historical_TR_01012015to31122015.csv,0.0011755902506003224,1.0
2015-04-01,10003.76,NIFTY 500,NIFTY 500_Historical_TR_01012015to31122015.csv,0.011758280657395703,1.0
2015-04-06,10098.11,NIFTY 500,NIFTY 500_Historical_TR_01012015to31122015.csv,0.009431453773381282,5.0
2015-04-07,10123.12,NIFTY 500,NIFTY 500_Historical_TR_01012015to31122015.csv,0.0024767010856487914,1.0
2015-04-08,10192.92,NIFTY 500,NIFTY 500_Historical_TR_01012015to31122015.csv,0.006895107437232761,1.0
2015-04-09,10250.21,NIFTY 500,NIFTY 500_Historical_TR_01012015to31122015.csv,0.00562056800210331,1.0
2015-04-10,10267.3,NIFTY 500,NIFTY 500_Historical_TR_01012015to31122015.csv,0.0016672829142037049,1.0
2015-04-13,10324.17,NIFTY 500,NIFTY 500_Historical_TR_01012015to31122015.csv,0.005538944026180381,3.0
2015-04-15,10236.29,NIFTY 500,NIFTY 500_Historical_TR_01012015to31122015.csv,-0.008512064408083053,2.0
2015-04-16,10178.49,NIFTY 500,NIFTY 500_Historical_TR_01012015to31122015.csv,-0.0056465770313268715,1.0
2015-04-17,10051.66,NIFTY 500,NIFTY 500_Historical_TR_01012015to31122015.csv,-0.012460590912797498,1.0
2015-04-20,9859.19,NIFTY 500,NIFTY 500_Historical_TR_01012015to31122015.csv,-0.019148081013484308,3.0
2015-04-21,9788.32,NIFTY 500,NIFTY 500_Historical_TR_01012015to31122015.csv,-0.007188217287627197,1.0
2015-04-22,9830.83,NIFTY 500,NIFTY 500_Historical_TR_01012015to31122015.csv,0.0043429311669418436,1.0
2015-04-23,9808.78,NIFTY 500,NIFTY 500_Historical_TR_01012015to31122015.csv,-0.002242943881645698,1.0
2015-04-24,9673.3,NIFTY 500,NIFTY 500_Historical_TR_01012015to31122015.csv,-0.013812115268157843,1.0
2015-04-27,9527.82,NIFTY 500,NIFTY 500_Historical_TR_01012015to31122015.csv,-0.015039335076964422,3.0
2015-04-28,9628.12,NIFTY 500,NIFTY 500_Historical_TR_01012015to31122015.csv,0.01052706705206452,1.0
2015-04-29,9609.77,NIFTY 500,NIFTY 500_Historical_TR_01012015to31122015.csv,-0.0019058757057452969,1.0
2015-04-30,9564.36,NIFTY 500,NIFTY 500_Historical_TR_01012015to31122015.csv,-0.004725399255133045,1.0
2015-05-04,9739.69,NIFTY 500,NIFTY 500_Historical_TR_01012015to31122015.csv,0.018331597723214133,4.0
2015-05-05,9747.19,NIFTY 500,NIFTY 500_Historical_TR_01012015to31122015.csv,0.0007700450425014438,1.0
2015-05-06,9467.63,NIFTY 500,NIFTY 500_Historical_TR_01012015to31122015.csv,-0.028681086549046553,1.0
2015-05-07,9376.91,NIFTY 500,NIFTY 500_Historical_TR_01012015to31122015.csv,-0.009582123509262575,1.0
2015-05-08,9538.39,NIFTY 500,NIFTY 500_Historical_TR_01012015to31122015.csv,0.017221024836539867,1.0
2015-05-11,9694.5,NIFTY 500,NIFTY 500_Historical_TR_01012015to31122015.csv,0.01636649371644494,3.0
2015-05-12,9482.52,NIFTY 500,NIFTY 500_Historical_TR_01012015to31122015.csv,-0.0218660064985301,1.0
2015-05-13,9611.51,NIFTY 500,NIFTY 500_Historical_TR_01012015to31122015.csv,0.013602924117217752,1.0
2015-05-14,9634.7,NIFTY 500,NIFTY 500_Historical_TR_01012015to31122015.csv,0.002412732234581272,1.0
2015-05-15,9677.61,NIFTY 500,NIFTY 500_Historical_TR_01012015to31122015.csv,0.00445369342065649,1.0
2015-05-18,9796.46,NIFTY 500,NIFTY 500_Historical_TR_01012015to31122015.csv,0.01228092473244935,3.0
2015-05-19,9794.77,NIFTY 500,NIFTY 500_Historical_TR_01012015to31122015.csv,-0.00017251129489614936,1.0
2015-05-20,9844.0,NIFTY 500,NIFTY 500_Historical_TR_01012015to31122015.csv,0.00502615171157661,1.0
2015-05-21,9836.48,NIFTY 500,NIFTY 500_Historical_TR_01012015to31122015.csv,-0.0007639171068671846,1.0
2015-05-22,9872.96,NIFTY 500,NIFTY 500_Historical_TR_01012015to31122015.csv,0.0037086437424769247,1.0
2015-05-25,9797.42,NIFTY 500,NIFTY 500_Historical_TR_01012015to31122015.csv,-0.0076512008556703925,3.0
2015-05-26,9768.32,NIFTY 500,NIFTY 500_Historical_TR_01012015to31122015.csv,-0.0029701696977367797,1.0
2015-05-27,9760.52,NIFTY 500,NIFTY 500_Historical_TR_01012015to31122015.csv,-0.0007984996396513955,1.0
2015-05-28,9737.99,NIFTY 500,NIFTY 500_Historical_TR_01012015to31122015.csv,-0.002308278657284668,1.0
2015-05-29,9868.59,NIFTY 500,NIFTY 500_Historical_TR_01012015to31122015.csv,0.013411391878611623,1.0
2015-06-01,9865.83,NIFTY 500,NIFTY 500_Historical_TR_01012015to31122015.csv,-0.0002796752119603729,3.0
2015-06-02,9641.75,NIFTY 500,NIFTY 500_Historical_TR_01012015to31122015.csv,-0.022712736789504806,1.0
2015-06-03,9511.22,NIFTY 500,NIFTY 500_Historical_TR_01012015to31122015.csv,-0.01353799880727058,1.0
2015-06-04,9517.88,NIFTY 500,NIFTY 500_Historical_TR_01012015to31122015.csv,0.0007002256282579999,1.0
2015-06-05,9514.13,NIFTY 500,NIFTY 500_Historical_TR_01012015to31122015.csv,-0.0003939953014746589,1.0
2015-06-08,9415.63,NIFTY 500,NIFTY 500_Historical_TR_01012015to31122015.csv,-0.010353022294208758,3.0
2015-06-09,9389.5,NIFTY 500,NIFTY 500_Historical_TR_01012015to31122015.csv,-0.0027751727712324037,1.0
2015-06-10,9500.81,NIFTY 500,NIFTY 500_Historical_TR_01012015to31122015.csv,0.01185473134884707,1.0
2015-06-11,9326.67,NIFTY 500,NIFTY 500_Historical_TR_01012015to31122015.csv,-0.01832896353047786,1.0
2015-06-12,9339.39,NIFTY 500,NIFTY 500_Historical_TR_01012015to31122015.csv,0.0013638308206465055,1.0
2015-06-15,9377.28,NIFTY 500,NIFTY 500_Historical_TR_01012015to31122015.csv,0.004057010147343831,3.0
2015-06-16,9415.24,NIFTY 500,NIFTY 500_Historical_TR_01012015to31122015.csv,0.004048082173082168,1.0
2015-06-17,9491.86,NIFTY 500,NIFTY 500_Historical_TR_01012015to31122015.csv,0.008137870091468713,1.0
2015-06-18,9586.33,NIFTY 500,NIFTY 500_Historical_TR_01012015to31122015.csv,0.009952738451683762,1.0
2015-06-19,9641.75,NIFTY 500,NIFTY 500_Historical_TR_01012015to31122015.csv,0.005781148781650591,1.0
2015-06-22,9790.85,NIFTY 500,NIFTY 500_Historical_TR_01012015to31122015.csv,0.015463997718256683,3.0
2015-06-23,9823.28,NIFTY 500,NIFTY 500_Historical_TR_01012015to31122015.csv,0.003312276257934732,1.0
2015-06-24,9788.6,NIFTY 500,NIFTY 500_Historical_TR_01012015to31122015.csv,-0.003530389035027004,1.0
2015-06-25,9831.17,NIFTY 500,NIFTY 500_Historical_TR_01012015to31122015.csv,0.004348936517990287,1.0
2015-06-26,9818.83,NIFTY 500,NIFTY 500_Historical_TR_01012015to31122015.csv,-0.001255191396344446,1.0
2015-06-29,9726.78,NIFTY 500,NIFTY 500_Historical_TR_01012015to31122015.csv,-0.00937484404964739,3.0
2015-06-30,9802.54,NIFTY 500,NIFTY 500_Historical_TR_01012015to31122015.csv,0.007788805750721162,1.0
2015-07-01,9909.29,NIFTY 500,NIFTY 500_Historical_TR_01012015to31122015.csv,0.010890034623679101,1.0
2015-07-02,9927.84,NIFTY 500,NIFTY 500_Historical_TR_01012015to31122015.csv,0.0018719807372675756,1.0
2015-07-03,9957.17,NIFTY 500,NIFTY 500_Historical_TR_01012015to31122015.csv,0.0029543183612950052,1.0
2015-07-06,10013.85,NIFTY 500,NIFTY 500_Historical_TR_01012015to31122015.csv,0.005692380465533997,3.0
2015-07-07,10024.95,NIFTY 500,NIFTY 500_Historical_TR_01012015to31122015.csv,0.001108464776284901,1.0
2015-07-08,9867.13,NIFTY 500,NIFTY 500_Historical_TR_01012015to31122015.csv,-0.01574272190883763,1.0
2015-07-09,9835.67,NIFTY 500,NIFTY 500_Historical_TR_01012015to31122015.csv,-0.003188363789673354,1.0
2015-07-10,9865.53,NIFTY 500,NIFTY 500_Historical_TR_01012015to31122015.csv,0.003035888759993055,1.0
2015-07-13,9980.78,NIFTY 500,NIFTY 500_Historical_TR_01012015to31122015.csv,0.011682089051475275,3.0
2015-07-14,9986.39,NIFTY 500,NIFTY 500_Historical_TR_01012015to31122015.csv,0.0005620803183716827,1.0
2015-07-15,10054.51,NIFTY 500,NIFTY 500_Historical_TR_01012015to31122015.csv,0.0068212837672072535,1.0
2015-07-16,10157.07,NIFTY 500,NIFTY 500_Historical_TR_01012015to31122015.csv,0.010200397632505132,1.0
2015-07-17,10173.33,NIFTY 500,NIFTY 500_Historical_TR_01012015to31122015.csv,0.0016008553647852697,1.0
2015-07-20,10175.8,NIFTY 500,NIFTY 500_Historical_TR_01012015to31122015.csv,0.0002427916916092343,3.0
2015-07-21,10064.48,NIFTY 500,NIFTY 500_Historical_TR_01012015to31122015.csv,-0.010939680418247222,1.0
2015-07-22,10177.79,NIFTY 500,NIFTY 500_Historical_TR_01012015to31122015.csv,0.011258405799405624,1.0
2015-07-23,10151.24,NIFTY 500,NIFTY 500_Historical_TR_01012015to31122015.csv,-0.002608621321524729,1.0
2015-07-24,10073.94,NIFTY 500,NIFTY 500_Historical_TR_01012015to31122015.csv,-0.0076148332617492764,1.0
2015-07-27,9903.91,NIFTY 500,NIFTY 500_Historical_TR_01012015to31122015.csv,-0.01687820257019601,3.0
2015-07-28,9876.25,NIFTY 500,NIFTY 500_Historical_TR_01012015to31122015.csv,-0.002792836364627682,1.0
2015-07-29,9931.2,NIFTY 500,NIFTY 500_Historical_TR_01012015to31122015.csv,0.005563852676876424,1.0
2015-07-30,9996.92,NIFTY 500,NIFTY 500_Historical_TR_01012015to31122015.csv,0.006617528596745581,1.0
2015-07-31,10120.91,NIFTY 500,NIFTY 500_Historical_TR_01012015to31122015.csv,0.012402820068581066,1.0
2015-08-03,10154.0,NIFTY 500,NIFTY 500_Historical_TR_01012015to31122015.csv,0.003269468852109103,3.0
2015-08-04,10164.71,NIFTY 500,NIFTY 500_Historical_TR_01012015to31122015.csv,0.0010547567461098861,1.0
2015-08-05,10235.97,NIFTY 500,NIFTY 500_Historical_TR_01012015to31122015.csv,0.007010529567493817,1.0
2015-08-06,10258.9,NIFTY 500,NIFTY 500_Historical_TR_01012015to31122015.csv,0.0022401394298732225,1.0
2015-08-07,10234.06,NIFTY 500,NIFTY 500_Historical_TR_01012015to31122015.csv,-0.0024213122264570286,1.0
2015-08-10,10196.68,NIFTY 500,NIFTY 500_Historical_TR_01012015to31122015.csv,-0.0036525093657843177,3.0
2015-08-11,10116.52,NIFTY 500,NIFTY 500_Historical_TR_01012015to31122015.csv,-0.007861382332288502,1.0
2015-08-12,9953.2,NIFTY 500,NIFTY 500_Historical_TR_01012015to31122015.csv,-0.016143891377667363,1.0
2015-08-13,9939.76,NIFTY 500,NIFTY 500_Historical_TR_01012015to31122015.csv,-0.001350319495237784,1.0
2015-08-14,10133.83,NIFTY 500,NIFTY 500_Historical_TR_01012015to31122015.csv,0.01952461628852209,1.0
2015-08-17,10114.36,NIFTY 500,NIFTY 500_Historical_TR_01012015to31122015.csv,-0.0019212874105840605,3.0
2015-08-18,10125.33,NIFTY 500,NIFTY 500_Historical_TR_01012015to31122015.csv,0.0010845965538106572,1.0
2015-08-19,10153.09,NIFTY 500,NIFTY 500_Historical_TR_01012015to31122015.csv,0.00274163903793756,1.0
2015-08-20,9998.16,NIFTY 500,NIFTY 500_Historical_TR_01012015to31122015.csv,-0.015259393938200083,1.0
2015-08-21,9918.45,NIFTY 500,NIFTY 500_Historical_TR_01012015to31122015.csv,-0.007972466933915734,1.0
2015-08-24,9252.89,NIFTY 500,NIFTY 500_Historical_TR_01012015to31122015.csv,-0.06710322681467384,3.0
2015-08-25,9361.37,NIFTY 500,NIFTY 500_Historical_TR_01012015to31122015.csv,0.011723904639523663,1.0
2015-08-26,9281.44,NIFTY 500,NIFTY 500_Historical_TR_01012015to31122015.csv,-0.00853828018762215,1.0
2015-08-27,9486.78,NIFTY 500,NIFTY 500_Historical_TR_01012015to31122015.csv,0.02212372218104086,1.0
2015-08-28,9540.87,NIFTY 500,NIFTY 500_Historical_TR_01012015to31122015.csv,0.005701618462744973,1.0
2015-08-31,9505.16,NIFTY 500,NIFTY 500_Historical_TR_01012015to31122015.csv,-0.003742845254154026,3.0
2015-09-01,9297.72,NIFTY 500,NIFTY 500_Historical_TR_01012015to31122015.csv,-0.021823935630752245,1.0
2015-09-02,9232.0,NIFTY 500,NIFTY 500_Historical_TR_01012015to31122015.csv,-0.00706839956462435,1.0
2015-09-03,9353.85,NIFTY 500,NIFTY 500_Historical_TR_01012015to31122015.csv,0.013198656845753831,1.0
2015-09-04,9155.93,NIFTY 500,NIFTY 500_Historical_TR_01012015to31122015.csv,-0.021159201825986074,1.0
2015-09-07,9017.51,NIFTY 500,NIFTY 500_Historical_TR_01012015to31122015.csv,-0.015118071020639112,3.0
2015-09-08,9136.84,NIFTY 500,NIFTY 500_Historical_TR_01012015to31122015.csv,0.01323314307386414,1.0
2015-09-09,9301.5,NIFTY 500,NIFTY 500_Historical_TR_01012015to31122015.csv,0.01802154793123223,1.0
2015-09-10,9276.47,NIFTY 500,NIFTY 500_Historical_TR_01012015to31122015.csv,-0.0026909638230393496,1.0
2015-09-11,9286.56,NIFTY 500,NIFTY 500_Historical_TR_01012015to31122015.csv,0.001087698230037848,1.0
2015-09-14,9388.23,NIFTY 500,NIFTY 500_Historical_TR_01012015to31122015.csv,0.010948079805654709,3.0
2015-09-15,9332.24,NIFTY 500,NIFTY 500_Historical_TR_01012015to31122015.csv,-0.005963850480868005,1.0
2015-09-16,9373.51,NIFTY 500,NIFTY 500_Historical_TR_01012015to31122015.csv,0.004422303755582835,1.0
2015-09-18,9466.88,NIFTY 500,NIFTY 500_Historical_TR_01012015to31122015.csv,0.009961049809516176,2.0
2015-09-21,9481.74,NIFTY 500,NIFTY 500_Historical_TR_01012015to31122015.csv,0.0015696829367226606,3.0
2015-09-22,9312.67,NIFTY 500,NIFTY 500_Historical_TR_01012015to31122015.csv,-0.017831115385994578,1.0
2015-09-23,9349.06,NIFTY 500,NIFTY 500_Historical_TR_01012015to31122015.csv,0.003907579673713357,1.0
2015-09-24,9377.56,NIFTY 500,NIFTY 500_Historical_TR_01012015to31122015.csv,0.0030484348159065533,1.0
2015-09-28,9306.78,NIFTY 500,NIFTY 500_Historical_TR_01012015to31122015.csv,-0.007547805612547309,4.0
2015-09-29,9346.82,NIFTY 500,NIFTY 500_Historical_TR_01012015to31122015.csv,0.0043022398724370525,1.0
2015-09-30,9480.55,NIFTY 500,NIFTY 500_Historical_TR_01012015to31122015.csv,0.014307539890572318,1.0
2015-10-01,9492.52,NIFTY 500,NIFTY 500_Historical_TR_01012015to31122015.csv,0.0012625849766101371,1.0
2015-10-05,9684.52,NIFTY 500,NIFTY 500_Historical_TR_01012015to31122015.csv,0.020226451985352778,4.0
2015-10-06,9726.72,NIFTY 500,NIFTY 500_Historical_TR_01012015to31122015.csv,0.0043574694460850605,1.0
2015-10-07,9751.14,NIFTY 500,NIFTY 500_Historical_TR_01012015to31122015.csv,0.002510609948677356,1.0
2015-10-08,9691.28,NIFTY 500,NIFTY 500_Historical_TR_01012015to31122015.csv,-0.00613876941567848,1.0
2015-10-09,9742.04,NIFTY 500,NIFTY 500_Historical_TR_01012015to31122015.csv,0.005237698219430209,1.0
2015-10-12,9703.39,NIFTY 500,NIFTY 500_Historical_TR_01012015to31122015.csv,-0.003967341542428615,3.0
2015-10-13,9696.6,NIFTY 500,NIFTY 500_Historical_TR_01012015to31122015.csv,-0.000699755446292416,1.0
2015-10-14,9680.23,NIFTY 500,NIFTY 500_Historical_TR_01012015to31122015.csv,-0.0016882206134110067,1.0
2015-10-15,9748.72,NIFTY 500,NIFTY 500_Historical_TR_01012015to31122015.csv,0.007075245112977635,1.0
2015-10-16,9804.45,NIFTY 500,NIFTY 500_Historical_TR_01012015to31122015.csv,0.005716647929164154,1.0
2015-10-19,9857.82,NIFTY 500,NIFTY 500_Historical_TR_01012015to31122015.csv,0.005443446598228263,3.0
2015-10-20,9857.01,NIFTY 500,NIFTY 500_Historical_TR_01012015to31122015.csv,-8.216826844065217e-05,1.0
2015-10-21,9841.38,NIFTY 500,NIFTY 500_Historical_TR_01012015to31122015.csv,-0.0015856735460348936,1.0
2015-10-23,9867.09,NIFTY 500,NIFTY 500_Historical_TR_01012015to31122015.csv,0.0026124384994787864,2.0
2015-10-26,9823.68,NIFTY 500,NIFTY 500_Historical_TR_01012015to31122015.csv,-0.0043994734009723535,3.0
2015-10-27,9806.26,NIFTY 500,NIFTY 500_Historical_TR_01012015to31122015.csv,-0.0017732662301703783,1.0
2015-10-28,9746.18,NIFTY 500,NIFTY 500_Historical_TR_01012015to31122015.csv,-0.006126698659835617,1.0
2015-10-29,9684.35,NIFTY 500,NIFTY 500_Historical_TR_01012015to31122015.csv,-0.006344024017615135,1.0
2015-10-30,9636.67,NIFTY 500,NIFTY 500_Historical_TR_01012015to31122015.csv,-0.004923407353100706,1.0
2015-11-02,9622.86,NIFTY 500,NIFTY 500_Historical_TR_01012015to31122015.csv,-0.0014330676468115033,3.0
2015-11-03,9643.16,NIFTY 500,NIFTY 500_Historical_TR_01012015to31122015.csv,0.0021095599437173096,1.0
2015-11-04,9623.25,NIFTY 500,NIFTY 500_Historical_TR_01012015to31122015.csv,-0.0020646758946237798,1.0
2015-11-05,9510.25,NIFTY 500,NIFTY 500_Historical_TR_01012015to31122015.csv,-0.011742394721118155,1.0
2015-11-06,9493.72,NIFTY 500,NIFTY 500_Historical_TR_01012015to31122015.csv,-0.0017381246549775797,1.0
2015-11-09,9481.42,NIFTY 500,NIFTY 500_Historical_TR_01012015to31122015.csv,-0.0012955932974639817,3.0
2015-11-10,9332.91,NIFTY 500,NIFTY 500_Historical_TR_01012015to31122015.csv,-0.01566326562898812,1.0
2015-11-11,9402.41,NIFTY 500,NIFTY 500_Historical_TR_01012015to31122015.csv,0.007446766335473143,1.0
2015-11-13,9318.84,NIFTY 500,NIFTY 500_Historical_TR_01012015to31122015.csv,-0.008888146762372595,2.0
2015-11-16,9354.46,NIFTY 500,NIFTY 500_Historical_TR_01012015to31122015.csv,0.0038223641569121725,3.0
2015-11-17,9396.37,NIFTY 500,NIFTY 500_Historical_TR_01012015to31122015.csv,0.004480215854255842,1.0
2015-11-18,9291.77,NIFTY 500,NIFTY 500_Historical_TR_01012015to31122015.csv,-0.01113195840521397,1.0
2015-11-19,9416.16,NIFTY 500,NIFTY 500_Historical_TR_01012015to31122015.csv,0.013387115694856844,1.0
2015-11-20,9446.3,NIFTY 500,NIFTY 500_Historical_TR_01012015to31122015.csv,0.0032008801889515937,1.0
2015-11-23,9446.05,NIFTY 500,NIFTY 500_Historical_TR_01012015to31122015.csv,-2.6465388564878012e-05,3.0
2015-11-24,9436.95,NIFTY 500,NIFTY 500_Historical_TR_01012015to31122015.csv,-0.0009633656396058621,1.0
2015-11-26,9488.07,NIFTY 500,NIFTY 500_Historical_TR_01012015to31122015.csv,0.005417004434695505,2.0
2015-11-27,9548.02,NIFTY 500,NIFTY 500_Historical_TR_01012015to31122015.csv,0.006318460972568829,1.0
2015-11-30,9546.85,NIFTY 500,NIFTY 500_Historical_TR_01012015to31122015.csv,-0.00012253849489218815,3.0
2015-12-01,9584.55,NIFTY 500,NIFTY 500_Historical_TR_01012015to31122015.csv,0.003948946511152851,1.0
2015-12-02,9566.43,NIFTY 500,NIFTY 500_Historical_TR_01012015to31122015.csv,-0.0018905425919838459,1.0
2015-12-03,9494.61,NIFTY 500,NIFTY 500_Historical_TR_01012015to31122015.csv,-0.007507502798849708,1.0
2015-12-04,9402.35,NIFTY 500,NIFTY 500_Historical_TR_01012015to31122015.csv,-0.009717092118580961,1.0
2015-12-07,9390.87,NIFTY 500,NIFTY 500_Historical_TR_01012015to31122015.csv,-0.0012209713529064414,3.0
2015-12-08,9302.79,NIFTY 500,NIFTY 500_Historical_TR_01012015to31122015.csv,-0.009379322682562918,1.0
2015-12-09,9174.59,NIFTY 500,NIFTY 500_Historical_TR_01012015to31122015.csv,-0.013780811992961328,1.0
2015-12-10,9258.75,NIFTY 500,NIFTY 500_Historical_TR_01012015to31122015.csv,0.009173161961461007,1.0
2015-12-11,9174.77,NIFTY 500,NIFTY 500_Historical_TR_01012015to31122015.csv,-0.009070338868637728,1.0
2015-12-14,9220.65,NIFTY 500,NIFTY 500_Historical_TR_01012015to31122015.csv,0.005000670316531064,3.0
2015-12-15,9283.7,NIFTY 500,NIFTY 500_Historical_TR_01012015to31122015.csv,0.006837912728495432,1.0
2015-12-16,9331.87,NIFTY 500,NIFTY 500_Historical_TR_01012015to31122015.csv,0.005188664002498955,1.0
2015-12-17,9455.04,NIFTY 500,NIFTY 500_Historical_TR_01012015to31122015.csv,0.013198855106211216,1.0
2015-12-18,9382.34,NIFTY 500,NIFTY 500_Historical_TR_01012015to31122015.csv,-0.007689020881984754,1.0
2015-12-21,9464.06,NIFTY 500,NIFTY 500_Historical_TR_01012015to31122015.csv,0.008709980665803974,3.0
2015-12-22,9418.08,NIFTY 500,NIFTY 500_Historical_TR_01012015to31122015.csv,-0.004858380018723407,1.0
2015-12-23,9499.91,NIFTY 500,NIFTY 500_Historical_TR_01012015to31122015.csv,0.008688607444404806,1.0
2015-12-24,9505.68,NIFTY 500,NIFTY 500_Historical_TR_01012015to31122015.csv,0.0006073741751237982,1.0
2015-12-28,9568.39,NIFTY 500,NIFTY 500_Historical_TR_01012015to31122015.csv,0.0065971082552747085,4.0
2015-12-29,9574.92,NIFTY 500,NIFTY 500_Historical_TR_01012015to31122015.csv,0.0006824554601141397,1.0
2015-12-30,9546.62,NIFTY 500,NIFTY 500_Historical_TR_01012015to31122015.csv,-0.0029556382716512397,1.0
2015-12-31,9602.78,NIFTY 500,NIFTY 500_Historical_TR_01012015to31122015.csv,0.005882710320511242,1.0
2016-01-01,9643.99,NIFTY 500,NIFTY 500_Historical_TR_01012016to31122016.csv,0.004291465596421018,1.0
2016-01-04,9468.58,NIFTY 500,NIFTY 500_Historical_TR_01012016to31122016.csv,-0.01818852985123376,3.0
2016-01-05,9481.03,NIFTY 500,NIFTY 500_Historical_TR_01012016to31122016.csv,0.0013148750921470054,1.0
2016-01-06,9435.52,NIFTY 500,NIFTY 500_Historical_TR_01012016to31122016.csv,-0.004800111380303673,1.0
2016-01-07,9205.9,NIFTY 500,NIFTY 500_Historical_TR_01012016to31122016.csv,-0.024335701688937172,1.0
2016-01-08,9268.72,NIFTY 500,NIFTY 500_Historical_TR_01012016to31122016.csv,0.006823884682649162,1.0
2016-01-11,9213.09,NIFTY 500,NIFTY 500_Historical_TR_01012016to31122016.csv,-0.006001907491001934,3.0
2016-01-12,9146.77,NIFTY 500,NIFTY 500_Historical_TR_01012016to31122016.csv,-0.007198453504741575,1.0
2016-01-13,9161.79,NIFTY 500,NIFTY 500_Historical_TR_01012016to31122016.csv,0.0016421097283523256,1.0
2016-01-14,9107.86,NIFTY 500,NIFTY 500_Historical_TR_01012016to31122016.csv,-0.0058864042943573835,1.0
2016-01-15,8942.51,NIFTY 500,NIFTY 500_Historical_TR_01012016to31122016.csv,-0.01815464884176965,1.0
2016-01-18,8780.81,NIFTY 500,NIFTY 500_Historical_TR_01012016to31122016.csv,-0.01808217156033376,3.0
2016-01-19,8889.65,NIFTY 500,NIFTY 500_Historical_TR_01012016to31122016.csv,0.012395211831254693,1.0
2016-01-20,8733.39,NIFTY 500,NIFTY 500_Historical_TR_01012016to31122016.csv,-0.017577744905592496,1.0
2016-01-21,8700.17,NIFTY 500,NIFTY 500_Historical_TR_01012016to31122016.csv,-0.0038037921127992425,1.0
2016-01-22,8878.15,NIFTY 500,NIFTY 500_Historical_TR_01012016to31122016.csv,0.020457071528487303,1.0
2016-01-25,8904.06,NIFTY 500,NIFTY 500_Historical_TR_01012016to31122016.csv,0.0029184007929579092,3.0
2016-01-27,8915.95,NIFTY 500,NIFTY 500_Historical_TR_01012016to31122016.csv,0.0013353458983880184,2.0
2016-01-28,8898.25,NIFTY 500,NIFTY 500_Historical_TR_01012016to31122016.csv,-0.001985206287608232,1.0
2016-01-29,9054.56,NIFTY 500,NIFTY 500_Historical_TR_01012016to31122016.csv,0.017566375410895452,1.0
2016-02-01,9058.07,NIFTY 500,NIFTY 500_Historical_TR_01012016to31122016.csv,0.00038764997967866144,3.0
2016-02-02,8931.05,NIFTY 500,NIFTY 500_Historical_TR_01012016to31122016.csv,-0.014022854758243275,1.0
2016-02-03,8808.54,NIFTY 500,NIFTY 500_Historical_TR_01012016to31122016.csv,-0.013717312074168042,1.0
2016-02-04,8837.24,NIFTY 500,NIFTY 500_Historical_TR_01012016to31122016.csv,0.003258201699714025,1.0
2016-02-05,8958.55,NIFTY 500,NIFTY 500_Historical_TR_01012016to31122016.csv,0.013727136526788808,1.0
2016-02-08,8871.81,NIFTY 500,NIFTY 500_Historical_TR_01012016to31122016.csv,-0.009682370472900215,3.0
2016-02-09,8751.58,NIFTY 500,NIFTY 500_Historical_TR_01012016to31122016.csv,-0.013551913307430996,1.0
2016-02-10,8646.6,NIFTY 500,NIFTY 500_Historical_TR_01012016to31122016.csv,-0.011995548232433428,1.0
2016-02-11,8349.07,NIFTY 500,NIFTY 500_Historical_TR_01012016to31122016.csv,-0.03441005713228329,1.0
2016-02-12,8335.12,NIFTY 500,NIFTY 500_Historical_TR_01012016to31122016.csv,-0.0016708447767235235,1.0
2016-02-15,8571.9,NIFTY 500,NIFTY 500_Historical_TR_01012016to31122016.csv,0.02840750942997805,3.0
2016-02-16,8415.34,NIFTY 500,NIFTY 500_Historical_TR_01012016to31122016.csv,-0.01826432879524953,1.0
2016-02-17,8475.06,NIFTY 500,NIFTY 500_Historical_TR_01012016to31122016.csv,0.007096564131692684,1.0
2016-02-18,8559.1,NIFTY 500,NIFTY 500_Historical_TR_01012016to31122016.csv,0.009916153985930487,1.0
2016-02-19,8575.69,NIFTY 500,NIFTY 500_Historical_TR_01012016to31122016.csv,0.0019382879041021095,1.0
2016-02-22,8609.89,NIFTY 500,NIFTY 500_Historical_TR_01012016to31122016.csv,0.003988017290736723,3.0
2016-02-23,8477.03,NIFTY 500,NIFTY 500_Historical_TR_01012016to31122016.csv,-0.015431091454129908,1.0
2016-02-24,8375.38,NIFTY 500,NIFTY 500_Historical_TR_01012016to31122016.csv,-0.011991228059827774,1.0
2016-02-25,8313.56,NIFTY 500,NIFTY 500_Historical_TR_01012016to31122016.csv,-0.007381157631056734,1.0
2016-02-26,8365.56,NIFTY 500,NIFTY 500_Historical_TR_01012016to31122016.csv,0.006254841487882468,1.0
2016-02-29,8332.74,NIFTY 500,NIFTY 500_Historical_TR_01012016to31122016.csv,-0.003923228092321374,3.0
2016-03-01,8604.5,NIFTY 500,NIFTY 500_Historical_TR_01012016to31122016.csv,0.03261352208277235,1.0
2016-03-02,8771.84,NIFTY 500,NIFTY 500_Historical_TR_01012016to31122016.csv,0.019447963275030622,1.0
2016-03-03,8888.13,NIFTY 500,NIFTY 500_Historical_TR_01012016to31122016.csv,0.013257195753684448,1.0
2016-03-04,8918.06,NIFTY 500,NIFTY 500_Historical_TR_01012016to31122016.csv,0.0033674124928415594,1.0
2016-03-08,8924.33,NIFTY 500,NIFTY 500_Historical_TR_01012016to31122016.csv,0.0007030677075507974,4.0
2016-03-09,8969.23,NIFTY 500,NIFTY 500_Historical_TR_01012016to31122016.csv,0.005031190016505427,1.0
2016-03-10,8923.32,NIFTY 500,NIFTY 500_Historical_TR_01012016to31122016.csv,-0.005118611073637314,1.0
2016-03-11,8945.45,NIFTY 500,NIFTY 500_Historical_TR_01012016to31122016.csv,0.002480018647768034,1.0
2016-03-14,8985.75,NIFTY 500,NIFTY 500_Historical_TR_01012016to31122016.csv,0.004505083589981362,3.0
2016-03-15,8899.93,NIFTY 500,NIFTY 500_Historical_TR_01012016to31122016.csv,-0.009550677461536261,1.0
2016-03-16,8924.52,NIFTY 500,NIFTY 500_Historical_TR_01012016to31122016.csv,0.0027629430793276732,1.0
2016-03-17,8954.2,NIFTY 500,NIFTY 500_Historical_TR_01012016to31122016.csv,0.00332566905559073,1.0
2016-03-18,9050.81,NIFTY 500,NIFTY 500_Historical_TR_01012016to31122016.csv,0.010789350249045038,1.0
2016-03-21,9172.3,NIFTY 500,NIFTY 500_Historical_TR_01012016to31122016.csv,0.013423107987019955,3.0
2016-03-22,9190.1,NIFTY 500,NIFTY 500_Historical_TR_01012016to31122016.csv,0.0019406255791896143,1.0
2016-03-23,9197.92,NIFTY 500,NIFTY 500_Historical_TR_01012016to31122016.csv,0.000850915659242002,1.0
2016-03-28,9070.68,NIFTY 500,NIFTY 500_Historical_TR_01012016to31122016.csv,-0.013833562370622943,5.0
2016-03-29,9053.98,NIFTY 500,NIFTY 500_Historical_TR_01012016to31122016.csv,-0.0018410968086186585,1.0
2016-03-30,9217.78,NIFTY 500,NIFTY 500_Historical_TR_01012016to31122016.csv,0.018091491255779246,1.0
2016-03-31,9239.92,NIFTY 500,NIFTY 500_Historical_TR_01012016to31122016.csv,0.002401879845255417,1.0
2016-04-01,9230.34,NIFTY 500,NIFTY 500_Historical_TR_01012016to31122016.csv,-0.0010368055134676313,1.0
2016-04-04,9279.23,NIFTY 500,NIFTY 500_Historical_TR_01012016to31122016.csv,0.005296662961494336,3.0
2016-04-05,9105.56,NIFTY 500,NIFTY 500_Historical_TR_01012016to31122016.csv,-0.018715992598523856,1.0
2016-04-06,9133.81,NIFTY 500,NIFTY 500_Historical_TR_01012016to31122016.csv,0.003102500010982334,1.0
2016-04-07,9064.79,NIFTY 500,NIFTY 500_Historical_TR_01012016to31122016.csv,-0.007556539932404793,1.0
2016-04-08,9088.92,NIFTY 500,NIFTY 500_Historical_TR_01012016to31122016.csv,0.002661948042921969,1.0
2016-04-11,9209.21,NIFTY 500,NIFTY 500_Historical_TR_01012016to31122016.csv,0.013234795773314989,3.0
2016-04-12,9265.75,NIFTY 500,NIFTY 500_Historical_TR_01012016to31122016.csv,0.0061395059945426045,1.0
2016-04-13,9416.66,NIFTY 500,NIFTY 500_Historical_TR_01012016to31122016.csv,0.01628686290910064,1.0
2016-04-18,9502.13,NIFTY 500,NIFTY 500_Historical_TR_01012016to31122016.csv,0.009076466602808253,5.0
2016-04-20,9513.99,NIFTY 500,NIFTY 500_Historical_TR_01012016to31122016.csv,0.001248141206234843,2.0
2016-04-21,9501.07,NIFTY 500,NIFTY 500_Historical_TR_01012016to31122016.csv,-0.0013580001660712382,1.0
2016-04-22,9491.99,NIFTY 500,NIFTY 500_Historical_TR_01012016to31122016.csv,-0.000955681833730293,1.0
2016-04-25,9442.6,NIFTY 500,NIFTY 500_Historical_TR_01012016to31122016.csv,-0.00520333460106881,3.0
2016-04-26,9551.54,NIFTY 500,NIFTY 500_Historical_TR_01012016to31122016.csv,0.011537076652616829,1.0
2016-04-27,9572.88,NIFTY 500,NIFTY 500_Historical_TR_01012016to31122016.csv,0.0022341946953055025,1.0
2016-04-28,9428.01,NIFTY 500,NIFTY 500_Historical_TR_01012016to31122016.csv,-0.015133376789430053,1.0
2016-04-29,9435.77,NIFTY 500,NIFTY 500_Historical_TR_01012016to31122016.csv,0.0008230793136621006,1.0
2016-05-02,9423.72,NIFTY 500,NIFTY 500_Historical_TR_01012016to31122016.csv,-0.001277055290665352,3.0
2016-05-03,9356.97,NIFTY 500,NIFTY 500_Historical_TR_01012016to31122016.csv,-0.007083190077803669,1.0
2016-05-04,9286.59,NIFTY 500,NIFTY 500_Historical_TR_01012016to31122016.csv,-0.007521665667411526,1.0
2016-05-05,9309.92,NIFTY 500,NIFTY 500_Historical_TR_01012016to31122016.csv,0.002512224616355363,1.0
2016-05-06,9316.38,NIFTY 500,NIFTY 500_Historical_TR_01012016to31122016.csv,0.0006938835134995269,1.0
2016-05-09,9457.72,NIFTY 500,NIFTY 500_Historical_TR_01012016to31122016.csv,0.015171128700203207,3.0
2016-05-10,9477.86,NIFTY 500,NIFTY 500_Historical_TR_01012016to31122016.csv,0.0021294772947393348,1.0
2016-05-11,9443.08,NIFTY 500,NIFTY 500_Historical_TR_01012016to31122016.csv,-0.0036696047419988442,1.0
2016-05-12,9511.69,NIFTY 500,NIFTY 500_Historical_TR_01012016to31122016.csv,0.007265637906276323,1.0
2016-05-13,9427.84,NIFTY 500,NIFTY 500_Historical_TR_01012016to31122016.csv,-0.008815468123961168,1.0
2016-05-16,9465.02,NIFTY 500,NIFTY 500_Historical_TR_01012016to31122016.csv,0.003943639264136989,3.0
2016-05-17,9495.73,NIFTY 500,NIFTY 500_Historical_TR_01012016to31122016.csv,0.0032445784583654547,1.0
2016-05-18,9484.05,NIFTY 500,NIFTY 500_Historical_TR_01012016to31122016.csv,-0.0012300265487751316,1.0
2016-05-19,9376.55,NIFTY 500,NIFTY 500_Historical_TR_01012016to31122016.csv,-0.01133482003996178,1.0
2016-05-20,9328.71,NIFTY 500,NIFTY 500_Historical_TR_01012016to31122016.csv,-0.005102089787821784,1.0
2016-05-23,9303.21,NIFTY 500,NIFTY 500_Historical_TR_01012016to31122016.csv,-0.0027334969143644194,3.0
2016-05-24,9307.99,NIFTY 500,NIFTY 500_Historical_TR_01012016to31122016.csv,0.0005138011503555973,1.0
2016-05-25,9491.69,NIFTY 500,NIFTY 500_Historical_TR_01012016to31122016.csv,0.01973573241913673,1.0
2016-05-26,9632.59,NIFTY 500,NIFTY 500_Historical_TR_01012016to31122016.csv,0.014844564034434349,1.0
2016-05-27,9735.44,NIFTY 500,NIFTY 500_Historical_TR_01012016to31122016.csv,0.010677294476355792,1.0
2016-05-30,9780.4,NIFTY 500,NIFTY 500_Historical_TR_01012016to31122016.csv,0.004618178531221817,3.0
2016-05-31,9757.09,NIFTY 500,NIFTY 500_Historical_TR_01012016to31122016.csv,-0.0023833381047809743,1.0
2016-06-01,9773.47,NIFTY 500,NIFTY 500_Historical_TR_01012016to31122016.csv,0.0016787792261832024,1.0
2016-06-02,9822.02,NIFTY 500,NIFTY 500_Historical_TR_01012016to31122016.csv,0.004967529444506624,1.0
2016-06-03,9817.43,NIFTY 500,NIFTY 500_Historical_TR_01012016to31122016.csv,-0.0004673173135465447,1.0
2016-06-06,9803.72,NIFTY 500,NIFTY 500_Historical_TR_01012016to31122016.csv,-0.0013964958242637104,3.0
2016-06-07,9878.13,NIFTY 500,NIFTY 500_Historical_TR_01012016to31122016.csv,0.007589976049907632,1.0
2016-06-08,9903.43,NIFTY 500,NIFTY 500_Historical_TR_01012016to31122016.csv,0.00256121350903471,1.0
2016-06-09,9846.98,NIFTY 500,NIFTY 500_Historical_TR_01012016to31122016.csv,-0.00570004533782742,1.0
2016-06-10,9810.17,NIFTY 500,NIFTY 500_Historical_TR_01012016to31122016.csv,-0.003738201966491217,1.0
2016-06-13,9742.85,NIFTY 500,NIFTY 500_Historical_TR_01012016to31122016.csv,-0.00686226640313059,3.0
2016-06-14,9755.44,NIFTY 500,NIFTY 500_Historical_TR_01012016to31122016.csv,0.0012922296863853155,1.0
2016-06-15,9857.69,NIFTY 500,NIFTY 500_Historical_TR_01012016to31122016.csv,0.010481331441739128,1.0
2016-06-16,9800.32,NIFTY 500,NIFTY 500_Historical_TR_01012016to31122016.csv,-0.005819821885249099,1.0
2016-06-17,9832.76,NIFTY 500,NIFTY 500_Historical_TR_01012016to31122016.csv,0.003310095996865492,1.0
2016-06-20,9903.05,NIFTY 500,NIFTY 500_Historical_TR_01012016to31122016.csv,0.007148552390173091,3.0
2016-06-21,9895.69,NIFTY 500,NIFTY 500_Historical_TR_01012016to31122016.csv,-0.0007432053761213808,1.0
2016-06-22,9875.46,NIFTY 500,NIFTY 500_Historical_TR_01012016to31122016.csv,-0.002044324347266424,1.0
2016-06-23,9932.84,NIFTY 500,NIFTY 500_Historical_TR_01012016to31122016.csv,0.005810362251480017,1.0
2016-06-24,9738.77,NIFTY 500,NIFTY 500_Historical_TR_01012016to31122016.csv,-0.01953821867663219,1.0
2016-06-27,9779.32,NIFTY 500,NIFTY 500_Historical_TR_01012016to31122016.csv,0.004163770168101211,3.0
2016-06-28,9828.27,NIFTY 500,NIFTY 500_Historical_TR_01012016to31122016.csv,0.005005460502366388,1.0
2016-06-29,9932.52,NIFTY 500,NIFTY 500_Historical_TR_01012016to31122016.csv,0.010607156702044263,1.0
2016-06-30,10038.73,NIFTY 500,NIFTY 500_Historical_TR_01012016to31122016.csv,0.010693157426312716,1.0
2016-07-01,10106.39,NIFTY 500,NIFTY 500_Historical_TR_01012016to31122016.csv,0.006739896381315225,1.0
2016-07-04,10170.09,NIFTY 500,NIFTY 500_Historical_TR_01012016to31122016.csv,0.006302942989534488,3.0
2016-07-05,10140.15,NIFTY 500,NIFTY 500_Historical_TR_01012016to31122016.csv,-0.0029439267499108412,1.0
2016-07-07,10140.75,NIFTY 500,NIFTY 500_Historical_TR_01012016to31122016.csv,5.91707223265292e-05,2.0
2016-07-08,10126.0,NIFTY 500,NIFTY 500_Historical_TR_01012016to31122016.csv,-0.0014545275250844591,1.0
2016-07-11,10287.57,NIFTY 500,NIFTY 500_Historical_TR_01012016to31122016.csv,0.015955954967410646,3.0
2016-07-12,10346.5,NIFTY 500,NIFTY 500_Historical_TR_01012016to31122016.csv,0.005728272079801089,1.0
2016-07-13,10324.9,NIFTY 500,NIFTY 500_Historical_TR_01012016to31122016.csv,-0.0020876624945633804,1.0
2016-07-14,10380.92,NIFTY 500,NIFTY 500_Historical_TR_01012016to31122016.csv,0.005425718408895053,1.0
2016-07-15,10356.16,NIFTY 500,NIFTY 500_Historical_TR_01012016to31122016.csv,-0.0023851450545808728,1.0
2016-07-18,10310.87,NIFTY 500,NIFTY 500_Historical_TR_01012016to31122016.csv,-0.0043732425918485696,3.0
2016-07-19,10334.21,NIFTY 500,NIFTY 500_Historical_TR_01012016to31122016.csv,0.002263630518084092,1.0
2016-07-20,10396.66,NIFTY 500,NIFTY 500_Historical_TR_01012016to31122016.csv,0.006043035703745314,1.0
2016-07-21,10348.6,NIFTY 500,NIFTY 500_Historical_TR_01012016to31122016.csv,-0.004622638424263137,1.0
2016-07-22,10407.44,NIFTY 500,NIFTY 500_Historical_TR_01012016to31122016.csv,0.00568579324739571,1.0
2016-07-25,10521.16,NIFTY 500,NIFTY 500_Historical_TR_01012016to31122016.csv,0.010926798521057934,3.0
2016-07-26,10470.31,NIFTY 500,NIFTY 500_Historical_TR_01012016to31122016.csv,-0.004833117260834352,1.0
2016-07-27,10510.64,NIFTY 500,NIFTY 500_Historical_TR_01012016to31122016.csv,0.0038518439282122507,1.0
2016-07-28,10573.42,NIFTY 500,NIFTY 500_Historical_TR_01012016to31122016.csv,0.0059729949841305086,1.0
2016-07-29,10561.53,NIFTY 500,NIFTY 500_Historical_TR_01012016to31122016.csv,-0.0011245178948722234,1.0
2016-08-01,10568.95,NIFTY 500,NIFTY 500_Historical_TR_01012016to31122016.csv,0.0007025497252766133,3.0
2016-08-02,10535.23,NIFTY 500,NIFTY 500_Historical_TR_01012016to31122016.csv,-0.0031904777674226503,1.0
2016-08-03,10422.99,NIFTY 500,NIFTY 500_Historical_TR_01012016to31122016.csv,-0.010653777848229184,1.0
2016-08-04,10445.76,NIFTY 500,NIFTY 500_Historical_TR_01012016to31122016.csv,0.002184593864140716,1.0
2016-08-05,10613.15,NIFTY 500,NIFTY 500_Historical_TR_01012016to31122016.csv,0.0160246836994149,1.0
2016-08-08,10662.79,NIFTY 500,NIFTY 500_Historical_TR_01012016to31122016.csv,0.004677216472018353,3.0
2016-08-09,10620.56,NIFTY 500,NIFTY 500_Historical_TR_01012016to31122016.csv,-0.003960501894907598,1.0
2016-08-10,10489.54,NIFTY 500,NIFTY 500_Historical_TR_01012016to31122016.csv,-0.012336449302108199,1.0
2016-08-11,10508.13,NIFTY 500,NIFTY 500_Historical_TR_01012016to31122016.csv,0.0017722416807599561,1.0
2016-08-12,10592.39,NIFTY 500,NIFTY 500_Historical_TR_01012016to31122016.csv,0.008018553253528404,1.0
2016-08-16,10580.59,NIFTY 500,NIFTY 500_Historical_TR_01012016to31122016.csv,-0.0011140073203497192,4.0
2016-08-17,10587.03,NIFTY 500,NIFTY 500_Historical_TR_01012016to31122016.csv,0.0006086617097913471,1.0
2016-08-18,10657.76,NIFTY 500,NIFTY 500_Historical_TR_01012016to31122016.csv,0.00668081605511639,1.0
2016-08-19,10668.86,NIFTY 500,NIFTY 500_Historical_TR_01012016to31122016.csv,0.0010414946480310494,1.0
2016-08-22,10620.31,NIFTY 500,NIFTY 500_Historical_TR_01012016to31122016.csv,-0.00455062677736906,3.0
2016-08-23,10614.66,NIFTY 500,NIFTY 500_Historical_TR_01012016to31122016.csv,-0.0005319995367366603,1.0
2016-08-24,10652.63,NIFTY 500,NIFTY 500_Historical_TR_01012016to31122016.csv,0.003577128235854987,1.0
2016-08-25,10591.34,NIFTY 500,NIFTY 500_Historical_TR_01012016to31122016.csv,-0.005753508757931014,1.0
2016-08-26,10578.81,NIFTY 500,NIFTY 500_Historical_TR_01012016to31122016.csv,-0.001183041994686329,1.0
2016-08-29,10616.61,NIFTY 500,NIFTY 500_Historical_TR_01012016to31122016.csv,0.003573180726376801,3.0
2016-08-30,10762.82,NIFTY 500,NIFTY 500_Historical_TR_01012016to31122016.csv,0.013771816050509367,1.0
2016-08-31,10806.58,NIFTY 500,NIFTY 500_Historical_TR_01012016to31122016.csv,0.004065848913203052,1.0
2016-09-01,10783.22,NIFTY 500,NIFTY 500_Historical_TR_01012016to31122016.csv,-0.002161645960146563,1.0
2016-09-02,10828.04,NIFTY 500,NIFTY 500_Historical_TR_01012016to31122016.csv,0.004156457904039845,1.0
2016-09-06,10987.6,NIFTY 500,NIFTY 500_Historical_TR_01012016to31122016.csv,0.01473581553078862,4.0
2016-09-07,10977.36,NIFTY 500,NIFTY 500_Historical_TR_01012016to31122016.csv,-0.0009319596636208072,1.0
2016-09-08,11031.32,NIFTY 500,NIFTY 500_Historical_TR_01012016to31122016.csv,0.004915571685724096,1.0
2016-09-09,10934.44,NIFTY 500,NIFTY 500_Historical_TR_01012016to31122016.csv,-0.0087822672173411,1.0
2016-09-12,10711.08,NIFTY 500,NIFTY 500_Historical_TR_01012016to31122016.csv,-0.020427200661396472,3.0
2016-09-14,10761.82,NIFTY 500,NIFTY 500_Historical_TR_01012016to31122016.csv,0.004737150688819414,2.0
2016-09-15,10774.29,NIFTY 500,NIFTY 500_Historical_TR_01012016to31122016.csv,0.0011587259404080008,1.0
2016-09-16,10809.89,NIFTY 500,NIFTY 500_Historical_TR_01012016to31122016.csv,0.0033041620375910963,1.0
2016-09-19,10848.37,NIFTY 500,NIFTY 500_Historical_TR_01012016to31122016.csv,0.003559703197719921,3.0
2016-09-20,10814.58,NIFTY 500,NIFTY 500_Historical_TR_01012016to31122016.csv,-0.003114753645017676,1.0
2016-09-21,10816.64,NIFTY 500,NIFTY 500_Historical_TR_01012016to31122016.csv,0.0001904835878969724,1.0
2016-09-22,10934.35,NIFTY 500,NIFTY 500_Historical_TR_01012016to31122016.csv,0.010882307259925561,1.0
2016-09-23,10908.21,NIFTY 500,NIFTY 500_Historical_TR_01012016to31122016.csv,-0.0023906313589743267,1.0
2016-09-26,10799.69,NIFTY 500,NIFTY 500_Historical_TR_01012016to31122016.csv,-0.009948470005619492,3.0
2016-09-27,10785.63,NIFTY 500,NIFTY 500_Historical_TR_01012016to31122016.csv,-0.00130188922089447,1.0
2016-09-28,10850.59,NIFTY 500,NIFTY 500_Historical_TR_01012016to31122016.csv,0.006022828522765922,1.0
2016-09-29,10593.48,NIFTY 500,NIFTY 500_Historical_TR_01012016to31122016.csv,-0.02369548568326707,1.0
2016-09-30,10677.17,NIFTY 500,NIFTY 500_Historical_TR_01012016to31122016.csv,0.00790014235171066,1.0
2016-10-03,10875.55,NIFTY 500,NIFTY 500_Historical_TR_01012016to31122016.csv,0.018579829673967874,3.0
2016-10-04,10926.74,NIFTY 500,NIFTY 500_Historical_TR_01012016to31122016.csv,0.004706888387254082,1.0
2016-10-05,10923.62,NIFTY 500,NIFTY 500_Historical_TR_01012016to31122016.csv,-0.0002855380470294655,1.0
2016-10-06,10882.82,NIFTY 500,NIFTY 500_Historical_TR_01012016to31122016.csv,-0.003735025568447181,1.0
2016-10-07,10868.26,NIFTY 500,NIFTY 500_Historical_TR_01012016to31122016.csv,-0.0013378885252167683,1.0
2016-10-10,10876.25,NIFTY 500,NIFTY 500_Historical_TR_01012016to31122016.csv,0.0007351682790068814,3.0
2016-10-13,10711.11,NIFTY 500,NIFTY 500_Historical_TR_01012016to31122016.csv,-0.015183542121595117,3.0
2016-10-14,10742.18,NIFTY 500,NIFTY 500_Historical_TR_01012016to31122016.csv,0.002900726441984025,1.0
2016-10-17,10662.28,NIFTY 500,NIFTY 500_Historical_TR_01012016to31122016.csv,-0.007437968829418162,3.0
2016-10-18,10846.76,NIFTY 500,NIFTY 500_Historical_TR_01012016to31122016.csv,0.017302115494997272,1.0
2016-10-19,10840.51,NIFTY 500,NIFTY 500_Historical_TR_01012016to31122016.csv,-0.0005762089324369279,1.0
2016-10-20,10885.45,NIFTY 500,NIFTY 500_Historical_TR_01012016to31122016.csv,0.00414556141731337,1.0
2016-10-21,10894.59,NIFTY 500,NIFTY 500_Historical_TR_01012016to31122016.csv,0.0008396529312062473,1.0
2016-10-24,10909.63,NIFTY 500,NIFTY 500_Historical_TR_01012016to31122016.csv,0.001380501698549308,3.0
2016-10-25,10895.14,NIFTY 500,NIFTY 500_Historical_TR_01012016to31122016.csv,-0.001328184365555929,1.0
2016-10-26,10801.6,NIFTY 500,NIFTY 500_Historical_TR_01012016to31122016.csv,-0.008585479397235751,1.0
2016-10-27,10766.87,NIFTY 500,NIFTY 500_Historical_TR_01012016to31122016.csv,-0.0032152644052731993,1.0
2016-10-28,10827.51,NIFTY 500,NIFTY 500_Historical_TR_01012016to31122016.csv,0.0056320917778331925,1.0
2016-10-30,10838.16,NIFTY 500,NIFTY 500_Historical_TR_01012016to31122016.csv,0.0009836056489442857,2.0
2016-11-01,10840.64,NIFTY 500,NIFTY 500_Historical_TR_01012016to31122016.csv,0.00022882112830946433,2.0
2016-11-02,10681.16,NIFTY 500,NIFTY 500_Historical_TR_01012016to31122016.csv,-0.014711308557428304,1.0
2016-11-03,10615.11,NIFTY 500,NIFTY 500_Historical_TR_01012016to31122016.csv,-0.006183785281748344,1.0
2016-11-04,10514.14,NIFTY 500,NIFTY 500_Historical_TR_01012016to31122016.csv,-0.009511912735713612,1.0
2016-11-07,10596.79,NIFTY 500,NIFTY 500_Historical_TR_01012016to31122016.csv,0.007860842636677967,3.0
2016-11-08,10647.68,NIFTY 500,NIFTY 500_Historical_TR_01012016to31122016.csv,0.004802397707230233,1.0
2016-11-09,10476.32,NIFTY 500,NIFTY 500_Historical_TR_01012016to31122016.csv,-0.01609364669111024,1.0
2016-11-10,10613.46,NIFTY 500,NIFTY 500_Historical_TR_01012016to31122016.csv,0.013090474517769568,1.0
2016-11-11,10301.51,NIFTY 500,NIFTY 500_Historical_TR_01012016to31122016.csv,-0.029391923086344973,1.0
2016-11-15,9997.98,NIFTY 500,NIFTY 500_Historical_TR_01012016to31122016.csv,-0.029464612469434104,4.0
2016-11-16,10015.14,NIFTY 500,NIFTY 500_Historical_TR_01012016to31122016.csv,0.0017163467020337997,1.0
2016-11-17,9979.7,NIFTY 500,NIFTY 500_Historical_TR_01012016to31122016.csv,-0.0035386424952620343,1.0
2016-11-18,9987.01,NIFTY 500,NIFTY 500_Historical_TR_01012016to31122016.csv,0.000732486948505473,1.0
2016-11-21,9774.6,NIFTY 500,NIFTY 500_Historical_TR_01012016to31122016.csv,-0.02126862794770401,3.0
2016-11-22,9881.29,NIFTY 500,NIFTY 500_Historical_TR_01012016to31122016.csv,0.010915024655740346,1.0
2016-11-23,9949.77,NIFTY 500,NIFTY 500_Historical_TR_01012016to31122016.csv,0.006930269225981611,1.0
2016-11-24,9884.6,NIFTY 500,NIFTY 500_Historical_TR_01012016to31122016.csv,-0.006549900148445698,1.0
2016-11-25,10062.81,NIFTY 500,NIFTY 500_Historical_TR_01012016to31122016.csv,0.018029055298140362,1.0
2016-11-28,10095.55,NIFTY 500,NIFTY 500_Historical_TR_01012016to31122016.csv,0.0032535643622406685,3.0
2016-11-29,10124.81,NIFTY 500,NIFTY 500_Historical_TR_01012016to31122016.csv,0.0028983066796757218,1.0
2016-11-30,10234.36,NIFTY 500,NIFTY 500_Historical_TR_01012016to31122016.csv,0.010819956127571917,1.0
2016-12-01,10177.83,NIFTY 500,NIFTY 500_Historical_TR_01012016to31122016.csv,-0.005523550080317685,1.0
2016-12-02,10043.45,NIFTY 500,NIFTY 500_Historical_TR_01012016to31122016.csv,-0.013203207363455594,1.0
2016-12-05,10096.81,NIFTY 500,NIFTY 500_Historical_TR_01012016to31122016.csv,0.005312915382662098,3.0
2016-12-06,10121.91,NIFTY 500,NIFTY 500_Historical_TR_01012016to31122016.csv,0.002485933676081853,1.0
2016-12-07,10077.98,NIFTY 500,NIFTY 500_Historical_TR_01012016to31122016.csv,-0.004340089963257965,1.0
2016-12-08,10248.68,NIFTY 500,NIFTY 500_Historical_TR_01012016to31122016.csv,0.016937918114542816,1.0
2016-12-09,10265.87,NIFTY 500,NIFTY 500_Historical_TR_01012016to31122016.csv,0.0016772891728495942,1.0
2016-12-12,10153.18,NIFTY 500,NIFTY 500_Historical_TR_01012016to31122016.csv,-0.010977150499665411,3.0
2016-12-13,10185.2,NIFTY 500,NIFTY 500_Historical_TR_01012016to31122016.csv,0.0031536917497769767,1.0
2016-12-14,10126.37,NIFTY 500,NIFTY 500_Historical_TR_01012016to31122016.csv,-0.005776027962141161,1.0
2016-12-15,10104.18,NIFTY 500,NIFTY 500_Historical_TR_01012016to31122016.csv,-0.00219130843530313,1.0
2016-12-16,10085.73,NIFTY 500,NIFTY 500_Historical_TR_01012016to31122016.csv,-0.0018259769719067842,1.0
2016-12-19,10037.84,NIFTY 500,NIFTY 500_Historical_TR_01012016to31122016.csv,-0.004748292885096039,3.0
2016-12-20,9986.85,NIFTY 500,NIFTY 500_Historical_TR_01012016to31122016.csv,-0.005079778119595479,1.0
2016-12-21,9969.41,NIFTY 500,NIFTY 500_Historical_TR_01012016to31122016.csv,-0.0017462963797394426,1.0
2016-12-22,9854.23,NIFTY 500,NIFTY 500_Historical_TR_01012016to31122016.csv,-0.011553341672175255,1.0
2016-12-23,9852.15,NIFTY 500,NIFTY 500_Historical_TR_01012016to31122016.csv,-0.0002110768674975505,1.0
2016-12-26,9721.39,NIFTY 500,NIFTY 500_Historical_TR_01012016to31122016.csv,-0.013272229919357725,3.0
2016-12-27,9876.89,NIFTY 500,NIFTY 500_Historical_TR_01012016to31122016.csv,0.01599565494234878,1.0
2016-12-28,9899.09,NIFTY 500,NIFTY 500_Historical_TR_01012016to31122016.csv,0.002247671078649427,1.0
2016-12-29,9997.47,NIFTY 500,NIFTY 500_Historical_TR_01012016to31122016.csv,0.009938287256707312,1.0
2016-12-30,10094.85,NIFTY 500,NIFTY 500_Historical_TR_01012016to31122016.csv,0.009740464337477439,1.0
2017-01-02,10123.35,NIFTY 500,NIFTY 500_Historical_TR_01012017to31122017.csv,0.0028232217417791805,3.0
2017-01-03,10161.31,NIFTY 500,NIFTY 500_Historical_TR_01012017to31122017.csv,0.0037497468723297622,1.0
2017-01-04,10164.19,NIFTY 500,NIFTY 500_Historical_TR_01012017to31122017.csv,0.0002834280225680885,1.0
2017-01-05,10274.28,NIFTY 500,NIFTY 500_Historical_TR_01012017to31122017.csv,0.010831163132527077,1.0
2017-01-06,10239.87,NIFTY 500,NIFTY 500_Historical_TR_01012017to31122017.csv,-0.00334913979373741,1.0
2017-01-09,10242.8,NIFTY 500,NIFTY 500_Historical_TR_01012017to31122017.csv,0.0002861364450914561,3.0
2017-01-10,10310.82,NIFTY 500,NIFTY 500_Historical_TR_01012017to31122017.csv,0.006640762291560964,1.0
2017-01-11,10429.31,NIFTY 500,NIFTY 500_Historical_TR_01012017to31122017.csv,0.011491811514506178,1.0
2017-01-12,10454.93,NIFTY 500,NIFTY 500_Historical_TR_01012017to31122017.csv,0.002456538352009874,1.0
2017-01-13,10449.78,NIFTY 500,NIFTY 500_Historical_TR_01012017to31122017.csv,-0.0004925905768856653,1.0
2017-01-16,10478.19,NIFTY 500,NIFTY 500_Historical_TR_01012017to31122017.csv,0.002718717523239711,3.0
2017-01-17,10471.94,NIFTY 500,NIFTY 500_Historical_TR_01012017to31122017.csv,-0.000596477063309564,1.0
2017-01-18,10508.63,NIFTY 500,NIFTY 500_Historical_TR_01012017to31122017.csv,0.0035036487985988796,1.0
2017-01-19,10536.59,NIFTY 500,NIFTY 500_Historical_TR_01012017to31122017.csv,0.002660670325246972,1.0
2017-01-20,10413.71,NIFTY 500,NIFTY 500_Historical_TR_01012017to31122017.csv,-0.011662217093006522,1.0
2017-01-23,10472.14,NIFTY 500,NIFTY 500_Historical_TR_01012017to31122017.csv,0.005610872590076088,3.0
2017-01-24,10577.27,NIFTY 500,NIFTY 500_Historical_TR_01012017to31122017.csv,0.010039017812978113,1.0
2017-01-25,10725.46,NIFTY 500,NIFTY 500_Historical_TR_01012017to31122017.csv,0.01401023137350177,1.0
2017-01-27,10779.67,NIFTY 500,NIFTY 500_Historical_TR_01012017to31122017.csv,0.005054328672150277,2.0
2017-01-30,10775.29,NIFTY 500,NIFTY 500_Historical_TR_01012017to31122017.csv,-0.0004063204161165457,3.0
2017-01-31,10670.2,NIFTY 500,NIFTY 500_Historical_TR_01012017to31122017.csv,-0.009752869760349836,1.0
2017-02-01,10868.73,NIFTY 500,NIFTY 500_Historical_TR_01012017to31122017.csv,0.01860602425446567,1.0
2017-02-02,10915.2,NIFTY 500,NIFTY 500_Historical_TR_01012017to31122017.csv,0.004275568534686247,1.0
2017-02-03,10948.16,NIFTY 500,NIFTY 500_Historical_TR_01012017to31122017.csv,0.0030196423336263933,1.0
2017-02-06,11032.65,NIFTY 500,NIFTY 500_Historical_TR_01012017to31122017.csv,0.007717278519860926,3.0
2017-02-07,10997.99,NIFTY 500,NIFTY 500_Historical_TR_01012017to31122017.csv,-0.003141584297516875,1.0
2017-02-08,11014.74,NIFTY 500,NIFTY 500_Historical_TR_01012017to31122017.csv,0.0015230055673809417,1.0
2017-02-09,11031.66,NIFTY 500,NIFTY 500_Historical_TR_01012017to31122017.csv,0.001536123412808621,1.0
2017-02-10,11042.84,NIFTY 500,NIFTY 500_Historical_TR_01012017to31122017.csv,0.001013446752347269,1.0
2017-02-13,11036.99,NIFTY 500,NIFTY 500_Historical_TR_01012017to31122017.csv,-0.0005297550267866491,3.0
2017-02-14,11005.75,NIFTY 500,NIFTY 500_Historical_TR_01012017to31122017.csv,-0.0028304818614495186,1.0
2017-02-15,10900.89,NIFTY 500,NIFTY 500_Historical_TR_01012017to31122017.csv,-0.00952774685959612,1.0
2017-02-16,10999.92,NIFTY 500,NIFTY 500_Historical_TR_01012017to31122017.csv,0.009084579332513387,1.0
2017-02-17,11056.01,NIFTY 500,NIFTY 500_Historical_TR_01012017to31122017.csv,0.005099127993658081,1.0
2017-02-20,11133.95,NIFTY 500,NIFTY 500_Historical_TR_01012017to31122017.csv,0.007049559470369449,3.0
2017-02-21,11182.31,NIFTY 500,NIFTY 500_Historical_TR_01012017to31122017.csv,0.004343471993317527,1.0
2017-02-22,11177.66,NIFTY 500,NIFTY 500_Historical_TR_01012017to31122017.csv,-0.0004158353685418392,1.0
2017-02-23,11189.57,NIFTY 500,NIFTY 500_Historical_TR_01012017to31122017.csv,0.0010655181853804763,1.0
2017-02-27,11157.3,NIFTY 500,NIFTY 500_Historical_TR_01012017to31122017.csv,-0.0028839356650881554,4.0
2017-02-28,11163.37,NIFTY 500,NIFTY 500_Historical_TR_01012017to31122017.csv,0.0005440384322372704,1.0
2017-03-01,11231.97,NIFTY 500,NIFTY 500_Historical_TR_01012017to31122017.csv,0.006145097761697249,1.0
2017-03-02,11140.72,NIFTY 500,NIFTY 500_Historical_TR_01012017to31122017.csv,-0.008124131385678579,1.0
2017-03-03,11147.38,NIFTY 500,NIFTY 500_Historical_TR_01012017to31122017.csv,0.0005978069640022454,1.0
2017-03-06,11218.67,NIFTY 500,NIFTY 500_Historical_TR_01012017to31122017.csv,0.006395224707509861,3.0
2017-03-07,11204.1,NIFTY 500,NIFTY 500_Historical_TR_01012017to31122017.csv,-0.0012987279240764815,1.0
2017-03-08,11168.88,NIFTY 500,NIFTY 500_Historical_TR_01012017to31122017.csv,-0.00314349211449394,1.0
2017-03-09,11168.88,NIFTY 500,NIFTY 500_Historical_TR_01012017to31122017.csv,0.0,1.0
2017-03-10,11170.2,NIFTY 500,NIFTY 500_Historical_TR_01012017to31122017.csv,0.00011818552979359076,1.0
2017-03-14,11356.47,NIFTY 500,NIFTY 500_Historical_TR_01012017to31122017.csv,0.01667561905785031,4.0
2017-03-15,11384.1,NIFTY 500,NIFTY 500_Historical_TR_01012017to31122017.csv,0.002432974330932147,1.0
2017-03-16,11493.89,NIFTY 500,NIFTY 500_Historical_TR_01012017to31122017.csv,0.009644152809620277,1.0
2017-03-17,11500.51,NIFTY 500,NIFTY 500_Historical_TR_01012017to31122017.csv,0.000575958182999825,1.0
2017-03-20,11479.48,NIFTY 500,NIFTY 500_Historical_TR_01012017to31122017.csv,-0.0018286145570935997,3.0
2017-03-21,11465.92,NIFTY 500,NIFTY 500_Historical_TR_01012017to31122017.csv,-0.0011812381745514022,1.0
2017-03-22,11351.31,NIFTY 500,NIFTY 500_Historical_TR_01012017to31122017.csv,-0.009995709022913135,1.0
2017-03-23,11432.1,NIFTY 500,NIFTY 500_Historical_TR_01012017to31122017.csv,0.007117240212803688,1.0
2017-03-24,11463.91,NIFTY 500,NIFTY 500_Historical_TR_01012017to31122017.csv,0.002782515898216431,1.0
2017-03-27,11406.27,NIFTY 500,NIFTY 500_Historical_TR_01012017to31122017.csv,-0.005027952941012215,3.0
2017-03-28,11474.13,NIFTY 500,NIFTY 500_Historical_TR_01012017to31122017.csv,0.005949359431260071,1.0
2017-03-29,11524.0,NIFTY 500,NIFTY 500_Historical_TR_01012017to31122017.csv,0.004346299022235378,1.0
2017-03-30,11570.97,NIFTY 500,NIFTY 500_Historical_TR_01012017to31122017.csv,0.004075841721624451,1.0
2017-03-31,11598.65,NIFTY 500,NIFTY 500_Historical_TR_01012017to31122017.csv,0.0023921935671771255,1.0
2017-04-03,11682.98,NIFTY 500,NIFTY 500_Historical_TR_01012017to31122017.csv,0.0072706737422028045,3.0
2017-04-05,11743.79,NIFTY 500,NIFTY 500_Historical_TR_01012017to31122017.csv,0.005205007626478908,2.0
2017-04-06,11739.48,NIFTY 500,NIFTY 500_Historical_TR_01012017to31122017.csv,-0.00036700247535093045,1.0
2017-04-07,11671.65,NIFTY 500,NIFTY 500_Historical_TR_01012017to31122017.csv,-0.005777939056925807,1.0
2017-04-10,11681.59,NIFTY 500,NIFTY 500_Historical_TR_01012017to31122017.csv,0.0008516362296675517,3.0
2017-04-11,11765.69,NIFTY 500,NIFTY 500_Historical_TR_01012017to31122017.csv,0.007199362415561517,1.0
2017-04-12,11724.71,NIFTY 500,NIFTY 500_Historical_TR_01012017to31122017.csv,-0.0034830086463268906,1.0
2017-04-13,11675.47,NIFTY 500,NIFTY 500_Historical_TR_01012017to31122017.csv,-0.00419967743338634,1.0
2017-04-17,11672.13,NIFTY 500,NIFTY 500_Historical_TR_01012017to31122017.csv,-0.00028606985414725283,4.0
2017-04-18,11614.85,NIFTY 500,NIFTY 500_Historical_TR_01012017to31122017.csv,-0.004907416212807658,1.0
2017-04-19,11641.62,NIFTY 500,NIFTY 500_Historical_TR_01012017to31122017.csv,0.0023048080689807016,1.0
2017-04-20,11702.74,NIFTY 500,NIFTY 500_Historical_TR_01012017to31122017.csv,0.005250128418553324,1.0
2017-04-21,11694.88,NIFTY 500,NIFTY 500_Historical_TR_01012017to31122017.csv,-0.0006716375823098142,1.0
2017-04-24,11810.47,NIFTY 500,NIFTY 500_Historical_TR_01012017to31122017.csv,0.009883812403376435,3.0
2017-04-25,11925.74,NIFTY 500,NIFTY 500_Historical_TR_01012017to31122017.csv,0.009759984149657175,1.0
2017-04-26,11946.26,NIFTY 500,NIFTY 500_Historical_TR_01012017to31122017.csv,0.0017206479430207366,1.0
2017-04-27,11933.7,NIFTY 500,NIFTY 500_Historical_TR_01012017to31122017.csv,-0.0010513750747095374,1.0
2017-04-28,11922.34,NIFTY 500,NIFTY 500_Historical_TR_01012017to31122017.csv,-0.0009519260581378752,1.0
2017-05-02,11947.1,NIFTY 500,NIFTY 500_Historical_TR_01012017to31122017.csv,0.002076773519292363,4.0
2017-05-03,11941.8,NIFTY 500,NIFTY 500_Historical_TR_01012017to31122017.csv,-0.00044362230164651795,1.0
2017-05-04,11997.73,NIFTY 500,NIFTY 500_Historical_TR_01012017to31122017.csv,0.0046835485437706215,1.0
2017-05-05,11892.47,NIFTY 500,NIFTY 500_Historical_TR_01012017to31122017.csv,-0.008773326287556116,1.0
2017-05-08,11940.14,NIFTY 500,NIFTY 500_Historical_TR_01012017to31122017.csv,0.004008418772551092,3.0
2017-05-09,11964.28,NIFTY 500,NIFTY 500_Historical_TR_01012017to31122017.csv,0.0020217518387557476,1.0
2017-05-10,12076.74,NIFTY 500,NIFTY 500_Historical_TR_01012017to31122017.csv,0.009399646280427998,1.0
2017-05-11,12092.44,NIFTY 500,NIFTY 500_Historical_TR_01012017to31122017.csv,0.0013000197073052,1.0
2017-05-12,12046.33,NIFTY 500,NIFTY 500_Historical_TR_01012017to31122017.csv,-0.0038131262177030223,1.0
2017-05-15,12121.96,NIFTY 500,NIFTY 500_Historical_TR_01012017to31122017.csv,0.006278260681883863,3.0
2017-05-16,12191.44,NIFTY 500,NIFTY 500_Historical_TR_01012017to31122017.csv,0.005731746351250289,1.0
2017-05-17,12188.17,NIFTY 500,NIFTY 500_Historical_TR_01012017to31122017.csv,-0.0002682209812786551,1.0
2017-05-18,12018.6,NIFTY 500,NIFTY 500_Historical_TR_01012017to31122017.csv,-0.013912671057262904,1.0
2017-05-19,11988.17,NIFTY 500,NIFTY 500_Historical_TR_01012017to31122017.csv,-0.0025319088745777707,1.0
2017-05-22,11954.78,NIFTY 500,NIFTY 500_Historical_TR_01012017to31122017.csv,-0.0027852457881394344,3.0
2017-05-23,11844.6,NIFTY 500,NIFTY 500_Historical_TR_01012017to31122017.csv,-0.009216397123159137,1.0
2017-05-24,11769.11,NIFTY 500,NIFTY 500_Historical_TR_01012017to31122017.csv,-0.0063733684548232805,1.0
2017-05-25,11954.04,NIFTY 500,NIFTY 500_Historical_TR_01012017to31122017.csv,0.015713167775643244,1.0
2017-05-26,12098.08,NIFTY 500,NIFTY 500_Historical_TR_01012017to31122017.csv,0.012049482852658944,1.0
2017-05-29,12052.09,NIFTY 500,NIFTY 500_Historical_TR_01012017to31122017.csv,-0.0038014296483408483,3.0
2017-05-30,12094.79,NIFTY 500,NIFTY 500_Historical_TR_01012017to31122017.csv,0.0035429539606823823,1.0
2017-05-31,12126.76,NIFTY 500,NIFTY 500_Historical_TR_01012017to31122017.csv,0.0026432869028729655,1.0
2017-06-01,12156.89,NIFTY 500,NIFTY 500_Historical_TR_01012017to31122017.csv,0.002484587804161942,1.0
2017-06-02,12214.27,NIFTY 500,NIFTY 500_Historical_TR_01012017to31122017.csv,0.004719957160096211,1.0
2017-06-05,12265.94,NIFTY 500,NIFTY 500_Historical_TR_01012017to31122017.csv,0.004230297840149166,3.0
2017-06-06,12209.99,NIFTY 500,NIFTY 500_Historical_TR_01012017to31122017.csv,-0.004561411518399838,1.0
2017-06-07,12259.86,NIFTY 500,NIFTY 500_Historical_TR_01012017to31122017.csv,0.0040843604294515945,1.0
2017-06-08,12256.91,NIFTY 500,NIFTY 500_Historical_TR_01012017to31122017.csv,-0.00024062264985091897,1.0
2017-06-09,12291.31,NIFTY 500,NIFTY 500_Historical_TR_01012017to31122017.csv,0.0028065801250070077,1.0
2017-06-12,12227.81,NIFTY 500,NIFTY 500_Historical_TR_01012017to31122017.csv,-0.005166251603775374,3.0
2017-06-13,12230.1,NIFTY 500,NIFTY 500_Historical_TR_01012017to31122017.csv,0.00018727801625972873,1.0
2017-06-14,12248.8,NIFTY 500,NIFTY 500_Historical_TR_01012017to31122017.csv,0.0015290144806665573,1.0
2017-06-15,12219.65,NIFTY 500,NIFTY 500_Historical_TR_01012017to31122017.csv,-0.002379824962445265,1.0
2017-06-16,12236.16,NIFTY 500,NIFTY 500_Historical_TR_01012017to31122017.csv,0.0013511025274863808,1.0
2017-06-19,12296.81,NIFTY 500,NIFTY 500_Historical_TR_01012017to31122017.csv,0.0049566203776347795,3.0
2017-06-20,12301.38,NIFTY 500,NIFTY 500_Historical_TR_01012017to31122017.csv,0.0003716411004155429,1.0
2017-06-21,12286.83,NIFTY 500,NIFTY 500_Historical_TR_01012017to31122017.csv,-0.0011827941255371233,1.0
2017-06-22,12260.64,NIFTY 500,NIFTY 500_Historical_TR_01012017to31122017.csv,-0.0021315506115084926,1.0
2017-06-23,12160.56,NIFTY 500,NIFTY 500_Historical_TR_01012017to31122017.csv,-0.008162706025134137,1.0
2017-06-27,12059.45,NIFTY 500,NIFTY 500_Historical_TR_01012017to31122017.csv,-0.008314584196780328,4.0
2017-06-28,12051.07,NIFTY 500,NIFTY 500_Historical_TR_01012017to31122017.csv,-0.0006948907288475414,1.0
2017-06-29,12087.21,NIFTY 500,NIFTY 500_Historical_TR_01012017to31122017.csv,0.002998903831775923,1.0
2017-06-30,12132.6,NIFTY 500,NIFTY 500_Historical_TR_01012017to31122017.csv,0.003755209018458494,1.0
2017-07-03,12256.67,NIFTY 500,NIFTY 500_Historical_TR_01012017to31122017.csv,0.010226167515619,3.0
2017-07-04,12248.5,NIFTY 500,NIFTY 500_Historical_TR_01012017to31122017.csv,-0.0006665758317716541,1.0
2017-07-05,12308.37,NIFTY 500,NIFTY 500_Historical_TR_01012017to31122017.csv,0.004887945462709764,1.0
2017-07-06,12357.06,NIFTY 500,NIFTY 500_Historical_TR_01012017to31122017.csv,0.0039558446813021675,1.0
2017-07-07,12353.92,NIFTY 500,NIFTY 500_Historical_TR_01012017to31122017.csv,-0.0002541057500732302,1.0
2017-07-10,12467.16,NIFTY 500,NIFTY 500_Historical_TR_01012017to31122017.csv,0.009166321297207736,3.0
2017-07-11,12450.31,NIFTY 500,NIFTY 500_Historical_TR_01012017to31122017.csv,-0.0013515507942466476,1.0
2017-07-12,12510.04,NIFTY 500,NIFTY 500_Historical_TR_01012017to31122017.csv,0.004797470906346968,1.0
2017-07-13,12605.02,NIFTY 500,NIFTY 500_Historical_TR_01012017to31122017.csv,0.007592301863143414,1.0
2017-07-14,12602.52,NIFTY 500,NIFTY 500_Historical_TR_01012017to31122017.csv,-0.00019833367975619076,1.0
2017-07-17,12630.62,NIFTY 500,NIFTY 500_Historical_TR_01012017to31122017.csv,0.0022297127876012013,3.0
2017-07-18,12529.83,NIFTY 500,NIFTY 500_Historical_TR_01012017to31122017.csv,-0.007979814134223107,1.0
2017-07-19,12635.56,NIFTY 500,NIFTY 500_Historical_TR_01012017to31122017.csv,0.008438262929345353,1.0
2017-07-20,12608.51,NIFTY 500,NIFTY 500_Historical_TR_01012017to31122017.csv,-0.002140783629692611,1.0
2017-07-21,12650.09,NIFTY 500,NIFTY 500_Historical_TR_01012017to31122017.csv,0.0032977726947911457,1.0
2017-07-24,12700.15,NIFTY 500,NIFTY 500_Historical_TR_01012017to31122017.csv,0.0039572840983739255,3.0
2017-07-25,12711.75,NIFTY 500,NIFTY 500_Historical_TR_01012017to31122017.csv,0.0009133750388774509,1.0
2017-07-26,12767.91,NIFTY 500,NIFTY 500_Historical_TR_01012017to31122017.csv,0.004417959761637835,1.0
2017-07-27,12753.12,NIFTY 500,NIFTY 500_Historical_TR_01012017to31122017.csv,-0.0011583728268760307,1.0
2017-07-28,12768.97,NIFTY 500,NIFTY 500_Historical_TR_01012017to31122017.csv,0.0012428331263250048,1.0
2017-07-31,12837.04,NIFTY 500,NIFTY 500_Historical_TR_01012017to31122017.csv,0.005330891998336806,3.0
2017-08-01,12865.27,NIFTY 500,NIFTY 500_Historical_TR_01012017to31122017.csv,0.0021991050896468245,1.0
2017-08-02,12829.27,NIFTY 500,NIFTY 500_Historical_TR_01012017to31122017.csv,-0.0027982312069626536,1.0
2017-08-03,12745.7,NIFTY 500,NIFTY 500_Historical_TR_01012017to31122017.csv,-0.006514010539960591,1.0
2017-08-04,12814.74,NIFTY 500,NIFTY 500_Historical_TR_01012017to31122017.csv,0.0054167287791175855,1.0
2017-08-07,12859.07,NIFTY 500,NIFTY 500_Historical_TR_01012017to31122017.csv,0.0034592976525469332,3.0
2017-08-08,12743.25,NIFTY 500,NIFTY 500_Historical_TR_01012017to31122017.csv,-0.0090068721921569,1.0
2017-08-09,12612.37,NIFTY 500,NIFTY 500_Historical_TR_01012017to31122017.csv,-0.010270535381476376,1.0
2017-08-10,12409.81,NIFTY 500,NIFTY 500_Historical_TR_01012017to31122017.csv,-0.0160604232194268,1.0
2017-08-11,12311.4,NIFTY 500,NIFTY 500_Historical_TR_01012017to31122017.csv,-0.007930016656177652,1.0
2017-08-14,12478.55,NIFTY 500,NIFTY 500_Historical_TR_01012017to31122017.csv,0.013576847474698228,3.0
2017-08-16,12616.44,NIFTY 500,NIFTY 500_Historical_TR_01012017to31122017.csv,0.011050162078126258,2.0
2017-08-17,12627.5,NIFTY 500,NIFTY 500_Historical_TR_01012017to31122017.csv,0.0008766339791572708,1.0
2017-08-18,12556.61,NIFTY 500,NIFTY 500_Historical_TR_01012017to31122017.csv,-0.005613937834092253,1.0
2017-08-21,12432.66,NIFTY 500,NIFTY 500_Historical_TR_01012017to31122017.csv,-0.009871294879748693,3.0
2017-08-22,12418.09,NIFTY 500,NIFTY 500_Historical_TR_01012017to31122017.csv,-0.0011719133314994634,1.0
2017-08-23,12543.72,NIFTY 500,NIFTY 500_Historical_TR_01012017to31122017.csv,0.010116692663686644,1.0
2017-08-24,12576.34,NIFTY 500,NIFTY 500_Historical_TR_01012017to31122017.csv,0.0026005044755463835,1.0
2017-08-28,12669.7,NIFTY 500,NIFTY 500_Historical_TR_01012017to31122017.csv,0.00742346342417588,4.0
2017-08-29,12526.74,NIFTY 500,NIFTY 500_Historical_TR_01012017to31122017.csv,-0.011283613660939218,1.0
2017-08-30,12660.32,NIFTY 500,NIFTY 500_Historical_TR_01012017to31122017.csv,0.010663588451584438,1.0
2017-08-31,12707.41,NIFTY 500,NIFTY 500_Historical_TR_01012017to31122017.csv,0.003719495241826465,1.0
2017-09-01,12795.51,NIFTY 500,NIFTY 500_Historical_TR_01012017to31122017.csv,0.006932962735915593,1.0
2017-09-04,12715.31,NIFTY 500,NIFTY 500_Historical_TR_01012017to31122017.csv,-0.006267823635009551,3.0
2017-09-05,12784.41,NIFTY 500,NIFTY 500_Historical_TR_01012017to31122017.csv,0.005434393656151615,1.0
2017-09-06,12762.86,NIFTY 500,NIFTY 500_Historical_TR_01012017to31122017.csv,-0.0016856468151442705,1.0
2017-09-07,12801.05,NIFTY 500,NIFTY 500_Historical_TR_01012017to31122017.csv,0.0029922760259062375,1.0
2017-09-08,12790.55,NIFTY 500,NIFTY 500_Historical_TR_01012017to31122017.csv,-0.0008202452142597183,1.0
2017-09-11,12881.49,NIFTY 500,NIFTY 500_Historical_TR_01012017to31122017.csv,0.007109936632904823,3.0
2017-09-12,12998.27,NIFTY 500,NIFTY 500_Historical_TR_01012017to31122017.csv,0.009065721434399432,1.0
2017-09-13,12963.97,NIFTY 500,NIFTY 500_Historical_TR_01012017to31122017.csv,-0.0026388127035368303,1.0
2017-09-14,12992.19,NIFTY 500,NIFTY 500_Historical_TR_01012017to31122017.csv,0.002176802322128246,1.0
2017-09-15,12996.37,NIFTY 500,NIFTY 500_Historical_TR_01012017to31122017.csv,0.00032173174807326177,1.0
2017-09-18,13084.03,NIFTY 500,NIFTY 500_Historical_TR_01012017to31122017.csv,0.006744960323536553,3.0
2017-09-19,13091.41,NIFTY 500,NIFTY 500_Historical_TR_01012017to31122017.csv,0.0005640463985483457,1.0
2017-09-20,13072.23,NIFTY 500,NIFTY 500_Historical_TR_01012017to31122017.csv,-0.0014650828291222773,1.0
2017-09-21,13033.09,NIFTY 500,NIFTY 500_Historical_TR_01012017to31122017.csv,-0.002994133365156526,1.0
2017-09-22,12779.76,NIFTY 500,NIFTY 500_Historical_TR_01012017to31122017.csv,-0.019437447297609434,1.0
2017-09-25,12633.98,NIFTY 500,NIFTY 500_Historical_TR_01012017to31122017.csv,-0.01140709997683842,3.0
2017-09-26,12657.77,NIFTY 500,NIFTY 500_Historical_TR_01012017to31122017.csv,0.0018830170698387327,1.0
2017-09-27,12462.32,NIFTY 500,NIFTY 500_Historical_TR_01012017to31122017.csv,-0.015441108504894663,1.0
2017-09-28,12515.16,NIFTY 500,NIFTY 500_Historical_TR_01012017to31122017.csv,0.004239980998722581,1.0
2017-09-29,12577.95,NIFTY 500,NIFTY 500_Historical_TR_01012017to31122017.csv,0.005017115242633707,1.0
2017-10-03,12669.17,NIFTY 500,NIFTY 500_Historical_TR_01012017to31122017.csv,0.007252374194522959,4.0
2017-10-04,12734.23,NIFTY 500,NIFTY 500_Historical_TR_01012017to31122017.csv,0.005135300891849992,1.0
2017-10-05,12733.64,NIFTY 500,NIFTY 500_Historical_TR_01012017to31122017.csv,-4.6331815900968465e-05,1.0
2017-10-06,12852.04,NIFTY 500,NIFTY 500_Historical_TR_01012017to31122017.csv,0.009298205383535318,1.0
2017-10-09,12867.94,NIFTY 500,NIFTY 500_Historical_TR_01012017to31122017.csv,0.001237157680803902,3.0
2017-10-10,12923.71,NIFTY 500,NIFTY 500_Historical_TR_01012017to31122017.csv,0.004334027047064204,1.0
2017-10-11,12859.33,NIFTY 500,NIFTY 500_Historical_TR_01012017to31122017.csv,-0.004981541678047541,1.0
2017-10-12,13002.13,NIFTY 500,NIFTY 500_Historical_TR_01012017to31122017.csv,0.01110477762060702,1.0
2017-10-13,13071.12,NIFTY 500,NIFTY 500_Historical_TR_01012017to31122017.csv,0.005306053700432356,1.0
2017-10-16,13141.38,NIFTY 500,NIFTY 500_Historical_TR_01012017to31122017.csv,0.005375208857389291,3.0
2017-10-17,13166.39,NIFTY 500,NIFTY 500_Historical_TR_01012017to31122017.csv,0.0019031486799712116,1.0
2017-10-18,13140.53,NIFTY 500,NIFTY 500_Historical_TR_01012017to31122017.csv,-0.001964091903703169,1.0
2017-10-19,13071.76,NIFTY 500,NIFTY 500_Historical_TR_01012017to31122017.csv,-0.005233426657828888,1.0
2017-10-23,13123.33,NIFTY 500,NIFTY 500_Historical_TR_01012017to31122017.csv,0.003945145871711242,4.0
2017-10-24,13153.91,NIFTY 500,NIFTY 500_Historical_TR_01012017to31122017.csv,0.002330201252273678,1.0
2017-10-25,13259.23,NIFTY 500,NIFTY 500_Historical_TR_01012017to31122017.csv,0.008006744762583784,1.0
2017-10-26,13320.16,NIFTY 500,NIFTY 500_Historical_TR_01012017to31122017.csv,0.004595289470052277,1.0
2017-10-27,13316.83,NIFTY 500,NIFTY 500_Historical_TR_01012017to31122017.csv,-0.0002499969970330973,1.0
2017-10-30,13405.53,NIFTY 500,NIFTY 500_Historical_TR_01012017to31122017.csv,0.00666074433630226,3.0
2017-10-31,13394.75,NIFTY 500,NIFTY 500_Historical_TR_01012017to31122017.csv,-0.0008041457517905526,1.0
2017-11-01,13515.96,NIFTY 500,NIFTY 500_Historical_TR_01012017to31122017.csv,0.009049067731760507,1.0
2017-11-02,13520.5,NIFTY 500,NIFTY 500_Historical_TR_01012017to31122017.csv,0.0003358991888109397,1.0
2017-11-03,13556.06,NIFTY 500,NIFTY 500_Historical_TR_01012017to31122017.csv,0.0026300802485115238,1.0
2017-11-06,13574.58,NIFTY 500,NIFTY 500_Historical_TR_01012017to31122017.csv,0.0013661786684331378,3.0
2017-11-07,13423.23,NIFTY 500,NIFTY 500_Historical_TR_01012017to31122017.csv,-0.011149516228126433,1.0
2017-11-08,13347.31,NIFTY 500,NIFTY 500_Historical_TR_01012017to31122017.csv,-0.0056558667325226075,1.0
2017-11-09,13390.89,NIFTY 500,NIFTY 500_Historical_TR_01012017to31122017.csv,0.0032650773826337076,1.0
2017-11-10,13403.43,NIFTY 500,NIFTY 500_Historical_TR_01012017to31122017.csv,0.0009364575468846503,1.0
2017-11-13,13297.47,NIFTY 500,NIFTY 500_Historical_TR_01012017to31122017.csv,-0.007905439130133196,3.0
2017-11-14,13252.24,NIFTY 500,NIFTY 500_Historical_TR_01012017to31122017.csv,-0.003401398912725506,1.0
2017-11-15,13138.35,NIFTY 500,NIFTY 500_Historical_TR_01012017to31122017.csv,-0.008594018822478233,1.0
2017-11-16,13272.37,NIFTY 500,NIFTY 500_Historical_TR_01012017to31122017.csv,0.010200672078305217,1.0
2017-11-17,13377.94,NIFTY 500,NIFTY 500_Historical_TR_01012017to31122017.csv,0.007954118217017747,1.0
2017-11-20,13414.42,NIFTY 500,NIFTY 500_Historical_TR_01012017to31122017.csv,0.002726877232219538,3.0
2017-11-21,13448.92,NIFTY 500,NIFTY 500_Historical_TR_01012017to31122017.csv,0.0025718592380439276,1.0
2017-11-22,13463.99,NIFTY 500,NIFTY 500_Historical_TR_01012017to31122017.csv,0.001120536072785061,1.0
2017-11-23,13481.09,NIFTY 500,NIFTY 500_Historical_TR_01012017to31122017.csv,0.001270054419232336,1.0
2017-11-24,13537.67,NIFTY 500,NIFTY 500_Historical_TR_01012017to31122017.csv,0.0041969900060010445,1.0
2017-11-27,13569.12,NIFTY 500,NIFTY 500_Historical_TR_01012017to31122017.csv,0.0023231471885487576,3.0
2017-11-28,13549.81,NIFTY 500,NIFTY 500_Historical_TR_01012017to31122017.csv,-0.0014230841793720916,1.0
2017-11-29,13535.77,NIFTY 500,NIFTY 500_Historical_TR_01012017to31122017.csv,-0.001036176891041185,1.0
2017-11-30,13403.72,NIFTY 500,NIFTY 500_Historical_TR_01012017to31122017.csv,-0.009755632668108305,1.0
2017-12-01,13265.94,NIFTY 500,NIFTY 500_Historical_TR_01012017to31122017.csv,-0.010279235913611906,1.0
2017-12-04,13264.38,NIFTY 500,NIFTY 500_Historical_TR_01012017to31122017.csv,-0.00011759438079783635,3.0
2017-12-05,13260.34,NIFTY 500,NIFTY 500_Historical_TR_01012017to31122017.csv,-0.00030457511018222583,1.0
2017-12-06,13160.7,NIFTY 500,NIFTY 500_Historical_TR_01012017to31122017.csv,-0.007514136138288996,1.0
2017-12-07,13328.38,NIFTY 500,NIFTY 500_Historical_TR_01012017to31122017.csv,0.012740963626554747,1.0
2017-12-08,13456.52,NIFTY 500,NIFTY 500_Historical_TR_01012017to31122017.csv,0.009614071627609855,1.0
2017-12-11,13517.03,NIFTY 500,NIFTY 500_Historical_TR_01012017to31122017.csv,0.004496704943031338,3.0
2017-12-12,13406.62,NIFTY 500,NIFTY 500_Historical_TR_01012017to31122017.csv,-0.008168214467231372,1.0
2017-12-13,13326.52,NIFTY 500,NIFTY 500_Historical_TR_01012017to31122017.csv,-0.005974660279772226,1.0
2017-12-14,13373.19,NIFTY 500,NIFTY 500_Historical_TR_01012017to31122017.csv,0.00350203954220607,1.0
2017-12-15,13494.85,NIFTY 500,NIFTY 500_Historical_TR_01012017to31122017.csv,0.009097305878402961,1.0
2017-12-18,13574.2,NIFTY 500,NIFTY 500_Historical_TR_01012017to31122017.csv,0.005880020896860572,3.0
2017-12-19,13705.34,NIFTY 500,NIFTY 500_Historical_TR_01012017to31122017.csv,0.009660974495734553,1.0
2017-12-20,13709.78,NIFTY 500,NIFTY 500_Historical_TR_01012017to31122017.csv,0.0003239613172676403,1.0
2017-12-21,13745.34,NIFTY 500,NIFTY 500_Historical_TR_01012017to31122017.csv,0.002593768827800158,1.0
2017-12-22,13809.42,NIFTY 500,NIFTY 500_Historical_TR_01012017to31122017.csv,0.004661943611434793,1.0
2017-12-26,13866.27,NIFTY 500,NIFTY 500_Historical_TR_01012017to31122017.csv,0.004116755084572654,4.0
2017-12-27,13819.26,NIFTY 500,NIFTY 500_Historical_TR_01012017to31122017.csv,-0.0033902412112269964,1.0
2017-12-28,13815.8,NIFTY 500,NIFTY 500_Historical_TR_01012017to31122017.csv,-0.00025037520098769583,1.0
2017-12-29,13896.02,NIFTY 500,NIFTY 500_Historical_TR_01012017to31122017.csv,0.005806395576079648,1.0
2018-01-01,13813.81,NIFTY 500,NIFTY 500_Historical_TR_01012018to31122018.csv,-0.005916082446628668,3.0
2018-01-02,13789.42,NIFTY 500,NIFTY 500_Historical_TR_01012018to31122018.csv,-0.0017656244005093136,1.0
2018-01-03,13820.88,NIFTY 500,NIFTY 500_Historical_TR_01012018to31122018.csv,0.0022814592636963837,1.0
2018-01-04,13918.1,NIFTY 500,NIFTY 500_Historical_TR_01012018to31122018.csv,0.00703428435815967,1.0
2018-01-05,14017.23,NIFTY 500,NIFTY 500_Historical_TR_01012018to31122018.csv,0.0071223802099424915,1.0
2018-01-08,14113.6,NIFTY 500,NIFTY 500_Historical_TR_01012018to31122018.csv,0.006875110132315676,3.0
2018-01-09,14115.81,NIFTY 500,NIFTY 500_Historical_TR_01012018to31122018.csv,0.0001565865548123213,1.0
2018-01-10,14100.89,NIFTY 500,NIFTY 500_Historical_TR_01012018to31122018.csv,-0.001056970871668006,1.0
2018-01-11,14129.78,NIFTY 500,NIFTY 500_Historical_TR_01012018to31122018.csv,0.0020488068483621724,1.0
2018-01-12,14151.61,NIFTY 500,NIFTY 500_Historical_TR_01012018to31122018.csv,0.0015449638989424308,1.0
2018-01-15,14202.3,NIFTY 500,NIFTY 500_Historical_TR_01012018to31122018.csv,0.0035819246008050865,3.0
2018-01-16,14074.53,NIFTY 500,NIFTY 500_Historical_TR_01012018to31122018.csv,-0.008996430155678858,1.0
2018-01-17,14182.88,NIFTY 500,NIFTY 500_Historical_TR_01012018to31122018.csv,0.007698303247070992,1.0
2018-01-18,14125.75,NIFTY 500,NIFTY 500_Historical_TR_01012018to31122018.csv,-0.00402809584513153,1.0
2018-01-19,14237.54,NIFTY 500,NIFTY 500_Historical_TR_01012018to31122018.csv,0.007913916075252603,1.0
2018-01-22,14332.39,NIFTY 500,NIFTY 500_Historical_TR_01012018to31122018.csv,0.006661965479991538,3.0
2018-01-23,14464.05,NIFTY 500,NIFTY 500_Historical_TR_01012018to31122018.csv,0.00918618597456522,1.0
2018-01-24,14429.98,NIFTY 500,NIFTY 500_Historical_TR_01012018to31122018.csv,-0.0023554951759707787,1.0
2018-01-25,14365.84,NIFTY 500,NIFTY 500_Historical_TR_01012018to31122018.csv,-0.004444912605561457,1.0
2018-01-29,14379.96,NIFTY 500,NIFTY 500_Historical_TR_01012018to31122018.csv,0.0009828871823713836,4.0
2018-01-30,14268.94,NIFTY 500,NIFTY 500_Historical_TR_01012018to31122018.csv,-0.007720466538154391,1.0
2018-01-31,14203.09,NIFTY 500,NIFTY 500_Historical_TR_01012018to31122018.csv,-0.004614918837699267,1.0
2018-02-01,14188.25,NIFTY 500,NIFTY 500_Historical_TR_01012018to31122018.csv,-0.0010448430587991497,1.0
2018-02-02,13782.37,NIFTY 500,NIFTY 500_Historical_TR_01012018to31122018.csv,-0.02860676968618392,1.0
2018-02-05,13686.64,NIFTY 500,NIFTY 500_Historical_TR_01012018to31122018.csv,-0.006945830071315884,3.0
2018-02-06,13461.63,NIFTY 500,NIFTY 500_Historical_TR_01012018to31122018.csv,-0.016440119707977985,1.0
2018-02-07,13486.61,NIFTY 500,NIFTY 500_Historical_TR_01012018to31122018.csv,0.001855644524474398,1.0
2018-02-08,13662.65,NIFTY 500,NIFTY 500_Historical_TR_01012018to31122018.csv,0.013052946589246606,1.0
2018-02-09,13558.03,NIFTY 500,NIFTY 500_Historical_TR_01012018to31122018.csv,-0.0076573724716654246,1.0
2018-02-12,13700.66,NIFTY 500,NIFTY 500_Historical_TR_01012018to31122018.csv,0.010519964921157365,3.0
2018-02-14,13668.94,NIFTY 500,NIFTY 500_Historical_TR_01012018to31122018.csv,-0.0023152169311551063,2.0
2018-02-15,13668.38,NIFTY 500,NIFTY 500_Historical_TR_01012018to31122018.csv,-4.0968794946860676e-05,1.0
2018-02-16,13540.46,NIFTY 500,NIFTY 500_Historical_TR_01012018to31122018.csv,-0.009358826722698721,1.0
2018-02-19,13429.56,NIFTY 500,NIFTY 500_Historical_TR_01012018to31122018.csv,-0.008190268277444068,3.0
2018-02-20,13417.24,NIFTY 500,NIFTY 500_Historical_TR_01012018to31122018.csv,-0.0009173792737811048,1.0
2018-02-21,13442.27,NIFTY 500,NIFTY 500_Historical_TR_01012018to31122018.csv,0.0018655103434088716,1.0
2018-02-22,13402.06,NIFTY 500,NIFTY 500_Historical_TR_01012018to31122018.csv,-0.002991310247450807,1.0
2018-02-23,13567.59,NIFTY 500,NIFTY 500_Historical_TR_01012018to31122018.csv,0.012351086325535165,1.0
2018-02-26,13686.8,NIFTY 500,NIFTY 500_Historical_TR_01012018to31122018.csv,0.008786379895029173,3.0
2018-02-27,13642.21,NIFTY 500,NIFTY 500_Historical_TR_01012018to31122018.csv,-0.0032578835081976676,1.0
2018-02-28,13585.49,NIFTY 500,NIFTY 500_Historical_TR_01012018to31122018.csv,-0.004157684128891059,1.0
2018-03-01,13531.83,NIFTY 500,NIFTY 500_Historical_TR_01012018to31122018.csv,-0.003949802325863838,1.0
2018-03-05,13400.93,NIFTY 500,NIFTY 500_Historical_TR_01012018to31122018.csv,-0.00967348836040649,4.0
2018-03-06,13260.12,NIFTY 500,NIFTY 500_Historical_TR_01012018to31122018.csv,-0.010507479704766731,1.0
2018-03-07,13109.11,NIFTY 500,NIFTY 500_Historical_TR_01012018to31122018.csv,-0.011388283062295113,1.0
2018-03-08,13202.82,NIFTY 500,NIFTY 500_Historical_TR_01012018to31122018.csv,0.007148463930808369,1.0
2018-03-09,13181.83,NIFTY 500,NIFTY 500_Historical_TR_01012018to31122018.csv,-0.0015898118735240274,1.0
2018-03-12,13380.35,NIFTY 500,NIFTY 500_Historical_TR_01012018to31122018.csv,0.01506012442885396,3.0
2018-03-13,13434.83,NIFTY 500,NIFTY 500_Historical_TR_01012018to31122018.csv,0.004071642371088924,1.0
2018-03-14,13425.47,NIFTY 500,NIFTY 500_Historical_TR_01012018to31122018.csv,-0.0006966965715234918,1.0
2018-03-15,13399.61,NIFTY 500,NIFTY 500_Historical_TR_01012018to31122018.csv,-0.0019261895486711866,1.0
2018-03-16,13214.46,NIFTY 500,NIFTY 500_Historical_TR_01012018to31122018.csv,-0.013817566332154585,1.0
2018-03-19,13052.85,NIFTY 500,NIFTY 500_Historical_TR_01012018to31122018.csv,-0.012229784645002462,3.0
2018-03-20,13100.23,NIFTY 500,NIFTY 500_Historical_TR_01012018to31122018.csv,0.0036298586132530453,1.0
2018-03-21,13142.31,NIFTY 500,NIFTY 500_Historical_TR_01012018to31122018.csv,0.0032121573438024242,1.0
2018-03-22,13077.48,NIFTY 500,NIFTY 500_Historical_TR_01012018to31122018.csv,-0.004932922751023194,1.0
2018-03-23,12926.25,NIFTY 500,NIFTY 500_Historical_TR_01012018to31122018.csv,-0.011564154561888085,1.0
2018-03-26,13093.19,NIFTY 500,NIFTY 500_Historical_TR_01012018to31122018.csv,0.012914805144570218,3.0
2018-03-27,13187.9,NIFTY 500,NIFTY 500_Historical_TR_01012018to31122018.csv,0.007233531324299047,1.0
2018-03-28,13090.98,NIFTY 500,NIFTY 500_Historical_TR_01012018to31122018.csv,-0.007349160973316504,1.0
2018-04-02,13254.74,NIFTY 500,NIFTY 500_Historical_TR_01012018to31122018.csv,0.012509376685320817,5.0
2018-04-03,13330.03,NIFTY 500,NIFTY 500_Historical_TR_01012018to31122018.csv,0.005680232128280283,1.0
2018-04-04,13184.34,NIFTY 500,NIFTY 500_Historical_TR_01012018to31122018.csv,-0.010929457773163342,1.0
2018-04-05,13435.15,NIFTY 500,NIFTY 500_Historical_TR_01012018to31122018.csv,0.019023326158154275,1.0
2018-04-06,13473.25,NIFTY 500,NIFTY 500_Historical_TR_01012018to31122018.csv,0.002835844780296526,1.0
2018-04-09,13521.92,NIFTY 500,NIFTY 500_Historical_TR_01012018to31122018.csv,0.003612342975896743,3.0
2018-04-10,13542.43,NIFTY 500,NIFTY 500_Historical_TR_01012018to31122018.csv,0.0015167964312761129,1.0
2018-04-11,13559.63,NIFTY 500,NIFTY 500_Historical_TR_01012018to31122018.csv,0.0012700822525941735,1.0
2018-04-12,13583.7,NIFTY 500,NIFTY 500_Historical_TR_01012018to31122018.csv,0.001775122182537503,1.0
2018-04-13,13613.67,NIFTY 500,NIFTY 500_Historical_TR_01012018to31122018.csv,0.00220632081097194,1.0
2018-04-16,13677.8,NIFTY 500,NIFTY 500_Historical_TR_01012018to31122018.csv,0.0047107062239646336,3.0
2018-04-17,13705.74,NIFTY 500,NIFTY 500_Historical_TR_01012018to31122018.csv,0.002042726169413145,1.0
2018-04-18,13678.25,NIFTY 500,NIFTY 500_Historical_TR_01012018to31122018.csv,-0.0020057289865413885,1.0
2018-04-19,13744.05,NIFTY 500,NIFTY 500_Historical_TR_01012018to31122018.csv,0.0048105569060368225,1.0
2018-04-20,13731.17,NIFTY 500,NIFTY 500_Historical_TR_01012018to31122018.csv,-0.0009371327956461117,1.0
2018-04-23,13769.15,NIFTY 500,NIFTY 500_Historical_TR_01012018to31122018.csv,0.0027659696879436257,3.0
2018-04-24,13794.14,NIFTY 500,NIFTY 500_Historical_TR_01012018to31122018.csv,0.0018149268473361957,1.0
2018-04-25,13735.0,NIFTY 500,NIFTY 500_Historical_TR_01012018to31122018.csv,-0.004287327807315222,1.0
2018-04-26,13781.25,NIFTY 500,NIFTY 500_Historical_TR_01012018to31122018.csv,0.0033673097925008832,1.0
2018-04-27,13872.77,NIFTY 500,NIFTY 500_Historical_TR_01012018to31122018.csv,0.006640907029478393,1.0
2018-04-30,13950.42,NIFTY 500,NIFTY 500_Historical_TR_01012018to31122018.csv,0.005597295997843199,3.0
2018-05-02,13874.76,NIFTY 500,NIFTY 500_Historical_TR_01012018to31122018.csv,-0.005423492626028481,2.0
2018-05-03,13792.81,NIFTY 500,NIFTY 500_Historical_TR_01012018to31122018.csv,-0.005906408471209601,1.0
2018-05-04,13721.0,NIFTY 500,NIFTY 500_Historical_TR_01012018to31122018.csv,-0.005206335764793346,1.0
2018-05-07,13837.1,NIFTY 500,NIFTY 500_Historical_TR_01012018to31122018.csv,0.00846148239924216,3.0
2018-05-08,13838.65,NIFTY 500,NIFTY 500_Historical_TR_01012018to31122018.csv,0.00011201769156832242,1.0
2018-05-09,13837.48,NIFTY 500,NIFTY 500_Historical_TR_01012018to31122018.csv,-8.45458191369719e-05,1.0
2018-05-10,13752.47,NIFTY 500,NIFTY 500_Historical_TR_01012018to31122018.csv,-0.0061434596472768055,1.0
2018-05-11,13833.86,NIFTY 500,NIFTY 500_Historical_TR_01012018to31122018.csv,0.005918209601620816,1.0
2018-05-14,13795.05,NIFTY 500,NIFTY 500_Historical_TR_01012018to31122018.csv,-0.002805435359328534,3.0
2018-05-15,13760.15,NIFTY 500,NIFTY 500_Historical_TR_01012018to31122018.csv,-0.0025298929688547522,1.0
2018-05-16,13705.45,NIFTY 500,NIFTY 500_Historical_TR_01012018to31122018.csv,-0.003975247362855705,1.0
2018-05-17,13670.14,NIFTY 500,NIFTY 500_Historical_TR_01012018to31122018.csv,-0.0025763473654641933,1.0
2018-05-18,13530.24,NIFTY 500,NIFTY 500_Historical_TR_01012018to31122018.csv,-0.010233984436150645,1.0
2018-05-21,13382.6,NIFTY 500,NIFTY 500_Historical_TR_01012018to31122018.csv,-0.010911853743909905,3.0
2018-05-22,13436.94,NIFTY 500,NIFTY 500_Historical_TR_01012018to31122018.csv,0.004060496465559726,1.0
2018-05-23,13325.63,NIFTY 500,NIFTY 500_Historical_TR_01012018to31122018.csv,-0.008283880109608344,1.0
2018-05-24,13392.87,NIFTY 500,NIFTY 500_Historical_TR_01012018to31122018.csv,0.005045915277551716,1.0
2018-05-25,13549.37,NIFTY 500,NIFTY 500_Historical_TR_01012018to31122018.csv,0.011685322115424057,1.0
2018-05-28,13684.63,NIFTY 500,NIFTY 500_Historical_TR_01012018to31122018.csv,0.00998275196558951,3.0
2018-05-29,13630.69,NIFTY 500,NIFTY 500_Historical_TR_01012018to31122018.csv,-0.003941648404085396,1.0
2018-05-30,13607.75,NIFTY 500,NIFTY 500_Historical_TR_01012018to31122018.csv,-0.0016829668930919972,1.0
2018-05-31,13705.62,NIFTY 500,NIFTY 500_Historical_TR_01012018to31122018.csv,0.007192225018831211,1.0
2018-06-01,13617.21,NIFTY 500,NIFTY 500_Historical_TR_01012018to31122018.csv,-0.0064506384972005115,1.0
2018-06-04,13501.53,NIFTY 500,NIFTY 500_Historical_TR_01012018to31122018.csv,-0.008495132262776206,3.0
2018-06-05,13405.29,NIFTY 500,NIFTY 500_Historical_TR_01012018to31122018.csv,-0.007128081039704415,1.0
2018-06-06,13545.67,NIFTY 500,NIFTY 500_Historical_TR_01012018to31122018.csv,0.010471985313260657,1.0
2018-06-07,13684.5,NIFTY 500,NIFTY 500_Historical_TR_01012018to31122018.csv,0.01024903160936308,1.0
2018-06-08,13708.4,NIFTY 500,NIFTY 500_Historical_TR_01012018to31122018.csv,0.0017465015163140585,1.0
2018-06-11,13732.15,NIFTY 500,NIFTY 500_Historical_TR_01012018to31122018.csv,0.0017325143707507262,3.0
2018-06-12,13811.73,NIFTY 500,NIFTY 500_Historical_TR_01012018to31122018.csv,0.005795159534377259,1.0
2018-06-13,13811.78,NIFTY 500,NIFTY 500_Historical_TR_01012018to31122018.csv,3.6201113111644645e-06,1.0
2018-06-14,13781.18,NIFTY 500,NIFTY 500_Historical_TR_01012018to31122018.csv,-0.0022155001020868204,1.0
2018-06-15,13762.12,NIFTY 500,NIFTY 500_Historical_TR_01012018to31122018.csv,-0.0013830455737461333,1.0
2018-06-18,13725.35,NIFTY 500,NIFTY 500_Historical_TR_01012018to31122018.csv,-0.0026718267243709404,3.0
2018-06-19,13601.84,NIFTY 500,NIFTY 500_Historical_TR_01012018to31122018.csv,-0.008998677629350138,1.0
2018-06-20,13663.75,NIFTY 500,NIFTY 500_Historical_TR_01012018to31122018.csv,0.004551590078989198,1.0
2018-06-21,13612.8,NIFTY 500,NIFTY 500_Historical_TR_01012018to31122018.csv,-0.0037288445704876105,1.0
2018-06-22,13695.9,NIFTY 500,NIFTY 500_Historical_TR_01012018to31122018.csv,0.0061045486600845855,1.0
2018-06-25,13604.24,NIFTY 500,NIFTY 500_Historical_TR_01012018to31122018.csv,-0.006692513818003953,3.0
2018-06-26,13600.44,NIFTY 500,NIFTY 500_Historical_TR_01012018to31122018.csv,-0.0002793246811287897,1.0
2018-06-27,13453.85,NIFTY 500,NIFTY 500_Historical_TR_01012018to31122018.csv,-0.010778327759984219,1.0
2018-06-28,13318.37,NIFTY 500,NIFTY 500_Historical_TR_01012018to31122018.csv,-0.010069979968559184,1.0
2018-06-29,13503.29,NIFTY 500,NIFTY 500_Historical_TR_01012018to31122018.csv,0.013884581972118282,1.0
2018-07-02,13424.54,NIFTY 500,NIFTY 500_Historical_TR_01012018to31122018.csv,-0.005831912074761081,3.0
2018-07-03,13484.25,NIFTY 500,NIFTY 500_Historical_TR_01012018to31122018.csv,0.004447824655444466,1.0
2018-07-04,13551.84,NIFTY 500,NIFTY 500_Historical_TR_01012018to31122018.csv,0.005012514600367002,1.0
2018-07-05,13514.84,NIFTY 500,NIFTY 500_Historical_TR_01012018to31122018.csv,-0.0027302565555673564,1.0
2018-07-06,13556.77,NIFTY 500,NIFTY 500_Historical_TR_01012018to31122018.csv,0.003102515457082733,1.0
2018-07-09,13681.04,NIFTY 500,NIFTY 500_Historical_TR_01012018to31122018.csv,0.009166637775812392,3.0
2018-07-10,13801.46,NIFTY 500,NIFTY 500_Historical_TR_01012018to31122018.csv,0.008801962423909071,1.0
2018-07-11,13780.83,NIFTY 500,NIFTY 500_Historical_TR_01012018to31122018.csv,-0.0014947693939626472,1.0
2018-07-12,13837.41,NIFTY 500,NIFTY 500_Historical_TR_01012018to31122018.csv,0.004105703357490054,1.0
2018-07-13,13791.0,NIFTY 500,NIFTY 500_Historical_TR_01012018to31122018.csv,-0.0033539513536131604,1.0
2018-07-16,13618.67,NIFTY 500,NIFTY 500_Historical_TR_01012018to31122018.csv,-0.012495830614168701,3.0
2018-07-17,13743.72,NIFTY 500,NIFTY 500_Historical_TR_01012018to31122018.csv,0.009182247605676652,1.0
2018-07-18,13677.65,NIFTY 500,NIFTY 500_Historical_TR_01012018to31122018.csv,-0.004807286527956034,1.0
2018-07-19,13638.18,NIFTY 500,NIFTY 500_Historical_TR_01012018to31122018.csv,-0.002885729639228951,1.0
2018-07-20,13712.17,NIFTY 500,NIFTY 500_Historical_TR_01012018to31122018.csv,0.005425210695268801,1.0
2018-07-23,13827.88,NIFTY 500,NIFTY 500_Historical_TR_01012018to31122018.csv,0.008438489312778241,3.0
2018-07-24,13955.93,NIFTY 500,NIFTY 500_Historical_TR_01012018to31122018.csv,0.009260277063440014,1.0
2018-07-25,13955.58,NIFTY 500,NIFTY 500_Historical_TR_01012018to31122018.csv,-2.5078944935974512e-05,1.0
2018-07-26,14015.05,NIFTY 500,NIFTY 500_Historical_TR_01012018to31122018.csv,0.004261377886121576,1.0
2018-07-27,14150.32,NIFTY 500,NIFTY 500_Historical_TR_01012018to31122018.csv,0.009651767207395023,1.0
2018-07-30,14209.48,NIFTY 500,NIFTY 500_Historical_TR_01012018to31122018.csv,0.004180824179241149,3.0
2018-07-31,14257.02,NIFTY 500,NIFTY 500_Historical_TR_01012018to31122018.csv,0.003345653746653632,1.0
2018-08-01,14258.89,NIFTY 500,NIFTY 500_Historical_TR_01012018to31122018.csv,0.00013116345491548387,1.0
2018-08-02,14168.71,NIFTY 500,NIFTY 500_Historical_TR_01012018to31122018.csv,-0.006324475467585522,1.0
2018-08-03,14312.09,NIFTY 500,NIFTY 500_Historical_TR_01012018to31122018.csv,0.010119481590067148,1.0
2018-08-06,14347.97,NIFTY 500,NIFTY 500_Historical_TR_01012018to31122018.csv,0.002506971378743339,3.0
2018-08-07,14341.27,NIFTY 500,NIFTY 500_Historical_TR_01012018to31122018.csv,-0.0004669650131690073,1.0
2018-08-08,14400.66,NIFTY 500,NIFTY 500_Historical_TR_01012018to31122018.csv,0.004141195305576106,1.0
2018-08-09,14438.0,NIFTY 500,NIFTY 500_Historical_TR_01012018to31122018.csv,0.0025929367126229508,1.0
2018-08-10,14372.06,NIFTY 500,NIFTY 500_Historical_TR_01012018to31122018.csv,-0.004567114558803209,1.0
2018-08-13,14272.7,NIFTY 500,NIFTY 500_Historical_TR_01012018to31122018.csv,-0.006913413943442914,3.0
2018-08-14,14382.48,NIFTY 500,NIFTY 500_Historical_TR_01012018to31122018.csv,0.007691607054026051,1.0
2018-08-16,14322.64,NIFTY 500,NIFTY 500_Historical_TR_01012018to31122018.csv,-0.004160617640351361,2.0
2018-08-17,14447.62,NIFTY 500,NIFTY 500_Historical_TR_01012018to31122018.csv,0.008726044919093123,1.0
2018-08-20,14551.95,NIFTY 500,NIFTY 500_Historical_TR_01012018to31122018.csv,0.007221258587919666,3.0
2018-08-21,14585.85,NIFTY 500,NIFTY 500_Historical_TR_01012018to31122018.csv,0.0023295846948347965,1.0
2018-08-23,14601.32,NIFTY 500,NIFTY 500_Historical_TR_01012018to31122018.csv,0.001060616967814676,2.0
2018-08-24,14571.39,NIFTY 500,NIFTY 500_Historical_TR_01012018to31122018.csv,-0.002049814674289774,1.0
2018-08-27,14731.17,NIFTY 500,NIFTY 500_Historical_TR_01012018to31122018.csv,0.010965323143502514,3.0
2018-08-28,14771.29,NIFTY 500,NIFTY 500_Historical_TR_01012018to31122018.csv,0.002723476818202508,1.0
2018-08-29,14753.44,NIFTY 500,NIFTY 500_Historical_TR_01012018to31122018.csv,-0.0012084252627901915,1.0
2018-08-30,14756.03,NIFTY 500,NIFTY 500_Historical_TR_01012018to31122018.csv,0.00017555227797716455,1.0
2018-08-31,14782.95,NIFTY 500,NIFTY 500_Historical_TR_01012018to31122018.csv,0.0018243389312708747,1.0
2018-09-03,14678.85,NIFTY 500,NIFTY 500_Historical_TR_01012018to31122018.csv,-0.0070418962385722095,3.0
2018-09-04,14507.89,NIFTY 500,NIFTY 500_Historical_TR_01012018to31122018.csv,-0.011646688943616201,1.0
2018-09-05,14446.48,NIFTY 500,NIFTY 500_Historical_TR_01012018to31122018.csv,-0.0042328691491319015,1.0
2018-09-06,14524.31,NIFTY 500,NIFTY 500_Historical_TR_01012018to31122018.csv,0.00538747155016317,1.0
2018-09-07,14612.84,NIFTY 500,NIFTY 500_Historical_TR_01012018to31122018.csv,0.006095298158742102,1.0
2018-09-10,14414.37,NIFTY 500,NIFTY 500_Historical_TR_01012018to31122018.csv,-0.01358189099449525,3.0
2018-09-11,14218.49,NIFTY 500,NIFTY 500_Historical_TR_01012018to31122018.csv,-0.013589216871774501,1.0
2018-09-12,14299.56,NIFTY 500,NIFTY 500_Historical_TR_01012018to31122018.csv,0.005701730633843605,1.0
2018-09-14,14495.36,NIFTY 500,NIFTY 500_Historical_TR_01012018to31122018.csv,0.013692729007046545,2.0
2018-09-17,14353.62,NIFTY 500,NIFTY 500_Historical_TR_01012018to31122018.csv,-0.009778301470263595,3.0
2018-09-18,14202.83,NIFTY 500,NIFTY 500_Historical_TR_01012018to31122018.csv,-0.0105053638036956,1.0
2018-09-19,14132.44,NIFTY 500,NIFTY 500_Historical_TR_01012018to31122018.csv,-0.004956054532793797,1.0
2018-09-21,13954.55,NIFTY 500,NIFTY 500_Historical_TR_01012018to31122018.csv,-0.012587352219432857,2.0
2018-09-24,13684.55,NIFTY 500,NIFTY 500_Historical_TR_01012018to31122018.csv,-0.019348527899502366,3.0
2018-09-25,13773.66,NIFTY 500,NIFTY 500_Historical_TR_01012018to31122018.csv,0.006511723074562159,1.0
2018-09-26,13772.06,NIFTY 500,NIFTY 500_Historical_TR_01012018to31122018.csv,-0.0001161637502304913,1.0
2018-09-27,13624.1,NIFTY 500,NIFTY 500_Historical_TR_01012018to31122018.csv,-0.0107434908067493,1.0
2018-09-28,13496.26,NIFTY 500,NIFTY 500_Historical_TR_01012018to31122018.csv,-0.009383372112653277,1.0
2018-10-01,13569.58,NIFTY 500,NIFTY 500_Historical_TR_01012018to31122018.csv,0.005432616146991753,3.0
2018-10-03,13408.52,NIFTY 500,NIFTY 500_Historical_TR_01012018to31122018.csv,-0.011869195656755704,2.0
2018-10-04,13109.67,NIFTY 500,NIFTY 500_Historical_TR_01012018to31122018.csv,-0.022288067586877625,1.0
2018-10-05,12769.28,NIFTY 500,NIFTY 500_Historical_TR_01012018to31122018.csv,-0.025964803080474108,1.0
2018-10-08,12736.21,NIFTY 500,NIFTY 500_Historical_TR_01012018to31122018.csv,-0.0025898092923016813,3.0
2018-10-09,12677.49,NIFTY 500,NIFTY 500_Historical_TR_01012018to31122018.csv,-0.004610476743081238,1.0
2018-10-10,12952.18,NIFTY 500,NIFTY 500_Historical_TR_01012018to31122018.csv,0.021667538290308208,1.0
2018-10-11,12681.39,NIFTY 500,NIFTY 500_Historical_TR_01012018to31122018.csv,-0.020906905246838803,1.0
2018-10-12,12979.75,NIFTY 500,NIFTY 500_Historical_TR_01012018to31122018.csv,0.023527389347697714,1.0
2018-10-15,13046.23,NIFTY 500,NIFTY 500_Historical_TR_01012018to31122018.csv,0.005121824380284634,3.0
2018-10-16,13167.29,NIFTY 500,NIFTY 500_Historical_TR_01012018to31122018.csv,0.009279309041769324,1.0
2018-10-17,12967.17,NIFTY 500,NIFTY 500_Historical_TR_01012018to31122018.csv,-0.015198267828839596,1.0
2018-10-19,12792.53,NIFTY 500,NIFTY 500_Historical_TR_01012018to31122018.csv,-0.01346785767441927,2.0
2018-10-22,12698.2,NIFTY 500,NIFTY 500_Historical_TR_01012018to31122018.csv,-0.007373834573770832,3.0
2018-10-23,12570.25,NIFTY 500,NIFTY 500_Historical_TR_01012018to31122018.csv,-0.01007623127687396,1.0
2018-10-24,12667.65,NIFTY 500,NIFTY 500_Historical_TR_01012018to31122018.csv,0.0077484536902607815,1.0
2018-10-25,12553.87,NIFTY 500,NIFTY 500_Historical_TR_01012018to31122018.csv,-0.00898193429720573,1.0
2018-10-26,12470.57,NIFTY 500,NIFTY 500_Historical_TR_01012018to31122018.csv,-0.0066354040626517286,1.0
2018-10-29,12756.66,NIFTY 500,NIFTY 500_Historical_TR_01012018to31122018.csv,0.02294121279139616,3.0
2018-10-30,12742.59,NIFTY 500,NIFTY 500_Historical_TR_01012018to31122018.csv,-0.001102953280874397,1.0
2018-10-31,12969.63,NIFTY 500,NIFTY 500_Historical_TR_01012018to31122018.csv,0.01781741388524627,1.0
2018-11-01,12999.37,NIFTY 500,NIFTY 500_Historical_TR_01012018to31122018.csv,0.0022930492234551902,1.0
2018-11-02,13187.43,NIFTY 500,NIFTY 500_Historical_TR_01012018to31122018.csv,0.014466854932200457,1.0
2018-11-05,13156.88,NIFTY 500,NIFTY 500_Historical_TR_01012018to31122018.csv,-0.0023165999743696153,3.0
2018-11-06,13145.64,NIFTY 500,NIFTY 500_Historical_TR_01012018to31122018.csv,-0.0008543058840697615,1.0
2018-11-07,13239.33,NIFTY 500,NIFTY 500_Historical_TR_01012018to31122018.csv,0.00712707787524991,1.0
2018-11-09,13258.69,NIFTY 500,NIFTY 500_Historical_TR_01012018to31122018.csv,0.0014623096486001685,2.0
2018-11-12,13129.95,NIFTY 500,NIFTY 500_Historical_TR_01012018to31122018.csv,-0.009709858213745037,3.0
2018-11-13,13225.78,NIFTY 500,NIFTY 500_Historical_TR_01012018to31122018.csv,0.007298580725745296,1.0
2018-11-14,13222.75,NIFTY 500,NIFTY 500_Historical_TR_01012018to31122018.csv,-0.00022909801917170292,1.0
2018-11-15,13273.53,NIFTY 500,NIFTY 500_Historical_TR_01012018to31122018.csv,0.003840350910362833,1.0
2018-11-16,13330.69,NIFTY 500,NIFTY 500_Historical_TR_01012018to31122018.csv,0.00430631489890021,1.0
2018-11-19,13418.97,NIFTY 500,NIFTY 500_Historical_TR_01012018to31122018.csv,0.006622312873526992,3.0
2018-11-20,13282.16,NIFTY 500,NIFTY 500_Historical_TR_01012018to31122018.csv,-0.010195268340267516,1.0
2018-11-21,13252.75,NIFTY 500,NIFTY 500_Historical_TR_01012018to31122018.csv,-0.0022142482849174527,1.0
2018-11-22,13161.85,NIFTY 500,NIFTY 500_Historical_TR_01012018to31122018.csv,-0.006858953802041046,1.0
2018-11-26,13256.78,NIFTY 500,NIFTY 500_Historical_TR_01012018to31122018.csv,0.007212511918917253,4.0
2018-11-27,13317.44,NIFTY 500,NIFTY 500_Historical_TR_01012018to31122018.csv,0.004575771793753791,1.0
2018-11-28,13331.32,NIFTY 500,NIFTY 500_Historical_TR_01012018to31122018.csv,0.001042242352884637,1.0
2018-11-29,13462.63,NIFTY 500,NIFTY 500_Historical_TR_01012018to31122018.csv,0.009849737310333895,1.0
2018-11-30,13503.06,NIFTY 500,NIFTY 500_Historical_TR_01012018to31122018.csv,0.003003127917799109,1.0
2018-12-03,13529.42,NIFTY 500,NIFTY 500_Historical_TR_01012018to31122018.csv,0.0019521501052355283,3.0
2018-12-04,13513.95,NIFTY 500,NIFTY 500_Historical_TR_01012018to31122018.csv,-0.0011434340866053327,1.0
2018-12-05,13384.98,NIFTY 500,NIFTY 500_Historical_TR_01012018to31122018.csv,-0.009543471745862675,1.0
2018-12-06,13168.2,NIFTY 500,NIFTY 500_Historical_TR_01012018to31122018.csv,-0.0161957657015549,1.0
2018-12-07,13253.29,NIFTY 500,NIFTY 500_Historical_TR_01012018to31122018.csv,0.006461779134581791,1.0
2018-12-10,12999.73,NIFTY 500,NIFTY 500_Historical_TR_01012018to31122018.csv,-0.01913185329831324,3.0
2018-12-11,13111.79,NIFTY 500,NIFTY 500_Historical_TR_01012018to31122018.csv,0.008620179034487752,1.0
2018-12-12,13373.36,NIFTY 500,NIFTY 500_Historical_TR_01012018to31122018.csv,0.019949221273372952,1.0
2018-12-13,13455.91,NIFTY 500,NIFTY 500_Historical_TR_01012018to31122018.csv,0.006172719496072787,1.0
2018-12-14,13476.66,NIFTY 500,NIFTY 500_Historical_TR_01012018to31122018.csv,0.0015420733343192161,1.0
2018-12-17,13569.56,NIFTY 500,NIFTY 500_Historical_TR_01012018to31122018.csv,0.006893399403116174,3.0
2018-12-18,13604.26,NIFTY 500,NIFTY 500_Historical_TR_01012018to31122018.csv,0.0025571941905264683,1.0
2018-12-19,13707.21,NIFTY 500,NIFTY 500_Historical_TR_01012018to31122018.csv,0.007567482538557657,1.0
2018-12-20,13688.88,NIFTY 500,NIFTY 500_Historical_TR_01012018to31122018.csv,-0.0013372524386801032,1.0
2018-12-21,13466.86,NIFTY 500,NIFTY 500_Historical_TR_01012018to31122018.csv,-0.016219004038314222,1.0
2018-12-24,13348.09,NIFTY 500,NIFTY 500_Historical_TR_01012018to31122018.csv,-0.00881942783989742,3.0
2018-12-26,13406.24,NIFTY 500,NIFTY 500_Historical_TR_01012018to31122018.csv,0.004356428522732436,2.0
2018-12-27,13461.24,NIFTY 500,NIFTY 500_Historical_TR_01012018to31122018.csv,0.004102567162754145,1.0
2018-12-28,13573.23,NIFTY 500,NIFTY 500_Historical_TR_01012018to31122018.csv,0.008319441596762234,1.0
2018-12-31,13599.13,NIFTY 500,NIFTY 500_Historical_TR_01012018to31122018.csv,0.0019081677684678056,3.0
2019-01-01,13640.46,NIFTY 500,NIFTY 500_Historical_TR_01012019to31122019.csv,0.003039165005408462,1.0
2019-01-02,13500.3,NIFTY 500,NIFTY 500_Historical_TR_01012019to31122019.csv,-0.010275313295885935,1.0
2019-01-03,13368.91,NIFTY 500,NIFTY 500_Historical_TR_01012019to31122019.csv,-0.009732376317563296,1.0
2019-01-04,13428.43,NIFTY 500,NIFTY 500_Historical_TR_01012019to31122019.csv,0.004452120629131251,1.0
2019-01-07,13467.36,NIFTY 500,NIFTY 500_Historical_TR_01012019to31122019.csv,0.002899073085982584,3.0
2019-01-08,13493.29,NIFTY 500,NIFTY 500_Historical_TR_01012019to31122019.csv,0.0019253959202101267,1.0
2019-01-09,13536.01,NIFTY 500,NIFTY 500_Historical_TR_01012019to31122019.csv,0.0031660180726864606,1.0
2019-01-10,13524.03,NIFTY 500,NIFTY 500_Historical_TR_01012019to31122019.csv,-0.0008850466274773483,1.0
2019-01-11,13492.62,NIFTY 500,NIFTY 500_Historical_TR_01012019to31122019.csv,-0.002322532558712176,1.0
2019-01-14,13423.32,NIFTY 500,NIFTY 500_Historical_TR_01012019to31122019.csv,-0.005136141090462898,3.0
2019-01-15,13580.01,NIFTY 500,NIFTY 500_Historical_TR_01012019to31122019.csv,0.011672969131332644,1.0
2019-01-16,13582.44,NIFTY 500,NIFTY 500_Historical_TR_01012019to31122019.csv,0.0001789394853171089,1.0
2019-01-17,13587.51,NIFTY 500,NIFTY 500_Historical_TR_01012019to31122019.csv,0.00037327608294246417,1.0
2019-01-18,13555.85,NIFTY 500,NIFTY 500_Historical_TR_01012019to31122019.csv,-0.0023300810818170925,1.0
2019-01-21,13578.37,NIFTY 500,NIFTY 500_Historical_TR_01012019to31122019.csv,0.001661275390329564,3.0
2019-01-22,13542.55,NIFTY 500,NIFTY 500_Historical_TR_01012019to31122019.csv,-0.0026380191436823353,1.0
2019-01-23,13450.22,NIFTY 500,NIFTY 500_Historical_TR_01012019to31122019.csv,-0.006817770656191047,1.0
2019-01-24,13458.48,NIFTY 500,NIFTY 500_Historical_TR_01012019to31122019.csv,0.0006141163490263057,1.0
2019-01-25,13343.0,NIFTY 500,NIFTY 500_Historical_TR_01012019to31122019.csv,-0.008580463767082103,1.0
2019-01-28,13168.57,NIFTY 500,NIFTY 500_Historical_TR_01012019to31122019.csv,-0.01307277224012593,3.0
2019-01-29,13167.46,NIFTY 500,NIFTY 500_Historical_TR_01012019to31122019.csv,-8.429161252898609e-05,1.0
2019-01-30,13181.18,NIFTY 500,NIFTY 500_Historical_TR_01012019to31122019.csv,0.0010419625349156192,1.0
2019-01-31,13357.8,NIFTY 500,NIFTY 500_Historical_TR_01012019to31122019.csv,0.013399407336823987,1.0
2019-02-01,13435.65,NIFTY 500,NIFTY 500_Historical_TR_01012019to31122019.csv,0.005828055518124264,1.0
2019-02-04,13414.64,NIFTY 500,NIFTY 500_Historical_TR_01012019to31122019.csv,-0.0015637501721167402,3.0
2019-02-05,13402.62,NIFTY 500,NIFTY 500_Historical_TR_01012019to31122019.csv,-0.0008960359726387646,1.0
2019-02-06,13531.56,NIFTY 500,NIFTY 500_Historical_TR_01012019to31122019.csv,0.009620507035191572,1.0
2019-02-07,13571.96,NIFTY 500,NIFTY 500_Historical_TR_01012019to31122019.csv,0.0029856128931180503,1.0
2019-02-08,13410.58,NIFTY 500,NIFTY 500_Historical_TR_01012019to31122019.csv,-0.011890692280260073,1.0
2019-02-11,13309.39,NIFTY 500,NIFTY 500_Historical_TR_01012019to31122019.csv,-0.007545534943306009,3.0
2019-02-12,13249.12,NIFTY 500,NIFTY 500_Historical_TR_01012019to31122019.csv,-0.004528381841692131,1.0
2019-02-13,13193.76,NIFTY 500,NIFTY 500_Historical_TR_01012019to31122019.csv,-0.00417839071576076,1.0
2019-02-14,13167.36,NIFTY 500,NIFTY 500_Historical_TR_01012019to31122019.csv,-0.0020009459016989695,1.0
2019-02-15,13105.54,NIFTY 500,NIFTY 500_Historical_TR_01012019to31122019.csv,-0.004694942646058076,1.0
2019-02-18,12998.01,NIFTY 500,NIFTY 500_Historical_TR_01012019to31122019.csv,-0.008204927076640889,3.0
2019-02-19,12980.1,NIFTY 500,NIFTY 500_Historical_TR_01012019to31122019.csv,-0.0013779032328794516,1.0
2019-02-20,13133.49,NIFTY 500,NIFTY 500_Historical_TR_01012019to31122019.csv,0.011817320359627459,1.0
2019-02-21,13218.92,NIFTY 500,NIFTY 500_Historical_TR_01012019to31122019.csv,0.006504744740354562,1.0
2019-02-22,13245.74,NIFTY 500,NIFTY 500_Historical_TR_01012019to31122019.csv,0.0020289100773738244,1.0
2019-02-25,13340.9,NIFTY 500,NIFTY 500_Historical_TR_01012019to31122019.csv,0.007184196579428592,3.0
2019-02-26,13295.32,NIFTY 500,NIFTY 500_Historical_TR_01012019to31122019.csv,-0.0034165611015748443,1.0
2019-02-27,13285.19,NIFTY 500,NIFTY 500_Historical_TR_01012019to31122019.csv,-0.0007619222403070225,1.0
2019-02-28,13303.2,NIFTY 500,NIFTY 500_Historical_TR_01012019to31122019.csv,0.0013556448948039979,1.0
2019-03-01,13424.34,NIFTY 500,NIFTY 500_Historical_TR_01012019to31122019.csv,0.009106079740212936,1.0
2019-03-05,13626.72,NIFTY 500,NIFTY 500_Historical_TR_01012019to31122019.csv,0.015075601482083867,4.0
2019-03-06,13711.14,NIFTY 500,NIFTY 500_Historical_TR_01012019to31122019.csv,0.006195181232167446,1.0
2019-03-07,13703.58,NIFTY 500,NIFTY 500_Historical_TR_01012019to31122019.csv,-0.0005513764719782266,1.0
2019-03-08,13682.38,NIFTY 500,NIFTY 500_Historical_TR_01012019to31122019.csv,-0.0015470409922079265,1.0
2019-03-11,13882.22,NIFTY 500,NIFTY 500_Historical_TR_01012019to31122019.csv,0.014605646093735158,3.0
2019-03-12,14023.67,NIFTY 500,NIFTY 500_Historical_TR_01012019to31122019.csv,0.010189292490682345,1.0
2019-03-13,14038.41,NIFTY 500,NIFTY 500_Historical_TR_01012019to31122019.csv,0.0010510800667729026,1.0
2019-03-14,14036.92,NIFTY 500,NIFTY 500_Historical_TR_01012019to31122019.csv,-0.00010613737595632777,1.0
2019-03-15,14115.72,NIFTY 500,NIFTY 500_Historical_TR_01012019to31122019.csv,0.005613767122702118,1.0
2019-03-18,14141.44,NIFTY 500,NIFTY 500_Historical_TR_01012019to31122019.csv,0.0018220820475329802,3.0
2019-03-19,14221.02,NIFTY 500,NIFTY 500_Historical_TR_01012019to31122019.csv,0.005627432566980506,1.0
2019-03-20,14195.69,NIFTY 500,NIFTY 500_Historical_TR_01012019to31122019.csv,-0.0017811661892044306,1.0
2019-03-22,14120.15,NIFTY 500,NIFTY 500_Historical_TR_01012019to31122019.csv,-0.005321333446982934,2.0
2019-03-25,13988.74,NIFTY 500,NIFTY 500_Historical_TR_01012019to31122019.csv,-0.009306558358091133,3.0
2019-03-26,14138.82,NIFTY 500,NIFTY 500_Historical_TR_01012019to31122019.csv,0.010728628882944458,1.0
2019-03-27,14123.69,NIFTY 500,NIFTY 500_Historical_TR_01012019to31122019.csv,-0.0010701034456905845,1.0
2019-03-28,14272.79,NIFTY 500,NIFTY 500_Historical_TR_01012019to31122019.csv,0.010556731279148801,1.0
2019-03-29,14364.59,NIFTY 500,NIFTY 500_Historical_TR_01012019to31122019.csv,0.006431818866528438,1.0
2019-04-01,14421.49,NIFTY 500,NIFTY 500_Historical_TR_01012019to31122019.csv,0.003961129416154563,3.0
2019-04-02,14449.48,NIFTY 500,NIFTY 500_Historical_TR_01012019to31122019.csv,0.001940853545645993,1.0
2019-04-03,14356.79,NIFTY 500,NIFTY 500_Historical_TR_01012019to31122019.csv,-0.006414763714680305,1.0
2019-04-04,14309.63,NIFTY 500,NIFTY 500_Historical_TR_01012019to31122019.csv,-0.003284856851705875,1.0
2019-04-05,14396.45,NIFTY 500,NIFTY 500_Historical_TR_01012019to31122019.csv,0.006067242828780461,1.0
2019-04-08,14321.35,NIFTY 500,NIFTY 500_Historical_TR_01012019to31122019.csv,-0.00521656380566049,3.0
2019-04-09,14385.8,NIFTY 500,NIFTY 500_Historical_TR_01012019to31122019.csv,0.004500274066341348,1.0
2019-04-10,14304.29,NIFTY 500,NIFTY 500_Historical_TR_01012019to31122019.csv,-0.00566600397614303,1.0
2019-04-11,14321.82,NIFTY 500,NIFTY 500_Historical_TR_01012019to31122019.csv,0.0012255064739319366,1.0
2019-04-12,14381.36,NIFTY 500,NIFTY 500_Historical_TR_01012019to31122019.csv,0.004157292858030681,1.0
2019-04-15,14443.67,NIFTY 500,NIFTY 500_Historical_TR_01012019to31122019.csv,0.00433269176211426,3.0
2019-04-16,14540.12,NIFTY 500,NIFTY 500_Historical_TR_01012019to31122019.csv,0.006677665717923498,1.0
2019-04-18,14476.63,NIFTY 500,NIFTY 500_Historical_TR_01012019to31122019.csv,-0.004366538928151975,2.0
2019-04-22,14270.2,NIFTY 500,NIFTY 500_Historical_TR_01012019to31122019.csv,-0.0142595341595384,4.0
2019-04-23,14251.64,NIFTY 500,NIFTY 500_Historical_TR_01012019to31122019.csv,-0.0013006124651372408,1.0
2019-04-24,14400.64,NIFTY 500,NIFTY 500_Historical_TR_01012019to31122019.csv,0.0104549371160092,1.0
2019-04-25,14313.53,NIFTY 500,NIFTY 500_Historical_TR_01012019to31122019.csv,-0.006049036709479538,1.0
2019-04-26,14404.12,NIFTY 500,NIFTY 500_Historical_TR_01012019to31122019.csv,0.006328976849176993,1.0
2019-04-30,14366.33,NIFTY 500,NIFTY 500_Historical_TR_01012019to31122019.csv,-0.0026235549273403436,4.0
2019-05-02,14326.52,NIFTY 500,NIFTY 500_Historical_TR_01012019to31122019.csv,-0.0027710626165484697,2.0
2019-05-03,14307.21,NIFTY 500,NIFTY 500_Historical_TR_01012019to31122019.csv,-0.0013478500012564787,1.0
2019-05-06,14170.39,NIFTY 500,NIFTY 500_Historical_TR_01012019to31122019.csv,-0.009563010538043426,3.0
2019-05-07,14051.08,NIFTY 500,NIFTY 500_Historical_TR_01012019to31122019.csv,-0.008419669465695723,1.0
2019-05-08,13886.83,NIFTY 500,NIFTY 500_Historical_TR_01012019to31122019.csv,-0.011689492907306809,1.0
2019-05-09,13826.96,NIFTY 500,NIFTY 500_Historical_TR_01012019to31122019.csv,-0.004311279104014409,1.0
2019-05-10,13812.96,NIFTY 500,NIFTY 500_Historical_TR_01012019to31122019.csv,-0.001012514681462906,1.0
2019-05-13,13619.29,NIFTY 500,NIFTY 500_Historical_TR_01012019to31122019.csv,-0.014020890525998642,3.0
2019-05-14,13697.17,NIFTY 500,NIFTY 500_Historical_TR_01012019to31122019.csv,0.005718359767653114,1.0
2019-05-15,13619.46,NIFTY 500,NIFTY 500_Historical_TR_01012019to31122019.csv,-0.0056734347314081335,1.0
2019-05-16,13711.21,NIFTY 500,NIFTY 500_Historical_TR_01012019to31122019.csv,0.006736684126977144,1.0
2019-05-17,13871.89,NIFTY 500,NIFTY 500_Historical_TR_01012019to31122019.csv,0.01171887820258033,1.0
2019-05-20,14380.78,NIFTY 500,NIFTY 500_Historical_TR_01012019to31122019.csv,0.03668497948008542,3.0
2019-05-21,14242.53,NIFTY 500,NIFTY 500_Historical_TR_01012019to31122019.csv,-0.009613525831004943,1.0
2019-05-22,14281.87,NIFTY 500,NIFTY 500_Historical_TR_01012019to31122019.csv,0.002762149702335126,1.0
2019-05-23,14214.3,NIFTY 500,NIFTY 500_Historical_TR_01012019to31122019.csv,-0.004731173158697088,1.0
2019-05-24,14466.44,NIFTY 500,NIFTY 500_Historical_TR_01012019to31122019.csv,0.01773847463469891,1.0
2019-05-27,14589.9,NIFTY 500,NIFTY 500_Historical_TR_01012019to31122019.csv,0.008534235098614396,3.0
2019-05-28,14606.28,NIFTY 500,NIFTY 500_Historical_TR_01012019to31122019.csv,0.0011226944667201977,1.0
2019-05-29,14519.5,NIFTY 500,NIFTY 500_Historical_TR_01012019to31122019.csv,-0.005941280052142006,1.0
2019-05-30,14606.29,NIFTY 500,NIFTY 500_Historical_TR_01012019to31122019.csv,0.005977478563311545,1.0
2019-05-31,14591.01,NIFTY 500,NIFTY 500_Historical_TR_01012019to31122019.csv,-0.0010461246490381937,1.0
2019-06-03,14766.71,NIFTY 500,NIFTY 500_Historical_TR_01012019to31122019.csv,0.012041661269507564,3.0
2019-06-04,14702.41,NIFTY 500,NIFTY 500_Historical_TR_01012019to31122019.csv,-0.0043543890277522035,1.0
2019-06-06,14475.15,NIFTY 500,NIFTY 500_Historical_TR_01012019to31122019.csv,-0.015457329784708818,2.0
2019-06-07,14495.06,NIFTY 500,NIFTY 500_Historical_TR_01012019to31122019.csv,0.0013754607033433786,1.0
2019-06-10,14539.75,NIFTY 500,NIFTY 500_Historical_TR_01012019to31122019.csv,0.0030831193523863654,3.0
2019-06-11,14598.2,NIFTY 500,NIFTY 500_Historical_TR_01012019to31122019.csv,0.004020014099279656,1.0
2019-06-12,14516.16,NIFTY 500,NIFTY 500_Historical_TR_01012019to31122019.csv,-0.005619870942992988,1.0
2019-06-13,14521.38,NIFTY 500,NIFTY 500_Historical_TR_01012019to31122019.csv,0.00035959923285489026,1.0
2019-06-14,14406.49,NIFTY 500,NIFTY 500_Historical_TR_01012019to31122019.csv,-0.007911782488992047,1.0
2019-06-17,14218.31,NIFTY 500,NIFTY 500_Historical_TR_01012019to31122019.csv,-0.013062168508776284,3.0
2019-06-18,14229.85,NIFTY 500,NIFTY 500_Historical_TR_01012019to31122019.csv,0.0008116295115243588,1.0
2019-06-19,14192.79,NIFTY 500,NIFTY 500_Historical_TR_01012019to31122019.csv,-0.0026043844453735865,1.0
2019-06-20,14380.25,NIFTY 500,NIFTY 500_Historical_TR_01012019to31122019.csv,0.013208114824498907,1.0
2019-06-21,14284.21,NIFTY 500,NIFTY 500_Historical_TR_01012019to31122019.csv,-0.006678604335807803,1.0
2019-06-24,14258.15,NIFTY 500,NIFTY 500_Historical_TR_01012019to31122019.csv,-0.001824392108488948,3.0
2019-06-25,14360.63,NIFTY 500,NIFTY 500_Historical_TR_01012019to31122019.csv,0.007187468219930215,1.0
2019-06-26,14435.08,NIFTY 500,NIFTY 500_Historical_TR_01012019to31122019.csv,0.0051843129444879565,1.0
2019-06-27,14449.59,NIFTY 500,NIFTY 500_Historical_TR_01012019to31122019.csv,0.0010051901340346614,1.0
2019-06-28,14398.8,NIFTY 500,NIFTY 500_Historical_TR_01012019to31122019.csv,-0.0035149786256911675,1.0
2019-07-01,14481.11,NIFTY 500,NIFTY 500_Historical_TR_01012019to31122019.csv,0.005716448592938406,3.0
2019-07-02,14528.7,NIFTY 500,NIFTY 500_Historical_TR_01012019to31122019.csv,0.0032863502866837813,1.0
2019-07-03,14547.48,NIFTY 500,NIFTY 500_Historical_TR_01012019to31122019.csv,0.0012926139296700612,1.0
2019-07-04,14579.18,NIFTY 500,NIFTY 500_Historical_TR_01012019to31122019.csv,0.0021790715642846514,1.0
2019-07-05,14401.47,NIFTY 500,NIFTY 500_Historical_TR_01012019to31122019.csv,-0.01218930008409258,1.0
2019-07-08,14090.09,NIFTY 500,NIFTY 500_Historical_TR_01012019to31122019.csv,-0.02162140392612688,3.0
2019-07-09,14102.22,NIFTY 500,NIFTY 500_Historical_TR_01012019to31122019.csv,0.0008608887523073872,1.0
2019-07-10,14019.84,NIFTY 500,NIFTY 500_Historical_TR_01012019to31122019.csv,-0.005841633444946925,1.0
2019-07-11,14122.25,NIFTY 500,NIFTY 500_Historical_TR_01012019to31122019.csv,0.0073046482698804205,1.0
2019-07-12,14109.72,NIFTY 500,NIFTY 500_Historical_TR_01012019to31122019.csv,-0.0008872523854202008,1.0
2019-07-15,14128.3,NIFTY 500,NIFTY 500_Historical_TR_01012019to31122019.csv,0.0013168227292958967,3.0
2019-07-16,14220.97,NIFTY 500,NIFTY 500_Historical_TR_01012019to31122019.csv,0.006559175555445496,1.0
2019-07-17,14242.02,NIFTY 500,NIFTY 500_Historical_TR_01012019to31122019.csv,0.0014802084527287818,1.0
2019-07-18,14115.05,NIFTY 500,NIFTY 500_Historical_TR_01012019to31122019.csv,-0.008915167932638801,1.0
2019-07-19,13896.06,NIFTY 500,NIFTY 500_Historical_TR_01012019to31122019.csv,-0.015514645715034692,1.0
2019-07-22,13813.05,NIFTY 500,NIFTY 500_Historical_TR_01012019to31122019.csv,-0.005973635692419266,3.0
2019-07-23,13793.16,NIFTY 500,NIFTY 500_Historical_TR_01012019to31122019.csv,-0.0014399426629165823,1.0
2019-07-24,13689.15,NIFTY 500,NIFTY 500_Historical_TR_01012019to31122019.csv,-0.007540694083154276,1.0
2019-07-25,13690.06,NIFTY 500,NIFTY 500_Historical_TR_01012019to31122019.csv,6.647600471909598e-05,1.0
2019-07-26,13740.26,NIFTY 500,NIFTY 500_Historical_TR_01012019to31122019.csv,0.003666894082275718,1.0
2019-07-29,13616.28,NIFTY 500,NIFTY 500_Historical_TR_01012019to31122019.csv,-0.009023118922058204,3.0
2019-07-30,13459.9,NIFTY 500,NIFTY 500_Historical_TR_01012019to31122019.csv,-0.011484781452790416,1.0
2019-07-31,13522.1,NIFTY 500,NIFTY 500_Historical_TR_01012019to31122019.csv,0.004621133886581585,1.0
2019-08-01,13362.08,NIFTY 500,NIFTY 500_Historical_TR_01012019to31122019.csv,-0.011833960701370327,1.0
2019-08-02,13379.19,NIFTY 500,NIFTY 500_Historical_TR_01012019to31122019.csv,0.0012804892651443467,1.0
2019-08-05,13211.96,NIFTY 500,NIFTY 500_Historical_TR_01012019to31122019.csv,-0.012499261913464177,3.0
2019-08-06,13341.72,NIFTY 500,NIFTY 500_Historical_TR_01012019to31122019.csv,0.009821404242822407,1.0
2019-08-07,13246.28,NIFTY 500,NIFTY 500_Historical_TR_01012019to31122019.csv,-0.007153500448217942,1.0
2019-08-08,13436.18,NIFTY 500,NIFTY 500_Historical_TR_01012019to31122019.csv,0.014336100399508389,1.0
2019-08-09,13536.4,NIFTY 500,NIFTY 500_Historical_TR_01012019to31122019.csv,0.0074589652713792365,1.0
2019-08-13,13304.77,NIFTY 500,NIFTY 500_Historical_TR_01012019to31122019.csv,-0.017111639726958394,4.0
2019-08-14,13429.64,NIFTY 500,NIFTY 500_Historical_TR_01012019to31122019.csv,0.00938535577841626,1.0
2019-08-16,13456.71,NIFTY 500,NIFTY 500_Historical_TR_01012019to31122019.csv,0.002015690666317127,2.0
2019-08-19,13473.78,NIFTY 500,NIFTY 500_Historical_TR_01012019to31122019.csv,0.001268512140040201,3.0
2019-08-20,13414.23,NIFTY 500,NIFTY 500_Historical_TR_01012019to31122019.csv,-0.004419695141229973,1.0
2019-08-21,13277.02,NIFTY 500,NIFTY 500_Historical_TR_01012019to31122019.csv,-0.010228689980714467,1.0
2019-08-22,13061.91,NIFTY 500,NIFTY 500_Historical_TR_01012019to31122019.csv,-0.016201677786129798,1.0
2019-08-23,13168.84,NIFTY 500,NIFTY 500_Historical_TR_01012019to31122019.csv,0.008186398466992983,1.0
2019-08-26,13429.74,NIFTY 500,NIFTY 500_Historical_TR_01012019to31122019.csv,0.01981191965275597,3.0
2019-08-27,13516.01,NIFTY 500,NIFTY 500_Historical_TR_01012019to31122019.csv,0.0064238026946166205,1.0
2019-08-28,13439.14,NIFTY 500,NIFTY 500_Historical_TR_01012019to31122019.csv,-0.005687329322780932,1.0
2019-08-29,13342.2,NIFTY 500,NIFTY 500_Historical_TR_01012019to31122019.csv,-0.0072132591817630765,1.0
2019-08-30,13449.3,NIFTY 500,NIFTY 500_Historical_TR_01012019to31122019.csv,0.008027161937311567,1.0
2019-09-03,13186.84,NIFTY 500,NIFTY 500_Historical_TR_01012019to31122019.csv,-0.01951477028544235,4.0
2019-09-04,13232.93,NIFTY 500,NIFTY 500_Historical_TR_01012019to31122019.csv,0.0034951512265257723,1.0
2019-09-05,13252.79,NIFTY 500,NIFTY 500_Historical_TR_01012019to31122019.csv,0.0015008014098163436,1.0
2019-09-06,13363.98,NIFTY 500,NIFTY 500_Historical_TR_01012019to31122019.csv,0.008389931478579138,1.0
2019-09-09,13442.01,NIFTY 500,NIFTY 500_Historical_TR_01012019to31122019.csv,0.005838829450508065,3.0
2019-09-11,13506.72,NIFTY 500,NIFTY 500_Historical_TR_01012019to31122019.csv,0.004814012190141215,2.0
2019-09-12,13457.64,NIFTY 500,NIFTY 500_Historical_TR_01012019to31122019.csv,-0.0036337467571697646,1.0
2019-09-13,13561.51,NIFTY 500,NIFTY 500_Historical_TR_01012019to31122019.csv,0.00771829236032473,1.0
2019-09-16,13499.13,NIFTY 500,NIFTY 500_Historical_TR_01012019to31122019.csv,-0.00459978276755324,3.0
2019-09-17,13266.59,NIFTY 500,NIFTY 500_Historical_TR_01012019to31122019.csv,-0.017226295324217156,1.0
2019-09-18,13302.38,NIFTY 500,NIFTY 500_Historical_TR_01012019to31122019.csv,0.0026977542835044943,1.0
2019-09-19,13136.23,NIFTY 500,NIFTY 500_Historical_TR_01012019to31122019.csv,-0.012490246106335867,1.0
2019-09-20,13831.67,NIFTY 500,NIFTY 500_Historical_TR_01012019to31122019.csv,0.05294060776950471,1.0
2019-09-23,14215.41,NIFTY 500,NIFTY 500_Historical_TR_01012019to31122019.csv,0.027743576878280107,3.0
2019-09-24,14197.74,NIFTY 500,NIFTY 500_Historical_TR_01012019to31122019.csv,-0.0012430172608458578,1.0
2019-09-25,14002.03,NIFTY 500,NIFTY 500_Historical_TR_01012019to31122019.csv,-0.013784588251369523,1.0
2019-09-26,14151.32,NIFTY 500,NIFTY 500_Historical_TR_01012019to31122019.csv,0.01066202543488326,1.0
2019-09-27,14079.08,NIFTY 500,NIFTY 500_Historical_TR_01012019to31122019.csv,-0.005104824143613462,1.0
2019-09-30,13997.16,NIFTY 500,NIFTY 500_Historical_TR_01012019to31122019.csv,-0.0058185620083130996,3.0
2019-10-01,13840.55,NIFTY 500,NIFTY 500_Historical_TR_01012019to31122019.csv,-0.011188698278793763,1.0
2019-10-03,13783.58,NIFTY 500,NIFTY 500_Historical_TR_01012019to31122019.csv,-0.004116165903811586,2.0
2019-10-04,13623.62,NIFTY 500,NIFTY 500_Historical_TR_01012019to31122019.csv,-0.011605112750098234,1.0
2019-10-07,13547.24,NIFTY 500,NIFTY 500_Historical_TR_01012019to31122019.csv,-0.005606439404504893,3.0
2019-10-09,13752.94,NIFTY 500,NIFTY 500_Historical_TR_01012019to31122019.csv,0.015183904618210065,2.0
2019-10-10,13655.23,NIFTY 500,NIFTY 500_Historical_TR_01012019to31122019.csv,-0.007104662712118404,1.0
2019-10-11,13728.17,NIFTY 500,NIFTY 500_Historical_TR_01012019to31122019.csv,0.0053415431303611705,1.0
2019-10-14,13774.96,NIFTY 500,NIFTY 500_Historical_TR_01012019to31122019.csv,0.003408320264099318,3.0
2019-10-15,13866.69,NIFTY 500,NIFTY 500_Historical_TR_01012019to31122019.csv,0.006659184491280001,1.0
2019-10-16,13908.64,NIFTY 500,NIFTY 500_Historical_TR_01012019to31122019.csv,0.003025235294075168,1.0
2019-10-17,14082.13,NIFTY 500,NIFTY 500_Historical_TR_01012019to31122019.csv,0.012473541625924511,1.0
2019-10-18,14214.37,NIFTY 500,NIFTY 500_Historical_TR_01012019to31122019.csv,0.009390624855756924,1.0
2019-10-22,14167.96,NIFTY 500,NIFTY 500_Historical_TR_01012019to31122019.csv,-0.003265005765292539,4.0
2019-10-23,14191.33,NIFTY 500,NIFTY 500_Historical_TR_01012019to31122019.csv,0.0016494964694988568,1.0
2019-10-24,14159.98,NIFTY 500,NIFTY 500_Historical_TR_01012019to31122019.csv,-0.002209095271549666,1.0
2019-10-25,14150.16,NIFTY 500,NIFTY 500_Historical_TR_01012019to31122019.csv,-0.0006935038043839326,1.0
2019-10-27,14221.03,NIFTY 500,NIFTY 500_Historical_TR_01012019to31122019.csv,0.005008423933015704,2.0
2019-10-29,14401.14,NIFTY 500,NIFTY 500_Historical_TR_01012019to31122019.csv,0.012665046062064311,2.0
2019-10-30,14475.42,NIFTY 500,NIFTY 500_Historical_TR_01012019to31122019.csv,0.005157924997604368,1.0
2019-10-31,14539.09,NIFTY 500,NIFTY 500_Historical_TR_01012019to31122019.csv,0.004398490682826495,1.0
2019-11-01,14560.64,NIFTY 500,NIFTY 500_Historical_TR_01012019to31122019.csv,0.0014822110599768124,1.0
2019-11-04,14603.78,NIFTY 500,NIFTY 500_Historical_TR_01012019to31122019.csv,0.0029627818557427243,3.0
2019-11-05,14546.54,NIFTY 500,NIFTY 500_Historical_TR_01012019to31122019.csv,-0.003919533161962141,1.0
2019-11-06,14587.66,NIFTY 500,NIFTY 500_Historical_TR_01012019to31122019.csv,0.0028267890508670845,1.0
2019-11-07,14653.33,NIFTY 500,NIFTY 500_Historical_TR_01012019to31122019.csv,0.004501750109338953,1.0
2019-11-08,14531.75,NIFTY 500,NIFTY 500_Historical_TR_01012019to31122019.csv,-0.00829709014947455,1.0
2019-11-11,14550.59,NIFTY 500,NIFTY 500_Historical_TR_01012019to31122019.csv,0.001296471519259601,3.0
2019-11-13,14457.92,NIFTY 500,NIFTY 500_Historical_TR_01012019to31122019.csv,-0.006368813910638704,2.0
2019-11-14,14482.84,NIFTY 500,NIFTY 500_Historical_TR_01012019to31122019.csv,0.0017236227617805078,1.0
2019-11-15,14508.27,NIFTY 500,NIFTY 500_Historical_TR_01012019to31122019.csv,0.001755871086057681,1.0
2019-11-18,14510.92,NIFTY 500,NIFTY 500_Historical_TR_01012019to31122019.csv,0.00018265444467191472,3.0
2019-11-19,14561.55,NIFTY 500,NIFTY 500_Historical_TR_01012019to31122019.csv,0.003489096487335086,1.0
2019-11-20,14625.8,NIFTY 500,NIFTY 500_Historical_TR_01012019to31122019.csv,0.004412305008738793,1.0
2019-11-21,14577.67,NIFTY 500,NIFTY 500_Historical_TR_01012019to31122019.csv,-0.003290760163546569,1.0
2019-11-22,14528.11,NIFTY 500,NIFTY 500_Historical_TR_01012019to31122019.csv,-0.0033997202570781315,1.0
2019-11-25,14712.37,NIFTY 500,NIFTY 500_Historical_TR_01012019to31122019.csv,0.012682998683242408,3.0
2019-11-26,14653.52,NIFTY 500,NIFTY 500_Historical_TR_01012019to31122019.csv,-0.004000035344407515,1.0
2019-11-27,14733.2,NIFTY 500,NIFTY 500_Historical_TR_01012019to31122019.csv,0.005437601340838372,1.0
2019-11-28,14814.01,NIFTY 500,NIFTY 500_Historical_TR_01012019to31122019.csv,0.005484891265984171,1.0
2019-11-29,14729.77,NIFTY 500,NIFTY 500_Historical_TR_01012019to31122019.csv,-0.005686508919596989,1.0
2019-12-02,14706.31,NIFTY 500,NIFTY 500_Historical_TR_01012019to31122019.csv,-0.0015926928933718276,3.0
2019-12-03,14624.06,NIFTY 500,NIFTY 500_Historical_TR_01012019to31122019.csv,-0.005592837360289593,1.0
2019-12-04,14682.49,NIFTY 500,NIFTY 500_Historical_TR_01012019to31122019.csv,0.0039954704781024475,1.0
2019-12-05,14645.76,NIFTY 500,NIFTY 500_Historical_TR_01012019to31122019.csv,-0.002501619275749545,1.0
2019-12-06,14513.39,NIFTY 500,NIFTY 500_Historical_TR_01012019to31122019.csv,-0.00903811068869087,1.0
2019-12-09,14516.42,NIFTY 500,NIFTY 500_Historical_TR_01012019to31122019.csv,0.00020877272642705336,3.0
2019-12-10,14402.73,NIFTY 500,NIFTY 500_Historical_TR_01012019to31122019.csv,-0.007831820793281041,1.0
2019-12-11,14464.04,NIFTY 500,NIFTY 500_Historical_TR_01012019to31122019.csv,0.004256831864514643,1.0
2019-12-12,14546.39,NIFTY 500,NIFTY 500_Historical_TR_01012019to31122019.csv,0.00569343005135492,1.0
2019-12-13,14685.18,NIFTY 500,NIFTY 500_Historical_TR_01012019to31122019.csv,0.00954119888164695,1.0
2019-12-16,14639.27,NIFTY 500,NIFTY 500_Historical_TR_01012019to31122019.csv,-0.003126281053415725,3.0
2019-12-17,14756.84,NIFTY 500,NIFTY 500_Historical_TR_01012019to31122019.csv,0.008031138164676266,1.0
2019-12-18,14806.69,NIFTY 500,NIFTY 500_Historical_TR_01012019to31122019.csv,0.0033780944971959492,1.0
2019-12-19,14848.8,NIFTY 500,NIFTY 500_Historical_TR_01012019to31122019.csv,0.002843984712315839,1.0
2019-12-20,14868.41,NIFTY 500,NIFTY 500_Historical_TR_01012019to31122019.csv,0.001320645439362167,1.0
2019-12-23,14856.94,NIFTY 500,NIFTY 500_Historical_TR_01012019to31122019.csv,-0.0007714342017740572,3.0
2019-12-24,14813.0,NIFTY 500,NIFTY 500_Historical_TR_01012019to31122019.csv,-0.0029575403818014045,1.0
2019-12-26,14736.19,NIFTY 500,NIFTY 500_Historical_TR_01012019to31122019.csv,-0.005185310200499504,2.0
2019-12-27,14873.5,NIFTY 500,NIFTY 500_Historical_TR_01012019to31122019.csv,0.009317876601753872,1.0
2019-12-30,14897.54,NIFTY 500,NIFTY 500_Historical_TR_01012019to31122019.csv,0.0016162974417588405,3.0
2019-12-31,14819.29,NIFTY 500,NIFTY 500_Historical_TR_01012019to31122019.csv,-0.005252545051062096,1.0
2020-01-01,14843.29,NIFTY 500,NIFTY 500_Historical_TR_01012020to31122020.csv,0.0016195107862793101,1.0
2020-01-02,14980.54,NIFTY 500,NIFTY 500_Historical_TR_01012020to31122020.csv,0.009246602336813403,1.0
2020-01-03,14922.99,NIFTY 500,NIFTY 500_Historical_TR_01012020to31122020.csv,-0.003841650568003674,1.0
2020-01-06,14631.41,NIFTY 500,NIFTY 500_Historical_TR_01012020to31122020.csv,-0.019538979788902844,3.0
2020-01-07,14718.47,NIFTY 500,NIFTY 500_Historical_TR_01012020to31122020.csv,0.005950212590584147,1.0
2020-01-08,14698.65,NIFTY 500,NIFTY 500_Historical_TR_01012020to31122020.csv,-0.0013466073579658788,1.0
2020-01-09,14926.45,NIFTY 500,NIFTY 500_Historical_TR_01012020to31122020.csv,0.015498021927183858,1.0
2020-01-10,14977.61,NIFTY 500,NIFTY 500_Historical_TR_01012020to31122020.csv,0.003427472707844048,1.0
2020-01-13,15074.41,NIFTY 500,NIFTY 500_Historical_TR_01012020to31122020.csv,0.006462980408756813,3.0
2020-01-14,15124.47,NIFTY 500,NIFTY 500_Historical_TR_01012020to31122020.csv,0.003320859655535413,1.0
2020-01-15,15141.31,NIFTY 500,NIFTY 500_Historical_TR_01012020to31122020.csv,0.0011134274457220705,1.0
2020-01-16,15175.81,NIFTY 500,NIFTY 500_Historical_TR_01012020to31122020.csv,0.002278534684251321,1.0
2020-01-17,15188.79,NIFTY 500,NIFTY 500_Historical_TR_01012020to31122020.csv,0.0008553085469573674,1.0
2020-01-20,15049.24,NIFTY 500,NIFTY 500_Historical_TR_01012020to31122020.csv,-0.009187696979153781,3.0
2020-01-21,14991.99,NIFTY 500,NIFTY 500_Historical_TR_01012020to31122020.csv,-0.0038041788156744083,1.0
2020-01-22,14931.11,NIFTY 500,NIFTY 500_Historical_TR_01012020to31122020.csv,-0.004060835152638109,1.0
2020-01-23,15043.86,NIFTY 500,NIFTY 500_Historical_TR_01012020to31122020.csv,0.007551347488565785,1.0
2020-01-24,15138.19,NIFTY 500,NIFTY 500_Historical_TR_01012020to31122020.csv,0.006270332215269292,1.0
2020-01-27,15011.93,NIFTY 500,NIFTY 500_Historical_TR_01012020to31122020.csv,-0.008340495131848646,3.0
2020-01-28,14947.9,NIFTY 500,NIFTY 500_Historical_TR_01012020to31122020.csv,-0.004265274351798909,1.0
2020-01-29,15026.51,NIFTY 500,NIFTY 500_Historical_TR_01012020to31122020.csv,0.005258932692886686,1.0
2020-01-30,14891.25,NIFTY 500,NIFTY 500_Historical_TR_01012020to31122020.csv,-0.009001424815209935,1.0
2020-01-31,14804.57,NIFTY 500,NIFTY 500_Historical_TR_01012020to31122020.csv,-0.005820867959372089,1.0
2020-02-01,14421.13,NIFTY 500,NIFTY 500_Historical_TR_01012020to31122020.csv,-0.025900110573964685,1.0
2020-02-03,14488.18,NIFTY 500,NIFTY 500_Historical_TR_01012020to31122020.csv,0.004649427610735168,2.0
2020-02-04,14792.21,NIFTY 500,NIFTY 500_Historical_TR_01012020to31122020.csv,0.02098469234921141,1.0
2020-02-05,14939.95,NIFTY 500,NIFTY 500_Historical_TR_01012020to31122020.csv,0.009987689466280036,1.0
2020-02-06,15019.88,NIFTY 500,NIFTY 500_Historical_TR_01012020to31122020.csv,0.005350084839641278,1.0
2020-02-07,15014.96,NIFTY 500,NIFTY 500_Historical_TR_01012020to31122020.csv,-0.0003275658660388814,1.0
2020-02-10,14932.29,NIFTY 500,NIFTY 500_Historical_TR_01012020to31122020.csv,-0.005505842173405662,3.0
2020-02-11,14994.85,NIFTY 500,NIFTY 500_Historical_TR_01012020to31122020.csv,0.004189578423671181,1.0
2020-02-12,15070.16,NIFTY 500,NIFTY 500_Historical_TR_01012020to31122020.csv,0.005022391020917061,1.0
2020-02-13,15041.87,NIFTY 500,NIFTY 500_Historical_TR_01012020to31122020.csv,-0.0018772196181061629,1.0
2020-02-14,14956.99,NIFTY 500,NIFTY 500_Historical_TR_01012020to31122020.csv,-0.005642915408789029,1.0
2020-02-17,14855.22,NIFTY 500,NIFTY 500_Historical_TR_01012020to31122020.csv,-0.006804176508776183,3.0
2020-02-18,14789.34,NIFTY 500,NIFTY 500_Historical_TR_01012020to31122020.csv,-0.004434804735305109,1.0
2020-02-19,14977.03,NIFTY 500,NIFTY 500_Historical_TR_01012020to31122020.csv,0.012690897633024889,1.0
2020-02-20,14959.29,NIFTY 500,NIFTY 500_Historical_TR_01012020to31122020.csv,-0.0011844805011407278,1.0
2020-02-24,14659.13,NIFTY 500,NIFTY 500_Historical_TR_01012020to31122020.csv,-0.020065123411605823,4.0
2020-02-25,14609.32,NIFTY 500,NIFTY 500_Historical_TR_01012020to31122020.csv,-0.003397882411848463,1.0
2020-02-26,14456.09,NIFTY 500,NIFTY 500_Historical_TR_01012020to31122020.csv,-0.010488510074390889,1.0
2020-02-27,14391.08,NIFTY 500,NIFTY 500_Historical_TR_01012020to31122020.csv,-0.004497066634200575,1.0
2020-02-28,13875.34,NIFTY 500,NIFTY 500_Historical_TR_01012020to31122020.csv,-0.03583747710387264,1.0
2020-03-02,13790.7,NIFTY 500,NIFTY 500_Historical_TR_01012020to31122020.csv,-0.00610003070195031,3.0
2020-03-03,14014.65,NIFTY 500,NIFTY 500_Historical_TR_01012020to31122020.csv,0.01623920468141571,1.0
2020-03-04,13915.97,NIFTY 500,NIFTY 500_Historical_TR_01012020to31122020.csv,-0.007041203312248223,1.0
2020-03-05,13950.63,NIFTY 500,NIFTY 500_Historical_TR_01012020to31122020.csv,0.002490663604477472,1.0
2020-03-06,13620.11,NIFTY 500,NIFTY 500_Historical_TR_01012020to31122020.csv,-0.023692119997448025,1.0
2020-03-09,12976.16,NIFTY 500,NIFTY 500_Historical_TR_01012020to31122020.csv,-0.047279353837817784,3.0
2020-03-11,12956.37,NIFTY 500,NIFTY 500_Historical_TR_01012020to31122020.csv,-0.0015251044993279672,2.0
2020-03-12,11879.72,NIFTY 500,NIFTY 500_Historical_TR_01012020to31122020.csv,-0.0830981208471201,1.0
2020-03-13,12273.36,NIFTY 500,NIFTY 500_Historical_TR_01012020to31122020.csv,0.03313546110514398,1.0
2020-03-16,11418.58,NIFTY 500,NIFTY 500_Historical_TR_01012020to31122020.csv,-0.06964515014633321,3.0
2020-03-17,11157.03,NIFTY 500,NIFTY 500_Historical_TR_01012020to31122020.csv,-0.022905650264743893,1.0
2020-03-18,10545.38,NIFTY 500,NIFTY 500_Historical_TR_01012020to31122020.csv,-0.05482193737939234,1.0
2020-03-19,10243.87,NIFTY 500,NIFTY 500_Historical_TR_01012020to31122020.csv,-0.028591667630753825,1.0
2020-03-20,10774.99,NIFTY 500,NIFTY 500_Historical_TR_01012020to31122020.csv,0.05184759275547224,1.0
2020-03-23,9400.96,NIFTY 500,NIFTY 500_Historical_TR_01012020to31122020.csv,-0.12752030396315917,3.0
2020-03-24,9588.01,NIFTY 500,NIFTY 500_Historical_TR_01012020to31122020.csv,0.01989690414595957,1.0
2020-03-25,10128.06,NIFTY 500,NIFTY 500_Historical_TR_01012020to31122020.csv,0.05632555660663674,1.0
2020-03-26,10535.69,NIFTY 500,NIFTY 500_Historical_TR_01012020to31122020.csv,0.0402475893705212,1.0
2020-03-27,10550.2,NIFTY 500,NIFTY 500_Historical_TR_01012020to31122020.csv,0.0013772235136000344,1.0
2020-03-30,10167.46,NIFTY 500,NIFTY 500_Historical_TR_01012020to31122020.csv,-0.03627798525146453,3.0
2020-03-31,10540.43,NIFTY 500,NIFTY 500_Historical_TR_01012020to31122020.csv,0.0366827113162973,1.0
2020-04-01,10186.74,NIFTY 500,NIFTY 500_Historical_TR_01012020to31122020.csv,-0.0335555570313546,1.0
2020-04-03,10000.86,NIFTY 500,NIFTY 500_Historical_TR_01012020to31122020.csv,-0.018247250837853835,2.0
2020-04-07,10770.05,NIFTY 500,NIFTY 500_Historical_TR_01012020to31122020.csv,0.07691238553484392,4.0
2020-04-08,10788.81,NIFTY 500,NIFTY 500_Historical_TR_01012020to31122020.csv,0.00174186749365135,1.0
2020-04-09,11210.95,NIFTY 500,NIFTY 500_Historical_TR_01012020to31122020.csv,0.03912757755489271,1.0
2020-04-13,11088.47,NIFTY 500,NIFTY 500_Historical_TR_01012020to31122020.csv,-0.010925033114945748,4.0
2020-04-15,11064.34,NIFTY 500,NIFTY 500_Historical_TR_01012020to31122020.csv,-0.0021761343088810836,2.0
2020-04-16,11166.67,NIFTY 500,NIFTY 500_Historical_TR_01012020to31122020.csv,0.009248631188123246,1.0
2020-04-17,11471.14,NIFTY 500,NIFTY 500_Historical_TR_01012020to31122020.csv,0.027265962010160516,1.0
2020-04-20,11471.44,NIFTY 500,NIFTY 500_Historical_TR_01012020to31122020.csv,2.615258814731014e-05,3.0
2020-04-21,11141.94,NIFTY 500,NIFTY 500_Historical_TR_01012020to31122020.csv,-0.028723508121037966,1.0
2020-04-22,11349.73,NIFTY 500,NIFTY 500_Historical_TR_01012020to31122020.csv,0.018649355498234543,1.0
2020-04-23,11487.6,NIFTY 500,NIFTY 500_Historical_TR_01012020to31122020.csv,0.012147425533470813,1.0
2020-04-24,11288.98,NIFTY 500,NIFTY 500_Historical_TR_01012020to31122020.csv,-0.017289947421567642,1.0
2020-04-27,11455.42,NIFTY 500,NIFTY 500_Historical_TR_01012020to31122020.csv,0.014743581793926541,3.0
2020-04-28,11558.67,NIFTY 500,NIFTY 500_Historical_TR_01012020to31122020.csv,0.009013200738165805,1.0
2020-04-29,11747.42,NIFTY 500,NIFTY 500_Historical_TR_01012020to31122020.csv,0.016329733438189775,1.0
2020-04-30,12072.43,NIFTY 500,NIFTY 500_Historical_TR_01012020to31122020.csv,0.02766650038902152,1.0
2020-05-04,11445.71,NIFTY 500,NIFTY 500_Historical_TR_01012020to31122020.csv,-0.05191332648025304,4.0
2020-05-05,11335.14,NIFTY 500,NIFTY 500_Historical_TR_01012020to31122020.csv,-0.009660388040584666,1.0
2020-05-06,11414.15,NIFTY 500,NIFTY 500_Historical_TR_01012020to31122020.csv,0.0069703594309378225,1.0
2020-05-07,11331.86,NIFTY 500,NIFTY 500_Historical_TR_01012020to31122020.csv,-0.007209472453051591,1.0
2020-05-08,11378.76,NIFTY 500,NIFTY 500_Historical_TR_01012020to31122020.csv,0.00413877333465118,1.0
2020-05-11,11385.39,NIFTY 500,NIFTY 500_Historical_TR_01012020to31122020.csv,0.0005826645434123812,3.0
2020-05-12,11331.93,NIFTY 500,NIFTY 500_Historical_TR_01012020to31122020.csv,-0.004695491327042722,1.0
2020-05-13,11551.54,NIFTY 500,NIFTY 500_Historical_TR_01012020to31122020.csv,0.01937975261054392,1.0
2020-05-14,11321.91,NIFTY 500,NIFTY 500_Historical_TR_01012020to31122020.csv,-0.019878734783414287,1.0
2020-05-15,11306.13,NIFTY 500,NIFTY 500_Historical_TR_01012020to31122020.csv,-0.0013937577670198875,1.0
2020-05-18,10916.21,NIFTY 500,NIFTY 500_Historical_TR_01012020to31122020.csv,-0.034487485992112266,3.0
2020-05-19,10975.77,NIFTY 500,NIFTY 500_Historical_TR_01012020to31122020.csv,0.005456106102759151,1.0
2020-05-20,11190.26,NIFTY 500,NIFTY 500_Historical_TR_01012020to31122020.csv,0.019542136907023444,1.0
2020-05-21,11256.18,NIFTY 500,NIFTY 500_Historical_TR_01012020to31122020.csv,0.0058908372102166595,1.0
2020-05-22,11173.94,NIFTY 500,NIFTY 500_Historical_TR_01012020to31122020.csv,-0.007306208678254933,1.0
2020-05-26,11186.72,NIFTY 500,NIFTY 500_Historical_TR_01012020to31122020.csv,0.0011437326493608513,4.0
2020-05-27,11444.46,NIFTY 500,NIFTY 500_Historical_TR_01012020to31122020.csv,0.023039818642104137,1.0
2020-05-28,11650.41,NIFTY 500,NIFTY 500_Historical_TR_01012020to31122020.csv,0.01799560660791344,1.0
2020-05-29,11793.53,NIFTY 500,NIFTY 500_Historical_TR_01012020to31122020.csv,0.012284546209103464,1.0
2020-06-01,12092.03,NIFTY 500,NIFTY 500_Historical_TR_01012020to31122020.csv,0.025310488038780665,3.0
2020-06-02,12268.95,NIFTY 500,NIFTY 500_Historical_TR_01012020to31122020.csv,0.014631124798730966,1.0
2020-06-03,12369.15,NIFTY 500,NIFTY 500_Historical_TR_01012020to31122020.csv,0.008166958052645112,1.0
2020-06-04,12343.37,NIFTY 500,NIFTY 500_Historical_TR_01012020to31122020.csv,-0.0020842175897292092,1.0
2020-06-05,12514.41,NIFTY 500,NIFTY 500_Historical_TR_01012020to31122020.csv,0.013856831643222156,1.0
2020-06-08,12551.5,NIFTY 500,NIFTY 500_Historical_TR_01012020to31122020.csv,0.0029637833505535838,3.0
2020-06-09,12422.12,NIFTY 500,NIFTY 500_Historical_TR_01012020to31122020.csv,-0.010307931322949382,1.0
2020-06-10,12505.4,NIFTY 500,NIFTY 500_Historical_TR_01012020to31122020.csv,0.006704169658641179,1.0
2020-06-11,12270.08,NIFTY 500,NIFTY 500_Historical_TR_01012020to31122020.csv,-0.018817470852591667,1.0
2020-06-12,12359.8,NIFTY 500,NIFTY 500_Historical_TR_01012020to31122020.csv,0.007312095764656634,1.0
2020-06-15,12193.99,NIFTY 500,NIFTY 500_Historical_TR_01012020to31122020.csv,-0.013415265619184713,3.0
2020-06-16,12293.24,NIFTY 500,NIFTY 500_Historical_TR_01012020to31122020.csv,0.008139255485694274,1.0
2020-06-17,12275.42,NIFTY 500,NIFTY 500_Historical_TR_01012020to31122020.csv,-0.0014495771659871481,1.0
2020-06-18,12491.6,NIFTY 500,NIFTY 500_Historical_TR_01012020to31122020.csv,0.017610802726098163,1.0
2020-06-19,12674.39,NIFTY 500,NIFTY 500_Historical_TR_01012020to31122020.csv,0.014633033398443684,1.0
2020-06-22,12799.59,NIFTY 500,NIFTY 500_Historical_TR_01012020to31122020.csv,0.009878187431505703,3.0
2020-06-23,13002.86,NIFTY 500,NIFTY 500_Historical_TR_01012020to31122020.csv,0.015880977437558563,1.0
2020-06-24,12814.6,NIFTY 500,NIFTY 500_Historical_TR_01012020to31122020.csv,-0.014478353223829288,1.0
2020-06-25,12820.09,NIFTY 500,NIFTY 500_Historical_TR_01012020to31122020.csv,0.00042841758619083237,1.0
2020-06-26,12909.57,NIFTY 500,NIFTY 500_Historical_TR_01012020to31122020.csv,0.006979670189522835,1.0
2020-06-29,12803.28,NIFTY 500,NIFTY 500_Historical_TR_01012020to31122020.csv,-0.008233426829863388,3.0
2020-06-30,12783.45,NIFTY 500,NIFTY 500_Historical_TR_01012020to31122020.csv,-0.0015488218643971985,1.0
2020-07-01,12904.08,NIFTY 500,NIFTY 500_Historical_TR_01012020to31122020.csv,0.009436419745843194,1.0
2020-07-02,13050.9,NIFTY 500,NIFTY 500_Historical_TR_01012020to31122020.csv,0.011377796789852512,1.0
2020-07-03,13123.96,NIFTY 500,NIFTY 500_Historical_TR_01012020to31122020.csv,0.005598081358373808,1.0
2020-07-06,13304.7,NIFTY 500,NIFTY 500_Historical_TR_01012020to31122020.csv,0.013771757914532001,3.0
2020-07-07,13356.96,NIFTY 500,NIFTY 500_Historical_TR_01012020to31122020.csv,0.003927935240929825,1.0
2020-07-08,13258.49,NIFTY 500,NIFTY 500_Historical_TR_01012020to31122020.csv,-0.007372186485547605,1.0
2020-07-09,13366.65,NIFTY 500,NIFTY 500_Historical_TR_01012020to31122020.csv,0.008157791724396901,1.0
2020-07-10,13309.97,NIFTY 500,NIFTY 500_Historical_TR_01012020to31122020.csv,-0.004240404289780897,1.0
2020-07-13,13341.27,NIFTY 500,NIFTY 500_Historical_TR_01012020to31122020.csv,0.0023516206272442552,3.0
2020-07-14,13129.11,NIFTY 500,NIFTY 500_Historical_TR_01012020to31122020.csv,-0.015902534016626557,1.0
2020-07-15,13124.91,NIFTY 500,NIFTY 500_Historical_TR_01012020to31122020.csv,-0.0003198998256546126,1.0
2020-07-16,13243.11,NIFTY 500,NIFTY 500_Historical_TR_01012020to31122020.csv,0.009005776039607172,1.0
2020-07-17,13437.95,NIFTY 500,NIFTY 500_Historical_TR_01012020to31122020.csv,0.014712556189595993,1.0
2020-07-20,13573.78,NIFTY 500,NIFTY 500_Historical_TR_01012020to31122020.csv,0.010107940571292495,3.0
2020-07-21,13702.98,NIFTY 500,NIFTY 500_Historical_TR_01012020to31122020.csv,0.009518350820478805,1.0
2020-07-22,13666.9,NIFTY 500,NIFTY 500_Historical_TR_01012020to31122020.csv,-0.0026330039159365715,1.0
2020-07-23,13770.13,NIFTY 500,NIFTY 500_Historical_TR_01012020to31122020.csv,0.007553285675610422,1.0
2020-07-24,13727.72,NIFTY 500,NIFTY 500_Historical_TR_01012020to31122020.csv,-0.0030798547290402656,1.0
2020-07-27,13635.55,NIFTY 500,NIFTY 500_Historical_TR_01012020to31122020.csv,-0.006714152095176784,3.0
2020-07-28,13812.2,NIFTY 500,NIFTY 500_Historical_TR_01012020to31122020.csv,0.012955106321344001,1.0
2020-07-29,13743.53,NIFTY 500,NIFTY 500_Historical_TR_01012020to31122020.csv,-0.004971691692851277,1.0
2020-07-30,13648.72,NIFTY 500,NIFTY 500_Historical_TR_01012020to31122020.csv,-0.006898518793934438,1.0
2020-07-31,13654.79,NIFTY 500,NIFTY 500_Historical_TR_01012020to31122020.csv,0.00044473034834036085,1.0
2020-08-03,13499.05,NIFTY 500,NIFTY 500_Historical_TR_01012020to31122020.csv,-0.011405521432405918,3.0
2020-08-04,13715.13,NIFTY 500,NIFTY 500_Historical_TR_01012020to31122020.csv,0.01600705234812816,1.0
2020-08-05,13738.57,NIFTY 500,NIFTY 500_Historical_TR_01012020to31122020.csv,0.0017090614525709924,1.0
2020-08-06,13862.69,NIFTY 500,NIFTY 500_Historical_TR_01012020to31122020.csv,0.009034419157161189,1.0
2020-08-07,13907.39,NIFTY 500,NIFTY 500_Historical_TR_01012020to31122020.csv,0.003224482405651319,1.0
2020-08-10,14013.13,NIFTY 500,NIFTY 500_Historical_TR_01012020to31122020.csv,0.007603151993292867,3.0
2020-08-11,14047.06,NIFTY 500,NIFTY 500_Historical_TR_01012020to31122020.csv,0.002421300594513953,1.0
2020-08-12,14037.7,NIFTY 500,NIFTY 500_Historical_TR_01012020to31122020.csv,-0.0006663316024847488,1.0
2020-08-13,14077.17,NIFTY 500,NIFTY 500_Historical_TR_01012020to31122020.csv,0.0028117141697001635,1.0
2020-08-14,13935.92,NIFTY 500,NIFTY 500_Historical_TR_01012020to31122020.csv,-0.010033976999638372,1.0
2020-08-17,14017.08,NIFTY 500,NIFTY 500_Historical_TR_01012020to31122020.csv,0.0058237992181355835,3.0
2020-08-18,14189.88,NIFTY 500,NIFTY 500_Historical_TR_01012020to31122020.csv,0.012327817205865843,1.0
2020-08-19,14237.02,NIFTY 500,NIFTY 500_Historical_TR_01012020to31122020.csv,0.003322085880923753,1.0
2020-08-20,14171.02,NIFTY 500,NIFTY 500_Historical_TR_01012020to31122020.csv,-0.004635801593311006,1.0
2020-08-21,14254.38,NIFTY 500,NIFTY 500_Historical_TR_01012020to31122020.csv,0.0058824276587006175,1.0
2020-08-24,14367.48,NIFTY 500,NIFTY 500_Historical_TR_01012020to31122020.csv,0.007934403320242644,3.0
2020-08-25,14383.96,NIFTY 500,NIFTY 500_Historical_TR_01012020to31122020.csv,0.0011470348314388534,1.0
2020-08-26,14474.1,NIFTY 500,NIFTY 500_Historical_TR_01012020to31122020.csv,0.00626670263265483,1.0
2020-08-27,14494.78,NIFTY 500,NIFTY 500_Historical_TR_01012020to31122020.csv,0.0014287589556518654,1.0
2020-08-28,14586.35,NIFTY 500,NIFTY 500_Historical_TR_01012020to31122020.csv,0.006317446694603213,1.0
2020-08-31,14179.34,NIFTY 500,NIFTY 500_Historical_TR_01012020to31122020.csv,-0.02790348510765206,3.0
2020-09-01,14285.55,NIFTY 500,NIFTY 500_Historical_TR_01012020to31122020.csv,0.007490475579258193,1.0
2020-09-02,14402.98,NIFTY 500,NIFTY 500_Historical_TR_01012020to31122020.csv,0.008220194532237102,1.0
2020-09-03,14427.92,NIFTY 500,NIFTY 500_Historical_TR_01012020to31122020.csv,0.0017315861023206036,1.0
2020-09-04,14190.8,NIFTY 500,NIFTY 500_Historical_TR_01012020to31122020.csv,-0.01643480141281628,1.0
2020-09-07,14192.59,NIFTY 500,NIFTY 500_Historical_TR_01012020to31122020.csv,0.00012613806127914629,3.0
2020-09-08,14118.09,NIFTY 500,NIFTY 500_Historical_TR_01012020to31122020.csv,-0.0052492180778842545,1.0
2020-09-09,14058.29,NIFTY 500,NIFTY 500_Historical_TR_01012020to31122020.csv,-0.004235700438232071,1.0
2020-09-10,14255.36,NIFTY 500,NIFTY 500_Historical_TR_01012020to31122020.csv,0.014018063363325117,1.0
2020-09-11,14295.07,NIFTY 500,NIFTY 500_Historical_TR_01012020to31122020.csv,0.0027856188830024387,1.0
2020-09-14,14366.63,NIFTY 500,NIFTY 500_Historical_TR_01012020to31122020.csv,0.00500592162192981,3.0
2020-09-15,14488.25,NIFTY 500,NIFTY 500_Historical_TR_01012020to31122020.csv,0.008465450839897803,1.0
2020-09-16,14578.07,NIFTY 500,NIFTY 500_Historical_TR_01012020to31122020.csv,0.006199506496643803,1.0
2020-09-17,14479.79,NIFTY 500,NIFTY 500_Historical_TR_01012020to31122020.csv,-0.006741633151713389,1.0
2020-09-18,14468.91,NIFTY 500,NIFTY 500_Historical_TR_01012020to31122020.csv,-0.0007513921127310086,1.0
2020-09-21,14096.2,NIFTY 500,NIFTY 500_Historical_TR_01012020to31122020.csv,-0.025759369572414204,3.0
2020-09-22,13946.28,NIFTY 500,NIFTY 500_Historical_TR_01012020to31122020.csv,-0.010635490415856763,1.0
2020-09-23,13916.67,NIFTY 500,NIFTY 500_Historical_TR_01012020to31122020.csv,-0.0021231468176460266,1.0
2020-09-24,13538.89,NIFTY 500,NIFTY 500_Historical_TR_01012020to31122020.csv,-0.02714586176147027,1.0
2020-09-25,13858.78,NIFTY 500,NIFTY 500_Historical_TR_01012020to31122020.csv,0.023627490879976287,1.0
2020-09-28,14122.42,NIFTY 500,NIFTY 500_Historical_TR_01012020to31122020.csv,0.01902331951297298,3.0
2020-09-29,14106.45,NIFTY 500,NIFTY 500_Historical_TR_01012020to31122020.csv,-0.0011308260199031084,1.0
2020-09-30,14139.78,NIFTY 500,NIFTY 500_Historical_TR_01012020to31122020.csv,0.002362748955265115,1.0
2020-10-01,14321.32,NIFTY 500,NIFTY 500_Historical_TR_01012020to31122020.csv,0.01283895506153554,1.0
2020-10-05,14403.97,NIFTY 500,NIFTY 500_Historical_TR_01012020to31122020.csv,0.005771116070306448,4.0
2020-10-06,14564.5,NIFTY 500,NIFTY 500_Historical_TR_01012020to31122020.csv,0.011144844095065443,1.0
2020-10-07,14613.15,NIFTY 500,NIFTY 500_Historical_TR_01012020to31122020.csv,0.0033403137766487845,1.0
2020-10-08,14699.94,NIFTY 500,NIFTY 500_Historical_TR_01012020to31122020.csv,0.005939171225916473,1.0
2020-10-09,14757.92,NIFTY 500,NIFTY 500_Historical_TR_01012020to31122020.csv,0.003944233785988294,1.0
2020-10-12,14750.66,NIFTY 500,NIFTY 500_Historical_TR_01012020to31122020.csv,-0.0004919392434706849,3.0
2020-10-13,14737.25,NIFTY 500,NIFTY 500_Historical_TR_01012020to31122020.csv,-0.000909111863469203,1.0
2020-10-14,14780.59,NIFTY 500,NIFTY 500_Historical_TR_01012020to31122020.csv,0.0029408471729801544,1.0
2020-10-15,14457.62,NIFTY 500,NIFTY 500_Historical_TR_01012020to31122020.csv,-0.021850954528878752,1.0
2020-10-16,14572.95,NIFTY 500,NIFTY 500_Historical_TR_01012020to31122020.csv,0.007977108265399213,1.0
2020-10-19,14698.7,NIFTY 500,NIFTY 500_Historical_TR_01012020to31122020.csv,0.008629000991563052,3.0
2020-10-20,14734.59,NIFTY 500,NIFTY 500_Historical_TR_01012020to31122020.csv,0.002441712532400775,1.0
2020-10-21,14770.31,NIFTY 500,NIFTY 500_Historical_TR_01012020to31122020.csv,0.0024242276167847354,1.0
2020-10-22,14753.69,NIFTY 500,NIFTY 500_Historical_TR_01012020to31122020.csv,-0.0011252302761417532,1.0
2020-10-23,14816.06,NIFTY 500,NIFTY 500_Historical_TR_01012020to31122020.csv,0.004227417005508327,1.0
2020-10-26,14615.15,NIFTY 500,NIFTY 500_Historical_TR_01012020to31122020.csv,-0.013560285258024107,3.0
2020-10-27,14767.77,NIFTY 500,NIFTY 500_Historical_TR_01012020to31122020.csv,0.010442588683660547,1.0
2020-10-28,14594.96,NIFTY 500,NIFTY 500_Historical_TR_01012020to31122020.csv,-0.011701834467898742,1.0
2020-10-29,14539.33,NIFTY 500,NIFTY 500_Historical_TR_01012020to31122020.csv,-0.003811589754271316,1.0
2020-10-30,14521.56,NIFTY 500,NIFTY 500_Historical_TR_01012020to31122020.csv,-0.001222202123481675,1.0
2020-11-02,14543.26,NIFTY 500,NIFTY 500_Historical_TR_01012020to31122020.csv,0.0014943298102958469,3.0
2020-11-03,14695.59,NIFTY 500,NIFTY 500_Historical_TR_01012020to31122020.csv,0.010474267805155035,1.0
2020-11-04,14803.64,NIFTY 500,NIFTY 500_Historical_TR_01012020to31122020.csv,0.007352545899824259,1.0
2020-11-05,15063.26,NIFTY 500,NIFTY 500_Historical_TR_01012020to31122020.csv,0.01753757859553473,1.0
2020-11-06,15212.07,NIFTY 500,NIFTY 500_Historical_TR_01012020to31122020.csv,0.009879003615419268,1.0
2020-11-09,15428.84,NIFTY 500,NIFTY 500_Historical_TR_01012020to31122020.csv,0.01424986868979694,3.0
2020-11-10,15569.44,NIFTY 500,NIFTY 500_Historical_TR_01012020to31122020.csv,0.00911280433266537,1.0
2020-11-11,15702.39,NIFTY 500,NIFTY 500_Historical_TR_01012020to31122020.csv,0.008539163900564084,1.0
2020-11-12,15681.98,NIFTY 500,NIFTY 500_Historical_TR_01012020to31122020.csv,-0.0012998021320320685,1.0
2020-11-13,15749.74,NIFTY 500,NIFTY 500_Historical_TR_01012020to31122020.csv,0.004320882949729654,1.0
2020-11-14,15830.35,NIFTY 500,NIFTY 500_Historical_TR_01012020to31122020.csv,0.005118179728681227,1.0
2020-11-17,15957.28,NIFTY 500,NIFTY 500_Historical_TR_01012020to31122020.csv,0.00801814236577214,3.0
2020-11-18,16055.59,NIFTY 500,NIFTY 500_Historical_TR_01012020to31122020.csv,0.006160824401151066,1.0
2020-11-19,15887.85,NIFTY 500,NIFTY 500_Historical_TR_01012020to31122020.csv,-0.01044745163522487,1.0
2020-11-20,16013.83,NIFTY 500,NIFTY 500_Historical_TR_01012020to31122020.csv,0.007929329644980276,1.0
2020-11-23,16129.46,NIFTY 500,NIFTY 500_Historical_TR_01012020to31122020.csv,0.007220633664775988,3.0
2020-11-24,16277.69,NIFTY 500,NIFTY 500_Historical_TR_01012020to31122020.csv,0.00919001628076832,1.0
2020-11-25,16037.11,NIFTY 500,NIFTY 500_Historical_TR_01012020to31122020.csv,-0.014779738402684872,1.0
2020-11-26,16187.4,NIFTY 500,NIFTY 500_Historical_TR_01012020to31122020.csv,0.009371389234095195,1.0
2020-11-27,16255.62,NIFTY 500,NIFTY 500_Historical_TR_01012020to31122020.csv,0.004214388969198346,1.0
2020-12-01,16431.79,NIFTY 500,NIFTY 500_Historical_TR_01012020to31122020.csv,0.010837482667532816,4.0
2020-12-02,16466.7,NIFTY 500,NIFTY 500_Historical_TR_01012020to31122020.csv,0.00212454029658371,1.0
2020-12-03,16520.43,NIFTY 500,NIFTY 500_Historical_TR_01012020to31122020.csv,0.0032629488604274393,1.0
2020-12-04,16649.76,NIFTY 500,NIFTY 500_Historical_TR_01012020to31122020.csv,0.007828488725777571,1.0
2020-12-07,16788.33,NIFTY 500,NIFTY 500_Historical_TR_01012020to31122020.csv,0.008322642488540533,3.0
2020-12-08,16816.26,NIFTY 500,NIFTY 500_Historical_TR_01012020to31122020.csv,0.0016636556465114971,1.0
2020-12-09,16956.62,NIFTY 500,NIFTY 500_Historical_TR_01012020to31122020.csv,0.008346683507510111,1.0
2020-12-10,16896.14,NIFTY 500,NIFTY 500_Historical_TR_01012020to31122020.csv,-0.00356674856191852,1.0
2020-12-11,16941.77,NIFTY 500,NIFTY 500_Historical_TR_01012020to31122020.csv,0.002700616827275404,1.0
2020-12-14,17008.25,NIFTY 500,NIFTY 500_Historical_TR_01012020to31122020.csv,0.0039240291893940515,3.0
2020-12-15,17021.37,NIFTY 500,NIFTY 500_Historical_TR_01012020to31122020.csv,0.0007713903546806566,1.0
2020-12-16,17167.23,NIFTY 500,NIFTY 500_Historical_TR_01012020to31122020.csv,0.008569227976361615,1.0
2020-12-17,17209.96,NIFTY 500,NIFTY 500_Historical_TR_01012020to31122020.csv,0.0024890445342666823,1.0
2020-12-18,17223.02,NIFTY 500,NIFTY 500_Historical_TR_01012020to31122020.csv,0.0007588628910235595,1.0
2020-12-21,16630.4,NIFTY 500,NIFTY 500_Historical_TR_01012020to31122020.csv,-0.03440859965325471,3.0
2020-12-22,16799.49,NIFTY 500,NIFTY 500_Historical_TR_01012020to31122020.csv,0.010167524533384542,1.0
2020-12-23,17026.8,NIFTY 500,NIFTY 500_Historical_TR_01012020to31122020.csv,0.01353076789831098,1.0
2020-12-24,17178.02,NIFTY 500,NIFTY 500_Historical_TR_01012020to31122020.csv,0.00888129302041496,1.0
2020-12-28,17343.97,NIFTY 500,NIFTY 500_Historical_TR_01012020to31122020.csv,0.00966060116358003,4.0
2020-12-29,17392.96,NIFTY 500,NIFTY 500_Historical_TR_01012020to31122020.csv,0.002824612819325667,1.0
2020-12-30,17457.65,NIFTY 500,NIFTY 500_Historical_TR_01012020to31122020.csv,0.003719320920648528,1.0
2020-12-31,17470.79,NIFTY 500,NIFTY 500_Historical_TR_01012020to31122020.csv,0.0007526786251299544,1.0
2021-01-01,17556.56,NIFTY 500,NIFTY 500_Historical_TR_01012021to31122021.csv,0.004909337242334333,1.0
2021-01-04,17733.95,NIFTY 500,NIFTY 500_Historical_TR_01012021to31122021.csv,0.01010391557343815,3.0
2021-01-05,17848.06,NIFTY 500,NIFTY 500_Historical_TR_01012021to31122021.csv,0.006434550678218853,1.0
2021-01-06,17803.92,NIFTY 500,NIFTY 500_Historical_TR_01012021to31122021.csv,-0.0024730979165243916,1.0
2021-01-07,17846.66,NIFTY 500,NIFTY 500_Historical_TR_01012021to31122021.csv,0.002400594925162647,1.0
2021-01-08,18088.64,NIFTY 500,NIFTY 500_Historical_TR_01012021to31122021.csv,0.013558839581187643,1.0
2021-01-11,18211.34,NIFTY 500,NIFTY 500_Historical_TR_01012021to31122021.csv,0.006783262865533324,3.0
2021-01-12,18290.03,NIFTY 500,NIFTY 500_Historical_TR_01012021to31122021.csv,0.004320934099302898,1.0
2021-01-13,18263.91,NIFTY 500,NIFTY 500_Historical_TR_01012021to31122021.csv,-0.001428100445980629,1.0
2021-01-14,18308.29,NIFTY 500,NIFTY 500_Historical_TR_01012021to31122021.csv,0.0024299287501965416,1.0
2021-01-15,18098.51,NIFTY 500,NIFTY 500_Historical_TR_01012021to31122021.csv,-0.011458197352128607,1.0
2021-01-18,17863.35,NIFTY 500,NIFTY 500_Historical_TR_01012021to31122021.csv,-0.012993334810434631,3.0
2021-01-19,18175.28,NIFTY 500,NIFTY 500_Historical_TR_01012021to31122021.csv,0.01746201020525273,1.0
2021-01-20,18321.73,NIFTY 500,NIFTY 500_Historical_TR_01012021to31122021.csv,0.008057647530051781,1.0
2021-01-21,18227.91,NIFTY 500,NIFTY 500_Historical_TR_01012021to31122021.csv,-0.005120695480175685,1.0
2021-01-22,17983.28,NIFTY 500,NIFTY 500_Historical_TR_01012021to31122021.csv,-0.013420628036895144,1.0
2021-01-25,17815.21,NIFTY 500,NIFTY 500_Historical_TR_01012021to31122021.csv,-0.00934590352816611,3.0
2021-01-27,17516.93,NIFTY 500,NIFTY 500_Historical_TR_01012021to31122021.csv,-0.01674299657427547,2.0
2021-01-28,17359.8,NIFTY 500,NIFTY 500_Historical_TR_01012021to31122021.csv,-0.008970179135270873,1.0
2021-01-29,17147.27,NIFTY 500,NIFTY 500_Historical_TR_01012021to31122021.csv,-0.012242652565121692,1.0
2021-02-01,17857.07,NIFTY 500,NIFTY 500_Historical_TR_01012021to31122021.csv,0.04139434440584422,3.0
2021-02-02,18286.87,NIFTY 500,NIFTY 500_Historical_TR_01012021to31122021.csv,0.024068898201104583,1.0
2021-02-03,18470.15,NIFTY 500,NIFTY 500_Historical_TR_01012021to31122021.csv,0.010022491547214019,1.0
2021-02-04,18640.59,NIFTY 500,NIFTY 500_Historical_TR_01012021to31122021.csv,0.00922786225341965,1.0
2021-02-05,18631.61,NIFTY 500,NIFTY 500_Historical_TR_01012021to31122021.csv,-0.0004817444083046185,1.0
2021-02-08,18876.94,NIFTY 500,NIFTY 500_Historical_TR_01012021to31122021.csv,0.01316740743285183,3.0
2021-02-09,18867.87,NIFTY 500,NIFTY 500_Historical_TR_01012021to31122021.csv,-0.00048048041684722875,1.0
2021-02-10,18896.0,NIFTY 500,NIFTY 500_Historical_TR_01012021to31122021.csv,0.0014908943086846538,1.0
2021-02-11,18993.38,NIFTY 500,NIFTY 500_Historical_TR_01012021to31122021.csv,0.0051534716342083176,1.0
2021-02-12,18984.95,NIFTY 500,NIFTY 500_Historical_TR_01012021to31122021.csv,-0.0004438388533267723,1.0
2021-02-15,19174.53,NIFTY 500,NIFTY 500_Historical_TR_01012021to31122021.csv,0.009985804545179056,3.0
2021-02-16,19197.73,NIFTY 500,NIFTY 500_Historical_TR_01012021to31122021.csv,0.001209938392231713,1.0
2021-02-17,19127.05,NIFTY 500,NIFTY 500_Historical_TR_01012021to31122021.csv,-0.003681685282582947,1.0
2021-02-18,19079.01,NIFTY 500,NIFTY 500_Historical_TR_01012021to31122021.csv,-0.0025116262047728544,1.0
2021-02-19,18886.34,NIFTY 500,NIFTY 500_Historical_TR_01012021to31122021.csv,-0.010098532366197066,1.0
2021-02-22,18551.85,NIFTY 500,NIFTY 500_Historical_TR_01012021to31122021.csv,-0.017710684018184653,3.0
2021-02-23,18629.78,NIFTY 500,NIFTY 500_Historical_TR_01012021to31122021.csv,0.004200659233445814,1.0
2021-02-24,18920.72,NIFTY 500,NIFTY 500_Historical_TR_01012021to31122021.csv,0.015616931600910045,1.0
2021-02-25,19091.93,NIFTY 500,NIFTY 500_Historical_TR_01012021to31122021.csv,0.009048809981861083,1.0
2021-02-26,18504.86,NIFTY 500,NIFTY 500_Historical_TR_01012021to31122021.csv,-0.030749641340608314,1.0
2021-03-01,18788.79,NIFTY 500,NIFTY 500_Historical_TR_01012021to31122021.csv,0.0153435367789867,3.0
2021-03-02,19018.35,NIFTY 500,NIFTY 500_Historical_TR_01012021to31122021.csv,0.012217923559739496,1.0
2021-03-03,19391.15,NIFTY 500,NIFTY 500_Historical_TR_01012021to31122021.csv,0.01960212110934978,1.0
2021-03-04,19275.76,NIFTY 500,NIFTY 500_Historical_TR_01012021to31122021.csv,-0.005950652746227192,1.0
2021-03-05,19048.33,NIFTY 500,NIFTY 500_Historical_TR_01012021to31122021.csv,-0.011798756573022096,1.0
2021-03-08,19080.72,NIFTY 500,NIFTY 500_Historical_TR_01012021to31122021.csv,0.001700411532139512,3.0
2021-03-09,19169.29,NIFTY 500,NIFTY 500_Historical_TR_01012021to31122021.csv,0.004641858378509722,1.0
2021-03-10,19282.39,NIFTY 500,NIFTY 500_Historical_TR_01012021to31122021.csv,0.005900062026293007,1.0
2021-03-12,19134.34,NIFTY 500,NIFTY 500_Historical_TR_01012021to31122021.csv,-0.007677990124668077,2.0
2021-03-15,19009.24,NIFTY 500,NIFTY 500_Historical_TR_01012021to31122021.csv,-0.006537983541632375,3.0
2021-03-16,19013.09,NIFTY 500,NIFTY 500_Historical_TR_01012021to31122021.csv,0.00020253308391060543,1.0
2021-03-17,18720.14,NIFTY 500,NIFTY 500_Historical_TR_01012021to31122021.csv,-0.015407805885313763,1.0
2021-03-18,18500.44,NIFTY 500,NIFTY 500_Historical_TR_01012021to31122021.csv,-0.01173602334170587,1.0
2021-03-19,18713.4,NIFTY 500,NIFTY 500_Historical_TR_01012021to31122021.csv,0.01151107757437142,1.0
2021-03-22,18751.47,NIFTY 500,NIFTY 500_Historical_TR_01012021to31122021.csv,0.0020343710923722558,3.0
2021-03-23,18872.96,NIFTY 500,NIFTY 500_Historical_TR_01012021to31122021.csv,0.006478958716303218,1.0
2021-03-24,18538.4,NIFTY 500,NIFTY 500_Historical_TR_01012021to31122021.csv,-0.017726949031842243,1.0
2021-03-25,18229.33,NIFTY 500,NIFTY 500_Historical_TR_01012021to31122021.csv,-0.01667188106848483,1.0
2021-03-26,18465.85,NIFTY 500,NIFTY 500_Historical_TR_01012021to31122021.csv,0.012974695175302475,1.0
2021-03-30,18830.03,NIFTY 500,NIFTY 500_Historical_TR_01012021to31122021.csv,0.019721810802102224,4.0
2021-03-31,18717.24,NIFTY 500,NIFTY 500_Historical_TR_01012021to31122021.csv,-0.0059899001754111225,1.0
2021-04-01,18968.55,NIFTY 500,NIFTY 500_Historical_TR_01012021to31122021.csv,0.013426659058707324,1.0
2021-04-05,18694.76,NIFTY 500,NIFTY 500_Historical_TR_01012021to31122021.csv,-0.014433891889469752,4.0
2021-04-06,18785.23,NIFTY 500,NIFTY 500_Historical_TR_01012021to31122021.csv,0.0048393239602968485,1.0
2021-04-07,18972.6,NIFTY 500,NIFTY 500_Historical_TR_01012021to31122021.csv,0.009974325573868459,1.0
2021-04-08,19065.82,NIFTY 500,NIFTY 500_Historical_TR_01012021to31122021.csv,0.004913401431538178,1.0
2021-04-09,19044.22,NIFTY 500,NIFTY 500_Historical_TR_01012021to31122021.csv,-0.0011329174407394005,1.0
2021-04-12,18279.05,NIFTY 500,NIFTY 500_Historical_TR_01012021to31122021.csv,-0.04017859487025466,3.0
2021-04-13,18526.24,NIFTY 500,NIFTY 500_Historical_TR_01012021to31122021.csv,0.013523131672597888,1.0
2021-04-15,18603.68,NIFTY 500,NIFTY 500_Historical_TR_01012021to31122021.csv,0.004180017100069877,2.0
2021-04-16,18695.58,NIFTY 500,NIFTY 500_Historical_TR_01012021to31122021.csv,0.004939882861885403,1.0
2021-04-19,18359.48,NIFTY 500,NIFTY 500_Historical_TR_01012021to31122021.csv,-0.017977511262020296,3.0
2021-04-20,18327.47,NIFTY 500,NIFTY 500_Historical_TR_01012021to31122021.csv,-0.0017435134328422919,1.0
2021-04-22,18444.73,NIFTY 500,NIFTY 500_Historical_TR_01012021to31122021.csv,0.006398046211506525,2.0
2021-04-23,18404.47,NIFTY 500,NIFTY 500_Historical_TR_01012021to31122021.csv,-0.002182737291356318,1.0
2021-04-26,18573.67,NIFTY 500,NIFTY 500_Historical_TR_01012021to31122021.csv,0.00919341877272184,3.0
2021-04-27,18795.17,NIFTY 500,NIFTY 500_Historical_TR_01012021to31122021.csv,0.011925483762767364,1.0
2021-04-28,19031.44,NIFTY 500,NIFTY 500_Historical_TR_01012021to31122021.csv,0.012570782812818315,1.0
2021-04-29,19058.16,NIFTY 500,NIFTY 500_Historical_TR_01012021to31122021.csv,0.0014039925512732143,1.0
2021-04-30,18802.03,NIFTY 500,NIFTY 500_Historical_TR_01012021to31122021.csv,-0.013439387642878442,1.0
2021-05-03,18848.97,NIFTY 500,NIFTY 500_Historical_TR_01012021to31122021.csv,0.002496538937551085,3.0
2021-05-04,18704.85,NIFTY 500,NIFTY 500_Historical_TR_01012021to31122021.csv,-0.007646041136465387,1.0
2021-05-05,18876.03,NIFTY 500,NIFTY 500_Historical_TR_01012021to31122021.csv,0.009151637142238433,1.0
2021-05-06,19011.17,NIFTY 500,NIFTY 500_Historical_TR_01012021to31122021.csv,0.007159344417231761,1.0
2021-05-07,19104.24,NIFTY 500,NIFTY 500_Historical_TR_01012021to31122021.csv,0.004895542988674784,1.0
2021-05-10,19266.67,NIFTY 500,NIFTY 500_Historical_TR_01012021to31122021.csv,0.008502301059869266,3.0
2021-05-11,19225.1,NIFTY 500,NIFTY 500_Historical_TR_01012021to31122021.csv,-0.0021576120834581047,1.0
2021-05-12,19066.54,NIFTY 500,NIFTY 500_Historical_TR_01012021to31122021.csv,-0.008247551378146145,1.0
2021-05-14,18966.49,NIFTY 500,NIFTY 500_Historical_TR_01012021to31122021.csv,-0.005247412482810132,2.0
2021-05-17,19270.53,NIFTY 500,NIFTY 500_Historical_TR_01012021to31122021.csv,0.01603037778735006,3.0
2021-05-18,19524.65,NIFTY 500,NIFTY 500_Historical_TR_01012021to31122021.csv,0.01318697513768452,1.0
2021-05-19,19478.9,NIFTY 500,NIFTY 500_Historical_TR_01012021to31122021.csv,-0.002343191811376877,1.0
2021-05-20,19368.54,NIFTY 500,NIFTY 500_Historical_TR_01012021to31122021.csv,-0.005665617668348832,1.0
2021-05-21,19644.37,NIFTY 500,NIFTY 500_Historical_TR_01012021to31122021.csv,0.014241135366940272,1.0
2021-05-24,19712.23,NIFTY 500,NIFTY 500_Historical_TR_01012021to31122021.csv,0.003454424855569238,3.0
2021-05-25,19717.29,NIFTY 500,NIFTY 500_Historical_TR_01012021to31122021.csv,0.0002566934334675697,1.0
2021-05-26,19807.35,NIFTY 500,NIFTY 500_Historical_TR_01012021to31122021.csv,0.004567564812405722,1.0
2021-05-27,19874.32,NIFTY 500,NIFTY 500_Historical_TR_01012021to31122021.csv,0.0033810681388475317,1.0
2021-05-28,19952.29,NIFTY 500,NIFTY 500_Historical_TR_01012021to31122021.csv,0.003923153094043119,1.0
2021-05-31,20138.1,NIFTY 500,NIFTY 500_Historical_TR_01012021to31122021.csv,0.009312715482784117,3.0
2021-06-01,20113.79,NIFTY 500,NIFTY 500_Historical_TR_01012021to31122021.csv,-0.0012071645289276622,1.0
2021-06-02,20210.99,NIFTY 500,NIFTY 500_Historical_TR_01012021to31122021.csv,0.004832505460184322,1.0
2021-06-03,20376.14,NIFTY 500,NIFTY 500_Historical_TR_01012021to31122021.csv,0.008171296903318304,1.0
2021-06-04,20396.67,NIFTY 500,NIFTY 500_Historical_TR_01012021to31122021.csv,0.0010075509885580924,1.0
2021-06-07,20527.27,NIFTY 500,NIFTY 500_Historical_TR_01012021to31122021.csv,0.006403005980878396,3.0
2021-06-08,20553.02,NIFTY 500,NIFTY 500_Historical_TR_01012021to31122021.csv,0.0012544288646274548,1.0
2021-06-09,20400.55,NIFTY 500,NIFTY 500_Historical_TR_01012021to31122021.csv,-0.007418374525982152,1.0
2021-06-10,20596.64,NIFTY 500,NIFTY 500_Historical_TR_01012021to31122021.csv,0.009611995755016478,1.0
2021-06-11,20672.33,NIFTY 500,NIFTY 500_Historical_TR_01012021to31122021.csv,0.0036748712411345252,1.0
2021-06-14,20660.97,NIFTY 500,NIFTY 500_Historical_TR_01012021to31122021.csv,-0.0005495268312764034,3.0
2021-06-15,20742.75,NIFTY 500,NIFTY 500_Historical_TR_01012021to31122021.csv,0.003958187829516069,1.0
2021-06-16,20595.05,NIFTY 500,NIFTY 500_Historical_TR_01012021to31122021.csv,-0.0071205601957310405,1.0
2021-06-17,20470.4,NIFTY 500,NIFTY 500_Historical_TR_01012021to31122021.csv,-0.006052425218681101,1.0
2021-06-18,20411.66,NIFTY 500,NIFTY 500_Historical_TR_01012021to31122021.csv,-0.002869509144911797,1.0
2021-06-21,20518.07,NIFTY 500,NIFTY 500_Historical_TR_01012021to31122021.csv,0.0052131967708652915,3.0
2021-06-22,20571.44,NIFTY 500,NIFTY 500_Historical_TR_01012021to31122021.csv,0.0026011218404069503,1.0
2021-06-23,20468.1,NIFTY 500,NIFTY 500_Historical_TR_01012021to31122021.csv,-0.005023469431405858,1.0
2021-06-24,20537.58,NIFTY 500,NIFTY 500_Historical_TR_01012021to31122021.csv,0.003394550544506103,1.0
2021-06-25,20646.1,NIFTY 500,NIFTY 500_Historical_TR_01012021to31122021.csv,0.005283972113559576,1.0
2021-06-28,20636.45,NIFTY 500,NIFTY 500_Historical_TR_01012021to31122021.csv,-0.0004674006228778671,3.0
2021-06-29,20564.62,NIFTY 500,NIFTY 500_Historical_TR_01012021to31122021.csv,-0.0034807343317286854,1.0
2021-06-30,20552.2,NIFTY 500,NIFTY 500_Historical_TR_01012021to31122021.csv,-0.0006039498906372787,1.0
2021-07-01,20524.09,NIFTY 500,NIFTY 500_Historical_TR_01012021to31122021.csv,-0.0013677367873026203,1.0
2021-07-02,20585.64,NIFTY 500,NIFTY 500_Historical_TR_01012021to31122021.csv,0.00299891493362181,1.0
2021-07-05,20726.43,NIFTY 500,NIFTY 500_Historical_TR_01012021to31122021.csv,0.006839233562813796,3.0
2021-07-06,20709.59,NIFTY 500,NIFTY 500_Historical_TR_01012021to31122021.csv,-0.0008124891744502039,1.0
2021-07-07,20796.33,NIFTY 500,NIFTY 500_Historical_TR_01012021to31122021.csv,0.0041883977423020635,1.0
2021-07-08,20651.57,NIFTY 500,NIFTY 500_Historical_TR_01012021to31122021.csv,-0.00696084357191884,1.0
2021-07-09,20645.03,NIFTY 500,NIFTY 500_Historical_TR_01012021to31122021.csv,-0.00031668294468656377,1.0
2021-07-12,20677.41,NIFTY 500,NIFTY 500_Historical_TR_01012021to31122021.csv,0.0015684162241469402,3.0
2021-07-13,20799.35,NIFTY 500,NIFTY 500_Historical_TR_01012021to31122021.csv,0.005897256958197206,1.0
2021-07-14,20849.7,NIFTY 500,NIFTY 500_Historical_TR_01012021to31122021.csv,0.0024207487253209425,1.0
2021-07-15,20944.04,NIFTY 500,NIFTY 500_Historical_TR_01012021to31122021.csv,0.004524765344345427,1.0
2021-07-16,20977.88,NIFTY 500,NIFTY 500_Historical_TR_01012021to31122021.csv,0.0016157341181548546,1.0
2021-07-19,20791.94,NIFTY 500,NIFTY 500_Historical_TR_01012021to31122021.csv,-0.008863622062858734,3.0
2021-07-20,20602.8,NIFTY 500,NIFTY 500_Historical_TR_01012021to31122021.csv,-0.009096794238536599,1.0
2021-07-22,20871.08,NIFTY 500,NIFTY 500_Historical_TR_01012021to31122021.csv,0.013021531054031588,2.0
2021-07-23,20900.63,NIFTY 500,NIFTY 500_Historical_TR_01012021to31122021.csv,0.0014158347339954247,1.0
2021-07-26,20882.53,NIFTY 500,NIFTY 500_Historical_TR_01012021to31122021.csv,-0.0008660026037493607,3.0
2021-07-27,20785.77,NIFTY 500,NIFTY 500_Historical_TR_01012021to31122021.csv,-0.0046335381776058115,1.0
2021-07-28,20742.92,NIFTY 500,NIFTY 500_Historical_TR_01012021to31122021.csv,-0.0020615065018040335,1.0
2021-07-29,20845.17,NIFTY 500,NIFTY 500_Historical_TR_01012021to31122021.csv,0.004929392775944841,1.0
2021-07-30,20876.6,NIFTY 500,NIFTY 500_Historical_TR_01012021to31122021.csv,0.0015077833378187577,1.0
2021-08-02,21060.19,NIFTY 500,NIFTY 500_Historical_TR_01012021to31122021.csv,0.008794056503453662,3.0
2021-08-03,21297.96,NIFTY 500,NIFTY 500_Historical_TR_01012021to31122021.csv,0.011290021599995148,1.0
2021-08-04,21344.42,NIFTY 500,NIFTY 500_Historical_TR_01012021to31122021.csv,0.002181429582927219,1.0
2021-08-05,21365.73,NIFTY 500,NIFTY 500_Historical_TR_01012021to31122021.csv,0.0009983874005479176,1.0
2021-08-06,21324.85,NIFTY 500,NIFTY 500_Historical_TR_01012021to31122021.csv,-0.0019133444071417482,1.0
2021-08-09,21296.21,NIFTY 500,NIFTY 500_Historical_TR_01012021to31122021.csv,-0.001343034065890203,3.0
2021-08-10,21232.02,NIFTY 500,NIFTY 500_Historical_TR_01012021to31122021.csv,-0.0030141513443001644,1.0
2021-08-11,21208.2,NIFTY 500,NIFTY 500_Historical_TR_01012021to31122021.csv,-0.0011218904277595643,1.0
2021-08-12,21355.83,NIFTY 500,NIFTY 500_Historical_TR_01012021to31122021.csv,0.006960986788129064,1.0
2021-08-13,21498.96,NIFTY 500,NIFTY 500_Historical_TR_01012021to31122021.csv,0.006702151122199185,1.0
2021-08-16,21507.33,NIFTY 500,NIFTY 500_Historical_TR_01012021to31122021.csv,0.0003893211578607225,3.0
2021-08-17,21573.22,NIFTY 500,NIFTY 500_Historical_TR_01012021to31122021.csv,0.0030636066866505107,1.0
2021-08-18,21547.14,NIFTY 500,NIFTY 500_Historical_TR_01012021to31122021.csv,-0.0012089062272577777,1.0
2021-08-20,21315.55,NIFTY 500,NIFTY 500_Historical_TR_01012021to31122021.csv,-0.01074806215581281,2.0
2021-08-23,21296.0,NIFTY 500,NIFTY 500_Historical_TR_01012021to31122021.csv,-0.0009171707978447019,3.0
2021-08-24,21499.0,NIFTY 500,NIFTY 500_Historical_TR_01012021to31122021.csv,0.009532306536438773,1.0
2021-08-25,21545.48,NIFTY 500,NIFTY 500_Historical_TR_01012021to31122021.csv,0.0021619610214427265,1.0
2021-08-26,21566.38,NIFTY 500,NIFTY 500_Historical_TR_01012021to31122021.csv,0.0009700410480528721,1.0
2021-08-27,21697.34,NIFTY 500,NIFTY 500_Historical_TR_01012021to31122021.csv,0.0060724145637793825,1.0
2021-08-30,22011.32,NIFTY 500,NIFTY 500_Historical_TR_01012021to31122021.csv,0.01447089827600978,3.0
2021-08-31,22253.61,NIFTY 500,NIFTY 500_Historical_TR_01012021to31122021.csv,0.011007517949854995,1.0
2021-09-01,22246.76,NIFTY 500,NIFTY 500_Historical_TR_01012021to31122021.csv,-0.0003078152263835676,1.0
2021-09-02,22452.0,NIFTY 500,NIFTY 500_Historical_TR_01012021to31122021.csv,0.009225613078039263,1.0
2021-09-03,22566.65,NIFTY 500,NIFTY 500_Historical_TR_01012021to31122021.csv,0.005106449314092432,1.0
2021-09-06,22637.89,NIFTY 500,NIFTY 500_Historical_TR_01012021to31122021.csv,0.0031568708691807057,3.0
2021-09-07,22604.92,NIFTY 500,NIFTY 500_Historical_TR_01012021to31122021.csv,-0.0014564078189266416,1.0
2021-09-08,22641.43,NIFTY 500,NIFTY 500_Historical_TR_01012021to31122021.csv,0.0016151351121791446,1.0
2021-09-09,22691.66,NIFTY 500,NIFTY 500_Historical_TR_01012021to31122021.csv,0.002218499449902156,1.0
2021-09-13,22716.99,NIFTY 500,NIFTY 500_Historical_TR_01012021to31122021.csv,0.0011162691491060084,4.0
2021-09-14,22797.33,NIFTY 500,NIFTY 500_Historical_TR_01012021to31122021.csv,0.0035365600812431452,1.0
2021-09-15,22975.2,NIFTY 500,NIFTY 500_Historical_TR_01012021to31122021.csv,0.0078022294716091345,1.0
2021-09-16,23106.08,NIFTY 500,NIFTY 500_Historical_TR_01012021to31122021.csv,0.005696577178871065,1.0
2021-09-17,22987.76,NIFTY 500,NIFTY 500_Historical_TR_01012021to31122021.csv,-0.005120730128174156,1.0
2021-09-20,22681.84,NIFTY 500,NIFTY 500_Historical_TR_01012021to31122021.csv,-0.013307951709953358,3.0
2021-09-21,22865.1,NIFTY 500,NIFTY 500_Historical_TR_01012021to31122021.csv,0.008079591426445099,1.0
2021-09-22,22932.93,NIFTY 500,NIFTY 500_Historical_TR_01012021to31122021.csv,0.002966529776821547,1.0
2021-09-23,23261.84,NIFTY 500,NIFTY 500_Historical_TR_01012021to31122021.csv,0.014342258054247825,1.0
2021-09-24,23241.27,NIFTY 500,NIFTY 500_Historical_TR_01012021to31122021.csv,-0.0008842808651422507,1.0
2021-09-27,23236.8,NIFTY 500,NIFTY 500_Historical_TR_01012021to31122021.csv,-0.0001923302814347272,3.0
2021-09-28,23094.75,NIFTY 500,NIFTY 500_Historical_TR_01012021to31122021.csv,-0.006113148109894606,1.0
2021-09-29,23081.51,NIFTY 500,NIFTY 500_Historical_TR_01012021to31122021.csv,-0.0005732904664480509,1.0
2021-09-30,23029.08,NIFTY 500,NIFTY 500_Historical_TR_01012021to31122021.csv,-0.0022715151651688803,1.0
2021-10-01,22969.86,NIFTY 500,NIFTY 500_Historical_TR_01012021to31122021.csv,-0.0025715312986884786,1.0
2021-10-04,23225.63,NIFTY 500,NIFTY 500_Historical_TR_01012021to31122021.csv,0.011135026508650947,3.0
2021-10-05,23377.08,NIFTY 500,NIFTY 500_Historical_TR_01012021to31122021.csv,0.006520813428957606,1.0
2021-10-06,23154.34,NIFTY 500,NIFTY 500_Historical_TR_01012021to31122021.csv,-0.009528136105963703,1.0
2021-10-07,23392.45,NIFTY 500,NIFTY 500_Historical_TR_01012021to31122021.csv,0.010283601260066222,1.0
2021-10-08,23507.21,NIFTY 500,NIFTY 500_Historical_TR_01012021to31122021.csv,0.004905856376736795,1.0
2021-10-11,23603.3,NIFTY 500,NIFTY 500_Historical_TR_01012021to31122021.csv,0.004087682034575879,3.0
2021-10-12,23685.8,NIFTY 500,NIFTY 500_Historical_TR_01012021to31122021.csv,0.0034952739659284138,1.0
2021-10-13,23914.47,NIFTY 500,NIFTY 500_Historical_TR_01012021to31122021.csv,0.009654307644242577,1.0
2021-10-14,24126.87,NIFTY 500,NIFTY 500_Historical_TR_01012021to31122021.csv,0.008881651987269645,1.0
2021-10-18,24305.72,NIFTY 500,NIFTY 500_Historical_TR_01012021to31122021.csv,0.007412896907058597,4.0
2021-10-19,24109.39,NIFTY 500,NIFTY 500_Historical_TR_01012021to31122021.csv,-0.008077522492647926,1.0
2021-10-20,23820.0,NIFTY 500,NIFTY 500_Historical_TR_01012021to31122021.csv,-0.012003207049203657,1.0
2021-10-21,23698.38,NIFTY 500,NIFTY 500_Historical_TR_01012021to31122021.csv,-0.005105793450881579,1.0
2021-10-22,23563.8,NIFTY 500,NIFTY 500_Historical_TR_01012021to31122021.csv,-0.005678869188526892,1.0
2021-10-25,23463.94,NIFTY 500,NIFTY 500_Historical_TR_01012021to31122021.csv,-0.004237856372910964,3.0
2021-10-26,23731.73,NIFTY 500,NIFTY 500_Historical_TR_01012021to31122021.csv,0.011412831775055698,1.0
2021-10-27,23708.68,NIFTY 500,NIFTY 500_Historical_TR_01012021to31122021.csv,-0.0009712734806943679,1.0
2021-10-28,23259.72,NIFTY 500,NIFTY 500_Historical_TR_01012021to31122021.csv,-0.0189365245133849,1.0
2021-10-29,23100.97,NIFTY 500,NIFTY 500_Historical_TR_01012021to31122021.csv,-0.00682510365558997,1.0
2021-11-01,23431.96,NIFTY 500,NIFTY 500_Historical_TR_01012021to31122021.csv,0.014327969777892413,3.0
2021-11-02,23452.89,NIFTY 500,NIFTY 500_Historical_TR_01012021to31122021.csv,0.0008932244677781753,1.0
2021-11-03,23404.31,NIFTY 500,NIFTY 500_Historical_TR_01012021to31122021.csv,-0.0020713865114276864,1.0
2021-11-04,23548.48,NIFTY 500,NIFTY 500_Historical_TR_01012021to31122021.csv,0.0061599765171456156,1.0
2021-11-08,23768.47,NIFTY 500,NIFTY 500_Historical_TR_01012021to31122021.csv,0.009342004239764057,4.0
2021-11-09,23803.67,NIFTY 500,NIFTY 500_Historical_TR_01012021to31122021.csv,0.0014809535489661574,1.0
2021-11-10,23772.02,NIFTY 500,NIFTY 500_Historical_TR_01012021to31122021.csv,-0.001329626902070058,1.0
2021-11-11,23608.35,NIFTY 500,NIFTY 500_Historical_TR_01012021to31122021.csv,-0.006884984952898465,1.0
2021-11-12,23865.63,NIFTY 500,NIFTY 500_Historical_TR_01012021to31122021.csv,0.010897839112009144,1.0
2021-11-15,23886.54,NIFTY 500,NIFTY 500_Historical_TR_01012021to31122021.csv,0.0008761553749052631,3.0
2021-11-16,23783.6,NIFTY 500,NIFTY 500_Historical_TR_01012021to31122021.csv,-0.004309540017097602,1.0
2021-11-17,23677.24,NIFTY 500,NIFTY 500_Historical_TR_01012021to31122021.csv,-0.004471989101733853,1.0
2021-11-18,23443.76,NIFTY 500,NIFTY 500_Historical_TR_01012021to31122021.csv,-0.009860946630603995,1.0
2021-11-22,22948.81,NIFTY 500,NIFTY 500_Historical_TR_01012021to31122021.csv,-0.021112227731387656,4.0
2021-11-23,23150.31,NIFTY 500,NIFTY 500_Historical_TR_01012021to31122021.csv,0.008780411707622227,1.0
2021-11-24,23057.77,NIFTY 500,NIFTY 500_Historical_TR_01012021to31122021.csv,-0.003997354679051823,1.0
2021-11-25,23217.37,NIFTY 500,NIFTY 500_Historical_TR_01012021to31122021.csv,0.006921744817473652,1.0
2021-11-26,22537.92,NIFTY 500,NIFTY 500_Historical_TR_01012021to31122021.csv,-0.029264727227933274,1.0
2021-11-29,22460.1,NIFTY 500,NIFTY 500_Historical_TR_01012021to31122021.csv,-0.0034528474677343324,3.0
2021-11-30,22447.74,NIFTY 500,NIFTY 500_Historical_TR_01012021to31122021.csv,-0.0005503092150077604,1.0
2021-12-01,22656.71,NIFTY 500,NIFTY 500_Historical_TR_01012021to31122021.csv,0.009309177672228719,1.0
2021-12-02,22946.71,NIFTY 500,NIFTY 500_Historical_TR_01012021to31122021.csv,0.012799740121138603,1.0
2021-12-03,22766.46,NIFTY 500,NIFTY 500_Historical_TR_01012021to31122021.csv,-0.007855156578001843,1.0
2021-12-06,22401.81,NIFTY 500,NIFTY 500_Historical_TR_01012021to31122021.csv,-0.016016982877443353,3.0
2021-12-07,22733.04,NIFTY 500,NIFTY 500_Historical_TR_01012021to31122021.csv,0.01478585882122907,1.0
2021-12-08,23098.91,NIFTY 500,NIFTY 500_Historical_TR_01012021to31122021.csv,0.01609419593683903,1.0
2021-12-09,23180.65,NIFTY 500,NIFTY 500_Historical_TR_01012021to31122021.csv,0.003538695115916868,1.0
2021-12-10,23224.15,NIFTY 500,NIFTY 500_Historical_TR_01012021to31122021.csv,0.0018765651524008664,1.0
2021-12-13,23085.13,NIFTY 500,NIFTY 500_Historical_TR_01012021to31122021.csv,-0.0059860102522589775,3.0
2021-12-14,23052.95,NIFTY 500,NIFTY 500_Historical_TR_01012021to31122021.csv,-0.0013939709241403975,1.0
2021-12-15,22914.8,NIFTY 500,NIFTY 500_Historical_TR_01012021to31122021.csv,-0.005992725442947711,1.0
2021-12-16,22889.27,NIFTY 500,NIFTY 500_Historical_TR_01012021to31122021.csv,-0.001114127114353991,1.0
2021-12-17,22489.29,NIFTY 500,NIFTY 500_Historical_TR_01012021to31122021.csv,-0.01747456340896847,1.0
2021-12-20,21918.48,NIFTY 500,NIFTY 500_Historical_TR_01012021to31122021.csv,-0.025381414886819553,3.0
2021-12-21,22164.77,NIFTY 500,NIFTY 500_Historical_TR_01012021to31122021.csv,0.01123663684708065,1.0
2021-12-22,22442.93,NIFTY 500,NIFTY 500_Historical_TR_01012021to31122021.csv,0.012549645225283124,1.0
2021-12-23,22614.17,NIFTY 500,NIFTY 500_Historical_TR_01012021to31122021.csv,0.007630019787968845,1.0
2021-12-24,22481.33,NIFTY 500,NIFTY 500_Historical_TR_01012021to31122021.csv,-0.00587419303914305,1.0
2021-12-27,22577.6,NIFTY 500,NIFTY 500_Historical_TR_01012021to31122021.csv,0.004282219957626898,3.0
2021-12-28,22792.66,NIFTY 500,NIFTY 500_Historical_TR_01012021to31122021.csv,0.009525370278506085,1.0
2021-12-29,22785.85,NIFTY 500,NIFTY 500_Historical_TR_01012021to31122021.csv,-0.00029878039684716473,1.0
2021-12-30,22754.58,NIFTY 500,NIFTY 500_Historical_TR_01012021to31122021.csv,-0.0013723429233492013,1.0
2021-12-31,22990.88,NIFTY 500,NIFTY 500_Historical_TR_01012021to31122021.csv,0.010384722548163916,1.0
2022-01-03,23310.38,NIFTY 500,NIFTY 500_Historical_TR_01012022to31122022.csv,0.013896814736974017,3.0
2022-01-04,23485.37,NIFTY 500,NIFTY 500_Historical_TR_01012022to31122022.csv,0.0075069561285572295,1.0
2022-01-05,23604.46,NIFTY 500,NIFTY 500_Historical_TR_01012022to31122022.csv,0.0050708164274184675,1.0
2022-01-06,23441.51,NIFTY 500,NIFTY 500_Historical_TR_01012022to31122022.csv,-0.006903356399595717,1.0
2022-01-07,23531.13,NIFTY 500,NIFTY 500_Historical_TR_01012022to31122022.csv,0.0038231325541742134,1.0
2022-01-10,23756.45,NIFTY 500,NIFTY 500_Historical_TR_01012022to31122022.csv,0.009575400756359764,3.0
2022-01-11,23810.11,NIFTY 500,NIFTY 500_Historical_TR_01012022to31122022.csv,0.0022587549907497895,1.0
2022-01-12,24020.69,NIFTY 500,NIFTY 500_Historical_TR_01012022to31122022.csv,0.008844142257217635,1.0
2022-01-13,24102.2,NIFTY 500,NIFTY 500_Historical_TR_01012022to31122022.csv,0.0033933246713562237,1.0
2022-01-14,24116.52,NIFTY 500,NIFTY 500_Historical_TR_01012022to31122022.csv,0.0005941366348301003,1.0
2022-01-17,24194.84,NIFTY 500,NIFTY 500_Historical_TR_01012022to31122022.csv,0.003247566398468793,3.0
2022-01-18,23875.7,NIFTY 500,NIFTY 500_Historical_TR_01012022to31122022.csv,-0.01319041580766811,1.0
2022-01-19,23722.89,NIFTY 500,NIFTY 500_Historical_TR_01012022to31122022.csv,-0.006400231197409956,1.0
2022-01-20,23554.44,NIFTY 500,NIFTY 500_Historical_TR_01012022to31122022.csv,-0.00710073688323809,1.0
2022-01-21,23278.25,NIFTY 500,NIFTY 500_Historical_TR_01012022to31122022.csv,-0.011725602476645558,1.0
2022-01-24,22560.17,NIFTY 500,NIFTY 500_Historical_TR_01012022to31122022.csv,-0.030847679701008546,3.0
2022-01-25,22744.48,NIFTY 500,NIFTY 500_Historical_TR_01012022to31122022.csv,0.008169707941030557,1.0
2022-01-27,22510.82,NIFTY 500,NIFTY 500_Historical_TR_01012022to31122022.csv,-0.010273261907944198,2.0
2022-01-28,22577.57,NIFTY 500,NIFTY 500_Historical_TR_01012022to31122022.csv,0.0029652407153537563,1.0
2022-01-31,22881.58,NIFTY 500,NIFTY 500_Historical_TR_01012022to31122022.csv,0.013465133758858938,3.0
2022-02-01,23180.44,NIFTY 500,NIFTY 500_Historical_TR_01012022to31122022.csv,0.013061160986260534,1.0
2022-02-02,23452.49,NIFTY 500,NIFTY 500_Historical_TR_01012022to31122022.csv,0.011736187923956809,1.0
2022-02-03,23215.34,NIFTY 500,NIFTY 500_Historical_TR_01012022to31122022.csv,-0.010111932677511093,1.0
2022-02-04,23138.74,NIFTY 500,NIFTY 500_Historical_TR_01012022to31122022.csv,-0.0032995424577024757,1.0
2022-02-07,22809.5,NIFTY 500,NIFTY 500_Historical_TR_01012022to31122022.csv,-0.014228951101053933,3.0
2022-02-08,22788.92,NIFTY 500,NIFTY 500_Historical_TR_01012022to31122022.csv,-0.0009022556390978487,1.0
2022-02-09,23037.24,NIFTY 500,NIFTY 500_Historical_TR_01012022to31122022.csv,0.01089652339821301,1.0
2022-02-10,23186.39,NIFTY 500,NIFTY 500_Historical_TR_01012022to31122022.csv,0.006474299872727629,1.0
2022-02-11,22847.57,NIFTY 500,NIFTY 500_Historical_TR_01012022to31122022.csv,-0.014612882816169348,1.0
2022-02-14,22103.72,NIFTY 500,NIFTY 500_Historical_TR_01012022to31122022.csv,-0.03255707280905573,3.0
2022-02-15,22726.82,NIFTY 500,NIFTY 500_Historical_TR_01012022to31122022.csv,0.028189825061120777,1.0
2022-02-16,22706.7,NIFTY 500,NIFTY 500_Historical_TR_01012022to31122022.csv,-0.000885297635128901,1.0
2022-02-17,22682.48,NIFTY 500,NIFTY 500_Historical_TR_01012022to31122022.csv,-0.0010666455275315512,1.0
2022-02-18,22588.37,NIFTY 500,NIFTY 500_Historical_TR_01012022to31122022.csv,-0.004149017215048789,1.0
2022-02-21,22419.75,NIFTY 500,NIFTY 500_Historical_TR_01012022to31122022.csv,-0.007464903399404199,3.0
2022-02-22,22254.97,NIFTY 500,NIFTY 500_Historical_TR_01012022to31122022.csv,-0.0073497697342743695,1.0
2022-02-23,22282.64,NIFTY 500,NIFTY 500_Historical_TR_01012022to31122022.csv,0.0012433177847464005,1.0
2022-02-24,21159.69,NIFTY 500,NIFTY 500_Historical_TR_01012022to31122022.csv,-0.050395734078188203,1.0
2022-02-25,21793.49,NIFTY 500,NIFTY 500_Historical_TR_01012022to31122022.csv,0.02995317984337209,1.0
2022-02-28,21978.65,NIFTY 500,NIFTY 500_Historical_TR_01012022to31122022.csv,0.008496115124287051,3.0
2022-03-02,21812.5,NIFTY 500,NIFTY 500_Historical_TR_01012022to31122022.csv,-0.007559608984173294,2.0
2022-03-03,21714.47,NIFTY 500,NIFTY 500_Historical_TR_01012022to31122022.csv,-0.004494212034383938,1.0
2022-03-04,21341.5,NIFTY 500,NIFTY 500_Historical_TR_01012022to31122022.csv,-0.01717610422911553,1.0
2022-03-07,20836.23,NIFTY 500,NIFTY 500_Historical_TR_01012022to31122022.csv,-0.023675467984912046,3.0
2022-03-08,21055.17,NIFTY 500,NIFTY 500_Historical_TR_01012022to31122022.csv,0.010507659015090542,1.0
2022-03-09,21477.68,NIFTY 500,NIFTY 500_Historical_TR_01012022to31122022.csv,0.020066805444933555,1.0
2022-03-10,21799.49,NIFTY 500,NIFTY 500_Historical_TR_01012022to31122022.csv,0.014983461900913042,1.0
2022-03-11,21873.99,NIFTY 500,NIFTY 500_Historical_TR_01012022to31122022.csv,0.00341751114360922,1.0
2022-03-14,22085.19,NIFTY 500,NIFTY 500_Historical_TR_01012022to31122022.csv,0.00965530294198702,3.0
2022-03-15,21841.28,NIFTY 500,NIFTY 500_Historical_TR_01012022to31122022.csv,-0.011044052598143783,1.0
2022-03-16,22250.14,NIFTY 500,NIFTY 500_Historical_TR_01012022to31122022.csv,0.01871959885134933,1.0
2022-03-17,22618.83,NIFTY 500,NIFTY 500_Historical_TR_01012022to31122022.csv,0.01657023281651271,1.0
2022-03-21,22437.28,NIFTY 500,NIFTY 500_Historical_TR_01012022to31122022.csv,-0.00802649827599411,4.0
2022-03-22,22624.23,NIFTY 500,NIFTY 500_Historical_TR_01012022to31122022.csv,0.008332115122688721,1.0
2022-03-23,22579.87,NIFTY 500,NIFTY 500_Historical_TR_01012022to31122022.csv,-0.0019607297132322454,1.0
2022-03-24,22586.94,NIFTY 500,NIFTY 500_Historical_TR_01012022to31122022.csv,0.0003131107486447071,1.0
2022-03-25,22513.87,NIFTY 500,NIFTY 500_Historical_TR_01012022to31122022.csv,-0.003235055301869072,1.0
2022-03-28,22551.67,NIFTY 500,NIFTY 500_Historical_TR_01012022to31122022.csv,0.001678965011346234,3.0
2022-03-29,22684.14,NIFTY 500,NIFTY 500_Historical_TR_01012022to31122022.csv,0.005874066089119001,1.0
2022-03-30,22892.81,NIFTY 500,NIFTY 500_Historical_TR_01012022to31122022.csv,0.009198938112708,1.0
2022-03-31,22889.14,NIFTY 500,NIFTY 500_Historical_TR_01012022to31122022.csv,-0.000160312342608937,1.0
2022-04-01,23185.39,NIFTY 500,NIFTY 500_Historical_TR_01012022to31122022.csv,0.012942819171013031,1.0
2022-04-04,23642.61,NIFTY 500,NIFTY 500_Historical_TR_01012022to31122022.csv,0.01972017723230013,3.0
2022-04-05,23653.78,NIFTY 500,NIFTY 500_Historical_TR_01012022to31122022.csv,0.000472452068532192,1.0
2022-04-06,23557.6,NIFTY 500,NIFTY 500_Historical_TR_01012022to31122022.csv,-0.004066157713481733,1.0
2022-04-07,23362.93,NIFTY 500,NIFTY 500_Historical_TR_01012022to31122022.csv,-0.00826357523686616,1.0
2022-04-08,23579.95,NIFTY 500,NIFTY 500_Historical_TR_01012022to31122022.csv,0.009289074615213,1.0
2022-04-11,23553.95,NIFTY 500,NIFTY 500_Historical_TR_01012022to31122022.csv,-0.0011026316849696016,3.0
2022-04-12,23306.86,NIFTY 500,NIFTY 500_Historical_TR_01012022to31122022.csv,-0.01049038483991005,1.0
2022-04-13,23266.65,NIFTY 500,NIFTY 500_Historical_TR_01012022to31122022.csv,-0.0017252431258435452,1.0
2022-04-18,22940.09,NIFTY 500,NIFTY 500_Historical_TR_01012022to31122022.csv,-0.0140355401400718,5.0
2022-04-19,22634.01,NIFTY 500,NIFTY 500_Historical_TR_01012022to31122022.csv,-0.013342580608881716,1.0
2022-04-20,22824.1,NIFTY 500,NIFTY 500_Historical_TR_01012022to31122022.csv,0.008398423434468727,1.0
2022-04-21,23137.67,NIFTY 500,NIFTY 500_Historical_TR_01012022to31122022.csv,0.013738548288870112,1.0
2022-04-22,22893.2,NIFTY 500,NIFTY 500_Historical_TR_01012022to31122022.csv,-0.010565886712015415,1.0
2022-04-25,22552.63,NIFTY 500,NIFTY 500_Historical_TR_01012022to31122022.csv,-0.014876469868781994,3.0
2022-04-26,22899.02,NIFTY 500,NIFTY 500_Historical_TR_01012022to31122022.csv,0.015359184272521587,1.0
2022-04-27,22680.26,NIFTY 500,NIFTY 500_Historical_TR_01012022to31122022.csv,-0.009553247256869568,1.0
2022-04-28,22926.74,NIFTY 500,NIFTY 500_Historical_TR_01012022to31122022.csv,0.010867600283241963,1.0
2022-04-29,22726.01,NIFTY 500,NIFTY 500_Historical_TR_01012022to31122022.csv,-0.008755278770553598,1.0
2022-05-02,22653.68,NIFTY 500,NIFTY 500_Historical_TR_01012022to31122022.csv,-0.0031826968306358783,3.0
2022-05-04,22126.53,NIFTY 500,NIFTY 500_Historical_TR_01012022to31122022.csv,-0.023269949959565106,2.0
2022-05-05,22130.39,NIFTY 500,NIFTY 500_Historical_TR_01012022to31122022.csv,0.00017445121309123124,1.0
2022-05-06,21746.45,NIFTY 500,NIFTY 500_Historical_TR_01012022to31122022.csv,-0.017348993849633843,1.0
2022-05-09,21509.71,NIFTY 500,NIFTY 500_Historical_TR_01012022to31122022.csv,-0.010886374557686485,3.0
2022-05-10,21301.05,NIFTY 500,NIFTY 500_Historical_TR_01012022to31122022.csv,-0.009700735156354945,1.0
2022-05-11,21171.75,NIFTY 500,NIFTY 500_Historical_TR_01012022to31122022.csv,-0.006070123303780761,1.0
2022-05-12,20714.03,NIFTY 500,NIFTY 500_Historical_TR_01012022to31122022.csv,-0.021619374874538022,1.0
2022-05-13,20723.68,NIFTY 500,NIFTY 500_Historical_TR_01012022to31122022.csv,0.00046586782002355775,1.0
2022-05-16,20877.04,NIFTY 500,NIFTY 500_Historical_TR_01012022to31122022.csv,0.007400230074967373,3.0
2022-05-17,21423.03,NIFTY 500,NIFTY 500_Historical_TR_01012022to31122022.csv,0.026152653824488503,1.0
2022-05-18,21410.98,NIFTY 500,NIFTY 500_Historical_TR_01012022to31122022.csv,-0.0005624787903484307,1.0
2022-05-19,20845.9,NIFTY 500,NIFTY 500_Historical_TR_01012022to31122022.csv,-0.02639206612681899,1.0
2022-05-20,21375.43,NIFTY 500,NIFTY 500_Historical_TR_01012022to31122022.csv,0.025402117442758554,1.0
2022-05-23,21284.62,NIFTY 500,NIFTY 500_Historical_TR_01012022to31122022.csv,-0.004248335589038477,3.0
2022-05-24,21148.4,NIFTY 500,NIFTY 500_Historical_TR_01012022to31122022.csv,-0.006399926331783101,1.0
2022-05-25,20912.97,NIFTY 500,NIFTY 500_Historical_TR_01012022to31122022.csv,-0.011132284238996815,1.0
2022-05-26,21131.35,NIFTY 500,NIFTY 500_Historical_TR_01012022to31122022.csv,0.010442323591531855,1.0
2022-05-27,21363.35,NIFTY 500,NIFTY 500_Historical_TR_01012022to31122022.csv,0.010978948339789074,1.0
2022-05-30,21797.25,NIFTY 500,NIFTY 500_Historical_TR_01012022to31122022.csv,0.02031048501288435,3.0
2022-05-31,21765.82,NIFTY 500,NIFTY 500_Historical_TR_01012022to31122022.csv,-0.0014419250134765083,1.0
2022-06-01,21709.49,NIFTY 500,NIFTY 500_Historical_TR_01012022to31122022.csv,-0.002588002657377353,1.0
2022-06-02,21841.16,NIFTY 500,NIFTY 500_Historical_TR_01012022to31122022.csv,0.006065089506938959,1.0
2022-06-03,21702.58,NIFTY 500,NIFTY 500_Historical_TR_01012022to31122022.csv,-0.006344901094996747,1.0
2022-06-06,21666.17,NIFTY 500,NIFTY 500_Historical_TR_01012022to31122022.csv,-0.0016776807181452247,3.0
2022-06-07,21483.6,NIFTY 500,NIFTY 500_Historical_TR_01012022to31122022.csv,-0.008426500853634944,1.0
2022-06-08,21408.54,NIFTY 500,NIFTY 500_Historical_TR_01012022to31122022.csv,-0.0034938278500808995,1.0
2022-06-09,21551.0,NIFTY 500,NIFTY 500_Historical_TR_01012022to31122022.csv,0.006654353823287273,1.0
2022-06-10,21250.32,NIFTY 500,NIFTY 500_Historical_TR_01012022to31122022.csv,-0.013952020787898478,1.0
2022-06-13,20687.8,NIFTY 500,NIFTY 500_Historical_TR_01012022to31122022.csv,-0.0264711307876776,3.0
2022-06-14,20644.23,NIFTY 500,NIFTY 500_Historical_TR_01012022to31122022.csv,-0.0021060721778052294,1.0
2022-06-15,20646.77,NIFTY 500,NIFTY 500_Historical_TR_01012022to31122022.csv,0.00012303680011327423,1.0
2022-06-16,20197.0,NIFTY 500,NIFTY 500_Historical_TR_01012022to31122022.csv,-0.02178403692199804,1.0
2022-06-17,20052.33,NIFTY 500,NIFTY 500_Historical_TR_01012022to31122022.csv,-0.0071629449918303445,1.0
2022-06-20,19985.84,NIFTY 500,NIFTY 500_Historical_TR_01012022to31122022.csv,-0.0033158241461217486,3.0
2022-06-21,20435.5,NIFTY 500,NIFTY 500_Historical_TR_01012022to31122022.csv,0.02249892924190333,1.0
2022-06-22,20136.4,NIFTY 500,NIFTY 500_Historical_TR_01012022to31122022.csv,-0.014636294683271656,1.0
2022-06-23,20339.15,NIFTY 500,NIFTY 500_Historical_TR_01012022to31122022.csv,0.010068830575475252,1.0
2022-06-24,20561.02,NIFTY 500,NIFTY 500_Historical_TR_01012022to31122022.csv,0.010908518792574817,1.0
2022-06-27,20749.4,NIFTY 500,NIFTY 500_Historical_TR_01012022to31122022.csv,0.009161996827005803,3.0
2022-06-28,20779.92,NIFTY 500,NIFTY 500_Historical_TR_01012022to31122022.csv,0.0014708859051344447,1.0
2022-06-29,20708.33,NIFTY 500,NIFTY 500_Historical_TR_01012022to31122022.csv,-0.0034451528206074222,1.0
2022-06-30,20667.27,NIFTY 500,NIFTY 500_Historical_TR_01012022to31122022.csv,-0.001982776979119083,1.0
2022-07-01,20678.08,NIFTY 500,NIFTY 500_Historical_TR_01012022to31122022.csv,0.0005230492464656233,1.0
2022-07-04,20802.77,NIFTY 500,NIFTY 500_Historical_TR_01012022to31122022.csv,0.006030056949194451,3.0
2022-07-05,20787.26,NIFTY 500,NIFTY 500_Historical_TR_01012022to31122022.csv,-0.0007455737865679213,1.0
2022-07-06,21048.95,NIFTY 500,NIFTY 500_Historical_TR_01012022to31122022.csv,0.012588960738452393,1.0
2022-07-07,21257.79,NIFTY 500,NIFTY 500_Historical_TR_01012022to31122022.csv,0.009921635045928578,1.0
2022-07-08,21355.42,NIFTY 500,NIFTY 500_Historical_TR_01012022to31122022.csv,0.004592669322634135,1.0
2022-07-11,21446.79,NIFTY 500,NIFTY 500_Historical_TR_01012022to31122022.csv,0.004278539124962233,3.0
2022-07-12,21281.05,NIFTY 500,NIFTY 500_Historical_TR_01012022to31122022.csv,-0.007727963019174555,1.0
2022-07-13,21200.87,NIFTY 500,NIFTY 500_Historical_TR_01012022to31122022.csv,-0.003767671238026349,1.0
2022-07-14,21171.19,NIFTY 500,NIFTY 500_Historical_TR_01012022to31122022.csv,-0.0013999425495274664,1.0
2022-07-15,21306.94,NIFTY 500,NIFTY 500_Historical_TR_01012022to31122022.csv,0.006412015573994623,1.0
2022-07-18,21606.99,NIFTY 500,NIFTY 500_Historical_TR_01012022to31122022.csv,0.014082266153657041,3.0
2022-07-19,21714.15,NIFTY 500,NIFTY 500_Historical_TR_01012022to31122022.csv,0.004959506159812221,1.0
2022-07-20,21888.95,NIFTY 500,NIFTY 500_Historical_TR_01012022to31122022.csv,0.008050050312814472,1.0
2022-07-21,22064.83,NIFTY 500,NIFTY 500_Historical_TR_01012022to31122022.csv,0.008035104470520471,1.0
2022-07-22,22165.12,NIFTY 500,NIFTY 500_Historical_TR_01012022to31122022.csv,0.004545242360806556,1.0
2022-07-25,22077.13,NIFTY 500,NIFTY 500_Historical_TR_01012022to31122022.csv,-0.00396975067132499,3.0
2022-07-26,21864.15,NIFTY 500,NIFTY 500_Historical_TR_01012022to31122022.csv,-0.009647087279913591,1.0
2022-07-27,22053.68,NIFTY 500,NIFTY 500_Historical_TR_01012022to31122022.csv,0.008668528161396516,1.0
2022-07-28,22374.32,NIFTY 500,NIFTY 500_Historical_TR_01012022to31122022.csv,0.014539070123444242,1.0
2022-07-29,22678.29,NIFTY 500,NIFTY 500_Historical_TR_01012022to31122022.csv,0.013585664279406107,1.0
2022-08-01,22960.55,NIFTY 500,NIFTY 500_Historical_TR_01012022to31122022.csv,0.012446264687504982,3.0
2022-08-02,23008.71,NIFTY 500,NIFTY 500_Historical_TR_01012022to31122022.csv,0.0020975107303613516,1.0
2022-08-03,23012.66,NIFTY 500,NIFTY 500_Historical_TR_01012022to31122022.csv,0.00017167411819274392,1.0
2022-08-04,23035.97,NIFTY 500,NIFTY 500_Historical_TR_01012022to31122022.csv,0.0010129207140765484,1.0
2022-08-05,23048.31,NIFTY 500,NIFTY 500_Historical_TR_01012022to31122022.csv,0.0005356839759731447,1.0
2022-08-08,23199.97,NIFTY 500,NIFTY 500_Historical_TR_01012022to31122022.csv,0.006580091989391024,3.0
2022-08-10,23191.7,NIFTY 500,NIFTY 500_Historical_TR_01012022to31122022.csv,-0.00035646597818883574,2.0
2022-08-11,23369.29,NIFTY 500,NIFTY 500_Historical_TR_01012022to31122022.csv,0.0076574809091183305,1.0
2022-08-12,23440.39,NIFTY 500,NIFTY 500_Historical_TR_01012022to31122022.csv,0.0030424544348586213,1.0
2022-08-16,23657.0,NIFTY 500,NIFTY 500_Historical_TR_01012022to31122022.csv,0.009240887203668668,4.0
2022-08-17,23809.95,NIFTY 500,NIFTY 500_Historical_TR_01012022to31122022.csv,0.006465316819546096,1.0
2022-08-18,23858.77,NIFTY 500,NIFTY 500_Historical_TR_01012022to31122022.csv,0.002050403297781056,1.0
2022-08-19,23602.41,NIFTY 500,NIFTY 500_Historical_TR_01012022to31122022.csv,-0.01074489590201011,1.0
2022-08-22,23238.86,NIFTY 500,NIFTY 500_Historical_TR_01012022to31122022.csv,-0.015403088074480542,3.0
2022-08-23,23376.55,NIFTY 500,NIFTY 500_Historical_TR_01012022to31122022.csv,0.0059249894357984445,1.0
2022-08-24,23453.99,NIFTY 500,NIFTY 500_Historical_TR_01012022to31122022.csv,0.0033127215093760043,1.0
2022-08-25,23392.71,NIFTY 500,NIFTY 500_Historical_TR_01012022to31122022.csv,-0.0026127750544790995,1.0
2022-08-26,23465.33,NIFTY 500,NIFTY 500_Historical_TR_01012022to31122022.csv,0.003104385939038279,1.0
2022-08-29,23194.58,NIFTY 500,NIFTY 500_Historical_TR_01012022to31122022.csv,-0.011538299269603258,3.0
2022-08-30,23740.37,NIFTY 500,NIFTY 500_Historical_TR_01012022to31122022.csv,0.023530928346191082,1.0
2022-09-01,23564.7,NIFTY 500,NIFTY 500_Historical_TR_01012022to31122022.csv,-0.00739963193496973,2.0
2022-09-02,23550.07,NIFTY 500,NIFTY 500_Historical_TR_01012022to31122022.csv,-0.0006208438893769985,1.0
2022-09-05,23693.79,NIFTY 500,NIFTY 500_Historical_TR_01012022to31122022.csv,0.0061027419451407106,3.0
2022-09-06,23722.71,NIFTY 500,NIFTY 500_Historical_TR_01012022to31122022.csv,0.0012205729855796488,1.0
2022-09-07,23732.85,NIFTY 500,NIFTY 500_Historical_TR_01012022to31122022.csv,0.0004274385177747142,1.0
2022-09-08,23921.0,NIFTY 500,NIFTY 500_Historical_TR_01012022to31122022.csv,0.007927829990919788,1.0
2022-09-09,23962.62,NIFTY 500,NIFTY 500_Historical_TR_01012022to31122022.csv,0.0017398938171480083,1.0
2022-09-12,24133.13,NIFTY 500,NIFTY 500_Historical_TR_01012022to31122022.csv,0.007115665983102204,3.0
2022-09-13,24276.42,NIFTY 500,NIFTY 500_Historical_TR_01012022to31122022.csv,0.005937480964963715,1.0
2022-09-14,24215.82,NIFTY 500,NIFTY 500_Historical_TR_01012022to31122022.csv,-0.0024962494469942254,1.0
2022-09-15,24139.94,NIFTY 500,NIFTY 500_Historical_TR_01012022to31122022.csv,-0.0031334887689122848,1.0
2022-09-16,23618.75,NIFTY 500,NIFTY 500_Historical_TR_01012022to31122022.csv,-0.0215903602080203,1.0
2022-09-19,23696.71,NIFTY 500,NIFTY 500_Historical_TR_01012022to31122022.csv,0.0033007673987826003,3.0
2022-09-20,23971.12,NIFTY 500,NIFTY 500_Historical_TR_01012022to31122022.csv,0.011580088543937217,1.0
2022-09-21,23802.29,NIFTY 500,NIFTY 500_Historical_TR_01012022to31122022.csv,-0.007043058480371345,1.0
2022-09-22,23763.44,NIFTY 500,NIFTY 500_Historical_TR_01012022to31122022.csv,-0.0016321958937565162,1.0
2022-09-23,23333.25,NIFTY 500,NIFTY 500_Historical_TR_01012022to31122022.csv,-0.01810301875486031,1.0
2022-09-26,22818.87,NIFTY 500,NIFTY 500_Historical_TR_01012022to31122022.csv,-0.022044935874771077,3.0
2022-09-27,22821.33,NIFTY 500,NIFTY 500_Historical_TR_01012022to31122022.csv,0.00010780551359479418,1.0
2022-09-28,22656.0,NIFTY 500,NIFTY 500_Historical_TR_01012022to31122022.csv,-0.007244538333217254,1.0
2022-09-29,22627.96,NIFTY 500,NIFTY 500_Historical_TR_01012022to31122022.csv,-0.0012376412429379036,1.0
2022-09-30,22979.45,NIFTY 500,NIFTY 500_Historical_TR_01012022to31122022.csv,0.015533437393384197,1.0
2022-10-03,22683.76,NIFTY 500,NIFTY 500_Historical_TR_01012022to31122022.csv,-0.012867583862973375,3.0
2022-10-04,23190.95,NIFTY 500,NIFTY 500_Historical_TR_01012022to31122022.csv,0.022359167968626137,1.0
2022-10-06,23326.09,NIFTY 500,NIFTY 500_Historical_TR_01012022to31122022.csv,0.005827273138875322,2.0
2022-10-07,23300.77,NIFTY 500,NIFTY 500_Historical_TR_01012022to31122022.csv,-0.0010854798210929717,1.0
2022-10-10,23168.98,NIFTY 500,NIFTY 500_Historical_TR_01012022to31122022.csv,-0.005656036259745978,3.0
2022-10-11,22812.98,NIFTY 500,NIFTY 500_Historical_TR_01012022to31122022.csv,-0.01536537214845024,1.0
2022-10-12,22980.4,NIFTY 500,NIFTY 500_Historical_TR_01012022to31122022.csv,0.007338804487620809,1.0
2022-10-13,22825.98,NIFTY 500,NIFTY 500_Historical_TR_01012022to31122022.csv,-0.006719639344833106,1.0
2022-10-14,22957.38,NIFTY 500,NIFTY 500_Historical_TR_01012022to31122022.csv,0.00575659840234688,1.0
2022-10-17,23100.15,NIFTY 500,NIFTY 500_Historical_TR_01012022to31122022.csv,0.006218915224646793,3.0
2022-10-18,23333.17,NIFTY 500,NIFTY 500_Historical_TR_01012022to31122022.csv,0.010087380384975697,1.0
2022-10-19,23354.01,NIFTY 500,NIFTY 500_Historical_TR_01012022to31122022.csv,0.0008931491091865862,1.0
2022-10-20,23421.44,NIFTY 500,NIFTY 500_Historical_TR_01012022to31122022.csv,0.002887298583840625,1.0
2022-10-21,23373.43,NIFTY 500,NIFTY 500_Historical_TR_01012022to31122022.csv,-0.00204983126571201,1.0
2022-10-24,23555.8,NIFTY 500,NIFTY 500_Historical_TR_01012022to31122022.csv,0.007802449191239846,3.0
2022-10-25,23492.95,NIFTY 500,NIFTY 500_Historical_TR_01012022to31122022.csv,-0.0026681326891889734,1.0
2022-10-27,23638.82,NIFTY 500,NIFTY 500_Historical_TR_01012022to31122022.csv,0.0062090967715846546,2.0
2022-10-28,23634.83,NIFTY 500,NIFTY 500_Historical_TR_01012022to31122022.csv,-0.00016879015111570528,1.0
2022-10-31,23919.76,NIFTY 500,NIFTY 500_Historical_TR_01012022to31122022.csv,0.012055512986554051,3.0
2022-11-01,24098.84,NIFTY 500,NIFTY 500_Historical_TR_01012022to31122022.csv,0.007486697190941749,1.0
2022-11-02,24037.05,NIFTY 500,NIFTY 500_Historical_TR_01012022to31122022.csv,-0.0025640238285328243,1.0
2022-11-03,24017.67,NIFTY 500,NIFTY 500_Historical_TR_01012022to31122022.csv,-0.0008062553433137998,1.0
2022-11-04,24089.43,NIFTY 500,NIFTY 500_Historical_TR_01012022to31122022.csv,0.0029878002320791186,1.0
2022-11-07,24220.28,NIFTY 500,NIFTY 500_Historical_TR_01012022to31122022.csv,0.005431842928620423,3.0
2022-11-09,24148.28,NIFTY 500,NIFTY 500_Historical_TR_01012022to31122022.csv,-0.0029727154269066913,2.0
2022-11-10,23950.94,NIFTY 500,NIFTY 500_Historical_TR_01012022to31122022.csv,-0.008172010594543422,1.0
2022-11-11,24275.37,NIFTY 500,NIFTY 500_Historical_TR_01012022to31122022.csv,0.01354560614322442,1.0
2022-11-14,24277.12,NIFTY 500,NIFTY 500_Historical_TR_01012022to31122022.csv,7.208952942838742e-05,3.0
2022-11-15,24345.02,NIFTY 500,NIFTY 500_Historical_TR_01012022to31122022.csv,0.002796872116626714,1.0
2022-11-16,24297.65,NIFTY 500,NIFTY 500_Historical_TR_01012022to31122022.csv,-0.0019457778223225253,1.0
2022-11-17,24195.57,NIFTY 500,NIFTY 500_Historical_TR_01012022to31122022.csv,-0.004201229336993517,1.0
2022-11-18,24124.3,NIFTY 500,NIFTY 500_Historical_TR_01012022to31122022.csv,-0.002945580533957215,1.0
2022-11-21,23973.98,NIFTY 500,NIFTY 500_Historical_TR_01012022to31122022.csv,-0.006231061626658541,3.0
2022-11-22,24060.5,NIFTY 500,NIFTY 500_Historical_TR_01012022to31122022.csv,0.003608912662812047,1.0
2022-11-23,24105.44,NIFTY 500,NIFTY 500_Historical_TR_01012022to31122022.csv,0.0018677916086531354,1.0
2022-11-24,24326.89,NIFTY 500,NIFTY 500_Historical_TR_01012022to31122022.csv,0.009186722996966656,1.0
2022-11-25,24398.91,NIFTY 500,NIFTY 500_Historical_TR_01012022to31122022.csv,0.0029605099542111546,1.0
2022-11-28,24487.63,NIFTY 500,NIFTY 500_Historical_TR_01012022to31122022.csv,0.003636228011825171,3.0
2022-11-29,24531.13,NIFTY 500,NIFTY 500_Historical_TR_01012022to31122022.csv,0.0017764071084054311,1.0
2022-11-30,24738.49,NIFTY 500,NIFTY 500_Historical_TR_01012022to31122022.csv,0.008452933069124757,1.0
2022-12-01,24828.21,NIFTY 500,NIFTY 500_Historical_TR_01012022to31122022.csv,0.0036267371209801613,1.0
2022-12-02,24765.44,NIFTY 500,NIFTY 500_Historical_TR_01012022to31122022.csv,-0.0025281725907747576,1.0
2022-12-05,24771.15,NIFTY 500,NIFTY 500_Historical_TR_01012022to31122022.csv,0.00023056323651027277,3.0
2022-12-06,24702.36,NIFTY 500,NIFTY 500_Historical_TR_01012022to31122022.csv,-0.0027770208488504533,1.0
2022-12-07,24608.0,NIFTY 500,NIFTY 500_Historical_TR_01012022to31122022.csv,-0.003819877938788019,1.0
2022-12-08,24684.18,NIFTY 500,NIFTY 500_Historical_TR_01012022to31122022.csv,0.003095741222366666,1.0
2022-12-09,24531.62,NIFTY 500,NIFTY 500_Historical_TR_01012022to31122022.csv,-0.006180476726389217,1.0
2022-12-12,24555.31,NIFTY 500,NIFTY 500_Historical_TR_01012022to31122022.csv,0.000965692441021071,3.0
2022-12-13,24673.99,NIFTY 500,NIFTY 500_Historical_TR_01012022to31122022.csv,0.004833170503650841,1.0
2022-12-14,24765.99,NIFTY 500,NIFTY 500_Historical_TR_01012022to31122022.csv,0.0037286227318726883,1.0
2022-12-15,24486.8,NIFTY 500,NIFTY 500_Historical_TR_01012022to31122022.csv,-0.01127312092106969,1.0
2022-12-16,24258.0,NIFTY 500,NIFTY 500_Historical_TR_01012022to31122022.csv,-0.009343809726056418,1.0
2022-12-19,24442.38,NIFTY 500,NIFTY 500_Historical_TR_01012022to31122022.csv,0.007600791491466863,3.0
2022-12-20,24397.44,NIFTY 500,NIFTY 500_Historical_TR_01012022to31122022.csv,-0.0018386098244116411,1.0
2022-12-21,24089.23,NIFTY 500,NIFTY 500_Historical_TR_01012022to31122022.csv,-0.012632882794260336,1.0
2022-12-22,23940.18,NIFTY 500,NIFTY 500_Historical_TR_01012022to31122022.csv,-0.006187412383044211,1.0
2022-12-23,23342.13,NIFTY 500,NIFTY 500_Historical_TR_01012022to31122022.csv,-0.024981015180336907,1.0
2022-12-26,23733.97,NIFTY 500,NIFTY 500_Historical_TR_01012022to31122022.csv,0.016786814228178848,3.0
2022-12-27,23919.81,NIFTY 500,NIFTY 500_Historical_TR_01012022to31122022.csv,0.007830127028895628,1.0
2022-12-28,23942.23,NIFTY 500,NIFTY 500_Historical_TR_01012022to31122022.csv,0.0009372984149957908,1.0
2022-12-29,24023.53,NIFTY 500,NIFTY 500_Historical_TR_01012022to31122022.csv,0.003395673669495336,1.0
2022-12-30,23967.12,NIFTY 500,NIFTY 500_Historical_TR_01012022to31122022.csv,-0.0023481145360403355,1.0
2023-01-02,24083.14,NIFTY 500,NIFTY 500_Historical_TR_01012023to31122023.csv,0.004840798560694859,3.0
2023-01-03,24136.79,NIFTY 500,NIFTY 500_Historical_TR_01012023to31122023.csv,0.0022276995441625758,1.0
2023-01-04,23881.12,NIFTY 500,NIFTY 500_Historical_TR_01012023to31122023.csv,-0.010592543581810276,1.0
2023-01-05,23870.5,NIFTY 500,NIFTY 500_Historical_TR_01012023to31122023.csv,-0.0004447027610094967,1.0
2023-01-06,23693.33,NIFTY 500,NIFTY 500_Historical_TR_01012023to31122023.csv,-0.007422131920152397,1.0
2023-01-09,23969.66,NIFTY 500,NIFTY 500_Historical_TR_01012023to31122023.csv,0.011662775979568885,3.0
2023-01-10,23775.95,NIFTY 500,NIFTY 500_Historical_TR_01012023to31122023.csv,-0.008081466320339903,1.0
2023-01-11,23738.93,NIFTY 500,NIFTY 500_Historical_TR_01012023to31122023.csv,-0.0015570355758655063,1.0
2023-01-12,23705.17,NIFTY 500,NIFTY 500_Historical_TR_01012023to31122023.csv,-0.0014221365495412641,1.0
2023-01-13,23808.34,NIFTY 500,NIFTY 500_Historical_TR_01012023to31122023.csv,0.0043522151496910855,1.0
2023-01-16,23745.24,NIFTY 500,NIFTY 500_Historical_TR_01012023to31122023.csv,-0.0026503317744958066,3.0
2023-01-17,23885.99,NIFTY 500,NIFTY 500_Historical_TR_01012023to31122023.csv,0.005927503786022026,1.0
2023-01-18,23994.91,NIFTY 500,NIFTY 500_Historical_TR_01012023to31122023.csv,0.00455999521058148,1.0
2023-01-19,23924.61,NIFTY 500,NIFTY 500_Historical_TR_01012023to31122023.csv,-0.002929788025877178,1.0
2023-01-20,23813.19,NIFTY 500,NIFTY 500_Historical_TR_01012023to31122023.csv,-0.004657129207121913,1.0
2023-01-23,23899.01,NIFTY 500,NIFTY 500_Historical_TR_01012023to31122023.csv,0.0036038850737762917,3.0
2023-01-24,23876.66,NIFTY 500,NIFTY 500_Historical_TR_01012023to31122023.csv,-0.0009351851813107492,1.0
2023-01-25,23541.16,NIFTY 500,NIFTY 500_Historical_TR_01012023to31122023.csv,-0.01405137904547793,1.0
2023-01-27,23080.08,NIFTY 500,NIFTY 500_Historical_TR_01012023to31122023.csv,-0.01958612064995935,2.0
2023-01-30,23048.29,NIFTY 500,NIFTY 500_Historical_TR_01012023to31122023.csv,-0.0013773782413233349,3.0
2023-01-31,23175.05,NIFTY 500,NIFTY 500_Historical_TR_01012023to31122023.csv,0.005499757248802251,1.0
2023-02-01,23038.8,NIFTY 500,NIFTY 500_Historical_TR_01012023to31122023.csv,-0.00587916746673689,1.0
2023-02-02,23026.24,NIFTY 500,NIFTY 500_Historical_TR_01012023to31122023.csv,-0.000545167283018122,1.0
2023-02-03,23217.58,NIFTY 500,NIFTY 500_Historical_TR_01012023to31122023.csv,0.008309650207763086,1.0
2023-02-06,23174.09,NIFTY 500,NIFTY 500_Historical_TR_01012023to31122023.csv,-0.0018731495702826173,3.0
2023-02-07,23125.02,NIFTY 500,NIFTY 500_Historical_TR_01012023to31122023.csv,-0.0021174509980758094,1.0
2023-02-08,23322.64,NIFTY 500,NIFTY 500_Historical_TR_01012023to31122023.csv,0.008545722338834771,1.0
2023-02-09,23325.42,NIFTY 500,NIFTY 500_Historical_TR_01012023to31122023.csv,0.00011919748364674909,1.0
2023-02-10,23304.12,NIFTY 500,NIFTY 500_Historical_TR_01012023to31122023.csv,-0.000913166836867263,1.0
2023-02-13,23125.41,NIFTY 500,NIFTY 500_Historical_TR_01012023to31122023.csv,-0.007668601088562821,3.0
2023-02-14,23231.75,NIFTY 500,NIFTY 500_Historical_TR_01012023to31122023.csv,0.00459840495800945,1.0
2023-02-15,23352.25,NIFTY 500,NIFTY 500_Historical_TR_01012023to31122023.csv,0.005186867110742899,1.0
2023-02-16,23420.94,NIFTY 500,NIFTY 500_Historical_TR_01012023to31122023.csv,0.0029414724491214628,1.0
2023-02-17,23298.25,NIFTY 500,NIFTY 500_Historical_TR_01012023to31122023.csv,-0.005238474629967849,1.0
2023-02-20,23197.0,NIFTY 500,NIFTY 500_Historical_TR_01012023to31122023.csv,-0.004345819965018816,3.0
2023-02-21,23158.96,NIFTY 500,NIFTY 500_Historical_TR_01012023to31122023.csv,-0.0016398672242100565,1.0
2023-02-22,22830.35,NIFTY 500,NIFTY 500_Historical_TR_01012023to31122023.csv,-0.0141893245637974,1.0
2023-02-23,22775.81,NIFTY 500,NIFTY 500_Historical_TR_01012023to31122023.csv,-0.0023889252683378936,1.0
2023-02-24,22719.84,NIFTY 500,NIFTY 500_Historical_TR_01012023to31122023.csv,-0.0024574318103286474,1.0
2023-02-27,22592.89,NIFTY 500,NIFTY 500_Historical_TR_01012023to31122023.csv,-0.005587627377657611,3.0
2023-02-28,22546.35,NIFTY 500,NIFTY 500_Historical_TR_01012023to31122023.csv,-0.002059940096198476,1.0
2023-03-01,22773.28,NIFTY 500,NIFTY 500_Historical_TR_01012023to31122023.csv,0.010065043787575334,1.0
2023-03-02,22652.74,NIFTY 500,NIFTY 500_Historical_TR_01012023to31122023.csv,-0.005293045182775513,1.0
2023-03-03,22943.96,NIFTY 500,NIFTY 500_Historical_TR_01012023to31122023.csv,0.012855839955784543,1.0
2023-03-06,23108.97,NIFTY 500,NIFTY 500_Historical_TR_01012023to31122023.csv,0.007191870976065218,3.0
2023-03-08,23172.99,NIFTY 500,NIFTY 500_Historical_TR_01012023to31122023.csv,0.002770352811051202,2.0
2023-03-09,22989.73,NIFTY 500,NIFTY 500_Historical_TR_01012023to31122023.csv,-0.007908345017194729,1.0
2023-03-10,22797.01,NIFTY 500,NIFTY 500_Historical_TR_01012023to31122023.csv,-0.008382873570068061,1.0
2023-03-13,22446.97,NIFTY 500,NIFTY 500_Historical_TR_01012023to31122023.csv,-0.0153546451925054,3.0
2023-03-14,22298.04,NIFTY 500,NIFTY 500_Historical_TR_01012023to31122023.csv,-0.006634748476074925,1.0
2023-03-15,22238.83,NIFTY 500,NIFTY 500_Historical_TR_01012023to31122023.csv,-0.0026553903392405598,1.0
2023-03-16,22254.68,NIFTY 500,NIFTY 500_Historical_TR_01012023to31122023.csv,0.000712717350688008,1.0
2023-03-17,22395.26,NIFTY 500,NIFTY 500_Historical_TR_01012023to31122023.csv,0.006316873574456983,1.0
2023-03-20,22234.47,NIFTY 500,NIFTY 500_Historical_TR_01012023to31122023.csv,-0.0071796442640092994,3.0
2023-03-21,22380.86,NIFTY 500,NIFTY 500_Historical_TR_01012023to31122023.csv,0.006583921271791082,1.0
2023-03-22,22456.46,NIFTY 500,NIFTY 500_Historical_TR_01012023to31122023.csv,0.0033778862831901346,1.0
2023-03-23,22368.83,NIFTY 500,NIFTY 500_Historical_TR_01012023to31122023.csv,-0.003902217891867066,1.0
2023-03-24,22176.11,NIFTY 500,NIFTY 500_Historical_TR_01012023to31122023.csv,-0.008615560134347722,1.0
2023-03-27,22150.83,NIFTY 500,NIFTY 500_Historical_TR_01012023to31122023.csv,-0.001139965485380423,3.0
2023-03-28,22071.73,NIFTY 500,NIFTY 500_Historical_TR_01012023to31122023.csv,-0.003570972284108631,1.0
2023-03-29,22279.71,NIFTY 500,NIFTY 500_Historical_TR_01012023to31122023.csv,0.009422913382865827,1.0
2023-03-31,22609.54,NIFTY 500,NIFTY 500_Historical_TR_01012023to31122023.csv,0.014804052655981614,2.0
2023-04-03,22678.03,NIFTY 500,NIFTY 500_Historical_TR_01012023to31122023.csv,0.0030292522536945476,3.0
2023-04-05,22844.93,NIFTY 500,NIFTY 500_Historical_TR_01012023to31122023.csv,0.007359545780652121,2.0
2023-04-06,22922.21,NIFTY 500,NIFTY 500_Historical_TR_01012023to31122023.csv,0.0033828074763195826,1.0
2023-04-10,22970.96,NIFTY 500,NIFTY 500_Historical_TR_01012023to31122023.csv,0.002126758283778063,4.0
2023-04-11,23090.27,NIFTY 500,NIFTY 500_Historical_TR_01012023to31122023.csv,0.005193949229810313,1.0
2023-04-12,23205.72,NIFTY 500,NIFTY 500_Historical_TR_01012023to31122023.csv,0.004999941533814889,1.0
2023-04-13,23227.12,NIFTY 500,NIFTY 500_Historical_TR_01012023to31122023.csv,0.0009221864264499224,1.0
2023-04-17,23149.56,NIFTY 500,NIFTY 500_Historical_TR_01012023to31122023.csv,-0.0033392000385754628,4.0
2023-04-18,23138.2,NIFTY 500,NIFTY 500_Historical_TR_01012023to31122023.csv,-0.0004907220698795456,1.0
2023-04-19,23075.89,NIFTY 500,NIFTY 500_Historical_TR_01012023to31122023.csv,-0.002692949321900673,1.0
2023-04-20,23083.44,NIFTY 500,NIFTY 500_Historical_TR_01012023to31122023.csv,0.00032718131348352664,1.0
2023-04-21,23061.48,NIFTY 500,NIFTY 500_Historical_TR_01012023to31122023.csv,-0.0009513313440283611,1.0
2023-04-24,23190.5,NIFTY 500,NIFTY 500_Historical_TR_01012023to31122023.csv,0.005594610580066828,3.0
2023-04-25,23230.2,NIFTY 500,NIFTY 500_Historical_TR_01012023to31122023.csv,0.0017119078933183207,1.0
2023-04-26,23290.3,NIFTY 500,NIFTY 500_Historical_TR_01012023to31122023.csv,0.002587149486444229,1.0
2023-04-27,23415.66,NIFTY 500,NIFTY 500_Historical_TR_01012023to31122023.csv,0.005382498293280857,1.0
2023-04-28,23643.94,NIFTY 500,NIFTY 500_Historical_TR_01012023to31122023.csv,0.00974903120390369,1.0
2023-05-02,23770.12,NIFTY 500,NIFTY 500_Historical_TR_01012023to31122023.csv,0.005336674006108932,4.0
2023-05-03,23732.29,NIFTY 500,NIFTY 500_Historical_TR_01012023to31122023.csv,-0.0015914938586762961,1.0
2023-05-04,23932.9,NIFTY 500,NIFTY 500_Historical_TR_01012023to31122023.csv,0.008453040140669055,1.0
2023-05-05,23735.76,NIFTY 500,NIFTY 500_Historical_TR_01012023to31122023.csv,-0.008237196495201271,1.0
2023-05-08,23966.42,NIFTY 500,NIFTY 500_Historical_TR_01012023to31122023.csv,0.009717826604246138,3.0
2023-05-09,23956.36,NIFTY 500,NIFTY 500_Historical_TR_01012023to31122023.csv,-0.0004197539724329902,1.0
2023-05-10,24027.2,NIFTY 500,NIFTY 500_Historical_TR_01012023to31122023.csv,0.0029570435575354548,1.0
2023-05-11,24055.22,NIFTY 500,NIFTY 500_Historical_TR_01012023to31122023.csv,0.0011661783312246765,1.0
2023-05-12,24044.99,NIFTY 500,NIFTY 500_Historical_TR_01012023to31122023.csv,-0.00042527152110849453,1.0
2023-05-15,24157.41,NIFTY 500,NIFTY 500_Historical_TR_01012023to31122023.csv,0.0046754022355592895,3.0
2023-05-16,24100.95,NIFTY 500,NIFTY 500_Historical_TR_01012023to31122023.csv,-0.002337171079184408,1.0
2023-05-17,23998.15,NIFTY 500,NIFTY 500_Historical_TR_01012023to31122023.csv,-0.004265392028115045,1.0
2023-05-18,23897.44,NIFTY 500,NIFTY 500_Historical_TR_01012023to31122023.csv,-0.00419657348587299,1.0
2023-05-19,23970.65,NIFTY 500,NIFTY 500_Historical_TR_01012023to31122023.csv,0.003063508057767006,1.0
2023-05-22,24120.68,NIFTY 500,NIFTY 500_Historical_TR_01012023to31122023.csv,0.006258904118161102,3.0
2023-05-23,24184.07,NIFTY 500,NIFTY 500_Historical_TR_01012023to31122023.csv,0.002628035362187031,1.0
2023-05-24,24139.55,NIFTY 500,NIFTY 500_Historical_TR_01012023to31122023.csv,-0.0018408812081671666,1.0
2023-05-25,24200.87,NIFTY 500,NIFTY 500_Historical_TR_01012023to31122023.csv,0.0025402296231702426,1.0
2023-05-26,24420.97,NIFTY 500,NIFTY 500_Historical_TR_01012023to31122023.csv,0.009094714363574674,1.0
2023-05-29,24538.66,NIFTY 500,NIFTY 500_Historical_TR_01012023to31122023.csv,0.0048192188926154955,3.0
2023-05-30,24580.88,NIFTY 500,NIFTY 500_Historical_TR_01012023to31122023.csv,0.001720550347900085,1.0
2023-05-31,24538.09,NIFTY 500,NIFTY 500_Historical_TR_01012023to31122023.csv,-0.0017407838938231501,1.0
2023-06-01,24528.9,NIFTY 500,NIFTY 500_Historical_TR_01012023to31122023.csv,-0.00037451977721159047,1.0
2023-06-02,24622.76,NIFTY 500,NIFTY 500_Historical_TR_01012023to31122023.csv,0.0038265066921059354,1.0
2023-06-05,24698.02,NIFTY 500,NIFTY 500_Historical_TR_01012023to31122023.csv,0.0030565216896887293,3.0
2023-06-06,24727.42,NIFTY 500,NIFTY 500_Historical_TR_01012023to31122023.csv,0.001190378823889393,1.0
2023-06-07,24927.81,NIFTY 500,NIFTY 500_Historical_TR_01012023to31122023.csv,0.008103959086714463,1.0
2023-06-08,24794.46,NIFTY 500,NIFTY 500_Historical_TR_01012023to31122023.csv,-0.005349447063340174,1.0
2023-06-09,24728.83,NIFTY 500,NIFTY 500_Historical_TR_01012023to31122023.csv,-0.00264696226495742,1.0
2023-06-12,24809.86,NIFTY 500,NIFTY 500_Historical_TR_01012023to31122023.csv,0.0032767421669361863,3.0
2023-06-13,24995.38,NIFTY 500,NIFTY 500_Historical_TR_01012023to31122023.csv,0.007477672183559214,1.0
2023-06-14,25051.74,NIFTY 500,NIFTY 500_Historical_TR_01012023to31122023.csv,0.002254816690124395,1.0
2023-06-15,25016.49,NIFTY 500,NIFTY 500_Historical_TR_01012023to31122023.csv,-0.0014070878909009377,1.0
2023-06-16,25210.05,NIFTY 500,NIFTY 500_Historical_TR_01012023to31122023.csv,0.007737296479242151,1.0
2023-06-19,25152.76,NIFTY 500,NIFTY 500_Historical_TR_01012023to31122023.csv,-0.0022725064012170115,3.0
2023-06-20,25242.91,NIFTY 500,NIFTY 500_Historical_TR_01012023to31122023.csv,0.00358409971708884,1.0
2023-06-21,25307.38,NIFTY 500,NIFTY 500_Historical_TR_01012023to31122023.csv,0.0025539844653410526,1.0
2023-06-22,25151.71,NIFTY 500,NIFTY 500_Historical_TR_01012023to31122023.csv,-0.006151170132981054,1.0
2023-06-23,24951.37,NIFTY 500,NIFTY 500_Historical_TR_01012023to31122023.csv,-0.007965263594403749,1.0
2023-06-26,25036.52,NIFTY 500,NIFTY 500_Historical_TR_01012023to31122023.csv,0.0034126382639509956,3.0
2023-06-27,25188.25,NIFTY 500,NIFTY 500_Historical_TR_01012023to31122023.csv,0.0060603470450366625,1.0
2023-06-28,25365.6,NIFTY 500,NIFTY 500_Historical_TR_01012023to31122023.csv,0.007040981409982772,1.0
2023-06-30,25605.81,NIFTY 500,NIFTY 500_Historical_TR_01012023to31122023.csv,0.009469912006812464,2.0
2023-07-03,25758.55,NIFTY 500,NIFTY 500_Historical_TR_01012023to31122023.csv,0.005965052462702625,3.0
2023-07-04,25802.39,NIFTY 500,NIFTY 500_Historical_TR_01012023to31122023.csv,0.0017019591553095736,1.0
2023-07-05,25866.77,NIFTY 500,NIFTY 500_Historical_TR_01012023to31122023.csv,0.0024951177003371683,1.0
2023-07-06,26019.5,NIFTY 500,NIFTY 500_Historical_TR_01012023to31122023.csv,0.005904486721767022,1.0
2023-07-07,25819.68,NIFTY 500,NIFTY 500_Historical_TR_01012023to31122023.csv,-0.007679624896712034,1.0
2023-07-10,25802.98,NIFTY 500,NIFTY 500_Historical_TR_01012023to31122023.csv,-0.000646793453675687,3.0
2023-07-11,25951.75,NIFTY 500,NIFTY 500_Historical_TR_01012023to31122023.csv,0.00576561311910484,1.0
2023-07-12,25941.03,NIFTY 500,NIFTY 500_Historical_TR_01012023to31122023.csv,-0.0004130742628146722,1.0
2023-07-13,25915.16,NIFTY 500,NIFTY 500_Historical_TR_01012023to31122023.csv,-0.0009972618666259647,1.0
2023-07-14,26140.06,NIFTY 500,NIFTY 500_Historical_TR_01012023to31122023.csv,0.008678318019259779,1.0
2023-07-17,26306.4,NIFTY 500,NIFTY 500_Historical_TR_01012023to31122023.csv,0.006363413090865189,3.0
2023-07-18,26306.44,NIFTY 500,NIFTY 500_Historical_TR_01012023to31122023.csv,1.520542529442892e-06,1.0
2023-07-19,26433.69,NIFTY 500,NIFTY 500_Historical_TR_01012023to31122023.csv,0.004837218567012469,1.0
2023-07-20,26576.66,NIFTY 500,NIFTY 500_Historical_TR_01012023to31122023.csv,0.005408628155963102,1.0
2023-07-21,26363.76,NIFTY 500,NIFTY 500_Historical_TR_01012023to31122023.csv,-0.00801078841359304,1.0
2023-07-24,26302.9,NIFTY 500,NIFTY 500_Historical_TR_01012023to31122023.csv,-0.0023084719326832426,3.0
2023-07-25,26352.58,NIFTY 500,NIFTY 500_Historical_TR_01012023to31122023.csv,0.0018887651171544118,1.0
2023-07-26,26474.86,NIFTY 500,NIFTY 500_Historical_TR_01012023to31122023.csv,0.00464015288066677,1.0
2023-07-27,26390.08,NIFTY 500,NIFTY 500_Historical_TR_01012023to31122023.csv,-0.0032022832226497044,1.0
2023-07-28,26439.89,NIFTY 500,NIFTY 500_Historical_TR_01012023to31122023.csv,0.0018874516484981285,1.0
2023-07-31,26612.52,NIFTY 500,NIFTY 500_Historical_TR_01012023to31122023.csv,0.006529149705237103,3.0
2023-08-01,26600.66,NIFTY 500,NIFTY 500_Historical_TR_01012023to31122023.csv,-0.0004456549022791023,1.0
2023-08-02,26308.16,NIFTY 500,NIFTY 500_Historical_TR_01012023to31122023.csv,-0.010995967769220738,1.0
2023-08-03,26176.98,NIFTY 500,NIFTY 500_Historical_TR_01012023to31122023.csv,-0.004986285623928111,1.0
2023-08-04,26362.94,NIFTY 500,NIFTY 500_Historical_TR_01012023to31122023.csv,0.007103951639952255,1.0
2023-08-07,26465.57,NIFTY 500,NIFTY 500_Historical_TR_01012023to31122023.csv,0.003892964896934803,3.0
2023-08-08,26454.63,NIFTY 500,NIFTY 500_Historical_TR_01012023to31122023.csv,-0.0004133672541343225,1.0
2023-08-09,26551.16,NIFTY 500,NIFTY 500_Historical_TR_01012023to31122023.csv,0.0036488886822456656,1.0
2023-08-10,26451.46,NIFTY 500,NIFTY 500_Historical_TR_01012023to31122023.csv,-0.0037550148468089573,1.0
2023-08-11,26335.87,NIFTY 500,NIFTY 500_Historical_TR_01012023to31122023.csv,-0.004369891113760849,1.0
2023-08-14,26285.2,NIFTY 500,NIFTY 500_Historical_TR_01012023to31122023.csv,-0.0019239918787569144,3.0
2023-08-16,26328.16,NIFTY 500,NIFTY 500_Historical_TR_01012023to31122023.csv,0.0016343798030831191,2.0
2023-08-17,26249.46,NIFTY 500,NIFTY 500_Historical_TR_01012023to31122023.csv,-0.0029891948392899437,1.0
2023-08-18,26183.37,NIFTY 500,NIFTY 500_Historical_TR_01012023to31122023.csv,-0.002517766079759398,1.0
2023-08-21,26337.03,NIFTY 500,NIFTY 500_Historical_TR_01012023to31122023.csv,0.005868610495898707,3.0
2023-08-22,26420.68,NIFTY 500,NIFTY 500_Historical_TR_01012023to31122023.csv,0.003176136413255426,1.0
2023-08-23,26491.09,NIFTY 500,NIFTY 500_Historical_TR_01012023to31122023.csv,0.002664957904187082,1.0
2023-08-24,26459.92,NIFTY 500,NIFTY 500_Historical_TR_01012023to31122023.csv,-0.0011766220265002625,1.0
2023-08-25,26289.91,NIFTY 500,NIFTY 500_Historical_TR_01012023to31122023.csv,-0.006425189494148054,1.0
2023-08-28,26374.96,NIFTY 500,NIFTY 500_Historical_TR_01012023to31122023.csv,0.003235081443793364,3.0
2023-08-29,26456.41,NIFTY 500,NIFTY 500_Historical_TR_01012023to31122023.csv,0.003088156342227588,1.0
2023-08-30,26521.52,NIFTY 500,NIFTY 500_Historical_TR_01012023to31122023.csv,0.00246102929309,1.0
2023-08-31,26451.77,NIFTY 500,NIFTY 500_Historical_TR_01012023to31122023.csv,-0.002629939762125222,1.0
2023-09-01,26687.23,NIFTY 500,NIFTY 500_Historical_TR_01012023to31122023.csv,0.008901483719236936,1.0
2023-09-04,26853.57,NIFTY 500,NIFTY 500_Historical_TR_01012023to31122023.csv,0.006232943621349962,3.0
2023-09-05,26964.77,NIFTY 500,NIFTY 500_Historical_TR_01012023to31122023.csv,0.004140976413936848,1.0
2023-09-06,27015.63,NIFTY 500,NIFTY 500_Historical_TR_01012023to31122023.csv,0.0018861647994772301,1.0
2023-09-07,27173.35,NIFTY 500,NIFTY 500_Historical_TR_01012023to31122023.csv,0.005838101869177104,1.0
2023-09-08,27333.04,NIFTY 500,NIFTY 500_Historical_TR_01012023to31122023.csv,0.005876713765509356,1.0
2023-09-11,27592.63,NIFTY 500,NIFTY 500_Historical_TR_01012023to31122023.csv,0.009497297044163355,3.0
2023-09-12,27291.38,NIFTY 500,NIFTY 500_Historical_TR_01012023to31122023.csv,-0.010917770433626628,1.0
2023-09-13,27394.9,NIFTY 500,NIFTY 500_Historical_TR_01012023to31122023.csv,0.0037931390790792996,1.0
2023-09-14,27515.02,NIFTY 500,NIFTY 500_Historical_TR_01012023to31122023.csv,0.004384757746879853,1.0
2023-09-15,27612.99,NIFTY 500,NIFTY 500_Historical_TR_01012023to31122023.csv,0.003560600719170859,1.0
2023-09-18,27531.77,NIFTY 500,NIFTY 500_Historical_TR_01012023to31122023.csv,-0.0029413692613513565,3.0
2023-09-20,27275.34,NIFTY 500,NIFTY 500_Historical_TR_01012023to31122023.csv,-0.009313967100553322,2.0
2023-09-21,27047.52,NIFTY 500,NIFTY 500_Historical_TR_01012023to31122023.csv,-0.008352599820937168,1.0
2023-09-22,26981.05,NIFTY 500,NIFTY 500_Historical_TR_01012023to31122023.csv,-0.0024575266050270717,1.0
2023-09-25,26999.45,NIFTY 500,NIFTY 500_Historical_TR_01012023to31122023.csv,0.0006819601164520517,3.0
2023-09-26,27006.0,NIFTY 500,NIFTY 500_Historical_TR_01012023to31122023.csv,0.00024259753439426213,1.0
2023-09-27,27107.39,NIFTY 500,NIFTY 500_Historical_TR_01012023to31122023.csv,0.0037543508849884333,1.0
2023-09-28,26840.81,NIFTY 500,NIFTY 500_Historical_TR_01012023to31122023.csv,-0.009834218639271364,1.0
2023-09-29,27031.74,NIFTY 500,NIFTY 500_Historical_TR_01012023to31122023.csv,0.0071134216888386614,1.0
2023-10-03,26972.02,NIFTY 500,NIFTY 500_Historical_TR_01012023to31122023.csv,-0.002209254750156764,4.0
2023-10-04,26766.76,NIFTY 500,NIFTY 500_Historical_TR_01012023to31122023.csv,-0.007610108549526595,1.0
2023-10-05,26880.39,NIFTY 500,NIFTY 500_Historical_TR_01012023to31122023.csv,0.00424519067679463,1.0
2023-10-06,27033.29,NIFTY 500,NIFTY 500_Historical_TR_01012023to31122023.csv,0.0056881615184898315,1.0
2023-10-09,26773.95,NIFTY 500,NIFTY 500_Historical_TR_01012023to31122023.csv,-0.00959335693139829,3.0
2023-10-10,27048.54,NIFTY 500,NIFTY 500_Historical_TR_01012023to31122023.csv,0.01025586437563386,1.0
2023-10-11,27211.1,NIFTY 500,NIFTY 500_Historical_TR_01012023to31122023.csv,0.006009936210974676,1.0
2023-10-12,27230.45,NIFTY 500,NIFTY 500_Historical_TR_01012023to31122023.csv,0.0007111068644782836,1.0
2023-10-13,27184.52,NIFTY 500,NIFTY 500_Historical_TR_01012023to31122023.csv,-0.0016867146888869256,1.0
2023-10-16,27188.68,NIFTY 500,NIFTY 500_Historical_TR_01012023to31122023.csv,0.0001530282675581418,3.0
2023-10-17,27305.47,NIFTY 500,NIFTY 500_Historical_TR_01012023to31122023.csv,0.004295537701719976,1.0
2023-10-18,27112.09,NIFTY 500,NIFTY 500_Historical_TR_01012023to31122023.csv,-0.00708209746984767,1.0
2023-10-19,27061.52,NIFTY 500,NIFTY 500_Historical_TR_01012023to31122023.csv,-0.0018652195385896464,1.0
2023-10-20,26905.17,NIFTY 500,NIFTY 500_Historical_TR_01012023to31122023.csv,-0.005777576425862296,1.0
2023-10-23,26404.83,NIFTY 500,NIFTY 500_Historical_TR_01012023to31122023.csv,-0.018596425891380552,3.0
2023-10-25,26217.58,NIFTY 500,NIFTY 500_Historical_TR_01012023to31122023.csv,-0.0070915056071181315,2.0
2023-10-26,25896.34,NIFTY 500,NIFTY 500_Historical_TR_01012023to31122023.csv,-0.012252847135395428,1.0
2023-10-27,26225.88,NIFTY 500,NIFTY 500_Historical_TR_01012023to31122023.csv,0.012725350377698286,1.0
2023-10-30,26320.74,NIFTY 500,NIFTY 500_Historical_TR_01012023to31122023.csv,0.0036170378267574854,3.0
2023-10-31,26281.76,NIFTY 500,NIFTY 500_Historical_TR_01012023to31122023.csv,-0.001480961401541303,1.0
2023-11-01,26176.34,NIFTY 500,NIFTY 500_Historical_TR_01012023to31122023.csv,-0.004011146894271844,1.0
2023-11-02,26428.25,NIFTY 500,NIFTY 500_Historical_TR_01012023to31122023.csv,0.009623576099638154,1.0
2023-11-03,26603.2,NIFTY 500,NIFTY 500_Historical_TR_01012023to31122023.csv,0.0066198102409353865,1.0
2023-11-06,26852.91,NIFTY 500,NIFTY 500_Historical_TR_01012023to31122023.csv,0.009386464786191206,3.0
2023-11-07,26897.88,NIFTY 500,NIFTY 500_Historical_TR_01012023to31122023.csv,0.001674678833690768,1.0
2023-11-08,27010.76,NIFTY 500,NIFTY 500_Historical_TR_01012023to31122023.csv,0.0041966132646884535,1.0
2023-11-09,26947.4,NIFTY 500,NIFTY 500_Historical_TR_01012023to31122023.csv,-0.002345731849085264,1.0
2023-11-10,27007.31,NIFTY 500,NIFTY 500_Historical_TR_01012023to31122023.csv,0.002223220050914021,1.0
2023-11-12,27170.84,NIFTY 500,NIFTY 500_Historical_TR_01012023to31122023.csv,0.006055027324083806,2.0
2023-11-13,27105.14,NIFTY 500,NIFTY 500_Historical_TR_01012023to31122023.csv,-0.0024180334505669032,1.0
2023-11-15,27402.22,NIFTY 500,NIFTY 500_Historical_TR_01012023to31122023.csv,0.010960282809828747,2.0
2023-11-16,27539.17,NIFTY 500,NIFTY 500_Historical_TR_01012023to31122023.csv,0.0049977702536507795,1.0
2023-11-17,27551.74,NIFTY 500,NIFTY 500_Historical_TR_01012023to31122023.csv,0.0004564407714540142,1.0
2023-11-20,27510.09,NIFTY 500,NIFTY 500_Historical_TR_01012023to31122023.csv,-0.0015117012573434563,3.0
2023-11-21,27594.87,NIFTY 500,NIFTY 500_Historical_TR_01012023to31122023.csv,0.0030817783584131675,1.0
2023-11-22,27595.66,NIFTY 500,NIFTY 500_Historical_TR_01012023to31122023.csv,2.862850957452423e-05,1.0
2023-11-23,27614.05,NIFTY 500,NIFTY 500_Historical_TR_01012023to31122023.csv,0.0006664091382484472,1.0
2023-11-24,27621.9,NIFTY 500,NIFTY 500_Historical_TR_01012023to31122023.csv,0.00028427557710664075,1.0
2023-11-28,27775.75,NIFTY 500,NIFTY 500_Historical_TR_01012023to31122023.csv,0.005569855802822987,4.0
2023-11-29,28029.82,NIFTY 500,NIFTY 500_Historical_TR_01012023to31122023.csv,0.009147187744705354,1.0
2023-11-30,28161.16,NIFTY 500,NIFTY 500_Historical_TR_01012023to31122023.csv,0.00468572398966538,1.0
2023-12-01,28360.55,NIFTY 500,NIFTY 500_Historical_TR_01012023to31122023.csv,0.007080319134581181,1.0
2023-12-04,28882.17,NIFTY 500,NIFTY 500_Historical_TR_01012023to31122023.csv,0.018392450075897626,3.0
2023-12-05,29101.4,NIFTY 500,NIFTY 500_Historical_TR_01012023to31122023.csv,0.007590496143468517,1.0
2023-12-06,29244.57,NIFTY 500,NIFTY 500_Historical_TR_01012023to31122023.csv,0.0049196945851401885,1.0
2023-12-07,29281.91,NIFTY 500,NIFTY 500_Historical_TR_01012023to31122023.csv,0.001276818226426224,1.0
2023-12-08,29281.34,NIFTY 500,NIFTY 500_Historical_TR_01012023to31122023.csv,-1.946594330759499e-05,1.0
2023-12-11,29385.81,NIFTY 500,NIFTY 500_Historical_TR_01012023to31122023.csv,0.0035678012003550474,3.0
2023-12-12,29255.2,NIFTY 500,NIFTY 500_Historical_TR_01012023to31122023.csv,-0.004444662236637309,1.0
2023-12-13,29356.39,NIFTY 500,NIFTY 500_Historical_TR_01012023to31122023.csv,0.003458872268861546,1.0
2023-12-14,29704.91,NIFTY 500,NIFTY 500_Historical_TR_01012023to31122023.csv,0.011872031949432538,1.0
2023-12-15,29972.97,NIFTY 500,NIFTY 500_Historical_TR_01012023to31122023.csv,0.009024097363028671,1.0
2023-12-18,29989.39,NIFTY 500,NIFTY 500_Historical_TR_01012023to31122023.csv,0.0005478269253931245,3.0
2023-12-19,30010.85,NIFTY 500,NIFTY 500_Historical_TR_01012023to31122023.csv,0.0007155864123944422,1.0
2023-12-20,29400.59,NIFTY 500,NIFTY 500_Historical_TR_01012023to31122023.csv,-0.020334645636494786,1.0
2023-12-21,29654.71,NIFTY 500,NIFTY 500_Historical_TR_01012023to31122023.csv,0.008643363959702777,1.0
2023-12-22,29831.49,NIFTY 500,NIFTY 500_Historical_TR_01012023to31122023.csv,0.0059612790008738425,1.0
2023-12-26,29978.9,NIFTY 500,NIFTY 500_Historical_TR_01012023to31122023.csv,0.004941422637622095,4.0
2023-12-27,30210.78,NIFTY 500,NIFTY 500_Historical_TR_01012023to31122023.csv,0.007734773457331645,1.0
2023-12-28,30370.94,NIFTY 500,NIFTY 500_Historical_TR_01012023to31122023.csv,0.0053014188974929155,1.0
2023-12-29,30417.8,NIFTY 500,NIFTY 500_Historical_TR_01012023to31122023.csv,0.0015429222803113873,1.0
2024-01-01,30480.99,NIFTY 500,NIFTY 500_Historical_TR_01012024to31122024.csv,0.0020774020474854105,3.0
2024-01-02,30400.92,NIFTY 500,NIFTY 500_Historical_TR_01012024to31122024.csv,-0.0026268831819440397,1.0
2024-01-03,30320.7,NIFTY 500,NIFTY 500_Historical_TR_01012024to31122024.csv,-0.002638735932991465,1.0
2024-01-04,30593.27,NIFTY 500,NIFTY 500_Historical_TR_01012024to31122024.csv,0.008989568182792507,1.0
2024-01-05,30670.51,NIFTY 500,NIFTY 500_Historical_TR_01012024to31122024.csv,0.00252473828394284,1.0
2024-01-08,30399.86,NIFTY 500,NIFTY 500_Historical_TR_01012024to31122024.csv,-0.00882443754603357,3.0
2024-01-09,30465.39,NIFTY 500,NIFTY 500_Historical_TR_01012024to31122024.csv,0.002155602032377635,1.0
2024-01-10,30556.65,NIFTY 500,NIFTY 500_Historical_TR_01012024to31122024.csv,0.0029955303378688125,1.0
2024-01-11,30660.78,NIFTY 500,NIFTY 500_Historical_TR_01012024to31122024.csv,0.0034077688490066205,1.0
2024-01-12,30913.19,NIFTY 500,NIFTY 500_Historical_TR_01012024to31122024.csv,0.008232341121132691,1.0
2024-01-15,31132.31,NIFTY 500,NIFTY 500_Historical_TR_01012024to31122024.csv,0.007088236445349061,3.0
2024-01-16,31041.51,NIFTY 500,NIFTY 500_Historical_TR_01012024to31122024.csv,-0.002916584089005969,1.0
2024-01-17,30509.29,NIFTY 500,NIFTY 500_Historical_TR_01012024to31122024.csv,-0.017145428814513086,1.0
2024-01-18,30395.29,NIFTY 500,NIFTY 500_Historical_TR_01012024to31122024.csv,-0.0037365667965396643,1.0
2024-01-19,30703.17,NIFTY 500,NIFTY 500_Historical_TR_01012024to31122024.csv,0.010129200938697958,1.0
2024-01-20,30696.16,NIFTY 500,NIFTY 500_Historical_TR_01012024to31122024.csv,-0.00022831518699850673,1.0
2024-01-23,30076.99,NIFTY 500,NIFTY 500_Historical_TR_01012024to31122024.csv,-0.02017092691724298,3.0
2024-01-24,30460.23,NIFTY 500,NIFTY 500_Historical_TR_01012024to31122024.csv,0.01274196653322024,1.0
2024-01-25,30369.59,NIFTY 500,NIFTY 500_Historical_TR_01012024to31122024.csv,-0.0029756833746823474,1.0
2024-01-29,30868.87,NIFTY 500,NIFTY 500_Historical_TR_01012024to31122024.csv,0.016440129748211962,4.0
2024-01-30,30654.14,NIFTY 500,NIFTY 500_Historical_TR_01012024to31122024.csv,-0.006956198914958689,1.0
2024-01-31,31011.17,NIFTY 500,NIFTY 500_Historical_TR_01012024to31122024.csv,0.011647040171409051,1.0
2024-02-01,30972.56,NIFTY 500,NIFTY 500_Historical_TR_01012024to31122024.csv,-0.0012450352566509837,1.0
2024-02-02,31181.94,NIFTY 500,NIFTY 500_Historical_TR_01012024to31122024.csv,0.006760177395733535,1.0
2024-02-05,31092.89,NIFTY 500,NIFTY 500_Historical_TR_01012024to31122024.csv,-0.0028558197469432667,3.0
2024-02-06,31378.02,NIFTY 500,NIFTY 500_Historical_TR_01012024to31122024.csv,0.009170263684076918,1.0
2024-02-07,31497.14,NIFTY 500,NIFTY 500_Historical_TR_01012024to31122024.csv,0.003796287974830781,1.0
2024-02-08,31317.58,NIFTY 500,NIFTY 500_Historical_TR_01012024to31122024.csv,-0.005700835059945009,1.0
2024-02-09,31279.68,NIFTY 500,NIFTY 500_Historical_TR_01012024to31122024.csv,-0.0012101829068530412,1.0
2024-02-12,30831.81,NIFTY 500,NIFTY 500_Historical_TR_01012024to31122024.csv,-0.014318241107325824,3.0
2024-02-13,31000.76,NIFTY 500,NIFTY 500_Historical_TR_01012024to31122024.csv,0.00547973018775072,1.0
2024-02-14,31219.36,NIFTY 500,NIFTY 500_Historical_TR_01012024to31122024.csv,0.007051440029212319,1.0
2024-02-15,31403.73,NIFTY 500,NIFTY 500_Historical_TR_01012024to31122024.csv,0.005905630352447844,1.0
2024-02-16,31609.27,NIFTY 500,NIFTY 500_Historical_TR_01012024to31122024.csv,0.006545082383525802,1.0
2024-02-19,31728.7,NIFTY 500,NIFTY 500_Historical_TR_01012024to31122024.csv,0.0037783219922509215,3.0
2024-02-20,31781.65,NIFTY 500,NIFTY 500_Historical_TR_01012024to31122024.csv,0.001668836101069493,1.0
2024-02-21,31557.54,NIFTY 500,NIFTY 500_Historical_TR_01012024to31122024.csv,-0.007051553333448757,1.0
2024-02-22,31802.39,NIFTY 500,NIFTY 500_Historical_TR_01012024to31122024.csv,0.007758843053038866,1.0
2024-02-23,31849.62,NIFTY 500,NIFTY 500_Historical_TR_01012024to31122024.csv,0.0014851085091402982,1.0
2024-02-26,31759.23,NIFTY 500,NIFTY 500_Historical_TR_01012024to31122024.csv,-0.0028380244411079225,3.0
2024-02-27,31817.3,NIFTY 500,NIFTY 500_Historical_TR_01012024to31122024.csv,0.0018284448332028802,1.0
2024-02-28,31390.09,NIFTY 500,NIFTY 500_Historical_TR_01012024to31122024.csv,-0.013426972118941505,1.0
2024-02-29,31499.31,NIFTY 500,NIFTY 500_Historical_TR_01012024to31122024.csv,0.003479442078694328,1.0
2024-03-01,31906.58,NIFTY 500,NIFTY 500_Historical_TR_01012024to31122024.csv,0.012929489566596786,1.0
2024-03-02,32018.73,NIFTY 500,NIFTY 500_Historical_TR_01012024to31122024.csv,0.00351494895410287,1.0
2024-03-04,32035.51,NIFTY 500,NIFTY 500_Historical_TR_01012024to31122024.csv,0.0005240682562988042,2.0
2024-03-05,31957.1,NIFTY 500,NIFTY 500_Historical_TR_01012024to31122024.csv,-0.002447596432833432,1.0
2024-03-06,31953.91,NIFTY 500,NIFTY 500_Historical_TR_01012024to31122024.csv,-9.982132296104673e-05,1.0
2024-03-07,32040.62,NIFTY 500,NIFTY 500_Historical_TR_01012024to31122024.csv,0.002713595926132406,1.0
2024-03-11,31811.65,NIFTY 500,NIFTY 500_Historical_TR_01012024to31122024.csv,-0.00714624124002583,4.0
2024-03-12,31627.67,NIFTY 500,NIFTY 500_Historical_TR_01012024to31122024.csv,-0.005783415824077154,1.0
2024-03-13,30804.35,NIFTY 500,NIFTY 500_Historical_TR_01012024to31122024.csv,-0.026031636222333177,1.0
2024-03-14,31227.76,NIFTY 500,NIFTY 500_Historical_TR_01012024to31122024.csv,0.013745136644662148,1.0
2024-03-15,31085.07,NIFTY 500,NIFTY 500_Historical_TR_01012024to31122024.csv,-0.004569331902128049,1.0
2024-03-18,31113.75,NIFTY 500,NIFTY 500_Historical_TR_01012024to31122024.csv,0.0009226294166300164,3.0
2024-03-19,30749.48,NIFTY 500,NIFTY 500_Historical_TR_01012024to31122024.csv,-0.01170768550881851,1.0
2024-03-20,30783.19,NIFTY 500,NIFTY 500_Historical_TR_01012024to31122024.csv,0.0010962787012982478,1.0
2024-03-21,31199.42,NIFTY 500,NIFTY 500_Historical_TR_01012024to31122024.csv,0.01352134070575528,1.0
2024-03-22,31353.21,NIFTY 500,NIFTY 500_Historical_TR_01012024to31122024.csv,0.004929258300314654,1.0
2024-03-26,31369.91,NIFTY 500,NIFTY 500_Historical_TR_01012024to31122024.csv,0.0005326408364565438,4.0
2024-03-27,31499.32,NIFTY 500,NIFTY 500_Historical_TR_01012024to31122024.csv,0.004125290764302569,1.0
2024-03-28,31763.25,NIFTY 500,NIFTY 500_Historical_TR_01012024to31122024.csv,0.008378911036809766,1.0
2024-04-01,32135.55,NIFTY 500,NIFTY 500_Historical_TR_01012024to31122024.csv,0.011721092772307706,4.0
2024-04-02,32256.66,NIFTY 500,NIFTY 500_Historical_TR_01012024to31122024.csv,0.0037687234231249533,1.0
2024-04-03,32313.03,NIFTY 500,NIFTY 500_Historical_TR_01012024to31122024.csv,0.0017475460881566374,1.0
2024-04-04,32405.59,NIFTY 500,NIFTY 500_Historical_TR_01012024to31122024.csv,0.0028644791280794113,1.0
2024-04-05,32484.71,NIFTY 500,NIFTY 500_Historical_TR_01012024to31122024.csv,0.002441554065209184,1.0
2024-04-08,32647.88,NIFTY 500,NIFTY 500_Historical_TR_01012024to31122024.csv,0.0050229785028095275,3.0
2024-04-09,32603.32,NIFTY 500,NIFTY 500_Historical_TR_01012024to31122024.csv,-0.0013648665702030716,1.0
2024-04-10,32798.55,NIFTY 500,NIFTY 500_Historical_TR_01012024to31122024.csv,0.005988040481766932,1.0
2024-04-12,32532.43,NIFTY 500,NIFTY 500_Historical_TR_01012024to31122024.csv,-0.008113773322296347,2.0
2024-04-15,32114.13,NIFTY 500,NIFTY 500_Historical_TR_01012024to31122024.csv,-0.012857938985805784,3.0
2024-04-16,32026.71,NIFTY 500,NIFTY 500_Historical_TR_01012024to31122024.csv,-0.0027221662240266564,1.0
2024-04-18,31872.54,NIFTY 500,NIFTY 500_Historical_TR_01012024to31122024.csv,-0.004813794485915013,2.0
2024-04-19,31967.61,NIFTY 500,NIFTY 500_Historical_TR_01012024to31122024.csv,0.002982818438693524,1.0
2024-04-22,32265.09,NIFTY 500,NIFTY 500_Historical_TR_01012024to31122024.csv,0.009305669081923762,3.0
2024-04-23,32387.08,NIFTY 500,NIFTY 500_Historical_TR_01012024to31122024.csv,0.0037808665650709283,1.0
2024-04-24,32509.43,NIFTY 500,NIFTY 500_Historical_TR_01012024to31122024.csv,0.0037777410004236067,1.0
2024-04-25,32724.61,NIFTY 500,NIFTY 500_Historical_TR_01012024to31122024.csv,0.006619002547876063,1.0
2024-04-26,32679.86,NIFTY 500,NIFTY 500_Historical_TR_01012024to31122024.csv,-0.001367472370182532,1.0
2024-04-29,32919.57,NIFTY 500,NIFTY 500_Historical_TR_01012024to31122024.csv,0.007335098742772939,3.0
2024-04-30,32927.38,NIFTY 500,NIFTY 500_Historical_TR_01012024to31122024.csv,0.0002372448971841301,1.0
2024-05-02,33063.0,NIFTY 500,NIFTY 500_Historical_TR_01012024to31122024.csv,0.0041187607395427595,2.0
2024-05-03,32868.94,NIFTY 500,NIFTY 500_Historical_TR_01012024to31122024.csv,-0.005869400840818995,1.0
2024-05-06,32720.6,NIFTY 500,NIFTY 500_Historical_TR_01012024to31122024.csv,-0.004513075261934341,3.0
2024-05-07,32365.34,NIFTY 500,NIFTY 500_Historical_TR_01012024to31122024.csv,-0.010857380365885683,1.0
2024-05-08,32473.36,NIFTY 500,NIFTY 500_Historical_TR_01012024to31122024.csv,0.0033375209406112383,1.0
2024-05-09,31908.53,NIFTY 500,NIFTY 500_Historical_TR_01012024to31122024.csv,-0.017393642049975733,1.0
2024-05-10,32132.23,NIFTY 500,NIFTY 500_Historical_TR_01012024to31122024.csv,0.0070106645464393935,1.0
2024-05-13,32197.97,NIFTY 500,NIFTY 500_Historical_TR_01012024to31122024.csv,0.0020459208713494714,3.0
2024-05-14,32469.95,NIFTY 500,NIFTY 500_Historical_TR_01012024to31122024.csv,0.00844711638652984,1.0
2024-05-15,32561.48,NIFTY 500,NIFTY 500_Historical_TR_01012024to31122024.csv,0.0028189141036558674,1.0
2024-05-16,32860.88,NIFTY 500,NIFTY 500_Historical_TR_01012024to31122024.csv,0.009194913744706934,1.0
2024-05-17,33073.63,NIFTY 500,NIFTY 500_Historical_TR_01012024to31122024.csv,0.00647426362288539,1.0
2024-05-18,33199.1,NIFTY 500,NIFTY 500_Historical_TR_01012024to31122024.csv,0.0037936567591765336,1.0
2024-05-21,33266.91,NIFTY 500,NIFTY 500_Historical_TR_01012024to31122024.csv,0.002042525249178695,3.0
2024-05-22,33357.18,NIFTY 500,NIFTY 500_Historical_TR_01012024to31122024.csv,0.002713507205808874,1.0
2024-05-23,33752.67,NIFTY 500,NIFTY 500_Historical_TR_01012024to31122024.csv,0.011856218061598645,1.0
2024-05-24,33744.48,NIFTY 500,NIFTY 500_Historical_TR_01012024to31122024.csv,-0.0002426474705554682,1.0
2024-05-27,33759.03,NIFTY 500,NIFTY 500_Historical_TR_01012024to31122024.csv,0.0004311816332625007,3.0
2024-05-28,33593.17,NIFTY 500,NIFTY 500_Historical_TR_01012024to31122024.csv,-0.004913055854981585,1.0
2024-05-29,33387.37,NIFTY 500,NIFTY 500_Historical_TR_01012024to31122024.csv,-0.006126245305221101,1.0
2024-05-30,33045.31,NIFTY 500,NIFTY 500_Historical_TR_01012024to31122024.csv,-0.010245191520027008,1.0
2024-05-31,33168.2,NIFTY 500,NIFTY 500_Historical_TR_01012024to31122024.csv,0.003718833323094861,1.0
2024-06-03,34259.21,NIFTY 500,NIFTY 500_Historical_TR_01012024to31122024.csv,0.03289325317623515,3.0
2024-06-04,31956.22,NIFTY 500,NIFTY 500_Historical_TR_01012024to31122024.csv,-0.06722250746587555,1.0
2024-06-05,33104.99,NIFTY 500,NIFTY 500_Historical_TR_01012024to31122024.csv,0.0359482441915846,1.0
2024-06-06,33593.36,NIFTY 500,NIFTY 500_Historical_TR_01012024to31122024.csv,0.014752156699035401,1.0
2024-06-07,34221.81,NIFTY 500,NIFTY 500_Historical_TR_01012024to31122024.csv,0.01870756601899881,1.0
2024-06-10,34291.15,NIFTY 500,NIFTY 500_Historical_TR_01012024to31122024.csv,0.00202619323758757,3.0
2024-06-11,34365.13,NIFTY 500,NIFTY 500_Historical_TR_01012024to31122024.csv,0.0021574079609461005,1.0
2024-06-12,34536.95,NIFTY 500,NIFTY 500_Historical_TR_01012024to31122024.csv,0.004999835589156731,1.0
2024-06-13,34715.59,NIFTY 500,NIFTY 500_Historical_TR_01012024to31122024.csv,0.005172431265644484,1.0
2024-06-14,34943.92,NIFTY 500,NIFTY 500_Historical_TR_01012024to31122024.csv,0.0065771602902326975,1.0
2024-06-18,35127.1,NIFTY 500,NIFTY 500_Historical_TR_01012024to31122024.csv,0.0052421136495275356,4.0
2024-06-19,34963.41,NIFTY 500,NIFTY 500_Historical_TR_01012024to31122024.csv,-0.004659934922040088,1.0
2024-06-20,35096.03,NIFTY 500,NIFTY 500_Historical_TR_01012024to31122024.csv,0.0037931082809141703,1.0
2024-06-21,34991.85,NIFTY 500,NIFTY 500_Historical_TR_01012024to31122024.csv,-0.002968426913243505,1.0
2024-06-24,35075.14,NIFTY 500,NIFTY 500_Historical_TR_01012024to31122024.csv,0.002380268548247688,3.0
2024-06-25,35204.26,NIFTY 500,NIFTY 500_Historical_TR_01012024to31122024.csv,0.0036812397612668857,1.0
2024-06-26,35308.41,NIFTY 500,NIFTY 500_Historical_TR_01012024to31122024.csv,0.002958448778642264,1.0
2024-06-27,35467.61,NIFTY 500,NIFTY 500_Historical_TR_01012024to31122024.csv,0.004508840811579873,1.0
2024-06-28,35506.97,NIFTY 500,NIFTY 500_Historical_TR_01012024to31122024.csv,0.0011097449193786524,1.0
2024-07-01,35771.61,NIFTY 500,NIFTY 500_Historical_TR_01012024to31122024.csv,0.0074531845437670885,3.0
2024-07-02,35693.16,NIFTY 500,NIFTY 500_Historical_TR_01012024to31122024.csv,-0.0021930799312638305,1.0
2024-07-03,35966.18,NIFTY 500,NIFTY 500_Historical_TR_01012024to31122024.csv,0.007649084586514476,1.0
2024-07-04,36066.06,NIFTY 500,NIFTY 500_Historical_TR_01012024to31122024.csv,0.0027770533317688084,1.0
2024-07-05,36187.04,NIFTY 500,NIFTY 500_Historical_TR_01012024to31122024.csv,0.003354400231131427,1.0
2024-07-08,36161.2,NIFTY 500,NIFTY 500_Historical_TR_01012024to31122024.csv,-0.0007140677988585198,3.0
2024-07-09,36314.78,NIFTY 500,NIFTY 500_Historical_TR_01012024to31122024.csv,0.004247093569903715,1.0
2024-07-10,36173.97,NIFTY 500,NIFTY 500_Historical_TR_01012024to31122024.csv,-0.0038774845944268277,1.0
2024-07-11,36217.5,NIFTY 500,NIFTY 500_Historical_TR_01012024to31122024.csv,0.0012033514706846216,1.0
2024-07-12,36362.3,NIFTY 500,NIFTY 500_Historical_TR_01012024to31122024.csv,0.00399806723269136,1.0
2024-07-15,36542.56,NIFTY 500,NIFTY 500_Historical_TR_01012024to31122024.csv,0.004957332181957597,3.0
2024-07-16,36536.66,NIFTY 500,NIFTY 500_Historical_TR_01012024to31122024.csv,-0.00016145557399360744,1.0
2024-07-18,36546.2,NIFTY 500,NIFTY 500_Historical_TR_01012024to31122024.csv,0.00026110761082143163,2.0
2024-07-19,35989.82,NIFTY 500,NIFTY 500_Historical_TR_01012024to31122024.csv,-0.01522401781854199,1.0
2024-07-22,36130.29,NIFTY 500,NIFTY 500_Historical_TR_01012024to31122024.csv,0.0039030481397239747,3.0
2024-07-23,36011.83,NIFTY 500,NIFTY 500_Historical_TR_01012024to31122024.csv,-0.0032786894320526727,1.0
2024-07-24,36101.16,NIFTY 500,NIFTY 500_Historical_TR_01012024to31122024.csv,0.0024805737447943788,1.0
2024-07-25,36094.83,NIFTY 500,NIFTY 500_Historical_TR_01012024to31122024.csv,-0.00017534062617385882,1.0
2024-07-26,36686.77,NIFTY 500,NIFTY 500_Historical_TR_01012024to31122024.csv,0.016399578554601835,1.0
2024-07-29,36848.02,NIFTY 500,NIFTY 500_Historical_TR_01012024to31122024.csv,0.004395317440047286,3.0
2024-07-30,36923.23,NIFTY 500,NIFTY 500_Historical_TR_01012024to31122024.csv,0.0020410866038393927,1.0
2024-07-31,37066.08,NIFTY 500,NIFTY 500_Historical_TR_01012024to31122024.csv,0.003868838127108587,1.0
2024-08-01,37029.53,NIFTY 500,NIFTY 500_Historical_TR_01012024to31122024.csv,-0.0009860767580495144,1.0
2024-08-02,36647.21,NIFTY 500,NIFTY 500_Historical_TR_01012024to31122024.csv,-0.010324732720075058,1.0
2024-08-05,35519.5,NIFTY 500,NIFTY 500_Historical_TR_01012024to31122024.csv,-0.030772056044648388,3.0
2024-08-06,35364.14,NIFTY 500,NIFTY 500_Historical_TR_01012024to31122024.csv,-0.00437393544391107,1.0
2024-08-07,36012.32,NIFTY 500,NIFTY 500_Historical_TR_01012024to31122024.csv,0.0183287363979443,1.0
2024-08-08,35786.64,NIFTY 500,NIFTY 500_Historical_TR_01012024to31122024.csv,-0.006266744269738833,1.0
2024-08-09,36133.36,NIFTY 500,NIFTY 500_Historical_TR_01012024to31122024.csv,0.009688531809636247,1.0
2024-08-12,36135.49,NIFTY 500,NIFTY 500_Historical_TR_01012024to31122024.csv,5.894829597896667e-05,3.0
2024-08-13,35804.66,NIFTY 500,NIFTY 500_Historical_TR_01012024to31122024.csv,-0.009155265363773757,1.0
2024-08-14,35754.3,NIFTY 500,NIFTY 500_Historical_TR_01012024to31122024.csv,-0.0014065208271772933,1.0
2024-08-16,36365.97,NIFTY 500,NIFTY 500_Historical_TR_01012024to31122024.csv,0.017107592653191395,2.0
2024-08-19,36503.86,NIFTY 500,NIFTY 500_Historical_TR_01012024to31122024.csv,0.0037917316656204125,3.0
2024-08-20,36726.55,NIFTY 500,NIFTY 500_Historical_TR_01012024to31122024.csv,0.006100450746852504,1.0
2024-08-21,36866.43,NIFTY 500,NIFTY 500_Historical_TR_01012024to31122024.csv,0.003808688809594063,1.0
2024-08-22,36980.53,NIFTY 500,NIFTY 500_Historical_TR_01012024to31122024.csv,0.003094956577026853,1.0
2024-08-23,36949.74,NIFTY 500,NIFTY 500_Historical_TR_01012024to31122024.csv,-0.0008326002899363694,1.0
2024-08-26,37175.56,NIFTY 500,NIFTY 500_Historical_TR_01012024to31122024.csv,0.006111545033875787,3.0
2024-08-27,37243.6,NIFTY 500,NIFTY 500_Historical_TR_01012024to31122024.csv,0.0018302347025842547,1.0
2024-08-28,37261.15,NIFTY 500,NIFTY 500_Historical_TR_01012024to31122024.csv,0.0004712219012126262,1.0
2024-08-29,37285.57,NIFTY 500,NIFTY 500_Historical_TR_01012024to31122024.csv,0.0006553742973578469,1.0
2024-08-30,37449.92,NIFTY 500,NIFTY 500_Historical_TR_01012024to31122024.csv,0.004407871463410595,1.0
2024-09-02,37491.24,NIFTY 500,NIFTY 500_Historical_TR_01012024to31122024.csv,0.0011033401406463916,3.0
2024-09-03,37535.12,NIFTY 500,NIFTY 500_Historical_TR_01012024to31122024.csv,0.0011704067403479623,1.0
2024-09-04,37472.7,NIFTY 500,NIFTY 500_Historical_TR_01012024to31122024.csv,-0.0016629759009696432,1.0
2024-09-05,37494.75,NIFTY 500,NIFTY 500_Historical_TR_01012024to31122024.csv,0.000588428375857708,1.0
2024-09-06,37045.67,NIFTY 500,NIFTY 500_Historical_TR_01012024to31122024.csv,-0.01197714346675205,1.0
2024-09-09,37084.59,NIFTY 500,NIFTY 500_Historical_TR_01012024to31122024.csv,0.001050595116784292,3.0
2024-09-10,37307.88,NIFTY 500,NIFTY 500_Historical_TR_01012024to31122024.csv,0.0060210993299374405,1.0
2024-09-11,37130.71,NIFTY 500,NIFTY 500_Historical_TR_01012024to31122024.csv,-0.004748862706752566,1.0
2024-09-12,37724.21,NIFTY 500,NIFTY 500_Historical_TR_01012024to31122024.csv,0.015984073560672662,1.0
2024-09-13,37757.92,NIFTY 500,NIFTY 500_Historical_TR_01012024to31122024.csv,0.0008935906146212425,1.0
2024-09-16,37821.03,NIFTY 500,NIFTY 500_Historical_TR_01012024to31122024.csv,0.0016714374096877815,3.0
2024-09-17,37824.52,NIFTY 500,NIFTY 500_Historical_TR_01012024to31122024.csv,9.227670425682177e-05,1.0
2024-09-18,37712.14,NIFTY 500,NIFTY 500_Historical_TR_01012024to31122024.csv,-0.0029710885954401522,1.0
2024-09-19,37642.28,NIFTY 500,NIFTY 500_Historical_TR_01012024to31122024.csv,-0.0018524538782471733,1.0
2024-09-20,38179.29,NIFTY 500,NIFTY 500_Historical_TR_01012024to31122024.csv,0.01426613903302365,1.0
2024-09-23,38472.29,NIFTY 500,NIFTY 500_Historical_TR_01012024to31122024.csv,0.007674317673272535,3.0
2024-09-24,38488.87,NIFTY 500,NIFTY 500_Historical_TR_01012024to31122024.csv,0.0004309595295730606,1.0
2024-09-25,38460.31,NIFTY 500,NIFTY 500_Historical_TR_01012024to31122024.csv,-0.0007420326967252366,1.0
2024-09-26,38658.58,NIFTY 500,NIFTY 500_Historical_TR_01012024to31122024.csv,0.005155184656598033,1.0
2024-09-27,38646.95,NIFTY 500,NIFTY 500_Historical_TR_01012024to31122024.csv,-0.00030083877886888377,1.0
2024-09-30,38261.39,NIFTY 500,NIFTY 500_Historical_TR_01012024to31122024.csv,-0.009976466448193166,3.0
2024-10-01,38302.54,NIFTY 500,NIFTY 500_Historical_TR_01012024to31122024.csv,0.0010754967344364097,1.0
2024-10-03,37488.51,NIFTY 500,NIFTY 500_Historical_TR_01012024to31122024.csv,-0.021252637553540787,2.0
2024-10-04,37140.49,NIFTY 500,NIFTY 500_Historical_TR_01012024to31122024.csv,-0.00928337776027921,1.0
2024-10-07,36583.47,NIFTY 500,NIFTY 500_Historical_TR_01012024to31122024.csv,-0.014997648119343565,3.0
2024-10-08,37105.17,NIFTY 500,NIFTY 500_Historical_TR_01012024to31122024.csv,0.014260538981129889,1.0
2024-10-09,37242.54,NIFTY 500,NIFTY 500_Historical_TR_01012024to31122024.csv,0.0037021795075997677,1.0
2024-10-10,37240.29,NIFTY 500,NIFTY 500_Historical_TR_01012024to31122024.csv,-6.041478373919329e-05,1.0
2024-10-11,37261.17,NIFTY 500,NIFTY 500_Historical_TR_01012024to31122024.csv,0.0005606830666462503,1.0
2024-10-14,37443.97,NIFTY 500,NIFTY 500_Historical_TR_01012024to31122024.csv,0.004905911435416632,3.0
2024-10-15,37457.6,NIFTY 500,NIFTY 500_Historical_TR_01012024to31122024.csv,0.0003640105469584487,1.0
2024-10-16,37358.9,NIFTY 500,NIFTY 500_Historical_TR_01012024to31122024.csv,-0.0026349792832428554,1.0
2024-10-17,36891.53,NIFTY 500,NIFTY 500_Historical_TR_01012024to31122024.csv,-0.012510271983382837,1.0
2024-10-18,36994.04,NIFTY 500,NIFTY 500_Historical_TR_01012024to31122024.csv,0.002778686598251756,1.0
2024-10-21,36713.97,NIFTY 500,NIFTY 500_Historical_TR_01012024to31122024.csv,-0.007570678952609655,3.0
2024-10-22,36008.15,NIFTY 500,NIFTY 500_Historical_TR_01012024to31122024.csv,-0.019224834579316785,1.0
2024-10-23,36050.23,NIFTY 500,NIFTY 500_Historical_TR_01012024to31122024.csv,0.001168624325326384,1.0
2024-10-24,35966.15,NIFTY 500,NIFTY 500_Historical_TR_01012024to31122024.csv,-0.002332301347314658,1.0
2024-10-25,35510.88,NIFTY 500,NIFTY 500_Historical_TR_01012024to31122024.csv,-0.012658291198807903,1.0
2024-10-28,35749.31,NIFTY 500,NIFTY 500_Historical_TR_01012024to31122024.csv,0.006714280243125481,3.0
2024-10-29,35992.9,NIFTY 500,NIFTY 500_Historical_TR_01012024to31122024.csv,0.006813837805540901,1.0
2024-10-30,35921.77,NIFTY 500,NIFTY 500_Historical_TR_01012024to31122024.csv,-0.0019762230884425858,1.0
2024-10-31,35830.98,NIFTY 500,NIFTY 500_Historical_TR_01012024to31122024.csv,-0.002527436704817032,1.0
2024-11-01,36042.89,NIFTY 500,NIFTY 500_Historical_TR_01012024to31122024.csv,0.005914155850607283,1.0
2024-11-04,35561.76,NIFTY 500,NIFTY 500_Historical_TR_01012024to31122024.csv,-0.013348818588076572,3.0
2024-11-05,35816.9,NIFTY 500,NIFTY 500_Historical_TR_01012024to31122024.csv,0.00717456053918597,1.0
2024-11-06,36377.55,NIFTY 500,NIFTY 500_Historical_TR_01012024to31122024.csv,0.015653225153489103,1.0
2024-11-07,36023.67,NIFTY 500,NIFTY 500_Historical_TR_01012024to31122024.csv,-0.009727977832482027,1.0
2024-11-08,35771.65,NIFTY 500,NIFTY 500_Historical_TR_01012024to31122024.csv,-0.006995955714673041,1.0
2024-11-11,35685.95,NIFTY 500,NIFTY 500_Historical_TR_01012024to31122024.csv,-0.002395751943228941,3.0
2024-11-12,35275.39,NIFTY 500,NIFTY 500_Historical_TR_01012024to31122024.csv,-0.011504807914599402,1.0
2024-11-13,34618.08,NIFTY 500,NIFTY 500_Historical_TR_01012024to31122024.csv,-0.018633670669551683,1.0
2024-11-14,34699.38,NIFTY 500,NIFTY 500_Historical_TR_01012024to31122024.csv,0.002348483798061407,1.0
2024-11-18,34599.09,NIFTY 500,NIFTY 500_Historical_TR_01012024to31122024.csv,-0.0028902533705212896,4.0
2024-11-19,34766.49,NIFTY 500,NIFTY 500_Historical_TR_01012024to31122024.csv,0.0048382775385134025,1.0
2024-11-21,34476.59,NIFTY 500,NIFTY 500_Historical_TR_01012024to31122024.csv,-0.008338489160107931,2.0
2024-11-22,35116.0,NIFTY 500,NIFTY 500_Historical_TR_01012024to31122024.csv,0.01854620773110116,1.0
2024-11-25,35635.18,NIFTY 500,NIFTY 500_Historical_TR_01012024to31122024.csv,0.01478471352090227,3.0
2024-11-26,35649.51,NIFTY 500,NIFTY 500_Historical_TR_01012024to31122024.csv,0.00040213070342298707,1.0
2024-11-27,35853.83,NIFTY 500,NIFTY 500_Historical_TR_01012024to31122024.csv,0.005731355073323563,1.0
2024-11-28,35573.8,NIFTY 500,NIFTY 500_Historical_TR_01012024to31122024.csv,-0.007810323192808055,1.0
2024-11-29,35847.4,NIFTY 500,NIFTY 500_Historical_TR_01012024to31122024.csv,0.007691053528158243,1.0
2024-12-02,36082.61,NIFTY 500,NIFTY 500_Historical_TR_01012024to31122024.csv,0.006561424259500015,3.0
2024-12-03,36374.88,NIFTY 500,NIFTY 500_Historical_TR_01012024to31122024.csv,0.008100023806481671,1.0
2024-12-04,36499.26,NIFTY 500,NIFTY 500_Historical_TR_01012024to31122024.csv,0.0034193927237700095,1.0
2024-12-05,36781.26,NIFTY 500,NIFTY 500_Historical_TR_01012024to31122024.csv,0.007726184037703865,1.0
2024-12-06,36835.17,NIFTY 500,NIFTY 500_Historical_TR_01012024to31122024.csv,0.0014656920399136464,1.0
2024-12-09,36803.45,NIFTY 500,NIFTY 500_Historical_TR_01012024to31122024.csv,-0.000861133530807634,3.0
2024-12-10,36839.6,NIFTY 500,NIFTY 500_Historical_TR_01012024to31122024.csv,0.000982244871065019,1.0
2024-12-11,36907.95,NIFTY 500,NIFTY 500_Historical_TR_01012024to31122024.csv,0.0018553404488648173,1.0
2024-12-12,36747.2,NIFTY 500,NIFTY 500_Historical_TR_01012024to31122024.csv,-0.004355430198642818,1.0
2024-12-13,36909.23,NIFTY 500,NIFTY 500_Historical_TR_01012024to31122024.csv,0.004409315539687597,1.0
2024-12-16,36898.98,NIFTY 500,NIFTY 500_Historical_TR_01012024to31122024.csv,-0.0002777083130696134,3.0
2024-12-17,36493.34,NIFTY 500,NIFTY 500_Historical_TR_01012024to31122024.csv,-0.010993257808210588,1.0
2024-12-18,36238.39,NIFTY 500,NIFTY 500_Historical_TR_01012024to31122024.csv,-0.006986206250236271,1.0
2024-12-19,35950.45,NIFTY 500,NIFTY 500_Historical_TR_01012024to31122024.csv,-0.00794571723523041,1.0
2024-12-20,35266.62,NIFTY 500,NIFTY 500_Historical_TR_01012024to31122024.csv,-0.019021458702185745,1.0
2024-12-23,35413.41,NIFTY 500,NIFTY 500_Historical_TR_01012024to31122024.csv,0.004162292842353477,3.0
2024-12-24,35401.02,NIFTY 500,NIFTY 500_Historical_TR_01012024to31122024.csv,-0.00034986746546028513,1.0
2024-12-26,35444.76,NIFTY 500,NIFTY 500_Historical_TR_01012024to31122024.csv,0.0012355576195264284,2.0
2024-12-27,35468.25,NIFTY 500,NIFTY 500_Historical_TR_01012024to31122024.csv,0.0006627213726373427,1.0
2024-12-30,35329.04,NIFTY 500,NIFTY 500_Historical_TR_01012024to31122024.csv,-0.0039249187653745965,3.0
2024-12-31,35357.9,NIFTY 500,NIFTY 500_Historical_TR_01012024to31122024.csv,0.000816891712879908,1.0
2025-01-01,35526.08,NIFTY 500,NIFTY 500_Historical_TR_01012025to31122025.csv,0.004756504204152412,1.0
2025-01-02,36060.05,NIFTY 500,NIFTY 500_Historical_TR_01012025to31122025.csv,0.015030366423765429,1.0
2025-01-03,35883.72,NIFTY 500,NIFTY 500_Historical_TR_01012025to31122025.csv,-0.004889898932475156,1.0
2025-01-06,35120.87,NIFTY 500,NIFTY 500_Historical_TR_01012025to31122025.csv,-0.021258944167438565,3.0
2025-01-07,35304.55,NIFTY 500,NIFTY 500_Historical_TR_01012025to31122025.csv,0.00522993877999034,1.0
2025-01-08,35131.01,NIFTY 500,NIFTY 500_Historical_TR_01012025to31122025.csv,-0.004915513722735465,1.0
2025-01-09,34838.29,NIFTY 500,NIFTY 500_Historical_TR_01012025to31122025.csv,-0.008332239807509079,1.0
2025-01-10,34447.06,NIFTY 500,NIFTY 500_Historical_TR_01012025to31122025.csv,-0.011229885278525531,1.0
2025-01-13,33569.22,NIFTY 500,NIFTY 500_Historical_TR_01012025to31122025.csv,-0.02548374229905237,3.0
2025-01-14,33944.68,NIFTY 500,NIFTY 500_Historical_TR_01012025to31122025.csv,0.011184650700850396,1.0
2025-01-15,34055.47,NIFTY 500,NIFTY 500_Historical_TR_01012025to31122025.csv,0.0032638398712256933,1.0
2025-01-16,34313.8,NIFTY 500,NIFTY 500_Historical_TR_01012025to31122025.csv,0.007585565549381723,1.0
2025-01-17,34278.13,NIFTY 500,NIFTY 500_Historical_TR_01012025to31122025.csv,-0.001039523457034952,1.0
2025-01-20,34481.71,NIFTY 500,NIFTY 500_Historical_TR_01012025to31122025.csv,0.005939063770398212,3.0
2025-01-21,33887.69,NIFTY 500,NIFTY 500_Historical_TR_01012025to31122025.csv,-0.017227103876228833,1.0
2025-01-22,33829.92,NIFTY 500,NIFTY 500_Historical_TR_01012025to31122025.csv,-0.0017047488335736327,1.0
2025-01-23,34053.66,NIFTY 500,NIFTY 500_Historical_TR_01012025to31122025.csv,0.006613672157664174,1.0
2025-01-24,33707.25,NIFTY 500,NIFTY 500_Historical_TR_01012025to31122025.csv,-0.010172474852923385,1.0
2025-01-27,33062.34,NIFTY 500,NIFTY 500_Historical_TR_01012025to31122025.csv,-0.01913267917139494,3.0
2025-01-28,33084.22,NIFTY 500,NIFTY 500_Historical_TR_01012025to31122025.csv,0.0006617801401838097,1.0
2025-01-29,33593.2,NIFTY 500,NIFTY 500_Historical_TR_01012025to31122025.csv,0.015384373577493893,1.0
2025-01-30,33676.11,NIFTY 500,NIFTY 500_Historical_TR_01012025to31122025.csv,0.0024680590119430246,1.0
2025-01-31,34130.93,NIFTY 500,NIFTY 500_Historical_TR_01012025to31122025.csv,0.013505716663830825,1.0
2025-02-01,34132.24,NIFTY 500,NIFTY 500_Historical_TR_01012025to31122025.csv,3.8381608705062575e-05,1.0
2025-02-03,33849.51,NIFTY 500,NIFTY 500_Historical_TR_01012025to31122025.csv,-0.008283370795470701,2.0
2025-02-04,34363.72,NIFTY 500,NIFTY 500_Historical_TR_01012025to31122025.csv,0.015191061849935128,1.0
2025-02-05,34453.97,NIFTY 500,NIFTY 500_Historical_TR_01012025to31122025.csv,0.002626316359229941,1.0
2025-02-06,34279.63,NIFTY 500,NIFTY 500_Historical_TR_01012025to31122025.csv,-0.005060084512757301,1.0
2025-02-07,34246.84,NIFTY 500,NIFTY 500_Historical_TR_01012025to31122025.csv,-0.0009565447468365962,1.0
2025-02-10,33812.23,NIFTY 500,NIFTY 500_Historical_TR_01012025to31122025.csv,-0.012690513927708147,3.0
2025-02-11,33146.32,NIFTY 500,NIFTY 500_Historical_TR_01012025to31122025.csv,-0.01969435319705337,1.0
2025-02-12,33091.14,NIFTY 500,NIFTY 500_Historical_TR_01012025to31122025.csv,-0.0016647398564908489,1.0
2025-02-13,33086.76,NIFTY 500,NIFTY 500_Historical_TR_01012025to31122025.csv,-0.00013236171373964822,1.0
2025-02-14,32659.9,NIFTY 500,NIFTY 500_Historical_TR_01012025to31122025.csv,-0.012901233000753187,1.0
2025-02-17,32691.24,NIFTY 500,NIFTY 500_Historical_TR_01012025to31122025.csv,0.0009595865265967785,3.0
2025-02-18,32627.75,NIFTY 500,NIFTY 500_Historical_TR_01012025to31122025.csv,-0.0019421104858672322,1.0
2025-02-19,32817.74,NIFTY 500,NIFTY 500_Historical_TR_01012025to31122025.csv,0.005822957451862232,1.0
2025-02-20,32975.85,NIFTY 500,NIFTY 500_Historical_TR_01012025to31122025.csv,0.004817821093104024,1.0
2025-02-21,32753.5,NIFTY 500,NIFTY 500_Historical_TR_01012025to31122025.csv,-0.006742813301249151,1.0
2025-02-24,32402.38,NIFTY 500,NIFTY 500_Historical_TR_01012025to31122025.csv,-0.010720075717098876,3.0
2025-02-25,32323.82,NIFTY 500,NIFTY 500_Historical_TR_01012025to31122025.csv,-0.002424513261062966,1.0
2025-02-27,32160.49,NIFTY 500,NIFTY 500_Historical_TR_01012025to31122025.csv,-0.0050529300064162674,2.0
2025-02-28,31473.37,NIFTY 500,NIFTY 500_Historical_TR_01012025to31122025.csv,-0.0213653461125749,1.0
2025-03-03,31498.76,NIFTY 500,NIFTY 500_Historical_TR_01012025to31122025.csv,0.0008067137392659962,3.0
2025-03-04,31531.88,NIFTY 500,NIFTY 500_Historical_TR_01012025to31122025.csv,0.0010514699626271717,1.0
2025-03-05,32068.0,NIFTY 500,NIFTY 500_Historical_TR_01012025to31122025.csv,0.01700247495550533,1.0
2025-03-06,32369.7,NIFTY 500,NIFTY 500_Historical_TR_01012025to31122025.csv,0.009408132717974249,1.0
2025-03-07,32364.23,NIFTY 500,NIFTY 500_Historical_TR_01012025to31122025.csv,-0.00016898519294283876,1.0
2025-03-10,32084.18,NIFTY 500,NIFTY 500_Historical_TR_01012025to31122025.csv,-0.008653071616411045,3.0
2025-03-11,32142.17,NIFTY 500,NIFTY 500_Historical_TR_01012025to31122025.csv,0.0018074328220325508,1.0
2025-03-12,32081.82,NIFTY 500,NIFTY 500_Historical_TR_01012025to31122025.csv,-0.001877595694379064,1.0
2025-03-13,31942.25,NIFTY 500,NIFTY 500_Historical_TR_01012025to31122025.csv,-0.0043504389713551195,1.0
2025-03-17,32119.96,NIFTY 500,NIFTY 500_Historical_TR_01012025to31122025.csv,0.005563477838912423,4.0
2025-03-18,32703.97,NIFTY 500,NIFTY 500_Historical_TR_01012025to31122025.csv,0.01818215215710106,1.0
2025-03-19,33033.14,NIFTY 500,NIFTY 500_Historical_TR_01012025to31122025.csv,0.010065138880692492,1.0
2025-03-20,33358.7,NIFTY 500,NIFTY 500_Historical_TR_01012025to31122025.csv,0.009855557176823071,1.0
2025-03-21,33681.84,NIFTY 500,NIFTY 500_Historical_TR_01012025to31122025.csv,0.009686828323645758,1.0
2025-03-24,34100.12,NIFTY 500,NIFTY 500_Historical_TR_01012025to31122025.csv,0.012418561456262633,3.0
2025-03-25,33941.26,NIFTY 500,NIFTY 500_Historical_TR_01012025to31122025.csv,-0.004658634632370817,1.0
2025-03-26,33685.64,NIFTY 500,NIFTY 500_Historical_TR_01012025to31122025.csv,-0.007531246630207655,1.0
2025-03-27,33895.46,NIFTY 500,NIFTY 500_Historical_TR_01012025to31122025.csv,0.006228766916704043,1.0
2025-03-28,33787.56,NIFTY 500,NIFTY 500_Historical_TR_01012025to31122025.csv,-0.0031833171758106626,1.0
2025-04-01,33361.96,NIFTY 500,NIFTY 500_Historical_TR_01012025to31122025.csv,-0.012596352030155411,4.0
2025-04-02,33670.61,NIFTY 500,NIFTY 500_Historical_TR_01012025to31122025.csv,0.009251554764768022,1.0
2025-04-03,33635.56,NIFTY 500,NIFTY 500_Historical_TR_01012025to31122025.csv,-0.0010409671817648292,1.0
2025-04-04,32942.09,NIFTY 500,NIFTY 500_Historical_TR_01012025to31122025.csv,-0.020617168258830865,1.0
2025-04-07,31834.33,NIFTY 500,NIFTY 500_Historical_TR_01012025to31122025.csv,-0.03362749600890513,3.0
2025-04-08,32428.26,NIFTY 500,NIFTY 500_Historical_TR_01012025to31122025.csv,0.018656902783881213,1.0
2025-04-09,32231.86,NIFTY 500,NIFTY 500_Historical_TR_01012025to31122025.csv,-0.006056445828422463,1.0
2025-04-11,32859.13,NIFTY 500,NIFTY 500_Historical_TR_01012025to31122025.csv,0.0194611790942254,2.0
2025-04-15,33692.8,NIFTY 500,NIFTY 500_Historical_TR_01012025to31122025.csv,0.025371030821570884,4.0
2025-04-16,33890.74,NIFTY 500,NIFTY 500_Historical_TR_01012025to31122025.csv,0.005874845664355366,1.0
2025-04-17,34329.58,NIFTY 500,NIFTY 500_Historical_TR_01012025to31122025.csv,0.012948669754629272,1.0
2025-04-21,34842.91,NIFTY 500,NIFTY 500_Historical_TR_01012025to31122025.csv,0.014952993890400057,4.0
2025-04-22,34968.69,NIFTY 500,NIFTY 500_Historical_TR_01012025to31122025.csv,0.0036099166229226487,1.0
2025-04-23,35210.27,NIFTY 500,NIFTY 500_Historical_TR_01012025to31122025.csv,0.006908465830432808,1.0
2025-04-24,35120.1,NIFTY 500,NIFTY 500_Historical_TR_01012025to31122025.csv,-0.0025609005554344533,1.0
2025-04-25,34594.15,NIFTY 500,NIFTY 500_Historical_TR_01012025to31122025.csv,-0.01497575462484435,1.0
2025-04-28,34999.51,NIFTY 500,NIFTY 500_Historical_TR_01012025to31122025.csv,0.011717588089315667,3.0
2025-04-29,35016.37,NIFTY 500,NIFTY 500_Historical_TR_01012025to31122025.csv,0.0004817210298087016,1.0
2025-04-30,34886.08,NIFTY 500,NIFTY 500_Historical_TR_01012025to31122025.csv,-0.0037208311426912832,1.0
2025-05-02,34848.28,NIFTY 500,NIFTY 500_Historical_TR_01012025to31122025.csv,-0.0010835267246994684,2.0
2025-05-05,35147.86,NIFTY 500,NIFTY 500_Historical_TR_01012025to31122025.csv,0.008596694011870909,3.0
2025-05-06,34770.1,NIFTY 500,NIFTY 500_Historical_TR_01012025to31122025.csv,-0.010747738269129337,1.0
2025-05-07,34953.84,NIFTY 500,NIFTY 500_Historical_TR_01012025to31122025.csv,0.005284425411488547,1.0
2025-05-08,34590.6,NIFTY 500,NIFTY 500_Historical_TR_01012025to31122025.csv,-0.01039199126619561,1.0
2025-05-09,34326.37,NIFTY 500,NIFTY 500_Historical_TR_01012025to31122025.csv,-0.007638780477933205,1.0
2025-05-12,35650.0,NIFTY 500,NIFTY 500_Historical_TR_01012025to31122025.csv,0.038560150694640916,3.0
2025-05-13,35393.94,NIFTY 500,NIFTY 500_Historical_TR_01012025to31122025.csv,-0.007182608695652126,1.0
2025-05-14,35632.27,NIFTY 500,NIFTY 500_Historical_TR_01012025to31122025.csv,0.006733638583327872,1.0
2025-05-15,36090.63,NIFTY 500,NIFTY 500_Historical_TR_01012025to31122025.csv,0.012863620532736153,1.0
2025-05-16,36232.61,NIFTY 500,NIFTY 500_Historical_TR_01012025to31122025.csv,0.003933985081446378,1.0
2025-05-19,36224.52,NIFTY 500,NIFTY 500_Historical_TR_01012025to31122025.csv,-0.00022327952637146709,3.0
2025-05-20,35780.62,NIFTY 500,NIFTY 500_Historical_TR_01012025to31122025.csv,-0.01225413062754166,1.0
2025-05-21,36010.7,NIFTY 500,NIFTY 500_Historical_TR_01012025to31122025.csv,0.006430296624261755,1.0
2025-05-22,35797.03,NIFTY 500,NIFTY 500_Historical_TR_01012025to31122025.csv,-0.0059335142055000345,1.0
2025-05-23,36092.88,NIFTY 500,NIFTY 500_Historical_TR_01012025to31122025.csv,0.00826465212337446,1.0
2025-05-26,36294.53,NIFTY 500,NIFTY 500_Historical_TR_01012025to31122025.csv,0.005586974494692587,3.0
2025-05-27,36149.56,NIFTY 500,NIFTY 500_Historical_TR_01012025to31122025.csv,-0.003994265802587882,1.0
2025-05-28,36105.43,NIFTY 500,NIFTY 500_Historical_TR_01012025to31122025.csv,-0.001220761746477561,1.0
2025-05-29,36236.36,NIFTY 500,NIFTY 500_Historical_TR_01012025to31122025.csv,0.003626324350658683,1.0
2025-05-30,36160.26,NIFTY 500,NIFTY 500_Historical_TR_01012025to31122025.csv,-0.0021001005619769586,1.0
2025-06-02,36211.9,NIFTY 500,NIFTY 500_Historical_TR_01012025to31122025.csv,0.0014280870768075271,3.0
2025-06-03,36024.39,NIFTY 500,NIFTY 500_Historical_TR_01012025to31122025.csv,-0.005178132050513873,1.0
2025-06-04,36185.79,NIFTY 500,NIFTY 500_Historical_TR_01012025to31122025.csv,0.004480297931484856,1.0
2025-06-05,36386.82,NIFTY 500,NIFTY 500_Historical_TR_01012025to31122025.csv,0.005555495679381295,1.0
2025-06-06,36753.75,NIFTY 500,NIFTY 500_Historical_TR_01012025to31122025.csv,0.010084145852811588,1.0
2025-06-09,37016.25,NIFTY 500,NIFTY 500_Historical_TR_01012025to31122025.csv,0.007142128354249655,3.0
2025-06-10,37032.96,NIFTY 500,NIFTY 500_Historical_TR_01012025to31122025.csv,0.00045142336136150263,1.0
2025-06-11,37030.15,NIFTY 500,NIFTY 500_Historical_TR_01012025to31122025.csv,-7.587835268896281e-05,1.0
2025-06-12,36568.42,NIFTY 500,NIFTY 500_Historical_TR_01012025to31122025.csv,-0.01246902861587118,1.0
2025-06-13,36348.18,NIFTY 500,NIFTY 500_Historical_TR_01012025to31122025.csv,-0.006022682959777814,1.0
2025-06-16,36648.19,NIFTY 500,NIFTY 500_Historical_TR_01012025to31122025.csv,0.00825378327057913,3.0
2025-06-17,36468.69,NIFTY 500,NIFTY 500_Historical_TR_01012025to31122025.csv,-0.004897922653206099,1.0
2025-06-18,36379.4,NIFTY 500,NIFTY 500_Historical_TR_01012025to31122025.csv,-0.00244840162890414,1.0
2025-06-19,36123.39,NIFTY 500,NIFTY 500_Historical_TR_01012025to31122025.csv,-0.0070372243632386144,1.0
2025-06-20,36565.82,NIFTY 500,NIFTY 500_Historical_TR_01012025to31122025.csv,0.012247743082805851,1.0
2025-06-23,36507.74,NIFTY 500,NIFTY 500_Historical_TR_01012025to31122025.csv,-0.001588368591214473,3.0
2025-06-24,36687.65,NIFTY 500,NIFTY 500_Historical_TR_01012025to31122025.csv,0.004927996090692055,1.0
2025-06-25,36979.23,NIFTY 500,NIFTY 500_Historical_TR_01012025to31122025.csv,0.007947633604223903,1.0
2025-06-26,37329.53,NIFTY 500,NIFTY 500_Historical_TR_01012025to31122025.csv,0.009472885184466984,1.0
2025-06-27,37526.73,NIFTY 500,NIFTY 500_Historical_TR_01012025to31122025.csv,0.005282681030272851,1.0
2025-06-30,37522.38,NIFTY 500,NIFTY 500_Historical_TR_01012025to31122025.csv,-0.00011591737409588632,3.0
2025-07-01,37519.71,NIFTY 500,NIFTY 500_Historical_TR_01012025to31122025.csv,-7.115753318409634e-05,1.0
2025-07-02,37411.42,NIFTY 500,NIFTY 500_Historical_TR_01012025to31122025.csv,-0.002886216338026104,1.0
2025-07-03,37371.0,NIFTY 500,NIFTY 500_Historical_TR_01012025to31122025.csv,-0.0010804187598332238,1.0
2025-07-04,37443.2,NIFTY 500,NIFTY 500_Historical_TR_01012025to31122025.csv,0.0019319793422707399,1.0
2025-07-07,37426.49,NIFTY 500,NIFTY 500_Historical_TR_01012025to31122025.csv,-0.00044627595931967523,3.0
2025-07-08,37461.97,NIFTY 500,NIFTY 500_Historical_TR_01012025to31122025.csv,0.0009479916497647789,1.0
2025-07-09,37438.19,NIFTY 500,NIFTY 500_Historical_TR_01012025to31122025.csv,-0.0006347770819312704,1.0
2025-07-10,37302.43,NIFTY 500,NIFTY 500_Historical_TR_01012025to31122025.csv,-0.003626243683255037,1.0
2025-07-11,37005.03,NIFTY 500,NIFTY 500_Historical_TR_01012025to31122025.csv,-0.00797267094931886,1.0
2025-07-14,37047.2,NIFTY 500,NIFTY 500_Historical_TR_01012025to31122025.csv,0.0011395748091542757,3.0
2025-07-15,37270.09,NIFTY 500,NIFTY 500_Historical_TR_01012025to31122025.csv,0.0060163791055733995,1.0
2025-07-16,37309.4,NIFTY 500,NIFTY 500_Historical_TR_01012025to31122025.csv,0.0010547331653882885,1.0
2025-07-17,37225.68,NIFTY 500,NIFTY 500_Historical_TR_01012025to31122025.csv,-0.0022439385248758104,1.0
2025-07-18,37010.28,NIFTY 500,NIFTY 500_Historical_TR_01012025to31122025.csv,-0.005786328147665887,1.0
2025-07-21,37174.68,NIFTY 500,NIFTY 500_Historical_TR_01012025to31122025.csv,0.004442009085043441,3.0
2025-07-22,37083.15,NIFTY 500,NIFTY 500_Historical_TR_01012025to31122025.csv,-0.0024621597280729546,1.0
2025-07-23,37254.92,NIFTY 500,NIFTY 500_Historical_TR_01012025to31122025.csv,0.0046320228998883994,1.0
2025-07-24,37054.58,NIFTY 500,NIFTY 500_Historical_TR_01012025to31122025.csv,-0.005377544764557207,1.0
2025-07-25,36612.62,NIFTY 500,NIFTY 500_Historical_TR_01012025to31122025.csv,-0.01192727052904119,1.0
2025-07-28,36349.32,NIFTY 500,NIFTY 500_Historical_TR_01012025to31122025.csv,-0.007191509375728988,3.0
2025-07-29,36605.74,NIFTY 500,NIFTY 500_Historical_TR_01012025to31122025.csv,0.007054327288653406,1.0
2025-07-30,36647.67,NIFTY 500,NIFTY 500_Historical_TR_01012025to31122025.csv,0.0011454487738808972,1.0
2025-07-31,36461.71,NIFTY 500,NIFTY 500_Historical_TR_01012025to31122025.csv,-0.005074265294355618,1.0
2025-08-01,36086.49,NIFTY 500,NIFTY 500_Historical_TR_01012025to31122025.csv,-0.010290795467354674,1.0
2025-08-04,36386.17,NIFTY 500,NIFTY 500_Historical_TR_01012025to31122025.csv,0.008304492900251592,3.0
2025-08-05,36288.64,NIFTY 500,NIFTY 500_Historical_TR_01012025to31122025.csv,-0.00268041401444552,1.0
2025-08-06,36081.74,NIFTY 500,NIFTY 500_Historical_TR_01012025to31122025.csv,-0.005701508791732146,1.0
2025-08-07,36126.45,NIFTY 500,NIFTY 500_Historical_TR_01012025to31122025.csv,0.00123913092882999,1.0
2025-08-08,35729.39,NIFTY 500,NIFTY 500_Historical_TR_01012025to31122025.csv,-0.01099083912202825,1.0
2025-08-11,36032.97,NIFTY 500,NIFTY 500_Historical_TR_01012025to31122025.csv,0.008496646598220803,3.0
2025-08-12,35945.46,NIFTY 500,NIFTY 500_Historical_TR_01012025to31122025.csv,-0.0024286091321364944,1.0
2025-08-13,36153.37,NIFTY 500,NIFTY 500_Historical_TR_01012025to31122025.csv,0.0057840405992857225,1.0
2025-08-14,36135.65,NIFTY 500,NIFTY 500_Historical_TR_01012025to31122025.csv,-0.0004901341147450777,1.0
2025-08-18,36537.05,NIFTY 500,NIFTY 500_Historical_TR_01012025to31122025.csv,0.011108143896678246,4.0
2025-08-19,36753.67,NIFTY 500,NIFTY 500_Historical_TR_01012025to31122025.csv,0.005928776406414649,1.0
2025-08-20,36875.67,NIFTY 500,NIFTY 500_Historical_TR_01012025to31122025.csv,0.0033193964031346113,1.0
2025-08-21,36869.09,NIFTY 500,NIFTY 500_Historical_TR_01012025to31122025.csv,-0.00017843743584866623,1.0
2025-08-22,36639.05,NIFTY 500,NIFTY 500_Historical_TR_01012025to31122025.csv,-0.006239372873048765,1.0
2025-08-25,36737.52,NIFTY 500,NIFTY 500_Historical_TR_01012025to31122025.csv,0.002687569683165636,3.0
2025-08-26,36286.08,NIFTY 500,NIFTY 500_Historical_TR_01012025to31122025.csv,-0.012288254623610828,1.0
2025-08-28,35924.5,NIFTY 500,NIFTY 500_Historical_TR_01012025to31122025.csv,-0.009964702717956908,2.0
2025-08-29,35799.38,NIFTY 500,NIFTY 500_Historical_TR_01012025to31122025.csv,-0.003482859886706935,1.0
2025-09-01,36198.88,NIFTY 500,NIFTY 500_Historical_TR_01012025to31122025.csv,0.011159411140639897,3.0
2025-09-02,36216.3,NIFTY 500,NIFTY 500_Historical_TR_01012025to31122025.csv,0.0004812303585084443,1.0
2025-09-03,36439.98,NIFTY 500,NIFTY 500_Historical_TR_01012025to31122025.csv,0.00617622451768951,1.0
2025-09-04,36373.3,NIFTY 500,NIFTY 500_Historical_TR_01012025to31122025.csv,-0.0018298583039837446,1.0
2025-09-05,36388.38,NIFTY 500,NIFTY 500_Historical_TR_01012025to31122025.csv,0.0004145898227545519,1.0
2025-09-08,36467.99,NIFTY 500,NIFTY 500_Historical_TR_01012025to31122025.csv,0.0021877863207979686,3.0
2025-09-09,36580.32,NIFTY 500,NIFTY 500_Historical_TR_01012025to31122025.csv,0.003080235570976031,1.0
2025-09-10,36780.0,NIFTY 500,NIFTY 500_Historical_TR_01012025to31122025.csv,0.005458672860160885,1.0
2025-09-11,36825.45,NIFTY 500,NIFTY 500_Historical_TR_01012025to31122025.csv,0.0012357259380098018,1.0
2025-09-12,36965.52,NIFTY 500,NIFTY 500_Historical_TR_01012025to31122025.csv,0.003803619507704692,1.0
2025-09-15,37006.74,NIFTY 500,NIFTY 500_Historical_TR_01012025to31122025.csv,0.0011150932003662906,3.0
2025-09-16,37251.37,NIFTY 500,NIFTY 500_Historical_TR_01012025to31122025.csv,0.006610417453685624,1.0
2025-09-17,37372.44,NIFTY 500,NIFTY 500_Historical_TR_01012025to31122025.csv,0.0032500818090717143,1.0
2025-09-18,37490.1,NIFTY 500,NIFTY 500_Historical_TR_01012025to31122025.csv,0.0031483092888768827,1.0
2025-09-19,37439.3,NIFTY 500,NIFTY 500_Historical_TR_01012025to31122025.csv,-0.0013550243931063077,1.0
2025-09-22,37272.18,NIFTY 500,NIFTY 500_Historical_TR_01012025to31122025.csv,-0.004463758670701701,3.0
2025-09-23,37182.63,NIFTY 500,NIFTY 500_Historical_TR_01012025to31122025.csv,-0.0024025962527548517,1.0
2025-09-24,36948.25,NIFTY 500,NIFTY 500_Historical_TR_01012025to31122025.csv,-0.006303480953337548,1.0
2025-09-25,36699.82,NIFTY 500,NIFTY 500_Historical_TR_01012025to31122025.csv,-0.00672372845804603,1.0
2025-09-26,36206.84,NIFTY 500,NIFTY 500_Historical_TR_01012025to31122025.csv,-0.013432763430447414,1.0
2025-09-29,36248.22,NIFTY 500,NIFTY 500_Historical_TR_01012025to31122025.csv,0.0011428779755429108,3.0
2025-09-30,36240.26,NIFTY 500,NIFTY 500_Historical_TR_01012025to31122025.csv,-0.00021959698986595555,1.0
2025-10-01,36549.8,NIFTY 500,NIFTY 500_Historical_TR_01012025to31122025.csv,0.00854132944962327,1.0
2025-10-03,36708.39,NIFTY 500,NIFTY 500_Historical_TR_01012025to31122025.csv,0.004339011430978923,2.0
2025-10-06,36934.66,NIFTY 500,NIFTY 500_Historical_TR_01012025to31122025.csv,0.006163985944357853,3.0
2025-10-07,36998.14,NIFTY 500,NIFTY 500_Historical_TR_01012025to31122025.csv,0.0017187108260912076,1.0
2025-10-08,36838.5,NIFTY 500,NIFTY 500_Historical_TR_01012025to31122025.csv,-0.0043148115013349475,1.0
2025-10-09,37049.58,NIFTY 500,NIFTY 500_Historical_TR_01012025to31122025.csv,0.005729874994910178,1.0
2025-10-10,37202.44,NIFTY 500,NIFTY 500_Historical_TR_01012025to31122025.csv,0.004125822748867858,1.0
2025-10-13,37134.35,NIFTY 500,NIFTY 500_Historical_TR_01012025to31122025.csv,-0.0018302562950173185,3.0
2025-10-14,36957.77,NIFTY 500,NIFTY 500_Historical_TR_01012025to31122025.csv,-0.0047551660389909545,1.0
2025-10-15,37268.03,NIFTY 500,NIFTY 500_Historical_TR_01012025to31122025.csv,0.008394987035202695,1.0
2025-10-16,37565.29,NIFTY 500,NIFTY 500_Historical_TR_01012025to31122025.csv,0.007976273497686925,1.0
2025-10-17,37622.31,NIFTY 500,NIFTY 500_Historical_TR_01012025to31122025.csv,0.0015178905846326973,1.0
2025-10-20,37812.39,NIFTY 500,NIFTY 500_Historical_TR_01012025to31122025.csv,0.00505232134868927,3.0
2025-10-21,37881.08,NIFTY 500,NIFTY 500_Historical_TR_01012025to31122025.csv,0.0018166003259778574,1.0
2025-10-23,37876.13,NIFTY 500,NIFTY 500_Historical_TR_01012025to31122025.csv,-0.00013067209277040082,2.0
2025-10-24,37766.89,NIFTY 500,NIFTY 500_Historical_TR_01012025to31122025.csv,-0.002884138374221412,1.0
2025-10-27,38030.32,NIFTY 500,NIFTY 500_Historical_TR_01012025to31122025.csv,0.006975157340199267,3.0
2025-10-28,37985.14,NIFTY 500,NIFTY 500_Historical_TR_01012025to31122025.csv,-0.0011879994698966723,1.0
2025-10-29,38208.18,NIFTY 500,NIFTY 500_Historical_TR_01012025to31122025.csv,0.005871769855264386,1.0
2025-10-30,38030.97,NIFTY 500,NIFTY 500_Historical_TR_01012025to31122025.csv,-0.0046380120696667415,1.0
2025-10-31,37822.45,NIFTY 500,NIFTY 500_Historical_TR_01012025to31122025.csv,-0.005482899857668699,1.0
2025-11-03,37983.99,NIFTY 500,NIFTY 500_Historical_TR_01012025to31122025.csv,0.004271008356148354,3.0
2025-11-04,37768.49,NIFTY 500,NIFTY 500_Historical_TR_01012025to31122025.csv,-0.005673442942671358,1.0
2025-11-06,37510.82,NIFTY 500,NIFTY 500_Historical_TR_01012025to31122025.csv,-0.006822353766327338,2.0
2025-11-07,37532.2,NIFTY 500,NIFTY 500_Historical_TR_01012025to31122025.csv,0.0005699688783129542,1.0
2025-11-10,37656.69,NIFTY 500,NIFTY 500_Historical_TR_01012025to31122025.csv,0.0033168852345453192,3.0
2025-11-11,37794.11,NIFTY 500,NIFTY 500_Historical_TR_01012025to31122025.csv,0.003649285160219895,1.0
2025-11-12,38040.22,NIFTY 500,NIFTY 500_Historical_TR_01012025to31122025.csv,0.006511861239754113,1.0
2025-11-13,38007.3,NIFTY 500,NIFTY 500_Historical_TR_01012025to31122025.csv,-0.0008653998320724554,1.0
2025-11-14,38041.15,NIFTY 500,NIFTY 500_Historical_TR_01012025to31122025.csv,0.0008906183812056323,1.0
2025-11-17,38229.8,NIFTY 500,NIFTY 500_Historical_TR_01012025to31122025.csv,0.004959103497134132,3.0
2025-11-18,38023.56,NIFTY 500,NIFTY 500_Historical_TR_01012025to31122025.csv,-0.00539474441404364,1.0
2025-11-19,38154.25,NIFTY 500,NIFTY 500_Historical_TR_01012025to31122025.csv,0.003437079537002896,1.0
2025-11-20,38264.88,NIFTY 500,NIFTY 500_Historical_TR_01012025to31122025.csv,0.0028995459221448083,1.0
2025-11-21,37970.16,NIFTY 500,NIFTY 500_Historical_TR_01012025to31122025.csv,-0.007702101770605152,1.0
2025-11-24,37785.5,NIFTY 500,NIFTY 500_Historical_TR_01012025to31122025.csv,-0.0048632926487537365,3.0
2025-11-25,37754.36,NIFTY 500,NIFTY 500_Historical_TR_01012025to31122025.csv,-0.0008241256566672295,1.0
2025-11-26,38234.47,NIFTY 500,NIFTY 500_Historical_TR_01012025to31122025.csv,0.012716676961283424,1.0
2025-11-27,38222.54,NIFTY 500,NIFTY 500_Historical_TR_01012025to31122025.csv,-0.00031202210989189627,1.0
2025-11-28,38199.35,NIFTY 500,NIFTY 500_Historical_TR_01012025to31122025.csv,-0.0006067100721197649,1.0
2025-12-01,38182.16,NIFTY 500,NIFTY 500_Historical_TR_01012025to31122025.csv,-0.0004500076571982703,3.0
2025-12-02,38022.2,NIFTY 500,NIFTY 500_Historical_TR_01012025to31122025.csv,-0.004189391066403925,1.0
2025-12-03,37853.13,NIFTY 500,NIFTY 500_Historical_TR_01012025to31122025.csv,-0.004446612768330027,1.0
2025-12-04,37892.73,NIFTY 500,NIFTY 500_Historical_TR_01012025to31122025.csv,0.0010461486276036602,1.0
2025-12-05,38043.05,NIFTY 500,NIFTY 500_Historical_TR_01012025to31122025.csv,0.003966987862843441,1.0
2025-12-08,37549.77,NIFTY 500,NIFTY 500_Historical_TR_01012025to31122025.csv,-0.01296636310705912,3.0
2025-12-09,37533.89,NIFTY 500,NIFTY 500_Historical_TR_01012025to31122025.csv,-0.00042290538663747324,1.0
2025-12-10,37362.36,NIFTY 500,NIFTY 500_Historical_TR_01012025to31122025.csv,-0.004570003269045664,1.0
2025-12-11,37589.1,NIFTY 500,NIFTY 500_Historical_TR_01012025to31122025.csv,0.006068674462748058,1.0
2025-12-12,37869.0,NIFTY 500,NIFTY 500_Historical_TR_01012025to31122025.csv,0.007446307573206079,1.0
2025-12-15,37867.37,NIFTY 500,NIFTY 500_Historical_TR_01012025to31122025.csv,-4.3043122342711904e-05,3.0
2025-12-16,37619.88,NIFTY 500,NIFTY 500_Historical_TR_01012025to31122025.csv,-0.006535706070952552,1.0
2025-12-17,37501.66,NIFTY 500,NIFTY 500_Historical_TR_01012025to31122025.csv,-0.0031424874295185035,1.0
2025-12-18,37494.35,NIFTY 500,NIFTY 500_Historical_TR_01012025to31122025.csv,-0.00019492470466653256,1.0
2025-12-19,37791.42,NIFTY 500,NIFTY 500_Historical_TR_01012025to31122025.csv,0.007923060407768023,1.0
2025-12-22,38094.83,NIFTY 500,NIFTY 500_Historical_TR_01012025to31122025.csv,0.008028541928300159,3.0
2025-12-23,38138.72,NIFTY 500,NIFTY 500_Historical_TR_01012025to31122025.csv,0.0011521248421373365,1.0
2025-12-24,38067.12,NIFTY 500,NIFTY 500_Historical_TR_01012025to31122025.csv,-0.0018773571845095427,1.0
2025-12-26,37955.38,NIFTY 500,NIFTY 500_Historical_TR_01012025to31122025.csv,-0.0029353415756171453,2.0
2025-12-29,37798.74,NIFTY 500,NIFTY 500_Historical_TR_01012025to31122025.csv,-0.004126951172666371,3.0
2025-12-30,37777.45,NIFTY 500,NIFTY 500_Historical_TR_01012025to31122025.csv,-0.0005632462881037803,1.0
2025-12-31,38101.06,NIFTY 500,NIFTY 500_Historical_TR_01012025to31122025.csv,0.00856622138339147,1.0
2026-01-01,38161.77,NIFTY 500,NIFTY 500_Historical_TR_01012026to31032026.csv,0.0015933939895635962,1.0
2026-01-02,38464.1,NIFTY 500,NIFTY 500_Historical_TR_01012026to31032026.csv,0.007922326453935424,1.0
2026-01-05,38399.37,NIFTY 500,NIFTY 500_Historical_TR_01012026to31032026.csv,-0.001682867920996367,3.0
2026-01-06,38322.83,NIFTY 500,NIFTY 500_Historical_TR_01012026to31032026.csv,-0.001993261868619256,1.0
2026-01-07,38332.63,NIFTY 500,NIFTY 500_Historical_TR_01012026to31032026.csv,0.00025572224180714365,1.0
2026-01-08,37795.55,NIFTY 500,NIFTY 500_Historical_TR_01012026to31032026.csv,-0.014011039680814852,1.0
2026-01-09,37455.92,NIFTY 500,NIFTY 500_Historical_TR_01012026to31032026.csv,-0.00898597850805205,1.0
2026-01-12,37524.71,NIFTY 500,NIFTY 500_Historical_TR_01012026to31032026.csv,0.0018365588136668443,3.0
2026-01-13,37477.21,NIFTY 500,NIFTY 500_Historical_TR_01012026to31032026.csv,-0.0012658325673935433,1.0
2026-01-14,37469.5,NIFTY 500,NIFTY 500_Historical_TR_01012026to31032026.csv,-0.0002057250259557275,1.0
2026-01-16,37498.02,NIFTY 500,NIFTY 500_Historical_TR_01012026to31032026.csv,0.0007611524039550233,2.0
2026-01-19,37319.93,NIFTY 500,NIFTY 500_Historical_TR_01012026to31032026.csv,-0.004749317430626898,3.0
2026-01-20,36638.57,NIFTY 500,NIFTY 500_Historical_TR_01012026to31032026.csv,-0.018257268971297647,1.0
2026-01-21,36460.89,NIFTY 500,NIFTY 500_Historical_TR_01012026to31032026.csv,-0.00484953424765211,1.0
2026-01-22,36738.03,NIFTY 500,NIFTY 500_Historical_TR_01012026to31032026.csv,0.007601021258669238,1.0
2026-01-23,36255.23,NIFTY 500,NIFTY 500_Historical_TR_01012026to31032026.csv,-0.013141695403917852,1.0
2026-01-27,36436.73,NIFTY 500,NIFTY 500_Historical_TR_01012026to31032026.csv,0.005006174281614095,4.0
2026-01-28,36856.46,NIFTY 500,NIFTY 500_Historical_TR_01012026to31032026.csv,0.011519420101639088,1.0
2026-01-29,36940.9,NIFTY 500,NIFTY 500_Historical_TR_01012026to31032026.csv,0.002291050198526934,1.0
2026-01-30,36853.92,NIFTY 500,NIFTY 500_Historical_TR_01012026to31032026.csv,-0.0023545717619225526,1.0
2026-02-01,36106.27,NIFTY 500,NIFTY 500_Historical_TR_01012026to31032026.csv,-0.02028685143941278,2.0
2026-02-02,36466.76,NIFTY 500,NIFTY 500_Historical_TR_01012026to31032026.csv,0.009984138488966288,1.0
2026-02-03,37439.87,NIFTY 500,NIFTY 500_Historical_TR_01012026to31032026.csv,0.02668484943548588,1.0
2026-02-04,37582.1,NIFTY 500,NIFTY 500_Historical_TR_01012026to31032026.csv,0.003798891395723203,1.0
2026-02-05,37388.0,NIFTY 500,NIFTY 500_Historical_TR_01012026to31032026.csv,-0.00516469276597098,1.0
2026-02-06,37429.3,NIFTY 500,NIFTY 500_Historical_TR_01012026to31032026.csv,0.0011046325024073322,1.0
2026-02-09,37830.83,NIFTY 500,NIFTY 500_Historical_TR_01012026to31032026.csv,0.010727691941874395,3.0
2026-02-10,37944.59,NIFTY 500,NIFTY 500_Historical_TR_01012026to31032026.csv,0.003007071216782675,1.0
2026-02-11,37995.17,NIFTY 500,NIFTY 500_Historical_TR_01012026to31032026.csv,0.0013329963507313636,1.0
2026-02-12,37785.12,NIFTY 500,NIFTY 500_Historical_TR_01012026to31032026.csv,-0.005528334259328083,1.0
2026-02-13,37245.02,NIFTY 500,NIFTY 500_Historical_TR_01012026to31032026.csv,-0.014293986627540334,1.0
2026-02-16,37500.33,NIFTY 500,NIFTY 500_Historical_TR_01012026to31032026.csv,0.006854876168679969,3.0
2026-02-17,37608.58,NIFTY 500,NIFTY 500_Historical_TR_01012026to31032026.csv,0.002886641264223444,1.0
2026-02-18,37783.04,NIFTY 500,NIFTY 500_Historical_TR_01012026to31032026.csv,0.004638835074336711,1.0
2026-02-19,37226.45,NIFTY 500,NIFTY 500_Historical_TR_01012026to31032026.csv,-0.014731212734602761,1.0
2026-02-20,37384.87,NIFTY 500,NIFTY 500_Historical_TR_01012026to31032026.csv,0.004255576344239342,1.0
2026-02-23,37528.69,NIFTY 500,NIFTY 500_Historical_TR_01012026to31032026.csv,0.0038470108362018696,3.0
2026-02-24,37240.51,NIFTY 500,NIFTY 500_Historical_TR_01012026to31032026.csv,-0.007678925110362278,1.0
2026-02-25,37399.02,NIFTY 500,NIFTY 500_Historical_TR_01012026to31032026.csv,0.004256386392130329,1.0
2026-02-26,37470.48,NIFTY 500,NIFTY 500_Historical_TR_01012026to31032026.csv,0.001910745254822377,1.0
2026-02-27,37020.38,NIFTY 500,NIFTY 500_Historical_TR_01012026to31032026.csv,-0.012012122609585063,1.0
2026-03-02,36491.59,NIFTY 500,NIFTY 500_Historical_TR_01012026to31032026.csv,-0.014283753975512958,3.0
2026-03-04,35810.62,NIFTY 500,NIFTY 500_Historical_TR_01012026to31032026.csv,-0.018661012030443014,2.0
2026-03-05,36270.84,NIFTY 500,NIFTY 500_Historical_TR_01012026to31032026.csv,0.012851494891738646,1.0
2026-03-06,35926.53,NIFTY 500,NIFTY 500_Historical_TR_01012026to31032026.csv,-0.0094927495475704,1.0
2026-03-09,35247.72,NIFTY 500,NIFTY 500_Historical_TR_01012026to31032026.csv,-0.01889439364169032,3.0
2026-03-10,35705.47,NIFTY 500,NIFTY 500_Historical_TR_01012026to31032026.csv,0.012986655590772944,1.0
2026-03-11,35225.15,NIFTY 500,NIFTY 500_Historical_TR_01012026to31032026.csv,-0.013452280560933616,1.0
2026-03-12,34995.14,NIFTY 500,NIFTY 500_Historical_TR_01012026to31032026.csv,-0.006529709596694411,1.0
2026-03-13,34186.38,NIFTY 500,NIFTY 500_Historical_TR_01012026to31032026.csv,-0.023110637648542154,1.0
2026-03-16,34358.33,NIFTY 500,NIFTY 500_Historical_TR_01012026to31032026.csv,0.005029780865947409,3.0
2026-03-17,34630.88,NIFTY 500,NIFTY 500_Historical_TR_01012026to31032026.csv,0.00793257413849835,1.0
2026-03-18,35027.36,NIFTY 500,NIFTY 500_Historical_TR_01012026to31032026.csv,0.011448741701048482,1.0
2026-03-19,33922.06,NIFTY 500,NIFTY 500_Historical_TR_01012026to31032026.csv,-0.031555332745602405,1.0
2026-03-20,34085.99,NIFTY 500,NIFTY 500_Historical_TR_01012026to31032026.csv,0.004832548494991151,1.0
2026-03-23,33026.22,NIFTY 500,NIFTY 500_Historical_TR_01012026to31032026.csv,-0.03109107290121238,3.0
2026-03-24,33669.94,NIFTY 500,NIFTY 500_Historical_TR_01012026to31032026.csv,0.019491180038163636,1.0
2026-03-25,34327.17,NIFTY 500,NIFTY 500_Historical_TR_01012026to31032026.csv,0.019519785304042525,1.0
2026-03-27,33599.22,NIFTY 500,NIFTY 500_Historical_TR_01012026to31032026.csv,-0.02120623401229982,2.0
2026-03-30,32813.14,NIFTY 500,NIFTY 500_Historical_TR_01012026to31032026.csv,-0.023395781211587696,3.0
