event_id,security_id,symbol,event_date,event_type,event_description,formation_date,holding_month,is_scored,eligible_count,winner_count,current_weakest_winner_score,current_weakest_winner_id,current_strongest_nonwinner_score,current_strongest_nonwinner_id,winner_count_with_one_candidate,winner_count_with_all_concurrent,concurrent_uncertain_candidates,possible_count_change,individual_boundary_score,individual_boundary_id,individual_equality_selects_candidate,best_case_boundary_score,best_case_boundary_id,best_case_equality_selects_candidate,worst_case_boundary_score,worst_case_boundary_id,worst_case_equality_selects_candidate,other_ten_months_gross,price_only_month_return_diagnostic,month_return_to_current_cutoff,month_return_to_single_candidate_cutoff,month_return_below_this_is_definitely_out,month_return_above_this_is_definitely_in,additional_month_return_to_single_candidate_cutoff,additional_month_return_below_this_is_definitely_out,additional_month_return_above_this_is_definitely_in,accepted_additional_return_lower_bound,accepted_additional_return_upper_bound,materiality_class,needs_further_research,hypothetical_momentum,hypothetical_rank
CA_c0367514c7cc21c72f42,NSE_3FA872F937F6,MARICO,2013-11-01,STRUCTURAL,SCHEME OF ARRANGEMENT AND FIRST INTERIM DIVIDEND,2014-08-28,2014-09,False,490,49,2.0890052356020914,NSE_3677464F31DF,2.0756183745583066,NSE_42CD50DCCBD6,50,50,7,True,2.0756183745583066,NSE_42CD50DCCBD6,True,2.0756183745583066,NSE_42CD50DCCBD6,True,2.1605089518607388,NSE_B46CD836B94A,True,1.1954485129938388,0.01934418494928103,1.5839717913623033,1.5727736001409522,1.5727736001409522,1.6437850877790399,1.5534294151916712,1.5534294151916712,1.6244409028297588,,,MATERIAL_WARMUP_ONLY,True,,
CA_c0367514c7cc21c72f42,NSE_3FA872F937F6,MARICO,2013-11-01,STRUCTURAL,SCHEME OF ARRANGEMENT AND FIRST INTERIM DIVIDEND,2014-09-30,2014-10,False,488,49,2.109425785482127,NSE_454B05422EF3,2.1026936026936007,NSE_8BF6891072D1,49,50,9,True,2.109425785482127,NSE_454B05422EF3,True,2.1026936026936007,NSE_8BF6891072D1,True,2.29007633587786,NSE_F6C28C2DB744,True,1.2305204834795438,0.01934418494928103,1.5269191591915647,1.5269191591915647,1.521448154946687,1.6737274023870845,1.5075749742422837,1.502103969997406,1.6543832174378035,,,MATERIAL_WARMUP_ONLY,True,,
CA_c0367514c7cc21c72f42,NSE_3FA872F937F6,MARICO,2013-11-01,STRUCTURAL,SCHEME OF ARRANGEMENT AND FIRST INTERIM DIVIDEND,2014-10-31,2014-11,False,489,49,1.8077104738081293,NSE_DCA00C31EBFD,1.7779743476337941,NSE_B821A8B7C241,49,50,9,True,1.8077104738081293,NSE_DCA00C31EBFD,True,1.7779743476337941,NSE_B821A8B7C241,True,1.981942264123338,NSE_7271BD099C26,True,1.4536988983240708,0.01934418494928103,0.9314250544215592,0.9314250544215592,0.9109695624289484,1.0512791662435297,0.9120808694722782,0.8916253774796674,1.0319349812942487,,,MATERIAL_WARMUP_ONLY,True,,
CA_943bf15d9518ab3239fe,NSE_AE2862139B09,WHEELS,2014-02-13,RIGHTS,RIGHTS 51:20 @ PREMIUM RS.390/- PER EQUITY SHARE,2014-09-30,2014-10,False,488,49,2.109425785482127,NSE_454B05422EF3,2.1026936026936007,NSE_8BF6891072D1,49,50,9,True,2.109425785482127,NSE_454B05422EF3,False,2.1026936026936007,NSE_8BF6891072D1,False,2.29007633587786,NSE_F6C28C2DB744,True,1.9141693266480462,-0.3175899766613437,0.6244256671519894,0.6244256671519894,0.6209086414140863,0.7188010956372402,0.9420156438133331,0.93849861807543,1.0363910722985838,,,MATERIAL_WARMUP_ONLY,True,,
CA_943bf15d9518ab3239fe,NSE_AE2862139B09,WHEELS,2014-02-13,RIGHTS,RIGHTS 51:20 @ PREMIUM RS.390/- PER EQUITY SHARE,2014-10-31,2014-11,False,489,49,1.8077104738081293,NSE_DCA00C31EBFD,1.7779743476337941,NSE_B821A8B7C241,49,50,9,True,1.8077104738081293,NSE_DCA00C31EBFD,True,1.7779743476337941,NSE_B821A8B7C241,True,1.981942264123338,NSE_7271BD099C26,False,1.882419955186801,-0.3175899766613437,0.49154308849722517,0.49154308849722517,0.4757463338504202,0.5841004319503329,0.8091330651585689,0.7933363105117639,0.9016904086116766,,,MATERIAL_WARMUP_ONLY,True,,
CA_943bf15d9518ab3239fe,NSE_AE2862139B09,WHEELS,2014-02-13,RIGHTS,RIGHTS 51:20 @ PREMIUM RS.390/- PER EQUITY SHARE,2014-11-28,2014-12,False,490,49,1.732324063532146,NSE_158A5A0513EB,1.7223232018824661,NSE_A06CF0562665,50,50,8,True,1.7223232018824661,NSE_A06CF0562665,False,1.7223232018824661,NSE_A06CF0562665,False,1.848511130384502,NSE_662663CCD5A1,False,1.785973278025697,-0.3175899766613437,0.5298795884295604,0.5242799180578204,0.5242799180578204,0.5949349105230661,0.8418698947191641,0.8418698947191641,0.9125248871844098,,,MATERIAL_WARMUP_ONLY,True,,
CA_943bf15d9518ab3239fe,NSE_AE2862139B09,WHEELS,2014-02-13,RIGHTS,RIGHTS 51:20 @ PREMIUM RS.390/- PER EQUITY SHARE,2014-12-31,2015-01,False,490,49,1.7380019673649945,NSE_72AFBEE07E5D,1.7168784029038084,NSE_8B1A9BBDE5E6,50,50,8,True,1.7168784029038084,NSE_8B1A9BBDE5E6,False,1.7168784029038084,NSE_8B1A9BBDE5E6,False,1.7883602089157509,NSE_05F316A71726,False,1.7879752265000861,-0.3175899766613437,0.5313422282279383,0.5195279904532153,0.5195279904532153,0.559507183091061,0.837117967114559,0.837117967114559,0.8770971597524047,,,MATERIAL_WARMUP_ONLY,True,,
CA_943bf15d9518ab3239fe,NSE_AE2862139B09,WHEELS,2014-02-13,RIGHTS,RIGHTS 51:20 @ PREMIUM RS.390/- PER EQUITY SHARE,2015-01-30,2015-02,False,490,49,1.796818254431047,NSE_7F1FE9599769,1.7966583078510436,NSE_DA8CD7DBA4AA,50,50,8,True,1.7966583078510436,NSE_DA8CD7DBA4AA,True,1.7966583078510436,NSE_DA8CD7DBA4AA,True,1.9197014106415806,NSE_A8A9E5C75DCE,False,1.6540081160206608,-0.3175899766613437,0.6909338154638842,0.6908371130484281,0.6908371130484281,0.7652279830802895,1.0084270897097718,1.0084270897097718,1.0828179597416332,,,MATERIAL_WARMUP_ONLY,True,,
CA_f8990b3551e9950dca04,NSE_DD6A0E2BA440,WELCORP,2014-02-18,STRUCTURAL,SCHEME OF ARRANGEMENT,2014-09-30,2014-10,False,488,49,2.109425785482127,NSE_454B05422EF3,2.1026936026936007,NSE_8BF6891072D1,49,50,9,True,2.109425785482127,NSE_454B05422EF3,False,2.1026936026936007,NSE_8BF6891072D1,False,2.29007633587786,NSE_F6C28C2DB744,True,2.0798274217929174,0.10362694300518172,0.49504028694921387,0.49504028694921387,0.49180339204246115,0.581898719770531,0.39141334394403215,0.38817644903727944,0.47827177676534927,,,MATERIAL_WARMUP_ONLY,True,,
CA_f8990b3551e9950dca04,NSE_DD6A0E2BA440,WELCORP,2014-02-18,STRUCTURAL,SCHEME OF ARRANGEMENT,2014-10-31,2014-11,False,489,49,1.8077104738081293,NSE_DCA00C31EBFD,1.7779743476337941,NSE_B821A8B7C241,49,50,9,True,1.8077104738081293,NSE_DCA00C31EBFD,False,1.7779743476337941,NSE_B821A8B7C241,False,1.981942264123338,NSE_7271BD099C26,False,1.6604596427163318,0.10362694300518172,0.6909236464278166,0.6909236464278166,0.6730152761131427,0.7958535018925266,0.5872967034226348,0.569388333107961,0.6922265588873449,,,MATERIAL_WARMUP_ONLY,True,,
CA_f8990b3551e9950dca04,NSE_DD6A0E2BA440,WELCORP,2014-02-18,STRUCTURAL,SCHEME OF ARRANGEMENT,2014-11-28,2014-12,False,490,49,1.732324063532146,NSE_158A5A0513EB,1.7223232018824661,NSE_A06CF0562665,50,50,8,True,1.7223232018824661,NSE_A06CF0562665,False,1.7223232018824661,NSE_A06CF0562665,False,1.848511130384502,NSE_662663CCD5A1,False,1.8081984288692055,0.10362694300518172,0.5110753443364409,0.5055445013216429,0.5055445013216429,0.5753310504566016,0.40191755831646114,0.40191755831646114,0.4717041074514199,,,MATERIAL_WARMUP_ONLY,True,,
CA_f8990b3551e9950dca04,NSE_DD6A0E2BA440,WELCORP,2014-02-18,STRUCTURAL,SCHEME OF ARRANGEMENT,2014-12-31,2015-01,False,490,49,1.7380019673649945,NSE_72AFBEE07E5D,1.7168784029038084,NSE_8B1A9BBDE5E6,50,50,8,True,1.7168784029038084,NSE_8B1A9BBDE5E6,False,1.7168784029038084,NSE_8B1A9BBDE5E6,False,1.7883602089157509,NSE_05F316A71726,False,1.0725889148608836,0.10362694300518172,1.5527039571540953,1.5330099586719967,1.5330099586719967,1.5996541361584047,1.429383015666815,1.429383015666815,1.496027193153223,,,MATERIAL_WARMUP_ONLY,True,,
CA_f8990b3551e9950dca04,NSE_DD6A0E2BA440,WELCORP,2014-02-18,STRUCTURAL,SCHEME OF ARRANGEMENT,2015-01-30,2015-02,False,490,49,1.796818254431047,NSE_7F1FE9599769,1.7966583078510436,NSE_DA8CD7DBA4AA,50,50,8,True,1.7966583078510436,NSE_DA8CD7DBA4AA,False,1.7966583078510436,NSE_DA8CD7DBA4AA,False,1.9197014106415806,NSE_A8A9E5C75DCE,False,1.0850544672589186,0.10362694300518172,1.577583281599137,1.5774358727963262,1.5774358727963262,1.6908339615589765,1.4738089297911445,1.4738089297911445,1.5872070185537948,,,MATERIAL_WARMUP_ONLY,True,,
CA_2a13e69ce26f43736219,NSE_0144F0CB1BA0,ZEEL,2014-03-03,PREFERENCE_SHARE_BONUS,BONUS PREFERENCE SHARES 21:1,2014-08-28,2014-09,False,490,49,2.0890052356020914,NSE_3677464F31DF,2.0756183745583066,NSE_42CD50DCCBD6,50,50,7,True,2.0756183745583066,NSE_42CD50DCCBD6,True,2.0756183745583066,NSE_42CD50DCCBD6,True,2.1605089518607388,NSE_B46CD836B94A,True,1.2521374864361696,0.009862299962783982,1.466985669755811,1.45629446276872,1.45629446276872,1.5240909932791573,1.446432162805936,1.446432162805936,1.5142286933163733,,,MATERIAL_WARMUP_ONLY,True,,
CA_2a13e69ce26f43736219,NSE_0144F0CB1BA0,ZEEL,2014-03-03,PREFERENCE_SHARE_BONUS,BONUS PREFERENCE SHARES 21:1,2014-09-30,2014-10,False,488,49,2.109425785482127,NSE_454B05422EF3,2.1026936026936007,NSE_8BF6891072D1,49,50,9,True,2.109425785482127,NSE_454B05422EF3,True,2.1026936026936007,NSE_8BF6891072D1,True,2.29007633587786,NSE_F6C28C2DB744,True,1.1943911429921994,0.009862299962783982,1.6033563658990015,1.6033563658990015,1.597719868317765,1.7546054365704116,1.5934940659362176,1.587857568354981,1.7447431366076276,,,MATERIAL_WARMUP_ONLY,True,,
CA_2a13e69ce26f43736219,NSE_0144F0CB1BA0,ZEEL,2014-03-03,PREFERENCE_SHARE_BONUS,BONUS PREFERENCE SHARES 21:1,2014-10-31,2014-11,False,489,49,1.8077104738081293,NSE_DCA00C31EBFD,1.7779743476337941,NSE_B821A8B7C241,49,50,9,True,1.8077104738081293,NSE_DCA00C31EBFD,True,1.7779743476337941,NSE_B821A8B7C241,True,1.981942264123338,NSE_7271BD099C26,True,1.177421012364934,0.009862299962783982,1.3846274563833738,1.3846274563833738,1.3593721518983553,1.5326049329915512,1.3747651564205898,1.3495098519355713,1.5227426330287672,,,MATERIAL_WARMUP_ONLY,True,,
CA_2a13e69ce26f43736219,NSE_0144F0CB1BA0,ZEEL,2014-03-03,PREFERENCE_SHARE_BONUS,BONUS PREFERENCE SHARES 21:1,2014-11-28,2014-12,False,490,49,1.732324063532146,NSE_158A5A0513EB,1.7223232018824661,NSE_A06CF0562665,50,50,8,True,1.7223232018824661,NSE_A06CF0562665,True,1.7223232018824661,NSE_A06CF0562665,True,1.848511130384502,NSE_662663CCD5A1,True,1.3243321825199803,0.009862299962783982,1.063171234223875,1.0556196079916633,1.0556196079916633,1.1509038049383253,1.0457573080288793,1.0457573080288793,1.1410415049755414,,,MATERIAL_WARMUP_ONLY,True,,
CA_2a13e69ce26f43736219,NSE_0144F0CB1BA0,ZEEL,2014-03-03,PREFERENCE_SHARE_BONUS,BONUS PREFERENCE SHARES 21:1,2014-12-31,2015-01,False,490,49,1.7380019673649945,NSE_72AFBEE07E5D,1.7168784029038084,NSE_8B1A9BBDE5E6,50,50,8,True,1.7168784029038084,NSE_8B1A9BBDE5E6,True,1.7168784029038084,NSE_8B1A9BBDE5E6,True,1.7883602089157509,NSE_05F316A71726,True,1.3769314506088386,0.009862299962783982,0.9884809560812418,0.9731399131761314,0.9731399131761314,1.0250537582555905,0.9632776132133474,0.9632776132133474,1.0151914582928065,,,MATERIAL_WARMUP_ONLY,True,,
CA_2a13e69ce26f43736219,NSE_0144F0CB1BA0,ZEEL,2014-03-03,PREFERENCE_SHARE_BONUS,BONUS PREFERENCE SHARES 21:1,2015-01-30,2015-02,False,490,49,1.796818254431047,NSE_7F1FE9599769,1.7966583078510436,NSE_DA8CD7DBA4AA,50,50,8,True,1.7966583078510436,NSE_DA8CD7DBA4AA,True,1.7966583078510436,NSE_DA8CD7DBA4AA,True,1.9197014106415806,NSE_A8A9E5C75DCE,True,1.4248927234398627,0.009862299962783982,0.9628272419548825,0.962714990290338,0.962714990290338,1.0490675281105162,0.952852690327554,0.952852690327554,1.0392052281477322,,,MATERIAL_WARMUP_ONLY,True,,
CA_2a13e69ce26f43736219,NSE_0144F0CB1BA0,ZEEL,2014-03-03,PREFERENCE_SHARE_BONUS,BONUS PREFERENCE SHARES 21:1,2015-02-28,2015-03,False,491,50,1.8464351005484523,NSE_9E788BED7AEF,1.7995601039807911,NSE_3F3FCC28A216,50,50,6,False,1.8464351005484523,NSE_9E788BED7AEF,True,1.8464351005484523,NSE_9E788BED7AEF,True,1.9457142857142857,NSE_454B05422EF3,True,1.398117191047166,0.009862299962783982,1.0359059446343841,1.0359059446343841,1.0359059446343841,1.1069151460100395,1.0260436446716001,1.0260436446716001,1.0970528460472555,,,MATERIAL_WARMUP_ONLY,True,,
CA_8274f48d00b93a70bd00,NSE_938AB0376CFC,IL&FSTRANS,2014-03-13,RIGHTS,RIGHTS 27:100 @ PREMIUM RS.90/- PER EQUITY SHARE,2014-08-28,2014-09,False,490,49,2.0890052356020914,NSE_3677464F31DF,2.0756183745583066,NSE_42CD50DCCBD6,50,50,7,True,2.0756183745583066,NSE_42CD50DCCBD6,False,2.0756183745583066,NSE_42CD50DCCBD6,False,2.1605089518607388,NSE_B46CD836B94A,True,1.8887632498440192,0.07162661737523135,0.6354644955407684,0.6283768623792856,0.6283768623792856,0.6733219222270155,0.5567502450040542,0.5567502450040542,0.6016953048517841,,,MATERIAL_WARMUP_ONLY,True,,
CA_8274f48d00b93a70bd00,NSE_938AB0376CFC,IL&FSTRANS,2014-03-13,RIGHTS,RIGHTS 27:100 @ PREMIUM RS.90/- PER EQUITY SHARE,2014-09-30,2014-10,False,488,49,2.109425785482127,NSE_454B05422EF3,2.1026936026936007,NSE_8BF6891072D1,49,50,9,True,2.109425785482127,NSE_454B05422EF3,False,2.1026936026936007,NSE_8BF6891072D1,False,2.29007633587786,NSE_F6C28C2DB744,True,1.8951875305204422,0.07162661737523135,0.6406955699145189,0.6406955699145189,0.6371433183931736,0.7360162426640513,0.5690689525392876,0.5655167010179423,0.66438962528882,,,MATERIAL_WARMUP_ONLY,True,,
CA_8274f48d00b93a70bd00,NSE_938AB0376CFC,IL&FSTRANS,2014-03-13,RIGHTS,RIGHTS 27:100 @ PREMIUM RS.90/- PER EQUITY SHARE,2014-10-31,2014-11,False,489,49,1.8077104738081293,NSE_DCA00C31EBFD,1.7779743476337941,NSE_B821A8B7C241,49,50,9,True,1.8077104738081293,NSE_DCA00C31EBFD,True,1.7779743476337941,NSE_B821A8B7C241,True,1.981942264123338,NSE_7271BD099C26,False,1.5595666561549024,0.07162661737523135,0.8003145057810572,0.8003145057810572,0.7812475899445459,0.9120325844073185,0.7286878884058259,0.7096209725693146,0.8404059670320871,,,MATERIAL_WARMUP_ONLY,True,,
CA_8274f48d00b93a70bd00,NSE_938AB0376CFC,IL&FSTRANS,2014-03-13,RIGHTS,RIGHTS 27:100 @ PREMIUM RS.90/- PER EQUITY SHARE,2014-11-28,2014-12,False,490,49,1.732324063532146,NSE_158A5A0513EB,1.7223232018824661,NSE_A06CF0562665,50,50,8,True,1.7223232018824661,NSE_A06CF0562665,True,1.7223232018824661,NSE_A06CF0562665,True,1.848511130384502,NSE_662663CCD5A1,False,1.4690845323798762,0.07162661737523135,0.8598821261196294,0.8530745793588732,0.8530745793588732,0.9389702005574811,0.7814479619836419,0.7814479619836419,0.8673435831822498,,,MATERIAL_WARMUP_ONLY,True,,
CA_8274f48d00b93a70bd00,NSE_938AB0376CFC,IL&FSTRANS,2014-03-13,RIGHTS,RIGHTS 27:100 @ PREMIUM RS.90/- PER EQUITY SHARE,2014-12-31,2015-01,False,490,49,1.7380019673649945,NSE_72AFBEE07E5D,1.7168784029038084,NSE_8B1A9BBDE5E6,50,50,8,True,1.7168784029038084,NSE_8B1A9BBDE5E6,False,1.7168784029038084,NSE_8B1A9BBDE5E6,False,1.7883602089157509,NSE_05F316A71726,False,1.2525253156208087,0.07162661737523135,1.1859853315682614,1.1691205511141303,1.1691205511141303,1.2261906998132908,1.097493933738899,1.097493933738899,1.1545640824380594,,,MATERIAL_WARMUP_ONLY,True,,
CA_8274f48d00b93a70bd00,NSE_938AB0376CFC,IL&FSTRANS,2014-03-13,RIGHTS,RIGHTS 27:100 @ PREMIUM RS.90/- PER EQUITY SHARE,2015-01-30,2015-02,False,490,49,1.796818254431047,NSE_7F1FE9599769,1.7966583078510436,NSE_DA8CD7DBA4AA,50,50,8,True,1.7966583078510436,NSE_DA8CD7DBA4AA,True,1.7966583078510436,NSE_DA8CD7DBA4AA,True,1.9197014106415806,NSE_A8A9E5C75DCE,True,1.5213550514741838,0.07162661737523135,0.8383731343455605,0.838268000057645,0.838268000057645,0.9191453091849977,0.7666413826824137,0.7666413826824137,0.8475186918097664,,,MATERIAL_WARMUP_ONLY,True,,
CA_8274f48d00b93a70bd00,NSE_938AB0376CFC,IL&FSTRANS,2014-03-13,RIGHTS,RIGHTS 27:100 @ PREMIUM RS.90/- PER EQUITY SHARE,2015-02-28,2015-03,False,491,50,1.8464351005484523,NSE_9E788BED7AEF,1.7995601039807911,NSE_3F3FCC28A216,50,50,6,False,1.8464351005484523,NSE_9E788BED7AEF,True,1.8464351005484523,NSE_9E788BED7AEF,True,1.9457142857142857,NSE_454B05422EF3,False,1.8713756828294101,0.07162661737523135,0.5210388414606357,0.5210388414606357,0.5210388414606357,0.5740902870237892,0.4494122240854044,0.4494122240854044,0.5024636696485578,,,MATERIAL_WARMUP_ONLY,True,,
CA_58169035bd7640bbf863,NSE_53A37C11E6D9,TATAPOWER,2014-03-19,RIGHTS,RIGHTS 7:50 @ PREMIUM RS.59/- PER EQUITY SHARE,2014-08-28,2014-09,False,490,49,2.0890052356020914,NSE_3677464F31DF,2.0756183745583066,NSE_42CD50DCCBD6,50,50,7,True,2.0756183745583066,NSE_42CD50DCCBD6,False,2.0756183745583066,NSE_42CD50DCCBD6,False,2.1605089518607388,NSE_B46CD836B94A,True,1.2070603276987857,0.080583756345177,1.5591142088905876,1.5480237432886685,1.5480237432886685,1.6183521066309323,1.4674399869434915,1.4674399869434915,1.5377683502857553,,,MATERIAL_WARMUP_ONLY,True,,
CA_58169035bd7640bbf863,NSE_53A37C11E6D9,TATAPOWER,2014-03-19,RIGHTS,RIGHTS 7:50 @ PREMIUM RS.59/- PER EQUITY SHARE,2014-09-30,2014-10,False,488,49,2.109425785482127,NSE_454B05422EF3,2.1026936026936007,NSE_8BF6891072D1,49,50,9,True,2.109425785482127,NSE_454B05422EF3,False,2.1026936026936007,NSE_8BF6891072D1,True,2.29007633587786,NSE_F6C28C2DB744,True,0.9995330599770893,0.080583756345177,2.1108783791037378,2.1108783791037378,2.1041430513211026,2.291613321877791,2.0302946227585608,2.0235592949759256,2.211029565532614,,,MATERIAL_WARMUP_ONLY,True,,
CA_58169035bd7640bbf863,NSE_53A37C11E6D9,TATAPOWER,2014-03-19,RIGHTS,RIGHTS 7:50 @ PREMIUM RS.59/- PER EQUITY SHARE,2014-10-31,2014-11,False,489,49,1.8077104738081293,NSE_DCA00C31EBFD,1.7779743476337941,NSE_B821A8B7C241,49,50,9,True,1.8077104738081293,NSE_DCA00C31EBFD,True,1.7779743476337941,NSE_B821A8B7C241,True,1.981942264123338,NSE_7271BD099C26,True,0.9468907288410265,0.080583756345177,1.965189528515825,1.965189528515825,1.933785560488034,2.1491936432550878,1.884605772170648,1.853201804142857,2.0686098869099108,,,MATERIAL_WARMUP_ONLY,True,,
CA_58169035bd7640bbf863,NSE_53A37C11E6D9,TATAPOWER,2014-03-19,RIGHTS,RIGHTS 7:50 @ PREMIUM RS.59/- PER EQUITY SHARE,2014-11-28,2014-12,False,490,49,1.732324063532146,NSE_158A5A0513EB,1.7223232018824661,NSE_A06CF0562665,50,50,8,True,1.7223232018824661,NSE_A06CF0562665,True,1.7223232018824661,NSE_A06CF0562665,True,1.848511130384502,NSE_662663CCD5A1,True,1.1056939763008784,0.080583756345177,1.4711395034213641,1.4620946303696556,1.4620946303696556,1.5762201761415522,1.3815108740244786,1.3815108740244786,1.4956364197963752,,,MATERIAL_WARMUP_ONLY,True,,
CA_58169035bd7640bbf863,NSE_53A37C11E6D9,TATAPOWER,2014-03-19,RIGHTS,RIGHTS 7:50 @ PREMIUM RS.59/- PER EQUITY SHARE,2014-12-31,2015-01,False,490,49,1.7380019673649945,NSE_72AFBEE07E5D,1.7168784029038084,NSE_8B1A9BBDE5E6,50,50,8,True,1.7168784029038084,NSE_8B1A9BBDE5E6,True,1.7168784029038084,NSE_8B1A9BBDE5E6,True,1.7883602089157509,NSE_05F316A71726,False,0.9535471933057122,0.080583756345177,1.8713859015965628,1.849233285963606,1.849233285963606,1.9241973847662388,1.768649529618429,1.768649529618429,1.8436136284210618,,,MATERIAL_WARMUP_ONLY,True,,
CA_58169035bd7640bbf863,NSE_53A37C11E6D9,TATAPOWER,2014-03-19,RIGHTS,RIGHTS 7:50 @ PREMIUM RS.59/- PER EQUITY SHARE,2015-01-30,2015-02,False,490,49,1.796818254431047,NSE_7F1FE9599769,1.7966583078510436,NSE_DA8CD7DBA4AA,50,50,8,True,1.7966583078510436,NSE_DA8CD7DBA4AA,True,1.7966583078510436,NSE_DA8CD7DBA4AA,True,1.9197014106415806,NSE_A8A9E5C75DCE,True,1.0404882609306447,0.080583756345177,1.6879863612584023,1.6878326386398883,1.6878326386398883,1.8060877957720636,1.6072488822947113,1.6072488822947113,1.7255040394268866,,,MATERIAL_WARMUP_ONLY,True,,
CA_58169035bd7640bbf863,NSE_53A37C11E6D9,TATAPOWER,2014-03-19,RIGHTS,RIGHTS 7:50 @ PREMIUM RS.59/- PER EQUITY SHARE,2015-02-28,2015-03,False,491,50,1.8464351005484523,NSE_9E788BED7AEF,1.7995601039807911,NSE_3F3FCC28A216,50,50,6,False,1.8464351005484523,NSE_9E788BED7AEF,True,1.8464351005484523,NSE_9E788BED7AEF,True,1.9457142857142857,NSE_454B05422EF3,False,1.0756974943803765,0.080583756345177,1.646129711576633,1.646129711576633,1.646129711576633,1.7384225594120926,1.565545955231456,1.565545955231456,1.6578388030669156,,,MATERIAL_WARMUP_ONLY,True,,
CA_a8d345a42906ab916c08,NSE_AF1487EA4B1C,RAJTV,2014-03-25,SPLIT,BONUS 1:1 / FACE VALUE SPLIT FROM RS.10/- TO RS.5/-,2014-08-28,2014-09,False,490,49,2.0890052356020914,NSE_3677464F31DF,2.0756183745583066,NSE_42CD50DCCBD6,50,50,7,True,2.0756183745583066,NSE_42CD50DCCBD6,False,2.0756183745583066,NSE_42CD50DCCBD6,False,2.1605089518607388,NSE_B46CD836B94A,True,1.1827433320963872,-0.7360938333037139,1.6117291484762766,1.600410664845465,1.600410664845465,1.6721849670112316,2.336504498149179,2.336504498149179,2.4082788003149456,,,MATERIAL_WARMUP_ONLY,True,,
CA_a8d345a42906ab916c08,NSE_AF1487EA4B1C,RAJTV,2014-03-25,SPLIT,BONUS 1:1 / FACE VALUE SPLIT FROM RS.10/- TO RS.5/-,2014-09-30,2014-10,False,488,49,2.109425785482127,NSE_454B05422EF3,2.1026936026936007,NSE_8BF6891072D1,49,50,9,True,2.109425785482127,NSE_454B05422EF3,False,2.1026936026936007,NSE_8BF6891072D1,False,2.29007633587786,NSE_F6C28C2DB744,True,1.1489385092858189,-0.7360938333037139,1.7063465628068717,1.7063465628068717,1.7004870823089022,1.8635791291589436,2.4424403961105856,2.436580915612616,2.5996729624626576,,,MATERIAL_WARMUP_ONLY,True,,
CA_a8d345a42906ab916c08,NSE_AF1487EA4B1C,RAJTV,2014-03-25,SPLIT,BONUS 1:1 / FACE VALUE SPLIT FROM RS.10/- TO RS.5/-,2014-10-31,2014-11,False,489,49,1.8077104738081293,NSE_DCA00C31EBFD,1.7779743476337941,NSE_B821A8B7C241,49,50,9,True,1.8077104738081293,NSE_DCA00C31EBFD,True,1.7779743476337941,NSE_B821A8B7C241,True,1.981942264123338,NSE_7271BD099C26,False,0.9536283942286633,-0.7360938333037139,1.9442395914386856,1.9442395914386856,1.913057501691466,2.126943662929903,2.6803334247423996,2.64915133499518,2.8630374962336167,,,MATERIAL_WARMUP_ONLY,True,,
CA_a8d345a42906ab916c08,NSE_AF1487EA4B1C,RAJTV,2014-03-25,SPLIT,BONUS 1:1 / FACE VALUE SPLIT FROM RS.10/- TO RS.5/-,2014-11-28,2014-12,False,490,49,1.732324063532146,NSE_158A5A0513EB,1.7223232018824661,NSE_A06CF0562665,50,50,8,True,1.7223232018824661,NSE_A06CF0562665,False,1.7223232018824661,NSE_A06CF0562665,False,1.848511130384502,NSE_662663CCD5A1,False,0.9818282602209403,-0.7360938333037139,1.7828940907825293,1.7727081325504557,1.7727081325504557,1.9012315552452148,2.5088019658541696,2.5088019658541696,2.6373253885489287,,,MATERIAL_WARMUP_ONLY,True,,
CA_a8d345a42906ab916c08,NSE_AF1487EA4B1C,RAJTV,2014-03-25,SPLIT,BONUS 1:1 / FACE VALUE SPLIT FROM RS.10/- TO RS.5/-,2014-12-31,2015-01,False,490,49,1.7380019673649945,NSE_72AFBEE07E5D,1.7168784029038084,NSE_8B1A9BBDE5E6,50,50,8,True,1.7168784029038084,NSE_8B1A9BBDE5E6,False,1.7168784029038084,NSE_8B1A9BBDE5E6,False,1.7883602089157509,NSE_05F316A71726,False,0.8946113543791886,-0.7360938333037139,2.0605490909122413,2.0369370896138173,2.0369370896138173,2.116839726286193,2.773030922917531,2.773030922917531,2.852933559589907,,,MATERIAL_WARMUP_ONLY,True,,
CA_a8d345a42906ab916c08,NSE_AF1487EA4B1C,RAJTV,2014-03-25,SPLIT,BONUS 1:1 / FACE VALUE SPLIT FROM RS.10/- TO RS.5/-,2015-01-30,2015-02,False,490,49,1.796818254431047,NSE_7F1FE9599769,1.7966583078510436,NSE_DA8CD7DBA4AA,50,50,8,True,1.7966583078510436,NSE_DA8CD7DBA4AA,True,1.7966583078510436,NSE_DA8CD7DBA4AA,True,1.9197014106415806,NSE_A8A9E5C75DCE,False,0.8305954742962672,-0.7360938333037139,2.3672447550965616,2.367052186529849,2.367052186529849,2.5151906084190205,3.103146019833563,3.103146019833563,3.2512844417227345,,,MATERIAL_WARMUP_ONLY,True,,
CA_a8d345a42906ab916c08,NSE_AF1487EA4B1C,RAJTV,2014-03-25,SPLIT,BONUS 1:1 / FACE VALUE SPLIT FROM RS.10/- TO RS.5/-,2015-02-28,2015-03,False,491,50,1.8464351005484523,NSE_9E788BED7AEF,1.7995601039807911,NSE_3F3FCC28A216,50,50,6,False,1.8464351005484523,NSE_9E788BED7AEF,False,1.8464351005484523,NSE_9E788BED7AEF,False,1.9457142857142857,NSE_454B05422EF3,False,0.7887088352329006,-0.7360938333037139,2.608980872780408,2.608980872780408,2.608980872780408,2.73485645668523,3.3450747060841217,3.3450747060841217,3.4709502899889437,,,MATERIAL_WARMUP_ONLY,True,,
CA_de3e781544bdace9ad7b,NSE_50647847C4A3,LGBBROSLTD,2014-07-04,BONUS,ANNUAL GENERAL MEETING / FINAL DIVIDEND - RS 7/- PER SHARE / BONUS 1 : 1,2015-03-31,2015-04,True,494,50,1.6343741805420033,NSE_984031314A32,1.6232372132182724,NSE_D3148EEB7BF0,50,50,3,False,1.6343741805420033,NSE_984031314A32,True,1.6343741805420033,NSE_984031314A32,True,1.6539331320893829,NSE_0797DFD05BFD,False,2.7788191263073374,-0.5191436338921613,-0.051980693668710054,-0.051980693668710054,-0.051980693668710054,-0.0449421097744892,0.4671629402234513,0.4671629402234513,0.47420152411767214,,,CANNOT_BOUND,True,,
CA_de3e781544bdace9ad7b,NSE_50647847C4A3,LGBBROSLTD,2014-07-04,BONUS,ANNUAL GENERAL MEETING / FINAL DIVIDEND - RS 7/- PER SHARE / BONUS 1 : 1,2015-04-30,2015-05,True,494,50,1.4937433291963411,NSE_3F3FCC28A216,1.4458676425739552,NSE_5746654C1D62,50,50,3,False,1.4937433291963411,NSE_3F3FCC28A216,False,1.4937433291963411,NSE_3F3FCC28A216,False,1.5229799170947027,NSE_A06CF0562665,True,2.7018311077094226,-0.5191436338921613,-0.0770173153752366,-0.0770173153752366,-0.0770173153752366,-0.06619628817818579,0.44212631851692474,0.44212631851692474,0.45294734571397555,,,CANNOT_BOUND,True,,
CA_de3e781544bdace9ad7b,NSE_50647847C4A3,LGBBROSLTD,2014-07-04,BONUS,ANNUAL GENERAL MEETING / FINAL DIVIDEND - RS 7/- PER SHARE / BONUS 1 : 1,2015-05-29,2015-06,True,495,50,0.9782010622296207,NSE_5813C47C6758,0.9714299037026048,NSE_81E1BA306A07,50,50,3,False,0.9782010622296207,NSE_5813C47C6758,True,0.9782010622296207,NSE_5813C47C6758,True,0.9893149690634546,NSE_9B0B508C6670,True,1.7533457706995945,-0.5191436338921613,0.12824355314713975,0.12824355314713975,0.12824355314713975,0.13458223831669391,0.6473871870393011,0.6473871870393011,0.6537258722088553,,,CANNOT_BOUND,True,,
CA_de3e781544bdace9ad7b,NSE_50647847C4A3,LGBBROSLTD,2014-07-04,BONUS,ANNUAL GENERAL MEETING / FINAL DIVIDEND - RS 7/- PER SHARE / BONUS 1 : 1,2015-06-30,2015-07,True,495,50,0.7743229131951423,NSE_253019276C6A,0.7729696656471272,NSE_04884AF9E2CC,50,50,3,False,0.7743229131951423,NSE_253019276C6A,False,0.7743229131951423,NSE_253019276C6A,False,0.806699516902305,NSE_5813C47C6758,True,1.2274216032702832,-0.5191436338921613,0.4455692391821373,0.4455692391821373,0.4455692391821373,0.4719469757486927,0.9647128730742986,0.9647128730742986,0.991090609640854,,,CANNOT_BOUND,True,,
CA_2f55fb4bd474f29537b4,NSE_9B813D17D74B,SHRENUJ,2014-07-15,BONUS,ANNUAL GENERAL MEETING / DIVIDEND - RE 0.60/- PER SHARE / BONUS 1 : 1,2014-08-28,2014-09,False,490,49,2.0890052356020914,NSE_3677464F31DF,2.0756183745583066,NSE_42CD50DCCBD6,50,50,7,True,2.0756183745583066,NSE_42CD50DCCBD6,False,2.0756183745583066,NSE_42CD50DCCBD6,False,2.1605089518607388,NSE_B46CD836B94A,True,1.2118274357731451,-0.5132000000000001,1.5490471204188476,1.5380002826855161,1.5380002826855161,1.6080519870754832,2.0512002826855165,2.0512002826855165,2.1212519870754836,,,MATERIAL_WARMUP_ONLY,True,,
CA_2f55fb4bd474f29537b4,NSE_9B813D17D74B,SHRENUJ,2014-07-15,BONUS,ANNUAL GENERAL MEETING / DIVIDEND - RE 0.60/- PER SHARE / BONUS 1 : 1,2014-09-30,2014-10,False,488,49,2.109425785482127,NSE_454B05422EF3,2.1026936026936007,NSE_8BF6891072D1,49,50,9,True,2.109425785482127,NSE_454B05422EF3,False,2.1026936026936007,NSE_8BF6891072D1,False,2.29007633587786,NSE_F6C28C2DB744,True,1.1798089992043665,-0.5132000000000001,1.6355331986610078,1.6355331986610078,1.6298270353811328,1.7886516699708213,2.1487331986610076,2.1430270353811327,2.301851669970821,,,MATERIAL_WARMUP_ONLY,True,,
CA_2f55fb4bd474f29537b4,NSE_9B813D17D74B,SHRENUJ,2014-07-15,BONUS,ANNUAL GENERAL MEETING / DIVIDEND - RE 0.60/- PER SHARE / BONUS 1 : 1,2014-10-31,2014-11,False,489,49,1.8077104738081293,NSE_DCA00C31EBFD,1.7779743476337941,NSE_B821A8B7C241,49,50,9,True,1.8077104738081293,NSE_DCA00C31EBFD,True,1.7779743476337941,NSE_B821A8B7C241,True,1.981942264123338,NSE_7271BD099C26,False,1.238313549545588,-0.5132000000000001,1.2673663506617108,1.2673663506617108,1.2433529445375129,1.4080672178848346,1.7805663506617109,1.756552944537513,1.9212672178848347,,,MATERIAL_WARMUP_ONLY,True,,
CA_2f55fb4bd474f29537b4,NSE_9B813D17D74B,SHRENUJ,2014-07-15,BONUS,ANNUAL GENERAL MEETING / DIVIDEND - RE 0.60/- PER SHARE / BONUS 1 : 1,2014-11-28,2014-12,False,490,49,1.732324063532146,NSE_158A5A0513EB,1.7223232018824661,NSE_A06CF0562665,50,50,8,True,1.7223232018824661,NSE_A06CF0562665,True,1.7223232018824661,NSE_A06CF0562665,True,1.848511130384502,NSE_662663CCD5A1,False,1.20078793850602,-0.5132000000000001,1.2754426288888374,1.267114046189945,1.267114046189945,1.3722016511329418,1.7803140461899452,1.7803140461899452,1.885401651132942,,,MATERIAL_WARMUP_ONLY,True,,
CA_2f55fb4bd474f29537b4,NSE_9B813D17D74B,SHRENUJ,2014-07-15,BONUS,ANNUAL GENERAL MEETING / DIVIDEND - RE 0.60/- PER SHARE / BONUS 1 : 1,2014-12-31,2015-01,False,490,49,1.7380019673649945,NSE_72AFBEE07E5D,1.7168784029038084,NSE_8B1A9BBDE5E6,50,50,8,True,1.7168784029038084,NSE_8B1A9BBDE5E6,False,1.7168784029038084,NSE_8B1A9BBDE5E6,False,1.7883602089157509,NSE_05F316A71726,False,1.058302552237201,-0.5132000000000001,1.5871637194647121,1.5672038654356992,1.5672038654356992,1.6347476938624883,2.0804038654356996,2.0804038654356996,2.1479476938624886,,,MATERIAL_WARMUP_ONLY,True,,
CA_2f55fb4bd474f29537b4,NSE_9B813D17D74B,SHRENUJ,2014-07-15,BONUS,ANNUAL GENERAL MEETING / DIVIDEND - RE 0.60/- PER SHARE / BONUS 1 : 1,2015-01-30,2015-02,False,490,49,1.796818254431047,NSE_7F1FE9599769,1.7966583078510436,NSE_DA8CD7DBA4AA,50,50,8,True,1.7966583078510436,NSE_DA8CD7DBA4AA,True,1.7966583078510436,NSE_DA8CD7DBA4AA,True,1.9197014106415806,NSE_A8A9E5C75DCE,True,1.1103374781637207,-0.5132000000000001,1.5188902558314368,1.518746203610244,1.518746203610244,1.629562153904947,2.031946203610244,2.031946203610244,2.142762153904947,,,MATERIAL_WARMUP_ONLY,True,,
CA_2f55fb4bd474f29537b4,NSE_9B813D17D74B,SHRENUJ,2014-07-15,BONUS,ANNUAL GENERAL MEETING / DIVIDEND - RE 0.60/- PER SHARE / BONUS 1 : 1,2015-02-28,2015-03,False,491,50,1.8464351005484523,NSE_9E788BED7AEF,1.7995601039807911,NSE_3F3FCC28A216,50,50,6,False,1.8464351005484523,NSE_9E788BED7AEF,True,1.8464351005484523,NSE_9E788BED7AEF,True,1.9457142857142857,NSE_454B05422EF3,False,1.054960943328423,-0.5132000000000001,1.6981426360372094,1.6981426360372094,1.6981426360372094,1.792249612976664,2.2113426360372097,2.2113426360372097,2.3054496129766644,,,MATERIAL_WARMUP_ONLY,True,,
CA_2f55fb4bd474f29537b4,NSE_9B813D17D74B,SHRENUJ,2014-07-15,BONUS,ANNUAL GENERAL MEETING / DIVIDEND - RE 0.60/- PER SHARE / BONUS 1 : 1,2015-03-31,2015-04,True,494,50,1.6343741805420033,NSE_984031314A32,1.6232372132182724,NSE_D3148EEB7BF0,50,50,3,False,1.6343741805420033,NSE_984031314A32,False,1.6343741805420033,NSE_984031314A32,False,1.6539331320893829,NSE_0797DFD05BFD,False,1.0959603810877436,-0.5132000000000001,1.4037129680977882,1.4037129680977882,1.4037129680977882,1.4215593719321742,1.9169129680977883,1.9169129680977883,1.9347593719321743,,,CANNOT_BOUND,True,,
CA_2f55fb4bd474f29537b4,NSE_9B813D17D74B,SHRENUJ,2014-07-15,BONUS,ANNUAL GENERAL MEETING / DIVIDEND - RE 0.60/- PER SHARE / BONUS 1 : 1,2015-04-30,2015-05,True,494,50,1.4937433291963411,NSE_3F3FCC28A216,1.4458676425739552,NSE_5746654C1D62,50,50,3,False,1.4937433291963411,NSE_3F3FCC28A216,False,1.4937433291963411,NSE_3F3FCC28A216,False,1.5229799170947027,NSE_A06CF0562665,True,0.9432696661244624,-0.5132000000000001,1.6437225946660488,1.6437225946660488,1.6437225946660488,1.6747175359308129,2.1569225946660486,2.1569225946660486,2.187917535930813,,,CANNOT_BOUND,True,,
CA_2f55fb4bd474f29537b4,NSE_9B813D17D74B,SHRENUJ,2014-07-15,BONUS,ANNUAL GENERAL MEETING / DIVIDEND - RE 0.60/- PER SHARE / BONUS 1 : 1,2015-05-29,2015-06,True,495,50,0.9782010622296207,NSE_5813C47C6758,0.9714299037026048,NSE_81E1BA306A07,50,50,3,False,0.9782010622296207,NSE_5813C47C6758,False,0.9782010622296207,NSE_5813C47C6758,False,0.9893149690634546,NSE_9B0B508C6670,False,0.6916216067211762,-0.5132000000000001,1.8602360640637454,1.8602360640637454,1.8602360640637454,1.8763054099688312,2.3734360640637453,2.3734360640637453,2.389505409968831,,,CANNOT_BOUND,True,,
CA_2f55fb4bd474f29537b4,NSE_9B813D17D74B,SHRENUJ,2014-07-15,BONUS,ANNUAL GENERAL MEETING / DIVIDEND - RE 0.60/- PER SHARE / BONUS 1 : 1,2015-06-30,2015-07,True,495,50,0.7743229131951423,NSE_253019276C6A,0.7729696656471272,NSE_04884AF9E2CC,50,50,3,False,0.7743229131951423,NSE_253019276C6A,False,0.7743229131951423,NSE_253019276C6A,False,0.806699516902305,NSE_5813C47C6758,False,0.6014790468364837,-0.5132000000000001,1.9499330401072217,1.9499330401072217,1.9499330401072217,2.0037613552870264,2.4631330401072216,2.4631330401072216,2.5169613552870267,,,CANNOT_BOUND,True,,
CA_019fd8c24a498ee04449,NSE_0E88CB8DDD57,LAKSHVILAS,2014-07-25,RIGHTS,DIVIDEND RE1/- PER SHARE + RIGHTS ISSUE 5:6,2014-08-28,2014-09,False,490,49,2.0890052356020914,NSE_3677464F31DF,2.0756183745583066,NSE_42CD50DCCBD6,50,50,7,True,2.0756183745583066,NSE_42CD50DCCBD6,True,2.0756183745583066,NSE_42CD50DCCBD6,True,2.1605089518607388,NSE_B46CD836B94A,True,1.8267651888341536,-0.25168539325842687,0.6909700570621793,0.6836418787469747,0.6836418787469747,0.730112316119722,0.9353272720054016,0.9353272720054016,0.9817977093781489,,,MATERIAL_WARMUP_ONLY,True,,
CA_019fd8c24a498ee04449,NSE_0E88CB8DDD57,LAKSHVILAS,2014-07-25,RIGHTS,DIVIDEND RE1/- PER SHARE + RIGHTS ISSUE 5:6,2014-09-30,2014-10,False,488,49,2.109425785482127,NSE_454B05422EF3,2.1026936026936007,NSE_8BF6891072D1,49,50,9,True,2.109425785482127,NSE_454B05422EF3,True,2.1026936026936007,NSE_8BF6891072D1,True,2.29007633587786,NSE_F6C28C2DB744,True,1.7788318119443935,-0.25168539325842687,0.7480156159807467,0.7480156159807467,0.7442310070349649,0.8495713387774224,0.9997010092391736,0.9959164002933918,1.1012567320358493,,,MATERIAL_WARMUP_ONLY,True,,
CA_019fd8c24a498ee04449,NSE_0E88CB8DDD57,LAKSHVILAS,2014-07-25,RIGHTS,DIVIDEND RE1/- PER SHARE + RIGHTS ISSUE 5:6,2014-10-31,2014-11,False,489,49,1.8077104738081293,NSE_DCA00C31EBFD,1.7779743476337941,NSE_B821A8B7C241,49,50,9,True,1.8077104738081293,NSE_DCA00C31EBFD,True,1.7779743476337941,NSE_B821A8B7C241,True,1.981942264123338,NSE_7271BD099C26,True,1.3553879745325759,-0.25168539325842687,1.0715179170572227,1.0715179170572227,1.0495787182941596,1.200065457384408,1.3232033103156495,1.3012641115525865,1.451750850642835,,,MATERIAL_WARMUP_ONLY,True,,
CA_019fd8c24a498ee04449,NSE_0E88CB8DDD57,LAKSHVILAS,2014-07-25,RIGHTS,DIVIDEND RE1/- PER SHARE + RIGHTS ISSUE 5:6,2014-11-28,2014-12,False,490,49,1.732324063532146,NSE_158A5A0513EB,1.7223232018824661,NSE_A06CF0562665,50,50,8,True,1.7223232018824661,NSE_A06CF0562665,True,1.7223232018824661,NSE_A06CF0562665,True,1.848511130384502,NSE_662663CCD5A1,True,1.4242905325707855,-0.25168539325842687,0.9183755006785126,0.9113538562731196,0.9113538562731196,0.9999508985312549,1.1630392495315465,1.1630392495315465,1.2516362917896817,,,MATERIAL_WARMUP_ONLY,True,,
CA_019fd8c24a498ee04449,NSE_0E88CB8DDD57,LAKSHVILAS,2014-07-25,RIGHTS,DIVIDEND RE1/- PER SHARE + RIGHTS ISSUE 5:6,2014-12-31,2015-01,False,490,49,1.7380019673649945,NSE_72AFBEE07E5D,1.7168784029038084,NSE_8B1A9BBDE5E6,50,50,8,True,1.7168784029038084,NSE_8B1A9BBDE5E6,True,1.7168784029038084,NSE_8B1A9BBDE5E6,True,1.7883602089157509,NSE_05F316A71726,False,1.5859502968877952,-0.25168539325842687,0.7264109554618066,0.7130917710569498,0.7130917710569498,0.758163679143991,0.9647771643153766,0.9647771643153766,1.0098490724024178,,,MATERIAL_WARMUP_ONLY,True,,
CA_019fd8c24a498ee04449,NSE_0E88CB8DDD57,LAKSHVILAS,2014-07-25,RIGHTS,DIVIDEND RE1/- PER SHARE + RIGHTS ISSUE 5:6,2015-01-30,2015-02,False,490,49,1.796818254431047,NSE_7F1FE9599769,1.7966583078510436,NSE_DA8CD7DBA4AA,50,50,8,True,1.7966583078510436,NSE_DA8CD7DBA4AA,True,1.7966583078510436,NSE_DA8CD7DBA4AA,True,1.9197014106415806,NSE_A8A9E5C75DCE,True,1.7993605286422947,-0.25168539325842687,0.5543401168977418,0.5542512261071209,0.5542512261071209,0.6226327988002704,0.8059366193655477,0.8059366193655477,0.8743181920586973,,,MATERIAL_WARMUP_ONLY,True,,
CA_019fd8c24a498ee04449,NSE_0E88CB8DDD57,LAKSHVILAS,2014-07-25,RIGHTS,DIVIDEND RE1/- PER SHARE + RIGHTS ISSUE 5:6,2015-02-28,2015-03,False,491,50,1.8464351005484523,NSE_9E788BED7AEF,1.7995601039807911,NSE_3F3FCC28A216,50,50,6,False,1.8464351005484523,NSE_9E788BED7AEF,True,1.8464351005484523,NSE_9E788BED7AEF,True,1.9457142857142857,NSE_454B05422EF3,True,1.9011355853461123,-0.25168539325842687,0.4972288786179566,0.4972288786179566,0.4972288786179566,0.5494498700775212,0.7489142718763835,0.7489142718763835,0.8011352633359481,,,MATERIAL_WARMUP_ONLY,True,,
CA_019fd8c24a498ee04449,NSE_0E88CB8DDD57,LAKSHVILAS,2014-07-25,RIGHTS,DIVIDEND RE1/- PER SHARE + RIGHTS ISSUE 5:6,2015-03-31,2015-04,True,494,50,1.6343741805420033,NSE_984031314A32,1.6232372132182724,NSE_D3148EEB7BF0,50,50,3,False,1.6343741805420033,NSE_984031314A32,True,1.6343741805420033,NSE_984031314A32,True,1.6539331320893829,NSE_0797DFD05BFD,False,1.8279807487936428,-0.25168539325842687,0.44113890820815893,0.44113890820815893,0.44113890820815893,0.4518386661570801,0.6928243014665858,0.6928243014665858,0.703524059415507,,,CANNOT_BOUND,True,,
CA_019fd8c24a498ee04449,NSE_0E88CB8DDD57,LAKSHVILAS,2014-07-25,RIGHTS,DIVIDEND RE1/- PER SHARE + RIGHTS ISSUE 5:6,2015-04-30,2015-05,True,494,50,1.4937433291963411,NSE_3F3FCC28A216,1.4458676425739552,NSE_5746654C1D62,50,50,3,False,1.4937433291963411,NSE_3F3FCC28A216,True,1.4937433291963411,NSE_3F3FCC28A216,True,1.5229799170947027,NSE_A06CF0562665,True,1.6096238502877511,-0.25168539325842687,0.5492708614814179,0.5492708614814179,0.5492708614814179,0.5674344764732902,0.8009562547398448,0.8009562547398448,0.819119869731717,,,CANNOT_BOUND,True,,
CA_019fd8c24a498ee04449,NSE_0E88CB8DDD57,LAKSHVILAS,2014-07-25,RIGHTS,DIVIDEND RE1/- PER SHARE + RIGHTS ISSUE 5:6,2015-05-29,2015-06,True,495,50,0.9782010622296207,NSE_5813C47C6758,0.9714299037026048,NSE_81E1BA306A07,50,50,3,False,0.9782010622296207,NSE_5813C47C6758,True,0.9782010622296207,NSE_5813C47C6758,True,0.9893149690634546,NSE_9B0B508C6670,True,1.4162409832512919,-0.25168539325842687,0.3967969333073713,0.3967969333073713,0.3967969333073713,0.4046444020399309,0.6484823265657982,0.6484823265657982,0.6563297952983578,,,CANNOT_BOUND,True,,
CA_019fd8c24a498ee04449,NSE_0E88CB8DDD57,LAKSHVILAS,2014-07-25,RIGHTS,DIVIDEND RE1/- PER SHARE + RIGHTS ISSUE 5:6,2015-06-30,2015-07,True,495,50,0.7743229131951423,NSE_253019276C6A,0.7729696656471272,NSE_04884AF9E2CC,50,50,3,False,0.7743229131951423,NSE_253019276C6A,True,0.7743229131951423,NSE_253019276C6A,True,0.806699516902305,NSE_5813C47C6758,True,1.2024024024024023,-0.25168539325842687,0.4756481770578982,0.4756481770578982,0.4756481770578982,0.5025747730481209,0.7273335703163251,0.7273335703163251,0.7542601663065478,,,CANNOT_BOUND,True,,
CA_73d0e9f8b8e4a8fdb881,NSE_DCA00C31EBFD,BALKRISIND,2015-03-24,STRUCTURAL,SCHEME OF ARRANGEMENT,2015-09-30,2015-10,True,495,50,0.5982533623466317,NSE_015311D97283,0.5953846153846138,NSE_E5B9AB42956F,50,50,1,False,0.5982533623466317,NSE_015311D97283,False,0.5982533623466317,NSE_015311D97283,False,0.5982533623466317,NSE_015311D97283,False,0.7675968099971616,0.08283283283283249,1.0821521683402278,1.0821521683402278,1.0821521683402278,1.0821521683402278,0.9993193355073953,0.9993193355073953,0.9993193355073953,,,CANNOT_BOUND,True,,
CA_73d0e9f8b8e4a8fdb881,NSE_DCA00C31EBFD,BALKRISIND,2015-03-24,STRUCTURAL,SCHEME OF ARRANGEMENT,2015-10-30,2015-11,True,494,50,0.5501858736059495,NSE_F6C28C2DB744,0.5372924642845505,NSE_F0C8DB46A2B5,50,50,1,False,0.5501858736059495,NSE_F6C28C2DB744,True,0.5501858736059495,NSE_F6C28C2DB744,True,0.5501858736059495,NSE_F6C28C2DB744,True,0.80634320754245,0.08283283283283249,0.9224889093200921,0.9224889093200921,0.9224889093200921,0.9224889093200921,0.8396560764872596,0.8396560764872596,0.8396560764872596,,,CANNOT_BOUND,True,,
CA_73d0e9f8b8e4a8fdb881,NSE_DCA00C31EBFD,BALKRISIND,2015-03-24,STRUCTURAL,SCHEME OF ARRANGEMENT,2015-11-30,2015-12,True,494,50,0.5035919026393869,NSE_305BA34187E0,0.4975985079162488,NSE_984031314A32,50,50,1,False,0.5035919026393869,NSE_305BA34187E0,False,0.5035919026393869,NSE_305BA34187E0,False,0.5035919026393869,NSE_305BA34187E0,False,0.9611345344044067,0.08283283283283249,0.5643927554544992,0.5643927554544992,0.5643927554544992,0.5643927554544992,0.4815599226216667,0.4815599226216667,0.4815599226216667,,,CANNOT_BOUND,True,,
CA_73d0e9f8b8e4a8fdb881,NSE_DCA00C31EBFD,BALKRISIND,2015-03-24,STRUCTURAL,SCHEME OF ARRANGEMENT,2015-12-31,2016-01,True,492,50,0.47156594215182634,NSE_984031314A32,0.46814647950329435,NSE_D8BF1C07E0AE,50,50,2,False,0.47156594215182634,NSE_984031314A32,False,0.47156594215182634,NSE_984031314A32,False,0.4761904761904765,NSE_F6C28C2DB744,True,0.9939527534772822,0.08283283283283249,0.4805190055600168,0.4805190055600168,0.4805190055600168,0.4851716754404225,0.3976861727271843,0.3976861727271843,0.40233884260759,,,CANNOT_BOUND,True,,
CA_73d0e9f8b8e4a8fdb881,NSE_DCA00C31EBFD,BALKRISIND,2015-03-24,STRUCTURAL,SCHEME OF ARRANGEMENT,2016-01-29,2016-02,True,493,50,0.4534193784609102,NSE_E9CD94ECB13B,0.44216312403401026,NSE_AE25FA292E6D,50,50,2,False,0.4534193784609102,NSE_E9CD94ECB13B,True,0.4534193784609102,NSE_E9CD94ECB13B,True,0.4663205692679053,NSE_305BA34187E0,False,0.9246780892728967,0.08283283283283249,0.5718112014569083,0.5718112014569083,0.5718112014569083,0.5857632902504686,0.48897836862407584,0.48897836862407584,0.5029304574176361,,,CANNOT_BOUND,True,,
CA_73d0e9f8b8e4a8fdb881,NSE_DCA00C31EBFD,BALKRISIND,2015-03-24,STRUCTURAL,SCHEME OF ARRANGEMENT,2016-02-29,2016-03,True,492,50,0.35569352350845973,NSE_B0B59A3FBF07,0.34951456310679574,NSE_50ECD2EB14F1,50,50,2,False,0.35569352350845973,NSE_B0B59A3FBF07,False,0.35569352350845973,NSE_B0B59A3FBF07,False,0.3568345126196668,NSE_509E811DE5D8,False,0.9407507246293839,0.08283283283283249,0.4410762468905307,0.4410762468905307,0.4410762468905307,0.4422890964598538,0.3582434140576982,0.3582434140576982,0.3594562636270213,,,CANNOT_BOUND,True,,
CA_ee115bb800808115f870,NSE_C60D64EC58FE,ARVIND,2015-05-28,STRUCTURAL,SCHEME OF ARRANGEMENT,2015-12-31,2016-01,True,492,50,0.47156594215182634,NSE_984031314A32,0.46814647950329435,NSE_D8BF1C07E0AE,50,50,2,False,0.47156594215182634,NSE_984031314A32,False,0.47156594215182634,NSE_984031314A32,False,0.4761904761904765,NSE_F6C28C2DB744,True,1.2058272101389371,-0.06296733569460844,0.22037878211611295,0.22037878211611295,0.22037878211611295,0.22421393693743874,0.2833461178107214,0.2833461178107214,0.2871812726320472,,,CANNOT_BOUND,True,,
CA_ee115bb800808115f870,NSE_C60D64EC58FE,ARVIND,2015-05-28,STRUCTURAL,SCHEME OF ARRANGEMENT,2016-01-29,2016-02,True,493,50,0.4534193784609102,NSE_E9CD94ECB13B,0.44216312403401026,NSE_AE25FA292E6D,50,50,2,False,0.4534193784609102,NSE_E9CD94ECB13B,True,0.4534193784609102,NSE_E9CD94ECB13B,True,0.4663205692679053,NSE_305BA34187E0,False,1.3252331913943656,-0.06296733569460844,0.09672726875461923,0.09672726875461923,0.09672726875461923,0.1064623032306431,0.15969460444922767,0.15969460444922767,0.16942963892525154,,,CANNOT_BOUND,True,,
CA_ee115bb800808115f870,NSE_C60D64EC58FE,ARVIND,2015-05-28,STRUCTURAL,SCHEME OF ARRANGEMENT,2016-02-29,2016-03,True,492,50,0.35569352350845973,NSE_B0B59A3FBF07,0.34951456310679574,NSE_50ECD2EB14F1,50,50,2,False,0.35569352350845973,NSE_B0B59A3FBF07,False,0.35569352350845973,NSE_B0B59A3FBF07,False,0.3568345126196668,NSE_509E811DE5D8,False,1.1448158835216937,-0.06296733569460844,0.18420223113786838,0.18420223113786838,0.18420223113786838,0.18519888844113463,0.24716956683247682,0.24716956683247682,0.24816622413574307,,,CANNOT_BOUND,True,,
CA_ee115bb800808115f870,NSE_C60D64EC58FE,ARVIND,2015-05-28,STRUCTURAL,SCHEME OF ARRANGEMENT,2016-03-31,2016-04,True,493,50,0.20360488117730702,NSE_5A7F81BD0EAE,0.1954493430746127,NSE_F0C8DB46A2B5,50,50,1,False,0.20360488117730702,NSE_5A7F81BD0EAE,False,0.20360488117730702,NSE_5A7F81BD0EAE,False,0.20360488117730702,NSE_5A7F81BD0EAE,False,0.9809438811095942,-0.06296733569460844,0.22698648144463673,0.22698648144463673,0.22698648144463673,0.22698648144463673,0.2899538171392452,0.2899538171392452,0.2899538171392452,,,CANNOT_BOUND,True,,
CA_ee115bb800808115f870,NSE_C60D64EC58FE,ARVIND,2015-05-28,STRUCTURAL,SCHEME OF ARRANGEMENT,2016-04-29,2016-05,True,490,49,0.3641163113901349,NSE_DAE0D0015DDC,0.35752461733725704,NSE_984031314A32,50,50,2,True,0.35752461733725704,NSE_984031314A32,False,0.35752461733725704,NSE_984031314A32,False,0.3641163113901349,NSE_DAE0D0015DDC,True,1.1571798418968458,-0.06296733569460844,0.17882827024888326,0.17313192659146814,0.17313192659146814,0.17882827024888326,0.23609926228607658,0.23609926228607658,0.2417956059434917,,,CANNOT_BOUND,True,,
CA_8d241ef7b6f51f1aae85,NSE_42CD50DCCBD6,ADANIENT,2015-06-03,STRUCTURAL,SCHEME OF ARRANGEMENT,2016-04-29,2016-05,True,490,49,0.3641163113901349,NSE_DAE0D0015DDC,0.35752461733725704,NSE_984031314A32,50,50,2,True,0.35752461733725704,NSE_984031314A32,True,0.35752461733725704,NSE_984031314A32,True,0.3641163113901349,NSE_DAE0D0015DDC,True,0.8697245169970776,-0.871371938269857,0.568446427266484,0.5608673675480835,0.5608673675480835,0.568446427266484,1.4322393058179406,1.4322393058179406,1.439818365536341,,,CANNOT_BOUND,True,,
CA_8d241ef7b6f51f1aae85,NSE_42CD50DCCBD6,ADANIENT,2015-06-03,STRUCTURAL,SCHEME OF ARRANGEMENT,2016-05-31,2016-06,True,492,50,0.4075177718347758,NSE_DB429E3D7562,0.4043747441302581,NSE_5E4B839E941A,50,50,1,False,0.4075177718347758,NSE_DB429E3D7562,True,0.4075177718347758,NSE_DB429E3D7562,True,0.4075177718347758,NSE_DB429E3D7562,True,0.9753129491077125,-0.871371938269857,0.4431447599690703,0.4431447599690703,0.4431447599690703,0.4431447599690703,1.3145166982389274,1.3145166982389274,1.3145166982389274,,,CANNOT_BOUND,True,,
CA_9a44748e33a9e6bfc8f7,NSE_1671B749B56F,IDFC,2015-10-01,STRUCTURAL,DEMERGER,2016-09-30,2016-10,True,487,49,0.7150043115837905,NSE_A8C2AF338260,0.6927344542775513,NSE_FA96276A2517,49,50,4,True,0.7150043115837905,NSE_A8C2AF338260,True,0.6927344542775513,NSE_FA96276A2517,True,0.7228501101271472,NSE_C653EAD813FF,True,1.0739167374681389,-0.5827720666430347,0.5969620844415524,0.5969620844415524,0.5762250416809167,0.6042678636231433,1.1797341510845871,1.1589971083239514,1.187039930266178,,,CANNOT_BOUND,True,,
CA_826bb50a86696de32912,NSE_D9A959B5F435,ABIRLANUVO,2016-01-20,STRUCTURAL,SCHEME OF ARRANGEMENT,2016-09-30,2016-10,True,487,49,0.7150043115837905,NSE_A8C2AF338260,0.6927344542775513,NSE_FA96276A2517,49,50,4,True,0.7150043115837905,NSE_A8C2AF338260,False,0.6927344542775513,NSE_FA96276A2517,True,0.7228501101271472,NSE_C653EAD813FF,False,1.5980179856462589,-0.597005283436772,0.0732071397120233,0.0732071397120233,0.059271215644664865,0.07811684574401379,0.6702124231487953,0.6562764990814368,0.6751221291807857,,,CANNOT_BOUND,True,,
CA_826bb50a86696de32912,NSE_D9A959B5F435,ABIRLANUVO,2016-01-20,STRUCTURAL,SCHEME OF ARRANGEMENT,2016-10-30,2016-11,True,488,49,0.5647808115427781,NSE_46FD1DEB761F,0.5637429390347424,NSE_DCA00C31EBFD,49,50,3,True,0.5647808115427781,NSE_46FD1DEB761F,False,0.5637429390347424,NSE_DCA00C31EBFD,True,0.5780821917808223,NSE_27112CDD1653,False,1.6455717265656946,-0.597005283436772,-0.04909595474852191,-0.04909595474852191,-0.04972666108072288,-0.041012818642504834,0.54790932868825,0.5472786223560491,0.5559924647942671,,,CANNOT_BOUND,True,,
CA_826bb50a86696de32912,NSE_D9A959B5F435,ABIRLANUVO,2016-01-20,STRUCTURAL,SCHEME OF ARRANGEMENT,2016-11-30,2016-12,True,490,49,0.6419706269107,NSE_1B08C46FE83D,0.6380217483362471,NSE_EC24712264F2,50,50,3,True,0.6380217483362471,NSE_EC24712264F2,True,0.6380217483362471,NSE_EC24712264F2,True,0.643567089751035,NSE_3F39E4C95613,False,1.6412839435970024,-0.597005283436772,0.00041838178968145456,-0.001987587384548406,-0.001987587384548406,0.0013910732283342053,0.5950176960522235,0.5950176960522235,0.5983963566651062,,,CANNOT_BOUND,True,,
CA_826bb50a86696de32912,NSE_D9A959B5F435,ABIRLANUVO,2016-01-20,STRUCTURAL,SCHEME OF ARRANGEMENT,2016-12-30,2017-01,True,492,50,0.49324932478346994,NSE_655E7477BB5E,0.48181544935377096,NSE_276B655CD1C9,50,50,3,False,0.49324932478346994,NSE_655E7477BB5E,False,0.49324932478346994,NSE_655E7477BB5E,False,0.5000723244121192,NSE_F25DF5546A52,True,1.4546390570003258,-0.597005283436772,0.02654285102365117,0.02654285102365117,0.02654285102365117,0.031233361426086903,0.6235481344604231,0.6235481344604231,0.6282386448628589,,,CANNOT_BOUND,True,,
CA_1ef6e0f15339c33531c0,NSE_98CBA18954BD,MFSL,2016-01-27,STRUCTURAL,SCHEME OF ARRANGEMENT,2016-09-30,2016-10,True,487,49,0.7150043115837905,NSE_A8C2AF338260,0.6927344542775513,NSE_FA96276A2517,49,50,4,True,0.7150043115837905,NSE_A8C2AF338260,True,0.6927344542775513,NSE_FA96276A2517,True,0.7228501101271472,NSE_C653EAD813FF,True,1.5782896406907598,-0.2799763733018311,0.08662204158749698,0.08662204158749698,0.07251192090236569,0.09159311808770321,0.3665984148893281,0.3524882942041968,0.3715694913895343,,,CANNOT_BOUND,True,,
CA_1ef6e0f15339c33531c0,NSE_98CBA18954BD,MFSL,2016-01-27,STRUCTURAL,SCHEME OF ARRANGEMENT,2016-10-30,2016-11,True,488,49,0.5647808115427781,NSE_46FD1DEB761F,0.5637429390347424,NSE_DCA00C31EBFD,49,50,3,True,0.5647808115427781,NSE_46FD1DEB761F,False,0.5637429390347424,NSE_DCA00C31EBFD,True,0.5780821917808223,NSE_27112CDD1653,False,1.4671658253211204,-0.2799763733018311,0.06653302887578683,0.06653302887578683,0.06582562928255498,0.07559906627147983,0.34650940217761794,0.3458020025843861,0.35557543957331095,,,CANNOT_BOUND,True,,
CA_1ef6e0f15339c33531c0,NSE_98CBA18954BD,MFSL,2016-01-27,STRUCTURAL,SCHEME OF ARRANGEMENT,2016-11-30,2016-12,True,490,49,0.6419706269107,NSE_1B08C46FE83D,0.6380217483362471,NSE_EC24712264F2,50,50,3,True,0.6380217483362471,NSE_EC24712264F2,True,0.6380217483362471,NSE_EC24712264F2,True,0.643567089751035,NSE_3F39E4C95613,False,1.4868231082879242,-0.2799763733018311,0.10434833690567813,0.10169242003672396,0.10169242003672396,0.10542207784462088,0.3816687933385551,0.3816687933385551,0.385398451146452,,,CANNOT_BOUND,True,,
CA_1ef6e0f15339c33531c0,NSE_98CBA18954BD,MFSL,2016-01-27,STRUCTURAL,SCHEME OF ARRANGEMENT,2016-12-30,2017-01,True,492,50,0.49324932478346994,NSE_655E7477BB5E,0.48181544935377096,NSE_276B655CD1C9,50,50,3,False,0.49324932478346994,NSE_655E7477BB5E,False,0.49324932478346994,NSE_655E7477BB5E,False,0.5000723244121192,NSE_F25DF5546A52,True,1.4649608363782676,-0.2799763733018311,0.01931006461246998,0.01931006461246998,0.01931006461246998,0.023967526750172885,0.2992864379143011,0.2992864379143011,0.303943900052004,,,CANNOT_BOUND,True,,
CA_d68d9be194519be0bb03,NSE_812A4A064978,CGPOWER,2016-03-15,STRUCTURAL,SCHEME OF ARRANGEMENT,2016-09-30,2016-10,True,487,49,0.7150043115837905,NSE_A8C2AF338260,0.6927344542775513,NSE_FA96276A2517,49,50,4,True,0.7150043115837905,NSE_A8C2AF338260,True,0.6927344542775513,NSE_FA96276A2517,True,0.7228501101271472,NSE_C653EAD813FF,True,1.2972655108490918,-0.6239414934565051,0.32201488225897457,0.32201488225897457,0.30484811329765127,0.3280628334900386,0.9459563757154796,0.9287896067541563,0.9520043269465437,,,CANNOT_BOUND,True,,
CA_d68d9be194519be0bb03,NSE_812A4A064978,CGPOWER,2016-03-15,STRUCTURAL,SCHEME OF ARRANGEMENT,2016-10-30,2016-11,True,488,49,0.5647808115427781,NSE_46FD1DEB761F,0.5637429390347424,NSE_DCA00C31EBFD,49,50,3,True,0.5647808115427781,NSE_46FD1DEB761F,False,0.5637429390347424,NSE_DCA00C31EBFD,True,0.5780821917808223,NSE_27112CDD1653,False,1.1469540818127275,-0.6239414934565051,0.36429246502151824,0.36429246502151824,0.3633875704625351,0.37588959907332065,0.9882339584780233,0.9873290639190402,0.9998310925298257,,,CANNOT_BOUND,True,,
CA_d68d9be194519be0bb03,NSE_812A4A064978,CGPOWER,2016-03-15,STRUCTURAL,SCHEME OF ARRANGEMENT,2016-11-30,2016-12,True,490,49,0.6419706269107,NSE_1B08C46FE83D,0.6380217483362471,NSE_EC24712264F2,50,50,3,True,0.6380217483362471,NSE_EC24712264F2,True,0.6380217483362471,NSE_EC24712264F2,True,0.643567089751035,NSE_3F39E4C95613,False,1.0569077902464499,-0.6239414934565051,0.5535609085895989,0.5498246521149144,0.5498246521149144,0.5550714120176821,1.1737661455714195,1.1737661455714195,1.1790129054741871,,,CANNOT_BOUND,True,,
CA_d68d9be194519be0bb03,NSE_812A4A064978,CGPOWER,2016-03-15,STRUCTURAL,SCHEME OF ARRANGEMENT,2016-12-30,2017-01,True,492,50,0.49324932478346994,NSE_655E7477BB5E,0.48181544935377096,NSE_276B655CD1C9,50,50,3,False,0.49324932478346994,NSE_655E7477BB5E,False,0.49324932478346994,NSE_655E7477BB5E,False,0.5000723244121192,NSE_F25DF5546A52,True,1.0691969924651918,-0.6239414934565051,0.396608235251918,0.396608235251918,0.396608235251918,0.4029896595139877,1.020549728708423,1.020549728708423,1.0269311529704928,,,CANNOT_BOUND,True,,
CA_d68d9be194519be0bb03,NSE_812A4A064978,CGPOWER,2016-03-15,STRUCTURAL,SCHEME OF ARRANGEMENT,2017-01-31,2017-02,True,492,50,0.5257234726688111,NSE_297F6BD649A1,0.5240464344941971,NSE_F7FF721279AE,50,50,1,False,0.5257234726688111,NSE_297F6BD649A1,False,0.5257234726688111,NSE_297F6BD649A1,False,0.5257234726688111,NSE_297F6BD649A1,False,0.9197330374644836,-0.6239414934565051,0.658876446229353,0.658876446229353,0.658876446229353,0.658876446229353,1.282817939685858,1.282817939685858,1.282817939685858,,,CANNOT_BOUND,True,,
CA_d68d9be194519be0bb03,NSE_812A4A064978,CGPOWER,2016-03-15,STRUCTURAL,SCHEME OF ARRANGEMENT,2017-02-28,2017-03,True,492,50,0.909154929577465,NSE_B773408C322B,0.9078510239106286,NSE_77D3BA4F489C,50,50,1,False,0.909154929577465,NSE_B773408C322B,True,0.909154929577465,NSE_B773408C322B,True,0.909154929577465,NSE_B773408C322B,True,1.3162743091095197,-0.6239414934565051,0.4504233018640609,0.4504233018640609,0.4504233018640609,0.4504233018640609,1.074364795320566,1.074364795320566,1.074364795320566,,,CANNOT_BOUND,True,,
CA_9712390351bb6336e11a,NSE_951F0DE091F9,GRASIM,2017-07-19,STRUCTURAL,SCHEME OF ARRANGEMENT,2018-04-30,2018-05,True,478,48,0.5718211487080171,NSE_852A23390A56,0.5705255987167015,NSE_72140149E6B1,48,49,3,True,0.5718211487080171,NSE_852A23390A56,False,0.5705255987167015,NSE_72140149E6B1,False,0.5735248551215508,NSE_50BAFA3326BE,False,1.06072306636126,-0.13835439980677922,0.4818393212660541,0.4818393212660541,0.48061793744552506,0.4834454958346701,0.6201937210728333,0.6189723372523043,0.6217998956414493,,,CANNOT_BOUND,True,,
CA_9712390351bb6336e11a,NSE_951F0DE091F9,GRASIM,2017-07-19,STRUCTURAL,SCHEME OF ARRANGEMENT,2018-05-31,2018-06,True,479,48,0.7605087424172952,NSE_469BDD916F8C,0.741134994680485,NSE_DCA00C31EBFD,48,49,3,True,0.7605087424172952,NSE_469BDD916F8C,False,0.741134994680485,NSE_DCA00C31EBFD,True,0.762808579006806,NSE_48390A9F12CC,False,1.103923130344762,-0.13835439980677922,0.594774757430327,0.594774757430327,0.5772248509157678,0.5968580878056879,0.7331291572371063,0.715579250722547,0.7352124876124672,,,CANNOT_BOUND,True,,
CA_9712390351bb6336e11a,NSE_951F0DE091F9,GRASIM,2017-07-19,STRUCTURAL,SCHEME OF ARRANGEMENT,2018-06-29,2018-07,True,479,48,0.6220079095261248,NSE_276B655CD1C9,0.620150132033114,NSE_814CFF18D3B4,48,49,4,True,0.6220079095261248,NSE_276B655CD1C9,False,0.620150132033114,NSE_814CFF18D3B4,False,0.6369437433182465,NSE_E1969513A040,True,0.9759659292246357,-0.13835439980677922,0.6619513662887215,0.6619513662887215,0.6600478392931768,0.6772550089107416,0.8003057660955007,0.798402239099956,0.8156094087175209,,,CANNOT_BOUND,True,,
CA_253391c466422f1c9423,NSE_2B12B6998928,RELCAPITAL,2017-09-05,STRUCTURAL,SCHEME OF ARRANGEMENT,2018-02-28,2018-03,True,493,50,0.8199699005064391,NSE_8D712C1A2B42,0.8129991134436283,NSE_D448CCCD5389,50,50,1,False,0.8199699005064391,NSE_8D712C1A2B42,True,0.8199699005064391,NSE_8D712C1A2B42,True,0.8199699005064391,NSE_8D712C1A2B42,True,1.2657265105525506,-0.2616778447880993,0.4378855821799408,0.4378855821799408,0.4378855821799408,0.4378855821799408,0.6995634269680401,0.6995634269680401,0.6995634269680401,,,CANNOT_BOUND,True,,
CA_253391c466422f1c9423,NSE_2B12B6998928,RELCAPITAL,2017-09-05,STRUCTURAL,SCHEME OF ARRANGEMENT,2018-03-28,2018-04,True,493,50,0.6754012020191971,NSE_2E60454DAC8D,0.6744638124087186,NSE_D5AEC8D4EBC0,50,50,1,False,0.6754012020191971,NSE_2E60454DAC8D,True,0.6754012020191971,NSE_2E60454DAC8D,True,0.6754012020191971,NSE_2E60454DAC8D,True,1.0550822641563857,-0.2616778447880993,0.5879341914242118,0.5879341914242118,0.5879341914242118,0.5879341914242118,0.8496120362123111,0.8496120362123111,0.8496120362123111,,,CANNOT_BOUND,True,,
CA_253391c466422f1c9423,NSE_2B12B6998928,RELCAPITAL,2017-09-05,STRUCTURAL,SCHEME OF ARRANGEMENT,2018-04-30,2018-05,True,478,48,0.5718211487080171,NSE_852A23390A56,0.5705255987167015,NSE_72140149E6B1,48,49,3,True,0.5718211487080171,NSE_852A23390A56,True,0.5705255987167015,NSE_72140149E6B1,True,0.5735248551215508,NSE_50BAFA3326BE,True,0.8750187128054095,-0.2616778447880993,0.7963286106974554,0.7963286106974554,0.7948480138000908,0.7982756621017293,1.0580064554855548,1.05652585858819,1.0599535068898285,,,CANNOT_BOUND,True,,
CA_253391c466422f1c9423,NSE_2B12B6998928,RELCAPITAL,2017-09-05,STRUCTURAL,SCHEME OF ARRANGEMENT,2018-05-31,2018-06,True,479,48,0.7605087424172952,NSE_469BDD916F8C,0.741134994680485,NSE_DCA00C31EBFD,48,49,3,True,0.7605087424172952,NSE_469BDD916F8C,True,0.741134994680485,NSE_DCA00C31EBFD,True,0.762808579006806,NSE_48390A9F12CC,True,1.0654887566519446,-0.2616778447880993,0.6523015671693171,0.6523015671693171,0.6341185993849476,0.6544600475616746,0.9139794119574164,0.8957964441730469,0.9161378923497739,,,CANNOT_BOUND,True,,
CA_253391c466422f1c9423,NSE_2B12B6998928,RELCAPITAL,2017-09-05,STRUCTURAL,SCHEME OF ARRANGEMENT,2018-06-29,2018-07,True,479,48,0.6220079095261248,NSE_276B655CD1C9,0.620150132033114,NSE_814CFF18D3B4,48,49,4,True,0.6220079095261248,NSE_276B655CD1C9,False,0.620150132033114,NSE_814CFF18D3B4,True,0.6369437433182465,NSE_E1969513A040,True,0.8916707852798968,-0.2616778447880993,0.8190658887820061,0.8190658887820061,0.8169824096283993,0.8358162792161092,1.0807437335701056,1.0786602544164987,1.0974941240042084,,,CANNOT_BOUND,True,,
CA_253391c466422f1c9423,NSE_2B12B6998928,RELCAPITAL,2017-09-05,STRUCTURAL,SCHEME OF ARRANGEMENT,2018-07-31,2018-08,True,481,49,0.4678377216751086,NSE_253019276C6A,0.46687130366418206,NSE_5FC304B0807C,49,49,3,False,0.4678377216751086,NSE_253019276C6A,False,0.4678377216751086,NSE_253019276C6A,False,0.48290323240284105,NSE_145A8828E1E4,False,0.7355859880743942,-0.2616778447880993,0.9954672131773361,0.9954672131773361,0.9954672131773361,1.0159481779754431,1.2571450579654355,1.2571450579654355,1.2776260227635423,,,CANNOT_BOUND,True,,
CA_253391c466422f1c9423,NSE_2B12B6998928,RELCAPITAL,2017-09-05,STRUCTURAL,SCHEME OF ARRANGEMENT,2018-08-31,2018-09,True,484,49,0.4875917051912937,NSE_6F9A1FD4047C,0.4855799355217447,NSE_15269CF9ABBD,49,49,3,False,0.4875917051912937,NSE_6F9A1FD4047C,True,0.4875917051912937,NSE_6F9A1FD4047C,True,0.4958814750302383,NSE_5FC304B0807C,True,0.7200511945392478,-0.2616778447880993,1.0659526940208548,1.0659526940208548,1.0659526940208548,1.0774654446444396,1.327630538808954,1.327630538808954,1.3391432894325388,,,CANNOT_BOUND,True,,
CA_d4350a4891573655ee29,NSE_F96D3907BEE7,IIFL,2017-10-17,STRUCTURAL,SCHEME OF ARRANGEMENT,2018-04-30,2018-05,True,478,48,0.5718211487080171,NSE_852A23390A56,0.5705255987167015,NSE_72140149E6B1,48,49,3,True,0.5718211487080171,NSE_852A23390A56,False,0.5705255987167015,NSE_72140149E6B1,False,0.5735248551215508,NSE_50BAFA3326BE,False,1.470014767983413,0.007322089675030563,0.06925534555293189,0.06925534555293189,0.06837402788216251,0.07041431786439434,0.06193325587790133,0.06105193820713195,0.06309222818936377,,,CANNOT_BOUND,True,,
CA_d4350a4891573655ee29,NSE_F96D3907BEE7,IIFL,2017-10-17,STRUCTURAL,SCHEME OF ARRANGEMENT,2018-05-31,2018-06,True,479,48,0.7605087424172952,NSE_469BDD916F8C,0.741134994680485,NSE_DCA00C31EBFD,48,49,3,True,0.7605087424172952,NSE_469BDD916F8C,False,0.741134994680485,NSE_DCA00C31EBFD,False,0.762808579006806,NSE_48390A9F12CC,False,1.534951503583004,0.007322089675030563,0.14694746922477875,0.14694746922477875,0.13432573642632462,0.14844578144125098,0.13962537954974819,0.12700364675129405,0.14112369176622042,,,CANNOT_BOUND,True,,
CA_d4350a4891573655ee29,NSE_F96D3907BEE7,IIFL,2017-10-17,STRUCTURAL,SCHEME OF ARRANGEMENT,2018-06-29,2018-07,True,479,48,0.6220079095261248,NSE_276B655CD1C9,0.620150132033114,NSE_814CFF18D3B4,48,49,4,True,0.6220079095261248,NSE_276B655CD1C9,False,0.620150132033114,NSE_814CFF18D3B4,False,0.6369437433182465,NSE_E1969513A040,False,1.149294902912557,0.007322089675030563,0.411306972140582,0.411306972140582,0.4096905223605447,0.4243026216942962,0.4039848824655514,0.40236843268551414,0.41698053201926566,,,CANNOT_BOUND,True,,
CA_d4350a4891573655ee29,NSE_F96D3907BEE7,IIFL,2017-10-17,STRUCTURAL,SCHEME OF ARRANGEMENT,2018-07-31,2018-08,True,481,49,0.4678377216751086,NSE_253019276C6A,0.46687130366418206,NSE_5FC304B0807C,49,49,3,False,0.4678377216751086,NSE_253019276C6A,False,0.4678377216751086,NSE_253019276C6A,False,0.48290323240284105,NSE_145A8828E1E4,False,1.1197136632278002,0.007322089675030563,0.3109045373651784,0.3109045373651784,0.3109045373651784,0.3243593260513351,0.30358244769014786,0.30358244769014786,0.31703723637630454,,,CANNOT_BOUND,True,,
CA_d4350a4891573655ee29,NSE_F96D3907BEE7,IIFL,2017-10-17,STRUCTURAL,SCHEME OF ARRANGEMENT,2018-08-31,2018-09,True,484,49,0.4875917051912937,NSE_6F9A1FD4047C,0.4855799355217447,NSE_15269CF9ABBD,49,49,3,False,0.4875917051912937,NSE_6F9A1FD4047C,False,0.4875917051912937,NSE_6F9A1FD4047C,False,0.4958814750302383,NSE_5FC304B0807C,False,1.0849875430989508,0.007322089675030563,0.37106800410115426,0.37106800410115426,0.37106800410115426,0.37870843268641474,0.3637459144261237,0.3637459144261237,0.3713863430113842,,,CANNOT_BOUND,True,,
CA_d4350a4891573655ee29,NSE_F96D3907BEE7,IIFL,2017-10-17,STRUCTURAL,SCHEME OF ARRANGEMENT,2018-09-28,2018-10,True,478,48,0.5568149498896766,NSE_509E811DE5D8,0.556799545415366,NSE_444C594AB9B7,48,49,6,True,0.5568149498896766,NSE_509E811DE5D8,False,0.556799545415366,NSE_444C594AB9B7,False,0.5843746488683694,NSE_015669CF831E,False,1.1914064776018358,0.007322089675030563,0.3067034460173206,0.3067034460173206,0.3066905163626643,0.32983551680660095,0.29938135634229,0.29936842668763375,0.3225134271315704,,,CANNOT_BOUND,True,,
CA_73f2fd7856e2a8f125ac,NSE_E987DDA51421,FRETAIL,2017-11-29,STRUCTURAL,SCHEME OF ARRANGEMENT,2018-06-29,2018-07,True,479,48,0.6220079095261248,NSE_276B655CD1C9,0.620150132033114,NSE_814CFF18D3B4,48,49,4,True,0.6220079095261248,NSE_276B655CD1C9,False,0.620150132033114,NSE_814CFF18D3B4,False,0.6369437433182465,NSE_E1969513A040,False,1.511433984897391,0.05398136586302926,0.0731582892363245,0.0731582892363245,0.0719291402879918,0.08304018546293057,0.01917692337329524,0.017947774424962537,0.02905881959990131,,,CANNOT_BOUND,True,,
CA_73f2fd7856e2a8f125ac,NSE_E987DDA51421,FRETAIL,2017-11-29,STRUCTURAL,SCHEME OF ARRANGEMENT,2018-07-31,2018-08,True,481,49,0.4678377216751086,NSE_253019276C6A,0.46687130366418206,NSE_5FC304B0807C,49,49,3,False,0.4678377216751086,NSE_253019276C6A,False,0.4678377216751086,NSE_253019276C6A,False,0.48290323240284105,NSE_145A8828E1E4,False,1.3474505711629352,0.05398136586302926,0.08934439087310753,0.08934439087310753,0.08934439087310753,0.10052514291711767,0.035363025010078264,0.035363025010078264,0.04654377705408841,,,CANNOT_BOUND,True,,
CA_73f2fd7856e2a8f125ac,NSE_E987DDA51421,FRETAIL,2017-11-29,STRUCTURAL,SCHEME OF ARRANGEMENT,2018-08-31,2018-09,True,484,49,0.4875917051912937,NSE_6F9A1FD4047C,0.4855799355217447,NSE_15269CF9ABBD,49,49,3,False,0.4875917051912937,NSE_6F9A1FD4047C,False,0.4875917051912937,NSE_6F9A1FD4047C,False,0.4958814750302383,NSE_5FC304B0807C,False,0.9478082659960742,0.05398136586302926,0.5695069968902924,0.5695069968902924,0.5695069968902924,0.5782532487814727,0.5155256310272631,0.5155256310272631,0.5242718829184434,,,CANNOT_BOUND,True,,
CA_73f2fd7856e2a8f125ac,NSE_E987DDA51421,FRETAIL,2017-11-29,STRUCTURAL,SCHEME OF ARRANGEMENT,2018-09-28,2018-10,True,478,48,0.5568149498896766,NSE_509E811DE5D8,0.556799545415366,NSE_444C594AB9B7,48,49,6,True,0.5568149498896766,NSE_509E811DE5D8,False,0.556799545415366,NSE_444C594AB9B7,False,0.5843746488683694,NSE_015669CF831E,False,1.003385725594784,0.05398136586302926,0.5515617874340724,0.5515617874340724,0.5515464349390968,0.5790284916891641,0.4975804215710431,0.49756506907606757,0.5250471258261349,,,CANNOT_BOUND,True,,
CA_73f2fd7856e2a8f125ac,NSE_E987DDA51421,FRETAIL,2017-11-29,STRUCTURAL,SCHEME OF ARRANGEMENT,2018-10-31,2018-11,True,484,49,0.2915101633488213,NSE_63EF66037F73,0.2908994684369144,NSE_158E1D664C69,49,49,5,False,0.2915101633488213,NSE_63EF66037F73,False,0.2915101633488213,NSE_63EF66037F73,False,0.3028343599966117,NSE_E058EC23D204,False,0.8496309122391323,0.05398136586302926,0.5200837737237602,0.5200837737237602,0.5200837737237602,0.53341214547279,0.466102407860731,0.466102407860731,0.47943077960976077,,,CANNOT_BOUND,True,,
CA_26c975868bc50d05ca8c,NSE_1EDC5AB6BDE5,GAYAPROJ,2018-01-30,STRUCTURAL,SCHEME OF ARRANGEMENT,2018-09-28,2018-10,True,478,48,0.5568149498896766,NSE_509E811DE5D8,0.556799545415366,NSE_444C594AB9B7,48,49,6,True,0.5568149498896766,NSE_509E811DE5D8,True,0.556799545415366,NSE_444C594AB9B7,True,0.5843746488683694,NSE_015669CF831E,False,1.2646271778459894,-0.07495025425602497,0.23104657021634156,0.23104657021634156,0.2310343891762845,0.25283931630110823,0.30599682447236654,0.30598464343230947,0.3277895705571332,,,CANNOT_BOUND,True,,
CA_26c975868bc50d05ca8c,NSE_1EDC5AB6BDE5,GAYAPROJ,2018-01-30,STRUCTURAL,SCHEME OF ARRANGEMENT,2018-10-31,2018-11,True,484,49,0.2915101633488213,NSE_63EF66037F73,0.2908994684369144,NSE_158E1D664C69,49,49,5,False,0.2915101633488213,NSE_63EF66037F73,True,0.2915101633488213,NSE_63EF66037F73,True,0.3028343599966117,NSE_E058EC23D204,True,0.9313129324456305,-0.07495025425602497,0.38676283594313654,0.38676283594313654,0.38676283594313654,0.39892222539567324,0.4617130901991615,0.4617130901991615,0.4738724796516982,,,CANNOT_BOUND,True,,
CA_26c975868bc50d05ca8c,NSE_1EDC5AB6BDE5,GAYAPROJ,2018-01-30,STRUCTURAL,SCHEME OF ARRANGEMENT,2018-11-30,2018-12,True,489,49,0.20739146534013742,NSE_D63E80751915,0.19662820856810748,NSE_96E91CE539E6,49,50,5,True,0.20739146534013742,NSE_D63E80751915,True,0.19662820856810748,NSE_96E91CE539E6,True,0.2385923053981509,NSE_ED9F5F2D6407,True,0.9752735103671668,-0.07495025425602497,0.23800293200374512,0.23800293200374512,0.22696679018545884,0.2699948191270478,0.3129531862597701,0.3019170444414838,0.3449450733830728,,,CANNOT_BOUND,True,,
CA_26c975868bc50d05ca8c,NSE_1EDC5AB6BDE5,GAYAPROJ,2018-01-30,STRUCTURAL,SCHEME OF ARRANGEMENT,2018-12-31,2019-01,True,486,49,0.1823732837876384,NSE_974D64708E19,0.17760018667344735,NSE_63EF66037F73,49,50,5,True,0.1823732837876384,NSE_974D64708E19,True,0.17760018667344735,NSE_63EF66037F73,True,0.19102172326693556,NSE_0E49BB8B75B8,False,0.8398661567877633,-0.07495025425602497,0.40781155929637913,0.40781155929637913,0.4021283952879058,0.4181089613400273,0.4827618135524041,0.47707864954393076,0.49305921559605226,,,CANNOT_BOUND,True,,
CA_05d4bfc29668bda65981,NSE_D33E443DE34A,SUNDARMFIN,2018-02-01,STRUCTURAL,SCHEME OF ARRANGEMENT,2018-09-28,2018-10,True,478,48,0.5568149498896766,NSE_509E811DE5D8,0.556799545415366,NSE_444C594AB9B7,48,49,6,True,0.5568149498896766,NSE_509E811DE5D8,False,0.556799545415366,NSE_444C594AB9B7,False,0.5843746488683694,NSE_015669CF831E,False,1.0185557738655022,-0.0664382106046113,0.5284533157977565,0.5284533157977565,0.5284381919579964,0.5555109396273299,0.5948915264023678,0.5948764025626077,0.6219491502319412,,,CANNOT_BOUND,True,,
CA_05d4bfc29668bda65981,NSE_D33E443DE34A,SUNDARMFIN,2018-02-01,STRUCTURAL,SCHEME OF ARRANGEMENT,2018-10-31,2018-11,True,484,49,0.2915101633488213,NSE_63EF66037F73,0.2908994684369144,NSE_158E1D664C69,49,49,5,False,0.2915101633488213,NSE_63EF66037F73,False,0.2915101633488213,NSE_63EF66037F73,False,0.3028343599966117,NSE_E058EC23D204,True,0.9310431786064075,-0.0664382106046113,0.3871646267598068,0.3871646267598068,0.3871646267598068,0.3993275391874993,0.4536028373644181,0.4536028373644181,0.4657657497921106,,,CANNOT_BOUND,True,,
CA_05d4bfc29668bda65981,NSE_D33E443DE34A,SUNDARMFIN,2018-02-01,STRUCTURAL,SCHEME OF ARRANGEMENT,2018-11-30,2018-12,True,489,49,0.20739146534013742,NSE_D63E80751915,0.19662820856810748,NSE_96E91CE539E6,49,50,5,True,0.20739146534013742,NSE_D63E80751915,True,0.19662820856810748,NSE_96E91CE539E6,False,0.2385923053981509,NSE_ED9F5F2D6407,True,0.8834307317589167,-0.0664382106046113,0.3667075662357959,0.3667075662357959,0.3545240906274705,0.40202537773629965,0.4331457768404072,0.4209623012320818,0.46846358834091095,,,CANNOT_BOUND,True,,
CA_05d4bfc29668bda65981,NSE_D33E443DE34A,SUNDARMFIN,2018-02-01,STRUCTURAL,SCHEME OF ARRANGEMENT,2018-12-31,2019-01,True,486,49,0.1823732837876384,NSE_974D64708E19,0.17760018667344735,NSE_63EF66037F73,49,50,5,True,0.1823732837876384,NSE_974D64708E19,False,0.17760018667344735,NSE_63EF66037F73,False,0.19102172326693556,NSE_0E49BB8B75B8,False,0.8393344182701493,-0.0664382106046113,0.4087034417395692,0.4087034417395692,0.40301667731016755,0.41900736743479006,0.4751416523441805,0.46945488791477885,0.48544557803940136,,,CANNOT_BOUND,True,,
CA_05d4bfc29668bda65981,NSE_D33E443DE34A,SUNDARMFIN,2018-02-01,STRUCTURAL,SCHEME OF ARRANGEMENT,2019-01-31,2019-02,True,486,49,0.1870002676574296,NSE_7175E22198C4,0.1799491853506925,NSE_6C4CBD6F12EE,49,49,4,False,0.1870002676574296,NSE_7175E22198C4,False,0.1870002676574296,NSE_7175E22198C4,False,0.20650922767062863,NSE_469BDD916F8C,False,0.8247479101340502,-0.0664382106046113,0.43922797872200814,0.43922797872200814,0.43922797872200814,0.46288243091701675,0.5056661893266194,0.5056661893266194,0.529320641521628,,,CANNOT_BOUND,True,,
CA_37a577ddd19e6c78734c,NSE_F0C8DB46A2B5,FDC,2018-02-26,BUYBACK,BUYBACK,2018-09-28,2018-10,True,478,48,0.5568149498896766,NSE_509E811DE5D8,0.556799545415366,NSE_444C594AB9B7,48,49,6,True,0.5568149498896766,NSE_509E811DE5D8,False,0.556799545415366,NSE_444C594AB9B7,False,0.5843746488683694,NSE_015669CF831E,False,1.0725800597719148,0.22886866059817912,0.45146736199881876,0.45146736199881876,0.45145299992470567,0.4771621329649631,0.22259870140063964,0.22258433932652655,0.248293472366784,,,CANNOT_BOUND,True,,
CA_37a577ddd19e6c78734c,NSE_F0C8DB46A2B5,FDC,2018-02-26,BUYBACK,BUYBACK,2018-10-31,2018-11,True,484,49,0.2915101633488213,NSE_63EF66037F73,0.2908994684369144,NSE_158E1D664C69,49,49,5,False,0.2915101633488213,NSE_63EF66037F73,False,0.2915101633488213,NSE_63EF66037F73,False,0.3028343599966117,NSE_E058EC23D204,False,0.912361510948268,0.22886866059817912,0.4155684428275399,0.4155684428275399,0.4155684428275399,0.427980405094581,0.1866997822293608,0.1866997822293608,0.1991117444964019,,,CANNOT_BOUND,True,,
CA_37a577ddd19e6c78734c,NSE_F0C8DB46A2B5,FDC,2018-02-26,BUYBACK,BUYBACK,2018-11-30,2018-12,True,489,49,0.20739146534013742,NSE_D63E80751915,0.19662820856810748,NSE_96E91CE539E6,49,50,5,True,0.20739146534013742,NSE_D63E80751915,False,0.19662820856810748,NSE_96E91CE539E6,False,0.2385923053981509,NSE_ED9F5F2D6407,False,0.7681557155883066,0.22886866059817912,0.5718056128963822,0.5718056128963822,0.5577937966023556,0.6124234712613594,0.3429369522982031,0.3289251360041765,0.3835548106631803,,,CANNOT_BOUND,True,,
CA_37a577ddd19e6c78734c,NSE_F0C8DB46A2B5,FDC,2018-02-26,BUYBACK,BUYBACK,2018-12-31,2019-01,True,486,49,0.1823732837876384,NSE_974D64708E19,0.17760018667344735,NSE_63EF66037F73,49,50,5,True,0.1823732837876384,NSE_974D64708E19,False,0.17760018667344735,NSE_63EF66037F73,False,0.19102172326693556,NSE_0E49BB8B75B8,False,0.6110425899732834,0.22886866059817912,0.9350096101146326,0.9350096101146326,0.9271982117071995,0.949163188966927,0.7061409495164535,0.6983295511090204,0.7202945283687479,,,CANNOT_BOUND,True,,
CA_37a577ddd19e6c78734c,NSE_F0C8DB46A2B5,FDC,2018-02-26,BUYBACK,BUYBACK,2019-01-31,2019-02,True,486,49,0.1870002676574296,NSE_7175E22198C4,0.1799491853506925,NSE_6C4CBD6F12EE,49,49,4,False,0.1870002676574296,NSE_7175E22198C4,False,0.1870002676574296,NSE_7175E22198C4,False,0.20650922767062863,NSE_469BDD916F8C,False,0.6070546737213405,0.22886866059817912,0.9553432648511404,0.9553432648511404,0.9553432648511404,0.9874803372726506,0.7264746042529613,0.7264746042529613,0.7586116766744715,,,CANNOT_BOUND,True,,
CA_df384ef3fc428b287dca,NSE_72AFBEE07E5D,STAR,2018-04-06,STRUCTURAL,SCHEME OF ARRANGEMENT,2018-09-28,2018-10,True,478,48,0.5568149498896766,NSE_509E811DE5D8,0.556799545415366,NSE_444C594AB9B7,48,49,6,True,0.5568149498896766,NSE_509E811DE5D8,False,0.556799545415366,NSE_444C594AB9B7,False,0.5843746488683694,NSE_015669CF831E,False,0.588655820905438,-0.047298811925576834,1.644694734344204,1.644694734344204,1.6446685654459046,1.691512752615563,1.6919935462697808,1.6919673773714814,1.73881156454114,,,CANNOT_BOUND,True,,
CA_df384ef3fc428b287dca,NSE_72AFBEE07E5D,STAR,2018-04-06,STRUCTURAL,SCHEME OF ARRANGEMENT,2018-10-31,2018-11,True,484,49,0.2915101633488213,NSE_63EF66037F73,0.2908994684369144,NSE_158E1D664C69,49,49,5,False,0.2915101633488213,NSE_63EF66037F73,False,0.2915101633488213,NSE_63EF66037F73,False,0.3028343599966117,NSE_E058EC23D204,True,0.5530014119931943,-0.047298811925576834,1.33545545334831,1.33545545334831,1.33545545334831,1.355933152685414,1.382754265273887,1.382754265273887,1.4032319646109908,,,CANNOT_BOUND,True,,
CA_df384ef3fc428b287dca,NSE_72AFBEE07E5D,STAR,2018-04-06,STRUCTURAL,SCHEME OF ARRANGEMENT,2018-11-30,2018-12,True,489,49,0.20739146534013742,NSE_D63E80751915,0.19662820856810748,NSE_96E91CE539E6,49,50,5,True,0.20739146534013742,NSE_D63E80751915,True,0.19662820856810748,NSE_96E91CE539E6,True,0.2385923053981509,NSE_ED9F5F2D6407,True,0.5597503414529877,-0.047298811925576834,1.1570178272799567,1.1570178272799567,1.1377891533963624,1.212758463323202,1.2043166392055336,1.1850879653219393,1.2600572752487789,,,CANNOT_BOUND,True,,
CA_df384ef3fc428b287dca,NSE_72AFBEE07E5D,STAR,2018-04-06,STRUCTURAL,SCHEME OF ARRANGEMENT,2018-12-31,2019-01,True,486,49,0.1823732837876384,NSE_974D64708E19,0.17760018667344735,NSE_63EF66037F73,49,50,5,True,0.1823732837876384,NSE_974D64708E19,True,0.17760018667344735,NSE_63EF66037F73,False,0.19102172326693556,NSE_0E49BB8B75B8,False,0.6219228571121009,-0.047298811925576834,0.9011574671463103,0.9011574671463103,0.8934827257220201,0.9150634353550624,0.9484562790718871,0.940781537647597,0.9623622472806392,,,CANNOT_BOUND,True,,
CA_df384ef3fc428b287dca,NSE_72AFBEE07E5D,STAR,2018-04-06,STRUCTURAL,SCHEME OF ARRANGEMENT,2019-01-31,2019-02,True,486,49,0.1870002676574296,NSE_7175E22198C4,0.1799491853506925,NSE_6C4CBD6F12EE,49,49,4,False,0.1870002676574296,NSE_7175E22198C4,False,0.1870002676574296,NSE_7175E22198C4,False,0.20650922767062863,NSE_469BDD916F8C,False,0.6367412158437212,-0.047298811925576834,0.8641800438260956,0.8641800438260956,0.8641800438260956,0.8948188018140615,0.9114788557516724,0.9114788557516724,0.9421176137396383,,,CANNOT_BOUND,True,,
CA_df384ef3fc428b287dca,NSE_72AFBEE07E5D,STAR,2018-04-06,STRUCTURAL,SCHEME OF ARRANGEMENT,2019-02-28,2019-03,True,490,49,0.20507584878133867,NSE_6C4CBD6F12EE,0.20389418022141315,NSE_AC3D2D310E00,50,50,2,True,0.20389418022141315,NSE_AC3D2D310E00,True,0.20389418022141315,NSE_AC3D2D310E00,True,0.20507584878133867,NSE_6C4CBD6F12EE,False,0.6776340094664955,-0.047298811925576834,0.7783579807780023,0.7766141654685317,0.7766141654685317,0.7783579807780023,0.8239129773941085,0.8239129773941085,0.8256567927035792,,,CANNOT_BOUND,True,,
CA_df384ef3fc428b287dca,NSE_72AFBEE07E5D,STAR,2018-04-06,STRUCTURAL,SCHEME OF ARRANGEMENT,2019-03-29,2019-04,True,484,49,0.23480814920858029,NSE_444C594AB9B7,0.2311638557349196,NSE_9BCCFC53AEB0,49,49,4,False,0.23480814920858029,NSE_444C594AB9B7,False,0.23480814920858029,NSE_444C594AB9B7,False,0.2499760132952622,NSE_FD4A93ADA75B,True,0.662890840800876,-0.047298811925576834,0.8627624236242857,0.8627624236242857,0.8627624236242857,0.8856438139725922,0.9100612355498625,0.9100612355498625,0.932942625898169,,,CANNOT_BOUND,True,,
CA_181cf68ab7289959453f,NSE_4885044E479D,NIACL,2018-06-27,BONUS,BONUS 1:1/ DIVIDEND- RS 5 PER SHARE,2018-11-30,2018-12,True,489,49,0.20739146534013742,NSE_D63E80751915,0.19662820856810748,NSE_96E91CE539E6,49,50,5,True,0.20739146534013742,NSE_D63E80751915,True,0.19662820856810748,NSE_96E91CE539E6,True,0.2385923053981509,NSE_ED9F5F2D6407,True,0.73634616774974,-0.5347695464204587,0.6397063205067026,0.6397063205067026,0.6250892052918271,0.6820788368917103,1.1744758669271613,1.1598587517122858,1.216848383312169,,,CANNOT_BOUND,True,,
CA_181cf68ab7289959453f,NSE_4885044E479D,NIACL,2018-06-27,BONUS,BONUS 1:1/ DIVIDEND- RS 5 PER SHARE,2018-12-31,2019-01,True,486,49,0.1823732837876384,NSE_974D64708E19,0.17760018667344735,NSE_63EF66037F73,49,50,5,True,0.1823732837876384,NSE_974D64708E19,True,0.17760018667344735,NSE_63EF66037F73,True,0.19102172326693556,NSE_0E49BB8B75B8,False,0.7053459034873283,-0.5347695464204587,0.6763027586065509,0.6763027586065509,0.6695357282876786,0.688564032736787,1.2110723050270096,1.2043052747081373,1.2233335791572457,,,CANNOT_BOUND,True,,
CA_181cf68ab7289959453f,NSE_4885044E479D,NIACL,2018-06-27,BONUS,BONUS 1:1/ DIVIDEND- RS 5 PER SHARE,2019-01-31,2019-02,True,486,49,0.1870002676574296,NSE_7175E22198C4,0.1799491853506925,NSE_6C4CBD6F12EE,49,49,4,False,0.1870002676574296,NSE_7175E22198C4,True,0.1870002676574296,NSE_7175E22198C4,True,0.20650922767062863,NSE_469BDD916F8C,False,0.606399837281378,-0.5347695464204587,0.9574547924996306,0.9574547924996306,0.9574547924996306,0.9896265689642516,1.4922243389200893,1.4922243389200893,1.5243961153847103,,,CANNOT_BOUND,True,,
CA_181cf68ab7289959453f,NSE_4885044E479D,NIACL,2018-06-27,BONUS,BONUS 1:1/ DIVIDEND- RS 5 PER SHARE,2019-02-28,2019-03,True,490,49,0.20507584878133867,NSE_6C4CBD6F12EE,0.20389418022141315,NSE_AC3D2D310E00,50,50,2,True,0.20389418022141315,NSE_AC3D2D310E00,True,0.20389418022141315,NSE_AC3D2D310E00,True,0.20507584878133867,NSE_6C4CBD6F12EE,True,0.5287124453405878,-0.5347695464204587,1.2792651457354078,1.2770301528383436,1.2770301528383436,1.2792651457354078,1.8117996992588024,1.8117996992588024,1.8140346921558665,,,CANNOT_BOUND,True,,
CA_181cf68ab7289959453f,NSE_4885044E479D,NIACL,2018-06-27,BONUS,BONUS 1:1/ DIVIDEND- RS 5 PER SHARE,2019-03-29,2019-04,True,484,49,0.23480814920858029,NSE_444C594AB9B7,0.2311638557349196,NSE_9BCCFC53AEB0,49,49,4,False,0.23480814920858029,NSE_444C594AB9B7,False,0.23480814920858029,NSE_444C594AB9B7,False,0.2499760132952622,NSE_FD4A93ADA75B,True,0.520143061975739,-0.5347695464204587,1.3739779292993344,1.3739779292993344,1.3739779292993344,1.4031388759609462,1.908747475719793,1.908747475719793,1.937908422381405,,,CANNOT_BOUND,True,,
CA_181cf68ab7289959453f,NSE_4885044E479D,NIACL,2018-06-27,BONUS,BONUS 1:1/ DIVIDEND- RS 5 PER SHARE,2019-04-30,2019-05,True,487,49,0.2221654260172874,NSE_060294DF8B9D,0.21371236625785284,NSE_78E18EB5DA28,49,49,3,False,0.2221654260172874,NSE_060294DF8B9D,False,0.2221654260172874,NSE_060294DF8B9D,False,0.22351974203577463,NSE_27ED7EAB3326,False,0.6153626733590011,-0.5347695464204587,0.986089632876187,0.986089632876187,0.986089632876187,0.9882904748789925,1.5208591792966457,1.5208591792966457,1.5230600212994512,,,CANNOT_BOUND,True,,
CA_181cf68ab7289959453f,NSE_4885044E479D,NIACL,2018-06-27,BONUS,BONUS 1:1/ DIVIDEND- RS 5 PER SHARE,2019-05-31,2019-06,True,489,49,0.2603252070280835,NSE_6A68B38036FB,0.251940705035808,NSE_40AA7F3995D1,49,50,3,True,0.2603252070280835,NSE_6A68B38036FB,True,0.251940705035808,NSE_40AA7F3995D1,False,0.2685964514152446,NSE_2F5953912F7F,False,0.5674909434556616,-0.5347695464204587,1.220872811385321,1.220872811385321,1.2060981227511394,1.2354479239620866,1.7556423578057798,1.740867669171598,1.7702174703825453,,,CANNOT_BOUND,True,,
CA_a547b59a77462e2625dd,NSE_F10717A1FD65,COX&KINGS,2018-10-25,STRUCTURAL,SCHEME OF DEMERGER,2019-03-29,2019-04,True,484,49,0.23480814920858029,NSE_444C594AB9B7,0.2311638557349196,NSE_9BCCFC53AEB0,49,49,4,False,0.23480814920858029,NSE_444C594AB9B7,False,0.23480814920858029,NSE_444C594AB9B7,False,0.2499760132952622,NSE_FD4A93ADA75B,True,0.5269613685774399,0.21373365041617154,1.343261238564812,1.343261238564812,1.343261238564812,1.372044874313346,1.1295275881486404,1.1295275881486404,1.1583112238971744,,,CANNOT_BOUND,True,,
CA_a547b59a77462e2625dd,NSE_F10717A1FD65,COX&KINGS,2018-10-25,STRUCTURAL,SCHEME OF DEMERGER,2019-04-30,2019-05,True,487,49,0.2221654260172874,NSE_060294DF8B9D,0.21371236625785284,NSE_78E18EB5DA28,49,49,3,False,0.2221654260172874,NSE_060294DF8B9D,False,0.2221654260172874,NSE_060294DF8B9D,False,0.22351974203577463,NSE_27ED7EAB3326,False,0.5264217523540525,0.21373365041617154,1.3216468934879848,1.3216468934879848,1.3216468934879848,1.3242195759663038,1.1079132430718133,1.1079132430718133,1.1104859255501323,,,CANNOT_BOUND,True,,
CA_a547b59a77462e2625dd,NSE_F10717A1FD65,COX&KINGS,2018-10-25,STRUCTURAL,SCHEME OF DEMERGER,2019-05-31,2019-06,True,489,49,0.2603252070280835,NSE_6A68B38036FB,0.251940705035808,NSE_40AA7F3995D1,49,50,3,True,0.2603252070280835,NSE_6A68B38036FB,False,0.251940705035808,NSE_40AA7F3995D1,False,0.2685964514152446,NSE_2F5953912F7F,False,0.4659186678290274,0.21373365041617154,1.7050326463643004,1.7050326463643004,1.6870370119945863,1.7227851962367953,1.4912989959481289,1.4733033615784148,1.5090515458206237,,,CANNOT_BOUND,True,,
CA_a547b59a77462e2625dd,NSE_F10717A1FD65,COX&KINGS,2018-10-25,STRUCTURAL,SCHEME OF DEMERGER,2019-06-28,2019-07,True,489,49,0.33592349733068594,NSE_FE37750EBD83,0.3339567162554906,NSE_1CC155F94220,49,50,2,True,0.33592349733068594,NSE_FE37750EBD83,True,0.3339567162554906,NSE_1CC155F94220,False,0.33592349733068594,NSE_FE37750EBD83,True,0.36615219681958433,0.21373365041617154,2.648546994759507,2.648546994759507,2.6431755096440854,2.648546994759507,2.4348133443433353,2.429441859227914,2.4348133443433353,,,CANNOT_BOUND,True,,
CA_a547b59a77462e2625dd,NSE_F10717A1FD65,COX&KINGS,2018-10-25,STRUCTURAL,SCHEME OF DEMERGER,2019-07-31,2019-08,True,493,50,0.27458876436623103,NSE_86BBF1CA90A8,0.2705270191657627,NSE_AC3D2D310E00,50,50,2,False,0.27458876436623103,NSE_86BBF1CA90A8,False,0.27458876436623103,NSE_86BBF1CA90A8,False,0.27531434133618227,NSE_F174B12EB9D7,True,0.1408927721557671,0.21373365041617154,8.04651633198814,8.04651633198814,8.04651633198814,8.051666184310935,7.8327826815719686,7.8327826815719686,7.837932533894763,,,CANNOT_BOUND,True,,
CA_a547b59a77462e2625dd,NSE_F10717A1FD65,COX&KINGS,2018-10-25,STRUCTURAL,SCHEME OF DEMERGER,2019-08-30,2019-09,True,495,50,0.12198568351114192,NSE_B314BB60ABB8,0.12160957539065054,NSE_88F316E09646,50,50,2,False,0.12198568351114192,NSE_B314BB60ABB8,False,0.12198568351114192,NSE_B314BB60ABB8,False,0.1259674649243281,NSE_27ED7EAB3326,False,0.04234036833744362,0.21373365041617154,25.499195155062367,25.499195155062367,25.499195155062367,25.59323735567461,25.285461504646197,25.285461504646197,25.37950370525844,,,CANNOT_BOUND,True,,
CA_a547b59a77462e2625dd,NSE_F10717A1FD65,COX&KINGS,2018-10-25,STRUCTURAL,SCHEME OF DEMERGER,2019-09-30,2019-10,True,486,49,0.33827428784302316,NSE_27ED7EAB3326,0.33024368365973866,NSE_9E788BED7AEF,49,49,4,False,0.33827428784302316,NSE_27ED7EAB3326,False,0.33827428784302316,NSE_27ED7EAB3326,False,0.34395517673943177,NSE_63BFA94D0485,False,0.021797697771246623,0.21373365041617154,60.395212553517595,60.395212553517595,60.395212553517595,60.65583131041688,60.18147890310142,60.18147890310142,60.442097660000705,,,CANNOT_BOUND,True,,
CA_78c8a95e2472b7c4caa7,NSE_9FB7052822E7,CESC,2018-10-30,STRUCTURAL,COMPOSITE SCHEME OF ARRANGEMENT,2019-03-29,2019-04,True,484,49,0.23480814920858029,NSE_444C594AB9B7,0.2311638557349196,NSE_9BCCFC53AEB0,49,49,4,False,0.23480814920858029,NSE_444C594AB9B7,False,0.23480814920858029,NSE_444C594AB9B7,False,0.2499760132952622,NSE_FD4A93ADA75B,True,0.843851673661763,-0.1533775963939823,0.4632999942398912,0.4632999942398912,0.4632999942398912,0.4812745560735643,0.6166775906338735,0.6166775906338735,0.6346521524675466,,,CANNOT_BOUND,True,,
CA_78c8a95e2472b7c4caa7,NSE_9FB7052822E7,CESC,2018-10-30,STRUCTURAL,COMPOSITE SCHEME OF ARRANGEMENT,2019-04-30,2019-05,True,487,49,0.2221654260172874,NSE_060294DF8B9D,0.21371236625785284,NSE_78E18EB5DA28,49,49,3,False,0.2221654260172874,NSE_060294DF8B9D,False,0.2221654260172874,NSE_060294DF8B9D,False,0.22351974203577463,NSE_27ED7EAB3326,False,0.8349326785012583,-0.1533775963939823,0.4637891862265222,0.4637891862265222,0.4637891862265222,0.4654112523563547,0.6171667826205045,0.6171667826205045,0.618788848750337,,,CANNOT_BOUND,True,,
CA_78c8a95e2472b7c4caa7,NSE_9FB7052822E7,CESC,2018-10-30,STRUCTURAL,COMPOSITE SCHEME OF ARRANGEMENT,2019-05-31,2019-06,True,489,49,0.2603252070280835,NSE_6A68B38036FB,0.251940705035808,NSE_40AA7F3995D1,49,50,3,True,0.2603252070280835,NSE_6A68B38036FB,False,0.251940705035808,NSE_40AA7F3995D1,False,0.2685964514152446,NSE_2F5953912F7F,False,0.8335299356541087,-0.1533775963939823,0.5120335252735095,0.5120335252735095,0.5019744960369701,0.5219566774404083,0.6654111216674918,0.6553520924309524,0.6753342738343906,,,CANNOT_BOUND,True,,
CA_78c8a95e2472b7c4caa7,NSE_9FB7052822E7,CESC,2018-10-30,STRUCTURAL,COMPOSITE SCHEME OF ARRANGEMENT,2019-06-28,2019-07,True,489,49,0.33592349733068594,NSE_FE37750EBD83,0.3339567162554906,NSE_1CC155F94220,49,50,2,True,0.33592349733068594,NSE_FE37750EBD83,True,0.3339567162554906,NSE_1CC155F94220,False,0.33592349733068594,NSE_FE37750EBD83,True,0.9894652039886281,-0.1533775963939823,0.3501470207799644,0.3501470207799644,0.34815929946620106,0.3501470207799644,0.5035246171739467,0.5015368958601834,0.5035246171739467,,,CANNOT_BOUND,True,,
CA_78c8a95e2472b7c4caa7,NSE_9FB7052822E7,CESC,2018-10-30,STRUCTURAL,COMPOSITE SCHEME OF ARRANGEMENT,2019-07-31,2019-08,True,493,50,0.27458876436623103,NSE_86BBF1CA90A8,0.2705270191657627,NSE_AC3D2D310E00,50,50,2,False,0.27458876436623103,NSE_86BBF1CA90A8,False,0.27458876436623103,NSE_86BBF1CA90A8,False,0.27531434133618227,NSE_F174B12EB9D7,True,1.0060223157834014,-0.1533775963939823,0.266958738756897,0.266958738756897,0.266958738756897,0.26767997223111295,0.4203363351508793,0.4203363351508793,0.42105756862509525,,,CANNOT_BOUND,True,,
CA_78c8a95e2472b7c4caa7,NSE_9FB7052822E7,CESC,2018-10-30,STRUCTURAL,COMPOSITE SCHEME OF ARRANGEMENT,2019-08-30,2019-09,True,495,50,0.12198568351114192,NSE_B314BB60ABB8,0.12160957539065054,NSE_88F316E09646,50,50,2,False,0.12198568351114192,NSE_B314BB60ABB8,True,0.12198568351114192,NSE_B314BB60ABB8,True,0.1259674649243281,NSE_27ED7EAB3326,False,0.9052445606452312,-0.1533775963939823,0.2394282520862916,0.2394282520862916,0.2394282520862916,0.24382682191624805,0.3928058484802739,0.3928058484802739,0.39720441831023034,,,CANNOT_BOUND,True,,
CA_78c8a95e2472b7c4caa7,NSE_9FB7052822E7,CESC,2018-10-30,STRUCTURAL,COMPOSITE SCHEME OF ARRANGEMENT,2019-09-30,2019-10,True,486,49,0.33827428784302316,NSE_27ED7EAB3326,0.33024368365973866,NSE_9E788BED7AEF,49,49,4,False,0.33827428784302316,NSE_27ED7EAB3326,False,0.33827428784302316,NSE_27ED7EAB3326,False,0.34395517673943177,NSE_63BFA94D0485,False,1.1431625047819973,-0.1533775963939823,0.1706772066480906,0.1706772066480906,0.1706772066480906,0.17564665663673584,0.3240548030420729,0.3240548030420729,0.32902425303071814,,,CANNOT_BOUND,True,,
CA_9e4a3e84724b4ddd5a30,NSE_64BF9F3DBA41,BSOFT,2019-01-24,STRUCTURAL,COMPOSITE SCHEME OF ARRANGEMENT,2019-09-30,2019-10,True,486,49,0.33827428784302316,NSE_27ED7EAB3326,0.33024368365973866,NSE_9E788BED7AEF,49,49,4,False,0.33827428784302316,NSE_27ED7EAB3326,False,0.33827428784302316,NSE_27ED7EAB3326,False,0.34395517673943177,NSE_63BFA94D0485,False,0.6054866639645075,-0.4759284731774418,1.210245687461533,1.210245687461533,1.210245687461533,1.2196280392696015,1.6861741606389749,1.6861741606389749,1.6955565124470433,,,CANNOT_BOUND,True,,
CA_9e4a3e84724b4ddd5a30,NSE_64BF9F3DBA41,BSOFT,2019-01-24,STRUCTURAL,COMPOSITE SCHEME OF ARRANGEMENT,2019-10-31,2019-11,True,489,49,0.4278894741652606,NSE_B0B59A3FBF07,0.4077272863268149,NSE_83A9DF85F983,49,50,2,True,0.4278894741652606,NSE_B0B59A3FBF07,True,0.4077272863268149,NSE_83A9DF85F983,True,0.4278894741652606,NSE_B0B59A3FBF07,True,0.6128107265389042,-0.4759284731774418,1.3300660584546917,1.3300660584546917,1.2971648918052114,1.3300660584546917,1.8059945316321335,1.7730933649826532,1.8059945316321335,,,CANNOT_BOUND,True,,
CA_9e4a3e84724b4ddd5a30,NSE_64BF9F3DBA41,BSOFT,2019-01-24,STRUCTURAL,COMPOSITE SCHEME OF ARRANGEMENT,2019-11-29,2019-12,True,490,49,0.42108643787851197,NSE_351E280578AE,0.41906756050848215,NSE_2A0ECB1CAF9E,50,50,3,True,0.41906756050848215,NSE_2A0ECB1CAF9E,False,0.41906756050848215,NSE_2A0ECB1CAF9E,False,0.42726488504723314,NSE_148E052CEC64,False,0.6259743343651667,-0.4759284731774418,1.2701992076395752,1.26697403168715,1.26697403168715,1.2800693362207847,1.7429025048645919,1.7429025048645919,1.7559978093982265,,,CANNOT_BOUND,True,,
CA_9e4a3e84724b4ddd5a30,NSE_64BF9F3DBA41,BSOFT,2019-01-24,STRUCTURAL,COMPOSITE SCHEME OF ARRANGEMENT,2019-12-31,2020-01,True,484,49,0.42125385175951924,NSE_70B7FE697D9F,0.4142517435141251,NSE_6E385AB3FF62,49,49,4,False,0.42125385175951924,NSE_70B7FE697D9F,True,0.42125385175951924,NSE_70B7FE697D9F,True,0.43543452807483374,NSE_896195354D53,True,0.627472854380486,-0.4759284731774418,1.2650443630151078,1.2650443630151078,1.2650443630151078,1.2876440280306012,1.7409728361925496,1.7409728361925496,1.763572501208043,,,CANNOT_BOUND,True,,
CA_bc661c41f226f8cadf0f,NSE_F96D3907BEE7,IIFL,2019-05-30,STRUCTURAL,SCHEME OF ARRANGEMENT,2019-09-30,2019-10,True,486,49,0.33827428784302316,NSE_27ED7EAB3326,0.33024368365973866,NSE_9E788BED7AEF,49,49,4,False,0.33827428784302316,NSE_27ED7EAB3326,False,0.33827428784302316,NSE_27ED7EAB3326,False,0.34395517673943177,NSE_63BFA94D0485,False,0.5355140624203545,-0.5610744471459999,1.4990460227962004,1.4990460227962004,1.4990460227962004,1.5096543135864233,2.0601204699422,2.0601204699422,2.070728760732423,,,CANNOT_BOUND,True,,
CA_bc661c41f226f8cadf0f,NSE_F96D3907BEE7,IIFL,2019-05-30,STRUCTURAL,SCHEME OF ARRANGEMENT,2019-10-31,2019-11,True,489,49,0.4278894741652606,NSE_B0B59A3FBF07,0.4077272863268149,NSE_83A9DF85F983,49,50,2,True,0.4278894741652606,NSE_B0B59A3FBF07,False,0.4077272863268149,NSE_83A9DF85F983,False,0.4278894741652606,NSE_B0B59A3FBF07,False,0.6255681949644905,-0.5610744471459999,1.282548066955854,1.282548066955854,1.2503178672738033,1.282548066955854,1.8436225141018538,1.8113923144198032,1.8436225141018538,,,CANNOT_BOUND,True,,
CA_bc661c41f226f8cadf0f,NSE_F96D3907BEE7,IIFL,2019-05-30,STRUCTURAL,SCHEME OF ARRANGEMENT,2019-11-29,2019-12,True,490,49,0.42108643787851197,NSE_351E280578AE,0.41906756050848215,NSE_2A0ECB1CAF9E,50,50,3,True,0.41906756050848215,NSE_2A0ECB1CAF9E,False,0.41906756050848215,NSE_2A0ECB1CAF9E,False,0.42726488504723314,NSE_148E052CEC64,False,0.5579884657673371,-0.5610744471459999,1.546802532780415,1.5431843981882358,1.5431843981882358,1.557875247626276,2.1042588453342357,2.1042588453342357,2.118949694772276,,,CANNOT_BOUND,True,,
CA_bc661c41f226f8cadf0f,NSE_F96D3907BEE7,IIFL,2019-05-30,STRUCTURAL,SCHEME OF ARRANGEMENT,2019-12-31,2020-01,True,484,49,0.42125385175951924,NSE_70B7FE697D9F,0.4142517435141251,NSE_6E385AB3FF62,49,49,4,False,0.42125385175951924,NSE_70B7FE697D9F,False,0.42125385175951924,NSE_70B7FE697D9F,False,0.43543452807483374,NSE_896195354D53,False,0.7717313175054654,-0.5610744471459999,0.8416433537433239,0.8416433537433239,0.8416433537433239,0.8600185006288383,1.4027178008893237,1.4027178008893237,1.4210929477748382,,,CANNOT_BOUND,True,,
CA_bc661c41f226f8cadf0f,NSE_F96D3907BEE7,IIFL,2019-05-30,STRUCTURAL,SCHEME OF ARRANGEMENT,2020-01-31,2020-02,True,486,49,0.5054737386007715,NSE_655E7477BB5E,0.5010624237662866,NSE_B314BB60ABB8,49,49,3,False,0.5054737386007715,NSE_655E7477BB5E,False,0.5054737386007715,NSE_655E7477BB5E,False,0.5210758524340762,NSE_1CC155F94220,False,0.7522408453151802,-0.5610744471459999,1.001318790353634,1.001318790353634,1.001318790353634,1.0220596394187598,1.5623932374996339,1.5623932374996339,1.5831340865647596,,,CANNOT_BOUND,True,,
CA_bc661c41f226f8cadf0f,NSE_F96D3907BEE7,IIFL,2019-05-30,STRUCTURAL,SCHEME OF ARRANGEMENT,2020-02-28,2020-03,True,487,49,0.6270826054157406,NSE_3BA87308039E,0.6091794158553518,NSE_CA42918156CA,49,49,3,False,0.6270826054157406,NSE_3BA87308039E,False,0.6270826054157406,NSE_3BA87308039E,False,0.6339080985207266,NSE_969AA315029E,False,1.1614883196668626,-0.5610744471459999,0.4008600670925553,0.4008600670925553,0.4008600670925553,0.40673657311453915,0.9619345142385551,0.9619345142385551,0.967811020260539,,,CANNOT_BOUND,True,,
CA_bc661c41f226f8cadf0f,NSE_F96D3907BEE7,IIFL,2019-05-30,STRUCTURAL,SCHEME OF ARRANGEMENT,2020-03-31,2020-04,True,487,49,0.43414617798173327,NSE_DD6A0E2BA440,0.42237153546942663,NSE_7155254152AB,49,49,3,False,0.43414617798173327,NSE_DD6A0E2BA440,False,0.43414617798173327,NSE_DD6A0E2BA440,False,0.4412570264044775,NSE_499FFD70F55B,False,0.8651131775109621,-0.5610744471459999,0.6577555576114904,0.6577555576114904,0.6577555576114904,0.6659751161705256,1.2188300047574903,1.2188300047574903,1.2270495633165255,,,CANNOT_BOUND,True,,
CA_bc661c41f226f8cadf0f,NSE_F96D3907BEE7,IIFL,2019-05-30,STRUCTURAL,SCHEME OF ARRANGEMENT,2020-04-30,2020-05,True,491,50,0.13303702714511179,NSE_F0C8DB46A2B5,0.1242858539234648,NSE_015311D97283,50,50,3,False,0.13303702714511179,NSE_F0C8DB46A2B5,False,0.13303702714511179,NSE_F0C8DB46A2B5,False,0.13939310417007156,NSE_8407496D15F8,False,0.401137557210308,-0.5610744471459999,1.8245598218844519,1.8245598218844519,1.8245598218844519,1.840404952590145,2.3856342690304517,2.3856342690304517,2.4014793997361448,,,CANNOT_BOUND,True,,
CA_7c4b422d9b821ca69ce7,NSE_81E1BA306A07,AARTIIND,2019-07-03,STRUCTURAL,SCHEME OF DEMERGER,2019-12-31,2020-01,True,484,49,0.42125385175951924,NSE_70B7FE697D9F,0.4142517435141251,NSE_6E385AB3FF62,49,49,4,False,0.42125385175951924,NSE_70B7FE697D9F,False,0.42125385175951924,NSE_70B7FE697D9F,False,0.43543452807483374,NSE_896195354D53,True,1.2562890288946766,-0.06301847529597004,0.1313112023353289,0.1313112023353289,0.1313112023353289,0.14259895219953878,0.19432967763129894,0.19432967763129894,0.20561742749550882,,,CANNOT_BOUND,True,,
CA_7c4b422d9b821ca69ce7,NSE_81E1BA306A07,AARTIIND,2019-07-03,STRUCTURAL,SCHEME OF DEMERGER,2020-01-31,2020-02,True,486,49,0.5054737386007715,NSE_655E7477BB5E,0.5010624237662866,NSE_B314BB60ABB8,49,49,3,False,0.5054737386007715,NSE_655E7477BB5E,False,0.5054737386007715,NSE_655E7477BB5E,False,0.5210758524340762,NSE_1CC155F94220,False,1.0986200338502765,-0.06301847529597004,0.3703315907362583,0.3703315907362583,0.3703315907362583,0.38453314664510607,0.43335006603222836,0.43335006603222836,0.4475516219410761,,,CANNOT_BOUND,True,,
CA_7c4b422d9b821ca69ce7,NSE_81E1BA306A07,AARTIIND,2019-07-03,STRUCTURAL,SCHEME OF DEMERGER,2020-02-28,2020-03,True,487,49,0.6270826054157406,NSE_3BA87308039E,0.6091794158553518,NSE_CA42918156CA,49,49,3,False,0.6270826054157406,NSE_3BA87308039E,False,0.6270826054157406,NSE_3BA87308039E,False,0.6339080985207266,NSE_969AA315029E,True,1.5193829594761612,-0.06301847529597004,0.07088380534207861,0.07088380534207861,0.07088380534207861,0.07537608496283932,0.13390228063804865,0.13390228063804865,0.13839456025880936,,,CANNOT_BOUND,True,,
CA_7c4b422d9b821ca69ce7,NSE_81E1BA306A07,AARTIIND,2019-07-03,STRUCTURAL,SCHEME OF DEMERGER,2020-03-31,2020-04,True,487,49,0.43414617798173327,NSE_DD6A0E2BA440,0.42237153546942663,NSE_7155254152AB,49,49,3,False,0.43414617798173327,NSE_DD6A0E2BA440,True,0.43414617798173327,NSE_DD6A0E2BA440,True,0.4412570264044775,NSE_499FFD70F55B,False,1.32970401496476,-0.06301847529597004,0.078545422019908,0.078545422019908,0.078545422019908,0.08389311469641147,0.14156389731587804,0.14156389731587804,0.14691158999238152,,,CANNOT_BOUND,True,,
CA_7c4b422d9b821ca69ce7,NSE_81E1BA306A07,AARTIIND,2019-07-03,STRUCTURAL,SCHEME OF DEMERGER,2020-04-30,2020-05,True,491,50,0.13303702714511179,NSE_F0C8DB46A2B5,0.1242858539234648,NSE_015311D97283,50,50,3,False,0.13303702714511179,NSE_F0C8DB46A2B5,True,0.13303702714511179,NSE_F0C8DB46A2B5,True,0.13939310417007156,NSE_8407496D15F8,True,1.0155995660286716,-0.06301847529597004,0.11563362672126698,0.11563362672126698,0.11563362672126698,0.12189207467414875,0.17865210201723702,0.17865210201723702,0.1849105499701188,,,CANNOT_BOUND,True,,
CA_7c4b422d9b821ca69ce7,NSE_81E1BA306A07,AARTIIND,2019-07-03,STRUCTURAL,SCHEME OF DEMERGER,2020-05-29,2020-06,True,492,50,0.2636952476920891,NSE_18632E719904,0.2608104840302625,NSE_8407496D15F8,50,50,2,False,0.2636952476920891,NSE_18632E719904,False,0.2636952476920891,NSE_18632E719904,False,0.2781063483450916,NSE_85A771F24921,True,1.2676186657303685,-0.06301847529597004,-0.0030951090768444045,-0.0030951090768444045,-0.0030951090768444045,0.008273531226901332,0.05992336621912564,0.05992336621912564,0.07129200652287138,,,CANNOT_BOUND,True,,
CA_7c4b422d9b821ca69ce7,NSE_81E1BA306A07,AARTIIND,2019-07-03,STRUCTURAL,SCHEME OF DEMERGER,2020-06-30,2020-07,True,485,49,0.3469878756051781,NSE_BBC622D344B2,0.33073138261554647,NSE_F0C8DB46A2B5,49,49,4,False,0.3469878756051781,NSE_BBC622D344B2,True,0.3469878756051781,NSE_BBC622D344B2,True,0.367154440120427,NSE_B1D2A8B04E95,True,1.1799569570571888,-0.06301847529597004,0.14155678946507,0.14155678946507,0.14155678946507,0.15864772180343634,0.20457526476104004,0.20457526476104004,0.22166619709940638,,,CANNOT_BOUND,True,,
CA_4c8e2f9282e35bca8325,NSE_C941893EE311,TATACOMM,2019-09-17,STRUCTURAL,DEMERGER,2020-06-30,2020-07,True,485,49,0.3469878756051781,NSE_BBC622D344B2,0.33073138261554647,NSE_F0C8DB46A2B5,49,49,4,False,0.3469878756051781,NSE_BBC622D344B2,False,0.3469878756051781,NSE_BBC622D344B2,False,0.367154440120427,NSE_B1D2A8B04E95,False,1.1383260403479405,-0.1283838735912627,0.18330586129212856,0.18330586129212856,0.18330586129212856,0.20102184406019807,0.31168973488339125,0.31168973488339125,0.32940571765146076,,,CANNOT_BOUND,True,,
CA_4c8e2f9282e35bca8325,NSE_C941893EE311,TATACOMM,2019-09-17,STRUCTURAL,DEMERGER,2020-07-31,2020-08,True,486,49,0.4981405951593547,NSE_047E313EDDCF,0.4849385359671978,NSE_5E3364EF921A,49,49,3,False,0.4981405951593547,NSE_047E313EDDCF,False,0.4981405951593547,NSE_047E313EDDCF,False,0.5168060874185847,NSE_5D9BA58A585C,False,1.495859203104236,-0.1283838735912627,0.0015251382285073056,0.0015251382285073056,0.0015251382285073056,0.014003245941114795,0.12990901181977,0.12990901181977,0.14238711953237748,,,CANNOT_BOUND,True,,
CA_4c8e2f9282e35bca8325,NSE_C941893EE311,TATACOMM,2019-09-17,STRUCTURAL,DEMERGER,2020-08-31,2020-09,True,491,50,0.6087797467011449,NSE_11DA18056321,0.5999134948096867,NSE_BD4742D366FC,50,50,2,False,0.6087797467011449,NSE_11DA18056321,False,0.6087797467011449,NSE_11DA18056321,False,0.614292612823903,NSE_790EA781FCF2,False,2.025459877366036,-0.1283838735912627,-0.20572124647897416,-0.20572124647897416,-0.20572124647897416,-0.2029994615725621,-0.07733737288771148,-0.07733737288771148,-0.07461558798129941,,,CANNOT_BOUND,True,,
CA_93e91333c57773c4c322,NSE_FE37750EBD83,ABB,2019-12-20,STRUCTURAL,DEMERGER,2020-06-30,2020-07,True,485,49,0.3469878756051781,NSE_BBC622D344B2,0.33073138261554647,NSE_F0C8DB46A2B5,49,49,4,False,0.3469878756051781,NSE_BBC622D344B2,False,0.3469878756051781,NSE_BBC622D344B2,False,0.367154440120427,NSE_B1D2A8B04E95,False,0.5231850380534485,-0.11227379472302812,1.5745917364471151,1.5745917364471151,1.5745917364471151,1.6131374956880142,1.6868655311701433,1.6868655311701433,1.7254112904110424,,,CANNOT_BOUND,True,,
CA_93e91333c57773c4c322,NSE_FE37750EBD83,ABB,2019-12-20,STRUCTURAL,DEMERGER,2020-07-31,2020-08,True,486,49,0.4981405951593547,NSE_047E313EDDCF,0.4849385359671978,NSE_5E3364EF921A,49,49,3,False,0.4981405951593547,NSE_047E313EDDCF,False,0.4981405951593547,NSE_047E313EDDCF,False,0.5168060874185847,NSE_5D9BA58A585C,False,0.7777716134448787,-0.11227379472302812,0.9261960314080417,0.9261960314080417,0.9261960314080417,0.950194711658864,1.0384698261310699,1.0384698261310699,1.0624685063818922,,,CANNOT_BOUND,True,,
CA_93e91333c57773c4c322,NSE_FE37750EBD83,ABB,2019-12-20,STRUCTURAL,DEMERGER,2020-08-31,2020-09,True,491,50,0.6087797467011449,NSE_11DA18056321,0.5999134948096867,NSE_BD4742D366FC,50,50,2,False,0.6087797467011449,NSE_11DA18056321,False,0.6087797467011449,NSE_11DA18056321,False,0.614292612823903,NSE_790EA781FCF2,False,0.7572037974971302,-0.11227379472302812,1.1246324331954267,1.1246324331954267,1.1246324331954267,1.1319129911389822,1.2369062279184548,1.2369062279184548,1.2441867858620104,,,CANNOT_BOUND,True,,
CA_93e91333c57773c4c322,NSE_FE37750EBD83,ABB,2019-12-20,STRUCTURAL,DEMERGER,2020-09-30,2020-10,True,489,49,0.6871495851087686,NSE_9DA2E7FA6B2C,0.6748377579948996,NSE_2E66C97CA5FA,49,50,2,True,0.6871495851087686,NSE_9DA2E7FA6B2C,False,0.6748377579948996,NSE_2E66C97CA5FA,False,0.6871495851087686,NSE_9DA2E7FA6B2C,False,0.7105089350450321,-0.11227379472302812,1.3745649095909496,1.3745649095909496,1.3572367290338838,1.3745649095909496,1.4868387043139777,1.469510523756912,1.4868387043139777,,,CANNOT_BOUND,True,,
CA_93e91333c57773c4c322,NSE_FE37750EBD83,ABB,2019-12-20,STRUCTURAL,DEMERGER,2020-10-30,2020-11,True,492,50,0.6288508123651553,NSE_F2F6AF4ED925,0.6173913043478279,NSE_CA42918156CA,50,50,2,False,0.6288508123651553,NSE_F2F6AF4ED925,False,0.6288508123651553,NSE_F2F6AF4ED925,False,0.6470125347619275,NSE_BD367B35C4B6,False,0.6673072369686716,-0.11227379472302812,1.440930836842739,1.440930836842739,1.440930836842739,1.4681472693802822,1.553204631565767,1.553204631565767,1.5804210641033103,,,CANNOT_BOUND,True,,
CA_93e91333c57773c4c322,NSE_FE37750EBD83,ABB,2019-12-20,STRUCTURAL,DEMERGER,2020-11-27,2020-12,True,492,50,0.6196636481241937,NSE_329ABD1F5CCD,0.6126292646932481,NSE_AA00EC8A4A3D,50,50,2,False,0.6196636481241937,NSE_329ABD1F5CCD,False,0.6196636481241937,NSE_329ABD1F5CCD,False,0.6225688031072485,NSE_896195354D53,False,0.699035688371819,-0.11227379472302812,1.316997079071434,1.316997079071434,1.316997079071434,1.3211530256581119,1.4292708737944622,1.4292708737944622,1.43342682038114,,,CANNOT_BOUND,True,,
CA_a16871c5bd0f20ab80ae,NSE_806E57D11FFC,TATACHEM,2020-03-04,STRUCTURAL,DEMERGER,2020-09-30,2020-10,True,489,49,0.6871495851087686,NSE_9DA2E7FA6B2C,0.6748377579948996,NSE_2E66C97CA5FA,49,50,2,True,0.6871495851087686,NSE_9DA2E7FA6B2C,True,0.6748377579948996,NSE_2E66C97CA5FA,False,0.6871495851087686,NSE_9DA2E7FA6B2C,True,1.7546986881546953,-0.6869047619047619,-0.03849612671504521,-0.03849612671504521,-0.045512617464700034,-0.03849612671504521,0.6484086351897167,0.6413921444400619,0.6484086351897167,,,CANNOT_BOUND,True,,
CA_a16871c5bd0f20ab80ae,NSE_806E57D11FFC,TATACHEM,2020-03-04,STRUCTURAL,DEMERGER,2020-10-30,2020-11,True,492,50,0.6288508123651553,NSE_F2F6AF4ED925,0.6173913043478279,NSE_CA42918156CA,50,50,2,False,0.6288508123651553,NSE_F2F6AF4ED925,True,0.6288508123651553,NSE_F2F6AF4ED925,True,0.6470125347619275,NSE_BD367B35C4B6,True,1.5801517438183441,-0.6869047619047619,0.030819235391363664,0.030819235391363664,0.030819235391363664,0.04231289254664761,0.7177239972961256,0.7177239972961256,0.7292176544514095,,,CANNOT_BOUND,True,,
CA_a16871c5bd0f20ab80ae,NSE_806E57D11FFC,TATACHEM,2020-03-04,STRUCTURAL,DEMERGER,2020-11-27,2020-12,True,492,50,0.6196636481241937,NSE_329ABD1F5CCD,0.6126292646932481,NSE_AA00EC8A4A3D,50,50,2,False,0.6196636481241937,NSE_329ABD1F5CCD,False,0.6196636481241937,NSE_329ABD1F5CCD,False,0.6225688031072485,NSE_896195354D53,True,1.574831584347467,-0.6869047619047619,0.028467846481059045,0.028467846481059045,0.028467846481059045,0.030312586586559664,0.715372608385821,0.715372608385821,0.7172173484913216,,,CANNOT_BOUND,True,,
CA_a16871c5bd0f20ab80ae,NSE_806E57D11FFC,TATACHEM,2020-03-04,STRUCTURAL,DEMERGER,2020-12-31,2021-01,True,495,50,0.7404047796894013,NSE_1B08C46FE83D,0.7356911053377442,NSE_B6937CCD326A,50,50,1,False,0.7404047796894013,NSE_1B08C46FE83D,False,0.7404047796894013,NSE_1B08C46FE83D,False,0.7404047796894013,NSE_1B08C46FE83D,False,1.9437341164832265,-0.6869047619047619,-0.10460758756537458,-0.10460758756537458,-0.10460758756537458,-0.10460758756537458,0.5822971743393873,0.5822971743393873,0.5822971743393873,,,CANNOT_BOUND,True,,
CA_a16871c5bd0f20ab80ae,NSE_806E57D11FFC,TATACHEM,2020-03-04,STRUCTURAL,DEMERGER,2021-01-29,2021-02,True,496,50,0.7220779220779248,NSE_BC781E1A1FE3,0.6971655911477783,NSE_66EF9E74F5E3,50,50,1,False,0.7220779220779248,NSE_BC781E1A1FE3,True,0.7220779220779248,NSE_BC781E1A1FE3,True,0.7220779220779248,NSE_BC781E1A1FE3,True,2.101637413786451,-0.6869047619047619,-0.1806017961131966,-0.1806017961131966,-0.1806017961131966,-0.1806017961131966,0.5063029657915653,0.5063029657915653,0.5063029657915653,,,CANNOT_BOUND,True,,
CA_a16871c5bd0f20ab80ae,NSE_806E57D11FFC,TATACHEM,2020-03-04,STRUCTURAL,DEMERGER,2021-02-26,2021-03,True,497,50,0.8374292093734759,NSE_C2B697FEC9E7,0.8277195274432936,NSE_D3E18AD37B1B,50,50,1,False,0.8374292093734759,NSE_C2B697FEC9E7,True,0.8374292093734759,NSE_C2B697FEC9E7,True,0.8374292093734759,NSE_C2B697FEC9E7,True,2.201408091080575,-0.6869047619047619,-0.16533912234711456,-0.16533912234711456,-0.16533912234711456,-0.16533912234711456,0.5215656395576473,0.5215656395576473,0.5215656395576473,,,CANNOT_BOUND,True,,
CA_f55fe4c7dbe1fe161025,NSE_9A2A839DC6BD,TANLA,2020-06-09,BUYBACK,BUYBACK,2021-03-31,2021-04,True,490,49,2.248430684430587,NSE_D63E80751915,2.247058823529419,NSE_0BA72B875543,50,50,1,True,2.247058823529419,NSE_0BA72B875543,False,2.247058823529419,NSE_0BA72B875543,False,2.247058823529419,NSE_0BA72B875543,False,17.786479080844575,0.04442825928623417,-0.8173651643101734,-0.8174422937349984,-0.8174422937349984,-0.8174422937349984,-0.8618705530212326,-0.8618705530212326,-0.8618705530212326,,,CANNOT_BOUND,True,,
CA_f55fe4c7dbe1fe161025,NSE_9A2A839DC6BD,TANLA,2020-06-09,BUYBACK,BUYBACK,2021-04-30,2021-05,True,489,49,1.8196166854565892,NSE_E6FA1070E643,1.8088117035211022,NSE_4F03492E4C4E,49,49,1,False,1.8196166854565892,NSE_E6FA1070E643,True,1.8196166854565892,NSE_E6FA1070E643,True,1.8196166854565892,NSE_E6FA1070E643,True,11.627964146577456,0.04442825928623417,-0.7575141572580005,-0.7575141572580005,-0.7575141572580005,-0.7575141572580005,-0.8019424165442347,-0.8019424165442347,-0.8019424165442347,,,CANNOT_BOUND,True,,
CA_f55fe4c7dbe1fe161025,NSE_9A2A839DC6BD,TANLA,2020-06-09,BUYBACK,BUYBACK,2021-05-31,2021-06,True,489,49,2.0997828617428786,NSE_E7891F352261,2.0679733011364436,NSE_4F03492E4C4E,49,49,1,False,2.0997828617428786,NSE_E7891F352261,True,2.0997828617428786,NSE_E7891F352261,True,2.0997828617428786,NSE_E7891F352261,True,12.372968805661888,0.04442825928623417,-0.7494713750248514,-0.7494713750248514,-0.7494713750248514,-0.7494713750248514,-0.7938996343110856,-0.7938996343110856,-0.7938996343110856,,,CANNOT_BOUND,True,,
CA_579830341255203fac84,NSE_7E9F9084BD7D,JUBLPHARMA,2021-02-04,STRUCTURAL,DEMERGER,2021-09-30,2021-10,True,480,48,1.7160493827160463,NSE_312A70D05395,1.7025051712493058,NSE_AA00EC8A4A3D,49,49,1,True,1.7025051712493058,NSE_AA00EC8A4A3D,True,1.7025051712493058,NSE_AA00EC8A4A3D,True,1.7025051712493058,NSE_AA00EC8A4A3D,True,1.0590592854290986,-0.1366389948395782,1.564586723410471,1.5517978156948344,1.5517978156948344,1.5517978156948344,1.6884368105344127,1.6884368105344127,1.6884368105344127,,,CANNOT_BOUND,True,,
CA_579830341255203fac84,NSE_7E9F9084BD7D,JUBLPHARMA,2021-02-04,STRUCTURAL,DEMERGER,2021-10-29,2021-11,True,485,49,1.8899388015529963,NSE_03C46C5018D2,1.881566210390989,NSE_321E52290F1B,49,49,1,False,1.8899388015529963,NSE_03C46C5018D2,False,1.8899388015529963,NSE_03C46C5018D2,False,1.8899388015529963,NSE_03C46C5018D2,False,0.9991693985543862,-0.1366389948395782,1.8923411843219022,1.8923411843219022,1.8923411843219022,1.8923411843219022,2.0289801791614805,2.0289801791614805,2.0289801791614805,,,CANNOT_BOUND,True,,
CA_579830341255203fac84,NSE_7E9F9084BD7D,JUBLPHARMA,2021-02-04,STRUCTURAL,DEMERGER,2021-11-30,2021-12,True,487,49,1.5023444922025786,NSE_8EE3E878FAE5,1.4909759067686585,NSE_EB6FFADD9772,49,49,1,False,1.5023444922025786,NSE_8EE3E878FAE5,True,1.5023444922025786,NSE_8EE3E878FAE5,True,1.5023444922025786,NSE_8EE3E878FAE5,True,0.9623911482214209,-0.1366389948395782,1.6001324896089493,1.6001324896089493,1.6001324896089493,1.6001324896089493,1.7367714844485276,1.7367714844485276,1.7367714844485276,,,CANNOT_BOUND,True,,
CA_579830341255203fac84,NSE_7E9F9084BD7D,JUBLPHARMA,2021-02-04,STRUCTURAL,DEMERGER,2021-12-31,2022-01,True,488,49,1.27254725300189,NSE_A0B6C42B481E,1.2725328010081536,NSE_48390A9F12CC,49,49,1,False,1.27254725300189,NSE_A0B6C42B481E,True,1.27254725300189,NSE_A0B6C42B481E,True,1.27254725300189,NSE_A0B6C42B481E,True,0.8064805907803166,-0.1366389948395782,1.8178573408729761,1.8178573408729761,1.8178573408729761,1.8178573408729761,1.9544963357125544,1.9544963357125544,1.9544963357125544,,,CANNOT_BOUND,True,,
CA_579830341255203fac84,NSE_7E9F9084BD7D,JUBLPHARMA,2021-02-04,STRUCTURAL,DEMERGER,2022-01-31,2022-02,True,489,49,1.2728508512226315,NSE_5E0EA36A1031,1.2691095261461718,NSE_0C54BB903E03,49,49,1,False,1.2728508512226315,NSE_5E0EA36A1031,False,1.2728508512226315,NSE_5E0EA36A1031,False,1.2728508512226315,NSE_5E0EA36A1031,False,0.7680108832572901,-0.1366389948395782,1.9593992751548126,1.9593992751548126,1.9593992751548126,1.9593992751548126,2.096038269994391,2.096038269994391,2.096038269994391,,,CANNOT_BOUND,True,,
CA_426563cd086ccfc19532,NSE_108254EF6AA4,MOTHERSON,2022-01-14,STRUCTURAL,DEMERGER,2022-09-30,2022-10,True,480,48,0.588143525741031,NSE_D12898B9CF83,0.5774999526252722,NSE_740B7EE9CB08,49,49,1,True,0.5774999526252722,NSE_740B7EE9CB08,True,0.5774999526252722,NSE_740B7EE9CB08,True,0.5774999526252722,NSE_740B7EE9CB08,True,0.6802326387095716,-0.19614867890729937,1.3347064450682673,1.3190594847342996,1.3190594847342996,1.3190594847342996,1.5152081636415988,1.5152081636415988,1.5152081636415988,,,CANNOT_BOUND,True,,
CA_426563cd086ccfc19532,NSE_108254EF6AA4,MOTHERSON,2022-01-14,STRUCTURAL,DEMERGER,2022-10-31,2022-11,True,480,48,0.48729020070645124,NSE_DE05FB2F7DD8,0.4842735889630636,NSE_502982CDBAAD,49,49,1,True,0.4842735889630636,NSE_502982CDBAAD,True,0.4842735889630636,NSE_502982CDBAAD,True,0.4842735889630636,NSE_502982CDBAAD,True,0.6100480847662302,-0.19614867890729937,1.4379884763942492,1.433043601033246,1.433043601033246,1.433043601033246,1.6291922799405452,1.6291922799405452,1.6291922799405452,,,CANNOT_BOUND,True,,
CA_426563cd086ccfc19532,NSE_108254EF6AA4,MOTHERSON,2022-01-14,STRUCTURAL,DEMERGER,2022-11-30,2022-12,True,486,49,0.5287099179716637,NSE_3AF2F9101694,0.5117201618801286,NSE_9CD0408E0E4C,49,49,1,False,0.5287099179716637,NSE_3AF2F9101694,True,0.5287099179716637,NSE_3AF2F9101694,True,0.5287099179716637,NSE_3AF2F9101694,True,0.5765804718242652,-0.19614867890729937,1.6513383520168823,1.6513383520168823,1.6513383520168823,1.6513383520168823,1.8474870309241815,1.8474870309241815,1.8474870309241815,,,CANNOT_BOUND,True,,
CA_426563cd086ccfc19532,NSE_108254EF6AA4,MOTHERSON,2022-01-14,STRUCTURAL,DEMERGER,2022-12-30,2023-01,True,487,49,0.5454677961951313,NSE_814CFF18D3B4,0.5444385311335811,NSE_3C7096E039C1,49,49,2,False,0.5454677961951313,NSE_814CFF18D3B4,True,0.5454677961951313,NSE_814CFF18D3B4,True,0.5471146822498174,NSE_3AF2F9101694,True,0.6279595391135137,-0.19614867890729937,1.4610945450034216,1.4610945450034216,1.4610945450034216,1.463717143996043,1.6572432239107209,1.6572432239107209,1.6598658229033423,,,CANNOT_BOUND,True,,
CA_10d544d633d683f23dca,NSE_873E06A5291B,BEML,2022-09-08,STRUCTURAL,DEMERGER,2022-12-30,2023-01,True,487,49,0.5454677961951313,NSE_814CFF18D3B4,0.5444385311335811,NSE_3C7096E039C1,49,49,2,False,0.5454677961951313,NSE_814CFF18D3B4,False,0.5454677961951313,NSE_814CFF18D3B4,False,0.5471146822498174,NSE_3AF2F9101694,False,1.1167639014519062,-0.19466325928316242,0.38388050883975255,0.38388050883975255,0.38388050883975255,0.3853552037618799,0.578543768122915,0.578543768122915,0.5800184630450423,,,CANNOT_BOUND,True,,
CA_10d544d633d683f23dca,NSE_873E06A5291B,BEML,2022-09-08,STRUCTURAL,DEMERGER,2023-01-31,2023-02,True,488,49,0.48071689053458266,NSE_981D18E0A068,0.47966628057077276,NSE_1BD67E329F69,49,49,1,False,0.48071689053458266,NSE_981D18E0A068,True,0.48071689053458266,NSE_981D18E0A068,True,0.48071689053458266,NSE_981D18E0A068,True,1.0092784688677647,-0.19466325928316242,0.4671044079595694,0.4671044079595694,0.4671044079595694,0.4671044079595694,0.6617676672427318,0.6617676672427318,0.6617676672427318,,,CANNOT_BOUND,True,,
CA_10d544d633d683f23dca,NSE_873E06A5291B,BEML,2022-09-08,STRUCTURAL,DEMERGER,2023-02-28,2023-03,True,490,49,0.574468085106383,NSE_91BD03BB23F6,0.5714962459152912,NSE_D738174DF89D,50,50,1,True,0.5714962459152912,NSE_D738174DF89D,True,0.5714962459152912,NSE_D738174DF89D,True,0.5714962459152912,NSE_D738174DF89D,True,1.232022961015832,-0.19466325928316242,0.2779535243468165,0.27554136216711056,0.27554136216711056,0.27554136216711056,0.470204621450273,0.470204621450273,0.470204621450273,,,CANNOT_BOUND,True,,
