symbol,company,series,face_value,purpose,ex_date,record_date,book_closure_start,book_closure_end,payment_date,remarks,source_file,source,purpose_normalized,is_dividend,is_bonus,is_split,is_consolidation,is_rights,is_structural,is_buyback,is_capital_reduction,is_meeting,is_interest,is_redemption,primary_class,dividend_amount,ratio_a,ratio_b,old_face_value_parsed,new_face_value_parsed,economic_event_count,multiple_event_types,needs_manual_review,repair_status,repair_reason,security_id,identity_match_method,is_nifty500_member_on_ex_date
TATASTLBSL,Tata Steel Bsl Limited,EQ,2.0,Right Issue 1:15 @ Premium Of Rs 333 Per Share,2013-01-15,2013-01-16,,,,,corporate_actions_20130101_20130131.json,NSE corporate actions API,RIGHT ISSUE 1:15 @ PREMIUM OF RS 333 PER SHARE,False,False,False,False,True,False,False,False,False,False,False,RIGHTS,,1.0,15.0,,,1,False,False,UNCHANGED,,NSE_8212B1829EDC,UNIQUE_SYMBOL_HISTORY,False
BAJFINANCE,Bajaj Finance Limited,EQ,1.0,Rights 3:19 @ Premium Rs 1090 Per Share,2013-01-23,2013-01-25,,,,,corporate_actions_20130101_20130131.json,NSE corporate actions API,RIGHTS 3:19 @ PREMIUM RS 1090 PER SHARE,False,False,False,False,True,False,False,False,False,False,False,RIGHTS,,3.0,19.0,,,1,False,False,UNCHANGED,,NSE_509E811DE5D8,ACTIVE_DATE_MATCH,False
20MICRONS,20 Microns Limited,EQ,5.0,Face Value Split Rs 10 To Rs 5,2013-01-28,2013-01-29,,,,,corporate_actions_20130101_20130131.json,NSE corporate actions API,FACE VALUE SPLIT RS 10 TO RS 5,False,False,True,False,False,False,False,False,False,False,False,SPLIT,,,,,,1,False,True,UNCHANGED,,NSE_23626880CE03,ACTIVE_DATE_MATCH,False
SANDESH,The Sandesh Limited,EQ,10.0,Buyback- Tender Offer,2013-01-31,2013-02-01,,,,,corporate_actions_20130101_20130131.json,NSE corporate actions API,BUYBACK- TENDER OFFER,False,False,False,False,False,False,True,False,False,False,False,BUYBACK,,,,,,1,False,False,UNCHANGED,,NSE_BE55CCA75701,ACTIVE_DATE_MATCH,False
ALOKTEXT,Alok Industries Limited,EQ,10.0,Rights - 2:3@ Par Rs 10 Per Share,2013-02-15,2013-02-19,,,,,corporate_actions_20130201_20130228.json,NSE corporate actions API,RIGHTS - 2:3@ PAR RS 10 PER SHARE,False,False,False,False,True,False,False,False,False,False,False,RIGHTS,,2.0,3.0,,,1,False,False,UNCHANGED,,NSE_F9F670EF6794,ACTIVE_DATE_MATCH,False
M&MFIN,Mahindra & Mahindra Financial Services Limited,EQ,2.0,Face Value Split Rs 10 To Rs 2,2013-02-15,2013-02-18,,,,,corporate_actions_20130201_20130228.json,NSE corporate actions API,FACE VALUE SPLIT RS 10 TO RS 2,False,False,True,False,False,False,False,False,False,False,False,SPLIT,,,,,,1,False,True,UNCHANGED,,NSE_57BCD151AF77,ACTIVE_DATE_MATCH,False
BOSCH-HCIL,BOSCH HOME COMFORT INDIA LIMITED,EQ,10.0,Rights 1:5 @ Premium Rs.120 Per Share,2013-03-05,2013-03-06,,,,,corporate_actions_20130301_20130331.json,NSE corporate actions API,RIGHTS 1:5 @ PREMIUM RS.120 PER SHARE,False,False,False,False,True,False,False,False,False,False,False,RIGHTS,,1.0,5.0,,,1,False,False,UNCHANGED,,,NO_OBSERVED_SYMBOL,False
ORIENTPPR,Orient Paper & Industries Limited,EQ,1.0,Scheme Of Arrangement,2013-03-07,2013-03-09,,,,,corporate_actions_20130301_20130331.json,NSE corporate actions API,SCHEME OF ARRANGEMENT,False,False,False,False,False,True,False,False,False,False,False,STRUCTURAL,,,,,,1,False,True,UNCHANGED,,NSE_D264BCACFEAD,ACTIVE_DATE_MATCH,False
STAN,Standard Chartered PLC,DR,,Dividend,2013-03-14,2013-03-15,,,,,corporate_actions_20130301_20130331.json,NSE corporate actions API,DIVIDEND,True,False,False,False,False,False,False,False,False,False,False,DIVIDEND,,,,,,1,False,True,UNCHANGED,,,NO_OBSERVED_SYMBOL,False
PARRYSUGAR,Parrys Sugar Industries Limited,EQ,10.0,Scheme Of Arrangement,2013-03-21,2013-03-22,,,,,corporate_actions_20130301_20130331.json,NSE corporate actions API,SCHEME OF ARRANGEMENT,False,False,False,False,False,True,False,False,False,False,False,STRUCTURAL,,,,,,1,False,True,UNCHANGED,,NSE_994D498FBB34,ACTIVE_DATE_MATCH,False
RASOYPR,Rasoya Proteins Limited,EQ,1.0,Bonus 2:1 / Face Value Split From Rs. 5/- To Re. 1/-,2013-03-21,2013-03-22,,,,,corporate_actions_20130301_20130331.json,NSE corporate actions API,BONUS 2:1 / FACE VALUE SPLIT FROM RS. 5/- TO RE. 1/-,False,True,True,False,False,False,False,False,False,False,False,SPLIT,,2.0,1.0,5.0,1.0,2,True,True,UNCHANGED,,NSE_7110B3E95EA1,ACTIVE_DATE_MATCH,False
WIPRO,Wipro Limited,EQ,2.0,Scheme Of Arrangement,2013-04-09,2013-04-11,,,,,corporate_actions_20130401_20130430.json,NSE corporate actions API,SCHEME OF ARRANGEMENT,False,False,False,False,False,True,False,False,False,False,False,STRUCTURAL,,,,,,1,False,True,UNCHANGED,,NSE_060294DF8B9D,ACTIVE_DATE_MATCH,False
FEL,Future Enterprises Limited,EQ,2.0,Scheme Of Arrangement,2013-04-17,2013-04-18,,,,,corporate_actions_20130401_20130430.json,NSE corporate actions API,SCHEME OF ARRANGEMENT,False,False,False,False,False,True,False,False,False,False,False,STRUCTURAL,,,,,,1,False,True,UNCHANGED,,NSE_EF0E9934D1DE,UNIQUE_SYMBOL_HISTORY,False
FELDVR,Future Enterprises Limited,EQ,2.0,Scheme Of Arrangement,2013-04-17,2013-04-18,,,,,corporate_actions_20130401_20130430.json,NSE corporate actions API,SCHEME OF ARRANGEMENT,False,False,False,False,False,True,False,False,False,False,False,STRUCTURAL,,,,,,1,False,True,UNCHANGED,,NSE_FEB436988103,UNIQUE_SYMBOL_HISTORY,False
KESORAMIND,Kesoram Industries Limited,EQ,10.0,Rights 7:5@Premium Rs.55 Per Share/Annual General Meeting / Dividend Re.1/- Per Equity Share (Purpose Revised),2013-05-15,2013-05-16,,,,,corporate_actions_20130501_20130531.json,NSE corporate actions API,RIGHTS 7:5@PREMIUM RS.55 PER SHARE/ANNUAL GENERAL MEETING / DIVIDEND RE.1/- PER EQUITY SHARE (PURPOSE REVISED),True,False,False,False,True,False,False,False,True,False,False,RIGHTS,55.0,7.0,5.0,,,2,True,True,UNCHANGED,,NSE_4723627B4BA6,ACTIVE_DATE_MATCH,False
FEL,Future Enterprises Limited,EQ,2.0,Scheme Of Arrangement,2013-06-21,2013-06-24,,,,,corporate_actions_20130601_20130630.json,NSE corporate actions API,SCHEME OF ARRANGEMENT,False,False,False,False,False,True,False,False,False,False,False,STRUCTURAL,,,,,,1,False,True,UNCHANGED,,NSE_EF0E9934D1DE,UNIQUE_SYMBOL_HISTORY,False
FELDVR,Future Enterprises Limited,EQ,2.0,Scheme Of Arrangement,2013-06-21,2013-06-24,,,,,corporate_actions_20130601_20130630.json,NSE corporate actions API,SCHEME OF ARRANGEMENT,False,False,False,False,False,True,False,False,False,False,False,STRUCTURAL,,,,,,1,False,True,UNCHANGED,,NSE_FEB436988103,UNIQUE_SYMBOL_HISTORY,False
EMAMILTD,Emami Limited,EQ,1.0,Bonus 1:2 And Dividend Rs.8/- Per Share,2013-06-26,2013-06-27,,,,,corporate_actions_20130601_20130630.json,NSE corporate actions API,BONUS 1:2 AND DIVIDEND RS.8/- PER SHARE,True,True,False,False,False,False,False,False,False,False,False,BONUS,8.0,1.0,2.0,,,2,True,True,UNCHANGED,,NSE_AF3172BFD228,ACTIVE_DATE_MATCH,False
ASHOKA,Ashoka Buildcon Limited,EQ,5.0,Bonus 1:2 And Face Value Split Rs.10/- To Rs.5/-,2013-07-03,2013-07-04,,,,,corporate_actions_20130701_20130731.json,NSE corporate actions API,BONUS 1:2 AND FACE VALUE SPLIT RS.10/- TO RS.5/-,False,True,True,False,False,False,False,False,False,False,False,SPLIT,,1.0,2.0,10.0,5.0,2,True,True,REPARSED,Parsed dotted face values when the phrase omits the word 'from'.,NSE_7271BD099C26,ACTIVE_DATE_MATCH,False
SHILPAMED,Shilpa Medicare Limited,EQ,1.0,Annual General Meeting / Dividend - Rs 1.30/- Per Share / Bonus 1:2,2013-07-16,,2013-07-18,2013-07-19,,,corporate_actions_20130701_20130731.json,NSE corporate actions API,ANNUAL GENERAL MEETING / DIVIDEND - RS 1.30/- PER SHARE / BONUS 1:2,True,True,False,False,False,False,False,False,True,False,False,BONUS,1.3,1.0,2.0,,,2,True,True,UNCHANGED,,NSE_66EF9E74F5E3,ACTIVE_DATE_MATCH,False
JINDALPOLY,Jindal Poly Films Limited,EQ,10.0,Scheme Of Demerger,2013-07-17,2013-07-18,,,,,corporate_actions_20130701_20130731.json,NSE corporate actions API,SCHEME OF DEMERGER,False,False,False,False,False,True,False,False,False,False,False,STRUCTURAL,,,,,,1,False,True,UNCHANGED,,NSE_3E5680388E4E,ACTIVE_DATE_MATCH,False
CENTURYPLY,Century Plyboards (India) Limited,EQ,1.0,Scheme Of Arrangement,2013-07-18,2013-07-19,,,,,corporate_actions_20130701_20130731.json,NSE corporate actions API,SCHEME OF ARRANGEMENT,False,False,False,False,False,True,False,False,False,False,False,STRUCTURAL,,,,,,1,False,True,UNCHANGED,,NSE_0C54BB903E03,ACTIVE_DATE_MATCH,False
RELMEDIA,Reliance MediaWorks Limited,EQ,5.0,Rights 13:4 @ Premium Rs.35 Per Share,2013-07-23,2013-07-24,,,,,corporate_actions_20130701_20130731.json,NSE corporate actions API,RIGHTS 13:4 @ PREMIUM RS.35 PER SHARE,False,False,False,False,True,False,False,False,False,False,False,RIGHTS,,13.0,4.0,,,1,False,False,UNCHANGED,,NSE_C86EC9F51A86,ACTIVE_DATE_MATCH,False
ASAHIINDIA,Asahi India Glass Limited,EQ,1.0,Rights 13:25 @ Premium Rs 29/- Per Share,2013-07-26,,2013-07-30,2013-07-30,,,corporate_actions_20130701_20130731.json,NSE corporate actions API,RIGHTS 13:25 @ PREMIUM RS 29/- PER SHARE,False,False,False,False,True,False,False,False,False,False,False,RIGHTS,,13.0,25.0,,,1,False,False,UNCHANGED,,NSE_502982CDBAAD,ACTIVE_DATE_MATCH,False
ASIANPAINT,Asian Paints Limited,EQ,1.0,Face Value Split Rs 10 To Re 1,2013-07-30,2013-07-31,,,,,corporate_actions_20130701_20130731.json,NSE corporate actions API,FACE VALUE SPLIT RS 10 TO RE 1,False,False,True,False,False,False,False,False,False,False,False,SPLIT,,,,,,1,False,True,UNCHANGED,,NSE_18632E719904,ACTIVE_DATE_MATCH,False
KOKUYOCMLN,Kokuyo Camlin Limited,EQ,1.0,Rights 14:29 @ Premium Rs.32/- Per Share,2013-08-01,2013-08-02,,,,,corporate_actions_20130801_20130831.json,NSE corporate actions API,RIGHTS 14:29 @ PREMIUM RS.32/- PER SHARE,False,False,False,False,True,False,False,False,False,False,False,RIGHTS,,14.0,29.0,,,1,False,False,UNCHANGED,,NSE_8C2153D5AAED,ACTIVE_DATE_MATCH,False
STAN,Standard Chartered PLC,DR,,Interim Dividend,2013-08-14,2013-08-16,,,,,corporate_actions_20130801_20130831.json,NSE corporate actions API,INTERIM DIVIDEND,True,False,False,False,False,False,False,False,False,False,False,DIVIDEND,,,,,,1,False,True,UNCHANGED,,,NO_OBSERVED_SYMBOL,False
CCL,CCL Products (India) Limited,EQ,2.0,Bonus 1:1 And Face Value Split From Rs.10/- To Rs.2/-,2013-08-19,2013-08-20,,,,,corporate_actions_20130801_20130831.json,NSE corporate actions API,BONUS 1:1 AND FACE VALUE SPLIT FROM RS.10/- TO RS.2/-,False,True,True,False,False,False,False,False,False,False,False,SPLIT,,1.0,1.0,10.0,2.0,2,True,True,UNCHANGED,,NSE_4CD9919938EF,ACTIVE_DATE_MATCH,False
GODREJPROP,Godrej Properties Limited,EQ,5.0,Rights 8:29 @ Premium Rs.315/- Per Equity Share,2013-08-19,2013-08-20,,,,,corporate_actions_20130801_20130831.json,NSE corporate actions API,RIGHTS 8:29 @ PREMIUM RS.315/- PER EQUITY SHARE,False,False,False,False,True,False,False,False,False,False,False,RIGHTS,,8.0,29.0,,,1,False,False,UNCHANGED,,NSE_E5CCB4E0101D,ACTIVE_DATE_MATCH,False
UNIENTER,Uniphos Enterprises Limited,EQ,2.0,Rights 173:100 @ Premium Rs.15/- Per Share,2013-09-18,2013-09-19,,,,,corporate_actions_20130901_20130930.json,NSE corporate actions API,RIGHTS 173:100 @ PREMIUM RS.15/- PER SHARE,False,False,False,False,True,False,False,False,False,False,False,RIGHTS,,173.0,100.0,,,1,False,False,UNCHANGED,,NSE_88000CE98449,ACTIVE_DATE_MATCH,False
MARICO,Marico Limited,EQ,1.0,Scheme Of Arrangement And First Interim Dividend,2013-11-01,2013-11-05,,,,,corporate_actions_20131101_20131130.json,NSE corporate actions API,SCHEME OF ARRANGEMENT AND FIRST INTERIM DIVIDEND,True,False,False,False,False,True,False,False,False,False,False,STRUCTURAL,,,,,,2,True,True,UNCHANGED,,NSE_3FA872F937F6,ACTIVE_DATE_MATCH,False
GENUSPOWER,Genus Power Infrastructures Limited,EQ,1.0,Scheme Of Arrangement,2014-01-09,2014-01-11,,,,,corporate_actions_20140101_20140131.json,NSE corporate actions API,SCHEME OF ARRANGEMENT,False,False,False,False,False,True,False,False,False,False,False,STRUCTURAL,,,,,,1,False,True,UNCHANGED,,NSE_D58BF345F619,ACTIVE_DATE_MATCH,False
COROENGG,Coromandel Engineering Company Limited,EQ,10.0,Rights 91:10 @ Premium Rs.10/- Per Share,2014-01-13,2014-01-15,,,,,corporate_actions_20140101_20140131.json,NSE corporate actions API,RIGHTS 91:10 @ PREMIUM RS.10/- PER SHARE,False,False,False,False,True,False,False,False,False,False,False,RIGHTS,,91.0,10.0,,,1,False,False,UNCHANGED,,NSE_D5043E5A57F6,ACTIVE_DATE_MATCH,False
MUKANDLTD,Mukand Limited,EQ,10.0,Rights 1:1 @ Premium Rs.11/- Per Equity Share,2014-02-10,2014-02-11,,,,,corporate_actions_20140201_20140228.json,NSE corporate actions API,RIGHTS 1:1 @ PREMIUM RS.11/- PER EQUITY SHARE,False,False,False,False,True,False,False,False,False,False,False,RIGHTS,,1.0,1.0,,,1,False,False,UNCHANGED,,NSE_83C644D7456B,ACTIVE_DATE_MATCH,False
WHEELS,Wheels India Limited,EQ,10.0,Rights 51:20 @ Premium Rs.390/- Per Equity Share,2014-02-13,2014-02-14,,,,,corporate_actions_20140201_20140228.json,NSE corporate actions API,RIGHTS 51:20 @ PREMIUM RS.390/- PER EQUITY SHARE,False,False,False,False,True,False,False,False,False,False,False,RIGHTS,,51.0,20.0,,,1,False,False,UNCHANGED,,NSE_AE2862139B09,ACTIVE_DATE_MATCH,False
WELCORP,Welspun Corp Limited,EQ,5.0,Scheme Of Arrangement,2014-02-18,2014-02-20,,,,,corporate_actions_20140201_20140228.json,NSE corporate actions API,SCHEME OF ARRANGEMENT,False,False,False,False,False,True,False,False,False,False,False,STRUCTURAL,,,,,,1,False,True,UNCHANGED,,NSE_DD6A0E2BA440,ACTIVE_DATE_MATCH,False
SHARONBIO,Sharon Bio-Medicine Limited,EQ,2.0,Bonus 1:1 / Face Value Split From 10/- To Face Value 2/-,2014-02-20,2014-02-21,,,,,corporate_actions_20140201_20140228.json,NSE corporate actions API,BONUS 1:1 / FACE VALUE SPLIT FROM 10/- TO FACE VALUE 2/-,False,True,True,False,False,False,False,False,False,False,False,SPLIT,,1.0,1.0,10.0,2.0,2,True,True,UNCHANGED,,NSE_D495CF61024C,ACTIVE_DATE_MATCH,False
ZEEL,Zee Entertainment Enterprises Limited,EQ,1.0,Bonus Preference Shares 21:1,2014-03-03,2014-03-04,,,,,corporate_actions_20140301_20140331.json,NSE corporate actions API,BONUS PREFERENCE SHARES 21:1,False,False,False,False,False,True,False,False,False,False,False,PREFERENCE_SHARE_BONUS,,21.0,1.0,,,1,False,True,RECLASSIFIED,Preference-share entitlement is not an ordinary-equity bonus.,NSE_0144F0CB1BA0,ACTIVE_DATE_MATCH,False
EASUNREYRL,Easun Reyrolle Limited,EQ,2.0,Rights 12:25 @ Premium Rs.57/- Per Equity Share,2014-03-13,2014-03-17,,,,,corporate_actions_20140301_20140331.json,NSE corporate actions API,RIGHTS 12:25 @ PREMIUM RS.57/- PER EQUITY SHARE,False,False,False,False,True,False,False,False,False,False,False,RIGHTS,,12.0,25.0,,,1,False,False,UNCHANGED,,NSE_29BA27FC095C,ACTIVE_DATE_MATCH,False
IL&FSTRANS,IL&FS Transportation Networks Limited,EQ,10.0,Rights 27:100 @ Premium Rs.90/- Per Equity Share,2014-03-13,2014-03-14,,,,,corporate_actions_20140301_20140331.json,NSE corporate actions API,RIGHTS 27:100 @ PREMIUM RS.90/- PER EQUITY SHARE,False,False,False,False,True,False,False,False,False,False,False,RIGHTS,,27.0,100.0,,,1,False,False,UNCHANGED,,NSE_938AB0376CFC,ACTIVE_DATE_MATCH,False
STAN,Standard Chartered PLC,DR,,Final Dividend,2014-03-13,2014-03-14,,,,,corporate_actions_20140301_20140331.json,NSE corporate actions API,FINAL DIVIDEND,True,False,False,False,False,False,False,False,False,False,False,DIVIDEND,,,,,,1,False,True,UNCHANGED,,,NO_OBSERVED_SYMBOL,False
TATAPOWER,Tata Power Company Limited,EQ,1.0,Rights 7:50 @ Premium Rs.59/- Per Equity Share,2014-03-19,2014-03-20,,,,,corporate_actions_20140301_20140331.json,NSE corporate actions API,RIGHTS 7:50 @ PREMIUM RS.59/- PER EQUITY SHARE,False,False,False,False,True,False,False,False,False,False,False,RIGHTS,,7.0,50.0,,,1,False,False,UNCHANGED,,NSE_53A37C11E6D9,ACTIVE_DATE_MATCH,False
RAJTV,Raj Television Network Limited,EQ,5.0,Bonus 1:1 / Face Value Split From Rs.10/- To Rs.5/-,2014-03-25,2014-03-26,,,,,corporate_actions_20140301_20140331.json,NSE corporate actions API,BONUS 1:1 / FACE VALUE SPLIT FROM RS.10/- TO RS.5/-,False,True,True,False,False,False,False,False,False,False,False,SPLIT,,1.0,1.0,10.0,5.0,2,True,True,UNCHANGED,,NSE_AF1487EA4B1C,ACTIVE_DATE_MATCH,False
RAMCOSYS,Ramco Systems Limited,EQ,10.0,Rights 1:2 @ Premium Rs.145/- Per Equity Share,2014-04-22,2014-04-23,,,,,corporate_actions_20140401_20140430.json,NSE corporate actions API,RIGHTS 1:2 @ PREMIUM RS.145/- PER EQUITY SHARE,False,False,False,False,True,False,False,False,False,False,False,RIGHTS,,1.0,2.0,,,1,False,False,UNCHANGED,,NSE_D701BCB8CF79,ACTIVE_DATE_MATCH,False
GMBREW,GM Breweries Limited,EQ,10.0,Dividend Rs 2.50/- Per Share / Bonus 1 : 4,2014-05-16,,2014-05-20,2014-05-22,,,corporate_actions_20140501_20140531.json,NSE corporate actions API,DIVIDEND RS 2.50/- PER SHARE / BONUS 1 : 4,True,True,False,False,False,False,False,False,False,False,False,BONUS,2.5,1.0,4.0,,,2,True,True,UNCHANGED,,NSE_046B72FA7590,ACTIVE_DATE_MATCH,False
PGIL,Pearl Global Industries Limited,EQ,5.0,Scheme Of Arrangement,2014-05-30,2014-06-02,,,,,corporate_actions_20140501_20140531.json,NSE corporate actions API,SCHEME OF ARRANGEMENT,False,False,False,False,False,True,False,False,False,False,False,STRUCTURAL,,,,,,1,False,True,UNCHANGED,,NSE_3BD2F02D3E98,ACTIVE_DATE_MATCH,False
DEEPAKNTR,Deepak Nitrite Limited,EQ,2.0,Bonus 1 : 1 / Face Value Split From Rs 10/- Each To Rs 2/- Each,2014-06-20,2014-06-23,,,,,corporate_actions_20140601_20140630.json,NSE corporate actions API,BONUS 1 : 1 / FACE VALUE SPLIT FROM RS 10/- EACH TO RS 2/- EACH,False,True,True,False,False,False,False,False,False,False,False,SPLIT,,1.0,1.0,10.0,2.0,2,True,True,UNCHANGED,,NSE_8A358CA8F00D,ACTIVE_DATE_MATCH,False
LGBBROSLTD,LG Balakrishnan & Bros Limited,EQ,10.0,Annual General Meeting / Final Dividend - Rs 7/- Per Share / Bonus 1 : 1,2014-07-04,,2014-07-08,2014-07-09,,,corporate_actions_20140701_20140731.json,NSE corporate actions API,ANNUAL GENERAL MEETING / FINAL DIVIDEND - RS 7/- PER SHARE / BONUS 1 : 1,True,True,False,False,False,False,False,False,True,False,False,BONUS,7.0,1.0,1.0,,,2,True,True,UNCHANGED,,NSE_50647847C4A3,ACTIVE_DATE_MATCH,False
SHRENUJ,Shrenuj & Company Limited,EQ,2.0,Annual General Meeting / Dividend - Re 0.60/- Per Share / Bonus 1 : 1,2014-07-15,,2014-07-17,2014-07-17,,,corporate_actions_20140701_20140731.json,NSE corporate actions API,ANNUAL GENERAL MEETING / DIVIDEND - RE 0.60/- PER SHARE / BONUS 1 : 1,True,True,False,False,False,False,False,False,True,False,False,BONUS,0.6,1.0,1.0,,,2,True,True,UNCHANGED,,NSE_9B813D17D74B,ACTIVE_DATE_MATCH,False
LAKSHVILAS,Lakshmi Vilas Bank Limited,EQ,10.0,Dividend Re1/- Per Share + Rights Issue 5:6,2014-07-25,2014-07-28,,,,,corporate_actions_20140701_20140731.json,NSE corporate actions API,DIVIDEND RE1/- PER SHARE + RIGHTS ISSUE 5:6,True,False,False,False,True,False,False,False,False,False,False,RIGHTS,1.0,5.0,6.0,,,2,True,True,UNCHANGED,,NSE_0E88CB8DDD57,ACTIVE_DATE_MATCH,False
NEULANDLAB,Neuland Laboratories Limited,EQ,10.0,Rights Issue 4 : 25 @ Premium Rs 194/- Per Equity Share,2014-08-13,2014-08-14,,,,,corporate_actions_20140801_20140831.json,NSE corporate actions API,RIGHTS ISSUE 4 : 25 @ PREMIUM RS 194/- PER EQUITY SHARE,False,False,False,False,True,False,False,False,False,False,False,RIGHTS,,4.0,25.0,,,1,False,False,UNCHANGED,,NSE_7DC490F5BFB1,ACTIVE_DATE_MATCH,False
STAN,Standard Chartered PLC,DR,,Interim Dividend,2014-08-13,2014-08-14,,,,,corporate_actions_20140801_20140831.json,NSE corporate actions API,INTERIM DIVIDEND,True,False,False,False,False,False,False,False,False,False,False,DIVIDEND,,,,,,1,False,True,UNCHANGED,,,NO_OBSERVED_SYMBOL,False
MANINFRA,Man Infraconstruction Limited,EQ,2.0,Annual General Meeting / Dividend - Rs 1.35/- Per Share / Face Value Split - From Rs 10/- Per Share To Rs 2/- Per Share,2014-08-28,,2014-09-02,2014-09-05,,,corporate_actions_20140801_20140831.json,NSE corporate actions API,ANNUAL GENERAL MEETING / DIVIDEND - RS 1.35/- PER SHARE / FACE VALUE SPLIT - FROM RS 10/- PER SHARE TO RS 2/- PER SHARE,True,False,True,False,False,False,False,False,True,False,False,SPLIT,1.35,,,10.0,2.0,2,True,True,UNCHANGED,,NSE_79E6C5F02193,ACTIVE_DATE_MATCH,True
DVL,Dhunseri Ventures Limited,EQ,10.0,Scheme Of Arrangement,2014-09-18,2014-09-19,,,,,corporate_actions_20140901_20140930.json,NSE corporate actions API,SCHEME OF ARRANGEMENT,False,False,False,False,False,True,False,False,False,False,False,STRUCTURAL,,,,,,1,False,True,UNCHANGED,,NSE_DB8AB0AB2994,UNIQUE_SYMBOL_HISTORY,False
NCC,NCC Limited,EQ,2.0,Rights 7 : 6 @ Premium Rs 18/- Per Share,2014-09-18,2014-09-19,,,,,corporate_actions_20140901_20140930.json,NSE corporate actions API,RIGHTS 7 : 6 @ PREMIUM RS 18/- PER SHARE,False,False,False,False,True,False,False,False,False,False,False,RIGHTS,,7.0,6.0,,,1,False,False,UNCHANGED,,NSE_AC850CBABC55,ACTIVE_DATE_MATCH,True
ONIDA,Onida Electronics Limited,EQ,1.0,Rights 5:13 @Premium Rs.5,2014-09-18,,2014-09-22,2014-09-22,,,corporate_actions_20140901_20140930.json,NSE corporate actions API,RIGHTS 5:13 @PREMIUM RS.5,False,False,False,False,True,False,False,False,False,False,False,RIGHTS,,5.0,13.0,,,1,False,False,UNCHANGED,,,NO_OBSERVED_SYMBOL,False
SUDARSCHEM,Sudarshan Chemical Industries Limited,EQ,2.0,Bonus 1 : 1 / Face Value Split From Rs 10/- To Rs 2/- Per Share,2014-09-30,2014-10-01,,,,,corporate_actions_20140901_20140930.json,NSE corporate actions API,BONUS 1 : 1 / FACE VALUE SPLIT FROM RS 10/- TO RS 2/- PER SHARE,False,True,True,False,False,False,False,False,False,False,False,SPLIT,,1.0,1.0,10.0,2.0,2,True,True,UNCHANGED,,NSE_8407496D15F8,ACTIVE_DATE_MATCH,False
JBMA,JBM Auto Limited,EQ,1.0,Bonus 1:1 And Face Value Split Rs.10/- To Rs.5/- Per Share,2014-10-08,2014-10-09,,,,,corporate_actions_20141001_20141031.json,NSE corporate actions API,BONUS 1:1 AND FACE VALUE SPLIT RS.10/- TO RS.5/- PER SHARE,False,True,True,False,False,False,False,False,False,False,False,SPLIT,,1.0,1.0,10.0,5.0,2,True,True,REPARSED,Parsed dotted face values when the phrase omits the word 'from'.,NSE_1846247E74B4,ACTIVE_DATE_MATCH,False
POLARIS,POLARIS CONSULTING & SERVICES LIMITED,EQ,5.0,Scheme Of Arrangement Cum Demerger,2014-10-09,2014-10-10,,,,,corporate_actions_20141001_20141031.json,NSE corporate actions API,SCHEME OF ARRANGEMENT CUM DEMERGER,False,False,False,False,False,True,False,False,False,False,False,STRUCTURAL,,,,,,1,False,True,UNCHANGED,,NSE_A787B7252904,ACTIVE_DATE_MATCH,False
BLUEDART,Blue Dart Express Limited,EQ,10.0,Scheme Of Arrangement - Issue Of Bonus Debentures,2014-11-17,2014-11-18,,,,,corporate_actions_20141101_20141130.json,NSE corporate actions API,SCHEME OF ARRANGEMENT - ISSUE OF BONUS DEBENTURES,False,False,False,False,False,True,False,False,False,False,False,DEBENTURE_ENTITLEMENT,,,,,,1,False,True,RECLASSIFIED,A debenture entitlement is not an ordinary-equity bonus.,NSE_1789CF98709C,ACTIVE_DATE_MATCH,True
FEL,Future Enterprises Limited,EQ,2.0,Rights 5:8 @ Premium Rs.101/- Per Equity Share,2014-11-18,2014-11-19,,,,,corporate_actions_20141101_20141130.json,NSE corporate actions API,RIGHTS 5:8 @ PREMIUM RS.101/- PER EQUITY SHARE,False,False,False,False,True,False,False,False,False,False,False,RIGHTS,,5.0,8.0,,,1,False,False,UNCHANGED,,NSE_EF0E9934D1DE,UNIQUE_SYMBOL_HISTORY,True
FELDVR,Future Enterprises Limited,EQ,2.0,Rights 5:8 @ Premium Rs 48.25/- Per Equity Share,2014-11-18,2014-11-19,,,,,corporate_actions_20141101_20141130.json,NSE corporate actions API,RIGHTS 5:8 @ PREMIUM RS 48.25/- PER EQUITY SHARE,False,False,False,False,True,False,False,False,False,False,False,RIGHTS,,5.0,8.0,,,1,False,False,UNCHANGED,,NSE_FEB436988103,UNIQUE_SYMBOL_HISTORY,False
GREENPLY,Greenply Industries Limited,EQ,1.0,Scheme Of Demerger,2014-11-26,2014-11-27,,,,,corporate_actions_20141101_20141130.json,NSE corporate actions API,SCHEME OF DEMERGER,False,False,False,False,False,True,False,False,False,False,False,STRUCTURAL,,,,,,1,False,True,UNCHANGED,,NSE_E33BF28052EC,ACTIVE_DATE_MATCH,False
MANAKSIA,Manaksia Limited,EQ,2.0,Scheme Of Arrangement,2014-12-04,2014-12-05,,,,,corporate_actions_20141201_20141231.json,NSE corporate actions API,SCHEME OF ARRANGEMENT,False,False,False,False,False,True,False,False,False,False,False,STRUCTURAL,,,,,,1,False,True,UNCHANGED,,NSE_ACF6F7F21939,ACTIVE_DATE_MATCH,False
MINDACORP,Minda Corporation Limited,EQ,2.0,Bonus 1:1 / Face Value Split From Rs 10/- Per Share To Rs 2/- Per Share,2015-01-05,2015-01-06,,,,,corporate_actions_20150101_20150131.json,NSE corporate actions API,BONUS 1:1 / FACE VALUE SPLIT FROM RS 10/- PER SHARE TO RS 2/- PER SHARE,False,True,True,False,False,False,False,False,False,False,False,SPLIT,,1.0,1.0,10.0,2.0,2,True,True,UNCHANGED,,NSE_D92A46834C0F,ACTIVE_DATE_MATCH,False
INTELLECT,Intellect Design Arena Limited,EQ,5.0,Scheme Of Arrangement-To Ascertain Eligible Members To Provide Option To Opt For Ncd In Place Of Equity Shares,2015-01-16,2015-01-19,,,,,corporate_actions_20150101_20150131.json,NSE corporate actions API,SCHEME OF ARRANGEMENT-TO ASCERTAIN ELIGIBLE MEMBERS TO PROVIDE OPTION TO OPT FOR NCD IN PLACE OF EQUITY SHARES,False,False,False,False,False,True,False,False,False,False,False,STRUCTURAL,,,,,,1,False,True,UNCHANGED,,NSE_B3968699E9E2,ACTIVE_DATE_MATCH,False
RSSOFTWARE,R. S. Software (India) Limited,EQ,5.0,Interim Dividend - Rs 1.50/- Per Share / Face Value Split - From Rs 10/- Per Share To Rs 5/- Per Share (Purpose Revised),2015-01-21,2015-01-22,,,,,corporate_actions_20150101_20150131.json,NSE corporate actions API,INTERIM DIVIDEND - RS 1.50/- PER SHARE / FACE VALUE SPLIT - FROM RS 10/- PER SHARE TO RS 5/- PER SHARE (PURPOSE REVISED),True,False,True,False,False,False,False,False,False,False,False,SPLIT,1.5,,,10.0,5.0,2,True,True,UNCHANGED,,NSE_512CE7D98A26,ACTIVE_DATE_MATCH,False
CANFINHOME,Can Fin Homes Limited,EQ,2.0,Rights 3:10 @ Premium Rs 440/- Per Share,2015-01-23,2015-01-27,,,,,corporate_actions_20150101_20150131.json,NSE corporate actions API,RIGHTS 3:10 @ PREMIUM RS 440/- PER SHARE,False,False,False,False,True,False,False,False,False,False,False,RIGHTS,,3.0,10.0,,,1,False,False,UNCHANGED,,NSE_499FFD70F55B,ACTIVE_DATE_MATCH,True
ASAHISONG,Asahi Songwon Colors Limited,EQ,10.0,Demerger,2015-02-02,2015-02-03,,,,,corporate_actions_20150201_20150228.json,NSE corporate actions API,DEMERGER,False,False,False,False,False,True,False,False,False,False,False,STRUCTURAL,,,,,,1,False,True,UNCHANGED,,NSE_49C4EC222EAD,ACTIVE_DATE_MATCH,False
SBT,State Bank of Travancore,EQ,10.0,Rights 1:5 @ Premium Rs 390/- Per Share,2015-03-03,2015-03-04,,,,,corporate_actions_20150301_20150331.json,NSE corporate actions API,RIGHTS 1:5 @ PREMIUM RS 390/- PER SHARE,False,False,False,False,True,False,False,False,False,False,False,RIGHTS,,1.0,5.0,,,1,False,False,UNCHANGED,,NSE_633BD53DAEC1,ACTIVE_DATE_MATCH,True
GMRAIRPORT,GMR AIRPORTS LIMITED,EQ,1.0,Rights 3:14 @ Premium Rs 14/- Per Share,2015-03-11,2015-03-12,,,,,corporate_actions_20150301_20150331.json,NSE corporate actions API,RIGHTS 3:14 @ PREMIUM RS 14/- PER SHARE,False,False,False,False,True,False,False,False,False,False,False,RIGHTS,,3.0,14.0,,,1,False,False,UNCHANGED,,,NO_OBSERVED_SYMBOL,False
STAN,Standard Chartered PLC,DR,,Final Dividend,2015-03-12,2015-03-13,,,,,corporate_actions_20150301_20150331.json,NSE corporate actions API,FINAL DIVIDEND,True,False,False,False,False,False,False,False,False,False,False,DIVIDEND,,,,,,1,False,True,UNCHANGED,,,NO_OBSERVED_SYMBOL,False
ZEEMEDIA,Zee Media Corporation Limited,EQ,1.0,Rights 3:10 @ Premium Rs 17/- Per Share,2015-03-16,2015-03-17,,,,,corporate_actions_20150301_20150331.json,NSE corporate actions API,RIGHTS 3:10 @ PREMIUM RS 17/- PER SHARE,False,False,False,False,True,False,False,False,False,False,False,RIGHTS,,3.0,10.0,,,1,False,False,UNCHANGED,,NSE_A6A079127B7A,ACTIVE_DATE_MATCH,False
TECHM,Tech Mahindra Limited,EQ,5.0,Bonus 1:1 / Face Value Split - From Rs 10/- Per Share To Rs 5/- Per Share,2015-03-19,2015-03-20,,,,,corporate_actions_20150301_20150331.json,NSE corporate actions API,BONUS 1:1 / FACE VALUE SPLIT - FROM RS 10/- PER SHARE TO RS 5/- PER SHARE,False,True,True,False,False,False,False,False,False,False,False,SPLIT,,1.0,1.0,10.0,5.0,2,True,True,UNCHANGED,,NSE_469BDD916F8C,ACTIVE_DATE_MATCH,True
NTPC,NTPC Limited,EQ,10.0,Scheme Of Arrangement - Bonus Debentures 1:1,2015-03-20,2015-03-23,,,,,corporate_actions_20150301_20150331.json,NSE corporate actions API,SCHEME OF ARRANGEMENT - BONUS DEBENTURES 1:1,False,False,False,False,False,True,False,False,False,False,False,DEBENTURE_ENTITLEMENT,,1.0,1.0,,,1,False,True,RECLASSIFIED,A debenture entitlement is not an ordinary-equity bonus.,NSE_4FB8019524D0,ACTIVE_DATE_MATCH,True
GRANULES,Granules India Limited,EQ,1.0,Face Value Split Rs 10 To Rs 1,2015-03-23,2015-03-24,,,,,corporate_actions_20150301_20150331.json,NSE corporate actions API,FACE VALUE SPLIT RS 10 TO RS 1,False,False,True,False,False,False,False,False,False,False,False,SPLIT,,,,,,1,False,True,UNCHANGED,,NSE_148E052CEC64,ACTIVE_DATE_MATCH,False
BALKRISIND,Balkrishna Industries Limited,EQ,2.0,Scheme Of Arrangement,2015-03-24,2015-03-25,,,,,corporate_actions_20150301_20150331.json,NSE corporate actions API,SCHEME OF ARRANGEMENT,False,False,False,False,False,True,False,False,False,False,False,STRUCTURAL,,,,,,1,False,True,UNCHANGED,,NSE_DCA00C31EBFD,ACTIVE_DATE_MATCH,False
TATAMTRDVR,Tata Motors Limited,EQ,2.0,Rights 6:109 @ Premium Rs.269/- Per Share,2015-04-06,,2015-04-08,2015-04-08,,,corporate_actions_20150401_20150430.json,NSE corporate actions API,RIGHTS 6:109 @ PREMIUM RS.269/- PER SHARE,False,False,False,False,True,False,False,False,False,False,False,RIGHTS,,6.0,109.0,,,1,False,False,UNCHANGED,,NSE_D8A31493DD0A,ACTIVE_DATE_MATCH,False
TMPV,Tata Motors Passenger Vehicles Limited,EQ,2.0,Rights 6:109 @ Premium Rs. 448/- Per Share,2015-04-06,,2015-04-08,2015-04-08,,,corporate_actions_20150401_20150430.json,NSE corporate actions API,RIGHTS 6:109 @ PREMIUM RS. 448/- PER SHARE,False,False,False,False,True,False,False,False,False,False,False,RIGHTS,,6.0,109.0,,,1,False,False,UNCHANGED,,,NO_OBSERVED_SYMBOL,False
SFCL,Star Ferro and Cement Limited,EQ,1.0,Demerger,2015-04-23,2015-04-24,,,,,corporate_actions_20150401_20150430.json,NSE corporate actions API,DEMERGER,False,False,False,False,False,True,False,False,False,False,False,STRUCTURAL,,,,,,1,False,True,UNCHANGED,,NSE_D67F47161F2D,ACTIVE_DATE_MATCH,False
ARVIND,Arvind Limited,EQ,10.0,Scheme Of Arrangement,2015-05-28,2015-05-29,,,,,corporate_actions_20150501_20150531.json,NSE corporate actions API,SCHEME OF ARRANGEMENT,False,False,False,False,False,True,False,False,False,False,False,STRUCTURAL,,,,,,1,False,True,UNCHANGED,,NSE_C60D64EC58FE,ACTIVE_DATE_MATCH,False
ADANIENT,Adani Enterprises Limited,EQ,1.0,Scheme Of Arrangement,2015-06-03,2015-06-04,,,,,corporate_actions_20150601_20150630.json,NSE corporate actions API,SCHEME OF ARRANGEMENT,False,False,False,False,False,True,False,False,False,False,False,STRUCTURAL,,,,,,1,False,True,UNCHANGED,,NSE_42CD50DCCBD6,ACTIVE_DATE_MATCH,False
MASTEK,Mastek Limited,EQ,5.0,Scheme Of Arrangement,2015-06-12,2015-06-15,,,,,corporate_actions_20150601_20150630.json,NSE corporate actions API,SCHEME OF ARRANGEMENT,False,False,False,False,False,True,False,False,False,False,False,STRUCTURAL,,,,,,1,False,True,UNCHANGED,,NSE_71E0266D5F31,ACTIVE_DATE_MATCH,False
INFY,Infosys Limited,EQ,5.0,Annual General Meeting/ Dividend - Rs 29.50/- Per Share And Bonus 1:1,2015-06-15,,2015-06-17,2015-06-17,,,corporate_actions_20150601_20150630.json,NSE corporate actions API,ANNUAL GENERAL MEETING/ DIVIDEND - RS 29.50/- PER SHARE AND BONUS 1:1,True,True,False,False,False,False,False,False,True,False,False,BONUS,29.5,1.0,1.0,,,2,True,True,UNCHANGED,,NSE_6A68B38036FB,ACTIVE_DATE_MATCH,True
VASCONEQ,Vascon Engineers Limited,EQ,10.0,Rights 14:19 @ Premium Rs 5/- Per Share,2015-06-23,2015-06-24,,,,,corporate_actions_20150601_20150630.json,NSE corporate actions API,RIGHTS 14:19 @ PREMIUM RS 5/- PER SHARE,False,False,False,False,True,False,False,False,False,False,False,RIGHTS,,14.0,19.0,,,1,False,False,UNCHANGED,,NSE_7694429671AE,ACTIVE_DATE_MATCH,False
MOTHERSON,Samvardhana Motherson International Limited,EQ,1.0,Annual General Meeting / Dividend - Rs 3/- Per Share / Bonus - 1:2,2015-07-23,,2015-07-25,2015-07-25,,,corporate_actions_20150701_20150731.json,NSE corporate actions API,ANNUAL GENERAL MEETING / DIVIDEND - RS 3/- PER SHARE / BONUS - 1:2,True,True,False,False,False,False,False,False,True,False,False,BONUS,3.0,1.0,2.0,,,2,True,True,UNCHANGED,,NSE_108254EF6AA4,UNIQUE_SYMBOL_HISTORY,True
BAYERCROP,Bayer Cropscience Limited,EQ,10.0,Buyback Of Shares,2015-08-03,2015-08-04,,,,,corporate_actions_20150801_20150831.json,NSE corporate actions API,BUYBACK OF SHARES,False,False,False,False,False,False,True,False,False,False,False,BUYBACK,,,,,,1,False,False,UNCHANGED,,NSE_EC27C1265F27,ACTIVE_DATE_MATCH,False
STAN,Standard Chartered PLC,DR,,Interim Dividend,2015-08-13,2015-08-14,,,,,corporate_actions_20150801_20150831.json,NSE corporate actions API,INTERIM DIVIDEND,True,False,False,False,False,False,False,False,False,False,False,DIVIDEND,,,,,,1,False,True,UNCHANGED,,,NO_OBSERVED_SYMBOL,False
GOKUL,Gokul Refoils and Solvent Limited,EQ,2.0,Annual General Meeting/Scheme Of Arrangement,2015-09-16,,2015-09-19,2015-09-26,,,corporate_actions_20150901_20150930.json,NSE corporate actions API,ANNUAL GENERAL MEETING/SCHEME OF ARRANGEMENT,False,False,False,False,False,True,False,False,True,False,False,STRUCTURAL,,,,,,1,False,True,UNCHANGED,,NSE_087AF3D48E4F,ACTIVE_DATE_MATCH,False
UNIVCABLES,Universal Cables Limited,EQ,10.0,Rights 1:2 @ Premium Rs.41/- Per Share,2015-09-16,2015-09-18,,,,,corporate_actions_20150901_20150930.json,NSE corporate actions API,RIGHTS 1:2 @ PREMIUM RS.41/- PER SHARE,False,False,False,False,True,False,False,False,False,False,False,RIGHTS,,1.0,2.0,,,1,False,False,UNCHANGED,,NSE_09DBE29FB4C7,ACTIVE_DATE_MATCH,False
IDFC,IDFC Limited,HA,5000.0,Demerger,2015-09-29,,2015-10-01,2015-10-08,,,corporate_actions_20150901_20150930.json,NSE corporate actions API,DEMERGER,False,False,False,False,False,True,False,False,False,False,False,STRUCTURAL,,,,,,1,False,True,UNCHANGED,,NSE_1671B749B56F,ACTIVE_DATE_MATCH,False
IDFC,IDFC Limited,HB,5000.0,Demerger,2015-09-29,,2015-10-01,2015-10-08,,,corporate_actions_20150901_20150930.json,NSE corporate actions API,DEMERGER,False,False,False,False,False,True,False,False,False,False,False,STRUCTURAL,,,,,,1,False,True,UNCHANGED,,NSE_1671B749B56F,ACTIVE_DATE_MATCH,False
IDFC,IDFC Limited,HC,5000.0,Demerger,2015-09-29,,2015-10-01,2015-10-08,,,corporate_actions_20150901_20150930.json,NSE corporate actions API,DEMERGER,False,False,False,False,False,True,False,False,False,False,False,STRUCTURAL,,,,,,1,False,True,UNCHANGED,,NSE_1671B749B56F,ACTIVE_DATE_MATCH,False
IDFC,IDFC Limited,HD,5000.0,Demerger,2015-09-29,,2015-10-01,2015-10-08,,,corporate_actions_20150901_20150930.json,NSE corporate actions API,DEMERGER,False,False,False,False,False,True,False,False,False,False,False,STRUCTURAL,,,,,,1,False,True,UNCHANGED,,NSE_1671B749B56F,ACTIVE_DATE_MATCH,False
IDFC,IDFC Limited,HE,5000.0,Demerger,2015-09-29,,2015-10-01,2015-10-08,,,corporate_actions_20150901_20150930.json,NSE corporate actions API,DEMERGER,False,False,False,False,False,True,False,False,False,False,False,STRUCTURAL,,,,,,1,False,True,UNCHANGED,,NSE_1671B749B56F,ACTIVE_DATE_MATCH,False
IDFC,IDFC Limited,H1,5000.0,Demerger,2015-09-29,,2015-10-01,2015-10-08,,,corporate_actions_20150901_20150930.json,NSE corporate actions API,DEMERGER,False,False,False,False,False,True,False,False,False,False,False,STRUCTURAL,,,,,,1,False,True,UNCHANGED,,NSE_1671B749B56F,ACTIVE_DATE_MATCH,False
IDFC,IDFC Limited,H9,5000.0,Demerger,2015-09-29,,2015-10-01,2015-10-08,,,corporate_actions_20150901_20150930.json,NSE corporate actions API,DEMERGER,False,False,False,False,False,True,False,False,False,False,False,STRUCTURAL,,,,,,1,False,True,UNCHANGED,,NSE_1671B749B56F,ACTIVE_DATE_MATCH,False
IDFC,IDFC Limited,H3,5000.0,Demerger,2015-09-29,,2015-10-01,2015-10-08,,,corporate_actions_20150901_20150930.json,NSE corporate actions API,DEMERGER,False,False,False,False,False,True,False,False,False,False,False,STRUCTURAL,,,,,,1,False,True,UNCHANGED,,NSE_1671B749B56F,ACTIVE_DATE_MATCH,False
IDFC,IDFC Limited,H4,5000.0,Demerger,2015-09-29,,2015-10-01,2015-10-08,,,corporate_actions_20150901_20150930.json,NSE corporate actions API,DEMERGER,False,False,False,False,False,True,False,False,False,False,False,STRUCTURAL,,,,,,1,False,True,UNCHANGED,,NSE_1671B749B56F,ACTIVE_DATE_MATCH,False
IDFC,IDFC Limited,H5,5000.0,Demerger,2015-09-29,,2015-10-01,2015-10-08,,,corporate_actions_20150901_20150930.json,NSE corporate actions API,DEMERGER,False,False,False,False,False,True,False,False,False,False,False,STRUCTURAL,,,,,,1,False,True,UNCHANGED,,NSE_1671B749B56F,ACTIVE_DATE_MATCH,False
IDFC,IDFC Limited,H6,5000.0,Demerger,2015-09-29,,2015-10-01,2015-10-08,,,corporate_actions_20150901_20150930.json,NSE corporate actions API,DEMERGER,False,False,False,False,False,True,False,False,False,False,False,STRUCTURAL,,,,,,1,False,True,UNCHANGED,,NSE_1671B749B56F,ACTIVE_DATE_MATCH,False
IDFC,IDFC Limited,H7,5000.0,Demerger,2015-09-29,,2015-10-01,2015-10-08,,,corporate_actions_20150901_20150930.json,NSE corporate actions API,DEMERGER,False,False,False,False,False,True,False,False,False,False,False,STRUCTURAL,,,,,,1,False,True,UNCHANGED,,NSE_1671B749B56F,ACTIVE_DATE_MATCH,False
IDFC,IDFC Limited,H8,5000.0,Demerger,2015-09-29,,2015-10-01,2015-10-08,,,corporate_actions_20150901_20150930.json,NSE corporate actions API,DEMERGER,False,False,False,False,False,True,False,False,False,False,False,STRUCTURAL,,,,,,1,False,True,UNCHANGED,,NSE_1671B749B56F,ACTIVE_DATE_MATCH,False
IDFC,IDFC Limited,H2,5000.0,Demerger,2015-09-29,,2015-10-01,2015-10-08,,,corporate_actions_20150901_20150930.json,NSE corporate actions API,DEMERGER,False,False,False,False,False,True,False,False,False,False,False,STRUCTURAL,,,,,,1,False,True,UNCHANGED,,NSE_1671B749B56F,ACTIVE_DATE_MATCH,False
IDFC,IDFC Limited,EQ,10.0,Demerger,2015-10-01,2015-10-05,,,,,corporate_actions_20151001_20151031.json,NSE corporate actions API,DEMERGER,False,False,False,False,False,True,False,False,False,False,False,STRUCTURAL,,,,,,1,False,True,UNCHANGED,,NSE_1671B749B56F,ACTIVE_DATE_MATCH,False
IL&FSTRANS,IL&FS Transportation Networks Limited,EQ,10.0,Rights 1:3 @ Premium Rs.80/- Per Share,2015-10-07,2015-10-08,,,,,corporate_actions_20151001_20151031.json,NSE corporate actions API,RIGHTS 1:3 @ PREMIUM RS.80/- PER SHARE,False,False,False,False,True,False,False,False,False,False,False,RIGHTS,,1.0,3.0,,,1,False,False,UNCHANGED,,NSE_938AB0376CFC,ACTIVE_DATE_MATCH,True
SEAMECLTD,Seamec Limited,EQ,10.0,Buyback,2015-10-08,2015-10-09,,,,,corporate_actions_20151001_20151031.json,NSE corporate actions API,BUYBACK,False,False,False,False,False,False,True,False,False,False,False,BUYBACK,,,,,,1,False,False,UNCHANGED,,NSE_6953ECF93C79,ACTIVE_DATE_MATCH,False
IDFCFIRSTB,IDFC First Bank Limited,H3,5000.0,Payment Of Amount Of Buyback To Bondholders,2015-10-29,2015-10-30,,,,,corporate_actions_20151001_20151031.json,NSE corporate actions API,PAYMENT OF AMOUNT OF BUYBACK TO BONDHOLDERS,False,False,False,False,False,False,True,False,False,False,False,BUYBACK,,,,,,1,False,False,UNCHANGED,,NSE_D35374D82BA3,UNIQUE_SYMBOL_HISTORY,False
IDFCFIRSTB,IDFC First Bank Limited,H4,5000.0,Payment Of Amount Of Buyback To Bondholders,2015-10-29,2015-10-30,,,,,corporate_actions_20151001_20151031.json,NSE corporate actions API,PAYMENT OF AMOUNT OF BUYBACK TO BONDHOLDERS,False,False,False,False,False,False,True,False,False,False,False,BUYBACK,,,,,,1,False,False,UNCHANGED,,NSE_D35374D82BA3,UNIQUE_SYMBOL_HISTORY,False
ASHIMASYN,Ashima Limited,EQ,10.0,Rights : 24:10 At Par,2015-10-30,2015-11-02,,,,,corporate_actions_20151001_20151031.json,NSE corporate actions API,RIGHTS : 24:10 AT PAR,False,False,False,False,True,False,False,False,False,False,False,RIGHTS,,24.0,10.0,,,1,False,False,UNCHANGED,,NSE_91716524CDD0,ACTIVE_DATE_MATCH,False
JSL,Jindal Stainless Limited,EQ,2.0,Composite Scheme Of Arrangement,2015-11-19,2015-11-21,,,,,corporate_actions_20151101_20151130.json,NSE corporate actions API,COMPOSITE SCHEME OF ARRANGEMENT,False,False,False,False,False,True,False,False,False,False,False,STRUCTURAL,,,,,,1,False,True,UNCHANGED,,NSE_329ABD1F5CCD,ACTIVE_DATE_MATCH,False
JUSTDIAL,Just Dial Limited,EQ,10.0,Buyback Of Shares,2015-12-03,2015-12-04,,,,,corporate_actions_20151201_20151231.json,NSE corporate actions API,BUYBACK OF SHARES,False,False,False,False,False,False,True,False,False,False,False,BUYBACK,,,,,,1,False,False,UNCHANGED,,NSE_855E4F920F23,ACTIVE_DATE_MATCH,True
TIIL,Technocraft Industries (India) Limited,EQ,10.0,Buyback Of Shares,2016-01-07,2016-01-08,,,,,corporate_actions_20160101_20160131.json,NSE corporate actions API,BUYBACK OF SHARES,False,False,False,False,False,False,True,False,False,False,False,BUYBACK,,,,,,1,False,False,UNCHANGED,,NSE_3D90FA1937EF,ACTIVE_DATE_MATCH,False
JMCPROJECT,JMC Projects (India)  Limited,EQ,2.0,Rights 2:7,2016-01-11,2016-01-12,,,,,corporate_actions_20160101_20160131.json,NSE corporate actions API,RIGHTS 2:7,False,False,False,False,True,False,False,False,False,False,False,RIGHTS,,2.0,7.0,,,1,False,False,UNCHANGED,,NSE_9AC5B931DCFD,ACTIVE_DATE_MATCH,False
ABIRLANUVO,Aditya Birla Nuvo Limited,EQ,10.0,Scheme Of Arrangement,2016-01-20,2016-01-21,,,,,corporate_actions_20160101_20160131.json,NSE corporate actions API,SCHEME OF ARRANGEMENT,False,False,False,False,False,True,False,False,False,False,False,STRUCTURAL,,,,,,1,False,True,UNCHANGED,,NSE_D9A959B5F435,ACTIVE_DATE_MATCH,False
MFSL,Max Financial Services Limited,EQ,2.0,Scheme Of Arrangement,2016-01-27,2016-01-28,,,,,corporate_actions_20160101_20160131.json,NSE corporate actions API,SCHEME OF ARRANGEMENT,False,False,False,False,False,True,False,False,False,False,False,STRUCTURAL,,,,,,1,False,True,UNCHANGED,,NSE_98CBA18954BD,UNIQUE_SYMBOL_HISTORY,False
IDFCFIRSTB,IDFC First Bank Limited,H6,5000.0,Buyback Of Bonds,2016-02-04,2016-02-05,,,,,corporate_actions_20160201_20160229.json,NSE corporate actions API,BUYBACK OF BONDS,False,False,False,False,False,False,True,False,False,False,False,BUYBACK,,,,,,1,False,False,UNCHANGED,,NSE_D35374D82BA3,UNIQUE_SYMBOL_HISTORY,False
IDFCFIRSTB,IDFC First Bank Limited,H5,5000.0,Payment Of Interest & Buyback Amount To Bondholders,2016-02-04,2016-02-05,,,,,corporate_actions_20160201_20160229.json,NSE corporate actions API,PAYMENT OF INTEREST & BUYBACK AMOUNT TO BONDHOLDERS,False,False,False,False,False,False,True,False,False,True,False,BUYBACK,,,,,,1,False,False,UNCHANGED,,NSE_D35374D82BA3,UNIQUE_SYMBOL_HISTORY,False
3PLAND,3P Land Holdings Limited,EQ,2.0,Scheme Of Arrangement & Reconstruction,2016-02-11,2016-02-12,,,,,corporate_actions_20160201_20160229.json,NSE corporate actions API,SCHEME OF ARRANGEMENT & RECONSTRUCTION,False,False,False,False,False,True,False,False,False,False,False,STRUCTURAL,,,,,,1,False,True,UNCHANGED,,NSE_8A9E44416971,UNIQUE_SYMBOL_HISTORY,False
AMJLAND,Amj Land Holdings Limited,EQ,2.0,Scheme Of Arrangement & Reconstruction,2016-02-11,2016-02-12,,,,,corporate_actions_20160201_20160229.json,NSE corporate actions API,SCHEME OF ARRANGEMENT & RECONSTRUCTION,False,False,False,False,False,True,False,False,False,False,False,STRUCTURAL,,,,,,1,False,True,UNCHANGED,,NSE_784541B3BDE1,UNIQUE_SYMBOL_HISTORY,False
RAMASTEEL,Rama Steel Tubes Limited,EQ,1.0,Bonus 4:1/Face Value Split (Sub-Division) - From Rs 10/- Per Share To Rs 5/- Per Share,2016-03-14,2016-03-15,,,,,corporate_actions_20160301_20160331.json,NSE corporate actions API,BONUS 4:1/FACE VALUE SPLIT (SUB-DIVISION) - FROM RS 10/- PER SHARE TO RS 5/- PER SHARE,False,True,True,False,False,False,False,False,False,False,False,SPLIT,,4.0,1.0,10.0,5.0,2,True,True,UNCHANGED,,NSE_B9C72391344C,ACTIVE_DATE_MATCH,False
CGPOWER,CG Power and Industrial Solutions Limited,EQ,2.0,Scheme Of Arrangement,2016-03-15,2016-03-16,,,,,corporate_actions_20160301_20160331.json,NSE corporate actions API,SCHEME OF ARRANGEMENT,False,False,False,False,False,True,False,False,False,False,False,STRUCTURAL,,,,,,1,False,True,UNCHANGED,,NSE_812A4A064978,UNIQUE_SYMBOL_HISTORY,False
SPARC,Sun Pharma Advanced Research Company Limited,EQ,1.0,Rights 5: 116 At Premium Rs 244/- Per Share,2016-03-16,2016-03-17,,,,,corporate_actions_20160301_20160331.json,NSE corporate actions API,RIGHTS 5: 116 AT PREMIUM RS 244/- PER SHARE,False,False,False,False,True,False,False,False,False,False,False,RIGHTS,,5.0,116.0,,,1,False,False,UNCHANGED,,NSE_2BB23E58EEE2,ACTIVE_DATE_MATCH,True
VEEDOL,Veedol Corporation Limited,EQ,2.0,Bonus 1:1/Face Value Split (Sub-Division) - From Rs 10/- Per Share To Rs 5/- Per Share,2016-03-16,2016-03-17,,,,,corporate_actions_20160301_20160331.json,NSE corporate actions API,BONUS 1:1/FACE VALUE SPLIT (SUB-DIVISION) - FROM RS 10/- PER SHARE TO RS 5/- PER SHARE,False,True,True,False,False,False,False,False,False,False,False,SPLIT,,1.0,1.0,10.0,5.0,2,True,True,UNCHANGED,,,NO_OBSERVED_SYMBOL,False
GRANDFONRY,Grand Foundry Limited,EQ,10.0,Capital Reduction -  From Rs 10/- To Rs 4/- Per Share,2016-03-21,2016-03-22,,,,,corporate_actions_20160301_20160331.json,NSE corporate actions API,CAPITAL REDUCTION - FROM RS 10/- TO RS 4/- PER SHARE,False,False,False,False,False,False,False,True,False,False,False,CAPITAL_REDUCTION,,,,10.0,4.0,1,False,True,UNCHANGED,,,NO_OBSERVED_SYMBOL,False
IDFCFIRSTB,IDFC First Bank Limited,H7,5000.0,Interest Payment/ Buyback,2016-03-22,2016-03-25,,,,,corporate_actions_20160301_20160331.json,NSE corporate actions API,INTEREST PAYMENT/ BUYBACK,False,False,False,False,False,False,True,False,False,True,False,BUYBACK,,,,,,1,False,False,UNCHANGED,,NSE_D35374D82BA3,UNIQUE_SYMBOL_HISTORY,False
IDFCFIRSTB,IDFC First Bank Limited,H8,5000.0,Payment Of Amt Of Buyback,2016-03-22,2016-03-25,,,,,corporate_actions_20160301_20160331.json,NSE corporate actions API,PAYMENT OF AMT OF BUYBACK,False,False,False,False,False,False,True,False,False,False,False,BUYBACK,,,,,,1,False,False,UNCHANGED,,NSE_D35374D82BA3,UNIQUE_SYMBOL_HISTORY,False
SABTN,Sri Adhikari Brothers Television Network Limited,EQ,10.0,Composite Scheme Of Amalgamation And Arrangement,2016-03-22,2016-03-23,,,,,corporate_actions_20160301_20160331.json,NSE corporate actions API,COMPOSITE SCHEME OF AMALGAMATION AND ARRANGEMENT,False,False,False,False,False,True,False,False,False,False,False,STRUCTURAL,,,,,,1,False,True,UNCHANGED,,NSE_94F209F2848C,ACTIVE_DATE_MATCH,False
MOHITIND,Mohit Industries Limited,EQ,10.0,Scheme Of Arrangement In The Nature Of Demerger,2016-03-30,2016-03-31,,,,,corporate_actions_20160301_20160331.json,NSE corporate actions API,SCHEME OF ARRANGEMENT IN THE NATURE OF DEMERGER,False,False,False,False,False,True,False,False,False,False,False,STRUCTURAL,,,,,,1,False,True,UNCHANGED,,NSE_97882FF61A2B,ACTIVE_DATE_MATCH,False
SMARTLINK,Smartlink Holdings Limited,EQ,2.0,Buyback Of Shares,2016-04-28,2016-04-29,,,,,corporate_actions_20160401_20160430.json,NSE corporate actions API,BUYBACK OF SHARES,False,False,False,False,False,False,True,False,False,False,False,BUYBACK,,,,,,1,False,False,UNCHANGED,,NSE_2FFC24565555,ACTIVE_DATE_MATCH,False
WIPRO,Wipro Limited,EQ,2.0,Buyback Of Shares,2016-05-05,2016-05-06,,,,,corporate_actions_20160501_20160531.json,NSE corporate actions API,BUYBACK OF SHARES,False,False,False,False,False,False,True,False,False,False,False,BUYBACK,,,,,,1,False,False,UNCHANGED,,NSE_060294DF8B9D,ACTIVE_DATE_MATCH,True
FEL,Future Enterprises Limited,EQ,2.0,Scheme Of Arrangement,2016-05-11,2016-05-12,,,,,corporate_actions_20160501_20160531.json,NSE corporate actions API,SCHEME OF ARRANGEMENT,False,False,False,False,False,True,False,False,False,False,False,STRUCTURAL,,,,,,1,False,True,UNCHANGED,,NSE_EF0E9934D1DE,UNIQUE_SYMBOL_HISTORY,False
FELDVR,Future Enterprises Limited,EQ,2.0,Scheme Of Arrangement,2016-05-11,2016-05-12,,,,,corporate_actions_20160501_20160531.json,NSE corporate actions API,SCHEME OF ARRANGEMENT,False,False,False,False,False,True,False,False,False,False,False,STRUCTURAL,,,,,,1,False,True,UNCHANGED,,NSE_FEB436988103,UNIQUE_SYMBOL_HISTORY,False
JINDALPHOT,Jindal Photo Limited,EQ,10.0,Scheme Of Arrangement,2016-05-12,2016-05-13,,,,,corporate_actions_20160501_20160531.json,NSE corporate actions API,SCHEME OF ARRANGEMENT,False,False,False,False,False,True,False,False,False,False,False,STRUCTURAL,,,,,,1,False,True,UNCHANGED,,NSE_B5D2597A21BC,ACTIVE_DATE_MATCH,False
INDUSTOWER,Indus Towers Limited,EQ,10.0,Buy-Back Of Shares,2016-06-15,2016-06-16,,,,,corporate_actions_20160601_20160630.json,NSE corporate actions API,BUY-BACK OF SHARES,False,False,False,False,False,False,True,False,False,False,False,BUYBACK,,,,,,1,False,False,UNCHANGED,,NSE_EC4644B51BC9,UNIQUE_SYMBOL_HISTORY,True
SINTEX,Sintex Industries Limited,EQ,1.0,Dividend - Re 0.70/- Per Share/ Right 26:151,2016-08-08,2016-08-09,,,,,corporate_actions_20160801_20160831.json,NSE corporate actions API,DIVIDEND - RE 0.70/- PER SHARE/ RIGHT 26:151,True,False,False,False,True,False,False,False,False,False,False,RIGHTS,0.7,26.0,151.0,,,2,True,True,UNCHANGED,,NSE_7F1FE9599769,ACTIVE_DATE_MATCH,True
KTIL,Kesar Terminals & Infrastructure Limited,EQ,5.0,Bonus 1:25/ Face Value Split (Sub-Division) - From Rs 10/- Per Share To Rs 5/- Per Share,2016-08-11,2016-08-13,,,,,corporate_actions_20160801_20160831.json,NSE corporate actions API,BONUS 1:25/ FACE VALUE SPLIT (SUB-DIVISION) - FROM RS 10/- PER SHARE TO RS 5/- PER SHARE,False,True,True,False,False,False,False,False,False,False,False,SPLIT,,1.0,25.0,10.0,5.0,2,True,True,UNCHANGED,,NSE_E62BD5FD4A8A,ACTIVE_DATE_MATCH,False
JINDALSAW,Jindal Saw Limited,EQ,1.0,Scheme Of Arrangement,2016-08-25,2016-08-27,,,,,corporate_actions_20160801_20160831.json,NSE corporate actions API,SCHEME OF ARRANGEMENT,False,False,False,False,False,True,False,False,False,False,False,STRUCTURAL,,,,,,1,False,True,UNCHANGED,,NSE_D5AEC8D4EBC0,ACTIVE_DATE_MATCH,False
TCI,Transport Corporation of India Limited,EQ,2.0,Scheme Of Arrangement,2016-08-26,2016-08-29,,,,,corporate_actions_20160801_20160831.json,NSE corporate actions API,SCHEME OF ARRANGEMENT,False,False,False,False,False,True,False,False,False,False,False,STRUCTURAL,,,,,,1,False,True,UNCHANGED,,NSE_B7616A734F2C,ACTIVE_DATE_MATCH,False
BAJFINANCE,Bajaj Finance Limited,EQ,1.0,Bonus 1:1/Face Value Split (Sub-Division) - From Rs 10/- Per Share To Rs 2/- Per Share,2016-09-08,2016-09-10,,,,,corporate_actions_20160901_20160930.json,NSE corporate actions API,BONUS 1:1/FACE VALUE SPLIT (SUB-DIVISION) - FROM RS 10/- PER SHARE TO RS 2/- PER SHARE,False,True,True,False,False,False,False,False,False,False,False,SPLIT,,1.0,1.0,10.0,2.0,2,True,True,UNCHANGED,,NSE_509E811DE5D8,ACTIVE_DATE_MATCH,True
COALINDIA,Coal India Limited,EQ,10.0,Buyback Of Shares,2016-09-08,2016-09-09,,,,,corporate_actions_20160901_20160930.json,NSE corporate actions API,BUYBACK OF SHARES,False,False,False,False,False,False,True,False,False,False,False,BUYBACK,,,,,,1,False,False,UNCHANGED,,NSE_D532036F191F,ACTIVE_DATE_MATCH,True
CREST,Crest Ventures Limited,EQ,10.0,Rights 1:2@Prem Rs 40,2016-09-15,2016-09-16,,,,,corporate_actions_20160901_20160930.json,NSE corporate actions API,RIGHTS 1:2@PREM RS 40,False,False,False,False,True,False,False,False,False,False,False,RIGHTS,,1.0,2.0,,,1,False,False,UNCHANGED,,NSE_C75348EDFF3D,ACTIVE_DATE_MATCH,False
MANDHANA,Mandhana Industries Limited,EQ,10.0,Scheme Of Demerger,2016-09-22,2016-09-23,,,,,corporate_actions_20160901_20160930.json,NSE corporate actions API,SCHEME OF DEMERGER,False,False,False,False,False,True,False,False,False,False,False,STRUCTURAL,,,,,,1,False,True,UNCHANGED,,NSE_016878F56F2B,ACTIVE_DATE_MATCH,False
SECURKLOUD,SECUREKLOUD TECHNOLOGIES LIMITED,EQ,5.0,Bonus 1:3/Face Value Split (Sub-Division) - From Rs 10/- Per Share To Rs 5/- Per Share,2016-10-10,2016-10-13,,,,,corporate_actions_20161001_20161031.json,NSE corporate actions API,BONUS 1:3/FACE VALUE SPLIT (SUB-DIVISION) - FROM RS 10/- PER SHARE TO RS 5/- PER SHARE,False,True,True,False,False,False,False,False,False,False,False,SPLIT,,1.0,3.0,10.0,5.0,2,True,True,UNCHANGED,,NSE_4E27A558622E,UNIQUE_SYMBOL_HISTORY,True
CNOVAPETRO,CIL Nova Petrochemicals Limited,EQ,10.0,Rights  1:1 @ Premium Rs 4.50 Per Share,2016-10-24,2016-10-25,,,,,corporate_actions_20161001_20161031.json,NSE corporate actions API,RIGHTS 1:1 @ PREMIUM RS 4.50 PER SHARE,False,False,False,False,True,False,False,False,False,False,False,RIGHTS,,1.0,1.0,,,1,False,False,UNCHANGED,,NSE_2C0B09EF3BEE,ACTIVE_DATE_MATCH,False
KTKBANK,The Karnataka Bank Limited,EQ,10.0,Rights 1:2 @ Premium Rs 60/- Per Share,2016-10-24,2016-10-25,,,,,corporate_actions_20161001_20161031.json,NSE corporate actions API,RIGHTS 1:2 @ PREMIUM RS 60/- PER SHARE,False,False,False,False,True,False,False,False,False,False,False,RIGHTS,,1.0,2.0,,,1,False,False,UNCHANGED,,NSE_833D2F2B9358,ACTIVE_DATE_MATCH,True
ORIENTPPR,Orient Paper & Industries Limited,EQ,1.0,Rights 1:28 @ Prem Rs 67/- Per Share,2016-11-18,2016-11-21,,,,,corporate_actions_20161101_20161130.json,NSE corporate actions API,RIGHTS 1:28 @ PREM RS 67/- PER SHARE,False,False,False,False,True,False,False,False,False,False,False,RIGHTS,,1.0,28.0,,,1,False,False,UNCHANGED,,NSE_D264BCACFEAD,ACTIVE_DATE_MATCH,False
SUNILHITEC,Sunil Hitech Engineers Limited,EQ,1.0,Bonus 1:1/Face Value Split (Sub-Division) - From Rs 10/- Per Share To Re 1/- Per Share,2016-12-01,2016-12-03,,,,,corporate_actions_20161201_20161231.json,NSE corporate actions API,BONUS 1:1/FACE VALUE SPLIT (SUB-DIVISION) - FROM RS 10/- PER SHARE TO RE 1/- PER SHARE,False,True,True,False,False,False,False,False,False,False,False,SPLIT,,1.0,1.0,10.0,1.0,2,True,True,UNCHANGED,,NSE_2BEBD6F981C2,ACTIVE_DATE_MATCH,False
IDFCFIRSTB,IDFC First Bank Limited,HA,5000.0,Buyback,2016-12-08,2016-12-09,,,,,corporate_actions_20161201_20161231.json,NSE corporate actions API,BUYBACK,False,False,False,False,False,False,True,False,False,False,False,BUYBACK,,,,,,1,False,False,UNCHANGED,,NSE_D35374D82BA3,UNIQUE_SYMBOL_HISTORY,True
IDFCFIRSTB,IDFC First Bank Limited,H9,5000.0,Interest Payement/Buyback,2016-12-08,2016-12-09,,,,,corporate_actions_20161201_20161231.json,NSE corporate actions API,INTEREST PAYEMENT/BUYBACK,False,False,False,False,False,False,True,False,False,True,False,BUYBACK,,,,,,1,False,False,UNCHANGED,,NSE_D35374D82BA3,UNIQUE_SYMBOL_HISTORY,True
HEXAWARE,Hexaware Technologies Limited,EQ,2.0,Buyback,2017-01-05,2017-01-06,,,,,corporate_actions_20170101_20170131.json,NSE corporate actions API,BUYBACK,False,False,False,False,False,False,True,False,False,False,False,BUYBACK,,,,,,1,False,False,UNCHANGED,,NSE_5813C47C6758,ACTIVE_DATE_MATCH,True
SASKEN,Sasken Technologies Limited,EQ,10.0,Buyback,2017-01-05,2017-01-06,,,,,corporate_actions_20170101_20170131.json,NSE corporate actions API,BUYBACK,False,False,False,False,False,False,True,False,False,False,False,BUYBACK,,,,,,1,False,False,UNCHANGED,,NSE_0B5AA674D91D,ACTIVE_DATE_MATCH,False
VARDHACRLC,Vardhman Acrylics Limited,EQ,10.0,Buyback,2017-01-12,2017-01-13,,,,,corporate_actions_20170101_20170131.json,NSE corporate actions API,BUYBACK,False,False,False,False,False,False,True,False,False,False,False,BUYBACK,,,,,,1,False,False,UNCHANGED,,NSE_7298E07B11B6,ACTIVE_DATE_MATCH,False
APARINDS,Apar Industries Limited,EQ,10.0,Buyback,2017-01-19,2017-01-20,,,,,corporate_actions_20170101_20170131.json,NSE corporate actions API,BUYBACK,False,False,False,False,False,False,True,False,False,False,False,BUYBACK,,,,,,1,False,False,UNCHANGED,,NSE_05F316A71726,ACTIVE_DATE_MATCH,True
ORBTEXP,Orbit Exports Limited,EQ,10.0,Bonus 1:1/Interim Dividend Rs 2/- Per Share (Purpose Revised),2017-02-14,2017-02-15,,,,,corporate_actions_20170201_20170228.json,NSE corporate actions API,BONUS 1:1/INTERIM DIVIDEND RS 2/- PER SHARE (PURPOSE REVISED),True,True,False,False,False,False,False,False,False,False,False,BONUS,2.0,1.0,1.0,,,2,True,True,UNCHANGED,,NSE_133842A898AC,ACTIVE_DATE_MATCH,False
SOUTHBANK,The South Indian Bank Limited,EQ,1.0,Rights 1:3 @ Premium Rs 13/- Per Share,2017-02-16,2017-02-17,,,,,corporate_actions_20170201_20170228.json,NSE corporate actions API,RIGHTS 1:3 @ PREMIUM RS 13/- PER SHARE,False,False,False,False,True,False,False,False,False,False,False,RIGHTS,,1.0,3.0,,,1,False,False,UNCHANGED,,NSE_A80DD1EFE223,ACTIVE_DATE_MATCH,True
CANBK,Canara Bank,EQ,2.0,Rights 1:10 @ Prem Rs 197/- Per Share,2017-02-17,2017-02-20,,,,,corporate_actions_20170201_20170228.json,NSE corporate actions API,RIGHTS 1:10 @ PREM RS 197/- PER SHARE,False,False,False,False,True,False,False,False,False,False,False,RIGHTS,,1.0,10.0,,,1,False,False,UNCHANGED,,NSE_A08F17915A97,ACTIVE_DATE_MATCH,True
NHPC,NHPC Limited,EQ,10.0,Buyback,2017-02-17,2017-02-20,,,,,corporate_actions_20170201_20170228.json,NSE corporate actions API,BUYBACK,False,False,False,False,False,False,True,False,False,False,False,BUYBACK,,,,,,1,False,False,UNCHANGED,,NSE_11AC767B4B31,ACTIVE_DATE_MATCH,True
IDFCFIRSTB,IDFC First Bank Limited,HB,5000.0,Interest Payment/Buyback,2017-03-02,2017-03-03,,,,,corporate_actions_20170301_20170331.json,NSE corporate actions API,INTEREST PAYMENT/BUYBACK,False,False,False,False,False,False,True,False,False,True,False,BUYBACK,,,,,,1,False,False,UNCHANGED,,NSE_D35374D82BA3,UNIQUE_SYMBOL_HISTORY,True
KINGFA,Kingfa Science & Technology (India) Limited,EQ,10.0,Rights 18:91 @ Prem Rs 740,2017-03-09,2017-03-10,,,,,corporate_actions_20170301_20170331.json,NSE corporate actions API,RIGHTS 18:91 @ PREM RS 740,False,False,False,False,True,False,False,False,False,False,False,RIGHTS,,18.0,91.0,,,1,False,False,UNCHANGED,,NSE_BF6EC3D3C68B,ACTIVE_DATE_MATCH,False
PTL,PTL Enterprises Limited,EQ,1.0,Scheme Of Arrangement,2017-03-27,2017-03-29,,,,,corporate_actions_20170301_20170331.json,NSE corporate actions API,SCHEME OF ARRANGEMENT,False,False,False,False,False,True,False,False,False,False,False,STRUCTURAL,,,,,,1,False,True,UNCHANGED,,NSE_C8106F8694C9,ACTIVE_DATE_MATCH,False
MAHLIFE,Mahindra Lifespace Developers Limited,EQ,10.0,Rights 1:4 @ Premium Rs 282/-,2017-03-30,2017-03-31,,,,,corporate_actions_20170301_20170331.json,NSE corporate actions API,RIGHTS 1:4 @ PREMIUM RS 282/-,False,False,False,False,True,False,False,False,False,False,False,RIGHTS,,1.0,4.0,,,1,False,False,UNCHANGED,,NSE_57304F91501D,ACTIVE_DATE_MATCH,True
MPHASIS,MphasiS Limited,EQ,10.0,Buyback,2017-03-30,2017-03-31,,,,,corporate_actions_20170301_20170331.json,NSE corporate actions API,BUYBACK,False,False,False,False,False,False,True,False,False,False,False,BUYBACK,,,,,,1,False,False,UNCHANGED,,NSE_D3E18AD37B1B,ACTIVE_DATE_MATCH,True
OIL,Oil India Limited,EQ,10.0,Buyback,2017-04-03,2017-04-05,,,,,corporate_actions_20170401_20170430.json,NSE corporate actions API,BUYBACK,False,False,False,False,False,False,True,False,False,False,False,BUYBACK,,,,,,1,False,False,UNCHANGED,,NSE_EA1AF0D86D36,ACTIVE_DATE_MATCH,True
VSSL,Vardhman Special Steels Limited,EQ,10.0,Rights 2:3 @ Premium Rs 40/-,2017-04-07,2017-04-10,,,,,corporate_actions_20170401_20170430.json,NSE corporate actions API,RIGHTS 2:3 @ PREMIUM RS 40/-,False,False,False,False,True,False,False,False,False,False,False,RIGHTS,,2.0,3.0,,,1,False,False,UNCHANGED,,NSE_372D70A3CB9D,ACTIVE_DATE_MATCH,False
BEARDSELL,Beardsell Limited,EQ,2.0,Bonus 1:5/Face Value Split (Sub-Division) - From Rs 10/- Per Share To Rs 2/- Per Share,2017-05-04,2017-05-05,,,,,corporate_actions_20170501_20170531.json,NSE corporate actions API,BONUS 1:5/FACE VALUE SPLIT (SUB-DIVISION) - FROM RS 10/- PER SHARE TO RS 2/- PER SHARE,False,True,True,False,False,False,False,False,False,False,False,SPLIT,,1.0,5.0,10.0,2.0,2,True,True,UNCHANGED,,NSE_C37DE013F08B,ACTIVE_DATE_MATCH,False
TCS,Tata Consultancy Services Limited,EQ,1.0,Buyback,2017-05-05,2017-05-08,,,,,corporate_actions_20170501_20170531.json,NSE corporate actions API,BUYBACK,False,False,False,False,False,False,True,False,False,False,False,BUYBACK,,,,,,1,False,False,UNCHANGED,,NSE_DBD0EB2724E0,ACTIVE_DATE_MATCH,True
MARATHON,Marathon Nextgen Realty Limited,EQ,5.0,Buyback,2017-05-11,2017-05-12,,,,,corporate_actions_20170501_20170531.json,NSE corporate actions API,BUYBACK,False,False,False,False,False,False,True,False,False,False,False,BUYBACK,,,,,,1,False,False,UNCHANGED,,NSE_2AD03063DBF3,ACTIVE_DATE_MATCH,False
HCLTECH,HCL Technologies Limited,EQ,2.0,Buyback/Interim Dividend Rs 6/- Per Share (Purpose Revised),2017-05-24,2017-05-25,,,,,corporate_actions_20170501_20170531.json,NSE corporate actions API,BUYBACK/INTERIM DIVIDEND RS 6/- PER SHARE (PURPOSE REVISED),True,False,False,False,False,False,True,False,False,False,False,DIVIDEND,6.0,,,,,2,True,True,UNCHANGED,,NSE_E50226C18398,ACTIVE_DATE_MATCH,True
HINDCOMPOS,Hindustan Composites Limited,EQ,5.0,Bonus 1:2/Face Value Split (Sub-Division) From Rs 10 Per Share To Rs 5 Per Share,2017-05-25,2017-05-26,,,,,corporate_actions_20170501_20170531.json,NSE corporate actions API,BONUS 1:2/FACE VALUE SPLIT (SUB-DIVISION) FROM RS 10 PER SHARE TO RS 5 PER SHARE,False,True,True,False,False,False,False,False,False,False,False,SPLIT,,1.0,2.0,10.0,5.0,2,True,True,UNCHANGED,,NSE_7147F37D66F5,ACTIVE_DATE_MATCH,False
SINTEX,Sintex Industries Limited,EQ,1.0,Scheme Of Arrangement,2017-05-25,2017-05-26,,,,,corporate_actions_20170501_20170531.json,NSE corporate actions API,SCHEME OF ARRANGEMENT,False,False,False,False,False,True,False,False,False,False,False,STRUCTURAL,,,,,,1,False,True,UNCHANGED,,NSE_7F1FE9599769,ACTIVE_DATE_MATCH,False
JBCHEPHARM,JB Chemicals & Pharmaceuticals Limited,EQ,1.0,Buyback,2017-06-01,2017-06-02,,,,,corporate_actions_20170601_20170630.json,NSE corporate actions API,BUYBACK,False,False,False,False,False,False,True,False,False,False,False,BUYBACK,,,,,,1,False,False,UNCHANGED,,NSE_3FEBC275AA7F,ACTIVE_DATE_MATCH,True
RGL,Renaissance Global Limited,EQ,2.0,Buyback,2017-06-09,2017-06-12,,,,,corporate_actions_20170601_20170630.json,NSE corporate actions API,BUYBACK,False,False,False,False,False,False,True,False,False,False,False,BUYBACK,,,,,,1,False,False,UNCHANGED,,NSE_070598D66DB3,UNIQUE_SYMBOL_HISTORY,False
OMKARCHEM,Omkar Speciality Chemicals Limited,EQ,10.0,Scheme Of Arrangement,2017-06-12,2017-06-13,,,,,corporate_actions_20170601_20170630.json,NSE corporate actions API,SCHEME OF ARRANGEMENT,False,False,False,False,False,True,False,False,False,False,False,STRUCTURAL,,,,,,1,False,True,UNCHANGED,,NSE_4FAD6C9DE66F,ACTIVE_DATE_MATCH,False
KSCL,Kaveri Seed Company Limited,EQ,2.0,Buyback,2017-06-15,2017-06-16,,,,,corporate_actions_20170601_20170630.json,NSE corporate actions API,BUYBACK,False,False,False,False,False,False,True,False,False,False,False,BUYBACK,,,,,,1,False,False,UNCHANGED,,NSE_8B27DC002544,ACTIVE_DATE_MATCH,True
TTKPRESTIG,TTK Prestige Limited,EQ,1.0,Buyback,2017-06-15,2017-06-16,,,,,corporate_actions_20170601_20170630.json,NSE corporate actions API,BUYBACK,False,False,False,False,False,False,True,False,False,False,False,BUYBACK,,,,,,1,False,False,UNCHANGED,,NSE_9BCCFC53AEB0,ACTIVE_DATE_MATCH,True
ICICIBANK,ICICI Bank Limited,EQ,2.0,Annual General Meeting/Dividend - Rs 2.50 Per Share/Bonus 1:10 (Revised),2017-06-20,,2017-06-22,2017-06-24,,,corporate_actions_20170601_20170630.json,NSE corporate actions API,ANNUAL GENERAL MEETING/DIVIDEND - RS 2.50 PER SHARE/BONUS 1:10 (REVISED),True,True,False,False,False,False,False,False,True,False,False,BONUS,2.5,1.0,10.0,,,2,True,True,UNCHANGED,,NSE_63BFA94D0485,ACTIVE_DATE_MATCH,True
SMSPHARMA,SMS Pharmaceuticals Limited,EQ,1.0,Scheme Of Arrangement,2017-06-22,2017-06-23,,,,,corporate_actions_20170601_20170630.json,NSE corporate actions API,SCHEME OF ARRANGEMENT,False,False,False,False,False,True,False,False,False,False,False,STRUCTURAL,,,,,,1,False,True,UNCHANGED,,NSE_E01533E7B197,ACTIVE_DATE_MATCH,False
ENGINERSIN,Engineers India Limited,EQ,5.0,Buyback,2017-06-28,2017-06-29,,,,,corporate_actions_20170601_20170630.json,NSE corporate actions API,BUYBACK,False,False,False,False,False,False,True,False,False,False,False,BUYBACK,,,,,,1,False,False,UNCHANGED,,NSE_7468CCFC85B1,ACTIVE_DATE_MATCH,True
NUCLEUS,Nucleus Software Exports Limited,EQ,10.0,Buyback,2017-06-29,2017-06-30,,,,,corporate_actions_20170601_20170630.json,NSE corporate actions API,BUYBACK,False,False,False,False,False,False,True,False,False,False,False,BUYBACK,,,,,,1,False,False,UNCHANGED,,NSE_2A7BBB221AEF,ACTIVE_DATE_MATCH,False
JSWENERGY,JSW Energy Limited,EQ,10.0,Annual General Meeting/ Dividend - Re 0.0 Per Share,2017-06-30,,2017-07-04,2017-07-13,,,corporate_actions_20170601_20170630.json,NSE corporate actions API,ANNUAL GENERAL MEETING/ DIVIDEND - RE 0.0 PER SHARE,True,False,False,False,False,False,False,False,True,False,False,DIVIDEND,,,,,,1,False,True,UNCHANGED,,NSE_BF592878D9DA,ACTIVE_DATE_MATCH,True
CGCL,Capri Global Capital Limited,EQ,1.0,Annual General Meeting/Dividend - Re 0..30 Per Share,2017-07-05,,2017-07-07,2017-07-17,,,corporate_actions_20170701_20170731.json,NSE corporate actions API,ANNUAL GENERAL MEETING/DIVIDEND - RE 0..30 PER SHARE,True,False,False,False,False,False,False,False,True,False,False,DIVIDEND,,,,,,1,False,True,UNCHANGED,,NSE_E7891F352261,ACTIVE_DATE_MATCH,False
MINDTREE,MindTree Limited,EQ,10.0,Buyback,2017-07-10,2017-07-11,,,,,corporate_actions_20170701_20170731.json,NSE corporate actions API,BUYBACK,False,False,False,False,False,False,True,False,False,False,False,BUYBACK,,,,,,1,False,False,UNCHANGED,,NSE_FF6FC74E85C1,ACTIVE_DATE_MATCH,True
HINDPETRO,Hindustan Petroleum Corporation Limited,EQ,10.0,Bonus 1:2/ Dividend - Rs 1.10 Per Share,2017-07-11,2017-07-12,,,,,corporate_actions_20170701_20170731.json,NSE corporate actions API,BONUS 1:2/ DIVIDEND - RS 1.10 PER SHARE,True,True,False,False,False,False,False,False,False,False,False,BONUS,1.1,1.0,2.0,,,2,True,True,UNCHANGED,,NSE_B0B59A3FBF07,ACTIVE_DATE_MATCH,True
INTELLECT,Intellect Design Arena Limited,EQ,5.0,Rights 5:22 @ Premium Rs 81/-,2017-07-17,2017-07-18,,,,,corporate_actions_20170701_20170731.json,NSE corporate actions API,RIGHTS 5:22 @ PREMIUM RS 81/-,False,False,False,False,True,False,False,False,False,False,False,RIGHTS,,5.0,22.0,,,1,False,False,UNCHANGED,,NSE_B3968699E9E2,ACTIVE_DATE_MATCH,True
GRASIM,Grasim Industries Limited,EQ,2.0,Scheme Of Arrangement,2017-07-19,2017-07-20,,,,,corporate_actions_20170701_20170731.json,NSE corporate actions API,SCHEME OF ARRANGEMENT,False,False,False,False,False,True,False,False,False,False,False,STRUCTURAL,,,,,,1,False,True,UNCHANGED,,NSE_951F0DE091F9,ACTIVE_DATE_MATCH,False
MENONBE,Menon Bearings Limited,EQ,1.0,Interim Dividend,2017-07-31,2017-08-01,,,,,corporate_actions_20170701_20170731.json,NSE corporate actions API,INTERIM DIVIDEND,True,False,False,False,False,False,False,False,False,False,False,DIVIDEND,,,,,,1,False,True,UNCHANGED,,NSE_B3B67D41D782,ACTIVE_DATE_MATCH,False
DWARKESH,Dwarikesh Sugar Industries Limited,EQ,1.0,Annual General Meeting/Dividend - Rs 10 Per Share/Face Value Split (Sub-Division) - From Rs 10/- Per Share To Re 1/- Per Share (Purpose Revised),2017-08-10,,2017-08-12,2017-08-19,,,corporate_actions_20170801_20170831.json,NSE corporate actions API,ANNUAL GENERAL MEETING/DIVIDEND - RS 10 PER SHARE/FACE VALUE SPLIT (SUB-DIVISION) - FROM RS 10/- PER SHARE TO RE 1/- PER SHARE (PURPOSE REVISED),True,False,True,False,False,False,False,False,True,False,False,SPLIT,10.0,,,10.0,1.0,2,True,True,UNCHANGED,,NSE_D0F45BD3D912,ACTIVE_DATE_MATCH,False
SRF,SRF Limited,EQ,10.0,Interim Dividend,2017-08-16,2017-08-18,,,,,corporate_actions_20170801_20170831.json,NSE corporate actions API,INTERIM DIVIDEND,True,False,False,False,False,False,False,False,False,False,False,DIVIDEND,,,,,,1,False,True,UNCHANGED,,NSE_984031314A32,ACTIVE_DATE_MATCH,True
SOBHA,Sobha Limited,EQ,10.0,Buyback,2017-08-24,2017-08-28,,,,,corporate_actions_20170801_20170831.json,NSE corporate actions API,BUYBACK,False,False,False,False,False,False,True,False,False,False,False,BUYBACK,,,,,,1,False,False,UNCHANGED,,NSE_EB6FFADD9772,ACTIVE_DATE_MATCH,True
VINATIORGA,Vinati Organics Limited,EQ,1.0,Buyback,2017-08-31,2017-09-01,,,,,corporate_actions_20170801_20170831.json,NSE corporate actions API,BUYBACK,False,False,False,False,False,False,True,False,False,False,False,BUYBACK,,,,,,1,False,False,UNCHANGED,,NSE_FD70F2989DA1,ACTIVE_DATE_MATCH,True
RELCAPITAL,Reliance Capital Limited,EQ,10.0,Scheme Of Arrangement,2017-09-05,2017-09-06,,,,,corporate_actions_20170901_20170930.json,NSE corporate actions API,SCHEME OF ARRANGEMENT,False,False,False,False,False,True,False,False,False,False,False,STRUCTURAL,,,,,,1,False,True,UNCHANGED,,NSE_2B12B6998928,ACTIVE_DATE_MATCH,False
IFGLREFRAC,IFGL Refractories Limited,EQ,10.0,Scheme Of Amalgamation,2017-09-14,2017-09-15,,,,,corporate_actions_20170901_20170930.json,NSE corporate actions API,SCHEME OF AMALGAMATION,False,False,False,False,False,True,False,False,False,False,False,STRUCTURAL,,,,,,1,False,True,UNCHANGED,,NSE_AC2B89FDF2B0,UNIQUE_SYMBOL_HISTORY,False
WIPRO,Wipro Limited,EQ,2.0,Buyback,2017-09-14,2017-09-15,,,,,corporate_actions_20170901_20170930.json,NSE corporate actions API,BUYBACK,False,False,False,False,False,False,True,False,False,False,False,BUYBACK,,,,,,1,False,False,UNCHANGED,,NSE_060294DF8B9D,ACTIVE_DATE_MATCH,True
INDHOTEL,The Indian Hotels Company Limited,EQ,1.0,Rights 1:5 @ Premium Rs 74/-,2017-10-04,2017-10-05,,,,,corporate_actions_20171001_20171031.json,NSE corporate actions API,RIGHTS 1:5 @ PREMIUM RS 74/-,False,False,False,False,True,False,False,False,False,False,False,RIGHTS,,1.0,5.0,,,1,False,False,UNCHANGED,,NSE_981D18E0A068,ACTIVE_DATE_MATCH,True
ZEEMEDIA,Zee Media Corporation Limited,EQ,1.0,Scheme Of Arrangement,2017-10-05,2017-10-06,,,,,corporate_actions_20171001_20171031.json,NSE corporate actions API,SCHEME OF ARRANGEMENT,False,False,False,False,False,True,False,False,False,False,False,STRUCTURAL,,,,,,1,False,True,UNCHANGED,,NSE_A6A079127B7A,ACTIVE_DATE_MATCH,False
KARURVYSYA,Karur Vysya Bank Limited,EQ,2.0,Rights 1:6 @ Premium Rs 74/-,2017-10-12,2017-10-13,,,,,corporate_actions_20171001_20171031.json,NSE corporate actions API,RIGHTS 1:6 @ PREMIUM RS 74/-,False,False,False,False,True,False,False,False,False,False,False,RIGHTS,,1.0,6.0,,,1,False,False,UNCHANGED,,NSE_2F2EB4A88F22,ACTIVE_DATE_MATCH,True
HIRECT,Hirect Limited,EQ,2.0,Rights 1:10 @ Premium Rs 78/-,2017-10-17,2017-10-18,,,,,corporate_actions_20171001_20171031.json,NSE corporate actions API,RIGHTS 1:10 @ PREMIUM RS 78/-,False,False,False,False,True,False,False,False,False,False,False,RIGHTS,,1.0,10.0,,,1,False,False,UNCHANGED,,NSE_95EA867C87C4,ACTIVE_DATE_MATCH,False
IIFL,IIFL Finance Limited,EQ,2.0,Scheme Of Arrangement,2017-10-17,2017-10-18,,,,,corporate_actions_20171001_20171031.json,NSE corporate actions API,SCHEME OF ARRANGEMENT,False,False,False,False,False,True,False,False,False,False,False,STRUCTURAL,,,,,,1,False,True,UNCHANGED,,NSE_F96D3907BEE7,ACTIVE_DATE_MATCH,False
HCL-INSYS,HCL Infosystems Limited,EQ,2.0,Rights 10:21 @ Premium Rs 45/-,2017-10-31,2017-11-01,,,,,corporate_actions_20171001_20171031.json,NSE corporate actions API,RIGHTS 10:21 @ PREMIUM RS 45/-,False,False,False,False,True,False,False,False,False,False,False,RIGHTS,,10.0,21.0,,,1,False,False,UNCHANGED,,NSE_AB585951AF9C,ACTIVE_DATE_MATCH,True
INFY,Infosys Limited,EQ,5.0,Buyback,2017-10-31,2017-11-01,,,,,corporate_actions_20171001_20171031.json,NSE corporate actions API,BUYBACK,False,False,False,False,False,False,True,False,False,False,False,BUYBACK,,,,,,1,False,False,UNCHANGED,,NSE_6A68B38036FB,ACTIVE_DATE_MATCH,True
SHIVTEX,Shiva Texyarn Limited,EQ,10.0,Scheme Of Arrangement,2017-11-03,2017-11-06,,,,,corporate_actions_20171101_20171130.json,NSE corporate actions API,SCHEME OF ARRANGEMENT,False,False,False,False,False,True,False,False,False,False,False,STRUCTURAL,,,,,,1,False,True,UNCHANGED,,NSE_2ED3E99F65D0,UNIQUE_SYMBOL_HISTORY,False
VIPCLOTHNG,VIP Clothing Limited,EQ,2.0,Rights 1:4 @ Premium Rs 24/-,2017-11-17,2017-11-20,,,,,corporate_actions_20171101_20171130.json,NSE corporate actions API,RIGHTS 1:4 @ PREMIUM RS 24/-,False,False,False,False,True,False,False,False,False,False,False,RIGHTS,,1.0,4.0,,,1,False,False,UNCHANGED,,NSE_69BBABD3853C,ACTIVE_DATE_MATCH,False
FRETAIL,Future Retail Limited,EQ,2.0,Scheme Of Arrangement,2017-11-29,2017-11-30,,,,,corporate_actions_20171101_20171130.json,NSE corporate actions API,SCHEME OF ARRANGEMENT,False,False,False,False,False,True,False,False,False,False,False,STRUCTURAL,,,,,,1,False,True,UNCHANGED,,NSE_E987DDA51421,ACTIVE_DATE_MATCH,False
MAYURUNIQ,Mayur Uniquoters Ltd,EQ,5.0,Buyback,2017-11-29,2017-12-02,,,,,corporate_actions_20171101_20171130.json,NSE corporate actions API,BUYBACK,False,False,False,False,False,False,True,False,False,False,False,BUYBACK,,,,,,1,False,False,UNCHANGED,,NSE_E8494F35C12B,ACTIVE_DATE_MATCH,False
LAKSHVILAS,Lakshmi Vilas Bank Limited,EQ,10.0,Rights 1:3 @ Premium Rs 112/-,2017-12-05,2017-12-06,,,,,corporate_actions_20171201_20171231.json,NSE corporate actions API,RIGHTS 1:3 @ PREMIUM RS 112/-,False,False,False,False,True,False,False,False,False,False,False,RIGHTS,,1.0,3.0,,,1,False,False,UNCHANGED,,NSE_0E88CB8DDD57,ACTIVE_DATE_MATCH,True
LOVABLE,Lovable Lingerie Limited,EQ,10.0,Buyback,2017-12-07,2017-12-08,,,,,corporate_actions_20171201_20171231.json,NSE corporate actions API,BUYBACK,False,False,False,False,False,False,True,False,False,False,False,BUYBACK,,,,,,1,False,False,UNCHANGED,,NSE_7CDA5DAD8C0C,ACTIVE_DATE_MATCH,False
SUMEETINDS,Sumeet Industries Limited,EQ,2.0,Rights 3:7 @ Premium Rs 14/-,2017-12-15,2017-12-18,,,,,corporate_actions_20171201_20171231.json,NSE corporate actions API,RIGHTS 3:7 @ PREMIUM RS 14/-,False,False,False,False,True,False,False,False,False,False,False,RIGHTS,,3.0,7.0,,,1,False,False,UNCHANGED,,NSE_6940E3565041,ACTIVE_DATE_MATCH,False
SHALPAINTS,Shalimar Paints Limited,EQ,2.0,Rights 6:32 @ Premium Rs 138/-,2017-12-28,2017-12-29,,,,,corporate_actions_20171201_20171231.json,NSE corporate actions API,RIGHTS 6:32 @ PREMIUM RS 138/-,False,False,False,False,True,False,False,False,False,False,False,RIGHTS,,6.0,32.0,,,1,False,False,UNCHANGED,,NSE_716B25C5D035,ACTIVE_DATE_MATCH,False
AARTIIND,Aarti Industries Limited,EQ,5.0,Buyback,2018-01-04,2018-01-05,,,,,corporate_actions_20180101_20180131.json,NSE corporate actions API,BUYBACK,False,False,False,False,False,False,True,False,False,False,False,BUYBACK,,,,,,1,False,False,UNCHANGED,,NSE_81E1BA306A07,ACTIVE_DATE_MATCH,True
ORIENTPPR,Orient Paper & Industries Limited,EQ,1.0,Scheme Of Arrangement,2018-01-11,2018-01-12,,,,,corporate_actions_20180101_20180131.json,NSE corporate actions API,SCHEME OF ARRANGEMENT,False,False,False,False,False,True,False,False,False,False,False,STRUCTURAL,,,,,,1,False,True,UNCHANGED,,NSE_D264BCACFEAD,ACTIVE_DATE_MATCH,False
SWARAJENG,Swaraj Engines Limited,EQ,10.0,Buyback,2018-01-11,2018-01-12,,,,,corporate_actions_20180101_20180131.json,NSE corporate actions API,BUYBACK,False,False,False,False,False,False,True,False,False,False,False,BUYBACK,,,,,,1,False,False,UNCHANGED,,NSE_7A24E610012A,ACTIVE_DATE_MATCH,False
TIIL,Technocraft Industries (India) Limited,EQ,10.0,Buyback,2018-01-11,2018-01-12,,,,,corporate_actions_20180101_20180131.json,NSE corporate actions API,BUYBACK,False,False,False,False,False,False,True,False,False,False,False,BUYBACK,,,,,,1,False,False,UNCHANGED,,NSE_3D90FA1937EF,ACTIVE_DATE_MATCH,False
SJVN,SJVN Limited,EQ,10.0,Buyback,2018-01-17,2018-01-18,,,,,corporate_actions_20180101_20180131.json,NSE corporate actions API,BUYBACK,False,False,False,False,False,False,True,False,False,False,False,BUYBACK,,,,,,1,False,False,UNCHANGED,,NSE_7127DE38999E,ACTIVE_DATE_MATCH,True
AARTIDRUGS,Aarti Drugs Limited,EQ,10.0,Buyback,2018-01-18,2018-01-19,,,,,corporate_actions_20180101_20180131.json,NSE corporate actions API,BUYBACK,False,False,False,False,False,False,True,False,False,False,False,BUYBACK,,,,,,1,False,False,UNCHANGED,,NSE_6B14B0471978,ACTIVE_DATE_MATCH,False
ORBTEXP,Orbit Exports Limited,EQ,10.0,Buyback,2018-01-18,2018-01-19,,,,,corporate_actions_20180101_20180131.json,NSE corporate actions API,BUYBACK,False,False,False,False,False,False,True,False,False,False,False,BUYBACK,,,,,,1,False,False,UNCHANGED,,NSE_133842A898AC,ACTIVE_DATE_MATCH,False
GAYAPROJ,Gayatri Projects Limited,EQ,2.0,Scheme Of Arrangement,2018-01-30,2018-01-31,,,,,corporate_actions_20180101_20180131.json,NSE corporate actions API,SCHEME OF ARRANGEMENT,False,False,False,False,False,True,False,False,False,False,False,STRUCTURAL,,,,,,1,False,True,UNCHANGED,,NSE_1EDC5AB6BDE5,ACTIVE_DATE_MATCH,False
PEL,Piramal Enterprises Limited,EQ,2.0,Rights 1:23 @ Premium Rs 2378/-,2018-01-31,2018-02-01,,,,,corporate_actions_20180101_20180131.json,NSE corporate actions API,RIGHTS 1:23 @ PREMIUM RS 2378/-,False,False,False,False,True,False,False,False,False,False,False,RIGHTS,,1.0,23.0,,,1,False,False,UNCHANGED,,NSE_A4B76A210E61,ACTIVE_DATE_MATCH,True
TATASTEEL,Tata Steel Limited,EQ,1.0,Rights - 4:25 Fully Paid Up Shares @ Premium Rs 500/- Per Share / 2:25 Partly Paid Up Shares @ Premium Rs 605/- Per Share,2018-01-31,2018-02-01,,,,,corporate_actions_20180101_20180131.json,NSE corporate actions API,RIGHTS - 4:25 FULLY PAID UP SHARES @ PREMIUM RS 500/- PER SHARE / 2:25 PARTLY PAID UP SHARES @ PREMIUM RS 605/- PER SHARE,False,False,False,False,True,False,False,False,False,False,False,RIGHTS,,4.0,25.0,,,1,False,False,UNCHANGED,,NSE_8D39D27D1A12,ACTIVE_DATE_MATCH,True
SUNDARMFIN,Sundaram Finance Limited,EQ,10.0,Scheme Of Arrangement,2018-02-01,2018-02-02,,,,,corporate_actions_20180201_20180228.json,NSE corporate actions API,SCHEME OF ARRANGEMENT,False,False,False,False,False,True,False,False,False,False,False,STRUCTURAL,,,,,,1,False,True,UNCHANGED,,NSE_D33E443DE34A,ACTIVE_DATE_MATCH,False
ECLERX,eClerx Services Limited,EQ,10.0,Buyback,2018-02-02,2018-02-05,,,,,corporate_actions_20180201_20180228.json,NSE corporate actions API,BUYBACK,False,False,False,False,False,False,True,False,False,False,False,BUYBACK,,,,,,1,False,False,UNCHANGED,,NSE_2F62FAA6E00D,ACTIVE_DATE_MATCH,True
BEL,Bharat Electronics Limited,EQ,1.0,Buyback,2018-02-08,2018-02-09,,,,,corporate_actions_20180201_20180228.json,NSE corporate actions API,BUYBACK,False,False,False,False,False,False,True,False,False,False,False,BUYBACK,,,,,,1,False,False,UNCHANGED,,NSE_64F9D3F9FC06,ACTIVE_DATE_MATCH,True
GANDHITUBE,Gandhi Special Tubes Limited,EQ,5.0,Buyback,2018-02-08,2018-02-09,,,,,corporate_actions_20180201_20180228.json,NSE corporate actions API,BUYBACK,False,False,False,False,False,False,True,False,False,False,False,BUYBACK,,,,,,1,False,False,UNCHANGED,,NSE_849F12483618,ACTIVE_DATE_MATCH,False
SOTL,Savita Oil Technologies Limited,EQ,2.0,Buyback,2018-02-08,2018-02-09,,,,,corporate_actions_20180201_20180228.json,NSE corporate actions API,BUYBACK,False,False,False,False,False,False,True,False,False,False,False,BUYBACK,,,,,,1,False,False,UNCHANGED,,NSE_65C212D15FAC,ACTIVE_DATE_MATCH,False
DHANI,Dhani Services Limited,EQ,2.0,Rights 3:16 @ Premium Rs 238/-,2018-02-09,2018-02-12,,,,,corporate_actions_20180201_20180228.json,NSE corporate actions API,RIGHTS 3:16 @ PREMIUM RS 238/-,False,False,False,False,True,False,False,False,False,False,False,RIGHTS,,3.0,16.0,,,1,False,False,UNCHANGED,,NSE_B0F020774F39,UNIQUE_SYMBOL_HISTORY,True
PIDILITIND,Pidilite Industries Limited,EQ,1.0,Buyback,2018-02-09,2018-02-12,,,,,corporate_actions_20180201_20180228.json,NSE corporate actions API,BUYBACK,False,False,False,False,False,False,True,False,False,False,False,BUYBACK,,,,,,1,False,False,UNCHANGED,,NSE_755A5F4A31A8,ACTIVE_DATE_MATCH,True
UNICHEMLAB,Unichem Laboratories Limited,EQ,2.0,Buyback,2018-02-15,2018-02-16,,,,,corporate_actions_20180201_20180228.json,NSE corporate actions API,BUYBACK,False,False,False,False,False,False,True,False,False,False,False,BUYBACK,,,,,,1,False,False,UNCHANGED,,NSE_11D6411F8FF1,ACTIVE_DATE_MATCH,True
MOIL,MOIL Limited,EQ,10.0,Buyback,2018-02-16,2018-02-20,,,,,corporate_actions_20180201_20180228.json,NSE corporate actions API,BUYBACK,False,False,False,False,False,False,True,False,False,False,False,BUYBACK,,,,,,1,False,False,UNCHANGED,,NSE_D9F56642B79E,ACTIVE_DATE_MATCH,True
FDC,FDC Limited,EQ,1.0,Buyback,2018-02-26,2018-02-27,,,,,corporate_actions_20180201_20180228.json,NSE corporate actions API,BUYBACK,False,False,False,False,False,False,True,False,False,False,False,BUYBACK,,,,,,1,False,False,UNCHANGED,,NSE_F0C8DB46A2B5,ACTIVE_DATE_MATCH,False
BALRAMCHIN,Balrampur Chini Mills Limited,EQ,1.0,Buyback,2018-03-05,2018-03-06,,,,,corporate_actions_20180301_20180331.json,NSE corporate actions API,BUYBACK,False,False,False,False,False,False,True,False,False,False,False,BUYBACK,,,,,,1,False,False,UNCHANGED,,NSE_D7CAF5D174A7,ACTIVE_DATE_MATCH,True
KPRMILL,K.P.R. Mill Limited,EQ,1.0,Buyback,2018-03-06,2018-03-07,,,,,corporate_actions_20180301_20180331.json,NSE corporate actions API,BUYBACK,False,False,False,False,False,False,True,False,False,False,False,BUYBACK,,,,,,1,False,False,UNCHANGED,,NSE_03C46C5018D2,ACTIVE_DATE_MATCH,True
STAN,Standard Chartered PLC,DR,,Dividend,2018-03-08,2018-03-09,,,,,corporate_actions_20180301_20180331.json,NSE corporate actions API,DIVIDEND,True,False,False,False,False,False,False,False,False,False,False,DIVIDEND,,,,,,1,False,True,UNCHANGED,,,NO_OBSERVED_SYMBOL,False
ALEMBICLTD,Alembic Limited,EQ,2.0,Buyback,2018-03-22,2018-03-23,,,,,corporate_actions_20180301_20180331.json,NSE corporate actions API,BUYBACK,False,False,False,False,False,False,True,False,False,False,False,BUYBACK,,,,,,1,False,False,UNCHANGED,,NSE_C9C5A501D2C2,ACTIVE_DATE_MATCH,False
TALWALKARS,Talwalkars Better Value Fitness Limited,EQ,10.0,Scheme Of Arrangement,2018-03-27,2018-03-28,,,,,corporate_actions_20180301_20180331.json,NSE corporate actions API,SCHEME OF ARRANGEMENT,False,False,False,False,False,True,False,False,False,False,False,STRUCTURAL,,,,,,1,False,True,UNCHANGED,,NSE_6597B043CE40,ACTIVE_DATE_MATCH,False
ADANIENT,Adani Enterprises Limited,EQ,1.0,Scheme Of Arrangement,2018-04-05,2018-04-06,,,,,corporate_actions_20180401_20180430.json,NSE corporate actions API,SCHEME OF ARRANGEMENT,False,False,False,False,False,True,False,False,False,False,False,STRUCTURAL,,,,,,1,False,True,UNCHANGED,,NSE_42CD50DCCBD6,ACTIVE_DATE_MATCH,False
STAR,Strides Pharma Science Limited,EQ,10.0,Scheme Of Arrangement,2018-04-06,2018-04-09,,,,,corporate_actions_20180401_20180430.json,NSE corporate actions API,SCHEME OF ARRANGEMENT,False,False,False,False,False,True,False,False,False,False,False,STRUCTURAL,,,,,,1,False,True,UNCHANGED,,NSE_72AFBEE07E5D,ACTIVE_DATE_MATCH,False
VIYASH,Viyash Scientific Limited,EQ,2.0,Scheme Of Arrangement,2018-04-06,2018-04-09,,,,,corporate_actions_20180401_20180430.json,NSE corporate actions API,SCHEME OF ARRANGEMENT,False,False,False,False,False,True,False,False,False,False,False,STRUCTURAL,,,,,,1,False,True,UNCHANGED,,,NO_OBSERVED_SYMBOL,False
SMARTLINK,Smartlink Holdings Limited,EQ,2.0,Buyback,2018-05-17,2018-05-18,,,,,corporate_actions_20180501_20180531.json,NSE corporate actions API,BUYBACK,False,False,False,False,False,False,True,False,False,False,False,BUYBACK,,,,,,1,False,False,UNCHANGED,,NSE_2FFC24565555,ACTIVE_DATE_MATCH,False
HATSUN,Hatsun Agro Product Limited,EQ,1.0,Interim Dividend- Rs 3 Per Share / Rights 1:16 @ Premium Rs 554 Per Share,2018-05-31,2018-06-01,,,,,corporate_actions_20180501_20180531.json,NSE corporate actions API,INTERIM DIVIDEND- RS 3 PER SHARE / RIGHTS 1:16 @ PREMIUM RS 554 PER SHARE,True,False,False,False,True,False,False,False,False,False,False,RIGHTS,3.0,1.0,16.0,,,2,True,True,UNCHANGED,,NSE_AF4B789C4B78,ACTIVE_DATE_MATCH,True
TCS,Tata Consultancy Services Limited,EQ,1.0,Bonus 1:1 /Dividend- Rs 29 Per Share,2018-05-31,2018-06-02,,,,,corporate_actions_20180501_20180531.json,NSE corporate actions API,BONUS 1:1 /DIVIDEND- RS 29 PER SHARE,True,True,False,False,False,False,False,False,False,False,False,BONUS,29.0,1.0,1.0,,,2,True,True,UNCHANGED,,NSE_DBD0EB2724E0,ACTIVE_DATE_MATCH,True
JSWDULUX,JSW Dulux Limited,EQ,10.0,Buyback,2018-06-06,2018-06-07,,,,,corporate_actions_20180601_20180630.json,NSE corporate actions API,BUYBACK,False,False,False,False,False,False,True,False,False,False,False,BUYBACK,,,,,,1,False,False,UNCHANGED,,,NO_OBSERVED_SYMBOL,False
JAGRAN,Jagran Prakashan Limited,EQ,2.0,Buyback,2018-06-14,2018-06-15,,,,,corporate_actions_20180601_20180630.json,NSE corporate actions API,BUYBACK,False,False,False,False,False,False,True,False,False,False,False,BUYBACK,,,,,,1,False,False,UNCHANGED,,NSE_5E4B839E941A,ACTIVE_DATE_MATCH,True
NILAINFRA,Nila Infrastructures Limited,EQ,1.0,Scheme Of Arrangement,2018-06-14,2018-06-15,,,,,corporate_actions_20180601_20180630.json,NSE corporate actions API,SCHEME OF ARRANGEMENT,False,False,False,False,False,True,False,False,False,False,False,STRUCTURAL,,,,,,1,False,True,UNCHANGED,,NSE_8CDE78C40B57,ACTIVE_DATE_MATCH,False
EMAMILTD,Emami Limited,EQ,1.0,Bonus 1:1/Dividend- Rs 7 Per Share,2018-06-21,2018-06-22,,,,,corporate_actions_20180601_20180630.json,NSE corporate actions API,BONUS 1:1/DIVIDEND- RS 7 PER SHARE,True,True,False,False,False,False,False,False,False,False,False,BONUS,7.0,1.0,1.0,,,2,True,True,UNCHANGED,,NSE_AF3172BFD228,ACTIVE_DATE_MATCH,True
MAXVIL,Max Ventures and Industries Limited,EQ,10.0,Rights 67:66 @ Premium Rs 51/-,2018-06-21,2018-06-22,,,,,corporate_actions_20180601_20180630.json,NSE corporate actions API,RIGHTS 67:66 @ PREMIUM RS 51/-,False,False,False,False,True,False,False,False,False,False,False,RIGHTS,,67.0,66.0,,,1,False,False,UNCHANGED,,NSE_9143345D84CD,ACTIVE_DATE_MATCH,False
AVANTIFEED,Avanti Feeds Limited,EQ,1.0,Bonus 1:2/Face Value Split (Sub-Division) From Rs 2/- Per Share To Re 1/- Per Share,2018-06-26,2018-06-27,,,,,corporate_actions_20180601_20180630.json,NSE corporate actions API,BONUS 1:2/FACE VALUE SPLIT (SUB-DIVISION) FROM RS 2/- PER SHARE TO RE 1/- PER SHARE,False,True,True,False,False,False,False,False,False,False,False,SPLIT,,1.0,2.0,2.0,1.0,2,True,True,UNCHANGED,,NSE_985104D9ABBA,ACTIVE_DATE_MATCH,True
NIACL,The New India Assurance Company Limited,EQ,5.0,Bonus 1:1/ Dividend- Rs 5 Per Share,2018-06-27,2018-06-28,,,,,corporate_actions_20180601_20180630.json,NSE corporate actions API,BONUS 1:1/ DIVIDEND- RS 5 PER SHARE,True,True,False,False,False,False,False,False,False,False,False,BONUS,5.0,1.0,1.0,,,2,True,True,UNCHANGED,,NSE_4885044E479D,ACTIVE_DATE_MATCH,False
UNOMINDA,UNO Minda Limited,EQ,2.0,Bonus 2:1/Dividend- Rs 1.60 Per Share,2018-07-11,2018-07-12,,,,,corporate_actions_20180701_20180731.json,NSE corporate actions API,BONUS 2:1/DIVIDEND- RS 1.60 PER SHARE,True,True,False,False,False,False,False,False,False,False,False,BONUS,1.6,2.0,1.0,,,2,True,True,UNCHANGED,,NSE_48390A9F12CC,UNIQUE_SYMBOL_HISTORY,True
GICRE,General Insurance Corporation of India,EQ,5.0,Bonus 1:1/Dividend- Rs 13.5 Per Share,2018-07-12,2018-07-14,,,,,corporate_actions_20180701_20180731.json,NSE corporate actions API,BONUS 1:1/DIVIDEND- RS 13.5 PER SHARE,True,True,False,False,False,False,False,False,False,False,False,BONUS,13.5,1.0,1.0,,,2,True,True,UNCHANGED,,NSE_5700B54677A9,ACTIVE_DATE_MATCH,True
DBCORP,D.B.Corp Limited,EQ,10.0,Buyback,2018-07-17,2018-07-18,,,,,corporate_actions_20180701_20180731.json,NSE corporate actions API,BUYBACK,False,False,False,False,False,False,True,False,False,False,False,BUYBACK,,,,,,1,False,False,UNCHANGED,,NSE_2562C82A6AA3,ACTIVE_DATE_MATCH,True
KSCL,Kaveri Seed Company Limited,EQ,2.0,Buyback,2018-08-02,2018-08-03,,,,,corporate_actions_20180801_20180831.json,NSE corporate actions API,BUYBACK,False,False,False,False,False,False,True,False,False,False,False,BUYBACK,,,,,,1,False,False,UNCHANGED,,NSE_8B27DC002544,ACTIVE_DATE_MATCH,True
STAN,Standard Chartered PLC,DR,,Interim Dividend,2018-08-09,2018-08-10,,,,,corporate_actions_20180801_20180831.json,NSE corporate actions API,INTERIM DIVIDEND,True,False,False,False,False,False,False,False,False,False,False,DIVIDEND,,,,,,1,False,True,UNCHANGED,,,NO_OBSERVED_SYMBOL,False
AURIONPRO,Aurionpro Solutions Limited,EQ,10.0,Scheme Of Demerger,2018-08-14,2018-08-17,,,,,corporate_actions_20180801_20180831.json,NSE corporate actions API,SCHEME OF DEMERGER,False,False,False,False,False,True,False,False,False,False,False,STRUCTURAL,,,,,,1,False,True,UNCHANGED,,NSE_6D5043E2E561,ACTIVE_DATE_MATCH,False
DELPHIFX,DELPHI WORLD MONEY LIMITED,EQ,2.0,Buyback,2018-08-14,2018-08-16,,,,,corporate_actions_20180801_20180831.json,NSE corporate actions API,BUYBACK,False,False,False,False,False,False,True,False,False,False,False,BUYBACK,,,,,,1,False,False,UNCHANGED,,NSE_4A9DFFB8EF40,UNIQUE_SYMBOL_HISTORY,False
TCS,Tata Consultancy Services Limited,EQ,1.0,Buyback,2018-08-14,2018-08-18,,,,,corporate_actions_20180801_20180831.json,NSE corporate actions API,BUYBACK,False,False,False,False,False,False,True,False,False,False,False,BUYBACK,,,,,,1,False,False,UNCHANGED,,NSE_DBD0EB2724E0,ACTIVE_DATE_MATCH,True
MONNETISPA,Monnet Ispat and Energy Limited,EQ,10.0,Capital Reduction Rs 10 To Rs 3.30 / Consolidation Rs 3.30 To Rs.10,2018-08-29,2018-08-30,,,,,corporate_actions_20180801_20180831.json,NSE corporate actions API,CAPITAL REDUCTION RS 10 TO RS 3.30 / CONSOLIDATION RS 3.30 TO RS.10,False,False,False,True,False,False,False,True,False,False,False,CAPITAL_REDUCTION,,,,,,2,True,True,UNCHANGED,,NSE_244EC4566860,UNIQUE_SYMBOL_HISTORY,False
HCLTECH,HCL Technologies Limited,EQ,2.0,Buyback,2018-08-30,2018-08-31,,,,,corporate_actions_20180801_20180831.json,NSE corporate actions API,BUYBACK,False,False,False,False,False,False,True,False,False,False,False,BUYBACK,,,,,,1,False,False,UNCHANGED,,NSE_E50226C18398,ACTIVE_DATE_MATCH,True
NAVNETEDUL,Navneet Education Limited,EQ,2.0,Buyback,2018-08-30,2018-08-31,,,,,corporate_actions_20180801_20180831.json,NSE corporate actions API,BUYBACK,False,False,False,False,False,False,True,False,False,False,False,BUYBACK,,,,,,1,False,False,UNCHANGED,,NSE_851A827BCF83,ACTIVE_DATE_MATCH,False
ADANIENT,Adani Enterprises Limited,EQ,1.0,Scheme Of Arrangement,2018-09-06,2018-09-07,,,,,corporate_actions_20180901_20180930.json,NSE corporate actions API,SCHEME OF ARRANGEMENT,False,False,False,False,False,True,False,False,False,False,False,STRUCTURAL,,,,,,1,False,True,UNCHANGED,,NSE_42CD50DCCBD6,ACTIVE_DATE_MATCH,False
JBCHEPHARM,JB Chemicals & Pharmaceuticals Limited,EQ,1.0,Buyback,2018-09-11,2018-09-12,,,,,corporate_actions_20180901_20180930.json,NSE corporate actions API,BUYBACK,False,False,False,False,False,False,True,False,False,False,False,BUYBACK,,,,,,1,False,False,UNCHANGED,,NSE_3FEBC275AA7F,ACTIVE_DATE_MATCH,True
REDINGTON,Redington Limited,EQ,2.0,Buyback,2018-09-27,2018-09-28,,,,,corporate_actions_20180901_20180930.json,NSE corporate actions API,BUYBACK,False,False,False,False,False,False,True,False,False,False,False,BUYBACK,,,,,,1,False,False,UNCHANGED,,NSE_4E64EBA18B02,ACTIVE_DATE_MATCH,True
KIOCL,KIOCL Limited,EQ,10.0,Buyback,2018-09-28,2018-10-01,,,,,corporate_actions_20180901_20180930.json,NSE corporate actions API,BUYBACK,False,False,False,False,False,False,True,False,False,False,False,BUYBACK,,,,,,1,False,False,UNCHANGED,,NSE_AE4994F757D1,ACTIVE_DATE_MATCH,True
JUSTDIAL,Just Dial Limited,EQ,10.0,Buyback,2018-10-11,2018-10-12,,,,,corporate_actions_20181001_20181031.json,NSE corporate actions API,BUYBACK,False,False,False,False,False,False,True,False,False,False,False,BUYBACK,,,,,,1,False,False,UNCHANGED,,NSE_855E4F920F23,ACTIVE_DATE_MATCH,True
LT,Larsen & Toubro Limited,EQ,2.0,Buyback,2018-10-12,2018-10-15,,,,,corporate_actions_20181001_20181031.json,NSE corporate actions API,BUYBACK,False,False,False,False,False,False,True,False,False,False,False,BUYBACK,,,,,,1,False,False,UNCHANGED,,NSE_BD47FE0A54BC,ACTIVE_DATE_MATCH,True
NLCINDIA,NLC India Limited,EQ,10.0,Buyback,2018-10-23,2018-10-24,,,,,corporate_actions_20181001_20181031.json,NSE corporate actions API,BUYBACK,False,False,False,False,False,False,True,False,False,False,False,BUYBACK,,,,,,1,False,False,UNCHANGED,,NSE_046B9E4F246F,ACTIVE_DATE_MATCH,True
MPHASIS,MphasiS Limited,EQ,10.0,Buyback,2018-10-24,2018-10-25,,,,,corporate_actions_20181001_20181031.json,NSE corporate actions API,BUYBACK,False,False,False,False,False,False,True,False,False,False,False,BUYBACK,,,,,,1,False,False,UNCHANGED,,NSE_D3E18AD37B1B,ACTIVE_DATE_MATCH,True
COX&KINGS,Cox & Kings Limited,EQ,5.0,Scheme Of Demerger,2018-10-25,2018-10-26,,,,,corporate_actions_20181001_20181031.json,NSE corporate actions API,SCHEME OF DEMERGER,False,False,False,False,False,True,False,False,False,False,False,STRUCTURAL,,,,,,1,False,True,UNCHANGED,,NSE_F10717A1FD65,ACTIVE_DATE_MATCH,False
CESC,CESC Limited,EQ,1.0,Composite Scheme Of Arrangement,2018-10-30,2018-10-31,,,,,corporate_actions_20181001_20181031.json,NSE corporate actions API,COMPOSITE SCHEME OF ARRANGEMENT,False,False,False,False,False,True,False,False,False,False,False,STRUCTURAL,,,,,,1,False,True,UNCHANGED,,NSE_9FB7052822E7,ACTIVE_DATE_MATCH,False
BHEL,Bharat Heavy Electricals Limited,EQ,2.0,Buyback,2018-11-05,2018-11-06,,,,,corporate_actions_20181101_20181130.json,NSE corporate actions API,BUYBACK,False,False,False,False,False,False,True,False,False,False,False,BUYBACK,,,,,,1,False,False,UNCHANGED,,NSE_F24EF99FB1C3,ACTIVE_DATE_MATCH,True
SHALPAINTS,Shalimar Paints Limited,EQ,2.0,Rights 3:2 @ Premium Rs 62.50/-,2018-11-06,2018-11-09,,,,,corporate_actions_20181101_20181130.json,NSE corporate actions API,RIGHTS 3:2 @ PREMIUM RS 62.50/-,False,False,False,False,True,False,False,False,False,False,False,RIGHTS,,3.0,2.0,,,1,False,False,UNCHANGED,,NSE_716B25C5D035,ACTIVE_DATE_MATCH,False
VIKASECO,Vikas EcoTech Limited,EQ,1.0,Scheme Of Arrangement Of Demerger,2018-11-19,2018-11-21,,,,,corporate_actions_20181101_20181130.json,NSE corporate actions API,SCHEME OF ARRANGEMENT OF DEMERGER,False,False,False,False,False,True,False,False,False,False,False,STRUCTURAL,,,,,,1,False,True,UNCHANGED,,NSE_AC69DC0AF5A5,ACTIVE_DATE_MATCH,False
HCC,Hindustan Construction Company Limited,EQ,1.0,Rights 49:100 @ Premium Rs 9/-,2018-11-20,2018-11-22,,,,,corporate_actions_20181101_20181130.json,NSE corporate actions API,RIGHTS 49:100 @ PREMIUM RS 9/-,False,False,False,False,True,False,False,False,False,False,False,RIGHTS,,49.0,100.0,,,1,False,False,UNCHANGED,,NSE_B3012E7D6C4A,ACTIVE_DATE_MATCH,True
ARVIND,Arvind Limited,EQ,10.0,Demerger,2018-11-28,2018-11-29,,,,,corporate_actions_20181101_20181130.json,NSE corporate actions API,DEMERGER,False,False,False,False,False,True,False,False,False,False,False,STRUCTURAL,,,,,,1,False,True,UNCHANGED,,NSE_C60D64EC58FE,ACTIVE_DATE_MATCH,False
NHPC,NHPC Limited,EQ,10.0,Buyback,2018-11-29,2018-11-30,,,,,corporate_actions_20181101_20181130.json,NSE corporate actions API,BUYBACK,False,False,False,False,False,False,True,False,False,False,False,BUYBACK,,,,,,1,False,False,UNCHANGED,,NSE_11AC767B4B31,ACTIVE_DATE_MATCH,True
BOSCHLTD,Bosch Limited,EQ,10.0,Buyback,2018-12-20,2018-12-21,,,,,corporate_actions_20181201_20181231.json,NSE corporate actions API,BUYBACK,False,False,False,False,False,False,True,False,False,False,False,BUYBACK,,,,,,1,False,False,UNCHANGED,,NSE_78D31F8AF004,ACTIVE_DATE_MATCH,True
SKFINDIA,SKF India Limited,EQ,10.0,Buyback,2018-12-20,2018-12-21,,,,,corporate_actions_20181201_20181231.json,NSE corporate actions API,BUYBACK,False,False,False,False,False,False,True,False,False,False,False,BUYBACK,,,,,,1,False,False,UNCHANGED,,NSE_20780186B67E,ACTIVE_DATE_MATCH,True
IOC,Indian Oil Corporation Limited,EQ,10.0,Buyback,2018-12-21,2018-12-25,,,,,corporate_actions_20181201_20181231.json,NSE corporate actions API,BUYBACK,False,False,False,False,False,False,True,False,False,False,False,BUYBACK,,,,,,1,False,False,UNCHANGED,,NSE_6139CAE11930,ACTIVE_DATE_MATCH,True
LGBFORGE,LGB Forge Limited,EQ,1.0,Rights 588:1000@ Premium Rs 2/-,2019-01-03,2019-01-04,,,,,corporate_actions_20190101_20190131.json,NSE corporate actions API,RIGHTS 588:1000@ PREMIUM RS 2/-,False,False,False,False,True,False,False,False,False,False,False,RIGHTS,,588.0,1000.0,,,1,False,False,UNCHANGED,,NSE_1A57BB7D860B,ACTIVE_DATE_MATCH,False
BSOFT,BIRLASOFT LIMITED,EQ,2.0,Composite Scheme Of Arrangement,2019-01-24,2019-01-25,,,,,corporate_actions_20190101_20190131.json,NSE corporate actions API,COMPOSITE SCHEME OF ARRANGEMENT,False,False,False,False,False,True,False,False,False,False,False,STRUCTURAL,,,,,,1,False,True,UNCHANGED,,NSE_64BF9F3DBA41,UNIQUE_SYMBOL_HISTORY,False
KREBSBIO,Krebs Biochemicals and Industries Limited,EQ,10.0,Rights 21:100 @ Premium Rs 76 Per Share,2019-01-31,2019-02-01,,,,,corporate_actions_20190101_20190131.json,NSE corporate actions API,RIGHTS 21:100 @ PREMIUM RS 76 PER SHARE,False,False,False,False,True,False,False,False,False,False,False,RIGHTS,,21.0,100.0,,,1,False,False,UNCHANGED,,NSE_BD4EF798E200,ACTIVE_DATE_MATCH,False
STAN,Standard Chartered PLC,DR,,Dividend,2019-03-07,2019-03-08,,,,,corporate_actions_20190301_20190331.json,NSE corporate actions API,DIVIDEND,True,False,False,False,False,False,False,False,False,False,False,DIVIDEND,,,,,,1,False,True,UNCHANGED,,,NO_OBSERVED_SYMBOL,False
AARTIDRUGS,Aarti Drugs Limited,EQ,10.0,Buyback,2019-03-28,2019-03-29,,,,,corporate_actions_20190301_20190331.json,NSE corporate actions API,BUYBACK,False,False,False,False,False,False,True,False,False,False,False,BUYBACK,,,,,,1,False,False,UNCHANGED,,NSE_6B14B0471978,ACTIVE_DATE_MATCH,False
IDEA,Vodafone Idea Limited,EQ,10.0,Rights 87:38 @ Premium Of Rs 2.50 Per Share,2019-03-29,2019-04-02,,,,,corporate_actions_20190301_20190331.json,NSE corporate actions API,RIGHTS 87:38 @ PREMIUM OF RS 2.50 PER SHARE,False,False,False,False,True,False,False,False,False,False,False,RIGHTS,,87.0,38.0,,,1,False,False,UNCHANGED,,NSE_80AB9D46A211,ACTIVE_DATE_MATCH,True
BHARATGEAR,Bharat Gears Limited,EQ,10.0,Rights 1:7 @ Premium Rs 95 Per Share,2019-04-02,2019-04-03,,,,,corporate_actions_20190401_20190430.json,NSE corporate actions API,RIGHTS 1:7 @ PREMIUM RS 95 PER SHARE,False,False,False,False,True,False,False,False,False,False,False,RIGHTS,,1.0,7.0,,,1,False,False,UNCHANGED,,NSE_FBB961203DF8,ACTIVE_DATE_MATCH,False
COLPAL,Colgate Palmolive (India) Limited,EQ,1.0,Interim Dividend,2019-04-05,2019-04-08,,,,,corporate_actions_20190401_20190430.json,NSE corporate actions API,INTERIM DIVIDEND,True,False,False,False,False,False,False,False,False,False,False,DIVIDEND,,,,,,1,False,True,UNCHANGED,,NSE_23D9B582F892,ACTIVE_DATE_MATCH,True
HTMEDIA,HT Media Limited,EQ,2.0,Demerger,2019-04-09,2019-04-10,,,,,corporate_actions_20190401_20190430.json,NSE corporate actions API,DEMERGER,False,False,False,False,False,True,False,False,False,False,False,STRUCTURAL,,,,,,1,False,True,UNCHANGED,,NSE_D5ACCFD1139D,ACTIVE_DATE_MATCH,False
BHARTIARTL,Bharti Airtel Limited,EQ,5.0,Rights 19:67 @ Premium Rs 215 Per Share,2019-04-23,2019-04-24,,,,,corporate_actions_20190401_20190430.json,NSE corporate actions API,RIGHTS 19:67 @ PREMIUM RS 215 PER SHARE,False,False,False,False,True,False,False,False,False,False,False,RIGHTS,,19.0,67.0,,,1,False,False,UNCHANGED,,NSE_BD4742D366FC,ACTIVE_DATE_MATCH,True
PRAKASH,Prakash Industries Limited,EQ,10.0,Demerger,2019-04-23,2019-04-24,,,,,corporate_actions_20190401_20190430.json,NSE corporate actions API,DEMERGER,False,False,False,False,False,True,False,False,False,False,False,STRUCTURAL,,,,,,1,False,True,UNCHANGED,,NSE_400E6C0FE473,ACTIVE_DATE_MATCH,False
5PAISA,5Paisa Capital Limited,EQ,10.0,Rights 1:1 @ Premium Rs 70 Per Share,2019-05-28,2019-05-29,,,,,corporate_actions_20190501_20190531.json,NSE corporate actions API,RIGHTS 1:1 @ PREMIUM RS 70 PER SHARE,False,False,False,False,True,False,False,False,False,False,False,RIGHTS,,1.0,1.0,,,1,False,False,UNCHANGED,,NSE_B855E2A8BE25,ACTIVE_DATE_MATCH,False
DCM,DCM  Limited,EQ,10.0,Demerger,2019-05-30,2019-05-31,,,,,corporate_actions_20190501_20190531.json,NSE corporate actions API,DEMERGER,False,False,False,False,False,True,False,False,False,False,False,STRUCTURAL,,,,,,1,False,True,UNCHANGED,,NSE_0761640B9E49,ACTIVE_DATE_MATCH,False
IIFL,IIFL Finance Limited,EQ,2.0,Scheme Of Arrangement,2019-05-30,2019-05-31,,,,,corporate_actions_20190501_20190531.json,NSE corporate actions API,SCHEME OF ARRANGEMENT,False,False,False,False,False,True,False,False,False,False,False,STRUCTURAL,,,,,,1,False,True,UNCHANGED,,NSE_F96D3907BEE7,ACTIVE_DATE_MATCH,False
FDC,FDC Limited,EQ,1.0,Buyback,2019-06-06,2019-06-07,,,,,corporate_actions_20190601_20190630.json,NSE corporate actions API,BUYBACK,False,False,False,False,False,False,True,False,False,False,False,BUYBACK,,,,,,1,False,False,UNCHANGED,,NSE_F0C8DB46A2B5,ACTIVE_DATE_MATCH,True
GEECEE,GeeCee Ventures Limited,EQ,10.0,Buyback,2019-06-06,2019-06-07,,,,,corporate_actions_20190601_20190630.json,NSE corporate actions API,BUYBACK,False,False,False,False,False,False,True,False,False,False,False,BUYBACK,,,,,,1,False,False,UNCHANGED,,NSE_DCDCA8322F8D,ACTIVE_DATE_MATCH,False
PENPEBS,Pennar Engineered Building Systems Limited,EQ,10.0,Scheme Of Amalgamation,2019-06-07,2019-06-10,,,,,corporate_actions_20190601_20190630.json,NSE corporate actions API,SCHEME OF AMALGAMATION,False,False,False,False,False,True,False,False,False,False,False,STRUCTURAL,,,,,,1,False,True,UNCHANGED,,NSE_D380A07D5F89,UNIQUE_SYMBOL_HISTORY,False
SOTL,Savita Oil Technologies Limited,EQ,2.0,Buyback,2019-06-11,2019-06-12,,,,,corporate_actions_20190601_20190630.json,NSE corporate actions API,BUYBACK,False,False,False,False,False,False,True,False,False,False,False,BUYBACK,,,,,,1,False,False,UNCHANGED,,NSE_65C212D15FAC,ACTIVE_DATE_MATCH,False
KPRMILL,K.P.R. Mill Limited,EQ,1.0,Buyback,2019-06-18,2019-06-19,,,,,corporate_actions_20190601_20190630.json,NSE corporate actions API,BUYBACK,False,False,False,False,False,False,True,False,False,False,False,BUYBACK,,,,,,1,False,False,UNCHANGED,,NSE_03C46C5018D2,ACTIVE_DATE_MATCH,True
TRIVENI,Triveni Engineering & Industries Limited,EQ,1.0,Buyback,2019-06-18,2019-06-19,,,,,corporate_actions_20190601_20190630.json,NSE corporate actions API,BUYBACK,False,False,False,False,False,False,True,False,False,False,False,BUYBACK,,,,,,1,False,False,UNCHANGED,,NSE_C5E1346C906E,ACTIVE_DATE_MATCH,False
SHK,S H Kelkar and Company Limited,EQ,10.0,Buyback,2019-06-19,2019-06-20,,,,,corporate_actions_20190601_20190630.json,NSE corporate actions API,BUYBACK,False,False,False,False,False,False,True,False,False,False,False,BUYBACK,,,,,,1,False,False,UNCHANGED,,NSE_F8512C975E62,ACTIVE_DATE_MATCH,True
ADANIPORTS,Adani Ports and Special Economic Zone Limited,EQ,2.0,Buyback,2019-06-20,2019-06-21,,,,,corporate_actions_20190601_20190630.json,NSE corporate actions API,BUYBACK,False,False,False,False,False,False,True,False,False,False,False,BUYBACK,,,,,,1,False,False,UNCHANGED,,NSE_D7198FEB3064,ACTIVE_DATE_MATCH,True
WIPRO,Wipro Limited,EQ,2.0,Buyback,2019-06-20,2019-06-21,,,,,corporate_actions_20190601_20190630.json,NSE corporate actions API,BUYBACK,False,False,False,False,False,False,True,False,False,False,False,BUYBACK,,,,,,1,False,False,UNCHANGED,,NSE_060294DF8B9D,ACTIVE_DATE_MATCH,True
TATASTLLP,Tata Steel Long Products Limited,EQ,10.0,Rights 15:7@ Premium Rs 490 Per Share,2019-06-24,2019-06-25,,,,,corporate_actions_20190601_20190630.json,NSE corporate actions API,RIGHTS 15:7@ PREMIUM RS 490 PER SHARE,False,False,False,False,True,False,False,False,False,False,False,RIGHTS,,15.0,7.0,,,1,False,False,UNCHANGED,,NSE_418B7FB30526,UNIQUE_SYMBOL_HISTORY,False
AARTIIND,Aarti Industries Limited,EQ,5.0,Scheme Of Demerger,2019-07-03,2019-07-04,,,,,corporate_actions_20190701_20190731.json,NSE corporate actions API,SCHEME OF DEMERGER,False,False,False,False,False,True,False,False,False,False,False,STRUCTURAL,,,,,,1,False,True,UNCHANGED,,NSE_81E1BA306A07,ACTIVE_DATE_MATCH,False
SASKEN,Sasken Technologies Limited,EQ,10.0,Buyback,2019-07-04,2019-07-05,,,,,corporate_actions_20190701_20190731.json,NSE corporate actions API,BUYBACK,False,False,False,False,False,False,True,False,False,False,False,BUYBACK,,,,,,1,False,False,UNCHANGED,,NSE_0B5AA674D91D,ACTIVE_DATE_MATCH,False
STARCEMENT,Star Cement Limited,EQ,1.0,Buyback,2019-07-04,2019-07-05,,,,,corporate_actions_20190701_20190731.json,NSE corporate actions API,BUYBACK,False,False,False,False,False,False,True,False,False,False,False,BUYBACK,,,,,,1,False,False,UNCHANGED,,NSE_9ABAD18182CF,ACTIVE_DATE_MATCH,True
WELCORP,Welspun Corp Limited,EQ,5.0,Buyback,2019-07-04,2019-07-05,,,,,corporate_actions_20190701_20190731.json,NSE corporate actions API,BUYBACK,False,False,False,False,False,False,True,False,False,False,False,BUYBACK,,,,,,1,False,False,UNCHANGED,,NSE_DD6A0E2BA440,ACTIVE_DATE_MATCH,True
GREAVESCOT,Greaves Cotton Limited,EQ,2.0,Buyback,2019-07-11,2019-07-12,,,,,corporate_actions_20190701_20190731.json,NSE corporate actions API,BUYBACK,False,False,False,False,False,False,True,False,False,False,False,BUYBACK,,,,,,1,False,False,UNCHANGED,,NSE_57BC5308EED3,ACTIVE_DATE_MATCH,True
TTML,Tata Teleservices (Maharashtra) Limited,EQ,10.0,De-Merger,2019-07-11,2019-07-12,,,,,corporate_actions_20190701_20190731.json,NSE corporate actions API,DE-MERGER,False,False,False,False,False,True,False,False,False,False,False,STRUCTURAL,,,,,,1,False,True,UNCHANGED,,NSE_9BE1DE6AAF18,ACTIVE_DATE_MATCH,False
ERIS,Eris Lifesciences Limited,EQ,1.0,Buyback,2019-07-12,2019-07-15,,,,,corporate_actions_20190701_20190731.json,NSE corporate actions API,BUYBACK,False,False,False,False,False,False,True,False,False,False,False,BUYBACK,,,,,,1,False,False,UNCHANGED,,NSE_8CDF4E326200,ACTIVE_DATE_MATCH,True
GREENPLY,Greenply Industries Limited,EQ,1.0,Demerger,2019-07-12,2019-07-15,,,,,corporate_actions_20190701_20190731.json,NSE corporate actions API,DEMERGER,False,False,False,False,False,True,False,False,False,False,False,STRUCTURAL,,,,,,1,False,True,UNCHANGED,,NSE_E33BF28052EC,ACTIVE_DATE_MATCH,False
BSE,BSE Limited,EQ,2.0,Buyback,2019-07-26,2019-07-29,,,,,corporate_actions_20190701_20190731.json,NSE corporate actions API,BUYBACK,False,False,False,False,False,False,True,False,False,False,False,BUYBACK,,,,,,1,False,False,UNCHANGED,,NSE_421D2CAC1A97,ACTIVE_DATE_MATCH,True
GFLLIMITED,GFL Limited,EQ,1.0,Demerger,2019-08-06,2019-08-07,,,,,corporate_actions_20190801_20190831.json,NSE corporate actions API,DEMERGER,False,False,False,False,False,True,False,False,False,False,False,STRUCTURAL,,,,,,1,False,True,UNCHANGED,,NSE_6835A4E7227D,ACTIVE_DATE_MATCH,False
STAN,Standard Chartered PLC,DR,,Interim Dividend,2019-08-08,2019-08-09,,,,,corporate_actions_20190801_20190831.json,NSE corporate actions API,INTERIM DIVIDEND,True,False,False,False,False,False,False,False,False,False,False,DIVIDEND,,,,,,1,False,True,UNCHANGED,,,NO_OBSERVED_SYMBOL,False
SMARTLINK,Smartlink Holdings Limited,EQ,2.0,Buyback,2019-08-09,2019-08-13,,,,,corporate_actions_20190801_20190831.json,NSE corporate actions API,BUYBACK,False,False,False,False,False,False,True,False,False,False,False,BUYBACK,,,,,,1,False,False,UNCHANGED,,NSE_2FFC24565555,ACTIVE_DATE_MATCH,False
GANDHITUBE,Gandhi Special Tubes Limited,EQ,5.0,Buyback,2019-08-14,2019-08-16,,,,,corporate_actions_20190801_20190831.json,NSE corporate actions API,BUYBACK,False,False,False,False,False,False,True,False,False,False,False,BUYBACK,,,,,,1,False,False,UNCHANGED,,NSE_849F12483618,ACTIVE_DATE_MATCH,False
AGI,AGI Greenpac Limited,EQ,2.0,Demerger,2019-08-19,2019-08-20,,,,,corporate_actions_20190801_20190831.json,NSE corporate actions API,DEMERGER,False,False,False,False,False,True,False,False,False,False,False,STRUCTURAL,,,,,,1,False,True,UNCHANGED,,NSE_CBDF2B22A73F,UNIQUE_SYMBOL_HISTORY,False
BRITANNIA,Britannia Industries Limited,EQ,1.0,Scheme Of Arangement- Bonus - 1 Debenture For 1 Equity Share Held,2019-08-22,2019-08-23,,,,,corporate_actions_20190801_20190831.json,NSE corporate actions API,SCHEME OF ARANGEMENT- BONUS - 1 DEBENTURE FOR 1 EQUITY SHARE HELD,False,False,False,False,False,True,False,False,False,False,False,DEBENTURE_ENTITLEMENT,,,,,,1,False,True,RECLASSIFIED,A debenture entitlement is not an ordinary-equity bonus.,NSE_444C594AB9B7,ACTIVE_DATE_MATCH,True
ALEMBICLTD,Alembic Limited,EQ,2.0,Demerger,2019-08-26,2019-08-27,,,,,corporate_actions_20190801_20190831.json,NSE corporate actions API,DEMERGER,False,False,False,False,False,True,False,False,False,False,False,STRUCTURAL,,,,,,1,False,True,UNCHANGED,,NSE_C9C5A501D2C2,ACTIVE_DATE_MATCH,False
ZUARI,Zuari Agro Chemicals Limited,EQ,10.0,Rights:14 Compulosry Convertible Debentures For Every 15 Equity Shares,2019-09-13,2019-09-16,,,,,corporate_actions_20190901_20190930.json,NSE corporate actions API,RIGHTS:14 COMPULOSRY CONVERTIBLE DEBENTURES FOR EVERY 15 EQUITY SHARES,False,False,False,False,True,False,False,False,False,False,False,RIGHTS,,,,,,1,False,True,UNCHANGED,,NSE_EC158FD7D88A,ACTIVE_DATE_MATCH,False
PATELENG,Patel Engineering Limited,EQ,1.0,Rights 7:5 @ Premium Rs 8/- Per Share,2019-09-17,2019-09-18,,,,,corporate_actions_20190901_20190930.json,NSE corporate actions API,RIGHTS 7:5 @ PREMIUM RS 8/- PER SHARE,False,False,False,False,True,False,False,False,False,False,False,RIGHTS,,7.0,5.0,,,1,False,False,UNCHANGED,,NSE_7F8B1EBDE62B,ACTIVE_DATE_MATCH,False
TATACOMM,Tata Communications Limited,EQ,10.0,Demerger,2019-09-17,2019-09-18,,,,,corporate_actions_20190901_20190930.json,NSE corporate actions API,DEMERGER,False,False,False,False,False,True,False,False,False,False,False,STRUCTURAL,,,,,,1,False,True,UNCHANGED,,NSE_C941893EE311,ACTIVE_DATE_MATCH,False
TEXRAIL,Texmaco Rail & Engineering Limited,EQ,1.0,Rights 19:100 @ Premium Rs 45.70/-,2019-09-24,2019-09-25,,,,,corporate_actions_20190901_20190930.json,NSE corporate actions API,RIGHTS 19:100 @ PREMIUM RS 45.70/-,False,False,False,False,True,False,False,False,False,False,False,RIGHTS,,19.0,100.0,,,1,False,False,UNCHANGED,,NSE_63EB9280D90F,ACTIVE_DATE_MATCH,False
ABREL,Aditya Birla Real Estate Limited,EQ,10.0,Demerger,2019-10-11,2019-10-14,,,,,corporate_actions_20191001_20191031.json,NSE corporate actions API,DEMERGER,False,False,False,False,False,True,False,False,False,False,False,STRUCTURAL,,,,,,1,False,True,UNCHANGED,,,NO_OBSERVED_SYMBOL,False
NIITLTD,NIIT Limited,EQ,2.0,Buyback,2019-10-17,2019-10-18,,,,,corporate_actions_20191001_20191031.json,NSE corporate actions API,BUYBACK,False,False,False,False,False,False,True,False,False,False,False,BUYBACK,,,,,,1,False,False,UNCHANGED,,NSE_9AE82A200CBD,ACTIVE_DATE_MATCH,False
JBCHEPHARM,JB Chemicals & Pharmaceuticals Limited,EQ,1.0,Buyback,2019-11-21,2019-11-22,,,,,corporate_actions_20191101_20191130.json,NSE corporate actions API,BUYBACK,False,False,False,False,False,False,True,False,False,False,False,BUYBACK,,,,,,1,False,False,UNCHANGED,,NSE_3FEBC275AA7F,ACTIVE_DATE_MATCH,True
KSCL,Kaveri Seed Company Limited,EQ,2.0,Buyback,2019-11-21,2019-11-22,,,,,corporate_actions_20191101_20191130.json,NSE corporate actions API,BUYBACK,False,False,False,False,False,False,True,False,False,False,False,BUYBACK,,,,,,1,False,False,UNCHANGED,,NSE_8B27DC002544,ACTIVE_DATE_MATCH,True
MOIL,MOIL Limited,EQ,10.0,Buyback,2019-11-26,2019-11-27,,,,,corporate_actions_20191101_20191130.json,NSE corporate actions API,BUYBACK,False,False,False,False,False,False,True,False,False,False,False,BUYBACK,,,,,,1,False,False,UNCHANGED,,NSE_D9F56642B79E,ACTIVE_DATE_MATCH,True
THOMASCOOK,Thomas Cook  (India)  Limited,EQ,1.0,Demerger,2019-12-05,2019-12-06,,,,,corporate_actions_20191201_20191231.json,NSE corporate actions API,DEMERGER,False,False,False,False,False,True,False,False,False,False,False,STRUCTURAL,,,,,,1,False,True,UNCHANGED,,NSE_AA256B638694,ACTIVE_DATE_MATCH,False
ABB,ABB India Limited,EQ,2.0,Demerger,2019-12-20,2019-12-23,,,,,corporate_actions_20191201_20191231.json,NSE corporate actions API,DEMERGER,False,False,False,False,False,True,False,False,False,False,False,STRUCTURAL,,,,,,1,False,True,UNCHANGED,,NSE_FE37750EBD83,ACTIVE_DATE_MATCH,False
KESORAMIND,Kesoram Industries Limited,EQ,10.0,Demerger,2019-12-24,2019-12-26,,,,,corporate_actions_20191201_20191231.json,NSE corporate actions API,DEMERGER,False,False,False,False,False,True,False,False,False,False,False,STRUCTURAL,,,,,,1,False,True,UNCHANGED,,NSE_4723627B4BA6,ACTIVE_DATE_MATCH,False
JINDALPOLY,Jindal Poly Films Limited,EQ,10.0,Demerger,2019-12-30,2019-12-31,,,,,corporate_actions_20191201_20191231.json,NSE corporate actions API,DEMERGER,False,False,False,False,False,True,False,False,False,False,False,STRUCTURAL,,,,,,1,False,True,UNCHANGED,,NSE_3E5680388E4E,ACTIVE_DATE_MATCH,False
PEL,Piramal Enterprises Limited,EQ,2.0,Rights 11:83 @ Premium Rs 1298/-,2019-12-30,2019-12-31,,,,,corporate_actions_20191201_20191231.json,NSE corporate actions API,RIGHTS 11:83 @ PREMIUM RS 1298/-,False,False,False,False,True,False,False,False,False,False,False,RIGHTS,,11.0,83.0,,,1,False,False,UNCHANGED,,NSE_A4B76A210E61,ACTIVE_DATE_MATCH,True
SUVEN,Suven Life Sciences Limited,EQ,1.0,Demerger,2020-01-21,2020-01-22,,,,,corporate_actions_20200101_20200131.json,NSE corporate actions API,DEMERGER,False,False,False,False,False,True,False,False,False,False,False,STRUCTURAL,,,,,,1,False,True,UNCHANGED,,NSE_3BC23EE3CDD9,ACTIVE_DATE_MATCH,False
BAJAJELEC,Bajaj Electricals Limited,EQ,2.0,Rights 13:118 @ Premium Rs 308/-,2020-02-05,2020-02-06,,,,,corporate_actions_20200201_20200229.json,NSE corporate actions API,RIGHTS 13:118 @ PREMIUM RS 308/-,False,False,False,False,True,False,False,False,False,False,False,RIGHTS,,13.0,118.0,,,1,False,False,UNCHANGED,,NSE_E058EC23D204,ACTIVE_DATE_MATCH,True
BROOKS,Brooks Laboratories Limited,EQ,10.0,Rights 9:20 @ Premium Rs 10/-,2020-02-11,2020-02-12,,,,,corporate_actions_20200201_20200229.json,NSE corporate actions API,RIGHTS 9:20 @ PREMIUM RS 10/-,False,False,False,False,True,False,False,False,False,False,False,RIGHTS,,9.0,20.0,,,1,False,False,UNCHANGED,,NSE_D30041B1CC8C,ACTIVE_DATE_MATCH,False
ARROWGREEN,Arrow Greentech Limited,EQ,10.0,Rights 1:5 @ Premium Rs 26/-,2020-02-12,2020-02-13,,,,,corporate_actions_20200201_20200229.json,NSE corporate actions API,RIGHTS 1:5 @ PREMIUM RS 26/-,False,False,False,False,True,False,False,False,False,False,False,RIGHTS,,1.0,5.0,,,1,False,False,UNCHANGED,,NSE_3E5D44A5FBE6,ACTIVE_DATE_MATCH,False
ARCHIDPLY,Archidply Industries Limited,EQ,10.0,Demerger,2020-02-13,2020-02-14,,,,,corporate_actions_20200201_20200229.json,NSE corporate actions API,DEMERGER,False,False,False,False,False,True,False,False,False,False,False,STRUCTURAL,,,,,,1,False,True,UNCHANGED,,NSE_1C084B086A78,ACTIVE_DATE_MATCH,False
TATACHEM,Tata Chemicals Limited,EQ,10.0,Demerger,2020-03-04,2020-03-05,,,,,corporate_actions_20200301_20200331.json,NSE corporate actions API,DEMERGER,False,False,False,False,False,True,False,False,False,False,False,STRUCTURAL,,,,,,1,False,True,UNCHANGED,,NSE_806E57D11FFC,ACTIVE_DATE_MATCH,False
STAN,Standard Chartered PLC,DR,,Dividend,2020-03-05,2020-03-06,,,,,corporate_actions_20200301_20200331.json,NSE corporate actions API,DIVIDEND,True,False,False,False,False,False,False,False,False,False,False,DIVIDEND,,,,,,1,False,True,UNCHANGED,,,NO_OBSERVED_SYMBOL,False
BORORENEW,BOROSIL RENEWABLES LIMITED,EQ,1.0,Demerger,2020-03-06,2020-03-09,,,,,corporate_actions_20200301_20200331.json,NSE corporate actions API,DEMERGER,False,False,False,False,False,True,False,False,False,False,False,STRUCTURAL,,,,,,1,False,True,UNCHANGED,,NSE_D84D9BBEAF23,ACTIVE_DATE_MATCH,False
ARVINDFASN,Arvind Fashions Limited,EQ,4.0,Rights 16:47 @ Premium Rs 146/-,2020-03-17,2020-03-18,,,,,corporate_actions_20200301_20200331.json,NSE corporate actions API,RIGHTS 16:47 @ PREMIUM RS 146/-,False,False,False,False,True,False,False,False,False,False,False,RIGHTS,,16.0,47.0,,,1,False,False,UNCHANGED,,NSE_806A916D3197,ACTIVE_DATE_MATCH,True
GRANULES,Granules India Limited,EQ,1.0,Buyback,2020-03-19,2020-03-20,,,,,corporate_actions_20200301_20200331.json,NSE corporate actions API,BUYBACK,False,False,False,False,False,False,True,False,False,False,False,BUYBACK,,,,,,1,False,False,UNCHANGED,,NSE_148E052CEC64,ACTIVE_DATE_MATCH,True
SHARDAMOTR,Sharda Motor Industries Limited,EQ,2.0,Demerger,2020-03-26,2020-03-27,,,,,corporate_actions_20200301_20200331.json,NSE corporate actions API,DEMERGER,False,False,False,False,False,True,False,False,False,False,False,STRUCTURAL,,,,,,1,False,True,UNCHANGED,,NSE_B4A843483EA5,ACTIVE_DATE_MATCH,False
TIPSMUSIC,Tips Music Limited,EQ,1.0,Buyback,2020-03-31,2020-04-03,,,,,corporate_actions_20200301_20200331.json,NSE corporate actions API,BUYBACK,False,False,False,False,False,False,True,False,False,False,False,BUYBACK,,,,,,1,False,False,UNCHANGED,,,NO_OBSERVED_SYMBOL,False
RELIANCE,Reliance Industries Limited,EQ,10.0,Rights 1:15 @ Premium Rs 1247,2020-05-13,2020-05-14,,,,,corporate_actions_20200501_20200531.json,NSE corporate actions API,RIGHTS 1:15 @ PREMIUM RS 1247,False,False,False,False,True,False,False,False,False,False,False,RIGHTS,,1.0,15.0,,,1,False,False,UNCHANGED,,NSE_B81E8F19FC12,ACTIVE_DATE_MATCH,True
TANLA,Tanla Platforms Limited,EQ,1.0,Buyback,2020-06-09,2020-06-10,,,,,corporate_actions_20200601_20200630.json,NSE corporate actions API,BUYBACK,False,False,False,False,False,False,True,False,False,False,False,BUYBACK,,,,,,1,False,False,UNCHANGED,,NSE_9A2A839DC6BD,ACTIVE_DATE_MATCH,False
REFEX,Refex Industries Limited,EQ,2.0,Rights 5:14@ Premium Rs 35/-,2020-06-16,2020-06-17,,,,,corporate_actions_20200601_20200630.json,NSE corporate actions API,RIGHTS 5:14@ PREMIUM RS 35/-,False,False,False,False,True,False,False,False,False,False,False,RIGHTS,,5.0,14.0,,,1,False,False,UNCHANGED,,NSE_576E23C6A07A,ACTIVE_DATE_MATCH,False
ABFRL,Aditya Birla Fashion and Retail Limited,EQ,10.0,Rights 9:77 Partly Paid @ Premium Rs 100/-,2020-06-30,2020-07-01,,,,,corporate_actions_20200601_20200630.json,NSE corporate actions API,RIGHTS 9:77 PARTLY PAID @ PREMIUM RS 100/-,False,False,False,False,True,False,False,False,False,False,False,RIGHTS,,9.0,77.0,,,1,False,False,UNCHANGED,,NSE_D6EC0847F646,ACTIVE_DATE_MATCH,True
BALRAMCHIN,Balrampur Chini Mills Limited,EQ,1.0,Buyback,2020-07-02,2020-07-03,,,,,corporate_actions_20200701_20200731.json,NSE corporate actions API,BUYBACK,False,False,False,False,False,False,True,False,False,False,False,BUYBACK,,,,,,1,False,False,UNCHANGED,,NSE_D7CAF5D174A7,ACTIVE_DATE_MATCH,True
JUSTDIAL,Just Dial Limited,EQ,10.0,Buyback,2020-07-02,2020-07-03,,,,,corporate_actions_20200701_20200731.json,NSE corporate actions API,BUYBACK,False,False,False,False,False,False,True,False,False,False,False,BUYBACK,,,,,,1,False,False,UNCHANGED,,NSE_855E4F920F23,ACTIVE_DATE_MATCH,True
PVRINOX,PVR INOX Limited,EQ,10.0,Rights 7:94 @ Premium Rs 774/-,2020-07-09,2020-07-10,,,,,corporate_actions_20200701_20200731.json,NSE corporate actions API,RIGHTS 7:94 @ PREMIUM RS 774/-,False,False,False,False,True,False,False,False,False,False,False,RIGHTS,,7.0,94.0,,,1,False,False,UNCHANGED,,,NO_OBSERVED_SYMBOL,False
SHRIRAMFIN,Shriram Finance Limited,EQ,2.0,Rights 3:26 @ Premium Rs 560/-,2020-07-09,2020-07-10,,,,,corporate_actions_20200701_20200731.json,NSE corporate actions API,RIGHTS 3:26 @ PREMIUM RS 560/-,False,False,False,False,True,False,False,False,False,False,False,RIGHTS,,3.0,26.0,,,1,False,False,UNCHANGED,,NSE_DB2FD1378512,UNIQUE_SYMBOL_HISTORY,True
M&MFIN,Mahindra & Mahindra Financial Services Limited,EQ,2.0,Rights 1:1 @ Premium Rs 48/-,2020-07-22,2020-07-23,,,,,corporate_actions_20200701_20200731.json,NSE corporate actions API,RIGHTS 1:1 @ PREMIUM RS 48/-,False,False,False,False,True,False,False,False,False,False,False,RIGHTS,,1.0,1.0,,,1,False,False,UNCHANGED,,NSE_57BCD151AF77,ACTIVE_DATE_MATCH,True
GDL,Gateway Distriparks Limited,EQ,10.0,Rights 4:27 @ Premium Rs 62/-,2020-07-23,2020-07-24,,,,,corporate_actions_20200701_20200731.json,NSE corporate actions API,RIGHTS 4:27 @ PREMIUM RS 62/-,False,False,False,False,True,False,False,False,False,False,False,RIGHTS,,4.0,27.0,,,1,False,False,UNCHANGED,,NSE_680430C14CBF,ACTIVE_DATE_MATCH,False
SPENCERS,Spencer's Retail Limited,EQ,5.0,Rights 2:15 @ Premium Rs 70/-,2020-07-28,2020-07-29,,,,,corporate_actions_20200701_20200731.json,NSE corporate actions API,RIGHTS 2:15 @ PREMIUM RS 70/-,False,False,False,False,True,False,False,False,False,False,False,RIGHTS,,2.0,15.0,,,1,False,False,UNCHANGED,,NSE_3CE7DD994D8E,ACTIVE_DATE_MATCH,False
SATIN,Satin Creditcare Network Limited,EQ,10.0,Rights 48:125 @ Premium Rs 50/-,2020-08-04,2020-08-05,,,,,corporate_actions_20200801_20200831.json,NSE corporate actions API,RIGHTS 48:125 @ PREMIUM RS 50/-,False,False,False,False,True,False,False,False,False,False,False,RIGHTS,,48.0,125.0,,,1,False,False,UNCHANGED,,NSE_8D51FAE1748F,ACTIVE_DATE_MATCH,False
GOKUL,Gokul Refoils and Solvent Limited,EQ,2.0,Buyback,2020-08-13,2020-08-14,,,,,corporate_actions_20200801_20200831.json,NSE corporate actions API,BUYBACK,False,False,False,False,False,False,True,False,False,False,False,BUYBACK,,,,,,1,False,False,UNCHANGED,,NSE_087AF3D48E4F,ACTIVE_DATE_MATCH,False
UNOMINDA,UNO Minda Limited,EQ,2.0,Rights 1:27 @ Premium Rs 248/-,2020-08-14,2020-08-17,,,,,corporate_actions_20200801_20200831.json,NSE corporate actions API,RIGHTS 1:27 @ PREMIUM RS 248/-,False,False,False,False,True,False,False,False,False,False,False,RIGHTS,,1.0,27.0,,,1,False,False,UNCHANGED,,NSE_48390A9F12CC,UNIQUE_SYMBOL_HISTORY,True
FDC,FDC Limited,EQ,1.0,Buyback,2020-08-20,2020-08-21,,,,,corporate_actions_20200801_20200831.json,NSE corporate actions API,BUYBACK,False,False,False,False,False,False,True,False,False,False,False,BUYBACK,,,,,,1,False,False,UNCHANGED,,NSE_F0C8DB46A2B5,ACTIVE_DATE_MATCH,True
MPSLTD,MPS Limited,EQ,10.0,Buyback,2020-08-21,2020-08-24,,,,,corporate_actions_20200801_20200831.json,NSE corporate actions API,BUYBACK,False,False,False,False,False,False,True,False,False,False,False,BUYBACK,,,,,,1,False,False,UNCHANGED,,NSE_E389B59D77D6,ACTIVE_DATE_MATCH,False
PRIVISCL,Privi Speciality Chemicals Limited,EQ,10.0,Demerger,2020-08-21,2020-08-24,,,,,corporate_actions_20200801_20200831.json,NSE corporate actions API,DEMERGER,False,False,False,False,False,True,False,False,False,False,False,STRUCTURAL,,,,,,1,False,True,UNCHANGED,,NSE_F5B3E0E44D10,UNIQUE_SYMBOL_HISTORY,False
TRIVENI,Triveni Engineering & Industries Limited,EQ,1.0,Buyback,2020-08-27,2020-08-28,,,,,corporate_actions_20200801_20200831.json,NSE corporate actions API,BUYBACK,False,False,False,False,False,False,True,False,False,False,False,BUYBACK,,,,,,1,False,False,UNCHANGED,,NSE_C5E1346C906E,ACTIVE_DATE_MATCH,False
RUSHIL,Rushil Decor Limited,EQ,1.0,Rights 1:3 @ Premium Rs 40/-,2020-09-10,2020-09-11,,,,,corporate_actions_20200901_20200930.json,NSE corporate actions API,RIGHTS 1:3 @ PREMIUM RS 40/-,False,False,False,False,True,False,False,False,False,False,False,RIGHTS,,1.0,3.0,,,1,False,False,UNCHANGED,,NSE_5D0815A8882A,ACTIVE_DATE_MATCH,False
DEEPAKFERT,Deepak Fertilizers and Petrochemicals Corporation Limited,EQ,10.0,Rights 3:20 @ Premium Rs 123/-,2020-09-16,2020-09-17,,,,,corporate_actions_20200901_20200930.json,NSE corporate actions API,RIGHTS 3:20 @ PREMIUM RS 123/-,False,False,False,False,True,False,False,False,False,False,False,RIGHTS,,3.0,20.0,,,1,False,False,UNCHANGED,,NSE_9EF7F390DA4E,ACTIVE_DATE_MATCH,False
PANACEABIO,Panacea Biotec Limited,EQ,1.0,Demerger,2020-09-21,2020-09-22,,,,,corporate_actions_20200901_20200930.json,NSE corporate actions API,DEMERGER,False,False,False,False,False,True,False,False,False,False,False,STRUCTURAL,,,,,,1,False,True,UNCHANGED,,NSE_743ECFA360F6,ACTIVE_DATE_MATCH,False
EIHOTEL,EIH Limited,EQ,2.0,Rights 8:85 @ Premium Rs 63/-,2020-09-22,2020-09-23,,,,,corporate_actions_20200901_20200930.json,NSE corporate actions API,RIGHTS 8:85 @ PREMIUM RS 63/-,False,False,False,False,True,False,False,False,False,False,False,RIGHTS,,8.0,85.0,,,1,False,False,UNCHANGED,,NSE_80C803A57277,ACTIVE_DATE_MATCH,True
MANINDS,Man Industries (India) Limited,EQ,5.0,Demerger,2020-09-24,2020-09-25,,,,,corporate_actions_20200901_20200930.json,NSE corporate actions API,DEMERGER,False,False,False,False,False,True,False,False,False,False,False,STRUCTURAL,,,,,,1,False,True,UNCHANGED,,NSE_BBE07FA60C54,ACTIVE_DATE_MATCH,False
DHANUKA,Dhanuka Agritech Limited,EQ,2.0,Buyback,2020-09-25,2020-09-28,,,,,corporate_actions_20200901_20200930.json,NSE corporate actions API,BUYBACK,False,False,False,False,False,False,True,False,False,False,False,BUYBACK,,,,,,1,False,False,UNCHANGED,,NSE_9891A0739E64,ACTIVE_DATE_MATCH,True
RITES,RITES Limited,EQ,10.0,Buyback,2020-09-29,2020-09-30,,,,,corporate_actions_20200901_20200930.json,NSE corporate actions API,BUYBACK,False,False,False,False,False,False,True,False,False,False,False,BUYBACK,,,,,,1,False,False,UNCHANGED,,NSE_88F316E09646,ACTIVE_DATE_MATCH,True
ANANTRAJ,Anant Raj Limited,EQ,2.0,Demerger,2020-10-06,2020-10-07,,,,,corporate_actions_20201001_20201031.json,NSE corporate actions API,DEMERGER,False,False,False,False,False,True,False,False,False,False,False,STRUCTURAL,,,,,,1,False,True,UNCHANGED,,NSE_3E94CB7D547E,ACTIVE_DATE_MATCH,False
MOLDTKPAC,Mold-Tek Packaging Limited,EQ,5.0,Rights 1:50 @ Premium Rs 175  With 6 Warrants For 50 Equity Shares,2020-10-21,2020-10-22,,,,,corporate_actions_20201001_20201031.json,NSE corporate actions API,RIGHTS 1:50 @ PREMIUM RS 175 WITH 6 WARRANTS FOR 50 EQUITY SHARES,False,False,False,False,True,False,False,False,False,False,False,RIGHTS,,1.0,50.0,,,1,False,False,UNCHANGED,,NSE_8731EDF35594,ACTIVE_DATE_MATCH,False
KIOCL,KIOCL Limited,EQ,10.0,Buyback,2020-10-28,2020-10-30,,,,,corporate_actions_20201001_20201031.json,NSE corporate actions API,BUYBACK,False,False,False,False,False,False,True,False,False,False,False,BUYBACK,,,,,,1,False,False,UNCHANGED,,NSE_AE4994F757D1,ACTIVE_DATE_MATCH,False
COSMOFIRST,COSMO FIRST LIMITED,EQ,10.0,Buyback,2020-11-06,2020-11-09,,,,,corporate_actions_20201101_20201130.json,NSE corporate actions API,BUYBACK,False,False,False,False,False,False,True,False,False,False,False,BUYBACK,,,,,,1,False,False,UNCHANGED,,NSE_05CCB290E94D,UNIQUE_SYMBOL_HISTORY,False
DEEPENR,DEEP ENERGY RESOURCES LIMITED,EQ,10.0,Demerger,2020-11-10,2020-11-11,,,,,corporate_actions_20201101_20201130.json,NSE corporate actions API,DEMERGER,False,False,False,False,False,True,False,False,False,False,False,STRUCTURAL,,,,,,1,False,True,UNCHANGED,,NSE_A2738048413A,ACTIVE_DATE_MATCH,False
AJANTPHARM,Ajanta Pharma Limited,EQ,2.0,Buyback,2020-11-12,2020-11-13,,,,,corporate_actions_20201101_20201130.json,NSE corporate actions API,BUYBACK,False,False,False,False,False,False,True,False,False,False,False,BUYBACK,,,,,,1,False,False,UNCHANGED,,NSE_790EA781FCF2,ACTIVE_DATE_MATCH,True
AURUM,Aurum PropTech Limited,EQ,5.0,Buyback,2020-11-12,2020-11-13,,,,,corporate_actions_20201101_20201130.json,NSE corporate actions API,BUYBACK,False,False,False,False,False,False,True,False,False,False,False,BUYBACK,,,,,,1,False,False,UNCHANGED,,NSE_829DA9E68B8C,UNIQUE_SYMBOL_HISTORY,False
NTPC,NTPC Limited,EQ,10.0,Buy-Back,2020-11-12,2020-11-13,,,,,corporate_actions_20201101_20201130.json,NSE corporate actions API,BUY-BACK,False,False,False,False,False,False,True,False,False,False,False,BUYBACK,,,,,,1,False,False,UNCHANGED,,NSE_4FB8019524D0,ACTIVE_DATE_MATCH,True
ASAHISONG,Asahi Songwon Colors Limited,EQ,10.0,Buyback,2020-11-19,2020-11-20,,,,,corporate_actions_20201101_20201130.json,NSE corporate actions API,BUYBACK,False,False,False,False,False,False,True,False,False,False,False,BUYBACK,,,,,,1,False,False,UNCHANGED,,NSE_49C4EC222EAD,ACTIVE_DATE_MATCH,False
SHOPERSTOP,Shoppers Stop Limited,EQ,5.0,Rights 17:70 @ Premium Rs 135/-,2020-11-19,2020-11-20,,,,,corporate_actions_20201101_20201130.json,NSE corporate actions API,RIGHTS 17:70 @ PREMIUM RS 135/-,False,False,False,False,True,False,False,False,False,False,False,RIGHTS,,17.0,70.0,,,1,False,False,UNCHANGED,,NSE_FA3A03D8F627,ACTIVE_DATE_MATCH,True
PRICOLLTD,Pricol Limited,EQ,1.0,Rights 2:7 @ Premium Rs 29/-,2020-11-24,2020-11-25,,,,,corporate_actions_20201101_20201130.json,NSE corporate actions API,RIGHTS 2:7 @ PREMIUM RS 29/-,False,False,False,False,True,False,False,False,False,False,False,RIGHTS,,2.0,7.0,,,1,False,False,UNCHANGED,,NSE_F8F0DCB62EB2,ACTIVE_DATE_MATCH,False
TCS,Tata Consultancy Services Limited,EQ,1.0,Buyback,2020-11-26,2020-11-28,,,,,corporate_actions_20201101_20201130.json,NSE corporate actions API,BUYBACK,False,False,False,False,False,False,True,False,False,False,False,BUYBACK,,,,,,1,False,False,UNCHANGED,,NSE_DBD0EB2724E0,ACTIVE_DATE_MATCH,True
CCAVENUE,AvenuesAI Limited,EQ,1.0,Demerger,2020-12-10,2020-12-11,,,,,corporate_actions_20201201_20201231.json,NSE corporate actions API,DEMERGER,False,False,False,False,False,True,False,False,False,False,False,STRUCTURAL,,,,,,1,False,True,UNCHANGED,,,NO_OBSERVED_SYMBOL,False
GARFIBRES,Garware Technical Fibres Limited,EQ,10.0,Buyback,2020-12-10,2020-12-11,,,,,corporate_actions_20201201_20201231.json,NSE corporate actions API,BUYBACK,False,False,False,False,False,False,True,False,False,False,False,BUYBACK,,,,,,1,False,False,UNCHANGED,,NSE_11DA18056321,ACTIVE_DATE_MATCH,True
WIPRO,Wipro Limited,EQ,2.0,Buyback,2020-12-10,2020-12-11,,,,,corporate_actions_20201201_20201231.json,NSE corporate actions API,BUYBACK,False,False,False,False,False,False,True,False,False,False,False,BUYBACK,,,,,,1,False,False,UNCHANGED,,NSE_060294DF8B9D,ACTIVE_DATE_MATCH,True
ENGINERSIN,Engineers India Limited,EQ,5.0,Buyback,2020-12-31,2021-01-01,,,,,corporate_actions_20201201_20201231.json,NSE corporate actions API,BUYBACK,False,False,False,False,False,False,True,False,False,False,False,BUYBACK,,,,,,1,False,False,UNCHANGED,,NSE_7468CCFC85B1,ACTIVE_DATE_MATCH,True
URJA,Urja Global Limited,EQ,1.0,Rights 7:71 @ Premium Rs 4/-,2021-01-14,2021-01-15,,,,,corporate_actions_20210101_20210131.json,NSE corporate actions API,RIGHTS 7:71 @ PREMIUM RS 4/-,False,False,False,False,True,False,False,False,False,False,False,RIGHTS,,7.0,71.0,,,1,False,False,UNCHANGED,,NSE_86CA1DC45645,ACTIVE_DATE_MATCH,False
ARCHIDPLY,Archidply Industries Limited,EQ,10.0,Buyback,2021-01-18,2021-01-19,,,,,corporate_actions_20210101_20210131.json,NSE corporate actions API,BUYBACK,False,False,False,False,False,False,True,False,False,False,False,BUYBACK,,,,,,1,False,False,UNCHANGED,,NSE_1C084B086A78,ACTIVE_DATE_MATCH,False
LTF,L&T Finance Limited,EQ,10.0,Rights 17:74@ Premium Rs 55 Per Share,2021-01-21,2021-01-22,,,,,corporate_actions_20210101_20210131.json,NSE corporate actions API,RIGHTS 17:74@ PREMIUM RS 55 PER SHARE,False,False,False,False,True,False,False,False,False,False,False,RIGHTS,,17.0,74.0,,,1,False,False,UNCHANGED,,,NO_OBSERVED_SYMBOL,False
GAIL,GAIL (India) Limited,EQ,10.0,Buyback,2021-01-27,2021-01-28,,,,,corporate_actions_20210101_20210131.json,NSE corporate actions API,BUYBACK,False,False,False,False,False,False,True,False,False,False,False,BUYBACK,,,,,,1,False,False,UNCHANGED,,NSE_1A8C5F9B8D6A,ACTIVE_DATE_MATCH,True
JUBLPHARMA,Jubilant Pharmova Limited,EQ,1.0,Demerger,2021-02-04,2021-02-05,,,,,corporate_actions_20210201_20210228.json,NSE corporate actions API,DEMERGER,False,False,False,False,False,True,False,False,False,False,False,STRUCTURAL,,,,,,1,False,True,UNCHANGED,,NSE_7E9F9084BD7D,UNIQUE_SYMBOL_HISTORY,False
NATIONALUM,National Aluminium Company Limited,EQ,5.0,Buyback,2021-02-05,2021-02-08,,,,,corporate_actions_20210201_20210228.json,NSE corporate actions API,BUYBACK,False,False,False,False,False,False,True,False,False,False,False,BUYBACK,,,,,,1,False,False,UNCHANGED,,NSE_F7764D2643B0,ACTIVE_DATE_MATCH,True
CANTABIL,Cantabil Retail India Limited,EQ,2.0,Interim Dividend,2021-02-12,2021-02-15,,,,,corporate_actions_20210201_20210228.json,NSE corporate actions API,INTERIM DIVIDEND,True,False,False,False,False,False,False,False,False,False,False,DIVIDEND,,,,,,1,False,True,UNCHANGED,,NSE_2976F55C6234,ACTIVE_DATE_MATCH,False
PATINTLOG,Patel Integrated Logistics Limited,EQ,10.0,Rights 27:47,2021-02-17,2021-02-18,,,,,corporate_actions_20210201_20210228.json,NSE corporate actions API,RIGHTS 27:47,False,False,False,False,True,False,False,False,False,False,False,RIGHTS,,27.0,47.0,,,1,False,False,UNCHANGED,,NSE_F472FE5885B6,ACTIVE_DATE_MATCH,False
ARVINDFASN,Arvind Fashions Limited,EQ,4.0,Rights 3:20 @ Premium Rs 131/-,2021-02-23,2021-02-24,,,,,corporate_actions_20210201_20210228.json,NSE corporate actions API,RIGHTS 3:20 @ PREMIUM RS 131/-,False,False,False,False,True,False,False,False,False,False,False,RIGHTS,,3.0,20.0,,,1,False,False,UNCHANGED,,NSE_806A916D3197,ACTIVE_DATE_MATCH,False
GUJAPOLLO,Gujarat Apollo Industries Limited,EQ,10.0,Buyback,2021-02-25,2021-02-26,,,,,corporate_actions_20210201_20210228.json,NSE corporate actions API,BUYBACK,False,False,False,False,False,False,True,False,False,False,False,BUYBACK,,,,,,1,False,False,UNCHANGED,,NSE_22597E019F8A,ACTIVE_DATE_MATCH,False
GFLLIMITED,GFL Limited,EQ,1.0,Demerger,2021-03-26,2021-03-30,,,,,corporate_actions_20210301_20210331.json,NSE corporate actions API,DEMERGER,False,False,False,False,False,True,False,False,False,False,False,STRUCTURAL,,,,,,1,False,True,UNCHANGED,,NSE_6835A4E7227D,ACTIVE_DATE_MATCH,False
INDIGRID,IndiGrid Infrastructure Trust,IV,100.0,Rights 1:5@ Premium Rs 10/-,2021-03-26,2021-03-30,,,,,corporate_actions_20210301_20210331.json,NSE corporate actions API,RIGHTS 1:5@ PREMIUM RS 10/-,False,False,False,False,True,False,False,False,False,False,False,RIGHTS,,1.0,5.0,,,1,False,False,UNCHANGED,,,NO_OBSERVED_SYMBOL,False
AARTIDRUGS,Aarti Drugs Limited,EQ,10.0,Buyback,2021-03-30,2021-04-01,,,,,corporate_actions_20210301_20210331.json,NSE corporate actions API,BUYBACK,False,False,False,False,False,False,True,False,False,False,False,BUYBACK,,,,,,1,False,False,UNCHANGED,,NSE_6B14B0471978,ACTIVE_DATE_MATCH,True
KDDL,KDDL Limited,EQ,10.0,Rights 7:75 @ Premium Rs 220/-,2021-03-30,2021-03-31,,,,,corporate_actions_20210301_20210331.json,NSE corporate actions API,RIGHTS 7:75 @ PREMIUM RS 220/-,False,False,False,False,True,False,False,False,False,False,False,RIGHTS,,7.0,75.0,,,1,False,False,UNCHANGED,,NSE_0343582C70BB,ACTIVE_DATE_MATCH,False
SIS,SIS LIMITED,EQ,5.0,Buyback,2021-04-08,2021-04-09,,,,,corporate_actions_20210401_20210430.json,NSE corporate actions API,BUYBACK,False,False,False,False,False,False,True,False,False,False,False,BUYBACK,,,,,,1,False,False,UNCHANGED,,NSE_C457B5E6B67B,ACTIVE_DATE_MATCH,True
TSFINV,TSF INVESTMENTS LIMITED,EQ,5.0,Rights 23:49 @ Premium Rs 45/-,2021-04-26,2021-04-27,,,,,corporate_actions_20210401_20210430.json,NSE corporate actions API,RIGHTS 23:49 @ PREMIUM RS 45/-,False,False,False,False,True,False,False,False,False,False,False,RIGHTS,,23.0,49.0,,,1,False,False,UNCHANGED,,,NO_OBSERVED_SYMBOL,False
MEGH,Meghmani Organics Limited,EQ,1.0,Merger/Demerger,2021-05-18,2021-05-19,,,,,corporate_actions_20210501_20210531.json,NSE corporate actions API,MERGER/DEMERGER,False,False,False,False,False,True,False,False,False,False,False,STRUCTURAL,,,,,,1,False,True,UNCHANGED,,NSE_F3E0467E5BDE,UNIQUE_SYMBOL_HISTORY,False
VIKASLIFE,Vikas Lifecare Limited,EQ,1.0,Rights 2:5 @ Premium Re 0.85/-,2021-05-20,2021-05-21,,,,,corporate_actions_20210501_20210531.json,NSE corporate actions API,RIGHTS 2:5 @ PREMIUM RE 0.85/-,False,False,False,False,True,False,False,False,False,False,False,RIGHTS,,2.0,5.0,,,1,False,False,UNCHANGED,,NSE_62819CC54AD7,ACTIVE_DATE_MATCH,False
BRITANNIA,Britannia Industries Limited,EQ,1.0,Scheme Of Arangement- Bonus - 1 Debenture For 1 Equity Share Held,2021-05-25,2021-05-27,,,,,corporate_actions_20210501_20210531.json,NSE corporate actions API,SCHEME OF ARANGEMENT- BONUS - 1 DEBENTURE FOR 1 EQUITY SHARE HELD,False,False,False,False,False,True,False,False,False,False,False,DEBENTURE_ENTITLEMENT,,,,,,1,False,True,RECLASSIFIED,A debenture entitlement is not an ordinary-equity bonus.,NSE_444C594AB9B7,ACTIVE_DATE_MATCH,True
VIKASECO,Vikas EcoTech Limited,EQ,1.0,Rights 13:10 @ Premium Rs 0.35/-,2021-06-09,2021-06-10,,,,,corporate_actions_20210601_20210630.json,NSE corporate actions API,RIGHTS 13:10 @ PREMIUM RS 0.35/-,False,False,False,False,True,False,False,False,False,False,False,RIGHTS,,13.0,10.0,,,1,False,False,UNCHANGED,,NSE_AC69DC0AF5A5,ACTIVE_DATE_MATCH,False
SIGMAADV,SIGMA ADVANCED SYSTEMS LIMITED,EQ,10.0,Rights 2:3,2021-07-12,2021-07-13,,,,,corporate_actions_20210701_20210731.json,NSE corporate actions API,RIGHTS 2:3,False,False,False,False,True,False,False,False,False,False,False,RIGHTS,,2.0,3.0,,,1,False,False,UNCHANGED,,,NO_OBSERVED_SYMBOL,False
SHRIPISTON,SPR Auto Technologies Limited,EQ,10.0,Buyback,2021-08-11,2021-08-12,,,,,corporate_actions_20210801_20210831.json,NSE corporate actions API,BUYBACK,False,False,False,False,False,False,True,False,False,False,False,BUYBACK,,,,,,1,False,False,UNCHANGED,,NSE_E11CF39F46B6,ACTIVE_DATE_MATCH,False
PRAXIS,Praxis Home Retail Limited,EQ,5.0,Rights 11:8 @ Premium Rs 6.35/-,2021-09-07,2021-09-08,,,,,corporate_actions_20210901_20210930.json,NSE corporate actions API,RIGHTS 11:8 @ PREMIUM RS 6.35/-,False,False,False,False,True,False,False,False,False,False,False,RIGHTS,,11.0,8.0,,,1,False,False,UNCHANGED,,NSE_186FB4181D6E,ACTIVE_DATE_MATCH,False
ASIANTILES,Asian Granito India Limited,EQ,10.0,Rights 19:29 @ Premium Rs 90/-,2021-09-08,2021-09-09,,,,,corporate_actions_20210901_20210930.json,NSE corporate actions API,RIGHTS 19:29 @ PREMIUM RS 90/-,False,False,False,False,True,False,False,False,False,False,False,RIGHTS,,19.0,29.0,,,1,False,False,UNCHANGED,,NSE_932751FFFB35,ACTIVE_DATE_MATCH,False
BASML,Bannari Amman Spinning Mills Limited,EQ,5.0,Rights 21:20@ Premium Rs 25/-,2021-09-08,2021-09-09,,,,,corporate_actions_20210901_20210930.json,NSE corporate actions API,RIGHTS 21:20@ PREMIUM RS 25/-,False,False,False,False,True,False,False,False,False,False,False,RIGHTS,,21.0,20.0,,,1,False,False,UNCHANGED,,NSE_487048A7E509,ACTIVE_DATE_MATCH,False
KESORAMIND,Kesoram Industries Limited,EQ,10.0,Rights 133:274 @ Premium Rs 40/-,2021-09-16,2021-09-17,,,,,corporate_actions_20210901_20210930.json,NSE corporate actions API,RIGHTS 133:274 @ PREMIUM RS 40/-,False,False,False,False,True,False,False,False,False,False,False,RIGHTS,,133.0,274.0,,,1,False,False,UNCHANGED,,NSE_4723627B4BA6,ACTIVE_DATE_MATCH,False
RPPINFRA,R.P.P. Infra Projects Limited,EQ,10.0,Rights 3:5 @ Premium Rs 20/-,2021-09-17,2021-09-20,,,,,corporate_actions_20210901_20210930.json,NSE corporate actions API,RIGHTS 3:5 @ PREMIUM RS 20/-,False,False,False,False,True,False,False,False,False,False,False,RIGHTS,,3.0,5.0,,,1,False,False,UNCHANGED,,NSE_89113CAD3169,ACTIVE_DATE_MATCH,False
BHARTIARTL,Bharti Airtel Limited,EQ,5.0,Rights 1:14 @ Premium Rs 530/-,2021-09-27,2021-09-28,,,,,corporate_actions_20210901_20210930.json,NSE corporate actions API,RIGHTS 1:14 @ PREMIUM RS 530/-,False,False,False,False,True,False,False,False,False,False,False,RIGHTS,,1.0,14.0,,,1,False,False,UNCHANGED,,NSE_BD4742D366FC,ACTIVE_DATE_MATCH,True
ECLERX,eClerx Services Limited,EQ,10.0,Buyback,2021-09-29,2021-09-30,,,,,corporate_actions_20210901_20210930.json,NSE corporate actions API,BUYBACK,False,False,False,False,False,False,True,False,False,False,False,BUYBACK,,,,,,1,False,False,UNCHANGED,,NSE_2F62FAA6E00D,ACTIVE_DATE_MATCH,True
TEXRAIL,Texmaco Rail & Engineering Limited,EQ,1.0,Rights 2:7 @ Premium Rs 22/-,2021-10-21,2021-10-22,,,,,corporate_actions_20211001_20211031.json,NSE corporate actions API,RIGHTS 2:7 @ PREMIUM RS 22/-,False,False,False,False,True,False,False,False,False,False,False,RIGHTS,,2.0,7.0,,,1,False,False,UNCHANGED,,NSE_63EB9280D90F,ACTIVE_DATE_MATCH,False
NDLVENTURE,NDL Ventures Limited,EQ,10.0,Rights 2:5 @ Premium Rs 290/-,2021-10-22,2021-10-25,,,,,corporate_actions_20211001_20211031.json,NSE corporate actions API,RIGHTS 2:5 @ PREMIUM RS 290/-,False,False,False,False,True,False,False,False,False,False,False,RIGHTS,,2.0,5.0,,,1,False,False,UNCHANGED,,,NO_OBSERVED_SYMBOL,False
BHARATGEAR,Bharat Gears Limited,EQ,10.0,Rights 1:10 @ Premium Rs 95/-,2021-10-28,2021-10-29,,,,,corporate_actions_20211001_20211031.json,NSE corporate actions API,RIGHTS 1:10 @ PREMIUM RS 95/-,False,False,False,False,True,False,False,False,False,False,False,RIGHTS,,1.0,10.0,,,1,False,False,UNCHANGED,,NSE_FBB961203DF8,ACTIVE_DATE_MATCH,False
PATINTLOG,Patel Integrated Logistics Limited,EQ,10.0,Rights 613:399,2021-10-28,2021-10-29,,,,,corporate_actions_20211001_20211031.json,NSE corporate actions API,RIGHTS 613:399,False,False,False,False,True,False,False,False,False,False,False,RIGHTS,,613.0,399.0,,,1,False,False,UNCHANGED,,NSE_F472FE5885B6,ACTIVE_DATE_MATCH,False
VIKASLIFE,Vikas Lifecare Limited,EQ,1.0,Rights 4:21 @ Premium Rs 1.80/-,2021-10-29,2021-11-01,,,,,corporate_actions_20211001_20211031.json,NSE corporate actions API,RIGHTS 4:21 @ PREMIUM RS 1.80/-,False,False,False,False,True,False,False,False,False,False,False,RIGHTS,,4.0,21.0,,,1,False,False,UNCHANGED,,NSE_62819CC54AD7,ACTIVE_DATE_MATCH,False
AKSHARCHEM,AksharChem India Limited,EQ,10.0,Buyback,2021-11-11,2021-11-12,,,,,corporate_actions_20211101_20211130.json,NSE corporate actions API,BUYBACK,False,False,False,False,False,False,True,False,False,False,False,BUYBACK,,,,,,1,False,False,UNCHANGED,,NSE_3885846AAE86,ACTIVE_DATE_MATCH,False
INDHOTEL,The Indian Hotels Company Limited,EQ,1.0,Rights 1:9 @ Premium Rs 149/-,2021-11-11,2021-11-13,,,,,corporate_actions_20211101_20211130.json,NSE corporate actions API,RIGHTS 1:9 @ PREMIUM RS 149/-,False,False,False,False,True,False,False,False,False,False,False,RIGHTS,,1.0,9.0,,,1,False,False,UNCHANGED,,NSE_981D18E0A068,ACTIVE_DATE_MATCH,True
SHK,S H Kelkar and Company Limited,EQ,10.0,Buyback,2021-11-11,2021-11-12,,,,,corporate_actions_20211101_20211130.json,NSE corporate actions API,BUYBACK,False,False,False,False,False,False,True,False,False,False,False,BUYBACK,,,,,,1,False,False,UNCHANGED,,NSE_F8512C975E62,ACTIVE_DATE_MATCH,False
VIKASECO,Vikas EcoTech Limited,EQ,1.0,Rights 12:25@ Premium Rs 0.60/-,2021-11-24,2021-11-25,,,,,corporate_actions_20211101_20211130.json,NSE corporate actions API,RIGHTS 12:25@ PREMIUM RS 0.60/-,False,False,False,False,True,False,False,False,False,False,False,RIGHTS,,12.0,25.0,,,1,False,False,UNCHANGED,,NSE_AC69DC0AF5A5,ACTIVE_DATE_MATCH,False
NUCLEUS,Nucleus Software Exports Limited,EQ,10.0,Buyback,2021-11-25,2021-11-27,,,,,corporate_actions_20211101_20211130.json,NSE corporate actions API,BUYBACK,False,False,False,False,False,False,True,False,False,False,False,BUYBACK,,,,,,1,False,False,UNCHANGED,,NSE_2A7BBB221AEF,ACTIVE_DATE_MATCH,False
SHIVAMAUTO,Shivam Autotech Limited,EQ,2.0,Rights 2:9 @ Premium Rs 16/-,2021-12-09,2021-12-10,,,,,corporate_actions_20211201_20211231.json,NSE corporate actions API,RIGHTS 2:9 @ PREMIUM RS 16/-,False,False,False,False,True,False,False,False,False,False,False,RIGHTS,,2.0,9.0,,,1,False,False,UNCHANGED,,NSE_8E8DC85EE932,ACTIVE_DATE_MATCH,False
WEIZMANIND,Weizmann Limited,EQ,10.0,Buyback,2021-12-09,2021-12-10,,,,,corporate_actions_20211201_20211231.json,NSE corporate actions API,BUYBACK,False,False,False,False,False,False,True,False,False,False,False,BUYBACK,,,,,,1,False,False,UNCHANGED,,NSE_CC964AFE8154,ACTIVE_DATE_MATCH,False
BEARDSELL,Beardsell Limited,EQ,2.0,Rights 1:3 @ Premium Rs 8/-,2021-12-16,2021-12-17,,,,,corporate_actions_20211201_20211231.json,NSE corporate actions API,RIGHTS 1:3 @ PREMIUM RS 8/-,False,False,False,False,True,False,False,False,False,False,False,RIGHTS,,1.0,3.0,,,1,False,False,UNCHANGED,,NSE_C37DE013F08B,ACTIVE_DATE_MATCH,False
MPSLTD,MPS Limited,EQ,10.0,Buyback,2021-12-16,2021-12-17,,,,,corporate_actions_20211201_20211231.json,NSE corporate actions API,BUYBACK,False,False,False,False,False,False,True,False,False,False,False,BUYBACK,,,,,,1,False,False,UNCHANGED,,NSE_E389B59D77D6,ACTIVE_DATE_MATCH,False
MOIL,MOIL Limited,EQ,10.0,Buyback,2021-12-30,2021-12-31,,,,,corporate_actions_20211201_20211231.json,NSE corporate actions API,BUYBACK,False,False,False,False,False,False,True,False,False,False,False,BUYBACK,,,,,,1,False,False,UNCHANGED,,NSE_D9F56642B79E,ACTIVE_DATE_MATCH,True
SDBL,Som Distilleries & Breweries Limited,EQ,2.0,Rights 1:13@ Premium Rs 30/-,2021-12-31,2022-01-03,,,,,corporate_actions_20211201_20211231.json,NSE corporate actions API,RIGHTS 1:13@ PREMIUM RS 30/-,False,False,False,False,True,False,False,False,False,False,False,RIGHTS,,1.0,13.0,,,1,False,False,UNCHANGED,,NSE_82207CD02485,ACTIVE_DATE_MATCH,False
GMRAIRPORT,GMR AIRPORTS LIMITED,EQ,1.0,Demerger,2022-01-11,2022-01-12,,,,,corporate_actions_20220101_20220131.json,NSE corporate actions API,DEMERGER,False,False,False,False,False,True,False,False,False,False,False,STRUCTURAL,,,,,,1,False,True,UNCHANGED,,,NO_OBSERVED_SYMBOL,False
AJANTPHARM,Ajanta Pharma Limited,EQ,2.0,Buyback,2022-01-13,2022-01-14,,,,,corporate_actions_20220101_20220131.json,NSE corporate actions API,BUYBACK,False,False,False,False,False,False,True,False,False,False,False,BUYBACK,,,,,,1,False,False,UNCHANGED,,NSE_790EA781FCF2,ACTIVE_DATE_MATCH,True
MOTHERSON,Samvardhana Motherson International Limited,EQ,1.0,Demerger,2022-01-14,2022-01-17,,,,,corporate_actions_20220101_20220131.json,NSE corporate actions API,DEMERGER,False,False,False,False,False,True,False,False,False,False,False,STRUCTURAL,,,,,,1,False,True,UNCHANGED,,NSE_108254EF6AA4,UNIQUE_SYMBOL_HISTORY,False
KPRMILL,K.P.R. Mill Limited,EQ,1.0,Buyback,2022-02-17,2022-02-19,,,,,corporate_actions_20220201_20220228.json,NSE corporate actions API,BUYBACK,False,False,False,False,False,False,True,False,False,False,False,BUYBACK,,,,,,1,False,False,UNCHANGED,,NSE_03C46C5018D2,ACTIVE_DATE_MATCH,True
MAYURUNIQ,Mayur Uniquoters Ltd,EQ,5.0,Buyback,2022-02-22,2022-02-23,,,,,corporate_actions_20220201_20220228.json,NSE corporate actions API,BUYBACK,False,False,False,False,False,False,True,False,False,False,False,BUYBACK,,,,,,1,False,False,UNCHANGED,,NSE_E8494F35C12B,ACTIVE_DATE_MATCH,False
TCS,Tata Consultancy Services Limited,EQ,1.0,Buyback,2022-02-22,2022-02-23,,,,,corporate_actions_20220201_20220228.json,NSE corporate actions API,BUYBACK,False,False,False,False,False,False,True,False,False,False,False,BUYBACK,,,,,,1,False,False,UNCHANGED,,NSE_DBD0EB2724E0,ACTIVE_DATE_MATCH,True
ARSHIYA,Arshiya Limited,EQ,2.0,Demerger,2022-03-03,2022-03-04,,,,,corporate_actions_20220301_20220331.json,NSE corporate actions API,DEMERGER,False,False,False,False,False,True,False,False,False,False,False,STRUCTURAL,,,,,,1,False,True,UNCHANGED,,NSE_64452976BB48,ACTIVE_DATE_MATCH,False
VIPIND,VIP Industries Limited,EQ,2.0,Interim Dividend,2022-03-08,2022-03-09,,,,,corporate_actions_20220301_20220331.json,NSE corporate actions API,INTERIM DIVIDEND,True,False,False,False,False,False,False,False,False,False,False,DIVIDEND,,,,,,1,False,True,UNCHANGED,,NSE_2C5F1FC0CC8C,ACTIVE_DATE_MATCH,True
WOCKPHARMA,Wockhardt Limited,EQ,5.0,Rights 3:10@ Premium Rs 220 Per Share,2022-03-08,2022-03-09,,,,,corporate_actions_20220301_20220331.json,NSE corporate actions API,RIGHTS 3:10@ PREMIUM RS 220 PER SHARE,False,False,False,False,True,False,False,False,False,False,False,RIGHTS,,3.0,10.0,,,1,False,False,UNCHANGED,,NSE_3F3FCC28A216,ACTIVE_DATE_MATCH,True
VEDL,Vedanta Limited,EQ,1.0,Interim Dividend,2022-03-09,2022-03-10,,,,,corporate_actions_20220301_20220331.json,NSE corporate actions API,INTERIM DIVIDEND,True,False,False,False,False,False,False,False,False,False,False,DIVIDEND,,,,,,1,False,True,UNCHANGED,,NSE_4F03492E4C4E,ACTIVE_DATE_MATCH,True
NGIL,Nakoda Group of Industries Limited,EQ,10.0,Rights 1:4@ Premium Rs 110/-,2022-03-30,2022-04-01,,,,,corporate_actions_20220301_20220331.json,NSE corporate actions API,RIGHTS 1:4@ PREMIUM RS 110/-,False,False,False,False,True,False,False,False,False,False,False,RIGHTS,,1.0,4.0,,,1,False,False,UNCHANGED,,NSE_3958D03DF99B,ACTIVE_DATE_MATCH,False
BHAGCHEM,Bhagiradha Chemicals & Industries Limited,EQ,1.0,Rights Issue 4:17@ Premium Rs 390/-,2022-04-07,2022-04-09,,,,,corporate_actions_20220401_20220430.json,NSE corporate actions API,RIGHTS ISSUE 4:17@ PREMIUM RS 390/-,False,False,False,False,True,False,False,False,False,False,False,RIGHTS,,4.0,17.0,,,1,False,False,UNCHANGED,,NSE_621EFCE00750,ACTIVE_DATE_MATCH,False
FILATEX,Filatex India Limited,EQ,1.0,Buyback,2022-04-07,2022-04-08,,,,,corporate_actions_20220401_20220430.json,NSE corporate actions API,BUYBACK,False,False,False,False,False,False,True,False,False,False,False,BUYBACK,,,,,,1,False,False,UNCHANGED,,NSE_78E6C2B4396C,ACTIVE_DATE_MATCH,False
ASIANTILES,Asian Granito India Limited,EQ,10.0,Rights Issue 30:37@ Premium Rs 53/-,2022-04-11,2022-04-12,,,,,corporate_actions_20220401_20220430.json,NSE corporate actions API,RIGHTS ISSUE 30:37@ PREMIUM RS 53/-,False,False,False,False,True,False,False,False,False,False,False,RIGHTS,,30.0,37.0,,,1,False,False,UNCHANGED,,NSE_932751FFFB35,ACTIVE_DATE_MATCH,False
AURUM,Aurum PropTech Limited,EQ,5.0,Rights 3:2 @ Premium Rs 75/-,2022-04-12,2022-04-14,,,,,corporate_actions_20220401_20220430.json,NSE corporate actions API,RIGHTS 3:2 @ PREMIUM RS 75/-,False,False,False,False,True,False,False,False,False,False,False,RIGHTS,,3.0,2.0,,,1,False,False,UNCHANGED,,NSE_829DA9E68B8C,ACTIVE_DATE_MATCH,False
GAIL,GAIL (India) Limited,EQ,10.0,Buyback,2022-04-21,2022-04-22,,,,,corporate_actions_20220401_20220430.json,NSE corporate actions API,BUYBACK,False,False,False,False,False,False,True,False,False,False,False,BUYBACK,,,,,,1,False,False,UNCHANGED,,NSE_1A8C5F9B8D6A,ACTIVE_DATE_MATCH,True
ESSENTIA,Integra Essentia Limited,EQ,1.0,Rights 33:13@ Premium Rs 0.80/-,2022-05-04,2022-05-05,,,,,corporate_actions_20220501_20220531.json,NSE corporate actions API,RIGHTS 33:13@ PREMIUM RS 0.80/-,False,False,False,False,True,False,False,False,False,False,False,RIGHTS,,33.0,13.0,,,1,False,False,UNCHANGED,,NSE_ED17A80DA9BB,ACTIVE_DATE_MATCH,False
DYNPRO,Dynemic Products Limited,EQ,10.0,Rights 1:20 @ Premium Rs. 440/-,2022-05-12,2022-05-13,,,,,corporate_actions_20220501_20220531.json,NSE corporate actions API,RIGHTS 1:20 @ PREMIUM RS. 440/-,False,False,False,False,True,False,False,False,False,False,False,RIGHTS,,1.0,20.0,,,1,False,False,UNCHANGED,,NSE_04C0E81B6A3F,ACTIVE_DATE_MATCH,False
DHAMPURSUG,Dhampur Sugar Mills Limited,EQ,10.0,Demerger,2022-05-13,2022-05-17,,,,,corporate_actions_20220501_20220531.json,NSE corporate actions API,DEMERGER,False,False,False,False,False,True,False,False,False,False,False,STRUCTURAL,,,,,,1,False,True,UNCHANGED,,NSE_A5CB0168A5BF,ACTIVE_DATE_MATCH,False
TIPSMUSIC,Tips Music Limited,EQ,1.0,Demerger,2022-05-19,2022-05-21,,,,,corporate_actions_20220501_20220531.json,NSE corporate actions API,DEMERGER,False,False,False,False,False,True,False,False,False,False,False,STRUCTURAL,,,,,,1,False,True,UNCHANGED,,,NO_OBSERVED_SYMBOL,False
MOTILALOFS,Motilal Oswal Financial Services Limited,EQ,1.0,Buyback,2022-05-26,2022-05-27,,,,,corporate_actions_20220501_20220531.json,NSE corporate actions API,BUYBACK,False,False,False,False,False,False,True,False,False,False,False,BUYBACK,,,,,,1,False,False,UNCHANGED,,NSE_EBCA7C65B503,ACTIVE_DATE_MATCH,True
ZYDUSLIFE,Zydus Lifesciences Limited,EQ,1.0,Buyback,2022-06-01,2022-06-02,,,,,corporate_actions_20220601_20220630.json,NSE corporate actions API,BUYBACK,False,False,False,False,False,False,True,False,False,False,False,BUYBACK,,,,,,1,False,False,UNCHANGED,,NSE_04884AF9E2CC,ACTIVE_DATE_MATCH,True
ASAHISONG,Asahi Songwon Colors Limited,EQ,10.0,Buyback,2022-06-02,2022-06-03,,,,,corporate_actions_20220601_20220630.json,NSE corporate actions API,BUYBACK,False,False,False,False,False,False,True,False,False,False,False,BUYBACK,,,,,,1,False,False,UNCHANGED,,NSE_49C4EC222EAD,ACTIVE_DATE_MATCH,False
BSOFT,BIRLASOFT LIMITED,EQ,2.0,Buyback,2022-07-14,2022-07-15,,,,,corporate_actions_20220701_20220731.json,NSE corporate actions API,BUYBACK,False,False,False,False,False,False,True,False,False,False,False,BUYBACK,,,,,,1,False,False,UNCHANGED,,NSE_64BF9F3DBA41,ACTIVE_DATE_MATCH,True
MAXIND,Max India Limited,EQ,10.0,Capital Reduction Pursuant To Nclt Order,2022-07-26,2022-07-27,,,,,corporate_actions_20220701_20220731.json,NSE corporate actions API,CAPITAL REDUCTION PURSUANT TO NCLT ORDER,False,False,False,False,False,False,False,True,False,False,False,CAPITAL_REDUCTION,,,,,,1,False,True,UNCHANGED,,NSE_DB556343B6F9,ACTIVE_DATE_MATCH,False
TEMBO,Tembo Global Industries Limited,EQ,1.0,Rights 9:25 @ Premium Rs 90/-,2022-08-08,2022-08-10,,,,,corporate_actions_20220801_20220831.json,NSE corporate actions API,RIGHTS 9:25 @ PREMIUM RS 90/-,False,False,False,False,True,False,False,False,False,False,False,RIGHTS,,9.0,25.0,,,1,False,False,UNCHANGED,,NSE_EE0569CCF927,ACTIVE_DATE_MATCH,False
MSUMI,Motherson Sumi Wiring India Limited,EQ,1.0,Annual General Meeting/Dividend - Rs  Per Share,2022-08-12,,2022-08-18,2022-08-22,,,corporate_actions_20220801_20220831.json,NSE corporate actions API,ANNUAL GENERAL MEETING/DIVIDEND - RS PER SHARE,True,False,False,False,False,False,False,False,True,False,False,DIVIDEND,,,,,,1,False,True,UNCHANGED,,NSE_238128DD84D9,ACTIVE_DATE_MATCH,False
COASTCORP,Coastal Corporation Limited,EQ,2.0,Rights 1:6 @ Premium Rs 215/-,2022-08-25,2022-08-26,,,,,corporate_actions_20220801_20220831.json,NSE corporate actions API,RIGHTS 1:6 @ PREMIUM RS 215/-,False,False,False,False,True,False,False,False,False,False,False,RIGHTS,,1.0,6.0,,,1,False,False,UNCHANGED,,NSE_478AEBB36E09,ACTIVE_DATE_MATCH,False
PEL,Piramal Enterprises Limited,EQ,2.0,Demerger,2022-08-30,2022-09-01,,,,,corporate_actions_20220801_20220831.json,NSE corporate actions API,DEMERGER,False,False,False,False,False,True,False,False,False,False,False,STRUCTURAL,,,,,,1,False,True,UNCHANGED,,NSE_A4B76A210E61,ACTIVE_DATE_MATCH,False
IBULLSLTD,Indiabulls Limited,EQ,2.0,Demerger,2022-09-01,2022-09-02,,,,,corporate_actions_20220901_20220930.json,NSE corporate actions API,DEMERGER,False,False,False,False,False,True,False,False,False,False,False,STRUCTURAL,,,,,,1,False,True,UNCHANGED,,,NO_OBSERVED_SYMBOL,False
KAMDHENU,Kamdhenu Limited,EQ,1.0,Demerger,2022-09-06,2022-09-07,,,,,corporate_actions_20220901_20220930.json,NSE corporate actions API,DEMERGER,False,False,False,False,False,True,False,False,False,False,False,STRUCTURAL,,,,,,1,False,True,UNCHANGED,,NSE_73D167EEB8A9,ACTIVE_DATE_MATCH,False
BEML,BEML Limited,EQ,5.0,Demerger,2022-09-08,2022-09-09,,,,,corporate_actions_20220901_20220930.json,NSE corporate actions API,DEMERGER,False,False,False,False,False,True,False,False,False,False,False,STRUCTURAL,,,,,,1,False,True,UNCHANGED,,NSE_873E06A5291B,ACTIVE_DATE_MATCH,False
LIBAS,Libas Consumer Products Limited,EQ,10.0,Rights 1:2 @ Premium Rs 11/-,2022-09-15,2022-09-16,,,,,corporate_actions_20220901_20220930.json,NSE corporate actions API,RIGHTS 1:2 @ PREMIUM RS 11/-,False,False,False,False,True,False,False,False,False,False,False,RIGHTS,,1.0,2.0,,,1,False,False,UNCHANGED,,NSE_D0BC055DE24C,ACTIVE_DATE_MATCH,False
ASAHISONG,Asahi Songwon Colors Limited,EQ,10.0,Annual General Meeting/Dividend - Rs  Per Share,2022-09-22,,2022-09-24,2022-09-30,,,corporate_actions_20220901_20220930.json,NSE corporate actions API,ANNUAL GENERAL MEETING/DIVIDEND - RS PER SHARE,True,False,False,False,False,False,False,False,True,False,False,DIVIDEND,,,,,,1,False,True,UNCHANGED,,NSE_49C4EC222EAD,ACTIVE_DATE_MATCH,False
SUZLON,Suzlon Energy Limited,EQ,2.0,Rights 5:21 @ Premium Rs 3/-,2022-10-03,2022-10-04,,,,,corporate_actions_20221001_20221031.json,NSE corporate actions API,RIGHTS 5:21 @ PREMIUM RS 3/-,False,False,False,False,True,False,False,False,False,False,False,RIGHTS,,5.0,21.0,,,1,False,False,UNCHANGED,,NSE_F6C28C2DB744,ACTIVE_DATE_MATCH,True
AHLEAST,Asian Hotels (East) Limited,EQ,10.0,Demerger,2022-10-06,2022-10-07,,,,,corporate_actions_20221001_20221031.json,NSE corporate actions API,DEMERGER,False,False,False,False,False,True,False,False,False,False,False,STRUCTURAL,,,,,,1,False,True,UNCHANGED,,NSE_9D25E2E82749,ACTIVE_DATE_MATCH,False
SUVEN,Suven Life Sciences Limited,EQ,1.0,Rights 1:2 @ Premium Rs 54/-,2022-10-17,2022-10-18,,,,,corporate_actions_20221001_20221031.json,NSE corporate actions API,RIGHTS 1:2 @ PREMIUM RS 54/-,False,False,False,False,True,False,False,False,False,False,False,RIGHTS,,1.0,2.0,,,1,False,False,UNCHANGED,,NSE_3BC23EE3CDD9,ACTIVE_DATE_MATCH,False
AARTIIND,Aarti Industries Limited,EQ,5.0,Demerger,2022-10-19,2022-10-20,,,,,corporate_actions_20221001_20221031.json,NSE corporate actions API,DEMERGER,False,False,False,False,False,True,False,False,False,False,False,STRUCTURAL,,,,,,1,False,True,UNCHANGED,,NSE_81E1BA306A07,ACTIVE_DATE_MATCH,False
HILTON,Hilton Metal Forging Limited,EQ,10.0,Rights 2:5 @ Premium Rs 45/-,2022-10-20,2022-10-20,,,,,corporate_actions_20221001_20221031.json,NSE corporate actions API,RIGHTS 2:5 @ PREMIUM RS 45/-,False,False,False,False,True,False,False,False,False,False,False,RIGHTS,,2.0,5.0,,,1,False,False,UNCHANGED,,NSE_04C6FC375EB2,ACTIVE_DATE_MATCH,False
NMDC,NMDC Limited,EQ,1.0,Demerger,2022-10-27,2022-10-28,,,,,corporate_actions_20221001_20221031.json,NSE corporate actions API,DEMERGER,False,False,False,False,False,True,False,False,False,False,False,STRUCTURAL,,,,,,1,False,True,UNCHANGED,,NSE_6693136E8F8D,ACTIVE_DATE_MATCH,False
TFL,Transwarranty Finance Limited,EQ,10.0,Rights 1:1,2022-11-04,2022-11-04,,,,,corporate_actions_20221101_20221130.json,NSE corporate actions API,RIGHTS 1:1,False,False,False,False,True,False,False,False,False,False,False,RIGHTS,,1.0,1.0,,,1,False,False,UNCHANGED,,NSE_FC43C7DD0C5C,ACTIVE_DATE_MATCH,False
COMPINFO,Compuage Infocom Limited,EQ,2.0,Rights 8:25 @ Premium Rs 18/-,2022-11-14,2022-11-14,,,,,corporate_actions_20221101_20221130.json,NSE corporate actions API,RIGHTS 8:25 @ PREMIUM RS 18/-,False,False,False,False,True,False,False,False,False,False,False,RIGHTS,,8.0,25.0,,,1,False,False,UNCHANGED,,NSE_E5EDE93C6D53,ACTIVE_DATE_MATCH,False
ESSENTIA,Integra Essentia Limited,EQ,1.0,Rights 37:200 @ Premium Rs 6/-,2022-11-17,2022-11-17,,,,,corporate_actions_20221101_20221130.json,NSE corporate actions API,RIGHTS 37:200 @ PREMIUM RS 6/-,False,False,False,False,True,False,False,False,False,False,False,RIGHTS,,37.0,200.0,,,1,False,False,UNCHANGED,,NSE_ED17A80DA9BB,ACTIVE_DATE_MATCH,False
GRINFRA,G R Infraprojects Limited,EQ,5.0,Interim Dividend,2022-11-17,2022-11-18,,,,,corporate_actions_20221101_20221130.json,NSE corporate actions API,INTERIM DIVIDEND,True,False,False,False,False,False,False,False,False,False,False,DIVIDEND,,,,,,1,False,True,UNCHANGED,,NSE_8A58397586E6,ACTIVE_DATE_MATCH,True
NDLVENTURE,NDL Ventures Limited,EQ,10.0,Demerger,2022-11-22,2022-11-23,,,,,corporate_actions_20221101_20221130.json,NSE corporate actions API,DEMERGER,False,False,False,False,False,True,False,False,False,False,False,STRUCTURAL,,,,,,1,False,True,UNCHANGED,,,NO_OBSERVED_SYMBOL,False
AJOONI,Ajooni Biotech Limited,EQ,2.0,Rights 29:30 @ Premium Rs 4/-,2022-11-25,2022-11-25,,,,,corporate_actions_20221101_20221130.json,NSE corporate actions API,RIGHTS 29:30 @ PREMIUM RS 4/-,False,False,False,False,True,False,False,False,False,False,False,RIGHTS,,29.0,30.0,,,1,False,False,UNCHANGED,,NSE_0B73512D6B61,ACTIVE_DATE_MATCH,False
HATSUN,Hatsun Agro Product Limited,EQ,1.0,Rights 1:30 @ Premium Rs 418/-,2022-12-07,2022-12-08,,,,,corporate_actions_20221201_20221231.json,NSE corporate actions API,RIGHTS 1:30 @ PREMIUM RS 418/-,False,False,False,False,True,False,False,False,False,False,False,RIGHTS,,1.0,30.0,,,1,False,False,UNCHANGED,,NSE_AF4B789C4B78,ACTIVE_DATE_MATCH,True
AKG,Akg Exim Limited,EQ,10.0,Rights 2:1 @ Premium Rs 2/-,2022-12-16,2022-12-16,,,,,corporate_actions_20221201_20221231.json,NSE corporate actions API,RIGHTS 2:1 @ PREMIUM RS 2/-,False,False,False,False,True,False,False,False,False,False,False,RIGHTS,,2.0,1.0,,,1,False,False,UNCHANGED,,NSE_CCEA4036CAEC,ACTIVE_DATE_MATCH,False
APCL,Anjani Portland Cement Limited,EQ,10.0,Rights 1:2 @ Premium Rs 187/-,2022-12-16,2022-12-16,,,,,corporate_actions_20221201_20221231.json,NSE corporate actions API,RIGHTS 1:2 @ PREMIUM RS 187/-,False,False,False,False,True,False,False,False,False,False,False,RIGHTS,,1.0,2.0,,,1,False,False,UNCHANGED,,NSE_39303DA959D6,ACTIVE_DATE_MATCH,False
RSWM,RSWM Limited,EQ,10.0,Rights 1:1 @ Premium Rs 90/-,2022-12-16,2022-12-16,,,,,corporate_actions_20221201_20221231.json,NSE corporate actions API,RIGHTS 1:1 @ PREMIUM RS 90/-,False,False,False,False,True,False,False,False,False,False,False,RIGHTS,,1.0,1.0,,,1,False,False,UNCHANGED,,NSE_667D0079E174,ACTIVE_DATE_MATCH,False
SHAH,Shah Metacorp Limited,EQ,1.0,Rights 110:100 @ Premium Rs 1.75/-,2022-12-23,2022-12-23,,,,,corporate_actions_20221201_20221231.json,NSE corporate actions API,RIGHTS 110:100 @ PREMIUM RS 1.75/-,False,False,False,False,True,False,False,False,False,False,False,RIGHTS,,110.0,100.0,,,1,False,False,UNCHANGED,,,NO_OBSERVED_SYMBOL,False
JETFREIGHT,Jet Freight Logistics Limited,EQ,5.0,Rights 1:1 @ Premium Rs 11.25/-,2023-01-11,2023-01-11,,,,,corporate_actions_20230101_20230131.json,NSE corporate actions API,RIGHTS 1:1 @ PREMIUM RS 11.25/-,False,False,False,False,True,False,False,False,False,False,False,RIGHTS,,1.0,1.0,,,1,False,False,UNCHANGED,,NSE_2BDA55EAF494,ACTIVE_DATE_MATCH,False
INDOWIND,Indowind Energy Limited,EQ,10.0,Rights 2:5@ Premium Rs 2/-,2023-01-13,2023-01-13,,,,,corporate_actions_20230101_20230131.json,NSE corporate actions API,RIGHTS 2:5@ PREMIUM RS 2/-,False,False,False,False,True,False,False,False,False,False,False,RIGHTS,,2.0,5.0,,,1,False,False,UNCHANGED,,NSE_02C090DA38B6,ACTIVE_DATE_MATCH,False
RADIOCITY,Music Broadcast Limited,EQ,2.0,Scheme Of Arrangement - Bonus Ncrps 1:10,2023-01-13,2023-01-13,,,,,corporate_actions_20230101_20230131.json,NSE corporate actions API,SCHEME OF ARRANGEMENT - BONUS NCRPS 1:10,False,True,False,False,False,True,False,False,False,False,False,STRUCTURAL,,1.0,10.0,,,2,True,True,UNCHANGED,,NSE_FE86B98CC31C,ACTIVE_DATE_MATCH,False
AARTISURF,Aarti Surfactants Limited,EQ,10.0,Rights 2:17 @ Premium Rs 545/-,2023-01-17,2023-01-17,,,,,corporate_actions_20230101_20230131.json,NSE corporate actions API,RIGHTS 2:17 @ PREMIUM RS 545/-,False,False,False,False,True,False,False,False,False,False,False,RIGHTS,,2.0,17.0,,,1,False,False,UNCHANGED,,NSE_CE239913B869,ACTIVE_DATE_MATCH,False
HERITGFOOD,Heritage Foods Limited,EQ,5.0,Rights 1:1 @ Premium Rs 0/-,2023-01-20,2023-01-20,,,,,corporate_actions_20230101_20230131.json,NSE corporate actions API,RIGHTS 1:1 @ PREMIUM RS 0/-,False,False,False,False,True,False,False,False,False,False,False,RIGHTS,,1.0,1.0,,,1,False,False,UNCHANGED,,NSE_EEAD76022193,ACTIVE_DATE_MATCH,False
PATELENG,Patel Engineering Limited,EQ,1.0,Rights 1:2@ Premium Rs 11.60/-,2023-02-06,2023-02-06,,,,,corporate_actions_20230201_20230228.json,NSE corporate actions API,RIGHTS 1:2@ PREMIUM RS 11.60/-,False,False,False,False,True,False,False,False,False,False,False,RIGHTS,,1.0,2.0,,,1,False,False,UNCHANGED,,NSE_7F8B1EBDE62B,ACTIVE_DATE_MATCH,False
ROML,Raj Oil Mills Limited,EQ,10.0,Rights 1:1 @ Premium Rs 20/-,2023-02-09,2023-02-09,,,,,corporate_actions_20230201_20230228.json,NSE corporate actions API,RIGHTS 1:1 @ PREMIUM RS 20/-,False,False,False,False,True,False,False,False,False,False,False,RIGHTS,,1.0,1.0,,,1,False,False,UNCHANGED,,NSE_31DE59F512AE,ACTIVE_DATE_MATCH,False
SPORTKING,Sportking India Limited,EQ,1.0,Buyback,2023-02-10,2023-02-10,,,,,corporate_actions_20230201_20230228.json,NSE corporate actions API,BUYBACK,False,False,False,False,False,False,True,False,False,False,False,BUYBACK,,,,,,1,False,False,UNCHANGED,,NSE_D4A51E0A31BF,ACTIVE_DATE_MATCH,False
CGCL,Capri Global Capital Limited,EQ,1.0,Rights 11:64 @ Premium Rs 473/-,2023-02-17,2023-02-17,,,,,corporate_actions_20230201_20230228.json,NSE corporate actions API,RIGHTS 11:64 @ PREMIUM RS 473/-,False,False,False,False,True,False,False,False,False,False,False,RIGHTS,,11.0,64.0,,,1,False,False,UNCHANGED,,NSE_E7891F352261,ACTIVE_DATE_MATCH,True
SHAREINDIA,Share India Securities Limited,EQ,2.0,Rights 1:50 @ Premium Rs 690/- With 17 Warrants For 50 Equity Shares,2023-02-28,2023-02-28,,,,,corporate_actions_20230201_20230228.json,NSE corporate actions API,RIGHTS 1:50 @ PREMIUM RS 690/- WITH 17 WARRANTS FOR 50 EQUITY SHARES,False,False,False,False,True,False,False,False,False,False,False,RIGHTS,,1.0,50.0,,,1,False,False,UNCHANGED,,NSE_56A8D2EF44FE,ACTIVE_DATE_MATCH,False
GOKULAGRO,Gokul Agro Resources Limited,EQ,1.0,Rights 1:32 @ Premium Rs 90/-,2023-03-08,2023-03-08,,,,,corporate_actions_20230301_20230331.json,NSE corporate actions API,RIGHTS 1:32 @ PREMIUM RS 90/-,False,False,False,False,True,False,False,False,False,False,False,RIGHTS,,1.0,32.0,,,1,False,False,UNCHANGED,,NSE_48953D1D2921,ACTIVE_DATE_MATCH,False
MIRZAINT,Mirza International Limited,EQ,2.0,Demerger,2023-03-29,2023-03-29,,,,,corporate_actions_20230301_20230331.json,NSE corporate actions API,DEMERGER,False,False,False,False,False,True,False,False,False,False,False,STRUCTURAL,,,,,,1,False,True,UNCHANGED,,NSE_418C79223454,ACTIVE_DATE_MATCH,False
SEPC,SEPC Limited,EQ,10.0,Rights 2:53 @ Premium Rs 0/-,2023-03-29,2023-03-29,,,,,corporate_actions_20230301_20230331.json,NSE corporate actions API,RIGHTS 2:53 @ PREMIUM RS 0/-,False,False,False,False,True,False,False,False,False,False,False,RIGHTS,,2.0,53.0,,,1,False,False,UNCHANGED,,NSE_B468B63128CC,ACTIVE_DATE_MATCH,False
SCI,Shipping Corporation Of India Limited,EQ,10.0,Demerger,2023-03-31,2023-03-31,,,,,corporate_actions_20230301_20230331.json,NSE corporate actions API,DEMERGER,False,False,False,False,False,True,False,False,False,False,False,STRUCTURAL,,,,,,1,False,True,UNCHANGED,,NSE_FECEC1EAA0A3,ACTIVE_DATE_MATCH,False
