valid_from,valid_to,side,security_id,symbol
2014-08-28,2014-09-19,OFFICIAL_ONLY,NSE_0711207C900A,GITANJALI
2014-08-28,2014-09-19,OFFICIAL_ONLY,NSE_092A1C3253B4,TATAMOTORS
2014-08-28,2014-09-19,OFFICIAL_ONLY,NSE_0C8E43FADDB8,IVRCLINFRA
2014-08-28,2014-09-19,OFFICIAL_ONLY,NSE_0F72F66469D6,GRAPHITE
2014-08-28,2014-09-19,OFFICIAL_ONLY,NSE_15523813BD4A,NOIDATOLL
2014-08-28,2014-09-19,OFFICIAL_ONLY,NSE_18BAEEDF7BCF,INGVYSYABK
2014-08-28,2014-09-19,OFFICIAL_ONLY,NSE_1FE8B4643571,GEOJITFSL
2014-08-28,2014-09-19,OFFICIAL_ONLY,NSE_2216670637F8,WELSPUNIND
2014-08-28,2014-09-19,OFFICIAL_ONLY,NSE_22A49E238B39,GMRINFRA
2014-08-28,2014-09-19,OFFICIAL_ONLY,NSE_2B12B6998928,RELCAPITAL
2014-08-28,2014-09-19,OFFICIAL_ONLY,NSE_2EF7833DA8D3,HEG
2014-08-28,2014-09-19,OFFICIAL_ONLY,NSE_3087CF0E8810,TDPOWERSYS
2014-08-28,2014-09-19,OFFICIAL_ONLY,NSE_329ABD1F5CCD,JSL
2014-08-28,2014-09-19,OFFICIAL_ONLY,NSE_3604A340ECD7,KSK
2014-08-28,2014-09-19,OFFICIAL_ONLY,NSE_3CC9204EE206,GEOMETRIC
2014-08-28,2014-09-19,OFFICIAL_ONLY,NSE_400E6C0FE473,PRAKASH
2014-08-28,2014-09-19,OFFICIAL_ONLY,NSE_403ED77BEF36,TREEHOUSE
2014-08-28,2014-09-19,OFFICIAL_ONLY,NSE_436838D37F74,GUJRATGAS
2014-08-28,2014-09-19,OFFICIAL_ONLY,NSE_4C7DD340FFE0,OPTOCIRCUI
2014-08-28,2014-09-19,OFFICIAL_ONLY,NSE_502982CDBAAD,ASAHIINDIA
2014-08-28,2014-09-19,OFFICIAL_ONLY,NSE_5602EE99E050,CENTENKA
2014-08-28,2014-09-19,OFFICIAL_ONLY,NSE_5813C47C6758,HEXAWARE
2014-08-28,2014-09-19,OFFICIAL_ONLY,NSE_5D0160460CD9,GHCL
2014-08-28,2014-09-19,OFFICIAL_ONLY,NSE_5E4BFA7651A2,AJRINFRA
2014-08-28,2014-09-19,OFFICIAL_ONLY,NSE_633BD53DAEC1,SBT
2014-08-28,2014-09-19,OFFICIAL_ONLY,NSE_63AB3F8FE7C5,MERCATOR
2014-08-28,2014-09-19,OFFICIAL_ONLY,NSE_6486648C9FB1,ESSDEE
2014-08-28,2014-09-19,OFFICIAL_ONLY,NSE_65DD43BDBE2D,CASTEXTECH
2014-08-28,2014-09-19,OFFICIAL_ONLY,NSE_675CFCEE5D02,GABRIEL
2014-08-28,2014-09-19,OFFICIAL_ONLY,NSE_70031FDFB6EF,FLEXITUFF
2014-08-28,2014-09-19,OFFICIAL_ONLY,NSE_7336A438D402,ELECTCAST
2014-08-28,2014-09-19,OFFICIAL_ONLY,NSE_78493707FA85,ENIL
2014-08-28,2014-09-19,OFFICIAL_ONLY,NSE_7A24E610012A,SWARAJENG
2014-08-28,2014-09-19,OFFICIAL_ONLY,NSE_7E9F9084BD7D,JUBLPHARMA
2014-08-28,2014-09-19,OFFICIAL_ONLY,NSE_7F8B1EBDE62B,PATELENG
2014-08-28,2014-09-19,OFFICIAL_ONLY,NSE_81E6A1C5A552,VESUVIUS
2014-08-28,2014-09-19,OFFICIAL_ONLY,NSE_83E296865792,ATFL
2014-08-28,2014-09-19,OFFICIAL_ONLY,NSE_851A827BCF83,NAVNETEDUL
2014-08-28,2014-09-19,OFFICIAL_ONLY,NSE_8B1A9BBDE5E6,PRSMJOHNSN
2014-08-28,2014-09-19,OFFICIAL_ONLY,NSE_8BBC0680BDBA,NAVA
2014-08-28,2014-09-19,OFFICIAL_ONLY,NSE_8E2A665067A2,PENINLAND
2014-08-28,2014-09-19,OFFICIAL_ONLY,NSE_94DBF4CE7AC2,MTEDUCARE
2014-08-28,2014-09-19,OFFICIAL_ONLY,NSE_96586AD2DEEB,TBZ
2014-08-28,2014-09-19,OFFICIAL_ONLY,NSE_978A4180C4F3,SUPREMEINF
2014-08-28,2014-09-19,OFFICIAL_ONLY,NSE_9A67203EFED3,USHAMART
2014-08-28,2014-09-19,OFFICIAL_ONLY,NSE_9AE82A200CBD,NIITLTD
2014-08-28,2014-09-19,OFFICIAL_ONLY,NSE_9B813D17D74B,SHRENUJ
2014-08-28,2014-09-19,OFFICIAL_ONLY,NSE_9E4C0423BFF8,GUJALKALI
2014-08-28,2014-09-19,OFFICIAL_ONLY,NSE_9E788BED7AEF,KALPATPOWR
2014-08-28,2014-09-19,OFFICIAL_ONLY,NSE_9F5985EF710B,GTLINFRA
2014-08-28,2014-09-19,OFFICIAL_ONLY,NSE_A1950E96A064,PURVA
2014-08-28,2014-09-19,OFFICIAL_ONLY,NSE_AA00EC8A4A3D,SUPPETRO
2014-08-28,2014-09-19,OFFICIAL_ONLY,NSE_B0F020774F39,DHANI
2014-08-28,2014-09-19,OFFICIAL_ONLY,NSE_B3E526664FC0,AMARAJABAT
2014-08-28,2014-09-19,OFFICIAL_ONLY,NSE_B46CD836B94A,AUTOAXLES
2014-08-28,2014-09-19,OFFICIAL_ONLY,NSE_B88435B10855,ELGIEQUIP
2014-08-28,2014-09-19,OFFICIAL_ONLY,NSE_B8C8A459A862,DHANBANK
2014-08-28,2014-09-19,OFFICIAL_ONLY,NSE_BAF1627773E0,VIDEOIND
2014-08-28,2014-09-19,OFFICIAL_ONLY,NSE_BBC622D344B2,VAIBHAVGBL
2014-08-28,2014-09-19,OFFICIAL_ONLY,NSE_BE6B81B4D2AE,UTTAMSTL
2014-08-28,2014-09-19,OFFICIAL_ONLY,NSE_BE847AB99029,JYOTISTRUC
2014-08-28,2014-09-19,OFFICIAL_ONLY,NSE_C0628B35007C,ESABINDIA
2014-08-28,2014-09-19,OFFICIAL_ONLY,NSE_C23A48F8DAF4,SBBJ
2014-08-28,2014-09-19,OFFICIAL_ONLY,NSE_C43FB1E82A75,63MOONS
2014-08-28,2014-09-19,OFFICIAL_ONLY,NSE_C4988FC46272,CAIRN
2014-08-28,2014-09-19,OFFICIAL_ONLY,NSE_C558FE982959,HEUBACHIND
2014-08-28,2014-09-19,OFFICIAL_ONLY,NSE_C60D64EC58FE,ARVIND
2014-08-28,2014-09-19,OFFICIAL_ONLY,NSE_C9730FDF32DB,ABGSHIP
2014-08-28,2014-09-19,OFFICIAL_ONLY,NSE_CC1A452E363C,TATAINVEST
2014-08-28,2014-09-19,OFFICIAL_ONLY,NSE_D00C1130DAE7,JTEKTINDIA
2014-08-28,2014-09-19,OFFICIAL_ONLY,NSE_D3148EEB7BF0,IBULHSGFIN
2014-08-28,2014-09-19,OFFICIAL_ONLY,NSE_D3F406024851,GIPCL
2014-08-28,2014-09-19,OFFICIAL_ONLY,NSE_D448CCCD5389,GNFC
2014-08-28,2014-09-19,OFFICIAL_ONLY,NSE_D45E2178880F,MAHSEAMLES
2014-08-28,2014-09-19,OFFICIAL_ONLY,NSE_D484E901E05E,RANBAXY
2014-08-28,2014-09-19,OFFICIAL_ONLY,NSE_D57CF4D8191A,PAISALO
2014-08-28,2014-09-19,OFFICIAL_ONLY,NSE_DCA00C31EBFD,BALKRISIND
2014-08-28,2014-09-19,OFFICIAL_ONLY,NSE_E102D7DE4C2C,GRUH
2014-08-28,2014-09-19,OFFICIAL_ONLY,NSE_E2CB5EC37279,PARSVNATH
2014-08-28,2014-09-19,OFFICIAL_ONLY,NSE_E5B9AB42956F,BINDALAGRO
2014-08-28,2014-09-19,OFFICIAL_ONLY,NSE_E6BC41F4E8C3,KKCL
2014-08-28,2014-09-19,OFFICIAL_ONLY,NSE_E9019530042D,SHANTIGEAR
2014-08-28,2014-09-19,OFFICIAL_ONLY,NSE_E9CD94ECB13B,MAHSCOOTER
2014-08-28,2014-09-19,OFFICIAL_ONLY,NSE_EBAC40911065,KCP
2014-08-28,2014-09-19,OFFICIAL_ONLY,NSE_EEAD76022193,HERITGFOOD
2014-08-28,2014-09-19,OFFICIAL_ONLY,NSE_EFD7B6E7FD96,FMGOETZE
2014-08-28,2014-09-19,OFFICIAL_ONLY,NSE_F5B77D59A62C,L&TFH
2014-08-28,2014-09-19,OFFICIAL_ONLY,NSE_F7FF721279AE,PVR
2014-08-28,2014-09-19,OFFICIAL_ONLY,NSE_FE37750EBD83,ABB
2014-08-28,2014-09-19,OFFICIAL_ONLY,NSE_FED8B098DEA5,GSKCONS
2014-08-28,2014-09-19,OFFICIAL_ONLY,NSE_FF6FC74E85C1,MINDTREE
2014-08-28,2014-09-19,PREVIOUS_ONLY,NSE_015D3C811935,SNOWMAN
2014-08-28,2014-09-19,PREVIOUS_ONLY,NSE_08FB9B51264C,KWALITY
2014-08-28,2014-09-19,PREVIOUS_ONLY,NSE_0A208E331D8C,MAHINDCIE
2014-08-28,2014-09-19,PREVIOUS_ONLY,NSE_0CDA14210E4D,DISHTV
2014-08-28,2014-09-19,PREVIOUS_ONLY,NSE_148E052CEC64,GRANULES
2014-08-28,2014-09-19,PREVIOUS_ONLY,NSE_15269CF9ABBD,TAKE
2014-08-28,2014-09-19,PREVIOUS_ONLY,NSE_1957FAB1366F,INDOCO
2014-08-28,2014-09-19,PREVIOUS_ONLY,NSE_1BB2D50D7572,EQUITAS
2014-08-28,2014-09-19,PREVIOUS_ONLY,NSE_232F7BA109E4,ANGELONE
2014-08-28,2014-09-19,PREVIOUS_ONLY,NSE_30E8FCA5619B,TI
2014-08-28,2014-09-19,PREVIOUS_ONLY,NSE_3B598B9F02C0,SUPRAJIT
2014-08-28,2014-09-19,PREVIOUS_ONLY,NSE_3CD1CF512D16,AHLUCONT
2014-08-28,2014-09-19,PREVIOUS_ONLY,NSE_3E5680388E4E,JINDALPOLY
2014-08-28,2014-09-19,PREVIOUS_ONLY,NSE_40AA7F3995D1,INDIGO
2014-08-28,2014-09-19,PREVIOUS_ONLY,NSE_41D6658A86E3,ICIL
2014-08-28,2014-09-19,PREVIOUS_ONLY,NSE_42FEBF5D9ADF,CERA
2014-08-28,2014-09-19,PREVIOUS_ONLY,NSE_469926D3FD6A,TIMKEN
2014-08-28,2014-09-19,PREVIOUS_ONLY,NSE_46A3EC428CE2,GUJGASLTD
2014-08-28,2014-09-19,PREVIOUS_ONLY,NSE_4B53EB5E333F,SYNGENE
2014-08-28,2014-09-19,PREVIOUS_ONLY,NSE_4C12111E25F6,WONDERLA
2014-08-28,2014-09-19,PREVIOUS_ONLY,NSE_4CD9919938EF,CCL
2014-08-28,2014-09-19,PREVIOUS_ONLY,NSE_5405849154DD,GRINDWELL
2014-08-28,2014-09-19,PREVIOUS_ONLY,NSE_5C11B50967B3,LAOPALA
2014-08-28,2014-09-19,PREVIOUS_ONLY,NSE_62370E1BA80E,RHIM
2014-08-28,2014-09-19,PREVIOUS_ONLY,NSE_62907813BC36,TIDEWATER
2014-08-28,2014-09-19,PREVIOUS_ONLY,NSE_63EB9280D90F,TEXRAIL
2014-08-28,2014-09-19,PREVIOUS_ONLY,NSE_659E411DCE22,NH
2014-08-28,2014-09-19,PREVIOUS_ONLY,NSE_66EF9E74F5E3,SHILPAMED
2014-08-28,2014-09-19,PREVIOUS_ONLY,NSE_68E3F7F5879F,IPAPPM
2014-08-28,2014-09-19,PREVIOUS_ONLY,NSE_69D8A25A8131,ALKEM
2014-08-28,2014-09-19,PREVIOUS_ONLY,NSE_6C4CBD6F12EE,RELAXO
2014-08-28,2014-09-19,PREVIOUS_ONLY,NSE_6E0CB7353991,LALPATHLAB
2014-08-28,2014-09-19,PREVIOUS_ONLY,NSE_7127DE38999E,SJVN
2014-08-28,2014-09-19,PREVIOUS_ONLY,NSE_740B7EE9CB08,SOLARINDS
2014-08-28,2014-09-19,PREVIOUS_ONLY,NSE_75A1EC6089B7,NILKAMAL
2014-08-28,2014-09-19,PREVIOUS_ONLY,NSE_7D44EE89941C,BLISSGVS
2014-08-28,2014-09-19,PREVIOUS_ONLY,NSE_7F8DECDBEDC8,ITDCEM
2014-08-28,2014-09-19,PREVIOUS_ONLY,NSE_85A771F24921,JCHAC
2014-08-28,2014-09-19,PREVIOUS_ONLY,NSE_8D41A8008DA2,RKFORGE
2014-08-28,2014-09-19,PREVIOUS_ONLY,NSE_914B18D01343,HMVL
2014-08-28,2014-09-19,PREVIOUS_ONLY,NSE_985104D9ABBA,AVANTIFEED
2014-08-28,2014-09-19,PREVIOUS_ONLY,NSE_9891A0739E64,DHANUKA
2014-08-28,2014-09-19,PREVIOUS_ONLY,NSE_9CD0408E0E4C,TRITURBINE
2014-08-28,2014-09-19,PREVIOUS_ONLY,NSE_9E3BB2CB962F,CHOLAHLDNG
2014-08-28,2014-09-19,PREVIOUS_ONLY,NSE_A508378B12ED,CAPLIPOINT
2014-08-28,2014-09-19,PREVIOUS_ONLY,NSE_A5EA8EAC7050,APLAPOLLO
2014-08-28,2014-09-19,PREVIOUS_ONLY,NSE_A7A22C73AF33,JETAIRWAYS
2014-08-28,2014-09-19,PREVIOUS_ONLY,NSE_AB2CD07E1D43,SITINET
2014-08-28,2014-09-19,PREVIOUS_ONLY,NSE_AD4461AE56EF,TVSSRICHAK
2014-08-28,2014-09-19,PREVIOUS_ONLY,NSE_AE697C87E3F3,SHARDACROP
2014-08-28,2014-09-19,PREVIOUS_ONLY,NSE_B04856B88EED,CROMPTON
2014-08-28,2014-09-19,PREVIOUS_ONLY,NSE_B3968699E9E2,INTELLECT
2014-08-28,2014-09-19,PREVIOUS_ONLY,NSE_B7616A734F2C,TCI
2014-08-28,2014-09-19,PREVIOUS_ONLY,NSE_BFBEFE6B6DB3,MANAPPURAM
2014-08-28,2014-09-19,PREVIOUS_ONLY,NSE_C449D23376D8,DYNAMATECH
2014-08-28,2014-09-19,PREVIOUS_ONLY,NSE_C7F339E43E8B,CEATLTD
2014-08-28,2014-09-19,PREVIOUS_ONLY,NSE_CA42918156CA,INFIBEAM
2014-08-28,2014-09-19,PREVIOUS_ONLY,NSE_CE1B55B0FE79,DALBHARAT
2014-08-28,2014-09-19,PREVIOUS_ONLY,NSE_CE21025CD02D,VGUARD
2014-08-28,2014-09-19,PREVIOUS_ONLY,NSE_D0658C86F917,ZEELEARN
2014-08-28,2014-09-19,PREVIOUS_ONLY,NSE_D10A18C00D0B,MTNL
2014-08-28,2014-09-19,PREVIOUS_ONLY,NSE_D35374D82BA3,IDFCFIRSTB
2014-08-28,2014-09-19,PREVIOUS_ONLY,NSE_D376FF14ECD7,STCINDIA
2014-08-28,2014-09-19,PREVIOUS_ONLY,NSE_D40F53D9B283,360ONE
2014-08-28,2014-09-19,PREVIOUS_ONLY,NSE_D4F3ADAA19EE,MANPASAND
2014-08-28,2014-09-19,PREVIOUS_ONLY,NSE_D63E80751915,PCBL
2014-08-28,2014-09-19,PREVIOUS_ONLY,NSE_D67F47161F2D,SFCL
2014-08-28,2014-09-19,PREVIOUS_ONLY,NSE_D6EC0847F646,ABFRL
2014-08-28,2014-09-19,PREVIOUS_ONLY,NSE_D701BCB8CF79,RAMCOSYS
2014-08-28,2014-09-19,PREVIOUS_ONLY,NSE_DAE0D0015DDC,IGARASHI
2014-08-28,2014-09-19,PREVIOUS_ONLY,NSE_E26A501DCF72,JMTAUTOLTD
2014-08-28,2014-09-19,PREVIOUS_ONLY,NSE_E33BF28052EC,GREENPLY
2014-08-28,2014-09-19,PREVIOUS_ONLY,NSE_E7C0FAEE3336,NAVKARCORP
2014-08-28,2014-09-19,PREVIOUS_ONLY,NSE_EBB02BC0F381,COFFEEDAY
2014-08-28,2014-09-19,PREVIOUS_ONLY,NSE_F0FD06753A0C,PCJEWELLER
2014-08-28,2014-09-19,PREVIOUS_ONLY,NSE_F10F8CF228CE,HEIDELBERG
2014-08-28,2014-09-19,PREVIOUS_ONLY,NSE_F210221D2F17,HUHTAMAKI
2014-08-28,2014-09-19,PREVIOUS_ONLY,NSE_F2B25E44F3E5,SMLISUZU
2014-08-28,2014-09-19,PREVIOUS_ONLY,NSE_F2F6AF4ED925,NATCOPHARM
2014-08-28,2014-09-19,PREVIOUS_ONLY,NSE_F7B46E5369C2,SEQUENT
2014-08-28,2014-09-19,PREVIOUS_ONLY,NSE_FA96276A2517,SOMANYCERA
2014-08-28,2014-09-19,PREVIOUS_ONLY,NSE_FB65F4DE6E54,OCL
2014-08-28,2014-09-19,PREVIOUS_ONLY,NSE_FBA9C5E2CF53,BRFL
2014-08-28,2014-09-19,PREVIOUS_ONLY,NSE_FD6C3BA21716,NAVINFLUOR
2014-08-28,2014-09-19,PREVIOUS_UNMAPPED,,SHTV
2014-08-28,2014-09-19,PREVIOUS_UNMAPPED,,SGPC
2014-08-28,2014-09-19,PREVIOUS_UNMAPPED,,GMRAIRPORT
2014-08-28,2014-09-19,PREVIOUS_UNMAPPED,,EPIGRAL
2014-08-28,2014-09-19,PREVIOUS_UNMAPPED,,CIEINDIA
2014-08-28,2014-09-19,PREVIOUS_UNMAPPED,,LTF
2014-08-28,2014-09-19,PREVIOUS_UNMAPPED,,TMPV
2014-08-28,2014-09-19,PREVIOUS_UNMAPPED,,JSWDULUX
2014-08-28,2014-09-19,PREVIOUS_UNMAPPED,,UNITDSPR
2014-08-28,2014-09-19,PREVIOUS_UNMAPPED,,ABREL
2014-08-28,2014-09-19,PREVIOUS_UNMAPPED,,SWANCORP
2014-08-28,2014-09-19,PREVIOUS_UNMAPPED,,WELSPUNLIV
2014-08-28,2014-09-19,PREVIOUS_UNMAPPED,,ADANIENSOL
2014-08-28,2014-09-19,PREVIOUS_UNMAPPED,,ARE&M
2014-08-28,2014-09-19,PREVIOUS_UNMAPPED,,AEGISLOG
2014-08-28,2014-09-19,PREVIOUS_UNMAPPED,,KPIL
2014-08-28,2014-09-19,PREVIOUS_UNMAPPED,,GVT&D
2014-08-28,2014-09-19,PREVIOUS_UNMAPPED,,COHANCE
2014-08-28,2014-09-19,PREVIOUS_UNMAPPED,,HBLENGINE
2014-08-28,2014-09-19,PREVIOUS_UNMAPPED,,SAMMAANCAP
2014-09-19,2014-09-30,OFFICIAL_ONLY,NSE_0711207C900A,GITANJALI
2014-09-19,2014-09-30,OFFICIAL_ONLY,NSE_092A1C3253B4,TATAMOTORS
2014-09-19,2014-09-30,OFFICIAL_ONLY,NSE_0C8E43FADDB8,IVRCLINFRA
2014-09-19,2014-09-30,OFFICIAL_ONLY,NSE_0F72F66469D6,GRAPHITE
2014-09-19,2014-09-30,OFFICIAL_ONLY,NSE_15523813BD4A,NOIDATOLL
2014-09-19,2014-09-30,OFFICIAL_ONLY,NSE_18BAEEDF7BCF,INGVYSYABK
2014-09-19,2014-09-30,OFFICIAL_ONLY,NSE_1BF63B49C19E,TVTODAY
2014-09-19,2014-09-30,OFFICIAL_ONLY,NSE_1FE8B4643571,GEOJITFSL
2014-09-19,2014-09-30,OFFICIAL_ONLY,NSE_2216670637F8,WELSPUNIND
2014-09-19,2014-09-30,OFFICIAL_ONLY,NSE_22A49E238B39,GMRINFRA
2014-09-19,2014-09-30,OFFICIAL_ONLY,NSE_2B12B6998928,RELCAPITAL
2014-09-19,2014-09-30,OFFICIAL_ONLY,NSE_2EF7833DA8D3,HEG
2014-09-19,2014-09-30,OFFICIAL_ONLY,NSE_3087CF0E8810,TDPOWERSYS
2014-09-19,2014-09-30,OFFICIAL_ONLY,NSE_329ABD1F5CCD,JSL
2014-09-19,2014-09-30,OFFICIAL_ONLY,NSE_3604A340ECD7,KSK
2014-09-19,2014-09-30,OFFICIAL_ONLY,NSE_3CC9204EE206,GEOMETRIC
2014-09-19,2014-09-30,OFFICIAL_ONLY,NSE_400E6C0FE473,PRAKASH
2014-09-19,2014-09-30,OFFICIAL_ONLY,NSE_403ED77BEF36,TREEHOUSE
2014-09-19,2014-09-30,OFFICIAL_ONLY,NSE_436838D37F74,GUJRATGAS
2014-09-19,2014-09-30,OFFICIAL_ONLY,NSE_4C7DD340FFE0,OPTOCIRCUI
2014-09-19,2014-09-30,OFFICIAL_ONLY,NSE_502982CDBAAD,ASAHIINDIA
2014-09-19,2014-09-30,OFFICIAL_ONLY,NSE_55FFE606B7E2,RATNAMANI
2014-09-19,2014-09-30,OFFICIAL_ONLY,NSE_5602EE99E050,CENTENKA
2014-09-19,2014-09-30,OFFICIAL_ONLY,NSE_5813C47C6758,HEXAWARE
2014-09-19,2014-09-30,OFFICIAL_ONLY,NSE_5D0160460CD9,GHCL
2014-09-19,2014-09-30,OFFICIAL_ONLY,NSE_5E4BFA7651A2,AJRINFRA
2014-09-19,2014-09-30,OFFICIAL_ONLY,NSE_633BD53DAEC1,SBT
2014-09-19,2014-09-30,OFFICIAL_ONLY,NSE_63AB3F8FE7C5,MERCATOR
2014-09-19,2014-09-30,OFFICIAL_ONLY,NSE_6486648C9FB1,ESSDEE
2014-09-19,2014-09-30,OFFICIAL_ONLY,NSE_65DD43BDBE2D,CASTEXTECH
2014-09-19,2014-09-30,OFFICIAL_ONLY,NSE_675CFCEE5D02,GABRIEL
2014-09-19,2014-09-30,OFFICIAL_ONLY,NSE_70031FDFB6EF,FLEXITUFF
2014-09-19,2014-09-30,OFFICIAL_ONLY,NSE_7336A438D402,ELECTCAST
2014-09-19,2014-09-30,OFFICIAL_ONLY,NSE_78493707FA85,ENIL
2014-09-19,2014-09-30,OFFICIAL_ONLY,NSE_7A24E610012A,SWARAJENG
2014-09-19,2014-09-30,OFFICIAL_ONLY,NSE_7E9F9084BD7D,JUBLPHARMA
2014-09-19,2014-09-30,OFFICIAL_ONLY,NSE_7F8B1EBDE62B,PATELENG
2014-09-19,2014-09-30,OFFICIAL_ONLY,NSE_81E6A1C5A552,VESUVIUS
2014-09-19,2014-09-30,OFFICIAL_ONLY,NSE_83E296865792,ATFL
2014-09-19,2014-09-30,OFFICIAL_ONLY,NSE_851A827BCF83,NAVNETEDUL
2014-09-19,2014-09-30,OFFICIAL_ONLY,NSE_8B1A9BBDE5E6,PRSMJOHNSN
2014-09-19,2014-09-30,OFFICIAL_ONLY,NSE_8BBC0680BDBA,NAVA
2014-09-19,2014-09-30,OFFICIAL_ONLY,NSE_8E2A665067A2,PENINLAND
2014-09-19,2014-09-30,OFFICIAL_ONLY,NSE_94DBF4CE7AC2,MTEDUCARE
2014-09-19,2014-09-30,OFFICIAL_ONLY,NSE_96586AD2DEEB,TBZ
2014-09-19,2014-09-30,OFFICIAL_ONLY,NSE_978A4180C4F3,SUPREMEINF
2014-09-19,2014-09-30,OFFICIAL_ONLY,NSE_9A67203EFED3,USHAMART
2014-09-19,2014-09-30,OFFICIAL_ONLY,NSE_9AE82A200CBD,NIITLTD
2014-09-19,2014-09-30,OFFICIAL_ONLY,NSE_9B813D17D74B,SHRENUJ
2014-09-19,2014-09-30,OFFICIAL_ONLY,NSE_9E4C0423BFF8,GUJALKALI
2014-09-19,2014-09-30,OFFICIAL_ONLY,NSE_9E788BED7AEF,KALPATPOWR
2014-09-19,2014-09-30,OFFICIAL_ONLY,NSE_9F5985EF710B,GTLINFRA
2014-09-19,2014-09-30,OFFICIAL_ONLY,NSE_A1950E96A064,PURVA
2014-09-19,2014-09-30,OFFICIAL_ONLY,NSE_AA00EC8A4A3D,SUPPETRO
2014-09-19,2014-09-30,OFFICIAL_ONLY,NSE_B02D9BEB0D0A,NOCIL
2014-09-19,2014-09-30,OFFICIAL_ONLY,NSE_B0F020774F39,DHANI
2014-09-19,2014-09-30,OFFICIAL_ONLY,NSE_B3E526664FC0,AMARAJABAT
2014-09-19,2014-09-30,OFFICIAL_ONLY,NSE_B46CD836B94A,AUTOAXLES
2014-09-19,2014-09-30,OFFICIAL_ONLY,NSE_B88435B10855,ELGIEQUIP
2014-09-19,2014-09-30,OFFICIAL_ONLY,NSE_B8C8A459A862,DHANBANK
2014-09-19,2014-09-30,OFFICIAL_ONLY,NSE_BAF1627773E0,VIDEOIND
2014-09-19,2014-09-30,OFFICIAL_ONLY,NSE_BBC622D344B2,VAIBHAVGBL
2014-09-19,2014-09-30,OFFICIAL_ONLY,NSE_BE6B81B4D2AE,UTTAMSTL
2014-09-19,2014-09-30,OFFICIAL_ONLY,NSE_BE847AB99029,JYOTISTRUC
2014-09-19,2014-09-30,OFFICIAL_ONLY,NSE_C0628B35007C,ESABINDIA
2014-09-19,2014-09-30,OFFICIAL_ONLY,NSE_C23A48F8DAF4,SBBJ
2014-09-19,2014-09-30,OFFICIAL_ONLY,NSE_C43FB1E82A75,63MOONS
2014-09-19,2014-09-30,OFFICIAL_ONLY,NSE_C4988FC46272,CAIRN
2014-09-19,2014-09-30,OFFICIAL_ONLY,NSE_C558FE982959,HEUBACHIND
2014-09-19,2014-09-30,OFFICIAL_ONLY,NSE_C60D64EC58FE,ARVIND
2014-09-19,2014-09-30,OFFICIAL_ONLY,NSE_C9730FDF32DB,ABGSHIP
2014-09-19,2014-09-30,OFFICIAL_ONLY,NSE_CC1A452E363C,TATAINVEST
2014-09-19,2014-09-30,OFFICIAL_ONLY,NSE_D00C1130DAE7,JTEKTINDIA
2014-09-19,2014-09-30,OFFICIAL_ONLY,NSE_D3148EEB7BF0,IBULHSGFIN
2014-09-19,2014-09-30,OFFICIAL_ONLY,NSE_D3F406024851,GIPCL
2014-09-19,2014-09-30,OFFICIAL_ONLY,NSE_D448CCCD5389,GNFC
2014-09-19,2014-09-30,OFFICIAL_ONLY,NSE_D45E2178880F,MAHSEAMLES
2014-09-19,2014-09-30,OFFICIAL_ONLY,NSE_D484E901E05E,RANBAXY
2014-09-19,2014-09-30,OFFICIAL_ONLY,NSE_D57CF4D8191A,PAISALO
2014-09-19,2014-09-30,OFFICIAL_ONLY,NSE_DCA00C31EBFD,BALKRISIND
2014-09-19,2014-09-30,OFFICIAL_ONLY,NSE_E102D7DE4C2C,GRUH
2014-09-19,2014-09-30,OFFICIAL_ONLY,NSE_E2CB5EC37279,PARSVNATH
2014-09-19,2014-09-30,OFFICIAL_ONLY,NSE_E5B9AB42956F,BINDALAGRO
2014-09-19,2014-09-30,OFFICIAL_ONLY,NSE_E6BC41F4E8C3,KKCL
2014-09-19,2014-09-30,OFFICIAL_ONLY,NSE_E9019530042D,SHANTIGEAR
2014-09-19,2014-09-30,OFFICIAL_ONLY,NSE_E9CD94ECB13B,MAHSCOOTER
2014-09-19,2014-09-30,OFFICIAL_ONLY,NSE_EBAC40911065,KCP
2014-09-19,2014-09-30,OFFICIAL_ONLY,NSE_EEAD76022193,HERITGFOOD
2014-09-19,2014-09-30,OFFICIAL_ONLY,NSE_EFD7B6E7FD96,FMGOETZE
2014-09-19,2014-09-30,OFFICIAL_ONLY,NSE_F5B77D59A62C,L&TFH
2014-09-19,2014-09-30,OFFICIAL_ONLY,NSE_F7FF721279AE,PVR
2014-09-19,2014-09-30,OFFICIAL_ONLY,NSE_FE37750EBD83,ABB
2014-09-19,2014-09-30,OFFICIAL_ONLY,NSE_FED8B098DEA5,GSKCONS
2014-09-19,2014-09-30,OFFICIAL_ONLY,NSE_FF6FC74E85C1,MINDTREE
2014-09-19,2014-09-30,PREVIOUS_ONLY,NSE_015D3C811935,SNOWMAN
2014-09-19,2014-09-30,PREVIOUS_ONLY,NSE_08FB9B51264C,KWALITY
2014-09-19,2014-09-30,PREVIOUS_ONLY,NSE_0A208E331D8C,MAHINDCIE
2014-09-19,2014-09-30,PREVIOUS_ONLY,NSE_0CDA14210E4D,DISHTV
2014-09-19,2014-09-30,PREVIOUS_ONLY,NSE_148E052CEC64,GRANULES
2014-09-19,2014-09-30,PREVIOUS_ONLY,NSE_15269CF9ABBD,TAKE
2014-09-19,2014-09-30,PREVIOUS_ONLY,NSE_1957FAB1366F,INDOCO
2014-09-19,2014-09-30,PREVIOUS_ONLY,NSE_1BB2D50D7572,EQUITAS
2014-09-19,2014-09-30,PREVIOUS_ONLY,NSE_232F7BA109E4,ANGELONE
2014-09-19,2014-09-30,PREVIOUS_ONLY,NSE_30E8FCA5619B,TI
2014-09-19,2014-09-30,PREVIOUS_ONLY,NSE_3B598B9F02C0,SUPRAJIT
2014-09-19,2014-09-30,PREVIOUS_ONLY,NSE_3CD1CF512D16,AHLUCONT
2014-09-19,2014-09-30,PREVIOUS_ONLY,NSE_3E5680388E4E,JINDALPOLY
2014-09-19,2014-09-30,PREVIOUS_ONLY,NSE_40AA7F3995D1,INDIGO
2014-09-19,2014-09-30,PREVIOUS_ONLY,NSE_41D6658A86E3,ICIL
2014-09-19,2014-09-30,PREVIOUS_ONLY,NSE_42FEBF5D9ADF,CERA
2014-09-19,2014-09-30,PREVIOUS_ONLY,NSE_469926D3FD6A,TIMKEN
2014-09-19,2014-09-30,PREVIOUS_ONLY,NSE_46A3EC428CE2,GUJGASLTD
2014-09-19,2014-09-30,PREVIOUS_ONLY,NSE_4B53EB5E333F,SYNGENE
2014-09-19,2014-09-30,PREVIOUS_ONLY,NSE_4C12111E25F6,WONDERLA
2014-09-19,2014-09-30,PREVIOUS_ONLY,NSE_4CD9919938EF,CCL
2014-09-19,2014-09-30,PREVIOUS_ONLY,NSE_5405849154DD,GRINDWELL
2014-09-19,2014-09-30,PREVIOUS_ONLY,NSE_5C11B50967B3,LAOPALA
2014-09-19,2014-09-30,PREVIOUS_ONLY,NSE_62370E1BA80E,RHIM
2014-09-19,2014-09-30,PREVIOUS_ONLY,NSE_62907813BC36,TIDEWATER
2014-09-19,2014-09-30,PREVIOUS_ONLY,NSE_63EB9280D90F,TEXRAIL
2014-09-19,2014-09-30,PREVIOUS_ONLY,NSE_659E411DCE22,NH
2014-09-19,2014-09-30,PREVIOUS_ONLY,NSE_66EF9E74F5E3,SHILPAMED
2014-09-19,2014-09-30,PREVIOUS_ONLY,NSE_68E3F7F5879F,IPAPPM
2014-09-19,2014-09-30,PREVIOUS_ONLY,NSE_69D8A25A8131,ALKEM
2014-09-19,2014-09-30,PREVIOUS_ONLY,NSE_6C4CBD6F12EE,RELAXO
2014-09-19,2014-09-30,PREVIOUS_ONLY,NSE_6E0CB7353991,LALPATHLAB
2014-09-19,2014-09-30,PREVIOUS_ONLY,NSE_7127DE38999E,SJVN
2014-09-19,2014-09-30,PREVIOUS_ONLY,NSE_740B7EE9CB08,SOLARINDS
2014-09-19,2014-09-30,PREVIOUS_ONLY,NSE_75A1EC6089B7,NILKAMAL
2014-09-19,2014-09-30,PREVIOUS_ONLY,NSE_7D44EE89941C,BLISSGVS
2014-09-19,2014-09-30,PREVIOUS_ONLY,NSE_7F8DECDBEDC8,ITDCEM
2014-09-19,2014-09-30,PREVIOUS_ONLY,NSE_85A771F24921,JCHAC
2014-09-19,2014-09-30,PREVIOUS_ONLY,NSE_8D41A8008DA2,RKFORGE
2014-09-19,2014-09-30,PREVIOUS_ONLY,NSE_914B18D01343,HMVL
2014-09-19,2014-09-30,PREVIOUS_ONLY,NSE_985104D9ABBA,AVANTIFEED
2014-09-19,2014-09-30,PREVIOUS_ONLY,NSE_9891A0739E64,DHANUKA
2014-09-19,2014-09-30,PREVIOUS_ONLY,NSE_9CD0408E0E4C,TRITURBINE
2014-09-19,2014-09-30,PREVIOUS_ONLY,NSE_9E3BB2CB962F,CHOLAHLDNG
2014-09-19,2014-09-30,PREVIOUS_ONLY,NSE_A508378B12ED,CAPLIPOINT
2014-09-19,2014-09-30,PREVIOUS_ONLY,NSE_A5EA8EAC7050,APLAPOLLO
2014-09-19,2014-09-30,PREVIOUS_ONLY,NSE_A787B7252904,POLARIS
2014-09-19,2014-09-30,PREVIOUS_ONLY,NSE_A7A22C73AF33,JETAIRWAYS
2014-09-19,2014-09-30,PREVIOUS_ONLY,NSE_AB2CD07E1D43,SITINET
2014-09-19,2014-09-30,PREVIOUS_ONLY,NSE_AD4461AE56EF,TVSSRICHAK
2014-09-19,2014-09-30,PREVIOUS_ONLY,NSE_AE697C87E3F3,SHARDACROP
2014-09-19,2014-09-30,PREVIOUS_ONLY,NSE_B04856B88EED,CROMPTON
2014-09-19,2014-09-30,PREVIOUS_ONLY,NSE_B3968699E9E2,INTELLECT
2014-09-19,2014-09-30,PREVIOUS_ONLY,NSE_B7616A734F2C,TCI
2014-09-19,2014-09-30,PREVIOUS_ONLY,NSE_BFBEFE6B6DB3,MANAPPURAM
2014-09-19,2014-09-30,PREVIOUS_ONLY,NSE_C449D23376D8,DYNAMATECH
2014-09-19,2014-09-30,PREVIOUS_ONLY,NSE_C7F339E43E8B,CEATLTD
2014-09-19,2014-09-30,PREVIOUS_ONLY,NSE_CA42918156CA,INFIBEAM
2014-09-19,2014-09-30,PREVIOUS_ONLY,NSE_CE1B55B0FE79,DALBHARAT
2014-09-19,2014-09-30,PREVIOUS_ONLY,NSE_CE21025CD02D,VGUARD
2014-09-19,2014-09-30,PREVIOUS_ONLY,NSE_D0658C86F917,ZEELEARN
2014-09-19,2014-09-30,PREVIOUS_ONLY,NSE_D10A18C00D0B,MTNL
2014-09-19,2014-09-30,PREVIOUS_ONLY,NSE_D35374D82BA3,IDFCFIRSTB
2014-09-19,2014-09-30,PREVIOUS_ONLY,NSE_D376FF14ECD7,STCINDIA
2014-09-19,2014-09-30,PREVIOUS_ONLY,NSE_D40F53D9B283,360ONE
2014-09-19,2014-09-30,PREVIOUS_ONLY,NSE_D4F3ADAA19EE,MANPASAND
2014-09-19,2014-09-30,PREVIOUS_ONLY,NSE_D63E80751915,PCBL
2014-09-19,2014-09-30,PREVIOUS_ONLY,NSE_D67F47161F2D,SFCL
2014-09-19,2014-09-30,PREVIOUS_ONLY,NSE_D6EC0847F646,ABFRL
2014-09-19,2014-09-30,PREVIOUS_ONLY,NSE_D701BCB8CF79,RAMCOSYS
2014-09-19,2014-09-30,PREVIOUS_ONLY,NSE_DAE0D0015DDC,IGARASHI
2014-09-19,2014-09-30,PREVIOUS_ONLY,NSE_E26A501DCF72,JMTAUTOLTD
2014-09-19,2014-09-30,PREVIOUS_ONLY,NSE_E33BF28052EC,GREENPLY
2014-09-19,2014-09-30,PREVIOUS_ONLY,NSE_E7C0FAEE3336,NAVKARCORP
2014-09-19,2014-09-30,PREVIOUS_ONLY,NSE_EBB02BC0F381,COFFEEDAY
2014-09-19,2014-09-30,PREVIOUS_ONLY,NSE_F0FD06753A0C,PCJEWELLER
2014-09-19,2014-09-30,PREVIOUS_ONLY,NSE_F10F8CF228CE,HEIDELBERG
2014-09-19,2014-09-30,PREVIOUS_ONLY,NSE_F210221D2F17,HUHTAMAKI
2014-09-19,2014-09-30,PREVIOUS_ONLY,NSE_F2B25E44F3E5,SMLISUZU
2014-09-19,2014-09-30,PREVIOUS_ONLY,NSE_F2F6AF4ED925,NATCOPHARM
2014-09-19,2014-09-30,PREVIOUS_ONLY,NSE_F7B46E5369C2,SEQUENT
2014-09-19,2014-09-30,PREVIOUS_ONLY,NSE_FA96276A2517,SOMANYCERA
2014-09-19,2014-09-30,PREVIOUS_ONLY,NSE_FB65F4DE6E54,OCL
2014-09-19,2014-09-30,PREVIOUS_ONLY,NSE_FBA9C5E2CF53,BRFL
2014-09-19,2014-09-30,PREVIOUS_ONLY,NSE_FD6C3BA21716,NAVINFLUOR
2014-09-19,2014-09-30,PREVIOUS_UNMAPPED,,SHTV
2014-09-19,2014-09-30,PREVIOUS_UNMAPPED,,SGPC
2014-09-19,2014-09-30,PREVIOUS_UNMAPPED,,GMRAIRPORT
2014-09-19,2014-09-30,PREVIOUS_UNMAPPED,,EPIGRAL
2014-09-19,2014-09-30,PREVIOUS_UNMAPPED,,CIEINDIA
2014-09-19,2014-09-30,PREVIOUS_UNMAPPED,,LTF
2014-09-19,2014-09-30,PREVIOUS_UNMAPPED,,TMPV
2014-09-19,2014-09-30,PREVIOUS_UNMAPPED,,JSWDULUX
2014-09-19,2014-09-30,PREVIOUS_UNMAPPED,,UNITDSPR
2014-09-19,2014-09-30,PREVIOUS_UNMAPPED,,ABREL
2014-09-19,2014-09-30,PREVIOUS_UNMAPPED,,SWANCORP
2014-09-19,2014-09-30,PREVIOUS_UNMAPPED,,WELSPUNLIV
2014-09-19,2014-09-30,PREVIOUS_UNMAPPED,,ADANIENSOL
2014-09-19,2014-09-30,PREVIOUS_UNMAPPED,,ARE&M
2014-09-19,2014-09-30,PREVIOUS_UNMAPPED,,AEGISLOG
2014-09-19,2014-09-30,PREVIOUS_UNMAPPED,,KPIL
2014-09-19,2014-09-30,PREVIOUS_UNMAPPED,,GVT&D
2014-09-19,2014-09-30,PREVIOUS_UNMAPPED,,COHANCE
2014-09-19,2014-09-30,PREVIOUS_UNMAPPED,,HBLENGINE
2014-09-19,2014-09-30,PREVIOUS_UNMAPPED,,SAMMAANCAP
2014-09-30,2014-11-28,OFFICIAL_ONLY,NSE_0711207C900A,GITANJALI
2014-09-30,2014-11-28,OFFICIAL_ONLY,NSE_092A1C3253B4,TATAMOTORS
2014-09-30,2014-11-28,OFFICIAL_ONLY,NSE_0C8E43FADDB8,IVRCLINFRA
2014-09-30,2014-11-28,OFFICIAL_ONLY,NSE_0F72F66469D6,GRAPHITE
2014-09-30,2014-11-28,OFFICIAL_ONLY,NSE_15523813BD4A,NOIDATOLL
2014-09-30,2014-11-28,OFFICIAL_ONLY,NSE_18BAEEDF7BCF,INGVYSYABK
2014-09-30,2014-11-28,OFFICIAL_ONLY,NSE_1BF63B49C19E,TVTODAY
2014-09-30,2014-11-28,OFFICIAL_ONLY,NSE_1FE8B4643571,GEOJITFSL
2014-09-30,2014-11-28,OFFICIAL_ONLY,NSE_2216670637F8,WELSPUNIND
2014-09-30,2014-11-28,OFFICIAL_ONLY,NSE_22A49E238B39,GMRINFRA
2014-09-30,2014-11-28,OFFICIAL_ONLY,NSE_2B12B6998928,RELCAPITAL
2014-09-30,2014-11-28,OFFICIAL_ONLY,NSE_2EF7833DA8D3,HEG
2014-09-30,2014-11-28,OFFICIAL_ONLY,NSE_3087CF0E8810,TDPOWERSYS
2014-09-30,2014-11-28,OFFICIAL_ONLY,NSE_329ABD1F5CCD,JSL
2014-09-30,2014-11-28,OFFICIAL_ONLY,NSE_3604A340ECD7,KSK
2014-09-30,2014-11-28,OFFICIAL_ONLY,NSE_3CC9204EE206,GEOMETRIC
2014-09-30,2014-11-28,OFFICIAL_ONLY,NSE_400E6C0FE473,PRAKASH
2014-09-30,2014-11-28,OFFICIAL_ONLY,NSE_403ED77BEF36,TREEHOUSE
2014-09-30,2014-11-28,OFFICIAL_ONLY,NSE_436838D37F74,GUJRATGAS
2014-09-30,2014-11-28,OFFICIAL_ONLY,NSE_4C7DD340FFE0,OPTOCIRCUI
2014-09-30,2014-11-28,OFFICIAL_ONLY,NSE_502982CDBAAD,ASAHIINDIA
2014-09-30,2014-11-28,OFFICIAL_ONLY,NSE_55FFE606B7E2,RATNAMANI
2014-09-30,2014-11-28,OFFICIAL_ONLY,NSE_5602EE99E050,CENTENKA
2014-09-30,2014-11-28,OFFICIAL_ONLY,NSE_5813C47C6758,HEXAWARE
2014-09-30,2014-11-28,OFFICIAL_ONLY,NSE_5D0160460CD9,GHCL
2014-09-30,2014-11-28,OFFICIAL_ONLY,NSE_5E4BFA7651A2,AJRINFRA
2014-09-30,2014-11-28,OFFICIAL_ONLY,NSE_633BD53DAEC1,SBT
2014-09-30,2014-11-28,OFFICIAL_ONLY,NSE_63AB3F8FE7C5,MERCATOR
2014-09-30,2014-11-28,OFFICIAL_ONLY,NSE_6486648C9FB1,ESSDEE
2014-09-30,2014-11-28,OFFICIAL_ONLY,NSE_65DD43BDBE2D,CASTEXTECH
2014-09-30,2014-11-28,OFFICIAL_ONLY,NSE_675CFCEE5D02,GABRIEL
2014-09-30,2014-11-28,OFFICIAL_ONLY,NSE_70031FDFB6EF,FLEXITUFF
2014-09-30,2014-11-28,OFFICIAL_ONLY,NSE_7336A438D402,ELECTCAST
2014-09-30,2014-11-28,OFFICIAL_ONLY,NSE_78493707FA85,ENIL
2014-09-30,2014-11-28,OFFICIAL_ONLY,NSE_7A24E610012A,SWARAJENG
2014-09-30,2014-11-28,OFFICIAL_ONLY,NSE_7E9F9084BD7D,JUBLPHARMA
2014-09-30,2014-11-28,OFFICIAL_ONLY,NSE_7F8B1EBDE62B,PATELENG
2014-09-30,2014-11-28,OFFICIAL_ONLY,NSE_81E6A1C5A552,VESUVIUS
2014-09-30,2014-11-28,OFFICIAL_ONLY,NSE_83E296865792,ATFL
2014-09-30,2014-11-28,OFFICIAL_ONLY,NSE_851A827BCF83,NAVNETEDUL
2014-09-30,2014-11-28,OFFICIAL_ONLY,NSE_8B1A9BBDE5E6,PRSMJOHNSN
2014-09-30,2014-11-28,OFFICIAL_ONLY,NSE_8BBC0680BDBA,NAVA
2014-09-30,2014-11-28,OFFICIAL_ONLY,NSE_8E2A665067A2,PENINLAND
2014-09-30,2014-11-28,OFFICIAL_ONLY,NSE_94DBF4CE7AC2,MTEDUCARE
2014-09-30,2014-11-28,OFFICIAL_ONLY,NSE_96586AD2DEEB,TBZ
2014-09-30,2014-11-28,OFFICIAL_ONLY,NSE_978A4180C4F3,SUPREMEINF
2014-09-30,2014-11-28,OFFICIAL_ONLY,NSE_9A67203EFED3,USHAMART
2014-09-30,2014-11-28,OFFICIAL_ONLY,NSE_9AE82A200CBD,NIITLTD
2014-09-30,2014-11-28,OFFICIAL_ONLY,NSE_9B813D17D74B,SHRENUJ
2014-09-30,2014-11-28,OFFICIAL_ONLY,NSE_9E4C0423BFF8,GUJALKALI
2014-09-30,2014-11-28,OFFICIAL_ONLY,NSE_9E788BED7AEF,KALPATPOWR
2014-09-30,2014-11-28,OFFICIAL_ONLY,NSE_9F5985EF710B,GTLINFRA
2014-09-30,2014-11-28,OFFICIAL_ONLY,NSE_A1950E96A064,PURVA
2014-09-30,2014-11-28,OFFICIAL_ONLY,NSE_AA00EC8A4A3D,SUPPETRO
2014-09-30,2014-11-28,OFFICIAL_ONLY,NSE_AE2862139B09,WHEELS
2014-09-30,2014-11-28,OFFICIAL_ONLY,NSE_B02D9BEB0D0A,NOCIL
2014-09-30,2014-11-28,OFFICIAL_ONLY,NSE_B0F020774F39,DHANI
2014-09-30,2014-11-28,OFFICIAL_ONLY,NSE_B3E526664FC0,AMARAJABAT
2014-09-30,2014-11-28,OFFICIAL_ONLY,NSE_B46CD836B94A,AUTOAXLES
2014-09-30,2014-11-28,OFFICIAL_ONLY,NSE_B88435B10855,ELGIEQUIP
2014-09-30,2014-11-28,OFFICIAL_ONLY,NSE_B8C8A459A862,DHANBANK
2014-09-30,2014-11-28,OFFICIAL_ONLY,NSE_BAF1627773E0,VIDEOIND
2014-09-30,2014-11-28,OFFICIAL_ONLY,NSE_BBC622D344B2,VAIBHAVGBL
2014-09-30,2014-11-28,OFFICIAL_ONLY,NSE_BE6B81B4D2AE,UTTAMSTL
2014-09-30,2014-11-28,OFFICIAL_ONLY,NSE_BE847AB99029,JYOTISTRUC
2014-09-30,2014-11-28,OFFICIAL_ONLY,NSE_C0628B35007C,ESABINDIA
2014-09-30,2014-11-28,OFFICIAL_ONLY,NSE_C23A48F8DAF4,SBBJ
2014-09-30,2014-11-28,OFFICIAL_ONLY,NSE_C43FB1E82A75,63MOONS
2014-09-30,2014-11-28,OFFICIAL_ONLY,NSE_C4988FC46272,CAIRN
2014-09-30,2014-11-28,OFFICIAL_ONLY,NSE_C558FE982959,HEUBACHIND
2014-09-30,2014-11-28,OFFICIAL_ONLY,NSE_C60D64EC58FE,ARVIND
2014-09-30,2014-11-28,OFFICIAL_ONLY,NSE_C9730FDF32DB,ABGSHIP
2014-09-30,2014-11-28,OFFICIAL_ONLY,NSE_CC1A452E363C,TATAINVEST
2014-09-30,2014-11-28,OFFICIAL_ONLY,NSE_D00C1130DAE7,JTEKTINDIA
2014-09-30,2014-11-28,OFFICIAL_ONLY,NSE_D3148EEB7BF0,IBULHSGFIN
2014-09-30,2014-11-28,OFFICIAL_ONLY,NSE_D3F406024851,GIPCL
2014-09-30,2014-11-28,OFFICIAL_ONLY,NSE_D448CCCD5389,GNFC
2014-09-30,2014-11-28,OFFICIAL_ONLY,NSE_D45E2178880F,MAHSEAMLES
2014-09-30,2014-11-28,OFFICIAL_ONLY,NSE_D484E901E05E,RANBAXY
2014-09-30,2014-11-28,OFFICIAL_ONLY,NSE_D57CF4D8191A,PAISALO
2014-09-30,2014-11-28,OFFICIAL_ONLY,NSE_DCA00C31EBFD,BALKRISIND
2014-09-30,2014-11-28,OFFICIAL_ONLY,NSE_E102D7DE4C2C,GRUH
2014-09-30,2014-11-28,OFFICIAL_ONLY,NSE_E2CB5EC37279,PARSVNATH
2014-09-30,2014-11-28,OFFICIAL_ONLY,NSE_E5B9AB42956F,BINDALAGRO
2014-09-30,2014-11-28,OFFICIAL_ONLY,NSE_E6BC41F4E8C3,KKCL
2014-09-30,2014-11-28,OFFICIAL_ONLY,NSE_E9019530042D,SHANTIGEAR
2014-09-30,2014-11-28,OFFICIAL_ONLY,NSE_E9CD94ECB13B,MAHSCOOTER
2014-09-30,2014-11-28,OFFICIAL_ONLY,NSE_EBAC40911065,KCP
2014-09-30,2014-11-28,OFFICIAL_ONLY,NSE_EEAD76022193,HERITGFOOD
2014-09-30,2014-11-28,OFFICIAL_ONLY,NSE_EFD7B6E7FD96,FMGOETZE
2014-09-30,2014-11-28,OFFICIAL_ONLY,NSE_F5B77D59A62C,L&TFH
2014-09-30,2014-11-28,OFFICIAL_ONLY,NSE_F7FF721279AE,PVR
2014-09-30,2014-11-28,OFFICIAL_ONLY,NSE_FE37750EBD83,ABB
2014-09-30,2014-11-28,OFFICIAL_ONLY,NSE_FED8B098DEA5,GSKCONS
2014-09-30,2014-11-28,OFFICIAL_ONLY,NSE_FF6FC74E85C1,MINDTREE
2014-09-30,2014-11-28,PREVIOUS_ONLY,NSE_015D3C811935,SNOWMAN
2014-09-30,2014-11-28,PREVIOUS_ONLY,NSE_08FB9B51264C,KWALITY
2014-09-30,2014-11-28,PREVIOUS_ONLY,NSE_0A208E331D8C,MAHINDCIE
2014-09-30,2014-11-28,PREVIOUS_ONLY,NSE_0CDA14210E4D,DISHTV
2014-09-30,2014-11-28,PREVIOUS_ONLY,NSE_148E052CEC64,GRANULES
2014-09-30,2014-11-28,PREVIOUS_ONLY,NSE_15269CF9ABBD,TAKE
2014-09-30,2014-11-28,PREVIOUS_ONLY,NSE_1957FAB1366F,INDOCO
2014-09-30,2014-11-28,PREVIOUS_ONLY,NSE_1BB2D50D7572,EQUITAS
2014-09-30,2014-11-28,PREVIOUS_ONLY,NSE_232F7BA109E4,ANGELONE
2014-09-30,2014-11-28,PREVIOUS_ONLY,NSE_30E8FCA5619B,TI
2014-09-30,2014-11-28,PREVIOUS_ONLY,NSE_3B598B9F02C0,SUPRAJIT
2014-09-30,2014-11-28,PREVIOUS_ONLY,NSE_3CD1CF512D16,AHLUCONT
2014-09-30,2014-11-28,PREVIOUS_ONLY,NSE_3E5680388E4E,JINDALPOLY
2014-09-30,2014-11-28,PREVIOUS_ONLY,NSE_40AA7F3995D1,INDIGO
2014-09-30,2014-11-28,PREVIOUS_ONLY,NSE_41D6658A86E3,ICIL
2014-09-30,2014-11-28,PREVIOUS_ONLY,NSE_42FEBF5D9ADF,CERA
2014-09-30,2014-11-28,PREVIOUS_ONLY,NSE_469926D3FD6A,TIMKEN
2014-09-30,2014-11-28,PREVIOUS_ONLY,NSE_46A3EC428CE2,GUJGASLTD
2014-09-30,2014-11-28,PREVIOUS_ONLY,NSE_4B53EB5E333F,SYNGENE
2014-09-30,2014-11-28,PREVIOUS_ONLY,NSE_4C12111E25F6,WONDERLA
2014-09-30,2014-11-28,PREVIOUS_ONLY,NSE_4CD9919938EF,CCL
2014-09-30,2014-11-28,PREVIOUS_ONLY,NSE_5405849154DD,GRINDWELL
2014-09-30,2014-11-28,PREVIOUS_ONLY,NSE_5C11B50967B3,LAOPALA
2014-09-30,2014-11-28,PREVIOUS_ONLY,NSE_62370E1BA80E,RHIM
2014-09-30,2014-11-28,PREVIOUS_ONLY,NSE_62907813BC36,TIDEWATER
2014-09-30,2014-11-28,PREVIOUS_ONLY,NSE_63EB9280D90F,TEXRAIL
2014-09-30,2014-11-28,PREVIOUS_ONLY,NSE_659E411DCE22,NH
2014-09-30,2014-11-28,PREVIOUS_ONLY,NSE_66EF9E74F5E3,SHILPAMED
2014-09-30,2014-11-28,PREVIOUS_ONLY,NSE_68E3F7F5879F,IPAPPM
2014-09-30,2014-11-28,PREVIOUS_ONLY,NSE_69D8A25A8131,ALKEM
2014-09-30,2014-11-28,PREVIOUS_ONLY,NSE_6C4CBD6F12EE,RELAXO
2014-09-30,2014-11-28,PREVIOUS_ONLY,NSE_6E0CB7353991,LALPATHLAB
2014-09-30,2014-11-28,PREVIOUS_ONLY,NSE_7127DE38999E,SJVN
2014-09-30,2014-11-28,PREVIOUS_ONLY,NSE_740B7EE9CB08,SOLARINDS
2014-09-30,2014-11-28,PREVIOUS_ONLY,NSE_75A1EC6089B7,NILKAMAL
2014-09-30,2014-11-28,PREVIOUS_ONLY,NSE_7D44EE89941C,BLISSGVS
2014-09-30,2014-11-28,PREVIOUS_ONLY,NSE_7F8DECDBEDC8,ITDCEM
2014-09-30,2014-11-28,PREVIOUS_ONLY,NSE_85A771F24921,JCHAC
2014-09-30,2014-11-28,PREVIOUS_ONLY,NSE_8D41A8008DA2,RKFORGE
2014-09-30,2014-11-28,PREVIOUS_ONLY,NSE_914B18D01343,HMVL
2014-09-30,2014-11-28,PREVIOUS_ONLY,NSE_985104D9ABBA,AVANTIFEED
2014-09-30,2014-11-28,PREVIOUS_ONLY,NSE_9891A0739E64,DHANUKA
2014-09-30,2014-11-28,PREVIOUS_ONLY,NSE_9CD0408E0E4C,TRITURBINE
2014-09-30,2014-11-28,PREVIOUS_ONLY,NSE_9E3BB2CB962F,CHOLAHLDNG
2014-09-30,2014-11-28,PREVIOUS_ONLY,NSE_A508378B12ED,CAPLIPOINT
2014-09-30,2014-11-28,PREVIOUS_ONLY,NSE_A5EA8EAC7050,APLAPOLLO
2014-09-30,2014-11-28,PREVIOUS_ONLY,NSE_A787B7252904,POLARIS
2014-09-30,2014-11-28,PREVIOUS_ONLY,NSE_A7A22C73AF33,JETAIRWAYS
2014-09-30,2014-11-28,PREVIOUS_ONLY,NSE_AB2CD07E1D43,SITINET
2014-09-30,2014-11-28,PREVIOUS_ONLY,NSE_AD4461AE56EF,TVSSRICHAK
2014-09-30,2014-11-28,PREVIOUS_ONLY,NSE_AE697C87E3F3,SHARDACROP
2014-09-30,2014-11-28,PREVIOUS_ONLY,NSE_B04856B88EED,CROMPTON
2014-09-30,2014-11-28,PREVIOUS_ONLY,NSE_B3968699E9E2,INTELLECT
2014-09-30,2014-11-28,PREVIOUS_ONLY,NSE_B7616A734F2C,TCI
2014-09-30,2014-11-28,PREVIOUS_ONLY,NSE_BFBEFE6B6DB3,MANAPPURAM
2014-09-30,2014-11-28,PREVIOUS_ONLY,NSE_C449D23376D8,DYNAMATECH
2014-09-30,2014-11-28,PREVIOUS_ONLY,NSE_C7F339E43E8B,CEATLTD
2014-09-30,2014-11-28,PREVIOUS_ONLY,NSE_CA42918156CA,INFIBEAM
2014-09-30,2014-11-28,PREVIOUS_ONLY,NSE_CE1B55B0FE79,DALBHARAT
2014-09-30,2014-11-28,PREVIOUS_ONLY,NSE_CE21025CD02D,VGUARD
2014-09-30,2014-11-28,PREVIOUS_ONLY,NSE_D0658C86F917,ZEELEARN
2014-09-30,2014-11-28,PREVIOUS_ONLY,NSE_D10A18C00D0B,MTNL
2014-09-30,2014-11-28,PREVIOUS_ONLY,NSE_D35374D82BA3,IDFCFIRSTB
2014-09-30,2014-11-28,PREVIOUS_ONLY,NSE_D376FF14ECD7,STCINDIA
2014-09-30,2014-11-28,PREVIOUS_ONLY,NSE_D40F53D9B283,360ONE
2014-09-30,2014-11-28,PREVIOUS_ONLY,NSE_D4F3ADAA19EE,MANPASAND
2014-09-30,2014-11-28,PREVIOUS_ONLY,NSE_D63E80751915,PCBL
2014-09-30,2014-11-28,PREVIOUS_ONLY,NSE_D67F47161F2D,SFCL
2014-09-30,2014-11-28,PREVIOUS_ONLY,NSE_D6EC0847F646,ABFRL
2014-09-30,2014-11-28,PREVIOUS_ONLY,NSE_D701BCB8CF79,RAMCOSYS
2014-09-30,2014-11-28,PREVIOUS_ONLY,NSE_DAE0D0015DDC,IGARASHI
2014-09-30,2014-11-28,PREVIOUS_ONLY,NSE_E26A501DCF72,JMTAUTOLTD
2014-09-30,2014-11-28,PREVIOUS_ONLY,NSE_E33BF28052EC,GREENPLY
2014-09-30,2014-11-28,PREVIOUS_ONLY,NSE_E7C0FAEE3336,NAVKARCORP
2014-09-30,2014-11-28,PREVIOUS_ONLY,NSE_EBB02BC0F381,COFFEEDAY
2014-09-30,2014-11-28,PREVIOUS_ONLY,NSE_F0FD06753A0C,PCJEWELLER
2014-09-30,2014-11-28,PREVIOUS_ONLY,NSE_F10F8CF228CE,HEIDELBERG
2014-09-30,2014-11-28,PREVIOUS_ONLY,NSE_F210221D2F17,HUHTAMAKI
2014-09-30,2014-11-28,PREVIOUS_ONLY,NSE_F2B25E44F3E5,SMLISUZU
2014-09-30,2014-11-28,PREVIOUS_ONLY,NSE_F2F6AF4ED925,NATCOPHARM
2014-09-30,2014-11-28,PREVIOUS_ONLY,NSE_F7B46E5369C2,SEQUENT
2014-09-30,2014-11-28,PREVIOUS_ONLY,NSE_FA96276A2517,SOMANYCERA
2014-09-30,2014-11-28,PREVIOUS_ONLY,NSE_FB65F4DE6E54,OCL
2014-09-30,2014-11-28,PREVIOUS_ONLY,NSE_FBA9C5E2CF53,BRFL
2014-09-30,2014-11-28,PREVIOUS_ONLY,NSE_FD6C3BA21716,NAVINFLUOR
2014-09-30,2014-11-28,PREVIOUS_UNMAPPED,,SHTV
2014-09-30,2014-11-28,PREVIOUS_UNMAPPED,,SGPC
2014-09-30,2014-11-28,PREVIOUS_UNMAPPED,,GMRAIRPORT
2014-09-30,2014-11-28,PREVIOUS_UNMAPPED,,EPIGRAL
2014-09-30,2014-11-28,PREVIOUS_UNMAPPED,,CIEINDIA
2014-09-30,2014-11-28,PREVIOUS_UNMAPPED,,LTF
2014-09-30,2014-11-28,PREVIOUS_UNMAPPED,,TMPV
2014-09-30,2014-11-28,PREVIOUS_UNMAPPED,,JSWDULUX
2014-09-30,2014-11-28,PREVIOUS_UNMAPPED,,UNITDSPR
2014-09-30,2014-11-28,PREVIOUS_UNMAPPED,,ABREL
2014-09-30,2014-11-28,PREVIOUS_UNMAPPED,,SWANCORP
2014-09-30,2014-11-28,PREVIOUS_UNMAPPED,,WELSPUNLIV
2014-09-30,2014-11-28,PREVIOUS_UNMAPPED,,ADANIENSOL
2014-09-30,2014-11-28,PREVIOUS_UNMAPPED,,ARE&M
2014-09-30,2014-11-28,PREVIOUS_UNMAPPED,,AEGISLOG
2014-09-30,2014-11-28,PREVIOUS_UNMAPPED,,KPIL
2014-09-30,2014-11-28,PREVIOUS_UNMAPPED,,GVT&D
2014-09-30,2014-11-28,PREVIOUS_UNMAPPED,,COHANCE
2014-09-30,2014-11-28,PREVIOUS_UNMAPPED,,HBLENGINE
2014-09-30,2014-11-28,PREVIOUS_UNMAPPED,,SAMMAANCAP
2014-11-28,2015-02-02,OFFICIAL_ONLY,NSE_0711207C900A,GITANJALI
2014-11-28,2015-02-02,OFFICIAL_ONLY,NSE_092A1C3253B4,TATAMOTORS
2014-11-28,2015-02-02,OFFICIAL_ONLY,NSE_0C8E43FADDB8,IVRCLINFRA
2014-11-28,2015-02-02,OFFICIAL_ONLY,NSE_0F72F66469D6,GRAPHITE
2014-11-28,2015-02-02,OFFICIAL_ONLY,NSE_15523813BD4A,NOIDATOLL
2014-11-28,2015-02-02,OFFICIAL_ONLY,NSE_18BAEEDF7BCF,INGVYSYABK
2014-11-28,2015-02-02,OFFICIAL_ONLY,NSE_1BF63B49C19E,TVTODAY
2014-11-28,2015-02-02,OFFICIAL_ONLY,NSE_1FE8B4643571,GEOJITFSL
2014-11-28,2015-02-02,OFFICIAL_ONLY,NSE_2216670637F8,WELSPUNIND
2014-11-28,2015-02-02,OFFICIAL_ONLY,NSE_22A49E238B39,GMRINFRA
2014-11-28,2015-02-02,OFFICIAL_ONLY,NSE_2B12B6998928,RELCAPITAL
2014-11-28,2015-02-02,OFFICIAL_ONLY,NSE_2EF7833DA8D3,HEG
2014-11-28,2015-02-02,OFFICIAL_ONLY,NSE_3087CF0E8810,TDPOWERSYS
2014-11-28,2015-02-02,OFFICIAL_ONLY,NSE_329ABD1F5CCD,JSL
2014-11-28,2015-02-02,OFFICIAL_ONLY,NSE_3604A340ECD7,KSK
2014-11-28,2015-02-02,OFFICIAL_ONLY,NSE_3CC9204EE206,GEOMETRIC
2014-11-28,2015-02-02,OFFICIAL_ONLY,NSE_400E6C0FE473,PRAKASH
2014-11-28,2015-02-02,OFFICIAL_ONLY,NSE_403ED77BEF36,TREEHOUSE
2014-11-28,2015-02-02,OFFICIAL_ONLY,NSE_436838D37F74,GUJRATGAS
2014-11-28,2015-02-02,OFFICIAL_ONLY,NSE_4C7DD340FFE0,OPTOCIRCUI
2014-11-28,2015-02-02,OFFICIAL_ONLY,NSE_502982CDBAAD,ASAHIINDIA
2014-11-28,2015-02-02,OFFICIAL_ONLY,NSE_55FFE606B7E2,RATNAMANI
2014-11-28,2015-02-02,OFFICIAL_ONLY,NSE_5602EE99E050,CENTENKA
2014-11-28,2015-02-02,OFFICIAL_ONLY,NSE_5813C47C6758,HEXAWARE
2014-11-28,2015-02-02,OFFICIAL_ONLY,NSE_5D0160460CD9,GHCL
2014-11-28,2015-02-02,OFFICIAL_ONLY,NSE_5E4BFA7651A2,AJRINFRA
2014-11-28,2015-02-02,OFFICIAL_ONLY,NSE_633BD53DAEC1,SBT
2014-11-28,2015-02-02,OFFICIAL_ONLY,NSE_63AB3F8FE7C5,MERCATOR
2014-11-28,2015-02-02,OFFICIAL_ONLY,NSE_6486648C9FB1,ESSDEE
2014-11-28,2015-02-02,OFFICIAL_ONLY,NSE_65DD43BDBE2D,CASTEXTECH
2014-11-28,2015-02-02,OFFICIAL_ONLY,NSE_675CFCEE5D02,GABRIEL
2014-11-28,2015-02-02,OFFICIAL_ONLY,NSE_70031FDFB6EF,FLEXITUFF
2014-11-28,2015-02-02,OFFICIAL_ONLY,NSE_7336A438D402,ELECTCAST
2014-11-28,2015-02-02,OFFICIAL_ONLY,NSE_78493707FA85,ENIL
2014-11-28,2015-02-02,OFFICIAL_ONLY,NSE_7A24E610012A,SWARAJENG
2014-11-28,2015-02-02,OFFICIAL_ONLY,NSE_7E9F9084BD7D,JUBLPHARMA
2014-11-28,2015-02-02,OFFICIAL_ONLY,NSE_7F8B1EBDE62B,PATELENG
2014-11-28,2015-02-02,OFFICIAL_ONLY,NSE_81E6A1C5A552,VESUVIUS
2014-11-28,2015-02-02,OFFICIAL_ONLY,NSE_83E296865792,ATFL
2014-11-28,2015-02-02,OFFICIAL_ONLY,NSE_851A827BCF83,NAVNETEDUL
2014-11-28,2015-02-02,OFFICIAL_ONLY,NSE_8B1A9BBDE5E6,PRSMJOHNSN
2014-11-28,2015-02-02,OFFICIAL_ONLY,NSE_8BBC0680BDBA,NAVA
2014-11-28,2015-02-02,OFFICIAL_ONLY,NSE_8E2A665067A2,PENINLAND
2014-11-28,2015-02-02,OFFICIAL_ONLY,NSE_94DBF4CE7AC2,MTEDUCARE
2014-11-28,2015-02-02,OFFICIAL_ONLY,NSE_96586AD2DEEB,TBZ
2014-11-28,2015-02-02,OFFICIAL_ONLY,NSE_978A4180C4F3,SUPREMEINF
2014-11-28,2015-02-02,OFFICIAL_ONLY,NSE_9A67203EFED3,USHAMART
2014-11-28,2015-02-02,OFFICIAL_ONLY,NSE_9AE82A200CBD,NIITLTD
2014-11-28,2015-02-02,OFFICIAL_ONLY,NSE_9B813D17D74B,SHRENUJ
2014-11-28,2015-02-02,OFFICIAL_ONLY,NSE_9E4C0423BFF8,GUJALKALI
2014-11-28,2015-02-02,OFFICIAL_ONLY,NSE_9E788BED7AEF,KALPATPOWR
2014-11-28,2015-02-02,OFFICIAL_ONLY,NSE_9F5985EF710B,GTLINFRA
2014-11-28,2015-02-02,OFFICIAL_ONLY,NSE_A1950E96A064,PURVA
2014-11-28,2015-02-02,OFFICIAL_ONLY,NSE_AA00EC8A4A3D,SUPPETRO
2014-11-28,2015-02-02,OFFICIAL_ONLY,NSE_AE2862139B09,WHEELS
2014-11-28,2015-02-02,OFFICIAL_ONLY,NSE_B02D9BEB0D0A,NOCIL
2014-11-28,2015-02-02,OFFICIAL_ONLY,NSE_B0F020774F39,DHANI
2014-11-28,2015-02-02,OFFICIAL_ONLY,NSE_B3E526664FC0,AMARAJABAT
2014-11-28,2015-02-02,OFFICIAL_ONLY,NSE_B46CD836B94A,AUTOAXLES
2014-11-28,2015-02-02,OFFICIAL_ONLY,NSE_B88435B10855,ELGIEQUIP
2014-11-28,2015-02-02,OFFICIAL_ONLY,NSE_B8C8A459A862,DHANBANK
2014-11-28,2015-02-02,OFFICIAL_ONLY,NSE_BAF1627773E0,VIDEOIND
2014-11-28,2015-02-02,OFFICIAL_ONLY,NSE_BBC622D344B2,VAIBHAVGBL
2014-11-28,2015-02-02,OFFICIAL_ONLY,NSE_BE6B81B4D2AE,UTTAMSTL
2014-11-28,2015-02-02,OFFICIAL_ONLY,NSE_BE847AB99029,JYOTISTRUC
2014-11-28,2015-02-02,OFFICIAL_ONLY,NSE_C0628B35007C,ESABINDIA
2014-11-28,2015-02-02,OFFICIAL_ONLY,NSE_C23A48F8DAF4,SBBJ
2014-11-28,2015-02-02,OFFICIAL_ONLY,NSE_C43FB1E82A75,63MOONS
2014-11-28,2015-02-02,OFFICIAL_ONLY,NSE_C4988FC46272,CAIRN
2014-11-28,2015-02-02,OFFICIAL_ONLY,NSE_C558FE982959,HEUBACHIND
2014-11-28,2015-02-02,OFFICIAL_ONLY,NSE_C60D64EC58FE,ARVIND
2014-11-28,2015-02-02,OFFICIAL_ONLY,NSE_C9730FDF32DB,ABGSHIP
2014-11-28,2015-02-02,OFFICIAL_ONLY,NSE_CC1A452E363C,TATAINVEST
2014-11-28,2015-02-02,OFFICIAL_ONLY,NSE_D00C1130DAE7,JTEKTINDIA
2014-11-28,2015-02-02,OFFICIAL_ONLY,NSE_D3148EEB7BF0,IBULHSGFIN
2014-11-28,2015-02-02,OFFICIAL_ONLY,NSE_D3F406024851,GIPCL
2014-11-28,2015-02-02,OFFICIAL_ONLY,NSE_D448CCCD5389,GNFC
2014-11-28,2015-02-02,OFFICIAL_ONLY,NSE_D45E2178880F,MAHSEAMLES
2014-11-28,2015-02-02,OFFICIAL_ONLY,NSE_D57CF4D8191A,PAISALO
2014-11-28,2015-02-02,OFFICIAL_ONLY,NSE_DCA00C31EBFD,BALKRISIND
2014-11-28,2015-02-02,OFFICIAL_ONLY,NSE_E102D7DE4C2C,GRUH
2014-11-28,2015-02-02,OFFICIAL_ONLY,NSE_E2CB5EC37279,PARSVNATH
2014-11-28,2015-02-02,OFFICIAL_ONLY,NSE_E5B9AB42956F,BINDALAGRO
2014-11-28,2015-02-02,OFFICIAL_ONLY,NSE_E6BC41F4E8C3,KKCL
2014-11-28,2015-02-02,OFFICIAL_ONLY,NSE_E9019530042D,SHANTIGEAR
2014-11-28,2015-02-02,OFFICIAL_ONLY,NSE_E9CD94ECB13B,MAHSCOOTER
2014-11-28,2015-02-02,OFFICIAL_ONLY,NSE_EBAC40911065,KCP
2014-11-28,2015-02-02,OFFICIAL_ONLY,NSE_EEAD76022193,HERITGFOOD
2014-11-28,2015-02-02,OFFICIAL_ONLY,NSE_EFD7B6E7FD96,FMGOETZE
2014-11-28,2015-02-02,OFFICIAL_ONLY,NSE_F5B77D59A62C,L&TFH
2014-11-28,2015-02-02,OFFICIAL_ONLY,NSE_F7FF721279AE,PVR
2014-11-28,2015-02-02,OFFICIAL_ONLY,NSE_FE37750EBD83,ABB
2014-11-28,2015-02-02,OFFICIAL_ONLY,NSE_FED8B098DEA5,GSKCONS
2014-11-28,2015-02-02,OFFICIAL_ONLY,NSE_FF6FC74E85C1,MINDTREE
2014-11-28,2015-02-02,PREVIOUS_ONLY,NSE_015D3C811935,SNOWMAN
2014-11-28,2015-02-02,PREVIOUS_ONLY,NSE_08FB9B51264C,KWALITY
2014-11-28,2015-02-02,PREVIOUS_ONLY,NSE_0A208E331D8C,MAHINDCIE
2014-11-28,2015-02-02,PREVIOUS_ONLY,NSE_0CDA14210E4D,DISHTV
2014-11-28,2015-02-02,PREVIOUS_ONLY,NSE_148E052CEC64,GRANULES
2014-11-28,2015-02-02,PREVIOUS_ONLY,NSE_15269CF9ABBD,TAKE
2014-11-28,2015-02-02,PREVIOUS_ONLY,NSE_1957FAB1366F,INDOCO
2014-11-28,2015-02-02,PREVIOUS_ONLY,NSE_1BB2D50D7572,EQUITAS
2014-11-28,2015-02-02,PREVIOUS_ONLY,NSE_232F7BA109E4,ANGELONE
2014-11-28,2015-02-02,PREVIOUS_ONLY,NSE_3B598B9F02C0,SUPRAJIT
2014-11-28,2015-02-02,PREVIOUS_ONLY,NSE_3CD1CF512D16,AHLUCONT
2014-11-28,2015-02-02,PREVIOUS_ONLY,NSE_3E5680388E4E,JINDALPOLY
2014-11-28,2015-02-02,PREVIOUS_ONLY,NSE_40AA7F3995D1,INDIGO
2014-11-28,2015-02-02,PREVIOUS_ONLY,NSE_41D6658A86E3,ICIL
2014-11-28,2015-02-02,PREVIOUS_ONLY,NSE_42FEBF5D9ADF,CERA
2014-11-28,2015-02-02,PREVIOUS_ONLY,NSE_469926D3FD6A,TIMKEN
2014-11-28,2015-02-02,PREVIOUS_ONLY,NSE_46A3EC428CE2,GUJGASLTD
2014-11-28,2015-02-02,PREVIOUS_ONLY,NSE_4B53EB5E333F,SYNGENE
2014-11-28,2015-02-02,PREVIOUS_ONLY,NSE_4C12111E25F6,WONDERLA
2014-11-28,2015-02-02,PREVIOUS_ONLY,NSE_4CD9919938EF,CCL
2014-11-28,2015-02-02,PREVIOUS_ONLY,NSE_5405849154DD,GRINDWELL
2014-11-28,2015-02-02,PREVIOUS_ONLY,NSE_5C11B50967B3,LAOPALA
2014-11-28,2015-02-02,PREVIOUS_ONLY,NSE_62370E1BA80E,RHIM
2014-11-28,2015-02-02,PREVIOUS_ONLY,NSE_62907813BC36,TIDEWATER
2014-11-28,2015-02-02,PREVIOUS_ONLY,NSE_63EB9280D90F,TEXRAIL
2014-11-28,2015-02-02,PREVIOUS_ONLY,NSE_659E411DCE22,NH
2014-11-28,2015-02-02,PREVIOUS_ONLY,NSE_66EF9E74F5E3,SHILPAMED
2014-11-28,2015-02-02,PREVIOUS_ONLY,NSE_68E3F7F5879F,IPAPPM
2014-11-28,2015-02-02,PREVIOUS_ONLY,NSE_69D8A25A8131,ALKEM
2014-11-28,2015-02-02,PREVIOUS_ONLY,NSE_6C4CBD6F12EE,RELAXO
2014-11-28,2015-02-02,PREVIOUS_ONLY,NSE_6E0CB7353991,LALPATHLAB
2014-11-28,2015-02-02,PREVIOUS_ONLY,NSE_7127DE38999E,SJVN
2014-11-28,2015-02-02,PREVIOUS_ONLY,NSE_740B7EE9CB08,SOLARINDS
2014-11-28,2015-02-02,PREVIOUS_ONLY,NSE_75A1EC6089B7,NILKAMAL
2014-11-28,2015-02-02,PREVIOUS_ONLY,NSE_7D44EE89941C,BLISSGVS
2014-11-28,2015-02-02,PREVIOUS_ONLY,NSE_7F8DECDBEDC8,ITDCEM
2014-11-28,2015-02-02,PREVIOUS_ONLY,NSE_85A771F24921,JCHAC
2014-11-28,2015-02-02,PREVIOUS_ONLY,NSE_8D41A8008DA2,RKFORGE
2014-11-28,2015-02-02,PREVIOUS_ONLY,NSE_914B18D01343,HMVL
2014-11-28,2015-02-02,PREVIOUS_ONLY,NSE_985104D9ABBA,AVANTIFEED
2014-11-28,2015-02-02,PREVIOUS_ONLY,NSE_9891A0739E64,DHANUKA
2014-11-28,2015-02-02,PREVIOUS_ONLY,NSE_9CD0408E0E4C,TRITURBINE
2014-11-28,2015-02-02,PREVIOUS_ONLY,NSE_9E3BB2CB962F,CHOLAHLDNG
2014-11-28,2015-02-02,PREVIOUS_ONLY,NSE_A508378B12ED,CAPLIPOINT
2014-11-28,2015-02-02,PREVIOUS_ONLY,NSE_A5EA8EAC7050,APLAPOLLO
2014-11-28,2015-02-02,PREVIOUS_ONLY,NSE_A787B7252904,POLARIS
2014-11-28,2015-02-02,PREVIOUS_ONLY,NSE_A7A22C73AF33,JETAIRWAYS
2014-11-28,2015-02-02,PREVIOUS_ONLY,NSE_AB2CD07E1D43,SITINET
2014-11-28,2015-02-02,PREVIOUS_ONLY,NSE_AD4461AE56EF,TVSSRICHAK
2014-11-28,2015-02-02,PREVIOUS_ONLY,NSE_AE697C87E3F3,SHARDACROP
2014-11-28,2015-02-02,PREVIOUS_ONLY,NSE_B04856B88EED,CROMPTON
2014-11-28,2015-02-02,PREVIOUS_ONLY,NSE_B3968699E9E2,INTELLECT
2014-11-28,2015-02-02,PREVIOUS_ONLY,NSE_B7616A734F2C,TCI
2014-11-28,2015-02-02,PREVIOUS_ONLY,NSE_BFBEFE6B6DB3,MANAPPURAM
2014-11-28,2015-02-02,PREVIOUS_ONLY,NSE_C449D23376D8,DYNAMATECH
2014-11-28,2015-02-02,PREVIOUS_ONLY,NSE_C7F339E43E8B,CEATLTD
2014-11-28,2015-02-02,PREVIOUS_ONLY,NSE_CA42918156CA,INFIBEAM
2014-11-28,2015-02-02,PREVIOUS_ONLY,NSE_CE1B55B0FE79,DALBHARAT
2014-11-28,2015-02-02,PREVIOUS_ONLY,NSE_CE21025CD02D,VGUARD
2014-11-28,2015-02-02,PREVIOUS_ONLY,NSE_D0658C86F917,ZEELEARN
2014-11-28,2015-02-02,PREVIOUS_ONLY,NSE_D10A18C00D0B,MTNL
2014-11-28,2015-02-02,PREVIOUS_ONLY,NSE_D35374D82BA3,IDFCFIRSTB
2014-11-28,2015-02-02,PREVIOUS_ONLY,NSE_D376FF14ECD7,STCINDIA
2014-11-28,2015-02-02,PREVIOUS_ONLY,NSE_D40F53D9B283,360ONE
2014-11-28,2015-02-02,PREVIOUS_ONLY,NSE_D4F3ADAA19EE,MANPASAND
2014-11-28,2015-02-02,PREVIOUS_ONLY,NSE_D63E80751915,PCBL
2014-11-28,2015-02-02,PREVIOUS_ONLY,NSE_D67F47161F2D,SFCL
2014-11-28,2015-02-02,PREVIOUS_ONLY,NSE_D6EC0847F646,ABFRL
2014-11-28,2015-02-02,PREVIOUS_ONLY,NSE_D701BCB8CF79,RAMCOSYS
2014-11-28,2015-02-02,PREVIOUS_ONLY,NSE_DAE0D0015DDC,IGARASHI
2014-11-28,2015-02-02,PREVIOUS_ONLY,NSE_E26A501DCF72,JMTAUTOLTD
2014-11-28,2015-02-02,PREVIOUS_ONLY,NSE_E33BF28052EC,GREENPLY
2014-11-28,2015-02-02,PREVIOUS_ONLY,NSE_E7C0FAEE3336,NAVKARCORP
2014-11-28,2015-02-02,PREVIOUS_ONLY,NSE_EBB02BC0F381,COFFEEDAY
2014-11-28,2015-02-02,PREVIOUS_ONLY,NSE_F0FD06753A0C,PCJEWELLER
2014-11-28,2015-02-02,PREVIOUS_ONLY,NSE_F10F8CF228CE,HEIDELBERG
2014-11-28,2015-02-02,PREVIOUS_ONLY,NSE_F210221D2F17,HUHTAMAKI
2014-11-28,2015-02-02,PREVIOUS_ONLY,NSE_F2B25E44F3E5,SMLISUZU
2014-11-28,2015-02-02,PREVIOUS_ONLY,NSE_F2F6AF4ED925,NATCOPHARM
2014-11-28,2015-02-02,PREVIOUS_ONLY,NSE_F7B46E5369C2,SEQUENT
2014-11-28,2015-02-02,PREVIOUS_ONLY,NSE_FA96276A2517,SOMANYCERA
2014-11-28,2015-02-02,PREVIOUS_ONLY,NSE_FB65F4DE6E54,OCL
2014-11-28,2015-02-02,PREVIOUS_ONLY,NSE_FBA9C5E2CF53,BRFL
2014-11-28,2015-02-02,PREVIOUS_ONLY,NSE_FD6C3BA21716,NAVINFLUOR
2014-11-28,2015-02-02,PREVIOUS_UNMAPPED,,SHTV
2014-11-28,2015-02-02,PREVIOUS_UNMAPPED,,SGPC
2014-11-28,2015-02-02,PREVIOUS_UNMAPPED,,GMRAIRPORT
2014-11-28,2015-02-02,PREVIOUS_UNMAPPED,,EPIGRAL
2014-11-28,2015-02-02,PREVIOUS_UNMAPPED,,CIEINDIA
2014-11-28,2015-02-02,PREVIOUS_UNMAPPED,,LTF
2014-11-28,2015-02-02,PREVIOUS_UNMAPPED,,TMPV
2014-11-28,2015-02-02,PREVIOUS_UNMAPPED,,JSWDULUX
2014-11-28,2015-02-02,PREVIOUS_UNMAPPED,,UNITDSPR
2014-11-28,2015-02-02,PREVIOUS_UNMAPPED,,ABREL
2014-11-28,2015-02-02,PREVIOUS_UNMAPPED,,SWANCORP
2014-11-28,2015-02-02,PREVIOUS_UNMAPPED,,WELSPUNLIV
2014-11-28,2015-02-02,PREVIOUS_UNMAPPED,,ADANIENSOL
2014-11-28,2015-02-02,PREVIOUS_UNMAPPED,,ARE&M
2014-11-28,2015-02-02,PREVIOUS_UNMAPPED,,AEGISLOG
2014-11-28,2015-02-02,PREVIOUS_UNMAPPED,,KPIL
2014-11-28,2015-02-02,PREVIOUS_UNMAPPED,,GVT&D
2014-11-28,2015-02-02,PREVIOUS_UNMAPPED,,COHANCE
2014-11-28,2015-02-02,PREVIOUS_UNMAPPED,,HBLENGINE
2014-11-28,2015-02-02,PREVIOUS_UNMAPPED,,SAMMAANCAP
2015-02-02,2015-03-24,OFFICIAL_ONLY,NSE_0711207C900A,GITANJALI
2015-02-02,2015-03-24,OFFICIAL_ONLY,NSE_092A1C3253B4,TATAMOTORS
2015-02-02,2015-03-24,OFFICIAL_ONLY,NSE_0C8E43FADDB8,IVRCLINFRA
2015-02-02,2015-03-24,OFFICIAL_ONLY,NSE_0F72F66469D6,GRAPHITE
2015-02-02,2015-03-24,OFFICIAL_ONLY,NSE_15523813BD4A,NOIDATOLL
2015-02-02,2015-03-24,OFFICIAL_ONLY,NSE_1BF63B49C19E,TVTODAY
2015-02-02,2015-03-24,OFFICIAL_ONLY,NSE_1FE8B4643571,GEOJITFSL
2015-02-02,2015-03-24,OFFICIAL_ONLY,NSE_2216670637F8,WELSPUNIND
2015-02-02,2015-03-24,OFFICIAL_ONLY,NSE_22A49E238B39,GMRINFRA
2015-02-02,2015-03-24,OFFICIAL_ONLY,NSE_2B12B6998928,RELCAPITAL
2015-02-02,2015-03-24,OFFICIAL_ONLY,NSE_2EF7833DA8D3,HEG
2015-02-02,2015-03-24,OFFICIAL_ONLY,NSE_3087CF0E8810,TDPOWERSYS
2015-02-02,2015-03-24,OFFICIAL_ONLY,NSE_329ABD1F5CCD,JSL
2015-02-02,2015-03-24,OFFICIAL_ONLY,NSE_3604A340ECD7,KSK
2015-02-02,2015-03-24,OFFICIAL_ONLY,NSE_3CC9204EE206,GEOMETRIC
2015-02-02,2015-03-24,OFFICIAL_ONLY,NSE_400E6C0FE473,PRAKASH
2015-02-02,2015-03-24,OFFICIAL_ONLY,NSE_403ED77BEF36,TREEHOUSE
2015-02-02,2015-03-24,OFFICIAL_ONLY,NSE_40F417DAB497,MBLINFRA
2015-02-02,2015-03-24,OFFICIAL_ONLY,NSE_4C7DD340FFE0,OPTOCIRCUI
2015-02-02,2015-03-24,OFFICIAL_ONLY,NSE_502982CDBAAD,ASAHIINDIA
2015-02-02,2015-03-24,OFFICIAL_ONLY,NSE_55FFE606B7E2,RATNAMANI
2015-02-02,2015-03-24,OFFICIAL_ONLY,NSE_5602EE99E050,CENTENKA
2015-02-02,2015-03-24,OFFICIAL_ONLY,NSE_5813C47C6758,HEXAWARE
2015-02-02,2015-03-24,OFFICIAL_ONLY,NSE_5D0160460CD9,GHCL
2015-02-02,2015-03-24,OFFICIAL_ONLY,NSE_5E4BFA7651A2,AJRINFRA
2015-02-02,2015-03-24,OFFICIAL_ONLY,NSE_633BD53DAEC1,SBT
2015-02-02,2015-03-24,OFFICIAL_ONLY,NSE_63AB3F8FE7C5,MERCATOR
2015-02-02,2015-03-24,OFFICIAL_ONLY,NSE_6486648C9FB1,ESSDEE
2015-02-02,2015-03-24,OFFICIAL_ONLY,NSE_65DD43BDBE2D,CASTEXTECH
2015-02-02,2015-03-24,OFFICIAL_ONLY,NSE_675CFCEE5D02,GABRIEL
2015-02-02,2015-03-24,OFFICIAL_ONLY,NSE_70031FDFB6EF,FLEXITUFF
2015-02-02,2015-03-24,OFFICIAL_ONLY,NSE_7336A438D402,ELECTCAST
2015-02-02,2015-03-24,OFFICIAL_ONLY,NSE_78493707FA85,ENIL
2015-02-02,2015-03-24,OFFICIAL_ONLY,NSE_7A24E610012A,SWARAJENG
2015-02-02,2015-03-24,OFFICIAL_ONLY,NSE_7E9F9084BD7D,JUBLPHARMA
2015-02-02,2015-03-24,OFFICIAL_ONLY,NSE_7F8B1EBDE62B,PATELENG
2015-02-02,2015-03-24,OFFICIAL_ONLY,NSE_81E6A1C5A552,VESUVIUS
2015-02-02,2015-03-24,OFFICIAL_ONLY,NSE_83E296865792,ATFL
2015-02-02,2015-03-24,OFFICIAL_ONLY,NSE_851A827BCF83,NAVNETEDUL
2015-02-02,2015-03-24,OFFICIAL_ONLY,NSE_8B1A9BBDE5E6,PRSMJOHNSN
2015-02-02,2015-03-24,OFFICIAL_ONLY,NSE_8BBC0680BDBA,NAVA
2015-02-02,2015-03-24,OFFICIAL_ONLY,NSE_8E2A665067A2,PENINLAND
2015-02-02,2015-03-24,OFFICIAL_ONLY,NSE_94DBF4CE7AC2,MTEDUCARE
2015-02-02,2015-03-24,OFFICIAL_ONLY,NSE_96586AD2DEEB,TBZ
2015-02-02,2015-03-24,OFFICIAL_ONLY,NSE_978A4180C4F3,SUPREMEINF
2015-02-02,2015-03-24,OFFICIAL_ONLY,NSE_9A67203EFED3,USHAMART
2015-02-02,2015-03-24,OFFICIAL_ONLY,NSE_9AE82A200CBD,NIITLTD
2015-02-02,2015-03-24,OFFICIAL_ONLY,NSE_9B813D17D74B,SHRENUJ
2015-02-02,2015-03-24,OFFICIAL_ONLY,NSE_9E4C0423BFF8,GUJALKALI
2015-02-02,2015-03-24,OFFICIAL_ONLY,NSE_9E788BED7AEF,KALPATPOWR
2015-02-02,2015-03-24,OFFICIAL_ONLY,NSE_9F5985EF710B,GTLINFRA
2015-02-02,2015-03-24,OFFICIAL_ONLY,NSE_A1950E96A064,PURVA
2015-02-02,2015-03-24,OFFICIAL_ONLY,NSE_AA00EC8A4A3D,SUPPETRO
2015-02-02,2015-03-24,OFFICIAL_ONLY,NSE_AE2862139B09,WHEELS
2015-02-02,2015-03-24,OFFICIAL_ONLY,NSE_B02D9BEB0D0A,NOCIL
2015-02-02,2015-03-24,OFFICIAL_ONLY,NSE_B0F020774F39,DHANI
2015-02-02,2015-03-24,OFFICIAL_ONLY,NSE_B3E526664FC0,AMARAJABAT
2015-02-02,2015-03-24,OFFICIAL_ONLY,NSE_B46CD836B94A,AUTOAXLES
2015-02-02,2015-03-24,OFFICIAL_ONLY,NSE_B88435B10855,ELGIEQUIP
2015-02-02,2015-03-24,OFFICIAL_ONLY,NSE_B8C8A459A862,DHANBANK
2015-02-02,2015-03-24,OFFICIAL_ONLY,NSE_BAF1627773E0,VIDEOIND
2015-02-02,2015-03-24,OFFICIAL_ONLY,NSE_BBC622D344B2,VAIBHAVGBL
2015-02-02,2015-03-24,OFFICIAL_ONLY,NSE_BE6B81B4D2AE,UTTAMSTL
2015-02-02,2015-03-24,OFFICIAL_ONLY,NSE_BE847AB99029,JYOTISTRUC
2015-02-02,2015-03-24,OFFICIAL_ONLY,NSE_C0628B35007C,ESABINDIA
2015-02-02,2015-03-24,OFFICIAL_ONLY,NSE_C23A48F8DAF4,SBBJ
2015-02-02,2015-03-24,OFFICIAL_ONLY,NSE_C43FB1E82A75,63MOONS
2015-02-02,2015-03-24,OFFICIAL_ONLY,NSE_C4988FC46272,CAIRN
2015-02-02,2015-03-24,OFFICIAL_ONLY,NSE_C558FE982959,HEUBACHIND
2015-02-02,2015-03-24,OFFICIAL_ONLY,NSE_C9730FDF32DB,ABGSHIP
2015-02-02,2015-03-24,OFFICIAL_ONLY,NSE_CC1A452E363C,TATAINVEST
2015-02-02,2015-03-24,OFFICIAL_ONLY,NSE_D00C1130DAE7,JTEKTINDIA
2015-02-02,2015-03-24,OFFICIAL_ONLY,NSE_D3148EEB7BF0,IBULHSGFIN
2015-02-02,2015-03-24,OFFICIAL_ONLY,NSE_D3F406024851,GIPCL
2015-02-02,2015-03-24,OFFICIAL_ONLY,NSE_D448CCCD5389,GNFC
2015-02-02,2015-03-24,OFFICIAL_ONLY,NSE_D45E2178880F,MAHSEAMLES
2015-02-02,2015-03-24,OFFICIAL_ONLY,NSE_D57CF4D8191A,PAISALO
2015-02-02,2015-03-24,OFFICIAL_ONLY,NSE_DCA00C31EBFD,BALKRISIND
2015-02-02,2015-03-24,OFFICIAL_ONLY,NSE_E102D7DE4C2C,GRUH
2015-02-02,2015-03-24,OFFICIAL_ONLY,NSE_E2CB5EC37279,PARSVNATH
2015-02-02,2015-03-24,OFFICIAL_ONLY,NSE_E5B9AB42956F,BINDALAGRO
2015-02-02,2015-03-24,OFFICIAL_ONLY,NSE_E6BC41F4E8C3,KKCL
2015-02-02,2015-03-24,OFFICIAL_ONLY,NSE_E9019530042D,SHANTIGEAR
2015-02-02,2015-03-24,OFFICIAL_ONLY,NSE_E9CD94ECB13B,MAHSCOOTER
2015-02-02,2015-03-24,OFFICIAL_ONLY,NSE_EBAC40911065,KCP
2015-02-02,2015-03-24,OFFICIAL_ONLY,NSE_EEAD76022193,HERITGFOOD
2015-02-02,2015-03-24,OFFICIAL_ONLY,NSE_EFD7B6E7FD96,FMGOETZE
2015-02-02,2015-03-24,OFFICIAL_ONLY,NSE_F5B77D59A62C,L&TFH
2015-02-02,2015-03-24,OFFICIAL_ONLY,NSE_F7FF721279AE,PVR
2015-02-02,2015-03-24,OFFICIAL_ONLY,NSE_FE37750EBD83,ABB
2015-02-02,2015-03-24,OFFICIAL_ONLY,NSE_FED8B098DEA5,GSKCONS
2015-02-02,2015-03-24,OFFICIAL_ONLY,NSE_FF6FC74E85C1,MINDTREE
2015-02-02,2015-03-24,PREVIOUS_ONLY,NSE_015D3C811935,SNOWMAN
2015-02-02,2015-03-24,PREVIOUS_ONLY,NSE_08FB9B51264C,KWALITY
2015-02-02,2015-03-24,PREVIOUS_ONLY,NSE_0A208E331D8C,MAHINDCIE
2015-02-02,2015-03-24,PREVIOUS_ONLY,NSE_0CDA14210E4D,DISHTV
2015-02-02,2015-03-24,PREVIOUS_ONLY,NSE_148E052CEC64,GRANULES
2015-02-02,2015-03-24,PREVIOUS_ONLY,NSE_15269CF9ABBD,TAKE
2015-02-02,2015-03-24,PREVIOUS_ONLY,NSE_1957FAB1366F,INDOCO
2015-02-02,2015-03-24,PREVIOUS_ONLY,NSE_1BB2D50D7572,EQUITAS
2015-02-02,2015-03-24,PREVIOUS_ONLY,NSE_232F7BA109E4,ANGELONE
2015-02-02,2015-03-24,PREVIOUS_ONLY,NSE_3B598B9F02C0,SUPRAJIT
2015-02-02,2015-03-24,PREVIOUS_ONLY,NSE_3CD1CF512D16,AHLUCONT
2015-02-02,2015-03-24,PREVIOUS_ONLY,NSE_3E5680388E4E,JINDALPOLY
2015-02-02,2015-03-24,PREVIOUS_ONLY,NSE_40AA7F3995D1,INDIGO
2015-02-02,2015-03-24,PREVIOUS_ONLY,NSE_41D6658A86E3,ICIL
2015-02-02,2015-03-24,PREVIOUS_ONLY,NSE_42FEBF5D9ADF,CERA
2015-02-02,2015-03-24,PREVIOUS_ONLY,NSE_469926D3FD6A,TIMKEN
2015-02-02,2015-03-24,PREVIOUS_ONLY,NSE_46A3EC428CE2,GUJGASLTD
2015-02-02,2015-03-24,PREVIOUS_ONLY,NSE_4B53EB5E333F,SYNGENE
2015-02-02,2015-03-24,PREVIOUS_ONLY,NSE_4C12111E25F6,WONDERLA
2015-02-02,2015-03-24,PREVIOUS_ONLY,NSE_4CD9919938EF,CCL
2015-02-02,2015-03-24,PREVIOUS_ONLY,NSE_5405849154DD,GRINDWELL
2015-02-02,2015-03-24,PREVIOUS_ONLY,NSE_62370E1BA80E,RHIM
2015-02-02,2015-03-24,PREVIOUS_ONLY,NSE_62907813BC36,TIDEWATER
2015-02-02,2015-03-24,PREVIOUS_ONLY,NSE_63EB9280D90F,TEXRAIL
2015-02-02,2015-03-24,PREVIOUS_ONLY,NSE_659E411DCE22,NH
2015-02-02,2015-03-24,PREVIOUS_ONLY,NSE_66EF9E74F5E3,SHILPAMED
2015-02-02,2015-03-24,PREVIOUS_ONLY,NSE_68E3F7F5879F,IPAPPM
2015-02-02,2015-03-24,PREVIOUS_ONLY,NSE_69D8A25A8131,ALKEM
2015-02-02,2015-03-24,PREVIOUS_ONLY,NSE_6C4CBD6F12EE,RELAXO
2015-02-02,2015-03-24,PREVIOUS_ONLY,NSE_6E0CB7353991,LALPATHLAB
2015-02-02,2015-03-24,PREVIOUS_ONLY,NSE_7127DE38999E,SJVN
2015-02-02,2015-03-24,PREVIOUS_ONLY,NSE_740B7EE9CB08,SOLARINDS
2015-02-02,2015-03-24,PREVIOUS_ONLY,NSE_75A1EC6089B7,NILKAMAL
2015-02-02,2015-03-24,PREVIOUS_ONLY,NSE_7D44EE89941C,BLISSGVS
2015-02-02,2015-03-24,PREVIOUS_ONLY,NSE_7F8DECDBEDC8,ITDCEM
2015-02-02,2015-03-24,PREVIOUS_ONLY,NSE_85A771F24921,JCHAC
2015-02-02,2015-03-24,PREVIOUS_ONLY,NSE_8D41A8008DA2,RKFORGE
2015-02-02,2015-03-24,PREVIOUS_ONLY,NSE_914B18D01343,HMVL
2015-02-02,2015-03-24,PREVIOUS_ONLY,NSE_985104D9ABBA,AVANTIFEED
2015-02-02,2015-03-24,PREVIOUS_ONLY,NSE_9891A0739E64,DHANUKA
2015-02-02,2015-03-24,PREVIOUS_ONLY,NSE_9CD0408E0E4C,TRITURBINE
2015-02-02,2015-03-24,PREVIOUS_ONLY,NSE_9E3BB2CB962F,CHOLAHLDNG
2015-02-02,2015-03-24,PREVIOUS_ONLY,NSE_A508378B12ED,CAPLIPOINT
2015-02-02,2015-03-24,PREVIOUS_ONLY,NSE_A5EA8EAC7050,APLAPOLLO
2015-02-02,2015-03-24,PREVIOUS_ONLY,NSE_A787B7252904,POLARIS
2015-02-02,2015-03-24,PREVIOUS_ONLY,NSE_A7A22C73AF33,JETAIRWAYS
2015-02-02,2015-03-24,PREVIOUS_ONLY,NSE_AB2CD07E1D43,SITINET
2015-02-02,2015-03-24,PREVIOUS_ONLY,NSE_AD4461AE56EF,TVSSRICHAK
2015-02-02,2015-03-24,PREVIOUS_ONLY,NSE_AE697C87E3F3,SHARDACROP
2015-02-02,2015-03-24,PREVIOUS_ONLY,NSE_B04856B88EED,CROMPTON
2015-02-02,2015-03-24,PREVIOUS_ONLY,NSE_B3968699E9E2,INTELLECT
2015-02-02,2015-03-24,PREVIOUS_ONLY,NSE_B7616A734F2C,TCI
2015-02-02,2015-03-24,PREVIOUS_ONLY,NSE_BFBEFE6B6DB3,MANAPPURAM
2015-02-02,2015-03-24,PREVIOUS_ONLY,NSE_C7F339E43E8B,CEATLTD
2015-02-02,2015-03-24,PREVIOUS_ONLY,NSE_CA42918156CA,INFIBEAM
2015-02-02,2015-03-24,PREVIOUS_ONLY,NSE_CE1B55B0FE79,DALBHARAT
2015-02-02,2015-03-24,PREVIOUS_ONLY,NSE_CE21025CD02D,VGUARD
2015-02-02,2015-03-24,PREVIOUS_ONLY,NSE_D0658C86F917,ZEELEARN
2015-02-02,2015-03-24,PREVIOUS_ONLY,NSE_D10A18C00D0B,MTNL
2015-02-02,2015-03-24,PREVIOUS_ONLY,NSE_D35374D82BA3,IDFCFIRSTB
2015-02-02,2015-03-24,PREVIOUS_ONLY,NSE_D376FF14ECD7,STCINDIA
2015-02-02,2015-03-24,PREVIOUS_ONLY,NSE_D40F53D9B283,360ONE
2015-02-02,2015-03-24,PREVIOUS_ONLY,NSE_D4F3ADAA19EE,MANPASAND
2015-02-02,2015-03-24,PREVIOUS_ONLY,NSE_D63E80751915,PCBL
2015-02-02,2015-03-24,PREVIOUS_ONLY,NSE_D67F47161F2D,SFCL
2015-02-02,2015-03-24,PREVIOUS_ONLY,NSE_D6EC0847F646,ABFRL
2015-02-02,2015-03-24,PREVIOUS_ONLY,NSE_D701BCB8CF79,RAMCOSYS
2015-02-02,2015-03-24,PREVIOUS_ONLY,NSE_DAE0D0015DDC,IGARASHI
2015-02-02,2015-03-24,PREVIOUS_ONLY,NSE_E26A501DCF72,JMTAUTOLTD
2015-02-02,2015-03-24,PREVIOUS_ONLY,NSE_E33BF28052EC,GREENPLY
2015-02-02,2015-03-24,PREVIOUS_ONLY,NSE_E7C0FAEE3336,NAVKARCORP
2015-02-02,2015-03-24,PREVIOUS_ONLY,NSE_EBB02BC0F381,COFFEEDAY
2015-02-02,2015-03-24,PREVIOUS_ONLY,NSE_F0FD06753A0C,PCJEWELLER
2015-02-02,2015-03-24,PREVIOUS_ONLY,NSE_F10F8CF228CE,HEIDELBERG
2015-02-02,2015-03-24,PREVIOUS_ONLY,NSE_F210221D2F17,HUHTAMAKI
2015-02-02,2015-03-24,PREVIOUS_ONLY,NSE_F2B25E44F3E5,SMLISUZU
2015-02-02,2015-03-24,PREVIOUS_ONLY,NSE_F2F6AF4ED925,NATCOPHARM
2015-02-02,2015-03-24,PREVIOUS_ONLY,NSE_F7B46E5369C2,SEQUENT
2015-02-02,2015-03-24,PREVIOUS_ONLY,NSE_FA96276A2517,SOMANYCERA
2015-02-02,2015-03-24,PREVIOUS_ONLY,NSE_FB65F4DE6E54,OCL
2015-02-02,2015-03-24,PREVIOUS_ONLY,NSE_FBA9C5E2CF53,BRFL
2015-02-02,2015-03-24,PREVIOUS_ONLY,NSE_FD6C3BA21716,NAVINFLUOR
2015-02-02,2015-03-24,PREVIOUS_UNMAPPED,,SHTV
2015-02-02,2015-03-24,PREVIOUS_UNMAPPED,,SGPC
2015-02-02,2015-03-24,PREVIOUS_UNMAPPED,,GMRAIRPORT
2015-02-02,2015-03-24,PREVIOUS_UNMAPPED,,EPIGRAL
2015-02-02,2015-03-24,PREVIOUS_UNMAPPED,,CIEINDIA
2015-02-02,2015-03-24,PREVIOUS_UNMAPPED,,LTF
2015-02-02,2015-03-24,PREVIOUS_UNMAPPED,,TMPV
2015-02-02,2015-03-24,PREVIOUS_UNMAPPED,,JSWDULUX
2015-02-02,2015-03-24,PREVIOUS_UNMAPPED,,UNITDSPR
2015-02-02,2015-03-24,PREVIOUS_UNMAPPED,,ABREL
2015-02-02,2015-03-24,PREVIOUS_UNMAPPED,,SWANCORP
2015-02-02,2015-03-24,PREVIOUS_UNMAPPED,,WELSPUNLIV
2015-02-02,2015-03-24,PREVIOUS_UNMAPPED,,ADANIENSOL
2015-02-02,2015-03-24,PREVIOUS_UNMAPPED,,ARE&M
2015-02-02,2015-03-24,PREVIOUS_UNMAPPED,,AEGISLOG
2015-02-02,2015-03-24,PREVIOUS_UNMAPPED,,KPIL
2015-02-02,2015-03-24,PREVIOUS_UNMAPPED,,GVT&D
2015-02-02,2015-03-24,PREVIOUS_UNMAPPED,,COHANCE
2015-02-02,2015-03-24,PREVIOUS_UNMAPPED,,HBLENGINE
2015-02-02,2015-03-24,PREVIOUS_UNMAPPED,,SAMMAANCAP
2015-03-24,2015-03-27,OFFICIAL_ONLY,NSE_0711207C900A,GITANJALI
2015-03-24,2015-03-27,OFFICIAL_ONLY,NSE_092A1C3253B4,TATAMOTORS
2015-03-24,2015-03-27,OFFICIAL_ONLY,NSE_0C8E43FADDB8,IVRCLINFRA
2015-03-24,2015-03-27,OFFICIAL_ONLY,NSE_0F72F66469D6,GRAPHITE
2015-03-24,2015-03-27,OFFICIAL_ONLY,NSE_15523813BD4A,NOIDATOLL
2015-03-24,2015-03-27,OFFICIAL_ONLY,NSE_1BF63B49C19E,TVTODAY
2015-03-24,2015-03-27,OFFICIAL_ONLY,NSE_1FE8B4643571,GEOJITFSL
2015-03-24,2015-03-27,OFFICIAL_ONLY,NSE_2216670637F8,WELSPUNIND
2015-03-24,2015-03-27,OFFICIAL_ONLY,NSE_22A49E238B39,GMRINFRA
2015-03-24,2015-03-27,OFFICIAL_ONLY,NSE_2B12B6998928,RELCAPITAL
2015-03-24,2015-03-27,OFFICIAL_ONLY,NSE_2EF7833DA8D3,HEG
2015-03-24,2015-03-27,OFFICIAL_ONLY,NSE_3087CF0E8810,TDPOWERSYS
2015-03-24,2015-03-27,OFFICIAL_ONLY,NSE_329ABD1F5CCD,JSL
2015-03-24,2015-03-27,OFFICIAL_ONLY,NSE_3604A340ECD7,KSK
2015-03-24,2015-03-27,OFFICIAL_ONLY,NSE_3CC9204EE206,GEOMETRIC
2015-03-24,2015-03-27,OFFICIAL_ONLY,NSE_400E6C0FE473,PRAKASH
2015-03-24,2015-03-27,OFFICIAL_ONLY,NSE_403ED77BEF36,TREEHOUSE
2015-03-24,2015-03-27,OFFICIAL_ONLY,NSE_40F417DAB497,MBLINFRA
2015-03-24,2015-03-27,OFFICIAL_ONLY,NSE_4C7DD340FFE0,OPTOCIRCUI
2015-03-24,2015-03-27,OFFICIAL_ONLY,NSE_502982CDBAAD,ASAHIINDIA
2015-03-24,2015-03-27,OFFICIAL_ONLY,NSE_55FFE606B7E2,RATNAMANI
2015-03-24,2015-03-27,OFFICIAL_ONLY,NSE_5602EE99E050,CENTENKA
2015-03-24,2015-03-27,OFFICIAL_ONLY,NSE_5813C47C6758,HEXAWARE
2015-03-24,2015-03-27,OFFICIAL_ONLY,NSE_5D0160460CD9,GHCL
2015-03-24,2015-03-27,OFFICIAL_ONLY,NSE_5E4BFA7651A2,AJRINFRA
2015-03-24,2015-03-27,OFFICIAL_ONLY,NSE_633BD53DAEC1,SBT
2015-03-24,2015-03-27,OFFICIAL_ONLY,NSE_63AB3F8FE7C5,MERCATOR
2015-03-24,2015-03-27,OFFICIAL_ONLY,NSE_6486648C9FB1,ESSDEE
2015-03-24,2015-03-27,OFFICIAL_ONLY,NSE_65DD43BDBE2D,CASTEXTECH
2015-03-24,2015-03-27,OFFICIAL_ONLY,NSE_675CFCEE5D02,GABRIEL
2015-03-24,2015-03-27,OFFICIAL_ONLY,NSE_70031FDFB6EF,FLEXITUFF
2015-03-24,2015-03-27,OFFICIAL_ONLY,NSE_71E0266D5F31,MASTEK
2015-03-24,2015-03-27,OFFICIAL_ONLY,NSE_7336A438D402,ELECTCAST
2015-03-24,2015-03-27,OFFICIAL_ONLY,NSE_78493707FA85,ENIL
2015-03-24,2015-03-27,OFFICIAL_ONLY,NSE_7A24E610012A,SWARAJENG
2015-03-24,2015-03-27,OFFICIAL_ONLY,NSE_7E9F9084BD7D,JUBLPHARMA
2015-03-24,2015-03-27,OFFICIAL_ONLY,NSE_7F8B1EBDE62B,PATELENG
2015-03-24,2015-03-27,OFFICIAL_ONLY,NSE_81E6A1C5A552,VESUVIUS
2015-03-24,2015-03-27,OFFICIAL_ONLY,NSE_83E296865792,ATFL
2015-03-24,2015-03-27,OFFICIAL_ONLY,NSE_851A827BCF83,NAVNETEDUL
2015-03-24,2015-03-27,OFFICIAL_ONLY,NSE_86E36E8E07A0,SHASUNPHAR
2015-03-24,2015-03-27,OFFICIAL_ONLY,NSE_8B1A9BBDE5E6,PRSMJOHNSN
2015-03-24,2015-03-27,OFFICIAL_ONLY,NSE_8BBC0680BDBA,NAVA
2015-03-24,2015-03-27,OFFICIAL_ONLY,NSE_8E2A665067A2,PENINLAND
2015-03-24,2015-03-27,OFFICIAL_ONLY,NSE_94DBF4CE7AC2,MTEDUCARE
2015-03-24,2015-03-27,OFFICIAL_ONLY,NSE_96586AD2DEEB,TBZ
2015-03-24,2015-03-27,OFFICIAL_ONLY,NSE_978A4180C4F3,SUPREMEINF
2015-03-24,2015-03-27,OFFICIAL_ONLY,NSE_9A67203EFED3,USHAMART
2015-03-24,2015-03-27,OFFICIAL_ONLY,NSE_9AE82A200CBD,NIITLTD
2015-03-24,2015-03-27,OFFICIAL_ONLY,NSE_9B813D17D74B,SHRENUJ
2015-03-24,2015-03-27,OFFICIAL_ONLY,NSE_9E4C0423BFF8,GUJALKALI
2015-03-24,2015-03-27,OFFICIAL_ONLY,NSE_9E788BED7AEF,KALPATPOWR
2015-03-24,2015-03-27,OFFICIAL_ONLY,NSE_9F5985EF710B,GTLINFRA
2015-03-24,2015-03-27,OFFICIAL_ONLY,NSE_A1950E96A064,PURVA
2015-03-24,2015-03-27,OFFICIAL_ONLY,NSE_AA00EC8A4A3D,SUPPETRO
2015-03-24,2015-03-27,OFFICIAL_ONLY,NSE_AE2862139B09,WHEELS
2015-03-24,2015-03-27,OFFICIAL_ONLY,NSE_B02D9BEB0D0A,NOCIL
2015-03-24,2015-03-27,OFFICIAL_ONLY,NSE_B0F020774F39,DHANI
2015-03-24,2015-03-27,OFFICIAL_ONLY,NSE_B3E526664FC0,AMARAJABAT
2015-03-24,2015-03-27,OFFICIAL_ONLY,NSE_B46CD836B94A,AUTOAXLES
2015-03-24,2015-03-27,OFFICIAL_ONLY,NSE_B88435B10855,ELGIEQUIP
2015-03-24,2015-03-27,OFFICIAL_ONLY,NSE_B8C8A459A862,DHANBANK
2015-03-24,2015-03-27,OFFICIAL_ONLY,NSE_BAF1627773E0,VIDEOIND
2015-03-24,2015-03-27,OFFICIAL_ONLY,NSE_BBC622D344B2,VAIBHAVGBL
2015-03-24,2015-03-27,OFFICIAL_ONLY,NSE_BE6B81B4D2AE,UTTAMSTL
2015-03-24,2015-03-27,OFFICIAL_ONLY,NSE_BE847AB99029,JYOTISTRUC
2015-03-24,2015-03-27,OFFICIAL_ONLY,NSE_C0628B35007C,ESABINDIA
2015-03-24,2015-03-27,OFFICIAL_ONLY,NSE_C23A48F8DAF4,SBBJ
2015-03-24,2015-03-27,OFFICIAL_ONLY,NSE_C43FB1E82A75,63MOONS
2015-03-24,2015-03-27,OFFICIAL_ONLY,NSE_C4988FC46272,CAIRN
2015-03-24,2015-03-27,OFFICIAL_ONLY,NSE_C558FE982959,HEUBACHIND
2015-03-24,2015-03-27,OFFICIAL_ONLY,NSE_C9730FDF32DB,ABGSHIP
2015-03-24,2015-03-27,OFFICIAL_ONLY,NSE_CC1A452E363C,TATAINVEST
2015-03-24,2015-03-27,OFFICIAL_ONLY,NSE_D00C1130DAE7,JTEKTINDIA
2015-03-24,2015-03-27,OFFICIAL_ONLY,NSE_D3148EEB7BF0,IBULHSGFIN
2015-03-24,2015-03-27,OFFICIAL_ONLY,NSE_D3F406024851,GIPCL
2015-03-24,2015-03-27,OFFICIAL_ONLY,NSE_D448CCCD5389,GNFC
2015-03-24,2015-03-27,OFFICIAL_ONLY,NSE_D45E2178880F,MAHSEAMLES
2015-03-24,2015-03-27,OFFICIAL_ONLY,NSE_D57CF4D8191A,PAISALO
2015-03-24,2015-03-27,OFFICIAL_ONLY,NSE_E102D7DE4C2C,GRUH
2015-03-24,2015-03-27,OFFICIAL_ONLY,NSE_E2CB5EC37279,PARSVNATH
2015-03-24,2015-03-27,OFFICIAL_ONLY,NSE_E5B9AB42956F,BINDALAGRO
2015-03-24,2015-03-27,OFFICIAL_ONLY,NSE_E6BC41F4E8C3,KKCL
2015-03-24,2015-03-27,OFFICIAL_ONLY,NSE_E9019530042D,SHANTIGEAR
2015-03-24,2015-03-27,OFFICIAL_ONLY,NSE_E9CD94ECB13B,MAHSCOOTER
2015-03-24,2015-03-27,OFFICIAL_ONLY,NSE_EBAC40911065,KCP
2015-03-24,2015-03-27,OFFICIAL_ONLY,NSE_EEAD76022193,HERITGFOOD
2015-03-24,2015-03-27,OFFICIAL_ONLY,NSE_EFD7B6E7FD96,FMGOETZE
2015-03-24,2015-03-27,OFFICIAL_ONLY,NSE_F5B77D59A62C,L&TFH
2015-03-24,2015-03-27,OFFICIAL_ONLY,NSE_F7FF721279AE,PVR
2015-03-24,2015-03-27,OFFICIAL_ONLY,NSE_FC570F474E2F,CMC
2015-03-24,2015-03-27,OFFICIAL_ONLY,NSE_FE37750EBD83,ABB
2015-03-24,2015-03-27,OFFICIAL_ONLY,NSE_FED8B098DEA5,GSKCONS
2015-03-24,2015-03-27,OFFICIAL_ONLY,NSE_FF6FC74E85C1,MINDTREE
2015-03-24,2015-03-27,PREVIOUS_ONLY,NSE_015D3C811935,SNOWMAN
2015-03-24,2015-03-27,PREVIOUS_ONLY,NSE_08FB9B51264C,KWALITY
2015-03-24,2015-03-27,PREVIOUS_ONLY,NSE_0A208E331D8C,MAHINDCIE
2015-03-24,2015-03-27,PREVIOUS_ONLY,NSE_0CDA14210E4D,DISHTV
2015-03-24,2015-03-27,PREVIOUS_ONLY,NSE_148E052CEC64,GRANULES
2015-03-24,2015-03-27,PREVIOUS_ONLY,NSE_15269CF9ABBD,TAKE
2015-03-24,2015-03-27,PREVIOUS_ONLY,NSE_1957FAB1366F,INDOCO
2015-03-24,2015-03-27,PREVIOUS_ONLY,NSE_1BB2D50D7572,EQUITAS
2015-03-24,2015-03-27,PREVIOUS_ONLY,NSE_232F7BA109E4,ANGELONE
2015-03-24,2015-03-27,PREVIOUS_ONLY,NSE_3B598B9F02C0,SUPRAJIT
2015-03-24,2015-03-27,PREVIOUS_ONLY,NSE_3BC23EE3CDD9,SUVEN
2015-03-24,2015-03-27,PREVIOUS_ONLY,NSE_3CD1CF512D16,AHLUCONT
2015-03-24,2015-03-27,PREVIOUS_ONLY,NSE_3E5680388E4E,JINDALPOLY
2015-03-24,2015-03-27,PREVIOUS_ONLY,NSE_40AA7F3995D1,INDIGO
2015-03-24,2015-03-27,PREVIOUS_ONLY,NSE_41D6658A86E3,ICIL
2015-03-24,2015-03-27,PREVIOUS_ONLY,NSE_42FEBF5D9ADF,CERA
2015-03-24,2015-03-27,PREVIOUS_ONLY,NSE_469926D3FD6A,TIMKEN
2015-03-24,2015-03-27,PREVIOUS_ONLY,NSE_46A3EC428CE2,GUJGASLTD
2015-03-24,2015-03-27,PREVIOUS_ONLY,NSE_4B53EB5E333F,SYNGENE
2015-03-24,2015-03-27,PREVIOUS_ONLY,NSE_4C12111E25F6,WONDERLA
2015-03-24,2015-03-27,PREVIOUS_ONLY,NSE_4CD9919938EF,CCL
2015-03-24,2015-03-27,PREVIOUS_ONLY,NSE_5405849154DD,GRINDWELL
2015-03-24,2015-03-27,PREVIOUS_ONLY,NSE_62370E1BA80E,RHIM
2015-03-24,2015-03-27,PREVIOUS_ONLY,NSE_62907813BC36,TIDEWATER
2015-03-24,2015-03-27,PREVIOUS_ONLY,NSE_63EB9280D90F,TEXRAIL
2015-03-24,2015-03-27,PREVIOUS_ONLY,NSE_659E411DCE22,NH
2015-03-24,2015-03-27,PREVIOUS_ONLY,NSE_66EF9E74F5E3,SHILPAMED
2015-03-24,2015-03-27,PREVIOUS_ONLY,NSE_68E3F7F5879F,IPAPPM
2015-03-24,2015-03-27,PREVIOUS_ONLY,NSE_69D8A25A8131,ALKEM
2015-03-24,2015-03-27,PREVIOUS_ONLY,NSE_6C4CBD6F12EE,RELAXO
2015-03-24,2015-03-27,PREVIOUS_ONLY,NSE_6E0CB7353991,LALPATHLAB
2015-03-24,2015-03-27,PREVIOUS_ONLY,NSE_7127DE38999E,SJVN
2015-03-24,2015-03-27,PREVIOUS_ONLY,NSE_740B7EE9CB08,SOLARINDS
2015-03-24,2015-03-27,PREVIOUS_ONLY,NSE_75A1EC6089B7,NILKAMAL
2015-03-24,2015-03-27,PREVIOUS_ONLY,NSE_7D44EE89941C,BLISSGVS
2015-03-24,2015-03-27,PREVIOUS_ONLY,NSE_7E6BEA8882F4,MUNJALSHOW
2015-03-24,2015-03-27,PREVIOUS_ONLY,NSE_85A771F24921,JCHAC
2015-03-24,2015-03-27,PREVIOUS_ONLY,NSE_8D41A8008DA2,RKFORGE
2015-03-24,2015-03-27,PREVIOUS_ONLY,NSE_914B18D01343,HMVL
2015-03-24,2015-03-27,PREVIOUS_ONLY,NSE_985104D9ABBA,AVANTIFEED
2015-03-24,2015-03-27,PREVIOUS_ONLY,NSE_9891A0739E64,DHANUKA
2015-03-24,2015-03-27,PREVIOUS_ONLY,NSE_9CD0408E0E4C,TRITURBINE
2015-03-24,2015-03-27,PREVIOUS_ONLY,NSE_9E3BB2CB962F,CHOLAHLDNG
2015-03-24,2015-03-27,PREVIOUS_ONLY,NSE_A508378B12ED,CAPLIPOINT
2015-03-24,2015-03-27,PREVIOUS_ONLY,NSE_A5EA8EAC7050,APLAPOLLO
2015-03-24,2015-03-27,PREVIOUS_ONLY,NSE_A787B7252904,POLARIS
2015-03-24,2015-03-27,PREVIOUS_ONLY,NSE_A7A22C73AF33,JETAIRWAYS
2015-03-24,2015-03-27,PREVIOUS_ONLY,NSE_AB2CD07E1D43,SITINET
2015-03-24,2015-03-27,PREVIOUS_ONLY,NSE_AD4461AE56EF,TVSSRICHAK
2015-03-24,2015-03-27,PREVIOUS_ONLY,NSE_AE697C87E3F3,SHARDACROP
2015-03-24,2015-03-27,PREVIOUS_ONLY,NSE_B04856B88EED,CROMPTON
2015-03-24,2015-03-27,PREVIOUS_ONLY,NSE_B3968699E9E2,INTELLECT
2015-03-24,2015-03-27,PREVIOUS_ONLY,NSE_B7616A734F2C,TCI
2015-03-24,2015-03-27,PREVIOUS_ONLY,NSE_BFBEFE6B6DB3,MANAPPURAM
2015-03-24,2015-03-27,PREVIOUS_ONLY,NSE_C7F339E43E8B,CEATLTD
2015-03-24,2015-03-27,PREVIOUS_ONLY,NSE_CA42918156CA,INFIBEAM
2015-03-24,2015-03-27,PREVIOUS_ONLY,NSE_CE1B55B0FE79,DALBHARAT
2015-03-24,2015-03-27,PREVIOUS_ONLY,NSE_CE21025CD02D,VGUARD
2015-03-24,2015-03-27,PREVIOUS_ONLY,NSE_D0658C86F917,ZEELEARN
2015-03-24,2015-03-27,PREVIOUS_ONLY,NSE_D10A18C00D0B,MTNL
2015-03-24,2015-03-27,PREVIOUS_ONLY,NSE_D35374D82BA3,IDFCFIRSTB
2015-03-24,2015-03-27,PREVIOUS_ONLY,NSE_D376FF14ECD7,STCINDIA
2015-03-24,2015-03-27,PREVIOUS_ONLY,NSE_D40F53D9B283,360ONE
2015-03-24,2015-03-27,PREVIOUS_ONLY,NSE_D4F3ADAA19EE,MANPASAND
2015-03-24,2015-03-27,PREVIOUS_ONLY,NSE_D63E80751915,PCBL
2015-03-24,2015-03-27,PREVIOUS_ONLY,NSE_D67F47161F2D,SFCL
2015-03-24,2015-03-27,PREVIOUS_ONLY,NSE_D6EC0847F646,ABFRL
2015-03-24,2015-03-27,PREVIOUS_ONLY,NSE_D701BCB8CF79,RAMCOSYS
2015-03-24,2015-03-27,PREVIOUS_ONLY,NSE_DAE0D0015DDC,IGARASHI
2015-03-24,2015-03-27,PREVIOUS_ONLY,NSE_E26A501DCF72,JMTAUTOLTD
2015-03-24,2015-03-27,PREVIOUS_ONLY,NSE_E33BF28052EC,GREENPLY
2015-03-24,2015-03-27,PREVIOUS_ONLY,NSE_E7C0FAEE3336,NAVKARCORP
2015-03-24,2015-03-27,PREVIOUS_ONLY,NSE_E8494F35C12B,MAYURUNIQ
2015-03-24,2015-03-27,PREVIOUS_ONLY,NSE_EBB02BC0F381,COFFEEDAY
2015-03-24,2015-03-27,PREVIOUS_ONLY,NSE_F0FD06753A0C,PCJEWELLER
2015-03-24,2015-03-27,PREVIOUS_ONLY,NSE_F10F8CF228CE,HEIDELBERG
2015-03-24,2015-03-27,PREVIOUS_ONLY,NSE_F210221D2F17,HUHTAMAKI
2015-03-24,2015-03-27,PREVIOUS_ONLY,NSE_F2B25E44F3E5,SMLISUZU
2015-03-24,2015-03-27,PREVIOUS_ONLY,NSE_F2F6AF4ED925,NATCOPHARM
2015-03-24,2015-03-27,PREVIOUS_ONLY,NSE_F7B46E5369C2,SEQUENT
2015-03-24,2015-03-27,PREVIOUS_ONLY,NSE_FA96276A2517,SOMANYCERA
2015-03-24,2015-03-27,PREVIOUS_ONLY,NSE_FB65F4DE6E54,OCL
2015-03-24,2015-03-27,PREVIOUS_ONLY,NSE_FBA9C5E2CF53,BRFL
2015-03-24,2015-03-27,PREVIOUS_ONLY,NSE_FD6C3BA21716,NAVINFLUOR
2015-03-24,2015-03-27,PREVIOUS_UNMAPPED,,SHTV
2015-03-24,2015-03-27,PREVIOUS_UNMAPPED,,SGPC
2015-03-24,2015-03-27,PREVIOUS_UNMAPPED,,GMRAIRPORT
2015-03-24,2015-03-27,PREVIOUS_UNMAPPED,,EPIGRAL
2015-03-24,2015-03-27,PREVIOUS_UNMAPPED,,CIEINDIA
2015-03-24,2015-03-27,PREVIOUS_UNMAPPED,,LTF
2015-03-24,2015-03-27,PREVIOUS_UNMAPPED,,TMPV
2015-03-24,2015-03-27,PREVIOUS_UNMAPPED,,JSWDULUX
2015-03-24,2015-03-27,PREVIOUS_UNMAPPED,,UNITDSPR
2015-03-24,2015-03-27,PREVIOUS_UNMAPPED,,ABREL
2015-03-24,2015-03-27,PREVIOUS_UNMAPPED,,SWANCORP
2015-03-24,2015-03-27,PREVIOUS_UNMAPPED,,WELSPUNLIV
2015-03-24,2015-03-27,PREVIOUS_UNMAPPED,,ADANIENSOL
2015-03-24,2015-03-27,PREVIOUS_UNMAPPED,,ARE&M
2015-03-24,2015-03-27,PREVIOUS_UNMAPPED,,AEGISLOG
2015-03-24,2015-03-27,PREVIOUS_UNMAPPED,,KPIL
2015-03-24,2015-03-27,PREVIOUS_UNMAPPED,,GVT&D
2015-03-24,2015-03-27,PREVIOUS_UNMAPPED,,COHANCE
2015-03-24,2015-03-27,PREVIOUS_UNMAPPED,,HBLENGINE
2015-03-24,2015-03-27,PREVIOUS_UNMAPPED,,SAMMAANCAP
2015-03-27,2015-03-31,OFFICIAL_ONLY,NSE_0711207C900A,GITANJALI
2015-03-27,2015-03-31,OFFICIAL_ONLY,NSE_092A1C3253B4,TATAMOTORS
2015-03-27,2015-03-31,OFFICIAL_ONLY,NSE_0C8E43FADDB8,IVRCLINFRA
2015-03-27,2015-03-31,OFFICIAL_ONLY,NSE_0F72F66469D6,GRAPHITE
2015-03-27,2015-03-31,OFFICIAL_ONLY,NSE_15523813BD4A,NOIDATOLL
2015-03-27,2015-03-31,OFFICIAL_ONLY,NSE_1BF63B49C19E,TVTODAY
2015-03-27,2015-03-31,OFFICIAL_ONLY,NSE_1FE8B4643571,GEOJITFSL
2015-03-27,2015-03-31,OFFICIAL_ONLY,NSE_2216670637F8,WELSPUNIND
2015-03-27,2015-03-31,OFFICIAL_ONLY,NSE_22A49E238B39,GMRINFRA
2015-03-27,2015-03-31,OFFICIAL_ONLY,NSE_2B12B6998928,RELCAPITAL
2015-03-27,2015-03-31,OFFICIAL_ONLY,NSE_2EF7833DA8D3,HEG
2015-03-27,2015-03-31,OFFICIAL_ONLY,NSE_3087CF0E8810,TDPOWERSYS
2015-03-27,2015-03-31,OFFICIAL_ONLY,NSE_329ABD1F5CCD,JSL
2015-03-27,2015-03-31,OFFICIAL_ONLY,NSE_3604A340ECD7,KSK
2015-03-27,2015-03-31,OFFICIAL_ONLY,NSE_3CC9204EE206,GEOMETRIC
2015-03-27,2015-03-31,OFFICIAL_ONLY,NSE_400E6C0FE473,PRAKASH
2015-03-27,2015-03-31,OFFICIAL_ONLY,NSE_403ED77BEF36,TREEHOUSE
2015-03-27,2015-03-31,OFFICIAL_ONLY,NSE_40F417DAB497,MBLINFRA
2015-03-27,2015-03-31,OFFICIAL_ONLY,NSE_4C7DD340FFE0,OPTOCIRCUI
2015-03-27,2015-03-31,OFFICIAL_ONLY,NSE_502982CDBAAD,ASAHIINDIA
2015-03-27,2015-03-31,OFFICIAL_ONLY,NSE_55FFE606B7E2,RATNAMANI
2015-03-27,2015-03-31,OFFICIAL_ONLY,NSE_5602EE99E050,CENTENKA
2015-03-27,2015-03-31,OFFICIAL_ONLY,NSE_5813C47C6758,HEXAWARE
2015-03-27,2015-03-31,OFFICIAL_ONLY,NSE_5D0160460CD9,GHCL
2015-03-27,2015-03-31,OFFICIAL_ONLY,NSE_5E4BFA7651A2,AJRINFRA
2015-03-27,2015-03-31,OFFICIAL_ONLY,NSE_633BD53DAEC1,SBT
2015-03-27,2015-03-31,OFFICIAL_ONLY,NSE_63AB3F8FE7C5,MERCATOR
2015-03-27,2015-03-31,OFFICIAL_ONLY,NSE_6486648C9FB1,ESSDEE
2015-03-27,2015-03-31,OFFICIAL_ONLY,NSE_65DD43BDBE2D,CASTEXTECH
2015-03-27,2015-03-31,OFFICIAL_ONLY,NSE_675CFCEE5D02,GABRIEL
2015-03-27,2015-03-31,OFFICIAL_ONLY,NSE_70031FDFB6EF,FLEXITUFF
2015-03-27,2015-03-31,OFFICIAL_ONLY,NSE_7336A438D402,ELECTCAST
2015-03-27,2015-03-31,OFFICIAL_ONLY,NSE_78493707FA85,ENIL
2015-03-27,2015-03-31,OFFICIAL_ONLY,NSE_7A24E610012A,SWARAJENG
2015-03-27,2015-03-31,OFFICIAL_ONLY,NSE_7E9F9084BD7D,JUBLPHARMA
2015-03-27,2015-03-31,OFFICIAL_ONLY,NSE_7F8B1EBDE62B,PATELENG
2015-03-27,2015-03-31,OFFICIAL_ONLY,NSE_81E6A1C5A552,VESUVIUS
2015-03-27,2015-03-31,OFFICIAL_ONLY,NSE_83E296865792,ATFL
2015-03-27,2015-03-31,OFFICIAL_ONLY,NSE_851A827BCF83,NAVNETEDUL
2015-03-27,2015-03-31,OFFICIAL_ONLY,NSE_8B1A9BBDE5E6,PRSMJOHNSN
2015-03-27,2015-03-31,OFFICIAL_ONLY,NSE_8BBC0680BDBA,NAVA
2015-03-27,2015-03-31,OFFICIAL_ONLY,NSE_8E2A665067A2,PENINLAND
2015-03-27,2015-03-31,OFFICIAL_ONLY,NSE_94DBF4CE7AC2,MTEDUCARE
2015-03-27,2015-03-31,OFFICIAL_ONLY,NSE_96586AD2DEEB,TBZ
2015-03-27,2015-03-31,OFFICIAL_ONLY,NSE_978A4180C4F3,SUPREMEINF
2015-03-27,2015-03-31,OFFICIAL_ONLY,NSE_9A67203EFED3,USHAMART
2015-03-27,2015-03-31,OFFICIAL_ONLY,NSE_9AE82A200CBD,NIITLTD
2015-03-27,2015-03-31,OFFICIAL_ONLY,NSE_9B813D17D74B,SHRENUJ
2015-03-27,2015-03-31,OFFICIAL_ONLY,NSE_9E4C0423BFF8,GUJALKALI
2015-03-27,2015-03-31,OFFICIAL_ONLY,NSE_9E788BED7AEF,KALPATPOWR
2015-03-27,2015-03-31,OFFICIAL_ONLY,NSE_9F5985EF710B,GTLINFRA
2015-03-27,2015-03-31,OFFICIAL_ONLY,NSE_A1950E96A064,PURVA
2015-03-27,2015-03-31,OFFICIAL_ONLY,NSE_AA00EC8A4A3D,SUPPETRO
2015-03-27,2015-03-31,OFFICIAL_ONLY,NSE_AE25FA292E6D,KNRCON
2015-03-27,2015-03-31,OFFICIAL_ONLY,NSE_AE2862139B09,WHEELS
2015-03-27,2015-03-31,OFFICIAL_ONLY,NSE_B02D9BEB0D0A,NOCIL
2015-03-27,2015-03-31,OFFICIAL_ONLY,NSE_B0F020774F39,DHANI
2015-03-27,2015-03-31,OFFICIAL_ONLY,NSE_B3E526664FC0,AMARAJABAT
2015-03-27,2015-03-31,OFFICIAL_ONLY,NSE_B46CD836B94A,AUTOAXLES
2015-03-27,2015-03-31,OFFICIAL_ONLY,NSE_B88435B10855,ELGIEQUIP
2015-03-27,2015-03-31,OFFICIAL_ONLY,NSE_B8C8A459A862,DHANBANK
2015-03-27,2015-03-31,OFFICIAL_ONLY,NSE_BAF1627773E0,VIDEOIND
2015-03-27,2015-03-31,OFFICIAL_ONLY,NSE_BBC622D344B2,VAIBHAVGBL
2015-03-27,2015-03-31,OFFICIAL_ONLY,NSE_BE6B81B4D2AE,UTTAMSTL
2015-03-27,2015-03-31,OFFICIAL_ONLY,NSE_BE847AB99029,JYOTISTRUC
2015-03-27,2015-03-31,OFFICIAL_ONLY,NSE_C0628B35007C,ESABINDIA
2015-03-27,2015-03-31,OFFICIAL_ONLY,NSE_C23A48F8DAF4,SBBJ
2015-03-27,2015-03-31,OFFICIAL_ONLY,NSE_C43FB1E82A75,63MOONS
2015-03-27,2015-03-31,OFFICIAL_ONLY,NSE_C4988FC46272,CAIRN
2015-03-27,2015-03-31,OFFICIAL_ONLY,NSE_C558FE982959,HEUBACHIND
2015-03-27,2015-03-31,OFFICIAL_ONLY,NSE_C9730FDF32DB,ABGSHIP
2015-03-27,2015-03-31,OFFICIAL_ONLY,NSE_CC1A452E363C,TATAINVEST
2015-03-27,2015-03-31,OFFICIAL_ONLY,NSE_D00C1130DAE7,JTEKTINDIA
2015-03-27,2015-03-31,OFFICIAL_ONLY,NSE_D1A2AB285CE4,GULFOILLUB
2015-03-27,2015-03-31,OFFICIAL_ONLY,NSE_D3148EEB7BF0,IBULHSGFIN
2015-03-27,2015-03-31,OFFICIAL_ONLY,NSE_D3F406024851,GIPCL
2015-03-27,2015-03-31,OFFICIAL_ONLY,NSE_D448CCCD5389,GNFC
2015-03-27,2015-03-31,OFFICIAL_ONLY,NSE_D45E2178880F,MAHSEAMLES
2015-03-27,2015-03-31,OFFICIAL_ONLY,NSE_D57CF4D8191A,PAISALO
2015-03-27,2015-03-31,OFFICIAL_ONLY,NSE_E102D7DE4C2C,GRUH
2015-03-27,2015-03-31,OFFICIAL_ONLY,NSE_E2CB5EC37279,PARSVNATH
2015-03-27,2015-03-31,OFFICIAL_ONLY,NSE_E5B9AB42956F,BINDALAGRO
2015-03-27,2015-03-31,OFFICIAL_ONLY,NSE_E6BC41F4E8C3,KKCL
2015-03-27,2015-03-31,OFFICIAL_ONLY,NSE_E9019530042D,SHANTIGEAR
2015-03-27,2015-03-31,OFFICIAL_ONLY,NSE_E9CD94ECB13B,MAHSCOOTER
2015-03-27,2015-03-31,OFFICIAL_ONLY,NSE_EBAC40911065,KCP
2015-03-27,2015-03-31,OFFICIAL_ONLY,NSE_EEAD76022193,HERITGFOOD
2015-03-27,2015-03-31,OFFICIAL_ONLY,NSE_EFD7B6E7FD96,FMGOETZE
2015-03-27,2015-03-31,OFFICIAL_ONLY,NSE_F5B77D59A62C,L&TFH
2015-03-27,2015-03-31,OFFICIAL_ONLY,NSE_F7FF721279AE,PVR
2015-03-27,2015-03-31,OFFICIAL_ONLY,NSE_FE37750EBD83,ABB
2015-03-27,2015-03-31,OFFICIAL_ONLY,NSE_FED8B098DEA5,GSKCONS
2015-03-27,2015-03-31,OFFICIAL_ONLY,NSE_FF6FC74E85C1,MINDTREE
2015-03-27,2015-03-31,PREVIOUS_ONLY,NSE_015D3C811935,SNOWMAN
2015-03-27,2015-03-31,PREVIOUS_ONLY,NSE_08FB9B51264C,KWALITY
2015-03-27,2015-03-31,PREVIOUS_ONLY,NSE_0A208E331D8C,MAHINDCIE
2015-03-27,2015-03-31,PREVIOUS_ONLY,NSE_0CDA14210E4D,DISHTV
2015-03-27,2015-03-31,PREVIOUS_ONLY,NSE_148E052CEC64,GRANULES
2015-03-27,2015-03-31,PREVIOUS_ONLY,NSE_15269CF9ABBD,TAKE
2015-03-27,2015-03-31,PREVIOUS_ONLY,NSE_1957FAB1366F,INDOCO
2015-03-27,2015-03-31,PREVIOUS_ONLY,NSE_1BB2D50D7572,EQUITAS
2015-03-27,2015-03-31,PREVIOUS_ONLY,NSE_232F7BA109E4,ANGELONE
2015-03-27,2015-03-31,PREVIOUS_ONLY,NSE_3B598B9F02C0,SUPRAJIT
2015-03-27,2015-03-31,PREVIOUS_ONLY,NSE_3CD1CF512D16,AHLUCONT
2015-03-27,2015-03-31,PREVIOUS_ONLY,NSE_3E5680388E4E,JINDALPOLY
2015-03-27,2015-03-31,PREVIOUS_ONLY,NSE_40AA7F3995D1,INDIGO
2015-03-27,2015-03-31,PREVIOUS_ONLY,NSE_41D6658A86E3,ICIL
2015-03-27,2015-03-31,PREVIOUS_ONLY,NSE_42FEBF5D9ADF,CERA
2015-03-27,2015-03-31,PREVIOUS_ONLY,NSE_469926D3FD6A,TIMKEN
2015-03-27,2015-03-31,PREVIOUS_ONLY,NSE_46A3EC428CE2,GUJGASLTD
2015-03-27,2015-03-31,PREVIOUS_ONLY,NSE_4B53EB5E333F,SYNGENE
2015-03-27,2015-03-31,PREVIOUS_ONLY,NSE_4C12111E25F6,WONDERLA
2015-03-27,2015-03-31,PREVIOUS_ONLY,NSE_4CD9919938EF,CCL
2015-03-27,2015-03-31,PREVIOUS_ONLY,NSE_5405849154DD,GRINDWELL
2015-03-27,2015-03-31,PREVIOUS_ONLY,NSE_62370E1BA80E,RHIM
2015-03-27,2015-03-31,PREVIOUS_ONLY,NSE_62907813BC36,TIDEWATER
2015-03-27,2015-03-31,PREVIOUS_ONLY,NSE_63EB9280D90F,TEXRAIL
2015-03-27,2015-03-31,PREVIOUS_ONLY,NSE_659E411DCE22,NH
2015-03-27,2015-03-31,PREVIOUS_ONLY,NSE_66EF9E74F5E3,SHILPAMED
2015-03-27,2015-03-31,PREVIOUS_ONLY,NSE_68E3F7F5879F,IPAPPM
2015-03-27,2015-03-31,PREVIOUS_ONLY,NSE_69D8A25A8131,ALKEM
2015-03-27,2015-03-31,PREVIOUS_ONLY,NSE_6C4CBD6F12EE,RELAXO
2015-03-27,2015-03-31,PREVIOUS_ONLY,NSE_6E0CB7353991,LALPATHLAB
2015-03-27,2015-03-31,PREVIOUS_ONLY,NSE_7127DE38999E,SJVN
2015-03-27,2015-03-31,PREVIOUS_ONLY,NSE_740B7EE9CB08,SOLARINDS
2015-03-27,2015-03-31,PREVIOUS_ONLY,NSE_75A1EC6089B7,NILKAMAL
2015-03-27,2015-03-31,PREVIOUS_ONLY,NSE_7D44EE89941C,BLISSGVS
2015-03-27,2015-03-31,PREVIOUS_ONLY,NSE_85A771F24921,JCHAC
2015-03-27,2015-03-31,PREVIOUS_ONLY,NSE_8D41A8008DA2,RKFORGE
2015-03-27,2015-03-31,PREVIOUS_ONLY,NSE_914B18D01343,HMVL
2015-03-27,2015-03-31,PREVIOUS_ONLY,NSE_985104D9ABBA,AVANTIFEED
2015-03-27,2015-03-31,PREVIOUS_ONLY,NSE_9891A0739E64,DHANUKA
2015-03-27,2015-03-31,PREVIOUS_ONLY,NSE_9CD0408E0E4C,TRITURBINE
2015-03-27,2015-03-31,PREVIOUS_ONLY,NSE_9E3BB2CB962F,CHOLAHLDNG
2015-03-27,2015-03-31,PREVIOUS_ONLY,NSE_A508378B12ED,CAPLIPOINT
2015-03-27,2015-03-31,PREVIOUS_ONLY,NSE_A5EA8EAC7050,APLAPOLLO
2015-03-27,2015-03-31,PREVIOUS_ONLY,NSE_A787B7252904,POLARIS
2015-03-27,2015-03-31,PREVIOUS_ONLY,NSE_A7A22C73AF33,JETAIRWAYS
2015-03-27,2015-03-31,PREVIOUS_ONLY,NSE_AB2CD07E1D43,SITINET
2015-03-27,2015-03-31,PREVIOUS_ONLY,NSE_AD4461AE56EF,TVSSRICHAK
2015-03-27,2015-03-31,PREVIOUS_ONLY,NSE_AE697C87E3F3,SHARDACROP
2015-03-27,2015-03-31,PREVIOUS_ONLY,NSE_B04856B88EED,CROMPTON
2015-03-27,2015-03-31,PREVIOUS_ONLY,NSE_B3968699E9E2,INTELLECT
2015-03-27,2015-03-31,PREVIOUS_ONLY,NSE_B7616A734F2C,TCI
2015-03-27,2015-03-31,PREVIOUS_ONLY,NSE_BFBEFE6B6DB3,MANAPPURAM
2015-03-27,2015-03-31,PREVIOUS_ONLY,NSE_C7F339E43E8B,CEATLTD
2015-03-27,2015-03-31,PREVIOUS_ONLY,NSE_CA42918156CA,INFIBEAM
2015-03-27,2015-03-31,PREVIOUS_ONLY,NSE_CE1B55B0FE79,DALBHARAT
2015-03-27,2015-03-31,PREVIOUS_ONLY,NSE_CE21025CD02D,VGUARD
2015-03-27,2015-03-31,PREVIOUS_ONLY,NSE_D0658C86F917,ZEELEARN
2015-03-27,2015-03-31,PREVIOUS_ONLY,NSE_D10A18C00D0B,MTNL
2015-03-27,2015-03-31,PREVIOUS_ONLY,NSE_D35374D82BA3,IDFCFIRSTB
2015-03-27,2015-03-31,PREVIOUS_ONLY,NSE_D376FF14ECD7,STCINDIA
2015-03-27,2015-03-31,PREVIOUS_ONLY,NSE_D40F53D9B283,360ONE
2015-03-27,2015-03-31,PREVIOUS_ONLY,NSE_D4F3ADAA19EE,MANPASAND
2015-03-27,2015-03-31,PREVIOUS_ONLY,NSE_D63E80751915,PCBL
2015-03-27,2015-03-31,PREVIOUS_ONLY,NSE_D67F47161F2D,SFCL
2015-03-27,2015-03-31,PREVIOUS_ONLY,NSE_D6EC0847F646,ABFRL
2015-03-27,2015-03-31,PREVIOUS_ONLY,NSE_D701BCB8CF79,RAMCOSYS
2015-03-27,2015-03-31,PREVIOUS_ONLY,NSE_DAE0D0015DDC,IGARASHI
2015-03-27,2015-03-31,PREVIOUS_ONLY,NSE_E26A501DCF72,JMTAUTOLTD
2015-03-27,2015-03-31,PREVIOUS_ONLY,NSE_E33BF28052EC,GREENPLY
2015-03-27,2015-03-31,PREVIOUS_ONLY,NSE_E7C0FAEE3336,NAVKARCORP
2015-03-27,2015-03-31,PREVIOUS_ONLY,NSE_EBB02BC0F381,COFFEEDAY
2015-03-27,2015-03-31,PREVIOUS_ONLY,NSE_F0FD06753A0C,PCJEWELLER
2015-03-27,2015-03-31,PREVIOUS_ONLY,NSE_F10F8CF228CE,HEIDELBERG
2015-03-27,2015-03-31,PREVIOUS_ONLY,NSE_F210221D2F17,HUHTAMAKI
2015-03-27,2015-03-31,PREVIOUS_ONLY,NSE_F2B25E44F3E5,SMLISUZU
2015-03-27,2015-03-31,PREVIOUS_ONLY,NSE_F2F6AF4ED925,NATCOPHARM
2015-03-27,2015-03-31,PREVIOUS_ONLY,NSE_F7B46E5369C2,SEQUENT
2015-03-27,2015-03-31,PREVIOUS_ONLY,NSE_FA96276A2517,SOMANYCERA
2015-03-27,2015-03-31,PREVIOUS_ONLY,NSE_FB65F4DE6E54,OCL
2015-03-27,2015-03-31,PREVIOUS_ONLY,NSE_FBA9C5E2CF53,BRFL
2015-03-27,2015-03-31,PREVIOUS_ONLY,NSE_FD6C3BA21716,NAVINFLUOR
2015-03-27,2015-03-31,PREVIOUS_UNMAPPED,,SHTV
2015-03-27,2015-03-31,PREVIOUS_UNMAPPED,,SGPC
2015-03-27,2015-03-31,PREVIOUS_UNMAPPED,,GMRAIRPORT
2015-03-27,2015-03-31,PREVIOUS_UNMAPPED,,EPIGRAL
2015-03-27,2015-03-31,PREVIOUS_UNMAPPED,,CIEINDIA
2015-03-27,2015-03-31,PREVIOUS_UNMAPPED,,LTF
2015-03-27,2015-03-31,PREVIOUS_UNMAPPED,,TMPV
2015-03-27,2015-03-31,PREVIOUS_UNMAPPED,,JSWDULUX
2015-03-27,2015-03-31,PREVIOUS_UNMAPPED,,UNITDSPR
2015-03-27,2015-03-31,PREVIOUS_UNMAPPED,,ABREL
2015-03-27,2015-03-31,PREVIOUS_UNMAPPED,,SWANCORP
2015-03-27,2015-03-31,PREVIOUS_UNMAPPED,,WELSPUNLIV
2015-03-27,2015-03-31,PREVIOUS_UNMAPPED,,ADANIENSOL
2015-03-27,2015-03-31,PREVIOUS_UNMAPPED,,ARE&M
2015-03-27,2015-03-31,PREVIOUS_UNMAPPED,,AEGISLOG
2015-03-27,2015-03-31,PREVIOUS_UNMAPPED,,KPIL
2015-03-27,2015-03-31,PREVIOUS_UNMAPPED,,GVT&D
2015-03-27,2015-03-31,PREVIOUS_UNMAPPED,,COHANCE
2015-03-27,2015-03-31,PREVIOUS_UNMAPPED,,HBLENGINE
2015-03-27,2015-03-31,PREVIOUS_UNMAPPED,,SAMMAANCAP
2015-03-31,2015-05-29,OFFICIAL_ONLY,NSE_0711207C900A,GITANJALI
2015-03-31,2015-05-29,OFFICIAL_ONLY,NSE_092A1C3253B4,TATAMOTORS
2015-03-31,2015-05-29,OFFICIAL_ONLY,NSE_0C8E43FADDB8,IVRCLINFRA
2015-03-31,2015-05-29,OFFICIAL_ONLY,NSE_0F72F66469D6,GRAPHITE
2015-03-31,2015-05-29,OFFICIAL_ONLY,NSE_15523813BD4A,NOIDATOLL
2015-03-31,2015-05-29,OFFICIAL_ONLY,NSE_1BF63B49C19E,TVTODAY
2015-03-31,2015-05-29,OFFICIAL_ONLY,NSE_1FE8B4643571,GEOJITFSL
2015-03-31,2015-05-29,OFFICIAL_ONLY,NSE_2216670637F8,WELSPUNIND
2015-03-31,2015-05-29,OFFICIAL_ONLY,NSE_22A49E238B39,GMRINFRA
2015-03-31,2015-05-29,OFFICIAL_ONLY,NSE_2B12B6998928,RELCAPITAL
2015-03-31,2015-05-29,OFFICIAL_ONLY,NSE_2EF7833DA8D3,HEG
2015-03-31,2015-05-29,OFFICIAL_ONLY,NSE_3087CF0E8810,TDPOWERSYS
2015-03-31,2015-05-29,OFFICIAL_ONLY,NSE_329ABD1F5CCD,JSL
2015-03-31,2015-05-29,OFFICIAL_ONLY,NSE_3604A340ECD7,KSK
2015-03-31,2015-05-29,OFFICIAL_ONLY,NSE_3CC9204EE206,GEOMETRIC
2015-03-31,2015-05-29,OFFICIAL_ONLY,NSE_400E6C0FE473,PRAKASH
2015-03-31,2015-05-29,OFFICIAL_ONLY,NSE_403ED77BEF36,TREEHOUSE
2015-03-31,2015-05-29,OFFICIAL_ONLY,NSE_40F417DAB497,MBLINFRA
2015-03-31,2015-05-29,OFFICIAL_ONLY,NSE_4C7DD340FFE0,OPTOCIRCUI
2015-03-31,2015-05-29,OFFICIAL_ONLY,NSE_502982CDBAAD,ASAHIINDIA
2015-03-31,2015-05-29,OFFICIAL_ONLY,NSE_50647847C4A3,LGBBROSLTD
2015-03-31,2015-05-29,OFFICIAL_ONLY,NSE_55FFE606B7E2,RATNAMANI
2015-03-31,2015-05-29,OFFICIAL_ONLY,NSE_5602EE99E050,CENTENKA
2015-03-31,2015-05-29,OFFICIAL_ONLY,NSE_5813C47C6758,HEXAWARE
2015-03-31,2015-05-29,OFFICIAL_ONLY,NSE_5D0160460CD9,GHCL
2015-03-31,2015-05-29,OFFICIAL_ONLY,NSE_5E4BFA7651A2,AJRINFRA
2015-03-31,2015-05-29,OFFICIAL_ONLY,NSE_633BD53DAEC1,SBT
2015-03-31,2015-05-29,OFFICIAL_ONLY,NSE_63AB3F8FE7C5,MERCATOR
2015-03-31,2015-05-29,OFFICIAL_ONLY,NSE_6486648C9FB1,ESSDEE
2015-03-31,2015-05-29,OFFICIAL_ONLY,NSE_65DD43BDBE2D,CASTEXTECH
2015-03-31,2015-05-29,OFFICIAL_ONLY,NSE_675CFCEE5D02,GABRIEL
2015-03-31,2015-05-29,OFFICIAL_ONLY,NSE_70031FDFB6EF,FLEXITUFF
2015-03-31,2015-05-29,OFFICIAL_ONLY,NSE_7336A438D402,ELECTCAST
2015-03-31,2015-05-29,OFFICIAL_ONLY,NSE_78493707FA85,ENIL
2015-03-31,2015-05-29,OFFICIAL_ONLY,NSE_7A24E610012A,SWARAJENG
2015-03-31,2015-05-29,OFFICIAL_ONLY,NSE_7BD208D47A49,MCDOWELL-N
2015-03-31,2015-05-29,OFFICIAL_ONLY,NSE_7E6BEA8882F4,MUNJALSHOW
2015-03-31,2015-05-29,OFFICIAL_ONLY,NSE_7E9F9084BD7D,JUBLPHARMA
2015-03-31,2015-05-29,OFFICIAL_ONLY,NSE_7F8B1EBDE62B,PATELENG
2015-03-31,2015-05-29,OFFICIAL_ONLY,NSE_81E6A1C5A552,VESUVIUS
2015-03-31,2015-05-29,OFFICIAL_ONLY,NSE_83E296865792,ATFL
2015-03-31,2015-05-29,OFFICIAL_ONLY,NSE_851A827BCF83,NAVNETEDUL
2015-03-31,2015-05-29,OFFICIAL_ONLY,NSE_8B1A9BBDE5E6,PRSMJOHNSN
2015-03-31,2015-05-29,OFFICIAL_ONLY,NSE_8BBC0680BDBA,NAVA
2015-03-31,2015-05-29,OFFICIAL_ONLY,NSE_8E2A665067A2,PENINLAND
2015-03-31,2015-05-29,OFFICIAL_ONLY,NSE_94DBF4CE7AC2,MTEDUCARE
2015-03-31,2015-05-29,OFFICIAL_ONLY,NSE_96586AD2DEEB,TBZ
2015-03-31,2015-05-29,OFFICIAL_ONLY,NSE_978A4180C4F3,SUPREMEINF
2015-03-31,2015-05-29,OFFICIAL_ONLY,NSE_9A67203EFED3,USHAMART
2015-03-31,2015-05-29,OFFICIAL_ONLY,NSE_9AE82A200CBD,NIITLTD
2015-03-31,2015-05-29,OFFICIAL_ONLY,NSE_9B813D17D74B,SHRENUJ
2015-03-31,2015-05-29,OFFICIAL_ONLY,NSE_9E4C0423BFF8,GUJALKALI
2015-03-31,2015-05-29,OFFICIAL_ONLY,NSE_9E788BED7AEF,KALPATPOWR
2015-03-31,2015-05-29,OFFICIAL_ONLY,NSE_9F5985EF710B,GTLINFRA
2015-03-31,2015-05-29,OFFICIAL_ONLY,NSE_A1950E96A064,PURVA
2015-03-31,2015-05-29,OFFICIAL_ONLY,NSE_A21D36A1385B,PENIND
2015-03-31,2015-05-29,OFFICIAL_ONLY,NSE_AA00EC8A4A3D,SUPPETRO
2015-03-31,2015-05-29,OFFICIAL_ONLY,NSE_AE25FA292E6D,KNRCON
2015-03-31,2015-05-29,OFFICIAL_ONLY,NSE_AE2862139B09,WHEELS
2015-03-31,2015-05-29,OFFICIAL_ONLY,NSE_B02D9BEB0D0A,NOCIL
2015-03-31,2015-05-29,OFFICIAL_ONLY,NSE_B0F020774F39,DHANI
2015-03-31,2015-05-29,OFFICIAL_ONLY,NSE_B3E526664FC0,AMARAJABAT
2015-03-31,2015-05-29,OFFICIAL_ONLY,NSE_B46CD836B94A,AUTOAXLES
2015-03-31,2015-05-29,OFFICIAL_ONLY,NSE_B88435B10855,ELGIEQUIP
2015-03-31,2015-05-29,OFFICIAL_ONLY,NSE_B8C8A459A862,DHANBANK
2015-03-31,2015-05-29,OFFICIAL_ONLY,NSE_BAF1627773E0,VIDEOIND
2015-03-31,2015-05-29,OFFICIAL_ONLY,NSE_BB7D75A98B81,NDTV
2015-03-31,2015-05-29,OFFICIAL_ONLY,NSE_BBC622D344B2,VAIBHAVGBL
2015-03-31,2015-05-29,OFFICIAL_ONLY,NSE_BE6B81B4D2AE,UTTAMSTL
2015-03-31,2015-05-29,OFFICIAL_ONLY,NSE_BE847AB99029,JYOTISTRUC
2015-03-31,2015-05-29,OFFICIAL_ONLY,NSE_C0628B35007C,ESABINDIA
2015-03-31,2015-05-29,OFFICIAL_ONLY,NSE_C23A48F8DAF4,SBBJ
2015-03-31,2015-05-29,OFFICIAL_ONLY,NSE_C43FB1E82A75,63MOONS
2015-03-31,2015-05-29,OFFICIAL_ONLY,NSE_C4988FC46272,CAIRN
2015-03-31,2015-05-29,OFFICIAL_ONLY,NSE_C558FE982959,HEUBACHIND
2015-03-31,2015-05-29,OFFICIAL_ONLY,NSE_C9730FDF32DB,ABGSHIP
2015-03-31,2015-05-29,OFFICIAL_ONLY,NSE_CC1A452E363C,TATAINVEST
2015-03-31,2015-05-29,OFFICIAL_ONLY,NSE_D00C1130DAE7,JTEKTINDIA
2015-03-31,2015-05-29,OFFICIAL_ONLY,NSE_D1A2AB285CE4,GULFOILLUB
2015-03-31,2015-05-29,OFFICIAL_ONLY,NSE_D3148EEB7BF0,IBULHSGFIN
2015-03-31,2015-05-29,OFFICIAL_ONLY,NSE_D3F406024851,GIPCL
2015-03-31,2015-05-29,OFFICIAL_ONLY,NSE_D448CCCD5389,GNFC
2015-03-31,2015-05-29,OFFICIAL_ONLY,NSE_D45E2178880F,MAHSEAMLES
2015-03-31,2015-05-29,OFFICIAL_ONLY,NSE_D57CF4D8191A,PAISALO
2015-03-31,2015-05-29,OFFICIAL_ONLY,NSE_E102D7DE4C2C,GRUH
2015-03-31,2015-05-29,OFFICIAL_ONLY,NSE_E2CB5EC37279,PARSVNATH
2015-03-31,2015-05-29,OFFICIAL_ONLY,NSE_E5B9AB42956F,BINDALAGRO
2015-03-31,2015-05-29,OFFICIAL_ONLY,NSE_E6BC41F4E8C3,KKCL
2015-03-31,2015-05-29,OFFICIAL_ONLY,NSE_E9019530042D,SHANTIGEAR
2015-03-31,2015-05-29,OFFICIAL_ONLY,NSE_E9CD94ECB13B,MAHSCOOTER
2015-03-31,2015-05-29,OFFICIAL_ONLY,NSE_EBAC40911065,KCP
2015-03-31,2015-05-29,OFFICIAL_ONLY,NSE_EEAD76022193,HERITGFOOD
2015-03-31,2015-05-29,OFFICIAL_ONLY,NSE_EFD7B6E7FD96,FMGOETZE
2015-03-31,2015-05-29,OFFICIAL_ONLY,NSE_F111BB4114FB,FCONSUMER
2015-03-31,2015-05-29,OFFICIAL_ONLY,NSE_F5B77D59A62C,L&TFH
2015-03-31,2015-05-29,OFFICIAL_ONLY,NSE_F7FF721279AE,PVR
2015-03-31,2015-05-29,OFFICIAL_ONLY,NSE_FE37750EBD83,ABB
2015-03-31,2015-05-29,OFFICIAL_ONLY,NSE_FED8B098DEA5,GSKCONS
2015-03-31,2015-05-29,OFFICIAL_ONLY,NSE_FF6FC74E85C1,MINDTREE
2015-03-31,2015-05-29,PREVIOUS_ONLY,NSE_015D3C811935,SNOWMAN
2015-03-31,2015-05-29,PREVIOUS_ONLY,NSE_08FB9B51264C,KWALITY
2015-03-31,2015-05-29,PREVIOUS_ONLY,NSE_0A208E331D8C,MAHINDCIE
2015-03-31,2015-05-29,PREVIOUS_ONLY,NSE_0CDA14210E4D,DISHTV
2015-03-31,2015-05-29,PREVIOUS_ONLY,NSE_148E052CEC64,GRANULES
2015-03-31,2015-05-29,PREVIOUS_ONLY,NSE_15269CF9ABBD,TAKE
2015-03-31,2015-05-29,PREVIOUS_ONLY,NSE_1957FAB1366F,INDOCO
2015-03-31,2015-05-29,PREVIOUS_ONLY,NSE_1BB2D50D7572,EQUITAS
2015-03-31,2015-05-29,PREVIOUS_ONLY,NSE_232F7BA109E4,ANGELONE
2015-03-31,2015-05-29,PREVIOUS_ONLY,NSE_3B598B9F02C0,SUPRAJIT
2015-03-31,2015-05-29,PREVIOUS_ONLY,NSE_3CD1CF512D16,AHLUCONT
2015-03-31,2015-05-29,PREVIOUS_ONLY,NSE_3E5680388E4E,JINDALPOLY
2015-03-31,2015-05-29,PREVIOUS_ONLY,NSE_40AA7F3995D1,INDIGO
2015-03-31,2015-05-29,PREVIOUS_ONLY,NSE_41D6658A86E3,ICIL
2015-03-31,2015-05-29,PREVIOUS_ONLY,NSE_42FEBF5D9ADF,CERA
2015-03-31,2015-05-29,PREVIOUS_ONLY,NSE_469926D3FD6A,TIMKEN
2015-03-31,2015-05-29,PREVIOUS_ONLY,NSE_46A3EC428CE2,GUJGASLTD
2015-03-31,2015-05-29,PREVIOUS_ONLY,NSE_4B53EB5E333F,SYNGENE
2015-03-31,2015-05-29,PREVIOUS_ONLY,NSE_4C12111E25F6,WONDERLA
2015-03-31,2015-05-29,PREVIOUS_ONLY,NSE_4CD9919938EF,CCL
2015-03-31,2015-05-29,PREVIOUS_ONLY,NSE_5405849154DD,GRINDWELL
2015-03-31,2015-05-29,PREVIOUS_ONLY,NSE_62370E1BA80E,RHIM
2015-03-31,2015-05-29,PREVIOUS_ONLY,NSE_62907813BC36,TIDEWATER
2015-03-31,2015-05-29,PREVIOUS_ONLY,NSE_63EB9280D90F,TEXRAIL
2015-03-31,2015-05-29,PREVIOUS_ONLY,NSE_659E411DCE22,NH
2015-03-31,2015-05-29,PREVIOUS_ONLY,NSE_66EF9E74F5E3,SHILPAMED
2015-03-31,2015-05-29,PREVIOUS_ONLY,NSE_68E3F7F5879F,IPAPPM
2015-03-31,2015-05-29,PREVIOUS_ONLY,NSE_69D8A25A8131,ALKEM
2015-03-31,2015-05-29,PREVIOUS_ONLY,NSE_6C4CBD6F12EE,RELAXO
2015-03-31,2015-05-29,PREVIOUS_ONLY,NSE_6E0CB7353991,LALPATHLAB
2015-03-31,2015-05-29,PREVIOUS_ONLY,NSE_7127DE38999E,SJVN
2015-03-31,2015-05-29,PREVIOUS_ONLY,NSE_740B7EE9CB08,SOLARINDS
2015-03-31,2015-05-29,PREVIOUS_ONLY,NSE_75A1EC6089B7,NILKAMAL
2015-03-31,2015-05-29,PREVIOUS_ONLY,NSE_7D44EE89941C,BLISSGVS
2015-03-31,2015-05-29,PREVIOUS_ONLY,NSE_85A771F24921,JCHAC
2015-03-31,2015-05-29,PREVIOUS_ONLY,NSE_8D41A8008DA2,RKFORGE
2015-03-31,2015-05-29,PREVIOUS_ONLY,NSE_914B18D01343,HMVL
2015-03-31,2015-05-29,PREVIOUS_ONLY,NSE_985104D9ABBA,AVANTIFEED
2015-03-31,2015-05-29,PREVIOUS_ONLY,NSE_9891A0739E64,DHANUKA
2015-03-31,2015-05-29,PREVIOUS_ONLY,NSE_9CD0408E0E4C,TRITURBINE
2015-03-31,2015-05-29,PREVIOUS_ONLY,NSE_9E3BB2CB962F,CHOLAHLDNG
2015-03-31,2015-05-29,PREVIOUS_ONLY,NSE_A508378B12ED,CAPLIPOINT
2015-03-31,2015-05-29,PREVIOUS_ONLY,NSE_A5EA8EAC7050,APLAPOLLO
2015-03-31,2015-05-29,PREVIOUS_ONLY,NSE_A787B7252904,POLARIS
2015-03-31,2015-05-29,PREVIOUS_ONLY,NSE_A7A22C73AF33,JETAIRWAYS
2015-03-31,2015-05-29,PREVIOUS_ONLY,NSE_AB2CD07E1D43,SITINET
2015-03-31,2015-05-29,PREVIOUS_ONLY,NSE_AD4461AE56EF,TVSSRICHAK
2015-03-31,2015-05-29,PREVIOUS_ONLY,NSE_AE697C87E3F3,SHARDACROP
2015-03-31,2015-05-29,PREVIOUS_ONLY,NSE_B04856B88EED,CROMPTON
2015-03-31,2015-05-29,PREVIOUS_ONLY,NSE_B3968699E9E2,INTELLECT
2015-03-31,2015-05-29,PREVIOUS_ONLY,NSE_B7616A734F2C,TCI
2015-03-31,2015-05-29,PREVIOUS_ONLY,NSE_BFBEFE6B6DB3,MANAPPURAM
2015-03-31,2015-05-29,PREVIOUS_ONLY,NSE_C7F339E43E8B,CEATLTD
2015-03-31,2015-05-29,PREVIOUS_ONLY,NSE_CA42918156CA,INFIBEAM
2015-03-31,2015-05-29,PREVIOUS_ONLY,NSE_CE1B55B0FE79,DALBHARAT
2015-03-31,2015-05-29,PREVIOUS_ONLY,NSE_CE21025CD02D,VGUARD
2015-03-31,2015-05-29,PREVIOUS_ONLY,NSE_D0658C86F917,ZEELEARN
2015-03-31,2015-05-29,PREVIOUS_ONLY,NSE_D10A18C00D0B,MTNL
2015-03-31,2015-05-29,PREVIOUS_ONLY,NSE_D35374D82BA3,IDFCFIRSTB
2015-03-31,2015-05-29,PREVIOUS_ONLY,NSE_D376FF14ECD7,STCINDIA
2015-03-31,2015-05-29,PREVIOUS_ONLY,NSE_D40F53D9B283,360ONE
2015-03-31,2015-05-29,PREVIOUS_ONLY,NSE_D4F3ADAA19EE,MANPASAND
2015-03-31,2015-05-29,PREVIOUS_ONLY,NSE_D63E80751915,PCBL
2015-03-31,2015-05-29,PREVIOUS_ONLY,NSE_D67F47161F2D,SFCL
2015-03-31,2015-05-29,PREVIOUS_ONLY,NSE_D6EC0847F646,ABFRL
2015-03-31,2015-05-29,PREVIOUS_ONLY,NSE_D701BCB8CF79,RAMCOSYS
2015-03-31,2015-05-29,PREVIOUS_ONLY,NSE_DAE0D0015DDC,IGARASHI
2015-03-31,2015-05-29,PREVIOUS_ONLY,NSE_E26A501DCF72,JMTAUTOLTD
2015-03-31,2015-05-29,PREVIOUS_ONLY,NSE_E33BF28052EC,GREENPLY
2015-03-31,2015-05-29,PREVIOUS_ONLY,NSE_E7C0FAEE3336,NAVKARCORP
2015-03-31,2015-05-29,PREVIOUS_ONLY,NSE_EBB02BC0F381,COFFEEDAY
2015-03-31,2015-05-29,PREVIOUS_ONLY,NSE_F0FD06753A0C,PCJEWELLER
2015-03-31,2015-05-29,PREVIOUS_ONLY,NSE_F10F8CF228CE,HEIDELBERG
2015-03-31,2015-05-29,PREVIOUS_ONLY,NSE_F210221D2F17,HUHTAMAKI
2015-03-31,2015-05-29,PREVIOUS_ONLY,NSE_F2B25E44F3E5,SMLISUZU
2015-03-31,2015-05-29,PREVIOUS_ONLY,NSE_F2F6AF4ED925,NATCOPHARM
2015-03-31,2015-05-29,PREVIOUS_ONLY,NSE_F7B46E5369C2,SEQUENT
2015-03-31,2015-05-29,PREVIOUS_ONLY,NSE_FA96276A2517,SOMANYCERA
2015-03-31,2015-05-29,PREVIOUS_ONLY,NSE_FB65F4DE6E54,OCL
2015-03-31,2015-05-29,PREVIOUS_ONLY,NSE_FBA9C5E2CF53,BRFL
2015-03-31,2015-05-29,PREVIOUS_ONLY,NSE_FD6C3BA21716,NAVINFLUOR
2015-03-31,2015-05-29,PREVIOUS_UNMAPPED,,SHTV
2015-03-31,2015-05-29,PREVIOUS_UNMAPPED,,SGPC
2015-03-31,2015-05-29,PREVIOUS_UNMAPPED,,GMRAIRPORT
2015-03-31,2015-05-29,PREVIOUS_UNMAPPED,,EPIGRAL
2015-03-31,2015-05-29,PREVIOUS_UNMAPPED,,CIEINDIA
2015-03-31,2015-05-29,PREVIOUS_UNMAPPED,,LTF
2015-03-31,2015-05-29,PREVIOUS_UNMAPPED,,TMPV
2015-03-31,2015-05-29,PREVIOUS_UNMAPPED,,JSWDULUX
2015-03-31,2015-05-29,PREVIOUS_UNMAPPED,,UNITDSPR
2015-03-31,2015-05-29,PREVIOUS_UNMAPPED,,ABREL
2015-03-31,2015-05-29,PREVIOUS_UNMAPPED,,SWANCORP
2015-03-31,2015-05-29,PREVIOUS_UNMAPPED,,WELSPUNLIV
2015-03-31,2015-05-29,PREVIOUS_UNMAPPED,,ADANIENSOL
2015-03-31,2015-05-29,PREVIOUS_UNMAPPED,,ARE&M
2015-03-31,2015-05-29,PREVIOUS_UNMAPPED,,AEGISLOG
2015-03-31,2015-05-29,PREVIOUS_UNMAPPED,,KPIL
2015-03-31,2015-05-29,PREVIOUS_UNMAPPED,,GVT&D
2015-03-31,2015-05-29,PREVIOUS_UNMAPPED,,COHANCE
2015-03-31,2015-05-29,PREVIOUS_UNMAPPED,,HBLENGINE
2015-03-31,2015-05-29,PREVIOUS_UNMAPPED,,SAMMAANCAP
2015-05-29,2015-06-15,OFFICIAL_ONLY,NSE_0711207C900A,GITANJALI
2015-05-29,2015-06-15,OFFICIAL_ONLY,NSE_092A1C3253B4,TATAMOTORS
2015-05-29,2015-06-15,OFFICIAL_ONLY,NSE_0C8E43FADDB8,IVRCLINFRA
2015-05-29,2015-06-15,OFFICIAL_ONLY,NSE_0F72F66469D6,GRAPHITE
2015-05-29,2015-06-15,OFFICIAL_ONLY,NSE_15523813BD4A,NOIDATOLL
2015-05-29,2015-06-15,OFFICIAL_ONLY,NSE_1BF63B49C19E,TVTODAY
2015-05-29,2015-06-15,OFFICIAL_ONLY,NSE_1FE8B4643571,GEOJITFSL
2015-05-29,2015-06-15,OFFICIAL_ONLY,NSE_2216670637F8,WELSPUNIND
2015-05-29,2015-06-15,OFFICIAL_ONLY,NSE_22A49E238B39,GMRINFRA
2015-05-29,2015-06-15,OFFICIAL_ONLY,NSE_22FC8142A6A2,VIVIDHA
2015-05-29,2015-06-15,OFFICIAL_ONLY,NSE_2B12B6998928,RELCAPITAL
2015-05-29,2015-06-15,OFFICIAL_ONLY,NSE_2EF7833DA8D3,HEG
2015-05-29,2015-06-15,OFFICIAL_ONLY,NSE_3087CF0E8810,TDPOWERSYS
2015-05-29,2015-06-15,OFFICIAL_ONLY,NSE_329ABD1F5CCD,JSL
2015-05-29,2015-06-15,OFFICIAL_ONLY,NSE_3604A340ECD7,KSK
2015-05-29,2015-06-15,OFFICIAL_ONLY,NSE_3CC9204EE206,GEOMETRIC
2015-05-29,2015-06-15,OFFICIAL_ONLY,NSE_400E6C0FE473,PRAKASH
2015-05-29,2015-06-15,OFFICIAL_ONLY,NSE_403ED77BEF36,TREEHOUSE
2015-05-29,2015-06-15,OFFICIAL_ONLY,NSE_40F417DAB497,MBLINFRA
2015-05-29,2015-06-15,OFFICIAL_ONLY,NSE_4C7DD340FFE0,OPTOCIRCUI
2015-05-29,2015-06-15,OFFICIAL_ONLY,NSE_502982CDBAAD,ASAHIINDIA
2015-05-29,2015-06-15,OFFICIAL_ONLY,NSE_50647847C4A3,LGBBROSLTD
2015-05-29,2015-06-15,OFFICIAL_ONLY,NSE_55FFE606B7E2,RATNAMANI
2015-05-29,2015-06-15,OFFICIAL_ONLY,NSE_5602EE99E050,CENTENKA
2015-05-29,2015-06-15,OFFICIAL_ONLY,NSE_5813C47C6758,HEXAWARE
2015-05-29,2015-06-15,OFFICIAL_ONLY,NSE_5D0160460CD9,GHCL
2015-05-29,2015-06-15,OFFICIAL_ONLY,NSE_5E4BFA7651A2,AJRINFRA
2015-05-29,2015-06-15,OFFICIAL_ONLY,NSE_633BD53DAEC1,SBT
2015-05-29,2015-06-15,OFFICIAL_ONLY,NSE_63AB3F8FE7C5,MERCATOR
2015-05-29,2015-06-15,OFFICIAL_ONLY,NSE_6486648C9FB1,ESSDEE
2015-05-29,2015-06-15,OFFICIAL_ONLY,NSE_65DD43BDBE2D,CASTEXTECH
2015-05-29,2015-06-15,OFFICIAL_ONLY,NSE_675CFCEE5D02,GABRIEL
2015-05-29,2015-06-15,OFFICIAL_ONLY,NSE_70031FDFB6EF,FLEXITUFF
2015-05-29,2015-06-15,OFFICIAL_ONLY,NSE_7336A438D402,ELECTCAST
2015-05-29,2015-06-15,OFFICIAL_ONLY,NSE_78493707FA85,ENIL
2015-05-29,2015-06-15,OFFICIAL_ONLY,NSE_7A24E610012A,SWARAJENG
2015-05-29,2015-06-15,OFFICIAL_ONLY,NSE_7BD208D47A49,MCDOWELL-N
2015-05-29,2015-06-15,OFFICIAL_ONLY,NSE_7E6BEA8882F4,MUNJALSHOW
2015-05-29,2015-06-15,OFFICIAL_ONLY,NSE_7E9F9084BD7D,JUBLPHARMA
2015-05-29,2015-06-15,OFFICIAL_ONLY,NSE_7F8B1EBDE62B,PATELENG
2015-05-29,2015-06-15,OFFICIAL_ONLY,NSE_81E6A1C5A552,VESUVIUS
2015-05-29,2015-06-15,OFFICIAL_ONLY,NSE_83E296865792,ATFL
2015-05-29,2015-06-15,OFFICIAL_ONLY,NSE_851A827BCF83,NAVNETEDUL
2015-05-29,2015-06-15,OFFICIAL_ONLY,NSE_8B1A9BBDE5E6,PRSMJOHNSN
2015-05-29,2015-06-15,OFFICIAL_ONLY,NSE_8BBC0680BDBA,NAVA
2015-05-29,2015-06-15,OFFICIAL_ONLY,NSE_8E2A665067A2,PENINLAND
2015-05-29,2015-06-15,OFFICIAL_ONLY,NSE_94DBF4CE7AC2,MTEDUCARE
2015-05-29,2015-06-15,OFFICIAL_ONLY,NSE_96586AD2DEEB,TBZ
2015-05-29,2015-06-15,OFFICIAL_ONLY,NSE_978A4180C4F3,SUPREMEINF
2015-05-29,2015-06-15,OFFICIAL_ONLY,NSE_9A67203EFED3,USHAMART
2015-05-29,2015-06-15,OFFICIAL_ONLY,NSE_9AE82A200CBD,NIITLTD
2015-05-29,2015-06-15,OFFICIAL_ONLY,NSE_9B813D17D74B,SHRENUJ
2015-05-29,2015-06-15,OFFICIAL_ONLY,NSE_9E4C0423BFF8,GUJALKALI
2015-05-29,2015-06-15,OFFICIAL_ONLY,NSE_9E788BED7AEF,KALPATPOWR
2015-05-29,2015-06-15,OFFICIAL_ONLY,NSE_9F5985EF710B,GTLINFRA
2015-05-29,2015-06-15,OFFICIAL_ONLY,NSE_A1950E96A064,PURVA
2015-05-29,2015-06-15,OFFICIAL_ONLY,NSE_A21D36A1385B,PENIND
2015-05-29,2015-06-15,OFFICIAL_ONLY,NSE_AA00EC8A4A3D,SUPPETRO
2015-05-29,2015-06-15,OFFICIAL_ONLY,NSE_AE25FA292E6D,KNRCON
2015-05-29,2015-06-15,OFFICIAL_ONLY,NSE_AE2862139B09,WHEELS
2015-05-29,2015-06-15,OFFICIAL_ONLY,NSE_B02D9BEB0D0A,NOCIL
2015-05-29,2015-06-15,OFFICIAL_ONLY,NSE_B0F020774F39,DHANI
2015-05-29,2015-06-15,OFFICIAL_ONLY,NSE_B3E526664FC0,AMARAJABAT
2015-05-29,2015-06-15,OFFICIAL_ONLY,NSE_B46CD836B94A,AUTOAXLES
2015-05-29,2015-06-15,OFFICIAL_ONLY,NSE_B88435B10855,ELGIEQUIP
2015-05-29,2015-06-15,OFFICIAL_ONLY,NSE_B8C8A459A862,DHANBANK
2015-05-29,2015-06-15,OFFICIAL_ONLY,NSE_BAF1627773E0,VIDEOIND
2015-05-29,2015-06-15,OFFICIAL_ONLY,NSE_BB7D75A98B81,NDTV
2015-05-29,2015-06-15,OFFICIAL_ONLY,NSE_BBC622D344B2,VAIBHAVGBL
2015-05-29,2015-06-15,OFFICIAL_ONLY,NSE_BE6B81B4D2AE,UTTAMSTL
2015-05-29,2015-06-15,OFFICIAL_ONLY,NSE_BE847AB99029,JYOTISTRUC
2015-05-29,2015-06-15,OFFICIAL_ONLY,NSE_C0628B35007C,ESABINDIA
2015-05-29,2015-06-15,OFFICIAL_ONLY,NSE_C23A48F8DAF4,SBBJ
2015-05-29,2015-06-15,OFFICIAL_ONLY,NSE_C43FB1E82A75,63MOONS
2015-05-29,2015-06-15,OFFICIAL_ONLY,NSE_C4988FC46272,CAIRN
2015-05-29,2015-06-15,OFFICIAL_ONLY,NSE_C558FE982959,HEUBACHIND
2015-05-29,2015-06-15,OFFICIAL_ONLY,NSE_C9730FDF32DB,ABGSHIP
2015-05-29,2015-06-15,OFFICIAL_ONLY,NSE_CC1A452E363C,TATAINVEST
2015-05-29,2015-06-15,OFFICIAL_ONLY,NSE_D00C1130DAE7,JTEKTINDIA
2015-05-29,2015-06-15,OFFICIAL_ONLY,NSE_D1A2AB285CE4,GULFOILLUB
2015-05-29,2015-06-15,OFFICIAL_ONLY,NSE_D3148EEB7BF0,IBULHSGFIN
2015-05-29,2015-06-15,OFFICIAL_ONLY,NSE_D3F406024851,GIPCL
2015-05-29,2015-06-15,OFFICIAL_ONLY,NSE_D448CCCD5389,GNFC
2015-05-29,2015-06-15,OFFICIAL_ONLY,NSE_D45E2178880F,MAHSEAMLES
2015-05-29,2015-06-15,OFFICIAL_ONLY,NSE_D57CF4D8191A,PAISALO
2015-05-29,2015-06-15,OFFICIAL_ONLY,NSE_E102D7DE4C2C,GRUH
2015-05-29,2015-06-15,OFFICIAL_ONLY,NSE_E2CB5EC37279,PARSVNATH
2015-05-29,2015-06-15,OFFICIAL_ONLY,NSE_E5B9AB42956F,BINDALAGRO
2015-05-29,2015-06-15,OFFICIAL_ONLY,NSE_E6BC41F4E8C3,KKCL
2015-05-29,2015-06-15,OFFICIAL_ONLY,NSE_E9019530042D,SHANTIGEAR
2015-05-29,2015-06-15,OFFICIAL_ONLY,NSE_E9CD94ECB13B,MAHSCOOTER
2015-05-29,2015-06-15,OFFICIAL_ONLY,NSE_EBAC40911065,KCP
2015-05-29,2015-06-15,OFFICIAL_ONLY,NSE_EEAD76022193,HERITGFOOD
2015-05-29,2015-06-15,OFFICIAL_ONLY,NSE_EFD7B6E7FD96,FMGOETZE
2015-05-29,2015-06-15,OFFICIAL_ONLY,NSE_F111BB4114FB,FCONSUMER
2015-05-29,2015-06-15,OFFICIAL_ONLY,NSE_F5B77D59A62C,L&TFH
2015-05-29,2015-06-15,OFFICIAL_ONLY,NSE_F7FF721279AE,PVR
2015-05-29,2015-06-15,OFFICIAL_ONLY,NSE_FE37750EBD83,ABB
2015-05-29,2015-06-15,OFFICIAL_ONLY,NSE_FED8B098DEA5,GSKCONS
2015-05-29,2015-06-15,OFFICIAL_ONLY,NSE_FF6FC74E85C1,MINDTREE
2015-05-29,2015-06-15,PREVIOUS_ONLY,NSE_015D3C811935,SNOWMAN
2015-05-29,2015-06-15,PREVIOUS_ONLY,NSE_08FB9B51264C,KWALITY
2015-05-29,2015-06-15,PREVIOUS_ONLY,NSE_0A208E331D8C,MAHINDCIE
2015-05-29,2015-06-15,PREVIOUS_ONLY,NSE_0CDA14210E4D,DISHTV
2015-05-29,2015-06-15,PREVIOUS_ONLY,NSE_148E052CEC64,GRANULES
2015-05-29,2015-06-15,PREVIOUS_ONLY,NSE_15269CF9ABBD,TAKE
2015-05-29,2015-06-15,PREVIOUS_ONLY,NSE_1671B749B56F,IDFC
2015-05-29,2015-06-15,PREVIOUS_ONLY,NSE_1957FAB1366F,INDOCO
2015-05-29,2015-06-15,PREVIOUS_ONLY,NSE_1BB2D50D7572,EQUITAS
2015-05-29,2015-06-15,PREVIOUS_ONLY,NSE_232F7BA109E4,ANGELONE
2015-05-29,2015-06-15,PREVIOUS_ONLY,NSE_3B598B9F02C0,SUPRAJIT
2015-05-29,2015-06-15,PREVIOUS_ONLY,NSE_3CD1CF512D16,AHLUCONT
2015-05-29,2015-06-15,PREVIOUS_ONLY,NSE_3E5680388E4E,JINDALPOLY
2015-05-29,2015-06-15,PREVIOUS_ONLY,NSE_40AA7F3995D1,INDIGO
2015-05-29,2015-06-15,PREVIOUS_ONLY,NSE_41D6658A86E3,ICIL
2015-05-29,2015-06-15,PREVIOUS_ONLY,NSE_42CD50DCCBD6,ADANIENT
2015-05-29,2015-06-15,PREVIOUS_ONLY,NSE_42FEBF5D9ADF,CERA
2015-05-29,2015-06-15,PREVIOUS_ONLY,NSE_469926D3FD6A,TIMKEN
2015-05-29,2015-06-15,PREVIOUS_ONLY,NSE_46A3EC428CE2,GUJGASLTD
2015-05-29,2015-06-15,PREVIOUS_ONLY,NSE_4B53EB5E333F,SYNGENE
2015-05-29,2015-06-15,PREVIOUS_ONLY,NSE_4C12111E25F6,WONDERLA
2015-05-29,2015-06-15,PREVIOUS_ONLY,NSE_4CD9919938EF,CCL
2015-05-29,2015-06-15,PREVIOUS_ONLY,NSE_5405849154DD,GRINDWELL
2015-05-29,2015-06-15,PREVIOUS_ONLY,NSE_62370E1BA80E,RHIM
2015-05-29,2015-06-15,PREVIOUS_ONLY,NSE_62907813BC36,TIDEWATER
2015-05-29,2015-06-15,PREVIOUS_ONLY,NSE_63EB9280D90F,TEXRAIL
2015-05-29,2015-06-15,PREVIOUS_ONLY,NSE_659E411DCE22,NH
2015-05-29,2015-06-15,PREVIOUS_ONLY,NSE_66EF9E74F5E3,SHILPAMED
2015-05-29,2015-06-15,PREVIOUS_ONLY,NSE_68E3F7F5879F,IPAPPM
2015-05-29,2015-06-15,PREVIOUS_ONLY,NSE_69D8A25A8131,ALKEM
2015-05-29,2015-06-15,PREVIOUS_ONLY,NSE_6C4CBD6F12EE,RELAXO
2015-05-29,2015-06-15,PREVIOUS_ONLY,NSE_6E0CB7353991,LALPATHLAB
2015-05-29,2015-06-15,PREVIOUS_ONLY,NSE_7127DE38999E,SJVN
2015-05-29,2015-06-15,PREVIOUS_ONLY,NSE_740B7EE9CB08,SOLARINDS
2015-05-29,2015-06-15,PREVIOUS_ONLY,NSE_75A1EC6089B7,NILKAMAL
2015-05-29,2015-06-15,PREVIOUS_ONLY,NSE_7D44EE89941C,BLISSGVS
2015-05-29,2015-06-15,PREVIOUS_ONLY,NSE_85A771F24921,JCHAC
2015-05-29,2015-06-15,PREVIOUS_ONLY,NSE_8D41A8008DA2,RKFORGE
2015-05-29,2015-06-15,PREVIOUS_ONLY,NSE_914B18D01343,HMVL
2015-05-29,2015-06-15,PREVIOUS_ONLY,NSE_985104D9ABBA,AVANTIFEED
2015-05-29,2015-06-15,PREVIOUS_ONLY,NSE_9891A0739E64,DHANUKA
2015-05-29,2015-06-15,PREVIOUS_ONLY,NSE_9CD0408E0E4C,TRITURBINE
2015-05-29,2015-06-15,PREVIOUS_ONLY,NSE_9E3BB2CB962F,CHOLAHLDNG
2015-05-29,2015-06-15,PREVIOUS_ONLY,NSE_A508378B12ED,CAPLIPOINT
2015-05-29,2015-06-15,PREVIOUS_ONLY,NSE_A5EA8EAC7050,APLAPOLLO
2015-05-29,2015-06-15,PREVIOUS_ONLY,NSE_A787B7252904,POLARIS
2015-05-29,2015-06-15,PREVIOUS_ONLY,NSE_A7A22C73AF33,JETAIRWAYS
2015-05-29,2015-06-15,PREVIOUS_ONLY,NSE_AB2CD07E1D43,SITINET
2015-05-29,2015-06-15,PREVIOUS_ONLY,NSE_AD4461AE56EF,TVSSRICHAK
2015-05-29,2015-06-15,PREVIOUS_ONLY,NSE_AE697C87E3F3,SHARDACROP
2015-05-29,2015-06-15,PREVIOUS_ONLY,NSE_B04856B88EED,CROMPTON
2015-05-29,2015-06-15,PREVIOUS_ONLY,NSE_B3968699E9E2,INTELLECT
2015-05-29,2015-06-15,PREVIOUS_ONLY,NSE_B7616A734F2C,TCI
2015-05-29,2015-06-15,PREVIOUS_ONLY,NSE_BFBEFE6B6DB3,MANAPPURAM
2015-05-29,2015-06-15,PREVIOUS_ONLY,NSE_C7F339E43E8B,CEATLTD
2015-05-29,2015-06-15,PREVIOUS_ONLY,NSE_CA42918156CA,INFIBEAM
2015-05-29,2015-06-15,PREVIOUS_ONLY,NSE_CE1B55B0FE79,DALBHARAT
2015-05-29,2015-06-15,PREVIOUS_ONLY,NSE_CE21025CD02D,VGUARD
2015-05-29,2015-06-15,PREVIOUS_ONLY,NSE_D0658C86F917,ZEELEARN
2015-05-29,2015-06-15,PREVIOUS_ONLY,NSE_D10A18C00D0B,MTNL
2015-05-29,2015-06-15,PREVIOUS_ONLY,NSE_D35374D82BA3,IDFCFIRSTB
2015-05-29,2015-06-15,PREVIOUS_ONLY,NSE_D376FF14ECD7,STCINDIA
2015-05-29,2015-06-15,PREVIOUS_ONLY,NSE_D40F53D9B283,360ONE
2015-05-29,2015-06-15,PREVIOUS_ONLY,NSE_D4F3ADAA19EE,MANPASAND
2015-05-29,2015-06-15,PREVIOUS_ONLY,NSE_D63E80751915,PCBL
2015-05-29,2015-06-15,PREVIOUS_ONLY,NSE_D67F47161F2D,SFCL
2015-05-29,2015-06-15,PREVIOUS_ONLY,NSE_D6EC0847F646,ABFRL
2015-05-29,2015-06-15,PREVIOUS_ONLY,NSE_D701BCB8CF79,RAMCOSYS
2015-05-29,2015-06-15,PREVIOUS_ONLY,NSE_DAE0D0015DDC,IGARASHI
2015-05-29,2015-06-15,PREVIOUS_ONLY,NSE_E26A501DCF72,JMTAUTOLTD
2015-05-29,2015-06-15,PREVIOUS_ONLY,NSE_E33BF28052EC,GREENPLY
2015-05-29,2015-06-15,PREVIOUS_ONLY,NSE_E7C0FAEE3336,NAVKARCORP
2015-05-29,2015-06-15,PREVIOUS_ONLY,NSE_EBB02BC0F381,COFFEEDAY
2015-05-29,2015-06-15,PREVIOUS_ONLY,NSE_F0FD06753A0C,PCJEWELLER
2015-05-29,2015-06-15,PREVIOUS_ONLY,NSE_F10F8CF228CE,HEIDELBERG
2015-05-29,2015-06-15,PREVIOUS_ONLY,NSE_F210221D2F17,HUHTAMAKI
2015-05-29,2015-06-15,PREVIOUS_ONLY,NSE_F2B25E44F3E5,SMLISUZU
2015-05-29,2015-06-15,PREVIOUS_ONLY,NSE_F7B46E5369C2,SEQUENT
2015-05-29,2015-06-15,PREVIOUS_ONLY,NSE_FA96276A2517,SOMANYCERA
2015-05-29,2015-06-15,PREVIOUS_ONLY,NSE_FB65F4DE6E54,OCL
2015-05-29,2015-06-15,PREVIOUS_ONLY,NSE_FBA9C5E2CF53,BRFL
2015-05-29,2015-06-15,PREVIOUS_ONLY,NSE_FD6C3BA21716,NAVINFLUOR
2015-05-29,2015-06-15,PREVIOUS_UNMAPPED,,SHTV
2015-05-29,2015-06-15,PREVIOUS_UNMAPPED,,SGPC
2015-05-29,2015-06-15,PREVIOUS_UNMAPPED,,GMRAIRPORT
2015-05-29,2015-06-15,PREVIOUS_UNMAPPED,,EPIGRAL
2015-05-29,2015-06-15,PREVIOUS_UNMAPPED,,CIEINDIA
2015-05-29,2015-06-15,PREVIOUS_UNMAPPED,,LTF
2015-05-29,2015-06-15,PREVIOUS_UNMAPPED,,TMPV
2015-05-29,2015-06-15,PREVIOUS_UNMAPPED,,JSWDULUX
2015-05-29,2015-06-15,PREVIOUS_UNMAPPED,,UNITDSPR
2015-05-29,2015-06-15,PREVIOUS_UNMAPPED,,ABREL
2015-05-29,2015-06-15,PREVIOUS_UNMAPPED,,SWANCORP
2015-05-29,2015-06-15,PREVIOUS_UNMAPPED,,WELSPUNLIV
2015-05-29,2015-06-15,PREVIOUS_UNMAPPED,,ADANIENSOL
2015-05-29,2015-06-15,PREVIOUS_UNMAPPED,,ARE&M
2015-05-29,2015-06-15,PREVIOUS_UNMAPPED,,AEGISLOG
2015-05-29,2015-06-15,PREVIOUS_UNMAPPED,,KPIL
2015-05-29,2015-06-15,PREVIOUS_UNMAPPED,,GVT&D
2015-05-29,2015-06-15,PREVIOUS_UNMAPPED,,COHANCE
2015-05-29,2015-06-15,PREVIOUS_UNMAPPED,,HBLENGINE
2015-05-29,2015-06-15,PREVIOUS_UNMAPPED,,SAMMAANCAP
2015-06-15,2015-09-28,OFFICIAL_ONLY,NSE_0711207C900A,GITANJALI
2015-06-15,2015-09-28,OFFICIAL_ONLY,NSE_092A1C3253B4,TATAMOTORS
2015-06-15,2015-09-28,OFFICIAL_ONLY,NSE_0C8E43FADDB8,IVRCLINFRA
2015-06-15,2015-09-28,OFFICIAL_ONLY,NSE_0F72F66469D6,GRAPHITE
2015-06-15,2015-09-28,OFFICIAL_ONLY,NSE_15523813BD4A,NOIDATOLL
2015-06-15,2015-09-28,OFFICIAL_ONLY,NSE_1BF63B49C19E,TVTODAY
2015-06-15,2015-09-28,OFFICIAL_ONLY,NSE_1FE8B4643571,GEOJITFSL
2015-06-15,2015-09-28,OFFICIAL_ONLY,NSE_2216670637F8,WELSPUNIND
2015-06-15,2015-09-28,OFFICIAL_ONLY,NSE_22A49E238B39,GMRINFRA
2015-06-15,2015-09-28,OFFICIAL_ONLY,NSE_22FC8142A6A2,VIVIDHA
2015-06-15,2015-09-28,OFFICIAL_ONLY,NSE_2B12B6998928,RELCAPITAL
2015-06-15,2015-09-28,OFFICIAL_ONLY,NSE_2EF7833DA8D3,HEG
2015-06-15,2015-09-28,OFFICIAL_ONLY,NSE_3087CF0E8810,TDPOWERSYS
2015-06-15,2015-09-28,OFFICIAL_ONLY,NSE_3604A340ECD7,KSK
2015-06-15,2015-09-28,OFFICIAL_ONLY,NSE_3CC9204EE206,GEOMETRIC
2015-06-15,2015-09-28,OFFICIAL_ONLY,NSE_400E6C0FE473,PRAKASH
2015-06-15,2015-09-28,OFFICIAL_ONLY,NSE_403ED77BEF36,TREEHOUSE
2015-06-15,2015-09-28,OFFICIAL_ONLY,NSE_40F417DAB497,MBLINFRA
2015-06-15,2015-09-28,OFFICIAL_ONLY,NSE_4C7DD340FFE0,OPTOCIRCUI
2015-06-15,2015-09-28,OFFICIAL_ONLY,NSE_502982CDBAAD,ASAHIINDIA
2015-06-15,2015-09-28,OFFICIAL_ONLY,NSE_50647847C4A3,LGBBROSLTD
2015-06-15,2015-09-28,OFFICIAL_ONLY,NSE_55FFE606B7E2,RATNAMANI
2015-06-15,2015-09-28,OFFICIAL_ONLY,NSE_5602EE99E050,CENTENKA
2015-06-15,2015-09-28,OFFICIAL_ONLY,NSE_5813C47C6758,HEXAWARE
2015-06-15,2015-09-28,OFFICIAL_ONLY,NSE_5D0160460CD9,GHCL
2015-06-15,2015-09-28,OFFICIAL_ONLY,NSE_5E4BFA7651A2,AJRINFRA
2015-06-15,2015-09-28,OFFICIAL_ONLY,NSE_633BD53DAEC1,SBT
2015-06-15,2015-09-28,OFFICIAL_ONLY,NSE_63AB3F8FE7C5,MERCATOR
2015-06-15,2015-09-28,OFFICIAL_ONLY,NSE_6486648C9FB1,ESSDEE
2015-06-15,2015-09-28,OFFICIAL_ONLY,NSE_65DD43BDBE2D,CASTEXTECH
2015-06-15,2015-09-28,OFFICIAL_ONLY,NSE_675CFCEE5D02,GABRIEL
2015-06-15,2015-09-28,OFFICIAL_ONLY,NSE_70031FDFB6EF,FLEXITUFF
2015-06-15,2015-09-28,OFFICIAL_ONLY,NSE_7336A438D402,ELECTCAST
2015-06-15,2015-09-28,OFFICIAL_ONLY,NSE_78493707FA85,ENIL
2015-06-15,2015-09-28,OFFICIAL_ONLY,NSE_7A24E610012A,SWARAJENG
2015-06-15,2015-09-28,OFFICIAL_ONLY,NSE_7BD208D47A49,MCDOWELL-N
2015-06-15,2015-09-28,OFFICIAL_ONLY,NSE_7E6BEA8882F4,MUNJALSHOW
2015-06-15,2015-09-28,OFFICIAL_ONLY,NSE_7E9F9084BD7D,JUBLPHARMA
2015-06-15,2015-09-28,OFFICIAL_ONLY,NSE_7F8B1EBDE62B,PATELENG
2015-06-15,2015-09-28,OFFICIAL_ONLY,NSE_81E6A1C5A552,VESUVIUS
2015-06-15,2015-09-28,OFFICIAL_ONLY,NSE_83E296865792,ATFL
2015-06-15,2015-09-28,OFFICIAL_ONLY,NSE_851A827BCF83,NAVNETEDUL
2015-06-15,2015-09-28,OFFICIAL_ONLY,NSE_8B1A9BBDE5E6,PRSMJOHNSN
2015-06-15,2015-09-28,OFFICIAL_ONLY,NSE_8BBC0680BDBA,NAVA
2015-06-15,2015-09-28,OFFICIAL_ONLY,NSE_8E2A665067A2,PENINLAND
2015-06-15,2015-09-28,OFFICIAL_ONLY,NSE_94DBF4CE7AC2,MTEDUCARE
2015-06-15,2015-09-28,OFFICIAL_ONLY,NSE_96586AD2DEEB,TBZ
2015-06-15,2015-09-28,OFFICIAL_ONLY,NSE_978A4180C4F3,SUPREMEINF
2015-06-15,2015-09-28,OFFICIAL_ONLY,NSE_9A67203EFED3,USHAMART
2015-06-15,2015-09-28,OFFICIAL_ONLY,NSE_9AE82A200CBD,NIITLTD
2015-06-15,2015-09-28,OFFICIAL_ONLY,NSE_9B813D17D74B,SHRENUJ
2015-06-15,2015-09-28,OFFICIAL_ONLY,NSE_9E4C0423BFF8,GUJALKALI
2015-06-15,2015-09-28,OFFICIAL_ONLY,NSE_9E788BED7AEF,KALPATPOWR
2015-06-15,2015-09-28,OFFICIAL_ONLY,NSE_9F5985EF710B,GTLINFRA
2015-06-15,2015-09-28,OFFICIAL_ONLY,NSE_A1950E96A064,PURVA
2015-06-15,2015-09-28,OFFICIAL_ONLY,NSE_A21D36A1385B,PENIND
2015-06-15,2015-09-28,OFFICIAL_ONLY,NSE_AA00EC8A4A3D,SUPPETRO
2015-06-15,2015-09-28,OFFICIAL_ONLY,NSE_AE25FA292E6D,KNRCON
2015-06-15,2015-09-28,OFFICIAL_ONLY,NSE_AE2862139B09,WHEELS
2015-06-15,2015-09-28,OFFICIAL_ONLY,NSE_B02D9BEB0D0A,NOCIL
2015-06-15,2015-09-28,OFFICIAL_ONLY,NSE_B0F020774F39,DHANI
2015-06-15,2015-09-28,OFFICIAL_ONLY,NSE_B3E526664FC0,AMARAJABAT
2015-06-15,2015-09-28,OFFICIAL_ONLY,NSE_B46CD836B94A,AUTOAXLES
2015-06-15,2015-09-28,OFFICIAL_ONLY,NSE_B88435B10855,ELGIEQUIP
2015-06-15,2015-09-28,OFFICIAL_ONLY,NSE_B8C8A459A862,DHANBANK
2015-06-15,2015-09-28,OFFICIAL_ONLY,NSE_BAF1627773E0,VIDEOIND
2015-06-15,2015-09-28,OFFICIAL_ONLY,NSE_BB7D75A98B81,NDTV
2015-06-15,2015-09-28,OFFICIAL_ONLY,NSE_BBC622D344B2,VAIBHAVGBL
2015-06-15,2015-09-28,OFFICIAL_ONLY,NSE_BE6B81B4D2AE,UTTAMSTL
2015-06-15,2015-09-28,OFFICIAL_ONLY,NSE_BE847AB99029,JYOTISTRUC
2015-06-15,2015-09-28,OFFICIAL_ONLY,NSE_C0628B35007C,ESABINDIA
2015-06-15,2015-09-28,OFFICIAL_ONLY,NSE_C23A48F8DAF4,SBBJ
2015-06-15,2015-09-28,OFFICIAL_ONLY,NSE_C43FB1E82A75,63MOONS
2015-06-15,2015-09-28,OFFICIAL_ONLY,NSE_C4988FC46272,CAIRN
2015-06-15,2015-09-28,OFFICIAL_ONLY,NSE_C558FE982959,HEUBACHIND
2015-06-15,2015-09-28,OFFICIAL_ONLY,NSE_C9730FDF32DB,ABGSHIP
2015-06-15,2015-09-28,OFFICIAL_ONLY,NSE_CC1A452E363C,TATAINVEST
2015-06-15,2015-09-28,OFFICIAL_ONLY,NSE_D00C1130DAE7,JTEKTINDIA
2015-06-15,2015-09-28,OFFICIAL_ONLY,NSE_D1A2AB285CE4,GULFOILLUB
2015-06-15,2015-09-28,OFFICIAL_ONLY,NSE_D3148EEB7BF0,IBULHSGFIN
2015-06-15,2015-09-28,OFFICIAL_ONLY,NSE_D3F406024851,GIPCL
2015-06-15,2015-09-28,OFFICIAL_ONLY,NSE_D448CCCD5389,GNFC
2015-06-15,2015-09-28,OFFICIAL_ONLY,NSE_D45E2178880F,MAHSEAMLES
2015-06-15,2015-09-28,OFFICIAL_ONLY,NSE_D57CF4D8191A,PAISALO
2015-06-15,2015-09-28,OFFICIAL_ONLY,NSE_E102D7DE4C2C,GRUH
2015-06-15,2015-09-28,OFFICIAL_ONLY,NSE_E2CB5EC37279,PARSVNATH
2015-06-15,2015-09-28,OFFICIAL_ONLY,NSE_E5B9AB42956F,BINDALAGRO
2015-06-15,2015-09-28,OFFICIAL_ONLY,NSE_E6BC41F4E8C3,KKCL
2015-06-15,2015-09-28,OFFICIAL_ONLY,NSE_E9019530042D,SHANTIGEAR
2015-06-15,2015-09-28,OFFICIAL_ONLY,NSE_E9CD94ECB13B,MAHSCOOTER
2015-06-15,2015-09-28,OFFICIAL_ONLY,NSE_EBAC40911065,KCP
2015-06-15,2015-09-28,OFFICIAL_ONLY,NSE_EEAD76022193,HERITGFOOD
2015-06-15,2015-09-28,OFFICIAL_ONLY,NSE_EFD7B6E7FD96,FMGOETZE
2015-06-15,2015-09-28,OFFICIAL_ONLY,NSE_F111BB4114FB,FCONSUMER
2015-06-15,2015-09-28,OFFICIAL_ONLY,NSE_F5B77D59A62C,L&TFH
2015-06-15,2015-09-28,OFFICIAL_ONLY,NSE_F7FF721279AE,PVR
2015-06-15,2015-09-28,OFFICIAL_ONLY,NSE_FE37750EBD83,ABB
2015-06-15,2015-09-28,OFFICIAL_ONLY,NSE_FED8B098DEA5,GSKCONS
2015-06-15,2015-09-28,OFFICIAL_ONLY,NSE_FF6FC74E85C1,MINDTREE
2015-06-15,2015-09-28,PREVIOUS_ONLY,NSE_015D3C811935,SNOWMAN
2015-06-15,2015-09-28,PREVIOUS_ONLY,NSE_08FB9B51264C,KWALITY
2015-06-15,2015-09-28,PREVIOUS_ONLY,NSE_0A208E331D8C,MAHINDCIE
2015-06-15,2015-09-28,PREVIOUS_ONLY,NSE_0CDA14210E4D,DISHTV
2015-06-15,2015-09-28,PREVIOUS_ONLY,NSE_148E052CEC64,GRANULES
2015-06-15,2015-09-28,PREVIOUS_ONLY,NSE_15269CF9ABBD,TAKE
2015-06-15,2015-09-28,PREVIOUS_ONLY,NSE_1671B749B56F,IDFC
2015-06-15,2015-09-28,PREVIOUS_ONLY,NSE_1957FAB1366F,INDOCO
2015-06-15,2015-09-28,PREVIOUS_ONLY,NSE_1BB2D50D7572,EQUITAS
2015-06-15,2015-09-28,PREVIOUS_ONLY,NSE_232F7BA109E4,ANGELONE
2015-06-15,2015-09-28,PREVIOUS_ONLY,NSE_3B598B9F02C0,SUPRAJIT
2015-06-15,2015-09-28,PREVIOUS_ONLY,NSE_3CD1CF512D16,AHLUCONT
2015-06-15,2015-09-28,PREVIOUS_ONLY,NSE_3E5680388E4E,JINDALPOLY
2015-06-15,2015-09-28,PREVIOUS_ONLY,NSE_40AA7F3995D1,INDIGO
2015-06-15,2015-09-28,PREVIOUS_ONLY,NSE_41D6658A86E3,ICIL
2015-06-15,2015-09-28,PREVIOUS_ONLY,NSE_42CD50DCCBD6,ADANIENT
2015-06-15,2015-09-28,PREVIOUS_ONLY,NSE_42FEBF5D9ADF,CERA
2015-06-15,2015-09-28,PREVIOUS_ONLY,NSE_469926D3FD6A,TIMKEN
2015-06-15,2015-09-28,PREVIOUS_ONLY,NSE_46A3EC428CE2,GUJGASLTD
2015-06-15,2015-09-28,PREVIOUS_ONLY,NSE_4B53EB5E333F,SYNGENE
2015-06-15,2015-09-28,PREVIOUS_ONLY,NSE_4C12111E25F6,WONDERLA
2015-06-15,2015-09-28,PREVIOUS_ONLY,NSE_4CD9919938EF,CCL
2015-06-15,2015-09-28,PREVIOUS_ONLY,NSE_5405849154DD,GRINDWELL
2015-06-15,2015-09-28,PREVIOUS_ONLY,NSE_62370E1BA80E,RHIM
2015-06-15,2015-09-28,PREVIOUS_ONLY,NSE_62907813BC36,TIDEWATER
2015-06-15,2015-09-28,PREVIOUS_ONLY,NSE_63EB9280D90F,TEXRAIL
2015-06-15,2015-09-28,PREVIOUS_ONLY,NSE_659E411DCE22,NH
2015-06-15,2015-09-28,PREVIOUS_ONLY,NSE_66EF9E74F5E3,SHILPAMED
2015-06-15,2015-09-28,PREVIOUS_ONLY,NSE_68E3F7F5879F,IPAPPM
2015-06-15,2015-09-28,PREVIOUS_ONLY,NSE_69D8A25A8131,ALKEM
2015-06-15,2015-09-28,PREVIOUS_ONLY,NSE_6C4CBD6F12EE,RELAXO
2015-06-15,2015-09-28,PREVIOUS_ONLY,NSE_6E0CB7353991,LALPATHLAB
2015-06-15,2015-09-28,PREVIOUS_ONLY,NSE_7127DE38999E,SJVN
2015-06-15,2015-09-28,PREVIOUS_ONLY,NSE_740B7EE9CB08,SOLARINDS
2015-06-15,2015-09-28,PREVIOUS_ONLY,NSE_75A1EC6089B7,NILKAMAL
2015-06-15,2015-09-28,PREVIOUS_ONLY,NSE_7D44EE89941C,BLISSGVS
2015-06-15,2015-09-28,PREVIOUS_ONLY,NSE_85A771F24921,JCHAC
2015-06-15,2015-09-28,PREVIOUS_ONLY,NSE_8D41A8008DA2,RKFORGE
2015-06-15,2015-09-28,PREVIOUS_ONLY,NSE_914B18D01343,HMVL
2015-06-15,2015-09-28,PREVIOUS_ONLY,NSE_985104D9ABBA,AVANTIFEED
2015-06-15,2015-09-28,PREVIOUS_ONLY,NSE_9891A0739E64,DHANUKA
2015-06-15,2015-09-28,PREVIOUS_ONLY,NSE_9CD0408E0E4C,TRITURBINE
2015-06-15,2015-09-28,PREVIOUS_ONLY,NSE_9E3BB2CB962F,CHOLAHLDNG
2015-06-15,2015-09-28,PREVIOUS_ONLY,NSE_A508378B12ED,CAPLIPOINT
2015-06-15,2015-09-28,PREVIOUS_ONLY,NSE_A5EA8EAC7050,APLAPOLLO
2015-06-15,2015-09-28,PREVIOUS_ONLY,NSE_A787B7252904,POLARIS
2015-06-15,2015-09-28,PREVIOUS_ONLY,NSE_A7A22C73AF33,JETAIRWAYS
2015-06-15,2015-09-28,PREVIOUS_ONLY,NSE_AB2CD07E1D43,SITINET
2015-06-15,2015-09-28,PREVIOUS_ONLY,NSE_AD4461AE56EF,TVSSRICHAK
2015-06-15,2015-09-28,PREVIOUS_ONLY,NSE_AE697C87E3F3,SHARDACROP
2015-06-15,2015-09-28,PREVIOUS_ONLY,NSE_B04856B88EED,CROMPTON
2015-06-15,2015-09-28,PREVIOUS_ONLY,NSE_B3968699E9E2,INTELLECT
2015-06-15,2015-09-28,PREVIOUS_ONLY,NSE_B7616A734F2C,TCI
2015-06-15,2015-09-28,PREVIOUS_ONLY,NSE_BFBEFE6B6DB3,MANAPPURAM
2015-06-15,2015-09-28,PREVIOUS_ONLY,NSE_CA42918156CA,INFIBEAM
2015-06-15,2015-09-28,PREVIOUS_ONLY,NSE_CE1B55B0FE79,DALBHARAT
2015-06-15,2015-09-28,PREVIOUS_ONLY,NSE_CE21025CD02D,VGUARD
2015-06-15,2015-09-28,PREVIOUS_ONLY,NSE_D0658C86F917,ZEELEARN
2015-06-15,2015-09-28,PREVIOUS_ONLY,NSE_D10A18C00D0B,MTNL
2015-06-15,2015-09-28,PREVIOUS_ONLY,NSE_D35374D82BA3,IDFCFIRSTB
2015-06-15,2015-09-28,PREVIOUS_ONLY,NSE_D376FF14ECD7,STCINDIA
2015-06-15,2015-09-28,PREVIOUS_ONLY,NSE_D40F53D9B283,360ONE
2015-06-15,2015-09-28,PREVIOUS_ONLY,NSE_D4F3ADAA19EE,MANPASAND
2015-06-15,2015-09-28,PREVIOUS_ONLY,NSE_D63E80751915,PCBL
2015-06-15,2015-09-28,PREVIOUS_ONLY,NSE_D67F47161F2D,SFCL
2015-06-15,2015-09-28,PREVIOUS_ONLY,NSE_D6EC0847F646,ABFRL
2015-06-15,2015-09-28,PREVIOUS_ONLY,NSE_D701BCB8CF79,RAMCOSYS
2015-06-15,2015-09-28,PREVIOUS_ONLY,NSE_DAE0D0015DDC,IGARASHI
2015-06-15,2015-09-28,PREVIOUS_ONLY,NSE_E26A501DCF72,JMTAUTOLTD
2015-06-15,2015-09-28,PREVIOUS_ONLY,NSE_E33BF28052EC,GREENPLY
2015-06-15,2015-09-28,PREVIOUS_ONLY,NSE_E7C0FAEE3336,NAVKARCORP
2015-06-15,2015-09-28,PREVIOUS_ONLY,NSE_EBB02BC0F381,COFFEEDAY
2015-06-15,2015-09-28,PREVIOUS_ONLY,NSE_F0FD06753A0C,PCJEWELLER
2015-06-15,2015-09-28,PREVIOUS_ONLY,NSE_F10F8CF228CE,HEIDELBERG
2015-06-15,2015-09-28,PREVIOUS_ONLY,NSE_F210221D2F17,HUHTAMAKI
2015-06-15,2015-09-28,PREVIOUS_ONLY,NSE_F2B25E44F3E5,SMLISUZU
2015-06-15,2015-09-28,PREVIOUS_ONLY,NSE_F7B46E5369C2,SEQUENT
2015-06-15,2015-09-28,PREVIOUS_ONLY,NSE_FA96276A2517,SOMANYCERA
2015-06-15,2015-09-28,PREVIOUS_ONLY,NSE_FB65F4DE6E54,OCL
2015-06-15,2015-09-28,PREVIOUS_ONLY,NSE_FBA9C5E2CF53,BRFL
2015-06-15,2015-09-28,PREVIOUS_ONLY,NSE_FD6C3BA21716,NAVINFLUOR
2015-06-15,2015-09-28,PREVIOUS_UNMAPPED,,SHTV
2015-06-15,2015-09-28,PREVIOUS_UNMAPPED,,SGPC
2015-06-15,2015-09-28,PREVIOUS_UNMAPPED,,GMRAIRPORT
2015-06-15,2015-09-28,PREVIOUS_UNMAPPED,,EPIGRAL
2015-06-15,2015-09-28,PREVIOUS_UNMAPPED,,CIEINDIA
2015-06-15,2015-09-28,PREVIOUS_UNMAPPED,,LTF
2015-06-15,2015-09-28,PREVIOUS_UNMAPPED,,TMPV
2015-06-15,2015-09-28,PREVIOUS_UNMAPPED,,JSWDULUX
2015-06-15,2015-09-28,PREVIOUS_UNMAPPED,,UNITDSPR
2015-06-15,2015-09-28,PREVIOUS_UNMAPPED,,ABREL
2015-06-15,2015-09-28,PREVIOUS_UNMAPPED,,SWANCORP
2015-06-15,2015-09-28,PREVIOUS_UNMAPPED,,WELSPUNLIV
2015-06-15,2015-09-28,PREVIOUS_UNMAPPED,,ADANIENSOL
2015-06-15,2015-09-28,PREVIOUS_UNMAPPED,,ARE&M
2015-06-15,2015-09-28,PREVIOUS_UNMAPPED,,AEGISLOG
2015-06-15,2015-09-28,PREVIOUS_UNMAPPED,,KPIL
2015-06-15,2015-09-28,PREVIOUS_UNMAPPED,,GVT&D
2015-06-15,2015-09-28,PREVIOUS_UNMAPPED,,COHANCE
2015-06-15,2015-09-28,PREVIOUS_UNMAPPED,,HBLENGINE
2015-06-15,2015-09-28,PREVIOUS_UNMAPPED,,SAMMAANCAP
2015-09-28,2015-09-30,OFFICIAL_ONLY,NSE_0711207C900A,GITANJALI
2015-09-28,2015-09-30,OFFICIAL_ONLY,NSE_092A1C3253B4,TATAMOTORS
2015-09-28,2015-09-30,OFFICIAL_ONLY,NSE_0C8E43FADDB8,IVRCLINFRA
2015-09-28,2015-09-30,OFFICIAL_ONLY,NSE_0F72F66469D6,GRAPHITE
2015-09-28,2015-09-30,OFFICIAL_ONLY,NSE_15523813BD4A,NOIDATOLL
2015-09-28,2015-09-30,OFFICIAL_ONLY,NSE_1BF63B49C19E,TVTODAY
2015-09-28,2015-09-30,OFFICIAL_ONLY,NSE_1FE8B4643571,GEOJITFSL
2015-09-28,2015-09-30,OFFICIAL_ONLY,NSE_2216670637F8,WELSPUNIND
2015-09-28,2015-09-30,OFFICIAL_ONLY,NSE_22A49E238B39,GMRINFRA
2015-09-28,2015-09-30,OFFICIAL_ONLY,NSE_22FC8142A6A2,VIVIDHA
2015-09-28,2015-09-30,OFFICIAL_ONLY,NSE_2B12B6998928,RELCAPITAL
2015-09-28,2015-09-30,OFFICIAL_ONLY,NSE_2EF7833DA8D3,HEG
2015-09-28,2015-09-30,OFFICIAL_ONLY,NSE_3087CF0E8810,TDPOWERSYS
2015-09-28,2015-09-30,OFFICIAL_ONLY,NSE_3604A340ECD7,KSK
2015-09-28,2015-09-30,OFFICIAL_ONLY,NSE_3CC9204EE206,GEOMETRIC
2015-09-28,2015-09-30,OFFICIAL_ONLY,NSE_400E6C0FE473,PRAKASH
2015-09-28,2015-09-30,OFFICIAL_ONLY,NSE_403ED77BEF36,TREEHOUSE
2015-09-28,2015-09-30,OFFICIAL_ONLY,NSE_40F417DAB497,MBLINFRA
2015-09-28,2015-09-30,OFFICIAL_ONLY,NSE_4C7DD340FFE0,OPTOCIRCUI
2015-09-28,2015-09-30,OFFICIAL_ONLY,NSE_502982CDBAAD,ASAHIINDIA
2015-09-28,2015-09-30,OFFICIAL_ONLY,NSE_50647847C4A3,LGBBROSLTD
2015-09-28,2015-09-30,OFFICIAL_ONLY,NSE_55FFE606B7E2,RATNAMANI
2015-09-28,2015-09-30,OFFICIAL_ONLY,NSE_5602EE99E050,CENTENKA
2015-09-28,2015-09-30,OFFICIAL_ONLY,NSE_5813C47C6758,HEXAWARE
2015-09-28,2015-09-30,OFFICIAL_ONLY,NSE_5D0160460CD9,GHCL
2015-09-28,2015-09-30,OFFICIAL_ONLY,NSE_5E4BFA7651A2,AJRINFRA
2015-09-28,2015-09-30,OFFICIAL_ONLY,NSE_633BD53DAEC1,SBT
2015-09-28,2015-09-30,OFFICIAL_ONLY,NSE_63AB3F8FE7C5,MERCATOR
2015-09-28,2015-09-30,OFFICIAL_ONLY,NSE_6486648C9FB1,ESSDEE
2015-09-28,2015-09-30,OFFICIAL_ONLY,NSE_65DD43BDBE2D,CASTEXTECH
2015-09-28,2015-09-30,OFFICIAL_ONLY,NSE_675CFCEE5D02,GABRIEL
2015-09-28,2015-09-30,OFFICIAL_ONLY,NSE_70031FDFB6EF,FLEXITUFF
2015-09-28,2015-09-30,OFFICIAL_ONLY,NSE_7336A438D402,ELECTCAST
2015-09-28,2015-09-30,OFFICIAL_ONLY,NSE_78493707FA85,ENIL
2015-09-28,2015-09-30,OFFICIAL_ONLY,NSE_7A24E610012A,SWARAJENG
2015-09-28,2015-09-30,OFFICIAL_ONLY,NSE_7BD208D47A49,MCDOWELL-N
2015-09-28,2015-09-30,OFFICIAL_ONLY,NSE_7E6BEA8882F4,MUNJALSHOW
2015-09-28,2015-09-30,OFFICIAL_ONLY,NSE_7E9F9084BD7D,JUBLPHARMA
2015-09-28,2015-09-30,OFFICIAL_ONLY,NSE_7F8B1EBDE62B,PATELENG
2015-09-28,2015-09-30,OFFICIAL_ONLY,NSE_81E6A1C5A552,VESUVIUS
2015-09-28,2015-09-30,OFFICIAL_ONLY,NSE_83E296865792,ATFL
2015-09-28,2015-09-30,OFFICIAL_ONLY,NSE_851A827BCF83,NAVNETEDUL
2015-09-28,2015-09-30,OFFICIAL_ONLY,NSE_8B1A9BBDE5E6,PRSMJOHNSN
2015-09-28,2015-09-30,OFFICIAL_ONLY,NSE_8BBC0680BDBA,NAVA
2015-09-28,2015-09-30,OFFICIAL_ONLY,NSE_8E2A665067A2,PENINLAND
2015-09-28,2015-09-30,OFFICIAL_ONLY,NSE_94DBF4CE7AC2,MTEDUCARE
2015-09-28,2015-09-30,OFFICIAL_ONLY,NSE_961E02880D58,ADANIPOWER
2015-09-28,2015-09-30,OFFICIAL_ONLY,NSE_96586AD2DEEB,TBZ
2015-09-28,2015-09-30,OFFICIAL_ONLY,NSE_978A4180C4F3,SUPREMEINF
2015-09-28,2015-09-30,OFFICIAL_ONLY,NSE_9A67203EFED3,USHAMART
2015-09-28,2015-09-30,OFFICIAL_ONLY,NSE_9AE82A200CBD,NIITLTD
2015-09-28,2015-09-30,OFFICIAL_ONLY,NSE_9B813D17D74B,SHRENUJ
2015-09-28,2015-09-30,OFFICIAL_ONLY,NSE_9E4C0423BFF8,GUJALKALI
2015-09-28,2015-09-30,OFFICIAL_ONLY,NSE_9E788BED7AEF,KALPATPOWR
2015-09-28,2015-09-30,OFFICIAL_ONLY,NSE_9F5985EF710B,GTLINFRA
2015-09-28,2015-09-30,OFFICIAL_ONLY,NSE_A1950E96A064,PURVA
2015-09-28,2015-09-30,OFFICIAL_ONLY,NSE_A21D36A1385B,PENIND
2015-09-28,2015-09-30,OFFICIAL_ONLY,NSE_AA00EC8A4A3D,SUPPETRO
2015-09-28,2015-09-30,OFFICIAL_ONLY,NSE_AE25FA292E6D,KNRCON
2015-09-28,2015-09-30,OFFICIAL_ONLY,NSE_AE2862139B09,WHEELS
2015-09-28,2015-09-30,OFFICIAL_ONLY,NSE_B02D9BEB0D0A,NOCIL
2015-09-28,2015-09-30,OFFICIAL_ONLY,NSE_B0F020774F39,DHANI
2015-09-28,2015-09-30,OFFICIAL_ONLY,NSE_B3E526664FC0,AMARAJABAT
2015-09-28,2015-09-30,OFFICIAL_ONLY,NSE_B46CD836B94A,AUTOAXLES
2015-09-28,2015-09-30,OFFICIAL_ONLY,NSE_B88435B10855,ELGIEQUIP
2015-09-28,2015-09-30,OFFICIAL_ONLY,NSE_B8C8A459A862,DHANBANK
2015-09-28,2015-09-30,OFFICIAL_ONLY,NSE_BAF1627773E0,VIDEOIND
2015-09-28,2015-09-30,OFFICIAL_ONLY,NSE_BB7D75A98B81,NDTV
2015-09-28,2015-09-30,OFFICIAL_ONLY,NSE_BBC622D344B2,VAIBHAVGBL
2015-09-28,2015-09-30,OFFICIAL_ONLY,NSE_BE6B81B4D2AE,UTTAMSTL
2015-09-28,2015-09-30,OFFICIAL_ONLY,NSE_BE847AB99029,JYOTISTRUC
2015-09-28,2015-09-30,OFFICIAL_ONLY,NSE_C0628B35007C,ESABINDIA
2015-09-28,2015-09-30,OFFICIAL_ONLY,NSE_C23A48F8DAF4,SBBJ
2015-09-28,2015-09-30,OFFICIAL_ONLY,NSE_C43FB1E82A75,63MOONS
2015-09-28,2015-09-30,OFFICIAL_ONLY,NSE_C4988FC46272,CAIRN
2015-09-28,2015-09-30,OFFICIAL_ONLY,NSE_C558FE982959,HEUBACHIND
2015-09-28,2015-09-30,OFFICIAL_ONLY,NSE_C9730FDF32DB,ABGSHIP
2015-09-28,2015-09-30,OFFICIAL_ONLY,NSE_CC1A452E363C,TATAINVEST
2015-09-28,2015-09-30,OFFICIAL_ONLY,NSE_D00C1130DAE7,JTEKTINDIA
2015-09-28,2015-09-30,OFFICIAL_ONLY,NSE_D1A2AB285CE4,GULFOILLUB
2015-09-28,2015-09-30,OFFICIAL_ONLY,NSE_D3148EEB7BF0,IBULHSGFIN
2015-09-28,2015-09-30,OFFICIAL_ONLY,NSE_D3F406024851,GIPCL
2015-09-28,2015-09-30,OFFICIAL_ONLY,NSE_D448CCCD5389,GNFC
2015-09-28,2015-09-30,OFFICIAL_ONLY,NSE_D45E2178880F,MAHSEAMLES
2015-09-28,2015-09-30,OFFICIAL_ONLY,NSE_D57CF4D8191A,PAISALO
2015-09-28,2015-09-30,OFFICIAL_ONLY,NSE_E102D7DE4C2C,GRUH
2015-09-28,2015-09-30,OFFICIAL_ONLY,NSE_E2CB5EC37279,PARSVNATH
2015-09-28,2015-09-30,OFFICIAL_ONLY,NSE_E5B9AB42956F,BINDALAGRO
2015-09-28,2015-09-30,OFFICIAL_ONLY,NSE_E6BC41F4E8C3,KKCL
2015-09-28,2015-09-30,OFFICIAL_ONLY,NSE_E9019530042D,SHANTIGEAR
2015-09-28,2015-09-30,OFFICIAL_ONLY,NSE_E9CD94ECB13B,MAHSCOOTER
2015-09-28,2015-09-30,OFFICIAL_ONLY,NSE_EBAC40911065,KCP
2015-09-28,2015-09-30,OFFICIAL_ONLY,NSE_EEAD76022193,HERITGFOOD
2015-09-28,2015-09-30,OFFICIAL_ONLY,NSE_EFD7B6E7FD96,FMGOETZE
2015-09-28,2015-09-30,OFFICIAL_ONLY,NSE_F111BB4114FB,FCONSUMER
2015-09-28,2015-09-30,OFFICIAL_ONLY,NSE_F5B77D59A62C,L&TFH
2015-09-28,2015-09-30,OFFICIAL_ONLY,NSE_F7FF721279AE,PVR
2015-09-28,2015-09-30,OFFICIAL_ONLY,NSE_FE37750EBD83,ABB
2015-09-28,2015-09-30,OFFICIAL_ONLY,NSE_FED8B098DEA5,GSKCONS
2015-09-28,2015-09-30,OFFICIAL_ONLY,NSE_FF6FC74E85C1,MINDTREE
2015-09-28,2015-09-30,PREVIOUS_ONLY,NSE_015D3C811935,SNOWMAN
2015-09-28,2015-09-30,PREVIOUS_ONLY,NSE_08FB9B51264C,KWALITY
2015-09-28,2015-09-30,PREVIOUS_ONLY,NSE_0A208E331D8C,MAHINDCIE
2015-09-28,2015-09-30,PREVIOUS_ONLY,NSE_0CDA14210E4D,DISHTV
2015-09-28,2015-09-30,PREVIOUS_ONLY,NSE_148E052CEC64,GRANULES
2015-09-28,2015-09-30,PREVIOUS_ONLY,NSE_15269CF9ABBD,TAKE
2015-09-28,2015-09-30,PREVIOUS_ONLY,NSE_1671B749B56F,IDFC
2015-09-28,2015-09-30,PREVIOUS_ONLY,NSE_1957FAB1366F,INDOCO
2015-09-28,2015-09-30,PREVIOUS_ONLY,NSE_1BB2D50D7572,EQUITAS
2015-09-28,2015-09-30,PREVIOUS_ONLY,NSE_232F7BA109E4,ANGELONE
2015-09-28,2015-09-30,PREVIOUS_ONLY,NSE_3B598B9F02C0,SUPRAJIT
2015-09-28,2015-09-30,PREVIOUS_ONLY,NSE_3CD1CF512D16,AHLUCONT
2015-09-28,2015-09-30,PREVIOUS_ONLY,NSE_3E5680388E4E,JINDALPOLY
2015-09-28,2015-09-30,PREVIOUS_ONLY,NSE_40AA7F3995D1,INDIGO
2015-09-28,2015-09-30,PREVIOUS_ONLY,NSE_41D6658A86E3,ICIL
2015-09-28,2015-09-30,PREVIOUS_ONLY,NSE_42CD50DCCBD6,ADANIENT
2015-09-28,2015-09-30,PREVIOUS_ONLY,NSE_42FEBF5D9ADF,CERA
2015-09-28,2015-09-30,PREVIOUS_ONLY,NSE_469926D3FD6A,TIMKEN
2015-09-28,2015-09-30,PREVIOUS_ONLY,NSE_46A3EC428CE2,GUJGASLTD
2015-09-28,2015-09-30,PREVIOUS_ONLY,NSE_4723627B4BA6,KESORAMIND
2015-09-28,2015-09-30,PREVIOUS_ONLY,NSE_4B53EB5E333F,SYNGENE
2015-09-28,2015-09-30,PREVIOUS_ONLY,NSE_4C12111E25F6,WONDERLA
2015-09-28,2015-09-30,PREVIOUS_ONLY,NSE_4CD9919938EF,CCL
2015-09-28,2015-09-30,PREVIOUS_ONLY,NSE_5405849154DD,GRINDWELL
2015-09-28,2015-09-30,PREVIOUS_ONLY,NSE_62370E1BA80E,RHIM
2015-09-28,2015-09-30,PREVIOUS_ONLY,NSE_62907813BC36,TIDEWATER
2015-09-28,2015-09-30,PREVIOUS_ONLY,NSE_63EB9280D90F,TEXRAIL
2015-09-28,2015-09-30,PREVIOUS_ONLY,NSE_659E411DCE22,NH
2015-09-28,2015-09-30,PREVIOUS_ONLY,NSE_66EF9E74F5E3,SHILPAMED
2015-09-28,2015-09-30,PREVIOUS_ONLY,NSE_68E3F7F5879F,IPAPPM
2015-09-28,2015-09-30,PREVIOUS_ONLY,NSE_69D8A25A8131,ALKEM
2015-09-28,2015-09-30,PREVIOUS_ONLY,NSE_6C4CBD6F12EE,RELAXO
2015-09-28,2015-09-30,PREVIOUS_ONLY,NSE_6E0CB7353991,LALPATHLAB
2015-09-28,2015-09-30,PREVIOUS_ONLY,NSE_7127DE38999E,SJVN
2015-09-28,2015-09-30,PREVIOUS_ONLY,NSE_740B7EE9CB08,SOLARINDS
2015-09-28,2015-09-30,PREVIOUS_ONLY,NSE_75A1EC6089B7,NILKAMAL
2015-09-28,2015-09-30,PREVIOUS_ONLY,NSE_7D44EE89941C,BLISSGVS
2015-09-28,2015-09-30,PREVIOUS_ONLY,NSE_812A4A064978,CGPOWER
2015-09-28,2015-09-30,PREVIOUS_ONLY,NSE_85A771F24921,JCHAC
2015-09-28,2015-09-30,PREVIOUS_ONLY,NSE_8D41A8008DA2,RKFORGE
2015-09-28,2015-09-30,PREVIOUS_ONLY,NSE_914B18D01343,HMVL
2015-09-28,2015-09-30,PREVIOUS_ONLY,NSE_985104D9ABBA,AVANTIFEED
2015-09-28,2015-09-30,PREVIOUS_ONLY,NSE_9891A0739E64,DHANUKA
2015-09-28,2015-09-30,PREVIOUS_ONLY,NSE_98CBA18954BD,MFSL
2015-09-28,2015-09-30,PREVIOUS_ONLY,NSE_9CD0408E0E4C,TRITURBINE
2015-09-28,2015-09-30,PREVIOUS_ONLY,NSE_9E3BB2CB962F,CHOLAHLDNG
2015-09-28,2015-09-30,PREVIOUS_ONLY,NSE_A508378B12ED,CAPLIPOINT
2015-09-28,2015-09-30,PREVIOUS_ONLY,NSE_A5EA8EAC7050,APLAPOLLO
2015-09-28,2015-09-30,PREVIOUS_ONLY,NSE_A787B7252904,POLARIS
2015-09-28,2015-09-30,PREVIOUS_ONLY,NSE_A7A22C73AF33,JETAIRWAYS
2015-09-28,2015-09-30,PREVIOUS_ONLY,NSE_AD4461AE56EF,TVSSRICHAK
2015-09-28,2015-09-30,PREVIOUS_ONLY,NSE_AE697C87E3F3,SHARDACROP
2015-09-28,2015-09-30,PREVIOUS_ONLY,NSE_B04856B88EED,CROMPTON
2015-09-28,2015-09-30,PREVIOUS_ONLY,NSE_B3968699E9E2,INTELLECT
2015-09-28,2015-09-30,PREVIOUS_ONLY,NSE_B7616A734F2C,TCI
2015-09-28,2015-09-30,PREVIOUS_ONLY,NSE_BFBEFE6B6DB3,MANAPPURAM
2015-09-28,2015-09-30,PREVIOUS_ONLY,NSE_CA42918156CA,INFIBEAM
2015-09-28,2015-09-30,PREVIOUS_ONLY,NSE_CE1B55B0FE79,DALBHARAT
2015-09-28,2015-09-30,PREVIOUS_ONLY,NSE_CE21025CD02D,VGUARD
2015-09-28,2015-09-30,PREVIOUS_ONLY,NSE_D0658C86F917,ZEELEARN
2015-09-28,2015-09-30,PREVIOUS_ONLY,NSE_D0ABB9249124,BGRENERGY
2015-09-28,2015-09-30,PREVIOUS_ONLY,NSE_D10A18C00D0B,MTNL
2015-09-28,2015-09-30,PREVIOUS_ONLY,NSE_D35374D82BA3,IDFCFIRSTB
2015-09-28,2015-09-30,PREVIOUS_ONLY,NSE_D376FF14ECD7,STCINDIA
2015-09-28,2015-09-30,PREVIOUS_ONLY,NSE_D40F53D9B283,360ONE
2015-09-28,2015-09-30,PREVIOUS_ONLY,NSE_D4F3ADAA19EE,MANPASAND
2015-09-28,2015-09-30,PREVIOUS_ONLY,NSE_D63E80751915,PCBL
2015-09-28,2015-09-30,PREVIOUS_ONLY,NSE_D67F47161F2D,SFCL
2015-09-28,2015-09-30,PREVIOUS_ONLY,NSE_D6EC0847F646,ABFRL
2015-09-28,2015-09-30,PREVIOUS_ONLY,NSE_D701BCB8CF79,RAMCOSYS
2015-09-28,2015-09-30,PREVIOUS_ONLY,NSE_D8E4AC26C341,RTNPOWER
2015-09-28,2015-09-30,PREVIOUS_ONLY,NSE_DAE0D0015DDC,IGARASHI
2015-09-28,2015-09-30,PREVIOUS_ONLY,NSE_E26A501DCF72,JMTAUTOLTD
2015-09-28,2015-09-30,PREVIOUS_ONLY,NSE_E33BF28052EC,GREENPLY
2015-09-28,2015-09-30,PREVIOUS_ONLY,NSE_E7C0FAEE3336,NAVKARCORP
2015-09-28,2015-09-30,PREVIOUS_ONLY,NSE_EBB02BC0F381,COFFEEDAY
2015-09-28,2015-09-30,PREVIOUS_ONLY,NSE_F0FD06753A0C,PCJEWELLER
2015-09-28,2015-09-30,PREVIOUS_ONLY,NSE_F10F8CF228CE,HEIDELBERG
2015-09-28,2015-09-30,PREVIOUS_ONLY,NSE_F210221D2F17,HUHTAMAKI
2015-09-28,2015-09-30,PREVIOUS_ONLY,NSE_F2B25E44F3E5,SMLISUZU
2015-09-28,2015-09-30,PREVIOUS_ONLY,NSE_F7B46E5369C2,SEQUENT
2015-09-28,2015-09-30,PREVIOUS_ONLY,NSE_FA96276A2517,SOMANYCERA
2015-09-28,2015-09-30,PREVIOUS_ONLY,NSE_FB65F4DE6E54,OCL
2015-09-28,2015-09-30,PREVIOUS_ONLY,NSE_FBA9C5E2CF53,BRFL
2015-09-28,2015-09-30,PREVIOUS_ONLY,NSE_FD6C3BA21716,NAVINFLUOR
2015-09-28,2015-09-30,PREVIOUS_UNMAPPED,,SHTV
2015-09-28,2015-09-30,PREVIOUS_UNMAPPED,,SGPC
2015-09-28,2015-09-30,PREVIOUS_UNMAPPED,,GMRAIRPORT
2015-09-28,2015-09-30,PREVIOUS_UNMAPPED,,EPIGRAL
2015-09-28,2015-09-30,PREVIOUS_UNMAPPED,,CIEINDIA
2015-09-28,2015-09-30,PREVIOUS_UNMAPPED,,LTF
2015-09-28,2015-09-30,PREVIOUS_UNMAPPED,,TMPV
2015-09-28,2015-09-30,PREVIOUS_UNMAPPED,,JSWDULUX
2015-09-28,2015-09-30,PREVIOUS_UNMAPPED,,UNITDSPR
2015-09-28,2015-09-30,PREVIOUS_UNMAPPED,,ABREL
2015-09-28,2015-09-30,PREVIOUS_UNMAPPED,,SWANCORP
2015-09-28,2015-09-30,PREVIOUS_UNMAPPED,,WELSPUNLIV
2015-09-28,2015-09-30,PREVIOUS_UNMAPPED,,ADANIENSOL
2015-09-28,2015-09-30,PREVIOUS_UNMAPPED,,ARE&M
2015-09-28,2015-09-30,PREVIOUS_UNMAPPED,,AEGISLOG
2015-09-28,2015-09-30,PREVIOUS_UNMAPPED,,KPIL
2015-09-28,2015-09-30,PREVIOUS_UNMAPPED,,GVT&D
2015-09-28,2015-09-30,PREVIOUS_UNMAPPED,,COHANCE
2015-09-28,2015-09-30,PREVIOUS_UNMAPPED,,HBLENGINE
2015-09-28,2015-09-30,PREVIOUS_UNMAPPED,,SAMMAANCAP
2015-09-30,2015-10-19,OFFICIAL_ONLY,NSE_0711207C900A,GITANJALI
2015-09-30,2015-10-19,OFFICIAL_ONLY,NSE_092A1C3253B4,TATAMOTORS
2015-09-30,2015-10-19,OFFICIAL_ONLY,NSE_0C8E43FADDB8,IVRCLINFRA
2015-09-30,2015-10-19,OFFICIAL_ONLY,NSE_0F72F66469D6,GRAPHITE
2015-09-30,2015-10-19,OFFICIAL_ONLY,NSE_15523813BD4A,NOIDATOLL
2015-09-30,2015-10-19,OFFICIAL_ONLY,NSE_1BF63B49C19E,TVTODAY
2015-09-30,2015-10-19,OFFICIAL_ONLY,NSE_1FE8B4643571,GEOJITFSL
2015-09-30,2015-10-19,OFFICIAL_ONLY,NSE_2216670637F8,WELSPUNIND
2015-09-30,2015-10-19,OFFICIAL_ONLY,NSE_22A49E238B39,GMRINFRA
2015-09-30,2015-10-19,OFFICIAL_ONLY,NSE_22FC8142A6A2,VIVIDHA
2015-09-30,2015-10-19,OFFICIAL_ONLY,NSE_256CD40487EB,IL&FSENGG
2015-09-30,2015-10-19,OFFICIAL_ONLY,NSE_28824E5CE2B2,METALFORGE
2015-09-30,2015-10-19,OFFICIAL_ONLY,NSE_2B12B6998928,RELCAPITAL
2015-09-30,2015-10-19,OFFICIAL_ONLY,NSE_2EF7833DA8D3,HEG
2015-09-30,2015-10-19,OFFICIAL_ONLY,NSE_3087CF0E8810,TDPOWERSYS
2015-09-30,2015-10-19,OFFICIAL_ONLY,NSE_3604A340ECD7,KSK
2015-09-30,2015-10-19,OFFICIAL_ONLY,NSE_3CC9204EE206,GEOMETRIC
2015-09-30,2015-10-19,OFFICIAL_ONLY,NSE_400E6C0FE473,PRAKASH
2015-09-30,2015-10-19,OFFICIAL_ONLY,NSE_403ED77BEF36,TREEHOUSE
2015-09-30,2015-10-19,OFFICIAL_ONLY,NSE_40F417DAB497,MBLINFRA
2015-09-30,2015-10-19,OFFICIAL_ONLY,NSE_4C7DD340FFE0,OPTOCIRCUI
2015-09-30,2015-10-19,OFFICIAL_ONLY,NSE_4CBB5F1B54B4,IMAGICAA
2015-09-30,2015-10-19,OFFICIAL_ONLY,NSE_502982CDBAAD,ASAHIINDIA
2015-09-30,2015-10-19,OFFICIAL_ONLY,NSE_50647847C4A3,LGBBROSLTD
2015-09-30,2015-10-19,OFFICIAL_ONLY,NSE_51A975E4F5EC,CAMLINFINE
2015-09-30,2015-10-19,OFFICIAL_ONLY,NSE_55FFE606B7E2,RATNAMANI
2015-09-30,2015-10-19,OFFICIAL_ONLY,NSE_5602EE99E050,CENTENKA
2015-09-30,2015-10-19,OFFICIAL_ONLY,NSE_5813C47C6758,HEXAWARE
2015-09-30,2015-10-19,OFFICIAL_ONLY,NSE_5D0160460CD9,GHCL
2015-09-30,2015-10-19,OFFICIAL_ONLY,NSE_5E4BFA7651A2,AJRINFRA
2015-09-30,2015-10-19,OFFICIAL_ONLY,NSE_633BD53DAEC1,SBT
2015-09-30,2015-10-19,OFFICIAL_ONLY,NSE_63AB3F8FE7C5,MERCATOR
2015-09-30,2015-10-19,OFFICIAL_ONLY,NSE_6486648C9FB1,ESSDEE
2015-09-30,2015-10-19,OFFICIAL_ONLY,NSE_65DD43BDBE2D,CASTEXTECH
2015-09-30,2015-10-19,OFFICIAL_ONLY,NSE_675CFCEE5D02,GABRIEL
2015-09-30,2015-10-19,OFFICIAL_ONLY,NSE_70031FDFB6EF,FLEXITUFF
2015-09-30,2015-10-19,OFFICIAL_ONLY,NSE_70BDB629EB71,RICOAUTO
2015-09-30,2015-10-19,OFFICIAL_ONLY,NSE_7336A438D402,ELECTCAST
2015-09-30,2015-10-19,OFFICIAL_ONLY,NSE_78493707FA85,ENIL
2015-09-30,2015-10-19,OFFICIAL_ONLY,NSE_7A24E610012A,SWARAJENG
2015-09-30,2015-10-19,OFFICIAL_ONLY,NSE_7BD208D47A49,MCDOWELL-N
2015-09-30,2015-10-19,OFFICIAL_ONLY,NSE_7E6BEA8882F4,MUNJALSHOW
2015-09-30,2015-10-19,OFFICIAL_ONLY,NSE_7E9F9084BD7D,JUBLPHARMA
2015-09-30,2015-10-19,OFFICIAL_ONLY,NSE_7F8B1EBDE62B,PATELENG
2015-09-30,2015-10-19,OFFICIAL_ONLY,NSE_81E6A1C5A552,VESUVIUS
2015-09-30,2015-10-19,OFFICIAL_ONLY,NSE_83E296865792,ATFL
2015-09-30,2015-10-19,OFFICIAL_ONLY,NSE_851A827BCF83,NAVNETEDUL
2015-09-30,2015-10-19,OFFICIAL_ONLY,NSE_8B1A9BBDE5E6,PRSMJOHNSN
2015-09-30,2015-10-19,OFFICIAL_ONLY,NSE_8BBC0680BDBA,NAVA
2015-09-30,2015-10-19,OFFICIAL_ONLY,NSE_8E2A665067A2,PENINLAND
2015-09-30,2015-10-19,OFFICIAL_ONLY,NSE_94DBF4CE7AC2,MTEDUCARE
2015-09-30,2015-10-19,OFFICIAL_ONLY,NSE_961E02880D58,ADANIPOWER
2015-09-30,2015-10-19,OFFICIAL_ONLY,NSE_96586AD2DEEB,TBZ
2015-09-30,2015-10-19,OFFICIAL_ONLY,NSE_978A4180C4F3,SUPREMEINF
2015-09-30,2015-10-19,OFFICIAL_ONLY,NSE_9A67203EFED3,USHAMART
2015-09-30,2015-10-19,OFFICIAL_ONLY,NSE_9AE82A200CBD,NIITLTD
2015-09-30,2015-10-19,OFFICIAL_ONLY,NSE_9B813D17D74B,SHRENUJ
2015-09-30,2015-10-19,OFFICIAL_ONLY,NSE_9E4C0423BFF8,GUJALKALI
2015-09-30,2015-10-19,OFFICIAL_ONLY,NSE_9E788BED7AEF,KALPATPOWR
2015-09-30,2015-10-19,OFFICIAL_ONLY,NSE_9F5985EF710B,GTLINFRA
2015-09-30,2015-10-19,OFFICIAL_ONLY,NSE_A1950E96A064,PURVA
2015-09-30,2015-10-19,OFFICIAL_ONLY,NSE_A21D36A1385B,PENIND
2015-09-30,2015-10-19,OFFICIAL_ONLY,NSE_AA00EC8A4A3D,SUPPETRO
2015-09-30,2015-10-19,OFFICIAL_ONLY,NSE_AE25FA292E6D,KNRCON
2015-09-30,2015-10-19,OFFICIAL_ONLY,NSE_AE2862139B09,WHEELS
2015-09-30,2015-10-19,OFFICIAL_ONLY,NSE_B02D9BEB0D0A,NOCIL
2015-09-30,2015-10-19,OFFICIAL_ONLY,NSE_B0F020774F39,DHANI
2015-09-30,2015-10-19,OFFICIAL_ONLY,NSE_B3E526664FC0,AMARAJABAT
2015-09-30,2015-10-19,OFFICIAL_ONLY,NSE_B46CD836B94A,AUTOAXLES
2015-09-30,2015-10-19,OFFICIAL_ONLY,NSE_B88435B10855,ELGIEQUIP
2015-09-30,2015-10-19,OFFICIAL_ONLY,NSE_B8C8A459A862,DHANBANK
2015-09-30,2015-10-19,OFFICIAL_ONLY,NSE_BAF1627773E0,VIDEOIND
2015-09-30,2015-10-19,OFFICIAL_ONLY,NSE_BB7D75A98B81,NDTV
2015-09-30,2015-10-19,OFFICIAL_ONLY,NSE_BBC622D344B2,VAIBHAVGBL
2015-09-30,2015-10-19,OFFICIAL_ONLY,NSE_BE6B81B4D2AE,UTTAMSTL
2015-09-30,2015-10-19,OFFICIAL_ONLY,NSE_BE847AB99029,JYOTISTRUC
2015-09-30,2015-10-19,OFFICIAL_ONLY,NSE_C0628B35007C,ESABINDIA
2015-09-30,2015-10-19,OFFICIAL_ONLY,NSE_C23A48F8DAF4,SBBJ
2015-09-30,2015-10-19,OFFICIAL_ONLY,NSE_C43FB1E82A75,63MOONS
2015-09-30,2015-10-19,OFFICIAL_ONLY,NSE_C4988FC46272,CAIRN
2015-09-30,2015-10-19,OFFICIAL_ONLY,NSE_C558FE982959,HEUBACHIND
2015-09-30,2015-10-19,OFFICIAL_ONLY,NSE_C9730FDF32DB,ABGSHIP
2015-09-30,2015-10-19,OFFICIAL_ONLY,NSE_CC1A452E363C,TATAINVEST
2015-09-30,2015-10-19,OFFICIAL_ONLY,NSE_D00C1130DAE7,JTEKTINDIA
2015-09-30,2015-10-19,OFFICIAL_ONLY,NSE_D1A2AB285CE4,GULFOILLUB
2015-09-30,2015-10-19,OFFICIAL_ONLY,NSE_D3148EEB7BF0,IBULHSGFIN
2015-09-30,2015-10-19,OFFICIAL_ONLY,NSE_D3F406024851,GIPCL
2015-09-30,2015-10-19,OFFICIAL_ONLY,NSE_D448CCCD5389,GNFC
2015-09-30,2015-10-19,OFFICIAL_ONLY,NSE_D45E2178880F,MAHSEAMLES
2015-09-30,2015-10-19,OFFICIAL_ONLY,NSE_D57CF4D8191A,PAISALO
2015-09-30,2015-10-19,OFFICIAL_ONLY,NSE_E102D7DE4C2C,GRUH
2015-09-30,2015-10-19,OFFICIAL_ONLY,NSE_E2CB5EC37279,PARSVNATH
2015-09-30,2015-10-19,OFFICIAL_ONLY,NSE_E5B9AB42956F,BINDALAGRO
2015-09-30,2015-10-19,OFFICIAL_ONLY,NSE_E6BC41F4E8C3,KKCL
2015-09-30,2015-10-19,OFFICIAL_ONLY,NSE_E9019530042D,SHANTIGEAR
2015-09-30,2015-10-19,OFFICIAL_ONLY,NSE_E9CD94ECB13B,MAHSCOOTER
2015-09-30,2015-10-19,OFFICIAL_ONLY,NSE_EBAC40911065,KCP
2015-09-30,2015-10-19,OFFICIAL_ONLY,NSE_EEAD76022193,HERITGFOOD
2015-09-30,2015-10-19,OFFICIAL_ONLY,NSE_EFD7B6E7FD96,FMGOETZE
2015-09-30,2015-10-19,OFFICIAL_ONLY,NSE_F111BB4114FB,FCONSUMER
2015-09-30,2015-10-19,OFFICIAL_ONLY,NSE_F161C38951CE,SRIPIPES
2015-09-30,2015-10-19,OFFICIAL_ONLY,NSE_F5B77D59A62C,L&TFH
2015-09-30,2015-10-19,OFFICIAL_ONLY,NSE_F7FF721279AE,PVR
2015-09-30,2015-10-19,OFFICIAL_ONLY,NSE_FE37750EBD83,ABB
2015-09-30,2015-10-19,OFFICIAL_ONLY,NSE_FED8B098DEA5,GSKCONS
2015-09-30,2015-10-19,OFFICIAL_ONLY,NSE_FF6FC74E85C1,MINDTREE
2015-09-30,2015-10-19,PREVIOUS_ONLY,NSE_015D3C811935,SNOWMAN
2015-09-30,2015-10-19,PREVIOUS_ONLY,NSE_08FB9B51264C,KWALITY
2015-09-30,2015-10-19,PREVIOUS_ONLY,NSE_0A208E331D8C,MAHINDCIE
2015-09-30,2015-10-19,PREVIOUS_ONLY,NSE_0CDA14210E4D,DISHTV
2015-09-30,2015-10-19,PREVIOUS_ONLY,NSE_148E052CEC64,GRANULES
2015-09-30,2015-10-19,PREVIOUS_ONLY,NSE_15269CF9ABBD,TAKE
2015-09-30,2015-10-19,PREVIOUS_ONLY,NSE_1671B749B56F,IDFC
2015-09-30,2015-10-19,PREVIOUS_ONLY,NSE_1957FAB1366F,INDOCO
2015-09-30,2015-10-19,PREVIOUS_ONLY,NSE_1BB2D50D7572,EQUITAS
2015-09-30,2015-10-19,PREVIOUS_ONLY,NSE_232F7BA109E4,ANGELONE
2015-09-30,2015-10-19,PREVIOUS_ONLY,NSE_3B598B9F02C0,SUPRAJIT
2015-09-30,2015-10-19,PREVIOUS_ONLY,NSE_3CD1CF512D16,AHLUCONT
2015-09-30,2015-10-19,PREVIOUS_ONLY,NSE_3E5680388E4E,JINDALPOLY
2015-09-30,2015-10-19,PREVIOUS_ONLY,NSE_40AA7F3995D1,INDIGO
2015-09-30,2015-10-19,PREVIOUS_ONLY,NSE_41D6658A86E3,ICIL
2015-09-30,2015-10-19,PREVIOUS_ONLY,NSE_42CD50DCCBD6,ADANIENT
2015-09-30,2015-10-19,PREVIOUS_ONLY,NSE_42FEBF5D9ADF,CERA
2015-09-30,2015-10-19,PREVIOUS_ONLY,NSE_469926D3FD6A,TIMKEN
2015-09-30,2015-10-19,PREVIOUS_ONLY,NSE_46A3EC428CE2,GUJGASLTD
2015-09-30,2015-10-19,PREVIOUS_ONLY,NSE_4723627B4BA6,KESORAMIND
2015-09-30,2015-10-19,PREVIOUS_ONLY,NSE_4B53EB5E333F,SYNGENE
2015-09-30,2015-10-19,PREVIOUS_ONLY,NSE_4C12111E25F6,WONDERLA
2015-09-30,2015-10-19,PREVIOUS_ONLY,NSE_4CD9919938EF,CCL
2015-09-30,2015-10-19,PREVIOUS_ONLY,NSE_5405849154DD,GRINDWELL
2015-09-30,2015-10-19,PREVIOUS_ONLY,NSE_62370E1BA80E,RHIM
2015-09-30,2015-10-19,PREVIOUS_ONLY,NSE_62907813BC36,TIDEWATER
2015-09-30,2015-10-19,PREVIOUS_ONLY,NSE_63EB9280D90F,TEXRAIL
2015-09-30,2015-10-19,PREVIOUS_ONLY,NSE_659E411DCE22,NH
2015-09-30,2015-10-19,PREVIOUS_ONLY,NSE_66EF9E74F5E3,SHILPAMED
2015-09-30,2015-10-19,PREVIOUS_ONLY,NSE_68E3F7F5879F,IPAPPM
2015-09-30,2015-10-19,PREVIOUS_ONLY,NSE_69D8A25A8131,ALKEM
2015-09-30,2015-10-19,PREVIOUS_ONLY,NSE_6C4CBD6F12EE,RELAXO
2015-09-30,2015-10-19,PREVIOUS_ONLY,NSE_6E0CB7353991,LALPATHLAB
2015-09-30,2015-10-19,PREVIOUS_ONLY,NSE_7127DE38999E,SJVN
2015-09-30,2015-10-19,PREVIOUS_ONLY,NSE_740B7EE9CB08,SOLARINDS
2015-09-30,2015-10-19,PREVIOUS_ONLY,NSE_75A1EC6089B7,NILKAMAL
2015-09-30,2015-10-19,PREVIOUS_ONLY,NSE_7D44EE89941C,BLISSGVS
2015-09-30,2015-10-19,PREVIOUS_ONLY,NSE_812A4A064978,CGPOWER
2015-09-30,2015-10-19,PREVIOUS_ONLY,NSE_85A771F24921,JCHAC
2015-09-30,2015-10-19,PREVIOUS_ONLY,NSE_8D41A8008DA2,RKFORGE
2015-09-30,2015-10-19,PREVIOUS_ONLY,NSE_914B18D01343,HMVL
2015-09-30,2015-10-19,PREVIOUS_ONLY,NSE_985104D9ABBA,AVANTIFEED
2015-09-30,2015-10-19,PREVIOUS_ONLY,NSE_9891A0739E64,DHANUKA
2015-09-30,2015-10-19,PREVIOUS_ONLY,NSE_98CBA18954BD,MFSL
2015-09-30,2015-10-19,PREVIOUS_ONLY,NSE_9CD0408E0E4C,TRITURBINE
2015-09-30,2015-10-19,PREVIOUS_ONLY,NSE_9E3BB2CB962F,CHOLAHLDNG
2015-09-30,2015-10-19,PREVIOUS_ONLY,NSE_A508378B12ED,CAPLIPOINT
2015-09-30,2015-10-19,PREVIOUS_ONLY,NSE_A5EA8EAC7050,APLAPOLLO
2015-09-30,2015-10-19,PREVIOUS_ONLY,NSE_A787B7252904,POLARIS
2015-09-30,2015-10-19,PREVIOUS_ONLY,NSE_A7A22C73AF33,JETAIRWAYS
2015-09-30,2015-10-19,PREVIOUS_ONLY,NSE_AD4461AE56EF,TVSSRICHAK
2015-09-30,2015-10-19,PREVIOUS_ONLY,NSE_AE697C87E3F3,SHARDACROP
2015-09-30,2015-10-19,PREVIOUS_ONLY,NSE_B04856B88EED,CROMPTON
2015-09-30,2015-10-19,PREVIOUS_ONLY,NSE_B3968699E9E2,INTELLECT
2015-09-30,2015-10-19,PREVIOUS_ONLY,NSE_B7616A734F2C,TCI
2015-09-30,2015-10-19,PREVIOUS_ONLY,NSE_BFBEFE6B6DB3,MANAPPURAM
2015-09-30,2015-10-19,PREVIOUS_ONLY,NSE_CA42918156CA,INFIBEAM
2015-09-30,2015-10-19,PREVIOUS_ONLY,NSE_CE1B55B0FE79,DALBHARAT
2015-09-30,2015-10-19,PREVIOUS_ONLY,NSE_CE21025CD02D,VGUARD
2015-09-30,2015-10-19,PREVIOUS_ONLY,NSE_D0658C86F917,ZEELEARN
2015-09-30,2015-10-19,PREVIOUS_ONLY,NSE_D0ABB9249124,BGRENERGY
2015-09-30,2015-10-19,PREVIOUS_ONLY,NSE_D10A18C00D0B,MTNL
2015-09-30,2015-10-19,PREVIOUS_ONLY,NSE_D35374D82BA3,IDFCFIRSTB
2015-09-30,2015-10-19,PREVIOUS_ONLY,NSE_D376FF14ECD7,STCINDIA
2015-09-30,2015-10-19,PREVIOUS_ONLY,NSE_D40F53D9B283,360ONE
2015-09-30,2015-10-19,PREVIOUS_ONLY,NSE_D4F3ADAA19EE,MANPASAND
2015-09-30,2015-10-19,PREVIOUS_ONLY,NSE_D63E80751915,PCBL
2015-09-30,2015-10-19,PREVIOUS_ONLY,NSE_D67F47161F2D,SFCL
2015-09-30,2015-10-19,PREVIOUS_ONLY,NSE_D6EC0847F646,ABFRL
2015-09-30,2015-10-19,PREVIOUS_ONLY,NSE_D701BCB8CF79,RAMCOSYS
2015-09-30,2015-10-19,PREVIOUS_ONLY,NSE_D8E4AC26C341,RTNPOWER
2015-09-30,2015-10-19,PREVIOUS_ONLY,NSE_DAE0D0015DDC,IGARASHI
2015-09-30,2015-10-19,PREVIOUS_ONLY,NSE_E26A501DCF72,JMTAUTOLTD
2015-09-30,2015-10-19,PREVIOUS_ONLY,NSE_E33BF28052EC,GREENPLY
2015-09-30,2015-10-19,PREVIOUS_ONLY,NSE_E7C0FAEE3336,NAVKARCORP
2015-09-30,2015-10-19,PREVIOUS_ONLY,NSE_EBB02BC0F381,COFFEEDAY
2015-09-30,2015-10-19,PREVIOUS_ONLY,NSE_F0FD06753A0C,PCJEWELLER
2015-09-30,2015-10-19,PREVIOUS_ONLY,NSE_F10F8CF228CE,HEIDELBERG
2015-09-30,2015-10-19,PREVIOUS_ONLY,NSE_F210221D2F17,HUHTAMAKI
2015-09-30,2015-10-19,PREVIOUS_ONLY,NSE_F2B25E44F3E5,SMLISUZU
2015-09-30,2015-10-19,PREVIOUS_ONLY,NSE_F7B46E5369C2,SEQUENT
2015-09-30,2015-10-19,PREVIOUS_ONLY,NSE_FA96276A2517,SOMANYCERA
2015-09-30,2015-10-19,PREVIOUS_ONLY,NSE_FB65F4DE6E54,OCL
2015-09-30,2015-10-19,PREVIOUS_ONLY,NSE_FBA9C5E2CF53,BRFL
2015-09-30,2015-10-19,PREVIOUS_ONLY,NSE_FD6C3BA21716,NAVINFLUOR
2015-09-30,2015-10-19,PREVIOUS_UNMAPPED,,SHTV
2015-09-30,2015-10-19,PREVIOUS_UNMAPPED,,SGPC
2015-09-30,2015-10-19,PREVIOUS_UNMAPPED,,GMRAIRPORT
2015-09-30,2015-10-19,PREVIOUS_UNMAPPED,,EPIGRAL
2015-09-30,2015-10-19,PREVIOUS_UNMAPPED,,CIEINDIA
2015-09-30,2015-10-19,PREVIOUS_UNMAPPED,,LTF
2015-09-30,2015-10-19,PREVIOUS_UNMAPPED,,TMPV
2015-09-30,2015-10-19,PREVIOUS_UNMAPPED,,JSWDULUX
2015-09-30,2015-10-19,PREVIOUS_UNMAPPED,,UNITDSPR
2015-09-30,2015-10-19,PREVIOUS_UNMAPPED,,ABREL
2015-09-30,2015-10-19,PREVIOUS_UNMAPPED,,SWANCORP
2015-09-30,2015-10-19,PREVIOUS_UNMAPPED,,WELSPUNLIV
2015-09-30,2015-10-19,PREVIOUS_UNMAPPED,,ADANIENSOL
2015-09-30,2015-10-19,PREVIOUS_UNMAPPED,,ARE&M
2015-09-30,2015-10-19,PREVIOUS_UNMAPPED,,AEGISLOG
2015-09-30,2015-10-19,PREVIOUS_UNMAPPED,,KPIL
2015-09-30,2015-10-19,PREVIOUS_UNMAPPED,,GVT&D
2015-09-30,2015-10-19,PREVIOUS_UNMAPPED,,COHANCE
2015-09-30,2015-10-19,PREVIOUS_UNMAPPED,,HBLENGINE
2015-09-30,2015-10-19,PREVIOUS_UNMAPPED,,SAMMAANCAP
2015-10-19,2015-12-14,OFFICIAL_ONLY,NSE_0711207C900A,GITANJALI
2015-10-19,2015-12-14,OFFICIAL_ONLY,NSE_092A1C3253B4,TATAMOTORS
2015-10-19,2015-12-14,OFFICIAL_ONLY,NSE_0C8E43FADDB8,IVRCLINFRA
2015-10-19,2015-12-14,OFFICIAL_ONLY,NSE_0F72F66469D6,GRAPHITE
2015-10-19,2015-12-14,OFFICIAL_ONLY,NSE_15523813BD4A,NOIDATOLL
2015-10-19,2015-12-14,OFFICIAL_ONLY,NSE_1BF63B49C19E,TVTODAY
2015-10-19,2015-12-14,OFFICIAL_ONLY,NSE_1FE8B4643571,GEOJITFSL
2015-10-19,2015-12-14,OFFICIAL_ONLY,NSE_2216670637F8,WELSPUNIND
2015-10-19,2015-12-14,OFFICIAL_ONLY,NSE_22A49E238B39,GMRINFRA
2015-10-19,2015-12-14,OFFICIAL_ONLY,NSE_22FC8142A6A2,VIVIDHA
2015-10-19,2015-12-14,OFFICIAL_ONLY,NSE_256CD40487EB,IL&FSENGG
2015-10-19,2015-12-14,OFFICIAL_ONLY,NSE_28824E5CE2B2,METALFORGE
2015-10-19,2015-12-14,OFFICIAL_ONLY,NSE_2B12B6998928,RELCAPITAL
2015-10-19,2015-12-14,OFFICIAL_ONLY,NSE_2EF7833DA8D3,HEG
2015-10-19,2015-12-14,OFFICIAL_ONLY,NSE_3087CF0E8810,TDPOWERSYS
2015-10-19,2015-12-14,OFFICIAL_ONLY,NSE_3604A340ECD7,KSK
2015-10-19,2015-12-14,OFFICIAL_ONLY,NSE_3CC9204EE206,GEOMETRIC
2015-10-19,2015-12-14,OFFICIAL_ONLY,NSE_400E6C0FE473,PRAKASH
2015-10-19,2015-12-14,OFFICIAL_ONLY,NSE_403ED77BEF36,TREEHOUSE
2015-10-19,2015-12-14,OFFICIAL_ONLY,NSE_40F417DAB497,MBLINFRA
2015-10-19,2015-12-14,OFFICIAL_ONLY,NSE_4C7DD340FFE0,OPTOCIRCUI
2015-10-19,2015-12-14,OFFICIAL_ONLY,NSE_4CBB5F1B54B4,IMAGICAA
2015-10-19,2015-12-14,OFFICIAL_ONLY,NSE_502982CDBAAD,ASAHIINDIA
2015-10-19,2015-12-14,OFFICIAL_ONLY,NSE_50647847C4A3,LGBBROSLTD
2015-10-19,2015-12-14,OFFICIAL_ONLY,NSE_51A975E4F5EC,CAMLINFINE
2015-10-19,2015-12-14,OFFICIAL_ONLY,NSE_55FFE606B7E2,RATNAMANI
2015-10-19,2015-12-14,OFFICIAL_ONLY,NSE_5602EE99E050,CENTENKA
2015-10-19,2015-12-14,OFFICIAL_ONLY,NSE_5813C47C6758,HEXAWARE
2015-10-19,2015-12-14,OFFICIAL_ONLY,NSE_5D0160460CD9,GHCL
2015-10-19,2015-12-14,OFFICIAL_ONLY,NSE_5E4BFA7651A2,AJRINFRA
2015-10-19,2015-12-14,OFFICIAL_ONLY,NSE_633BD53DAEC1,SBT
2015-10-19,2015-12-14,OFFICIAL_ONLY,NSE_63AB3F8FE7C5,MERCATOR
2015-10-19,2015-12-14,OFFICIAL_ONLY,NSE_6486648C9FB1,ESSDEE
2015-10-19,2015-12-14,OFFICIAL_ONLY,NSE_65DD43BDBE2D,CASTEXTECH
2015-10-19,2015-12-14,OFFICIAL_ONLY,NSE_675CFCEE5D02,GABRIEL
2015-10-19,2015-12-14,OFFICIAL_ONLY,NSE_70031FDFB6EF,FLEXITUFF
2015-10-19,2015-12-14,OFFICIAL_ONLY,NSE_70BDB629EB71,RICOAUTO
2015-10-19,2015-12-14,OFFICIAL_ONLY,NSE_7336A438D402,ELECTCAST
2015-10-19,2015-12-14,OFFICIAL_ONLY,NSE_78493707FA85,ENIL
2015-10-19,2015-12-14,OFFICIAL_ONLY,NSE_7A24E610012A,SWARAJENG
2015-10-19,2015-12-14,OFFICIAL_ONLY,NSE_7BD208D47A49,MCDOWELL-N
2015-10-19,2015-12-14,OFFICIAL_ONLY,NSE_7E6BEA8882F4,MUNJALSHOW
2015-10-19,2015-12-14,OFFICIAL_ONLY,NSE_7E9F9084BD7D,JUBLPHARMA
2015-10-19,2015-12-14,OFFICIAL_ONLY,NSE_7F8B1EBDE62B,PATELENG
2015-10-19,2015-12-14,OFFICIAL_ONLY,NSE_81E6A1C5A552,VESUVIUS
2015-10-19,2015-12-14,OFFICIAL_ONLY,NSE_83E296865792,ATFL
2015-10-19,2015-12-14,OFFICIAL_ONLY,NSE_851A827BCF83,NAVNETEDUL
2015-10-19,2015-12-14,OFFICIAL_ONLY,NSE_8B1A9BBDE5E6,PRSMJOHNSN
2015-10-19,2015-12-14,OFFICIAL_ONLY,NSE_8BBC0680BDBA,NAVA
2015-10-19,2015-12-14,OFFICIAL_ONLY,NSE_8E2A665067A2,PENINLAND
2015-10-19,2015-12-14,OFFICIAL_ONLY,NSE_94DBF4CE7AC2,MTEDUCARE
2015-10-19,2015-12-14,OFFICIAL_ONLY,NSE_961E02880D58,ADANIPOWER
2015-10-19,2015-12-14,OFFICIAL_ONLY,NSE_96586AD2DEEB,TBZ
2015-10-19,2015-12-14,OFFICIAL_ONLY,NSE_978A4180C4F3,SUPREMEINF
2015-10-19,2015-12-14,OFFICIAL_ONLY,NSE_9A67203EFED3,USHAMART
2015-10-19,2015-12-14,OFFICIAL_ONLY,NSE_9AE82A200CBD,NIITLTD
2015-10-19,2015-12-14,OFFICIAL_ONLY,NSE_9B813D17D74B,SHRENUJ
2015-10-19,2015-12-14,OFFICIAL_ONLY,NSE_9E4C0423BFF8,GUJALKALI
2015-10-19,2015-12-14,OFFICIAL_ONLY,NSE_9E788BED7AEF,KALPATPOWR
2015-10-19,2015-12-14,OFFICIAL_ONLY,NSE_9F5985EF710B,GTLINFRA
2015-10-19,2015-12-14,OFFICIAL_ONLY,NSE_A1950E96A064,PURVA
2015-10-19,2015-12-14,OFFICIAL_ONLY,NSE_A21D36A1385B,PENIND
2015-10-19,2015-12-14,OFFICIAL_ONLY,NSE_AA00EC8A4A3D,SUPPETRO
2015-10-19,2015-12-14,OFFICIAL_ONLY,NSE_AE25FA292E6D,KNRCON
2015-10-19,2015-12-14,OFFICIAL_ONLY,NSE_AE2862139B09,WHEELS
2015-10-19,2015-12-14,OFFICIAL_ONLY,NSE_B02D9BEB0D0A,NOCIL
2015-10-19,2015-12-14,OFFICIAL_ONLY,NSE_B0F020774F39,DHANI
2015-10-19,2015-12-14,OFFICIAL_ONLY,NSE_B3E526664FC0,AMARAJABAT
2015-10-19,2015-12-14,OFFICIAL_ONLY,NSE_B46CD836B94A,AUTOAXLES
2015-10-19,2015-12-14,OFFICIAL_ONLY,NSE_B88435B10855,ELGIEQUIP
2015-10-19,2015-12-14,OFFICIAL_ONLY,NSE_B8C8A459A862,DHANBANK
2015-10-19,2015-12-14,OFFICIAL_ONLY,NSE_BAF1627773E0,VIDEOIND
2015-10-19,2015-12-14,OFFICIAL_ONLY,NSE_BB7D75A98B81,NDTV
2015-10-19,2015-12-14,OFFICIAL_ONLY,NSE_BBC622D344B2,VAIBHAVGBL
2015-10-19,2015-12-14,OFFICIAL_ONLY,NSE_BE6B81B4D2AE,UTTAMSTL
2015-10-19,2015-12-14,OFFICIAL_ONLY,NSE_BE847AB99029,JYOTISTRUC
2015-10-19,2015-12-14,OFFICIAL_ONLY,NSE_C0628B35007C,ESABINDIA
2015-10-19,2015-12-14,OFFICIAL_ONLY,NSE_C23A48F8DAF4,SBBJ
2015-10-19,2015-12-14,OFFICIAL_ONLY,NSE_C43FB1E82A75,63MOONS
2015-10-19,2015-12-14,OFFICIAL_ONLY,NSE_C4988FC46272,CAIRN
2015-10-19,2015-12-14,OFFICIAL_ONLY,NSE_C558FE982959,HEUBACHIND
2015-10-19,2015-12-14,OFFICIAL_ONLY,NSE_C9730FDF32DB,ABGSHIP
2015-10-19,2015-12-14,OFFICIAL_ONLY,NSE_CC1A452E363C,TATAINVEST
2015-10-19,2015-12-14,OFFICIAL_ONLY,NSE_D00C1130DAE7,JTEKTINDIA
2015-10-19,2015-12-14,OFFICIAL_ONLY,NSE_D1A2AB285CE4,GULFOILLUB
2015-10-19,2015-12-14,OFFICIAL_ONLY,NSE_D3148EEB7BF0,IBULHSGFIN
2015-10-19,2015-12-14,OFFICIAL_ONLY,NSE_D3F406024851,GIPCL
2015-10-19,2015-12-14,OFFICIAL_ONLY,NSE_D448CCCD5389,GNFC
2015-10-19,2015-12-14,OFFICIAL_ONLY,NSE_D45E2178880F,MAHSEAMLES
2015-10-19,2015-12-14,OFFICIAL_ONLY,NSE_D57CF4D8191A,PAISALO
2015-10-19,2015-12-14,OFFICIAL_ONLY,NSE_E102D7DE4C2C,GRUH
2015-10-19,2015-12-14,OFFICIAL_ONLY,NSE_E2CB5EC37279,PARSVNATH
2015-10-19,2015-12-14,OFFICIAL_ONLY,NSE_E5B9AB42956F,BINDALAGRO
2015-10-19,2015-12-14,OFFICIAL_ONLY,NSE_E6BC41F4E8C3,KKCL
2015-10-19,2015-12-14,OFFICIAL_ONLY,NSE_E9019530042D,SHANTIGEAR
2015-10-19,2015-12-14,OFFICIAL_ONLY,NSE_E9CD94ECB13B,MAHSCOOTER
2015-10-19,2015-12-14,OFFICIAL_ONLY,NSE_EBAC40911065,KCP
2015-10-19,2015-12-14,OFFICIAL_ONLY,NSE_EEAD76022193,HERITGFOOD
2015-10-19,2015-12-14,OFFICIAL_ONLY,NSE_EFD7B6E7FD96,FMGOETZE
2015-10-19,2015-12-14,OFFICIAL_ONLY,NSE_F111BB4114FB,FCONSUMER
2015-10-19,2015-12-14,OFFICIAL_ONLY,NSE_F161C38951CE,SRIPIPES
2015-10-19,2015-12-14,OFFICIAL_ONLY,NSE_F5B77D59A62C,L&TFH
2015-10-19,2015-12-14,OFFICIAL_ONLY,NSE_F7FF721279AE,PVR
2015-10-19,2015-12-14,OFFICIAL_ONLY,NSE_FE37750EBD83,ABB
2015-10-19,2015-12-14,OFFICIAL_ONLY,NSE_FED8B098DEA5,GSKCONS
2015-10-19,2015-12-14,OFFICIAL_ONLY,NSE_FF6FC74E85C1,MINDTREE
2015-10-19,2015-12-14,PREVIOUS_ONLY,NSE_015D3C811935,SNOWMAN
2015-10-19,2015-12-14,PREVIOUS_ONLY,NSE_08FB9B51264C,KWALITY
2015-10-19,2015-12-14,PREVIOUS_ONLY,NSE_0A208E331D8C,MAHINDCIE
2015-10-19,2015-12-14,PREVIOUS_ONLY,NSE_0CDA14210E4D,DISHTV
2015-10-19,2015-12-14,PREVIOUS_ONLY,NSE_148E052CEC64,GRANULES
2015-10-19,2015-12-14,PREVIOUS_ONLY,NSE_15269CF9ABBD,TAKE
2015-10-19,2015-12-14,PREVIOUS_ONLY,NSE_1671B749B56F,IDFC
2015-10-19,2015-12-14,PREVIOUS_ONLY,NSE_1957FAB1366F,INDOCO
2015-10-19,2015-12-14,PREVIOUS_ONLY,NSE_1BB2D50D7572,EQUITAS
2015-10-19,2015-12-14,PREVIOUS_ONLY,NSE_232F7BA109E4,ANGELONE
2015-10-19,2015-12-14,PREVIOUS_ONLY,NSE_3B598B9F02C0,SUPRAJIT
2015-10-19,2015-12-14,PREVIOUS_ONLY,NSE_3CD1CF512D16,AHLUCONT
2015-10-19,2015-12-14,PREVIOUS_ONLY,NSE_3E5680388E4E,JINDALPOLY
2015-10-19,2015-12-14,PREVIOUS_ONLY,NSE_40AA7F3995D1,INDIGO
2015-10-19,2015-12-14,PREVIOUS_ONLY,NSE_41D6658A86E3,ICIL
2015-10-19,2015-12-14,PREVIOUS_ONLY,NSE_42CD50DCCBD6,ADANIENT
2015-10-19,2015-12-14,PREVIOUS_ONLY,NSE_42FEBF5D9ADF,CERA
2015-10-19,2015-12-14,PREVIOUS_ONLY,NSE_469926D3FD6A,TIMKEN
2015-10-19,2015-12-14,PREVIOUS_ONLY,NSE_46A3EC428CE2,GUJGASLTD
2015-10-19,2015-12-14,PREVIOUS_ONLY,NSE_4723627B4BA6,KESORAMIND
2015-10-19,2015-12-14,PREVIOUS_ONLY,NSE_4B53EB5E333F,SYNGENE
2015-10-19,2015-12-14,PREVIOUS_ONLY,NSE_4C12111E25F6,WONDERLA
2015-10-19,2015-12-14,PREVIOUS_ONLY,NSE_4CD9919938EF,CCL
2015-10-19,2015-12-14,PREVIOUS_ONLY,NSE_5405849154DD,GRINDWELL
2015-10-19,2015-12-14,PREVIOUS_ONLY,NSE_62370E1BA80E,RHIM
2015-10-19,2015-12-14,PREVIOUS_ONLY,NSE_62907813BC36,TIDEWATER
2015-10-19,2015-12-14,PREVIOUS_ONLY,NSE_63EB9280D90F,TEXRAIL
2015-10-19,2015-12-14,PREVIOUS_ONLY,NSE_659E411DCE22,NH
2015-10-19,2015-12-14,PREVIOUS_ONLY,NSE_66EF9E74F5E3,SHILPAMED
2015-10-19,2015-12-14,PREVIOUS_ONLY,NSE_68E3F7F5879F,IPAPPM
2015-10-19,2015-12-14,PREVIOUS_ONLY,NSE_69D8A25A8131,ALKEM
2015-10-19,2015-12-14,PREVIOUS_ONLY,NSE_6C4CBD6F12EE,RELAXO
2015-10-19,2015-12-14,PREVIOUS_ONLY,NSE_6E0CB7353991,LALPATHLAB
2015-10-19,2015-12-14,PREVIOUS_ONLY,NSE_7127DE38999E,SJVN
2015-10-19,2015-12-14,PREVIOUS_ONLY,NSE_740B7EE9CB08,SOLARINDS
2015-10-19,2015-12-14,PREVIOUS_ONLY,NSE_75A1EC6089B7,NILKAMAL
2015-10-19,2015-12-14,PREVIOUS_ONLY,NSE_7D44EE89941C,BLISSGVS
2015-10-19,2015-12-14,PREVIOUS_ONLY,NSE_812A4A064978,CGPOWER
2015-10-19,2015-12-14,PREVIOUS_ONLY,NSE_85A771F24921,JCHAC
2015-10-19,2015-12-14,PREVIOUS_ONLY,NSE_8D41A8008DA2,RKFORGE
2015-10-19,2015-12-14,PREVIOUS_ONLY,NSE_914B18D01343,HMVL
2015-10-19,2015-12-14,PREVIOUS_ONLY,NSE_985104D9ABBA,AVANTIFEED
2015-10-19,2015-12-14,PREVIOUS_ONLY,NSE_9891A0739E64,DHANUKA
2015-10-19,2015-12-14,PREVIOUS_ONLY,NSE_98CBA18954BD,MFSL
2015-10-19,2015-12-14,PREVIOUS_ONLY,NSE_9CD0408E0E4C,TRITURBINE
2015-10-19,2015-12-14,PREVIOUS_ONLY,NSE_9E3BB2CB962F,CHOLAHLDNG
2015-10-19,2015-12-14,PREVIOUS_ONLY,NSE_A508378B12ED,CAPLIPOINT
2015-10-19,2015-12-14,PREVIOUS_ONLY,NSE_A5EA8EAC7050,APLAPOLLO
2015-10-19,2015-12-14,PREVIOUS_ONLY,NSE_A787B7252904,POLARIS
2015-10-19,2015-12-14,PREVIOUS_ONLY,NSE_A7A22C73AF33,JETAIRWAYS
2015-10-19,2015-12-14,PREVIOUS_ONLY,NSE_AD4461AE56EF,TVSSRICHAK
2015-10-19,2015-12-14,PREVIOUS_ONLY,NSE_AE697C87E3F3,SHARDACROP
2015-10-19,2015-12-14,PREVIOUS_ONLY,NSE_B04856B88EED,CROMPTON
2015-10-19,2015-12-14,PREVIOUS_ONLY,NSE_B3968699E9E2,INTELLECT
2015-10-19,2015-12-14,PREVIOUS_ONLY,NSE_B7616A734F2C,TCI
2015-10-19,2015-12-14,PREVIOUS_ONLY,NSE_BFBEFE6B6DB3,MANAPPURAM
2015-10-19,2015-12-14,PREVIOUS_ONLY,NSE_CA42918156CA,INFIBEAM
2015-10-19,2015-12-14,PREVIOUS_ONLY,NSE_CE1B55B0FE79,DALBHARAT
2015-10-19,2015-12-14,PREVIOUS_ONLY,NSE_CE21025CD02D,VGUARD
2015-10-19,2015-12-14,PREVIOUS_ONLY,NSE_D0658C86F917,ZEELEARN
2015-10-19,2015-12-14,PREVIOUS_ONLY,NSE_D0ABB9249124,BGRENERGY
2015-10-19,2015-12-14,PREVIOUS_ONLY,NSE_D10A18C00D0B,MTNL
2015-10-19,2015-12-14,PREVIOUS_ONLY,NSE_D35374D82BA3,IDFCFIRSTB
2015-10-19,2015-12-14,PREVIOUS_ONLY,NSE_D376FF14ECD7,STCINDIA
2015-10-19,2015-12-14,PREVIOUS_ONLY,NSE_D40F53D9B283,360ONE
2015-10-19,2015-12-14,PREVIOUS_ONLY,NSE_D4F3ADAA19EE,MANPASAND
2015-10-19,2015-12-14,PREVIOUS_ONLY,NSE_D63E80751915,PCBL
2015-10-19,2015-12-14,PREVIOUS_ONLY,NSE_D67F47161F2D,SFCL
2015-10-19,2015-12-14,PREVIOUS_ONLY,NSE_D6EC0847F646,ABFRL
2015-10-19,2015-12-14,PREVIOUS_ONLY,NSE_D701BCB8CF79,RAMCOSYS
2015-10-19,2015-12-14,PREVIOUS_ONLY,NSE_D8E4AC26C341,RTNPOWER
2015-10-19,2015-12-14,PREVIOUS_ONLY,NSE_D9A959B5F435,ABIRLANUVO
2015-10-19,2015-12-14,PREVIOUS_ONLY,NSE_DAE0D0015DDC,IGARASHI
2015-10-19,2015-12-14,PREVIOUS_ONLY,NSE_E26A501DCF72,JMTAUTOLTD
2015-10-19,2015-12-14,PREVIOUS_ONLY,NSE_E33BF28052EC,GREENPLY
2015-10-19,2015-12-14,PREVIOUS_ONLY,NSE_E7C0FAEE3336,NAVKARCORP
2015-10-19,2015-12-14,PREVIOUS_ONLY,NSE_EBB02BC0F381,COFFEEDAY
2015-10-19,2015-12-14,PREVIOUS_ONLY,NSE_F0FD06753A0C,PCJEWELLER
2015-10-19,2015-12-14,PREVIOUS_ONLY,NSE_F10F8CF228CE,HEIDELBERG
2015-10-19,2015-12-14,PREVIOUS_ONLY,NSE_F210221D2F17,HUHTAMAKI
2015-10-19,2015-12-14,PREVIOUS_ONLY,NSE_F2B25E44F3E5,SMLISUZU
2015-10-19,2015-12-14,PREVIOUS_ONLY,NSE_F7B46E5369C2,SEQUENT
2015-10-19,2015-12-14,PREVIOUS_ONLY,NSE_FA96276A2517,SOMANYCERA
2015-10-19,2015-12-14,PREVIOUS_ONLY,NSE_FB65F4DE6E54,OCL
2015-10-19,2015-12-14,PREVIOUS_ONLY,NSE_FBA9C5E2CF53,BRFL
2015-10-19,2015-12-14,PREVIOUS_ONLY,NSE_FD6C3BA21716,NAVINFLUOR
2015-10-19,2015-12-14,PREVIOUS_UNMAPPED,,SHTV
2015-10-19,2015-12-14,PREVIOUS_UNMAPPED,,SGPC
2015-10-19,2015-12-14,PREVIOUS_UNMAPPED,,GMRAIRPORT
2015-10-19,2015-12-14,PREVIOUS_UNMAPPED,,EPIGRAL
2015-10-19,2015-12-14,PREVIOUS_UNMAPPED,,CIEINDIA
2015-10-19,2015-12-14,PREVIOUS_UNMAPPED,,LTF
2015-10-19,2015-12-14,PREVIOUS_UNMAPPED,,TMPV
2015-10-19,2015-12-14,PREVIOUS_UNMAPPED,,JSWDULUX
2015-10-19,2015-12-14,PREVIOUS_UNMAPPED,,UNITDSPR
2015-10-19,2015-12-14,PREVIOUS_UNMAPPED,,ABREL
2015-10-19,2015-12-14,PREVIOUS_UNMAPPED,,SWANCORP
2015-10-19,2015-12-14,PREVIOUS_UNMAPPED,,WELSPUNLIV
2015-10-19,2015-12-14,PREVIOUS_UNMAPPED,,ADANIENSOL
2015-10-19,2015-12-14,PREVIOUS_UNMAPPED,,ARE&M
2015-10-19,2015-12-14,PREVIOUS_UNMAPPED,,AEGISLOG
2015-10-19,2015-12-14,PREVIOUS_UNMAPPED,,KPIL
2015-10-19,2015-12-14,PREVIOUS_UNMAPPED,,GVT&D
2015-10-19,2015-12-14,PREVIOUS_UNMAPPED,,COHANCE
2015-10-19,2015-12-14,PREVIOUS_UNMAPPED,,HBLENGINE
2015-10-19,2015-12-14,PREVIOUS_UNMAPPED,,SAMMAANCAP
2015-12-14,2016-01-18,OFFICIAL_ONLY,NSE_0711207C900A,GITANJALI
2015-12-14,2016-01-18,OFFICIAL_ONLY,NSE_092A1C3253B4,TATAMOTORS
2015-12-14,2016-01-18,OFFICIAL_ONLY,NSE_0C8E43FADDB8,IVRCLINFRA
2015-12-14,2016-01-18,OFFICIAL_ONLY,NSE_0F72F66469D6,GRAPHITE
2015-12-14,2016-01-18,OFFICIAL_ONLY,NSE_15523813BD4A,NOIDATOLL
2015-12-14,2016-01-18,OFFICIAL_ONLY,NSE_1BF63B49C19E,TVTODAY
2015-12-14,2016-01-18,OFFICIAL_ONLY,NSE_1FE8B4643571,GEOJITFSL
2015-12-14,2016-01-18,OFFICIAL_ONLY,NSE_2216670637F8,WELSPUNIND
2015-12-14,2016-01-18,OFFICIAL_ONLY,NSE_22A49E238B39,GMRINFRA
2015-12-14,2016-01-18,OFFICIAL_ONLY,NSE_22FC8142A6A2,VIVIDHA
2015-12-14,2016-01-18,OFFICIAL_ONLY,NSE_256CD40487EB,IL&FSENGG
2015-12-14,2016-01-18,OFFICIAL_ONLY,NSE_28824E5CE2B2,METALFORGE
2015-12-14,2016-01-18,OFFICIAL_ONLY,NSE_2B12B6998928,RELCAPITAL
2015-12-14,2016-01-18,OFFICIAL_ONLY,NSE_2EF7833DA8D3,HEG
2015-12-14,2016-01-18,OFFICIAL_ONLY,NSE_3087CF0E8810,TDPOWERSYS
2015-12-14,2016-01-18,OFFICIAL_ONLY,NSE_3604A340ECD7,KSK
2015-12-14,2016-01-18,OFFICIAL_ONLY,NSE_3CC9204EE206,GEOMETRIC
2015-12-14,2016-01-18,OFFICIAL_ONLY,NSE_400E6C0FE473,PRAKASH
2015-12-14,2016-01-18,OFFICIAL_ONLY,NSE_403ED77BEF36,TREEHOUSE
2015-12-14,2016-01-18,OFFICIAL_ONLY,NSE_40F417DAB497,MBLINFRA
2015-12-14,2016-01-18,OFFICIAL_ONLY,NSE_4C7DD340FFE0,OPTOCIRCUI
2015-12-14,2016-01-18,OFFICIAL_ONLY,NSE_4CBB5F1B54B4,IMAGICAA
2015-12-14,2016-01-18,OFFICIAL_ONLY,NSE_502982CDBAAD,ASAHIINDIA
2015-12-14,2016-01-18,OFFICIAL_ONLY,NSE_50647847C4A3,LGBBROSLTD
2015-12-14,2016-01-18,OFFICIAL_ONLY,NSE_51A975E4F5EC,CAMLINFINE
2015-12-14,2016-01-18,OFFICIAL_ONLY,NSE_55FFE606B7E2,RATNAMANI
2015-12-14,2016-01-18,OFFICIAL_ONLY,NSE_5602EE99E050,CENTENKA
2015-12-14,2016-01-18,OFFICIAL_ONLY,NSE_5813C47C6758,HEXAWARE
2015-12-14,2016-01-18,OFFICIAL_ONLY,NSE_5D0160460CD9,GHCL
2015-12-14,2016-01-18,OFFICIAL_ONLY,NSE_5E4BFA7651A2,AJRINFRA
2015-12-14,2016-01-18,OFFICIAL_ONLY,NSE_633BD53DAEC1,SBT
2015-12-14,2016-01-18,OFFICIAL_ONLY,NSE_63AB3F8FE7C5,MERCATOR
2015-12-14,2016-01-18,OFFICIAL_ONLY,NSE_6486648C9FB1,ESSDEE
2015-12-14,2016-01-18,OFFICIAL_ONLY,NSE_65DD43BDBE2D,CASTEXTECH
2015-12-14,2016-01-18,OFFICIAL_ONLY,NSE_675CFCEE5D02,GABRIEL
2015-12-14,2016-01-18,OFFICIAL_ONLY,NSE_70031FDFB6EF,FLEXITUFF
2015-12-14,2016-01-18,OFFICIAL_ONLY,NSE_70BDB629EB71,RICOAUTO
2015-12-14,2016-01-18,OFFICIAL_ONLY,NSE_7336A438D402,ELECTCAST
2015-12-14,2016-01-18,OFFICIAL_ONLY,NSE_78493707FA85,ENIL
2015-12-14,2016-01-18,OFFICIAL_ONLY,NSE_7A24E610012A,SWARAJENG
2015-12-14,2016-01-18,OFFICIAL_ONLY,NSE_7BD208D47A49,MCDOWELL-N
2015-12-14,2016-01-18,OFFICIAL_ONLY,NSE_7E6BEA8882F4,MUNJALSHOW
2015-12-14,2016-01-18,OFFICIAL_ONLY,NSE_7E9F9084BD7D,JUBLPHARMA
2015-12-14,2016-01-18,OFFICIAL_ONLY,NSE_7F8B1EBDE62B,PATELENG
2015-12-14,2016-01-18,OFFICIAL_ONLY,NSE_81E6A1C5A552,VESUVIUS
2015-12-14,2016-01-18,OFFICIAL_ONLY,NSE_83E296865792,ATFL
2015-12-14,2016-01-18,OFFICIAL_ONLY,NSE_851A827BCF83,NAVNETEDUL
2015-12-14,2016-01-18,OFFICIAL_ONLY,NSE_8B1A9BBDE5E6,PRSMJOHNSN
2015-12-14,2016-01-18,OFFICIAL_ONLY,NSE_8BBC0680BDBA,NAVA
2015-12-14,2016-01-18,OFFICIAL_ONLY,NSE_8E2A665067A2,PENINLAND
2015-12-14,2016-01-18,OFFICIAL_ONLY,NSE_94DBF4CE7AC2,MTEDUCARE
2015-12-14,2016-01-18,OFFICIAL_ONLY,NSE_961E02880D58,ADANIPOWER
2015-12-14,2016-01-18,OFFICIAL_ONLY,NSE_96586AD2DEEB,TBZ
2015-12-14,2016-01-18,OFFICIAL_ONLY,NSE_978A4180C4F3,SUPREMEINF
2015-12-14,2016-01-18,OFFICIAL_ONLY,NSE_9A67203EFED3,USHAMART
2015-12-14,2016-01-18,OFFICIAL_ONLY,NSE_9AE82A200CBD,NIITLTD
2015-12-14,2016-01-18,OFFICIAL_ONLY,NSE_9B813D17D74B,SHRENUJ
2015-12-14,2016-01-18,OFFICIAL_ONLY,NSE_9E4C0423BFF8,GUJALKALI
2015-12-14,2016-01-18,OFFICIAL_ONLY,NSE_9E788BED7AEF,KALPATPOWR
2015-12-14,2016-01-18,OFFICIAL_ONLY,NSE_9F5985EF710B,GTLINFRA
2015-12-14,2016-01-18,OFFICIAL_ONLY,NSE_A1950E96A064,PURVA
2015-12-14,2016-01-18,OFFICIAL_ONLY,NSE_A21D36A1385B,PENIND
2015-12-14,2016-01-18,OFFICIAL_ONLY,NSE_AA00EC8A4A3D,SUPPETRO
2015-12-14,2016-01-18,OFFICIAL_ONLY,NSE_AE25FA292E6D,KNRCON
2015-12-14,2016-01-18,OFFICIAL_ONLY,NSE_AE2862139B09,WHEELS
2015-12-14,2016-01-18,OFFICIAL_ONLY,NSE_B02D9BEB0D0A,NOCIL
2015-12-14,2016-01-18,OFFICIAL_ONLY,NSE_B0F020774F39,DHANI
2015-12-14,2016-01-18,OFFICIAL_ONLY,NSE_B3E526664FC0,AMARAJABAT
2015-12-14,2016-01-18,OFFICIAL_ONLY,NSE_B46CD836B94A,AUTOAXLES
2015-12-14,2016-01-18,OFFICIAL_ONLY,NSE_B88435B10855,ELGIEQUIP
2015-12-14,2016-01-18,OFFICIAL_ONLY,NSE_B8C8A459A862,DHANBANK
2015-12-14,2016-01-18,OFFICIAL_ONLY,NSE_BAF1627773E0,VIDEOIND
2015-12-14,2016-01-18,OFFICIAL_ONLY,NSE_BB7D75A98B81,NDTV
2015-12-14,2016-01-18,OFFICIAL_ONLY,NSE_BBC622D344B2,VAIBHAVGBL
2015-12-14,2016-01-18,OFFICIAL_ONLY,NSE_BE6B81B4D2AE,UTTAMSTL
2015-12-14,2016-01-18,OFFICIAL_ONLY,NSE_BE847AB99029,JYOTISTRUC
2015-12-14,2016-01-18,OFFICIAL_ONLY,NSE_C0628B35007C,ESABINDIA
2015-12-14,2016-01-18,OFFICIAL_ONLY,NSE_C23A48F8DAF4,SBBJ
2015-12-14,2016-01-18,OFFICIAL_ONLY,NSE_C43FB1E82A75,63MOONS
2015-12-14,2016-01-18,OFFICIAL_ONLY,NSE_C4988FC46272,CAIRN
2015-12-14,2016-01-18,OFFICIAL_ONLY,NSE_C558FE982959,HEUBACHIND
2015-12-14,2016-01-18,OFFICIAL_ONLY,NSE_C9730FDF32DB,ABGSHIP
2015-12-14,2016-01-18,OFFICIAL_ONLY,NSE_CC1A452E363C,TATAINVEST
2015-12-14,2016-01-18,OFFICIAL_ONLY,NSE_D00C1130DAE7,JTEKTINDIA
2015-12-14,2016-01-18,OFFICIAL_ONLY,NSE_D1A2AB285CE4,GULFOILLUB
2015-12-14,2016-01-18,OFFICIAL_ONLY,NSE_D3148EEB7BF0,IBULHSGFIN
2015-12-14,2016-01-18,OFFICIAL_ONLY,NSE_D3F406024851,GIPCL
2015-12-14,2016-01-18,OFFICIAL_ONLY,NSE_D448CCCD5389,GNFC
2015-12-14,2016-01-18,OFFICIAL_ONLY,NSE_D45E2178880F,MAHSEAMLES
2015-12-14,2016-01-18,OFFICIAL_ONLY,NSE_D57CF4D8191A,PAISALO
2015-12-14,2016-01-18,OFFICIAL_ONLY,NSE_E102D7DE4C2C,GRUH
2015-12-14,2016-01-18,OFFICIAL_ONLY,NSE_E2CB5EC37279,PARSVNATH
2015-12-14,2016-01-18,OFFICIAL_ONLY,NSE_E5B9AB42956F,BINDALAGRO
2015-12-14,2016-01-18,OFFICIAL_ONLY,NSE_E6BC41F4E8C3,KKCL
2015-12-14,2016-01-18,OFFICIAL_ONLY,NSE_E9019530042D,SHANTIGEAR
2015-12-14,2016-01-18,OFFICIAL_ONLY,NSE_E9CD94ECB13B,MAHSCOOTER
2015-12-14,2016-01-18,OFFICIAL_ONLY,NSE_EBAC40911065,KCP
2015-12-14,2016-01-18,OFFICIAL_ONLY,NSE_EEAD76022193,HERITGFOOD
2015-12-14,2016-01-18,OFFICIAL_ONLY,NSE_EFD7B6E7FD96,FMGOETZE
2015-12-14,2016-01-18,OFFICIAL_ONLY,NSE_F111BB4114FB,FCONSUMER
2015-12-14,2016-01-18,OFFICIAL_ONLY,NSE_F161C38951CE,SRIPIPES
2015-12-14,2016-01-18,OFFICIAL_ONLY,NSE_F5B77D59A62C,L&TFH
2015-12-14,2016-01-18,OFFICIAL_ONLY,NSE_F7FF721279AE,PVR
2015-12-14,2016-01-18,OFFICIAL_ONLY,NSE_FE37750EBD83,ABB
2015-12-14,2016-01-18,OFFICIAL_ONLY,NSE_FED8B098DEA5,GSKCONS
2015-12-14,2016-01-18,OFFICIAL_ONLY,NSE_FF6FC74E85C1,MINDTREE
2015-12-14,2016-01-18,PREVIOUS_ONLY,NSE_015D3C811935,SNOWMAN
2015-12-14,2016-01-18,PREVIOUS_ONLY,NSE_08FB9B51264C,KWALITY
2015-12-14,2016-01-18,PREVIOUS_ONLY,NSE_0A208E331D8C,MAHINDCIE
2015-12-14,2016-01-18,PREVIOUS_ONLY,NSE_0CDA14210E4D,DISHTV
2015-12-14,2016-01-18,PREVIOUS_ONLY,NSE_148E052CEC64,GRANULES
2015-12-14,2016-01-18,PREVIOUS_ONLY,NSE_15269CF9ABBD,TAKE
2015-12-14,2016-01-18,PREVIOUS_ONLY,NSE_1671B749B56F,IDFC
2015-12-14,2016-01-18,PREVIOUS_ONLY,NSE_1957FAB1366F,INDOCO
2015-12-14,2016-01-18,PREVIOUS_ONLY,NSE_1BB2D50D7572,EQUITAS
2015-12-14,2016-01-18,PREVIOUS_ONLY,NSE_232F7BA109E4,ANGELONE
2015-12-14,2016-01-18,PREVIOUS_ONLY,NSE_3B598B9F02C0,SUPRAJIT
2015-12-14,2016-01-18,PREVIOUS_ONLY,NSE_3CD1CF512D16,AHLUCONT
2015-12-14,2016-01-18,PREVIOUS_ONLY,NSE_3E5680388E4E,JINDALPOLY
2015-12-14,2016-01-18,PREVIOUS_ONLY,NSE_40AA7F3995D1,INDIGO
2015-12-14,2016-01-18,PREVIOUS_ONLY,NSE_41D6658A86E3,ICIL
2015-12-14,2016-01-18,PREVIOUS_ONLY,NSE_42CD50DCCBD6,ADANIENT
2015-12-14,2016-01-18,PREVIOUS_ONLY,NSE_42FEBF5D9ADF,CERA
2015-12-14,2016-01-18,PREVIOUS_ONLY,NSE_469926D3FD6A,TIMKEN
2015-12-14,2016-01-18,PREVIOUS_ONLY,NSE_46A3EC428CE2,GUJGASLTD
2015-12-14,2016-01-18,PREVIOUS_ONLY,NSE_4723627B4BA6,KESORAMIND
2015-12-14,2016-01-18,PREVIOUS_ONLY,NSE_4B53EB5E333F,SYNGENE
2015-12-14,2016-01-18,PREVIOUS_ONLY,NSE_4C12111E25F6,WONDERLA
2015-12-14,2016-01-18,PREVIOUS_ONLY,NSE_4CD9919938EF,CCL
2015-12-14,2016-01-18,PREVIOUS_ONLY,NSE_5405849154DD,GRINDWELL
2015-12-14,2016-01-18,PREVIOUS_ONLY,NSE_62370E1BA80E,RHIM
2015-12-14,2016-01-18,PREVIOUS_ONLY,NSE_62907813BC36,TIDEWATER
2015-12-14,2016-01-18,PREVIOUS_ONLY,NSE_63EB9280D90F,TEXRAIL
2015-12-14,2016-01-18,PREVIOUS_ONLY,NSE_659E411DCE22,NH
2015-12-14,2016-01-18,PREVIOUS_ONLY,NSE_66EF9E74F5E3,SHILPAMED
2015-12-14,2016-01-18,PREVIOUS_ONLY,NSE_68E3F7F5879F,IPAPPM
2015-12-14,2016-01-18,PREVIOUS_ONLY,NSE_69D8A25A8131,ALKEM
2015-12-14,2016-01-18,PREVIOUS_ONLY,NSE_6C4CBD6F12EE,RELAXO
2015-12-14,2016-01-18,PREVIOUS_ONLY,NSE_6E0CB7353991,LALPATHLAB
2015-12-14,2016-01-18,PREVIOUS_ONLY,NSE_7127DE38999E,SJVN
2015-12-14,2016-01-18,PREVIOUS_ONLY,NSE_740B7EE9CB08,SOLARINDS
2015-12-14,2016-01-18,PREVIOUS_ONLY,NSE_75A1EC6089B7,NILKAMAL
2015-12-14,2016-01-18,PREVIOUS_ONLY,NSE_7D44EE89941C,BLISSGVS
2015-12-14,2016-01-18,PREVIOUS_ONLY,NSE_812A4A064978,CGPOWER
2015-12-14,2016-01-18,PREVIOUS_ONLY,NSE_85A771F24921,JCHAC
2015-12-14,2016-01-18,PREVIOUS_ONLY,NSE_8D41A8008DA2,RKFORGE
2015-12-14,2016-01-18,PREVIOUS_ONLY,NSE_914B18D01343,HMVL
2015-12-14,2016-01-18,PREVIOUS_ONLY,NSE_985104D9ABBA,AVANTIFEED
2015-12-14,2016-01-18,PREVIOUS_ONLY,NSE_9891A0739E64,DHANUKA
2015-12-14,2016-01-18,PREVIOUS_ONLY,NSE_98CBA18954BD,MFSL
2015-12-14,2016-01-18,PREVIOUS_ONLY,NSE_9CD0408E0E4C,TRITURBINE
2015-12-14,2016-01-18,PREVIOUS_ONLY,NSE_9E3BB2CB962F,CHOLAHLDNG
2015-12-14,2016-01-18,PREVIOUS_ONLY,NSE_A508378B12ED,CAPLIPOINT
2015-12-14,2016-01-18,PREVIOUS_ONLY,NSE_A5EA8EAC7050,APLAPOLLO
2015-12-14,2016-01-18,PREVIOUS_ONLY,NSE_A787B7252904,POLARIS
2015-12-14,2016-01-18,PREVIOUS_ONLY,NSE_A7A22C73AF33,JETAIRWAYS
2015-12-14,2016-01-18,PREVIOUS_ONLY,NSE_AD4461AE56EF,TVSSRICHAK
2015-12-14,2016-01-18,PREVIOUS_ONLY,NSE_AE697C87E3F3,SHARDACROP
2015-12-14,2016-01-18,PREVIOUS_ONLY,NSE_B04856B88EED,CROMPTON
2015-12-14,2016-01-18,PREVIOUS_ONLY,NSE_B3968699E9E2,INTELLECT
2015-12-14,2016-01-18,PREVIOUS_ONLY,NSE_B7616A734F2C,TCI
2015-12-14,2016-01-18,PREVIOUS_ONLY,NSE_BFBEFE6B6DB3,MANAPPURAM
2015-12-14,2016-01-18,PREVIOUS_ONLY,NSE_CA42918156CA,INFIBEAM
2015-12-14,2016-01-18,PREVIOUS_ONLY,NSE_CE1B55B0FE79,DALBHARAT
2015-12-14,2016-01-18,PREVIOUS_ONLY,NSE_CE21025CD02D,VGUARD
2015-12-14,2016-01-18,PREVIOUS_ONLY,NSE_D0658C86F917,ZEELEARN
2015-12-14,2016-01-18,PREVIOUS_ONLY,NSE_D0ABB9249124,BGRENERGY
2015-12-14,2016-01-18,PREVIOUS_ONLY,NSE_D10A18C00D0B,MTNL
2015-12-14,2016-01-18,PREVIOUS_ONLY,NSE_D35374D82BA3,IDFCFIRSTB
2015-12-14,2016-01-18,PREVIOUS_ONLY,NSE_D376FF14ECD7,STCINDIA
2015-12-14,2016-01-18,PREVIOUS_ONLY,NSE_D40F53D9B283,360ONE
2015-12-14,2016-01-18,PREVIOUS_ONLY,NSE_D4F3ADAA19EE,MANPASAND
2015-12-14,2016-01-18,PREVIOUS_ONLY,NSE_D63E80751915,PCBL
2015-12-14,2016-01-18,PREVIOUS_ONLY,NSE_D67F47161F2D,SFCL
2015-12-14,2016-01-18,PREVIOUS_ONLY,NSE_D6EC0847F646,ABFRL
2015-12-14,2016-01-18,PREVIOUS_ONLY,NSE_D701BCB8CF79,RAMCOSYS
2015-12-14,2016-01-18,PREVIOUS_ONLY,NSE_D8E4AC26C341,RTNPOWER
2015-12-14,2016-01-18,PREVIOUS_ONLY,NSE_D9A959B5F435,ABIRLANUVO
2015-12-14,2016-01-18,PREVIOUS_ONLY,NSE_DAE0D0015DDC,IGARASHI
2015-12-14,2016-01-18,PREVIOUS_ONLY,NSE_E26A501DCF72,JMTAUTOLTD
2015-12-14,2016-01-18,PREVIOUS_ONLY,NSE_E33BF28052EC,GREENPLY
2015-12-14,2016-01-18,PREVIOUS_ONLY,NSE_E7C0FAEE3336,NAVKARCORP
2015-12-14,2016-01-18,PREVIOUS_ONLY,NSE_EBB02BC0F381,COFFEEDAY
2015-12-14,2016-01-18,PREVIOUS_ONLY,NSE_F0FD06753A0C,PCJEWELLER
2015-12-14,2016-01-18,PREVIOUS_ONLY,NSE_F10F8CF228CE,HEIDELBERG
2015-12-14,2016-01-18,PREVIOUS_ONLY,NSE_F210221D2F17,HUHTAMAKI
2015-12-14,2016-01-18,PREVIOUS_ONLY,NSE_F2B25E44F3E5,SMLISUZU
2015-12-14,2016-01-18,PREVIOUS_ONLY,NSE_F7B46E5369C2,SEQUENT
2015-12-14,2016-01-18,PREVIOUS_ONLY,NSE_FA96276A2517,SOMANYCERA
2015-12-14,2016-01-18,PREVIOUS_ONLY,NSE_FB65F4DE6E54,OCL
2015-12-14,2016-01-18,PREVIOUS_ONLY,NSE_FBA9C5E2CF53,BRFL
2015-12-14,2016-01-18,PREVIOUS_ONLY,NSE_FD6C3BA21716,NAVINFLUOR
2015-12-14,2016-01-18,PREVIOUS_UNMAPPED,,SHTV
2015-12-14,2016-01-18,PREVIOUS_UNMAPPED,,SGPC
2015-12-14,2016-01-18,PREVIOUS_UNMAPPED,,GMRAIRPORT
2015-12-14,2016-01-18,PREVIOUS_UNMAPPED,,EPIGRAL
2015-12-14,2016-01-18,PREVIOUS_UNMAPPED,,CIEINDIA
2015-12-14,2016-01-18,PREVIOUS_UNMAPPED,,LTF
2015-12-14,2016-01-18,PREVIOUS_UNMAPPED,,TMPV
2015-12-14,2016-01-18,PREVIOUS_UNMAPPED,,JSWDULUX
2015-12-14,2016-01-18,PREVIOUS_UNMAPPED,,UNITDSPR
2015-12-14,2016-01-18,PREVIOUS_UNMAPPED,,ABREL
2015-12-14,2016-01-18,PREVIOUS_UNMAPPED,,SWANCORP
2015-12-14,2016-01-18,PREVIOUS_UNMAPPED,,WELSPUNLIV
2015-12-14,2016-01-18,PREVIOUS_UNMAPPED,,ADANIENSOL
2015-12-14,2016-01-18,PREVIOUS_UNMAPPED,,ARE&M
2015-12-14,2016-01-18,PREVIOUS_UNMAPPED,,AEGISLOG
2015-12-14,2016-01-18,PREVIOUS_UNMAPPED,,KPIL
2015-12-14,2016-01-18,PREVIOUS_UNMAPPED,,GVT&D
2015-12-14,2016-01-18,PREVIOUS_UNMAPPED,,COHANCE
2015-12-14,2016-01-18,PREVIOUS_UNMAPPED,,HBLENGINE
2015-12-14,2016-01-18,PREVIOUS_UNMAPPED,,SAMMAANCAP
2016-01-18,2016-04-01,OFFICIAL_ONLY,NSE_0711207C900A,GITANJALI
2016-01-18,2016-04-01,OFFICIAL_ONLY,NSE_092A1C3253B4,TATAMOTORS
2016-01-18,2016-04-01,OFFICIAL_ONLY,NSE_0C8E43FADDB8,IVRCLINFRA
2016-01-18,2016-04-01,OFFICIAL_ONLY,NSE_0F72F66469D6,GRAPHITE
2016-01-18,2016-04-01,OFFICIAL_ONLY,NSE_15523813BD4A,NOIDATOLL
2016-01-18,2016-04-01,OFFICIAL_ONLY,NSE_1BF63B49C19E,TVTODAY
2016-01-18,2016-04-01,OFFICIAL_ONLY,NSE_1FE8B4643571,GEOJITFSL
2016-01-18,2016-04-01,OFFICIAL_ONLY,NSE_2216670637F8,WELSPUNIND
2016-01-18,2016-04-01,OFFICIAL_ONLY,NSE_22A49E238B39,GMRINFRA
2016-01-18,2016-04-01,OFFICIAL_ONLY,NSE_22FC8142A6A2,VIVIDHA
2016-01-18,2016-04-01,OFFICIAL_ONLY,NSE_256CD40487EB,IL&FSENGG
2016-01-18,2016-04-01,OFFICIAL_ONLY,NSE_28824E5CE2B2,METALFORGE
2016-01-18,2016-04-01,OFFICIAL_ONLY,NSE_2B12B6998928,RELCAPITAL
2016-01-18,2016-04-01,OFFICIAL_ONLY,NSE_2EF7833DA8D3,HEG
2016-01-18,2016-04-01,OFFICIAL_ONLY,NSE_3087CF0E8810,TDPOWERSYS
2016-01-18,2016-04-01,OFFICIAL_ONLY,NSE_3604A340ECD7,KSK
2016-01-18,2016-04-01,OFFICIAL_ONLY,NSE_3CC9204EE206,GEOMETRIC
2016-01-18,2016-04-01,OFFICIAL_ONLY,NSE_400E6C0FE473,PRAKASH
2016-01-18,2016-04-01,OFFICIAL_ONLY,NSE_403ED77BEF36,TREEHOUSE
2016-01-18,2016-04-01,OFFICIAL_ONLY,NSE_40F417DAB497,MBLINFRA
2016-01-18,2016-04-01,OFFICIAL_ONLY,NSE_4C7DD340FFE0,OPTOCIRCUI
2016-01-18,2016-04-01,OFFICIAL_ONLY,NSE_4CBB5F1B54B4,IMAGICAA
2016-01-18,2016-04-01,OFFICIAL_ONLY,NSE_502982CDBAAD,ASAHIINDIA
2016-01-18,2016-04-01,OFFICIAL_ONLY,NSE_50647847C4A3,LGBBROSLTD
2016-01-18,2016-04-01,OFFICIAL_ONLY,NSE_51A975E4F5EC,CAMLINFINE
2016-01-18,2016-04-01,OFFICIAL_ONLY,NSE_55FFE606B7E2,RATNAMANI
2016-01-18,2016-04-01,OFFICIAL_ONLY,NSE_5602EE99E050,CENTENKA
2016-01-18,2016-04-01,OFFICIAL_ONLY,NSE_5813C47C6758,HEXAWARE
2016-01-18,2016-04-01,OFFICIAL_ONLY,NSE_5D0160460CD9,GHCL
2016-01-18,2016-04-01,OFFICIAL_ONLY,NSE_5E4BFA7651A2,AJRINFRA
2016-01-18,2016-04-01,OFFICIAL_ONLY,NSE_633BD53DAEC1,SBT
2016-01-18,2016-04-01,OFFICIAL_ONLY,NSE_63AB3F8FE7C5,MERCATOR
2016-01-18,2016-04-01,OFFICIAL_ONLY,NSE_6486648C9FB1,ESSDEE
2016-01-18,2016-04-01,OFFICIAL_ONLY,NSE_65DD43BDBE2D,CASTEXTECH
2016-01-18,2016-04-01,OFFICIAL_ONLY,NSE_675CFCEE5D02,GABRIEL
2016-01-18,2016-04-01,OFFICIAL_ONLY,NSE_70031FDFB6EF,FLEXITUFF
2016-01-18,2016-04-01,OFFICIAL_ONLY,NSE_70BDB629EB71,RICOAUTO
2016-01-18,2016-04-01,OFFICIAL_ONLY,NSE_7336A438D402,ELECTCAST
2016-01-18,2016-04-01,OFFICIAL_ONLY,NSE_78493707FA85,ENIL
2016-01-18,2016-04-01,OFFICIAL_ONLY,NSE_7A24E610012A,SWARAJENG
2016-01-18,2016-04-01,OFFICIAL_ONLY,NSE_7BD208D47A49,MCDOWELL-N
2016-01-18,2016-04-01,OFFICIAL_ONLY,NSE_7E6BEA8882F4,MUNJALSHOW
2016-01-18,2016-04-01,OFFICIAL_ONLY,NSE_7E9F9084BD7D,JUBLPHARMA
2016-01-18,2016-04-01,OFFICIAL_ONLY,NSE_7F8B1EBDE62B,PATELENG
2016-01-18,2016-04-01,OFFICIAL_ONLY,NSE_81E6A1C5A552,VESUVIUS
2016-01-18,2016-04-01,OFFICIAL_ONLY,NSE_83E296865792,ATFL
2016-01-18,2016-04-01,OFFICIAL_ONLY,NSE_851A827BCF83,NAVNETEDUL
2016-01-18,2016-04-01,OFFICIAL_ONLY,NSE_8B1A9BBDE5E6,PRSMJOHNSN
2016-01-18,2016-04-01,OFFICIAL_ONLY,NSE_8BBC0680BDBA,NAVA
2016-01-18,2016-04-01,OFFICIAL_ONLY,NSE_8E2A665067A2,PENINLAND
2016-01-18,2016-04-01,OFFICIAL_ONLY,NSE_94DBF4CE7AC2,MTEDUCARE
2016-01-18,2016-04-01,OFFICIAL_ONLY,NSE_961E02880D58,ADANIPOWER
2016-01-18,2016-04-01,OFFICIAL_ONLY,NSE_96586AD2DEEB,TBZ
2016-01-18,2016-04-01,OFFICIAL_ONLY,NSE_978A4180C4F3,SUPREMEINF
2016-01-18,2016-04-01,OFFICIAL_ONLY,NSE_9A67203EFED3,USHAMART
2016-01-18,2016-04-01,OFFICIAL_ONLY,NSE_9AE82A200CBD,NIITLTD
2016-01-18,2016-04-01,OFFICIAL_ONLY,NSE_9B813D17D74B,SHRENUJ
2016-01-18,2016-04-01,OFFICIAL_ONLY,NSE_9E4C0423BFF8,GUJALKALI
2016-01-18,2016-04-01,OFFICIAL_ONLY,NSE_9E788BED7AEF,KALPATPOWR
2016-01-18,2016-04-01,OFFICIAL_ONLY,NSE_9F5985EF710B,GTLINFRA
2016-01-18,2016-04-01,OFFICIAL_ONLY,NSE_A1950E96A064,PURVA
2016-01-18,2016-04-01,OFFICIAL_ONLY,NSE_A21D36A1385B,PENIND
2016-01-18,2016-04-01,OFFICIAL_ONLY,NSE_AA00EC8A4A3D,SUPPETRO
2016-01-18,2016-04-01,OFFICIAL_ONLY,NSE_AE25FA292E6D,KNRCON
2016-01-18,2016-04-01,OFFICIAL_ONLY,NSE_AE2862139B09,WHEELS
2016-01-18,2016-04-01,OFFICIAL_ONLY,NSE_B02D9BEB0D0A,NOCIL
2016-01-18,2016-04-01,OFFICIAL_ONLY,NSE_B0F020774F39,DHANI
2016-01-18,2016-04-01,OFFICIAL_ONLY,NSE_B3E526664FC0,AMARAJABAT
2016-01-18,2016-04-01,OFFICIAL_ONLY,NSE_B46CD836B94A,AUTOAXLES
2016-01-18,2016-04-01,OFFICIAL_ONLY,NSE_B88435B10855,ELGIEQUIP
2016-01-18,2016-04-01,OFFICIAL_ONLY,NSE_B8C8A459A862,DHANBANK
2016-01-18,2016-04-01,OFFICIAL_ONLY,NSE_BAF1627773E0,VIDEOIND
2016-01-18,2016-04-01,OFFICIAL_ONLY,NSE_BB7D75A98B81,NDTV
2016-01-18,2016-04-01,OFFICIAL_ONLY,NSE_BBC622D344B2,VAIBHAVGBL
2016-01-18,2016-04-01,OFFICIAL_ONLY,NSE_BE6B81B4D2AE,UTTAMSTL
2016-01-18,2016-04-01,OFFICIAL_ONLY,NSE_BE847AB99029,JYOTISTRUC
2016-01-18,2016-04-01,OFFICIAL_ONLY,NSE_C0628B35007C,ESABINDIA
2016-01-18,2016-04-01,OFFICIAL_ONLY,NSE_C23A48F8DAF4,SBBJ
2016-01-18,2016-04-01,OFFICIAL_ONLY,NSE_C43FB1E82A75,63MOONS
2016-01-18,2016-04-01,OFFICIAL_ONLY,NSE_C4988FC46272,CAIRN
2016-01-18,2016-04-01,OFFICIAL_ONLY,NSE_C558FE982959,HEUBACHIND
2016-01-18,2016-04-01,OFFICIAL_ONLY,NSE_C9730FDF32DB,ABGSHIP
2016-01-18,2016-04-01,OFFICIAL_ONLY,NSE_CC1A452E363C,TATAINVEST
2016-01-18,2016-04-01,OFFICIAL_ONLY,NSE_D00C1130DAE7,JTEKTINDIA
2016-01-18,2016-04-01,OFFICIAL_ONLY,NSE_D1A2AB285CE4,GULFOILLUB
2016-01-18,2016-04-01,OFFICIAL_ONLY,NSE_D3148EEB7BF0,IBULHSGFIN
2016-01-18,2016-04-01,OFFICIAL_ONLY,NSE_D3F406024851,GIPCL
2016-01-18,2016-04-01,OFFICIAL_ONLY,NSE_D448CCCD5389,GNFC
2016-01-18,2016-04-01,OFFICIAL_ONLY,NSE_D45E2178880F,MAHSEAMLES
2016-01-18,2016-04-01,OFFICIAL_ONLY,NSE_D57CF4D8191A,PAISALO
2016-01-18,2016-04-01,OFFICIAL_ONLY,NSE_E102D7DE4C2C,GRUH
2016-01-18,2016-04-01,OFFICIAL_ONLY,NSE_E2CB5EC37279,PARSVNATH
2016-01-18,2016-04-01,OFFICIAL_ONLY,NSE_E5B9AB42956F,BINDALAGRO
2016-01-18,2016-04-01,OFFICIAL_ONLY,NSE_E6BC41F4E8C3,KKCL
2016-01-18,2016-04-01,OFFICIAL_ONLY,NSE_E9019530042D,SHANTIGEAR
2016-01-18,2016-04-01,OFFICIAL_ONLY,NSE_E9CD94ECB13B,MAHSCOOTER
2016-01-18,2016-04-01,OFFICIAL_ONLY,NSE_EBAC40911065,KCP
2016-01-18,2016-04-01,OFFICIAL_ONLY,NSE_EEAD76022193,HERITGFOOD
2016-01-18,2016-04-01,OFFICIAL_ONLY,NSE_EFD7B6E7FD96,FMGOETZE
2016-01-18,2016-04-01,OFFICIAL_ONLY,NSE_F111BB4114FB,FCONSUMER
2016-01-18,2016-04-01,OFFICIAL_ONLY,NSE_F161C38951CE,SRIPIPES
2016-01-18,2016-04-01,OFFICIAL_ONLY,NSE_F5B77D59A62C,L&TFH
2016-01-18,2016-04-01,OFFICIAL_ONLY,NSE_F7FF721279AE,PVR
2016-01-18,2016-04-01,OFFICIAL_ONLY,NSE_FE37750EBD83,ABB
2016-01-18,2016-04-01,OFFICIAL_ONLY,NSE_FED8B098DEA5,GSKCONS
2016-01-18,2016-04-01,OFFICIAL_ONLY,NSE_FF6FC74E85C1,MINDTREE
2016-01-18,2016-04-01,PREVIOUS_ONLY,NSE_015D3C811935,SNOWMAN
2016-01-18,2016-04-01,PREVIOUS_ONLY,NSE_08FB9B51264C,KWALITY
2016-01-18,2016-04-01,PREVIOUS_ONLY,NSE_0A208E331D8C,MAHINDCIE
2016-01-18,2016-04-01,PREVIOUS_ONLY,NSE_0CDA14210E4D,DISHTV
2016-01-18,2016-04-01,PREVIOUS_ONLY,NSE_148E052CEC64,GRANULES
2016-01-18,2016-04-01,PREVIOUS_ONLY,NSE_15269CF9ABBD,TAKE
2016-01-18,2016-04-01,PREVIOUS_ONLY,NSE_1671B749B56F,IDFC
2016-01-18,2016-04-01,PREVIOUS_ONLY,NSE_1957FAB1366F,INDOCO
2016-01-18,2016-04-01,PREVIOUS_ONLY,NSE_1BB2D50D7572,EQUITAS
2016-01-18,2016-04-01,PREVIOUS_ONLY,NSE_232F7BA109E4,ANGELONE
2016-01-18,2016-04-01,PREVIOUS_ONLY,NSE_3B598B9F02C0,SUPRAJIT
2016-01-18,2016-04-01,PREVIOUS_ONLY,NSE_3CD1CF512D16,AHLUCONT
2016-01-18,2016-04-01,PREVIOUS_ONLY,NSE_3E5680388E4E,JINDALPOLY
2016-01-18,2016-04-01,PREVIOUS_ONLY,NSE_40AA7F3995D1,INDIGO
2016-01-18,2016-04-01,PREVIOUS_ONLY,NSE_41D6658A86E3,ICIL
2016-01-18,2016-04-01,PREVIOUS_ONLY,NSE_42CD50DCCBD6,ADANIENT
2016-01-18,2016-04-01,PREVIOUS_ONLY,NSE_42FEBF5D9ADF,CERA
2016-01-18,2016-04-01,PREVIOUS_ONLY,NSE_469926D3FD6A,TIMKEN
2016-01-18,2016-04-01,PREVIOUS_ONLY,NSE_46A3EC428CE2,GUJGASLTD
2016-01-18,2016-04-01,PREVIOUS_ONLY,NSE_4723627B4BA6,KESORAMIND
2016-01-18,2016-04-01,PREVIOUS_ONLY,NSE_4B53EB5E333F,SYNGENE
2016-01-18,2016-04-01,PREVIOUS_ONLY,NSE_4C12111E25F6,WONDERLA
2016-01-18,2016-04-01,PREVIOUS_ONLY,NSE_4CD9919938EF,CCL
2016-01-18,2016-04-01,PREVIOUS_ONLY,NSE_5405849154DD,GRINDWELL
2016-01-18,2016-04-01,PREVIOUS_ONLY,NSE_62370E1BA80E,RHIM
2016-01-18,2016-04-01,PREVIOUS_ONLY,NSE_62907813BC36,TIDEWATER
2016-01-18,2016-04-01,PREVIOUS_ONLY,NSE_63EB9280D90F,TEXRAIL
2016-01-18,2016-04-01,PREVIOUS_ONLY,NSE_659E411DCE22,NH
2016-01-18,2016-04-01,PREVIOUS_ONLY,NSE_66EF9E74F5E3,SHILPAMED
2016-01-18,2016-04-01,PREVIOUS_ONLY,NSE_68E3F7F5879F,IPAPPM
2016-01-18,2016-04-01,PREVIOUS_ONLY,NSE_69D8A25A8131,ALKEM
2016-01-18,2016-04-01,PREVIOUS_ONLY,NSE_6C4CBD6F12EE,RELAXO
2016-01-18,2016-04-01,PREVIOUS_ONLY,NSE_6E0CB7353991,LALPATHLAB
2016-01-18,2016-04-01,PREVIOUS_ONLY,NSE_7127DE38999E,SJVN
2016-01-18,2016-04-01,PREVIOUS_ONLY,NSE_740B7EE9CB08,SOLARINDS
2016-01-18,2016-04-01,PREVIOUS_ONLY,NSE_75A1EC6089B7,NILKAMAL
2016-01-18,2016-04-01,PREVIOUS_ONLY,NSE_7D44EE89941C,BLISSGVS
2016-01-18,2016-04-01,PREVIOUS_ONLY,NSE_812A4A064978,CGPOWER
2016-01-18,2016-04-01,PREVIOUS_ONLY,NSE_85A771F24921,JCHAC
2016-01-18,2016-04-01,PREVIOUS_ONLY,NSE_8D41A8008DA2,RKFORGE
2016-01-18,2016-04-01,PREVIOUS_ONLY,NSE_914B18D01343,HMVL
2016-01-18,2016-04-01,PREVIOUS_ONLY,NSE_985104D9ABBA,AVANTIFEED
2016-01-18,2016-04-01,PREVIOUS_ONLY,NSE_9891A0739E64,DHANUKA
2016-01-18,2016-04-01,PREVIOUS_ONLY,NSE_98CBA18954BD,MFSL
2016-01-18,2016-04-01,PREVIOUS_ONLY,NSE_9CD0408E0E4C,TRITURBINE
2016-01-18,2016-04-01,PREVIOUS_ONLY,NSE_9E3BB2CB962F,CHOLAHLDNG
2016-01-18,2016-04-01,PREVIOUS_ONLY,NSE_A508378B12ED,CAPLIPOINT
2016-01-18,2016-04-01,PREVIOUS_ONLY,NSE_A5EA8EAC7050,APLAPOLLO
2016-01-18,2016-04-01,PREVIOUS_ONLY,NSE_A787B7252904,POLARIS
2016-01-18,2016-04-01,PREVIOUS_ONLY,NSE_A7A22C73AF33,JETAIRWAYS
2016-01-18,2016-04-01,PREVIOUS_ONLY,NSE_AD4461AE56EF,TVSSRICHAK
2016-01-18,2016-04-01,PREVIOUS_ONLY,NSE_AE697C87E3F3,SHARDACROP
2016-01-18,2016-04-01,PREVIOUS_ONLY,NSE_B04856B88EED,CROMPTON
2016-01-18,2016-04-01,PREVIOUS_ONLY,NSE_B3968699E9E2,INTELLECT
2016-01-18,2016-04-01,PREVIOUS_ONLY,NSE_B7616A734F2C,TCI
2016-01-18,2016-04-01,PREVIOUS_ONLY,NSE_BFBEFE6B6DB3,MANAPPURAM
2016-01-18,2016-04-01,PREVIOUS_ONLY,NSE_CA42918156CA,INFIBEAM
2016-01-18,2016-04-01,PREVIOUS_ONLY,NSE_CE1B55B0FE79,DALBHARAT
2016-01-18,2016-04-01,PREVIOUS_ONLY,NSE_CE21025CD02D,VGUARD
2016-01-18,2016-04-01,PREVIOUS_ONLY,NSE_D0658C86F917,ZEELEARN
2016-01-18,2016-04-01,PREVIOUS_ONLY,NSE_D0ABB9249124,BGRENERGY
2016-01-18,2016-04-01,PREVIOUS_ONLY,NSE_D10A18C00D0B,MTNL
2016-01-18,2016-04-01,PREVIOUS_ONLY,NSE_D35374D82BA3,IDFCFIRSTB
2016-01-18,2016-04-01,PREVIOUS_ONLY,NSE_D376FF14ECD7,STCINDIA
2016-01-18,2016-04-01,PREVIOUS_ONLY,NSE_D40F53D9B283,360ONE
2016-01-18,2016-04-01,PREVIOUS_ONLY,NSE_D4F3ADAA19EE,MANPASAND
2016-01-18,2016-04-01,PREVIOUS_ONLY,NSE_D63E80751915,PCBL
2016-01-18,2016-04-01,PREVIOUS_ONLY,NSE_D67F47161F2D,SFCL
2016-01-18,2016-04-01,PREVIOUS_ONLY,NSE_D6EC0847F646,ABFRL
2016-01-18,2016-04-01,PREVIOUS_ONLY,NSE_D701BCB8CF79,RAMCOSYS
2016-01-18,2016-04-01,PREVIOUS_ONLY,NSE_D8BF1C07E0AE,STLTECH
2016-01-18,2016-04-01,PREVIOUS_ONLY,NSE_D8E4AC26C341,RTNPOWER
2016-01-18,2016-04-01,PREVIOUS_ONLY,NSE_D9A959B5F435,ABIRLANUVO
2016-01-18,2016-04-01,PREVIOUS_ONLY,NSE_DAE0D0015DDC,IGARASHI
2016-01-18,2016-04-01,PREVIOUS_ONLY,NSE_E26A501DCF72,JMTAUTOLTD
2016-01-18,2016-04-01,PREVIOUS_ONLY,NSE_E33BF28052EC,GREENPLY
2016-01-18,2016-04-01,PREVIOUS_ONLY,NSE_E7C0FAEE3336,NAVKARCORP
2016-01-18,2016-04-01,PREVIOUS_ONLY,NSE_EBB02BC0F381,COFFEEDAY
2016-01-18,2016-04-01,PREVIOUS_ONLY,NSE_F0FD06753A0C,PCJEWELLER
2016-01-18,2016-04-01,PREVIOUS_ONLY,NSE_F10F8CF228CE,HEIDELBERG
2016-01-18,2016-04-01,PREVIOUS_ONLY,NSE_F210221D2F17,HUHTAMAKI
2016-01-18,2016-04-01,PREVIOUS_ONLY,NSE_F2B25E44F3E5,SMLISUZU
2016-01-18,2016-04-01,PREVIOUS_ONLY,NSE_F7B46E5369C2,SEQUENT
2016-01-18,2016-04-01,PREVIOUS_ONLY,NSE_FA96276A2517,SOMANYCERA
2016-01-18,2016-04-01,PREVIOUS_ONLY,NSE_FB65F4DE6E54,OCL
2016-01-18,2016-04-01,PREVIOUS_ONLY,NSE_FBA9C5E2CF53,BRFL
2016-01-18,2016-04-01,PREVIOUS_ONLY,NSE_FD6C3BA21716,NAVINFLUOR
2016-01-18,2016-04-01,PREVIOUS_UNMAPPED,,SHTV
2016-01-18,2016-04-01,PREVIOUS_UNMAPPED,,SGPC
2016-01-18,2016-04-01,PREVIOUS_UNMAPPED,,GMRAIRPORT
2016-01-18,2016-04-01,PREVIOUS_UNMAPPED,,EPIGRAL
2016-01-18,2016-04-01,PREVIOUS_UNMAPPED,,CIEINDIA
2016-01-18,2016-04-01,PREVIOUS_UNMAPPED,,LTF
2016-01-18,2016-04-01,PREVIOUS_UNMAPPED,,TMPV
2016-01-18,2016-04-01,PREVIOUS_UNMAPPED,,JSWDULUX
2016-01-18,2016-04-01,PREVIOUS_UNMAPPED,,UNITDSPR
2016-01-18,2016-04-01,PREVIOUS_UNMAPPED,,ABREL
2016-01-18,2016-04-01,PREVIOUS_UNMAPPED,,SWANCORP
2016-01-18,2016-04-01,PREVIOUS_UNMAPPED,,WELSPUNLIV
2016-01-18,2016-04-01,PREVIOUS_UNMAPPED,,ADANIENSOL
2016-01-18,2016-04-01,PREVIOUS_UNMAPPED,,ARE&M
2016-01-18,2016-04-01,PREVIOUS_UNMAPPED,,AEGISLOG
2016-01-18,2016-04-01,PREVIOUS_UNMAPPED,,KPIL
2016-01-18,2016-04-01,PREVIOUS_UNMAPPED,,GVT&D
2016-01-18,2016-04-01,PREVIOUS_UNMAPPED,,COHANCE
2016-01-18,2016-04-01,PREVIOUS_UNMAPPED,,HBLENGINE
2016-01-18,2016-04-01,PREVIOUS_UNMAPPED,,SAMMAANCAP
2016-04-01,2016-04-29,OFFICIAL_ONLY,NSE_092A1C3253B4,TATAMOTORS
2016-04-01,2016-04-29,OFFICIAL_ONLY,NSE_2067B53F47F0,HLVLTD
2016-04-01,2016-04-29,OFFICIAL_ONLY,NSE_2216670637F8,WELSPUNIND
2016-04-01,2016-04-29,OFFICIAL_ONLY,NSE_22A49E238B39,GMRINFRA
2016-04-01,2016-04-29,OFFICIAL_ONLY,NSE_2B12B6998928,RELCAPITAL
2016-04-01,2016-04-29,OFFICIAL_ONLY,NSE_3604A340ECD7,KSK
2016-04-01,2016-04-29,OFFICIAL_ONLY,NSE_403ED77BEF36,TREEHOUSE
2016-04-01,2016-04-29,OFFICIAL_ONLY,NSE_4E27A558622E,SECURKLOUD
2016-04-01,2016-04-29,OFFICIAL_ONLY,NSE_55FFE606B7E2,RATNAMANI
2016-04-01,2016-04-29,OFFICIAL_ONLY,NSE_5813C47C6758,HEXAWARE
2016-04-01,2016-04-29,OFFICIAL_ONLY,NSE_6486648C9FB1,ESSDEE
2016-04-01,2016-04-29,OFFICIAL_ONLY,NSE_65DD43BDBE2D,CASTEXTECH
2016-04-01,2016-04-29,OFFICIAL_ONLY,NSE_697267629832,IFBIND
2016-04-01,2016-04-29,OFFICIAL_ONLY,NSE_6B14B0471978,AARTIDRUGS
2016-04-01,2016-04-29,OFFICIAL_ONLY,NSE_7336A438D402,ELECTCAST
2016-04-01,2016-04-29,OFFICIAL_ONLY,NSE_7451BDA5B83F,AEGISCHEM
2016-04-01,2016-04-29,OFFICIAL_ONLY,NSE_759F0BD4CDE1,SADBHIN
2016-04-01,2016-04-29,OFFICIAL_ONLY,NSE_7BD208D47A49,MCDOWELL-N
2016-04-01,2016-04-29,OFFICIAL_ONLY,NSE_7E9F9084BD7D,JUBLPHARMA
2016-04-01,2016-04-29,OFFICIAL_ONLY,NSE_8B1A9BBDE5E6,PRSMJOHNSN
2016-04-01,2016-04-29,OFFICIAL_ONLY,NSE_961E02880D58,ADANIPOWER
2016-04-01,2016-04-29,OFFICIAL_ONLY,NSE_96586AD2DEEB,TBZ
2016-04-01,2016-04-29,OFFICIAL_ONLY,NSE_9967D614421D,GLOBOFFS
2016-04-01,2016-04-29,OFFICIAL_ONLY,NSE_9B9A5379FE9C,KIRLOSENG
2016-04-01,2016-04-29,OFFICIAL_ONLY,NSE_9BE1DE6AAF18,TTML
2016-04-01,2016-04-29,OFFICIAL_ONLY,NSE_9E788BED7AEF,KALPATPOWR
2016-04-01,2016-04-29,OFFICIAL_ONLY,NSE_A1950E96A064,PURVA
2016-04-01,2016-04-29,OFFICIAL_ONLY,NSE_A3D7B6571FE8,ADANITRANS
2016-04-01,2016-04-29,OFFICIAL_ONLY,NSE_B3E526664FC0,AMARAJABAT
2016-04-01,2016-04-29,OFFICIAL_ONLY,NSE_B88435B10855,ELGIEQUIP
2016-04-01,2016-04-29,OFFICIAL_ONLY,NSE_BAF1627773E0,VIDEOIND
2016-04-01,2016-04-29,OFFICIAL_ONLY,NSE_BBC622D344B2,VAIBHAVGBL
2016-04-01,2016-04-29,OFFICIAL_ONLY,NSE_C23A48F8DAF4,SBBJ
2016-04-01,2016-04-29,OFFICIAL_ONLY,NSE_C43FB1E82A75,63MOONS
2016-04-01,2016-04-29,OFFICIAL_ONLY,NSE_C4988FC46272,CAIRN
2016-04-01,2016-04-29,OFFICIAL_ONLY,NSE_C558FE982959,HEUBACHIND
2016-04-01,2016-04-29,OFFICIAL_ONLY,NSE_C911E612925E,HMT
2016-04-01,2016-04-29,OFFICIAL_ONLY,NSE_C9730FDF32DB,ABGSHIP
2016-04-01,2016-04-29,OFFICIAL_ONLY,NSE_D3148EEB7BF0,IBULHSGFIN
2016-04-01,2016-04-29,OFFICIAL_ONLY,NSE_D8A31493DD0A,TATAMTRDVR
2016-04-01,2016-04-29,OFFICIAL_ONLY,NSE_D92A46834C0F,MINDACORP
2016-04-01,2016-04-29,OFFICIAL_ONLY,NSE_D9681303D25C,STYRENIX
2016-04-01,2016-04-29,OFFICIAL_ONLY,NSE_DB429E3D7562,DALMIABHA
2016-04-01,2016-04-29,OFFICIAL_ONLY,NSE_E102D7DE4C2C,GRUH
2016-04-01,2016-04-29,OFFICIAL_ONLY,NSE_E2CB5EC37279,PARSVNATH
2016-04-01,2016-04-29,OFFICIAL_ONLY,NSE_F111BB4114FB,FCONSUMER
2016-04-01,2016-04-29,OFFICIAL_ONLY,NSE_F5B77D59A62C,L&TFH
2016-04-01,2016-04-29,OFFICIAL_ONLY,NSE_F7FF721279AE,PVR
2016-04-01,2016-04-29,OFFICIAL_ONLY,NSE_FE37750EBD83,ABB
2016-04-01,2016-04-29,OFFICIAL_ONLY,NSE_FEC6EA46148B,ASHIANA
2016-04-01,2016-04-29,OFFICIAL_ONLY,NSE_FED8B098DEA5,GSKCONS
2016-04-01,2016-04-29,OFFICIAL_ONLY,NSE_FF6FC74E85C1,MINDTREE
2016-04-01,2016-04-29,PREVIOUS_ONLY,NSE_1BB2D50D7572,EQUITAS
2016-04-01,2016-04-29,PREVIOUS_ONLY,NSE_232F7BA109E4,ANGELONE
2016-04-01,2016-04-29,PREVIOUS_ONLY,NSE_3B598B9F02C0,SUPRAJIT
2016-04-01,2016-04-29,PREVIOUS_ONLY,NSE_40AA7F3995D1,INDIGO
2016-04-01,2016-04-29,PREVIOUS_ONLY,NSE_46FD1DEB761F,CARBORUNIV
2016-04-01,2016-04-29,PREVIOUS_ONLY,NSE_62370E1BA80E,RHIM
2016-04-01,2016-04-29,PREVIOUS_ONLY,NSE_659E411DCE22,NH
2016-04-01,2016-04-29,PREVIOUS_ONLY,NSE_69D8A25A8131,ALKEM
2016-04-01,2016-04-29,PREVIOUS_ONLY,NSE_6E0CB7353991,LALPATHLAB
2016-04-01,2016-04-29,PREVIOUS_ONLY,NSE_75A1EC6089B7,NILKAMAL
2016-04-01,2016-04-29,PREVIOUS_ONLY,NSE_7ADB1BE970F4,KSBPUMPS
2016-04-01,2016-04-29,PREVIOUS_ONLY,NSE_7F8DECDBEDC8,ITDCEM
2016-04-01,2016-04-29,PREVIOUS_ONLY,NSE_812A4A064978,CGPOWER
2016-04-01,2016-04-29,PREVIOUS_ONLY,NSE_98B70630B94C,LINDEINDIA
2016-04-01,2016-04-29,PREVIOUS_ONLY,NSE_98CBA18954BD,MFSL
2016-04-01,2016-04-29,PREVIOUS_ONLY,NSE_9E3BB2CB962F,CHOLAHLDNG
2016-04-01,2016-04-29,PREVIOUS_ONLY,NSE_A5EA8EAC7050,APLAPOLLO
2016-04-01,2016-04-29,PREVIOUS_ONLY,NSE_B04856B88EED,CROMPTON
2016-04-01,2016-04-29,PREVIOUS_ONLY,NSE_CA42918156CA,INFIBEAM
2016-04-01,2016-04-29,PREVIOUS_ONLY,NSE_CE1B55B0FE79,DALBHARAT
2016-04-01,2016-04-29,PREVIOUS_ONLY,NSE_D35374D82BA3,IDFCFIRSTB
2016-04-01,2016-04-29,PREVIOUS_ONLY,NSE_D40F53D9B283,360ONE
2016-04-01,2016-04-29,PREVIOUS_ONLY,NSE_D63E80751915,PCBL
2016-04-01,2016-04-29,PREVIOUS_ONLY,NSE_D67F47161F2D,SFCL
2016-04-01,2016-04-29,PREVIOUS_ONLY,NSE_D8BF1C07E0AE,STLTECH
2016-04-01,2016-04-29,PREVIOUS_ONLY,NSE_D9A959B5F435,ABIRLANUVO
2016-04-01,2016-04-29,PREVIOUS_ONLY,NSE_DE21F68BED21,RELIGARE
2016-04-01,2016-04-29,PREVIOUS_ONLY,NSE_EBB02BC0F381,COFFEEDAY
2016-04-01,2016-04-29,PREVIOUS_ONLY,NSE_F210221D2F17,HUHTAMAKI
2016-04-01,2016-04-29,PREVIOUS_ONLY,NSE_F7B46E5369C2,SEQUENT
2016-04-01,2016-04-29,PREVIOUS_ONLY,NSE_FB65F4DE6E54,OCL
2016-04-01,2016-04-29,PREVIOUS_ONLY,NSE_FD6C3BA21716,NAVINFLUOR
2016-04-01,2016-04-29,PREVIOUS_UNMAPPED,,SHTV
2016-04-01,2016-04-29,PREVIOUS_UNMAPPED,,SGPC
2016-04-01,2016-04-29,PREVIOUS_UNMAPPED,,GMRAIRPORT
2016-04-01,2016-04-29,PREVIOUS_UNMAPPED,,EPIGRAL
2016-04-01,2016-04-29,PREVIOUS_UNMAPPED,,CIEINDIA
2016-04-01,2016-04-29,PREVIOUS_UNMAPPED,,LTF
2016-04-01,2016-04-29,PREVIOUS_UNMAPPED,,TMPV
2016-04-01,2016-04-29,PREVIOUS_UNMAPPED,,JSWDULUX
2016-04-01,2016-04-29,PREVIOUS_UNMAPPED,,UNITDSPR
2016-04-01,2016-04-29,PREVIOUS_UNMAPPED,,ABREL
2016-04-01,2016-04-29,PREVIOUS_UNMAPPED,,SWANCORP
2016-04-01,2016-04-29,PREVIOUS_UNMAPPED,,WELSPUNLIV
2016-04-01,2016-04-29,PREVIOUS_UNMAPPED,,ADANIENSOL
2016-04-01,2016-04-29,PREVIOUS_UNMAPPED,,ARE&M
2016-04-01,2016-04-29,PREVIOUS_UNMAPPED,,AEGISLOG
2016-04-01,2016-04-29,PREVIOUS_UNMAPPED,,KPIL
2016-04-01,2016-04-29,PREVIOUS_UNMAPPED,,GVT&D
2016-04-01,2016-04-29,PREVIOUS_UNMAPPED,,COHANCE
2016-04-01,2016-04-29,PREVIOUS_UNMAPPED,,HBLENGINE
2016-04-01,2016-04-29,PREVIOUS_UNMAPPED,,SAMMAANCAP
2016-04-29,2016-09-30,OFFICIAL_ONLY,NSE_092A1C3253B4,TATAMOTORS
2016-04-29,2016-09-30,OFFICIAL_ONLY,NSE_2067B53F47F0,HLVLTD
2016-04-29,2016-09-30,OFFICIAL_ONLY,NSE_2216670637F8,WELSPUNIND
2016-04-29,2016-09-30,OFFICIAL_ONLY,NSE_22A49E238B39,GMRINFRA
2016-04-29,2016-09-30,OFFICIAL_ONLY,NSE_2B12B6998928,RELCAPITAL
2016-04-29,2016-09-30,OFFICIAL_ONLY,NSE_3604A340ECD7,KSK
2016-04-29,2016-09-30,OFFICIAL_ONLY,NSE_403ED77BEF36,TREEHOUSE
2016-04-29,2016-09-30,OFFICIAL_ONLY,NSE_4E27A558622E,SECURKLOUD
2016-04-29,2016-09-30,OFFICIAL_ONLY,NSE_55FFE606B7E2,RATNAMANI
2016-04-29,2016-09-30,OFFICIAL_ONLY,NSE_5813C47C6758,HEXAWARE
2016-04-29,2016-09-30,OFFICIAL_ONLY,NSE_6486648C9FB1,ESSDEE
2016-04-29,2016-09-30,OFFICIAL_ONLY,NSE_65DD43BDBE2D,CASTEXTECH
2016-04-29,2016-09-30,OFFICIAL_ONLY,NSE_697267629832,IFBIND
2016-04-29,2016-09-30,OFFICIAL_ONLY,NSE_6B14B0471978,AARTIDRUGS
2016-04-29,2016-09-30,OFFICIAL_ONLY,NSE_7336A438D402,ELECTCAST
2016-04-29,2016-09-30,OFFICIAL_ONLY,NSE_7451BDA5B83F,AEGISCHEM
2016-04-29,2016-09-30,OFFICIAL_ONLY,NSE_759F0BD4CDE1,SADBHIN
2016-04-29,2016-09-30,OFFICIAL_ONLY,NSE_7BD208D47A49,MCDOWELL-N
2016-04-29,2016-09-30,OFFICIAL_ONLY,NSE_7E9F9084BD7D,JUBLPHARMA
2016-04-29,2016-09-30,OFFICIAL_ONLY,NSE_8B1A9BBDE5E6,PRSMJOHNSN
2016-04-29,2016-09-30,OFFICIAL_ONLY,NSE_961E02880D58,ADANIPOWER
2016-04-29,2016-09-30,OFFICIAL_ONLY,NSE_96586AD2DEEB,TBZ
2016-04-29,2016-09-30,OFFICIAL_ONLY,NSE_9967D614421D,GLOBOFFS
2016-04-29,2016-09-30,OFFICIAL_ONLY,NSE_9B9A5379FE9C,KIRLOSENG
2016-04-29,2016-09-30,OFFICIAL_ONLY,NSE_9BE1DE6AAF18,TTML
2016-04-29,2016-09-30,OFFICIAL_ONLY,NSE_9E788BED7AEF,KALPATPOWR
2016-04-29,2016-09-30,OFFICIAL_ONLY,NSE_A1950E96A064,PURVA
2016-04-29,2016-09-30,OFFICIAL_ONLY,NSE_A3D7B6571FE8,ADANITRANS
2016-04-29,2016-09-30,OFFICIAL_ONLY,NSE_B3E526664FC0,AMARAJABAT
2016-04-29,2016-09-30,OFFICIAL_ONLY,NSE_B88435B10855,ELGIEQUIP
2016-04-29,2016-09-30,OFFICIAL_ONLY,NSE_BAF1627773E0,VIDEOIND
2016-04-29,2016-09-30,OFFICIAL_ONLY,NSE_BBC622D344B2,VAIBHAVGBL
2016-04-29,2016-09-30,OFFICIAL_ONLY,NSE_C23A48F8DAF4,SBBJ
2016-04-29,2016-09-30,OFFICIAL_ONLY,NSE_C43FB1E82A75,63MOONS
2016-04-29,2016-09-30,OFFICIAL_ONLY,NSE_C4988FC46272,CAIRN
2016-04-29,2016-09-30,OFFICIAL_ONLY,NSE_C558FE982959,HEUBACHIND
2016-04-29,2016-09-30,OFFICIAL_ONLY,NSE_C911E612925E,HMT
2016-04-29,2016-09-30,OFFICIAL_ONLY,NSE_C9730FDF32DB,ABGSHIP
2016-04-29,2016-09-30,OFFICIAL_ONLY,NSE_D3148EEB7BF0,IBULHSGFIN
2016-04-29,2016-09-30,OFFICIAL_ONLY,NSE_D8A31493DD0A,TATAMTRDVR
2016-04-29,2016-09-30,OFFICIAL_ONLY,NSE_D92A46834C0F,MINDACORP
2016-04-29,2016-09-30,OFFICIAL_ONLY,NSE_D9681303D25C,STYRENIX
2016-04-29,2016-09-30,OFFICIAL_ONLY,NSE_DB429E3D7562,DALMIABHA
2016-04-29,2016-09-30,OFFICIAL_ONLY,NSE_E102D7DE4C2C,GRUH
2016-04-29,2016-09-30,OFFICIAL_ONLY,NSE_E2CB5EC37279,PARSVNATH
2016-04-29,2016-09-30,OFFICIAL_ONLY,NSE_F111BB4114FB,FCONSUMER
2016-04-29,2016-09-30,OFFICIAL_ONLY,NSE_F5B77D59A62C,L&TFH
2016-04-29,2016-09-30,OFFICIAL_ONLY,NSE_F7FF721279AE,PVR
2016-04-29,2016-09-30,OFFICIAL_ONLY,NSE_FE37750EBD83,ABB
2016-04-29,2016-09-30,OFFICIAL_ONLY,NSE_FEC6EA46148B,ASHIANA
2016-04-29,2016-09-30,OFFICIAL_ONLY,NSE_FED8B098DEA5,GSKCONS
2016-04-29,2016-09-30,OFFICIAL_ONLY,NSE_FF6FC74E85C1,MINDTREE
2016-04-29,2016-09-30,PREVIOUS_ONLY,NSE_1BB2D50D7572,EQUITAS
2016-04-29,2016-09-30,PREVIOUS_ONLY,NSE_232F7BA109E4,ANGELONE
2016-04-29,2016-09-30,PREVIOUS_ONLY,NSE_3B598B9F02C0,SUPRAJIT
2016-04-29,2016-09-30,PREVIOUS_ONLY,NSE_40AA7F3995D1,INDIGO
2016-04-29,2016-09-30,PREVIOUS_ONLY,NSE_46FD1DEB761F,CARBORUNIV
2016-04-29,2016-09-30,PREVIOUS_ONLY,NSE_62370E1BA80E,RHIM
2016-04-29,2016-09-30,PREVIOUS_ONLY,NSE_659E411DCE22,NH
2016-04-29,2016-09-30,PREVIOUS_ONLY,NSE_69D8A25A8131,ALKEM
2016-04-29,2016-09-30,PREVIOUS_ONLY,NSE_6E0CB7353991,LALPATHLAB
2016-04-29,2016-09-30,PREVIOUS_ONLY,NSE_75A1EC6089B7,NILKAMAL
2016-04-29,2016-09-30,PREVIOUS_ONLY,NSE_7ADB1BE970F4,KSBPUMPS
2016-04-29,2016-09-30,PREVIOUS_ONLY,NSE_7F8DECDBEDC8,ITDCEM
2016-04-29,2016-09-30,PREVIOUS_ONLY,NSE_812A4A064978,CGPOWER
2016-04-29,2016-09-30,PREVIOUS_ONLY,NSE_98B70630B94C,LINDEINDIA
2016-04-29,2016-09-30,PREVIOUS_ONLY,NSE_98CBA18954BD,MFSL
2016-04-29,2016-09-30,PREVIOUS_ONLY,NSE_9E3BB2CB962F,CHOLAHLDNG
2016-04-29,2016-09-30,PREVIOUS_ONLY,NSE_A5EA8EAC7050,APLAPOLLO
2016-04-29,2016-09-30,PREVIOUS_ONLY,NSE_B04856B88EED,CROMPTON
2016-04-29,2016-09-30,PREVIOUS_ONLY,NSE_CA42918156CA,INFIBEAM
2016-04-29,2016-09-30,PREVIOUS_ONLY,NSE_CE1B55B0FE79,DALBHARAT
2016-04-29,2016-09-30,PREVIOUS_ONLY,NSE_D35374D82BA3,IDFCFIRSTB
2016-04-29,2016-09-30,PREVIOUS_ONLY,NSE_D40F53D9B283,360ONE
2016-04-29,2016-09-30,PREVIOUS_ONLY,NSE_D63E80751915,PCBL
2016-04-29,2016-09-30,PREVIOUS_ONLY,NSE_D67F47161F2D,SFCL
2016-04-29,2016-09-30,PREVIOUS_ONLY,NSE_D8BF1C07E0AE,STLTECH
2016-04-29,2016-09-30,PREVIOUS_ONLY,NSE_D9A959B5F435,ABIRLANUVO
2016-04-29,2016-09-30,PREVIOUS_ONLY,NSE_DE21F68BED21,RELIGARE
2016-04-29,2016-09-30,PREVIOUS_ONLY,NSE_EBB02BC0F381,COFFEEDAY
2016-04-29,2016-09-30,PREVIOUS_ONLY,NSE_F210221D2F17,HUHTAMAKI
2016-04-29,2016-09-30,PREVIOUS_ONLY,NSE_F7B46E5369C2,SEQUENT
2016-04-29,2016-09-30,PREVIOUS_ONLY,NSE_FB65F4DE6E54,OCL
2016-04-29,2016-09-30,PREVIOUS_ONLY,NSE_FD6C3BA21716,NAVINFLUOR
2016-04-29,2016-09-30,PREVIOUS_UNMAPPED,,SHTV
2016-04-29,2016-09-30,PREVIOUS_UNMAPPED,,SGPC
2016-04-29,2016-09-30,PREVIOUS_UNMAPPED,,GMRAIRPORT
2016-04-29,2016-09-30,PREVIOUS_UNMAPPED,,EPIGRAL
2016-04-29,2016-09-30,PREVIOUS_UNMAPPED,,CIEINDIA
2016-04-29,2016-09-30,PREVIOUS_UNMAPPED,,LTF
2016-04-29,2016-09-30,PREVIOUS_UNMAPPED,,TMPV
2016-04-29,2016-09-30,PREVIOUS_UNMAPPED,,JSWDULUX
2016-04-29,2016-09-30,PREVIOUS_UNMAPPED,,UNITDSPR
2016-04-29,2016-09-30,PREVIOUS_UNMAPPED,,ABREL
2016-04-29,2016-09-30,PREVIOUS_UNMAPPED,,SWANCORP
2016-04-29,2016-09-30,PREVIOUS_UNMAPPED,,WELSPUNLIV
2016-04-29,2016-09-30,PREVIOUS_UNMAPPED,,ADANIENSOL
2016-04-29,2016-09-30,PREVIOUS_UNMAPPED,,ARE&M
2016-04-29,2016-09-30,PREVIOUS_UNMAPPED,,AEGISLOG
2016-04-29,2016-09-30,PREVIOUS_UNMAPPED,,KPIL
2016-04-29,2016-09-30,PREVIOUS_UNMAPPED,,GVT&D
2016-04-29,2016-09-30,PREVIOUS_UNMAPPED,,COHANCE
2016-04-29,2016-09-30,PREVIOUS_UNMAPPED,,HBLENGINE
2016-04-29,2016-09-30,PREVIOUS_UNMAPPED,,SAMMAANCAP
2016-09-30,2016-11-15,OFFICIAL_ONLY,NSE_092A1C3253B4,TATAMOTORS
2016-09-30,2016-11-15,OFFICIAL_ONLY,NSE_2216670637F8,WELSPUNIND
2016-09-30,2016-11-15,OFFICIAL_ONLY,NSE_22A49E238B39,GMRINFRA
2016-09-30,2016-11-15,OFFICIAL_ONLY,NSE_2B12B6998928,RELCAPITAL
2016-09-30,2016-11-15,OFFICIAL_ONLY,NSE_4E27A558622E,SECURKLOUD
2016-09-30,2016-11-15,OFFICIAL_ONLY,NSE_5813C47C6758,HEXAWARE
2016-09-30,2016-11-15,OFFICIAL_ONLY,NSE_633BD53DAEC1,SBT
2016-09-30,2016-11-15,OFFICIAL_ONLY,NSE_70CEEC6EEF1C,MYSOREBANK
2016-09-30,2016-11-15,OFFICIAL_ONLY,NSE_7451BDA5B83F,AEGISCHEM
2016-09-30,2016-11-15,OFFICIAL_ONLY,NSE_7BD208D47A49,MCDOWELL-N
2016-09-30,2016-11-15,OFFICIAL_ONLY,NSE_7E9F9084BD7D,JUBLPHARMA
2016-09-30,2016-11-15,OFFICIAL_ONLY,NSE_8B1A9BBDE5E6,PRSMJOHNSN
2016-09-30,2016-11-15,OFFICIAL_ONLY,NSE_961E02880D58,ADANIPOWER
2016-09-30,2016-11-15,OFFICIAL_ONLY,NSE_9E788BED7AEF,KALPATPOWR
2016-09-30,2016-11-15,OFFICIAL_ONLY,NSE_A3D7B6571FE8,ADANITRANS
2016-09-30,2016-11-15,OFFICIAL_ONLY,NSE_B3E526664FC0,AMARAJABAT
2016-09-30,2016-11-15,OFFICIAL_ONLY,NSE_BAF1627773E0,VIDEOIND
2016-09-30,2016-11-15,OFFICIAL_ONLY,NSE_C23A48F8DAF4,SBBJ
2016-09-30,2016-11-15,OFFICIAL_ONLY,NSE_C4988FC46272,CAIRN
2016-09-30,2016-11-15,OFFICIAL_ONLY,NSE_D3148EEB7BF0,IBULHSGFIN
2016-09-30,2016-11-15,OFFICIAL_ONLY,NSE_D8A31493DD0A,TATAMTRDVR
2016-09-30,2016-11-15,OFFICIAL_ONLY,NSE_DB429E3D7562,DALMIABHA
2016-09-30,2016-11-15,OFFICIAL_ONLY,NSE_E102D7DE4C2C,GRUH
2016-09-30,2016-11-15,OFFICIAL_ONLY,NSE_F111BB4114FB,FCONSUMER
2016-09-30,2016-11-15,OFFICIAL_ONLY,NSE_F5B77D59A62C,L&TFH
2016-09-30,2016-11-15,OFFICIAL_ONLY,NSE_F7FF721279AE,PVR
2016-09-30,2016-11-15,OFFICIAL_ONLY,NSE_FE37750EBD83,ABB
2016-09-30,2016-11-15,OFFICIAL_ONLY,NSE_FED8B098DEA5,GSKCONS
2016-09-30,2016-11-15,OFFICIAL_ONLY,NSE_FF6FC74E85C1,MINDTREE
2016-09-30,2016-11-15,PREVIOUS_ONLY,NSE_232F7BA109E4,ANGELONE
2016-09-30,2016-11-15,PREVIOUS_ONLY,NSE_62370E1BA80E,RHIM
2016-09-30,2016-11-15,PREVIOUS_ONLY,NSE_9E3BB2CB962F,CHOLAHLDNG
2016-09-30,2016-11-15,PREVIOUS_ONLY,NSE_B04856B88EED,CROMPTON
2016-09-30,2016-11-15,PREVIOUS_ONLY,NSE_CE1B55B0FE79,DALBHARAT
2016-09-30,2016-11-15,PREVIOUS_ONLY,NSE_D40F53D9B283,360ONE
2016-09-30,2016-11-15,PREVIOUS_ONLY,NSE_D63E80751915,PCBL
2016-09-30,2016-11-15,PREVIOUS_ONLY,NSE_D8BF1C07E0AE,STLTECH
2016-09-30,2016-11-15,PREVIOUS_ONLY,NSE_F210221D2F17,HUHTAMAKI
2016-09-30,2016-11-15,PREVIOUS_UNMAPPED,,SHTV
2016-09-30,2016-11-15,PREVIOUS_UNMAPPED,,SGPC
2016-09-30,2016-11-15,PREVIOUS_UNMAPPED,,GMRAIRPORT
2016-09-30,2016-11-15,PREVIOUS_UNMAPPED,,EPIGRAL
2016-09-30,2016-11-15,PREVIOUS_UNMAPPED,,CIEINDIA
2016-09-30,2016-11-15,PREVIOUS_UNMAPPED,,LTF
2016-09-30,2016-11-15,PREVIOUS_UNMAPPED,,TMPV
2016-09-30,2016-11-15,PREVIOUS_UNMAPPED,,JSWDULUX
2016-09-30,2016-11-15,PREVIOUS_UNMAPPED,,UNITDSPR
2016-09-30,2016-11-15,PREVIOUS_UNMAPPED,,ABREL
2016-09-30,2016-11-15,PREVIOUS_UNMAPPED,,SWANCORP
2016-09-30,2016-11-15,PREVIOUS_UNMAPPED,,WELSPUNLIV
2016-09-30,2016-11-15,PREVIOUS_UNMAPPED,,ADANIENSOL
2016-09-30,2016-11-15,PREVIOUS_UNMAPPED,,ARE&M
2016-09-30,2016-11-15,PREVIOUS_UNMAPPED,,AEGISLOG
2016-09-30,2016-11-15,PREVIOUS_UNMAPPED,,KPIL
2016-09-30,2016-11-15,PREVIOUS_UNMAPPED,,GVT&D
2016-09-30,2016-11-15,PREVIOUS_UNMAPPED,,COHANCE
2016-09-30,2016-11-15,PREVIOUS_UNMAPPED,,HBLENGINE
2016-09-30,2016-11-15,PREVIOUS_UNMAPPED,,SAMMAANCAP
2016-11-15,2017-01-23,OFFICIAL_ONLY,NSE_092A1C3253B4,TATAMOTORS
2016-11-15,2017-01-23,OFFICIAL_ONLY,NSE_2216670637F8,WELSPUNIND
2016-11-15,2017-01-23,OFFICIAL_ONLY,NSE_22A49E238B39,GMRINFRA
2016-11-15,2017-01-23,OFFICIAL_ONLY,NSE_2B12B6998928,RELCAPITAL
2016-11-15,2017-01-23,OFFICIAL_ONLY,NSE_4E27A558622E,SECURKLOUD
2016-11-15,2017-01-23,OFFICIAL_ONLY,NSE_5813C47C6758,HEXAWARE
2016-11-15,2017-01-23,OFFICIAL_ONLY,NSE_633BD53DAEC1,SBT
2016-11-15,2017-01-23,OFFICIAL_ONLY,NSE_70CEEC6EEF1C,MYSOREBANK
2016-11-15,2017-01-23,OFFICIAL_ONLY,NSE_7451BDA5B83F,AEGISCHEM
2016-11-15,2017-01-23,OFFICIAL_ONLY,NSE_7BD208D47A49,MCDOWELL-N
2016-11-15,2017-01-23,OFFICIAL_ONLY,NSE_7E9F9084BD7D,JUBLPHARMA
2016-11-15,2017-01-23,OFFICIAL_ONLY,NSE_8B1A9BBDE5E6,PRSMJOHNSN
2016-11-15,2017-01-23,OFFICIAL_ONLY,NSE_961E02880D58,ADANIPOWER
2016-11-15,2017-01-23,OFFICIAL_ONLY,NSE_9E788BED7AEF,KALPATPOWR
2016-11-15,2017-01-23,OFFICIAL_ONLY,NSE_A3D7B6571FE8,ADANITRANS
2016-11-15,2017-01-23,OFFICIAL_ONLY,NSE_B3E526664FC0,AMARAJABAT
2016-11-15,2017-01-23,OFFICIAL_ONLY,NSE_BAF1627773E0,VIDEOIND
2016-11-15,2017-01-23,OFFICIAL_ONLY,NSE_C23A48F8DAF4,SBBJ
2016-11-15,2017-01-23,OFFICIAL_ONLY,NSE_D3148EEB7BF0,IBULHSGFIN
2016-11-15,2017-01-23,OFFICIAL_ONLY,NSE_D8A31493DD0A,TATAMTRDVR
2016-11-15,2017-01-23,OFFICIAL_ONLY,NSE_DB429E3D7562,DALMIABHA
2016-11-15,2017-01-23,OFFICIAL_ONLY,NSE_E102D7DE4C2C,GRUH
2016-11-15,2017-01-23,OFFICIAL_ONLY,NSE_F111BB4114FB,FCONSUMER
2016-11-15,2017-01-23,OFFICIAL_ONLY,NSE_F5B77D59A62C,L&TFH
2016-11-15,2017-01-23,OFFICIAL_ONLY,NSE_F7FF721279AE,PVR
2016-11-15,2017-01-23,OFFICIAL_ONLY,NSE_FE37750EBD83,ABB
2016-11-15,2017-01-23,OFFICIAL_ONLY,NSE_FED8B098DEA5,GSKCONS
2016-11-15,2017-01-23,OFFICIAL_ONLY,NSE_FF6FC74E85C1,MINDTREE
2016-11-15,2017-01-23,PREVIOUS_ONLY,NSE_232F7BA109E4,ANGELONE
2016-11-15,2017-01-23,PREVIOUS_ONLY,NSE_62370E1BA80E,RHIM
2016-11-15,2017-01-23,PREVIOUS_ONLY,NSE_9E3BB2CB962F,CHOLAHLDNG
2016-11-15,2017-01-23,PREVIOUS_ONLY,NSE_CE1B55B0FE79,DALBHARAT
2016-11-15,2017-01-23,PREVIOUS_ONLY,NSE_D40F53D9B283,360ONE
2016-11-15,2017-01-23,PREVIOUS_ONLY,NSE_D63E80751915,PCBL
2016-11-15,2017-01-23,PREVIOUS_ONLY,NSE_D8BF1C07E0AE,STLTECH
2016-11-15,2017-01-23,PREVIOUS_ONLY,NSE_F210221D2F17,HUHTAMAKI
2016-11-15,2017-01-23,PREVIOUS_UNMAPPED,,SHTV
2016-11-15,2017-01-23,PREVIOUS_UNMAPPED,,SGPC
2016-11-15,2017-01-23,PREVIOUS_UNMAPPED,,GMRAIRPORT
2016-11-15,2017-01-23,PREVIOUS_UNMAPPED,,EPIGRAL
2016-11-15,2017-01-23,PREVIOUS_UNMAPPED,,CIEINDIA
2016-11-15,2017-01-23,PREVIOUS_UNMAPPED,,LTF
2016-11-15,2017-01-23,PREVIOUS_UNMAPPED,,TMPV
2016-11-15,2017-01-23,PREVIOUS_UNMAPPED,,JSWDULUX
2016-11-15,2017-01-23,PREVIOUS_UNMAPPED,,UNITDSPR
2016-11-15,2017-01-23,PREVIOUS_UNMAPPED,,ABREL
2016-11-15,2017-01-23,PREVIOUS_UNMAPPED,,SWANCORP
2016-11-15,2017-01-23,PREVIOUS_UNMAPPED,,WELSPUNLIV
2016-11-15,2017-01-23,PREVIOUS_UNMAPPED,,ADANIENSOL
2016-11-15,2017-01-23,PREVIOUS_UNMAPPED,,ARE&M
2016-11-15,2017-01-23,PREVIOUS_UNMAPPED,,AEGISLOG
2016-11-15,2017-01-23,PREVIOUS_UNMAPPED,,KPIL
2016-11-15,2017-01-23,PREVIOUS_UNMAPPED,,GVT&D
2016-11-15,2017-01-23,PREVIOUS_UNMAPPED,,COHANCE
2016-11-15,2017-01-23,PREVIOUS_UNMAPPED,,HBLENGINE
2016-11-15,2017-01-23,PREVIOUS_UNMAPPED,,SAMMAANCAP
2017-01-23,2017-03-16,OFFICIAL_ONLY,NSE_092A1C3253B4,TATAMOTORS
2017-01-23,2017-03-16,OFFICIAL_ONLY,NSE_2216670637F8,WELSPUNIND
2017-01-23,2017-03-16,OFFICIAL_ONLY,NSE_22A49E238B39,GMRINFRA
2017-01-23,2017-03-16,OFFICIAL_ONLY,NSE_2B12B6998928,RELCAPITAL
2017-01-23,2017-03-16,OFFICIAL_ONLY,NSE_4E27A558622E,SECURKLOUD
2017-01-23,2017-03-16,OFFICIAL_ONLY,NSE_5813C47C6758,HEXAWARE
2017-01-23,2017-03-16,OFFICIAL_ONLY,NSE_633BD53DAEC1,SBT
2017-01-23,2017-03-16,OFFICIAL_ONLY,NSE_70CEEC6EEF1C,MYSOREBANK
2017-01-23,2017-03-16,OFFICIAL_ONLY,NSE_7451BDA5B83F,AEGISCHEM
2017-01-23,2017-03-16,OFFICIAL_ONLY,NSE_7BD208D47A49,MCDOWELL-N
2017-01-23,2017-03-16,OFFICIAL_ONLY,NSE_7E9F9084BD7D,JUBLPHARMA
2017-01-23,2017-03-16,OFFICIAL_ONLY,NSE_8B1A9BBDE5E6,PRSMJOHNSN
2017-01-23,2017-03-16,OFFICIAL_ONLY,NSE_961E02880D58,ADANIPOWER
2017-01-23,2017-03-16,OFFICIAL_ONLY,NSE_9E788BED7AEF,KALPATPOWR
2017-01-23,2017-03-16,OFFICIAL_ONLY,NSE_A3D7B6571FE8,ADANITRANS
2017-01-23,2017-03-16,OFFICIAL_ONLY,NSE_B3E526664FC0,AMARAJABAT
2017-01-23,2017-03-16,OFFICIAL_ONLY,NSE_BAF1627773E0,VIDEOIND
2017-01-23,2017-03-16,OFFICIAL_ONLY,NSE_C23A48F8DAF4,SBBJ
2017-01-23,2017-03-16,OFFICIAL_ONLY,NSE_D3148EEB7BF0,IBULHSGFIN
2017-01-23,2017-03-16,OFFICIAL_ONLY,NSE_D8A31493DD0A,TATAMTRDVR
2017-01-23,2017-03-16,OFFICIAL_ONLY,NSE_DB429E3D7562,DALMIABHA
2017-01-23,2017-03-16,OFFICIAL_ONLY,NSE_E102D7DE4C2C,GRUH
2017-01-23,2017-03-16,OFFICIAL_ONLY,NSE_F111BB4114FB,FCONSUMER
2017-01-23,2017-03-16,OFFICIAL_ONLY,NSE_F5B77D59A62C,L&TFH
2017-01-23,2017-03-16,OFFICIAL_ONLY,NSE_F7FF721279AE,PVR
2017-01-23,2017-03-16,OFFICIAL_ONLY,NSE_FE37750EBD83,ABB
2017-01-23,2017-03-16,OFFICIAL_ONLY,NSE_FED8B098DEA5,GSKCONS
2017-01-23,2017-03-16,OFFICIAL_ONLY,NSE_FF6FC74E85C1,MINDTREE
2017-01-23,2017-03-16,PREVIOUS_ONLY,NSE_232F7BA109E4,ANGELONE
2017-01-23,2017-03-16,PREVIOUS_ONLY,NSE_62370E1BA80E,RHIM
2017-01-23,2017-03-16,PREVIOUS_ONLY,NSE_9E3BB2CB962F,CHOLAHLDNG
2017-01-23,2017-03-16,PREVIOUS_ONLY,NSE_CE1B55B0FE79,DALBHARAT
2017-01-23,2017-03-16,PREVIOUS_ONLY,NSE_D40F53D9B283,360ONE
2017-01-23,2017-03-16,PREVIOUS_ONLY,NSE_D63E80751915,PCBL
2017-01-23,2017-03-16,PREVIOUS_ONLY,NSE_D8BF1C07E0AE,STLTECH
2017-01-23,2017-03-16,PREVIOUS_ONLY,NSE_F210221D2F17,HUHTAMAKI
2017-01-23,2017-03-16,PREVIOUS_UNMAPPED,,SHTV
2017-01-23,2017-03-16,PREVIOUS_UNMAPPED,,SGPC
2017-01-23,2017-03-16,PREVIOUS_UNMAPPED,,GMRAIRPORT
2017-01-23,2017-03-16,PREVIOUS_UNMAPPED,,EPIGRAL
2017-01-23,2017-03-16,PREVIOUS_UNMAPPED,,CIEINDIA
2017-01-23,2017-03-16,PREVIOUS_UNMAPPED,,LTF
2017-01-23,2017-03-16,PREVIOUS_UNMAPPED,,TMPV
2017-01-23,2017-03-16,PREVIOUS_UNMAPPED,,JSWDULUX
2017-01-23,2017-03-16,PREVIOUS_UNMAPPED,,UNITDSPR
2017-01-23,2017-03-16,PREVIOUS_UNMAPPED,,ABREL
2017-01-23,2017-03-16,PREVIOUS_UNMAPPED,,SWANCORP
2017-01-23,2017-03-16,PREVIOUS_UNMAPPED,,WELSPUNLIV
2017-01-23,2017-03-16,PREVIOUS_UNMAPPED,,ADANIENSOL
2017-01-23,2017-03-16,PREVIOUS_UNMAPPED,,ARE&M
2017-01-23,2017-03-16,PREVIOUS_UNMAPPED,,AEGISLOG
2017-01-23,2017-03-16,PREVIOUS_UNMAPPED,,KPIL
2017-01-23,2017-03-16,PREVIOUS_UNMAPPED,,GVT&D
2017-01-23,2017-03-16,PREVIOUS_UNMAPPED,,COHANCE
2017-01-23,2017-03-16,PREVIOUS_UNMAPPED,,HBLENGINE
2017-01-23,2017-03-16,PREVIOUS_UNMAPPED,,SAMMAANCAP
2017-03-16,2017-03-31,OFFICIAL_ONLY,NSE_092A1C3253B4,TATAMOTORS
2017-03-16,2017-03-31,OFFICIAL_ONLY,NSE_1469848A6218,MAXINDIA
2017-03-16,2017-03-31,OFFICIAL_ONLY,NSE_2216670637F8,WELSPUNIND
2017-03-16,2017-03-31,OFFICIAL_ONLY,NSE_22A49E238B39,GMRINFRA
2017-03-16,2017-03-31,OFFICIAL_ONLY,NSE_2B12B6998928,RELCAPITAL
2017-03-16,2017-03-31,OFFICIAL_ONLY,NSE_4E27A558622E,SECURKLOUD
2017-03-16,2017-03-31,OFFICIAL_ONLY,NSE_5813C47C6758,HEXAWARE
2017-03-16,2017-03-31,OFFICIAL_ONLY,NSE_7451BDA5B83F,AEGISCHEM
2017-03-16,2017-03-31,OFFICIAL_ONLY,NSE_78E18EB5DA28,MGL
2017-03-16,2017-03-31,OFFICIAL_ONLY,NSE_7BD208D47A49,MCDOWELL-N
2017-03-16,2017-03-31,OFFICIAL_ONLY,NSE_7E9F9084BD7D,JUBLPHARMA
2017-03-16,2017-03-31,OFFICIAL_ONLY,NSE_8B1A9BBDE5E6,PRSMJOHNSN
2017-03-16,2017-03-31,OFFICIAL_ONLY,NSE_961E02880D58,ADANIPOWER
2017-03-16,2017-03-31,OFFICIAL_ONLY,NSE_9E788BED7AEF,KALPATPOWR
2017-03-16,2017-03-31,OFFICIAL_ONLY,NSE_A3D7B6571FE8,ADANITRANS
2017-03-16,2017-03-31,OFFICIAL_ONLY,NSE_B3E526664FC0,AMARAJABAT
2017-03-16,2017-03-31,OFFICIAL_ONLY,NSE_BAF1627773E0,VIDEOIND
2017-03-16,2017-03-31,OFFICIAL_ONLY,NSE_D3148EEB7BF0,IBULHSGFIN
2017-03-16,2017-03-31,OFFICIAL_ONLY,NSE_D8A31493DD0A,TATAMTRDVR
2017-03-16,2017-03-31,OFFICIAL_ONLY,NSE_DB429E3D7562,DALMIABHA
2017-03-16,2017-03-31,OFFICIAL_ONLY,NSE_E102D7DE4C2C,GRUH
2017-03-16,2017-03-31,OFFICIAL_ONLY,NSE_E987DDA51421,FRETAIL
2017-03-16,2017-03-31,OFFICIAL_ONLY,NSE_F111BB4114FB,FCONSUMER
2017-03-16,2017-03-31,OFFICIAL_ONLY,NSE_F5B77D59A62C,L&TFH
2017-03-16,2017-03-31,OFFICIAL_ONLY,NSE_F7FF721279AE,PVR
2017-03-16,2017-03-31,OFFICIAL_ONLY,NSE_FE37750EBD83,ABB
2017-03-16,2017-03-31,OFFICIAL_ONLY,NSE_FED8B098DEA5,GSKCONS
2017-03-16,2017-03-31,OFFICIAL_ONLY,NSE_FF6FC74E85C1,MINDTREE
2017-03-16,2017-03-31,PREVIOUS_ONLY,NSE_232F7BA109E4,ANGELONE
2017-03-16,2017-03-31,PREVIOUS_ONLY,NSE_62370E1BA80E,RHIM
2017-03-16,2017-03-31,PREVIOUS_ONLY,NSE_9E3BB2CB962F,CHOLAHLDNG
2017-03-16,2017-03-31,PREVIOUS_ONLY,NSE_CE1B55B0FE79,DALBHARAT
2017-03-16,2017-03-31,PREVIOUS_ONLY,NSE_D40F53D9B283,360ONE
2017-03-16,2017-03-31,PREVIOUS_ONLY,NSE_D63E80751915,PCBL
2017-03-16,2017-03-31,PREVIOUS_ONLY,NSE_D8BF1C07E0AE,STLTECH
2017-03-16,2017-03-31,PREVIOUS_ONLY,NSE_F210221D2F17,HUHTAMAKI
2017-03-16,2017-03-31,PREVIOUS_UNMAPPED,,SHTV
2017-03-16,2017-03-31,PREVIOUS_UNMAPPED,,SGPC
2017-03-16,2017-03-31,PREVIOUS_UNMAPPED,,GMRAIRPORT
2017-03-16,2017-03-31,PREVIOUS_UNMAPPED,,EPIGRAL
2017-03-16,2017-03-31,PREVIOUS_UNMAPPED,,CIEINDIA
2017-03-16,2017-03-31,PREVIOUS_UNMAPPED,,LTF
2017-03-16,2017-03-31,PREVIOUS_UNMAPPED,,TMPV
2017-03-16,2017-03-31,PREVIOUS_UNMAPPED,,JSWDULUX
2017-03-16,2017-03-31,PREVIOUS_UNMAPPED,,UNITDSPR
2017-03-16,2017-03-31,PREVIOUS_UNMAPPED,,ABREL
2017-03-16,2017-03-31,PREVIOUS_UNMAPPED,,SWANCORP
2017-03-16,2017-03-31,PREVIOUS_UNMAPPED,,WELSPUNLIV
2017-03-16,2017-03-31,PREVIOUS_UNMAPPED,,ADANIENSOL
2017-03-16,2017-03-31,PREVIOUS_UNMAPPED,,ARE&M
2017-03-16,2017-03-31,PREVIOUS_UNMAPPED,,AEGISLOG
2017-03-16,2017-03-31,PREVIOUS_UNMAPPED,,KPIL
2017-03-16,2017-03-31,PREVIOUS_UNMAPPED,,GVT&D
2017-03-16,2017-03-31,PREVIOUS_UNMAPPED,,COHANCE
2017-03-16,2017-03-31,PREVIOUS_UNMAPPED,,HBLENGINE
2017-03-16,2017-03-31,PREVIOUS_UNMAPPED,,SAMMAANCAP
2017-03-31,2017-05-26,OFFICIAL_ONLY,NSE_092A1C3253B4,TATAMOTORS
2017-03-31,2017-05-26,OFFICIAL_ONLY,NSE_2216670637F8,WELSPUNIND
2017-03-31,2017-05-26,OFFICIAL_ONLY,NSE_22A49E238B39,GMRINFRA
2017-03-31,2017-05-26,OFFICIAL_ONLY,NSE_2B12B6998928,RELCAPITAL
2017-03-31,2017-05-26,OFFICIAL_ONLY,NSE_4E27A558622E,SECURKLOUD
2017-03-31,2017-05-26,OFFICIAL_ONLY,NSE_5813C47C6758,HEXAWARE
2017-03-31,2017-05-26,OFFICIAL_ONLY,NSE_7451BDA5B83F,AEGISCHEM
2017-03-31,2017-05-26,OFFICIAL_ONLY,NSE_7BD208D47A49,MCDOWELL-N
2017-03-31,2017-05-26,OFFICIAL_ONLY,NSE_7E9F9084BD7D,JUBLPHARMA
2017-03-31,2017-05-26,OFFICIAL_ONLY,NSE_8B1A9BBDE5E6,PRSMJOHNSN
2017-03-31,2017-05-26,OFFICIAL_ONLY,NSE_961E02880D58,ADANIPOWER
2017-03-31,2017-05-26,OFFICIAL_ONLY,NSE_9E788BED7AEF,KALPATPOWR
2017-03-31,2017-05-26,OFFICIAL_ONLY,NSE_A3D7B6571FE8,ADANITRANS
2017-03-31,2017-05-26,OFFICIAL_ONLY,NSE_B3E526664FC0,AMARAJABAT
2017-03-31,2017-05-26,OFFICIAL_ONLY,NSE_B61709A06339,LTIM
2017-03-31,2017-05-26,OFFICIAL_ONLY,NSE_BAF1627773E0,VIDEOIND
2017-03-31,2017-05-26,OFFICIAL_ONLY,NSE_D3148EEB7BF0,IBULHSGFIN
2017-03-31,2017-05-26,OFFICIAL_ONLY,NSE_D8A31493DD0A,TATAMTRDVR
2017-03-31,2017-05-26,OFFICIAL_ONLY,NSE_DB429E3D7562,DALMIABHA
2017-03-31,2017-05-26,OFFICIAL_ONLY,NSE_E102D7DE4C2C,GRUH
2017-03-31,2017-05-26,OFFICIAL_ONLY,NSE_F111BB4114FB,FCONSUMER
2017-03-31,2017-05-26,OFFICIAL_ONLY,NSE_F5B77D59A62C,L&TFH
2017-03-31,2017-05-26,OFFICIAL_ONLY,NSE_F7FF721279AE,PVR
2017-03-31,2017-05-26,OFFICIAL_ONLY,NSE_FE37750EBD83,ABB
2017-03-31,2017-05-26,OFFICIAL_ONLY,NSE_FED8B098DEA5,GSKCONS
2017-03-31,2017-05-26,OFFICIAL_ONLY,NSE_FF6FC74E85C1,MINDTREE
2017-03-31,2017-05-26,PREVIOUS_ONLY,NSE_232F7BA109E4,ANGELONE
2017-03-31,2017-05-26,PREVIOUS_ONLY,NSE_62370E1BA80E,RHIM
2017-03-31,2017-05-26,PREVIOUS_ONLY,NSE_9E3BB2CB962F,CHOLAHLDNG
2017-03-31,2017-05-26,PREVIOUS_ONLY,NSE_CE1B55B0FE79,DALBHARAT
2017-03-31,2017-05-26,PREVIOUS_ONLY,NSE_D40F53D9B283,360ONE
2017-03-31,2017-05-26,PREVIOUS_ONLY,NSE_D63E80751915,PCBL
2017-03-31,2017-05-26,PREVIOUS_ONLY,NSE_F210221D2F17,HUHTAMAKI
2017-03-31,2017-05-26,PREVIOUS_UNMAPPED,,SHTV
2017-03-31,2017-05-26,PREVIOUS_UNMAPPED,,SGPC
2017-03-31,2017-05-26,PREVIOUS_UNMAPPED,,GMRAIRPORT
2017-03-31,2017-05-26,PREVIOUS_UNMAPPED,,EPIGRAL
2017-03-31,2017-05-26,PREVIOUS_UNMAPPED,,CIEINDIA
2017-03-31,2017-05-26,PREVIOUS_UNMAPPED,,LTF
2017-03-31,2017-05-26,PREVIOUS_UNMAPPED,,TMPV
2017-03-31,2017-05-26,PREVIOUS_UNMAPPED,,JSWDULUX
2017-03-31,2017-05-26,PREVIOUS_UNMAPPED,,UNITDSPR
2017-03-31,2017-05-26,PREVIOUS_UNMAPPED,,ABREL
2017-03-31,2017-05-26,PREVIOUS_UNMAPPED,,SWANCORP
2017-03-31,2017-05-26,PREVIOUS_UNMAPPED,,WELSPUNLIV
2017-03-31,2017-05-26,PREVIOUS_UNMAPPED,,ADANIENSOL
2017-03-31,2017-05-26,PREVIOUS_UNMAPPED,,ARE&M
2017-03-31,2017-05-26,PREVIOUS_UNMAPPED,,AEGISLOG
2017-03-31,2017-05-26,PREVIOUS_UNMAPPED,,KPIL
2017-03-31,2017-05-26,PREVIOUS_UNMAPPED,,GVT&D
2017-03-31,2017-05-26,PREVIOUS_UNMAPPED,,COHANCE
2017-03-31,2017-05-26,PREVIOUS_UNMAPPED,,HBLENGINE
2017-03-31,2017-05-26,PREVIOUS_UNMAPPED,,SAMMAANCAP
2017-05-26,2017-06-23,OFFICIAL_ONLY,NSE_092A1C3253B4,TATAMOTORS
2017-05-26,2017-06-23,OFFICIAL_ONLY,NSE_2216670637F8,WELSPUNIND
2017-05-26,2017-06-23,OFFICIAL_ONLY,NSE_22A49E238B39,GMRINFRA
2017-05-26,2017-06-23,OFFICIAL_ONLY,NSE_2B12B6998928,RELCAPITAL
2017-05-26,2017-06-23,OFFICIAL_ONLY,NSE_4E27A558622E,SECURKLOUD
2017-05-26,2017-06-23,OFFICIAL_ONLY,NSE_5813C47C6758,HEXAWARE
2017-05-26,2017-06-23,OFFICIAL_ONLY,NSE_7451BDA5B83F,AEGISCHEM
2017-05-26,2017-06-23,OFFICIAL_ONLY,NSE_7BD208D47A49,MCDOWELL-N
2017-05-26,2017-06-23,OFFICIAL_ONLY,NSE_7E9F9084BD7D,JUBLPHARMA
2017-05-26,2017-06-23,OFFICIAL_ONLY,NSE_8B1A9BBDE5E6,PRSMJOHNSN
2017-05-26,2017-06-23,OFFICIAL_ONLY,NSE_961E02880D58,ADANIPOWER
2017-05-26,2017-06-23,OFFICIAL_ONLY,NSE_9E788BED7AEF,KALPATPOWR
2017-05-26,2017-06-23,OFFICIAL_ONLY,NSE_A3D7B6571FE8,ADANITRANS
2017-05-26,2017-06-23,OFFICIAL_ONLY,NSE_B3E526664FC0,AMARAJABAT
2017-05-26,2017-06-23,OFFICIAL_ONLY,NSE_B61709A06339,LTIM
2017-05-26,2017-06-23,OFFICIAL_ONLY,NSE_BAF1627773E0,VIDEOIND
2017-05-26,2017-06-23,OFFICIAL_ONLY,NSE_D3148EEB7BF0,IBULHSGFIN
2017-05-26,2017-06-23,OFFICIAL_ONLY,NSE_D8A31493DD0A,TATAMTRDVR
2017-05-26,2017-06-23,OFFICIAL_ONLY,NSE_DB429E3D7562,DALMIABHA
2017-05-26,2017-06-23,OFFICIAL_ONLY,NSE_E102D7DE4C2C,GRUH
2017-05-26,2017-06-23,OFFICIAL_ONLY,NSE_F111BB4114FB,FCONSUMER
2017-05-26,2017-06-23,OFFICIAL_ONLY,NSE_F5B77D59A62C,L&TFH
2017-05-26,2017-06-23,OFFICIAL_ONLY,NSE_F7FF721279AE,PVR
2017-05-26,2017-06-23,OFFICIAL_ONLY,NSE_FE37750EBD83,ABB
2017-05-26,2017-06-23,OFFICIAL_ONLY,NSE_FED8B098DEA5,GSKCONS
2017-05-26,2017-06-23,OFFICIAL_ONLY,NSE_FF6FC74E85C1,MINDTREE
2017-05-26,2017-06-23,PREVIOUS_ONLY,NSE_232F7BA109E4,ANGELONE
2017-05-26,2017-06-23,PREVIOUS_ONLY,NSE_62370E1BA80E,RHIM
2017-05-26,2017-06-23,PREVIOUS_ONLY,NSE_9E3BB2CB962F,CHOLAHLDNG
2017-05-26,2017-06-23,PREVIOUS_ONLY,NSE_CE1B55B0FE79,DALBHARAT
2017-05-26,2017-06-23,PREVIOUS_ONLY,NSE_D40F53D9B283,360ONE
2017-05-26,2017-06-23,PREVIOUS_ONLY,NSE_D63E80751915,PCBL
2017-05-26,2017-06-23,PREVIOUS_ONLY,NSE_F210221D2F17,HUHTAMAKI
2017-05-26,2017-06-23,PREVIOUS_UNMAPPED,,SHTV
2017-05-26,2017-06-23,PREVIOUS_UNMAPPED,,SGPC
2017-05-26,2017-06-23,PREVIOUS_UNMAPPED,,GMRAIRPORT
2017-05-26,2017-06-23,PREVIOUS_UNMAPPED,,EPIGRAL
2017-05-26,2017-06-23,PREVIOUS_UNMAPPED,,CIEINDIA
2017-05-26,2017-06-23,PREVIOUS_UNMAPPED,,LTF
2017-05-26,2017-06-23,PREVIOUS_UNMAPPED,,TMPV
2017-05-26,2017-06-23,PREVIOUS_UNMAPPED,,JSWDULUX
2017-05-26,2017-06-23,PREVIOUS_UNMAPPED,,UNITDSPR
2017-05-26,2017-06-23,PREVIOUS_UNMAPPED,,ABREL
2017-05-26,2017-06-23,PREVIOUS_UNMAPPED,,SWANCORP
2017-05-26,2017-06-23,PREVIOUS_UNMAPPED,,WELSPUNLIV
2017-05-26,2017-06-23,PREVIOUS_UNMAPPED,,ADANIENSOL
2017-05-26,2017-06-23,PREVIOUS_UNMAPPED,,ARE&M
2017-05-26,2017-06-23,PREVIOUS_UNMAPPED,,AEGISLOG
2017-05-26,2017-06-23,PREVIOUS_UNMAPPED,,KPIL
2017-05-26,2017-06-23,PREVIOUS_UNMAPPED,,GVT&D
2017-05-26,2017-06-23,PREVIOUS_UNMAPPED,,COHANCE
2017-05-26,2017-06-23,PREVIOUS_UNMAPPED,,HBLENGINE
2017-05-26,2017-06-23,PREVIOUS_UNMAPPED,,SAMMAANCAP
2017-06-23,2017-09-05,OFFICIAL_ONLY,NSE_092A1C3253B4,TATAMOTORS
2017-06-23,2017-09-05,OFFICIAL_ONLY,NSE_2216670637F8,WELSPUNIND
2017-06-23,2017-09-05,OFFICIAL_ONLY,NSE_22A49E238B39,GMRINFRA
2017-06-23,2017-09-05,OFFICIAL_ONLY,NSE_2B12B6998928,RELCAPITAL
2017-06-23,2017-09-05,OFFICIAL_ONLY,NSE_4E27A558622E,SECURKLOUD
2017-06-23,2017-09-05,OFFICIAL_ONLY,NSE_5813C47C6758,HEXAWARE
2017-06-23,2017-09-05,OFFICIAL_ONLY,NSE_7451BDA5B83F,AEGISCHEM
2017-06-23,2017-09-05,OFFICIAL_ONLY,NSE_7BD208D47A49,MCDOWELL-N
2017-06-23,2017-09-05,OFFICIAL_ONLY,NSE_7E9F9084BD7D,JUBLPHARMA
2017-06-23,2017-09-05,OFFICIAL_ONLY,NSE_8B1A9BBDE5E6,PRSMJOHNSN
2017-06-23,2017-09-05,OFFICIAL_ONLY,NSE_961E02880D58,ADANIPOWER
2017-06-23,2017-09-05,OFFICIAL_ONLY,NSE_9E788BED7AEF,KALPATPOWR
2017-06-23,2017-09-05,OFFICIAL_ONLY,NSE_A3D7B6571FE8,ADANITRANS
2017-06-23,2017-09-05,OFFICIAL_ONLY,NSE_B3E526664FC0,AMARAJABAT
2017-06-23,2017-09-05,OFFICIAL_ONLY,NSE_B61709A06339,LTIM
2017-06-23,2017-09-05,OFFICIAL_ONLY,NSE_BAF1627773E0,VIDEOIND
2017-06-23,2017-09-05,OFFICIAL_ONLY,NSE_D3148EEB7BF0,IBULHSGFIN
2017-06-23,2017-09-05,OFFICIAL_ONLY,NSE_D8A31493DD0A,TATAMTRDVR
2017-06-23,2017-09-05,OFFICIAL_ONLY,NSE_DB429E3D7562,DALMIABHA
2017-06-23,2017-09-05,OFFICIAL_ONLY,NSE_E102D7DE4C2C,GRUH
2017-06-23,2017-09-05,OFFICIAL_ONLY,NSE_F111BB4114FB,FCONSUMER
2017-06-23,2017-09-05,OFFICIAL_ONLY,NSE_F5B77D59A62C,L&TFH
2017-06-23,2017-09-05,OFFICIAL_ONLY,NSE_F7FF721279AE,PVR
2017-06-23,2017-09-05,OFFICIAL_ONLY,NSE_FE37750EBD83,ABB
2017-06-23,2017-09-05,OFFICIAL_ONLY,NSE_FED8B098DEA5,GSKCONS
2017-06-23,2017-09-05,OFFICIAL_ONLY,NSE_FF6FC74E85C1,MINDTREE
2017-06-23,2017-09-05,PREVIOUS_ONLY,NSE_232F7BA109E4,ANGELONE
2017-06-23,2017-09-05,PREVIOUS_ONLY,NSE_62370E1BA80E,RHIM
2017-06-23,2017-09-05,PREVIOUS_ONLY,NSE_9E3BB2CB962F,CHOLAHLDNG
2017-06-23,2017-09-05,PREVIOUS_ONLY,NSE_CE1B55B0FE79,DALBHARAT
2017-06-23,2017-09-05,PREVIOUS_ONLY,NSE_D40F53D9B283,360ONE
2017-06-23,2017-09-05,PREVIOUS_ONLY,NSE_D63E80751915,PCBL
2017-06-23,2017-09-05,PREVIOUS_ONLY,NSE_F210221D2F17,HUHTAMAKI
2017-06-23,2017-09-05,PREVIOUS_UNMAPPED,,SHTV
2017-06-23,2017-09-05,PREVIOUS_UNMAPPED,,SGPC
2017-06-23,2017-09-05,PREVIOUS_UNMAPPED,,GMRAIRPORT
2017-06-23,2017-09-05,PREVIOUS_UNMAPPED,,EPIGRAL
2017-06-23,2017-09-05,PREVIOUS_UNMAPPED,,CIEINDIA
2017-06-23,2017-09-05,PREVIOUS_UNMAPPED,,LTF
2017-06-23,2017-09-05,PREVIOUS_UNMAPPED,,TMPV
2017-06-23,2017-09-05,PREVIOUS_UNMAPPED,,JSWDULUX
2017-06-23,2017-09-05,PREVIOUS_UNMAPPED,,UNITDSPR
2017-06-23,2017-09-05,PREVIOUS_UNMAPPED,,ABREL
2017-06-23,2017-09-05,PREVIOUS_UNMAPPED,,SWANCORP
2017-06-23,2017-09-05,PREVIOUS_UNMAPPED,,WELSPUNLIV
2017-06-23,2017-09-05,PREVIOUS_UNMAPPED,,ADANIENSOL
2017-06-23,2017-09-05,PREVIOUS_UNMAPPED,,ARE&M
2017-06-23,2017-09-05,PREVIOUS_UNMAPPED,,AEGISLOG
2017-06-23,2017-09-05,PREVIOUS_UNMAPPED,,KPIL
2017-06-23,2017-09-05,PREVIOUS_UNMAPPED,,GVT&D
2017-06-23,2017-09-05,PREVIOUS_UNMAPPED,,COHANCE
2017-06-23,2017-09-05,PREVIOUS_UNMAPPED,,HBLENGINE
2017-06-23,2017-09-05,PREVIOUS_UNMAPPED,,SAMMAANCAP
2017-09-05,2017-09-29,OFFICIAL_ONLY,NSE_092A1C3253B4,TATAMOTORS
2017-09-05,2017-09-29,OFFICIAL_ONLY,NSE_2216670637F8,WELSPUNIND
2017-09-05,2017-09-29,OFFICIAL_ONLY,NSE_22A49E238B39,GMRINFRA
2017-09-05,2017-09-29,OFFICIAL_ONLY,NSE_4E27A558622E,SECURKLOUD
2017-09-05,2017-09-29,OFFICIAL_ONLY,NSE_5813C47C6758,HEXAWARE
2017-09-05,2017-09-29,OFFICIAL_ONLY,NSE_7451BDA5B83F,AEGISCHEM
2017-09-05,2017-09-29,OFFICIAL_ONLY,NSE_7BD208D47A49,MCDOWELL-N
2017-09-05,2017-09-29,OFFICIAL_ONLY,NSE_7E9F9084BD7D,JUBLPHARMA
2017-09-05,2017-09-29,OFFICIAL_ONLY,NSE_8B1A9BBDE5E6,PRSMJOHNSN
2017-09-05,2017-09-29,OFFICIAL_ONLY,NSE_961E02880D58,ADANIPOWER
2017-09-05,2017-09-29,OFFICIAL_ONLY,NSE_98CBA18954BD,MFSL
2017-09-05,2017-09-29,OFFICIAL_ONLY,NSE_9E788BED7AEF,KALPATPOWR
2017-09-05,2017-09-29,OFFICIAL_ONLY,NSE_A3D7B6571FE8,ADANITRANS
2017-09-05,2017-09-29,OFFICIAL_ONLY,NSE_B3E526664FC0,AMARAJABAT
2017-09-05,2017-09-29,OFFICIAL_ONLY,NSE_B61709A06339,LTIM
2017-09-05,2017-09-29,OFFICIAL_ONLY,NSE_BAF1627773E0,VIDEOIND
2017-09-05,2017-09-29,OFFICIAL_ONLY,NSE_D3148EEB7BF0,IBULHSGFIN
2017-09-05,2017-09-29,OFFICIAL_ONLY,NSE_D8A31493DD0A,TATAMTRDVR
2017-09-05,2017-09-29,OFFICIAL_ONLY,NSE_DB429E3D7562,DALMIABHA
2017-09-05,2017-09-29,OFFICIAL_ONLY,NSE_E102D7DE4C2C,GRUH
2017-09-05,2017-09-29,OFFICIAL_ONLY,NSE_F111BB4114FB,FCONSUMER
2017-09-05,2017-09-29,OFFICIAL_ONLY,NSE_F5B77D59A62C,L&TFH
2017-09-05,2017-09-29,OFFICIAL_ONLY,NSE_F7FF721279AE,PVR
2017-09-05,2017-09-29,OFFICIAL_ONLY,NSE_FE37750EBD83,ABB
2017-09-05,2017-09-29,OFFICIAL_ONLY,NSE_FED8B098DEA5,GSKCONS
2017-09-05,2017-09-29,OFFICIAL_ONLY,NSE_FF6FC74E85C1,MINDTREE
2017-09-05,2017-09-29,PREVIOUS_ONLY,NSE_232F7BA109E4,ANGELONE
2017-09-05,2017-09-29,PREVIOUS_ONLY,NSE_62370E1BA80E,RHIM
2017-09-05,2017-09-29,PREVIOUS_ONLY,NSE_9E3BB2CB962F,CHOLAHLDNG
2017-09-05,2017-09-29,PREVIOUS_ONLY,NSE_CE1B55B0FE79,DALBHARAT
2017-09-05,2017-09-29,PREVIOUS_ONLY,NSE_D40F53D9B283,360ONE
2017-09-05,2017-09-29,PREVIOUS_ONLY,NSE_D63E80751915,PCBL
2017-09-05,2017-09-29,PREVIOUS_ONLY,NSE_F210221D2F17,HUHTAMAKI
2017-09-05,2017-09-29,PREVIOUS_UNMAPPED,,SHTV
2017-09-05,2017-09-29,PREVIOUS_UNMAPPED,,SGPC
2017-09-05,2017-09-29,PREVIOUS_UNMAPPED,,GMRAIRPORT
2017-09-05,2017-09-29,PREVIOUS_UNMAPPED,,EPIGRAL
2017-09-05,2017-09-29,PREVIOUS_UNMAPPED,,CIEINDIA
2017-09-05,2017-09-29,PREVIOUS_UNMAPPED,,LTF
2017-09-05,2017-09-29,PREVIOUS_UNMAPPED,,TMPV
2017-09-05,2017-09-29,PREVIOUS_UNMAPPED,,JSWDULUX
2017-09-05,2017-09-29,PREVIOUS_UNMAPPED,,UNITDSPR
2017-09-05,2017-09-29,PREVIOUS_UNMAPPED,,ABREL
2017-09-05,2017-09-29,PREVIOUS_UNMAPPED,,SWANCORP
2017-09-05,2017-09-29,PREVIOUS_UNMAPPED,,WELSPUNLIV
2017-09-05,2017-09-29,PREVIOUS_UNMAPPED,,ADANIENSOL
2017-09-05,2017-09-29,PREVIOUS_UNMAPPED,,ARE&M
2017-09-05,2017-09-29,PREVIOUS_UNMAPPED,,AEGISLOG
2017-09-05,2017-09-29,PREVIOUS_UNMAPPED,,KPIL
2017-09-05,2017-09-29,PREVIOUS_UNMAPPED,,GVT&D
2017-09-05,2017-09-29,PREVIOUS_UNMAPPED,,COHANCE
2017-09-05,2017-09-29,PREVIOUS_UNMAPPED,,HBLENGINE
2017-09-05,2017-09-29,PREVIOUS_UNMAPPED,,SAMMAANCAP
2017-09-29,2017-09-30,OFFICIAL_ONLY,NSE_092A1C3253B4,TATAMOTORS
2017-09-29,2017-09-30,OFFICIAL_ONLY,NSE_2216670637F8,WELSPUNIND
2017-09-29,2017-09-30,OFFICIAL_ONLY,NSE_22A49E238B39,GMRINFRA
2017-09-29,2017-09-30,OFFICIAL_ONLY,NSE_4E27A558622E,SECURKLOUD
2017-09-29,2017-09-30,OFFICIAL_ONLY,NSE_5813C47C6758,HEXAWARE
2017-09-29,2017-09-30,OFFICIAL_ONLY,NSE_7451BDA5B83F,AEGISCHEM
2017-09-29,2017-09-30,OFFICIAL_ONLY,NSE_7BD208D47A49,MCDOWELL-N
2017-09-29,2017-09-30,OFFICIAL_ONLY,NSE_7E9F9084BD7D,JUBLPHARMA
2017-09-29,2017-09-30,OFFICIAL_ONLY,NSE_8B1A9BBDE5E6,PRSMJOHNSN
2017-09-29,2017-09-30,OFFICIAL_ONLY,NSE_961E02880D58,ADANIPOWER
2017-09-29,2017-09-30,OFFICIAL_ONLY,NSE_9E788BED7AEF,KALPATPOWR
2017-09-29,2017-09-30,OFFICIAL_ONLY,NSE_A3D7B6571FE8,ADANITRANS
2017-09-29,2017-09-30,OFFICIAL_ONLY,NSE_B3E526664FC0,AMARAJABAT
2017-09-29,2017-09-30,OFFICIAL_ONLY,NSE_B61709A06339,LTIM
2017-09-29,2017-09-30,OFFICIAL_ONLY,NSE_BAF1627773E0,VIDEOIND
2017-09-29,2017-09-30,OFFICIAL_ONLY,NSE_D3148EEB7BF0,IBULHSGFIN
2017-09-29,2017-09-30,OFFICIAL_ONLY,NSE_D8A31493DD0A,TATAMTRDVR
2017-09-29,2017-09-30,OFFICIAL_ONLY,NSE_DB429E3D7562,DALMIABHA
2017-09-29,2017-09-30,OFFICIAL_ONLY,NSE_E102D7DE4C2C,GRUH
2017-09-29,2017-09-30,OFFICIAL_ONLY,NSE_F111BB4114FB,FCONSUMER
2017-09-29,2017-09-30,OFFICIAL_ONLY,NSE_F5B77D59A62C,L&TFH
2017-09-29,2017-09-30,OFFICIAL_ONLY,NSE_F7FF721279AE,PVR
2017-09-29,2017-09-30,OFFICIAL_ONLY,NSE_FE37750EBD83,ABB
2017-09-29,2017-09-30,OFFICIAL_ONLY,NSE_FED8B098DEA5,GSKCONS
2017-09-29,2017-09-30,OFFICIAL_ONLY,NSE_FF6FC74E85C1,MINDTREE
2017-09-29,2017-09-30,PREVIOUS_ONLY,NSE_232F7BA109E4,ANGELONE
2017-09-29,2017-09-30,PREVIOUS_ONLY,NSE_62370E1BA80E,RHIM
2017-09-29,2017-09-30,PREVIOUS_ONLY,NSE_9E3BB2CB962F,CHOLAHLDNG
2017-09-29,2017-09-30,PREVIOUS_ONLY,NSE_CE1B55B0FE79,DALBHARAT
2017-09-29,2017-09-30,PREVIOUS_ONLY,NSE_D40F53D9B283,360ONE
2017-09-29,2017-09-30,PREVIOUS_ONLY,NSE_D63E80751915,PCBL
2017-09-29,2017-09-30,PREVIOUS_ONLY,NSE_F210221D2F17,HUHTAMAKI
2017-09-29,2017-09-30,PREVIOUS_UNMAPPED,,SHTV
2017-09-29,2017-09-30,PREVIOUS_UNMAPPED,,SGPC
2017-09-29,2017-09-30,PREVIOUS_UNMAPPED,,GMRAIRPORT
2017-09-29,2017-09-30,PREVIOUS_UNMAPPED,,EPIGRAL
2017-09-29,2017-09-30,PREVIOUS_UNMAPPED,,CIEINDIA
2017-09-29,2017-09-30,PREVIOUS_UNMAPPED,,LTF
2017-09-29,2017-09-30,PREVIOUS_UNMAPPED,,TMPV
2017-09-29,2017-09-30,PREVIOUS_UNMAPPED,,JSWDULUX
2017-09-29,2017-09-30,PREVIOUS_UNMAPPED,,UNITDSPR
2017-09-29,2017-09-30,PREVIOUS_UNMAPPED,,ABREL
2017-09-29,2017-09-30,PREVIOUS_UNMAPPED,,SWANCORP
2017-09-29,2017-09-30,PREVIOUS_UNMAPPED,,WELSPUNLIV
2017-09-29,2017-09-30,PREVIOUS_UNMAPPED,,ADANIENSOL
2017-09-29,2017-09-30,PREVIOUS_UNMAPPED,,ARE&M
2017-09-29,2017-09-30,PREVIOUS_UNMAPPED,,AEGISLOG
2017-09-29,2017-09-30,PREVIOUS_UNMAPPED,,KPIL
2017-09-29,2017-09-30,PREVIOUS_UNMAPPED,,GVT&D
2017-09-29,2017-09-30,PREVIOUS_UNMAPPED,,COHANCE
2017-09-29,2017-09-30,PREVIOUS_UNMAPPED,,HBLENGINE
2017-09-29,2017-09-30,PREVIOUS_UNMAPPED,,SAMMAANCAP
2017-09-30,2017-10-30,OFFICIAL_ONLY,NSE_092A1C3253B4,TATAMOTORS
2017-09-30,2017-10-30,OFFICIAL_ONLY,NSE_2216670637F8,WELSPUNIND
2017-09-30,2017-10-30,OFFICIAL_ONLY,NSE_22A49E238B39,GMRINFRA
2017-09-30,2017-10-30,OFFICIAL_ONLY,NSE_4E27A558622E,SECURKLOUD
2017-09-30,2017-10-30,OFFICIAL_ONLY,NSE_5813C47C6758,HEXAWARE
2017-09-30,2017-10-30,OFFICIAL_ONLY,NSE_7451BDA5B83F,AEGISCHEM
2017-09-30,2017-10-30,OFFICIAL_ONLY,NSE_7BD208D47A49,MCDOWELL-N
2017-09-30,2017-10-30,OFFICIAL_ONLY,NSE_7E9F9084BD7D,JUBLPHARMA
2017-09-30,2017-10-30,OFFICIAL_ONLY,NSE_8B1A9BBDE5E6,PRSMJOHNSN
2017-09-30,2017-10-30,OFFICIAL_ONLY,NSE_961E02880D58,ADANIPOWER
2017-09-30,2017-10-30,OFFICIAL_ONLY,NSE_9E788BED7AEF,KALPATPOWR
2017-09-30,2017-10-30,OFFICIAL_ONLY,NSE_A3D7B6571FE8,ADANITRANS
2017-09-30,2017-10-30,OFFICIAL_ONLY,NSE_B3E526664FC0,AMARAJABAT
2017-09-30,2017-10-30,OFFICIAL_ONLY,NSE_B61709A06339,LTIM
2017-09-30,2017-10-30,OFFICIAL_ONLY,NSE_BAF1627773E0,VIDEOIND
2017-09-30,2017-10-30,OFFICIAL_ONLY,NSE_D3148EEB7BF0,IBULHSGFIN
2017-09-30,2017-10-30,OFFICIAL_ONLY,NSE_D8A31493DD0A,TATAMTRDVR
2017-09-30,2017-10-30,OFFICIAL_ONLY,NSE_DB429E3D7562,DALMIABHA
2017-09-30,2017-10-30,OFFICIAL_ONLY,NSE_E102D7DE4C2C,GRUH
2017-09-30,2017-10-30,OFFICIAL_ONLY,NSE_F111BB4114FB,FCONSUMER
2017-09-30,2017-10-30,OFFICIAL_ONLY,NSE_F5B77D59A62C,L&TFH
2017-09-30,2017-10-30,OFFICIAL_ONLY,NSE_F7FF721279AE,PVR
2017-09-30,2017-10-30,OFFICIAL_ONLY,NSE_FE37750EBD83,ABB
2017-09-30,2017-10-30,OFFICIAL_ONLY,NSE_FED8B098DEA5,GSKCONS
2017-09-30,2017-10-30,OFFICIAL_ONLY,NSE_FF6FC74E85C1,MINDTREE
2017-09-30,2017-10-30,PREVIOUS_ONLY,NSE_232F7BA109E4,ANGELONE
2017-09-30,2017-10-30,PREVIOUS_ONLY,NSE_62370E1BA80E,RHIM
2017-09-30,2017-10-30,PREVIOUS_ONLY,NSE_9E3BB2CB962F,CHOLAHLDNG
2017-09-30,2017-10-30,PREVIOUS_ONLY,NSE_CE1B55B0FE79,DALBHARAT
2017-09-30,2017-10-30,PREVIOUS_ONLY,NSE_D40F53D9B283,360ONE
2017-09-30,2017-10-30,PREVIOUS_ONLY,NSE_D63E80751915,PCBL
2017-09-30,2017-10-30,PREVIOUS_ONLY,NSE_F210221D2F17,HUHTAMAKI
2017-09-30,2017-10-30,PREVIOUS_UNMAPPED,,SHTV
2017-09-30,2017-10-30,PREVIOUS_UNMAPPED,,SGPC
2017-09-30,2017-10-30,PREVIOUS_UNMAPPED,,GMRAIRPORT
2017-09-30,2017-10-30,PREVIOUS_UNMAPPED,,EPIGRAL
2017-09-30,2017-10-30,PREVIOUS_UNMAPPED,,CIEINDIA
2017-09-30,2017-10-30,PREVIOUS_UNMAPPED,,LTF
2017-09-30,2017-10-30,PREVIOUS_UNMAPPED,,TMPV
2017-09-30,2017-10-30,PREVIOUS_UNMAPPED,,JSWDULUX
2017-09-30,2017-10-30,PREVIOUS_UNMAPPED,,UNITDSPR
2017-09-30,2017-10-30,PREVIOUS_UNMAPPED,,ABREL
2017-09-30,2017-10-30,PREVIOUS_UNMAPPED,,SWANCORP
2017-09-30,2017-10-30,PREVIOUS_UNMAPPED,,WELSPUNLIV
2017-09-30,2017-10-30,PREVIOUS_UNMAPPED,,ADANIENSOL
2017-09-30,2017-10-30,PREVIOUS_UNMAPPED,,ARE&M
2017-09-30,2017-10-30,PREVIOUS_UNMAPPED,,AEGISLOG
2017-09-30,2017-10-30,PREVIOUS_UNMAPPED,,KPIL
2017-09-30,2017-10-30,PREVIOUS_UNMAPPED,,GVT&D
2017-09-30,2017-10-30,PREVIOUS_UNMAPPED,,COHANCE
2017-09-30,2017-10-30,PREVIOUS_UNMAPPED,,HBLENGINE
2017-09-30,2017-10-30,PREVIOUS_UNMAPPED,,SAMMAANCAP
2017-10-30,2017-11-13,OFFICIAL_ONLY,NSE_092A1C3253B4,TATAMOTORS
2017-10-30,2017-11-13,OFFICIAL_ONLY,NSE_2216670637F8,WELSPUNIND
2017-10-30,2017-11-13,OFFICIAL_ONLY,NSE_22A49E238B39,GMRINFRA
2017-10-30,2017-11-13,OFFICIAL_ONLY,NSE_4E27A558622E,SECURKLOUD
2017-10-30,2017-11-13,OFFICIAL_ONLY,NSE_5813C47C6758,HEXAWARE
2017-10-30,2017-11-13,OFFICIAL_ONLY,NSE_7451BDA5B83F,AEGISCHEM
2017-10-30,2017-11-13,OFFICIAL_ONLY,NSE_7BD208D47A49,MCDOWELL-N
2017-10-30,2017-11-13,OFFICIAL_ONLY,NSE_7E9F9084BD7D,JUBLPHARMA
2017-10-30,2017-11-13,OFFICIAL_ONLY,NSE_8B1A9BBDE5E6,PRSMJOHNSN
2017-10-30,2017-11-13,OFFICIAL_ONLY,NSE_961E02880D58,ADANIPOWER
2017-10-30,2017-11-13,OFFICIAL_ONLY,NSE_9E788BED7AEF,KALPATPOWR
2017-10-30,2017-11-13,OFFICIAL_ONLY,NSE_A3D7B6571FE8,ADANITRANS
2017-10-30,2017-11-13,OFFICIAL_ONLY,NSE_B3E526664FC0,AMARAJABAT
2017-10-30,2017-11-13,OFFICIAL_ONLY,NSE_B61709A06339,LTIM
2017-10-30,2017-11-13,OFFICIAL_ONLY,NSE_BAF1627773E0,VIDEOIND
2017-10-30,2017-11-13,OFFICIAL_ONLY,NSE_D3148EEB7BF0,IBULHSGFIN
2017-10-30,2017-11-13,OFFICIAL_ONLY,NSE_D8A31493DD0A,TATAMTRDVR
2017-10-30,2017-11-13,OFFICIAL_ONLY,NSE_DB429E3D7562,DALMIABHA
2017-10-30,2017-11-13,OFFICIAL_ONLY,NSE_E102D7DE4C2C,GRUH
2017-10-30,2017-11-13,OFFICIAL_ONLY,NSE_F111BB4114FB,FCONSUMER
2017-10-30,2017-11-13,OFFICIAL_ONLY,NSE_F5B77D59A62C,L&TFH
2017-10-30,2017-11-13,OFFICIAL_ONLY,NSE_F7FF721279AE,PVR
2017-10-30,2017-11-13,OFFICIAL_ONLY,NSE_FE37750EBD83,ABB
2017-10-30,2017-11-13,OFFICIAL_ONLY,NSE_FED8B098DEA5,GSKCONS
2017-10-30,2017-11-13,OFFICIAL_ONLY,NSE_FF6FC74E85C1,MINDTREE
2017-10-30,2017-11-13,PREVIOUS_ONLY,NSE_232F7BA109E4,ANGELONE
2017-10-30,2017-11-13,PREVIOUS_ONLY,NSE_62370E1BA80E,RHIM
2017-10-30,2017-11-13,PREVIOUS_ONLY,NSE_9E3BB2CB962F,CHOLAHLDNG
2017-10-30,2017-11-13,PREVIOUS_ONLY,NSE_CE1B55B0FE79,DALBHARAT
2017-10-30,2017-11-13,PREVIOUS_ONLY,NSE_D40F53D9B283,360ONE
2017-10-30,2017-11-13,PREVIOUS_ONLY,NSE_D63E80751915,PCBL
2017-10-30,2017-11-13,PREVIOUS_ONLY,NSE_F210221D2F17,HUHTAMAKI
2017-10-30,2017-11-13,PREVIOUS_UNMAPPED,,SHTV
2017-10-30,2017-11-13,PREVIOUS_UNMAPPED,,SGPC
2017-10-30,2017-11-13,PREVIOUS_UNMAPPED,,GMRAIRPORT
2017-10-30,2017-11-13,PREVIOUS_UNMAPPED,,EPIGRAL
2017-10-30,2017-11-13,PREVIOUS_UNMAPPED,,CIEINDIA
2017-10-30,2017-11-13,PREVIOUS_UNMAPPED,,LTF
2017-10-30,2017-11-13,PREVIOUS_UNMAPPED,,TMPV
2017-10-30,2017-11-13,PREVIOUS_UNMAPPED,,JSWDULUX
2017-10-30,2017-11-13,PREVIOUS_UNMAPPED,,UNITDSPR
2017-10-30,2017-11-13,PREVIOUS_UNMAPPED,,ABREL
2017-10-30,2017-11-13,PREVIOUS_UNMAPPED,,SWANCORP
2017-10-30,2017-11-13,PREVIOUS_UNMAPPED,,WELSPUNLIV
2017-10-30,2017-11-13,PREVIOUS_UNMAPPED,,ADANIENSOL
2017-10-30,2017-11-13,PREVIOUS_UNMAPPED,,ARE&M
2017-10-30,2017-11-13,PREVIOUS_UNMAPPED,,AEGISLOG
2017-10-30,2017-11-13,PREVIOUS_UNMAPPED,,KPIL
2017-10-30,2017-11-13,PREVIOUS_UNMAPPED,,GVT&D
2017-10-30,2017-11-13,PREVIOUS_UNMAPPED,,COHANCE
2017-10-30,2017-11-13,PREVIOUS_UNMAPPED,,HBLENGINE
2017-10-30,2017-11-13,PREVIOUS_UNMAPPED,,SAMMAANCAP
2017-11-13,2017-11-20,OFFICIAL_ONLY,NSE_092A1C3253B4,TATAMOTORS
2017-11-13,2017-11-20,OFFICIAL_ONLY,NSE_2216670637F8,WELSPUNIND
2017-11-13,2017-11-20,OFFICIAL_ONLY,NSE_22A49E238B39,GMRINFRA
2017-11-13,2017-11-20,OFFICIAL_ONLY,NSE_4E27A558622E,SECURKLOUD
2017-11-13,2017-11-20,OFFICIAL_ONLY,NSE_5813C47C6758,HEXAWARE
2017-11-13,2017-11-20,OFFICIAL_ONLY,NSE_7451BDA5B83F,AEGISCHEM
2017-11-13,2017-11-20,OFFICIAL_ONLY,NSE_7BD208D47A49,MCDOWELL-N
2017-11-13,2017-11-20,OFFICIAL_ONLY,NSE_7E9F9084BD7D,JUBLPHARMA
2017-11-13,2017-11-20,OFFICIAL_ONLY,NSE_8B1A9BBDE5E6,PRSMJOHNSN
2017-11-13,2017-11-20,OFFICIAL_ONLY,NSE_961E02880D58,ADANIPOWER
2017-11-13,2017-11-20,OFFICIAL_ONLY,NSE_9E788BED7AEF,KALPATPOWR
2017-11-13,2017-11-20,OFFICIAL_ONLY,NSE_A3D7B6571FE8,ADANITRANS
2017-11-13,2017-11-20,OFFICIAL_ONLY,NSE_B3E526664FC0,AMARAJABAT
2017-11-13,2017-11-20,OFFICIAL_ONLY,NSE_B61709A06339,LTIM
2017-11-13,2017-11-20,OFFICIAL_ONLY,NSE_BAF1627773E0,VIDEOIND
2017-11-13,2017-11-20,OFFICIAL_ONLY,NSE_D3148EEB7BF0,IBULHSGFIN
2017-11-13,2017-11-20,OFFICIAL_ONLY,NSE_D8A31493DD0A,TATAMTRDVR
2017-11-13,2017-11-20,OFFICIAL_ONLY,NSE_DB429E3D7562,DALMIABHA
2017-11-13,2017-11-20,OFFICIAL_ONLY,NSE_E102D7DE4C2C,GRUH
2017-11-13,2017-11-20,OFFICIAL_ONLY,NSE_F111BB4114FB,FCONSUMER
2017-11-13,2017-11-20,OFFICIAL_ONLY,NSE_F5B77D59A62C,L&TFH
2017-11-13,2017-11-20,OFFICIAL_ONLY,NSE_F7FF721279AE,PVR
2017-11-13,2017-11-20,OFFICIAL_ONLY,NSE_FE37750EBD83,ABB
2017-11-13,2017-11-20,OFFICIAL_ONLY,NSE_FED8B098DEA5,GSKCONS
2017-11-13,2017-11-20,OFFICIAL_ONLY,NSE_FF6FC74E85C1,MINDTREE
2017-11-13,2017-11-20,PREVIOUS_ONLY,NSE_232F7BA109E4,ANGELONE
2017-11-13,2017-11-20,PREVIOUS_ONLY,NSE_62370E1BA80E,RHIM
2017-11-13,2017-11-20,PREVIOUS_ONLY,NSE_9E3BB2CB962F,CHOLAHLDNG
2017-11-13,2017-11-20,PREVIOUS_ONLY,NSE_CE1B55B0FE79,DALBHARAT
2017-11-13,2017-11-20,PREVIOUS_ONLY,NSE_D40F53D9B283,360ONE
2017-11-13,2017-11-20,PREVIOUS_ONLY,NSE_D63E80751915,PCBL
2017-11-13,2017-11-20,PREVIOUS_ONLY,NSE_F210221D2F17,HUHTAMAKI
2017-11-13,2017-11-20,PREVIOUS_UNMAPPED,,SHTV
2017-11-13,2017-11-20,PREVIOUS_UNMAPPED,,SGPC
2017-11-13,2017-11-20,PREVIOUS_UNMAPPED,,GMRAIRPORT
2017-11-13,2017-11-20,PREVIOUS_UNMAPPED,,EPIGRAL
2017-11-13,2017-11-20,PREVIOUS_UNMAPPED,,CIEINDIA
2017-11-13,2017-11-20,PREVIOUS_UNMAPPED,,LTF
2017-11-13,2017-11-20,PREVIOUS_UNMAPPED,,TMPV
2017-11-13,2017-11-20,PREVIOUS_UNMAPPED,,JSWDULUX
2017-11-13,2017-11-20,PREVIOUS_UNMAPPED,,UNITDSPR
2017-11-13,2017-11-20,PREVIOUS_UNMAPPED,,ABREL
2017-11-13,2017-11-20,PREVIOUS_UNMAPPED,,SWANCORP
2017-11-13,2017-11-20,PREVIOUS_UNMAPPED,,WELSPUNLIV
2017-11-13,2017-11-20,PREVIOUS_UNMAPPED,,ADANIENSOL
2017-11-13,2017-11-20,PREVIOUS_UNMAPPED,,ARE&M
2017-11-13,2017-11-20,PREVIOUS_UNMAPPED,,AEGISLOG
2017-11-13,2017-11-20,PREVIOUS_UNMAPPED,,KPIL
2017-11-13,2017-11-20,PREVIOUS_UNMAPPED,,GVT&D
2017-11-13,2017-11-20,PREVIOUS_UNMAPPED,,COHANCE
2017-11-13,2017-11-20,PREVIOUS_UNMAPPED,,HBLENGINE
2017-11-13,2017-11-20,PREVIOUS_UNMAPPED,,SAMMAANCAP
2017-11-20,2018-02-05,OFFICIAL_ONLY,NSE_092A1C3253B4,TATAMOTORS
2017-11-20,2018-02-05,OFFICIAL_ONLY,NSE_2216670637F8,WELSPUNIND
2017-11-20,2018-02-05,OFFICIAL_ONLY,NSE_22A49E238B39,GMRINFRA
2017-11-20,2018-02-05,OFFICIAL_ONLY,NSE_4E27A558622E,SECURKLOUD
2017-11-20,2018-02-05,OFFICIAL_ONLY,NSE_5813C47C6758,HEXAWARE
2017-11-20,2018-02-05,OFFICIAL_ONLY,NSE_7451BDA5B83F,AEGISCHEM
2017-11-20,2018-02-05,OFFICIAL_ONLY,NSE_7BD208D47A49,MCDOWELL-N
2017-11-20,2018-02-05,OFFICIAL_ONLY,NSE_7E9F9084BD7D,JUBLPHARMA
2017-11-20,2018-02-05,OFFICIAL_ONLY,NSE_8B1A9BBDE5E6,PRSMJOHNSN
2017-11-20,2018-02-05,OFFICIAL_ONLY,NSE_961E02880D58,ADANIPOWER
2017-11-20,2018-02-05,OFFICIAL_ONLY,NSE_9E788BED7AEF,KALPATPOWR
2017-11-20,2018-02-05,OFFICIAL_ONLY,NSE_A3D7B6571FE8,ADANITRANS
2017-11-20,2018-02-05,OFFICIAL_ONLY,NSE_B3E526664FC0,AMARAJABAT
2017-11-20,2018-02-05,OFFICIAL_ONLY,NSE_B61709A06339,LTIM
2017-11-20,2018-02-05,OFFICIAL_ONLY,NSE_BAF1627773E0,VIDEOIND
2017-11-20,2018-02-05,OFFICIAL_ONLY,NSE_D3148EEB7BF0,IBULHSGFIN
2017-11-20,2018-02-05,OFFICIAL_ONLY,NSE_D8A31493DD0A,TATAMTRDVR
2017-11-20,2018-02-05,OFFICIAL_ONLY,NSE_DB429E3D7562,DALMIABHA
2017-11-20,2018-02-05,OFFICIAL_ONLY,NSE_E102D7DE4C2C,GRUH
2017-11-20,2018-02-05,OFFICIAL_ONLY,NSE_F111BB4114FB,FCONSUMER
2017-11-20,2018-02-05,OFFICIAL_ONLY,NSE_F5B77D59A62C,L&TFH
2017-11-20,2018-02-05,OFFICIAL_ONLY,NSE_F7FF721279AE,PVR
2017-11-20,2018-02-05,OFFICIAL_ONLY,NSE_FE37750EBD83,ABB
2017-11-20,2018-02-05,OFFICIAL_ONLY,NSE_FED8B098DEA5,GSKCONS
2017-11-20,2018-02-05,OFFICIAL_ONLY,NSE_FF6FC74E85C1,MINDTREE
2017-11-20,2018-02-05,PREVIOUS_ONLY,NSE_232F7BA109E4,ANGELONE
2017-11-20,2018-02-05,PREVIOUS_ONLY,NSE_62370E1BA80E,RHIM
2017-11-20,2018-02-05,PREVIOUS_ONLY,NSE_9E3BB2CB962F,CHOLAHLDNG
2017-11-20,2018-02-05,PREVIOUS_ONLY,NSE_CE1B55B0FE79,DALBHARAT
2017-11-20,2018-02-05,PREVIOUS_ONLY,NSE_D40F53D9B283,360ONE
2017-11-20,2018-02-05,PREVIOUS_ONLY,NSE_D63E80751915,PCBL
2017-11-20,2018-02-05,PREVIOUS_ONLY,NSE_F210221D2F17,HUHTAMAKI
2017-11-20,2018-02-05,PREVIOUS_UNMAPPED,,SHTV
2017-11-20,2018-02-05,PREVIOUS_UNMAPPED,,SGPC
2017-11-20,2018-02-05,PREVIOUS_UNMAPPED,,GMRAIRPORT
2017-11-20,2018-02-05,PREVIOUS_UNMAPPED,,EPIGRAL
2017-11-20,2018-02-05,PREVIOUS_UNMAPPED,,CIEINDIA
2017-11-20,2018-02-05,PREVIOUS_UNMAPPED,,LTF
2017-11-20,2018-02-05,PREVIOUS_UNMAPPED,,TMPV
2017-11-20,2018-02-05,PREVIOUS_UNMAPPED,,JSWDULUX
2017-11-20,2018-02-05,PREVIOUS_UNMAPPED,,UNITDSPR
2017-11-20,2018-02-05,PREVIOUS_UNMAPPED,,ABREL
2017-11-20,2018-02-05,PREVIOUS_UNMAPPED,,SWANCORP
2017-11-20,2018-02-05,PREVIOUS_UNMAPPED,,WELSPUNLIV
2017-11-20,2018-02-05,PREVIOUS_UNMAPPED,,ADANIENSOL
2017-11-20,2018-02-05,PREVIOUS_UNMAPPED,,ARE&M
2017-11-20,2018-02-05,PREVIOUS_UNMAPPED,,AEGISLOG
2017-11-20,2018-02-05,PREVIOUS_UNMAPPED,,KPIL
2017-11-20,2018-02-05,PREVIOUS_UNMAPPED,,GVT&D
2017-11-20,2018-02-05,PREVIOUS_UNMAPPED,,COHANCE
2017-11-20,2018-02-05,PREVIOUS_UNMAPPED,,HBLENGINE
2017-11-20,2018-02-05,PREVIOUS_UNMAPPED,,SAMMAANCAP
2018-02-05,2018-03-13,OFFICIAL_ONLY,NSE_092A1C3253B4,TATAMOTORS
2018-02-05,2018-03-13,OFFICIAL_ONLY,NSE_2216670637F8,WELSPUNIND
2018-02-05,2018-03-13,OFFICIAL_ONLY,NSE_22A49E238B39,GMRINFRA
2018-02-05,2018-03-13,OFFICIAL_ONLY,NSE_4E27A558622E,SECURKLOUD
2018-02-05,2018-03-13,OFFICIAL_ONLY,NSE_5813C47C6758,HEXAWARE
2018-02-05,2018-03-13,OFFICIAL_ONLY,NSE_7451BDA5B83F,AEGISCHEM
2018-02-05,2018-03-13,OFFICIAL_ONLY,NSE_7BD208D47A49,MCDOWELL-N
2018-02-05,2018-03-13,OFFICIAL_ONLY,NSE_7E9F9084BD7D,JUBLPHARMA
2018-02-05,2018-03-13,OFFICIAL_ONLY,NSE_8B1A9BBDE5E6,PRSMJOHNSN
2018-02-05,2018-03-13,OFFICIAL_ONLY,NSE_961E02880D58,ADANIPOWER
2018-02-05,2018-03-13,OFFICIAL_ONLY,NSE_9E788BED7AEF,KALPATPOWR
2018-02-05,2018-03-13,OFFICIAL_ONLY,NSE_A3D7B6571FE8,ADANITRANS
2018-02-05,2018-03-13,OFFICIAL_ONLY,NSE_B3E526664FC0,AMARAJABAT
2018-02-05,2018-03-13,OFFICIAL_ONLY,NSE_B61709A06339,LTIM
2018-02-05,2018-03-13,OFFICIAL_ONLY,NSE_BAF1627773E0,VIDEOIND
2018-02-05,2018-03-13,OFFICIAL_ONLY,NSE_D3148EEB7BF0,IBULHSGFIN
2018-02-05,2018-03-13,OFFICIAL_ONLY,NSE_D8A31493DD0A,TATAMTRDVR
2018-02-05,2018-03-13,OFFICIAL_ONLY,NSE_DB429E3D7562,DALMIABHA
2018-02-05,2018-03-13,OFFICIAL_ONLY,NSE_E102D7DE4C2C,GRUH
2018-02-05,2018-03-13,OFFICIAL_ONLY,NSE_F111BB4114FB,FCONSUMER
2018-02-05,2018-03-13,OFFICIAL_ONLY,NSE_F5B77D59A62C,L&TFH
2018-02-05,2018-03-13,OFFICIAL_ONLY,NSE_F7FF721279AE,PVR
2018-02-05,2018-03-13,OFFICIAL_ONLY,NSE_FE37750EBD83,ABB
2018-02-05,2018-03-13,OFFICIAL_ONLY,NSE_FED8B098DEA5,GSKCONS
2018-02-05,2018-03-13,OFFICIAL_ONLY,NSE_FF6FC74E85C1,MINDTREE
2018-02-05,2018-03-13,PREVIOUS_ONLY,NSE_232F7BA109E4,ANGELONE
2018-02-05,2018-03-13,PREVIOUS_ONLY,NSE_62370E1BA80E,RHIM
2018-02-05,2018-03-13,PREVIOUS_ONLY,NSE_CE1B55B0FE79,DALBHARAT
2018-02-05,2018-03-13,PREVIOUS_ONLY,NSE_D40F53D9B283,360ONE
2018-02-05,2018-03-13,PREVIOUS_ONLY,NSE_D63E80751915,PCBL
2018-02-05,2018-03-13,PREVIOUS_ONLY,NSE_F210221D2F17,HUHTAMAKI
2018-02-05,2018-03-13,PREVIOUS_UNMAPPED,,SHTV
2018-02-05,2018-03-13,PREVIOUS_UNMAPPED,,SGPC
2018-02-05,2018-03-13,PREVIOUS_UNMAPPED,,GMRAIRPORT
2018-02-05,2018-03-13,PREVIOUS_UNMAPPED,,EPIGRAL
2018-02-05,2018-03-13,PREVIOUS_UNMAPPED,,CIEINDIA
2018-02-05,2018-03-13,PREVIOUS_UNMAPPED,,LTF
2018-02-05,2018-03-13,PREVIOUS_UNMAPPED,,TMPV
2018-02-05,2018-03-13,PREVIOUS_UNMAPPED,,JSWDULUX
2018-02-05,2018-03-13,PREVIOUS_UNMAPPED,,UNITDSPR
2018-02-05,2018-03-13,PREVIOUS_UNMAPPED,,ABREL
2018-02-05,2018-03-13,PREVIOUS_UNMAPPED,,SWANCORP
2018-02-05,2018-03-13,PREVIOUS_UNMAPPED,,WELSPUNLIV
2018-02-05,2018-03-13,PREVIOUS_UNMAPPED,,ADANIENSOL
2018-02-05,2018-03-13,PREVIOUS_UNMAPPED,,ARE&M
2018-02-05,2018-03-13,PREVIOUS_UNMAPPED,,AEGISLOG
2018-02-05,2018-03-13,PREVIOUS_UNMAPPED,,KPIL
2018-02-05,2018-03-13,PREVIOUS_UNMAPPED,,GVT&D
2018-02-05,2018-03-13,PREVIOUS_UNMAPPED,,COHANCE
2018-02-05,2018-03-13,PREVIOUS_UNMAPPED,,HBLENGINE
2018-02-05,2018-03-13,PREVIOUS_UNMAPPED,,SAMMAANCAP
2018-03-13,2018-03-31,OFFICIAL_ONLY,NSE_092A1C3253B4,TATAMOTORS
2018-03-13,2018-03-31,OFFICIAL_ONLY,NSE_2216670637F8,WELSPUNIND
2018-03-13,2018-03-31,OFFICIAL_ONLY,NSE_22A49E238B39,GMRINFRA
2018-03-13,2018-03-31,OFFICIAL_ONLY,NSE_4E27A558622E,SECURKLOUD
2018-03-13,2018-03-31,OFFICIAL_ONLY,NSE_5813C47C6758,HEXAWARE
2018-03-13,2018-03-31,OFFICIAL_ONLY,NSE_7451BDA5B83F,AEGISCHEM
2018-03-13,2018-03-31,OFFICIAL_ONLY,NSE_7BD208D47A49,MCDOWELL-N
2018-03-13,2018-03-31,OFFICIAL_ONLY,NSE_7E9F9084BD7D,JUBLPHARMA
2018-03-13,2018-03-31,OFFICIAL_ONLY,NSE_8B1A9BBDE5E6,PRSMJOHNSN
2018-03-13,2018-03-31,OFFICIAL_ONLY,NSE_8CDF4E326200,ERIS
2018-03-13,2018-03-31,OFFICIAL_ONLY,NSE_961E02880D58,ADANIPOWER
2018-03-13,2018-03-31,OFFICIAL_ONLY,NSE_9E788BED7AEF,KALPATPOWR
2018-03-13,2018-03-31,OFFICIAL_ONLY,NSE_A3D7B6571FE8,ADANITRANS
2018-03-13,2018-03-31,OFFICIAL_ONLY,NSE_B3E526664FC0,AMARAJABAT
2018-03-13,2018-03-31,OFFICIAL_ONLY,NSE_B61709A06339,LTIM
2018-03-13,2018-03-31,OFFICIAL_ONLY,NSE_D3148EEB7BF0,IBULHSGFIN
2018-03-13,2018-03-31,OFFICIAL_ONLY,NSE_D8A31493DD0A,TATAMTRDVR
2018-03-13,2018-03-31,OFFICIAL_ONLY,NSE_DB429E3D7562,DALMIABHA
2018-03-13,2018-03-31,OFFICIAL_ONLY,NSE_E102D7DE4C2C,GRUH
2018-03-13,2018-03-31,OFFICIAL_ONLY,NSE_F111BB4114FB,FCONSUMER
2018-03-13,2018-03-31,OFFICIAL_ONLY,NSE_F5B77D59A62C,L&TFH
2018-03-13,2018-03-31,OFFICIAL_ONLY,NSE_F7FF721279AE,PVR
2018-03-13,2018-03-31,OFFICIAL_ONLY,NSE_FE37750EBD83,ABB
2018-03-13,2018-03-31,OFFICIAL_ONLY,NSE_FED8B098DEA5,GSKCONS
2018-03-13,2018-03-31,OFFICIAL_ONLY,NSE_FF6FC74E85C1,MINDTREE
2018-03-13,2018-03-31,PREVIOUS_ONLY,NSE_232F7BA109E4,ANGELONE
2018-03-13,2018-03-31,PREVIOUS_ONLY,NSE_62370E1BA80E,RHIM
2018-03-13,2018-03-31,PREVIOUS_ONLY,NSE_CE1B55B0FE79,DALBHARAT
2018-03-13,2018-03-31,PREVIOUS_ONLY,NSE_D40F53D9B283,360ONE
2018-03-13,2018-03-31,PREVIOUS_ONLY,NSE_D63E80751915,PCBL
2018-03-13,2018-03-31,PREVIOUS_ONLY,NSE_F210221D2F17,HUHTAMAKI
2018-03-13,2018-03-31,PREVIOUS_UNMAPPED,,SHTV
2018-03-13,2018-03-31,PREVIOUS_UNMAPPED,,SGPC
2018-03-13,2018-03-31,PREVIOUS_UNMAPPED,,GMRAIRPORT
2018-03-13,2018-03-31,PREVIOUS_UNMAPPED,,EPIGRAL
2018-03-13,2018-03-31,PREVIOUS_UNMAPPED,,CIEINDIA
2018-03-13,2018-03-31,PREVIOUS_UNMAPPED,,LTF
2018-03-13,2018-03-31,PREVIOUS_UNMAPPED,,TMPV
2018-03-13,2018-03-31,PREVIOUS_UNMAPPED,,JSWDULUX
2018-03-13,2018-03-31,PREVIOUS_UNMAPPED,,UNITDSPR
2018-03-13,2018-03-31,PREVIOUS_UNMAPPED,,ABREL
2018-03-13,2018-03-31,PREVIOUS_UNMAPPED,,SWANCORP
2018-03-13,2018-03-31,PREVIOUS_UNMAPPED,,WELSPUNLIV
2018-03-13,2018-03-31,PREVIOUS_UNMAPPED,,ADANIENSOL
2018-03-13,2018-03-31,PREVIOUS_UNMAPPED,,ARE&M
2018-03-13,2018-03-31,PREVIOUS_UNMAPPED,,AEGISLOG
2018-03-13,2018-03-31,PREVIOUS_UNMAPPED,,KPIL
2018-03-13,2018-03-31,PREVIOUS_UNMAPPED,,GVT&D
2018-03-13,2018-03-31,PREVIOUS_UNMAPPED,,COHANCE
2018-03-13,2018-03-31,PREVIOUS_UNMAPPED,,HBLENGINE
2018-03-13,2018-03-31,PREVIOUS_UNMAPPED,,SAMMAANCAP
2018-03-31,2018-04-02,OFFICIAL_ONLY,NSE_092A1C3253B4,TATAMOTORS
2018-03-31,2018-04-02,OFFICIAL_ONLY,NSE_2216670637F8,WELSPUNIND
2018-03-31,2018-04-02,OFFICIAL_ONLY,NSE_22A49E238B39,GMRINFRA
2018-03-31,2018-04-02,OFFICIAL_ONLY,NSE_4E27A558622E,SECURKLOUD
2018-03-31,2018-04-02,OFFICIAL_ONLY,NSE_5813C47C6758,HEXAWARE
2018-03-31,2018-04-02,OFFICIAL_ONLY,NSE_7451BDA5B83F,AEGISCHEM
2018-03-31,2018-04-02,OFFICIAL_ONLY,NSE_7BD208D47A49,MCDOWELL-N
2018-03-31,2018-04-02,OFFICIAL_ONLY,NSE_7E9F9084BD7D,JUBLPHARMA
2018-03-31,2018-04-02,OFFICIAL_ONLY,NSE_8B1A9BBDE5E6,PRSMJOHNSN
2018-03-31,2018-04-02,OFFICIAL_ONLY,NSE_8CDF4E326200,ERIS
2018-03-31,2018-04-02,OFFICIAL_ONLY,NSE_961E02880D58,ADANIPOWER
2018-03-31,2018-04-02,OFFICIAL_ONLY,NSE_9E788BED7AEF,KALPATPOWR
2018-03-31,2018-04-02,OFFICIAL_ONLY,NSE_A3D7B6571FE8,ADANITRANS
2018-03-31,2018-04-02,OFFICIAL_ONLY,NSE_B3E526664FC0,AMARAJABAT
2018-03-31,2018-04-02,OFFICIAL_ONLY,NSE_B61709A06339,LTIM
2018-03-31,2018-04-02,OFFICIAL_ONLY,NSE_D3148EEB7BF0,IBULHSGFIN
2018-03-31,2018-04-02,OFFICIAL_ONLY,NSE_D8A31493DD0A,TATAMTRDVR
2018-03-31,2018-04-02,OFFICIAL_ONLY,NSE_DB429E3D7562,DALMIABHA
2018-03-31,2018-04-02,OFFICIAL_ONLY,NSE_E102D7DE4C2C,GRUH
2018-03-31,2018-04-02,OFFICIAL_ONLY,NSE_F111BB4114FB,FCONSUMER
2018-03-31,2018-04-02,OFFICIAL_ONLY,NSE_F5B77D59A62C,L&TFH
2018-03-31,2018-04-02,OFFICIAL_ONLY,NSE_F7FF721279AE,PVR
2018-03-31,2018-04-02,OFFICIAL_ONLY,NSE_FE37750EBD83,ABB
2018-03-31,2018-04-02,OFFICIAL_ONLY,NSE_FED8B098DEA5,GSKCONS
2018-03-31,2018-04-02,OFFICIAL_ONLY,NSE_FF6FC74E85C1,MINDTREE
2018-03-31,2018-04-02,PREVIOUS_ONLY,NSE_232F7BA109E4,ANGELONE
2018-03-31,2018-04-02,PREVIOUS_ONLY,NSE_62370E1BA80E,RHIM
2018-03-31,2018-04-02,PREVIOUS_ONLY,NSE_CE1B55B0FE79,DALBHARAT
2018-03-31,2018-04-02,PREVIOUS_ONLY,NSE_D40F53D9B283,360ONE
2018-03-31,2018-04-02,PREVIOUS_ONLY,NSE_D63E80751915,PCBL
2018-03-31,2018-04-02,PREVIOUS_ONLY,NSE_F210221D2F17,HUHTAMAKI
2018-03-31,2018-04-02,PREVIOUS_UNMAPPED,,SHTV
2018-03-31,2018-04-02,PREVIOUS_UNMAPPED,,SGPC
2018-03-31,2018-04-02,PREVIOUS_UNMAPPED,,GMRAIRPORT
2018-03-31,2018-04-02,PREVIOUS_UNMAPPED,,EPIGRAL
2018-03-31,2018-04-02,PREVIOUS_UNMAPPED,,CIEINDIA
2018-03-31,2018-04-02,PREVIOUS_UNMAPPED,,LTF
2018-03-31,2018-04-02,PREVIOUS_UNMAPPED,,TMPV
2018-03-31,2018-04-02,PREVIOUS_UNMAPPED,,JSWDULUX
2018-03-31,2018-04-02,PREVIOUS_UNMAPPED,,UNITDSPR
2018-03-31,2018-04-02,PREVIOUS_UNMAPPED,,ABREL
2018-03-31,2018-04-02,PREVIOUS_UNMAPPED,,SWANCORP
2018-03-31,2018-04-02,PREVIOUS_UNMAPPED,,WELSPUNLIV
2018-03-31,2018-04-02,PREVIOUS_UNMAPPED,,ADANIENSOL
2018-03-31,2018-04-02,PREVIOUS_UNMAPPED,,ARE&M
2018-03-31,2018-04-02,PREVIOUS_UNMAPPED,,AEGISLOG
2018-03-31,2018-04-02,PREVIOUS_UNMAPPED,,KPIL
2018-03-31,2018-04-02,PREVIOUS_UNMAPPED,,GVT&D
2018-03-31,2018-04-02,PREVIOUS_UNMAPPED,,COHANCE
2018-03-31,2018-04-02,PREVIOUS_UNMAPPED,,HBLENGINE
2018-03-31,2018-04-02,PREVIOUS_UNMAPPED,,SAMMAANCAP
2018-04-02,2018-06-29,OFFICIAL_ONLY,NSE_092A1C3253B4,TATAMOTORS
2018-04-02,2018-06-29,OFFICIAL_ONLY,NSE_2216670637F8,WELSPUNIND
2018-04-02,2018-06-29,OFFICIAL_ONLY,NSE_22A49E238B39,GMRINFRA
2018-04-02,2018-06-29,OFFICIAL_ONLY,NSE_4E27A558622E,SECURKLOUD
2018-04-02,2018-06-29,OFFICIAL_ONLY,NSE_5813C47C6758,HEXAWARE
2018-04-02,2018-06-29,OFFICIAL_ONLY,NSE_7451BDA5B83F,AEGISCHEM
2018-04-02,2018-06-29,OFFICIAL_ONLY,NSE_7BD208D47A49,MCDOWELL-N
2018-04-02,2018-06-29,OFFICIAL_ONLY,NSE_7E9F9084BD7D,JUBLPHARMA
2018-04-02,2018-06-29,OFFICIAL_ONLY,NSE_8B1A9BBDE5E6,PRSMJOHNSN
2018-04-02,2018-06-29,OFFICIAL_ONLY,NSE_961E02880D58,ADANIPOWER
2018-04-02,2018-06-29,OFFICIAL_ONLY,NSE_9E788BED7AEF,KALPATPOWR
2018-04-02,2018-06-29,OFFICIAL_ONLY,NSE_A3D7B6571FE8,ADANITRANS
2018-04-02,2018-06-29,OFFICIAL_ONLY,NSE_B3E526664FC0,AMARAJABAT
2018-04-02,2018-06-29,OFFICIAL_ONLY,NSE_B61709A06339,LTIM
2018-04-02,2018-06-29,OFFICIAL_ONLY,NSE_D3148EEB7BF0,IBULHSGFIN
2018-04-02,2018-06-29,OFFICIAL_ONLY,NSE_D8A31493DD0A,TATAMTRDVR
2018-04-02,2018-06-29,OFFICIAL_ONLY,NSE_E102D7DE4C2C,GRUH
2018-04-02,2018-06-29,OFFICIAL_ONLY,NSE_F111BB4114FB,FCONSUMER
2018-04-02,2018-06-29,OFFICIAL_ONLY,NSE_F5B77D59A62C,L&TFH
2018-04-02,2018-06-29,OFFICIAL_ONLY,NSE_F7FF721279AE,PVR
2018-04-02,2018-06-29,OFFICIAL_ONLY,NSE_FE37750EBD83,ABB
2018-04-02,2018-06-29,OFFICIAL_ONLY,NSE_FED8B098DEA5,GSKCONS
2018-04-02,2018-06-29,OFFICIAL_ONLY,NSE_FF6FC74E85C1,MINDTREE
2018-04-02,2018-06-29,PREVIOUS_ONLY,NSE_232F7BA109E4,ANGELONE
2018-04-02,2018-06-29,PREVIOUS_ONLY,NSE_62370E1BA80E,RHIM
2018-04-02,2018-06-29,PREVIOUS_ONLY,NSE_D40F53D9B283,360ONE
2018-04-02,2018-06-29,PREVIOUS_ONLY,NSE_D63E80751915,PCBL
2018-04-02,2018-06-29,PREVIOUS_ONLY,NSE_F210221D2F17,HUHTAMAKI
2018-04-02,2018-06-29,PREVIOUS_UNMAPPED,,SHTV
2018-04-02,2018-06-29,PREVIOUS_UNMAPPED,,SGPC
2018-04-02,2018-06-29,PREVIOUS_UNMAPPED,,GMRAIRPORT
2018-04-02,2018-06-29,PREVIOUS_UNMAPPED,,EPIGRAL
2018-04-02,2018-06-29,PREVIOUS_UNMAPPED,,CIEINDIA
2018-04-02,2018-06-29,PREVIOUS_UNMAPPED,,LTF
2018-04-02,2018-06-29,PREVIOUS_UNMAPPED,,TMPV
2018-04-02,2018-06-29,PREVIOUS_UNMAPPED,,JSWDULUX
2018-04-02,2018-06-29,PREVIOUS_UNMAPPED,,UNITDSPR
2018-04-02,2018-06-29,PREVIOUS_UNMAPPED,,ABREL
2018-04-02,2018-06-29,PREVIOUS_UNMAPPED,,SWANCORP
2018-04-02,2018-06-29,PREVIOUS_UNMAPPED,,WELSPUNLIV
2018-04-02,2018-06-29,PREVIOUS_UNMAPPED,,ADANIENSOL
2018-04-02,2018-06-29,PREVIOUS_UNMAPPED,,ARE&M
2018-04-02,2018-06-29,PREVIOUS_UNMAPPED,,AEGISLOG
2018-04-02,2018-06-29,PREVIOUS_UNMAPPED,,KPIL
2018-04-02,2018-06-29,PREVIOUS_UNMAPPED,,GVT&D
2018-04-02,2018-06-29,PREVIOUS_UNMAPPED,,COHANCE
2018-04-02,2018-06-29,PREVIOUS_UNMAPPED,,HBLENGINE
2018-04-02,2018-06-29,PREVIOUS_UNMAPPED,,SAMMAANCAP
2018-06-29,2018-08-08,OFFICIAL_ONLY,NSE_092A1C3253B4,TATAMOTORS
2018-06-29,2018-08-08,OFFICIAL_ONLY,NSE_2216670637F8,WELSPUNIND
2018-06-29,2018-08-08,OFFICIAL_ONLY,NSE_22A49E238B39,GMRINFRA
2018-06-29,2018-08-08,OFFICIAL_ONLY,NSE_4E27A558622E,SECURKLOUD
2018-06-29,2018-08-08,OFFICIAL_ONLY,NSE_5813C47C6758,HEXAWARE
2018-06-29,2018-08-08,OFFICIAL_ONLY,NSE_7451BDA5B83F,AEGISCHEM
2018-06-29,2018-08-08,OFFICIAL_ONLY,NSE_7BD208D47A49,MCDOWELL-N
2018-06-29,2018-08-08,OFFICIAL_ONLY,NSE_7E9F9084BD7D,JUBLPHARMA
2018-06-29,2018-08-08,OFFICIAL_ONLY,NSE_8B1A9BBDE5E6,PRSMJOHNSN
2018-06-29,2018-08-08,OFFICIAL_ONLY,NSE_961E02880D58,ADANIPOWER
2018-06-29,2018-08-08,OFFICIAL_ONLY,NSE_9E788BED7AEF,KALPATPOWR
2018-06-29,2018-08-08,OFFICIAL_ONLY,NSE_A3D7B6571FE8,ADANITRANS
2018-06-29,2018-08-08,OFFICIAL_ONLY,NSE_B3E526664FC0,AMARAJABAT
2018-06-29,2018-08-08,OFFICIAL_ONLY,NSE_B61709A06339,LTIM
2018-06-29,2018-08-08,OFFICIAL_ONLY,NSE_D3148EEB7BF0,IBULHSGFIN
2018-06-29,2018-08-08,OFFICIAL_ONLY,NSE_D8A31493DD0A,TATAMTRDVR
2018-06-29,2018-08-08,OFFICIAL_ONLY,NSE_E102D7DE4C2C,GRUH
2018-06-29,2018-08-08,OFFICIAL_ONLY,NSE_F111BB4114FB,FCONSUMER
2018-06-29,2018-08-08,OFFICIAL_ONLY,NSE_F5B77D59A62C,L&TFH
2018-06-29,2018-08-08,OFFICIAL_ONLY,NSE_F7FF721279AE,PVR
2018-06-29,2018-08-08,OFFICIAL_ONLY,NSE_FE37750EBD83,ABB
2018-06-29,2018-08-08,OFFICIAL_ONLY,NSE_FED8B098DEA5,GSKCONS
2018-06-29,2018-08-08,OFFICIAL_ONLY,NSE_FF6FC74E85C1,MINDTREE
2018-06-29,2018-08-08,PREVIOUS_ONLY,NSE_232F7BA109E4,ANGELONE
2018-06-29,2018-08-08,PREVIOUS_ONLY,NSE_62370E1BA80E,RHIM
2018-06-29,2018-08-08,PREVIOUS_ONLY,NSE_D40F53D9B283,360ONE
2018-06-29,2018-08-08,PREVIOUS_ONLY,NSE_D63E80751915,PCBL
2018-06-29,2018-08-08,PREVIOUS_ONLY,NSE_F210221D2F17,HUHTAMAKI
2018-06-29,2018-08-08,PREVIOUS_UNMAPPED,,SHTV
2018-06-29,2018-08-08,PREVIOUS_UNMAPPED,,SGPC
2018-06-29,2018-08-08,PREVIOUS_UNMAPPED,,GMRAIRPORT
2018-06-29,2018-08-08,PREVIOUS_UNMAPPED,,EPIGRAL
2018-06-29,2018-08-08,PREVIOUS_UNMAPPED,,CIEINDIA
2018-06-29,2018-08-08,PREVIOUS_UNMAPPED,,LTF
2018-06-29,2018-08-08,PREVIOUS_UNMAPPED,,TMPV
2018-06-29,2018-08-08,PREVIOUS_UNMAPPED,,JSWDULUX
2018-06-29,2018-08-08,PREVIOUS_UNMAPPED,,UNITDSPR
2018-06-29,2018-08-08,PREVIOUS_UNMAPPED,,ABREL
2018-06-29,2018-08-08,PREVIOUS_UNMAPPED,,SWANCORP
2018-06-29,2018-08-08,PREVIOUS_UNMAPPED,,WELSPUNLIV
2018-06-29,2018-08-08,PREVIOUS_UNMAPPED,,ADANIENSOL
2018-06-29,2018-08-08,PREVIOUS_UNMAPPED,,ARE&M
2018-06-29,2018-08-08,PREVIOUS_UNMAPPED,,AEGISLOG
2018-06-29,2018-08-08,PREVIOUS_UNMAPPED,,KPIL
2018-06-29,2018-08-08,PREVIOUS_UNMAPPED,,GVT&D
2018-06-29,2018-08-08,PREVIOUS_UNMAPPED,,COHANCE
2018-06-29,2018-08-08,PREVIOUS_UNMAPPED,,HBLENGINE
2018-06-29,2018-08-08,PREVIOUS_UNMAPPED,,SAMMAANCAP
2018-08-08,2018-09-28,OFFICIAL_ONLY,NSE_092A1C3253B4,TATAMOTORS
2018-08-08,2018-09-28,OFFICIAL_ONLY,NSE_2216670637F8,WELSPUNIND
2018-08-08,2018-09-28,OFFICIAL_ONLY,NSE_22A49E238B39,GMRINFRA
2018-08-08,2018-09-28,OFFICIAL_ONLY,NSE_4E27A558622E,SECURKLOUD
2018-08-08,2018-09-28,OFFICIAL_ONLY,NSE_5813C47C6758,HEXAWARE
2018-08-08,2018-09-28,OFFICIAL_ONLY,NSE_7451BDA5B83F,AEGISCHEM
2018-08-08,2018-09-28,OFFICIAL_ONLY,NSE_7BD208D47A49,MCDOWELL-N
2018-08-08,2018-09-28,OFFICIAL_ONLY,NSE_7E9F9084BD7D,JUBLPHARMA
2018-08-08,2018-09-28,OFFICIAL_ONLY,NSE_8B1A9BBDE5E6,PRSMJOHNSN
2018-08-08,2018-09-28,OFFICIAL_ONLY,NSE_961E02880D58,ADANIPOWER
2018-08-08,2018-09-28,OFFICIAL_ONLY,NSE_9E788BED7AEF,KALPATPOWR
2018-08-08,2018-09-28,OFFICIAL_ONLY,NSE_A3D7B6571FE8,ADANITRANS
2018-08-08,2018-09-28,OFFICIAL_ONLY,NSE_B3E526664FC0,AMARAJABAT
2018-08-08,2018-09-28,OFFICIAL_ONLY,NSE_B61709A06339,LTIM
2018-08-08,2018-09-28,OFFICIAL_ONLY,NSE_D3148EEB7BF0,IBULHSGFIN
2018-08-08,2018-09-28,OFFICIAL_ONLY,NSE_D8A31493DD0A,TATAMTRDVR
2018-08-08,2018-09-28,OFFICIAL_ONLY,NSE_E102D7DE4C2C,GRUH
2018-08-08,2018-09-28,OFFICIAL_ONLY,NSE_F111BB4114FB,FCONSUMER
2018-08-08,2018-09-28,OFFICIAL_ONLY,NSE_F5B77D59A62C,L&TFH
2018-08-08,2018-09-28,OFFICIAL_ONLY,NSE_F7FF721279AE,PVR
2018-08-08,2018-09-28,OFFICIAL_ONLY,NSE_FE37750EBD83,ABB
2018-08-08,2018-09-28,OFFICIAL_ONLY,NSE_FED8B098DEA5,GSKCONS
2018-08-08,2018-09-28,OFFICIAL_ONLY,NSE_FF6FC74E85C1,MINDTREE
2018-08-08,2018-09-28,PREVIOUS_ONLY,NSE_232F7BA109E4,ANGELONE
2018-08-08,2018-09-28,PREVIOUS_ONLY,NSE_62370E1BA80E,RHIM
2018-08-08,2018-09-28,PREVIOUS_ONLY,NSE_D40F53D9B283,360ONE
2018-08-08,2018-09-28,PREVIOUS_ONLY,NSE_D63E80751915,PCBL
2018-08-08,2018-09-28,PREVIOUS_ONLY,NSE_F210221D2F17,HUHTAMAKI
2018-08-08,2018-09-28,PREVIOUS_UNMAPPED,,SHTV
2018-08-08,2018-09-28,PREVIOUS_UNMAPPED,,SGPC
2018-08-08,2018-09-28,PREVIOUS_UNMAPPED,,GMRAIRPORT
2018-08-08,2018-09-28,PREVIOUS_UNMAPPED,,EPIGRAL
2018-08-08,2018-09-28,PREVIOUS_UNMAPPED,,CIEINDIA
2018-08-08,2018-09-28,PREVIOUS_UNMAPPED,,LTF
2018-08-08,2018-09-28,PREVIOUS_UNMAPPED,,TMPV
2018-08-08,2018-09-28,PREVIOUS_UNMAPPED,,JSWDULUX
2018-08-08,2018-09-28,PREVIOUS_UNMAPPED,,UNITDSPR
2018-08-08,2018-09-28,PREVIOUS_UNMAPPED,,ABREL
2018-08-08,2018-09-28,PREVIOUS_UNMAPPED,,SWANCORP
2018-08-08,2018-09-28,PREVIOUS_UNMAPPED,,WELSPUNLIV
2018-08-08,2018-09-28,PREVIOUS_UNMAPPED,,ADANIENSOL
2018-08-08,2018-09-28,PREVIOUS_UNMAPPED,,ARE&M
2018-08-08,2018-09-28,PREVIOUS_UNMAPPED,,AEGISLOG
2018-08-08,2018-09-28,PREVIOUS_UNMAPPED,,KPIL
2018-08-08,2018-09-28,PREVIOUS_UNMAPPED,,GVT&D
2018-08-08,2018-09-28,PREVIOUS_UNMAPPED,,COHANCE
2018-08-08,2018-09-28,PREVIOUS_UNMAPPED,,HBLENGINE
2018-08-08,2018-09-28,PREVIOUS_UNMAPPED,,SAMMAANCAP
2018-09-28,2018-09-30,OFFICIAL_ONLY,NSE_092A1C3253B4,TATAMOTORS
2018-09-28,2018-09-30,OFFICIAL_ONLY,NSE_2216670637F8,WELSPUNIND
2018-09-28,2018-09-30,OFFICIAL_ONLY,NSE_22A49E238B39,GMRINFRA
2018-09-28,2018-09-30,OFFICIAL_ONLY,NSE_4E27A558622E,SECURKLOUD
2018-09-28,2018-09-30,OFFICIAL_ONLY,NSE_5813C47C6758,HEXAWARE
2018-09-28,2018-09-30,OFFICIAL_ONLY,NSE_7451BDA5B83F,AEGISCHEM
2018-09-28,2018-09-30,OFFICIAL_ONLY,NSE_7BD208D47A49,MCDOWELL-N
2018-09-28,2018-09-30,OFFICIAL_ONLY,NSE_7E9F9084BD7D,JUBLPHARMA
2018-09-28,2018-09-30,OFFICIAL_ONLY,NSE_8B1A9BBDE5E6,PRSMJOHNSN
2018-09-28,2018-09-30,OFFICIAL_ONLY,NSE_961E02880D58,ADANIPOWER
2018-09-28,2018-09-30,OFFICIAL_ONLY,NSE_9E788BED7AEF,KALPATPOWR
2018-09-28,2018-09-30,OFFICIAL_ONLY,NSE_A3D7B6571FE8,ADANITRANS
2018-09-28,2018-09-30,OFFICIAL_ONLY,NSE_B3E526664FC0,AMARAJABAT
2018-09-28,2018-09-30,OFFICIAL_ONLY,NSE_B61709A06339,LTIM
2018-09-28,2018-09-30,OFFICIAL_ONLY,NSE_D3148EEB7BF0,IBULHSGFIN
2018-09-28,2018-09-30,OFFICIAL_ONLY,NSE_D8A31493DD0A,TATAMTRDVR
2018-09-28,2018-09-30,OFFICIAL_ONLY,NSE_E102D7DE4C2C,GRUH
2018-09-28,2018-09-30,OFFICIAL_ONLY,NSE_F111BB4114FB,FCONSUMER
2018-09-28,2018-09-30,OFFICIAL_ONLY,NSE_F5B77D59A62C,L&TFH
2018-09-28,2018-09-30,OFFICIAL_ONLY,NSE_F7FF721279AE,PVR
2018-09-28,2018-09-30,OFFICIAL_ONLY,NSE_FE37750EBD83,ABB
2018-09-28,2018-09-30,OFFICIAL_ONLY,NSE_FED8B098DEA5,GSKCONS
2018-09-28,2018-09-30,OFFICIAL_ONLY,NSE_FF6FC74E85C1,MINDTREE
2018-09-28,2018-09-30,PREVIOUS_ONLY,NSE_232F7BA109E4,ANGELONE
2018-09-28,2018-09-30,PREVIOUS_ONLY,NSE_62370E1BA80E,RHIM
2018-09-28,2018-09-30,PREVIOUS_ONLY,NSE_D40F53D9B283,360ONE
2018-09-28,2018-09-30,PREVIOUS_ONLY,NSE_F210221D2F17,HUHTAMAKI
2018-09-28,2018-09-30,PREVIOUS_UNMAPPED,,SHTV
2018-09-28,2018-09-30,PREVIOUS_UNMAPPED,,SGPC
2018-09-28,2018-09-30,PREVIOUS_UNMAPPED,,GMRAIRPORT
2018-09-28,2018-09-30,PREVIOUS_UNMAPPED,,EPIGRAL
2018-09-28,2018-09-30,PREVIOUS_UNMAPPED,,CIEINDIA
2018-09-28,2018-09-30,PREVIOUS_UNMAPPED,,LTF
2018-09-28,2018-09-30,PREVIOUS_UNMAPPED,,TMPV
2018-09-28,2018-09-30,PREVIOUS_UNMAPPED,,JSWDULUX
2018-09-28,2018-09-30,PREVIOUS_UNMAPPED,,UNITDSPR
2018-09-28,2018-09-30,PREVIOUS_UNMAPPED,,ABREL
2018-09-28,2018-09-30,PREVIOUS_UNMAPPED,,SWANCORP
2018-09-28,2018-09-30,PREVIOUS_UNMAPPED,,WELSPUNLIV
2018-09-28,2018-09-30,PREVIOUS_UNMAPPED,,ADANIENSOL
2018-09-28,2018-09-30,PREVIOUS_UNMAPPED,,ARE&M
2018-09-28,2018-09-30,PREVIOUS_UNMAPPED,,AEGISLOG
2018-09-28,2018-09-30,PREVIOUS_UNMAPPED,,KPIL
2018-09-28,2018-09-30,PREVIOUS_UNMAPPED,,GVT&D
2018-09-28,2018-09-30,PREVIOUS_UNMAPPED,,COHANCE
2018-09-28,2018-09-30,PREVIOUS_UNMAPPED,,HBLENGINE
2018-09-28,2018-09-30,PREVIOUS_UNMAPPED,,SAMMAANCAP
2018-09-30,2018-12-28,OFFICIAL_ONLY,NSE_092A1C3253B4,TATAMOTORS
2018-09-30,2018-12-28,OFFICIAL_ONLY,NSE_2216670637F8,WELSPUNIND
2018-09-30,2018-12-28,OFFICIAL_ONLY,NSE_22A49E238B39,GMRINFRA
2018-09-30,2018-12-28,OFFICIAL_ONLY,NSE_4E27A558622E,SECURKLOUD
2018-09-30,2018-12-28,OFFICIAL_ONLY,NSE_5813C47C6758,HEXAWARE
2018-09-30,2018-12-28,OFFICIAL_ONLY,NSE_7451BDA5B83F,AEGISCHEM
2018-09-30,2018-12-28,OFFICIAL_ONLY,NSE_7BD208D47A49,MCDOWELL-N
2018-09-30,2018-12-28,OFFICIAL_ONLY,NSE_7E9F9084BD7D,JUBLPHARMA
2018-09-30,2018-12-28,OFFICIAL_ONLY,NSE_8B1A9BBDE5E6,PRSMJOHNSN
2018-09-30,2018-12-28,OFFICIAL_ONLY,NSE_961E02880D58,ADANIPOWER
2018-09-30,2018-12-28,OFFICIAL_ONLY,NSE_9E788BED7AEF,KALPATPOWR
2018-09-30,2018-12-28,OFFICIAL_ONLY,NSE_A3D7B6571FE8,ADANITRANS
2018-09-30,2018-12-28,OFFICIAL_ONLY,NSE_B3E526664FC0,AMARAJABAT
2018-09-30,2018-12-28,OFFICIAL_ONLY,NSE_B61709A06339,LTIM
2018-09-30,2018-12-28,OFFICIAL_ONLY,NSE_D3148EEB7BF0,IBULHSGFIN
2018-09-30,2018-12-28,OFFICIAL_ONLY,NSE_D8A31493DD0A,TATAMTRDVR
2018-09-30,2018-12-28,OFFICIAL_ONLY,NSE_E102D7DE4C2C,GRUH
2018-09-30,2018-12-28,OFFICIAL_ONLY,NSE_F111BB4114FB,FCONSUMER
2018-09-30,2018-12-28,OFFICIAL_ONLY,NSE_F5B77D59A62C,L&TFH
2018-09-30,2018-12-28,OFFICIAL_ONLY,NSE_F7FF721279AE,PVR
2018-09-30,2018-12-28,OFFICIAL_ONLY,NSE_FE37750EBD83,ABB
2018-09-30,2018-12-28,OFFICIAL_ONLY,NSE_FED8B098DEA5,GSKCONS
2018-09-30,2018-12-28,OFFICIAL_ONLY,NSE_FF6FC74E85C1,MINDTREE
2018-09-30,2018-12-28,PREVIOUS_ONLY,NSE_232F7BA109E4,ANGELONE
2018-09-30,2018-12-28,PREVIOUS_ONLY,NSE_62370E1BA80E,RHIM
2018-09-30,2018-12-28,PREVIOUS_ONLY,NSE_D40F53D9B283,360ONE
2018-09-30,2018-12-28,PREVIOUS_ONLY,NSE_F210221D2F17,HUHTAMAKI
2018-09-30,2018-12-28,PREVIOUS_UNMAPPED,,SHTV
2018-09-30,2018-12-28,PREVIOUS_UNMAPPED,,SGPC
2018-09-30,2018-12-28,PREVIOUS_UNMAPPED,,GMRAIRPORT
2018-09-30,2018-12-28,PREVIOUS_UNMAPPED,,EPIGRAL
2018-09-30,2018-12-28,PREVIOUS_UNMAPPED,,CIEINDIA
2018-09-30,2018-12-28,PREVIOUS_UNMAPPED,,LTF
2018-09-30,2018-12-28,PREVIOUS_UNMAPPED,,TMPV
2018-09-30,2018-12-28,PREVIOUS_UNMAPPED,,JSWDULUX
2018-09-30,2018-12-28,PREVIOUS_UNMAPPED,,UNITDSPR
2018-09-30,2018-12-28,PREVIOUS_UNMAPPED,,ABREL
2018-09-30,2018-12-28,PREVIOUS_UNMAPPED,,SWANCORP
2018-09-30,2018-12-28,PREVIOUS_UNMAPPED,,WELSPUNLIV
2018-09-30,2018-12-28,PREVIOUS_UNMAPPED,,ADANIENSOL
2018-09-30,2018-12-28,PREVIOUS_UNMAPPED,,ARE&M
2018-09-30,2018-12-28,PREVIOUS_UNMAPPED,,AEGISLOG
2018-09-30,2018-12-28,PREVIOUS_UNMAPPED,,KPIL
2018-09-30,2018-12-28,PREVIOUS_UNMAPPED,,GVT&D
2018-09-30,2018-12-28,PREVIOUS_UNMAPPED,,COHANCE
2018-09-30,2018-12-28,PREVIOUS_UNMAPPED,,HBLENGINE
2018-09-30,2018-12-28,PREVIOUS_UNMAPPED,,SAMMAANCAP
2018-12-28,2019-01-28,OFFICIAL_ONLY,NSE_092A1C3253B4,TATAMOTORS
2018-12-28,2019-01-28,OFFICIAL_ONLY,NSE_2216670637F8,WELSPUNIND
2018-12-28,2019-01-28,OFFICIAL_ONLY,NSE_22A49E238B39,GMRINFRA
2018-12-28,2019-01-28,OFFICIAL_ONLY,NSE_4E27A558622E,SECURKLOUD
2018-12-28,2019-01-28,OFFICIAL_ONLY,NSE_5813C47C6758,HEXAWARE
2018-12-28,2019-01-28,OFFICIAL_ONLY,NSE_7451BDA5B83F,AEGISCHEM
2018-12-28,2019-01-28,OFFICIAL_ONLY,NSE_7BD208D47A49,MCDOWELL-N
2018-12-28,2019-01-28,OFFICIAL_ONLY,NSE_7E9F9084BD7D,JUBLPHARMA
2018-12-28,2019-01-28,OFFICIAL_ONLY,NSE_8B1A9BBDE5E6,PRSMJOHNSN
2018-12-28,2019-01-28,OFFICIAL_ONLY,NSE_961E02880D58,ADANIPOWER
2018-12-28,2019-01-28,OFFICIAL_ONLY,NSE_9E788BED7AEF,KALPATPOWR
2018-12-28,2019-01-28,OFFICIAL_ONLY,NSE_A3D7B6571FE8,ADANITRANS
2018-12-28,2019-01-28,OFFICIAL_ONLY,NSE_B3E526664FC0,AMARAJABAT
2018-12-28,2019-01-28,OFFICIAL_ONLY,NSE_B61709A06339,LTIM
2018-12-28,2019-01-28,OFFICIAL_ONLY,NSE_D3148EEB7BF0,IBULHSGFIN
2018-12-28,2019-01-28,OFFICIAL_ONLY,NSE_D8A31493DD0A,TATAMTRDVR
2018-12-28,2019-01-28,OFFICIAL_ONLY,NSE_E102D7DE4C2C,GRUH
2018-12-28,2019-01-28,OFFICIAL_ONLY,NSE_F111BB4114FB,FCONSUMER
2018-12-28,2019-01-28,OFFICIAL_ONLY,NSE_F5B77D59A62C,L&TFH
2018-12-28,2019-01-28,OFFICIAL_ONLY,NSE_F7FF721279AE,PVR
2018-12-28,2019-01-28,OFFICIAL_ONLY,NSE_FE37750EBD83,ABB
2018-12-28,2019-01-28,OFFICIAL_ONLY,NSE_FED8B098DEA5,GSKCONS
2018-12-28,2019-01-28,OFFICIAL_ONLY,NSE_FF6FC74E85C1,MINDTREE
2018-12-28,2019-01-28,PREVIOUS_ONLY,NSE_232F7BA109E4,ANGELONE
2018-12-28,2019-01-28,PREVIOUS_ONLY,NSE_62370E1BA80E,RHIM
2018-12-28,2019-01-28,PREVIOUS_ONLY,NSE_D40F53D9B283,360ONE
2018-12-28,2019-01-28,PREVIOUS_ONLY,NSE_F210221D2F17,HUHTAMAKI
2018-12-28,2019-01-28,PREVIOUS_UNMAPPED,,SHTV
2018-12-28,2019-01-28,PREVIOUS_UNMAPPED,,SGPC
2018-12-28,2019-01-28,PREVIOUS_UNMAPPED,,GMRAIRPORT
2018-12-28,2019-01-28,PREVIOUS_UNMAPPED,,EPIGRAL
2018-12-28,2019-01-28,PREVIOUS_UNMAPPED,,CIEINDIA
2018-12-28,2019-01-28,PREVIOUS_UNMAPPED,,LTF
2018-12-28,2019-01-28,PREVIOUS_UNMAPPED,,TMPV
2018-12-28,2019-01-28,PREVIOUS_UNMAPPED,,JSWDULUX
2018-12-28,2019-01-28,PREVIOUS_UNMAPPED,,UNITDSPR
2018-12-28,2019-01-28,PREVIOUS_UNMAPPED,,ABREL
2018-12-28,2019-01-28,PREVIOUS_UNMAPPED,,SWANCORP
2018-12-28,2019-01-28,PREVIOUS_UNMAPPED,,WELSPUNLIV
2018-12-28,2019-01-28,PREVIOUS_UNMAPPED,,ADANIENSOL
2018-12-28,2019-01-28,PREVIOUS_UNMAPPED,,ARE&M
2018-12-28,2019-01-28,PREVIOUS_UNMAPPED,,AEGISLOG
2018-12-28,2019-01-28,PREVIOUS_UNMAPPED,,KPIL
2018-12-28,2019-01-28,PREVIOUS_UNMAPPED,,GVT&D
2018-12-28,2019-01-28,PREVIOUS_UNMAPPED,,COHANCE
2018-12-28,2019-01-28,PREVIOUS_UNMAPPED,,HBLENGINE
2018-12-28,2019-01-28,PREVIOUS_UNMAPPED,,SAMMAANCAP
2019-01-28,2019-03-29,OFFICIAL_ONLY,NSE_092A1C3253B4,TATAMOTORS
2019-01-28,2019-03-29,OFFICIAL_ONLY,NSE_2216670637F8,WELSPUNIND
2019-01-28,2019-03-29,OFFICIAL_ONLY,NSE_22A49E238B39,GMRINFRA
2019-01-28,2019-03-29,OFFICIAL_ONLY,NSE_4E27A558622E,SECURKLOUD
2019-01-28,2019-03-29,OFFICIAL_ONLY,NSE_5813C47C6758,HEXAWARE
2019-01-28,2019-03-29,OFFICIAL_ONLY,NSE_7451BDA5B83F,AEGISCHEM
2019-01-28,2019-03-29,OFFICIAL_ONLY,NSE_7BD208D47A49,MCDOWELL-N
2019-01-28,2019-03-29,OFFICIAL_ONLY,NSE_7E9F9084BD7D,JUBLPHARMA
2019-01-28,2019-03-29,OFFICIAL_ONLY,NSE_8B1A9BBDE5E6,PRSMJOHNSN
2019-01-28,2019-03-29,OFFICIAL_ONLY,NSE_961E02880D58,ADANIPOWER
2019-01-28,2019-03-29,OFFICIAL_ONLY,NSE_9E788BED7AEF,KALPATPOWR
2019-01-28,2019-03-29,OFFICIAL_ONLY,NSE_A3D7B6571FE8,ADANITRANS
2019-01-28,2019-03-29,OFFICIAL_ONLY,NSE_B3E526664FC0,AMARAJABAT
2019-01-28,2019-03-29,OFFICIAL_ONLY,NSE_B61709A06339,LTIM
2019-01-28,2019-03-29,OFFICIAL_ONLY,NSE_D3148EEB7BF0,IBULHSGFIN
2019-01-28,2019-03-29,OFFICIAL_ONLY,NSE_D8A31493DD0A,TATAMTRDVR
2019-01-28,2019-03-29,OFFICIAL_ONLY,NSE_E102D7DE4C2C,GRUH
2019-01-28,2019-03-29,OFFICIAL_ONLY,NSE_F111BB4114FB,FCONSUMER
2019-01-28,2019-03-29,OFFICIAL_ONLY,NSE_F5B77D59A62C,L&TFH
2019-01-28,2019-03-29,OFFICIAL_ONLY,NSE_F7FF721279AE,PVR
2019-01-28,2019-03-29,OFFICIAL_ONLY,NSE_FE37750EBD83,ABB
2019-01-28,2019-03-29,OFFICIAL_ONLY,NSE_FED8B098DEA5,GSKCONS
2019-01-28,2019-03-29,OFFICIAL_ONLY,NSE_FF6FC74E85C1,MINDTREE
2019-01-28,2019-03-29,PREVIOUS_ONLY,NSE_232F7BA109E4,ANGELONE
2019-01-28,2019-03-29,PREVIOUS_ONLY,NSE_62370E1BA80E,RHIM
2019-01-28,2019-03-29,PREVIOUS_ONLY,NSE_D40F53D9B283,360ONE
2019-01-28,2019-03-29,PREVIOUS_ONLY,NSE_F210221D2F17,HUHTAMAKI
2019-01-28,2019-03-29,PREVIOUS_UNMAPPED,,SHTV
2019-01-28,2019-03-29,PREVIOUS_UNMAPPED,,SGPC
2019-01-28,2019-03-29,PREVIOUS_UNMAPPED,,GMRAIRPORT
2019-01-28,2019-03-29,PREVIOUS_UNMAPPED,,EPIGRAL
2019-01-28,2019-03-29,PREVIOUS_UNMAPPED,,CIEINDIA
2019-01-28,2019-03-29,PREVIOUS_UNMAPPED,,LTF
2019-01-28,2019-03-29,PREVIOUS_UNMAPPED,,TMPV
2019-01-28,2019-03-29,PREVIOUS_UNMAPPED,,JSWDULUX
2019-01-28,2019-03-29,PREVIOUS_UNMAPPED,,UNITDSPR
2019-01-28,2019-03-29,PREVIOUS_UNMAPPED,,ABREL
2019-01-28,2019-03-29,PREVIOUS_UNMAPPED,,SWANCORP
2019-01-28,2019-03-29,PREVIOUS_UNMAPPED,,WELSPUNLIV
2019-01-28,2019-03-29,PREVIOUS_UNMAPPED,,ADANIENSOL
2019-01-28,2019-03-29,PREVIOUS_UNMAPPED,,ARE&M
2019-01-28,2019-03-29,PREVIOUS_UNMAPPED,,AEGISLOG
2019-01-28,2019-03-29,PREVIOUS_UNMAPPED,,KPIL
2019-01-28,2019-03-29,PREVIOUS_UNMAPPED,,GVT&D
2019-01-28,2019-03-29,PREVIOUS_UNMAPPED,,COHANCE
2019-01-28,2019-03-29,PREVIOUS_UNMAPPED,,HBLENGINE
2019-01-28,2019-03-29,PREVIOUS_UNMAPPED,,SAMMAANCAP
2019-03-29,2019-04-15,OFFICIAL_ONLY,NSE_092A1C3253B4,TATAMOTORS
2019-03-29,2019-04-15,OFFICIAL_ONLY,NSE_2216670637F8,WELSPUNIND
2019-03-29,2019-04-15,OFFICIAL_ONLY,NSE_22A49E238B39,GMRINFRA
2019-03-29,2019-04-15,OFFICIAL_ONLY,NSE_5813C47C6758,HEXAWARE
2019-03-29,2019-04-15,OFFICIAL_ONLY,NSE_7451BDA5B83F,AEGISCHEM
2019-03-29,2019-04-15,OFFICIAL_ONLY,NSE_7BD208D47A49,MCDOWELL-N
2019-03-29,2019-04-15,OFFICIAL_ONLY,NSE_7E9F9084BD7D,JUBLPHARMA
2019-03-29,2019-04-15,OFFICIAL_ONLY,NSE_8B1A9BBDE5E6,PRSMJOHNSN
2019-03-29,2019-04-15,OFFICIAL_ONLY,NSE_961E02880D58,ADANIPOWER
2019-03-29,2019-04-15,OFFICIAL_ONLY,NSE_9E788BED7AEF,KALPATPOWR
2019-03-29,2019-04-15,OFFICIAL_ONLY,NSE_A3D7B6571FE8,ADANITRANS
2019-03-29,2019-04-15,OFFICIAL_ONLY,NSE_B3E526664FC0,AMARAJABAT
2019-03-29,2019-04-15,OFFICIAL_ONLY,NSE_B61709A06339,LTIM
2019-03-29,2019-04-15,OFFICIAL_ONLY,NSE_D3148EEB7BF0,IBULHSGFIN
2019-03-29,2019-04-15,OFFICIAL_ONLY,NSE_D8A31493DD0A,TATAMTRDVR
2019-03-29,2019-04-15,OFFICIAL_ONLY,NSE_E102D7DE4C2C,GRUH
2019-03-29,2019-04-15,OFFICIAL_ONLY,NSE_F111BB4114FB,FCONSUMER
2019-03-29,2019-04-15,OFFICIAL_ONLY,NSE_F5B77D59A62C,L&TFH
2019-03-29,2019-04-15,OFFICIAL_ONLY,NSE_F7FF721279AE,PVR
2019-03-29,2019-04-15,OFFICIAL_ONLY,NSE_FE37750EBD83,ABB
2019-03-29,2019-04-15,OFFICIAL_ONLY,NSE_FED8B098DEA5,GSKCONS
2019-03-29,2019-04-15,OFFICIAL_ONLY,NSE_FF6FC74E85C1,MINDTREE
2019-03-29,2019-04-15,PREVIOUS_ONLY,NSE_232F7BA109E4,ANGELONE
2019-03-29,2019-04-15,PREVIOUS_ONLY,NSE_62370E1BA80E,RHIM
2019-03-29,2019-04-15,PREVIOUS_ONLY,NSE_D40F53D9B283,360ONE
2019-03-29,2019-04-15,PREVIOUS_ONLY,NSE_F210221D2F17,HUHTAMAKI
2019-03-29,2019-04-15,PREVIOUS_UNMAPPED,,SHTV
2019-03-29,2019-04-15,PREVIOUS_UNMAPPED,,SGPC
2019-03-29,2019-04-15,PREVIOUS_UNMAPPED,,GMRAIRPORT
2019-03-29,2019-04-15,PREVIOUS_UNMAPPED,,EPIGRAL
2019-03-29,2019-04-15,PREVIOUS_UNMAPPED,,CIEINDIA
2019-03-29,2019-04-15,PREVIOUS_UNMAPPED,,LTF
2019-03-29,2019-04-15,PREVIOUS_UNMAPPED,,TMPV
2019-03-29,2019-04-15,PREVIOUS_UNMAPPED,,JSWDULUX
2019-03-29,2019-04-15,PREVIOUS_UNMAPPED,,UNITDSPR
2019-03-29,2019-04-15,PREVIOUS_UNMAPPED,,ABREL
2019-03-29,2019-04-15,PREVIOUS_UNMAPPED,,SWANCORP
2019-03-29,2019-04-15,PREVIOUS_UNMAPPED,,WELSPUNLIV
2019-03-29,2019-04-15,PREVIOUS_UNMAPPED,,ADANIENSOL
2019-03-29,2019-04-15,PREVIOUS_UNMAPPED,,ARE&M
2019-03-29,2019-04-15,PREVIOUS_UNMAPPED,,AEGISLOG
2019-03-29,2019-04-15,PREVIOUS_UNMAPPED,,KPIL
2019-03-29,2019-04-15,PREVIOUS_UNMAPPED,,GVT&D
2019-03-29,2019-04-15,PREVIOUS_UNMAPPED,,COHANCE
2019-03-29,2019-04-15,PREVIOUS_UNMAPPED,,HBLENGINE
2019-03-29,2019-04-15,PREVIOUS_UNMAPPED,,SAMMAANCAP
2019-04-15,2019-06-28,OFFICIAL_ONLY,NSE_092A1C3253B4,TATAMOTORS
2019-04-15,2019-06-28,OFFICIAL_ONLY,NSE_2216670637F8,WELSPUNIND
2019-04-15,2019-06-28,OFFICIAL_ONLY,NSE_22A49E238B39,GMRINFRA
2019-04-15,2019-06-28,OFFICIAL_ONLY,NSE_5813C47C6758,HEXAWARE
2019-04-15,2019-06-28,OFFICIAL_ONLY,NSE_7451BDA5B83F,AEGISCHEM
2019-04-15,2019-06-28,OFFICIAL_ONLY,NSE_7BD208D47A49,MCDOWELL-N
2019-04-15,2019-06-28,OFFICIAL_ONLY,NSE_7E9F9084BD7D,JUBLPHARMA
2019-04-15,2019-06-28,OFFICIAL_ONLY,NSE_8B1A9BBDE5E6,PRSMJOHNSN
2019-04-15,2019-06-28,OFFICIAL_ONLY,NSE_961E02880D58,ADANIPOWER
2019-04-15,2019-06-28,OFFICIAL_ONLY,NSE_9E788BED7AEF,KALPATPOWR
2019-04-15,2019-06-28,OFFICIAL_ONLY,NSE_A3D7B6571FE8,ADANITRANS
2019-04-15,2019-06-28,OFFICIAL_ONLY,NSE_B3E526664FC0,AMARAJABAT
2019-04-15,2019-06-28,OFFICIAL_ONLY,NSE_B61709A06339,LTIM
2019-04-15,2019-06-28,OFFICIAL_ONLY,NSE_D3148EEB7BF0,IBULHSGFIN
2019-04-15,2019-06-28,OFFICIAL_ONLY,NSE_D8A31493DD0A,TATAMTRDVR
2019-04-15,2019-06-28,OFFICIAL_ONLY,NSE_E102D7DE4C2C,GRUH
2019-04-15,2019-06-28,OFFICIAL_ONLY,NSE_F111BB4114FB,FCONSUMER
2019-04-15,2019-06-28,OFFICIAL_ONLY,NSE_F5B77D59A62C,L&TFH
2019-04-15,2019-06-28,OFFICIAL_ONLY,NSE_F7FF721279AE,PVR
2019-04-15,2019-06-28,OFFICIAL_ONLY,NSE_FE37750EBD83,ABB
2019-04-15,2019-06-28,OFFICIAL_ONLY,NSE_FED8B098DEA5,GSKCONS
2019-04-15,2019-06-28,OFFICIAL_ONLY,NSE_FF6FC74E85C1,MINDTREE
2019-04-15,2019-06-28,PREVIOUS_ONLY,NSE_232F7BA109E4,ANGELONE
2019-04-15,2019-06-28,PREVIOUS_ONLY,NSE_62370E1BA80E,RHIM
2019-04-15,2019-06-28,PREVIOUS_ONLY,NSE_D40F53D9B283,360ONE
2019-04-15,2019-06-28,PREVIOUS_ONLY,NSE_F210221D2F17,HUHTAMAKI
2019-04-15,2019-06-28,PREVIOUS_UNMAPPED,,SHTV
2019-04-15,2019-06-28,PREVIOUS_UNMAPPED,,SGPC
2019-04-15,2019-06-28,PREVIOUS_UNMAPPED,,GMRAIRPORT
2019-04-15,2019-06-28,PREVIOUS_UNMAPPED,,EPIGRAL
2019-04-15,2019-06-28,PREVIOUS_UNMAPPED,,CIEINDIA
2019-04-15,2019-06-28,PREVIOUS_UNMAPPED,,LTF
2019-04-15,2019-06-28,PREVIOUS_UNMAPPED,,TMPV
2019-04-15,2019-06-28,PREVIOUS_UNMAPPED,,JSWDULUX
2019-04-15,2019-06-28,PREVIOUS_UNMAPPED,,UNITDSPR
2019-04-15,2019-06-28,PREVIOUS_UNMAPPED,,ABREL
2019-04-15,2019-06-28,PREVIOUS_UNMAPPED,,SWANCORP
2019-04-15,2019-06-28,PREVIOUS_UNMAPPED,,WELSPUNLIV
2019-04-15,2019-06-28,PREVIOUS_UNMAPPED,,ADANIENSOL
2019-04-15,2019-06-28,PREVIOUS_UNMAPPED,,ARE&M
2019-04-15,2019-06-28,PREVIOUS_UNMAPPED,,AEGISLOG
2019-04-15,2019-06-28,PREVIOUS_UNMAPPED,,KPIL
2019-04-15,2019-06-28,PREVIOUS_UNMAPPED,,GVT&D
2019-04-15,2019-06-28,PREVIOUS_UNMAPPED,,COHANCE
2019-04-15,2019-06-28,PREVIOUS_UNMAPPED,,HBLENGINE
2019-04-15,2019-06-28,PREVIOUS_UNMAPPED,,SAMMAANCAP
2019-06-28,2019-09-24,OFFICIAL_ONLY,NSE_092A1C3253B4,TATAMOTORS
2019-06-28,2019-09-24,OFFICIAL_ONLY,NSE_2216670637F8,WELSPUNIND
2019-06-28,2019-09-24,OFFICIAL_ONLY,NSE_22A49E238B39,GMRINFRA
2019-06-28,2019-09-24,OFFICIAL_ONLY,NSE_5813C47C6758,HEXAWARE
2019-06-28,2019-09-24,OFFICIAL_ONLY,NSE_7451BDA5B83F,AEGISCHEM
2019-06-28,2019-09-24,OFFICIAL_ONLY,NSE_7BD208D47A49,MCDOWELL-N
2019-06-28,2019-09-24,OFFICIAL_ONLY,NSE_7E9F9084BD7D,JUBLPHARMA
2019-06-28,2019-09-24,OFFICIAL_ONLY,NSE_8B1A9BBDE5E6,PRSMJOHNSN
2019-06-28,2019-09-24,OFFICIAL_ONLY,NSE_961E02880D58,ADANIPOWER
2019-06-28,2019-09-24,OFFICIAL_ONLY,NSE_9E788BED7AEF,KALPATPOWR
2019-06-28,2019-09-24,OFFICIAL_ONLY,NSE_A3D7B6571FE8,ADANITRANS
2019-06-28,2019-09-24,OFFICIAL_ONLY,NSE_B3E526664FC0,AMARAJABAT
2019-06-28,2019-09-24,OFFICIAL_ONLY,NSE_B61709A06339,LTIM
2019-06-28,2019-09-24,OFFICIAL_ONLY,NSE_D3148EEB7BF0,IBULHSGFIN
2019-06-28,2019-09-24,OFFICIAL_ONLY,NSE_D8A31493DD0A,TATAMTRDVR
2019-06-28,2019-09-24,OFFICIAL_ONLY,NSE_E102D7DE4C2C,GRUH
2019-06-28,2019-09-24,OFFICIAL_ONLY,NSE_F111BB4114FB,FCONSUMER
2019-06-28,2019-09-24,OFFICIAL_ONLY,NSE_F5B77D59A62C,L&TFH
2019-06-28,2019-09-24,OFFICIAL_ONLY,NSE_F7FF721279AE,PVR
2019-06-28,2019-09-24,OFFICIAL_ONLY,NSE_FE37750EBD83,ABB
2019-06-28,2019-09-24,OFFICIAL_ONLY,NSE_FED8B098DEA5,GSKCONS
2019-06-28,2019-09-24,OFFICIAL_ONLY,NSE_FF6FC74E85C1,MINDTREE
2019-06-28,2019-09-24,PREVIOUS_ONLY,NSE_232F7BA109E4,ANGELONE
2019-06-28,2019-09-24,PREVIOUS_ONLY,NSE_62370E1BA80E,RHIM
2019-06-28,2019-09-24,PREVIOUS_ONLY,NSE_D40F53D9B283,360ONE
2019-06-28,2019-09-24,PREVIOUS_ONLY,NSE_F210221D2F17,HUHTAMAKI
2019-06-28,2019-09-24,PREVIOUS_UNMAPPED,,SHTV
2019-06-28,2019-09-24,PREVIOUS_UNMAPPED,,SGPC
2019-06-28,2019-09-24,PREVIOUS_UNMAPPED,,GMRAIRPORT
2019-06-28,2019-09-24,PREVIOUS_UNMAPPED,,EPIGRAL
2019-06-28,2019-09-24,PREVIOUS_UNMAPPED,,CIEINDIA
2019-06-28,2019-09-24,PREVIOUS_UNMAPPED,,LTF
2019-06-28,2019-09-24,PREVIOUS_UNMAPPED,,TMPV
2019-06-28,2019-09-24,PREVIOUS_UNMAPPED,,JSWDULUX
2019-06-28,2019-09-24,PREVIOUS_UNMAPPED,,UNITDSPR
2019-06-28,2019-09-24,PREVIOUS_UNMAPPED,,ABREL
2019-06-28,2019-09-24,PREVIOUS_UNMAPPED,,SWANCORP
2019-06-28,2019-09-24,PREVIOUS_UNMAPPED,,WELSPUNLIV
2019-06-28,2019-09-24,PREVIOUS_UNMAPPED,,ADANIENSOL
2019-06-28,2019-09-24,PREVIOUS_UNMAPPED,,ARE&M
2019-06-28,2019-09-24,PREVIOUS_UNMAPPED,,AEGISLOG
2019-06-28,2019-09-24,PREVIOUS_UNMAPPED,,KPIL
2019-06-28,2019-09-24,PREVIOUS_UNMAPPED,,GVT&D
2019-06-28,2019-09-24,PREVIOUS_UNMAPPED,,COHANCE
2019-06-28,2019-09-24,PREVIOUS_UNMAPPED,,HBLENGINE
2019-06-28,2019-09-24,PREVIOUS_UNMAPPED,,SAMMAANCAP
2019-09-24,2019-09-27,OFFICIAL_ONLY,NSE_092A1C3253B4,TATAMOTORS
2019-09-24,2019-09-27,OFFICIAL_ONLY,NSE_2216670637F8,WELSPUNIND
2019-09-24,2019-09-27,OFFICIAL_ONLY,NSE_22A49E238B39,GMRINFRA
2019-09-24,2019-09-27,OFFICIAL_ONLY,NSE_5813C47C6758,HEXAWARE
2019-09-24,2019-09-27,OFFICIAL_ONLY,NSE_7451BDA5B83F,AEGISCHEM
2019-09-24,2019-09-27,OFFICIAL_ONLY,NSE_7BD208D47A49,MCDOWELL-N
2019-09-24,2019-09-27,OFFICIAL_ONLY,NSE_7E9F9084BD7D,JUBLPHARMA
2019-09-24,2019-09-27,OFFICIAL_ONLY,NSE_8B1A9BBDE5E6,PRSMJOHNSN
2019-09-24,2019-09-27,OFFICIAL_ONLY,NSE_961E02880D58,ADANIPOWER
2019-09-24,2019-09-27,OFFICIAL_ONLY,NSE_9E788BED7AEF,KALPATPOWR
2019-09-24,2019-09-27,OFFICIAL_ONLY,NSE_A3D7B6571FE8,ADANITRANS
2019-09-24,2019-09-27,OFFICIAL_ONLY,NSE_B3E526664FC0,AMARAJABAT
2019-09-24,2019-09-27,OFFICIAL_ONLY,NSE_B61709A06339,LTIM
2019-09-24,2019-09-27,OFFICIAL_ONLY,NSE_D3148EEB7BF0,IBULHSGFIN
2019-09-24,2019-09-27,OFFICIAL_ONLY,NSE_D8A31493DD0A,TATAMTRDVR
2019-09-24,2019-09-27,OFFICIAL_ONLY,NSE_E102D7DE4C2C,GRUH
2019-09-24,2019-09-27,OFFICIAL_ONLY,NSE_F111BB4114FB,FCONSUMER
2019-09-24,2019-09-27,OFFICIAL_ONLY,NSE_F5B77D59A62C,L&TFH
2019-09-24,2019-09-27,OFFICIAL_ONLY,NSE_F7FF721279AE,PVR
2019-09-24,2019-09-27,OFFICIAL_ONLY,NSE_FE37750EBD83,ABB
2019-09-24,2019-09-27,OFFICIAL_ONLY,NSE_FED8B098DEA5,GSKCONS
2019-09-24,2019-09-27,OFFICIAL_ONLY,NSE_FF6FC74E85C1,MINDTREE
2019-09-24,2019-09-27,PREVIOUS_ONLY,NSE_232F7BA109E4,ANGELONE
2019-09-24,2019-09-27,PREVIOUS_ONLY,NSE_62370E1BA80E,RHIM
2019-09-24,2019-09-27,PREVIOUS_ONLY,NSE_D40F53D9B283,360ONE
2019-09-24,2019-09-27,PREVIOUS_ONLY,NSE_F210221D2F17,HUHTAMAKI
2019-09-24,2019-09-27,PREVIOUS_UNMAPPED,,SHTV
2019-09-24,2019-09-27,PREVIOUS_UNMAPPED,,SGPC
2019-09-24,2019-09-27,PREVIOUS_UNMAPPED,,GMRAIRPORT
2019-09-24,2019-09-27,PREVIOUS_UNMAPPED,,EPIGRAL
2019-09-24,2019-09-27,PREVIOUS_UNMAPPED,,CIEINDIA
2019-09-24,2019-09-27,PREVIOUS_UNMAPPED,,LTF
2019-09-24,2019-09-27,PREVIOUS_UNMAPPED,,TMPV
2019-09-24,2019-09-27,PREVIOUS_UNMAPPED,,JSWDULUX
2019-09-24,2019-09-27,PREVIOUS_UNMAPPED,,UNITDSPR
2019-09-24,2019-09-27,PREVIOUS_UNMAPPED,,ABREL
2019-09-24,2019-09-27,PREVIOUS_UNMAPPED,,SWANCORP
2019-09-24,2019-09-27,PREVIOUS_UNMAPPED,,WELSPUNLIV
2019-09-24,2019-09-27,PREVIOUS_UNMAPPED,,ADANIENSOL
2019-09-24,2019-09-27,PREVIOUS_UNMAPPED,,ARE&M
2019-09-24,2019-09-27,PREVIOUS_UNMAPPED,,AEGISLOG
2019-09-24,2019-09-27,PREVIOUS_UNMAPPED,,KPIL
2019-09-24,2019-09-27,PREVIOUS_UNMAPPED,,GVT&D
2019-09-24,2019-09-27,PREVIOUS_UNMAPPED,,COHANCE
2019-09-24,2019-09-27,PREVIOUS_UNMAPPED,,HBLENGINE
2019-09-24,2019-09-27,PREVIOUS_UNMAPPED,,SAMMAANCAP
2019-09-27,2019-09-30,OFFICIAL_ONLY,NSE_092A1C3253B4,TATAMOTORS
2019-09-27,2019-09-30,OFFICIAL_ONLY,NSE_2216670637F8,WELSPUNIND
2019-09-27,2019-09-30,OFFICIAL_ONLY,NSE_22A49E238B39,GMRINFRA
2019-09-27,2019-09-30,OFFICIAL_ONLY,NSE_5813C47C6758,HEXAWARE
2019-09-27,2019-09-30,OFFICIAL_ONLY,NSE_7451BDA5B83F,AEGISCHEM
2019-09-27,2019-09-30,OFFICIAL_ONLY,NSE_7BD208D47A49,MCDOWELL-N
2019-09-27,2019-09-30,OFFICIAL_ONLY,NSE_7E9F9084BD7D,JUBLPHARMA
2019-09-27,2019-09-30,OFFICIAL_ONLY,NSE_8B1A9BBDE5E6,PRSMJOHNSN
2019-09-27,2019-09-30,OFFICIAL_ONLY,NSE_961E02880D58,ADANIPOWER
2019-09-27,2019-09-30,OFFICIAL_ONLY,NSE_9E788BED7AEF,KALPATPOWR
2019-09-27,2019-09-30,OFFICIAL_ONLY,NSE_A3D7B6571FE8,ADANITRANS
2019-09-27,2019-09-30,OFFICIAL_ONLY,NSE_B3E526664FC0,AMARAJABAT
2019-09-27,2019-09-30,OFFICIAL_ONLY,NSE_B61709A06339,LTIM
2019-09-27,2019-09-30,OFFICIAL_ONLY,NSE_D3148EEB7BF0,IBULHSGFIN
2019-09-27,2019-09-30,OFFICIAL_ONLY,NSE_D8A31493DD0A,TATAMTRDVR
2019-09-27,2019-09-30,OFFICIAL_ONLY,NSE_F111BB4114FB,FCONSUMER
2019-09-27,2019-09-30,OFFICIAL_ONLY,NSE_F5B77D59A62C,L&TFH
2019-09-27,2019-09-30,OFFICIAL_ONLY,NSE_F7FF721279AE,PVR
2019-09-27,2019-09-30,OFFICIAL_ONLY,NSE_FF6FC74E85C1,MINDTREE
2019-09-27,2019-09-30,PREVIOUS_ONLY,NSE_232F7BA109E4,ANGELONE
2019-09-27,2019-09-30,PREVIOUS_ONLY,NSE_D40F53D9B283,360ONE
2019-09-27,2019-09-30,PREVIOUS_ONLY,NSE_F210221D2F17,HUHTAMAKI
2019-09-27,2019-09-30,PREVIOUS_UNMAPPED,,SHTV
2019-09-27,2019-09-30,PREVIOUS_UNMAPPED,,SGPC
2019-09-27,2019-09-30,PREVIOUS_UNMAPPED,,GMRAIRPORT
2019-09-27,2019-09-30,PREVIOUS_UNMAPPED,,EPIGRAL
2019-09-27,2019-09-30,PREVIOUS_UNMAPPED,,CIEINDIA
2019-09-27,2019-09-30,PREVIOUS_UNMAPPED,,LTF
2019-09-27,2019-09-30,PREVIOUS_UNMAPPED,,TMPV
2019-09-27,2019-09-30,PREVIOUS_UNMAPPED,,JSWDULUX
2019-09-27,2019-09-30,PREVIOUS_UNMAPPED,,UNITDSPR
2019-09-27,2019-09-30,PREVIOUS_UNMAPPED,,ABREL
2019-09-27,2019-09-30,PREVIOUS_UNMAPPED,,SWANCORP
2019-09-27,2019-09-30,PREVIOUS_UNMAPPED,,WELSPUNLIV
2019-09-27,2019-09-30,PREVIOUS_UNMAPPED,,ADANIENSOL
2019-09-27,2019-09-30,PREVIOUS_UNMAPPED,,ARE&M
2019-09-27,2019-09-30,PREVIOUS_UNMAPPED,,AEGISLOG
2019-09-27,2019-09-30,PREVIOUS_UNMAPPED,,KPIL
2019-09-27,2019-09-30,PREVIOUS_UNMAPPED,,GVT&D
2019-09-27,2019-09-30,PREVIOUS_UNMAPPED,,COHANCE
2019-09-27,2019-09-30,PREVIOUS_UNMAPPED,,HBLENGINE
2019-09-27,2019-09-30,PREVIOUS_UNMAPPED,,SAMMAANCAP
2019-09-30,2019-12-26,OFFICIAL_ONLY,NSE_092A1C3253B4,TATAMOTORS
2019-09-30,2019-12-26,OFFICIAL_ONLY,NSE_2216670637F8,WELSPUNIND
2019-09-30,2019-12-26,OFFICIAL_ONLY,NSE_22A49E238B39,GMRINFRA
2019-09-30,2019-12-26,OFFICIAL_ONLY,NSE_5813C47C6758,HEXAWARE
2019-09-30,2019-12-26,OFFICIAL_ONLY,NSE_7451BDA5B83F,AEGISCHEM
2019-09-30,2019-12-26,OFFICIAL_ONLY,NSE_7BD208D47A49,MCDOWELL-N
2019-09-30,2019-12-26,OFFICIAL_ONLY,NSE_7E9F9084BD7D,JUBLPHARMA
2019-09-30,2019-12-26,OFFICIAL_ONLY,NSE_85A771F24921,JCHAC
2019-09-30,2019-12-26,OFFICIAL_ONLY,NSE_8B1A9BBDE5E6,PRSMJOHNSN
2019-09-30,2019-12-26,OFFICIAL_ONLY,NSE_961E02880D58,ADANIPOWER
2019-09-30,2019-12-26,OFFICIAL_ONLY,NSE_9E788BED7AEF,KALPATPOWR
2019-09-30,2019-12-26,OFFICIAL_ONLY,NSE_A3D7B6571FE8,ADANITRANS
2019-09-30,2019-12-26,OFFICIAL_ONLY,NSE_B3E526664FC0,AMARAJABAT
2019-09-30,2019-12-26,OFFICIAL_ONLY,NSE_B61709A06339,LTIM
2019-09-30,2019-12-26,OFFICIAL_ONLY,NSE_D3148EEB7BF0,IBULHSGFIN
2019-09-30,2019-12-26,OFFICIAL_ONLY,NSE_D8A31493DD0A,TATAMTRDVR
2019-09-30,2019-12-26,OFFICIAL_ONLY,NSE_F111BB4114FB,FCONSUMER
2019-09-30,2019-12-26,OFFICIAL_ONLY,NSE_F5B77D59A62C,L&TFH
2019-09-30,2019-12-26,OFFICIAL_ONLY,NSE_F7FF721279AE,PVR
2019-09-30,2019-12-26,OFFICIAL_ONLY,NSE_FF6FC74E85C1,MINDTREE
2019-09-30,2019-12-26,PREVIOUS_ONLY,NSE_232F7BA109E4,ANGELONE
2019-09-30,2019-12-26,PREVIOUS_ONLY,NSE_D40F53D9B283,360ONE
2019-09-30,2019-12-26,PREVIOUS_ONLY,NSE_F210221D2F17,HUHTAMAKI
2019-09-30,2019-12-26,PREVIOUS_UNMAPPED,,SHTV
2019-09-30,2019-12-26,PREVIOUS_UNMAPPED,,SGPC
2019-09-30,2019-12-26,PREVIOUS_UNMAPPED,,GMRAIRPORT
2019-09-30,2019-12-26,PREVIOUS_UNMAPPED,,EPIGRAL
2019-09-30,2019-12-26,PREVIOUS_UNMAPPED,,CIEINDIA
2019-09-30,2019-12-26,PREVIOUS_UNMAPPED,,LTF
2019-09-30,2019-12-26,PREVIOUS_UNMAPPED,,TMPV
2019-09-30,2019-12-26,PREVIOUS_UNMAPPED,,JSWDULUX
2019-09-30,2019-12-26,PREVIOUS_UNMAPPED,,UNITDSPR
2019-09-30,2019-12-26,PREVIOUS_UNMAPPED,,ABREL
2019-09-30,2019-12-26,PREVIOUS_UNMAPPED,,SWANCORP
2019-09-30,2019-12-26,PREVIOUS_UNMAPPED,,WELSPUNLIV
2019-09-30,2019-12-26,PREVIOUS_UNMAPPED,,ADANIENSOL
2019-09-30,2019-12-26,PREVIOUS_UNMAPPED,,ARE&M
2019-09-30,2019-12-26,PREVIOUS_UNMAPPED,,AEGISLOG
2019-09-30,2019-12-26,PREVIOUS_UNMAPPED,,KPIL
2019-09-30,2019-12-26,PREVIOUS_UNMAPPED,,GVT&D
2019-09-30,2019-12-26,PREVIOUS_UNMAPPED,,COHANCE
2019-09-30,2019-12-26,PREVIOUS_UNMAPPED,,HBLENGINE
2019-09-30,2019-12-26,PREVIOUS_UNMAPPED,,SAMMAANCAP
2019-12-26,2019-12-27,OFFICIAL_ONLY,NSE_092A1C3253B4,TATAMOTORS
2019-12-26,2019-12-27,OFFICIAL_ONLY,NSE_2216670637F8,WELSPUNIND
2019-12-26,2019-12-27,OFFICIAL_ONLY,NSE_22A49E238B39,GMRINFRA
2019-12-26,2019-12-27,OFFICIAL_ONLY,NSE_5813C47C6758,HEXAWARE
2019-12-26,2019-12-27,OFFICIAL_ONLY,NSE_7451BDA5B83F,AEGISCHEM
2019-12-26,2019-12-27,OFFICIAL_ONLY,NSE_7BD208D47A49,MCDOWELL-N
2019-12-26,2019-12-27,OFFICIAL_ONLY,NSE_7E9F9084BD7D,JUBLPHARMA
2019-12-26,2019-12-27,OFFICIAL_ONLY,NSE_85A771F24921,JCHAC
2019-12-26,2019-12-27,OFFICIAL_ONLY,NSE_8B1A9BBDE5E6,PRSMJOHNSN
2019-12-26,2019-12-27,OFFICIAL_ONLY,NSE_961E02880D58,ADANIPOWER
2019-12-26,2019-12-27,OFFICIAL_ONLY,NSE_9E788BED7AEF,KALPATPOWR
2019-12-26,2019-12-27,OFFICIAL_ONLY,NSE_A3D7B6571FE8,ADANITRANS
2019-12-26,2019-12-27,OFFICIAL_ONLY,NSE_B3E526664FC0,AMARAJABAT
2019-12-26,2019-12-27,OFFICIAL_ONLY,NSE_B61709A06339,LTIM
2019-12-26,2019-12-27,OFFICIAL_ONLY,NSE_D3148EEB7BF0,IBULHSGFIN
2019-12-26,2019-12-27,OFFICIAL_ONLY,NSE_D8A31493DD0A,TATAMTRDVR
2019-12-26,2019-12-27,OFFICIAL_ONLY,NSE_F111BB4114FB,FCONSUMER
2019-12-26,2019-12-27,OFFICIAL_ONLY,NSE_F5B77D59A62C,L&TFH
2019-12-26,2019-12-27,OFFICIAL_ONLY,NSE_F7FF721279AE,PVR
2019-12-26,2019-12-27,OFFICIAL_ONLY,NSE_FF6FC74E85C1,MINDTREE
2019-12-26,2019-12-27,PREVIOUS_ONLY,NSE_232F7BA109E4,ANGELONE
2019-12-26,2019-12-27,PREVIOUS_ONLY,NSE_D40F53D9B283,360ONE
2019-12-26,2019-12-27,PREVIOUS_ONLY,NSE_F210221D2F17,HUHTAMAKI
2019-12-26,2019-12-27,PREVIOUS_UNMAPPED,,SHTV
2019-12-26,2019-12-27,PREVIOUS_UNMAPPED,,SGPC
2019-12-26,2019-12-27,PREVIOUS_UNMAPPED,,GMRAIRPORT
2019-12-26,2019-12-27,PREVIOUS_UNMAPPED,,EPIGRAL
2019-12-26,2019-12-27,PREVIOUS_UNMAPPED,,CIEINDIA
2019-12-26,2019-12-27,PREVIOUS_UNMAPPED,,LTF
2019-12-26,2019-12-27,PREVIOUS_UNMAPPED,,TMPV
2019-12-26,2019-12-27,PREVIOUS_UNMAPPED,,JSWDULUX
2019-12-26,2019-12-27,PREVIOUS_UNMAPPED,,UNITDSPR
2019-12-26,2019-12-27,PREVIOUS_UNMAPPED,,ABREL
2019-12-26,2019-12-27,PREVIOUS_UNMAPPED,,SWANCORP
2019-12-26,2019-12-27,PREVIOUS_UNMAPPED,,WELSPUNLIV
2019-12-26,2019-12-27,PREVIOUS_UNMAPPED,,ADANIENSOL
2019-12-26,2019-12-27,PREVIOUS_UNMAPPED,,ARE&M
2019-12-26,2019-12-27,PREVIOUS_UNMAPPED,,AEGISLOG
2019-12-26,2019-12-27,PREVIOUS_UNMAPPED,,KPIL
2019-12-26,2019-12-27,PREVIOUS_UNMAPPED,,GVT&D
2019-12-26,2019-12-27,PREVIOUS_UNMAPPED,,COHANCE
2019-12-26,2019-12-27,PREVIOUS_UNMAPPED,,HBLENGINE
2019-12-26,2019-12-27,PREVIOUS_UNMAPPED,,SAMMAANCAP
2019-12-27,2020-01-16,OFFICIAL_ONLY,NSE_092A1C3253B4,TATAMOTORS
2019-12-27,2020-01-16,OFFICIAL_ONLY,NSE_2216670637F8,WELSPUNIND
2019-12-27,2020-01-16,OFFICIAL_ONLY,NSE_22A49E238B39,GMRINFRA
2019-12-27,2020-01-16,OFFICIAL_ONLY,NSE_5813C47C6758,HEXAWARE
2019-12-27,2020-01-16,OFFICIAL_ONLY,NSE_7451BDA5B83F,AEGISCHEM
2019-12-27,2020-01-16,OFFICIAL_ONLY,NSE_7BD208D47A49,MCDOWELL-N
2019-12-27,2020-01-16,OFFICIAL_ONLY,NSE_7E9F9084BD7D,JUBLPHARMA
2019-12-27,2020-01-16,OFFICIAL_ONLY,NSE_85A771F24921,JCHAC
2019-12-27,2020-01-16,OFFICIAL_ONLY,NSE_8B1A9BBDE5E6,PRSMJOHNSN
2019-12-27,2020-01-16,OFFICIAL_ONLY,NSE_961E02880D58,ADANIPOWER
2019-12-27,2020-01-16,OFFICIAL_ONLY,NSE_9E788BED7AEF,KALPATPOWR
2019-12-27,2020-01-16,OFFICIAL_ONLY,NSE_A3D7B6571FE8,ADANITRANS
2019-12-27,2020-01-16,OFFICIAL_ONLY,NSE_B3E526664FC0,AMARAJABAT
2019-12-27,2020-01-16,OFFICIAL_ONLY,NSE_B61709A06339,LTIM
2019-12-27,2020-01-16,OFFICIAL_ONLY,NSE_D3148EEB7BF0,IBULHSGFIN
2019-12-27,2020-01-16,OFFICIAL_ONLY,NSE_D8A31493DD0A,TATAMTRDVR
2019-12-27,2020-01-16,OFFICIAL_ONLY,NSE_F111BB4114FB,FCONSUMER
2019-12-27,2020-01-16,OFFICIAL_ONLY,NSE_F5B77D59A62C,L&TFH
2019-12-27,2020-01-16,OFFICIAL_ONLY,NSE_F7FF721279AE,PVR
2019-12-27,2020-01-16,OFFICIAL_ONLY,NSE_FF6FC74E85C1,MINDTREE
2019-12-27,2020-01-16,PREVIOUS_ONLY,NSE_232F7BA109E4,ANGELONE
2019-12-27,2020-01-16,PREVIOUS_ONLY,NSE_D40F53D9B283,360ONE
2019-12-27,2020-01-16,PREVIOUS_ONLY,NSE_F210221D2F17,HUHTAMAKI
2019-12-27,2020-01-16,PREVIOUS_UNMAPPED,,SHTV
2019-12-27,2020-01-16,PREVIOUS_UNMAPPED,,SGPC
2019-12-27,2020-01-16,PREVIOUS_UNMAPPED,,GMRAIRPORT
2019-12-27,2020-01-16,PREVIOUS_UNMAPPED,,EPIGRAL
2019-12-27,2020-01-16,PREVIOUS_UNMAPPED,,CIEINDIA
2019-12-27,2020-01-16,PREVIOUS_UNMAPPED,,LTF
2019-12-27,2020-01-16,PREVIOUS_UNMAPPED,,TMPV
2019-12-27,2020-01-16,PREVIOUS_UNMAPPED,,JSWDULUX
2019-12-27,2020-01-16,PREVIOUS_UNMAPPED,,UNITDSPR
2019-12-27,2020-01-16,PREVIOUS_UNMAPPED,,ABREL
2019-12-27,2020-01-16,PREVIOUS_UNMAPPED,,SWANCORP
2019-12-27,2020-01-16,PREVIOUS_UNMAPPED,,WELSPUNLIV
2019-12-27,2020-01-16,PREVIOUS_UNMAPPED,,ADANIENSOL
2019-12-27,2020-01-16,PREVIOUS_UNMAPPED,,ARE&M
2019-12-27,2020-01-16,PREVIOUS_UNMAPPED,,AEGISLOG
2019-12-27,2020-01-16,PREVIOUS_UNMAPPED,,KPIL
2019-12-27,2020-01-16,PREVIOUS_UNMAPPED,,GVT&D
2019-12-27,2020-01-16,PREVIOUS_UNMAPPED,,COHANCE
2019-12-27,2020-01-16,PREVIOUS_UNMAPPED,,HBLENGINE
2019-12-27,2020-01-16,PREVIOUS_UNMAPPED,,SAMMAANCAP
2020-01-16,2020-03-19,OFFICIAL_ONLY,NSE_092A1C3253B4,TATAMOTORS
2020-01-16,2020-03-19,OFFICIAL_ONLY,NSE_2216670637F8,WELSPUNIND
2020-01-16,2020-03-19,OFFICIAL_ONLY,NSE_22A49E238B39,GMRINFRA
2020-01-16,2020-03-19,OFFICIAL_ONLY,NSE_5813C47C6758,HEXAWARE
2020-01-16,2020-03-19,OFFICIAL_ONLY,NSE_7451BDA5B83F,AEGISCHEM
2020-01-16,2020-03-19,OFFICIAL_ONLY,NSE_7BD208D47A49,MCDOWELL-N
2020-01-16,2020-03-19,OFFICIAL_ONLY,NSE_7E9F9084BD7D,JUBLPHARMA
2020-01-16,2020-03-19,OFFICIAL_ONLY,NSE_85A771F24921,JCHAC
2020-01-16,2020-03-19,OFFICIAL_ONLY,NSE_8B1A9BBDE5E6,PRSMJOHNSN
2020-01-16,2020-03-19,OFFICIAL_ONLY,NSE_961E02880D58,ADANIPOWER
2020-01-16,2020-03-19,OFFICIAL_ONLY,NSE_9E788BED7AEF,KALPATPOWR
2020-01-16,2020-03-19,OFFICIAL_ONLY,NSE_A3D7B6571FE8,ADANITRANS
2020-01-16,2020-03-19,OFFICIAL_ONLY,NSE_B3E526664FC0,AMARAJABAT
2020-01-16,2020-03-19,OFFICIAL_ONLY,NSE_B61709A06339,LTIM
2020-01-16,2020-03-19,OFFICIAL_ONLY,NSE_D3148EEB7BF0,IBULHSGFIN
2020-01-16,2020-03-19,OFFICIAL_ONLY,NSE_D8A31493DD0A,TATAMTRDVR
2020-01-16,2020-03-19,OFFICIAL_ONLY,NSE_F111BB4114FB,FCONSUMER
2020-01-16,2020-03-19,OFFICIAL_ONLY,NSE_F5B77D59A62C,L&TFH
2020-01-16,2020-03-19,OFFICIAL_ONLY,NSE_F7FF721279AE,PVR
2020-01-16,2020-03-19,OFFICIAL_ONLY,NSE_FF6FC74E85C1,MINDTREE
2020-01-16,2020-03-19,PREVIOUS_ONLY,NSE_232F7BA109E4,ANGELONE
2020-01-16,2020-03-19,PREVIOUS_ONLY,NSE_D40F53D9B283,360ONE
2020-01-16,2020-03-19,PREVIOUS_ONLY,NSE_F210221D2F17,HUHTAMAKI
2020-01-16,2020-03-19,PREVIOUS_UNMAPPED,,SHTV
2020-01-16,2020-03-19,PREVIOUS_UNMAPPED,,SGPC
2020-01-16,2020-03-19,PREVIOUS_UNMAPPED,,GMRAIRPORT
2020-01-16,2020-03-19,PREVIOUS_UNMAPPED,,EPIGRAL
2020-01-16,2020-03-19,PREVIOUS_UNMAPPED,,CIEINDIA
2020-01-16,2020-03-19,PREVIOUS_UNMAPPED,,LTF
2020-01-16,2020-03-19,PREVIOUS_UNMAPPED,,TMPV
2020-01-16,2020-03-19,PREVIOUS_UNMAPPED,,JSWDULUX
2020-01-16,2020-03-19,PREVIOUS_UNMAPPED,,UNITDSPR
2020-01-16,2020-03-19,PREVIOUS_UNMAPPED,,ABREL
2020-01-16,2020-03-19,PREVIOUS_UNMAPPED,,SWANCORP
2020-01-16,2020-03-19,PREVIOUS_UNMAPPED,,WELSPUNLIV
2020-01-16,2020-03-19,PREVIOUS_UNMAPPED,,ADANIENSOL
2020-01-16,2020-03-19,PREVIOUS_UNMAPPED,,ARE&M
2020-01-16,2020-03-19,PREVIOUS_UNMAPPED,,AEGISLOG
2020-01-16,2020-03-19,PREVIOUS_UNMAPPED,,KPIL
2020-01-16,2020-03-19,PREVIOUS_UNMAPPED,,GVT&D
2020-01-16,2020-03-19,PREVIOUS_UNMAPPED,,COHANCE
2020-01-16,2020-03-19,PREVIOUS_UNMAPPED,,HBLENGINE
2020-01-16,2020-03-19,PREVIOUS_UNMAPPED,,SAMMAANCAP
2020-03-19,2020-03-27,OFFICIAL_ONLY,NSE_092A1C3253B4,TATAMOTORS
2020-03-19,2020-03-27,OFFICIAL_ONLY,NSE_2216670637F8,WELSPUNIND
2020-03-19,2020-03-27,OFFICIAL_ONLY,NSE_22A49E238B39,GMRINFRA
2020-03-19,2020-03-27,OFFICIAL_ONLY,NSE_5813C47C6758,HEXAWARE
2020-03-19,2020-03-27,OFFICIAL_ONLY,NSE_7451BDA5B83F,AEGISCHEM
2020-03-19,2020-03-27,OFFICIAL_ONLY,NSE_7BD208D47A49,MCDOWELL-N
2020-03-19,2020-03-27,OFFICIAL_ONLY,NSE_7E9F9084BD7D,JUBLPHARMA
2020-03-19,2020-03-27,OFFICIAL_ONLY,NSE_85A771F24921,JCHAC
2020-03-19,2020-03-27,OFFICIAL_ONLY,NSE_8B1A9BBDE5E6,PRSMJOHNSN
2020-03-19,2020-03-27,OFFICIAL_ONLY,NSE_961E02880D58,ADANIPOWER
2020-03-19,2020-03-27,OFFICIAL_ONLY,NSE_9E788BED7AEF,KALPATPOWR
2020-03-19,2020-03-27,OFFICIAL_ONLY,NSE_A3D7B6571FE8,ADANITRANS
2020-03-19,2020-03-27,OFFICIAL_ONLY,NSE_B3E526664FC0,AMARAJABAT
2020-03-19,2020-03-27,OFFICIAL_ONLY,NSE_B61709A06339,LTIM
2020-03-19,2020-03-27,OFFICIAL_ONLY,NSE_D3148EEB7BF0,IBULHSGFIN
2020-03-19,2020-03-27,OFFICIAL_ONLY,NSE_D5D3F5346E0E,SWSOLAR
2020-03-19,2020-03-27,OFFICIAL_ONLY,NSE_D8A31493DD0A,TATAMTRDVR
2020-03-19,2020-03-27,OFFICIAL_ONLY,NSE_F111BB4114FB,FCONSUMER
2020-03-19,2020-03-27,OFFICIAL_ONLY,NSE_F5B77D59A62C,L&TFH
2020-03-19,2020-03-27,OFFICIAL_ONLY,NSE_F7FF721279AE,PVR
2020-03-19,2020-03-27,OFFICIAL_ONLY,NSE_FF6FC74E85C1,MINDTREE
2020-03-19,2020-03-27,PREVIOUS_ONLY,NSE_232F7BA109E4,ANGELONE
2020-03-19,2020-03-27,PREVIOUS_ONLY,NSE_D40F53D9B283,360ONE
2020-03-19,2020-03-27,PREVIOUS_ONLY,NSE_F210221D2F17,HUHTAMAKI
2020-03-19,2020-03-27,PREVIOUS_UNMAPPED,,SHTV
2020-03-19,2020-03-27,PREVIOUS_UNMAPPED,,SGPC
2020-03-19,2020-03-27,PREVIOUS_UNMAPPED,,GMRAIRPORT
2020-03-19,2020-03-27,PREVIOUS_UNMAPPED,,EPIGRAL
2020-03-19,2020-03-27,PREVIOUS_UNMAPPED,,CIEINDIA
2020-03-19,2020-03-27,PREVIOUS_UNMAPPED,,LTF
2020-03-19,2020-03-27,PREVIOUS_UNMAPPED,,TMPV
2020-03-19,2020-03-27,PREVIOUS_UNMAPPED,,JSWDULUX
2020-03-19,2020-03-27,PREVIOUS_UNMAPPED,,UNITDSPR
2020-03-19,2020-03-27,PREVIOUS_UNMAPPED,,ABREL
2020-03-19,2020-03-27,PREVIOUS_UNMAPPED,,SWANCORP
2020-03-19,2020-03-27,PREVIOUS_UNMAPPED,,WELSPUNLIV
2020-03-19,2020-03-27,PREVIOUS_UNMAPPED,,ADANIENSOL
2020-03-19,2020-03-27,PREVIOUS_UNMAPPED,,ARE&M
2020-03-19,2020-03-27,PREVIOUS_UNMAPPED,,AEGISLOG
2020-03-19,2020-03-27,PREVIOUS_UNMAPPED,,KPIL
2020-03-19,2020-03-27,PREVIOUS_UNMAPPED,,GVT&D
2020-03-19,2020-03-27,PREVIOUS_UNMAPPED,,COHANCE
2020-03-19,2020-03-27,PREVIOUS_UNMAPPED,,HBLENGINE
2020-03-19,2020-03-27,PREVIOUS_UNMAPPED,,SAMMAANCAP
2020-03-27,2020-03-31,OFFICIAL_ONLY,NSE_092A1C3253B4,TATAMOTORS
2020-03-27,2020-03-31,OFFICIAL_ONLY,NSE_2216670637F8,WELSPUNIND
2020-03-27,2020-03-31,OFFICIAL_ONLY,NSE_22A49E238B39,GMRINFRA
2020-03-27,2020-03-31,OFFICIAL_ONLY,NSE_5813C47C6758,HEXAWARE
2020-03-27,2020-03-31,OFFICIAL_ONLY,NSE_7451BDA5B83F,AEGISCHEM
2020-03-27,2020-03-31,OFFICIAL_ONLY,NSE_7BD208D47A49,MCDOWELL-N
2020-03-27,2020-03-31,OFFICIAL_ONLY,NSE_7E9F9084BD7D,JUBLPHARMA
2020-03-27,2020-03-31,OFFICIAL_ONLY,NSE_85A771F24921,JCHAC
2020-03-27,2020-03-31,OFFICIAL_ONLY,NSE_8B1A9BBDE5E6,PRSMJOHNSN
2020-03-27,2020-03-31,OFFICIAL_ONLY,NSE_961E02880D58,ADANIPOWER
2020-03-27,2020-03-31,OFFICIAL_ONLY,NSE_9E788BED7AEF,KALPATPOWR
2020-03-27,2020-03-31,OFFICIAL_ONLY,NSE_A3D7B6571FE8,ADANITRANS
2020-03-27,2020-03-31,OFFICIAL_ONLY,NSE_B3E526664FC0,AMARAJABAT
2020-03-27,2020-03-31,OFFICIAL_ONLY,NSE_B61709A06339,LTIM
2020-03-27,2020-03-31,OFFICIAL_ONLY,NSE_D3148EEB7BF0,IBULHSGFIN
2020-03-27,2020-03-31,OFFICIAL_ONLY,NSE_D8A31493DD0A,TATAMTRDVR
2020-03-27,2020-03-31,OFFICIAL_ONLY,NSE_F111BB4114FB,FCONSUMER
2020-03-27,2020-03-31,OFFICIAL_ONLY,NSE_F5B77D59A62C,L&TFH
2020-03-27,2020-03-31,OFFICIAL_ONLY,NSE_F7FF721279AE,PVR
2020-03-27,2020-03-31,OFFICIAL_ONLY,NSE_FF6FC74E85C1,MINDTREE
2020-03-27,2020-03-31,PREVIOUS_ONLY,NSE_0A30EF627DE9,FSC
2020-03-27,2020-03-31,PREVIOUS_ONLY,NSE_232F7BA109E4,ANGELONE
2020-03-27,2020-03-31,PREVIOUS_ONLY,NSE_D40F53D9B283,360ONE
2020-03-27,2020-03-31,PREVIOUS_ONLY,NSE_F210221D2F17,HUHTAMAKI
2020-03-27,2020-03-31,PREVIOUS_UNMAPPED,,SHTV
2020-03-27,2020-03-31,PREVIOUS_UNMAPPED,,SGPC
2020-03-27,2020-03-31,PREVIOUS_UNMAPPED,,GMRAIRPORT
2020-03-27,2020-03-31,PREVIOUS_UNMAPPED,,EPIGRAL
2020-03-27,2020-03-31,PREVIOUS_UNMAPPED,,CIEINDIA
2020-03-27,2020-03-31,PREVIOUS_UNMAPPED,,LTF
2020-03-27,2020-03-31,PREVIOUS_UNMAPPED,,TMPV
2020-03-27,2020-03-31,PREVIOUS_UNMAPPED,,JSWDULUX
2020-03-27,2020-03-31,PREVIOUS_UNMAPPED,,UNITDSPR
2020-03-27,2020-03-31,PREVIOUS_UNMAPPED,,ABREL
2020-03-27,2020-03-31,PREVIOUS_UNMAPPED,,SWANCORP
2020-03-27,2020-03-31,PREVIOUS_UNMAPPED,,WELSPUNLIV
2020-03-27,2020-03-31,PREVIOUS_UNMAPPED,,ADANIENSOL
2020-03-27,2020-03-31,PREVIOUS_UNMAPPED,,ARE&M
2020-03-27,2020-03-31,PREVIOUS_UNMAPPED,,AEGISLOG
2020-03-27,2020-03-31,PREVIOUS_UNMAPPED,,KPIL
2020-03-27,2020-03-31,PREVIOUS_UNMAPPED,,GVT&D
2020-03-27,2020-03-31,PREVIOUS_UNMAPPED,,COHANCE
2020-03-27,2020-03-31,PREVIOUS_UNMAPPED,,HBLENGINE
2020-03-27,2020-03-31,PREVIOUS_UNMAPPED,,SAMMAANCAP
2020-03-31,2020-06-26,OFFICIAL_ONLY,NSE_092A1C3253B4,TATAMOTORS
2020-03-31,2020-06-26,OFFICIAL_ONLY,NSE_2216670637F8,WELSPUNIND
2020-03-31,2020-06-26,OFFICIAL_ONLY,NSE_22A49E238B39,GMRINFRA
2020-03-31,2020-06-26,OFFICIAL_ONLY,NSE_5813C47C6758,HEXAWARE
2020-03-31,2020-06-26,OFFICIAL_ONLY,NSE_7451BDA5B83F,AEGISCHEM
2020-03-31,2020-06-26,OFFICIAL_ONLY,NSE_7BD208D47A49,MCDOWELL-N
2020-03-31,2020-06-26,OFFICIAL_ONLY,NSE_7E9F9084BD7D,JUBLPHARMA
2020-03-31,2020-06-26,OFFICIAL_ONLY,NSE_85A771F24921,JCHAC
2020-03-31,2020-06-26,OFFICIAL_ONLY,NSE_8B1A9BBDE5E6,PRSMJOHNSN
2020-03-31,2020-06-26,OFFICIAL_ONLY,NSE_961E02880D58,ADANIPOWER
2020-03-31,2020-06-26,OFFICIAL_ONLY,NSE_9E788BED7AEF,KALPATPOWR
2020-03-31,2020-06-26,OFFICIAL_ONLY,NSE_A3D7B6571FE8,ADANITRANS
2020-03-31,2020-06-26,OFFICIAL_ONLY,NSE_B3E526664FC0,AMARAJABAT
2020-03-31,2020-06-26,OFFICIAL_ONLY,NSE_B61709A06339,LTIM
2020-03-31,2020-06-26,OFFICIAL_ONLY,NSE_D3148EEB7BF0,IBULHSGFIN
2020-03-31,2020-06-26,OFFICIAL_ONLY,NSE_D8A31493DD0A,TATAMTRDVR
2020-03-31,2020-06-26,OFFICIAL_ONLY,NSE_F111BB4114FB,FCONSUMER
2020-03-31,2020-06-26,OFFICIAL_ONLY,NSE_F5B77D59A62C,L&TFH
2020-03-31,2020-06-26,OFFICIAL_ONLY,NSE_F7FF721279AE,PVR
2020-03-31,2020-06-26,OFFICIAL_ONLY,NSE_FF6FC74E85C1,MINDTREE
2020-03-31,2020-06-26,PREVIOUS_ONLY,NSE_232F7BA109E4,ANGELONE
2020-03-31,2020-06-26,PREVIOUS_ONLY,NSE_D40F53D9B283,360ONE
2020-03-31,2020-06-26,PREVIOUS_ONLY,NSE_F210221D2F17,HUHTAMAKI
2020-03-31,2020-06-26,PREVIOUS_UNMAPPED,,SHTV
2020-03-31,2020-06-26,PREVIOUS_UNMAPPED,,SGPC
2020-03-31,2020-06-26,PREVIOUS_UNMAPPED,,GMRAIRPORT
2020-03-31,2020-06-26,PREVIOUS_UNMAPPED,,EPIGRAL
2020-03-31,2020-06-26,PREVIOUS_UNMAPPED,,CIEINDIA
2020-03-31,2020-06-26,PREVIOUS_UNMAPPED,,LTF
2020-03-31,2020-06-26,PREVIOUS_UNMAPPED,,TMPV
2020-03-31,2020-06-26,PREVIOUS_UNMAPPED,,JSWDULUX
2020-03-31,2020-06-26,PREVIOUS_UNMAPPED,,UNITDSPR
2020-03-31,2020-06-26,PREVIOUS_UNMAPPED,,ABREL
2020-03-31,2020-06-26,PREVIOUS_UNMAPPED,,SWANCORP
2020-03-31,2020-06-26,PREVIOUS_UNMAPPED,,WELSPUNLIV
2020-03-31,2020-06-26,PREVIOUS_UNMAPPED,,ADANIENSOL
2020-03-31,2020-06-26,PREVIOUS_UNMAPPED,,ARE&M
2020-03-31,2020-06-26,PREVIOUS_UNMAPPED,,AEGISLOG
2020-03-31,2020-06-26,PREVIOUS_UNMAPPED,,KPIL
2020-03-31,2020-06-26,PREVIOUS_UNMAPPED,,GVT&D
2020-03-31,2020-06-26,PREVIOUS_UNMAPPED,,COHANCE
2020-03-31,2020-06-26,PREVIOUS_UNMAPPED,,HBLENGINE
2020-03-31,2020-06-26,PREVIOUS_UNMAPPED,,SAMMAANCAP
2020-06-26,2020-07-31,OFFICIAL_ONLY,NSE_092A1C3253B4,TATAMOTORS
2020-06-26,2020-07-31,OFFICIAL_ONLY,NSE_2216670637F8,WELSPUNIND
2020-06-26,2020-07-31,OFFICIAL_ONLY,NSE_22A49E238B39,GMRINFRA
2020-06-26,2020-07-31,OFFICIAL_ONLY,NSE_5813C47C6758,HEXAWARE
2020-06-26,2020-07-31,OFFICIAL_ONLY,NSE_7451BDA5B83F,AEGISCHEM
2020-06-26,2020-07-31,OFFICIAL_ONLY,NSE_7BD208D47A49,MCDOWELL-N
2020-06-26,2020-07-31,OFFICIAL_ONLY,NSE_7E9F9084BD7D,JUBLPHARMA
2020-06-26,2020-07-31,OFFICIAL_ONLY,NSE_85A771F24921,JCHAC
2020-06-26,2020-07-31,OFFICIAL_ONLY,NSE_8B1A9BBDE5E6,PRSMJOHNSN
2020-06-26,2020-07-31,OFFICIAL_ONLY,NSE_961E02880D58,ADANIPOWER
2020-06-26,2020-07-31,OFFICIAL_ONLY,NSE_9E788BED7AEF,KALPATPOWR
2020-06-26,2020-07-31,OFFICIAL_ONLY,NSE_A3D7B6571FE8,ADANITRANS
2020-06-26,2020-07-31,OFFICIAL_ONLY,NSE_B3E526664FC0,AMARAJABAT
2020-06-26,2020-07-31,OFFICIAL_ONLY,NSE_B61709A06339,LTIM
2020-06-26,2020-07-31,OFFICIAL_ONLY,NSE_D3148EEB7BF0,IBULHSGFIN
2020-06-26,2020-07-31,OFFICIAL_ONLY,NSE_D8A31493DD0A,TATAMTRDVR
2020-06-26,2020-07-31,OFFICIAL_ONLY,NSE_F111BB4114FB,FCONSUMER
2020-06-26,2020-07-31,OFFICIAL_ONLY,NSE_F5B77D59A62C,L&TFH
2020-06-26,2020-07-31,OFFICIAL_ONLY,NSE_F7FF721279AE,PVR
2020-06-26,2020-07-31,OFFICIAL_ONLY,NSE_FF6FC74E85C1,MINDTREE
2020-06-26,2020-07-31,PREVIOUS_ONLY,NSE_232F7BA109E4,ANGELONE
2020-06-26,2020-07-31,PREVIOUS_ONLY,NSE_F210221D2F17,HUHTAMAKI
2020-06-26,2020-07-31,PREVIOUS_UNMAPPED,,SHTV
2020-06-26,2020-07-31,PREVIOUS_UNMAPPED,,SGPC
2020-06-26,2020-07-31,PREVIOUS_UNMAPPED,,GMRAIRPORT
2020-06-26,2020-07-31,PREVIOUS_UNMAPPED,,EPIGRAL
2020-06-26,2020-07-31,PREVIOUS_UNMAPPED,,CIEINDIA
2020-06-26,2020-07-31,PREVIOUS_UNMAPPED,,LTF
2020-06-26,2020-07-31,PREVIOUS_UNMAPPED,,TMPV
2020-06-26,2020-07-31,PREVIOUS_UNMAPPED,,JSWDULUX
2020-06-26,2020-07-31,PREVIOUS_UNMAPPED,,UNITDSPR
2020-06-26,2020-07-31,PREVIOUS_UNMAPPED,,ABREL
2020-06-26,2020-07-31,PREVIOUS_UNMAPPED,,SWANCORP
2020-06-26,2020-07-31,PREVIOUS_UNMAPPED,,WELSPUNLIV
2020-06-26,2020-07-31,PREVIOUS_UNMAPPED,,ADANIENSOL
2020-06-26,2020-07-31,PREVIOUS_UNMAPPED,,ARE&M
2020-06-26,2020-07-31,PREVIOUS_UNMAPPED,,AEGISLOG
2020-06-26,2020-07-31,PREVIOUS_UNMAPPED,,KPIL
2020-06-26,2020-07-31,PREVIOUS_UNMAPPED,,GVT&D
2020-06-26,2020-07-31,PREVIOUS_UNMAPPED,,COHANCE
2020-06-26,2020-07-31,PREVIOUS_UNMAPPED,,HBLENGINE
2020-06-26,2020-07-31,PREVIOUS_UNMAPPED,,SAMMAANCAP
2020-07-31,2020-09-14,OFFICIAL_ONLY,NSE_092A1C3253B4,TATAMOTORS
2020-07-31,2020-09-14,OFFICIAL_ONLY,NSE_2216670637F8,WELSPUNIND
2020-07-31,2020-09-14,OFFICIAL_ONLY,NSE_22A49E238B39,GMRINFRA
2020-07-31,2020-09-14,OFFICIAL_ONLY,NSE_5813C47C6758,HEXAWARE
2020-07-31,2020-09-14,OFFICIAL_ONLY,NSE_7451BDA5B83F,AEGISCHEM
2020-07-31,2020-09-14,OFFICIAL_ONLY,NSE_7BD208D47A49,MCDOWELL-N
2020-07-31,2020-09-14,OFFICIAL_ONLY,NSE_7E9F9084BD7D,JUBLPHARMA
2020-07-31,2020-09-14,OFFICIAL_ONLY,NSE_85A771F24921,JCHAC
2020-07-31,2020-09-14,OFFICIAL_ONLY,NSE_8B1A9BBDE5E6,PRSMJOHNSN
2020-07-31,2020-09-14,OFFICIAL_ONLY,NSE_961E02880D58,ADANIPOWER
2020-07-31,2020-09-14,OFFICIAL_ONLY,NSE_9E788BED7AEF,KALPATPOWR
2020-07-31,2020-09-14,OFFICIAL_ONLY,NSE_A3D7B6571FE8,ADANITRANS
2020-07-31,2020-09-14,OFFICIAL_ONLY,NSE_B3E526664FC0,AMARAJABAT
2020-07-31,2020-09-14,OFFICIAL_ONLY,NSE_B61709A06339,LTIM
2020-07-31,2020-09-14,OFFICIAL_ONLY,NSE_D3148EEB7BF0,IBULHSGFIN
2020-07-31,2020-09-14,OFFICIAL_ONLY,NSE_D8A31493DD0A,TATAMTRDVR
2020-07-31,2020-09-14,OFFICIAL_ONLY,NSE_F111BB4114FB,FCONSUMER
2020-07-31,2020-09-14,OFFICIAL_ONLY,NSE_F5B77D59A62C,L&TFH
2020-07-31,2020-09-14,OFFICIAL_ONLY,NSE_F7FF721279AE,PVR
2020-07-31,2020-09-14,OFFICIAL_ONLY,NSE_FF6FC74E85C1,MINDTREE
2020-07-31,2020-09-14,PREVIOUS_ONLY,NSE_232F7BA109E4,ANGELONE
2020-07-31,2020-09-14,PREVIOUS_ONLY,NSE_F210221D2F17,HUHTAMAKI
2020-07-31,2020-09-14,PREVIOUS_UNMAPPED,,SHTV
2020-07-31,2020-09-14,PREVIOUS_UNMAPPED,,SGPC
2020-07-31,2020-09-14,PREVIOUS_UNMAPPED,,GMRAIRPORT
2020-07-31,2020-09-14,PREVIOUS_UNMAPPED,,EPIGRAL
2020-07-31,2020-09-14,PREVIOUS_UNMAPPED,,CIEINDIA
2020-07-31,2020-09-14,PREVIOUS_UNMAPPED,,LTF
2020-07-31,2020-09-14,PREVIOUS_UNMAPPED,,TMPV
2020-07-31,2020-09-14,PREVIOUS_UNMAPPED,,JSWDULUX
2020-07-31,2020-09-14,PREVIOUS_UNMAPPED,,UNITDSPR
2020-07-31,2020-09-14,PREVIOUS_UNMAPPED,,ABREL
2020-07-31,2020-09-14,PREVIOUS_UNMAPPED,,SWANCORP
2020-07-31,2020-09-14,PREVIOUS_UNMAPPED,,WELSPUNLIV
2020-07-31,2020-09-14,PREVIOUS_UNMAPPED,,ADANIENSOL
2020-07-31,2020-09-14,PREVIOUS_UNMAPPED,,ARE&M
2020-07-31,2020-09-14,PREVIOUS_UNMAPPED,,AEGISLOG
2020-07-31,2020-09-14,PREVIOUS_UNMAPPED,,KPIL
2020-07-31,2020-09-14,PREVIOUS_UNMAPPED,,GVT&D
2020-07-31,2020-09-14,PREVIOUS_UNMAPPED,,COHANCE
2020-07-31,2020-09-14,PREVIOUS_UNMAPPED,,HBLENGINE
2020-07-31,2020-09-14,PREVIOUS_UNMAPPED,,SAMMAANCAP
2020-09-14,2020-09-25,OFFICIAL_ONLY,NSE_092A1C3253B4,TATAMOTORS
2020-09-14,2020-09-25,OFFICIAL_ONLY,NSE_2216670637F8,WELSPUNIND
2020-09-14,2020-09-25,OFFICIAL_ONLY,NSE_22A49E238B39,GMRINFRA
2020-09-14,2020-09-25,OFFICIAL_ONLY,NSE_2EAE81E9FD97,REPCOHOME
2020-09-14,2020-09-25,OFFICIAL_ONLY,NSE_5813C47C6758,HEXAWARE
2020-09-14,2020-09-25,OFFICIAL_ONLY,NSE_6BCEC6E04CC0,KPITTECH
2020-09-14,2020-09-25,OFFICIAL_ONLY,NSE_7451BDA5B83F,AEGISCHEM
2020-09-14,2020-09-25,OFFICIAL_ONLY,NSE_7BD208D47A49,MCDOWELL-N
2020-09-14,2020-09-25,OFFICIAL_ONLY,NSE_7E9F9084BD7D,JUBLPHARMA
2020-09-14,2020-09-25,OFFICIAL_ONLY,NSE_806A916D3197,ARVINDFASN
2020-09-14,2020-09-25,OFFICIAL_ONLY,NSE_85A771F24921,JCHAC
2020-09-14,2020-09-25,OFFICIAL_ONLY,NSE_8B1A9BBDE5E6,PRSMJOHNSN
2020-09-14,2020-09-25,OFFICIAL_ONLY,NSE_961E02880D58,ADANIPOWER
2020-09-14,2020-09-25,OFFICIAL_ONLY,NSE_9E788BED7AEF,KALPATPOWR
2020-09-14,2020-09-25,OFFICIAL_ONLY,NSE_A3D7B6571FE8,ADANITRANS
2020-09-14,2020-09-25,OFFICIAL_ONLY,NSE_B3E526664FC0,AMARAJABAT
2020-09-14,2020-09-25,OFFICIAL_ONLY,NSE_B61709A06339,LTIM
2020-09-14,2020-09-25,OFFICIAL_ONLY,NSE_D3148EEB7BF0,IBULHSGFIN
2020-09-14,2020-09-25,OFFICIAL_ONLY,NSE_D8A31493DD0A,TATAMTRDVR
2020-09-14,2020-09-25,OFFICIAL_ONLY,NSE_EFA321C47A4C,SPANDANA
2020-09-14,2020-09-25,OFFICIAL_ONLY,NSE_F111BB4114FB,FCONSUMER
2020-09-14,2020-09-25,OFFICIAL_ONLY,NSE_F5B77D59A62C,L&TFH
2020-09-14,2020-09-25,OFFICIAL_ONLY,NSE_F7FF721279AE,PVR
2020-09-14,2020-09-25,OFFICIAL_ONLY,NSE_FF6FC74E85C1,MINDTREE
2020-09-14,2020-09-25,PREVIOUS_ONLY,NSE_13CDBE86B707,TATACOFFEE
2020-09-14,2020-09-25,PREVIOUS_ONLY,NSE_232F7BA109E4,ANGELONE
2020-09-14,2020-09-25,PREVIOUS_ONLY,NSE_6868DC7450A6,PSPPROJECT
2020-09-14,2020-09-25,PREVIOUS_ONLY,NSE_7A24E610012A,SWARAJENG
2020-09-14,2020-09-25,PREVIOUS_ONLY,NSE_B02D9BEB0D0A,NOCIL
2020-09-14,2020-09-25,PREVIOUS_ONLY,NSE_F210221D2F17,HUHTAMAKI
2020-09-14,2020-09-25,PREVIOUS_UNMAPPED,,SHTV
2020-09-14,2020-09-25,PREVIOUS_UNMAPPED,,SGPC
2020-09-14,2020-09-25,PREVIOUS_UNMAPPED,,GMRAIRPORT
2020-09-14,2020-09-25,PREVIOUS_UNMAPPED,,EPIGRAL
2020-09-14,2020-09-25,PREVIOUS_UNMAPPED,,CIEINDIA
2020-09-14,2020-09-25,PREVIOUS_UNMAPPED,,LTF
2020-09-14,2020-09-25,PREVIOUS_UNMAPPED,,TMPV
2020-09-14,2020-09-25,PREVIOUS_UNMAPPED,,JSWDULUX
2020-09-14,2020-09-25,PREVIOUS_UNMAPPED,,UNITDSPR
2020-09-14,2020-09-25,PREVIOUS_UNMAPPED,,ABREL
2020-09-14,2020-09-25,PREVIOUS_UNMAPPED,,SWANCORP
2020-09-14,2020-09-25,PREVIOUS_UNMAPPED,,WELSPUNLIV
2020-09-14,2020-09-25,PREVIOUS_UNMAPPED,,ADANIENSOL
2020-09-14,2020-09-25,PREVIOUS_UNMAPPED,,ARE&M
2020-09-14,2020-09-25,PREVIOUS_UNMAPPED,,AEGISLOG
2020-09-14,2020-09-25,PREVIOUS_UNMAPPED,,KPIL
2020-09-14,2020-09-25,PREVIOUS_UNMAPPED,,GVT&D
2020-09-14,2020-09-25,PREVIOUS_UNMAPPED,,COHANCE
2020-09-14,2020-09-25,PREVIOUS_UNMAPPED,,HBLENGINE
2020-09-14,2020-09-25,PREVIOUS_UNMAPPED,,SAMMAANCAP
2020-09-25,2020-09-30,OFFICIAL_ONLY,NSE_092A1C3253B4,TATAMOTORS
2020-09-25,2020-09-30,OFFICIAL_ONLY,NSE_2216670637F8,WELSPUNIND
2020-09-25,2020-09-30,OFFICIAL_ONLY,NSE_22A49E238B39,GMRINFRA
2020-09-25,2020-09-30,OFFICIAL_ONLY,NSE_7451BDA5B83F,AEGISCHEM
2020-09-25,2020-09-30,OFFICIAL_ONLY,NSE_7BD208D47A49,MCDOWELL-N
2020-09-25,2020-09-30,OFFICIAL_ONLY,NSE_85A771F24921,JCHAC
2020-09-25,2020-09-30,OFFICIAL_ONLY,NSE_8B1A9BBDE5E6,PRSMJOHNSN
2020-09-25,2020-09-30,OFFICIAL_ONLY,NSE_9E788BED7AEF,KALPATPOWR
2020-09-25,2020-09-30,OFFICIAL_ONLY,NSE_A3D7B6571FE8,ADANITRANS
2020-09-25,2020-09-30,OFFICIAL_ONLY,NSE_B3E526664FC0,AMARAJABAT
2020-09-25,2020-09-30,OFFICIAL_ONLY,NSE_B61709A06339,LTIM
2020-09-25,2020-09-30,OFFICIAL_ONLY,NSE_D3148EEB7BF0,IBULHSGFIN
2020-09-25,2020-09-30,OFFICIAL_ONLY,NSE_D8A31493DD0A,TATAMTRDVR
2020-09-25,2020-09-30,OFFICIAL_ONLY,NSE_F111BB4114FB,FCONSUMER
2020-09-25,2020-09-30,OFFICIAL_ONLY,NSE_F5B77D59A62C,L&TFH
2020-09-25,2020-09-30,OFFICIAL_ONLY,NSE_F7FF721279AE,PVR
2020-09-25,2020-09-30,OFFICIAL_ONLY,NSE_FF6FC74E85C1,MINDTREE
2020-09-25,2020-09-30,PREVIOUS_ONLY,NSE_232F7BA109E4,ANGELONE
2020-09-25,2020-09-30,PREVIOUS_UNMAPPED,,SHTV
2020-09-25,2020-09-30,PREVIOUS_UNMAPPED,,SGPC
2020-09-25,2020-09-30,PREVIOUS_UNMAPPED,,GMRAIRPORT
2020-09-25,2020-09-30,PREVIOUS_UNMAPPED,,EPIGRAL
2020-09-25,2020-09-30,PREVIOUS_UNMAPPED,,CIEINDIA
2020-09-25,2020-09-30,PREVIOUS_UNMAPPED,,LTF
2020-09-25,2020-09-30,PREVIOUS_UNMAPPED,,TMPV
2020-09-25,2020-09-30,PREVIOUS_UNMAPPED,,JSWDULUX
2020-09-25,2020-09-30,PREVIOUS_UNMAPPED,,UNITDSPR
2020-09-25,2020-09-30,PREVIOUS_UNMAPPED,,ABREL
2020-09-25,2020-09-30,PREVIOUS_UNMAPPED,,SWANCORP
2020-09-25,2020-09-30,PREVIOUS_UNMAPPED,,WELSPUNLIV
2020-09-25,2020-09-30,PREVIOUS_UNMAPPED,,ADANIENSOL
2020-09-25,2020-09-30,PREVIOUS_UNMAPPED,,ARE&M
2020-09-25,2020-09-30,PREVIOUS_UNMAPPED,,AEGISLOG
2020-09-25,2020-09-30,PREVIOUS_UNMAPPED,,KPIL
2020-09-25,2020-09-30,PREVIOUS_UNMAPPED,,GVT&D
2020-09-25,2020-09-30,PREVIOUS_UNMAPPED,,COHANCE
2020-09-25,2020-09-30,PREVIOUS_UNMAPPED,,HBLENGINE
2020-09-25,2020-09-30,PREVIOUS_UNMAPPED,,SAMMAANCAP
2020-09-30,2020-11-02,OFFICIAL_ONLY,NSE_092A1C3253B4,TATAMOTORS
2020-09-30,2020-11-02,OFFICIAL_ONLY,NSE_13CDBE86B707,TATACOFFEE
2020-09-30,2020-11-02,OFFICIAL_ONLY,NSE_2216670637F8,WELSPUNIND
2020-09-30,2020-11-02,OFFICIAL_ONLY,NSE_22A49E238B39,GMRINFRA
2020-09-30,2020-11-02,OFFICIAL_ONLY,NSE_7451BDA5B83F,AEGISCHEM
2020-09-30,2020-11-02,OFFICIAL_ONLY,NSE_7BD208D47A49,MCDOWELL-N
2020-09-30,2020-11-02,OFFICIAL_ONLY,NSE_85A771F24921,JCHAC
2020-09-30,2020-11-02,OFFICIAL_ONLY,NSE_8B1A9BBDE5E6,PRSMJOHNSN
2020-09-30,2020-11-02,OFFICIAL_ONLY,NSE_9E788BED7AEF,KALPATPOWR
2020-09-30,2020-11-02,OFFICIAL_ONLY,NSE_A3D7B6571FE8,ADANITRANS
2020-09-30,2020-11-02,OFFICIAL_ONLY,NSE_B3E526664FC0,AMARAJABAT
2020-09-30,2020-11-02,OFFICIAL_ONLY,NSE_B61709A06339,LTIM
2020-09-30,2020-11-02,OFFICIAL_ONLY,NSE_BDD195E0616C,SUVENPHAR
2020-09-30,2020-11-02,OFFICIAL_ONLY,NSE_D3148EEB7BF0,IBULHSGFIN
2020-09-30,2020-11-02,OFFICIAL_ONLY,NSE_D8A31493DD0A,TATAMTRDVR
2020-09-30,2020-11-02,OFFICIAL_ONLY,NSE_F0AC6C0DF830,CENTURYTEX
2020-09-30,2020-11-02,OFFICIAL_ONLY,NSE_F111BB4114FB,FCONSUMER
2020-09-30,2020-11-02,OFFICIAL_ONLY,NSE_F5B77D59A62C,L&TFH
2020-09-30,2020-11-02,OFFICIAL_ONLY,NSE_F7FF721279AE,PVR
2020-09-30,2020-11-02,OFFICIAL_ONLY,NSE_FF6FC74E85C1,MINDTREE
2020-09-30,2020-11-02,PREVIOUS_ONLY,NSE_232F7BA109E4,ANGELONE
2020-09-30,2020-11-02,PREVIOUS_UNMAPPED,,SHTV
2020-09-30,2020-11-02,PREVIOUS_UNMAPPED,,SGPC
2020-09-30,2020-11-02,PREVIOUS_UNMAPPED,,GMRAIRPORT
2020-09-30,2020-11-02,PREVIOUS_UNMAPPED,,EPIGRAL
2020-09-30,2020-11-02,PREVIOUS_UNMAPPED,,CIEINDIA
2020-09-30,2020-11-02,PREVIOUS_UNMAPPED,,LTF
2020-09-30,2020-11-02,PREVIOUS_UNMAPPED,,TMPV
2020-09-30,2020-11-02,PREVIOUS_UNMAPPED,,JSWDULUX
2020-09-30,2020-11-02,PREVIOUS_UNMAPPED,,UNITDSPR
2020-09-30,2020-11-02,PREVIOUS_UNMAPPED,,ABREL
2020-09-30,2020-11-02,PREVIOUS_UNMAPPED,,SWANCORP
2020-09-30,2020-11-02,PREVIOUS_UNMAPPED,,WELSPUNLIV
2020-09-30,2020-11-02,PREVIOUS_UNMAPPED,,ADANIENSOL
2020-09-30,2020-11-02,PREVIOUS_UNMAPPED,,ARE&M
2020-09-30,2020-11-02,PREVIOUS_UNMAPPED,,AEGISLOG
2020-09-30,2020-11-02,PREVIOUS_UNMAPPED,,KPIL
2020-09-30,2020-11-02,PREVIOUS_UNMAPPED,,GVT&D
2020-09-30,2020-11-02,PREVIOUS_UNMAPPED,,COHANCE
2020-09-30,2020-11-02,PREVIOUS_UNMAPPED,,HBLENGINE
2020-09-30,2020-11-02,PREVIOUS_UNMAPPED,,SAMMAANCAP
2020-11-02,2020-11-25,OFFICIAL_ONLY,NSE_092A1C3253B4,TATAMOTORS
2020-11-02,2020-11-25,OFFICIAL_ONLY,NSE_13CDBE86B707,TATACOFFEE
2020-11-02,2020-11-25,OFFICIAL_ONLY,NSE_2216670637F8,WELSPUNIND
2020-11-02,2020-11-25,OFFICIAL_ONLY,NSE_22A49E238B39,GMRINFRA
2020-11-02,2020-11-25,OFFICIAL_ONLY,NSE_7451BDA5B83F,AEGISCHEM
2020-11-02,2020-11-25,OFFICIAL_ONLY,NSE_7BD208D47A49,MCDOWELL-N
2020-11-02,2020-11-25,OFFICIAL_ONLY,NSE_85A771F24921,JCHAC
2020-11-02,2020-11-25,OFFICIAL_ONLY,NSE_8B1A9BBDE5E6,PRSMJOHNSN
2020-11-02,2020-11-25,OFFICIAL_ONLY,NSE_9E788BED7AEF,KALPATPOWR
2020-11-02,2020-11-25,OFFICIAL_ONLY,NSE_A3D7B6571FE8,ADANITRANS
2020-11-02,2020-11-25,OFFICIAL_ONLY,NSE_B3E526664FC0,AMARAJABAT
2020-11-02,2020-11-25,OFFICIAL_ONLY,NSE_B61709A06339,LTIM
2020-11-02,2020-11-25,OFFICIAL_ONLY,NSE_BDD195E0616C,SUVENPHAR
2020-11-02,2020-11-25,OFFICIAL_ONLY,NSE_D3148EEB7BF0,IBULHSGFIN
2020-11-02,2020-11-25,OFFICIAL_ONLY,NSE_D8A31493DD0A,TATAMTRDVR
2020-11-02,2020-11-25,OFFICIAL_ONLY,NSE_F0AC6C0DF830,CENTURYTEX
2020-11-02,2020-11-25,OFFICIAL_ONLY,NSE_F111BB4114FB,FCONSUMER
2020-11-02,2020-11-25,OFFICIAL_ONLY,NSE_F5B77D59A62C,L&TFH
2020-11-02,2020-11-25,OFFICIAL_ONLY,NSE_F7FF721279AE,PVR
2020-11-02,2020-11-25,OFFICIAL_ONLY,NSE_FF6FC74E85C1,MINDTREE
2020-11-02,2020-11-25,PREVIOUS_ONLY,NSE_232F7BA109E4,ANGELONE
2020-11-02,2020-11-25,PREVIOUS_UNMAPPED,,SHTV
2020-11-02,2020-11-25,PREVIOUS_UNMAPPED,,SGPC
2020-11-02,2020-11-25,PREVIOUS_UNMAPPED,,GMRAIRPORT
2020-11-02,2020-11-25,PREVIOUS_UNMAPPED,,EPIGRAL
2020-11-02,2020-11-25,PREVIOUS_UNMAPPED,,CIEINDIA
2020-11-02,2020-11-25,PREVIOUS_UNMAPPED,,LTF
2020-11-02,2020-11-25,PREVIOUS_UNMAPPED,,TMPV
2020-11-02,2020-11-25,PREVIOUS_UNMAPPED,,JSWDULUX
2020-11-02,2020-11-25,PREVIOUS_UNMAPPED,,UNITDSPR
2020-11-02,2020-11-25,PREVIOUS_UNMAPPED,,ABREL
2020-11-02,2020-11-25,PREVIOUS_UNMAPPED,,SWANCORP
2020-11-02,2020-11-25,PREVIOUS_UNMAPPED,,WELSPUNLIV
2020-11-02,2020-11-25,PREVIOUS_UNMAPPED,,ADANIENSOL
2020-11-02,2020-11-25,PREVIOUS_UNMAPPED,,ARE&M
2020-11-02,2020-11-25,PREVIOUS_UNMAPPED,,AEGISLOG
2020-11-02,2020-11-25,PREVIOUS_UNMAPPED,,KPIL
2020-11-02,2020-11-25,PREVIOUS_UNMAPPED,,GVT&D
2020-11-02,2020-11-25,PREVIOUS_UNMAPPED,,COHANCE
2020-11-02,2020-11-25,PREVIOUS_UNMAPPED,,HBLENGINE
2020-11-02,2020-11-25,PREVIOUS_UNMAPPED,,SAMMAANCAP
2020-11-25,2021-03-31,OFFICIAL_ONLY,NSE_092A1C3253B4,TATAMOTORS
2020-11-25,2021-03-31,OFFICIAL_ONLY,NSE_13CDBE86B707,TATACOFFEE
2020-11-25,2021-03-31,OFFICIAL_ONLY,NSE_2216670637F8,WELSPUNIND
2020-11-25,2021-03-31,OFFICIAL_ONLY,NSE_22A49E238B39,GMRINFRA
2020-11-25,2021-03-31,OFFICIAL_ONLY,NSE_7451BDA5B83F,AEGISCHEM
2020-11-25,2021-03-31,OFFICIAL_ONLY,NSE_7BD208D47A49,MCDOWELL-N
2020-11-25,2021-03-31,OFFICIAL_ONLY,NSE_85A771F24921,JCHAC
2020-11-25,2021-03-31,OFFICIAL_ONLY,NSE_8B1A9BBDE5E6,PRSMJOHNSN
2020-11-25,2021-03-31,OFFICIAL_ONLY,NSE_9E788BED7AEF,KALPATPOWR
2020-11-25,2021-03-31,OFFICIAL_ONLY,NSE_A3D7B6571FE8,ADANITRANS
2020-11-25,2021-03-31,OFFICIAL_ONLY,NSE_B3E526664FC0,AMARAJABAT
2020-11-25,2021-03-31,OFFICIAL_ONLY,NSE_B61709A06339,LTIM
2020-11-25,2021-03-31,OFFICIAL_ONLY,NSE_BDD195E0616C,SUVENPHAR
2020-11-25,2021-03-31,OFFICIAL_ONLY,NSE_D3148EEB7BF0,IBULHSGFIN
2020-11-25,2021-03-31,OFFICIAL_ONLY,NSE_D8A31493DD0A,TATAMTRDVR
2020-11-25,2021-03-31,OFFICIAL_ONLY,NSE_F0AC6C0DF830,CENTURYTEX
2020-11-25,2021-03-31,OFFICIAL_ONLY,NSE_F111BB4114FB,FCONSUMER
2020-11-25,2021-03-31,OFFICIAL_ONLY,NSE_F5B77D59A62C,L&TFH
2020-11-25,2021-03-31,OFFICIAL_ONLY,NSE_F7FF721279AE,PVR
2020-11-25,2021-03-31,OFFICIAL_ONLY,NSE_FF6FC74E85C1,MINDTREE
2020-11-25,2021-03-31,PREVIOUS_ONLY,NSE_232F7BA109E4,ANGELONE
2020-11-25,2021-03-31,PREVIOUS_UNMAPPED,,SHTV
2020-11-25,2021-03-31,PREVIOUS_UNMAPPED,,SGPC
2020-11-25,2021-03-31,PREVIOUS_UNMAPPED,,GMRAIRPORT
2020-11-25,2021-03-31,PREVIOUS_UNMAPPED,,EPIGRAL
2020-11-25,2021-03-31,PREVIOUS_UNMAPPED,,CIEINDIA
2020-11-25,2021-03-31,PREVIOUS_UNMAPPED,,LTF
2020-11-25,2021-03-31,PREVIOUS_UNMAPPED,,TMPV
2020-11-25,2021-03-31,PREVIOUS_UNMAPPED,,JSWDULUX
2020-11-25,2021-03-31,PREVIOUS_UNMAPPED,,UNITDSPR
2020-11-25,2021-03-31,PREVIOUS_UNMAPPED,,ABREL
2020-11-25,2021-03-31,PREVIOUS_UNMAPPED,,SWANCORP
2020-11-25,2021-03-31,PREVIOUS_UNMAPPED,,WELSPUNLIV
2020-11-25,2021-03-31,PREVIOUS_UNMAPPED,,ADANIENSOL
2020-11-25,2021-03-31,PREVIOUS_UNMAPPED,,ARE&M
2020-11-25,2021-03-31,PREVIOUS_UNMAPPED,,AEGISLOG
2020-11-25,2021-03-31,PREVIOUS_UNMAPPED,,KPIL
2020-11-25,2021-03-31,PREVIOUS_UNMAPPED,,GVT&D
2020-11-25,2021-03-31,PREVIOUS_UNMAPPED,,COHANCE
2020-11-25,2021-03-31,PREVIOUS_UNMAPPED,,HBLENGINE
2020-11-25,2021-03-31,PREVIOUS_UNMAPPED,,SAMMAANCAP
2021-03-31,2021-04-29,OFFICIAL_ONLY,NSE_092A1C3253B4,TATAMOTORS
2021-03-31,2021-04-29,OFFICIAL_ONLY,NSE_0A208E331D8C,MAHINDCIE
2021-03-31,2021-04-29,OFFICIAL_ONLY,NSE_13CDBE86B707,TATACOFFEE
2021-03-31,2021-04-29,OFFICIAL_ONLY,NSE_2216670637F8,WELSPUNIND
2021-03-31,2021-04-29,OFFICIAL_ONLY,NSE_22A49E238B39,GMRINFRA
2021-03-31,2021-04-29,OFFICIAL_ONLY,NSE_7451BDA5B83F,AEGISCHEM
2021-03-31,2021-04-29,OFFICIAL_ONLY,NSE_7BD208D47A49,MCDOWELL-N
2021-03-31,2021-04-29,OFFICIAL_ONLY,NSE_85A771F24921,JCHAC
2021-03-31,2021-04-29,OFFICIAL_ONLY,NSE_8B1A9BBDE5E6,PRSMJOHNSN
2021-03-31,2021-04-29,OFFICIAL_ONLY,NSE_9E788BED7AEF,KALPATPOWR
2021-03-31,2021-04-29,OFFICIAL_ONLY,NSE_A3D7B6571FE8,ADANITRANS
2021-03-31,2021-04-29,OFFICIAL_ONLY,NSE_B3E526664FC0,AMARAJABAT
2021-03-31,2021-04-29,OFFICIAL_ONLY,NSE_B61709A06339,LTIM
2021-03-31,2021-04-29,OFFICIAL_ONLY,NSE_BDD195E0616C,SUVENPHAR
2021-03-31,2021-04-29,OFFICIAL_ONLY,NSE_D3148EEB7BF0,IBULHSGFIN
2021-03-31,2021-04-29,OFFICIAL_ONLY,NSE_D8A31493DD0A,TATAMTRDVR
2021-03-31,2021-04-29,OFFICIAL_ONLY,NSE_F0AC6C0DF830,CENTURYTEX
2021-03-31,2021-04-29,OFFICIAL_ONLY,NSE_F111BB4114FB,FCONSUMER
2021-03-31,2021-04-29,OFFICIAL_ONLY,NSE_F5B77D59A62C,L&TFH
2021-03-31,2021-04-29,OFFICIAL_ONLY,NSE_F7FF721279AE,PVR
2021-03-31,2021-04-29,OFFICIAL_ONLY,NSE_FF6FC74E85C1,MINDTREE
2021-03-31,2021-04-29,PREVIOUS_UNMAPPED,,SHTV
2021-03-31,2021-04-29,PREVIOUS_UNMAPPED,,SGPC
2021-03-31,2021-04-29,PREVIOUS_UNMAPPED,,GMRAIRPORT
2021-03-31,2021-04-29,PREVIOUS_UNMAPPED,,EPIGRAL
2021-03-31,2021-04-29,PREVIOUS_UNMAPPED,,CIEINDIA
2021-03-31,2021-04-29,PREVIOUS_UNMAPPED,,LTF
2021-03-31,2021-04-29,PREVIOUS_UNMAPPED,,TMPV
2021-03-31,2021-04-29,PREVIOUS_UNMAPPED,,JSWDULUX
2021-03-31,2021-04-29,PREVIOUS_UNMAPPED,,UNITDSPR
2021-03-31,2021-04-29,PREVIOUS_UNMAPPED,,ABREL
2021-03-31,2021-04-29,PREVIOUS_UNMAPPED,,SWANCORP
2021-03-31,2021-04-29,PREVIOUS_UNMAPPED,,WELSPUNLIV
2021-03-31,2021-04-29,PREVIOUS_UNMAPPED,,ADANIENSOL
2021-03-31,2021-04-29,PREVIOUS_UNMAPPED,,ARE&M
2021-03-31,2021-04-29,PREVIOUS_UNMAPPED,,AEGISLOG
2021-03-31,2021-04-29,PREVIOUS_UNMAPPED,,KPIL
2021-03-31,2021-04-29,PREVIOUS_UNMAPPED,,GVT&D
2021-03-31,2021-04-29,PREVIOUS_UNMAPPED,,COHANCE
2021-03-31,2021-04-29,PREVIOUS_UNMAPPED,,HBLENGINE
2021-03-31,2021-04-29,PREVIOUS_UNMAPPED,,SAMMAANCAP
2021-04-29,2021-06-30,OFFICIAL_ONLY,NSE_092A1C3253B4,TATAMOTORS
2021-04-29,2021-06-30,OFFICIAL_ONLY,NSE_0A208E331D8C,MAHINDCIE
2021-04-29,2021-06-30,OFFICIAL_ONLY,NSE_13CDBE86B707,TATACOFFEE
2021-04-29,2021-06-30,OFFICIAL_ONLY,NSE_2216670637F8,WELSPUNIND
2021-04-29,2021-06-30,OFFICIAL_ONLY,NSE_22A49E238B39,GMRINFRA
2021-04-29,2021-06-30,OFFICIAL_ONLY,NSE_7451BDA5B83F,AEGISCHEM
2021-04-29,2021-06-30,OFFICIAL_ONLY,NSE_7BD208D47A49,MCDOWELL-N
2021-04-29,2021-06-30,OFFICIAL_ONLY,NSE_85A771F24921,JCHAC
2021-04-29,2021-06-30,OFFICIAL_ONLY,NSE_8B1A9BBDE5E6,PRSMJOHNSN
2021-04-29,2021-06-30,OFFICIAL_ONLY,NSE_9E788BED7AEF,KALPATPOWR
2021-04-29,2021-06-30,OFFICIAL_ONLY,NSE_A3D7B6571FE8,ADANITRANS
2021-04-29,2021-06-30,OFFICIAL_ONLY,NSE_B3E526664FC0,AMARAJABAT
2021-04-29,2021-06-30,OFFICIAL_ONLY,NSE_B61709A06339,LTIM
2021-04-29,2021-06-30,OFFICIAL_ONLY,NSE_BDD195E0616C,SUVENPHAR
2021-04-29,2021-06-30,OFFICIAL_ONLY,NSE_D3148EEB7BF0,IBULHSGFIN
2021-04-29,2021-06-30,OFFICIAL_ONLY,NSE_D8A31493DD0A,TATAMTRDVR
2021-04-29,2021-06-30,OFFICIAL_ONLY,NSE_F0AC6C0DF830,CENTURYTEX
2021-04-29,2021-06-30,OFFICIAL_ONLY,NSE_F111BB4114FB,FCONSUMER
2021-04-29,2021-06-30,OFFICIAL_ONLY,NSE_F5B77D59A62C,L&TFH
2021-04-29,2021-06-30,OFFICIAL_ONLY,NSE_F7FF721279AE,PVR
2021-04-29,2021-06-30,OFFICIAL_ONLY,NSE_FF6FC74E85C1,MINDTREE
2021-04-29,2021-06-30,PREVIOUS_UNMAPPED,,SHTV
2021-04-29,2021-06-30,PREVIOUS_UNMAPPED,,SGPC
2021-04-29,2021-06-30,PREVIOUS_UNMAPPED,,GMRAIRPORT
2021-04-29,2021-06-30,PREVIOUS_UNMAPPED,,EPIGRAL
2021-04-29,2021-06-30,PREVIOUS_UNMAPPED,,CIEINDIA
2021-04-29,2021-06-30,PREVIOUS_UNMAPPED,,LTF
2021-04-29,2021-06-30,PREVIOUS_UNMAPPED,,TMPV
2021-04-29,2021-06-30,PREVIOUS_UNMAPPED,,JSWDULUX
2021-04-29,2021-06-30,PREVIOUS_UNMAPPED,,UNITDSPR
2021-04-29,2021-06-30,PREVIOUS_UNMAPPED,,ABREL
2021-04-29,2021-06-30,PREVIOUS_UNMAPPED,,SWANCORP
2021-04-29,2021-06-30,PREVIOUS_UNMAPPED,,WELSPUNLIV
2021-04-29,2021-06-30,PREVIOUS_UNMAPPED,,ADANIENSOL
2021-04-29,2021-06-30,PREVIOUS_UNMAPPED,,ARE&M
2021-04-29,2021-06-30,PREVIOUS_UNMAPPED,,AEGISLOG
2021-04-29,2021-06-30,PREVIOUS_UNMAPPED,,KPIL
2021-04-29,2021-06-30,PREVIOUS_UNMAPPED,,GVT&D
2021-04-29,2021-06-30,PREVIOUS_UNMAPPED,,COHANCE
2021-04-29,2021-06-30,PREVIOUS_UNMAPPED,,HBLENGINE
2021-04-29,2021-06-30,PREVIOUS_UNMAPPED,,SAMMAANCAP
2021-06-30,2021-09-30,OFFICIAL_ONLY,NSE_092A1C3253B4,TATAMOTORS
2021-06-30,2021-09-30,OFFICIAL_ONLY,NSE_0A208E331D8C,MAHINDCIE
2021-06-30,2021-09-30,OFFICIAL_ONLY,NSE_13CDBE86B707,TATACOFFEE
2021-06-30,2021-09-30,OFFICIAL_ONLY,NSE_2216670637F8,WELSPUNIND
2021-06-30,2021-09-30,OFFICIAL_ONLY,NSE_22A49E238B39,GMRINFRA
2021-06-30,2021-09-30,OFFICIAL_ONLY,NSE_7451BDA5B83F,AEGISCHEM
2021-06-30,2021-09-30,OFFICIAL_ONLY,NSE_7BD208D47A49,MCDOWELL-N
2021-06-30,2021-09-30,OFFICIAL_ONLY,NSE_85A771F24921,JCHAC
2021-06-30,2021-09-30,OFFICIAL_ONLY,NSE_8B1A9BBDE5E6,PRSMJOHNSN
2021-06-30,2021-09-30,OFFICIAL_ONLY,NSE_9E788BED7AEF,KALPATPOWR
2021-06-30,2021-09-30,OFFICIAL_ONLY,NSE_A3D7B6571FE8,ADANITRANS
2021-06-30,2021-09-30,OFFICIAL_ONLY,NSE_B3E526664FC0,AMARAJABAT
2021-06-30,2021-09-30,OFFICIAL_ONLY,NSE_B61709A06339,LTIM
2021-06-30,2021-09-30,OFFICIAL_ONLY,NSE_BDD195E0616C,SUVENPHAR
2021-06-30,2021-09-30,OFFICIAL_ONLY,NSE_D3148EEB7BF0,IBULHSGFIN
2021-06-30,2021-09-30,OFFICIAL_ONLY,NSE_D8A31493DD0A,TATAMTRDVR
2021-06-30,2021-09-30,OFFICIAL_ONLY,NSE_F0AC6C0DF830,CENTURYTEX
2021-06-30,2021-09-30,OFFICIAL_ONLY,NSE_F111BB4114FB,FCONSUMER
2021-06-30,2021-09-30,OFFICIAL_ONLY,NSE_F5B77D59A62C,L&TFH
2021-06-30,2021-09-30,OFFICIAL_ONLY,NSE_F7FF721279AE,PVR
2021-06-30,2021-09-30,OFFICIAL_ONLY,NSE_FF6FC74E85C1,MINDTREE
2021-06-30,2021-09-30,PREVIOUS_UNMAPPED,,SHTV
2021-06-30,2021-09-30,PREVIOUS_UNMAPPED,,SGPC
2021-06-30,2021-09-30,PREVIOUS_UNMAPPED,,GMRAIRPORT
2021-06-30,2021-09-30,PREVIOUS_UNMAPPED,,EPIGRAL
2021-06-30,2021-09-30,PREVIOUS_UNMAPPED,,CIEINDIA
2021-06-30,2021-09-30,PREVIOUS_UNMAPPED,,LTF
2021-06-30,2021-09-30,PREVIOUS_UNMAPPED,,TMPV
2021-06-30,2021-09-30,PREVIOUS_UNMAPPED,,JSWDULUX
2021-06-30,2021-09-30,PREVIOUS_UNMAPPED,,UNITDSPR
2021-06-30,2021-09-30,PREVIOUS_UNMAPPED,,ABREL
2021-06-30,2021-09-30,PREVIOUS_UNMAPPED,,SWANCORP
2021-06-30,2021-09-30,PREVIOUS_UNMAPPED,,WELSPUNLIV
2021-06-30,2021-09-30,PREVIOUS_UNMAPPED,,ADANIENSOL
2021-06-30,2021-09-30,PREVIOUS_UNMAPPED,,ARE&M
2021-06-30,2021-09-30,PREVIOUS_UNMAPPED,,AEGISLOG
2021-06-30,2021-09-30,PREVIOUS_UNMAPPED,,KPIL
2021-06-30,2021-09-30,PREVIOUS_UNMAPPED,,GVT&D
2021-06-30,2021-09-30,PREVIOUS_UNMAPPED,,COHANCE
2021-06-30,2021-09-30,PREVIOUS_UNMAPPED,,HBLENGINE
2021-06-30,2021-09-30,PREVIOUS_UNMAPPED,,SAMMAANCAP
2021-09-30,2021-10-29,OFFICIAL_ONLY,NSE_092A1C3253B4,TATAMOTORS
2021-09-30,2021-10-29,OFFICIAL_ONLY,NSE_0A208E331D8C,MAHINDCIE
2021-09-30,2021-10-29,OFFICIAL_ONLY,NSE_13CDBE86B707,TATACOFFEE
2021-09-30,2021-10-29,OFFICIAL_ONLY,NSE_2216670637F8,WELSPUNIND
2021-09-30,2021-10-29,OFFICIAL_ONLY,NSE_22A49E238B39,GMRINFRA
2021-09-30,2021-10-29,OFFICIAL_ONLY,NSE_7451BDA5B83F,AEGISCHEM
2021-09-30,2021-10-29,OFFICIAL_ONLY,NSE_7BD208D47A49,MCDOWELL-N
2021-09-30,2021-10-29,OFFICIAL_ONLY,NSE_85A771F24921,JCHAC
2021-09-30,2021-10-29,OFFICIAL_ONLY,NSE_8B1A9BBDE5E6,PRSMJOHNSN
2021-09-30,2021-10-29,OFFICIAL_ONLY,NSE_9E788BED7AEF,KALPATPOWR
2021-09-30,2021-10-29,OFFICIAL_ONLY,NSE_A3D7B6571FE8,ADANITRANS
2021-09-30,2021-10-29,OFFICIAL_ONLY,NSE_B3E526664FC0,AMARAJABAT
2021-09-30,2021-10-29,OFFICIAL_ONLY,NSE_B61709A06339,LTIM
2021-09-30,2021-10-29,OFFICIAL_ONLY,NSE_BDD195E0616C,SUVENPHAR
2021-09-30,2021-10-29,OFFICIAL_ONLY,NSE_D3148EEB7BF0,IBULHSGFIN
2021-09-30,2021-10-29,OFFICIAL_ONLY,NSE_D8A31493DD0A,TATAMTRDVR
2021-09-30,2021-10-29,OFFICIAL_ONLY,NSE_F0AC6C0DF830,CENTURYTEX
2021-09-30,2021-10-29,OFFICIAL_ONLY,NSE_F5B77D59A62C,L&TFH
2021-09-30,2021-10-29,OFFICIAL_ONLY,NSE_F7FF721279AE,PVR
2021-09-30,2021-10-29,OFFICIAL_ONLY,NSE_FF6FC74E85C1,MINDTREE
2021-09-30,2021-10-29,PREVIOUS_UNMAPPED,,GMRAIRPORT
2021-09-30,2021-10-29,PREVIOUS_UNMAPPED,,EPIGRAL
2021-09-30,2021-10-29,PREVIOUS_UNMAPPED,,CIEINDIA
2021-09-30,2021-10-29,PREVIOUS_UNMAPPED,,LTF
2021-09-30,2021-10-29,PREVIOUS_UNMAPPED,,TMPV
2021-09-30,2021-10-29,PREVIOUS_UNMAPPED,,JSWDULUX
2021-09-30,2021-10-29,PREVIOUS_UNMAPPED,,UNITDSPR
2021-09-30,2021-10-29,PREVIOUS_UNMAPPED,,ABREL
2021-09-30,2021-10-29,PREVIOUS_UNMAPPED,,SWANCORP
2021-09-30,2021-10-29,PREVIOUS_UNMAPPED,,WELSPUNLIV
2021-09-30,2021-10-29,PREVIOUS_UNMAPPED,,ADANIENSOL
2021-09-30,2021-10-29,PREVIOUS_UNMAPPED,,ARE&M
2021-09-30,2021-10-29,PREVIOUS_UNMAPPED,,AEGISLOG
2021-09-30,2021-10-29,PREVIOUS_UNMAPPED,,KPIL
2021-09-30,2021-10-29,PREVIOUS_UNMAPPED,,GVT&D
2021-09-30,2021-10-29,PREVIOUS_UNMAPPED,,COHANCE
2021-09-30,2021-10-29,PREVIOUS_UNMAPPED,,HBLENGINE
2021-09-30,2021-10-29,PREVIOUS_UNMAPPED,,SAMMAANCAP
2021-10-29,2022-03-31,OFFICIAL_ONLY,NSE_092A1C3253B4,TATAMOTORS
2021-10-29,2022-03-31,OFFICIAL_ONLY,NSE_0A208E331D8C,MAHINDCIE
2021-10-29,2022-03-31,OFFICIAL_ONLY,NSE_13CDBE86B707,TATACOFFEE
2021-10-29,2022-03-31,OFFICIAL_ONLY,NSE_2216670637F8,WELSPUNIND
2021-10-29,2022-03-31,OFFICIAL_ONLY,NSE_7451BDA5B83F,AEGISCHEM
2021-10-29,2022-03-31,OFFICIAL_ONLY,NSE_7BD208D47A49,MCDOWELL-N
2021-10-29,2022-03-31,OFFICIAL_ONLY,NSE_85A771F24921,JCHAC
2021-10-29,2022-03-31,OFFICIAL_ONLY,NSE_8B1A9BBDE5E6,PRSMJOHNSN
2021-10-29,2022-03-31,OFFICIAL_ONLY,NSE_9E788BED7AEF,KALPATPOWR
2021-10-29,2022-03-31,OFFICIAL_ONLY,NSE_A3D7B6571FE8,ADANITRANS
2021-10-29,2022-03-31,OFFICIAL_ONLY,NSE_B3E526664FC0,AMARAJABAT
2021-10-29,2022-03-31,OFFICIAL_ONLY,NSE_B61709A06339,LTIM
2021-10-29,2022-03-31,OFFICIAL_ONLY,NSE_BDD195E0616C,SUVENPHAR
2021-10-29,2022-03-31,OFFICIAL_ONLY,NSE_D3148EEB7BF0,IBULHSGFIN
2021-10-29,2022-03-31,OFFICIAL_ONLY,NSE_D8A31493DD0A,TATAMTRDVR
2021-10-29,2022-03-31,OFFICIAL_ONLY,NSE_F0AC6C0DF830,CENTURYTEX
2021-10-29,2022-03-31,OFFICIAL_ONLY,NSE_F5B77D59A62C,L&TFH
2021-10-29,2022-03-31,OFFICIAL_ONLY,NSE_F7FF721279AE,PVR
2021-10-29,2022-03-31,OFFICIAL_ONLY,NSE_FF6FC74E85C1,MINDTREE
2021-10-29,2022-03-31,PREVIOUS_UNMAPPED,,EPIGRAL
2021-10-29,2022-03-31,PREVIOUS_UNMAPPED,,CIEINDIA
2021-10-29,2022-03-31,PREVIOUS_UNMAPPED,,LTF
2021-10-29,2022-03-31,PREVIOUS_UNMAPPED,,TMPV
2021-10-29,2022-03-31,PREVIOUS_UNMAPPED,,JSWDULUX
2021-10-29,2022-03-31,PREVIOUS_UNMAPPED,,UNITDSPR
2021-10-29,2022-03-31,PREVIOUS_UNMAPPED,,ABREL
2021-10-29,2022-03-31,PREVIOUS_UNMAPPED,,SWANCORP
2021-10-29,2022-03-31,PREVIOUS_UNMAPPED,,WELSPUNLIV
2021-10-29,2022-03-31,PREVIOUS_UNMAPPED,,ADANIENSOL
2021-10-29,2022-03-31,PREVIOUS_UNMAPPED,,ARE&M
2021-10-29,2022-03-31,PREVIOUS_UNMAPPED,,AEGISLOG
2021-10-29,2022-03-31,PREVIOUS_UNMAPPED,,KPIL
2021-10-29,2022-03-31,PREVIOUS_UNMAPPED,,GVT&D
2021-10-29,2022-03-31,PREVIOUS_UNMAPPED,,COHANCE
2021-10-29,2022-03-31,PREVIOUS_UNMAPPED,,HBLENGINE
2021-10-29,2022-03-31,PREVIOUS_UNMAPPED,,SAMMAANCAP
2022-03-31,2022-04-07,OFFICIAL_ONLY,NSE_092A1C3253B4,TATAMOTORS
2022-03-31,2022-04-07,OFFICIAL_ONLY,NSE_0A208E331D8C,MAHINDCIE
2022-03-31,2022-04-07,OFFICIAL_ONLY,NSE_13CDBE86B707,TATACOFFEE
2022-03-31,2022-04-07,OFFICIAL_ONLY,NSE_2216670637F8,WELSPUNIND
2022-03-31,2022-04-07,OFFICIAL_ONLY,NSE_7451BDA5B83F,AEGISCHEM
2022-03-31,2022-04-07,OFFICIAL_ONLY,NSE_7BD208D47A49,MCDOWELL-N
2022-03-31,2022-04-07,OFFICIAL_ONLY,NSE_8B1A9BBDE5E6,PRSMJOHNSN
2022-03-31,2022-04-07,OFFICIAL_ONLY,NSE_8EB4140F9B6D,ZOMATO
2022-03-31,2022-04-07,OFFICIAL_ONLY,NSE_9E788BED7AEF,KALPATPOWR
2022-03-31,2022-04-07,OFFICIAL_ONLY,NSE_A3D7B6571FE8,ADANITRANS
2022-03-31,2022-04-07,OFFICIAL_ONLY,NSE_B3E526664FC0,AMARAJABAT
2022-03-31,2022-04-07,OFFICIAL_ONLY,NSE_B61709A06339,LTIM
2022-03-31,2022-04-07,OFFICIAL_ONLY,NSE_BDD195E0616C,SUVENPHAR
2022-03-31,2022-04-07,OFFICIAL_ONLY,NSE_D3148EEB7BF0,IBULHSGFIN
2022-03-31,2022-04-07,OFFICIAL_ONLY,NSE_D8A31493DD0A,TATAMTRDVR
2022-03-31,2022-04-07,OFFICIAL_ONLY,NSE_F0AC6C0DF830,CENTURYTEX
2022-03-31,2022-04-07,OFFICIAL_ONLY,NSE_F5B77D59A62C,L&TFH
2022-03-31,2022-04-07,OFFICIAL_ONLY,NSE_F7FF721279AE,PVR
2022-03-31,2022-04-07,OFFICIAL_ONLY,NSE_FF6FC74E85C1,MINDTREE
2022-03-31,2022-04-07,PREVIOUS_UNMAPPED,,EPIGRAL
2022-03-31,2022-04-07,PREVIOUS_UNMAPPED,,CIEINDIA
2022-03-31,2022-04-07,PREVIOUS_UNMAPPED,,LTF
2022-03-31,2022-04-07,PREVIOUS_UNMAPPED,,TMPV
2022-03-31,2022-04-07,PREVIOUS_UNMAPPED,,JSWDULUX
2022-03-31,2022-04-07,PREVIOUS_UNMAPPED,,UNITDSPR
2022-03-31,2022-04-07,PREVIOUS_UNMAPPED,,ABREL
2022-03-31,2022-04-07,PREVIOUS_UNMAPPED,,SWANCORP
2022-03-31,2022-04-07,PREVIOUS_UNMAPPED,,WELSPUNLIV
2022-03-31,2022-04-07,PREVIOUS_UNMAPPED,,ADANIENSOL
2022-03-31,2022-04-07,PREVIOUS_UNMAPPED,,ARE&M
2022-03-31,2022-04-07,PREVIOUS_UNMAPPED,,AEGISLOG
2022-03-31,2022-04-07,PREVIOUS_UNMAPPED,,KPIL
2022-03-31,2022-04-07,PREVIOUS_UNMAPPED,,GVT&D
2022-03-31,2022-04-07,PREVIOUS_UNMAPPED,,COHANCE
2022-03-31,2022-04-07,PREVIOUS_UNMAPPED,,HBLENGINE
2022-03-31,2022-04-07,PREVIOUS_UNMAPPED,,SAMMAANCAP
2022-03-31,2022-04-07,PREVIOUS_UNMAPPED,,ETERNAL
2022-04-07,2022-04-12,OFFICIAL_ONLY,NSE_092A1C3253B4,TATAMOTORS
2022-04-07,2022-04-12,OFFICIAL_ONLY,NSE_0A208E331D8C,MAHINDCIE
2022-04-07,2022-04-12,OFFICIAL_ONLY,NSE_13CDBE86B707,TATACOFFEE
2022-04-07,2022-04-12,OFFICIAL_ONLY,NSE_2216670637F8,WELSPUNIND
2022-04-07,2022-04-12,OFFICIAL_ONLY,NSE_7451BDA5B83F,AEGISCHEM
2022-04-07,2022-04-12,OFFICIAL_ONLY,NSE_7BD208D47A49,MCDOWELL-N
2022-04-07,2022-04-12,OFFICIAL_ONLY,NSE_8B1A9BBDE5E6,PRSMJOHNSN
2022-04-07,2022-04-12,OFFICIAL_ONLY,NSE_8EB4140F9B6D,ZOMATO
2022-04-07,2022-04-12,OFFICIAL_ONLY,NSE_9E788BED7AEF,KALPATPOWR
2022-04-07,2022-04-12,OFFICIAL_ONLY,NSE_A3D7B6571FE8,ADANITRANS
2022-04-07,2022-04-12,OFFICIAL_ONLY,NSE_B3E526664FC0,AMARAJABAT
2022-04-07,2022-04-12,OFFICIAL_ONLY,NSE_B61709A06339,LTIM
2022-04-07,2022-04-12,OFFICIAL_ONLY,NSE_BDD195E0616C,SUVENPHAR
2022-04-07,2022-04-12,OFFICIAL_ONLY,NSE_D3148EEB7BF0,IBULHSGFIN
2022-04-07,2022-04-12,OFFICIAL_ONLY,NSE_D8A31493DD0A,TATAMTRDVR
2022-04-07,2022-04-12,OFFICIAL_ONLY,NSE_F0AC6C0DF830,CENTURYTEX
2022-04-07,2022-04-12,OFFICIAL_ONLY,NSE_F5B77D59A62C,L&TFH
2022-04-07,2022-04-12,OFFICIAL_ONLY,NSE_F7FF721279AE,PVR
2022-04-07,2022-04-12,OFFICIAL_ONLY,NSE_FF6FC74E85C1,MINDTREE
2022-04-07,2022-04-12,PREVIOUS_UNMAPPED,,EPIGRAL
2022-04-07,2022-04-12,PREVIOUS_UNMAPPED,,CIEINDIA
2022-04-07,2022-04-12,PREVIOUS_UNMAPPED,,LTF
2022-04-07,2022-04-12,PREVIOUS_UNMAPPED,,TMPV
2022-04-07,2022-04-12,PREVIOUS_UNMAPPED,,JSWDULUX
2022-04-07,2022-04-12,PREVIOUS_UNMAPPED,,UNITDSPR
2022-04-07,2022-04-12,PREVIOUS_UNMAPPED,,ABREL
2022-04-07,2022-04-12,PREVIOUS_UNMAPPED,,SWANCORP
2022-04-07,2022-04-12,PREVIOUS_UNMAPPED,,WELSPUNLIV
2022-04-07,2022-04-12,PREVIOUS_UNMAPPED,,ADANIENSOL
2022-04-07,2022-04-12,PREVIOUS_UNMAPPED,,ARE&M
2022-04-07,2022-04-12,PREVIOUS_UNMAPPED,,AEGISLOG
2022-04-07,2022-04-12,PREVIOUS_UNMAPPED,,KPIL
2022-04-07,2022-04-12,PREVIOUS_UNMAPPED,,GVT&D
2022-04-07,2022-04-12,PREVIOUS_UNMAPPED,,COHANCE
2022-04-07,2022-04-12,PREVIOUS_UNMAPPED,,HBLENGINE
2022-04-07,2022-04-12,PREVIOUS_UNMAPPED,,SAMMAANCAP
2022-04-07,2022-04-12,PREVIOUS_UNMAPPED,,ETERNAL
2022-04-12,2022-05-04,OFFICIAL_ONLY,NSE_092A1C3253B4,TATAMOTORS
2022-04-12,2022-05-04,OFFICIAL_ONLY,NSE_0A208E331D8C,MAHINDCIE
2022-04-12,2022-05-04,OFFICIAL_ONLY,NSE_13CDBE86B707,TATACOFFEE
2022-04-12,2022-05-04,OFFICIAL_ONLY,NSE_2216670637F8,WELSPUNIND
2022-04-12,2022-05-04,OFFICIAL_ONLY,NSE_7451BDA5B83F,AEGISCHEM
2022-04-12,2022-05-04,OFFICIAL_ONLY,NSE_7BD208D47A49,MCDOWELL-N
2022-04-12,2022-05-04,OFFICIAL_ONLY,NSE_8B1A9BBDE5E6,PRSMJOHNSN
2022-04-12,2022-05-04,OFFICIAL_ONLY,NSE_8EB4140F9B6D,ZOMATO
2022-04-12,2022-05-04,OFFICIAL_ONLY,NSE_9E788BED7AEF,KALPATPOWR
2022-04-12,2022-05-04,OFFICIAL_ONLY,NSE_A3D7B6571FE8,ADANITRANS
2022-04-12,2022-05-04,OFFICIAL_ONLY,NSE_B3E526664FC0,AMARAJABAT
2022-04-12,2022-05-04,OFFICIAL_ONLY,NSE_B61709A06339,LTIM
2022-04-12,2022-05-04,OFFICIAL_ONLY,NSE_BDD195E0616C,SUVENPHAR
2022-04-12,2022-05-04,OFFICIAL_ONLY,NSE_D3148EEB7BF0,IBULHSGFIN
2022-04-12,2022-05-04,OFFICIAL_ONLY,NSE_D8A31493DD0A,TATAMTRDVR
2022-04-12,2022-05-04,OFFICIAL_ONLY,NSE_F0AC6C0DF830,CENTURYTEX
2022-04-12,2022-05-04,OFFICIAL_ONLY,NSE_F5B77D59A62C,L&TFH
2022-04-12,2022-05-04,OFFICIAL_ONLY,NSE_F7FF721279AE,PVR
2022-04-12,2022-05-04,OFFICIAL_ONLY,NSE_FF6FC74E85C1,MINDTREE
2022-04-12,2022-05-04,PREVIOUS_UNMAPPED,,EPIGRAL
2022-04-12,2022-05-04,PREVIOUS_UNMAPPED,,CIEINDIA
2022-04-12,2022-05-04,PREVIOUS_UNMAPPED,,LTF
2022-04-12,2022-05-04,PREVIOUS_UNMAPPED,,TMPV
2022-04-12,2022-05-04,PREVIOUS_UNMAPPED,,JSWDULUX
2022-04-12,2022-05-04,PREVIOUS_UNMAPPED,,UNITDSPR
2022-04-12,2022-05-04,PREVIOUS_UNMAPPED,,ABREL
2022-04-12,2022-05-04,PREVIOUS_UNMAPPED,,SWANCORP
2022-04-12,2022-05-04,PREVIOUS_UNMAPPED,,WELSPUNLIV
2022-04-12,2022-05-04,PREVIOUS_UNMAPPED,,ADANIENSOL
2022-04-12,2022-05-04,PREVIOUS_UNMAPPED,,ARE&M
2022-04-12,2022-05-04,PREVIOUS_UNMAPPED,,AEGISLOG
2022-04-12,2022-05-04,PREVIOUS_UNMAPPED,,KPIL
2022-04-12,2022-05-04,PREVIOUS_UNMAPPED,,GVT&D
2022-04-12,2022-05-04,PREVIOUS_UNMAPPED,,COHANCE
2022-04-12,2022-05-04,PREVIOUS_UNMAPPED,,HBLENGINE
2022-04-12,2022-05-04,PREVIOUS_UNMAPPED,,SAMMAANCAP
2022-04-12,2022-05-04,PREVIOUS_UNMAPPED,,ETERNAL
2022-05-04,2022-05-31,OFFICIAL_ONLY,NSE_092A1C3253B4,TATAMOTORS
2022-05-04,2022-05-31,OFFICIAL_ONLY,NSE_0A208E331D8C,MAHINDCIE
2022-05-04,2022-05-31,OFFICIAL_ONLY,NSE_13CDBE86B707,TATACOFFEE
2022-05-04,2022-05-31,OFFICIAL_ONLY,NSE_2216670637F8,WELSPUNIND
2022-05-04,2022-05-31,OFFICIAL_ONLY,NSE_22A49E238B39,GMRINFRA
2022-05-04,2022-05-31,OFFICIAL_ONLY,NSE_7451BDA5B83F,AEGISCHEM
2022-05-04,2022-05-31,OFFICIAL_ONLY,NSE_7BD208D47A49,MCDOWELL-N
2022-05-04,2022-05-31,OFFICIAL_ONLY,NSE_8B1A9BBDE5E6,PRSMJOHNSN
2022-05-04,2022-05-31,OFFICIAL_ONLY,NSE_8EB4140F9B6D,ZOMATO
2022-05-04,2022-05-31,OFFICIAL_ONLY,NSE_9E788BED7AEF,KALPATPOWR
2022-05-04,2022-05-31,OFFICIAL_ONLY,NSE_A3D7B6571FE8,ADANITRANS
2022-05-04,2022-05-31,OFFICIAL_ONLY,NSE_B3E526664FC0,AMARAJABAT
2022-05-04,2022-05-31,OFFICIAL_ONLY,NSE_B61709A06339,LTIM
2022-05-04,2022-05-31,OFFICIAL_ONLY,NSE_BDD195E0616C,SUVENPHAR
2022-05-04,2022-05-31,OFFICIAL_ONLY,NSE_D3148EEB7BF0,IBULHSGFIN
2022-05-04,2022-05-31,OFFICIAL_ONLY,NSE_D8A31493DD0A,TATAMTRDVR
2022-05-04,2022-05-31,OFFICIAL_ONLY,NSE_F0AC6C0DF830,CENTURYTEX
2022-05-04,2022-05-31,OFFICIAL_ONLY,NSE_F5B77D59A62C,L&TFH
2022-05-04,2022-05-31,OFFICIAL_ONLY,NSE_F7FF721279AE,PVR
2022-05-04,2022-05-31,OFFICIAL_ONLY,NSE_FF6FC74E85C1,MINDTREE
2022-05-04,2022-05-31,PREVIOUS_UNMAPPED,,EPIGRAL
2022-05-04,2022-05-31,PREVIOUS_UNMAPPED,,CIEINDIA
2022-05-04,2022-05-31,PREVIOUS_UNMAPPED,,LTF
2022-05-04,2022-05-31,PREVIOUS_UNMAPPED,,TMPV
2022-05-04,2022-05-31,PREVIOUS_UNMAPPED,,JSWDULUX
2022-05-04,2022-05-31,PREVIOUS_UNMAPPED,,UNITDSPR
2022-05-04,2022-05-31,PREVIOUS_UNMAPPED,,ABREL
2022-05-04,2022-05-31,PREVIOUS_UNMAPPED,,SWANCORP
2022-05-04,2022-05-31,PREVIOUS_UNMAPPED,,WELSPUNLIV
2022-05-04,2022-05-31,PREVIOUS_UNMAPPED,,ADANIENSOL
2022-05-04,2022-05-31,PREVIOUS_UNMAPPED,,ARE&M
2022-05-04,2022-05-31,PREVIOUS_UNMAPPED,,AEGISLOG
2022-05-04,2022-05-31,PREVIOUS_UNMAPPED,,KPIL
2022-05-04,2022-05-31,PREVIOUS_UNMAPPED,,GVT&D
2022-05-04,2022-05-31,PREVIOUS_UNMAPPED,,COHANCE
2022-05-04,2022-05-31,PREVIOUS_UNMAPPED,,HBLENGINE
2022-05-04,2022-05-31,PREVIOUS_UNMAPPED,,SAMMAANCAP
2022-05-04,2022-05-31,PREVIOUS_UNMAPPED,,ETERNAL
2022-05-04,2022-05-31,PREVIOUS_UNMAPPED,,GMRAIRPORT
2022-05-31,2022-08-08,OFFICIAL_ONLY,NSE_092A1C3253B4,TATAMOTORS
2022-05-31,2022-08-08,OFFICIAL_ONLY,NSE_0A208E331D8C,MAHINDCIE
2022-05-31,2022-08-08,OFFICIAL_ONLY,NSE_13CDBE86B707,TATACOFFEE
2022-05-31,2022-08-08,OFFICIAL_ONLY,NSE_2216670637F8,WELSPUNIND
2022-05-31,2022-08-08,OFFICIAL_ONLY,NSE_22A49E238B39,GMRINFRA
2022-05-31,2022-08-08,OFFICIAL_ONLY,NSE_7451BDA5B83F,AEGISCHEM
2022-05-31,2022-08-08,OFFICIAL_ONLY,NSE_7BD208D47A49,MCDOWELL-N
2022-05-31,2022-08-08,OFFICIAL_ONLY,NSE_8B1A9BBDE5E6,PRSMJOHNSN
2022-05-31,2022-08-08,OFFICIAL_ONLY,NSE_8EB4140F9B6D,ZOMATO
2022-05-31,2022-08-08,OFFICIAL_ONLY,NSE_9E788BED7AEF,KALPATPOWR
2022-05-31,2022-08-08,OFFICIAL_ONLY,NSE_A3D7B6571FE8,ADANITRANS
2022-05-31,2022-08-08,OFFICIAL_ONLY,NSE_B3E526664FC0,AMARAJABAT
2022-05-31,2022-08-08,OFFICIAL_ONLY,NSE_B61709A06339,LTIM
2022-05-31,2022-08-08,OFFICIAL_ONLY,NSE_BDD195E0616C,SUVENPHAR
2022-05-31,2022-08-08,OFFICIAL_ONLY,NSE_D3148EEB7BF0,IBULHSGFIN
2022-05-31,2022-08-08,OFFICIAL_ONLY,NSE_D8A31493DD0A,TATAMTRDVR
2022-05-31,2022-08-08,OFFICIAL_ONLY,NSE_F0AC6C0DF830,CENTURYTEX
2022-05-31,2022-08-08,OFFICIAL_ONLY,NSE_F5B77D59A62C,L&TFH
2022-05-31,2022-08-08,OFFICIAL_ONLY,NSE_F7FF721279AE,PVR
2022-05-31,2022-08-08,OFFICIAL_ONLY,NSE_FF6FC74E85C1,MINDTREE
2022-05-31,2022-08-08,PREVIOUS_UNMAPPED,,EPIGRAL
2022-05-31,2022-08-08,PREVIOUS_UNMAPPED,,CIEINDIA
2022-05-31,2022-08-08,PREVIOUS_UNMAPPED,,LTF
2022-05-31,2022-08-08,PREVIOUS_UNMAPPED,,TMPV
2022-05-31,2022-08-08,PREVIOUS_UNMAPPED,,JSWDULUX
2022-05-31,2022-08-08,PREVIOUS_UNMAPPED,,UNITDSPR
2022-05-31,2022-08-08,PREVIOUS_UNMAPPED,,ABREL
2022-05-31,2022-08-08,PREVIOUS_UNMAPPED,,SWANCORP
2022-05-31,2022-08-08,PREVIOUS_UNMAPPED,,WELSPUNLIV
2022-05-31,2022-08-08,PREVIOUS_UNMAPPED,,ADANIENSOL
2022-05-31,2022-08-08,PREVIOUS_UNMAPPED,,ARE&M
2022-05-31,2022-08-08,PREVIOUS_UNMAPPED,,AEGISLOG
2022-05-31,2022-08-08,PREVIOUS_UNMAPPED,,KPIL
2022-05-31,2022-08-08,PREVIOUS_UNMAPPED,,GVT&D
2022-05-31,2022-08-08,PREVIOUS_UNMAPPED,,COHANCE
2022-05-31,2022-08-08,PREVIOUS_UNMAPPED,,HBLENGINE
2022-05-31,2022-08-08,PREVIOUS_UNMAPPED,,SAMMAANCAP
2022-05-31,2022-08-08,PREVIOUS_UNMAPPED,,ETERNAL
2022-05-31,2022-08-08,PREVIOUS_UNMAPPED,,GMRAIRPORT
2022-08-08,2022-09-30,OFFICIAL_ONLY,NSE_092A1C3253B4,TATAMOTORS
2022-08-08,2022-09-30,OFFICIAL_ONLY,NSE_0A208E331D8C,MAHINDCIE
2022-08-08,2022-09-30,OFFICIAL_ONLY,NSE_13CDBE86B707,TATACOFFEE
2022-08-08,2022-09-30,OFFICIAL_ONLY,NSE_2216670637F8,WELSPUNIND
2022-08-08,2022-09-30,OFFICIAL_ONLY,NSE_22A49E238B39,GMRINFRA
2022-08-08,2022-09-30,OFFICIAL_ONLY,NSE_7451BDA5B83F,AEGISCHEM
2022-08-08,2022-09-30,OFFICIAL_ONLY,NSE_7BD208D47A49,MCDOWELL-N
2022-08-08,2022-09-30,OFFICIAL_ONLY,NSE_8B1A9BBDE5E6,PRSMJOHNSN
2022-08-08,2022-09-30,OFFICIAL_ONLY,NSE_8EB4140F9B6D,ZOMATO
2022-08-08,2022-09-30,OFFICIAL_ONLY,NSE_9E788BED7AEF,KALPATPOWR
2022-08-08,2022-09-30,OFFICIAL_ONLY,NSE_A3D7B6571FE8,ADANITRANS
2022-08-08,2022-09-30,OFFICIAL_ONLY,NSE_B3E526664FC0,AMARAJABAT
2022-08-08,2022-09-30,OFFICIAL_ONLY,NSE_B61709A06339,LTIM
2022-08-08,2022-09-30,OFFICIAL_ONLY,NSE_BDD195E0616C,SUVENPHAR
2022-08-08,2022-09-30,OFFICIAL_ONLY,NSE_D3148EEB7BF0,IBULHSGFIN
2022-08-08,2022-09-30,OFFICIAL_ONLY,NSE_D8A31493DD0A,TATAMTRDVR
2022-08-08,2022-09-30,OFFICIAL_ONLY,NSE_F0AC6C0DF830,CENTURYTEX
2022-08-08,2022-09-30,OFFICIAL_ONLY,NSE_F5B77D59A62C,L&TFH
2022-08-08,2022-09-30,OFFICIAL_ONLY,NSE_F7FF721279AE,PVR
2022-08-08,2022-09-30,OFFICIAL_ONLY,NSE_FF6FC74E85C1,MINDTREE
2022-08-08,2022-09-30,PREVIOUS_UNMAPPED,,EPIGRAL
2022-08-08,2022-09-30,PREVIOUS_UNMAPPED,,CIEINDIA
2022-08-08,2022-09-30,PREVIOUS_UNMAPPED,,LTF
2022-08-08,2022-09-30,PREVIOUS_UNMAPPED,,TMPV
2022-08-08,2022-09-30,PREVIOUS_UNMAPPED,,JSWDULUX
2022-08-08,2022-09-30,PREVIOUS_UNMAPPED,,UNITDSPR
2022-08-08,2022-09-30,PREVIOUS_UNMAPPED,,ABREL
2022-08-08,2022-09-30,PREVIOUS_UNMAPPED,,SWANCORP
2022-08-08,2022-09-30,PREVIOUS_UNMAPPED,,WELSPUNLIV
2022-08-08,2022-09-30,PREVIOUS_UNMAPPED,,ADANIENSOL
2022-08-08,2022-09-30,PREVIOUS_UNMAPPED,,ARE&M
2022-08-08,2022-09-30,PREVIOUS_UNMAPPED,,AEGISLOG
2022-08-08,2022-09-30,PREVIOUS_UNMAPPED,,KPIL
2022-08-08,2022-09-30,PREVIOUS_UNMAPPED,,GVT&D
2022-08-08,2022-09-30,PREVIOUS_UNMAPPED,,COHANCE
2022-08-08,2022-09-30,PREVIOUS_UNMAPPED,,HBLENGINE
2022-08-08,2022-09-30,PREVIOUS_UNMAPPED,,SAMMAANCAP
2022-08-08,2022-09-30,PREVIOUS_UNMAPPED,,ETERNAL
2022-08-08,2022-09-30,PREVIOUS_UNMAPPED,,GMRAIRPORT
2022-09-30,2022-11-14,OFFICIAL_ONLY,NSE_092A1C3253B4,TATAMOTORS
2022-09-30,2022-11-14,OFFICIAL_ONLY,NSE_0A208E331D8C,MAHINDCIE
2022-09-30,2022-11-14,OFFICIAL_ONLY,NSE_13CDBE86B707,TATACOFFEE
2022-09-30,2022-11-14,OFFICIAL_ONLY,NSE_2216670637F8,WELSPUNIND
2022-09-30,2022-11-14,OFFICIAL_ONLY,NSE_22A49E238B39,GMRINFRA
2022-09-30,2022-11-14,OFFICIAL_ONLY,NSE_238128DD84D9,MSUMI
2022-09-30,2022-11-14,OFFICIAL_ONLY,NSE_7451BDA5B83F,AEGISCHEM
2022-09-30,2022-11-14,OFFICIAL_ONLY,NSE_7BD208D47A49,MCDOWELL-N
2022-09-30,2022-11-14,OFFICIAL_ONLY,NSE_8B1A9BBDE5E6,PRSMJOHNSN
2022-09-30,2022-11-14,OFFICIAL_ONLY,NSE_8EB4140F9B6D,ZOMATO
2022-09-30,2022-11-14,OFFICIAL_ONLY,NSE_9E788BED7AEF,KALPATPOWR
2022-09-30,2022-11-14,OFFICIAL_ONLY,NSE_A3D7B6571FE8,ADANITRANS
2022-09-30,2022-11-14,OFFICIAL_ONLY,NSE_B3E526664FC0,AMARAJABAT
2022-09-30,2022-11-14,OFFICIAL_ONLY,NSE_B61709A06339,LTIM
2022-09-30,2022-11-14,OFFICIAL_ONLY,NSE_BDD195E0616C,SUVENPHAR
2022-09-30,2022-11-14,OFFICIAL_ONLY,NSE_D3148EEB7BF0,IBULHSGFIN
2022-09-30,2022-11-14,OFFICIAL_ONLY,NSE_D8A31493DD0A,TATAMTRDVR
2022-09-30,2022-11-14,OFFICIAL_ONLY,NSE_F0AC6C0DF830,CENTURYTEX
2022-09-30,2022-11-14,OFFICIAL_ONLY,NSE_F5B77D59A62C,L&TFH
2022-09-30,2022-11-14,OFFICIAL_ONLY,NSE_F7FF721279AE,PVR
2022-09-30,2022-11-14,PREVIOUS_UNMAPPED,,EPIGRAL
2022-09-30,2022-11-14,PREVIOUS_UNMAPPED,,CIEINDIA
2022-09-30,2022-11-14,PREVIOUS_UNMAPPED,,LTF
2022-09-30,2022-11-14,PREVIOUS_UNMAPPED,,TMPV
2022-09-30,2022-11-14,PREVIOUS_UNMAPPED,,JSWDULUX
2022-09-30,2022-11-14,PREVIOUS_UNMAPPED,,UNITDSPR
2022-09-30,2022-11-14,PREVIOUS_UNMAPPED,,ABREL
2022-09-30,2022-11-14,PREVIOUS_UNMAPPED,,SWANCORP
2022-09-30,2022-11-14,PREVIOUS_UNMAPPED,,WELSPUNLIV
2022-09-30,2022-11-14,PREVIOUS_UNMAPPED,,ADANIENSOL
2022-09-30,2022-11-14,PREVIOUS_UNMAPPED,,ARE&M
2022-09-30,2022-11-14,PREVIOUS_UNMAPPED,,AEGISLOG
2022-09-30,2022-11-14,PREVIOUS_UNMAPPED,,KPIL
2022-09-30,2022-11-14,PREVIOUS_UNMAPPED,,GVT&D
2022-09-30,2022-11-14,PREVIOUS_UNMAPPED,,COHANCE
2022-09-30,2022-11-14,PREVIOUS_UNMAPPED,,HBLENGINE
2022-09-30,2022-11-14,PREVIOUS_UNMAPPED,,SAMMAANCAP
2022-09-30,2022-11-14,PREVIOUS_UNMAPPED,,ETERNAL
2022-09-30,2022-11-14,PREVIOUS_UNMAPPED,,GMRAIRPORT
2022-11-14,2022-12-30,OFFICIAL_ONLY,NSE_092A1C3253B4,TATAMOTORS
2022-11-14,2022-12-30,OFFICIAL_ONLY,NSE_0A208E331D8C,MAHINDCIE
2022-11-14,2022-12-30,OFFICIAL_ONLY,NSE_13CDBE86B707,TATACOFFEE
2022-11-14,2022-12-30,OFFICIAL_ONLY,NSE_2216670637F8,WELSPUNIND
2022-11-14,2022-12-30,OFFICIAL_ONLY,NSE_22A49E238B39,GMRINFRA
2022-11-14,2022-12-30,OFFICIAL_ONLY,NSE_238128DD84D9,MSUMI
2022-11-14,2022-12-30,OFFICIAL_ONLY,NSE_7451BDA5B83F,AEGISCHEM
2022-11-14,2022-12-30,OFFICIAL_ONLY,NSE_7BD208D47A49,MCDOWELL-N
2022-11-14,2022-12-30,OFFICIAL_ONLY,NSE_8B1A9BBDE5E6,PRSMJOHNSN
2022-11-14,2022-12-30,OFFICIAL_ONLY,NSE_8EB4140F9B6D,ZOMATO
2022-11-14,2022-12-30,OFFICIAL_ONLY,NSE_9E788BED7AEF,KALPATPOWR
2022-11-14,2022-12-30,OFFICIAL_ONLY,NSE_A3D7B6571FE8,ADANITRANS
2022-11-14,2022-12-30,OFFICIAL_ONLY,NSE_B3E526664FC0,AMARAJABAT
2022-11-14,2022-12-30,OFFICIAL_ONLY,NSE_B61709A06339,LTIM
2022-11-14,2022-12-30,OFFICIAL_ONLY,NSE_BDD195E0616C,SUVENPHAR
2022-11-14,2022-12-30,OFFICIAL_ONLY,NSE_D3148EEB7BF0,IBULHSGFIN
2022-11-14,2022-12-30,OFFICIAL_ONLY,NSE_D8A31493DD0A,TATAMTRDVR
2022-11-14,2022-12-30,OFFICIAL_ONLY,NSE_F0AC6C0DF830,CENTURYTEX
2022-11-14,2022-12-30,OFFICIAL_ONLY,NSE_F5B77D59A62C,L&TFH
2022-11-14,2022-12-30,OFFICIAL_ONLY,NSE_F7FF721279AE,PVR
2022-11-14,2022-12-30,PREVIOUS_UNMAPPED,,EPIGRAL
2022-11-14,2022-12-30,PREVIOUS_UNMAPPED,,CIEINDIA
2022-11-14,2022-12-30,PREVIOUS_UNMAPPED,,LTF
2022-11-14,2022-12-30,PREVIOUS_UNMAPPED,,TMPV
2022-11-14,2022-12-30,PREVIOUS_UNMAPPED,,JSWDULUX
2022-11-14,2022-12-30,PREVIOUS_UNMAPPED,,UNITDSPR
2022-11-14,2022-12-30,PREVIOUS_UNMAPPED,,ABREL
2022-11-14,2022-12-30,PREVIOUS_UNMAPPED,,SWANCORP
2022-11-14,2022-12-30,PREVIOUS_UNMAPPED,,WELSPUNLIV
2022-11-14,2022-12-30,PREVIOUS_UNMAPPED,,ADANIENSOL
2022-11-14,2022-12-30,PREVIOUS_UNMAPPED,,ARE&M
2022-11-14,2022-12-30,PREVIOUS_UNMAPPED,,AEGISLOG
2022-11-14,2022-12-30,PREVIOUS_UNMAPPED,,KPIL
2022-11-14,2022-12-30,PREVIOUS_UNMAPPED,,GVT&D
2022-11-14,2022-12-30,PREVIOUS_UNMAPPED,,COHANCE
2022-11-14,2022-12-30,PREVIOUS_UNMAPPED,,HBLENGINE
2022-11-14,2022-12-30,PREVIOUS_UNMAPPED,,SAMMAANCAP
2022-11-14,2022-12-30,PREVIOUS_UNMAPPED,,LTM
2022-11-14,2022-12-30,PREVIOUS_UNMAPPED,,ETERNAL
2022-11-14,2022-12-30,PREVIOUS_UNMAPPED,,GMRAIRPORT
2022-12-30,2023-02-06,OFFICIAL_ONLY,NSE_092A1C3253B4,TATAMOTORS
2022-12-30,2023-02-06,OFFICIAL_ONLY,NSE_0A208E331D8C,MAHINDCIE
2022-12-30,2023-02-06,OFFICIAL_ONLY,NSE_13CDBE86B707,TATACOFFEE
2022-12-30,2023-02-06,OFFICIAL_ONLY,NSE_2216670637F8,WELSPUNIND
2022-12-30,2023-02-06,OFFICIAL_ONLY,NSE_22A49E238B39,GMRINFRA
2022-12-30,2023-02-06,OFFICIAL_ONLY,NSE_238128DD84D9,MSUMI
2022-12-30,2023-02-06,OFFICIAL_ONLY,NSE_7451BDA5B83F,AEGISCHEM
2022-12-30,2023-02-06,OFFICIAL_ONLY,NSE_7BD208D47A49,MCDOWELL-N
2022-12-30,2023-02-06,OFFICIAL_ONLY,NSE_8B1A9BBDE5E6,PRSMJOHNSN
2022-12-30,2023-02-06,OFFICIAL_ONLY,NSE_8EB4140F9B6D,ZOMATO
2022-12-30,2023-02-06,OFFICIAL_ONLY,NSE_9E788BED7AEF,KALPATPOWR
2022-12-30,2023-02-06,OFFICIAL_ONLY,NSE_A3D7B6571FE8,ADANITRANS
2022-12-30,2023-02-06,OFFICIAL_ONLY,NSE_B3E526664FC0,AMARAJABAT
2022-12-30,2023-02-06,OFFICIAL_ONLY,NSE_B61709A06339,LTIM
2022-12-30,2023-02-06,OFFICIAL_ONLY,NSE_BDD195E0616C,SUVENPHAR
2022-12-30,2023-02-06,OFFICIAL_ONLY,NSE_D3148EEB7BF0,IBULHSGFIN
2022-12-30,2023-02-06,OFFICIAL_ONLY,NSE_D8A31493DD0A,TATAMTRDVR
2022-12-30,2023-02-06,OFFICIAL_ONLY,NSE_F0AC6C0DF830,CENTURYTEX
2022-12-30,2023-02-06,OFFICIAL_ONLY,NSE_F5B77D59A62C,L&TFH
2022-12-30,2023-02-06,OFFICIAL_ONLY,NSE_F7FF721279AE,PVR
2022-12-30,2023-02-06,PREVIOUS_UNMAPPED,,EPIGRAL
2022-12-30,2023-02-06,PREVIOUS_UNMAPPED,,CIEINDIA
2022-12-30,2023-02-06,PREVIOUS_UNMAPPED,,LTF
2022-12-30,2023-02-06,PREVIOUS_UNMAPPED,,TMPV
2022-12-30,2023-02-06,PREVIOUS_UNMAPPED,,JSWDULUX
2022-12-30,2023-02-06,PREVIOUS_UNMAPPED,,UNITDSPR
2022-12-30,2023-02-06,PREVIOUS_UNMAPPED,,ABREL
2022-12-30,2023-02-06,PREVIOUS_UNMAPPED,,SWANCORP
2022-12-30,2023-02-06,PREVIOUS_UNMAPPED,,WELSPUNLIV
2022-12-30,2023-02-06,PREVIOUS_UNMAPPED,,ADANIENSOL
2022-12-30,2023-02-06,PREVIOUS_UNMAPPED,,ARE&M
2022-12-30,2023-02-06,PREVIOUS_UNMAPPED,,AEGISLOG
2022-12-30,2023-02-06,PREVIOUS_UNMAPPED,,KPIL
2022-12-30,2023-02-06,PREVIOUS_UNMAPPED,,GVT&D
2022-12-30,2023-02-06,PREVIOUS_UNMAPPED,,COHANCE
2022-12-30,2023-02-06,PREVIOUS_UNMAPPED,,HBLENGINE
2022-12-30,2023-02-06,PREVIOUS_UNMAPPED,,SAMMAANCAP
2022-12-30,2023-02-06,PREVIOUS_UNMAPPED,,LTM
2022-12-30,2023-02-06,PREVIOUS_UNMAPPED,,ETERNAL
2022-12-30,2023-02-06,PREVIOUS_UNMAPPED,,GMRAIRPORT
2023-02-06,2023-02-17,OFFICIAL_ONLY,NSE_092A1C3253B4,TATAMOTORS
2023-02-06,2023-02-17,OFFICIAL_ONLY,NSE_0A208E331D8C,MAHINDCIE
2023-02-06,2023-02-17,OFFICIAL_ONLY,NSE_13CDBE86B707,TATACOFFEE
2023-02-06,2023-02-17,OFFICIAL_ONLY,NSE_2216670637F8,WELSPUNIND
2023-02-06,2023-02-17,OFFICIAL_ONLY,NSE_22A49E238B39,GMRINFRA
2023-02-06,2023-02-17,OFFICIAL_ONLY,NSE_238128DD84D9,MSUMI
2023-02-06,2023-02-17,OFFICIAL_ONLY,NSE_7451BDA5B83F,AEGISCHEM
2023-02-06,2023-02-17,OFFICIAL_ONLY,NSE_7BD208D47A49,MCDOWELL-N
2023-02-06,2023-02-17,OFFICIAL_ONLY,NSE_8B1A9BBDE5E6,PRSMJOHNSN
2023-02-06,2023-02-17,OFFICIAL_ONLY,NSE_8EB4140F9B6D,ZOMATO
2023-02-06,2023-02-17,OFFICIAL_ONLY,NSE_9E788BED7AEF,KALPATPOWR
2023-02-06,2023-02-17,OFFICIAL_ONLY,NSE_A3D7B6571FE8,ADANITRANS
2023-02-06,2023-02-17,OFFICIAL_ONLY,NSE_B3E526664FC0,AMARAJABAT
2023-02-06,2023-02-17,OFFICIAL_ONLY,NSE_B61709A06339,LTIM
2023-02-06,2023-02-17,OFFICIAL_ONLY,NSE_BDD195E0616C,SUVENPHAR
2023-02-06,2023-02-17,OFFICIAL_ONLY,NSE_D3148EEB7BF0,IBULHSGFIN
2023-02-06,2023-02-17,OFFICIAL_ONLY,NSE_D8A31493DD0A,TATAMTRDVR
2023-02-06,2023-02-17,OFFICIAL_ONLY,NSE_F0AC6C0DF830,CENTURYTEX
2023-02-06,2023-02-17,OFFICIAL_ONLY,NSE_F5B77D59A62C,L&TFH
2023-02-06,2023-02-17,OFFICIAL_ONLY,NSE_F7FF721279AE,PVR
2023-02-06,2023-02-17,PREVIOUS_UNMAPPED,,EPIGRAL
2023-02-06,2023-02-17,PREVIOUS_UNMAPPED,,CIEINDIA
2023-02-06,2023-02-17,PREVIOUS_UNMAPPED,,LTF
2023-02-06,2023-02-17,PREVIOUS_UNMAPPED,,TMPV
2023-02-06,2023-02-17,PREVIOUS_UNMAPPED,,JSWDULUX
2023-02-06,2023-02-17,PREVIOUS_UNMAPPED,,UNITDSPR
2023-02-06,2023-02-17,PREVIOUS_UNMAPPED,,ABREL
2023-02-06,2023-02-17,PREVIOUS_UNMAPPED,,SWANCORP
2023-02-06,2023-02-17,PREVIOUS_UNMAPPED,,WELSPUNLIV
2023-02-06,2023-02-17,PREVIOUS_UNMAPPED,,ADANIENSOL
2023-02-06,2023-02-17,PREVIOUS_UNMAPPED,,ARE&M
2023-02-06,2023-02-17,PREVIOUS_UNMAPPED,,AEGISLOG
2023-02-06,2023-02-17,PREVIOUS_UNMAPPED,,KPIL
2023-02-06,2023-02-17,PREVIOUS_UNMAPPED,,GVT&D
2023-02-06,2023-02-17,PREVIOUS_UNMAPPED,,COHANCE
2023-02-06,2023-02-17,PREVIOUS_UNMAPPED,,HBLENGINE
2023-02-06,2023-02-17,PREVIOUS_UNMAPPED,,SAMMAANCAP
2023-02-06,2023-02-17,PREVIOUS_UNMAPPED,,LTM
2023-02-06,2023-02-17,PREVIOUS_UNMAPPED,,ETERNAL
2023-02-06,2023-02-17,PREVIOUS_UNMAPPED,,GMRAIRPORT
2023-02-06,2023-02-17,PREVIOUS_UNMAPPED,,PVRINOX
2023-02-17,2023-03-31,OFFICIAL_ONLY,NSE_092A1C3253B4,TATAMOTORS
2023-02-17,2023-03-31,OFFICIAL_ONLY,NSE_0A208E331D8C,MAHINDCIE
2023-02-17,2023-03-31,OFFICIAL_ONLY,NSE_13CDBE86B707,TATACOFFEE
2023-02-17,2023-03-31,OFFICIAL_ONLY,NSE_2216670637F8,WELSPUNIND
2023-02-17,2023-03-31,OFFICIAL_ONLY,NSE_22A49E238B39,GMRINFRA
2023-02-17,2023-03-31,OFFICIAL_ONLY,NSE_238128DD84D9,MSUMI
2023-02-17,2023-03-31,OFFICIAL_ONLY,NSE_7451BDA5B83F,AEGISCHEM
2023-02-17,2023-03-31,OFFICIAL_ONLY,NSE_7BD208D47A49,MCDOWELL-N
2023-02-17,2023-03-31,OFFICIAL_ONLY,NSE_8B1A9BBDE5E6,PRSMJOHNSN
2023-02-17,2023-03-31,OFFICIAL_ONLY,NSE_8EB4140F9B6D,ZOMATO
2023-02-17,2023-03-31,OFFICIAL_ONLY,NSE_9E788BED7AEF,KALPATPOWR
2023-02-17,2023-03-31,OFFICIAL_ONLY,NSE_A3D7B6571FE8,ADANITRANS
2023-02-17,2023-03-31,OFFICIAL_ONLY,NSE_B3E526664FC0,AMARAJABAT
2023-02-17,2023-03-31,OFFICIAL_ONLY,NSE_B61709A06339,LTIM
2023-02-17,2023-03-31,OFFICIAL_ONLY,NSE_BDD195E0616C,SUVENPHAR
2023-02-17,2023-03-31,OFFICIAL_ONLY,NSE_D3148EEB7BF0,IBULHSGFIN
2023-02-17,2023-03-31,OFFICIAL_ONLY,NSE_D8A31493DD0A,TATAMTRDVR
2023-02-17,2023-03-31,OFFICIAL_ONLY,NSE_F0AC6C0DF830,CENTURYTEX
2023-02-17,2023-03-31,OFFICIAL_ONLY,NSE_F5B77D59A62C,L&TFH
2023-02-17,2023-03-31,OFFICIAL_ONLY,NSE_F7FF721279AE,PVR
2023-02-17,2023-03-31,PREVIOUS_UNMAPPED,,EPIGRAL
2023-02-17,2023-03-31,PREVIOUS_UNMAPPED,,CIEINDIA
2023-02-17,2023-03-31,PREVIOUS_UNMAPPED,,LTF
2023-02-17,2023-03-31,PREVIOUS_UNMAPPED,,TMPV
2023-02-17,2023-03-31,PREVIOUS_UNMAPPED,,JSWDULUX
2023-02-17,2023-03-31,PREVIOUS_UNMAPPED,,UNITDSPR
2023-02-17,2023-03-31,PREVIOUS_UNMAPPED,,ABREL
2023-02-17,2023-03-31,PREVIOUS_UNMAPPED,,SWANCORP
2023-02-17,2023-03-31,PREVIOUS_UNMAPPED,,WELSPUNLIV
2023-02-17,2023-03-31,PREVIOUS_UNMAPPED,,ADANIENSOL
2023-02-17,2023-03-31,PREVIOUS_UNMAPPED,,ARE&M
2023-02-17,2023-03-31,PREVIOUS_UNMAPPED,,AEGISLOG
2023-02-17,2023-03-31,PREVIOUS_UNMAPPED,,KPIL
2023-02-17,2023-03-31,PREVIOUS_UNMAPPED,,GVT&D
2023-02-17,2023-03-31,PREVIOUS_UNMAPPED,,COHANCE
2023-02-17,2023-03-31,PREVIOUS_UNMAPPED,,HBLENGINE
2023-02-17,2023-03-31,PREVIOUS_UNMAPPED,,SAMMAANCAP
2023-02-17,2023-03-31,PREVIOUS_UNMAPPED,,LTM
2023-02-17,2023-03-31,PREVIOUS_UNMAPPED,,ETERNAL
2023-02-17,2023-03-31,PREVIOUS_UNMAPPED,,GMRAIRPORT
2023-02-17,2023-03-31,PREVIOUS_UNMAPPED,,PVRINOX
2023-03-31,2023-04-01,OFFICIAL_ONLY,NSE_092A1C3253B4,TATAMOTORS
2023-03-31,2023-04-01,OFFICIAL_ONLY,NSE_0A208E331D8C,MAHINDCIE
2023-03-31,2023-04-01,OFFICIAL_ONLY,NSE_2216670637F8,WELSPUNIND
2023-03-31,2023-04-01,OFFICIAL_ONLY,NSE_22A49E238B39,GMRINFRA
2023-03-31,2023-04-01,OFFICIAL_ONLY,NSE_238128DD84D9,MSUMI
2023-03-31,2023-04-01,OFFICIAL_ONLY,NSE_7451BDA5B83F,AEGISCHEM
2023-03-31,2023-04-01,OFFICIAL_ONLY,NSE_7BD208D47A49,MCDOWELL-N
2023-03-31,2023-04-01,OFFICIAL_ONLY,NSE_8B1A9BBDE5E6,PRSMJOHNSN
2023-03-31,2023-04-01,OFFICIAL_ONLY,NSE_8EB4140F9B6D,ZOMATO
2023-03-31,2023-04-01,OFFICIAL_ONLY,NSE_9E788BED7AEF,KALPATPOWR
2023-03-31,2023-04-01,OFFICIAL_ONLY,NSE_A3D7B6571FE8,ADANITRANS
2023-03-31,2023-04-01,OFFICIAL_ONLY,NSE_B3E526664FC0,AMARAJABAT
2023-03-31,2023-04-01,OFFICIAL_ONLY,NSE_B61709A06339,LTIM
2023-03-31,2023-04-01,OFFICIAL_ONLY,NSE_BDD195E0616C,SUVENPHAR
2023-03-31,2023-04-01,OFFICIAL_ONLY,NSE_D12898B9CF83,SWANENERGY
2023-03-31,2023-04-01,OFFICIAL_ONLY,NSE_D3148EEB7BF0,IBULHSGFIN
2023-03-31,2023-04-01,OFFICIAL_ONLY,NSE_D8A31493DD0A,TATAMTRDVR
2023-03-31,2023-04-01,OFFICIAL_ONLY,NSE_F0AC6C0DF830,CENTURYTEX
2023-03-31,2023-04-01,OFFICIAL_ONLY,NSE_F5B77D59A62C,L&TFH
2023-03-31,2023-04-01,OFFICIAL_ONLY,NSE_F7FF721279AE,PVR
2023-03-31,2023-04-01,PREVIOUS_UNMAPPED,,EPIGRAL
2023-03-31,2023-04-01,PREVIOUS_UNMAPPED,,CIEINDIA
2023-03-31,2023-04-01,PREVIOUS_UNMAPPED,,LTF
2023-03-31,2023-04-01,PREVIOUS_UNMAPPED,,TMPV
2023-03-31,2023-04-01,PREVIOUS_UNMAPPED,,JSWDULUX
2023-03-31,2023-04-01,PREVIOUS_UNMAPPED,,UNITDSPR
2023-03-31,2023-04-01,PREVIOUS_UNMAPPED,,ABREL
2023-03-31,2023-04-01,PREVIOUS_UNMAPPED,,SWANCORP
2023-03-31,2023-04-01,PREVIOUS_UNMAPPED,,WELSPUNLIV
2023-03-31,2023-04-01,PREVIOUS_UNMAPPED,,ADANIENSOL
2023-03-31,2023-04-01,PREVIOUS_UNMAPPED,,ARE&M
2023-03-31,2023-04-01,PREVIOUS_UNMAPPED,,AEGISLOG
2023-03-31,2023-04-01,PREVIOUS_UNMAPPED,,KPIL
2023-03-31,2023-04-01,PREVIOUS_UNMAPPED,,GVT&D
2023-03-31,2023-04-01,PREVIOUS_UNMAPPED,,COHANCE
2023-03-31,2023-04-01,PREVIOUS_UNMAPPED,,HBLENGINE
2023-03-31,2023-04-01,PREVIOUS_UNMAPPED,,SAMMAANCAP
2023-03-31,2023-04-01,PREVIOUS_UNMAPPED,,LTM
2023-03-31,2023-04-01,PREVIOUS_UNMAPPED,,ETERNAL
2023-03-31,2023-04-01,PREVIOUS_UNMAPPED,,GMRAIRPORT
2023-03-31,2023-04-01,PREVIOUS_UNMAPPED,,PVRINOX
