effective_date,action,company_name,company_name_normalized,symbol,source_file,source_url,publication_date,match_method,source_sha256,review_status,security_id,identity_match_method,identity_candidate_count
2014-09-19,INCLUDE,Ajanta Pharmaceuticals Ltd.,AJANTAPHARMACEUTICALS,AJANTPHARM,ind_prs20082014.pdf,https://niftyindices.com/Press_Release/ind_prs20082014.pdf,2014-08-20,OFFICIAL_DATE_NAME,93accb9339e43fdb1683b2aa56cbef734d89b6beb43fa1506f94bc84efc7b2cc,OFFICIAL_EVIDENCE,NSE_790EA781FCF2,ACTIVE_DATE_MATCH,1
2014-09-19,INCLUDE,Apar Industries Ltd.,APARINDUSTRIES,APARINDS,ind_prs20082014.pdf,https://niftyindices.com/Press_Release/ind_prs20082014.pdf,2014-08-20,OFFICIAL_DATE_NAME,93accb9339e43fdb1683b2aa56cbef734d89b6beb43fa1506f94bc84efc7b2cc,OFFICIAL_EVIDENCE,NSE_05F316A71726,ACTIVE_DATE_MATCH,1
2014-09-19,INCLUDE,Alembic Pharmaceuticals Ltd.,ALEMBICPHARMACEUTICALS,APLLTD,ind_prs20082014.pdf,https://niftyindices.com/Press_Release/ind_prs20082014.pdf,2014-08-20,OFFICIAL_DATE_NAME,93accb9339e43fdb1683b2aa56cbef734d89b6beb43fa1506f94bc84efc7b2cc,OFFICIAL_EVIDENCE,NSE_4D6B580AA864,ACTIVE_DATE_MATCH,1
2014-09-19,INCLUDE,Ashoka Buildcon Ltd.,ASHOKABUILDCON,ASHOKA,ind_prs20082014.pdf,https://niftyindices.com/Press_Release/ind_prs20082014.pdf,2014-08-20,OFFICIAL_DATE_NAME,93accb9339e43fdb1683b2aa56cbef734d89b6beb43fa1506f94bc84efc7b2cc,OFFICIAL_EVIDENCE,NSE_7271BD099C26,ACTIVE_DATE_MATCH,1
2014-09-19,INCLUDE,Astral Poly Technik Ltd.,ASTRALPOLYTECHNIK,ASTRAL,ind_prs20082014.pdf,https://niftyindices.com/Press_Release/ind_prs20082014.pdf,2014-08-20,OFFICIAL_DATE_NAME,93accb9339e43fdb1683b2aa56cbef734d89b6beb43fa1506f94bc84efc7b2cc,OFFICIAL_EVIDENCE,NSE_27ED7EAB3326,ACTIVE_DATE_MATCH,1
2014-09-19,INCLUDE,Century Plyboards (India) Ltd.,CENTURYPLYBOARDSINDIA,CENTURYPLY,ind_prs20082014.pdf,https://niftyindices.com/Press_Release/ind_prs20082014.pdf,2014-08-20,OFFICIAL_DATE_NAME,93accb9339e43fdb1683b2aa56cbef734d89b6beb43fa1506f94bc84efc7b2cc,OFFICIAL_EVIDENCE,NSE_0C54BB903E03,ACTIVE_DATE_MATCH,1
2014-09-19,INCLUDE,Kitex Garments Ltd.,KITEXGARMENTS,KITEX,ind_prs20082014.pdf,https://niftyindices.com/Press_Release/ind_prs20082014.pdf,2014-08-20,OFFICIAL_DATE_NAME,93accb9339e43fdb1683b2aa56cbef734d89b6beb43fa1506f94bc84efc7b2cc,OFFICIAL_EVIDENCE,NSE_9A051282CA4A,ACTIVE_DATE_MATCH,1
2014-09-19,INCLUDE,Nitin Fire Protection Industries Ltd.,NITINFIREPROTECTIONINDUSTRIES,NITINFIRE,ind_prs20082014.pdf,https://niftyindices.com/Press_Release/ind_prs20082014.pdf,2014-08-20,OFFICIAL_DATE_NAME,93accb9339e43fdb1683b2aa56cbef734d89b6beb43fa1506f94bc84efc7b2cc,OFFICIAL_EVIDENCE,NSE_3B67FE1904B0,ACTIVE_DATE_MATCH,1
2014-09-19,INCLUDE,NOCIL Ltd.,NOCIL,NOCIL,ind_prs20082014.pdf,https://niftyindices.com/Press_Release/ind_prs20082014.pdf,2014-08-20,OFFICIAL_DATE_NAME,93accb9339e43fdb1683b2aa56cbef734d89b6beb43fa1506f94bc84efc7b2cc,OFFICIAL_EVIDENCE,NSE_B02D9BEB0D0A,ACTIVE_DATE_MATCH,1
2014-09-19,INCLUDE,Ratnamani Metals & Tubes Ltd.,RATNAMANIMETALSANDTUBES,RATNAMANI,ind_prs20082014.pdf,https://niftyindices.com/Press_Release/ind_prs20082014.pdf,2014-08-20,OFFICIAL_DATE_NAME,93accb9339e43fdb1683b2aa56cbef734d89b6beb43fa1506f94bc84efc7b2cc,OFFICIAL_EVIDENCE,NSE_55FFE606B7E2,ACTIVE_DATE_MATCH,1
2014-09-19,INCLUDE,Repco Home Finance Ltd.,REPCOHOMEFINANCE,REPCOHOME,ind_prs20082014.pdf,https://niftyindices.com/Press_Release/ind_prs20082014.pdf,2014-08-20,OFFICIAL_DATE_NAME,93accb9339e43fdb1683b2aa56cbef734d89b6beb43fa1506f94bc84efc7b2cc,OFFICIAL_EVIDENCE,NSE_2EAE81E9FD97,ACTIVE_DATE_MATCH,1
2014-09-19,INCLUDE,TV Today Network Ltd.,TVTODAYNETWORK,TVTODAY,ind_prs20082014.pdf,https://niftyindices.com/Press_Release/ind_prs20082014.pdf,2014-08-20,OFFICIAL_DATE_NAME,93accb9339e43fdb1683b2aa56cbef734d89b6beb43fa1506f94bc84efc7b2cc,OFFICIAL_EVIDENCE,NSE_1BF63B49C19E,ACTIVE_DATE_MATCH,1
2014-09-19,INCLUDE,Va Tech Wabag Ltd.,VATECHWABAG,WABAG,ind_prs20082014.pdf,https://niftyindices.com/Press_Release/ind_prs20082014.pdf,2014-08-20,OFFICIAL_DATE_NAME,93accb9339e43fdb1683b2aa56cbef734d89b6beb43fa1506f94bc84efc7b2cc,OFFICIAL_EVIDENCE,NSE_0636AF8D6821,ACTIVE_DATE_MATCH,1
2014-09-19,INCLUDE,Welspun Corp Ltd.,WELSPUNCORP,WELCORP,ind_prs20082014.pdf,https://niftyindices.com/Press_Release/ind_prs20082014.pdf,2014-08-20,OFFICIAL_DATE_NAME,93accb9339e43fdb1683b2aa56cbef734d89b6beb43fa1506f94bc84efc7b2cc,OFFICIAL_EVIDENCE,NSE_DD6A0E2BA440,ACTIVE_DATE_MATCH,1
2014-09-19,INCLUDE,Wheels India Ltd.,WHEELSINDIA,WHEELS,ind_prs20082014.pdf,https://niftyindices.com/Press_Release/ind_prs20082014.pdf,2014-08-20,OFFICIAL_DATE_NAME,93accb9339e43fdb1683b2aa56cbef734d89b6beb43fa1506f94bc84efc7b2cc,OFFICIAL_EVIDENCE,NSE_AE2862139B09,ACTIVE_DATE_MATCH,1
2014-09-19,EXCLUDE,Adani Power Ltd.,ADANIPOWER,ADANIPOWER,ind_prs20082014.pdf,https://niftyindices.com/Press_Release/ind_prs20082014.pdf,2014-08-20,OFFICIAL_DATE_NAME,93accb9339e43fdb1683b2aa56cbef734d89b6beb43fa1506f94bc84efc7b2cc,OFFICIAL_EVIDENCE,NSE_961E02880D58,ACTIVE_DATE_MATCH,1
2014-09-19,EXCLUDE,Aptech Ltd.,APTECH,APTECHT,ind_prs20082014.pdf,https://niftyindices.com/Press_Release/ind_prs20082014.pdf,2014-08-20,OFFICIAL_DATE_NAME,93accb9339e43fdb1683b2aa56cbef734d89b6beb43fa1506f94bc84efc7b2cc,OFFICIAL_EVIDENCE,NSE_B1E9367C5B99,ACTIVE_DATE_MATCH,1
2014-09-19,EXCLUDE,CORE Education & Technologies Ltd.,COREEDUCATIONANDTECHNOLOGIES,COREEDUTEC,ind_prs20082014.pdf,https://niftyindices.com/Press_Release/ind_prs20082014.pdf,2014-08-20,OFFICIAL_DATE_NAME,93accb9339e43fdb1683b2aa56cbef734d89b6beb43fa1506f94bc84efc7b2cc,OFFICIAL_EVIDENCE,NSE_1C6C6783C7E2,ACTIVE_DATE_MATCH,1
2014-09-19,EXCLUDE,Era Infra Engineering Ltd.,ERAINFRAENGINEERING,ERAINFRA,ind_prs20082014.pdf,https://niftyindices.com/Press_Release/ind_prs20082014.pdf,2014-08-20,OFFICIAL_DATE_NAME,93accb9339e43fdb1683b2aa56cbef734d89b6beb43fa1506f94bc84efc7b2cc,OFFICIAL_EVIDENCE,NSE_2E631416E138,ACTIVE_DATE_MATCH,1
2014-09-19,EXCLUDE,GOL Offshore Ltd.,GOLOFFSHORE,GTOFFSHORE,ind_prs20082014.pdf,https://niftyindices.com/Press_Release/ind_prs20082014.pdf,2014-08-20,OFFICIAL_DATE_NAME,93accb9339e43fdb1683b2aa56cbef734d89b6beb43fa1506f94bc84efc7b2cc,OFFICIAL_EVIDENCE,NSE_364A9E7B44C1,ACTIVE_DATE_MATCH,1
2014-09-19,EXCLUDE,India Glycols Ltd.,INDIAGLYCOLS,INDIAGLYCO,ind_prs20082014.pdf,https://niftyindices.com/Press_Release/ind_prs20082014.pdf,2014-08-20,OFFICIAL_DATE_NAME,93accb9339e43fdb1683b2aa56cbef734d89b6beb43fa1506f94bc84efc7b2cc,OFFICIAL_EVIDENCE,NSE_652D0FF5C575,ACTIVE_DATE_MATCH,1
2014-09-19,EXCLUDE,Indraprastha Medical Corporation Ltd.,INDRAPRASTHAMEDICALCORPORATION,INDRAMEDCO,ind_prs20082014.pdf,https://niftyindices.com/Press_Release/ind_prs20082014.pdf,2014-08-20,OFFICIAL_DATE_NAME,93accb9339e43fdb1683b2aa56cbef734d89b6beb43fa1506f94bc84efc7b2cc,OFFICIAL_EVIDENCE,NSE_D105ECB9BB5E,ACTIVE_DATE_MATCH,1
2014-09-19,EXCLUDE,Infinite Computer Solutions (India) Ltd,INFINITECOMPUTERSOLUTIONSINDIA,INFINITE,ind_prs20082014.pdf,https://niftyindices.com/Press_Release/ind_prs20082014.pdf,2014-08-20,OFFICIAL_DATE_NAME,93accb9339e43fdb1683b2aa56cbef734d89b6beb43fa1506f94bc84efc7b2cc,OFFICIAL_EVIDENCE,NSE_A419303521D6,ACTIVE_DATE_MATCH,1
2014-09-19,EXCLUDE,Man Infraconstruction Ltd.,MANINFRACONSTRUCTION,MANINFRA,ind_prs20082014.pdf,https://niftyindices.com/Press_Release/ind_prs20082014.pdf,2014-08-20,OFFICIAL_DATE_NAME,93accb9339e43fdb1683b2aa56cbef734d89b6beb43fa1506f94bc84efc7b2cc,OFFICIAL_EVIDENCE,NSE_79E6C5F02193,ACTIVE_DATE_MATCH,1
2014-09-19,EXCLUDE,United Spirits Ltd.,UNITEDSPIRITS,MCDOWELL-N,ind_prs20082014.pdf,https://niftyindices.com/Press_Release/ind_prs20082014.pdf,2014-08-20,OFFICIAL_DATE_NAME,93accb9339e43fdb1683b2aa56cbef734d89b6beb43fa1506f94bc84efc7b2cc,OFFICIAL_EVIDENCE,NSE_7BD208D47A49,ACTIVE_DATE_MATCH,1
2014-09-19,EXCLUDE,Orbit Corporation Ltd.,ORBITCORPORATION,ORBITCORP,ind_prs20082014.pdf,https://niftyindices.com/Press_Release/ind_prs20082014.pdf,2014-08-20,OFFICIAL_DATE_NAME,93accb9339e43fdb1683b2aa56cbef734d89b6beb43fa1506f94bc84efc7b2cc,OFFICIAL_EVIDENCE,NSE_3AFC08334F23,ACTIVE_DATE_MATCH,1
2014-09-19,EXCLUDE,Polaris Financial Technology Ltd.,POLARISFINANCIALTECHNOLOGY,POLARIS,ind_prs20082014.pdf,https://niftyindices.com/Press_Release/ind_prs20082014.pdf,2014-08-20,OFFICIAL_DATE_NAME,93accb9339e43fdb1683b2aa56cbef734d89b6beb43fa1506f94bc84efc7b2cc,OFFICIAL_EVIDENCE,NSE_A787B7252904,ACTIVE_DATE_MATCH,1
2014-09-19,EXCLUDE,S. Kumars Nationwide Ltd.,SKUMARSNATIONWIDE,SKUMARSYNF,ind_prs20082014.pdf,https://niftyindices.com/Press_Release/ind_prs20082014.pdf,2014-08-20,OFFICIAL_DATE_NAME,93accb9339e43fdb1683b2aa56cbef734d89b6beb43fa1506f94bc84efc7b2cc,OFFICIAL_EVIDENCE,NSE_824DBB53889B,ACTIVE_DATE_MATCH,1
2014-09-19,EXCLUDE,Tinplate Company of India Ltd.,TINPLATEOFINDIA,TINPLATE,ind_prs20082014.pdf,https://niftyindices.com/Press_Release/ind_prs20082014.pdf,2014-08-20,OFFICIAL_DATE_NAME,93accb9339e43fdb1683b2aa56cbef734d89b6beb43fa1506f94bc84efc7b2cc,OFFICIAL_EVIDENCE,NSE_74672BDAB0C4,ACTIVE_DATE_MATCH,1
2014-09-19,EXCLUDE,West Coast Paper Mills Ltd.,WESTCOASTPAPERMILLS,WSTCSTPAPR,ind_prs20082014.pdf,https://niftyindices.com/Press_Release/ind_prs20082014.pdf,2014-08-20,OFFICIAL_DATE_NAME,93accb9339e43fdb1683b2aa56cbef734d89b6beb43fa1506f94bc84efc7b2cc,OFFICIAL_EVIDENCE,NSE_5BF7C734A16F,ACTIVE_DATE_MATCH,1
2014-11-28,INCLUDE,Tilaknagar Industries Ltd.,TILAKNAGARINDUSTRIES,TI,ind_prs18112014.pdf,https://niftyindices.com/Press_Release/ind_prs18112014.pdf,2014-11-18,OFFICIAL_DATE_NAME,b2ed512a7facf076691aab7bfc3244a7758e751f66a7f56f2d7e394c0c42e4e7,OFFICIAL_EVIDENCE,NSE_30E8FCA5619B,ACTIVE_DATE_MATCH,1
2014-11-28,EXCLUDE,Ranbaxy Laboratories Ltd.,RANBAXYLABORATORIES,RANBAXY,ind_prs18112014.pdf,https://niftyindices.com/Press_Release/ind_prs18112014.pdf,2014-11-18,OFFICIAL_DATE_NAME,b2ed512a7facf076691aab7bfc3244a7758e751f66a7f56f2d7e394c0c42e4e7,OFFICIAL_EVIDENCE,NSE_D484E901E05E,ACTIVE_DATE_MATCH,1
2015-02-02,INCLUDE,Dynamatic Technologies Ltd.,DYNAMATICTECHNOLOGIES,DYNAMATECH,ind_prs21012015.pdf,https://niftyindices.com/Press_Release/ind_prs21012015.pdf,2015-01-21,OFFICIAL_DATE_NAME,01060f90ac8fd9919dbf0bf814f6cf8b93939f85cc1d1789a40cb581dbc85359,OFFICIAL_EVIDENCE,NSE_C449D23376D8,ACTIVE_DATE_MATCH,1
2015-02-02,INCLUDE,La Opala RG Ltd.,LAOPALARG,LAOPALA,ind_prs23012015.pdf,https://niftyindices.com/Press_Release/ind_prs23012015.pdf,2015-01-23,OFFICIAL_DATE_NAME,e6472350cb1369dcbacbbbb1d65a1b7c70aac7bc2faff1e008dc152d0f1acbcc,OFFICIAL_EVIDENCE,NSE_5C11B50967B3,ACTIVE_DATE_MATCH,1
2015-02-02,INCLUDE,MBL Infrastructures Ltd.,MBLINFRASTRUCTURES,MBLINFRA,ind_prs21012015.pdf,https://niftyindices.com/Press_Release/ind_prs21012015.pdf,2015-01-21,OFFICIAL_DATE_NAME,01060f90ac8fd9919dbf0bf814f6cf8b93939f85cc1d1789a40cb581dbc85359,OFFICIAL_EVIDENCE,NSE_40F417DAB497,ACTIVE_DATE_MATCH,1
2015-02-02,EXCLUDE,Arvind Ltd.,ARVIND,ARVIND,ind_prs23012015.pdf,https://niftyindices.com/Press_Release/ind_prs23012015.pdf,2015-01-23,OFFICIAL_DATE_NAME,e6472350cb1369dcbacbbbb1d65a1b7c70aac7bc2faff1e008dc152d0f1acbcc,OFFICIAL_EVIDENCE,NSE_C60D64EC58FE,ACTIVE_DATE_MATCH,1
2015-02-02,EXCLUDE,Gujarat Gas Co. Ltd.,GUJARATGAS,GUJRATGAS,ind_prs21012015.pdf,https://niftyindices.com/Press_Release/ind_prs21012015.pdf,2015-01-21,OFFICIAL_DATE_NAME,01060f90ac8fd9919dbf0bf814f6cf8b93939f85cc1d1789a40cb581dbc85359,OFFICIAL_EVIDENCE,NSE_436838D37F74,ACTIVE_DATE_MATCH,1
2015-02-02,EXCLUDE,ING Vysya Bank Ltd.,INGVYSYABANK,INGVYSYABK,ind_prs21012015.pdf,https://niftyindices.com/Press_Release/ind_prs21012015.pdf,2015-01-21,OFFICIAL_DATE_NAME,01060f90ac8fd9919dbf0bf814f6cf8b93939f85cc1d1789a40cb581dbc85359,OFFICIAL_EVIDENCE,NSE_18BAEEDF7BCF,ACTIVE_DATE_MATCH,1
2015-03-24,INCLUDE,ITD Cementation India Ltd.,ITDCEMENTATIONINDIA,ITDCEM,ind_prs18032015_2.pdf,https://niftyindices.com/Press_Release/ind_prs18032015_2.pdf,2015-03-18,OFFICIAL_DATE_NAME,7340886adc63d85ed67b86154443dfd14312bb63929a90948067730f62307fb6,OFFICIAL_EVIDENCE,NSE_7F8DECDBEDC8,ACTIVE_DATE_MATCH,1
2015-03-24,EXCLUDE,Balkrishna Industries Ltd.,BALKRISHNAINDUSTRIES,BALKRISIND,ind_prs18032015_2.pdf,https://niftyindices.com/Press_Release/ind_prs18032015_2.pdf,2015-03-18,OFFICIAL_DATE_NAME,7340886adc63d85ed67b86154443dfd14312bb63929a90948067730f62307fb6,OFFICIAL_EVIDENCE,NSE_DCA00C31EBFD,ACTIVE_DATE_MATCH,1
2015-03-27,INCLUDE,Future Consumer Enterprise Ltd.,FUTURECONSUMERENTERPRISE,FCEL,ind_prs20022015.pdf,https://niftyindices.com/Press_Release/ind_prs20022015.pdf,2015-02-20,OFFICIAL_DATE_NAME,1791032f6f60e3bb48fbcfdc1ea05258512038142182209688c050177c92ba2a,OFFICIAL_EVIDENCE,NSE_F111BB4114FB,ACTIVE_DATE_MATCH,1
2015-03-27,INCLUDE,Gulf Oil Lubricants India Ltd.,GULFOILLUBRICANTSINDIA,GULFOILLUB,ind_prs20022015.pdf,https://niftyindices.com/Press_Release/ind_prs20022015.pdf,2015-02-20,OFFICIAL_DATE_NAME,1791032f6f60e3bb48fbcfdc1ea05258512038142182209688c050177c92ba2a,OFFICIAL_EVIDENCE,NSE_D1A2AB285CE4,ACTIVE_DATE_MATCH,1
2015-03-27,INCLUDE,IFB Industries Ltd.,IFBINDUSTRIES,IFBIND,ind_prs20022015.pdf,https://niftyindices.com/Press_Release/ind_prs20022015.pdf,2015-02-20,OFFICIAL_DATE_NAME,1791032f6f60e3bb48fbcfdc1ea05258512038142182209688c050177c92ba2a,OFFICIAL_EVIDENCE,NSE_697267629832,ACTIVE_DATE_MATCH,1
2015-03-27,INCLUDE,J.K. Cement Ltd.,JKCEMENT,JKCEMENT,ind_prs20022015.pdf,https://niftyindices.com/Press_Release/ind_prs20022015.pdf,2015-02-20,OFFICIAL_DATE_NAME,1791032f6f60e3bb48fbcfdc1ea05258512038142182209688c050177c92ba2a,OFFICIAL_EVIDENCE,NSE_E4C7D1FEF3D3,ACTIVE_DATE_MATCH,1
2015-03-27,INCLUDE,KNR Constructions Ltd.,KNRCONSTRUCTIONS,KNRCON,ind_prs20022015.pdf,https://niftyindices.com/Press_Release/ind_prs20022015.pdf,2015-02-20,OFFICIAL_DATE_NAME,1791032f6f60e3bb48fbcfdc1ea05258512038142182209688c050177c92ba2a,OFFICIAL_EVIDENCE,NSE_AE25FA292E6D,ACTIVE_DATE_MATCH,1
2015-03-27,INCLUDE,K.P.R. Mill Ltd.,KPRMILL,KPRMILL,ind_prs20022015.pdf,https://niftyindices.com/Press_Release/ind_prs20022015.pdf,2015-02-20,OFFICIAL_DATE_NAME,1791032f6f60e3bb48fbcfdc1ea05258512038142182209688c050177c92ba2a,OFFICIAL_EVIDENCE,NSE_03C46C5018D2,ACTIVE_DATE_MATCH,1
2015-03-27,INCLUDE,LG Balakrishnan & Bros Ltd.,LGBALAKRISHNANANDBROS,LGBBROSLTD,ind_prs20022015.pdf,https://niftyindices.com/Press_Release/ind_prs20022015.pdf,2015-02-20,OFFICIAL_DATE_NAME,1791032f6f60e3bb48fbcfdc1ea05258512038142182209688c050177c92ba2a,OFFICIAL_EVIDENCE,NSE_50647847C4A3,ACTIVE_DATE_MATCH,1
2015-03-27,INCLUDE,Marksans Pharma Ltd.,MARKSANSPHARMA,MARKSANS,ind_prs20022015.pdf,https://niftyindices.com/Press_Release/ind_prs20022015.pdf,2015-02-20,OFFICIAL_DATE_NAME,1791032f6f60e3bb48fbcfdc1ea05258512038142182209688c050177c92ba2a,OFFICIAL_EVIDENCE,NSE_ED601A410747,ACTIVE_DATE_MATCH,1
2015-03-27,INCLUDE,Mayur Uniquoters Ltd.,MAYURUNIQUOTERS,MAYURUNIQ,ind_prs18032015_2.pdf,https://niftyindices.com/Press_Release/ind_prs18032015_2.pdf,2015-03-18,OFFICIAL_DATE_NAME,7340886adc63d85ed67b86154443dfd14312bb63929a90948067730f62307fb6,OFFICIAL_EVIDENCE,NSE_E8494F35C12B,ACTIVE_DATE_MATCH,1
2015-03-27,INCLUDE,United Spirits Ltd.,UNITEDSPIRITS,MCDOWELL-N,ind_prs20022015.pdf,https://niftyindices.com/Press_Release/ind_prs20022015.pdf,2015-02-20,OFFICIAL_DATE_NAME,1791032f6f60e3bb48fbcfdc1ea05258512038142182209688c050177c92ba2a,OFFICIAL_EVIDENCE,NSE_7BD208D47A49,ACTIVE_DATE_MATCH,1
2015-03-27,INCLUDE,Munjal Showa Ltd.,MUNJALSHOWA,MUNJALSHOW,ind_prs18032015_2.pdf,https://niftyindices.com/Press_Release/ind_prs18032015_2.pdf,2015-03-18,OFFICIAL_DATE_NAME,7340886adc63d85ed67b86154443dfd14312bb63929a90948067730f62307fb6,OFFICIAL_EVIDENCE,NSE_7E6BEA8882F4,ACTIVE_DATE_MATCH,1
2015-03-27,INCLUDE,NDTV Ltd.,NDTV,NDTV,ind_prs20022015.pdf,https://niftyindices.com/Press_Release/ind_prs20022015.pdf,2015-02-20,OFFICIAL_DATE_NAME,1791032f6f60e3bb48fbcfdc1ea05258512038142182209688c050177c92ba2a,OFFICIAL_EVIDENCE,NSE_BB7D75A98B81,ACTIVE_DATE_MATCH,1
2015-03-27,INCLUDE,Pennar Industries Ltd.,PENNARINDUSTRIES,PENIND,ind_prs20022015.pdf,https://niftyindices.com/Press_Release/ind_prs20022015.pdf,2015-02-20,OFFICIAL_DATE_NAME,1791032f6f60e3bb48fbcfdc1ea05258512038142182209688c050177c92ba2a,OFFICIAL_EVIDENCE,NSE_A21D36A1385B,ACTIVE_DATE_MATCH,1
2015-03-27,INCLUDE,Suven Life Sciences Ltd.,SUVENLIFESCIENCES,SUVEN,ind_prs18032015_2.pdf,https://niftyindices.com/Press_Release/ind_prs18032015_2.pdf,2015-03-18,OFFICIAL_DATE_NAME,7340886adc63d85ed67b86154443dfd14312bb63929a90948067730f62307fb6,OFFICIAL_EVIDENCE,NSE_3BC23EE3CDD9,ACTIVE_DATE_MATCH,1
2015-03-27,INCLUDE,Vinati Organics Ltd.,VINATIORGANICS,VINATIORGA,ind_prs20022015.pdf,https://niftyindices.com/Press_Release/ind_prs20022015.pdf,2015-02-20,OFFICIAL_DATE_NAME,1791032f6f60e3bb48fbcfdc1ea05258512038142182209688c050177c92ba2a,OFFICIAL_EVIDENCE,NSE_FD70F2989DA1,ACTIVE_DATE_MATCH,1
2015-03-27,EXCLUDE,CMC Ltd.,CMC,CMC,ind_prs18032015_2.pdf,https://niftyindices.com/Press_Release/ind_prs18032015_2.pdf,2015-03-18,OFFICIAL_DATE_NAME,7340886adc63d85ed67b86154443dfd14312bb63929a90948067730f62307fb6,OFFICIAL_EVIDENCE,NSE_FC570F474E2F,ACTIVE_DATE_MATCH,1
2015-03-27,EXCLUDE,DCW Ltd.,DCW,DCW,ind_prs20022015.pdf,https://niftyindices.com/Press_Release/ind_prs20022015.pdf,2015-02-20,OFFICIAL_DATE_NAME,1791032f6f60e3bb48fbcfdc1ea05258512038142182209688c050177c92ba2a,OFFICIAL_EVIDENCE,NSE_76C1B622359D,ACTIVE_DATE_MATCH,1
2015-03-27,EXCLUDE,Educomp Solutions Ltd.,EDUCOMPSOLUTIONS,EDUCOMP,ind_prs20022015.pdf,https://niftyindices.com/Press_Release/ind_prs20022015.pdf,2015-02-20,OFFICIAL_DATE_NAME,1791032f6f60e3bb48fbcfdc1ea05258512038142182209688c050177c92ba2a,OFFICIAL_EVIDENCE,NSE_4BCDA2331B3B,ACTIVE_DATE_MATCH,1
2015-03-27,EXCLUDE,Elder Pharmaceuticals Ltd.,ELDERPHARMACEUTICALS,ELDERPHARM,ind_prs20022015.pdf,https://niftyindices.com/Press_Release/ind_prs20022015.pdf,2015-02-20,OFFICIAL_DATE_NAME,1791032f6f60e3bb48fbcfdc1ea05258512038142182209688c050177c92ba2a,OFFICIAL_EVIDENCE,NSE_22269AA0FB3D,ACTIVE_DATE_MATCH,1
2015-03-27,EXCLUDE,Hubtown Ltd.,HUBTOWN,HUBTOWN,ind_prs20022015.pdf,https://niftyindices.com/Press_Release/ind_prs20022015.pdf,2015-02-20,OFFICIAL_DATE_NAME,1791032f6f60e3bb48fbcfdc1ea05258512038142182209688c050177c92ba2a,OFFICIAL_EVIDENCE,NSE_51509B72C100,ACTIVE_DATE_MATCH,1
2015-03-27,EXCLUDE,IL&FS Engineering and Construction Company Ltd.,ILANDFSENGINEERINGANDCONSTRUCTION,IL&FSENGG,ind_prs20022015.pdf,https://niftyindices.com/Press_Release/ind_prs20022015.pdf,2015-02-20,OFFICIAL_DATE_NAME,1791032f6f60e3bb48fbcfdc1ea05258512038142182209688c050177c92ba2a,OFFICIAL_EVIDENCE,NSE_256CD40487EB,ACTIVE_DATE_MATCH,1
2015-03-27,EXCLUDE,Indian Metals & Ferro Alloys Ltd.,INDIANMETALSANDFERROALLOYS,IMFA,ind_prs20022015.pdf,https://niftyindices.com/Press_Release/ind_prs20022015.pdf,2015-02-20,OFFICIAL_DATE_NAME,1791032f6f60e3bb48fbcfdc1ea05258512038142182209688c050177c92ba2a,OFFICIAL_EVIDENCE,NSE_25EEBCFD7004,ACTIVE_DATE_MATCH,1
2015-03-27,EXCLUDE,Lovable Lingerie Ltd.,LOVABLELINGERIE,LOVABLE,ind_prs20022015.pdf,https://niftyindices.com/Press_Release/ind_prs20022015.pdf,2015-02-20,OFFICIAL_DATE_NAME,1791032f6f60e3bb48fbcfdc1ea05258512038142182209688c050177c92ba2a,OFFICIAL_EVIDENCE,NSE_7CDA5DAD8C0C,ACTIVE_DATE_MATCH,1
2015-03-27,EXCLUDE,Mastek Ltd.,MASTEK,MASTEK,ind_prs18032015_2.pdf,https://niftyindices.com/Press_Release/ind_prs18032015_2.pdf,2015-03-18,OFFICIAL_DATE_NAME,7340886adc63d85ed67b86154443dfd14312bb63929a90948067730f62307fb6,OFFICIAL_EVIDENCE,NSE_71E0266D5F31,ACTIVE_DATE_MATCH,1
2015-03-27,EXCLUDE,Prime Focus Ltd,PRIMEFOCUS,PFOCUS,ind_prs20022015.pdf,https://niftyindices.com/Press_Release/ind_prs20022015.pdf,2015-02-20,OFFICIAL_DATE_NAME,1791032f6f60e3bb48fbcfdc1ea05258512038142182209688c050177c92ba2a,OFFICIAL_EVIDENCE,NSE_0D4C56FAB9A2,ACTIVE_DATE_MATCH,1
2015-03-27,EXCLUDE,Raj Television Network Ltd.,RAJTELEVISIONNETWORK,RAJTV,ind_prs20022015.pdf,https://niftyindices.com/Press_Release/ind_prs20022015.pdf,2015-02-20,OFFICIAL_DATE_NAME,1791032f6f60e3bb48fbcfdc1ea05258512038142182209688c050177c92ba2a,OFFICIAL_EVIDENCE,NSE_AF1487EA4B1C,ACTIVE_DATE_MATCH,1
2015-03-27,EXCLUDE,Rei Agro Ltd.,REIAGRO,REIAGROLTD,ind_prs20022015.pdf,https://niftyindices.com/Press_Release/ind_prs20022015.pdf,2015-02-20,OFFICIAL_DATE_NAME,1791032f6f60e3bb48fbcfdc1ea05258512038142182209688c050177c92ba2a,OFFICIAL_EVIDENCE,NSE_F08DF88997C8,ACTIVE_DATE_MATCH,1
2015-03-27,EXCLUDE,Shasun Pharmaceuticals Ltd.,SHASUNPHARMACEUTICALS,SHASUNPHAR,ind_prs18032015_2.pdf,https://niftyindices.com/Press_Release/ind_prs18032015_2.pdf,2015-03-18,OFFICIAL_DATE_NAME,7340886adc63d85ed67b86154443dfd14312bb63929a90948067730f62307fb6,OFFICIAL_EVIDENCE,NSE_86E36E8E07A0,ACTIVE_DATE_MATCH,1
2015-03-27,EXCLUDE,Tilaknagar Industries Ltd.,TILAKNAGARINDUSTRIES,TI,ind_prs20022015.pdf,https://niftyindices.com/Press_Release/ind_prs20022015.pdf,2015-02-20,OFFICIAL_DATE_NAME,1791032f6f60e3bb48fbcfdc1ea05258512038142182209688c050177c92ba2a,OFFICIAL_EVIDENCE,NSE_30E8FCA5619B,ACTIVE_DATE_MATCH,1
2015-03-27,EXCLUDE,Venky's (India) Ltd.,VENKYSINDIA,VENKEYS,ind_prs20022015.pdf,https://niftyindices.com/Press_Release/ind_prs20022015.pdf,2015-02-20,OFFICIAL_DATE_NAME,1791032f6f60e3bb48fbcfdc1ea05258512038142182209688c050177c92ba2a,OFFICIAL_EVIDENCE,NSE_F6D9EDF646AC,ACTIVE_DATE_MATCH,1
2015-05-29,INCLUDE,NATCO Pharma Ltd.,NATCOPHARMA,NATCOPHARM,ind_prs29042015.pdf,https://niftyindices.com/Press_Release/ind_prs29042015.pdf,2015-04-29,OFFICIAL_DATE_NAME,1797bdc3ed8600364c29fc540e78abc89a84cce891e8d2af5ba2e7aaf1c761bc,OFFICIAL_EVIDENCE,NSE_F2F6AF4ED925,ACTIVE_DATE_MATCH,1
2015-05-29,INCLUDE,Visagar Polytex Ltd.,VISAGARPOLYTEX,VIVIDHA,ind_prs29042015.pdf,https://niftyindices.com/Press_Release/ind_prs29042015.pdf,2015-04-29,OFFICIAL_DATE_NAME,1797bdc3ed8600364c29fc540e78abc89a84cce891e8d2af5ba2e7aaf1c761bc,OFFICIAL_EVIDENCE,NSE_22FC8142A6A2,ACTIVE_DATE_MATCH,1
2015-05-29,EXCLUDE,Adani Enterprises Ltd.,ADANIENTERPRISES,ADANIENT,ind_prs29042015.pdf,https://niftyindices.com/Press_Release/ind_prs29042015.pdf,2015-04-29,OFFICIAL_DATE_NAME,1797bdc3ed8600364c29fc540e78abc89a84cce891e8d2af5ba2e7aaf1c761bc,OFFICIAL_EVIDENCE,NSE_42CD50DCCBD6,ACTIVE_DATE_MATCH,1
2015-05-29,EXCLUDE,IDFC Ltd.,IDFC,IDFC,ind_prs29042015.pdf,https://niftyindices.com/Press_Release/ind_prs29042015.pdf,2015-04-29,OFFICIAL_DATE_NAME,1797bdc3ed8600364c29fc540e78abc89a84cce891e8d2af5ba2e7aaf1c761bc,OFFICIAL_EVIDENCE,NSE_1671B749B56F,ACTIVE_DATE_MATCH,1
2015-06-15,INCLUDE,Ceat Ltd.,CEAT,CEATLTD,ind_prs05062015.pdf,https://niftyindices.com/Press_Release/ind_prs05062015.pdf,2015-06-05,OFFICIAL_DATE_NAME,c023505c2fe3adc66832a9f9cb1ab698bf34580a69291e608e8459377e84cc0d,OFFICIAL_EVIDENCE,NSE_C7F339E43E8B,ACTIVE_DATE_MATCH,1
2015-06-15,EXCLUDE,Jindal Stainless Ltd.,JINDALSTAINLESS,JSL,ind_prs05062015.pdf,https://niftyindices.com/Press_Release/ind_prs05062015.pdf,2015-06-05,OFFICIAL_DATE_NAME,c023505c2fe3adc66832a9f9cb1ab698bf34580a69291e608e8459377e84cc0d,OFFICIAL_EVIDENCE,NSE_329ABD1F5CCD,ACTIVE_DATE_MATCH,1
2015-09-28,INCLUDE,Adani Power Ltd.,ADANIPOWER,ADANIPOWER,ind_prs12082015.pdf,https://niftyindices.com/Press_Release/ind_prs12082015.pdf,2015-08-12,OFFICIAL_DATE_NAME,c72ec6c885cf94732522b58e741440eb961f13ecb4e12bcb351fb95b93737f88,OFFICIAL_EVIDENCE,NSE_961E02880D58,ACTIVE_DATE_MATCH,1
2015-09-28,INCLUDE,Adlabs Entertainment Ltd.,ADLABSENTERTAINMENT,ADLABS,ind_prs24082015.pdf,https://niftyindices.com/Press_Release/ind_prs24082015.pdf,2015-08-24,OFFICIAL_DATE_NAME,fd2c85fb79d9d15c8e7758061320fd20a535e645a8be1c46a9ba0839785f09ac,OFFICIAL_EVIDENCE,NSE_4CBB5F1B54B4,ACTIVE_DATE_MATCH,1
2015-09-28,INCLUDE,Balkrishna Industries Ltd.,BALKRISHNAINDUSTRIES,BALKRISIND,ind_prs12082015.pdf,https://niftyindices.com/Press_Release/ind_prs12082015.pdf,2015-08-12,OFFICIAL_DATE_NAME,c72ec6c885cf94732522b58e741440eb961f13ecb4e12bcb351fb95b93737f88,OFFICIAL_EVIDENCE,NSE_DCA00C31EBFD,ACTIVE_DATE_MATCH,1
2015-09-28,INCLUDE,Camlin Fine Sciences Ltd.,CAMLINFINESCIENCES,CAMLINFINE,ind_prs12082015.pdf,https://niftyindices.com/Press_Release/ind_prs12082015.pdf,2015-08-12,OFFICIAL_DATE_NAME,c72ec6c885cf94732522b58e741440eb961f13ecb4e12bcb351fb95b93737f88,OFFICIAL_EVIDENCE,NSE_51A975E4F5EC,ACTIVE_DATE_MATCH,1
2015-09-28,INCLUDE,Eveready Industries India Ltd.,EVEREADYINDUSTRIESINDIA,EVEREADY,ind_prs24082015.pdf,https://niftyindices.com/Press_Release/ind_prs24082015.pdf,2015-08-24,OFFICIAL_DATE_NAME,fd2c85fb79d9d15c8e7758061320fd20a535e645a8be1c46a9ba0839785f09ac,OFFICIAL_EVIDENCE,NSE_305BA34187E0,ACTIVE_DATE_MATCH,1
2015-09-28,INCLUDE,Future Lifestyle Fashions Ltd.,FUTURELIFESTYLEFASHIONS,FLFL,ind_prs12082015.pdf,https://niftyindices.com/Press_Release/ind_prs12082015.pdf,2015-08-12,OFFICIAL_DATE_NAME,c72ec6c885cf94732522b58e741440eb961f13ecb4e12bcb351fb95b93737f88,OFFICIAL_EVIDENCE,NSE_3F39E4C95613,ACTIVE_DATE_MATCH,1
2015-09-28,INCLUDE,IL&FS Engineering and Construction Company Ltd.,ILANDFSENGINEERINGANDCONSTRUCTION,IL&FSENGG,ind_prs12082015.pdf,https://niftyindices.com/Press_Release/ind_prs12082015.pdf,2015-08-12,OFFICIAL_DATE_NAME,c72ec6c885cf94732522b58e741440eb961f13ecb4e12bcb351fb95b93737f88,OFFICIAL_EVIDENCE,NSE_256CD40487EB,ACTIVE_DATE_MATCH,1
2015-09-28,INCLUDE,Inox Wind Ltd.,INOXWIND,INOXWIND,ind_prs12082015.pdf,https://niftyindices.com/Press_Release/ind_prs12082015.pdf,2015-08-12,OFFICIAL_DATE_NAME,c72ec6c885cf94732522b58e741440eb961f13ecb4e12bcb351fb95b93737f88,OFFICIAL_EVIDENCE,NSE_98B5AF24A80B,ACTIVE_DATE_MATCH,1
2015-09-28,INCLUDE,KRBL Ltd.,KRBL,KRBL,ind_prs12082015.pdf,https://niftyindices.com/Press_Release/ind_prs12082015.pdf,2015-08-12,OFFICIAL_DATE_NAME,c72ec6c885cf94732522b58e741440eb961f13ecb4e12bcb351fb95b93737f88,OFFICIAL_EVIDENCE,NSE_C653EAD813FF,ACTIVE_DATE_MATCH,1
2015-09-28,INCLUDE,Metalyst Forgings Ltd.,METALYSTFORGINGS,METALFORGE,ind_prs12082015.pdf,https://niftyindices.com/Press_Release/ind_prs12082015.pdf,2015-08-12,OFFICIAL_DATE_NAME,c72ec6c885cf94732522b58e741440eb961f13ecb4e12bcb351fb95b93737f88,OFFICIAL_EVIDENCE,NSE_28824E5CE2B2,ACTIVE_DATE_MATCH,1
2015-09-28,INCLUDE,Orient Cement Ltd.,ORIENTCEMENT,ORIENTCEM,ind_prs12082015.pdf,https://niftyindices.com/Press_Release/ind_prs12082015.pdf,2015-08-12,OFFICIAL_DATE_NAME,c72ec6c885cf94732522b58e741440eb961f13ecb4e12bcb351fb95b93737f88,OFFICIAL_EVIDENCE,NSE_DDCC0F44FC44,ACTIVE_DATE_MATCH,1
2015-09-28,INCLUDE,Rico Auto Industries Ltd.,RICOAUTOINDUSTRIES,RICOAUTO,ind_prs12082015.pdf,https://niftyindices.com/Press_Release/ind_prs12082015.pdf,2015-08-12,OFFICIAL_DATE_NAME,c72ec6c885cf94732522b58e741440eb961f13ecb4e12bcb351fb95b93737f88,OFFICIAL_EVIDENCE,NSE_70BDB629EB71,ACTIVE_DATE_MATCH,1
2015-09-28,INCLUDE,Siti Cable Network Ltd.,SITICABLENETWORK,SITICABLE,ind_prs12082015.pdf,https://niftyindices.com/Press_Release/ind_prs12082015.pdf,2015-08-12,OFFICIAL_DATE_NAME,c72ec6c885cf94732522b58e741440eb961f13ecb4e12bcb351fb95b93737f88,OFFICIAL_EVIDENCE,NSE_AB2CD07E1D43,ACTIVE_DATE_MATCH,1
2015-09-28,INCLUDE,Srikalahasthi Pipes Ltd.,SRIKALAHASTHIPIPES,SRIPIPES,ind_prs12082015.pdf,https://niftyindices.com/Press_Release/ind_prs12082015.pdf,2015-08-12,OFFICIAL_DATE_NAME,c72ec6c885cf94732522b58e741440eb961f13ecb4e12bcb351fb95b93737f88,OFFICIAL_EVIDENCE,NSE_F161C38951CE,ACTIVE_DATE_MATCH,1
2015-09-28,INCLUDE,Symphony Ltd.,SYMPHONY,SYMPHONY,ind_prs12082015.pdf,https://niftyindices.com/Press_Release/ind_prs12082015.pdf,2015-08-12,OFFICIAL_DATE_NAME,c72ec6c885cf94732522b58e741440eb961f13ecb4e12bcb351fb95b93737f88,OFFICIAL_EVIDENCE,NSE_9832B5E11081,ACTIVE_DATE_MATCH,1
2015-09-28,INCLUDE,VRL Logistics Ltd.,VRLLOGISTICS,VRLLOG,ind_prs12082015.pdf,https://niftyindices.com/Press_Release/ind_prs12082015.pdf,2015-08-12,OFFICIAL_DATE_NAME,c72ec6c885cf94732522b58e741440eb961f13ecb4e12bcb351fb95b93737f88,OFFICIAL_EVIDENCE,NSE_4C0AC873F083,ACTIVE_DATE_MATCH,1
2015-09-28,EXCLUDE,Ansal Properties & Infrastructure Ltd.,ANSALPROPERTIESANDINFRASTRUCTURE,ANSALAPI,ind_prs12082015.pdf,https://niftyindices.com/Press_Release/ind_prs12082015.pdf,2015-08-12,OFFICIAL_DATE_NAME,c72ec6c885cf94732522b58e741440eb961f13ecb4e12bcb351fb95b93737f88,OFFICIAL_EVIDENCE,NSE_63D6527C95C7,ACTIVE_DATE_MATCH,1
2015-09-28,EXCLUDE,BGR Energy Systems Ltd,BGRENERGYSYSTEMS,BGRENERGY,ind_prs12082015.pdf,https://niftyindices.com/Press_Release/ind_prs12082015.pdf,2015-08-12,OFFICIAL_DATE_NAME,c72ec6c885cf94732522b58e741440eb961f13ecb4e12bcb351fb95b93737f88,OFFICIAL_EVIDENCE,NSE_D0ABB9249124,ACTIVE_DATE_MATCH,1
2015-09-28,EXCLUDE,Crompton Greaves Ltd.,CROMPTONGREAVES,CROMPGREAV,ind_prs24082015.pdf,https://niftyindices.com/Press_Release/ind_prs24082015.pdf,2015-08-24,OFFICIAL_DATE_NAME,fd2c85fb79d9d15c8e7758061320fd20a535e645a8be1c46a9ba0839785f09ac,OFFICIAL_EVIDENCE,NSE_812A4A064978,ACTIVE_DATE_MATCH,1
2015-09-28,EXCLUDE,Gammon India Ltd.,GAMMONINDIA,GAMMONIND,ind_prs12082015.pdf,https://niftyindices.com/Press_Release/ind_prs12082015.pdf,2015-08-12,OFFICIAL_DATE_NAME,c72ec6c885cf94732522b58e741440eb961f13ecb4e12bcb351fb95b93737f88,OFFICIAL_EVIDENCE,NSE_3677464F31DF,ACTIVE_DATE_MATCH,1
2015-09-28,EXCLUDE,Gujarat NRE Coke Ltd.,GUJARATNRECOKE,GUJNRECOKE,ind_prs12082015.pdf,https://niftyindices.com/Press_Release/ind_prs12082015.pdf,2015-08-12,OFFICIAL_DATE_NAME,c72ec6c885cf94732522b58e741440eb961f13ecb4e12bcb351fb95b93737f88,OFFICIAL_EVIDENCE,NSE_82022647EC12,ACTIVE_DATE_MATCH,1
2015-09-28,EXCLUDE,Hindustan Oil Exploration Co. Ltd.,HINDUSTANOILEXPLORATION,HINDOILEXP,ind_prs12082015.pdf,https://niftyindices.com/Press_Release/ind_prs12082015.pdf,2015-08-12,OFFICIAL_DATE_NAME,c72ec6c885cf94732522b58e741440eb961f13ecb4e12bcb351fb95b93737f88,OFFICIAL_EVIDENCE,NSE_221B7F10DD50,ACTIVE_DATE_MATCH,1
2015-09-28,EXCLUDE,Hotel Leela Venture Ltd.,HOTELLEELAVENTURE,HOTELEELA,ind_prs12082015.pdf,https://niftyindices.com/Press_Release/ind_prs12082015.pdf,2015-08-12,OFFICIAL_DATE_NAME,c72ec6c885cf94732522b58e741440eb961f13ecb4e12bcb351fb95b93737f88,OFFICIAL_EVIDENCE,NSE_2067B53F47F0,ACTIVE_DATE_MATCH,1
2015-09-28,EXCLUDE,IFB Industries Ltd.,IFBINDUSTRIES,IFBIND,ind_prs12082015.pdf,https://niftyindices.com/Press_Release/ind_prs12082015.pdf,2015-08-12,OFFICIAL_DATE_NAME,c72ec6c885cf94732522b58e741440eb961f13ecb4e12bcb351fb95b93737f88,OFFICIAL_EVIDENCE,NSE_697267629832,ACTIVE_DATE_MATCH,1
2015-09-28,EXCLUDE,Kesoram Industries Ltd.,KESORAMINDUSTRIES,KESORAMIND,ind_prs12082015.pdf,https://niftyindices.com/Press_Release/ind_prs12082015.pdf,2015-08-12,OFFICIAL_DATE_NAME,c72ec6c885cf94732522b58e741440eb961f13ecb4e12bcb351fb95b93737f88,OFFICIAL_EVIDENCE,NSE_4723627B4BA6,ACTIVE_DATE_MATCH,1
2015-09-28,EXCLUDE,Mangalore Chemicals & Fertilizers Ltd.,MANGALORECHEMICALSANDFERTILIZERS,MANGCHEFER,ind_prs12082015.pdf,https://niftyindices.com/Press_Release/ind_prs12082015.pdf,2015-08-12,OFFICIAL_DATE_NAME,c72ec6c885cf94732522b58e741440eb961f13ecb4e12bcb351fb95b93737f88,OFFICIAL_EVIDENCE,NSE_49220DD0F0D1,ACTIVE_DATE_MATCH,1
2015-09-28,EXCLUDE,Max India Ltd.,MAXINDIA,MAX,ind_prs24082015.pdf,https://niftyindices.com/Press_Release/ind_prs24082015.pdf,2015-08-24,OFFICIAL_DATE_NAME,fd2c85fb79d9d15c8e7758061320fd20a535e645a8be1c46a9ba0839785f09ac,OFFICIAL_EVIDENCE,NSE_98CBA18954BD,ACTIVE_DATE_MATCH,1
2015-09-28,EXCLUDE,Monnet Ispat and Energy Ltd.,MONNETISPATANDENERGY,MONNETISPA,ind_prs12082015.pdf,https://niftyindices.com/Press_Release/ind_prs12082015.pdf,2015-08-12,OFFICIAL_DATE_NAME,c72ec6c885cf94732522b58e741440eb961f13ecb4e12bcb351fb95b93737f88,OFFICIAL_EVIDENCE,NSE_244EC4566860,ACTIVE_DATE_MATCH,1
2015-09-28,EXCLUDE,Orchid Chemicals & Pharmaceuticals Ltd.,ORCHIDCHEMICALSANDPHARMACEUTICALS,ORCHIDCHEM,ind_prs12082015.pdf,https://niftyindices.com/Press_Release/ind_prs12082015.pdf,2015-08-12,OFFICIAL_DATE_NAME,c72ec6c885cf94732522b58e741440eb961f13ecb4e12bcb351fb95b93737f88,OFFICIAL_EVIDENCE,NSE_82E1D1C5880E,ACTIVE_DATE_MATCH,1
2015-09-28,EXCLUDE,Ramco Industries Ltd.,RAMCOINDUSTRIES,RAMCOIND,ind_prs12082015.pdf,https://niftyindices.com/Press_Release/ind_prs12082015.pdf,2015-08-12,OFFICIAL_DATE_NAME,c72ec6c885cf94732522b58e741440eb961f13ecb4e12bcb351fb95b93737f88,OFFICIAL_EVIDENCE,NSE_241E65AA24F6,ACTIVE_DATE_MATCH,1
2015-09-28,EXCLUDE,Rasoya Proteins Ltd.,RASOYAPROTEINS,RASOYPR,ind_prs12082015.pdf,https://niftyindices.com/Press_Release/ind_prs12082015.pdf,2015-08-12,OFFICIAL_DATE_NAME,c72ec6c885cf94732522b58e741440eb961f13ecb4e12bcb351fb95b93737f88,OFFICIAL_EVIDENCE,NSE_7110B3E95EA1,ACTIVE_DATE_MATCH,1
2015-09-28,EXCLUDE,RattanIndia Power Ltd.,RATTANINDIAPOWER,RTNPOWER,ind_prs12082015.pdf,https://niftyindices.com/Press_Release/ind_prs12082015.pdf,2015-08-12,OFFICIAL_DATE_NAME,c72ec6c885cf94732522b58e741440eb961f13ecb4e12bcb351fb95b93737f88,OFFICIAL_EVIDENCE,NSE_D8E4AC26C341,ACTIVE_DATE_MATCH,1
2015-10-19,INCLUDE,PNC Infratech Ltd.,PNCINFRATECH,PNCINFRA,ind_prs18092015.pdf,https://niftyindices.com/Press_Release/ind_prs18092015.pdf,2015-09-18,OFFICIAL_DATE_NAME,cad7d8b68b00cb53bf3f169ae4ff666046540ee0f0d9d529dd560b27ec880a2c,OFFICIAL_EVIDENCE,NSE_F174B12EB9D7,ACTIVE_DATE_MATCH,1
2015-10-19,EXCLUDE,Aditya Birla Nuvo Ltd.,ADITYABIRLANUVO,ABIRLANUVO,ind_prs18092015.pdf,https://niftyindices.com/Press_Release/ind_prs18092015.pdf,2015-09-18,OFFICIAL_DATE_NAME,cad7d8b68b00cb53bf3f169ae4ff666046540ee0f0d9d529dd560b27ec880a2c,OFFICIAL_EVIDENCE,NSE_D9A959B5F435,ACTIVE_DATE_MATCH,1
2015-12-14,INCLUDE,Arvind Ltd,ARVIND,ARVIND,ind_prs07122015.pdf,https://niftyindices.com/Press_Release/ind_prs07122015.pdf,2015-12-07,OFFICIAL_DATE_NAME,76f37ce69775f04eb2861bdb9aae345d285aefd27e7229f57cff56154f309e92,OFFICIAL_EVIDENCE,NSE_C60D64EC58FE,ACTIVE_DATE_MATCH,1
2015-12-14,INCLUDE,Gayatri Projects Ltd.,GAYATRIPROJECTS,GAYAPROJ,ind_prs07122015.pdf,https://niftyindices.com/Press_Release/ind_prs07122015.pdf,2015-12-07,OFFICIAL_DATE_NAME,76f37ce69775f04eb2861bdb9aae345d285aefd27e7229f57cff56154f309e92,OFFICIAL_EVIDENCE,NSE_1EDC5AB6BDE5,ACTIVE_DATE_MATCH,1
2015-12-14,EXCLUDE,Future Retail Ltd.,FUTURERETAIL,FRL,ind_prs07122015.pdf,https://niftyindices.com/Press_Release/ind_prs07122015.pdf,2015-12-07,OFFICIAL_DATE_NAME,76f37ce69775f04eb2861bdb9aae345d285aefd27e7229f57cff56154f309e92,OFFICIAL_EVIDENCE,NSE_EF0E9934D1DE,ACTIVE_DATE_MATCH,1
2015-12-14,EXCLUDE,Mandhana Industries Ltd.,MANDHANAINDUSTRIES,MANDHANA,ind_prs07122015.pdf,https://niftyindices.com/Press_Release/ind_prs07122015.pdf,2015-12-07,OFFICIAL_DATE_NAME,76f37ce69775f04eb2861bdb9aae345d285aefd27e7229f57cff56154f309e92,OFFICIAL_EVIDENCE,NSE_016878F56F2B,ACTIVE_DATE_MATCH,1
2016-01-18,INCLUDE,Schneider Electric Infrastructure Ltd.,SCHNEIDERELECTRICINFRASTRUCTURE,SCHNEIDER,ind_prs11012016.pdf,https://niftyindices.com/Press_Release/ind_prs11012016.pdf,2016-01-11,OFFICIAL_DATE_NAME,f6e83a2126309b22e013657e396560833adbeedba0446d14bdcef667af9c28f8,OFFICIAL_EVIDENCE,NSE_3CFB46E142F9,ACTIVE_DATE_MATCH,1
2016-01-18,EXCLUDE,Sterlite Technologies Ltd.,STERLITETECHNOLOGIES,STRTECH,ind_prs11012016.pdf,https://niftyindices.com/Press_Release/ind_prs11012016.pdf,2016-01-11,OFFICIAL_DATE_NAME,f6e83a2126309b22e013657e396560833adbeedba0446d14bdcef667af9c28f8,OFFICIAL_EVIDENCE,NSE_D8BF1C07E0AE,ACTIVE_DATE_MATCH,1
2016-04-01,INCLUDE,8K Miles Soft Services Ltd.,8KMILESSOFTSERVICES,8KMILES,ind_prs22022016_2.pdf,https://niftyindices.com/Press_Release/ind_prs22022016_2.pdf,2016-02-22,OFFICIAL_DATE_NAME,db2e4802e43b68fcbfbbf2cb03cb59c6d5f9ebf086ab6687d5a15daa45c2525f,OFFICIAL_EVIDENCE,NSE_4E27A558622E,ACTIVE_DATE_MATCH,1
2016-04-01,INCLUDE,Aarti Drugs Ltd.,AARTIDRUGS,AARTIDRUGS,ind_prs22022016_2.pdf,https://niftyindices.com/Press_Release/ind_prs22022016_2.pdf,2016-02-22,OFFICIAL_DATE_NAME,db2e4802e43b68fcbfbbf2cb03cb59c6d5f9ebf086ab6687d5a15daa45c2525f,OFFICIAL_EVIDENCE,NSE_6B14B0471978,ACTIVE_DATE_MATCH,1
2016-04-01,INCLUDE,Aditya Birla Fashion and Retail Ltd.,ADITYABIRLAFASHIONANDRETAIL,ABFRL,ind_prs22022016_2.pdf,https://niftyindices.com/Press_Release/ind_prs22022016_2.pdf,2016-02-22,OFFICIAL_DATE_NAME,db2e4802e43b68fcbfbbf2cb03cb59c6d5f9ebf086ab6687d5a15daa45c2525f,OFFICIAL_EVIDENCE,NSE_D6EC0847F646,ACTIVE_DATE_MATCH,1
2016-04-01,INCLUDE,Adani Enterprises Ltd.,ADANIENTERPRISES,ADANIENT,ind_prs22022016_2.pdf,https://niftyindices.com/Press_Release/ind_prs22022016_2.pdf,2016-02-22,OFFICIAL_DATE_NAME,db2e4802e43b68fcbfbbf2cb03cb59c6d5f9ebf086ab6687d5a15daa45c2525f,OFFICIAL_EVIDENCE,NSE_42CD50DCCBD6,ACTIVE_DATE_MATCH,1
2016-04-01,INCLUDE,Adani Transmission Ltd.,ADANITRANSMISSION,ADANITRANS,ind_prs22022016_2.pdf,https://niftyindices.com/Press_Release/ind_prs22022016_2.pdf,2016-02-22,OFFICIAL_DATE_NAME,db2e4802e43b68fcbfbbf2cb03cb59c6d5f9ebf086ab6687d5a15daa45c2525f,OFFICIAL_EVIDENCE,NSE_A3D7B6571FE8,ACTIVE_DATE_MATCH,1
2016-04-01,INCLUDE,Aegis Logistics Ltd.,AEGISLOGISTICS,AEGISCHEM,ind_prs22022016_2.pdf,https://niftyindices.com/Press_Release/ind_prs22022016_2.pdf,2016-02-22,OFFICIAL_DATE_NAME,db2e4802e43b68fcbfbbf2cb03cb59c6d5f9ebf086ab6687d5a15daa45c2525f,OFFICIAL_EVIDENCE,NSE_7451BDA5B83F,ACTIVE_DATE_MATCH,1
2016-04-01,INCLUDE,Ahluwalia Contracts (India) Ltd.,AHLUWALIACONTRACTSINDIA,AHLUCONT,ind_prs22022016_2.pdf,https://niftyindices.com/Press_Release/ind_prs22022016_2.pdf,2016-02-22,OFFICIAL_DATE_NAME,db2e4802e43b68fcbfbbf2cb03cb59c6d5f9ebf086ab6687d5a15daa45c2525f,OFFICIAL_EVIDENCE,NSE_3CD1CF512D16,ACTIVE_DATE_MATCH,1
2016-04-01,INCLUDE,Ashiana Housing Ltd.,ASHIANAHOUSING,ASHIANA,ind_prs22022016_2.pdf,https://niftyindices.com/Press_Release/ind_prs22022016_2.pdf,2016-02-22,OFFICIAL_DATE_NAME,db2e4802e43b68fcbfbbf2cb03cb59c6d5f9ebf086ab6687d5a15daa45c2525f,OFFICIAL_EVIDENCE,NSE_FEC6EA46148B,ACTIVE_DATE_MATCH,1
2016-04-01,INCLUDE,Avanti Feeds Ltd.,AVANTIFEEDS,AVANTIFEED,ind_prs22022016_2.pdf,https://niftyindices.com/Press_Release/ind_prs22022016_2.pdf,2016-02-22,OFFICIAL_DATE_NAME,db2e4802e43b68fcbfbbf2cb03cb59c6d5f9ebf086ab6687d5a15daa45c2525f,OFFICIAL_EVIDENCE,NSE_985104D9ABBA,ACTIVE_DATE_MATCH,1
2016-04-01,INCLUDE,BGR Energy Systems Ltd,BGRENERGYSYSTEMS,BGRENERGY,ind_prs22022016_2.pdf,https://niftyindices.com/Press_Release/ind_prs22022016_2.pdf,2016-02-22,OFFICIAL_DATE_NAME,db2e4802e43b68fcbfbbf2cb03cb59c6d5f9ebf086ab6687d5a15daa45c2525f,OFFICIAL_EVIDENCE,NSE_D0ABB9249124,ACTIVE_DATE_MATCH,1
2016-04-01,INCLUDE,Bliss GVS Pharma Ltd.,BLISSGVSPHARMA,BLISSGVS,ind_prs22022016_2.pdf,https://niftyindices.com/Press_Release/ind_prs22022016_2.pdf,2016-02-22,OFFICIAL_DATE_NAME,db2e4802e43b68fcbfbbf2cb03cb59c6d5f9ebf086ab6687d5a15daa45c2525f,OFFICIAL_EVIDENCE,NSE_7D44EE89941C,ACTIVE_DATE_MATCH,1
2016-04-01,INCLUDE,Bombay Rayon Fashions Ltd.,BOMBAYRAYONFASHIONS,BRFL,ind_prs22022016_2.pdf,https://niftyindices.com/Press_Release/ind_prs22022016_2.pdf,2016-02-22,OFFICIAL_DATE_NAME,db2e4802e43b68fcbfbbf2cb03cb59c6d5f9ebf086ab6687d5a15daa45c2525f,OFFICIAL_EVIDENCE,NSE_FBA9C5E2CF53,ACTIVE_DATE_MATCH,1
2016-04-01,INCLUDE,Caplin Point Laboratories Ltd.,CAPLINPOINTLABORATORIES,CAPLIPOINT,ind_prs22022016_2.pdf,https://niftyindices.com/Press_Release/ind_prs22022016_2.pdf,2016-02-22,OFFICIAL_DATE_NAME,db2e4802e43b68fcbfbbf2cb03cb59c6d5f9ebf086ab6687d5a15daa45c2525f,OFFICIAL_EVIDENCE,NSE_A508378B12ED,ACTIVE_DATE_MATCH,1
2016-04-01,INCLUDE,CCL Products (I) Ltd.,CCLPRODUCTSI,CCL,ind_prs22022016_2.pdf,https://niftyindices.com/Press_Release/ind_prs22022016_2.pdf,2016-02-22,OFFICIAL_DATE_NAME,db2e4802e43b68fcbfbbf2cb03cb59c6d5f9ebf086ab6687d5a15daa45c2525f,OFFICIAL_EVIDENCE,NSE_4CD9919938EF,ACTIVE_DATE_MATCH,1
2016-04-01,INCLUDE,Cera Sanitaryware Ltd,CERASANITARYWARE,CERA,ind_prs22022016_2.pdf,https://niftyindices.com/Press_Release/ind_prs22022016_2.pdf,2016-02-22,OFFICIAL_DATE_NAME,db2e4802e43b68fcbfbbf2cb03cb59c6d5f9ebf086ab6687d5a15daa45c2525f,OFFICIAL_EVIDENCE,NSE_42FEBF5D9ADF,ACTIVE_DATE_MATCH,1
2016-04-01,INCLUDE,Dalmia Bharat Ltd.,DALMIABHARAT,DALMIABHA,ind_prs22022016_2.pdf,https://niftyindices.com/Press_Release/ind_prs22022016_2.pdf,2016-02-22,OFFICIAL_DATE_NAME,db2e4802e43b68fcbfbbf2cb03cb59c6d5f9ebf086ab6687d5a15daa45c2525f,OFFICIAL_EVIDENCE,NSE_DB429E3D7562,ACTIVE_DATE_MATCH,1
2016-04-01,INCLUDE,Dhanuka Agritech Ltd.,DHANUKAAGRITECH,DHANUKA,ind_prs22022016_2.pdf,https://niftyindices.com/Press_Release/ind_prs22022016_2.pdf,2016-02-22,OFFICIAL_DATE_NAME,db2e4802e43b68fcbfbbf2cb03cb59c6d5f9ebf086ab6687d5a15daa45c2525f,OFFICIAL_EVIDENCE,NSE_9891A0739E64,ACTIVE_DATE_MATCH,1
2016-04-01,INCLUDE,Dish TV India Ltd.,DISHTVINDIA,DISHTV,ind_prs22022016_2.pdf,https://niftyindices.com/Press_Release/ind_prs22022016_2.pdf,2016-02-22,OFFICIAL_DATE_NAME,db2e4802e43b68fcbfbbf2cb03cb59c6d5f9ebf086ab6687d5a15daa45c2525f,OFFICIAL_EVIDENCE,NSE_0CDA14210E4D,ACTIVE_DATE_MATCH,1
2016-04-01,INCLUDE,Global Offshore Services Ltd.,GLOBALOFFSHORESERVICES,GLOBOFFS,ind_prs22022016_2.pdf,https://niftyindices.com/Press_Release/ind_prs22022016_2.pdf,2016-02-22,OFFICIAL_DATE_NAME,db2e4802e43b68fcbfbbf2cb03cb59c6d5f9ebf086ab6687d5a15daa45c2525f,OFFICIAL_EVIDENCE,NSE_9967D614421D,ACTIVE_DATE_MATCH,1
2016-04-01,INCLUDE,Granules India Ltd.,GRANULESINDIA,GRANULES,ind_prs22022016_2.pdf,https://niftyindices.com/Press_Release/ind_prs22022016_2.pdf,2016-02-22,OFFICIAL_DATE_NAME,db2e4802e43b68fcbfbbf2cb03cb59c6d5f9ebf086ab6687d5a15daa45c2525f,OFFICIAL_EVIDENCE,NSE_148E052CEC64,ACTIVE_DATE_MATCH,1
2016-04-01,INCLUDE,Greenply Industries Ltd.,GREENPLYINDUSTRIES,GREENPLY,ind_prs22022016_2.pdf,https://niftyindices.com/Press_Release/ind_prs22022016_2.pdf,2016-02-22,OFFICIAL_DATE_NAME,db2e4802e43b68fcbfbbf2cb03cb59c6d5f9ebf086ab6687d5a15daa45c2525f,OFFICIAL_EVIDENCE,NSE_E33BF28052EC,ACTIVE_DATE_MATCH,1
2016-04-01,INCLUDE,Grindwell Norton Ltd.,GRINDWELLNORTON,GRINDWELL,ind_prs22022016_2.pdf,https://niftyindices.com/Press_Release/ind_prs22022016_2.pdf,2016-02-22,OFFICIAL_DATE_NAME,db2e4802e43b68fcbfbbf2cb03cb59c6d5f9ebf086ab6687d5a15daa45c2525f,OFFICIAL_EVIDENCE,NSE_5405849154DD,ACTIVE_DATE_MATCH,1
2016-04-01,INCLUDE,Gujarat Gas Ltd.,GUJARATGAS,GUJGASLTD,ind_prs22022016_2.pdf,https://niftyindices.com/Press_Release/ind_prs22022016_2.pdf,2016-02-22,OFFICIAL_DATE_NAME,db2e4802e43b68fcbfbbf2cb03cb59c6d5f9ebf086ab6687d5a15daa45c2525f,OFFICIAL_EVIDENCE,NSE_46A3EC428CE2,ACTIVE_DATE_MATCH,1
2016-04-01,INCLUDE,HeidelbergCement India Ltd.,HEIDELBERGCEMENTINDIA,HEIDELBERG,ind_prs22022016_2.pdf,https://niftyindices.com/Press_Release/ind_prs22022016_2.pdf,2016-02-22,OFFICIAL_DATE_NAME,db2e4802e43b68fcbfbbf2cb03cb59c6d5f9ebf086ab6687d5a15daa45c2525f,OFFICIAL_EVIDENCE,NSE_F10F8CF228CE,ACTIVE_DATE_MATCH,1
2016-04-01,INCLUDE,Hitachi Home & Life Solutions (India) Ltd.,HITACHIHOMEANDLIFESOLUTIONSINDIA,HITACHIHOM,ind_prs22022016_2.pdf,https://niftyindices.com/Press_Release/ind_prs22022016_2.pdf,2016-02-22,OFFICIAL_DATE_NAME,db2e4802e43b68fcbfbbf2cb03cb59c6d5f9ebf086ab6687d5a15daa45c2525f,OFFICIAL_EVIDENCE,NSE_85A771F24921,ACTIVE_DATE_MATCH,1
2016-04-01,INCLUDE,HMT Ltd.,HMT,HMT,ind_prs22022016_2.pdf,https://niftyindices.com/Press_Release/ind_prs22022016_2.pdf,2016-02-22,OFFICIAL_DATE_NAME,db2e4802e43b68fcbfbbf2cb03cb59c6d5f9ebf086ab6687d5a15daa45c2525f,OFFICIAL_EVIDENCE,NSE_C911E612925E,ACTIVE_DATE_MATCH,1
2016-04-01,INCLUDE,Hindustan Media Vent Ltd.,HINDUSTANMEDIAVENT,HMVL,ind_prs22022016_2.pdf,https://niftyindices.com/Press_Release/ind_prs22022016_2.pdf,2016-02-22,OFFICIAL_DATE_NAME,db2e4802e43b68fcbfbbf2cb03cb59c6d5f9ebf086ab6687d5a15daa45c2525f,OFFICIAL_EVIDENCE,NSE_914B18D01343,ACTIVE_DATE_MATCH,1
2016-04-01,INCLUDE,Hotel Leela Venture Ltd.,HOTELLEELAVENTURE,HOTELEELA,ind_prs22022016_2.pdf,https://niftyindices.com/Press_Release/ind_prs22022016_2.pdf,2016-02-22,OFFICIAL_DATE_NAME,db2e4802e43b68fcbfbbf2cb03cb59c6d5f9ebf086ab6687d5a15daa45c2525f,OFFICIAL_EVIDENCE,NSE_2067B53F47F0,ACTIVE_DATE_MATCH,1
2016-04-01,INCLUDE,Indo Count Industries Ltd.,INDOCOUNTINDUSTRIES,ICIL,ind_prs22022016_2.pdf,https://niftyindices.com/Press_Release/ind_prs22022016_2.pdf,2016-02-22,OFFICIAL_DATE_NAME,db2e4802e43b68fcbfbbf2cb03cb59c6d5f9ebf086ab6687d5a15daa45c2525f,OFFICIAL_EVIDENCE,NSE_41D6658A86E3,ACTIVE_DATE_MATCH,1
2016-04-01,INCLUDE,IDFC Ltd.,IDFC,IDFC,ind_prs22022016_2.pdf,https://niftyindices.com/Press_Release/ind_prs22022016_2.pdf,2016-02-22,OFFICIAL_DATE_NAME,db2e4802e43b68fcbfbbf2cb03cb59c6d5f9ebf086ab6687d5a15daa45c2525f,OFFICIAL_EVIDENCE,NSE_1671B749B56F,ACTIVE_DATE_MATCH,1
2016-04-01,INCLUDE,IFB Industries Ltd.,IFBINDUSTRIES,IFBIND,ind_prs22022016_2.pdf,https://niftyindices.com/Press_Release/ind_prs22022016_2.pdf,2016-02-22,OFFICIAL_DATE_NAME,db2e4802e43b68fcbfbbf2cb03cb59c6d5f9ebf086ab6687d5a15daa45c2525f,OFFICIAL_EVIDENCE,NSE_697267629832,ACTIVE_DATE_MATCH,1
2016-04-01,INCLUDE,Igarashi Motors India Ltd.,IGARASHIMOTORSINDIA,IGARASHI,ind_prs22022016_2.pdf,https://niftyindices.com/Press_Release/ind_prs22022016_2.pdf,2016-02-22,OFFICIAL_DATE_NAME,db2e4802e43b68fcbfbbf2cb03cb59c6d5f9ebf086ab6687d5a15daa45c2525f,OFFICIAL_EVIDENCE,NSE_DAE0D0015DDC,ACTIVE_DATE_MATCH,1
2016-04-01,INCLUDE,Indoco Remedies Ltd.,INDOCOREMEDIES,INDOCO,ind_prs22022016_2.pdf,https://niftyindices.com/Press_Release/ind_prs22022016_2.pdf,2016-02-22,OFFICIAL_DATE_NAME,db2e4802e43b68fcbfbbf2cb03cb59c6d5f9ebf086ab6687d5a15daa45c2525f,OFFICIAL_EVIDENCE,NSE_1957FAB1366F,ACTIVE_DATE_MATCH,1
2016-04-01,INCLUDE,Intellect Design Arena Ltd.,INTELLECTDESIGNARENA,INTELLECT,ind_prs22022016_2.pdf,https://niftyindices.com/Press_Release/ind_prs22022016_2.pdf,2016-02-22,OFFICIAL_DATE_NAME,db2e4802e43b68fcbfbbf2cb03cb59c6d5f9ebf086ab6687d5a15daa45c2525f,OFFICIAL_EVIDENCE,NSE_B3968699E9E2,ACTIVE_DATE_MATCH,1
2016-04-01,INCLUDE,International Paper APPM Ltd.,INTERNATIONALPAPERAPPM,IPAPPM,ind_prs22022016_2.pdf,https://niftyindices.com/Press_Release/ind_prs22022016_2.pdf,2016-02-22,OFFICIAL_DATE_NAME,db2e4802e43b68fcbfbbf2cb03cb59c6d5f9ebf086ab6687d5a15daa45c2525f,OFFICIAL_EVIDENCE,NSE_68E3F7F5879F,ACTIVE_DATE_MATCH,1
2016-04-01,INCLUDE,Jet Airways (India) Ltd.,JETAIRWAYSINDIA,JETAIRWAYS,ind_prs22022016_2.pdf,https://niftyindices.com/Press_Release/ind_prs22022016_2.pdf,2016-02-22,OFFICIAL_DATE_NAME,db2e4802e43b68fcbfbbf2cb03cb59c6d5f9ebf086ab6687d5a15daa45c2525f,OFFICIAL_EVIDENCE,NSE_A7A22C73AF33,ACTIVE_DATE_MATCH,1
2016-04-01,INCLUDE,Jindal Poly Films Ltd.,JINDALPOLYFILMS,JINDALPOLY,ind_prs22022016_2.pdf,https://niftyindices.com/Press_Release/ind_prs22022016_2.pdf,2016-02-22,OFFICIAL_DATE_NAME,db2e4802e43b68fcbfbbf2cb03cb59c6d5f9ebf086ab6687d5a15daa45c2525f,OFFICIAL_EVIDENCE,NSE_3E5680388E4E,ACTIVE_DATE_MATCH,1
2016-04-01,INCLUDE,JMT Auto Ltd.,JMTAUTO,JMTAUTOLTD,ind_prs22022016_2.pdf,https://niftyindices.com/Press_Release/ind_prs22022016_2.pdf,2016-02-22,OFFICIAL_DATE_NAME,db2e4802e43b68fcbfbbf2cb03cb59c6d5f9ebf086ab6687d5a15daa45c2525f,OFFICIAL_EVIDENCE,NSE_E26A501DCF72,ACTIVE_DATE_MATCH,1
2016-04-01,INCLUDE,Kesoram Industries Ltd.,KESORAMINDUSTRIES,KESORAMIND,ind_prs22022016_2.pdf,https://niftyindices.com/Press_Release/ind_prs22022016_2.pdf,2016-02-22,OFFICIAL_DATE_NAME,db2e4802e43b68fcbfbbf2cb03cb59c6d5f9ebf086ab6687d5a15daa45c2525f,OFFICIAL_EVIDENCE,NSE_4723627B4BA6,ACTIVE_DATE_MATCH,1
2016-04-01,INCLUDE,Kirloskar Oil Eng Ltd.,KIRLOSKAROILENG,KIRLOSENG,ind_prs22022016_2.pdf,https://niftyindices.com/Press_Release/ind_prs22022016_2.pdf,2016-02-22,OFFICIAL_DATE_NAME,db2e4802e43b68fcbfbbf2cb03cb59c6d5f9ebf086ab6687d5a15daa45c2525f,OFFICIAL_EVIDENCE,NSE_9B9A5379FE9C,ACTIVE_DATE_MATCH,1
2016-04-01,INCLUDE,Kwality Ltd.,KWALITY,KWALITY,ind_prs22022016_2.pdf,https://niftyindices.com/Press_Release/ind_prs22022016_2.pdf,2016-02-22,OFFICIAL_DATE_NAME,db2e4802e43b68fcbfbbf2cb03cb59c6d5f9ebf086ab6687d5a15daa45c2525f,OFFICIAL_EVIDENCE,NSE_08FB9B51264C,ACTIVE_DATE_MATCH,1
2016-04-01,INCLUDE,Mahindra CIE Automotive Ltd.,MAHINDRACIEAUTOMOTIVE,MAHINDCIE,ind_prs22022016_2.pdf,https://niftyindices.com/Press_Release/ind_prs22022016_2.pdf,2016-02-22,OFFICIAL_DATE_NAME,db2e4802e43b68fcbfbbf2cb03cb59c6d5f9ebf086ab6687d5a15daa45c2525f,OFFICIAL_EVIDENCE,NSE_0A208E331D8C,ACTIVE_DATE_MATCH,1
2016-04-01,INCLUDE,Manappuram Finance Ltd.,MANAPPURAMFINANCE,MANAPPURAM,ind_prs22022016_2.pdf,https://niftyindices.com/Press_Release/ind_prs22022016_2.pdf,2016-02-22,OFFICIAL_DATE_NAME,db2e4802e43b68fcbfbbf2cb03cb59c6d5f9ebf086ab6687d5a15daa45c2525f,OFFICIAL_EVIDENCE,NSE_BFBEFE6B6DB3,ACTIVE_DATE_MATCH,1
2016-04-01,INCLUDE,Manpasand Beverages Ltd.,MANPASANDBEVERAGES,MANPASAND,ind_prs22022016_2.pdf,https://niftyindices.com/Press_Release/ind_prs22022016_2.pdf,2016-02-22,OFFICIAL_DATE_NAME,db2e4802e43b68fcbfbbf2cb03cb59c6d5f9ebf086ab6687d5a15daa45c2525f,OFFICIAL_EVIDENCE,NSE_D4F3ADAA19EE,ACTIVE_DATE_MATCH,1
2016-04-01,INCLUDE,Minda Corporation Ltd.,MINDACORPORATION,MINDACORP,ind_prs22022016_2.pdf,https://niftyindices.com/Press_Release/ind_prs22022016_2.pdf,2016-02-22,OFFICIAL_DATE_NAME,db2e4802e43b68fcbfbbf2cb03cb59c6d5f9ebf086ab6687d5a15daa45c2525f,OFFICIAL_EVIDENCE,NSE_D92A46834C0F,ACTIVE_DATE_MATCH,1
2016-04-01,INCLUDE,Mahanagar Telephone Nigam Ltd.,MAHANAGARTELEPHONENIGAM,MTNL,ind_prs22022016_2.pdf,https://niftyindices.com/Press_Release/ind_prs22022016_2.pdf,2016-02-22,OFFICIAL_DATE_NAME,db2e4802e43b68fcbfbbf2cb03cb59c6d5f9ebf086ab6687d5a15daa45c2525f,OFFICIAL_EVIDENCE,NSE_D10A18C00D0B,ACTIVE_DATE_MATCH,1
2016-04-01,INCLUDE,Navkar Corporation Ltd.,NAVKARCORPORATION,NAVKARCORP,ind_prs22022016_2.pdf,https://niftyindices.com/Press_Release/ind_prs22022016_2.pdf,2016-02-22,OFFICIAL_DATE_NAME,db2e4802e43b68fcbfbbf2cb03cb59c6d5f9ebf086ab6687d5a15daa45c2525f,OFFICIAL_EVIDENCE,NSE_E7C0FAEE3336,ACTIVE_DATE_MATCH,1
2016-04-01,INCLUDE,PC Jeweller Ltd.,PCJEWELLER,PCJEWELLER,ind_prs22022016_2.pdf,https://niftyindices.com/Press_Release/ind_prs22022016_2.pdf,2016-02-22,OFFICIAL_DATE_NAME,db2e4802e43b68fcbfbbf2cb03cb59c6d5f9ebf086ab6687d5a15daa45c2525f,OFFICIAL_EVIDENCE,NSE_F0FD06753A0C,ACTIVE_DATE_MATCH,1
2016-04-01,INCLUDE,Polaris Consulting & Services Ltd.,POLARISCONSULTINGANDSERVICES,POLARIS,ind_prs22022016_2.pdf,https://niftyindices.com/Press_Release/ind_prs22022016_2.pdf,2016-02-22,OFFICIAL_DATE_NAME,db2e4802e43b68fcbfbbf2cb03cb59c6d5f9ebf086ab6687d5a15daa45c2525f,OFFICIAL_EVIDENCE,NSE_A787B7252904,ACTIVE_DATE_MATCH,1
2016-04-01,INCLUDE,Ramco Systems Ltd.,RAMCOSYSTEMS,RAMCOSYS,ind_prs22022016_2.pdf,https://niftyindices.com/Press_Release/ind_prs22022016_2.pdf,2016-02-22,OFFICIAL_DATE_NAME,db2e4802e43b68fcbfbbf2cb03cb59c6d5f9ebf086ab6687d5a15daa45c2525f,OFFICIAL_EVIDENCE,NSE_D701BCB8CF79,ACTIVE_DATE_MATCH,1
2016-04-01,INCLUDE,Relaxo Footwears Ltd.,RELAXOFOOTWEARS,RELAXO,ind_prs22022016_2.pdf,https://niftyindices.com/Press_Release/ind_prs22022016_2.pdf,2016-02-22,OFFICIAL_DATE_NAME,db2e4802e43b68fcbfbbf2cb03cb59c6d5f9ebf086ab6687d5a15daa45c2525f,OFFICIAL_EVIDENCE,NSE_6C4CBD6F12EE,ACTIVE_DATE_MATCH,1
2016-04-01,INCLUDE,Ramkrishna Forgings Ltd.,RAMKRISHNAFORGINGS,RKFORGE,ind_prs22022016_2.pdf,https://niftyindices.com/Press_Release/ind_prs22022016_2.pdf,2016-02-22,OFFICIAL_DATE_NAME,db2e4802e43b68fcbfbbf2cb03cb59c6d5f9ebf086ab6687d5a15daa45c2525f,OFFICIAL_EVIDENCE,NSE_8D41A8008DA2,ACTIVE_DATE_MATCH,1
2016-04-01,INCLUDE,RattanIndia Power Ltd.,RATTANINDIAPOWER,RTNPOWER,ind_prs22022016_2.pdf,https://niftyindices.com/Press_Release/ind_prs22022016_2.pdf,2016-02-22,OFFICIAL_DATE_NAME,db2e4802e43b68fcbfbbf2cb03cb59c6d5f9ebf086ab6687d5a15daa45c2525f,OFFICIAL_EVIDENCE,NSE_D8E4AC26C341,ACTIVE_DATE_MATCH,1
2016-04-01,INCLUDE,Sadbhav Infrastructure Project Ltd.,SADBHAVINFRASTRUCTUREPROJECT,SADBHIN,ind_prs22022016_2.pdf,https://niftyindices.com/Press_Release/ind_prs22022016_2.pdf,2016-02-22,OFFICIAL_DATE_NAME,db2e4802e43b68fcbfbbf2cb03cb59c6d5f9ebf086ab6687d5a15daa45c2525f,OFFICIAL_EVIDENCE,NSE_759F0BD4CDE1,ACTIVE_DATE_MATCH,1
2016-04-01,INCLUDE,Sharda Cropchem Ltd.,SHARDACROPCHEM,SHARDACROP,ind_prs22022016_2.pdf,https://niftyindices.com/Press_Release/ind_prs22022016_2.pdf,2016-02-22,OFFICIAL_DATE_NAME,db2e4802e43b68fcbfbbf2cb03cb59c6d5f9ebf086ab6687d5a15daa45c2525f,OFFICIAL_EVIDENCE,NSE_AE697C87E3F3,ACTIVE_DATE_MATCH,1
2016-04-01,INCLUDE,Shilpa Medicare Ltd.,SHILPAMEDICARE,SHILPAMED,ind_prs22022016_2.pdf,https://niftyindices.com/Press_Release/ind_prs22022016_2.pdf,2016-02-22,OFFICIAL_DATE_NAME,db2e4802e43b68fcbfbbf2cb03cb59c6d5f9ebf086ab6687d5a15daa45c2525f,OFFICIAL_EVIDENCE,NSE_66EF9E74F5E3,ACTIVE_DATE_MATCH,1
2016-04-01,INCLUDE,SJVN Ltd.,SJVN,SJVN,ind_prs22022016_2.pdf,https://niftyindices.com/Press_Release/ind_prs22022016_2.pdf,2016-02-22,OFFICIAL_DATE_NAME,db2e4802e43b68fcbfbbf2cb03cb59c6d5f9ebf086ab6687d5a15daa45c2525f,OFFICIAL_EVIDENCE,NSE_7127DE38999E,ACTIVE_DATE_MATCH,1
2016-04-01,INCLUDE,SML Isuzu Ltd.,SMLISUZU,SMLISUZU,ind_prs22022016_2.pdf,https://niftyindices.com/Press_Release/ind_prs22022016_2.pdf,2016-02-22,OFFICIAL_DATE_NAME,db2e4802e43b68fcbfbbf2cb03cb59c6d5f9ebf086ab6687d5a15daa45c2525f,OFFICIAL_EVIDENCE,NSE_F2B25E44F3E5,ACTIVE_DATE_MATCH,1
2016-04-01,INCLUDE,Snowman Logistics Ltd.,SNOWMANLOGISTICS,SNOWMAN,ind_prs22022016_2.pdf,https://niftyindices.com/Press_Release/ind_prs22022016_2.pdf,2016-02-22,OFFICIAL_DATE_NAME,db2e4802e43b68fcbfbbf2cb03cb59c6d5f9ebf086ab6687d5a15daa45c2525f,OFFICIAL_EVIDENCE,NSE_015D3C811935,ACTIVE_DATE_MATCH,1
2016-04-01,INCLUDE,Solar Industries India Ltd.,SOLARINDUSTRIESINDIA,SOLARINDS,ind_prs22022016_2.pdf,https://niftyindices.com/Press_Release/ind_prs22022016_2.pdf,2016-02-22,OFFICIAL_DATE_NAME,db2e4802e43b68fcbfbbf2cb03cb59c6d5f9ebf086ab6687d5a15daa45c2525f,OFFICIAL_EVIDENCE,NSE_740B7EE9CB08,ACTIVE_DATE_MATCH,1
2016-04-01,INCLUDE,Somany Ceramics Ltd.,SOMANYCERAMICS,SOMANYCERA,ind_prs22022016_2.pdf,https://niftyindices.com/Press_Release/ind_prs22022016_2.pdf,2016-02-22,OFFICIAL_DATE_NAME,db2e4802e43b68fcbfbbf2cb03cb59c6d5f9ebf086ab6687d5a15daa45c2525f,OFFICIAL_EVIDENCE,NSE_FA96276A2517,ACTIVE_DATE_MATCH,1
2016-04-01,INCLUDE,State Trading Corporation of India Ltd.,STATETRADINGCORPORATIONOFINDIA,STCINDIA,ind_prs22022016_2.pdf,https://niftyindices.com/Press_Release/ind_prs22022016_2.pdf,2016-02-22,OFFICIAL_DATE_NAME,db2e4802e43b68fcbfbbf2cb03cb59c6d5f9ebf086ab6687d5a15daa45c2525f,OFFICIAL_EVIDENCE,NSE_D376FF14ECD7,ACTIVE_DATE_MATCH,1
2016-04-01,INCLUDE,Styrolution ABS (India) Ltd.,STYROLUTIONABSINDIA,STYABS,ind_prs22022016_2.pdf,https://niftyindices.com/Press_Release/ind_prs22022016_2.pdf,2016-02-22,OFFICIAL_DATE_NAME,db2e4802e43b68fcbfbbf2cb03cb59c6d5f9ebf086ab6687d5a15daa45c2525f,OFFICIAL_EVIDENCE,NSE_D9681303D25C,ACTIVE_DATE_MATCH,1
2016-04-01,INCLUDE,Syngene International Ltd.,SYNGENEINTERNATIONAL,SYNGENE,ind_prs22022016_2.pdf,https://niftyindices.com/Press_Release/ind_prs22022016_2.pdf,2016-02-22,OFFICIAL_DATE_NAME,db2e4802e43b68fcbfbbf2cb03cb59c6d5f9ebf086ab6687d5a15daa45c2525f,OFFICIAL_EVIDENCE,NSE_4B53EB5E333F,ACTIVE_DATE_MATCH,1
2016-04-01,INCLUDE,Take Solutions Ltd.,TAKESOLUTIONS,TAKE,ind_prs22022016_2.pdf,https://niftyindices.com/Press_Release/ind_prs22022016_2.pdf,2016-02-22,OFFICIAL_DATE_NAME,db2e4802e43b68fcbfbbf2cb03cb59c6d5f9ebf086ab6687d5a15daa45c2525f,OFFICIAL_EVIDENCE,NSE_15269CF9ABBD,ACTIVE_DATE_MATCH,1
2016-04-01,INCLUDE,Tata Motors Ltd DVR,TATAMOTORSDVR,TATAMTRDVR,ind_prs22022016_2.pdf,https://niftyindices.com/Press_Release/ind_prs22022016_2.pdf,2016-02-22,OFFICIAL_DATE_NAME,db2e4802e43b68fcbfbbf2cb03cb59c6d5f9ebf086ab6687d5a15daa45c2525f,OFFICIAL_EVIDENCE,NSE_D8A31493DD0A,ACTIVE_DATE_MATCH,1
2016-04-01,INCLUDE,Transport Corporation of India Ltd.,TRANSPORTCORPORATIONOFINDIA,TCI,ind_prs22022016_2.pdf,https://niftyindices.com/Press_Release/ind_prs22022016_2.pdf,2016-02-22,OFFICIAL_DATE_NAME,db2e4802e43b68fcbfbbf2cb03cb59c6d5f9ebf086ab6687d5a15daa45c2525f,OFFICIAL_EVIDENCE,NSE_B7616A734F2C,ACTIVE_DATE_MATCH,1
2016-04-01,INCLUDE,Texmaco Rail & Eng. Ltd.,TEXMACORAILANDENG,TEXRAIL,ind_prs22022016_2.pdf,https://niftyindices.com/Press_Release/ind_prs22022016_2.pdf,2016-02-22,OFFICIAL_DATE_NAME,db2e4802e43b68fcbfbbf2cb03cb59c6d5f9ebf086ab6687d5a15daa45c2525f,OFFICIAL_EVIDENCE,NSE_63EB9280D90F,ACTIVE_DATE_MATCH,1
2016-04-01,INCLUDE,Tide Water Oil (India) Ltd.,TIDEWATEROILINDIA,TIDEWATER,ind_prs22022016_2.pdf,https://niftyindices.com/Press_Release/ind_prs22022016_2.pdf,2016-02-22,OFFICIAL_DATE_NAME,db2e4802e43b68fcbfbbf2cb03cb59c6d5f9ebf086ab6687d5a15daa45c2525f,OFFICIAL_EVIDENCE,NSE_62907813BC36,ACTIVE_DATE_MATCH,1
2016-04-01,INCLUDE,Timken India Ltd.,TIMKENINDIA,TIMKEN,ind_prs22022016_2.pdf,https://niftyindices.com/Press_Release/ind_prs22022016_2.pdf,2016-02-22,OFFICIAL_DATE_NAME,db2e4802e43b68fcbfbbf2cb03cb59c6d5f9ebf086ab6687d5a15daa45c2525f,OFFICIAL_EVIDENCE,NSE_469926D3FD6A,ACTIVE_DATE_MATCH,1
2016-04-01,INCLUDE,Triveni Turbine Ltd.,TRIVENITURBINE,TRITURBINE,ind_prs22022016_2.pdf,https://niftyindices.com/Press_Release/ind_prs22022016_2.pdf,2016-02-22,OFFICIAL_DATE_NAME,db2e4802e43b68fcbfbbf2cb03cb59c6d5f9ebf086ab6687d5a15daa45c2525f,OFFICIAL_EVIDENCE,NSE_9CD0408E0E4C,ACTIVE_DATE_MATCH,1
2016-04-01,INCLUDE,Tata Teleservices (Maharashtra) Ltd.,TATATELESERVICESMAHARASHTRA,TTML,ind_prs22022016_2.pdf,https://niftyindices.com/Press_Release/ind_prs22022016_2.pdf,2016-02-22,OFFICIAL_DATE_NAME,db2e4802e43b68fcbfbbf2cb03cb59c6d5f9ebf086ab6687d5a15daa45c2525f,OFFICIAL_EVIDENCE,NSE_9BE1DE6AAF18,ACTIVE_DATE_MATCH,1
2016-04-01,INCLUDE,TVS Srichakra Ltd.,TVSSRICHAKRA,TVSSRICHAK,ind_prs22022016_2.pdf,https://niftyindices.com/Press_Release/ind_prs22022016_2.pdf,2016-02-22,OFFICIAL_DATE_NAME,db2e4802e43b68fcbfbbf2cb03cb59c6d5f9ebf086ab6687d5a15daa45c2525f,OFFICIAL_EVIDENCE,NSE_AD4461AE56EF,ACTIVE_DATE_MATCH,1
2016-04-01,INCLUDE,V-Guard Industries Ltd.,VGUARDINDUSTRIES,VGUARD,ind_prs22022016_2.pdf,https://niftyindices.com/Press_Release/ind_prs22022016_2.pdf,2016-02-22,OFFICIAL_DATE_NAME,db2e4802e43b68fcbfbbf2cb03cb59c6d5f9ebf086ab6687d5a15daa45c2525f,OFFICIAL_EVIDENCE,NSE_CE21025CD02D,ACTIVE_DATE_MATCH,1
2016-04-01,INCLUDE,Wonderla Holidays Ltd.,WONDERLAHOLIDAYS,WONDERLA,ind_prs22022016_2.pdf,https://niftyindices.com/Press_Release/ind_prs22022016_2.pdf,2016-02-22,OFFICIAL_DATE_NAME,db2e4802e43b68fcbfbbf2cb03cb59c6d5f9ebf086ab6687d5a15daa45c2525f,OFFICIAL_EVIDENCE,NSE_4C12111E25F6,ACTIVE_DATE_MATCH,1
2016-04-01,INCLUDE,Zee Learn Ltd.,ZEELEARN,ZEELEARN,ind_prs22022016_2.pdf,https://niftyindices.com/Press_Release/ind_prs22022016_2.pdf,2016-02-22,OFFICIAL_DATE_NAME,db2e4802e43b68fcbfbbf2cb03cb59c6d5f9ebf086ab6687d5a15daa45c2525f,OFFICIAL_EVIDENCE,NSE_D0658C86F917,ACTIVE_DATE_MATCH,1
2016-04-01,EXCLUDE,Adlabs Entertainment Ltd.,ADLABSENTERTAINMENT,ADLABS,ind_prs22022016_2.pdf,https://niftyindices.com/Press_Release/ind_prs22022016_2.pdf,2016-02-22,OFFICIAL_DATE_NAME,db2e4802e43b68fcbfbbf2cb03cb59c6d5f9ebf086ab6687d5a15daa45c2525f,OFFICIAL_EVIDENCE,NSE_4CBB5F1B54B4,ACTIVE_DATE_MATCH,1
2016-04-01,EXCLUDE,Asahi India Glass Ltd.,ASAHIINDIAGLASS,ASAHIINDIA,ind_prs22022016_2.pdf,https://niftyindices.com/Press_Release/ind_prs22022016_2.pdf,2016-02-22,OFFICIAL_DATE_NAME,db2e4802e43b68fcbfbbf2cb03cb59c6d5f9ebf086ab6687d5a15daa45c2525f,OFFICIAL_EVIDENCE,NSE_502982CDBAAD,ACTIVE_DATE_MATCH,1
2016-04-01,EXCLUDE,Agro Tech Foods Ltd.,AGROTECHFOODS,ATFL,ind_prs22022016_2.pdf,https://niftyindices.com/Press_Release/ind_prs22022016_2.pdf,2016-02-22,OFFICIAL_DATE_NAME,db2e4802e43b68fcbfbbf2cb03cb59c6d5f9ebf086ab6687d5a15daa45c2525f,OFFICIAL_EVIDENCE,NSE_83E296865792,ACTIVE_DATE_MATCH,1
2016-04-01,EXCLUDE,Automotive Axles Ltd.,AUTOMOTIVEAXLES,AUTOAXLES,ind_prs22022016_2.pdf,https://niftyindices.com/Press_Release/ind_prs22022016_2.pdf,2016-02-22,OFFICIAL_DATE_NAME,db2e4802e43b68fcbfbbf2cb03cb59c6d5f9ebf086ab6687d5a15daa45c2525f,OFFICIAL_EVIDENCE,NSE_B46CD836B94A,ACTIVE_DATE_MATCH,1
2016-04-01,EXCLUDE,Oswal Chemicals & Fertilizers Ltd.,OSWALCHEMICALSANDFERTILIZERS,BINDALAGRO,ind_prs22022016_2.pdf,https://niftyindices.com/Press_Release/ind_prs22022016_2.pdf,2016-02-22,OFFICIAL_DATE_NAME,db2e4802e43b68fcbfbbf2cb03cb59c6d5f9ebf086ab6687d5a15daa45c2525f,OFFICIAL_EVIDENCE,NSE_E5B9AB42956F,ACTIVE_DATE_MATCH,1
2016-04-01,EXCLUDE,Camlin Fine Sciences Ltd.,CAMLINFINESCIENCES,CAMLINFINE,ind_prs22022016_2.pdf,https://niftyindices.com/Press_Release/ind_prs22022016_2.pdf,2016-02-22,OFFICIAL_DATE_NAME,db2e4802e43b68fcbfbbf2cb03cb59c6d5f9ebf086ab6687d5a15daa45c2525f,OFFICIAL_EVIDENCE,NSE_51A975E4F5EC,ACTIVE_DATE_MATCH,1
2016-04-01,EXCLUDE,Carborundum Universal Ltd.,CARBORUNDUMUNIVERSAL,CARBORUNIV,ind_prs22022016_2.pdf,https://niftyindices.com/Press_Release/ind_prs22022016_2.pdf,2016-02-22,OFFICIAL_DATE_NAME,db2e4802e43b68fcbfbbf2cb03cb59c6d5f9ebf086ab6687d5a15daa45c2525f,OFFICIAL_EVIDENCE,NSE_46FD1DEB761F,ACTIVE_DATE_MATCH,1
2016-04-01,EXCLUDE,Century Enka Ltd.,CENTURYENKA,CENTENKA,ind_prs22022016_2.pdf,https://niftyindices.com/Press_Release/ind_prs22022016_2.pdf,2016-02-22,OFFICIAL_DATE_NAME,db2e4802e43b68fcbfbbf2cb03cb59c6d5f9ebf086ab6687d5a15daa45c2525f,OFFICIAL_EVIDENCE,NSE_5602EE99E050,ACTIVE_DATE_MATCH,1
2016-04-01,EXCLUDE,Dhanlaxmi Bank Ltd.,DHANLAXMIBANK,DHANBANK,ind_prs22022016_2.pdf,https://niftyindices.com/Press_Release/ind_prs22022016_2.pdf,2016-02-22,OFFICIAL_DATE_NAME,db2e4802e43b68fcbfbbf2cb03cb59c6d5f9ebf086ab6687d5a15daa45c2525f,OFFICIAL_EVIDENCE,NSE_B8C8A459A862,ACTIVE_DATE_MATCH,1
2016-04-01,EXCLUDE,Entertainment Network India Ltd.,ENTERTAINMENTNETWORKINDIA,ENIL,ind_prs22022016_2.pdf,https://niftyindices.com/Press_Release/ind_prs22022016_2.pdf,2016-02-22,OFFICIAL_DATE_NAME,db2e4802e43b68fcbfbbf2cb03cb59c6d5f9ebf086ab6687d5a15daa45c2525f,OFFICIAL_EVIDENCE,NSE_78493707FA85,ACTIVE_DATE_MATCH,1
2016-04-01,EXCLUDE,ESAB India Ltd.,ESABINDIA,ESABINDIA,ind_prs22022016_2.pdf,https://niftyindices.com/Press_Release/ind_prs22022016_2.pdf,2016-02-22,OFFICIAL_DATE_NAME,db2e4802e43b68fcbfbbf2cb03cb59c6d5f9ebf086ab6687d5a15daa45c2525f,OFFICIAL_EVIDENCE,NSE_C0628B35007C,ACTIVE_DATE_MATCH,1
2016-04-01,EXCLUDE,Flexituff International Ltd.,FLEXITUFFINTERNATIONAL,FLEXITUFF,ind_prs22022016_2.pdf,https://niftyindices.com/Press_Release/ind_prs22022016_2.pdf,2016-02-22,OFFICIAL_DATE_NAME,db2e4802e43b68fcbfbbf2cb03cb59c6d5f9ebf086ab6687d5a15daa45c2525f,OFFICIAL_EVIDENCE,NSE_70031FDFB6EF,ACTIVE_DATE_MATCH,1
2016-04-01,EXCLUDE,Federal-Mogul Goetze (India) Ltd.,FEDERALMOGULGOETZEINDIA,FMGOETZE,ind_prs22022016_2.pdf,https://niftyindices.com/Press_Release/ind_prs22022016_2.pdf,2016-02-22,OFFICIAL_DATE_NAME,db2e4802e43b68fcbfbbf2cb03cb59c6d5f9ebf086ab6687d5a15daa45c2525f,OFFICIAL_EVIDENCE,NSE_EFD7B6E7FD96,ACTIVE_DATE_MATCH,1
2016-04-01,EXCLUDE,Gabriel India Ltd.,GABRIELINDIA,GABRIEL,ind_prs22022016_2.pdf,https://niftyindices.com/Press_Release/ind_prs22022016_2.pdf,2016-02-22,OFFICIAL_DATE_NAME,db2e4802e43b68fcbfbbf2cb03cb59c6d5f9ebf086ab6687d5a15daa45c2525f,OFFICIAL_EVIDENCE,NSE_675CFCEE5D02,ACTIVE_DATE_MATCH,1
2016-04-01,EXCLUDE,Gammon Infrastructure Projects Ltd.,GAMMONINFRASTRUCTUREPROJECTS,GAMMNINFRA,ind_prs22022016_2.pdf,https://niftyindices.com/Press_Release/ind_prs22022016_2.pdf,2016-02-22,OFFICIAL_DATE_NAME,db2e4802e43b68fcbfbbf2cb03cb59c6d5f9ebf086ab6687d5a15daa45c2525f,OFFICIAL_EVIDENCE,NSE_5E4BFA7651A2,ACTIVE_DATE_MATCH,1
2016-04-01,EXCLUDE,Geojit BNP Paribas Financial Services Ltd.,GEOJITBNPPARIBASFINANCIALSERVICES,GEOJITBNPP,ind_prs22022016_2.pdf,https://niftyindices.com/Press_Release/ind_prs22022016_2.pdf,2016-02-22,OFFICIAL_DATE_NAME,db2e4802e43b68fcbfbbf2cb03cb59c6d5f9ebf086ab6687d5a15daa45c2525f,OFFICIAL_EVIDENCE,NSE_1FE8B4643571,ACTIVE_DATE_MATCH,1
2016-04-01,EXCLUDE,Geometric Ltd.,GEOMETRIC,GEOMETRIC,ind_prs22022016_2.pdf,https://niftyindices.com/Press_Release/ind_prs22022016_2.pdf,2016-02-22,OFFICIAL_DATE_NAME,db2e4802e43b68fcbfbbf2cb03cb59c6d5f9ebf086ab6687d5a15daa45c2525f,OFFICIAL_EVIDENCE,NSE_3CC9204EE206,ACTIVE_DATE_MATCH,1
2016-04-01,EXCLUDE,GHCL Ltd.,GHCL,GHCL,ind_prs22022016_2.pdf,https://niftyindices.com/Press_Release/ind_prs22022016_2.pdf,2016-02-22,OFFICIAL_DATE_NAME,db2e4802e43b68fcbfbbf2cb03cb59c6d5f9ebf086ab6687d5a15daa45c2525f,OFFICIAL_EVIDENCE,NSE_5D0160460CD9,ACTIVE_DATE_MATCH,1
2016-04-01,EXCLUDE,Gujarat Industries Power Co. Ltd.,GUJARATINDUSTRIESPOWER,GIPCL,ind_prs22022016_2.pdf,https://niftyindices.com/Press_Release/ind_prs22022016_2.pdf,2016-02-22,OFFICIAL_DATE_NAME,db2e4802e43b68fcbfbbf2cb03cb59c6d5f9ebf086ab6687d5a15daa45c2525f,OFFICIAL_EVIDENCE,NSE_D3F406024851,ACTIVE_DATE_MATCH,1
2016-04-01,EXCLUDE,Gitanjali Gems Ltd.,GITANJALIGEMS,GITANJALI,ind_prs22022016_2.pdf,https://niftyindices.com/Press_Release/ind_prs22022016_2.pdf,2016-02-22,OFFICIAL_DATE_NAME,db2e4802e43b68fcbfbbf2cb03cb59c6d5f9ebf086ab6687d5a15daa45c2525f,OFFICIAL_EVIDENCE,NSE_0711207C900A,ACTIVE_DATE_MATCH,1
2016-04-01,EXCLUDE,Gujarat Narmada Valley Fertilizers and Chemicals Ltd.,GUJARATNARMADAVALLEYFERTILIZERSANDCHEMICALS,GNFC,ind_prs22022016_2.pdf,https://niftyindices.com/Press_Release/ind_prs22022016_2.pdf,2016-02-22,OFFICIAL_DATE_NAME,db2e4802e43b68fcbfbbf2cb03cb59c6d5f9ebf086ab6687d5a15daa45c2525f,OFFICIAL_EVIDENCE,NSE_D448CCCD5389,ACTIVE_DATE_MATCH,1
2016-04-01,EXCLUDE,Graphite India Ltd.,GRAPHITEINDIA,GRAPHITE,ind_prs22022016_2.pdf,https://niftyindices.com/Press_Release/ind_prs22022016_2.pdf,2016-02-22,OFFICIAL_DATE_NAME,db2e4802e43b68fcbfbbf2cb03cb59c6d5f9ebf086ab6687d5a15daa45c2525f,OFFICIAL_EVIDENCE,NSE_0F72F66469D6,ACTIVE_DATE_MATCH,1
2016-04-01,EXCLUDE,GTL Infrastructure Ltd.,GTLINFRASTRUCTURE,GTLINFRA,ind_prs22022016_2.pdf,https://niftyindices.com/Press_Release/ind_prs22022016_2.pdf,2016-02-22,OFFICIAL_DATE_NAME,db2e4802e43b68fcbfbbf2cb03cb59c6d5f9ebf086ab6687d5a15daa45c2525f,OFFICIAL_EVIDENCE,NSE_9F5985EF710B,ACTIVE_DATE_MATCH,1
2016-04-01,EXCLUDE,Gujarat Alkalies & Chemicals Ltd.,GUJARATALKALIESANDCHEMICALS,GUJALKALI,ind_prs22022016_2.pdf,https://niftyindices.com/Press_Release/ind_prs22022016_2.pdf,2016-02-22,OFFICIAL_DATE_NAME,db2e4802e43b68fcbfbbf2cb03cb59c6d5f9ebf086ab6687d5a15daa45c2525f,OFFICIAL_EVIDENCE,NSE_9E4C0423BFF8,ACTIVE_DATE_MATCH,1
2016-04-01,EXCLUDE,Gulf Oil Lubricants India Ltd.,GULFOILLUBRICANTSINDIA,GULFOILLUB,ind_prs22022016_2.pdf,https://niftyindices.com/Press_Release/ind_prs22022016_2.pdf,2016-02-22,OFFICIAL_DATE_NAME,db2e4802e43b68fcbfbbf2cb03cb59c6d5f9ebf086ab6687d5a15daa45c2525f,OFFICIAL_EVIDENCE,NSE_D1A2AB285CE4,ACTIVE_DATE_MATCH,1
2016-04-01,EXCLUDE,H.E.G. Ltd.,HEG,HEG,ind_prs22022016_2.pdf,https://niftyindices.com/Press_Release/ind_prs22022016_2.pdf,2016-02-22,OFFICIAL_DATE_NAME,db2e4802e43b68fcbfbbf2cb03cb59c6d5f9ebf086ab6687d5a15daa45c2525f,OFFICIAL_EVIDENCE,NSE_2EF7833DA8D3,ACTIVE_DATE_MATCH,1
2016-04-01,EXCLUDE,Heritage Foods Ltd.,HERITAGEFOODS,HERITGFOOD,ind_prs22022016_2.pdf,https://niftyindices.com/Press_Release/ind_prs22022016_2.pdf,2016-02-22,OFFICIAL_DATE_NAME,db2e4802e43b68fcbfbbf2cb03cb59c6d5f9ebf086ab6687d5a15daa45c2525f,OFFICIAL_EVIDENCE,NSE_EEAD76022193,ACTIVE_DATE_MATCH,1
2016-04-01,EXCLUDE,Indiabulls Ventures Ltd.,INDIABULLSVENTURES,IBVENTURES,ind_prs22022016_2.pdf,https://niftyindices.com/Press_Release/ind_prs22022016_2.pdf,2016-02-22,OFFICIAL_DATE_NAME,db2e4802e43b68fcbfbbf2cb03cb59c6d5f9ebf086ab6687d5a15daa45c2525f,OFFICIAL_EVIDENCE,NSE_B0F020774F39,ACTIVE_DATE_MATCH,1
2016-04-01,EXCLUDE,IL&FS Engineering and Construction Company Ltd.,ILANDFSENGINEERINGANDCONSTRUCTION,IL&FSENGG,ind_prs22022016_2.pdf,https://niftyindices.com/Press_Release/ind_prs22022016_2.pdf,2016-02-22,OFFICIAL_DATE_NAME,db2e4802e43b68fcbfbbf2cb03cb59c6d5f9ebf086ab6687d5a15daa45c2525f,OFFICIAL_EVIDENCE,NSE_256CD40487EB,ACTIVE_DATE_MATCH,1
2016-04-01,EXCLUDE,ITD Cementation India Ltd.,ITDCEMENTATIONINDIA,ITDCEM,ind_prs22022016_2.pdf,https://niftyindices.com/Press_Release/ind_prs22022016_2.pdf,2016-02-22,OFFICIAL_DATE_NAME,db2e4802e43b68fcbfbbf2cb03cb59c6d5f9ebf086ab6687d5a15daa45c2525f,OFFICIAL_EVIDENCE,NSE_7F8DECDBEDC8,ACTIVE_DATE_MATCH,1
2016-04-01,EXCLUDE,IVRCL Ltd.,IVRCL,IVRCLINFRA,ind_prs22022016_2.pdf,https://niftyindices.com/Press_Release/ind_prs22022016_2.pdf,2016-02-22,OFFICIAL_DATE_NAME,db2e4802e43b68fcbfbbf2cb03cb59c6d5f9ebf086ab6687d5a15daa45c2525f,OFFICIAL_EVIDENCE,NSE_0C8E43FADDB8,ACTIVE_DATE_MATCH,1
2016-04-01,EXCLUDE,Jyoti Structures Ltd.,JYOTISTRUCTURES,JYOTISTRUC,ind_prs22022016_2.pdf,https://niftyindices.com/Press_Release/ind_prs22022016_2.pdf,2016-02-22,OFFICIAL_DATE_NAME,db2e4802e43b68fcbfbbf2cb03cb59c6d5f9ebf086ab6687d5a15daa45c2525f,OFFICIAL_EVIDENCE,NSE_BE847AB99029,ACTIVE_DATE_MATCH,1
2016-04-01,EXCLUDE,KCP Ltd.,KCP,KCP,ind_prs22022016_2.pdf,https://niftyindices.com/Press_Release/ind_prs22022016_2.pdf,2016-02-22,OFFICIAL_DATE_NAME,db2e4802e43b68fcbfbbf2cb03cb59c6d5f9ebf086ab6687d5a15daa45c2525f,OFFICIAL_EVIDENCE,NSE_EBAC40911065,ACTIVE_DATE_MATCH,1
2016-04-01,EXCLUDE,Kewal Kiran Clothing Ltd.,KEWALKIRANCLOTHING,KKCL,ind_prs22022016_2.pdf,https://niftyindices.com/Press_Release/ind_prs22022016_2.pdf,2016-02-22,OFFICIAL_DATE_NAME,db2e4802e43b68fcbfbbf2cb03cb59c6d5f9ebf086ab6687d5a15daa45c2525f,OFFICIAL_EVIDENCE,NSE_E6BC41F4E8C3,ACTIVE_DATE_MATCH,1
2016-04-01,EXCLUDE,KNR Constructions Ltd.,KNRCONSTRUCTIONS,KNRCON,ind_prs22022016_2.pdf,https://niftyindices.com/Press_Release/ind_prs22022016_2.pdf,2016-02-22,OFFICIAL_DATE_NAME,db2e4802e43b68fcbfbbf2cb03cb59c6d5f9ebf086ab6687d5a15daa45c2525f,OFFICIAL_EVIDENCE,NSE_AE25FA292E6D,ACTIVE_DATE_MATCH,1
2016-04-01,EXCLUDE,KSB Pumps Ltd.,KSBPUMPS,KSBPUMPS,ind_prs22022016_2.pdf,https://niftyindices.com/Press_Release/ind_prs22022016_2.pdf,2016-02-22,OFFICIAL_DATE_NAME,db2e4802e43b68fcbfbbf2cb03cb59c6d5f9ebf086ab6687d5a15daa45c2525f,OFFICIAL_EVIDENCE,NSE_7ADB1BE970F4,ACTIVE_DATE_MATCH,1
2016-04-01,EXCLUDE,LG Balakrishnan & Bros Ltd.,LGBALAKRISHNANANDBROS,LGBBROSLTD,ind_prs22022016_2.pdf,https://niftyindices.com/Press_Release/ind_prs22022016_2.pdf,2016-02-22,OFFICIAL_DATE_NAME,db2e4802e43b68fcbfbbf2cb03cb59c6d5f9ebf086ab6687d5a15daa45c2525f,OFFICIAL_EVIDENCE,NSE_50647847C4A3,ACTIVE_DATE_MATCH,1
2016-04-01,EXCLUDE,Linde India Ltd.,LINDEINDIA,LINDEINDIA,ind_prs22022016_2.pdf,https://niftyindices.com/Press_Release/ind_prs22022016_2.pdf,2016-02-22,OFFICIAL_DATE_NAME,db2e4802e43b68fcbfbbf2cb03cb59c6d5f9ebf086ab6687d5a15daa45c2525f,OFFICIAL_EVIDENCE,NSE_98B70630B94C,ACTIVE_DATE_MATCH,1
2016-04-01,EXCLUDE,Maharashtra Scooters Ltd.,MAHARASHTRASCOOTERS,MAHSCOOTER,ind_prs22022016_2.pdf,https://niftyindices.com/Press_Release/ind_prs22022016_2.pdf,2016-02-22,OFFICIAL_DATE_NAME,db2e4802e43b68fcbfbbf2cb03cb59c6d5f9ebf086ab6687d5a15daa45c2525f,OFFICIAL_EVIDENCE,NSE_E9CD94ECB13B,ACTIVE_DATE_MATCH,1
2016-04-01,EXCLUDE,Maharashtra Seamless Ltd.,MAHARASHTRASEAMLESS,MAHSEAMLES,ind_prs22022016_2.pdf,https://niftyindices.com/Press_Release/ind_prs22022016_2.pdf,2016-02-22,OFFICIAL_DATE_NAME,db2e4802e43b68fcbfbbf2cb03cb59c6d5f9ebf086ab6687d5a15daa45c2525f,OFFICIAL_EVIDENCE,NSE_D45E2178880F,ACTIVE_DATE_MATCH,1
2016-04-01,EXCLUDE,MBL Infrastructures Ltd.,MBLINFRASTRUCTURES,MBLINFRA,ind_prs22022016_2.pdf,https://niftyindices.com/Press_Release/ind_prs22022016_2.pdf,2016-02-22,OFFICIAL_DATE_NAME,db2e4802e43b68fcbfbbf2cb03cb59c6d5f9ebf086ab6687d5a15daa45c2525f,OFFICIAL_EVIDENCE,NSE_40F417DAB497,ACTIVE_DATE_MATCH,1
2016-04-01,EXCLUDE,Mercator Ltd.,MERCATOR,MERCATOR,ind_prs22022016_2.pdf,https://niftyindices.com/Press_Release/ind_prs22022016_2.pdf,2016-02-22,OFFICIAL_DATE_NAME,db2e4802e43b68fcbfbbf2cb03cb59c6d5f9ebf086ab6687d5a15daa45c2525f,OFFICIAL_EVIDENCE,NSE_63AB3F8FE7C5,ACTIVE_DATE_MATCH,1
2016-04-01,EXCLUDE,Metalyst Forgings Ltd.,METALYSTFORGINGS,METALFORGE,ind_prs22022016_2.pdf,https://niftyindices.com/Press_Release/ind_prs22022016_2.pdf,2016-02-22,OFFICIAL_DATE_NAME,db2e4802e43b68fcbfbbf2cb03cb59c6d5f9ebf086ab6687d5a15daa45c2525f,OFFICIAL_EVIDENCE,NSE_28824E5CE2B2,ACTIVE_DATE_MATCH,1
2016-04-01,EXCLUDE,MT Educare Ltd.,MTEDUCARE,MTEDUCARE,ind_prs22022016_2.pdf,https://niftyindices.com/Press_Release/ind_prs22022016_2.pdf,2016-02-22,OFFICIAL_DATE_NAME,db2e4802e43b68fcbfbbf2cb03cb59c6d5f9ebf086ab6687d5a15daa45c2525f,OFFICIAL_EVIDENCE,NSE_94DBF4CE7AC2,ACTIVE_DATE_MATCH,1
2016-04-01,EXCLUDE,Munjal Showa Ltd.,MUNJALSHOWA,MUNJALSHOW,ind_prs22022016_2.pdf,https://niftyindices.com/Press_Release/ind_prs22022016_2.pdf,2016-02-22,OFFICIAL_DATE_NAME,db2e4802e43b68fcbfbbf2cb03cb59c6d5f9ebf086ab6687d5a15daa45c2525f,OFFICIAL_EVIDENCE,NSE_7E6BEA8882F4,ACTIVE_DATE_MATCH,1
2016-04-01,EXCLUDE,Navneet Education Ltd.,NAVNEETEDUCATION,NAVNETEDUL,ind_prs22022016_2.pdf,https://niftyindices.com/Press_Release/ind_prs22022016_2.pdf,2016-02-22,OFFICIAL_DATE_NAME,db2e4802e43b68fcbfbbf2cb03cb59c6d5f9ebf086ab6687d5a15daa45c2525f,OFFICIAL_EVIDENCE,NSE_851A827BCF83,ACTIVE_DATE_MATCH,1
2016-04-01,EXCLUDE,Nava Bharat Ventures Ltd.,NAVABHARATVENTURES,NBVENTURES,ind_prs22022016_2.pdf,https://niftyindices.com/Press_Release/ind_prs22022016_2.pdf,2016-02-22,OFFICIAL_DATE_NAME,db2e4802e43b68fcbfbbf2cb03cb59c6d5f9ebf086ab6687d5a15daa45c2525f,OFFICIAL_EVIDENCE,NSE_8BBC0680BDBA,ACTIVE_DATE_MATCH,1
2016-04-01,EXCLUDE,NDTV Ltd.,NDTV,NDTV,ind_prs22022016_2.pdf,https://niftyindices.com/Press_Release/ind_prs22022016_2.pdf,2016-02-22,OFFICIAL_DATE_NAME,db2e4802e43b68fcbfbbf2cb03cb59c6d5f9ebf086ab6687d5a15daa45c2525f,OFFICIAL_EVIDENCE,NSE_BB7D75A98B81,ACTIVE_DATE_MATCH,1
2016-04-01,EXCLUDE,NIIT Ltd.,NIIT,NIITLTD,ind_prs22022016_2.pdf,https://niftyindices.com/Press_Release/ind_prs22022016_2.pdf,2016-02-22,OFFICIAL_DATE_NAME,db2e4802e43b68fcbfbbf2cb03cb59c6d5f9ebf086ab6687d5a15daa45c2525f,OFFICIAL_EVIDENCE,NSE_9AE82A200CBD,ACTIVE_DATE_MATCH,1
2016-04-01,EXCLUDE,NOCIL Ltd.,NOCIL,NOCIL,ind_prs22022016_2.pdf,https://niftyindices.com/Press_Release/ind_prs22022016_2.pdf,2016-02-22,OFFICIAL_DATE_NAME,db2e4802e43b68fcbfbbf2cb03cb59c6d5f9ebf086ab6687d5a15daa45c2525f,OFFICIAL_EVIDENCE,NSE_B02D9BEB0D0A,ACTIVE_DATE_MATCH,1
2016-04-01,EXCLUDE,Noida-Toll Bridge Co. Ltd.,NOIDATOLLBRIDGE,NOIDATOLL,ind_prs22022016_2.pdf,https://niftyindices.com/Press_Release/ind_prs22022016_2.pdf,2016-02-22,OFFICIAL_DATE_NAME,db2e4802e43b68fcbfbbf2cb03cb59c6d5f9ebf086ab6687d5a15daa45c2525f,OFFICIAL_EVIDENCE,NSE_15523813BD4A,ACTIVE_DATE_MATCH,1
2016-04-01,EXCLUDE,Opto Circuits (I) Ltd.,OPTOCIRCUITSI,OPTOCIRCUI,ind_prs22022016_2.pdf,https://niftyindices.com/Press_Release/ind_prs22022016_2.pdf,2016-02-22,OFFICIAL_DATE_NAME,db2e4802e43b68fcbfbbf2cb03cb59c6d5f9ebf086ab6687d5a15daa45c2525f,OFFICIAL_EVIDENCE,NSE_4C7DD340FFE0,ACTIVE_DATE_MATCH,1
2016-04-01,EXCLUDE,Patel Engineering Ltd.,PATELENGINEERING,PATELENG,ind_prs22022016_2.pdf,https://niftyindices.com/Press_Release/ind_prs22022016_2.pdf,2016-02-22,OFFICIAL_DATE_NAME,db2e4802e43b68fcbfbbf2cb03cb59c6d5f9ebf086ab6687d5a15daa45c2525f,OFFICIAL_EVIDENCE,NSE_7F8B1EBDE62B,ACTIVE_DATE_MATCH,1
2016-04-01,EXCLUDE,Pennar Industries Ltd.,PENNARINDUSTRIES,PENIND,ind_prs22022016_2.pdf,https://niftyindices.com/Press_Release/ind_prs22022016_2.pdf,2016-02-22,OFFICIAL_DATE_NAME,db2e4802e43b68fcbfbbf2cb03cb59c6d5f9ebf086ab6687d5a15daa45c2525f,OFFICIAL_EVIDENCE,NSE_A21D36A1385B,ACTIVE_DATE_MATCH,1
2016-04-01,EXCLUDE,Peninsula Land Ltd.,PENINSULALAND,PENINLAND,ind_prs22022016_2.pdf,https://niftyindices.com/Press_Release/ind_prs22022016_2.pdf,2016-02-22,OFFICIAL_DATE_NAME,db2e4802e43b68fcbfbbf2cb03cb59c6d5f9ebf086ab6687d5a15daa45c2525f,OFFICIAL_EVIDENCE,NSE_8E2A665067A2,ACTIVE_DATE_MATCH,1
2016-04-01,EXCLUDE,Prakash Industries Ltd.,PRAKASHINDUSTRIES,PRAKASH,ind_prs22022016_2.pdf,https://niftyindices.com/Press_Release/ind_prs22022016_2.pdf,2016-02-22,OFFICIAL_DATE_NAME,db2e4802e43b68fcbfbbf2cb03cb59c6d5f9ebf086ab6687d5a15daa45c2525f,OFFICIAL_EVIDENCE,NSE_400E6C0FE473,ACTIVE_DATE_MATCH,1
2016-04-01,EXCLUDE,Religare Enterprises Ltd.,RELIGAREENTERPRISES,RELIGARE,ind_prs22022016_2.pdf,https://niftyindices.com/Press_Release/ind_prs22022016_2.pdf,2016-02-22,OFFICIAL_DATE_NAME,db2e4802e43b68fcbfbbf2cb03cb59c6d5f9ebf086ab6687d5a15daa45c2525f,OFFICIAL_EVIDENCE,NSE_DE21F68BED21,ACTIVE_DATE_MATCH,1
2016-04-01,EXCLUDE,Rico Auto Industries Ltd.,RICOAUTOINDUSTRIES,RICOAUTO,ind_prs22022016_2.pdf,https://niftyindices.com/Press_Release/ind_prs22022016_2.pdf,2016-02-22,OFFICIAL_DATE_NAME,db2e4802e43b68fcbfbbf2cb03cb59c6d5f9ebf086ab6687d5a15daa45c2525f,OFFICIAL_EVIDENCE,NSE_70BDB629EB71,ACTIVE_DATE_MATCH,1
2016-04-01,EXCLUDE,State Bank of Travancore,STATEBANKOFTRAVANCORE,SBT,ind_prs22022016_2.pdf,https://niftyindices.com/Press_Release/ind_prs22022016_2.pdf,2016-02-22,OFFICIAL_DATE_NAME,db2e4802e43b68fcbfbbf2cb03cb59c6d5f9ebf086ab6687d5a15daa45c2525f,OFFICIAL_EVIDENCE,NSE_633BD53DAEC1,ACTIVE_DATE_MATCH,1
2016-04-01,EXCLUDE,S.E. Investments Ltd.,SEINVESTMENTS,SEINV,ind_prs22022016_2.pdf,https://niftyindices.com/Press_Release/ind_prs22022016_2.pdf,2016-02-22,OFFICIAL_DATE_NAME,db2e4802e43b68fcbfbbf2cb03cb59c6d5f9ebf086ab6687d5a15daa45c2525f,OFFICIAL_EVIDENCE,NSE_D57CF4D8191A,ACTIVE_DATE_MATCH,1
2016-04-01,EXCLUDE,Shanthi Gears Ltd.,SHANTHIGEARS,SHANTIGEAR,ind_prs22022016_2.pdf,https://niftyindices.com/Press_Release/ind_prs22022016_2.pdf,2016-02-22,OFFICIAL_DATE_NAME,db2e4802e43b68fcbfbbf2cb03cb59c6d5f9ebf086ab6687d5a15daa45c2525f,OFFICIAL_EVIDENCE,NSE_E9019530042D,ACTIVE_DATE_MATCH,1
2016-04-01,EXCLUDE,Shrenuj & Co. Ltd.,SHRENUJAND,SHRENUJ,ind_prs22022016_2.pdf,https://niftyindices.com/Press_Release/ind_prs22022016_2.pdf,2016-02-22,OFFICIAL_DATE_NAME,db2e4802e43b68fcbfbbf2cb03cb59c6d5f9ebf086ab6687d5a15daa45c2525f,OFFICIAL_EVIDENCE,NSE_9B813D17D74B,ACTIVE_DATE_MATCH,1
2016-04-01,EXCLUDE,Sona Koyo Steering Systems Ltd.,SONAKOYOSTEERINGSYSTEMS,SONASTEER,ind_prs22022016_2.pdf,https://niftyindices.com/Press_Release/ind_prs22022016_2.pdf,2016-02-22,OFFICIAL_DATE_NAME,db2e4802e43b68fcbfbbf2cb03cb59c6d5f9ebf086ab6687d5a15daa45c2525f,OFFICIAL_EVIDENCE,NSE_D00C1130DAE7,ACTIVE_DATE_MATCH,1
2016-04-01,EXCLUDE,Srikalahasthi Pipes Ltd.,SRIKALAHASTHIPIPES,SRIPIPES,ind_prs22022016_2.pdf,https://niftyindices.com/Press_Release/ind_prs22022016_2.pdf,2016-02-22,OFFICIAL_DATE_NAME,db2e4802e43b68fcbfbbf2cb03cb59c6d5f9ebf086ab6687d5a15daa45c2525f,OFFICIAL_EVIDENCE,NSE_F161C38951CE,ACTIVE_DATE_MATCH,1
2016-04-01,EXCLUDE,Supreme Petrochem Ltd.,SUPREMEPETROCHEM,SUPPETRO,ind_prs22022016_2.pdf,https://niftyindices.com/Press_Release/ind_prs22022016_2.pdf,2016-02-22,OFFICIAL_DATE_NAME,db2e4802e43b68fcbfbbf2cb03cb59c6d5f9ebf086ab6687d5a15daa45c2525f,OFFICIAL_EVIDENCE,NSE_AA00EC8A4A3D,ACTIVE_DATE_MATCH,1
2016-04-01,EXCLUDE,Supreme Infrastructure India Ltd.,SUPREMEINFRASTRUCTUREINDIA,SUPREMEINF,ind_prs22022016_2.pdf,https://niftyindices.com/Press_Release/ind_prs22022016_2.pdf,2016-02-22,OFFICIAL_DATE_NAME,db2e4802e43b68fcbfbbf2cb03cb59c6d5f9ebf086ab6687d5a15daa45c2525f,OFFICIAL_EVIDENCE,NSE_978A4180C4F3,ACTIVE_DATE_MATCH,1
2016-04-01,EXCLUDE,Swaraj Engines Ltd.,SWARAJENGINES,SWARAJENG,ind_prs22022016_2.pdf,https://niftyindices.com/Press_Release/ind_prs22022016_2.pdf,2016-02-22,OFFICIAL_DATE_NAME,db2e4802e43b68fcbfbbf2cb03cb59c6d5f9ebf086ab6687d5a15daa45c2525f,OFFICIAL_EVIDENCE,NSE_7A24E610012A,ACTIVE_DATE_MATCH,1
2016-04-01,EXCLUDE,Tata Investment Corporation Ltd.,TATAINVESTMENTCORPORATION,TATAINVEST,ind_prs22022016_2.pdf,https://niftyindices.com/Press_Release/ind_prs22022016_2.pdf,2016-02-22,OFFICIAL_DATE_NAME,db2e4802e43b68fcbfbbf2cb03cb59c6d5f9ebf086ab6687d5a15daa45c2525f,OFFICIAL_EVIDENCE,NSE_CC1A452E363C,ACTIVE_DATE_MATCH,1
2016-04-01,EXCLUDE,TD Power Systems Ltd.,TDPOWERSYSTEMS,TDPOWERSYS,ind_prs22022016_2.pdf,https://niftyindices.com/Press_Release/ind_prs22022016_2.pdf,2016-02-22,OFFICIAL_DATE_NAME,db2e4802e43b68fcbfbbf2cb03cb59c6d5f9ebf086ab6687d5a15daa45c2525f,OFFICIAL_EVIDENCE,NSE_3087CF0E8810,ACTIVE_DATE_MATCH,1
2016-04-01,EXCLUDE,TV Today Network Ltd.,TVTODAYNETWORK,TVTODAY,ind_prs22022016_2.pdf,https://niftyindices.com/Press_Release/ind_prs22022016_2.pdf,2016-02-22,OFFICIAL_DATE_NAME,db2e4802e43b68fcbfbbf2cb03cb59c6d5f9ebf086ab6687d5a15daa45c2525f,OFFICIAL_EVIDENCE,NSE_1BF63B49C19E,ACTIVE_DATE_MATCH,1
2016-04-01,EXCLUDE,Usha Martin Ltd.,USHAMARTIN,USHAMART,ind_prs22022016_2.pdf,https://niftyindices.com/Press_Release/ind_prs22022016_2.pdf,2016-02-22,OFFICIAL_DATE_NAME,db2e4802e43b68fcbfbbf2cb03cb59c6d5f9ebf086ab6687d5a15daa45c2525f,OFFICIAL_EVIDENCE,NSE_9A67203EFED3,ACTIVE_DATE_MATCH,1
2016-04-01,EXCLUDE,Uttam Galva Steels Ltd.,UTTAMGALVASTEELS,UTTAMSTL,ind_prs22022016_2.pdf,https://niftyindices.com/Press_Release/ind_prs22022016_2.pdf,2016-02-22,OFFICIAL_DATE_NAME,db2e4802e43b68fcbfbbf2cb03cb59c6d5f9ebf086ab6687d5a15daa45c2525f,OFFICIAL_EVIDENCE,NSE_BE6B81B4D2AE,ACTIVE_DATE_MATCH,1
2016-04-01,EXCLUDE,Vesuvius India Ltd.,VESUVIUSINDIA,VESUVIUS,ind_prs22022016_2.pdf,https://niftyindices.com/Press_Release/ind_prs22022016_2.pdf,2016-02-22,OFFICIAL_DATE_NAME,db2e4802e43b68fcbfbbf2cb03cb59c6d5f9ebf086ab6687d5a15daa45c2525f,OFFICIAL_EVIDENCE,NSE_81E6A1C5A552,ACTIVE_DATE_MATCH,1
2016-04-01,EXCLUDE,Visagar Polytex Ltd.,VISAGARPOLYTEX,VIVIDHA,ind_prs22022016_2.pdf,https://niftyindices.com/Press_Release/ind_prs22022016_2.pdf,2016-02-22,OFFICIAL_DATE_NAME,db2e4802e43b68fcbfbbf2cb03cb59c6d5f9ebf086ab6687d5a15daa45c2525f,OFFICIAL_EVIDENCE,NSE_22FC8142A6A2,ACTIVE_DATE_MATCH,1
2016-04-01,EXCLUDE,Wheels India Ltd.,WHEELSINDIA,WHEELS,ind_prs22022016_2.pdf,https://niftyindices.com/Press_Release/ind_prs22022016_2.pdf,2016-02-22,OFFICIAL_DATE_NAME,db2e4802e43b68fcbfbbf2cb03cb59c6d5f9ebf086ab6687d5a15daa45c2525f,OFFICIAL_EVIDENCE,NSE_AE2862139B09,ACTIVE_DATE_MATCH,1
2016-04-29,INCLUDE,Gulf Oil Lubricants India Ltd.,GULFOILLUBRICANTSINDIA,GULFOILLUB,ind_prs22042016.pdf,https://niftyindices.com/Press_Release/ind_prs22042016.pdf,2016-04-22,OFFICIAL_DATE_NAME,38de23921bf1aa369c43f4301f995e8b58e76cdfd16661575cbd7fda2d219ec4,OFFICIAL_EVIDENCE,NSE_D1A2AB285CE4,ACTIVE_DATE_MATCH,1
2016-04-29,INCLUDE,S H Kelkar and Company Ltd.,SHKELKARAND,SHK,ind_prs22042016.pdf,https://niftyindices.com/Press_Release/ind_prs22042016.pdf,2016-04-22,OFFICIAL_DATE_NAME,38de23921bf1aa369c43f4301f995e8b58e76cdfd16661575cbd7fda2d219ec4,OFFICIAL_EVIDENCE,NSE_F8512C975E62,ACTIVE_DATE_MATCH,1
2016-04-29,INCLUDE,TV Today Network Ltd.,TVTODAYNETWORK,TVTODAY,ind_prs22042016.pdf,https://niftyindices.com/Press_Release/ind_prs22042016.pdf,2016-04-22,OFFICIAL_DATE_NAME,38de23921bf1aa369c43f4301f995e8b58e76cdfd16661575cbd7fda2d219ec4,OFFICIAL_EVIDENCE,NSE_1BF63B49C19E,ACTIVE_DATE_MATCH,1
2016-04-29,EXCLUDE,Advanta Ltd.,ADVANTA,ADVANTA,ind_prs22042016.pdf,https://niftyindices.com/Press_Release/ind_prs22042016.pdf,2016-04-22,OFFICIAL_DATE_NAME,38de23921bf1aa369c43f4301f995e8b58e76cdfd16661575cbd7fda2d219ec4,OFFICIAL_EVIDENCE,NSE_B821A8B7C241,ACTIVE_DATE_MATCH,1
2016-04-29,EXCLUDE,Jindal Saw Ltd.,JINDALSAW,JINDALSAW,ind_prs22042016.pdf,https://niftyindices.com/Press_Release/ind_prs22042016.pdf,2016-04-22,OFFICIAL_DATE_NAME,38de23921bf1aa369c43f4301f995e8b58e76cdfd16661575cbd7fda2d219ec4,OFFICIAL_EVIDENCE,NSE_D5AEC8D4EBC0,ACTIVE_DATE_MATCH,1
2016-04-29,EXCLUDE,Transport Corporation of India Ltd.,TRANSPORTCORPORATIONOFINDIA,TCI,ind_prs22042016.pdf,https://niftyindices.com/Press_Release/ind_prs22042016.pdf,2016-04-22,OFFICIAL_DATE_NAME,38de23921bf1aa369c43f4301f995e8b58e76cdfd16661575cbd7fda2d219ec4,OFFICIAL_EVIDENCE,NSE_B7616A734F2C,ACTIVE_DATE_MATCH,1
2016-09-30,INCLUDE,Aditya Birla Nuvo Ltd.,ADITYABIRLANUVO,ABIRLANUVO,ind_prs12082016.pdf,https://niftyindices.com/Press_Release/ind_prs12082016.pdf,2016-08-12,OFFICIAL_DATE_NAME,5a62ae30702b448323496a7099a40cef446941cabd1b1677af63d6ff2aef6742,OFFICIAL_EVIDENCE,NSE_D9A959B5F435,ACTIVE_DATE_MATCH,1
2016-09-30,INCLUDE,Alkem Laboratories Ltd.,ALKEMLABORATORIES,ALKEM,ind_prs12082016.pdf,https://niftyindices.com/Press_Release/ind_prs12082016.pdf,2016-08-12,OFFICIAL_DATE_NAME,5a62ae30702b448323496a7099a40cef446941cabd1b1677af63d6ff2aef6742,OFFICIAL_EVIDENCE,NSE_69D8A25A8131,ACTIVE_DATE_MATCH,1
2016-09-30,INCLUDE,APL Apollo Tubes Ltd.,APLAPOLLOTUBES,APLAPOLLO,ind_prs12082016.pdf,https://niftyindices.com/Press_Release/ind_prs12082016.pdf,2016-08-12,OFFICIAL_DATE_NAME,5a62ae30702b448323496a7099a40cef446941cabd1b1677af63d6ff2aef6742,OFFICIAL_EVIDENCE,NSE_A5EA8EAC7050,ACTIVE_DATE_MATCH,1
2016-09-30,INCLUDE,Carborundum Universal Ltd.,CARBORUNDUMUNIVERSAL,CARBORUNIV,ind_prs12082016.pdf,https://niftyindices.com/Press_Release/ind_prs12082016.pdf,2016-08-12,OFFICIAL_DATE_NAME,5a62ae30702b448323496a7099a40cef446941cabd1b1677af63d6ff2aef6742,OFFICIAL_EVIDENCE,NSE_46FD1DEB761F,ACTIVE_DATE_MATCH,1
2016-09-30,INCLUDE,Coffee Day Enterprises Ltd.,COFFEEDAYENTERPRISES,COFFEEDAY,ind_prs12082016.pdf,https://niftyindices.com/Press_Release/ind_prs12082016.pdf,2016-08-12,OFFICIAL_DATE_NAME,5a62ae30702b448323496a7099a40cef446941cabd1b1677af63d6ff2aef6742,OFFICIAL_EVIDENCE,NSE_EBB02BC0F381,ACTIVE_DATE_MATCH,1
2016-09-30,INCLUDE,Crompton Greaves Ltd.,CROMPTONGREAVES,CROMPGREAV,ind_prs12082016.pdf,https://niftyindices.com/Press_Release/ind_prs12082016.pdf,2016-08-12,OFFICIAL_DATE_NAME,5a62ae30702b448323496a7099a40cef446941cabd1b1677af63d6ff2aef6742,OFFICIAL_EVIDENCE,NSE_812A4A064978,ACTIVE_DATE_MATCH,1
2016-09-30,INCLUDE,Equitas Holdings Ltd.,EQUITASHOLDINGS,EQUITAS,ind_prs12082016.pdf,https://niftyindices.com/Press_Release/ind_prs12082016.pdf,2016-08-12,OFFICIAL_DATE_NAME,5a62ae30702b448323496a7099a40cef446941cabd1b1677af63d6ff2aef6742,OFFICIAL_EVIDENCE,NSE_1BB2D50D7572,ACTIVE_DATE_MATCH,1
2016-09-30,INCLUDE,IDFC Bank Ltd.,IDFCBANK,IDFCBANK,ind_prs12082016.pdf,https://niftyindices.com/Press_Release/ind_prs12082016.pdf,2016-08-12,OFFICIAL_DATE_NAME,5a62ae30702b448323496a7099a40cef446941cabd1b1677af63d6ff2aef6742,OFFICIAL_EVIDENCE,NSE_D35374D82BA3,ACTIVE_DATE_MATCH,1
2016-09-30,INCLUDE,InterGlobe Aviation Ltd.,INTERGLOBEAVIATION,INDIGO,ind_prs12082016.pdf,https://niftyindices.com/Press_Release/ind_prs12082016.pdf,2016-08-12,OFFICIAL_DATE_NAME,5a62ae30702b448323496a7099a40cef446941cabd1b1677af63d6ff2aef6742,OFFICIAL_EVIDENCE,NSE_40AA7F3995D1,ACTIVE_DATE_MATCH,1
2016-09-30,INCLUDE,Infibeam Incorporation Ltd.,INFIBEAMINCORPORATION,INFIBEAM,ind_prs12082016.pdf,https://niftyindices.com/Press_Release/ind_prs12082016.pdf,2016-08-12,OFFICIAL_DATE_NAME,5a62ae30702b448323496a7099a40cef446941cabd1b1677af63d6ff2aef6742,OFFICIAL_EVIDENCE,NSE_CA42918156CA,ACTIVE_DATE_MATCH,1
2016-09-30,INCLUDE,ITD Cementation India Ltd.,ITDCEMENTATIONINDIA,ITDCEM,ind_prs12082016.pdf,https://niftyindices.com/Press_Release/ind_prs12082016.pdf,2016-08-12,OFFICIAL_DATE_NAME,5a62ae30702b448323496a7099a40cef446941cabd1b1677af63d6ff2aef6742,OFFICIAL_EVIDENCE,NSE_7F8DECDBEDC8,ACTIVE_DATE_MATCH,1
2016-09-30,INCLUDE,KSB Pumps Ltd.,KSBPUMPS,KSBPUMPS,ind_prs12082016.pdf,https://niftyindices.com/Press_Release/ind_prs12082016.pdf,2016-08-12,OFFICIAL_DATE_NAME,5a62ae30702b448323496a7099a40cef446941cabd1b1677af63d6ff2aef6742,OFFICIAL_EVIDENCE,NSE_7ADB1BE970F4,ACTIVE_DATE_MATCH,1
2016-09-30,INCLUDE,Dr. Lal Path Labs Ltd.,DRLALPATHLABS,LALPATHLAB,ind_prs12082016.pdf,https://niftyindices.com/Press_Release/ind_prs12082016.pdf,2016-08-12,OFFICIAL_DATE_NAME,5a62ae30702b448323496a7099a40cef446941cabd1b1677af63d6ff2aef6742,OFFICIAL_EVIDENCE,NSE_6E0CB7353991,ACTIVE_DATE_MATCH,1
2016-09-30,INCLUDE,Linde India Ltd.,LINDEINDIA,LINDEINDIA,ind_prs12082016.pdf,https://niftyindices.com/Press_Release/ind_prs12082016.pdf,2016-08-12,OFFICIAL_DATE_NAME,5a62ae30702b448323496a7099a40cef446941cabd1b1677af63d6ff2aef6742,OFFICIAL_EVIDENCE,NSE_98B70630B94C,ACTIVE_DATE_MATCH,1
2016-09-30,INCLUDE,Max Financial Services Ltd.,MAXFINANCIALSERVICES,MFSL,ind_prs12082016.pdf,https://niftyindices.com/Press_Release/ind_prs12082016.pdf,2016-08-12,OFFICIAL_DATE_NAME,5a62ae30702b448323496a7099a40cef446941cabd1b1677af63d6ff2aef6742,OFFICIAL_EVIDENCE,NSE_98CBA18954BD,ACTIVE_DATE_MATCH,1
2016-09-30,INCLUDE,State Bank of Mysore,STATEBANKOFMYSORE,MYSOREBANK,ind_prs12082016.pdf,https://niftyindices.com/Press_Release/ind_prs12082016.pdf,2016-08-12,OFFICIAL_DATE_NAME,5a62ae30702b448323496a7099a40cef446941cabd1b1677af63d6ff2aef6742,OFFICIAL_EVIDENCE,NSE_70CEEC6EEF1C,ACTIVE_DATE_MATCH,1
2016-09-30,INCLUDE,Navin Fluorine International Ltd.,NAVINFLUORINEINTERNATIONAL,NAVINFLUOR,ind_prs12082016.pdf,https://niftyindices.com/Press_Release/ind_prs12082016.pdf,2016-08-12,OFFICIAL_DATE_NAME,5a62ae30702b448323496a7099a40cef446941cabd1b1677af63d6ff2aef6742,OFFICIAL_EVIDENCE,NSE_FD6C3BA21716,ACTIVE_DATE_MATCH,1
2016-09-30,INCLUDE,Narayana Hrudayalaya Ltd.,NARAYANAHRUDAYALAYA,NH,ind_prs12082016.pdf,https://niftyindices.com/Press_Release/ind_prs12082016.pdf,2016-08-12,OFFICIAL_DATE_NAME,5a62ae30702b448323496a7099a40cef446941cabd1b1677af63d6ff2aef6742,OFFICIAL_EVIDENCE,NSE_659E411DCE22,ACTIVE_DATE_MATCH,1
2016-09-30,INCLUDE,Nilkamal Ltd.,NILKAMAL,NILKAMAL,ind_prs12082016.pdf,https://niftyindices.com/Press_Release/ind_prs12082016.pdf,2016-08-12,OFFICIAL_DATE_NAME,5a62ae30702b448323496a7099a40cef446941cabd1b1677af63d6ff2aef6742,OFFICIAL_EVIDENCE,NSE_75A1EC6089B7,ACTIVE_DATE_MATCH,1
2016-09-30,INCLUDE,OCL India Ltd.,OCLINDIA,OCL,ind_prs12082016.pdf,https://niftyindices.com/Press_Release/ind_prs12082016.pdf,2016-08-12,OFFICIAL_DATE_NAME,5a62ae30702b448323496a7099a40cef446941cabd1b1677af63d6ff2aef6742,OFFICIAL_EVIDENCE,NSE_FB65F4DE6E54,ACTIVE_DATE_MATCH,1
2016-09-30,INCLUDE,Religare Enterprises Ltd.,RELIGAREENTERPRISES,RELIGARE,ind_prs12082016.pdf,https://niftyindices.com/Press_Release/ind_prs12082016.pdf,2016-08-12,OFFICIAL_DATE_NAME,5a62ae30702b448323496a7099a40cef446941cabd1b1677af63d6ff2aef6742,OFFICIAL_EVIDENCE,NSE_DE21F68BED21,ACTIVE_DATE_MATCH,1
2016-09-30,INCLUDE,State Bank of Travancore,STATEBANKOFTRAVANCORE,SBT,ind_prs12082016.pdf,https://niftyindices.com/Press_Release/ind_prs12082016.pdf,2016-08-12,OFFICIAL_DATE_NAME,5a62ae30702b448323496a7099a40cef446941cabd1b1677af63d6ff2aef6742,OFFICIAL_EVIDENCE,NSE_633BD53DAEC1,ACTIVE_DATE_MATCH,1
2016-09-30,INCLUDE,Sequent Scientific Ltd.,SEQUENTSCIENTIFIC,SEQUENT,ind_prs12082016.pdf,https://niftyindices.com/Press_Release/ind_prs12082016.pdf,2016-08-12,OFFICIAL_DATE_NAME,5a62ae30702b448323496a7099a40cef446941cabd1b1677af63d6ff2aef6742,OFFICIAL_EVIDENCE,NSE_F7B46E5369C2,ACTIVE_DATE_MATCH,1
2016-09-30,INCLUDE,Star Ferro & Cement Ltd.,STARFERROANDCEMENT,SFCL,ind_prs12082016.pdf,https://niftyindices.com/Press_Release/ind_prs12082016.pdf,2016-08-12,OFFICIAL_DATE_NAME,5a62ae30702b448323496a7099a40cef446941cabd1b1677af63d6ff2aef6742,OFFICIAL_EVIDENCE,NSE_D67F47161F2D,ACTIVE_DATE_MATCH,1
2016-09-30,INCLUDE,Suprajit Engineering Ltd.,SUPRAJITENGINEERING,SUPRAJIT,ind_prs12082016.pdf,https://niftyindices.com/Press_Release/ind_prs12082016.pdf,2016-08-12,OFFICIAL_DATE_NAME,5a62ae30702b448323496a7099a40cef446941cabd1b1677af63d6ff2aef6742,OFFICIAL_EVIDENCE,NSE_3B598B9F02C0,ACTIVE_DATE_MATCH,1
2016-09-30,EXCLUDE,Aarti Drugs Ltd.,AARTIDRUGS,AARTIDRUGS,ind_prs12082016.pdf,https://niftyindices.com/Press_Release/ind_prs12082016.pdf,2016-08-12,OFFICIAL_DATE_NAME,5a62ae30702b448323496a7099a40cef446941cabd1b1677af63d6ff2aef6742,OFFICIAL_EVIDENCE,NSE_6B14B0471978,ACTIVE_DATE_MATCH,1
2016-09-30,EXCLUDE,ABG Shipyard Ltd.,ABGSHIPYARD,ABGSHIP,ind_prs12082016.pdf,https://niftyindices.com/Press_Release/ind_prs12082016.pdf,2016-08-12,OFFICIAL_DATE_NAME,5a62ae30702b448323496a7099a40cef446941cabd1b1677af63d6ff2aef6742,OFFICIAL_EVIDENCE,NSE_C9730FDF32DB,ACTIVE_DATE_MATCH,1
2016-09-30,EXCLUDE,Ashiana Housing Ltd.,ASHIANAHOUSING,ASHIANA,ind_prs12082016.pdf,https://niftyindices.com/Press_Release/ind_prs12082016.pdf,2016-08-12,OFFICIAL_DATE_NAME,5a62ae30702b448323496a7099a40cef446941cabd1b1677af63d6ff2aef6742,OFFICIAL_EVIDENCE,NSE_FEC6EA46148B,ACTIVE_DATE_MATCH,1
2016-09-30,EXCLUDE,Castex Technologies Ltd.,CASTEXTECHNOLOGIES,CASTEXTECH,ind_prs12082016.pdf,https://niftyindices.com/Press_Release/ind_prs12082016.pdf,2016-08-12,OFFICIAL_DATE_NAME,5a62ae30702b448323496a7099a40cef446941cabd1b1677af63d6ff2aef6742,OFFICIAL_EVIDENCE,NSE_65DD43BDBE2D,ACTIVE_DATE_MATCH,1
2016-09-30,EXCLUDE,Clariant Chemicals (India) Ltd.,CLARIANTCHEMICALSINDIA,CLNINDIA,ind_prs12082016.pdf,https://niftyindices.com/Press_Release/ind_prs12082016.pdf,2016-08-12,OFFICIAL_DATE_NAME,5a62ae30702b448323496a7099a40cef446941cabd1b1677af63d6ff2aef6742,OFFICIAL_EVIDENCE,NSE_C558FE982959,ACTIVE_DATE_MATCH,1
2016-09-30,EXCLUDE,Electrosteel Castings Ltd.,ELECTROSTEELCASTINGS,ELECTCAST,ind_prs12082016.pdf,https://niftyindices.com/Press_Release/ind_prs12082016.pdf,2016-08-12,OFFICIAL_DATE_NAME,5a62ae30702b448323496a7099a40cef446941cabd1b1677af63d6ff2aef6742,OFFICIAL_EVIDENCE,NSE_7336A438D402,ACTIVE_DATE_MATCH,1
2016-09-30,EXCLUDE,Elgi Equipments Ltd.,ELGIEQUIPMENTS,ELGIEQUIP,ind_prs12082016.pdf,https://niftyindices.com/Press_Release/ind_prs12082016.pdf,2016-08-12,OFFICIAL_DATE_NAME,5a62ae30702b448323496a7099a40cef446941cabd1b1677af63d6ff2aef6742,OFFICIAL_EVIDENCE,NSE_B88435B10855,ACTIVE_DATE_MATCH,1
2016-09-30,EXCLUDE,Ess Dee Aluminium Ltd.,ESSDEEALUMINIUM,ESSDEE,ind_prs12082016.pdf,https://niftyindices.com/Press_Release/ind_prs12082016.pdf,2016-08-12,OFFICIAL_DATE_NAME,5a62ae30702b448323496a7099a40cef446941cabd1b1677af63d6ff2aef6742,OFFICIAL_EVIDENCE,NSE_6486648C9FB1,ACTIVE_DATE_MATCH,1
2016-09-30,EXCLUDE,Financial Technologies (India) Ltd.,FINANCIALTECHNOLOGIESINDIA,FINANTECH,ind_prs12082016.pdf,https://niftyindices.com/Press_Release/ind_prs12082016.pdf,2016-08-12,OFFICIAL_DATE_NAME,5a62ae30702b448323496a7099a40cef446941cabd1b1677af63d6ff2aef6742,OFFICIAL_EVIDENCE,NSE_C43FB1E82A75,ACTIVE_DATE_MATCH,1
2016-09-30,EXCLUDE,Global Offshore Services Ltd.,GLOBALOFFSHORESERVICES,GLOBOFFS,ind_prs12082016.pdf,https://niftyindices.com/Press_Release/ind_prs12082016.pdf,2016-08-12,OFFICIAL_DATE_NAME,5a62ae30702b448323496a7099a40cef446941cabd1b1677af63d6ff2aef6742,OFFICIAL_EVIDENCE,NSE_9967D614421D,ACTIVE_DATE_MATCH,1
2016-09-30,EXCLUDE,HMT Ltd.,HMT,HMT,ind_prs12082016.pdf,https://niftyindices.com/Press_Release/ind_prs12082016.pdf,2016-08-12,OFFICIAL_DATE_NAME,5a62ae30702b448323496a7099a40cef446941cabd1b1677af63d6ff2aef6742,OFFICIAL_EVIDENCE,NSE_C911E612925E,ACTIVE_DATE_MATCH,1
2016-09-30,EXCLUDE,Hotel Leela Venture Ltd.,HOTELLEELAVENTURE,HOTELEELA,ind_prs12082016.pdf,https://niftyindices.com/Press_Release/ind_prs12082016.pdf,2016-08-12,OFFICIAL_DATE_NAME,5a62ae30702b448323496a7099a40cef446941cabd1b1677af63d6ff2aef6742,OFFICIAL_EVIDENCE,NSE_2067B53F47F0,ACTIVE_DATE_MATCH,1
2016-09-30,EXCLUDE,IFB Industries Ltd.,IFBINDUSTRIES,IFBIND,ind_prs12082016.pdf,https://niftyindices.com/Press_Release/ind_prs12082016.pdf,2016-08-12,OFFICIAL_DATE_NAME,5a62ae30702b448323496a7099a40cef446941cabd1b1677af63d6ff2aef6742,OFFICIAL_EVIDENCE,NSE_697267629832,ACTIVE_DATE_MATCH,1
2016-09-30,EXCLUDE,INEOS Styrolution India Ltd.,INEOSSTYROLUTIONINDIA,INEOSSTYRO,ind_prs12082016.pdf,https://niftyindices.com/Press_Release/ind_prs12082016.pdf,2016-08-12,OFFICIAL_DATE_NAME,5a62ae30702b448323496a7099a40cef446941cabd1b1677af63d6ff2aef6742,OFFICIAL_EVIDENCE,NSE_D9681303D25C,ACTIVE_DATE_MATCH,1
2016-09-30,EXCLUDE,Kirloskar Oil Eng Ltd.,KIRLOSKAROILENG,KIRLOSENG,ind_prs12082016.pdf,https://niftyindices.com/Press_Release/ind_prs12082016.pdf,2016-08-12,OFFICIAL_DATE_NAME,5a62ae30702b448323496a7099a40cef446941cabd1b1677af63d6ff2aef6742,OFFICIAL_EVIDENCE,NSE_9B9A5379FE9C,ACTIVE_DATE_MATCH,1
2016-09-30,EXCLUDE,KSK Energy Ventures Ltd,KSKENERGYVENTURES,KSK,ind_prs12082016.pdf,https://niftyindices.com/Press_Release/ind_prs12082016.pdf,2016-08-12,OFFICIAL_DATE_NAME,5a62ae30702b448323496a7099a40cef446941cabd1b1677af63d6ff2aef6742,OFFICIAL_EVIDENCE,NSE_3604A340ECD7,ACTIVE_DATE_MATCH,1
2016-09-30,EXCLUDE,Minda Corporation Ltd.,MINDACORPORATION,MINDACORP,ind_prs12082016.pdf,https://niftyindices.com/Press_Release/ind_prs12082016.pdf,2016-08-12,OFFICIAL_DATE_NAME,5a62ae30702b448323496a7099a40cef446941cabd1b1677af63d6ff2aef6742,OFFICIAL_EVIDENCE,NSE_D92A46834C0F,ACTIVE_DATE_MATCH,1
2016-09-30,EXCLUDE,Parsvnath Developer Ltd.,PARSVNATHDEVELOPER,PARSVNATH,ind_prs12082016.pdf,https://niftyindices.com/Press_Release/ind_prs12082016.pdf,2016-08-12,OFFICIAL_DATE_NAME,5a62ae30702b448323496a7099a40cef446941cabd1b1677af63d6ff2aef6742,OFFICIAL_EVIDENCE,NSE_E2CB5EC37279,ACTIVE_DATE_MATCH,1
2016-09-30,EXCLUDE,Puravankara Projects Ltd.,PURAVANKARAPROJECTS,PURVA,ind_prs12082016.pdf,https://niftyindices.com/Press_Release/ind_prs12082016.pdf,2016-08-12,OFFICIAL_DATE_NAME,5a62ae30702b448323496a7099a40cef446941cabd1b1677af63d6ff2aef6742,OFFICIAL_EVIDENCE,NSE_A1950E96A064,ACTIVE_DATE_MATCH,1
2016-09-30,EXCLUDE,Ratnamani Metals & Tubes Ltd.,RATNAMANIMETALSANDTUBES,RATNAMANI,ind_prs12082016.pdf,https://niftyindices.com/Press_Release/ind_prs12082016.pdf,2016-08-12,OFFICIAL_DATE_NAME,5a62ae30702b448323496a7099a40cef446941cabd1b1677af63d6ff2aef6742,OFFICIAL_EVIDENCE,NSE_55FFE606B7E2,ACTIVE_DATE_MATCH,1
2016-09-30,EXCLUDE,Sadbhav Infrastructure Project Ltd.,SADBHAVINFRASTRUCTUREPROJECT,SADBHIN,ind_prs12082016.pdf,https://niftyindices.com/Press_Release/ind_prs12082016.pdf,2016-08-12,OFFICIAL_DATE_NAME,5a62ae30702b448323496a7099a40cef446941cabd1b1677af63d6ff2aef6742,OFFICIAL_EVIDENCE,NSE_759F0BD4CDE1,ACTIVE_DATE_MATCH,1
2016-09-30,EXCLUDE,Tribhovandas Bhimji Zaveri Ltd.,TRIBHOVANDASBHIMJIZAVERI,TBZ,ind_prs12082016.pdf,https://niftyindices.com/Press_Release/ind_prs12082016.pdf,2016-08-12,OFFICIAL_DATE_NAME,5a62ae30702b448323496a7099a40cef446941cabd1b1677af63d6ff2aef6742,OFFICIAL_EVIDENCE,NSE_96586AD2DEEB,ACTIVE_DATE_MATCH,1
2016-09-30,EXCLUDE,Tree House Education & Accessories Ltd.,TREEHOUSEEDUCATIONANDACCESSORIES,TREEHOUSE,ind_prs12082016.pdf,https://niftyindices.com/Press_Release/ind_prs12082016.pdf,2016-08-12,OFFICIAL_DATE_NAME,5a62ae30702b448323496a7099a40cef446941cabd1b1677af63d6ff2aef6742,OFFICIAL_EVIDENCE,NSE_403ED77BEF36,ACTIVE_DATE_MATCH,1
2016-09-30,EXCLUDE,Tata Teleservices (Maharashtra) Ltd.,TATATELESERVICESMAHARASHTRA,TTML,ind_prs12082016.pdf,https://niftyindices.com/Press_Release/ind_prs12082016.pdf,2016-08-12,OFFICIAL_DATE_NAME,5a62ae30702b448323496a7099a40cef446941cabd1b1677af63d6ff2aef6742,OFFICIAL_EVIDENCE,NSE_9BE1DE6AAF18,ACTIVE_DATE_MATCH,1
2016-09-30,EXCLUDE,Vaibhav Global Ltd.,VAIBHAVGLOBAL,VAIBHAVGBL,ind_prs12082016.pdf,https://niftyindices.com/Press_Release/ind_prs12082016.pdf,2016-08-12,OFFICIAL_DATE_NAME,5a62ae30702b448323496a7099a40cef446941cabd1b1677af63d6ff2aef6742,OFFICIAL_EVIDENCE,NSE_BBC622D344B2,ACTIVE_DATE_MATCH,1
2016-11-15,INCLUDE,Crompton Greaves Consumer Electricals Ltd.,CROMPTONGREAVESCONSUMERELECTRICALS,CROMPTON,ind_prs17102016.pdf,https://niftyindices.com/Press_Release/ind_prs17102016.pdf,2016-10-17,OFFICIAL_DATE_NAME,e3ad170876e6278ad7a1e99cc924ba610c3f8be4ef0dc85cd2c146e2152ca4ea,OFFICIAL_EVIDENCE,NSE_B04856B88EED,ACTIVE_DATE_MATCH,1
2016-11-15,EXCLUDE,Cairn India Ltd.,CAIRNINDIA,CAIRN,ind_prs17102016.pdf,https://niftyindices.com/Press_Release/ind_prs17102016.pdf,2016-10-17,OFFICIAL_DATE_NAME,e3ad170876e6278ad7a1e99cc924ba610c3f8be4ef0dc85cd2c146e2152ca4ea,OFFICIAL_EVIDENCE,NSE_C4988FC46272,ACTIVE_DATE_MATCH,1
2017-01-23,INCLUDE,Advanced Enzyme Tech Ltd.,ADVANCEDENZYMETECH,ADVENZYMES,ind_prs16012017.pdf,https://niftyindices.com/Press_Release/ind_prs16012017.pdf,2017-01-16,OFFICIAL_DATE_NAME,0acabd9059d5456c115ffceb0231e3ee87df0c9517d312db2e2c2fcd31a74076,OFFICIAL_EVIDENCE,NSE_617F173B98ED,ACTIVE_DATE_MATCH,1
2017-01-23,INCLUDE,Asahi India Glass Ltd.,ASAHIINDIAGLASS,ASAHIINDIA,ind_prs16012017.pdf,https://niftyindices.com/Press_Release/ind_prs16012017.pdf,2017-01-16,OFFICIAL_DATE_NAME,0acabd9059d5456c115ffceb0231e3ee87df0c9517d312db2e2c2fcd31a74076,OFFICIAL_EVIDENCE,NSE_502982CDBAAD,ACTIVE_DATE_MATCH,1
2017-01-23,INCLUDE,RBL Bank Ltd.,RBLBANK,RBLBANK,ind_prs16012017.pdf,https://niftyindices.com/Press_Release/ind_prs16012017.pdf,2017-01-16,OFFICIAL_DATE_NAME,0acabd9059d5456c115ffceb0231e3ee87df0c9517d312db2e2c2fcd31a74076,OFFICIAL_EVIDENCE,NSE_3A5699DD10E6,ACTIVE_DATE_MATCH,1
2017-01-23,INCLUDE,Ujjivan Financial Services Ltd.,UJJIVANFINANCIALSERVICES,UJJIVAN,ind_prs16012017.pdf,https://niftyindices.com/Press_Release/ind_prs16012017.pdf,2017-01-16,OFFICIAL_DATE_NAME,0acabd9059d5456c115ffceb0231e3ee87df0c9517d312db2e2c2fcd31a74076,OFFICIAL_EVIDENCE,NSE_6F61D6CF659B,ACTIVE_DATE_MATCH,1
2017-01-23,EXCLUDE,Dishman Pharmaceuticals & Chemicals Ltd.,DISHMANPHARMACEUTICALSANDCHEMICALS,DISHMAN,ind_prs16012017.pdf,https://niftyindices.com/Press_Release/ind_prs16012017.pdf,2017-01-16,OFFICIAL_DATE_NAME,0acabd9059d5456c115ffceb0231e3ee87df0c9517d312db2e2c2fcd31a74076,OFFICIAL_EVIDENCE,NSE_693A363A5FF4,ACTIVE_DATE_MATCH,1
2017-01-23,EXCLUDE,Max Financial Services Ltd.,MAXFINANCIALSERVICES,MFSL,ind_prs16012017.pdf,https://niftyindices.com/Press_Release/ind_prs16012017.pdf,2017-01-16,OFFICIAL_DATE_NAME,0acabd9059d5456c115ffceb0231e3ee87df0c9517d312db2e2c2fcd31a74076,OFFICIAL_EVIDENCE,NSE_98CBA18954BD,ACTIVE_DATE_MATCH,1
2017-01-23,EXCLUDE,OCL India Ltd.,OCLINDIA,OCL,ind_prs16012017.pdf,https://niftyindices.com/Press_Release/ind_prs16012017.pdf,2017-01-16,OFFICIAL_DATE_NAME,0acabd9059d5456c115ffceb0231e3ee87df0c9517d312db2e2c2fcd31a74076,OFFICIAL_EVIDENCE,NSE_FB65F4DE6E54,ACTIVE_DATE_MATCH,1
2017-01-23,EXCLUDE,Star Ferro & Cement Ltd.,STARFERROANDCEMENT,SFCL,ind_prs16012017.pdf,https://niftyindices.com/Press_Release/ind_prs16012017.pdf,2017-01-16,OFFICIAL_DATE_NAME,0acabd9059d5456c115ffceb0231e3ee87df0c9517d312db2e2c2fcd31a74076,OFFICIAL_EVIDENCE,NSE_D67F47161F2D,ACTIVE_DATE_MATCH,1
2017-03-16,INCLUDE,Future Retail Ltd.,FUTURERETAIL,FRETAIL,ind_prs07032017.pdf,https://niftyindices.com/Press_Release/ind_prs07032017.pdf,2017-03-07,OFFICIAL_DATE_NAME,2065a36eab9ffc150f77514f3198c24b603bdd3648b2be03d6ddc6d0eddc04bf,OFFICIAL_EVIDENCE,NSE_E987DDA51421,ACTIVE_DATE_MATCH,1
2017-03-16,INCLUDE,Max India Ltd.,MAXINDIA,MAXINDIA,ind_prs07032017.pdf,https://niftyindices.com/Press_Release/ind_prs07032017.pdf,2017-03-07,OFFICIAL_DATE_NAME,2065a36eab9ffc150f77514f3198c24b603bdd3648b2be03d6ddc6d0eddc04bf,OFFICIAL_EVIDENCE,NSE_1469848A6218,ACTIVE_DATE_MATCH,1
2017-03-16,INCLUDE,Mahanagar Gas Ltd.,MAHANAGARGAS,MGL,ind_prs07032017.pdf,https://niftyindices.com/Press_Release/ind_prs07032017.pdf,2017-03-07,OFFICIAL_DATE_NAME,2065a36eab9ffc150f77514f3198c24b603bdd3648b2be03d6ddc6d0eddc04bf,OFFICIAL_EVIDENCE,NSE_78E18EB5DA28,ACTIVE_DATE_MATCH,1
2017-03-16,EXCLUDE,State Bank of Mysore,STATEBANKOFMYSORE,MYSOREBANK,ind_prs07032017.pdf,https://niftyindices.com/Press_Release/ind_prs07032017.pdf,2017-03-07,OFFICIAL_DATE_NAME,2065a36eab9ffc150f77514f3198c24b603bdd3648b2be03d6ddc6d0eddc04bf,OFFICIAL_EVIDENCE,NSE_70CEEC6EEF1C,UNIQUE_SYMBOL_HISTORY,1
2017-03-16,EXCLUDE,State Bank of Bikaner & Jaipur Ltd.,STATEBANKOFBIKANERANDJAIPUR,SBBJ,ind_prs07032017.pdf,https://niftyindices.com/Press_Release/ind_prs07032017.pdf,2017-03-07,OFFICIAL_DATE_NAME,2065a36eab9ffc150f77514f3198c24b603bdd3648b2be03d6ddc6d0eddc04bf,OFFICIAL_EVIDENCE,NSE_C23A48F8DAF4,UNIQUE_SYMBOL_HISTORY,1
2017-03-16,EXCLUDE,State Bank of Travancore,STATEBANKOFTRAVANCORE,SBT,ind_prs07032017.pdf,https://niftyindices.com/Press_Release/ind_prs07032017.pdf,2017-03-07,OFFICIAL_DATE_NAME,2065a36eab9ffc150f77514f3198c24b603bdd3648b2be03d6ddc6d0eddc04bf,OFFICIAL_EVIDENCE,NSE_633BD53DAEC1,UNIQUE_SYMBOL_HISTORY,1
2017-03-31,INCLUDE,Dilip Buildcon Ltd.,DILIPBUILDCON,DBL,ind_prs16022017.pdf,https://niftyindices.com/Press_Release/ind_prs16022017.pdf,2017-02-16,OFFICIAL_DATE_NAME,f5809306fbefc99ab58960276c780b28e6bcf52f9a30e17cae552512a1c79348,OFFICIAL_EVIDENCE,NSE_0DF5BDD0F1AA,ACTIVE_DATE_MATCH,1
2017-03-31,INCLUDE,Endurance Technologies Ltd.,ENDURANCETECHNOLOGIES,ENDURANCE,ind_prs16022017.pdf,https://niftyindices.com/Press_Release/ind_prs16022017.pdf,2017-02-16,OFFICIAL_DATE_NAME,f5809306fbefc99ab58960276c780b28e6bcf52f9a30e17cae552512a1c79348,OFFICIAL_EVIDENCE,NSE_50BAFA3326BE,ACTIVE_DATE_MATCH,1
2017-03-31,INCLUDE,Federal-Mogul Goetze (India) Ltd.,FEDERALMOGULGOETZEINDIA,FMGOETZE,ind_prs16022017.pdf,https://niftyindices.com/Press_Release/ind_prs16022017.pdf,2017-02-16,OFFICIAL_DATE_NAME,f5809306fbefc99ab58960276c780b28e6bcf52f9a30e17cae552512a1c79348,OFFICIAL_EVIDENCE,NSE_EFD7B6E7FD96,ACTIVE_DATE_MATCH,1
2017-03-31,INCLUDE,GHCL Ltd.,GHCL,GHCL,ind_prs16022017.pdf,https://niftyindices.com/Press_Release/ind_prs16022017.pdf,2017-02-16,OFFICIAL_DATE_NAME,f5809306fbefc99ab58960276c780b28e6bcf52f9a30e17cae552512a1c79348,OFFICIAL_EVIDENCE,NSE_5D0160460CD9,ACTIVE_DATE_MATCH,1
2017-03-31,INCLUDE,Gujarat Narmada Valley Fertilizers and Chemicals Ltd.,GUJARATNARMADAVALLEYFERTILIZERSANDCHEMICALS,GNFC,ind_prs16022017.pdf,https://niftyindices.com/Press_Release/ind_prs16022017.pdf,2017-02-16,OFFICIAL_DATE_NAME,f5809306fbefc99ab58960276c780b28e6bcf52f9a30e17cae552512a1c79348,OFFICIAL_EVIDENCE,NSE_D448CCCD5389,ACTIVE_DATE_MATCH,1
2017-03-31,INCLUDE,Gujarat Alkalies & Chemicals Ltd.,GUJARATALKALIESANDCHEMICALS,GUJALKALI,ind_prs16022017.pdf,https://niftyindices.com/Press_Release/ind_prs16022017.pdf,2017-02-16,OFFICIAL_DATE_NAME,f5809306fbefc99ab58960276c780b28e6bcf52f9a30e17cae552512a1c79348,OFFICIAL_EVIDENCE,NSE_9E4C0423BFF8,ACTIVE_DATE_MATCH,1
2017-03-31,INCLUDE,ICICI Prudential Life Insurance Company Ltd.,ICICIPRUDENTIALLIFEINSURANCE,ICICIPRULI,ind_prs16022017.pdf,https://niftyindices.com/Press_Release/ind_prs16022017.pdf,2017-02-16,OFFICIAL_DATE_NAME,f5809306fbefc99ab58960276c780b28e6bcf52f9a30e17cae552512a1c79348,OFFICIAL_EVIDENCE,NSE_3B3D41C8CF5F,ACTIVE_DATE_MATCH,1
2017-03-31,INCLUDE,KNR Constructions Ltd.,KNRCONSTRUCTIONS,KNRCON,ind_prs16022017.pdf,https://niftyindices.com/Press_Release/ind_prs16022017.pdf,2017-02-16,OFFICIAL_DATE_NAME,f5809306fbefc99ab58960276c780b28e6bcf52f9a30e17cae552512a1c79348,OFFICIAL_EVIDENCE,NSE_AE25FA292E6D,ACTIVE_DATE_MATCH,1
2017-03-31,INCLUDE,Larsen & Toubro Infotech Ltd.,LARSENANDTOUBROINFOTECH,LTI,ind_prs16022017.pdf,https://niftyindices.com/Press_Release/ind_prs16022017.pdf,2017-02-16,OFFICIAL_DATE_NAME,f5809306fbefc99ab58960276c780b28e6bcf52f9a30e17cae552512a1c79348,OFFICIAL_EVIDENCE,NSE_B61709A06339,ACTIVE_DATE_MATCH,1
2017-03-31,INCLUDE,L&T Technology Services Ltd.,LANDTTECHNOLOGYSERVICES,LTTS,ind_prs16022017.pdf,https://niftyindices.com/Press_Release/ind_prs16022017.pdf,2017-02-16,OFFICIAL_DATE_NAME,f5809306fbefc99ab58960276c780b28e6bcf52f9a30e17cae552512a1c79348,OFFICIAL_EVIDENCE,NSE_A0B6C42B481E,ACTIVE_DATE_MATCH,1
2017-03-31,INCLUDE,Minda Corporation Ltd.,MINDACORPORATION,MINDACORP,ind_prs16022017.pdf,https://niftyindices.com/Press_Release/ind_prs16022017.pdf,2017-02-16,OFFICIAL_DATE_NAME,f5809306fbefc99ab58960276c780b28e6bcf52f9a30e17cae552512a1c79348,OFFICIAL_EVIDENCE,NSE_D92A46834C0F,ACTIVE_DATE_MATCH,1
2017-03-31,INCLUDE,Minda Industries Ltd.,MINDAINDUSTRIES,MINDAIND,ind_prs16022017.pdf,https://niftyindices.com/Press_Release/ind_prs16022017.pdf,2017-02-16,OFFICIAL_DATE_NAME,f5809306fbefc99ab58960276c780b28e6bcf52f9a30e17cae552512a1c79348,OFFICIAL_EVIDENCE,NSE_48390A9F12CC,ACTIVE_DATE_MATCH,1
2017-03-31,INCLUDE,Navneet Education Ltd.,NAVNEETEDUCATION,NAVNETEDUL,ind_prs16022017.pdf,https://niftyindices.com/Press_Release/ind_prs16022017.pdf,2017-02-16,OFFICIAL_DATE_NAME,f5809306fbefc99ab58960276c780b28e6bcf52f9a30e17cae552512a1c79348,OFFICIAL_EVIDENCE,NSE_851A827BCF83,ACTIVE_DATE_MATCH,1
2017-03-31,INCLUDE,Nava Bharat Ventures Ltd.,NAVABHARATVENTURES,NBVENTURES,ind_prs16022017.pdf,https://niftyindices.com/Press_Release/ind_prs16022017.pdf,2017-02-16,OFFICIAL_DATE_NAME,f5809306fbefc99ab58960276c780b28e6bcf52f9a30e17cae552512a1c79348,OFFICIAL_EVIDENCE,NSE_8BBC0680BDBA,ACTIVE_DATE_MATCH,1
2017-03-31,INCLUDE,Parag Milk Foods Ltd.,PARAGMILKFOODS,PARAGMILK,ind_prs16022017.pdf,https://niftyindices.com/Press_Release/ind_prs16022017.pdf,2017-02-16,OFFICIAL_DATE_NAME,f5809306fbefc99ab58960276c780b28e6bcf52f9a30e17cae552512a1c79348,OFFICIAL_EVIDENCE,NSE_1E720E0D76DE,ACTIVE_DATE_MATCH,1
2017-03-31,INCLUDE,Quess Corp Ltd.,QUESSCORP,QUESS,ind_prs16022017.pdf,https://niftyindices.com/Press_Release/ind_prs16022017.pdf,2017-02-16,OFFICIAL_DATE_NAME,f5809306fbefc99ab58960276c780b28e6bcf52f9a30e17cae552512a1c79348,OFFICIAL_EVIDENCE,NSE_C1DAEF86162E,ACTIVE_DATE_MATCH,1
2017-03-31,INCLUDE,Ratnamani Metals & Tubes Ltd.,RATNAMANIMETALSANDTUBES,RATNAMANI,ind_prs16022017.pdf,https://niftyindices.com/Press_Release/ind_prs16022017.pdf,2017-02-16,OFFICIAL_DATE_NAME,f5809306fbefc99ab58960276c780b28e6bcf52f9a30e17cae552512a1c79348,OFFICIAL_EVIDENCE,NSE_55FFE606B7E2,ACTIVE_DATE_MATCH,1
2017-03-31,INCLUDE,Shilpi Cable Tech Ltd.,SHILPICABLETECH,SHILPI,ind_prs16022017.pdf,https://niftyindices.com/Press_Release/ind_prs16022017.pdf,2017-02-16,OFFICIAL_DATE_NAME,f5809306fbefc99ab58960276c780b28e6bcf52f9a30e17cae552512a1c79348,OFFICIAL_EVIDENCE,NSE_4AE28DB56B68,ACTIVE_DATE_MATCH,1
2017-03-31,INCLUDE,Sterlite Technologies Ltd.,STERLITETECHNOLOGIES,STRTECH,ind_prs16022017.pdf,https://niftyindices.com/Press_Release/ind_prs16022017.pdf,2017-02-16,OFFICIAL_DATE_NAME,f5809306fbefc99ab58960276c780b28e6bcf52f9a30e17cae552512a1c79348,OFFICIAL_EVIDENCE,NSE_D8BF1C07E0AE,ACTIVE_DATE_MATCH,1
2017-03-31,INCLUDE,Sudarshan Chemical Industries Ltd.,SUDARSHANCHEMICALINDUSTRIES,SUDARSCHEM,ind_prs16022017.pdf,https://niftyindices.com/Press_Release/ind_prs16022017.pdf,2017-02-16,OFFICIAL_DATE_NAME,f5809306fbefc99ab58960276c780b28e6bcf52f9a30e17cae552512a1c79348,OFFICIAL_EVIDENCE,NSE_8407496D15F8,ACTIVE_DATE_MATCH,1
2017-03-31,INCLUDE,Tata Investment Corporation Ltd.,TATAINVESTMENTCORPORATION,TATAINVEST,ind_prs16022017.pdf,https://niftyindices.com/Press_Release/ind_prs16022017.pdf,2017-02-16,OFFICIAL_DATE_NAME,f5809306fbefc99ab58960276c780b28e6bcf52f9a30e17cae552512a1c79348,OFFICIAL_EVIDENCE,NSE_CC1A452E363C,ACTIVE_DATE_MATCH,1
2017-03-31,INCLUDE,Thyrocare Technologies Ltd.,THYROCARETECHNOLOGIES,THYROCARE,ind_prs16022017.pdf,https://niftyindices.com/Press_Release/ind_prs16022017.pdf,2017-02-16,OFFICIAL_DATE_NAME,f5809306fbefc99ab58960276c780b28e6bcf52f9a30e17cae552512a1c79348,OFFICIAL_EVIDENCE,NSE_0B84083B7AE8,ACTIVE_DATE_MATCH,1
2017-03-31,EXCLUDE,Alok Industries Ltd.,ALOKINDUSTRIES,ALOKTEXT,ind_prs16022017.pdf,https://niftyindices.com/Press_Release/ind_prs16022017.pdf,2017-02-16,OFFICIAL_DATE_NAME,f5809306fbefc99ab58960276c780b28e6bcf52f9a30e17cae552512a1c79348,OFFICIAL_EVIDENCE,NSE_F9F670EF6794,ACTIVE_DATE_MATCH,1
2017-03-31,EXCLUDE,Bombay Rayon Fashions Ltd.,BOMBAYRAYONFASHIONS,BRFL,ind_prs16022017.pdf,https://niftyindices.com/Press_Release/ind_prs16022017.pdf,2017-02-16,OFFICIAL_DATE_NAME,f5809306fbefc99ab58960276c780b28e6bcf52f9a30e17cae552512a1c79348,OFFICIAL_EVIDENCE,NSE_FBA9C5E2CF53,ACTIVE_DATE_MATCH,1
2017-03-31,EXCLUDE,Brigade Enterprises Ltd.,BRIGADEENTERPRISES,BRIGADE,ind_prs16022017.pdf,https://niftyindices.com/Press_Release/ind_prs16022017.pdf,2017-02-16,OFFICIAL_DATE_NAME,f5809306fbefc99ab58960276c780b28e6bcf52f9a30e17cae552512a1c79348,OFFICIAL_EVIDENCE,NSE_70B7FE697D9F,ACTIVE_DATE_MATCH,1
2017-03-31,EXCLUDE,Dynamatic Technologies Ltd.,DYNAMATICTECHNOLOGIES,DYNAMATECH,ind_prs16022017.pdf,https://niftyindices.com/Press_Release/ind_prs16022017.pdf,2017-02-16,OFFICIAL_DATE_NAME,f5809306fbefc99ab58960276c780b28e6bcf52f9a30e17cae552512a1c79348,OFFICIAL_EVIDENCE,NSE_C449D23376D8,ACTIVE_DATE_MATCH,1
2017-03-31,EXCLUDE,Future Lifestyle Fashions Ltd.,FUTURELIFESTYLEFASHIONS,FLFL,ind_prs16022017.pdf,https://niftyindices.com/Press_Release/ind_prs16022017.pdf,2017-02-16,OFFICIAL_DATE_NAME,f5809306fbefc99ab58960276c780b28e6bcf52f9a30e17cae552512a1c79348,OFFICIAL_EVIDENCE,NSE_3F39E4C95613,ACTIVE_DATE_MATCH,1
2017-03-31,EXCLUDE,Ingersoll Rand (India) Ltd.,INGERSOLLRANDINDIA,INGERRAND,ind_prs16022017.pdf,https://niftyindices.com/Press_Release/ind_prs16022017.pdf,2017-02-16,OFFICIAL_DATE_NAME,f5809306fbefc99ab58960276c780b28e6bcf52f9a30e17cae552512a1c79348,OFFICIAL_EVIDENCE,NSE_B34554B04EA8,ACTIVE_DATE_MATCH,1
2017-03-31,EXCLUDE,International Paper APPM Ltd.,INTERNATIONALPAPERAPPM,IPAPPM,ind_prs16022017.pdf,https://niftyindices.com/Press_Release/ind_prs16022017.pdf,2017-02-16,OFFICIAL_DATE_NAME,f5809306fbefc99ab58960276c780b28e6bcf52f9a30e17cae552512a1c79348,OFFICIAL_EVIDENCE,NSE_68E3F7F5879F,ACTIVE_DATE_MATCH,1
2017-03-31,EXCLUDE,Jaypee Infratech Ltd.,JAYPEEINFRATECH,JPINFRATEC,ind_prs16022017.pdf,https://niftyindices.com/Press_Release/ind_prs16022017.pdf,2017-02-16,OFFICIAL_DATE_NAME,f5809306fbefc99ab58960276c780b28e6bcf52f9a30e17cae552512a1c79348,OFFICIAL_EVIDENCE,NSE_8ADC58AB4A5B,ACTIVE_DATE_MATCH,1
2017-03-31,EXCLUDE,Jaiprakash Power Ventures Ltd.,JAIPRAKASHPOWERVENTURES,JPPOWER,ind_prs16022017.pdf,https://niftyindices.com/Press_Release/ind_prs16022017.pdf,2017-02-16,OFFICIAL_DATE_NAME,f5809306fbefc99ab58960276c780b28e6bcf52f9a30e17cae552512a1c79348,OFFICIAL_EVIDENCE,NSE_65EC163FC41A,ACTIVE_DATE_MATCH,1
2017-03-31,EXCLUDE,JSW Holdings Ltd.,JSWHOLDINGS,JSWHL,ind_prs16022017.pdf,https://niftyindices.com/Press_Release/ind_prs16022017.pdf,2017-02-16,OFFICIAL_DATE_NAME,f5809306fbefc99ab58960276c780b28e6bcf52f9a30e17cae552512a1c79348,OFFICIAL_EVIDENCE,NSE_6FD1FA25B4D5,ACTIVE_DATE_MATCH,1
2017-03-31,EXCLUDE,KSB Pumps Ltd.,KSBPUMPS,KSBPUMPS,ind_prs16022017.pdf,https://niftyindices.com/Press_Release/ind_prs16022017.pdf,2017-02-16,OFFICIAL_DATE_NAME,f5809306fbefc99ab58960276c780b28e6bcf52f9a30e17cae552512a1c79348,OFFICIAL_EVIDENCE,NSE_7ADB1BE970F4,ACTIVE_DATE_MATCH,1
2017-03-31,EXCLUDE,La Opala RG Ltd.,LAOPALARG,LAOPALA,ind_prs16022017.pdf,https://niftyindices.com/Press_Release/ind_prs16022017.pdf,2017-02-16,OFFICIAL_DATE_NAME,f5809306fbefc99ab58960276c780b28e6bcf52f9a30e17cae552512a1c79348,OFFICIAL_EVIDENCE,NSE_5C11B50967B3,ACTIVE_DATE_MATCH,1
2017-03-31,EXCLUDE,Linde India Ltd.,LINDEINDIA,LINDEINDIA,ind_prs16022017.pdf,https://niftyindices.com/Press_Release/ind_prs16022017.pdf,2017-02-16,OFFICIAL_DATE_NAME,f5809306fbefc99ab58960276c780b28e6bcf52f9a30e17cae552512a1c79348,OFFICIAL_EVIDENCE,NSE_98B70630B94C,ACTIVE_DATE_MATCH,1
2017-03-31,EXCLUDE,Lanco Infratech Ltd.,LANCOINFRATECH,LITL,ind_prs16022017.pdf,https://niftyindices.com/Press_Release/ind_prs16022017.pdf,2017-02-16,OFFICIAL_DATE_NAME,f5809306fbefc99ab58960276c780b28e6bcf52f9a30e17cae552512a1c79348,OFFICIAL_EVIDENCE,NSE_D76472EF418A,ACTIVE_DATE_MATCH,1
2017-03-31,EXCLUDE,Mahindra Lifespace Developers Ltd.,MAHINDRALIFESPACEDEVELOPERS,MAHLIFE,ind_prs16022017.pdf,https://niftyindices.com/Press_Release/ind_prs16022017.pdf,2017-02-16,OFFICIAL_DATE_NAME,f5809306fbefc99ab58960276c780b28e6bcf52f9a30e17cae552512a1c79348,OFFICIAL_EVIDENCE,NSE_57304F91501D,ACTIVE_DATE_MATCH,1
2017-03-31,EXCLUDE,Mayur Uniquoters Ltd.,MAYURUNIQUOTERS,MAYURUNIQ,ind_prs16022017.pdf,https://niftyindices.com/Press_Release/ind_prs16022017.pdf,2017-02-16,OFFICIAL_DATE_NAME,f5809306fbefc99ab58960276c780b28e6bcf52f9a30e17cae552512a1c79348,OFFICIAL_EVIDENCE,NSE_E8494F35C12B,ACTIVE_DATE_MATCH,1
2017-03-31,EXCLUDE,Sequent Scientific Ltd.,SEQUENTSCIENTIFIC,SEQUENT,ind_prs16022017.pdf,https://niftyindices.com/Press_Release/ind_prs16022017.pdf,2017-02-16,OFFICIAL_DATE_NAME,f5809306fbefc99ab58960276c780b28e6bcf52f9a30e17cae552512a1c79348,OFFICIAL_EVIDENCE,NSE_F7B46E5369C2,ACTIVE_DATE_MATCH,1
2017-03-31,EXCLUDE,Shoppers Stop Ltd.,SHOPPERSSTOP,SHOPERSTOP,ind_prs16022017.pdf,https://niftyindices.com/Press_Release/ind_prs16022017.pdf,2017-02-16,OFFICIAL_DATE_NAME,f5809306fbefc99ab58960276c780b28e6bcf52f9a30e17cae552512a1c79348,OFFICIAL_EVIDENCE,NSE_FA3A03D8F627,ACTIVE_DATE_MATCH,1
2017-03-31,EXCLUDE,Simplex Infrastructures Ltd.,SIMPLEXINFRASTRUCTURES,SIMPLEXINF,ind_prs16022017.pdf,https://niftyindices.com/Press_Release/ind_prs16022017.pdf,2017-02-16,OFFICIAL_DATE_NAME,f5809306fbefc99ab58960276c780b28e6bcf52f9a30e17cae552512a1c79348,OFFICIAL_EVIDENCE,NSE_021F12AAAD79,ACTIVE_DATE_MATCH,1
2017-03-31,EXCLUDE,Sintex Industries Ltd.,SINTEXINDUSTRIES,SINTEX,ind_prs16022017.pdf,https://niftyindices.com/Press_Release/ind_prs16022017.pdf,2017-02-16,OFFICIAL_DATE_NAME,f5809306fbefc99ab58960276c780b28e6bcf52f9a30e17cae552512a1c79348,OFFICIAL_EVIDENCE,NSE_7F1FE9599769,ACTIVE_DATE_MATCH,1
2017-03-31,EXCLUDE,Siti Networks Ltd.,SITINETWORKS,SITINET,ind_prs16022017.pdf,https://niftyindices.com/Press_Release/ind_prs16022017.pdf,2017-02-16,OFFICIAL_DATE_NAME,f5809306fbefc99ab58960276c780b28e6bcf52f9a30e17cae552512a1c79348,OFFICIAL_EVIDENCE,NSE_AB2CD07E1D43,ACTIVE_DATE_MATCH,1
2017-03-31,EXCLUDE,Suprajit Engineering Ltd.,SUPRAJITENGINEERING,SUPRAJIT,ind_prs16022017.pdf,https://niftyindices.com/Press_Release/ind_prs16022017.pdf,2017-02-16,OFFICIAL_DATE_NAME,f5809306fbefc99ab58960276c780b28e6bcf52f9a30e17cae552512a1c79348,OFFICIAL_EVIDENCE,NSE_3B598B9F02C0,ACTIVE_DATE_MATCH,1
2017-05-26,INCLUDE,Laurus Labs Ltd.,LAURUSLABS,LAURUSLABS,ind_prs27042017.pdf,https://niftyindices.com/Press_Release/ind_prs27042017.pdf,2017-04-27,OFFICIAL_DATE_NAME,a72ac75b320579a3bf981b43466d9569caf2dfce94d00b584d750498e110347b,OFFICIAL_EVIDENCE,NSE_82EB3C3636F3,ACTIVE_DATE_MATCH,1
2017-05-26,INCLUDE,PNB Housing Finance Ltd.,PNBHOUSINGFINANCE,PNBHOUSING,ind_prs27042017.pdf,https://niftyindices.com/Press_Release/ind_prs27042017.pdf,2017-04-27,OFFICIAL_DATE_NAME,a72ac75b320579a3bf981b43466d9569caf2dfce94d00b584d750498e110347b,OFFICIAL_EVIDENCE,NSE_08AD92AFD5C4,ACTIVE_DATE_MATCH,1
2017-05-26,INCLUDE,Varun Beverages Ltd.,VARUNBEVERAGES,VBL,ind_prs27042017.pdf,https://niftyindices.com/Press_Release/ind_prs27042017.pdf,2017-04-27,OFFICIAL_DATE_NAME,a72ac75b320579a3bf981b43466d9569caf2dfce94d00b584d750498e110347b,OFFICIAL_EVIDENCE,NSE_0E49BB8B75B8,ACTIVE_DATE_MATCH,1
2017-05-26,EXCLUDE,Aditya Birla Nuvo Ltd.,ADITYABIRLANUVO,ABIRLANUVO,ind_prs27042017.pdf,https://niftyindices.com/Press_Release/ind_prs27042017.pdf,2017-04-27,OFFICIAL_DATE_NAME,a72ac75b320579a3bf981b43466d9569caf2dfce94d00b584d750498e110347b,OFFICIAL_EVIDENCE,NSE_D9A959B5F435,ACTIVE_DATE_MATCH,1
2017-05-26,EXCLUDE,Grasim Industries Ltd.,GRASIMINDUSTRIES,GRASIM,ind_prs27042017.pdf,https://niftyindices.com/Press_Release/ind_prs27042017.pdf,2017-04-27,OFFICIAL_DATE_NAME,a72ac75b320579a3bf981b43466d9569caf2dfce94d00b584d750498e110347b,OFFICIAL_EVIDENCE,NSE_951F0DE091F9,ACTIVE_DATE_MATCH,1
2017-05-26,EXCLUDE,Tube Investments of India Ltd.,TUBEINVESTMENTSOFINDIA,TUBEINVEST,ind_prs27042017.pdf,https://niftyindices.com/Press_Release/ind_prs27042017.pdf,2017-04-27,OFFICIAL_DATE_NAME,a72ac75b320579a3bf981b43466d9569caf2dfce94d00b584d750498e110347b,OFFICIAL_EVIDENCE,NSE_EC24712264F2,ACTIVE_DATE_MATCH,1
2017-06-23,INCLUDE,Sheela Foam Ltd.,SHEELAFOAM,SFL,ind_prs15062017.pdf,https://niftyindices.com/Press_Release/ind_prs15062017.pdf,2017-06-15,OFFICIAL_DATE_NAME,13fd0f5d2514f7d641d80883b8a874af20cbe118bdad95ddfc99c3cfa525f978,OFFICIAL_EVIDENCE,NSE_BDA35C5DEB61,ACTIVE_DATE_MATCH,1
2017-06-23,EXCLUDE,IIFL Holdings Ltd.,IIFLHOLDINGS,IIFL,ind_prs15062017.pdf,https://niftyindices.com/Press_Release/ind_prs15062017.pdf,2017-06-15,OFFICIAL_DATE_NAME,13fd0f5d2514f7d641d80883b8a874af20cbe118bdad95ddfc99c3cfa525f978,OFFICIAL_EVIDENCE,NSE_F96D3907BEE7,ACTIVE_DATE_MATCH,1
2017-09-05,INCLUDE,Max Financial Services Ltd.,MAXFINANCIALSERVICES,MFSL,ind_prs29082017.pdf,https://niftyindices.com/Press_Release/ind_prs29082017.pdf,2017-08-29,OFFICIAL_DATE_NAME,2c901efcc5c3af6a8b9d353b2de9c91904bab4b40c8e68ef8540267366c46f20,OFFICIAL_EVIDENCE,NSE_98CBA18954BD,ACTIVE_DATE_MATCH,1
2017-09-05,EXCLUDE,Reliance Capital Ltd.,RELIANCECAPITAL,RELCAPITAL,ind_prs29082017.pdf,https://niftyindices.com/Press_Release/ind_prs29082017.pdf,2017-08-29,OFFICIAL_DATE_NAME,2c901efcc5c3af6a8b9d353b2de9c91904bab4b40c8e68ef8540267366c46f20,OFFICIAL_EVIDENCE,NSE_2B12B6998928,ACTIVE_DATE_MATCH,1
2017-09-29,INCLUDE,Bombay Rayon Fashions Ltd.,BOMBAYRAYONFASHIONS,BRFL,ind_prs28082017.pdf,https://niftyindices.com/Press_Release/ind_prs28082017.pdf,2017-08-28,OFFICIAL_DATE_NAME,25aa0b2027aaced424c4ca73e6bf86fd3dea3efa74db2aecf8ada6a3196fb5a8,OFFICIAL_EVIDENCE,NSE_FBA9C5E2CF53,ACTIVE_DATE_MATCH,1
2017-09-29,INCLUDE,Brigade Enterprises Ltd.,BRIGADEENTERPRISES,BRIGADE,ind_prs28082017.pdf,https://niftyindices.com/Press_Release/ind_prs28082017.pdf,2017-08-28,OFFICIAL_DATE_NAME,25aa0b2027aaced424c4ca73e6bf86fd3dea3efa74db2aecf8ada6a3196fb5a8,OFFICIAL_EVIDENCE,NSE_70B7FE697D9F,ACTIVE_DATE_MATCH,1
2017-09-29,INCLUDE,BSE Ltd.,BSE,BSE,ind_prs28082017.pdf,https://niftyindices.com/Press_Release/ind_prs28082017.pdf,2017-08-28,OFFICIAL_DATE_NAME,25aa0b2027aaced424c4ca73e6bf86fd3dea3efa74db2aecf8ada6a3196fb5a8,OFFICIAL_EVIDENCE,NSE_421D2CAC1A97,ACTIVE_DATE_MATCH,1
2017-09-29,INCLUDE,Avenue Supermarts Ltd.,AVENUESUPERMARTS,DMART,ind_prs28082017.pdf,https://niftyindices.com/Press_Release/ind_prs28082017.pdf,2017-08-28,OFFICIAL_DATE_NAME,25aa0b2027aaced424c4ca73e6bf86fd3dea3efa74db2aecf8ada6a3196fb5a8,OFFICIAL_EVIDENCE,NSE_96E91CE539E6,ACTIVE_DATE_MATCH,1
2017-09-29,INCLUDE,Future Lifestyle Fashions Ltd.,FUTURELIFESTYLEFASHIONS,FLFL,ind_prs28082017.pdf,https://niftyindices.com/Press_Release/ind_prs28082017.pdf,2017-08-28,OFFICIAL_DATE_NAME,25aa0b2027aaced424c4ca73e6bf86fd3dea3efa74db2aecf8ada6a3196fb5a8,OFFICIAL_EVIDENCE,NSE_3F39E4C95613,ACTIVE_DATE_MATCH,1
2017-09-29,INCLUDE,Heritage Foods Ltd.,HERITAGEFOODS,HERITGFOOD,ind_prs28082017.pdf,https://niftyindices.com/Press_Release/ind_prs28082017.pdf,2017-08-28,OFFICIAL_DATE_NAME,25aa0b2027aaced424c4ca73e6bf86fd3dea3efa74db2aecf8ada6a3196fb5a8,OFFICIAL_EVIDENCE,NSE_EEAD76022193,ACTIVE_DATE_MATCH,1
2017-09-29,INCLUDE,Indiabulls Ventures Ltd.,INDIABULLSVENTURES,IBVENTURES,ind_prs28082017.pdf,https://niftyindices.com/Press_Release/ind_prs28082017.pdf,2017-08-28,OFFICIAL_DATE_NAME,25aa0b2027aaced424c4ca73e6bf86fd3dea3efa74db2aecf8ada6a3196fb5a8,OFFICIAL_EVIDENCE,NSE_B0F020774F39,ACTIVE_DATE_MATCH,1
2017-09-29,INCLUDE,IFB Industries Ltd.,IFBINDUSTRIES,IFBIND,ind_prs28082017.pdf,https://niftyindices.com/Press_Release/ind_prs28082017.pdf,2017-08-28,OFFICIAL_DATE_NAME,25aa0b2027aaced424c4ca73e6bf86fd3dea3efa74db2aecf8ada6a3196fb5a8,OFFICIAL_EVIDENCE,NSE_697267629832,ACTIVE_DATE_MATCH,1
2017-09-29,INCLUDE,Ingersoll Rand (India) Ltd.,INGERSOLLRANDINDIA,INGERRAND,ind_prs28082017.pdf,https://niftyindices.com/Press_Release/ind_prs28082017.pdf,2017-08-28,OFFICIAL_DATE_NAME,25aa0b2027aaced424c4ca73e6bf86fd3dea3efa74db2aecf8ada6a3196fb5a8,OFFICIAL_EVIDENCE,NSE_B34554B04EA8,ACTIVE_DATE_MATCH,1
2017-09-29,INCLUDE,India Tourism Development Corporation Ltd.,INDIATOURISMDEVELOPMENTCORPORATION,ITDC,ind_prs28082017.pdf,https://niftyindices.com/Press_Release/ind_prs28082017.pdf,2017-08-28,OFFICIAL_DATE_NAME,25aa0b2027aaced424c4ca73e6bf86fd3dea3efa74db2aecf8ada6a3196fb5a8,OFFICIAL_EVIDENCE,NSE_0FF5DAC53AF6,ACTIVE_DATE_MATCH,1
2017-09-29,INCLUDE,ITI Ltd.,ITI,ITI,ind_prs28082017.pdf,https://niftyindices.com/Press_Release/ind_prs28082017.pdf,2017-08-28,OFFICIAL_DATE_NAME,25aa0b2027aaced424c4ca73e6bf86fd3dea3efa74db2aecf8ada6a3196fb5a8,OFFICIAL_EVIDENCE,NSE_E5D99F510B64,ACTIVE_DATE_MATCH,1
2017-09-29,INCLUDE,Jindal Saw Ltd.,JINDALSAW,JINDALSAW,ind_prs28082017.pdf,https://niftyindices.com/Press_Release/ind_prs28082017.pdf,2017-08-28,OFFICIAL_DATE_NAME,25aa0b2027aaced424c4ca73e6bf86fd3dea3efa74db2aecf8ada6a3196fb5a8,OFFICIAL_EVIDENCE,NSE_D5AEC8D4EBC0,ACTIVE_DATE_MATCH,1
2017-09-29,INCLUDE,Jaiprakash Power Ventures Ltd.,JAIPRAKASHPOWERVENTURES,JPPOWER,ind_prs28082017.pdf,https://niftyindices.com/Press_Release/ind_prs28082017.pdf,2017-08-28,OFFICIAL_DATE_NAME,25aa0b2027aaced424c4ca73e6bf86fd3dea3efa74db2aecf8ada6a3196fb5a8,OFFICIAL_EVIDENCE,NSE_65EC163FC41A,ACTIVE_DATE_MATCH,1
2017-09-29,INCLUDE,Jindal Stainless Ltd.,JINDALSTAINLESS,JSL,ind_prs28082017.pdf,https://niftyindices.com/Press_Release/ind_prs28082017.pdf,2017-08-28,OFFICIAL_DATE_NAME,25aa0b2027aaced424c4ca73e6bf86fd3dea3efa74db2aecf8ada6a3196fb5a8,OFFICIAL_EVIDENCE,NSE_329ABD1F5CCD,ACTIVE_DATE_MATCH,1
2017-09-29,INCLUDE,Jindal Stainless (Hisar) Ltd.,JINDALSTAINLESSHISAR,JSLHISAR,ind_prs28082017.pdf,https://niftyindices.com/Press_Release/ind_prs28082017.pdf,2017-08-28,OFFICIAL_DATE_NAME,25aa0b2027aaced424c4ca73e6bf86fd3dea3efa74db2aecf8ada6a3196fb5a8,OFFICIAL_EVIDENCE,NSE_E6FA1070E643,ACTIVE_DATE_MATCH,1
2017-09-29,INCLUDE,Linde India Ltd.,LINDEINDIA,LINDEINDIA,ind_prs28082017.pdf,https://niftyindices.com/Press_Release/ind_prs28082017.pdf,2017-08-28,OFFICIAL_DATE_NAME,25aa0b2027aaced424c4ca73e6bf86fd3dea3efa74db2aecf8ada6a3196fb5a8,OFFICIAL_EVIDENCE,NSE_98B70630B94C,ACTIVE_DATE_MATCH,1
2017-09-29,INCLUDE,National Fertilizers Ltd.,NATIONALFERTILIZERS,NFL,ind_prs28082017.pdf,https://niftyindices.com/Press_Release/ind_prs28082017.pdf,2017-08-28,OFFICIAL_DATE_NAME,25aa0b2027aaced424c4ca73e6bf86fd3dea3efa74db2aecf8ada6a3196fb5a8,OFFICIAL_EVIDENCE,NSE_7AD0C8434979,ACTIVE_DATE_MATCH,1
2017-09-29,INCLUDE,Rupa & Company Ltd.,RUPAAND,RUPA,ind_prs28082017.pdf,https://niftyindices.com/Press_Release/ind_prs28082017.pdf,2017-08-28,OFFICIAL_DATE_NAME,25aa0b2027aaced424c4ca73e6bf86fd3dea3efa74db2aecf8ada6a3196fb5a8,OFFICIAL_EVIDENCE,NSE_9B4AC7DEFB0B,ACTIVE_DATE_MATCH,1
2017-09-29,INCLUDE,Shoppers Stop Ltd.,SHOPPERSSTOP,SHOPERSTOP,ind_prs28082017.pdf,https://niftyindices.com/Press_Release/ind_prs28082017.pdf,2017-08-28,OFFICIAL_DATE_NAME,25aa0b2027aaced424c4ca73e6bf86fd3dea3efa74db2aecf8ada6a3196fb5a8,OFFICIAL_EVIDENCE,NSE_FA3A03D8F627,ACTIVE_DATE_MATCH,1
2017-09-29,INCLUDE,Supreme Petrochem Ltd.,SUPREMEPETROCHEM,SUPPETRO,ind_prs28082017.pdf,https://niftyindices.com/Press_Release/ind_prs28082017.pdf,2017-08-28,OFFICIAL_DATE_NAME,25aa0b2027aaced424c4ca73e6bf86fd3dea3efa74db2aecf8ada6a3196fb5a8,OFFICIAL_EVIDENCE,NSE_AA00EC8A4A3D,ACTIVE_DATE_MATCH,1
2017-09-29,INCLUDE,Suprajit Engineering Ltd.,SUPRAJITENGINEERING,SUPRAJIT,ind_prs28082017.pdf,https://niftyindices.com/Press_Release/ind_prs28082017.pdf,2017-08-28,OFFICIAL_DATE_NAME,25aa0b2027aaced424c4ca73e6bf86fd3dea3efa74db2aecf8ada6a3196fb5a8,OFFICIAL_EVIDENCE,NSE_3B598B9F02C0,ACTIVE_DATE_MATCH,1
2017-09-29,INCLUDE,Time Technoplast Ltd.,TIMETECHNOPLAST,TIMETECHNO,ind_prs28082017.pdf,https://niftyindices.com/Press_Release/ind_prs28082017.pdf,2017-08-28,OFFICIAL_DATE_NAME,25aa0b2027aaced424c4ca73e6bf86fd3dea3efa74db2aecf8ada6a3196fb5a8,OFFICIAL_EVIDENCE,NSE_435FD71DA02A,ACTIVE_DATE_MATCH,1
2017-09-29,INCLUDE,United Bank of India,UNITEDBANKOFINDIA,UNITEDBNK,ind_prs28082017.pdf,https://niftyindices.com/Press_Release/ind_prs28082017.pdf,2017-08-28,OFFICIAL_DATE_NAME,25aa0b2027aaced424c4ca73e6bf86fd3dea3efa74db2aecf8ada6a3196fb5a8,OFFICIAL_EVIDENCE,NSE_4F668EBBDC55,ACTIVE_DATE_MATCH,1
2017-09-29,INCLUDE,Vesuvius India Ltd.,VESUVIUSINDIA,VESUVIUS,ind_prs28082017.pdf,https://niftyindices.com/Press_Release/ind_prs28082017.pdf,2017-08-28,OFFICIAL_DATE_NAME,25aa0b2027aaced424c4ca73e6bf86fd3dea3efa74db2aecf8ada6a3196fb5a8,OFFICIAL_EVIDENCE,NSE_81E6A1C5A552,ACTIVE_DATE_MATCH,1
2017-09-29,EXCLUDE,Amtek Auto Ltd.,AMTEKAUTO,AMTEKAUTO,ind_prs28082017.pdf,https://niftyindices.com/Press_Release/ind_prs28082017.pdf,2017-08-28,OFFICIAL_DATE_NAME,25aa0b2027aaced424c4ca73e6bf86fd3dea3efa74db2aecf8ada6a3196fb5a8,OFFICIAL_EVIDENCE,NSE_DA8CD7DBA4AA,ACTIVE_DATE_MATCH,1
2017-09-29,EXCLUDE,Anant Raj Ltd.,ANANTRAJ,ANANTRAJ,ind_prs28082017.pdf,https://niftyindices.com/Press_Release/ind_prs28082017.pdf,2017-08-28,OFFICIAL_DATE_NAME,25aa0b2027aaced424c4ca73e6bf86fd3dea3efa74db2aecf8ada6a3196fb5a8,OFFICIAL_EVIDENCE,NSE_3E94CB7D547E,ACTIVE_DATE_MATCH,1
2017-09-29,EXCLUDE,Asahi India Glass Ltd.,ASAHIINDIAGLASS,ASAHIINDIA,ind_prs28082017.pdf,https://niftyindices.com/Press_Release/ind_prs28082017.pdf,2017-08-28,OFFICIAL_DATE_NAME,25aa0b2027aaced424c4ca73e6bf86fd3dea3efa74db2aecf8ada6a3196fb5a8,OFFICIAL_EVIDENCE,NSE_502982CDBAAD,ACTIVE_DATE_MATCH,1
2017-09-29,EXCLUDE,FDC Ltd.,FDC,FDC,ind_prs28082017.pdf,https://niftyindices.com/Press_Release/ind_prs28082017.pdf,2017-08-28,OFFICIAL_DATE_NAME,25aa0b2027aaced424c4ca73e6bf86fd3dea3efa74db2aecf8ada6a3196fb5a8,OFFICIAL_EVIDENCE,NSE_F0C8DB46A2B5,ACTIVE_DATE_MATCH,1
2017-09-29,EXCLUDE,Federal-Mogul Goetze (India) Ltd.,FEDERALMOGULGOETZEINDIA,FMGOETZE,ind_prs28082017.pdf,https://niftyindices.com/Press_Release/ind_prs28082017.pdf,2017-08-28,OFFICIAL_DATE_NAME,25aa0b2027aaced424c4ca73e6bf86fd3dea3efa74db2aecf8ada6a3196fb5a8,OFFICIAL_EVIDENCE,NSE_EFD7B6E7FD96,ACTIVE_DATE_MATCH,1
2017-09-29,EXCLUDE,Grindwell Norton Ltd.,GRINDWELLNORTON,GRINDWELL,ind_prs28082017.pdf,https://niftyindices.com/Press_Release/ind_prs28082017.pdf,2017-08-28,OFFICIAL_DATE_NAME,25aa0b2027aaced424c4ca73e6bf86fd3dea3efa74db2aecf8ada6a3196fb5a8,OFFICIAL_EVIDENCE,NSE_5405849154DD,ACTIVE_DATE_MATCH,1
2017-09-29,EXCLUDE,Hindustan Media Vent Ltd.,HINDUSTANMEDIAVENT,HMVL,ind_prs28082017.pdf,https://niftyindices.com/Press_Release/ind_prs28082017.pdf,2017-08-28,OFFICIAL_DATE_NAME,25aa0b2027aaced424c4ca73e6bf86fd3dea3efa74db2aecf8ada6a3196fb5a8,OFFICIAL_EVIDENCE,NSE_914B18D01343,ACTIVE_DATE_MATCH,1
2017-09-29,EXCLUDE,Honeywell Automation India Ltd.,HONEYWELLAUTOMATIONINDIA,HONAUT,ind_prs28082017.pdf,https://niftyindices.com/Press_Release/ind_prs28082017.pdf,2017-08-28,OFFICIAL_DATE_NAME,25aa0b2027aaced424c4ca73e6bf86fd3dea3efa74db2aecf8ada6a3196fb5a8,OFFICIAL_EVIDENCE,NSE_5FC304B0807C,ACTIVE_DATE_MATCH,1
2017-09-29,EXCLUDE,JMT Auto Ltd.,JMTAUTO,JMTAUTOLTD,ind_prs28082017.pdf,https://niftyindices.com/Press_Release/ind_prs28082017.pdf,2017-08-28,OFFICIAL_DATE_NAME,25aa0b2027aaced424c4ca73e6bf86fd3dea3efa74db2aecf8ada6a3196fb5a8,OFFICIAL_EVIDENCE,NSE_E26A501DCF72,ACTIVE_DATE_MATCH,1
2017-09-29,EXCLUDE,KNR Constructions Ltd.,KNRCONSTRUCTIONS,KNRCON,ind_prs28082017.pdf,https://niftyindices.com/Press_Release/ind_prs28082017.pdf,2017-08-28,OFFICIAL_DATE_NAME,25aa0b2027aaced424c4ca73e6bf86fd3dea3efa74db2aecf8ada6a3196fb5a8,OFFICIAL_EVIDENCE,NSE_AE25FA292E6D,ACTIVE_DATE_MATCH,1
2017-09-29,EXCLUDE,Nitin Fire Protection Industries Ltd.,NITINFIREPROTECTIONINDUSTRIES,NITINFIRE,ind_prs28082017.pdf,https://niftyindices.com/Press_Release/ind_prs28082017.pdf,2017-08-28,OFFICIAL_DATE_NAME,25aa0b2027aaced424c4ca73e6bf86fd3dea3efa74db2aecf8ada6a3196fb5a8,OFFICIAL_EVIDENCE,NSE_3B67FE1904B0,ACTIVE_DATE_MATCH,1
2017-09-29,EXCLUDE,Orissa Min Dev Co Ltd.,ORISSAMINDEV,ORISSAMINE,ind_prs28082017.pdf,https://niftyindices.com/Press_Release/ind_prs28082017.pdf,2017-08-28,OFFICIAL_DATE_NAME,25aa0b2027aaced424c4ca73e6bf86fd3dea3efa74db2aecf8ada6a3196fb5a8,OFFICIAL_EVIDENCE,NSE_2E6A9952322C,ACTIVE_DATE_MATCH,1
2017-09-29,EXCLUDE,Punj Lloyd Ltd.,PUNJLLOYD,PUNJLLOYD,ind_prs28082017.pdf,https://niftyindices.com/Press_Release/ind_prs28082017.pdf,2017-08-28,OFFICIAL_DATE_NAME,25aa0b2027aaced424c4ca73e6bf86fd3dea3efa74db2aecf8ada6a3196fb5a8,OFFICIAL_EVIDENCE,NSE_795647D3BCB5,ACTIVE_DATE_MATCH,1
2017-09-29,EXCLUDE,Ratnamani Metals & Tubes Ltd.,RATNAMANIMETALSANDTUBES,RATNAMANI,ind_prs28082017.pdf,https://niftyindices.com/Press_Release/ind_prs28082017.pdf,2017-08-28,OFFICIAL_DATE_NAME,25aa0b2027aaced424c4ca73e6bf86fd3dea3efa74db2aecf8ada6a3196fb5a8,OFFICIAL_EVIDENCE,NSE_55FFE606B7E2,ACTIVE_DATE_MATCH,1
2017-09-29,EXCLUDE,Relaxo Footwears Ltd.,RELAXOFOOTWEARS,RELAXO,ind_prs28082017.pdf,https://niftyindices.com/Press_Release/ind_prs28082017.pdf,2017-08-28,OFFICIAL_DATE_NAME,25aa0b2027aaced424c4ca73e6bf86fd3dea3efa74db2aecf8ada6a3196fb5a8,OFFICIAL_EVIDENCE,NSE_6C4CBD6F12EE,ACTIVE_DATE_MATCH,1
2017-09-29,EXCLUDE,Reliance Industrial Infrastructure Ltd.,RELIANCEINDUSTRIALINFRASTRUCTURE,RIIL,ind_prs28082017.pdf,https://niftyindices.com/Press_Release/ind_prs28082017.pdf,2017-08-28,OFFICIAL_DATE_NAME,25aa0b2027aaced424c4ca73e6bf86fd3dea3efa74db2aecf8ada6a3196fb5a8,OFFICIAL_EVIDENCE,NSE_824143CEF952,ACTIVE_DATE_MATCH,1
2017-09-29,EXCLUDE,Rolta India Ltd.,ROLTAINDIA,ROLTA,ind_prs28082017.pdf,https://niftyindices.com/Press_Release/ind_prs28082017.pdf,2017-08-28,OFFICIAL_DATE_NAME,25aa0b2027aaced424c4ca73e6bf86fd3dea3efa74db2aecf8ada6a3196fb5a8,OFFICIAL_EVIDENCE,NSE_0797DFD05BFD,ACTIVE_DATE_MATCH,1
2017-09-29,EXCLUDE,Ruchi Soya Industries Ltd.,RUCHISOYAINDUSTRIES,RUCHISOYA,ind_prs28082017.pdf,https://niftyindices.com/Press_Release/ind_prs28082017.pdf,2017-08-28,OFFICIAL_DATE_NAME,25aa0b2027aaced424c4ca73e6bf86fd3dea3efa74db2aecf8ada6a3196fb5a8,OFFICIAL_EVIDENCE,NSE_9D8A71CA7906,ACTIVE_DATE_MATCH,1
2017-09-29,EXCLUDE,State Trading Corporation of India Ltd.,STATETRADINGCORPORATIONOFINDIA,STCINDIA,ind_prs28082017.pdf,https://niftyindices.com/Press_Release/ind_prs28082017.pdf,2017-08-28,OFFICIAL_DATE_NAME,25aa0b2027aaced424c4ca73e6bf86fd3dea3efa74db2aecf8ada6a3196fb5a8,OFFICIAL_EVIDENCE,NSE_D376FF14ECD7,ACTIVE_DATE_MATCH,1
2017-09-29,EXCLUDE,Tide Water Oil (India) Ltd.,TIDEWATEROILINDIA,TIDEWATER,ind_prs28082017.pdf,https://niftyindices.com/Press_Release/ind_prs28082017.pdf,2017-08-28,OFFICIAL_DATE_NAME,25aa0b2027aaced424c4ca73e6bf86fd3dea3efa74db2aecf8ada6a3196fb5a8,OFFICIAL_EVIDENCE,NSE_62907813BC36,ACTIVE_DATE_MATCH,1
2017-09-29,EXCLUDE,Triveni Turbine Ltd.,TRIVENITURBINE,TRITURBINE,ind_prs28082017.pdf,https://niftyindices.com/Press_Release/ind_prs28082017.pdf,2017-08-28,OFFICIAL_DATE_NAME,25aa0b2027aaced424c4ca73e6bf86fd3dea3efa74db2aecf8ada6a3196fb5a8,OFFICIAL_EVIDENCE,NSE_9CD0408E0E4C,ACTIVE_DATE_MATCH,1
2017-09-29,EXCLUDE,VST Industries Ltd.,VSTINDUSTRIES,VSTIND,ind_prs28082017.pdf,https://niftyindices.com/Press_Release/ind_prs28082017.pdf,2017-08-28,OFFICIAL_DATE_NAME,25aa0b2027aaced424c4ca73e6bf86fd3dea3efa74db2aecf8ada6a3196fb5a8,OFFICIAL_EVIDENCE,NSE_BB53E120FC24,ACTIVE_DATE_MATCH,1
2017-09-29,EXCLUDE,Wonderla Holidays Ltd.,WONDERLAHOLIDAYS,WONDERLA,ind_prs28082017.pdf,https://niftyindices.com/Press_Release/ind_prs28082017.pdf,2017-08-28,OFFICIAL_DATE_NAME,25aa0b2027aaced424c4ca73e6bf86fd3dea3efa74db2aecf8ada6a3196fb5a8,OFFICIAL_EVIDENCE,NSE_4C12111E25F6,ACTIVE_DATE_MATCH,1
2017-09-29,EXCLUDE,Zydus Wellness Ltd.,ZYDUSWELLNESS,ZYDUSWELL,ind_prs28082017.pdf,https://niftyindices.com/Press_Release/ind_prs28082017.pdf,2017-08-28,OFFICIAL_DATE_NAME,25aa0b2027aaced424c4ca73e6bf86fd3dea3efa74db2aecf8ada6a3196fb5a8,OFFICIAL_EVIDENCE,NSE_EFCAC85BC356,ACTIVE_DATE_MATCH,1
2017-10-30,INCLUDE,Housing & Urban Development Corporation Ltd.,HOUSINGANDURBANDEVELOPMENTCORPORATION,HUDCO,ind_prs16102017.pdf,https://niftyindices.com/Press_Release/ind_prs16102017.pdf,2017-10-16,OFFICIAL_DATE_NAME,db77a33e235bb7283c3e8305c7f1b211099a13e2d9d43542a538696a54a4329c,OFFICIAL_EVIDENCE,NSE_D738174DF89D,ACTIVE_DATE_MATCH,1
2017-10-30,EXCLUDE,Future Retail Ltd.,FUTURERETAIL,FRETAIL,ind_prs16102017.pdf,https://niftyindices.com/Press_Release/ind_prs16102017.pdf,2017-10-16,OFFICIAL_DATE_NAME,db77a33e235bb7283c3e8305c7f1b211099a13e2d9d43542a538696a54a4329c,OFFICIAL_EVIDENCE,NSE_E987DDA51421,ACTIVE_DATE_MATCH,1
2017-11-13,INCLUDE,AU Small Finance Bank Ltd.,AUSMALLFINANCEBANK,AUBANK,ind_prs03112017.pdf,https://niftyindices.com/Press_Release/ind_prs03112017.pdf,2017-11-03,OFFICIAL_DATE_NAME,3a6333ae5618ff91fdc9d62df121577da716c65256881bf761d39b375f27e912,OFFICIAL_EVIDENCE,NSE_87FFF2928495,ACTIVE_DATE_MATCH,1
2017-11-13,INCLUDE,Relaxo Footwears Ltd.,RELAXOFOOTWEARS,RELAXO,ind_prs03112017.pdf,https://niftyindices.com/Press_Release/ind_prs03112017.pdf,2017-11-03,OFFICIAL_DATE_NAME,3a6333ae5618ff91fdc9d62df121577da716c65256881bf761d39b375f27e912,OFFICIAL_EVIDENCE,NSE_6C4CBD6F12EE,ACTIVE_DATE_MATCH,1
2017-11-13,EXCLUDE,Shilpi Cable Tech Ltd.,SHILPICABLETECH,SHILPI,ind_prs03112017.pdf,https://niftyindices.com/Press_Release/ind_prs03112017.pdf,2017-11-03,OFFICIAL_DATE_NAME,3a6333ae5618ff91fdc9d62df121577da716c65256881bf761d39b375f27e912,OFFICIAL_EVIDENCE,NSE_4AE28DB56B68,ACTIVE_DATE_MATCH,1
2017-11-13,EXCLUDE,Sundaram Finance Ltd.,SUNDARAMFINANCE,SUNDARMFIN,ind_prs03112017.pdf,https://niftyindices.com/Press_Release/ind_prs03112017.pdf,2017-11-03,OFFICIAL_DATE_NAME,3a6333ae5618ff91fdc9d62df121577da716c65256881bf761d39b375f27e912,OFFICIAL_EVIDENCE,NSE_D33E443DE34A,ACTIVE_DATE_MATCH,1
2017-11-20,INCLUDE,Star Cement Ltd.,STARCEMENT,STARCEMENT,ind_prs10112017.pdf,https://niftyindices.com/Press_Release/ind_prs10112017.pdf,2017-11-10,OFFICIAL_DATE_NAME,48967e4b62390828177e01666980cb8e065c0c592fcdab849683d1c4a15d5fb6,OFFICIAL_EVIDENCE,NSE_9ABAD18182CF,ACTIVE_DATE_MATCH,1
2017-11-20,EXCLUDE,Gayatri Projects Ltd.,GAYATRIPROJECTS,GAYAPROJ,ind_prs10112017.pdf,https://niftyindices.com/Press_Release/ind_prs10112017.pdf,2017-11-10,OFFICIAL_DATE_NAME,48967e4b62390828177e01666980cb8e065c0c592fcdab849683d1c4a15d5fb6,OFFICIAL_EVIDENCE,NSE_1EDC5AB6BDE5,ACTIVE_DATE_MATCH,1
2018-02-05,INCLUDE,Cochin Shipyard Ltd.,COCHINSHIPYARD,COCHINSHIP,ind_prs08012018.pdf,https://niftyindices.com/Press_Release/ind_prs08012018.pdf,2018-01-08,OFFICIAL_DATE_NAME,364784c98963a7bc2d28fa19d7b0c5377063178e9215669b1c7b1dfcdc8981f2,OFFICIAL_EVIDENCE,NSE_519BAA4E7230,ACTIVE_DATE_MATCH,1
2018-02-05,INCLUDE,Hatsun Agro Product Ltd.,HATSUNAGROPRODUCT,HATSUN,ind_prs08012018.pdf,https://niftyindices.com/Press_Release/ind_prs08012018.pdf,2018-01-08,OFFICIAL_DATE_NAME,364784c98963a7bc2d28fa19d7b0c5377063178e9215669b1c7b1dfcdc8981f2,OFFICIAL_EVIDENCE,NSE_AF4B789C4B78,ACTIVE_DATE_MATCH,1
2018-02-05,INCLUDE,Reliance Capital Ltd.,RELIANCECAPITAL,RELCAPITAL,ind_prs08012018.pdf,https://niftyindices.com/Press_Release/ind_prs08012018.pdf,2018-01-08,OFFICIAL_DATE_NAME,364784c98963a7bc2d28fa19d7b0c5377063178e9215669b1c7b1dfcdc8981f2,OFFICIAL_EVIDENCE,NSE_2B12B6998928,ACTIVE_DATE_MATCH,1
2018-02-05,INCLUDE,TI Financial Holdings Ltd.,TIFINANCIALHOLDINGS,TIFIN,ind_prs08012018.pdf,https://niftyindices.com/Press_Release/ind_prs08012018.pdf,2018-01-08,OFFICIAL_DATE_NAME,364784c98963a7bc2d28fa19d7b0c5377063178e9215669b1c7b1dfcdc8981f2,OFFICIAL_EVIDENCE,NSE_9E3BB2CB962F,ACTIVE_DATE_MATCH,1
2018-02-05,EXCLUDE,CESC Ltd.,CESC,CESC,ind_prs08012018.pdf,https://niftyindices.com/Press_Release/ind_prs08012018.pdf,2018-01-08,OFFICIAL_DATE_NAME,364784c98963a7bc2d28fa19d7b0c5377063178e9215669b1c7b1dfcdc8981f2,OFFICIAL_EVIDENCE,NSE_9FB7052822E7,ACTIVE_DATE_MATCH,1
2018-02-05,EXCLUDE,Fortis Healthcare Ltd.,FORTISHEALTHCARE,FORTIS,ind_prs08012018.pdf,https://niftyindices.com/Press_Release/ind_prs08012018.pdf,2018-01-08,OFFICIAL_DATE_NAME,364784c98963a7bc2d28fa19d7b0c5377063178e9215669b1c7b1dfcdc8981f2,OFFICIAL_EVIDENCE,NSE_AD5A80C76970,ACTIVE_DATE_MATCH,1
2018-02-05,EXCLUDE,Polaris Consulting & Services Ltd.,POLARISCONSULTINGANDSERVICES,POLARIS,ind_prs08012018.pdf,https://niftyindices.com/Press_Release/ind_prs08012018.pdf,2018-01-08,OFFICIAL_DATE_NAME,364784c98963a7bc2d28fa19d7b0c5377063178e9215669b1c7b1dfcdc8981f2,OFFICIAL_EVIDENCE,NSE_A787B7252904,ACTIVE_DATE_MATCH,1
2018-02-05,EXCLUDE,Strides Shasun Ltd.,STRIDESSHASUN,STAR,ind_prs08012018.pdf,https://niftyindices.com/Press_Release/ind_prs08012018.pdf,2018-01-08,OFFICIAL_DATE_NAME,364784c98963a7bc2d28fa19d7b0c5377063178e9215669b1c7b1dfcdc8981f2,OFFICIAL_EVIDENCE,NSE_72AFBEE07E5D,ACTIVE_DATE_MATCH,1
2018-03-13,INCLUDE,Eris Lifesciences Ltd.,ERISLIFESCIENCES,ERIS,ind_prs06032018.pdf,https://niftyindices.com/Press_Release/ind_prs06032018.pdf,2018-03-06,OFFICIAL_DATE_NAME,8750a37dcd4d2e8fe7eb4301a4b422134d49409e11baf351f0cc7fc48ab0c38b,OFFICIAL_EVIDENCE,NSE_8CDF4E326200,ACTIVE_DATE_MATCH,1
2018-03-13,EXCLUDE,Videocon Industries Ltd.,VIDEOCONINDUSTRIES,VIDEOIND,ind_prs06032018.pdf,https://niftyindices.com/Press_Release/ind_prs06032018.pdf,2018-03-06,OFFICIAL_DATE_NAME,8750a37dcd4d2e8fe7eb4301a4b422134d49409e11baf351f0cc7fc48ab0c38b,OFFICIAL_EVIDENCE,NSE_BAF1627773E0,ACTIVE_DATE_MATCH,1
2018-04-02,INCLUDE,Aditya Birla Capital Ltd.,ADITYABIRLACAPITAL,ABCAPITAL,ind_prs21022018.pdf,https://niftyindices.com/Press_Release/ind_prs21022018.pdf,2018-02-21,OFFICIAL_DATE_NAME,a31019896822ef7a28f2229ba5e1552c835f51952ee033d02a5f79c9c7914b3d,OFFICIAL_EVIDENCE,NSE_8D903D63E255,ACTIVE_DATE_MATCH,1
2018-04-02,INCLUDE,Asahi India Glass Ltd.,ASAHIINDIAGLASS,ASAHIINDIA,ind_prs21022018.pdf,https://niftyindices.com/Press_Release/ind_prs21022018.pdf,2018-02-21,OFFICIAL_DATE_NAME,a31019896822ef7a28f2229ba5e1552c835f51952ee033d02a5f79c9c7914b3d,OFFICIAL_EVIDENCE,NSE_502982CDBAAD,ACTIVE_DATE_MATCH,1
2018-04-02,INCLUDE,Central Depository Services (India) Ltd.,CENTRALDEPOSITORYSERVICESINDIA,CDSL,ind_prs21022018.pdf,https://niftyindices.com/Press_Release/ind_prs21022018.pdf,2018-02-21,OFFICIAL_DATE_NAME,a31019896822ef7a28f2229ba5e1552c835f51952ee033d02a5f79c9c7914b3d,OFFICIAL_EVIDENCE,NSE_3A59D4375DE3,ACTIVE_DATE_MATCH,1
2018-04-02,INCLUDE,Dishman Carbogen Amcis Ltd.,DISHMANCARBOGENAMCIS,DCAL,ind_prs21022018.pdf,https://niftyindices.com/Press_Release/ind_prs21022018.pdf,2018-02-21,OFFICIAL_DATE_NAME,a31019896822ef7a28f2229ba5e1552c835f51952ee033d02a5f79c9c7914b3d,OFFICIAL_EVIDENCE,NSE_087EBB35F638,ACTIVE_DATE_MATCH,1
2018-04-02,INCLUDE,Dixon Technologies (India) Ltd.,DIXONTECHNOLOGIESINDIA,DIXON,ind_prs21022018.pdf,https://niftyindices.com/Press_Release/ind_prs21022018.pdf,2018-02-21,OFFICIAL_DATE_NAME,a31019896822ef7a28f2229ba5e1552c835f51952ee033d02a5f79c9c7914b3d,OFFICIAL_EVIDENCE,NSE_594968069C9C,ACTIVE_DATE_MATCH,1
2018-04-02,INCLUDE,General Insurance Corporation of India,GENERALINSURANCECORPORATIONOFINDIA,GICRE,ind_prs21022018.pdf,https://niftyindices.com/Press_Release/ind_prs21022018.pdf,2018-02-21,OFFICIAL_DATE_NAME,a31019896822ef7a28f2229ba5e1552c835f51952ee033d02a5f79c9c7914b3d,OFFICIAL_EVIDENCE,NSE_5700B54677A9,ACTIVE_DATE_MATCH,1
2018-04-02,INCLUDE,Godrej Agrovet Ltd.,GODREJAGROVET,GODREJAGRO,ind_prs21022018.pdf,https://niftyindices.com/Press_Release/ind_prs21022018.pdf,2018-02-21,OFFICIAL_DATE_NAME,a31019896822ef7a28f2229ba5e1552c835f51952ee033d02a5f79c9c7914b3d,OFFICIAL_EVIDENCE,NSE_F4683ACDECE7,ACTIVE_DATE_MATCH,1
2018-04-02,INCLUDE,Graphite India Ltd.,GRAPHITEINDIA,GRAPHITE,ind_prs21022018.pdf,https://niftyindices.com/Press_Release/ind_prs21022018.pdf,2018-02-21,OFFICIAL_DATE_NAME,a31019896822ef7a28f2229ba5e1552c835f51952ee033d02a5f79c9c7914b3d,OFFICIAL_EVIDENCE,NSE_0F72F66469D6,ACTIVE_DATE_MATCH,1
2018-04-02,INCLUDE,Grasim Industries Ltd.,GRASIMINDUSTRIES,GRASIM,ind_prs21022018.pdf,https://niftyindices.com/Press_Release/ind_prs21022018.pdf,2018-02-21,OFFICIAL_DATE_NAME,a31019896822ef7a28f2229ba5e1552c835f51952ee033d02a5f79c9c7914b3d,OFFICIAL_EVIDENCE,NSE_951F0DE091F9,ACTIVE_DATE_MATCH,1
2018-04-02,INCLUDE,H.E.G. Ltd.,HEG,HEG,ind_prs21022018.pdf,https://niftyindices.com/Press_Release/ind_prs21022018.pdf,2018-02-21,OFFICIAL_DATE_NAME,a31019896822ef7a28f2229ba5e1552c835f51952ee033d02a5f79c9c7914b3d,OFFICIAL_EVIDENCE,NSE_2EF7833DA8D3,ACTIVE_DATE_MATCH,1
2018-04-02,INCLUDE,Honeywell Automation India Ltd.,HONEYWELLAUTOMATIONINDIA,HONAUT,ind_prs21022018.pdf,https://niftyindices.com/Press_Release/ind_prs21022018.pdf,2018-02-21,OFFICIAL_DATE_NAME,a31019896822ef7a28f2229ba5e1552c835f51952ee033d02a5f79c9c7914b3d,OFFICIAL_EVIDENCE,NSE_5FC304B0807C,ACTIVE_DATE_MATCH,1
2018-04-02,INCLUDE,Himadri Speciality Chemical Ltd.,HIMADRISPECIALITYCHEMICAL,HSCL,ind_prs21022018.pdf,https://niftyindices.com/Press_Release/ind_prs21022018.pdf,2018-02-21,OFFICIAL_DATE_NAME,a31019896822ef7a28f2229ba5e1552c835f51952ee033d02a5f79c9c7914b3d,OFFICIAL_EVIDENCE,NSE_870926D02A20,ACTIVE_DATE_MATCH,1
2018-04-02,INCLUDE,ICICI Lombard General Insurance Company Ltd.,ICICILOMBARDGENERALINSURANCE,ICICIGI,ind_prs21022018.pdf,https://niftyindices.com/Press_Release/ind_prs21022018.pdf,2018-02-21,OFFICIAL_DATE_NAME,a31019896822ef7a28f2229ba5e1552c835f51952ee033d02a5f79c9c7914b3d,OFFICIAL_EVIDENCE,NSE_3F703015A8A4,ACTIVE_DATE_MATCH,1
2018-04-02,INCLUDE,Indian Energy Exchange Ltd.,INDIANENERGYEXCHANGE,IEX,ind_prs21022018.pdf,https://niftyindices.com/Press_Release/ind_prs21022018.pdf,2018-02-21,OFFICIAL_DATE_NAME,a31019896822ef7a28f2229ba5e1552c835f51952ee033d02a5f79c9c7914b3d,OFFICIAL_EVIDENCE,NSE_DE5DE93EB4E5,ACTIVE_DATE_MATCH,1
2018-04-02,INCLUDE,IIFL Holdings Ltd.,IIFLHOLDINGS,IIFL,ind_prs21022018.pdf,https://niftyindices.com/Press_Release/ind_prs21022018.pdf,2018-02-21,OFFICIAL_DATE_NAME,a31019896822ef7a28f2229ba5e1552c835f51952ee033d02a5f79c9c7914b3d,OFFICIAL_EVIDENCE,NSE_F96D3907BEE7,ACTIVE_DATE_MATCH,1
2018-04-02,INCLUDE,KNR Constructions Ltd.,KNRCONSTRUCTIONS,KNRCON,ind_prs21022018.pdf,https://niftyindices.com/Press_Release/ind_prs21022018.pdf,2018-02-21,OFFICIAL_DATE_NAME,a31019896822ef7a28f2229ba5e1552c835f51952ee033d02a5f79c9c7914b3d,OFFICIAL_EVIDENCE,NSE_AE25FA292E6D,ACTIVE_DATE_MATCH,1
2018-04-02,INCLUDE,MAS Financial Services Ltd.,MASFINANCIALSERVICES,MASFIN,ind_prs21022018.pdf,https://niftyindices.com/Press_Release/ind_prs21022018.pdf,2018-02-21,OFFICIAL_DATE_NAME,a31019896822ef7a28f2229ba5e1552c835f51952ee033d02a5f79c9c7914b3d,OFFICIAL_EVIDENCE,NSE_E1897D16F276,ACTIVE_DATE_MATCH,1
2018-04-02,INCLUDE,NESCO Ltd.,NESCO,NESCO,ind_prs21022018.pdf,https://niftyindices.com/Press_Release/ind_prs21022018.pdf,2018-02-21,OFFICIAL_DATE_NAME,a31019896822ef7a28f2229ba5e1552c835f51952ee033d02a5f79c9c7914b3d,OFFICIAL_EVIDENCE,NSE_B314BB60ABB8,ACTIVE_DATE_MATCH,1
2018-04-02,INCLUDE,Reliance Home Finance Ltd.,RELIANCEHOMEFINANCE,RHFL,ind_prs21022018.pdf,https://niftyindices.com/Press_Release/ind_prs21022018.pdf,2018-02-21,OFFICIAL_DATE_NAME,a31019896822ef7a28f2229ba5e1552c835f51952ee033d02a5f79c9c7914b3d,OFFICIAL_EVIDENCE,NSE_42389EFA283C,ACTIVE_DATE_MATCH,1
2018-04-02,INCLUDE,Sadbhav Infrastructure Project Ltd.,SADBHAVINFRASTRUCTUREPROJECT,SADBHIN,ind_prs21022018.pdf,https://niftyindices.com/Press_Release/ind_prs21022018.pdf,2018-02-21,OFFICIAL_DATE_NAME,a31019896822ef7a28f2229ba5e1552c835f51952ee033d02a5f79c9c7914b3d,OFFICIAL_EVIDENCE,NSE_759F0BD4CDE1,ACTIVE_DATE_MATCH,1
2018-04-02,INCLUDE,SBI Life Insurance Company Ltd.,SBILIFEINSURANCE,SBILIFE,ind_prs21022018.pdf,https://niftyindices.com/Press_Release/ind_prs21022018.pdf,2018-02-21,OFFICIAL_DATE_NAME,a31019896822ef7a28f2229ba5e1552c835f51952ee033d02a5f79c9c7914b3d,OFFICIAL_EVIDENCE,NSE_64FA5F3DB129,ACTIVE_DATE_MATCH,1
2018-04-02,INCLUDE,Shankara Building Products Ltd.,SHANKARABUILDINGPRODUCTS,SHANKARA,ind_prs21022018.pdf,https://niftyindices.com/Press_Release/ind_prs21022018.pdf,2018-02-21,OFFICIAL_DATE_NAME,a31019896822ef7a28f2229ba5e1552c835f51952ee033d02a5f79c9c7914b3d,OFFICIAL_EVIDENCE,NSE_6246AD197B0E,ACTIVE_DATE_MATCH,1
2018-04-02,INCLUDE,Security and Intelligence Services (India) Ltd.,SECURITYANDINTELLIGENCESERVICESINDIA,SIS,ind_prs21022018.pdf,https://niftyindices.com/Press_Release/ind_prs21022018.pdf,2018-02-21,OFFICIAL_DATE_NAME,a31019896822ef7a28f2229ba5e1552c835f51952ee033d02a5f79c9c7914b3d,OFFICIAL_EVIDENCE,NSE_C457B5E6B67B,ACTIVE_DATE_MATCH,1
2018-04-02,INCLUDE,Sintex Plastics Technology Ltd.,SINTEXPLASTICSTECHNOLOGY,SPTL,ind_prs21022018.pdf,https://niftyindices.com/Press_Release/ind_prs21022018.pdf,2018-02-21,OFFICIAL_DATE_NAME,a31019896822ef7a28f2229ba5e1552c835f51952ee033d02a5f79c9c7914b3d,OFFICIAL_EVIDENCE,NSE_C07DB11DA201,ACTIVE_DATE_MATCH,1
2018-04-02,EXCLUDE,Adani Enterprises Ltd.,ADANIENTERPRISES,ADANIENT,ind_prs21022018.pdf,https://niftyindices.com/Press_Release/ind_prs21022018.pdf,2018-02-21,OFFICIAL_DATE_NAME,a31019896822ef7a28f2229ba5e1552c835f51952ee033d02a5f79c9c7914b3d,OFFICIAL_EVIDENCE,NSE_42CD50DCCBD6,ACTIVE_DATE_MATCH,1
2018-04-02,EXCLUDE,Ahluwalia Contracts (India) Ltd.,AHLUWALIACONTRACTSINDIA,AHLUCONT,ind_prs21022018.pdf,https://niftyindices.com/Press_Release/ind_prs21022018.pdf,2018-02-21,OFFICIAL_DATE_NAME,a31019896822ef7a28f2229ba5e1552c835f51952ee033d02a5f79c9c7914b3d,OFFICIAL_EVIDENCE,NSE_3CD1CF512D16,ACTIVE_DATE_MATCH,1
2018-04-02,EXCLUDE,Apar Industries Ltd.,APARINDUSTRIES,APARINDS,ind_prs21022018.pdf,https://niftyindices.com/Press_Release/ind_prs21022018.pdf,2018-02-21,OFFICIAL_DATE_NAME,a31019896822ef7a28f2229ba5e1552c835f51952ee033d02a5f79c9c7914b3d,OFFICIAL_EVIDENCE,NSE_05F316A71726,ACTIVE_DATE_MATCH,1
2018-04-02,EXCLUDE,AstraZenca Pharma India Ltd.,ASTRAZENCAPHARMAINDIA,ASTRAZEN,ind_prs21022018.pdf,https://niftyindices.com/Press_Release/ind_prs21022018.pdf,2018-02-21,OFFICIAL_DATE_NAME,a31019896822ef7a28f2229ba5e1552c835f51952ee033d02a5f79c9c7914b3d,OFFICIAL_EVIDENCE,NSE_B6937CCD326A,ACTIVE_DATE_MATCH,1
2018-04-02,EXCLUDE,Corporation Bank,CORPORATIONBANK,CORPBANK,ind_prs21022018.pdf,https://niftyindices.com/Press_Release/ind_prs21022018.pdf,2018-02-21,OFFICIAL_DATE_NAME,a31019896822ef7a28f2229ba5e1552c835f51952ee033d02a5f79c9c7914b3d,OFFICIAL_EVIDENCE,NSE_4BB20422BB5F,ACTIVE_DATE_MATCH,1
2018-04-02,EXCLUDE,Dalmia Bharat Ltd.,DALMIABHARAT,DALMIABHA,ind_prs21022018.pdf,https://niftyindices.com/Press_Release/ind_prs21022018.pdf,2018-02-21,OFFICIAL_DATE_NAME,a31019896822ef7a28f2229ba5e1552c835f51952ee033d02a5f79c9c7914b3d,OFFICIAL_EVIDENCE,NSE_DB429E3D7562,ACTIVE_DATE_MATCH,1
2018-04-02,EXCLUDE,Dhanuka Agritech Ltd.,DHANUKAAGRITECH,DHANUKA,ind_prs21022018.pdf,https://niftyindices.com/Press_Release/ind_prs21022018.pdf,2018-02-21,OFFICIAL_DATE_NAME,a31019896822ef7a28f2229ba5e1552c835f51952ee033d02a5f79c9c7914b3d,OFFICIAL_EVIDENCE,NSE_9891A0739E64,ACTIVE_DATE_MATCH,1
2018-04-02,EXCLUDE,Essel Propack Ltd.,ESSELPROPACK,ESSELPACK,ind_prs21022018.pdf,https://niftyindices.com/Press_Release/ind_prs21022018.pdf,2018-02-21,OFFICIAL_DATE_NAME,a31019896822ef7a28f2229ba5e1552c835f51952ee033d02a5f79c9c7914b3d,OFFICIAL_EVIDENCE,NSE_896195354D53,ACTIVE_DATE_MATCH,1
2018-04-02,EXCLUDE,ICRA Ltd.,ICRA,ICRA,ind_prs21022018.pdf,https://niftyindices.com/Press_Release/ind_prs21022018.pdf,2018-02-21,OFFICIAL_DATE_NAME,a31019896822ef7a28f2229ba5e1552c835f51952ee033d02a5f79c9c7914b3d,OFFICIAL_EVIDENCE,NSE_23C7CF9A3EAE,ACTIVE_DATE_MATCH,1
2018-04-02,EXCLUDE,Igarashi Motors India Ltd.,IGARASHIMOTORSINDIA,IGARASHI,ind_prs21022018.pdf,https://niftyindices.com/Press_Release/ind_prs21022018.pdf,2018-02-21,OFFICIAL_DATE_NAME,a31019896822ef7a28f2229ba5e1552c835f51952ee033d02a5f79c9c7914b3d,OFFICIAL_EVIDENCE,NSE_DAE0D0015DDC,ACTIVE_DATE_MATCH,1
2018-04-02,EXCLUDE,Ingersoll Rand (India) Ltd.,INGERSOLLRANDINDIA,INGERRAND,ind_prs21022018.pdf,https://niftyindices.com/Press_Release/ind_prs21022018.pdf,2018-02-21,OFFICIAL_DATE_NAME,a31019896822ef7a28f2229ba5e1552c835f51952ee033d02a5f79c9c7914b3d,OFFICIAL_EVIDENCE,NSE_B34554B04EA8,ACTIVE_DATE_MATCH,1
2018-04-02,EXCLUDE,Linde India Ltd.,LINDEINDIA,LINDEINDIA,ind_prs21022018.pdf,https://niftyindices.com/Press_Release/ind_prs21022018.pdf,2018-02-21,OFFICIAL_DATE_NAME,a31019896822ef7a28f2229ba5e1552c835f51952ee033d02a5f79c9c7914b3d,OFFICIAL_EVIDENCE,NSE_98B70630B94C,ACTIVE_DATE_MATCH,1
2018-04-02,EXCLUDE,Monsanto India Ltd.,MONSANTOINDIA,MONSANTO,ind_prs21022018.pdf,https://niftyindices.com/Press_Release/ind_prs21022018.pdf,2018-02-21,OFFICIAL_DATE_NAME,a31019896822ef7a28f2229ba5e1552c835f51952ee033d02a5f79c9c7914b3d,OFFICIAL_EVIDENCE,NSE_3C830EF00D9B,ACTIVE_DATE_MATCH,1
2018-04-02,EXCLUDE,Navneet Education Ltd.,NAVNEETEDUCATION,NAVNETEDUL,ind_prs21022018.pdf,https://niftyindices.com/Press_Release/ind_prs21022018.pdf,2018-02-21,OFFICIAL_DATE_NAME,a31019896822ef7a28f2229ba5e1552c835f51952ee033d02a5f79c9c7914b3d,OFFICIAL_EVIDENCE,NSE_851A827BCF83,ACTIVE_DATE_MATCH,1
2018-04-02,EXCLUDE,Schneider Electric Infrastructure Ltd.,SCHNEIDERELECTRICINFRASTRUCTURE,SCHNEIDER,ind_prs21022018.pdf,https://niftyindices.com/Press_Release/ind_prs21022018.pdf,2018-02-21,OFFICIAL_DATE_NAME,a31019896822ef7a28f2229ba5e1552c835f51952ee033d02a5f79c9c7914b3d,OFFICIAL_EVIDENCE,NSE_3CFB46E142F9,ACTIVE_DATE_MATCH,1
2018-04-02,EXCLUDE,Sharda Cropchem Ltd.,SHARDACROPCHEM,SHARDACROP,ind_prs21022018.pdf,https://niftyindices.com/Press_Release/ind_prs21022018.pdf,2018-02-21,OFFICIAL_DATE_NAME,a31019896822ef7a28f2229ba5e1552c835f51952ee033d02a5f79c9c7914b3d,OFFICIAL_EVIDENCE,NSE_AE697C87E3F3,ACTIVE_DATE_MATCH,1
2018-04-02,EXCLUDE,Shilpa Medicare Ltd.,SHILPAMEDICARE,SHILPAMED,ind_prs21022018.pdf,https://niftyindices.com/Press_Release/ind_prs21022018.pdf,2018-02-21,OFFICIAL_DATE_NAME,a31019896822ef7a28f2229ba5e1552c835f51952ee033d02a5f79c9c7914b3d,OFFICIAL_EVIDENCE,NSE_66EF9E74F5E3,ACTIVE_DATE_MATCH,1
2018-04-02,EXCLUDE,Snowman Logistics Ltd.,SNOWMANLOGISTICS,SNOWMAN,ind_prs21022018.pdf,https://niftyindices.com/Press_Release/ind_prs21022018.pdf,2018-02-21,OFFICIAL_DATE_NAME,a31019896822ef7a28f2229ba5e1552c835f51952ee033d02a5f79c9c7914b3d,OFFICIAL_EVIDENCE,NSE_015D3C811935,ACTIVE_DATE_MATCH,1
2018-04-02,EXCLUDE,Somany Ceramics Ltd.,SOMANYCERAMICS,SOMANYCERA,ind_prs21022018.pdf,https://niftyindices.com/Press_Release/ind_prs21022018.pdf,2018-02-21,OFFICIAL_DATE_NAME,a31019896822ef7a28f2229ba5e1552c835f51952ee033d02a5f79c9c7914b3d,OFFICIAL_EVIDENCE,NSE_FA96276A2517,ACTIVE_DATE_MATCH,1
2018-04-02,EXCLUDE,Supreme Petrochem Ltd.,SUPREMEPETROCHEM,SUPPETRO,ind_prs21022018.pdf,https://niftyindices.com/Press_Release/ind_prs21022018.pdf,2018-02-21,OFFICIAL_DATE_NAME,a31019896822ef7a28f2229ba5e1552c835f51952ee033d02a5f79c9c7914b3d,OFFICIAL_EVIDENCE,NSE_AA00EC8A4A3D,ACTIVE_DATE_MATCH,1
2018-04-02,EXCLUDE,Suprajit Engineering Ltd.,SUPRAJITENGINEERING,SUPRAJIT,ind_prs21022018.pdf,https://niftyindices.com/Press_Release/ind_prs21022018.pdf,2018-02-21,OFFICIAL_DATE_NAME,a31019896822ef7a28f2229ba5e1552c835f51952ee033d02a5f79c9c7914b3d,OFFICIAL_EVIDENCE,NSE_3B598B9F02C0,ACTIVE_DATE_MATCH,1
2018-04-02,EXCLUDE,United Bank of India,UNITEDBANKOFINDIA,UNITEDBNK,ind_prs21022018.pdf,https://niftyindices.com/Press_Release/ind_prs21022018.pdf,2018-02-21,OFFICIAL_DATE_NAME,a31019896822ef7a28f2229ba5e1552c835f51952ee033d02a5f79c9c7914b3d,OFFICIAL_EVIDENCE,NSE_4F668EBBDC55,ACTIVE_DATE_MATCH,1
2018-04-02,EXCLUDE,Vesuvius India Ltd.,VESUVIUSINDIA,VESUVIUS,ind_prs21022018.pdf,https://niftyindices.com/Press_Release/ind_prs21022018.pdf,2018-02-21,OFFICIAL_DATE_NAME,a31019896822ef7a28f2229ba5e1552c835f51952ee033d02a5f79c9c7914b3d,OFFICIAL_EVIDENCE,NSE_81E6A1C5A552,ACTIVE_DATE_MATCH,1
2018-04-02,EXCLUDE,Zensar Technolgies Ltd.,ZENSARTECHNOLGIES,ZENSARTECH,ind_prs21022018.pdf,https://niftyindices.com/Press_Release/ind_prs21022018.pdf,2018-02-21,OFFICIAL_DATE_NAME,a31019896822ef7a28f2229ba5e1552c835f51952ee033d02a5f79c9c7914b3d,OFFICIAL_EVIDENCE,NSE_328A23F1543C,ACTIVE_DATE_MATCH,1
2018-06-29,INCLUDE,Aster DM Healthcare Ltd.,ASTERDMHEALTHCARE,ASTERDM,ind_prs20062018.pdf,https://niftyindices.com/Press_Release/ind_prs20062018.pdf,2018-06-20,OFFICIAL_DATE_NAME,e4853e8962fd4df7156f7d7077d3df3aba6ba354eb368a771036e3c7a6ec9385,OFFICIAL_EVIDENCE,NSE_CA1A054ED475,ACTIVE_DATE_MATCH,1
2018-06-29,INCLUDE,Future Retail Ltd.,FUTURERETAIL,FRETAIL,ind_prs24052018.pdf,https://niftyindices.com/Press_Release/ind_prs24052018.pdf,2018-05-24,OFFICIAL_DATE_NAME,bbc4a4c04cae7a1ff924e8b3ef3f7acc6b3a9da069a1d6a36cfe0ae99189e957,OFFICIAL_EVIDENCE,NSE_E987DDA51421,ACTIVE_DATE_MATCH,1
2018-06-29,INCLUDE,KIOCL Ltd.,KIOCL,KIOCL,ind_prs24052018.pdf,https://niftyindices.com/Press_Release/ind_prs24052018.pdf,2018-05-24,OFFICIAL_DATE_NAME,bbc4a4c04cae7a1ff924e8b3ef3f7acc6b3a9da069a1d6a36cfe0ae99189e957,OFFICIAL_EVIDENCE,NSE_AE4994F757D1,ACTIVE_DATE_MATCH,1
2018-06-29,INCLUDE,Tube Investments of India Ltd.,TUBEINVESTMENTSOFINDIA,TIINDIA,ind_prs24052018.pdf,https://niftyindices.com/Press_Release/ind_prs24052018.pdf,2018-05-24,OFFICIAL_DATE_NAME,bbc4a4c04cae7a1ff924e8b3ef3f7acc6b3a9da069a1d6a36cfe0ae99189e957,OFFICIAL_EVIDENCE,NSE_9B0BB2C2D564,ACTIVE_DATE_MATCH,1
2018-06-29,EXCLUDE,Arvind Ltd.,ARVIND,ARVIND,ind_prs24052018.pdf,https://niftyindices.com/Press_Release/ind_prs24052018.pdf,2018-05-24,OFFICIAL_DATE_NAME,bbc4a4c04cae7a1ff924e8b3ef3f7acc6b3a9da069a1d6a36cfe0ae99189e957,OFFICIAL_EVIDENCE,NSE_C60D64EC58FE,ACTIVE_DATE_MATCH,1
2018-06-29,EXCLUDE,Cox & Kings Ltd.,COXANDKINGS,COX&KINGS,ind_prs24052018.pdf,https://niftyindices.com/Press_Release/ind_prs24052018.pdf,2018-05-24,OFFICIAL_DATE_NAME,bbc4a4c04cae7a1ff924e8b3ef3f7acc6b3a9da069a1d6a36cfe0ae99189e957,OFFICIAL_EVIDENCE,NSE_F10717A1FD65,ACTIVE_DATE_MATCH,1
2018-06-29,EXCLUDE,HT Media Ltd.,HTMEDIA,HTMEDIA,ind_prs20062018.pdf,https://niftyindices.com/Press_Release/ind_prs20062018.pdf,2018-06-20,OFFICIAL_DATE_NAME,e4853e8962fd4df7156f7d7077d3df3aba6ba354eb368a771036e3c7a6ec9385,OFFICIAL_EVIDENCE,NSE_D5ACCFD1139D,ACTIVE_DATE_MATCH,1
2018-06-29,EXCLUDE,Tata Communications Ltd.,TATACOMMUNICATIONS,TATACOMM,ind_prs24052018.pdf,https://niftyindices.com/Press_Release/ind_prs24052018.pdf,2018-05-24,OFFICIAL_DATE_NAME,bbc4a4c04cae7a1ff924e8b3ef3f7acc6b3a9da069a1d6a36cfe0ae99189e957,OFFICIAL_EVIDENCE,NSE_C941893EE311,ACTIVE_DATE_MATCH,1
2018-08-08,INCLUDE,Bharat Dynamics Ltd.,BHARATDYNAMICS,BDL,ind_prs01082018.pdf,https://niftyindices.com/Press_Release/ind_prs01082018.pdf,2018-08-01,OFFICIAL_DATE_NAME,5b31cf53425bf0e2da94c3ab237e58870ff74c3a7bc71fc5e6a929b59d88a36f,OFFICIAL_EVIDENCE,NSE_E8595461AB42,ACTIVE_DATE_MATCH,1
2018-08-08,EXCLUDE,Techno Elt & Eng Co. Ltd.,TECHNOELTANDENG,TECHNO,ind_prs01082018.pdf,https://niftyindices.com/Press_Release/ind_prs01082018.pdf,2018-08-01,MANUALLY_VERIFIED_OFFICIAL_NOTICE,5b31cf53425bf0e2da94c3ab237e58870ff74c3a7bc71fc5e6a929b59d88a36f,MANUALLY_VERIFIED,NSE_3D6C785A9060,UNIQUE_SYMBOL_HISTORY,1
2018-09-28,INCLUDE,Bandhan Bank Ltd.,BANDHANBANK,BANDHANBNK,ind_prs28082018.pdf,https://niftyindices.com/Press_Release/ind_prs28082018.pdf,2018-08-28,OFFICIAL_DATE_NAME,5fadad6119356497ef78ce7d062e18e1104eebad707c5850fade491fe47398be,OFFICIAL_EVIDENCE,NSE_AFFB9705212D,ACTIVE_DATE_MATCH,1
2018-09-28,INCLUDE,Elgi Equipments Ltd.,ELGIEQUIPMENTS,ELGIEQUIP,ind_prs28082018.pdf,https://niftyindices.com/Press_Release/ind_prs28082018.pdf,2018-08-28,OFFICIAL_DATE_NAME,5fadad6119356497ef78ce7d062e18e1104eebad707c5850fade491fe47398be,OFFICIAL_EVIDENCE,NSE_B88435B10855,ACTIVE_DATE_MATCH,1
2018-09-28,INCLUDE,Excel Crop Care Ltd.,EXCELCROPCARE,EXCELCROP,ind_prs28082018.pdf,https://niftyindices.com/Press_Release/ind_prs28082018.pdf,2018-08-28,OFFICIAL_DATE_NAME,5fadad6119356497ef78ce7d062e18e1104eebad707c5850fade491fe47398be,OFFICIAL_EVIDENCE,NSE_E6EF857CE112,ACTIVE_DATE_MATCH,1
2018-09-28,INCLUDE,FDC Ltd.,FDC,FDC,ind_prs28082018.pdf,https://niftyindices.com/Press_Release/ind_prs28082018.pdf,2018-08-28,OFFICIAL_DATE_NAME,5fadad6119356497ef78ce7d062e18e1104eebad707c5850fade491fe47398be,OFFICIAL_EVIDENCE,NSE_F0C8DB46A2B5,ACTIVE_DATE_MATCH,1
2018-09-28,INCLUDE,Galaxy Surfactants Ltd.,GALAXYSURFACTANTS,GALAXYSURF,ind_prs28082018.pdf,https://niftyindices.com/Press_Release/ind_prs28082018.pdf,2018-08-28,OFFICIAL_DATE_NAME,5fadad6119356497ef78ce7d062e18e1104eebad707c5850fade491fe47398be,OFFICIAL_EVIDENCE,NSE_4495A778EB6C,ACTIVE_DATE_MATCH,1
2018-09-28,INCLUDE,Gayatri Projects Ltd.,GAYATRIPROJECTS,GAYAPROJ,ind_prs28082018.pdf,https://niftyindices.com/Press_Release/ind_prs28082018.pdf,2018-08-28,OFFICIAL_DATE_NAME,5fadad6119356497ef78ce7d062e18e1104eebad707c5850fade491fe47398be,OFFICIAL_EVIDENCE,NSE_1EDC5AB6BDE5,ACTIVE_DATE_MATCH,1
2018-09-28,INCLUDE,Grindwell Norton Ltd.,GRINDWELLNORTON,GRINDWELL,ind_prs28082018.pdf,https://niftyindices.com/Press_Release/ind_prs28082018.pdf,2018-08-28,OFFICIAL_DATE_NAME,5fadad6119356497ef78ce7d062e18e1104eebad707c5850fade491fe47398be,OFFICIAL_EVIDENCE,NSE_5405849154DD,ACTIVE_DATE_MATCH,1
2018-09-28,INCLUDE,Hindustan Aeronautics Ltd.,HINDUSTANAERONAUTICS,HAL,ind_prs28082018.pdf,https://niftyindices.com/Press_Release/ind_prs28082018.pdf,2018-08-28,OFFICIAL_DATE_NAME,5fadad6119356497ef78ce7d062e18e1104eebad707c5850fade491fe47398be,OFFICIAL_EVIDENCE,NSE_989FE84D8C37,ACTIVE_DATE_MATCH,1
2018-09-28,INCLUDE,HDFC Standard Life Insurance Company Ltd.,HDFCSTANDARDLIFEINSURANCE,HDFCLIFE,ind_prs28082018.pdf,https://niftyindices.com/Press_Release/ind_prs28082018.pdf,2018-08-28,OFFICIAL_DATE_NAME,5fadad6119356497ef78ce7d062e18e1104eebad707c5850fade491fe47398be,OFFICIAL_EVIDENCE,NSE_7663F81C7334,ACTIVE_DATE_MATCH,1
2018-09-28,INCLUDE,ICICI Securities Ltd.,ICICISECURITIES,ISEC,ind_prs28082018.pdf,https://niftyindices.com/Press_Release/ind_prs28082018.pdf,2018-08-28,OFFICIAL_DATE_NAME,5fadad6119356497ef78ce7d062e18e1104eebad707c5850fade491fe47398be,OFFICIAL_EVIDENCE,NSE_38B591471B4F,ACTIVE_DATE_MATCH,1
2018-09-28,INCLUDE,Lemon Tree Hotels Ltd.,LEMONTREEHOTELS,LEMONTREE,ind_prs28082018.pdf,https://niftyindices.com/Press_Release/ind_prs28082018.pdf,2018-08-28,OFFICIAL_DATE_NAME,5fadad6119356497ef78ce7d062e18e1104eebad707c5850fade491fe47398be,OFFICIAL_EVIDENCE,NSE_4AFBC5E81D2E,ACTIVE_DATE_MATCH,1
2018-09-28,INCLUDE,Linde India Ltd.,LINDEINDIA,LINDEINDIA,ind_prs28082018.pdf,https://niftyindices.com/Press_Release/ind_prs28082018.pdf,2018-08-28,OFFICIAL_DATE_NAME,5fadad6119356497ef78ce7d062e18e1104eebad707c5850fade491fe47398be,OFFICIAL_EVIDENCE,NSE_98B70630B94C,ACTIVE_DATE_MATCH,1
2018-09-28,INCLUDE,Lux Industries Ltd.,LUXINDUSTRIES,LUXIND,ind_prs28082018.pdf,https://niftyindices.com/Press_Release/ind_prs28082018.pdf,2018-08-28,OFFICIAL_DATE_NAME,5fadad6119356497ef78ce7d062e18e1104eebad707c5850fade491fe47398be,OFFICIAL_EVIDENCE,NSE_9E9C47A8D1E8,ACTIVE_DATE_MATCH,1
2018-09-28,INCLUDE,Mahindra Logistics Ltd.,MAHINDRALOGISTICS,MAHLOG,ind_prs28082018.pdf,https://niftyindices.com/Press_Release/ind_prs28082018.pdf,2018-08-28,OFFICIAL_DATE_NAME,5fadad6119356497ef78ce7d062e18e1104eebad707c5850fade491fe47398be,OFFICIAL_EVIDENCE,NSE_E17095DD806F,ACTIVE_DATE_MATCH,1
2018-09-28,INCLUDE,Monsanto India Ltd.,MONSANTOINDIA,MONSANTO,ind_prs28082018.pdf,https://niftyindices.com/Press_Release/ind_prs28082018.pdf,2018-08-28,OFFICIAL_DATE_NAME,5fadad6119356497ef78ce7d062e18e1104eebad707c5850fade491fe47398be,OFFICIAL_EVIDENCE,NSE_3C830EF00D9B,ACTIVE_DATE_MATCH,1
2018-09-28,INCLUDE,The New India Assurance Company Ltd.,NEWINDIAASSURANCE,NIACL,ind_prs28082018.pdf,https://niftyindices.com/Press_Release/ind_prs28082018.pdf,2018-08-28,OFFICIAL_DATE_NAME,5fadad6119356497ef78ce7d062e18e1104eebad707c5850fade491fe47398be,OFFICIAL_EVIDENCE,NSE_4885044E479D,ACTIVE_DATE_MATCH,1
2018-09-28,INCLUDE,Phillips Carbon Black Ltd.,PHILLIPSCARBONBLACK,PHILIPCARB,ind_prs28082018.pdf,https://niftyindices.com/Press_Release/ind_prs28082018.pdf,2018-08-28,OFFICIAL_DATE_NAME,5fadad6119356497ef78ce7d062e18e1104eebad707c5850fade491fe47398be,OFFICIAL_EVIDENCE,NSE_D63E80751915,ACTIVE_DATE_MATCH,1
2018-09-28,INCLUDE,Reliance Nippon Life Asset Management Ltd.,RELIANCENIPPONLIFEASSETMANAGEMENT,RNAM,ind_prs28082018.pdf,https://niftyindices.com/Press_Release/ind_prs28082018.pdf,2018-08-28,OFFICIAL_DATE_NAME,5fadad6119356497ef78ce7d062e18e1104eebad707c5850fade491fe47398be,OFFICIAL_EVIDENCE,NSE_16BD845CA93B,ACTIVE_DATE_MATCH,1
2018-09-28,INCLUDE,Shilpa Medicare Ltd.,SHILPAMEDICARE,SHILPAMED,ind_prs31082018.pdf,https://niftyindices.com/Press_Release/ind_prs31082018.pdf,2018-08-31,OFFICIAL_DATE_NAME,187044ebd7fb2cd2252ea73dfc4d66fe68441e719a2a7662d65a17f4eb840095,OFFICIAL_EVIDENCE,NSE_66EF9E74F5E3,ACTIVE_DATE_MATCH,1
2018-09-28,INCLUDE,Strides Pharma Science Ltd.,STRIDESPHARMASCIENCE,STAR,ind_prs28082018.pdf,https://niftyindices.com/Press_Release/ind_prs28082018.pdf,2018-08-28,OFFICIAL_DATE_NAME,5fadad6119356497ef78ce7d062e18e1104eebad707c5850fade491fe47398be,OFFICIAL_EVIDENCE,NSE_72AFBEE07E5D,ACTIVE_DATE_MATCH,1
2018-09-28,INCLUDE,Sundaram Finance Ltd.,SUNDARAMFINANCE,SUNDARMFIN,ind_prs28082018.pdf,https://niftyindices.com/Press_Release/ind_prs28082018.pdf,2018-08-28,OFFICIAL_DATE_NAME,5fadad6119356497ef78ce7d062e18e1104eebad707c5850fade491fe47398be,OFFICIAL_EVIDENCE,NSE_D33E443DE34A,ACTIVE_DATE_MATCH,1
2018-09-28,INCLUDE,Teamlease Services Ltd.,TEAMLEASESERVICES,TEAMLEASE,ind_prs28082018.pdf,https://niftyindices.com/Press_Release/ind_prs28082018.pdf,2018-08-28,OFFICIAL_DATE_NAME,5fadad6119356497ef78ce7d062e18e1104eebad707c5850fade491fe47398be,OFFICIAL_EVIDENCE,NSE_EB29D1E33DD1,ACTIVE_DATE_MATCH,1
2018-09-28,INCLUDE,Venky's (India) Ltd.,VENKYSINDIA,VENKEYS,ind_prs28082018.pdf,https://niftyindices.com/Press_Release/ind_prs28082018.pdf,2018-08-28,OFFICIAL_DATE_NAME,5fadad6119356497ef78ce7d062e18e1104eebad707c5850fade491fe47398be,OFFICIAL_EVIDENCE,NSE_F6D9EDF646AC,ACTIVE_DATE_MATCH,1
2018-09-28,INCLUDE,V-Mart Retail Ltd.,VMARTRETAIL,VMART,ind_prs28082018.pdf,https://niftyindices.com/Press_Release/ind_prs28082018.pdf,2018-08-28,OFFICIAL_DATE_NAME,5fadad6119356497ef78ce7d062e18e1104eebad707c5850fade491fe47398be,OFFICIAL_EVIDENCE,NSE_7C3715E512A4,ACTIVE_DATE_MATCH,1
2018-09-28,INCLUDE,Zensar Technolgies Ltd.,ZENSARTECHNOLGIES,ZENSARTECH,ind_prs28082018.pdf,https://niftyindices.com/Press_Release/ind_prs28082018.pdf,2018-08-28,OFFICIAL_DATE_NAME,5fadad6119356497ef78ce7d062e18e1104eebad707c5850fade491fe47398be,OFFICIAL_EVIDENCE,NSE_328A23F1543C,ACTIVE_DATE_MATCH,1
2018-09-28,INCLUDE,Zydus Wellness Ltd.,ZYDUSWELLNESS,ZYDUSWELL,ind_prs28082018.pdf,https://niftyindices.com/Press_Release/ind_prs28082018.pdf,2018-08-28,OFFICIAL_DATE_NAME,5fadad6119356497ef78ce7d062e18e1104eebad707c5850fade491fe47398be,OFFICIAL_EVIDENCE,NSE_EFCAC85BC356,ACTIVE_DATE_MATCH,1
2018-09-28,EXCLUDE,Aban Offshore Ltd.,ABANOFFSHORE,ABAN,ind_prs28082018.pdf,https://niftyindices.com/Press_Release/ind_prs28082018.pdf,2018-08-28,OFFICIAL_DATE_NAME,5fadad6119356497ef78ce7d062e18e1104eebad707c5850fade491fe47398be,OFFICIAL_EVIDENCE,NSE_0B222906F7FD,ACTIVE_DATE_MATCH,1
2018-09-28,EXCLUDE,Asahi India Glass Ltd.,ASAHIINDIAGLASS,ASAHIINDIA,ind_prs28082018.pdf,https://niftyindices.com/Press_Release/ind_prs28082018.pdf,2018-08-28,OFFICIAL_DATE_NAME,5fadad6119356497ef78ce7d062e18e1104eebad707c5850fade491fe47398be,OFFICIAL_EVIDENCE,NSE_502982CDBAAD,ACTIVE_DATE_MATCH,1
2018-09-28,EXCLUDE,Bajaj Hindusthan Sugar Ltd.,BAJAJHINDUSTHANSUGAR,BAJAJHIND,ind_prs28082018.pdf,https://niftyindices.com/Press_Release/ind_prs28082018.pdf,2018-08-28,OFFICIAL_DATE_NAME,5fadad6119356497ef78ce7d062e18e1104eebad707c5850fade491fe47398be,OFFICIAL_EVIDENCE,NSE_5C9D4FE8FB14,ACTIVE_DATE_MATCH,1
2018-09-28,EXCLUDE,Ballarpur Industries Ltd.,BALLARPURINDUSTRIES,BALLARPUR,ind_prs28082018.pdf,https://niftyindices.com/Press_Release/ind_prs28082018.pdf,2018-08-28,OFFICIAL_DATE_NAME,5fadad6119356497ef78ce7d062e18e1104eebad707c5850fade491fe47398be,OFFICIAL_EVIDENCE,NSE_CA3DF13D56B2,ACTIVE_DATE_MATCH,1
2018-09-28,EXCLUDE,BF Utilities Ltd.,BFUTILITIES,BFUTILITIE,ind_prs28082018.pdf,https://niftyindices.com/Press_Release/ind_prs28082018.pdf,2018-08-28,OFFICIAL_DATE_NAME,5fadad6119356497ef78ce7d062e18e1104eebad707c5850fade491fe47398be,OFFICIAL_EVIDENCE,NSE_568BEFC20200,ACTIVE_DATE_MATCH,1
2018-09-28,EXCLUDE,BGR Energy Systems Ltd,BGRENERGYSYSTEMS,BGRENERGY,ind_prs28082018.pdf,https://niftyindices.com/Press_Release/ind_prs28082018.pdf,2018-08-28,OFFICIAL_DATE_NAME,5fadad6119356497ef78ce7d062e18e1104eebad707c5850fade491fe47398be,OFFICIAL_EVIDENCE,NSE_D0ABB9249124,ACTIVE_DATE_MATCH,1
2018-09-28,EXCLUDE,Bhushan Steel Ltd.,BHUSHANSTEEL,BHUSANSTL,ind_prs28082018.pdf,https://niftyindices.com/Press_Release/ind_prs28082018.pdf,2018-08-28,OFFICIAL_DATE_NAME,5fadad6119356497ef78ce7d062e18e1104eebad707c5850fade491fe47398be,OFFICIAL_EVIDENCE,NSE_8212B1829EDC,ACTIVE_DATE_MATCH,1
2018-09-28,EXCLUDE,Bombay Rayon Fashions Ltd.,BOMBAYRAYONFASHIONS,BRFL,ind_prs28082018.pdf,https://niftyindices.com/Press_Release/ind_prs28082018.pdf,2018-08-28,OFFICIAL_DATE_NAME,5fadad6119356497ef78ce7d062e18e1104eebad707c5850fade491fe47398be,OFFICIAL_EVIDENCE,NSE_FBA9C5E2CF53,ACTIVE_DATE_MATCH,1
2018-09-28,EXCLUDE,D B Realty Ltd.,DBREALTY,DBREALTY,ind_prs28082018.pdf,https://niftyindices.com/Press_Release/ind_prs28082018.pdf,2018-08-28,OFFICIAL_DATE_NAME,5fadad6119356497ef78ce7d062e18e1104eebad707c5850fade491fe47398be,OFFICIAL_EVIDENCE,NSE_3BA10F0A3FEB,ACTIVE_DATE_MATCH,1
2018-09-28,EXCLUDE,Gati Ltd.,GATI,GATI,ind_prs28082018.pdf,https://niftyindices.com/Press_Release/ind_prs28082018.pdf,2018-08-28,OFFICIAL_DATE_NAME,5fadad6119356497ef78ce7d062e18e1104eebad707c5850fade491fe47398be,OFFICIAL_EVIDENCE,NSE_364D63478B99,ACTIVE_DATE_MATCH,1
2018-09-28,EXCLUDE,Housing Development and Infrastructure Ltd.,HOUSINGDEVELOPMENTANDINFRASTRUCTURE,HDIL,ind_prs28082018.pdf,https://niftyindices.com/Press_Release/ind_prs28082018.pdf,2018-08-28,OFFICIAL_DATE_NAME,5fadad6119356497ef78ce7d062e18e1104eebad707c5850fade491fe47398be,OFFICIAL_EVIDENCE,NSE_0359BC4768A2,ACTIVE_DATE_MATCH,1
2018-09-28,EXCLUDE,JBF Industries Ltd.,JBFINDUSTRIES,JBFIND,ind_prs28082018.pdf,https://niftyindices.com/Press_Release/ind_prs28082018.pdf,2018-08-28,OFFICIAL_DATE_NAME,5fadad6119356497ef78ce7d062e18e1104eebad707c5850fade491fe47398be,OFFICIAL_EVIDENCE,NSE_4BAE2C6D9653,ACTIVE_DATE_MATCH,1
2018-09-28,EXCLUDE,Jindal Poly Films Ltd.,JINDALPOLYFILMS,JINDALPOLY,ind_prs28082018.pdf,https://niftyindices.com/Press_Release/ind_prs28082018.pdf,2018-08-28,OFFICIAL_DATE_NAME,5fadad6119356497ef78ce7d062e18e1104eebad707c5850fade491fe47398be,OFFICIAL_EVIDENCE,NSE_3E5680388E4E,ACTIVE_DATE_MATCH,1
2018-09-28,EXCLUDE,Kesoram Industries Ltd.,KESORAMINDUSTRIES,KESORAMIND,ind_prs28082018.pdf,https://niftyindices.com/Press_Release/ind_prs28082018.pdf,2018-08-28,OFFICIAL_DATE_NAME,5fadad6119356497ef78ce7d062e18e1104eebad707c5850fade491fe47398be,OFFICIAL_EVIDENCE,NSE_4723627B4BA6,ACTIVE_DATE_MATCH,1
2018-09-28,EXCLUDE,Kitex Garments Ltd.,KITEXGARMENTS,KITEX,ind_prs28082018.pdf,https://niftyindices.com/Press_Release/ind_prs28082018.pdf,2018-08-28,OFFICIAL_DATE_NAME,5fadad6119356497ef78ce7d062e18e1104eebad707c5850fade491fe47398be,OFFICIAL_EVIDENCE,NSE_9A051282CA4A,ACTIVE_DATE_MATCH,1
2018-09-28,EXCLUDE,KPIT Technologies Ltd.,KPITTECHNOLOGIES,KPIT,ind_prs31082018.pdf,https://niftyindices.com/Press_Release/ind_prs31082018.pdf,2018-08-31,OFFICIAL_DATE_NAME,187044ebd7fb2cd2252ea73dfc4d66fe68441e719a2a7662d65a17f4eb840095,OFFICIAL_EVIDENCE,NSE_64BF9F3DBA41,ACTIVE_DATE_MATCH,1
2018-09-28,EXCLUDE,Kwality Ltd.,KWALITY,KWALITY,ind_prs28082018.pdf,https://niftyindices.com/Press_Release/ind_prs28082018.pdf,2018-08-28,OFFICIAL_DATE_NAME,5fadad6119356497ef78ce7d062e18e1104eebad707c5850fade491fe47398be,OFFICIAL_EVIDENCE,NSE_08FB9B51264C,ACTIVE_DATE_MATCH,1
2018-09-28,EXCLUDE,Marksans Pharma Ltd.,MARKSANSPHARMA,MARKSANS,ind_prs28082018.pdf,https://niftyindices.com/Press_Release/ind_prs28082018.pdf,2018-08-28,OFFICIAL_DATE_NAME,5fadad6119356497ef78ce7d062e18e1104eebad707c5850fade491fe47398be,OFFICIAL_EVIDENCE,NSE_ED601A410747,ACTIVE_DATE_MATCH,1
2018-09-28,EXCLUDE,Mahanagar Telephone Nigam Ltd.,MAHANAGARTELEPHONENIGAM,MTNL,ind_prs28082018.pdf,https://niftyindices.com/Press_Release/ind_prs28082018.pdf,2018-08-28,OFFICIAL_DATE_NAME,5fadad6119356497ef78ce7d062e18e1104eebad707c5850fade491fe47398be,OFFICIAL_EVIDENCE,NSE_D10A18C00D0B,ACTIVE_DATE_MATCH,1
2018-09-28,EXCLUDE,Ramco Systems Ltd.,RAMCOSYSTEMS,RAMCOSYS,ind_prs28082018.pdf,https://niftyindices.com/Press_Release/ind_prs28082018.pdf,2018-08-28,OFFICIAL_DATE_NAME,5fadad6119356497ef78ce7d062e18e1104eebad707c5850fade491fe47398be,OFFICIAL_EVIDENCE,NSE_D701BCB8CF79,ACTIVE_DATE_MATCH,1
2018-09-28,EXCLUDE,Religare Enterprises Ltd.,RELIGAREENTERPRISES,RELIGARE,ind_prs28082018.pdf,https://niftyindices.com/Press_Release/ind_prs28082018.pdf,2018-08-28,OFFICIAL_DATE_NAME,5fadad6119356497ef78ce7d062e18e1104eebad707c5850fade491fe47398be,OFFICIAL_EVIDENCE,NSE_DE21F68BED21,ACTIVE_DATE_MATCH,1
2018-09-28,EXCLUDE,RattanIndia Power Ltd.,RATTANINDIAPOWER,RTNPOWER,ind_prs28082018.pdf,https://niftyindices.com/Press_Release/ind_prs28082018.pdf,2018-08-28,OFFICIAL_DATE_NAME,5fadad6119356497ef78ce7d062e18e1104eebad707c5850fade491fe47398be,OFFICIAL_EVIDENCE,NSE_D8E4AC26C341,ACTIVE_DATE_MATCH,1
2018-09-28,EXCLUDE,Sheela Foam Ltd.,SHEELAFOAM,SFL,ind_prs28082018.pdf,https://niftyindices.com/Press_Release/ind_prs28082018.pdf,2018-08-28,OFFICIAL_DATE_NAME,5fadad6119356497ef78ce7d062e18e1104eebad707c5850fade491fe47398be,OFFICIAL_EVIDENCE,NSE_BDA35C5DEB61,ACTIVE_DATE_MATCH,1
2018-09-28,EXCLUDE,SML Isuzu Ltd.,SMLISUZU,SMLISUZU,ind_prs28082018.pdf,https://niftyindices.com/Press_Release/ind_prs28082018.pdf,2018-08-28,OFFICIAL_DATE_NAME,5fadad6119356497ef78ce7d062e18e1104eebad707c5850fade491fe47398be,OFFICIAL_EVIDENCE,NSE_F2B25E44F3E5,ACTIVE_DATE_MATCH,1
2018-09-28,EXCLUDE,Unitech Ltd.,UNITECH,UNITECH,ind_prs28082018.pdf,https://niftyindices.com/Press_Release/ind_prs28082018.pdf,2018-08-28,OFFICIAL_DATE_NAME,5fadad6119356497ef78ce7d062e18e1104eebad707c5850fade491fe47398be,OFFICIAL_EVIDENCE,NSE_3A0DDDDAEB27,ACTIVE_DATE_MATCH,1
2018-09-28,EXCLUDE,Zee Learn Ltd.,ZEELEARN,ZEELEARN,ind_prs28082018.pdf,https://niftyindices.com/Press_Release/ind_prs28082018.pdf,2018-08-28,OFFICIAL_DATE_NAME,5fadad6119356497ef78ce7d062e18e1104eebad707c5850fade491fe47398be,OFFICIAL_EVIDENCE,NSE_D0658C86F917,ACTIVE_DATE_MATCH,1
2018-12-28,INCLUDE,Adani Green Energy Ltd.,ADANIGREENENERGY,ADANIGREEN,ind_prs14122018.pdf,https://niftyindices.com/Press_Release/ind_prs14122018.pdf,2018-12-14,OFFICIAL_DATE_NAME,0a9fb1a90d69d6d34c7893409ff33806ce153fd464b2ed7809ac132362c6afe0,OFFICIAL_EVIDENCE,NSE_14A636C8E6CC,ACTIVE_DATE_MATCH,1
2018-12-28,INCLUDE,Fortis Healthcare Ltd.,FORTISHEALTHCARE,FORTIS,ind_prs14122018.pdf,https://niftyindices.com/Press_Release/ind_prs14122018.pdf,2018-12-14,OFFICIAL_DATE_NAME,0a9fb1a90d69d6d34c7893409ff33806ce153fd464b2ed7809ac132362c6afe0,OFFICIAL_EVIDENCE,NSE_AD5A80C76970,ACTIVE_DATE_MATCH,1
2018-12-28,INCLUDE,RITES Ltd.,RITES,RITES,ind_prs14122018.pdf,https://niftyindices.com/Press_Release/ind_prs14122018.pdf,2018-12-14,OFFICIAL_DATE_NAME,0a9fb1a90d69d6d34c7893409ff33806ce153fd464b2ed7809ac132362c6afe0,OFFICIAL_EVIDENCE,NSE_88F316E09646,ACTIVE_DATE_MATCH,1
2018-12-28,INCLUDE,Sheela Foam Ltd.,SHEELAFOAM,SFL,ind_prs14122018.pdf,https://niftyindices.com/Press_Release/ind_prs14122018.pdf,2018-12-14,OFFICIAL_DATE_NAME,0a9fb1a90d69d6d34c7893409ff33806ce153fd464b2ed7809ac132362c6afe0,OFFICIAL_EVIDENCE,NSE_BDA35C5DEB61,ACTIVE_DATE_MATCH,1
2018-12-28,INCLUDE,Varroc Engineering Ltd.,VARROCENGINEERING,VARROC,ind_prs14122018.pdf,https://niftyindices.com/Press_Release/ind_prs14122018.pdf,2018-12-14,OFFICIAL_DATE_NAME,0a9fb1a90d69d6d34c7893409ff33806ce153fd464b2ed7809ac132362c6afe0,OFFICIAL_EVIDENCE,NSE_38CADF4DAE15,ACTIVE_DATE_MATCH,1
2018-12-28,EXCLUDE,Bharat Financial Inclusion Ltd.,BHARATFINANCIALINCLUSION,BHARATFIN,ind_prs14122018.pdf,https://niftyindices.com/Press_Release/ind_prs14122018.pdf,2018-12-14,OFFICIAL_DATE_NAME,0a9fb1a90d69d6d34c7893409ff33806ce153fd464b2ed7809ac132362c6afe0,OFFICIAL_EVIDENCE,NSE_276B655CD1C9,ACTIVE_DATE_MATCH,1
2018-12-28,EXCLUDE,Capital First Ltd.,CAPITALFIRST,CAPF,ind_prs14122018.pdf,https://niftyindices.com/Press_Release/ind_prs14122018.pdf,2018-12-14,OFFICIAL_DATE_NAME,0a9fb1a90d69d6d34c7893409ff33806ce153fd464b2ed7809ac132362c6afe0,OFFICIAL_EVIDENCE,NSE_5584AA4A2119,UNIQUE_SYMBOL_HISTORY,1
2018-12-28,EXCLUDE,Century Textile & Industries Ltd.,CENTURYTEXTILEANDINDUSTRIES,CENTURYTEX,ind_prs14122018.pdf,https://niftyindices.com/Press_Release/ind_prs14122018.pdf,2018-12-14,OFFICIAL_DATE_NAME,0a9fb1a90d69d6d34c7893409ff33806ce153fd464b2ed7809ac132362c6afe0,OFFICIAL_EVIDENCE,NSE_F0AC6C0DF830,ACTIVE_DATE_MATCH,1
2018-12-28,EXCLUDE,HSIL Ltd.,HSIL,HSIL,ind_prs14122018.pdf,https://niftyindices.com/Press_Release/ind_prs14122018.pdf,2018-12-14,OFFICIAL_DATE_NAME,0a9fb1a90d69d6d34c7893409ff33806ce153fd464b2ed7809ac132362c6afe0,OFFICIAL_EVIDENCE,NSE_CBDF2B22A73F,ACTIVE_DATE_MATCH,1
2018-12-28,EXCLUDE,IIFL Holdings Ltd.,IIFLHOLDINGS,IIFL,ind_prs14122018.pdf,https://niftyindices.com/Press_Release/ind_prs14122018.pdf,2018-12-14,OFFICIAL_DATE_NAME,0a9fb1a90d69d6d34c7893409ff33806ce153fd464b2ed7809ac132362c6afe0,OFFICIAL_EVIDENCE,NSE_F96D3907BEE7,ACTIVE_DATE_MATCH,1
2019-01-28,INCLUDE,Corporation Bank,CORPORATIONBANK,CORPBANK,ind_prs21012019.pdf,https://niftyindices.com/Press_Release/ind_prs21012019.pdf,2019-01-21,OFFICIAL_DATE_NAME,ff617ab210bc5a1519e2432ebc03a0737b2a103245b2cab0767442be7edd323d,OFFICIAL_EVIDENCE,NSE_4BB20422BB5F,ACTIVE_DATE_MATCH,1
2019-01-28,INCLUDE,CreditAccess Grameen Ltd.,CREDITACCESSGRAMEEN,CREDITACC,ind_prs21012019.pdf,https://niftyindices.com/Press_Release/ind_prs21012019.pdf,2019-01-21,OFFICIAL_DATE_NAME,ff617ab210bc5a1519e2432ebc03a0737b2a103245b2cab0767442be7edd323d,OFFICIAL_EVIDENCE,NSE_892691D726B4,ACTIVE_DATE_MATCH,1
2019-01-28,EXCLUDE,Dena Bank,DENABANK,DENABANK,ind_prs21012019.pdf,https://niftyindices.com/Press_Release/ind_prs21012019.pdf,2019-01-21,OFFICIAL_DATE_NAME,ff617ab210bc5a1519e2432ebc03a0737b2a103245b2cab0767442be7edd323d,OFFICIAL_EVIDENCE,NSE_80CC5FD61589,ACTIVE_DATE_MATCH,1
2019-01-28,EXCLUDE,Vijaya Bank,VIJAYABANK,VIJAYABANK,ind_prs21012019.pdf,https://niftyindices.com/Press_Release/ind_prs21012019.pdf,2019-01-21,OFFICIAL_DATE_NAME,ff617ab210bc5a1519e2432ebc03a0737b2a103245b2cab0767442be7edd323d,OFFICIAL_EVIDENCE,NSE_297F6BD649A1,ACTIVE_DATE_MATCH,1
2019-03-29,INCLUDE,Aavas Financiers Ltd.,AAVASFINANCIERS,AAVAS,ind_prs25022019.pdf,https://niftyindices.com/Press_Release/ind_prs25022019.pdf,2019-02-25,OFFICIAL_DATE_NAME,bb0224baa0a399eb0d2bd86a6b2c06514a1ae68ef3ad2bf5628a4d93423e59ea,OFFICIAL_EVIDENCE,NSE_0F5D12813238,ACTIVE_DATE_MATCH,1
2019-03-29,INCLUDE,AstraZenca Pharma India Ltd.,ASTRAZENCAPHARMAINDIA,ASTRAZEN,ind_prs25022019.pdf,https://niftyindices.com/Press_Release/ind_prs25022019.pdf,2019-02-25,OFFICIAL_DATE_NAME,bb0224baa0a399eb0d2bd86a6b2c06514a1ae68ef3ad2bf5628a4d93423e59ea,OFFICIAL_EVIDENCE,NSE_B6937CCD326A,ACTIVE_DATE_MATCH,1
2019-03-29,INCLUDE,CESC Ltd.,CESC,CESC,ind_prs25022019.pdf,https://niftyindices.com/Press_Release/ind_prs25022019.pdf,2019-02-25,OFFICIAL_DATE_NAME,bb0224baa0a399eb0d2bd86a6b2c06514a1ae68ef3ad2bf5628a4d93423e59ea,OFFICIAL_EVIDENCE,NSE_9FB7052822E7,ACTIVE_DATE_MATCH,1
2019-03-29,INCLUDE,Cox & Kings Ltd.,COXANDKINGS,COX&KINGS,ind_prs25022019.pdf,https://niftyindices.com/Press_Release/ind_prs25022019.pdf,2019-02-25,OFFICIAL_DATE_NAME,bb0224baa0a399eb0d2bd86a6b2c06514a1ae68ef3ad2bf5628a4d93423e59ea,OFFICIAL_EVIDENCE,NSE_F10717A1FD65,ACTIVE_DATE_MATCH,1
2019-03-29,INCLUDE,Deepak Nitrite Ltd.,DEEPAKNITRITE,DEEPAKNTR,ind_prs25022019.pdf,https://niftyindices.com/Press_Release/ind_prs25022019.pdf,2019-02-25,OFFICIAL_DATE_NAME,bb0224baa0a399eb0d2bd86a6b2c06514a1ae68ef3ad2bf5628a4d93423e59ea,OFFICIAL_EVIDENCE,NSE_8A358CA8F00D,ACTIVE_DATE_MATCH,1
2019-03-29,INCLUDE,Essel Propack Ltd.,ESSELPROPACK,ESSELPACK,ind_prs25022019.pdf,https://niftyindices.com/Press_Release/ind_prs25022019.pdf,2019-02-25,OFFICIAL_DATE_NAME,bb0224baa0a399eb0d2bd86a6b2c06514a1ae68ef3ad2bf5628a4d93423e59ea,OFFICIAL_EVIDENCE,NSE_896195354D53,ACTIVE_DATE_MATCH,1
2019-03-29,INCLUDE,Fine Organic Industries Ltd.,FINEORGANICINDUSTRIES,FINEORG,ind_prs25022019.pdf,https://niftyindices.com/Press_Release/ind_prs25022019.pdf,2019-02-25,OFFICIAL_DATE_NAME,bb0224baa0a399eb0d2bd86a6b2c06514a1ae68ef3ad2bf5628a4d93423e59ea,OFFICIAL_EVIDENCE,NSE_B1D2A8B04E95,ACTIVE_DATE_MATCH,1
2019-03-29,INCLUDE,HDFC Asset Management Company Ltd.,HDFCASSETMANAGEMENT,HDFCAMC,ind_prs25022019.pdf,https://niftyindices.com/Press_Release/ind_prs25022019.pdf,2019-02-25,OFFICIAL_DATE_NAME,bb0224baa0a399eb0d2bd86a6b2c06514a1ae68ef3ad2bf5628a4d93423e59ea,OFFICIAL_EVIDENCE,NSE_B41F7AA07AC7,ACTIVE_DATE_MATCH,1
2019-03-29,INCLUDE,Indiabulls Integrated Services Ltd.,INDIABULLSINTEGRATEDSERVICES,IBULISL,ind_prs25022019.pdf,https://niftyindices.com/Press_Release/ind_prs25022019.pdf,2019-02-25,OFFICIAL_DATE_NAME,bb0224baa0a399eb0d2bd86a6b2c06514a1ae68ef3ad2bf5628a4d93423e59ea,OFFICIAL_EVIDENCE,NSE_B585B7685364,ACTIVE_DATE_MATCH,1
2019-03-29,INCLUDE,ICRA Ltd.,ICRA,ICRA,ind_prs25022019.pdf,https://niftyindices.com/Press_Release/ind_prs25022019.pdf,2019-02-25,OFFICIAL_DATE_NAME,bb0224baa0a399eb0d2bd86a6b2c06514a1ae68ef3ad2bf5628a4d93423e59ea,OFFICIAL_EVIDENCE,NSE_23C7CF9A3EAE,ACTIVE_DATE_MATCH,1
2019-03-29,INCLUDE,IndoStar Capital Finance Ltd.,INDOSTARCAPITALFINANCE,INDOSTAR,ind_prs25022019.pdf,https://niftyindices.com/Press_Release/ind_prs25022019.pdf,2019-02-25,OFFICIAL_DATE_NAME,bb0224baa0a399eb0d2bd86a6b2c06514a1ae68ef3ad2bf5628a4d93423e59ea,OFFICIAL_EVIDENCE,NSE_1B43303A9FAD,ACTIVE_DATE_MATCH,1
2019-03-29,INCLUDE,IRCON International Ltd.,IRCONINTERNATIONAL,IRCON,ind_prs25022019.pdf,https://niftyindices.com/Press_Release/ind_prs25022019.pdf,2019-02-25,OFFICIAL_DATE_NAME,bb0224baa0a399eb0d2bd86a6b2c06514a1ae68ef3ad2bf5628a4d93423e59ea,OFFICIAL_EVIDENCE,NSE_3F905739D72F,ACTIVE_DATE_MATCH,1
2019-03-29,INCLUDE,Jamna Auto Industries Ltd.,JAMNAAUTOINDUSTRIES,JAMNAAUTO,ind_prs25022019.pdf,https://niftyindices.com/Press_Release/ind_prs25022019.pdf,2019-02-25,OFFICIAL_DATE_NAME,bb0224baa0a399eb0d2bd86a6b2c06514a1ae68ef3ad2bf5628a4d93423e59ea,OFFICIAL_EVIDENCE,NSE_BE2FF8182DD5,ACTIVE_DATE_MATCH,1
2019-03-29,INCLUDE,JK Paper Ltd.,JKPAPER,JKPAPER,ind_prs25022019.pdf,https://niftyindices.com/Press_Release/ind_prs25022019.pdf,2019-02-25,OFFICIAL_DATE_NAME,bb0224baa0a399eb0d2bd86a6b2c06514a1ae68ef3ad2bf5628a4d93423e59ea,OFFICIAL_EVIDENCE,NSE_396C5E0A148B,ACTIVE_DATE_MATCH,1
2019-03-29,INCLUDE,KEI Industries Ltd.,KEIINDUSTRIES,KEI,ind_prs25022019.pdf,https://niftyindices.com/Press_Release/ind_prs25022019.pdf,2019-02-25,OFFICIAL_DATE_NAME,bb0224baa0a399eb0d2bd86a6b2c06514a1ae68ef3ad2bf5628a4d93423e59ea,OFFICIAL_EVIDENCE,NSE_C27A7287553C,ACTIVE_DATE_MATCH,1
2019-03-29,INCLUDE,Kirloskar Oil Eng Ltd.,KIRLOSKAROILENG,KIRLOSENG,ind_prs25022019.pdf,https://niftyindices.com/Press_Release/ind_prs25022019.pdf,2019-02-25,OFFICIAL_DATE_NAME,bb0224baa0a399eb0d2bd86a6b2c06514a1ae68ef3ad2bf5628a4d93423e59ea,OFFICIAL_EVIDENCE,NSE_9B9A5379FE9C,ACTIVE_DATE_MATCH,1
2019-03-29,INCLUDE,Bank of Maharashtra.,BANKOFMAHARASHTRA,MAHABANK,ind_prs25022019.pdf,https://niftyindices.com/Press_Release/ind_prs25022019.pdf,2019-02-25,OFFICIAL_DATE_NAME,bb0224baa0a399eb0d2bd86a6b2c06514a1ae68ef3ad2bf5628a4d93423e59ea,OFFICIAL_EVIDENCE,NSE_77034359872C,ACTIVE_DATE_MATCH,1
2019-03-29,INCLUDE,Maharashtra Scooters Ltd.,MAHARASHTRASCOOTERS,MAHSCOOTER,ind_prs25022019.pdf,https://niftyindices.com/Press_Release/ind_prs25022019.pdf,2019-02-25,OFFICIAL_DATE_NAME,bb0224baa0a399eb0d2bd86a6b2c06514a1ae68ef3ad2bf5628a4d93423e59ea,OFFICIAL_EVIDENCE,NSE_E9CD94ECB13B,ACTIVE_DATE_MATCH,1
2019-03-29,INCLUDE,Maharashtra Seamless Ltd.,MAHARASHTRASEAMLESS,MAHSEAMLES,ind_prs25022019.pdf,https://niftyindices.com/Press_Release/ind_prs25022019.pdf,2019-02-25,OFFICIAL_DATE_NAME,bb0224baa0a399eb0d2bd86a6b2c06514a1ae68ef3ad2bf5628a4d93423e59ea,OFFICIAL_EVIDENCE,NSE_D45E2178880F,ACTIVE_DATE_MATCH,1
2019-03-29,INCLUDE,Orient Electric Ltd.,ORIENTELECTRIC,ORIENTELEC,ind_prs25022019.pdf,https://niftyindices.com/Press_Release/ind_prs25022019.pdf,2019-02-25,OFFICIAL_DATE_NAME,bb0224baa0a399eb0d2bd86a6b2c06514a1ae68ef3ad2bf5628a4d93423e59ea,OFFICIAL_EVIDENCE,NSE_2A0ECB1CAF9E,ACTIVE_DATE_MATCH,1
2019-03-29,INCLUDE,Sharda Cropchem Ltd.,SHARDACROPCHEM,SHARDACROP,ind_prs25022019.pdf,https://niftyindices.com/Press_Release/ind_prs25022019.pdf,2019-02-25,OFFICIAL_DATE_NAME,bb0224baa0a399eb0d2bd86a6b2c06514a1ae68ef3ad2bf5628a4d93423e59ea,OFFICIAL_EVIDENCE,NSE_AE697C87E3F3,ACTIVE_DATE_MATCH,1
2019-03-29,INCLUDE,Suprajit Engineering Ltd.,SUPRAJITENGINEERING,SUPRAJIT,ind_prs25022019.pdf,https://niftyindices.com/Press_Release/ind_prs25022019.pdf,2019-02-25,OFFICIAL_DATE_NAME,bb0224baa0a399eb0d2bd86a6b2c06514a1ae68ef3ad2bf5628a4d93423e59ea,OFFICIAL_EVIDENCE,NSE_3B598B9F02C0,ACTIVE_DATE_MATCH,1
2019-03-29,INCLUDE,TCNS Clothing Co. Ltd.,TCNSCLOTHING,TCNSBRANDS,ind_prs25022019.pdf,https://niftyindices.com/Press_Release/ind_prs25022019.pdf,2019-02-25,OFFICIAL_DATE_NAME,bb0224baa0a399eb0d2bd86a6b2c06514a1ae68ef3ad2bf5628a4d93423e59ea,OFFICIAL_EVIDENCE,NSE_F07C9B82EB42,ACTIVE_DATE_MATCH,1
2019-03-29,INCLUDE,Triveni Turbine Ltd.,TRIVENITURBINE,TRITURBINE,ind_prs25022019.pdf,https://niftyindices.com/Press_Release/ind_prs25022019.pdf,2019-02-25,OFFICIAL_DATE_NAME,bb0224baa0a399eb0d2bd86a6b2c06514a1ae68ef3ad2bf5628a4d93423e59ea,OFFICIAL_EVIDENCE,NSE_9CD0408E0E4C,ACTIVE_DATE_MATCH,1
2019-03-29,INCLUDE,VST Industries Ltd.,VSTINDUSTRIES,VSTIND,ind_prs25022019.pdf,https://niftyindices.com/Press_Release/ind_prs25022019.pdf,2019-02-25,OFFICIAL_DATE_NAME,bb0224baa0a399eb0d2bd86a6b2c06514a1ae68ef3ad2bf5628a4d93423e59ea,OFFICIAL_EVIDENCE,NSE_BB53E120FC24,ACTIVE_DATE_MATCH,1
2019-03-29,EXCLUDE,8K Miles Soft Services Ltd.,8KMILESSOFTSERVICES,8KMILES,ind_prs25022019.pdf,https://niftyindices.com/Press_Release/ind_prs25022019.pdf,2019-02-25,OFFICIAL_DATE_NAME,bb0224baa0a399eb0d2bd86a6b2c06514a1ae68ef3ad2bf5628a4d93423e59ea,OFFICIAL_EVIDENCE,NSE_4E27A558622E,ACTIVE_DATE_MATCH,1
2019-03-29,EXCLUDE,Aarti Industries Ltd.,AARTIINDUSTRIES,AARTIIND,ind_prs25022019.pdf,https://niftyindices.com/Press_Release/ind_prs25022019.pdf,2019-02-25,OFFICIAL_DATE_NAME,bb0224baa0a399eb0d2bd86a6b2c06514a1ae68ef3ad2bf5628a4d93423e59ea,OFFICIAL_EVIDENCE,NSE_81E1BA306A07,ACTIVE_DATE_MATCH,1
2019-03-29,EXCLUDE,Den Networks Ltd.,DENNETWORKS,DEN,ind_prs25022019.pdf,https://niftyindices.com/Press_Release/ind_prs25022019.pdf,2019-02-25,OFFICIAL_DATE_NAME,bb0224baa0a399eb0d2bd86a6b2c06514a1ae68ef3ad2bf5628a4d93423e59ea,OFFICIAL_EVIDENCE,NSE_AA8359966309,ACTIVE_DATE_MATCH,1
2019-03-29,EXCLUDE,Dredging Corporation of India Ltd.,DREDGINGCORPORATIONOFINDIA,DREDGECORP,ind_prs25022019.pdf,https://niftyindices.com/Press_Release/ind_prs25022019.pdf,2019-02-25,OFFICIAL_DATE_NAME,bb0224baa0a399eb0d2bd86a6b2c06514a1ae68ef3ad2bf5628a4d93423e59ea,OFFICIAL_EVIDENCE,NSE_04670D8A7F6D,ACTIVE_DATE_MATCH,1
2019-03-29,EXCLUDE,Eros Intl Media Ltd.,EROSINTLMEDIA,EROSMEDIA,ind_prs25022019.pdf,https://niftyindices.com/Press_Release/ind_prs25022019.pdf,2019-02-25,OFFICIAL_DATE_NAME,bb0224baa0a399eb0d2bd86a6b2c06514a1ae68ef3ad2bf5628a4d93423e59ea,OFFICIAL_EVIDENCE,NSE_5746654C1D62,ACTIVE_DATE_MATCH,1
2019-03-29,EXCLUDE,Eveready Industries India Ltd.,EVEREADYINDUSTRIESINDIA,EVEREADY,ind_prs25022019.pdf,https://niftyindices.com/Press_Release/ind_prs25022019.pdf,2019-02-25,OFFICIAL_DATE_NAME,bb0224baa0a399eb0d2bd86a6b2c06514a1ae68ef3ad2bf5628a4d93423e59ea,OFFICIAL_EVIDENCE,NSE_305BA34187E0,ACTIVE_DATE_MATCH,1
2019-03-29,EXCLUDE,Greenply Industries Ltd.,GREENPLYINDUSTRIES,GREENPLY,ind_prs25022019.pdf,https://niftyindices.com/Press_Release/ind_prs25022019.pdf,2019-02-25,OFFICIAL_DATE_NAME,bb0224baa0a399eb0d2bd86a6b2c06514a1ae68ef3ad2bf5628a4d93423e59ea,OFFICIAL_EVIDENCE,NSE_E33BF28052EC,ACTIVE_DATE_MATCH,1
2019-03-29,EXCLUDE,GVK Power & Infrastructures Ltd.,GVKPOWERANDINFRASTRUCTURES,GVKPIL,ind_prs25022019.pdf,https://niftyindices.com/Press_Release/ind_prs25022019.pdf,2019-02-25,OFFICIAL_DATE_NAME,bb0224baa0a399eb0d2bd86a6b2c06514a1ae68ef3ad2bf5628a4d93423e59ea,OFFICIAL_EVIDENCE,NSE_24552B404E28,ACTIVE_DATE_MATCH,1
2019-03-29,EXCLUDE,Hindustan Construction Co. Ltd.,HINDUSTANCONSTRUCTION,HCC,ind_prs25022019.pdf,https://niftyindices.com/Press_Release/ind_prs25022019.pdf,2019-02-25,OFFICIAL_DATE_NAME,bb0224baa0a399eb0d2bd86a6b2c06514a1ae68ef3ad2bf5628a4d93423e59ea,OFFICIAL_EVIDENCE,NSE_B3012E7D6C4A,ACTIVE_DATE_MATCH,1
2019-03-29,EXCLUDE,HCL Infosystems Ltd.,HCLINFOSYSTEMS,HCL-INSYS,ind_prs25022019.pdf,https://niftyindices.com/Press_Release/ind_prs25022019.pdf,2019-02-25,OFFICIAL_DATE_NAME,bb0224baa0a399eb0d2bd86a6b2c06514a1ae68ef3ad2bf5628a4d93423e59ea,OFFICIAL_EVIDENCE,NSE_AB585951AF9C,ACTIVE_DATE_MATCH,1
2019-03-29,EXCLUDE,Indo Count Industries Ltd.,INDOCOUNTINDUSTRIES,ICIL,ind_prs25022019.pdf,https://niftyindices.com/Press_Release/ind_prs25022019.pdf,2019-02-25,OFFICIAL_DATE_NAME,bb0224baa0a399eb0d2bd86a6b2c06514a1ae68ef3ad2bf5628a4d93423e59ea,OFFICIAL_EVIDENCE,NSE_41D6658A86E3,ACTIVE_DATE_MATCH,1
2019-03-29,EXCLUDE,IL&FS Transportation Networks Ltd.,ILANDFSTRANSPORTATIONNETWORKS,IL&FSTRANS,ind_prs25022019.pdf,https://niftyindices.com/Press_Release/ind_prs25022019.pdf,2019-02-25,OFFICIAL_DATE_NAME,bb0224baa0a399eb0d2bd86a6b2c06514a1ae68ef3ad2bf5628a4d93423e59ea,OFFICIAL_EVIDENCE,NSE_938AB0376CFC,ACTIVE_DATE_MATCH,1
2019-03-29,EXCLUDE,Johnson Controls - Hitachi Air Conditioning India Ltd.,JOHNSONCONTROLSHITACHIAIRCONDITIONINGINDIA,JCHAC,ind_prs25022019.pdf,https://niftyindices.com/Press_Release/ind_prs25022019.pdf,2019-02-25,OFFICIAL_DATE_NAME,bb0224baa0a399eb0d2bd86a6b2c06514a1ae68ef3ad2bf5628a4d93423e59ea,OFFICIAL_EVIDENCE,NSE_85A771F24921,ACTIVE_DATE_MATCH,1
2019-03-29,EXCLUDE,J.Kumar Infraprojects Ltd.,JKUMARINFRAPROJECTS,JKIL,ind_prs25022019.pdf,https://niftyindices.com/Press_Release/ind_prs25022019.pdf,2019-02-25,OFFICIAL_DATE_NAME,bb0224baa0a399eb0d2bd86a6b2c06514a1ae68ef3ad2bf5628a4d93423e59ea,OFFICIAL_EVIDENCE,NSE_EB5B1EE4D766,ACTIVE_DATE_MATCH,1
2019-03-29,EXCLUDE,Jaiprakash Power Ventures Ltd.,JAIPRAKASHPOWERVENTURES,JPPOWER,ind_prs25022019.pdf,https://niftyindices.com/Press_Release/ind_prs25022019.pdf,2019-02-25,OFFICIAL_DATE_NAME,bb0224baa0a399eb0d2bd86a6b2c06514a1ae68ef3ad2bf5628a4d93423e59ea,OFFICIAL_EVIDENCE,NSE_65EC163FC41A,ACTIVE_DATE_MATCH,1
2019-03-29,EXCLUDE,Manpasand Beverages Ltd.,MANPASANDBEVERAGES,MANPASAND,ind_prs25022019.pdf,https://niftyindices.com/Press_Release/ind_prs25022019.pdf,2019-02-25,OFFICIAL_DATE_NAME,bb0224baa0a399eb0d2bd86a6b2c06514a1ae68ef3ad2bf5628a4d93423e59ea,OFFICIAL_EVIDENCE,NSE_D4F3ADAA19EE,ACTIVE_DATE_MATCH,1
2019-03-29,EXCLUDE,McLeod Russel India Ltd.,MCLEODRUSSELINDIA,MCLEODRUSS,ind_prs25022019.pdf,https://niftyindices.com/Press_Release/ind_prs25022019.pdf,2019-02-25,OFFICIAL_DATE_NAME,bb0224baa0a399eb0d2bd86a6b2c06514a1ae68ef3ad2bf5628a4d93423e59ea,OFFICIAL_EVIDENCE,NSE_BCFDB4A1DA40,ACTIVE_DATE_MATCH,1
2019-03-29,EXCLUDE,Navkar Corporation Ltd.,NAVKARCORPORATION,NAVKARCORP,ind_prs25022019.pdf,https://niftyindices.com/Press_Release/ind_prs25022019.pdf,2019-02-25,OFFICIAL_DATE_NAME,bb0224baa0a399eb0d2bd86a6b2c06514a1ae68ef3ad2bf5628a4d93423e59ea,OFFICIAL_EVIDENCE,NSE_E7C0FAEE3336,ACTIVE_DATE_MATCH,1
2019-03-29,EXCLUDE,PTC India Fin Serv Ltd.,PTCINDIAFINSERV,PFS,ind_prs25022019.pdf,https://niftyindices.com/Press_Release/ind_prs25022019.pdf,2019-02-25,OFFICIAL_DATE_NAME,bb0224baa0a399eb0d2bd86a6b2c06514a1ae68ef3ad2bf5628a4d93423e59ea,OFFICIAL_EVIDENCE,NSE_3066C4DD5B47,ACTIVE_DATE_MATCH,1
2019-03-29,EXCLUDE,Reliance Naval and Engineering Ltd.,RELIANCENAVALANDENGINEERING,RNAVAL,ind_prs25022019.pdf,https://niftyindices.com/Press_Release/ind_prs25022019.pdf,2019-02-25,OFFICIAL_DATE_NAME,bb0224baa0a399eb0d2bd86a6b2c06514a1ae68ef3ad2bf5628a4d93423e59ea,OFFICIAL_EVIDENCE,NSE_9050AA71D782,ACTIVE_DATE_MATCH,1
2019-03-29,EXCLUDE,Sadbhav Infrastructure Project Ltd.,SADBHAVINFRASTRUCTUREPROJECT,SADBHIN,ind_prs25022019.pdf,https://niftyindices.com/Press_Release/ind_prs25022019.pdf,2019-02-25,OFFICIAL_DATE_NAME,bb0224baa0a399eb0d2bd86a6b2c06514a1ae68ef3ad2bf5628a4d93423e59ea,OFFICIAL_EVIDENCE,NSE_759F0BD4CDE1,ACTIVE_DATE_MATCH,1
2019-03-29,EXCLUDE,Tata Sponge Iron Ltd.,TATASPONGEIRON,TATASPONGE,ind_prs25022019.pdf,https://niftyindices.com/Press_Release/ind_prs25022019.pdf,2019-02-25,OFFICIAL_DATE_NAME,bb0224baa0a399eb0d2bd86a6b2c06514a1ae68ef3ad2bf5628a4d93423e59ea,OFFICIAL_EVIDENCE,NSE_418B7FB30526,ACTIVE_DATE_MATCH,1
2019-03-29,EXCLUDE,Texmaco Rail & Eng. Ltd.,TEXMACORAILANDENG,TEXRAIL,ind_prs25022019.pdf,https://niftyindices.com/Press_Release/ind_prs25022019.pdf,2019-02-25,OFFICIAL_DATE_NAME,bb0224baa0a399eb0d2bd86a6b2c06514a1ae68ef3ad2bf5628a4d93423e59ea,OFFICIAL_EVIDENCE,NSE_63EB9280D90F,ACTIVE_DATE_MATCH,1
2019-03-29,EXCLUDE,TVS Srichakra Ltd.,TVSSRICHAKRA,TVSSRICHAK,ind_prs25022019.pdf,https://niftyindices.com/Press_Release/ind_prs25022019.pdf,2019-02-25,OFFICIAL_DATE_NAME,bb0224baa0a399eb0d2bd86a6b2c06514a1ae68ef3ad2bf5628a4d93423e59ea,OFFICIAL_EVIDENCE,NSE_AD4461AE56EF,ACTIVE_DATE_MATCH,1
2019-03-29,EXCLUDE,Unichem Laboratories Ltd.,UNICHEMLABORATORIES,UNICHEMLAB,ind_prs25022019.pdf,https://niftyindices.com/Press_Release/ind_prs25022019.pdf,2019-02-25,OFFICIAL_DATE_NAME,bb0224baa0a399eb0d2bd86a6b2c06514a1ae68ef3ad2bf5628a4d93423e59ea,OFFICIAL_EVIDENCE,NSE_11D6411F8FF1,ACTIVE_DATE_MATCH,1
2019-04-15,INCLUDE,Sundaram Clayton Ltd.,SUNDARAMCLAYTON,SUNCLAYLTD,ind_prs08042019.pdf,https://niftyindices.com/Press_Release/ind_prs08042019.pdf,2019-04-08,OFFICIAL_DATE_NAME,a4ff43189ea06cc6dbf53f3c5ac615b1b0c030fe0678c6fe38e991a5a05716af,OFFICIAL_EVIDENCE,NSE_72C836734F97,ACTIVE_DATE_MATCH,1
2019-04-15,EXCLUDE,Excel Crop Care Ltd.,EXCELCROPCARE,EXCELCROP,ind_prs08042019.pdf,https://niftyindices.com/Press_Release/ind_prs08042019.pdf,2019-04-08,OFFICIAL_DATE_NAME,a4ff43189ea06cc6dbf53f3c5ac615b1b0c030fe0678c6fe38e991a5a05716af,OFFICIAL_EVIDENCE,NSE_E6EF857CE112,ACTIVE_DATE_MATCH,1
2019-06-28,INCLUDE,Chalet Hotels Ltd.,CHALETHOTELS,CHALET,ind_prs13062019.pdf,https://niftyindices.com/Press_Release/ind_prs13062019.pdf,2019-06-13,OFFICIAL_DATE_NAME,b05a59c604e1c29cfa00931c71d6ffd9fbe201f0be60b78235eb6f9635447338,OFFICIAL_EVIDENCE,NSE_C617F8AD6C46,ACTIVE_DATE_MATCH,1
2019-06-28,INCLUDE,Dalmia Bharat Ltd.,DALMIABHARAT,DALBHARAT,ind_prs13062019.pdf,https://niftyindices.com/Press_Release/ind_prs13062019.pdf,2019-06-13,OFFICIAL_DATE_NAME,b05a59c604e1c29cfa00931c71d6ffd9fbe201f0be60b78235eb6f9635447338,OFFICIAL_EVIDENCE,NSE_CE1B55B0FE79,ACTIVE_DATE_MATCH,1
2019-06-28,EXCLUDE,Gujarat Fluorochemicals Ltd.,GUJARATFLUOROCHEMICALS,GUJFLUORO,ind_prs13062019.pdf,https://niftyindices.com/Press_Release/ind_prs13062019.pdf,2019-06-13,OFFICIAL_DATE_NAME,b05a59c604e1c29cfa00931c71d6ffd9fbe201f0be60b78235eb6f9635447338,OFFICIAL_EVIDENCE,NSE_6835A4E7227D,ACTIVE_DATE_MATCH,1
2019-06-28,EXCLUDE,Monsanto India Ltd.,MONSANTOINDIA,MONSANTO,ind_prs13062019.pdf,https://niftyindices.com/Press_Release/ind_prs13062019.pdf,2019-06-13,OFFICIAL_DATE_NAME,b05a59c604e1c29cfa00931c71d6ffd9fbe201f0be60b78235eb6f9635447338,OFFICIAL_EVIDENCE,NSE_3C830EF00D9B,ACTIVE_DATE_MATCH,1
2019-09-24,INCLUDE,Vaibhav Global Ltd.,VAIBHAVGLOBAL,VAIBHAVGBL,ind_prs17092019_1.pdf,https://niftyindices.com/Press_Release/ind_prs17092019_1.pdf,2019-09-17,OFFICIAL_DATE_NAME,befefb0ff804ad2540021442dd782e2dade35e9598fcf2cb2ed799b7f81cbf52,OFFICIAL_EVIDENCE,NSE_BBC622D344B2,ACTIVE_DATE_MATCH,1
2019-09-24,EXCLUDE,Jet Airways (India) Ltd.,JETAIRWAYSINDIA,JETAIRWAYS,ind_prs17092019_1.pdf,https://niftyindices.com/Press_Release/ind_prs17092019_1.pdf,2019-09-17,OFFICIAL_DATE_NAME,befefb0ff804ad2540021442dd782e2dade35e9598fcf2cb2ed799b7f81cbf52,OFFICIAL_EVIDENCE,NSE_A7A22C73AF33,ACTIVE_DATE_MATCH,1
2019-09-27,INCLUDE,Abbott India Ltd.,ABBOTTINDIA,ABBOTINDIA,ind_prs28082019.pdf,https://niftyindices.com/Press_Release/ind_prs28082019.pdf,2019-08-28,OFFICIAL_DATE_NAME,f722969a26b18dfe12256669ff35e8b19d14ae03de5715e0e6b148dd61955e50,OFFICIAL_EVIDENCE,NSE_83A9DF85F983,ACTIVE_DATE_MATCH,1
2019-09-27,INCLUDE,Adani Gas Ltd.,ADANIGAS,ADANIGAS,ind_prs28082019.pdf,https://niftyindices.com/Press_Release/ind_prs28082019.pdf,2019-08-28,OFFICIAL_DATE_NAME,f722969a26b18dfe12256669ff35e8b19d14ae03de5715e0e6b148dd61955e50,OFFICIAL_EVIDENCE,NSE_969AA315029E,ACTIVE_DATE_MATCH,1
2019-09-27,INCLUDE,Amber Enterprises India Ltd.,AMBERENTERPRISESINDIA,AMBER,ind_prs28082019.pdf,https://niftyindices.com/Press_Release/ind_prs28082019.pdf,2019-08-28,OFFICIAL_DATE_NAME,f722969a26b18dfe12256669ff35e8b19d14ae03de5715e0e6b148dd61955e50,OFFICIAL_EVIDENCE,NSE_46A4593AF05A,ACTIVE_DATE_MATCH,1
2019-09-27,INCLUDE,Arvind Fashions Ltd.,ARVINDFASHIONS,ARVINDFASN,ind_prs28082019.pdf,https://niftyindices.com/Press_Release/ind_prs28082019.pdf,2019-08-28,OFFICIAL_DATE_NAME,f722969a26b18dfe12256669ff35e8b19d14ae03de5715e0e6b148dd61955e50,OFFICIAL_EVIDENCE,NSE_806A916D3197,ACTIVE_DATE_MATCH,1
2019-09-27,INCLUDE,Bayer Cropscience Ltd.,BAYERCROPSCIENCE,BAYERCROP,ind_prs28082019.pdf,https://niftyindices.com/Press_Release/ind_prs28082019.pdf,2019-08-28,OFFICIAL_DATE_NAME,f722969a26b18dfe12256669ff35e8b19d14ae03de5715e0e6b148dd61955e50,OFFICIAL_EVIDENCE,NSE_EC27C1265F27,ACTIVE_DATE_MATCH,1
2019-09-27,INCLUDE,Birlasoft Ltd.,BIRLASOFT,BSOFT,ind_prs28082019.pdf,https://niftyindices.com/Press_Release/ind_prs28082019.pdf,2019-08-28,OFFICIAL_DATE_NAME,f722969a26b18dfe12256669ff35e8b19d14ae03de5715e0e6b148dd61955e50,OFFICIAL_EVIDENCE,NSE_64BF9F3DBA41,ACTIVE_DATE_MATCH,1
2019-09-27,INCLUDE,Capri Global Capital Ltd.,CAPRIGLOBALCAPITAL,CGCL,ind_prs28082019.pdf,https://niftyindices.com/Press_Release/ind_prs28082019.pdf,2019-08-28,OFFICIAL_DATE_NAME,f722969a26b18dfe12256669ff35e8b19d14ae03de5715e0e6b148dd61955e50,OFFICIAL_EVIDENCE,NSE_E7891F352261,ACTIVE_DATE_MATCH,1
2019-09-27,INCLUDE,Den Networks Ltd.,DENNETWORKS,DEN,ind_prs28082019.pdf,https://niftyindices.com/Press_Release/ind_prs28082019.pdf,2019-08-28,OFFICIAL_DATE_NAME,f722969a26b18dfe12256669ff35e8b19d14ae03de5715e0e6b148dd61955e50,OFFICIAL_EVIDENCE,NSE_AA8359966309,ACTIVE_DATE_MATCH,1
2019-09-27,INCLUDE,Federal-Mogul Goetze (India) Ltd.,FEDERALMOGULGOETZEINDIA,FMGOETZE,ind_prs28082019.pdf,https://niftyindices.com/Press_Release/ind_prs28082019.pdf,2019-08-28,OFFICIAL_DATE_NAME,f722969a26b18dfe12256669ff35e8b19d14ae03de5715e0e6b148dd61955e50,OFFICIAL_EVIDENCE,NSE_EFD7B6E7FD96,ACTIVE_DATE_MATCH,1
2019-09-27,INCLUDE,Garware Technical Fibres Ltd.,GARWARETECHNICALFIBRES,GARFIBRES,ind_prs28082019.pdf,https://niftyindices.com/Press_Release/ind_prs28082019.pdf,2019-08-28,OFFICIAL_DATE_NAME,f722969a26b18dfe12256669ff35e8b19d14ae03de5715e0e6b148dd61955e50,OFFICIAL_EVIDENCE,NSE_11DA18056321,ACTIVE_DATE_MATCH,1
2019-09-27,INCLUDE,IIFL Finance Ltd.,IIFLFINANCE,IIFL,ind_prs17092019.pdf,https://niftyindices.com/Press_Release/ind_prs17092019.pdf,2019-09-17,OFFICIAL_DATE_NAME,4222523b5b00120b597ff1ef2045274f1fcd93df9525660f669180394c376aeb,OFFICIAL_EVIDENCE,NSE_F96D3907BEE7,ACTIVE_DATE_MATCH,1
2019-09-27,INCLUDE,Johnson Controls - Hitachi Air Conditioning India Ltd.,JOHNSONCONTROLSHITACHIAIRCONDITIONINGINDIA,JCHAC,ind_prs28082019.pdf,https://niftyindices.com/Press_Release/ind_prs28082019.pdf,2019-08-28,OFFICIAL_DATE_NAME,f722969a26b18dfe12256669ff35e8b19d14ae03de5715e0e6b148dd61955e50,OFFICIAL_EVIDENCE,NSE_85A771F24921,ACTIVE_DATE_MATCH,1
2019-09-27,INCLUDE,KPIT Technologies Ltd.,KPITTECHNOLOGIES,KPITTECH,ind_prs28082019.pdf,https://niftyindices.com/Press_Release/ind_prs28082019.pdf,2019-08-28,OFFICIAL_DATE_NAME,f722969a26b18dfe12256669ff35e8b19d14ae03de5715e0e6b148dd61955e50,OFFICIAL_EVIDENCE,NSE_6BCEC6E04CC0,ACTIVE_DATE_MATCH,1
2019-09-27,INCLUDE,Multi Commodity Exchange of India Ltd.,MULTICOMMODITYEXCHANGEOFINDIA,MCX,ind_prs28082019.pdf,https://niftyindices.com/Press_Release/ind_prs28082019.pdf,2019-08-28,OFFICIAL_DATE_NAME,f722969a26b18dfe12256669ff35e8b19d14ae03de5715e0e6b148dd61955e50,OFFICIAL_EVIDENCE,NSE_77D1AF649A35,ACTIVE_DATE_MATCH,1
2019-09-27,INCLUDE,Metropolis Healthcare Ltd.,METROPOLISHEALTHCARE,METROPOLIS,ind_prs28082019.pdf,https://niftyindices.com/Press_Release/ind_prs28082019.pdf,2019-08-28,OFFICIAL_DATE_NAME,f722969a26b18dfe12256669ff35e8b19d14ae03de5715e0e6b148dd61955e50,OFFICIAL_EVIDENCE,NSE_D49044EAC01A,ACTIVE_DATE_MATCH,1
2019-09-27,INCLUDE,Nestle India Ltd.,NESTLEINDIA,NESTLEIND,ind_prs28082019.pdf,https://niftyindices.com/Press_Release/ind_prs28082019.pdf,2019-08-28,OFFICIAL_DATE_NAME,f722969a26b18dfe12256669ff35e8b19d14ae03de5715e0e6b148dd61955e50,OFFICIAL_EVIDENCE,NSE_5E3364EF921A,ACTIVE_DATE_MATCH,1
2019-09-27,INCLUDE,Orient Refractories Ltd.,ORIENTREFRACTORIES,ORIENTREF,ind_prs28082019.pdf,https://niftyindices.com/Press_Release/ind_prs28082019.pdf,2019-08-28,OFFICIAL_DATE_NAME,f722969a26b18dfe12256669ff35e8b19d14ae03de5715e0e6b148dd61955e50,OFFICIAL_EVIDENCE,NSE_62370E1BA80E,ACTIVE_DATE_MATCH,1
2019-09-27,INCLUDE,Polycab India Ltd.,POLYCABINDIA,POLYCAB,ind_prs28082019.pdf,https://niftyindices.com/Press_Release/ind_prs28082019.pdf,2019-08-28,OFFICIAL_DATE_NAME,f722969a26b18dfe12256669ff35e8b19d14ae03de5715e0e6b148dd61955e50,OFFICIAL_EVIDENCE,NSE_2E6044362252,ACTIVE_DATE_MATCH,1
2019-09-27,INCLUDE,Ratnamani Metals & Tubes Ltd.,RATNAMANIMETALSANDTUBES,RATNAMANI,ind_prs28082019.pdf,https://niftyindices.com/Press_Release/ind_prs28082019.pdf,2019-08-28,OFFICIAL_DATE_NAME,f722969a26b18dfe12256669ff35e8b19d14ae03de5715e0e6b148dd61955e50,OFFICIAL_EVIDENCE,NSE_55FFE606B7E2,ACTIVE_DATE_MATCH,1
2019-09-27,INCLUDE,Rail Vikas Nigam Ltd.,RAILVIKASNIGAM,RVNL,ind_prs28082019.pdf,https://niftyindices.com/Press_Release/ind_prs28082019.pdf,2019-08-28,OFFICIAL_DATE_NAME,f722969a26b18dfe12256669ff35e8b19d14ae03de5715e0e6b148dd61955e50,OFFICIAL_EVIDENCE,NSE_E3E1AC8435EA,ACTIVE_DATE_MATCH,1
2019-09-27,INCLUDE,TCI Express Ltd.,TCIEXPRESS,TCIEXP,ind_prs28082019.pdf,https://niftyindices.com/Press_Release/ind_prs28082019.pdf,2019-08-28,OFFICIAL_DATE_NAME,f722969a26b18dfe12256669ff35e8b19d14ae03de5715e0e6b148dd61955e50,OFFICIAL_EVIDENCE,NSE_50C6EFC6FCC4,ACTIVE_DATE_MATCH,1
2019-09-27,INCLUDE,Techno Electric & Engineering Company Ltd.,TECHNOELECTRICANDENGINEERING,TECHNOE,ind_prs28082019.pdf,https://niftyindices.com/Press_Release/ind_prs28082019.pdf,2019-08-28,OFFICIAL_DATE_NAME,f722969a26b18dfe12256669ff35e8b19d14ae03de5715e0e6b148dd61955e50,OFFICIAL_EVIDENCE,NSE_C91869243FA4,ACTIVE_DATE_MATCH,1
2019-09-27,EXCLUDE,ABB India Ltd.,ABBINDIA,ABB,ind_prs28082019.pdf,https://niftyindices.com/Press_Release/ind_prs28082019.pdf,2019-08-28,OFFICIAL_DATE_NAME,f722969a26b18dfe12256669ff35e8b19d14ae03de5715e0e6b148dd61955e50,OFFICIAL_EVIDENCE,NSE_FE37750EBD83,ACTIVE_DATE_MATCH,1
2019-09-27,EXCLUDE,Deepak Fertilisers & Petrochemicals Corp. Ltd.,DEEPAKFERTILISERSANDPETROCHEMICALSCORP,DEEPAKFERT,ind_prs28082019.pdf,https://niftyindices.com/Press_Release/ind_prs28082019.pdf,2019-08-28,OFFICIAL_DATE_NAME,f722969a26b18dfe12256669ff35e8b19d14ae03de5715e0e6b148dd61955e50,OFFICIAL_EVIDENCE,NSE_9EF7F390DA4E,ACTIVE_DATE_MATCH,1
2019-09-27,EXCLUDE,Gateway Distriparks Ltd.,GATEWAYDISTRIPARKS,GDL,ind_prs28082019.pdf,https://niftyindices.com/Press_Release/ind_prs28082019.pdf,2019-08-28,OFFICIAL_DATE_NAME,f722969a26b18dfe12256669ff35e8b19d14ae03de5715e0e6b148dd61955e50,OFFICIAL_EVIDENCE,NSE_680430C14CBF,ACTIVE_DATE_MATCH,1
2019-09-27,EXCLUDE,Gruh Finance Ltd.,GRUHFINANCE,GRUH,ind_prs28082019.pdf,https://niftyindices.com/Press_Release/ind_prs28082019.pdf,2019-08-28,OFFICIAL_DATE_NAME,f722969a26b18dfe12256669ff35e8b19d14ae03de5715e0e6b148dd61955e50,OFFICIAL_EVIDENCE,NSE_E102D7DE4C2C,ACTIVE_DATE_MATCH,1
2019-09-27,EXCLUDE,GlaxoSmithkline Consumer Healthcare Ltd.,GLAXOSMITHKLINECONSUMERHEALTHCARE,GSKCONS,ind_prs28082019.pdf,https://niftyindices.com/Press_Release/ind_prs28082019.pdf,2019-08-28,OFFICIAL_DATE_NAME,f722969a26b18dfe12256669ff35e8b19d14ae03de5715e0e6b148dd61955e50,OFFICIAL_EVIDENCE,NSE_FED8B098DEA5,ACTIVE_DATE_MATCH,1
2019-09-27,EXCLUDE,Indoco Remedies Ltd.,INDOCOREMEDIES,INDOCO,ind_prs28082019.pdf,https://niftyindices.com/Press_Release/ind_prs28082019.pdf,2019-08-28,OFFICIAL_DATE_NAME,f722969a26b18dfe12256669ff35e8b19d14ae03de5715e0e6b148dd61955e50,OFFICIAL_EVIDENCE,NSE_1957FAB1366F,ACTIVE_DATE_MATCH,1
2019-09-27,EXCLUDE,Inox Wind Ltd.,INOXWIND,INOXWIND,ind_prs28082019.pdf,https://niftyindices.com/Press_Release/ind_prs28082019.pdf,2019-08-28,OFFICIAL_DATE_NAME,f722969a26b18dfe12256669ff35e8b19d14ae03de5715e0e6b148dd61955e50,OFFICIAL_EVIDENCE,NSE_98B5AF24A80B,ACTIVE_DATE_MATCH,1
2019-09-27,EXCLUDE,Jaiprakash Associates Ltd.,JAIPRAKASHASSOCIATES,JPASSOCIAT,ind_prs28082019.pdf,https://niftyindices.com/Press_Release/ind_prs28082019.pdf,2019-08-28,OFFICIAL_DATE_NAME,f722969a26b18dfe12256669ff35e8b19d14ae03de5715e0e6b148dd61955e50,OFFICIAL_EVIDENCE,NSE_2DA8AA828257,ACTIVE_DATE_MATCH,1
2019-09-27,EXCLUDE,KIOCL Ltd.,KIOCL,KIOCL,ind_prs28082019.pdf,https://niftyindices.com/Press_Release/ind_prs28082019.pdf,2019-08-28,OFFICIAL_DATE_NAME,f722969a26b18dfe12256669ff35e8b19d14ae03de5715e0e6b148dd61955e50,OFFICIAL_EVIDENCE,NSE_AE4994F757D1,ACTIVE_DATE_MATCH,1
2019-09-27,EXCLUDE,Reliance Communications Ltd.,RELIANCECOMMUNICATIONS,RCOM,ind_prs28082019.pdf,https://niftyindices.com/Press_Release/ind_prs28082019.pdf,2019-08-28,OFFICIAL_DATE_NAME,f722969a26b18dfe12256669ff35e8b19d14ae03de5715e0e6b148dd61955e50,OFFICIAL_EVIDENCE,NSE_A935B8CC4714,ACTIVE_DATE_MATCH,1
2019-09-27,EXCLUDE,Reliance Home Finance Ltd.,RELIANCEHOMEFINANCE,RHFL,ind_prs28082019.pdf,https://niftyindices.com/Press_Release/ind_prs28082019.pdf,2019-08-28,OFFICIAL_DATE_NAME,f722969a26b18dfe12256669ff35e8b19d14ae03de5715e0e6b148dd61955e50,OFFICIAL_EVIDENCE,NSE_42389EFA283C,ACTIVE_DATE_MATCH,1
2019-09-27,EXCLUDE,Ramkrishna Forgings Ltd.,RAMKRISHNAFORGINGS,RKFORGE,ind_prs28082019.pdf,https://niftyindices.com/Press_Release/ind_prs28082019.pdf,2019-08-28,OFFICIAL_DATE_NAME,f722969a26b18dfe12256669ff35e8b19d14ae03de5715e0e6b148dd61955e50,OFFICIAL_EVIDENCE,NSE_8D41A8008DA2,ACTIVE_DATE_MATCH,1
2019-09-27,EXCLUDE,Rupa & Company Ltd.,RUPAAND,RUPA,ind_prs28082019.pdf,https://niftyindices.com/Press_Release/ind_prs28082019.pdf,2019-08-28,OFFICIAL_DATE_NAME,f722969a26b18dfe12256669ff35e8b19d14ae03de5715e0e6b148dd61955e50,OFFICIAL_EVIDENCE,NSE_9B4AC7DEFB0B,ACTIVE_DATE_MATCH,1
2019-09-27,EXCLUDE,Shipping Corporation of India Ltd.,SHIPPINGCORPORATIONOFINDIA,SCI,ind_prs28082019.pdf,https://niftyindices.com/Press_Release/ind_prs28082019.pdf,2019-08-28,OFFICIAL_DATE_NAME,f722969a26b18dfe12256669ff35e8b19d14ae03de5715e0e6b148dd61955e50,OFFICIAL_EVIDENCE,NSE_FECEC1EAA0A3,ACTIVE_DATE_MATCH,1
2019-09-27,EXCLUDE,Shankara Building Products Ltd.,SHANKARABUILDINGPRODUCTS,SHANKARA,ind_prs28082019.pdf,https://niftyindices.com/Press_Release/ind_prs28082019.pdf,2019-08-28,OFFICIAL_DATE_NAME,f722969a26b18dfe12256669ff35e8b19d14ae03de5715e0e6b148dd61955e50,OFFICIAL_EVIDENCE,NSE_6246AD197B0E,ACTIVE_DATE_MATCH,1
2019-09-27,EXCLUDE,Sharda Cropchem Ltd.,SHARDACROPCHEM,SHARDACROP,ind_prs28082019.pdf,https://niftyindices.com/Press_Release/ind_prs28082019.pdf,2019-08-28,OFFICIAL_DATE_NAME,f722969a26b18dfe12256669ff35e8b19d14ae03de5715e0e6b148dd61955e50,OFFICIAL_EVIDENCE,NSE_AE697C87E3F3,ACTIVE_DATE_MATCH,1
2019-09-27,EXCLUDE,Sintex Plastics Technology Ltd.,SINTEXPLASTICSTECHNOLOGY,SPTL,ind_prs28082019.pdf,https://niftyindices.com/Press_Release/ind_prs28082019.pdf,2019-08-28,OFFICIAL_DATE_NAME,f722969a26b18dfe12256669ff35e8b19d14ae03de5715e0e6b148dd61955e50,OFFICIAL_EVIDENCE,NSE_C07DB11DA201,ACTIVE_DATE_MATCH,1
2019-09-27,EXCLUDE,SREI Infrastructure Finance Ltd.,SREIINFRASTRUCTUREFINANCE,SREINFRA,ind_prs28082019.pdf,https://niftyindices.com/Press_Release/ind_prs28082019.pdf,2019-08-28,OFFICIAL_DATE_NAME,f722969a26b18dfe12256669ff35e8b19d14ae03de5715e0e6b148dd61955e50,OFFICIAL_EVIDENCE,NSE_CEF9C41C45DE,ACTIVE_DATE_MATCH,1
2019-09-27,EXCLUDE,Tata Coffee Ltd.,TATACOFFEE,TATACOFFEE,ind_prs28082019.pdf,https://niftyindices.com/Press_Release/ind_prs28082019.pdf,2019-08-28,OFFICIAL_DATE_NAME,f722969a26b18dfe12256669ff35e8b19d14ae03de5715e0e6b148dd61955e50,OFFICIAL_EVIDENCE,NSE_13CDBE86B707,ACTIVE_DATE_MATCH,1
2019-09-27,EXCLUDE,Thomas Cook (India) Ltd.,THOMASCOOKINDIA,THOMASCOOK,ind_prs17092019.pdf,https://niftyindices.com/Press_Release/ind_prs17092019.pdf,2019-09-17,OFFICIAL_DATE_NAME,4222523b5b00120b597ff1ef2045274f1fcd93df9525660f669180394c376aeb,OFFICIAL_EVIDENCE,NSE_AA256B638694,ACTIVE_DATE_MATCH,1
2019-09-27,EXCLUDE,Tamil Nadu Newsprint & Papers Ltd.,TAMILNADUNEWSPRINTANDPAPERS,TNPL,ind_prs28082019.pdf,https://niftyindices.com/Press_Release/ind_prs28082019.pdf,2019-08-28,OFFICIAL_DATE_NAME,f722969a26b18dfe12256669ff35e8b19d14ae03de5715e0e6b148dd61955e50,OFFICIAL_EVIDENCE,NSE_E7F329485D3D,ACTIVE_DATE_MATCH,1
2019-09-27,EXCLUDE,Triveni Turbine Ltd.,TRIVENITURBINE,TRITURBINE,ind_prs28082019.pdf,https://niftyindices.com/Press_Release/ind_prs28082019.pdf,2019-08-28,OFFICIAL_DATE_NAME,f722969a26b18dfe12256669ff35e8b19d14ae03de5715e0e6b148dd61955e50,OFFICIAL_EVIDENCE,NSE_9CD0408E0E4C,ACTIVE_DATE_MATCH,1
2019-12-26,INCLUDE,Affle (India) Ltd.,AFFLEINDIA,AFFLE,ind_prs18122019.pdf,https://niftyindices.com/Press_Release/ind_prs18122019.pdf,2019-12-18,OFFICIAL_DATE_NAME,1a82bef95e25f8b6760dc06b4d6d443416193aaa22322627edb7f33784a0fc0e,OFFICIAL_EVIDENCE,NSE_03BC3A91CD0A,ACTIVE_DATE_MATCH,1
2019-12-26,INCLUDE,Mishra Dhatu Nigam Ltd.,MISHRADHATUNIGAM,MIDHANI,ind_prs18122019.pdf,https://niftyindices.com/Press_Release/ind_prs18122019.pdf,2019-12-18,OFFICIAL_DATE_NAME,1a82bef95e25f8b6760dc06b4d6d443416193aaa22322627edb7f33784a0fc0e,OFFICIAL_EVIDENCE,NSE_6ADCE5AAF1F7,ACTIVE_DATE_MATCH,1
2019-12-26,INCLUDE,Responsive Industries Ltd.,RESPONSIVEINDUSTRIES,RESPONIND,ind_prs18122019.pdf,https://niftyindices.com/Press_Release/ind_prs18122019.pdf,2019-12-18,OFFICIAL_DATE_NAME,1a82bef95e25f8b6760dc06b4d6d443416193aaa22322627edb7f33784a0fc0e,OFFICIAL_EVIDENCE,NSE_D47F04514F84,ACTIVE_DATE_MATCH,1
2019-12-26,EXCLUDE,CG Power and Industrial Solutions Ltd.,CGPOWERANDINDUSTRIALSOLUTIONS,CGPOWER,ind_prs18122019.pdf,https://niftyindices.com/Press_Release/ind_prs18122019.pdf,2019-12-18,OFFICIAL_DATE_NAME,1a82bef95e25f8b6760dc06b4d6d443416193aaa22322627edb7f33784a0fc0e,OFFICIAL_EVIDENCE,NSE_812A4A064978,ACTIVE_DATE_MATCH,1
2019-12-26,EXCLUDE,Coffee Day Enterprises Ltd.,COFFEEDAYENTERPRISES,COFFEEDAY,ind_prs18122019.pdf,https://niftyindices.com/Press_Release/ind_prs18122019.pdf,2019-12-18,OFFICIAL_DATE_NAME,1a82bef95e25f8b6760dc06b4d6d443416193aaa22322627edb7f33784a0fc0e,OFFICIAL_EVIDENCE,NSE_EBB02BC0F381,ACTIVE_DATE_MATCH,1
2019-12-26,EXCLUDE,Cox & Kings Ltd.,COXANDKINGS,COX&KINGS,ind_prs18122019.pdf,https://niftyindices.com/Press_Release/ind_prs18122019.pdf,2019-12-18,OFFICIAL_DATE_NAME,1a82bef95e25f8b6760dc06b4d6d443416193aaa22322627edb7f33784a0fc0e,OFFICIAL_EVIDENCE,NSE_F10717A1FD65,ACTIVE_DATE_MATCH,1
2019-12-27,INCLUDE,Aarti Industries Ltd.,AARTIINDUSTRIES,AARTIIND,ind_prs16122019.pdf,https://niftyindices.com/Press_Release/ind_prs16122019.pdf,2019-12-16,OFFICIAL_DATE_NAME,2525ecd8a9d22322b4f6179c67ef96c72fed484145f3ebd217159b0006af82a5,OFFICIAL_EVIDENCE,NSE_81E1BA306A07,ACTIVE_DATE_MATCH,1
2019-12-27,INCLUDE,Asahi India Glass Ltd.,ASAHIINDIAGLASS,ASAHIINDIA,ind_prs16122019.pdf,https://niftyindices.com/Press_Release/ind_prs16122019.pdf,2019-12-16,OFFICIAL_DATE_NAME,2525ecd8a9d22322b4f6179c67ef96c72fed484145f3ebd217159b0006af82a5,OFFICIAL_EVIDENCE,NSE_502982CDBAAD,ACTIVE_DATE_MATCH,1
2019-12-27,INCLUDE,Indiamart Intermesh Ltd.,INDIAMARTINTERMESH,INDIAMART,ind_prs16122019.pdf,https://niftyindices.com/Press_Release/ind_prs16122019.pdf,2019-12-16,OFFICIAL_DATE_NAME,2525ecd8a9d22322b4f6179c67ef96c72fed484145f3ebd217159b0006af82a5,OFFICIAL_EVIDENCE,NSE_EF6D6D99A518,ACTIVE_DATE_MATCH,1
2019-12-27,INCLUDE,Kennametal India Ltd.,KENNAMETALINDIA,KENNAMET,ind_prs19122019.pdf,https://niftyindices.com/Press_Release/ind_prs19122019.pdf,2019-12-19,OFFICIAL_DATE_NAME,2ecb9cf3b60755cf782070bf91726758760ffeaaa6668f5fedb50a8019665de7,OFFICIAL_EVIDENCE,NSE_A8C822E94F3E,ACTIVE_DATE_MATCH,1
2019-12-27,INCLUDE,Spandana Sphoorty Financial Ltd.,SPANDANASPHOORTYFINANCIAL,SPANDANA,ind_prs16122019.pdf,https://niftyindices.com/Press_Release/ind_prs16122019.pdf,2019-12-16,OFFICIAL_DATE_NAME,2525ecd8a9d22322b4f6179c67ef96c72fed484145f3ebd217159b0006af82a5,OFFICIAL_EVIDENCE,NSE_EFA321C47A4C,ACTIVE_DATE_MATCH,1
2019-12-27,INCLUDE,Spicejet Ltd.,SPICEJET,SPICEJET,ind_prs16122019.pdf,https://niftyindices.com/Press_Release/ind_prs16122019.pdf,2019-12-16,OFFICIAL_DATE_NAME,2525ecd8a9d22322b4f6179c67ef96c72fed484145f3ebd217159b0006af82a5,OFFICIAL_EVIDENCE,NSE_87489588C163,ACTIVE_DATE_MATCH,1
2019-12-27,INCLUDE,Tasty Bite Eatables Ltd.,TASTYBITEEATABLES,TASTYBITE,ind_prs19122019.pdf,https://niftyindices.com/Press_Release/ind_prs19122019.pdf,2019-12-19,OFFICIAL_DATE_NAME,2ecb9cf3b60755cf782070bf91726758760ffeaaa6668f5fedb50a8019665de7,OFFICIAL_EVIDENCE,NSE_955CB9307A3C,ACTIVE_DATE_MATCH,1
2019-12-27,INCLUDE,Triveni Turbine Ltd.,TRIVENITURBINE,TRITURBINE,ind_prs16122019.pdf,https://niftyindices.com/Press_Release/ind_prs16122019.pdf,2019-12-16,OFFICIAL_DATE_NAME,2525ecd8a9d22322b4f6179c67ef96c72fed484145f3ebd217159b0006af82a5,OFFICIAL_EVIDENCE,NSE_9CD0408E0E4C,ACTIVE_DATE_MATCH,1
2019-12-27,INCLUDE,Westlife Development Ltd.,WESTLIFEDEVELOPMENT,WESTLIFE,ind_prs16122019.pdf,https://niftyindices.com/Press_Release/ind_prs16122019.pdf,2019-12-16,OFFICIAL_DATE_NAME,2525ecd8a9d22322b4f6179c67ef96c72fed484145f3ebd217159b0006af82a5,OFFICIAL_EVIDENCE,NSE_E8D23E6BAAFB,ACTIVE_DATE_MATCH,1
2019-12-27,EXCLUDE,Allahabad Bank,ALLAHABADBANK,ALBK,ind_prs16122019.pdf,https://niftyindices.com/Press_Release/ind_prs16122019.pdf,2019-12-16,OFFICIAL_DATE_NAME,2525ecd8a9d22322b4f6179c67ef96c72fed484145f3ebd217159b0006af82a5,OFFICIAL_EVIDENCE,NSE_5115B10A6732,ACTIVE_DATE_MATCH,1
2019-12-27,EXCLUDE,Andhra Bank,ANDHRABANK,ANDHRABANK,ind_prs16122019.pdf,https://niftyindices.com/Press_Release/ind_prs16122019.pdf,2019-12-16,OFFICIAL_DATE_NAME,2525ecd8a9d22322b4f6179c67ef96c72fed484145f3ebd217159b0006af82a5,OFFICIAL_EVIDENCE,NSE_684233BD76FF,ACTIVE_DATE_MATCH,1
2019-12-27,EXCLUDE,Corporation Bank,CORPORATIONBANK,CORPBANK,ind_prs16122019.pdf,https://niftyindices.com/Press_Release/ind_prs16122019.pdf,2019-12-16,OFFICIAL_DATE_NAME,2525ecd8a9d22322b4f6179c67ef96c72fed484145f3ebd217159b0006af82a5,OFFICIAL_EVIDENCE,NSE_4BB20422BB5F,ACTIVE_DATE_MATCH,1
2019-12-27,EXCLUDE,Den Networks Ltd.,DENNETWORKS,DEN,ind_prs19122019.pdf,https://niftyindices.com/Press_Release/ind_prs19122019.pdf,2019-12-19,OFFICIAL_DATE_NAME,2ecb9cf3b60755cf782070bf91726758760ffeaaa6668f5fedb50a8019665de7,OFFICIAL_EVIDENCE,NSE_AA8359966309,ACTIVE_DATE_MATCH,1
2019-12-27,EXCLUDE,Hathway Cable & Datacom Ltd.,HATHWAYCABLEANDDATACOM,HATHWAY,ind_prs19122019.pdf,https://niftyindices.com/Press_Release/ind_prs19122019.pdf,2019-12-19,OFFICIAL_DATE_NAME,2ecb9cf3b60755cf782070bf91726758760ffeaaa6668f5fedb50a8019665de7,OFFICIAL_EVIDENCE,NSE_BC781E1A1FE3,ACTIVE_DATE_MATCH,1
2019-12-27,EXCLUDE,Max India Ltd.,MAXINDIA,MAXINDIA,ind_prs16122019.pdf,https://niftyindices.com/Press_Release/ind_prs16122019.pdf,2019-12-16,OFFICIAL_DATE_NAME,2525ecd8a9d22322b4f6179c67ef96c72fed484145f3ebd217159b0006af82a5,OFFICIAL_EVIDENCE,NSE_1469848A6218,ACTIVE_DATE_MATCH,1
2019-12-27,EXCLUDE,Oriental Bank of Commerce,ORIENTALBANKOFCOMMERCE,ORIENTBANK,ind_prs16122019.pdf,https://niftyindices.com/Press_Release/ind_prs16122019.pdf,2019-12-16,OFFICIAL_DATE_NAME,2525ecd8a9d22322b4f6179c67ef96c72fed484145f3ebd217159b0006af82a5,OFFICIAL_EVIDENCE,NSE_694F8FC81FFD,ACTIVE_DATE_MATCH,1
2019-12-27,EXCLUDE,Syndicate Bank,SYNDICATEBANK,SYNDIBANK,ind_prs16122019.pdf,https://niftyindices.com/Press_Release/ind_prs16122019.pdf,2019-12-16,OFFICIAL_DATE_NAME,2525ecd8a9d22322b4f6179c67ef96c72fed484145f3ebd217159b0006af82a5,OFFICIAL_EVIDENCE,NSE_74623765623B,ACTIVE_DATE_MATCH,1
2019-12-27,EXCLUDE,Tata Chemicals Ltd.,TATACHEMICALS,TATACHEM,ind_prs16122019.pdf,https://niftyindices.com/Press_Release/ind_prs16122019.pdf,2019-12-16,OFFICIAL_DATE_NAME,2525ecd8a9d22322b4f6179c67ef96c72fed484145f3ebd217159b0006af82a5,OFFICIAL_EVIDENCE,NSE_806E57D11FFC,ACTIVE_DATE_MATCH,1
2020-01-16,INCLUDE,Tata Steel BSL Ltd.,TATASTEELBSL,TATASTLBSL,ind_prs09012020.pdf,https://niftyindices.com/Press_Release/ind_prs09012020.pdf,2020-01-09,OFFICIAL_DATE_NAME,41b2bbb3dad1498a03965d8d2735db39afe31de24119c5cdfc2cb5fb41b6e8be,OFFICIAL_EVIDENCE,NSE_8212B1829EDC,ACTIVE_DATE_MATCH,1
2020-01-16,EXCLUDE,Suven Life Sciences Ltd.,SUVENLIFESCIENCES,SUVEN,ind_prs09012020.pdf,https://niftyindices.com/Press_Release/ind_prs09012020.pdf,2020-01-09,OFFICIAL_DATE_NAME,41b2bbb3dad1498a03965d8d2735db39afe31de24119c5cdfc2cb5fb41b6e8be,OFFICIAL_EVIDENCE,NSE_3BC23EE3CDD9,ACTIVE_DATE_MATCH,1
2020-03-19,INCLUDE,Sterling And Wilson Solar Ltd.,STERLINGANDWILSONSOLAR,SWSOLAR,ind_prs19032020.pdf,https://niftyindices.com/Press_Release/ind_prs19032020.pdf,2020-03-19,MANUALLY_VERIFIED_OFFICIAL_NOTICE,584a66214db7f8728cdb570bb280e344b8fe90871c54a7dc2c95da182416d031,MANUALLY_VERIFIED,NSE_D5D3F5346E0E,ACTIVE_DATE_MATCH,1
2020-03-19,EXCLUDE,Yes Bank Ltd.,YESBANK,YESBANK,ind_prs19032020.pdf,https://niftyindices.com/Press_Release/ind_prs19032020.pdf,2020-03-19,MANUALLY_VERIFIED_OFFICIAL_NOTICE,584a66214db7f8728cdb570bb280e344b8fe90871c54a7dc2c95da182416d031,MANUALLY_VERIFIED,NSE_BF514F1F2D5F,ACTIVE_DATE_MATCH,1
2020-06-26,INCLUDE,ABB India Ltd.,ABBINDIA,ABB,ind_prs10062020.pdf,https://niftyindices.com/Press_Release/ind_prs10062020.pdf,2020-06-10,OFFICIAL_DATE_NAME,ea83ae30ff9e8d80892e143ebd8f16fedd04c974e77d673539bb663a9f9de49e,OFFICIAL_EVIDENCE,NSE_FE37750EBD83,ACTIVE_DATE_MATCH,1
2020-06-26,INCLUDE,Alkyl Amines Chemicals Ltd.,ALKYLAMINESCHEMICALS,ALKYLAMINE,ind_prs10062020.pdf,https://niftyindices.com/Press_Release/ind_prs10062020.pdf,2020-06-10,OFFICIAL_DATE_NAME,ea83ae30ff9e8d80892e143ebd8f16fedd04c974e77d673539bb663a9f9de49e,OFFICIAL_EVIDENCE,NSE_91CA1F1DFE78,ACTIVE_DATE_MATCH,1
2020-06-26,INCLUDE,Bharat Rasayan Ltd.,BHARATRASAYAN,BHARATRAS,ind_prs10062020.pdf,https://niftyindices.com/Press_Release/ind_prs10062020.pdf,2020-06-10,OFFICIAL_DATE_NAME,ea83ae30ff9e8d80892e143ebd8f16fedd04c974e77d673539bb663a9f9de49e,OFFICIAL_EVIDENCE,NSE_351109872146,ACTIVE_DATE_MATCH,1
2020-06-26,INCLUDE,Century Textile & Industries Ltd.,CENTURYTEXTILEANDINDUSTRIES,CENTURYTEX,ind_prs10062020.pdf,https://niftyindices.com/Press_Release/ind_prs10062020.pdf,2020-06-10,OFFICIAL_DATE_NAME,ea83ae30ff9e8d80892e143ebd8f16fedd04c974e77d673539bb663a9f9de49e,OFFICIAL_EVIDENCE,NSE_F0AC6C0DF830,ACTIVE_DATE_MATCH,1
2020-06-26,INCLUDE,CSB Bank Ltd.,CSBBANK,CSBBANK,ind_prs10062020.pdf,https://niftyindices.com/Press_Release/ind_prs10062020.pdf,2020-06-10,OFFICIAL_DATE_NAME,ea83ae30ff9e8d80892e143ebd8f16fedd04c974e77d673539bb663a9f9de49e,OFFICIAL_EVIDENCE,NSE_46F638E1FDD9,ACTIVE_DATE_MATCH,1
2020-06-26,INCLUDE,Dhanuka Agritech Ltd.,DHANUKAAGRITECH,DHANUKA,ind_prs10062020.pdf,https://niftyindices.com/Press_Release/ind_prs10062020.pdf,2020-06-10,OFFICIAL_DATE_NAME,ea83ae30ff9e8d80892e143ebd8f16fedd04c974e77d673539bb663a9f9de49e,OFFICIAL_EVIDENCE,NSE_9891A0739E64,ACTIVE_DATE_MATCH,1
2020-06-26,INCLUDE,ESAB India Ltd.,ESABINDIA,ESABINDIA,ind_prs10062020.pdf,https://niftyindices.com/Press_Release/ind_prs10062020.pdf,2020-06-10,OFFICIAL_DATE_NAME,ea83ae30ff9e8d80892e143ebd8f16fedd04c974e77d673539bb663a9f9de49e,OFFICIAL_EVIDENCE,NSE_C0628B35007C,ACTIVE_DATE_MATCH,1
2020-06-26,INCLUDE,Gujarat Fluorochemicals Ltd.,GUJARATFLUOROCHEMICALS,FLUOROCHEM,ind_prs10062020.pdf,https://niftyindices.com/Press_Release/ind_prs10062020.pdf,2020-06-10,OFFICIAL_DATE_NAME,ea83ae30ff9e8d80892e143ebd8f16fedd04c974e77d673539bb663a9f9de49e,OFFICIAL_EVIDENCE,NSE_CD8EB44B80FD,ACTIVE_DATE_MATCH,1
2020-06-26,INCLUDE,GMM Pfaudler Ltd.,GMMPFAUDLER,GMMPFAUDLR,ind_prs10062020.pdf,https://niftyindices.com/Press_Release/ind_prs10062020.pdf,2020-06-10,OFFICIAL_DATE_NAME,ea83ae30ff9e8d80892e143ebd8f16fedd04c974e77d673539bb663a9f9de49e,OFFICIAL_EVIDENCE,NSE_49538A6C1520,ACTIVE_DATE_MATCH,1
2020-06-26,INCLUDE,Garden Reach Shipbuilders & Engineers Ltd.,GARDENREACHSHIPBUILDERSANDENGINEERS,GRSE,ind_prs10062020.pdf,https://niftyindices.com/Press_Release/ind_prs10062020.pdf,2020-06-10,OFFICIAL_DATE_NAME,ea83ae30ff9e8d80892e143ebd8f16fedd04c974e77d673539bb663a9f9de49e,OFFICIAL_EVIDENCE,NSE_75554DD3FC15,ACTIVE_DATE_MATCH,1
2020-06-26,INCLUDE,Hathway Cable & Datacom Ltd.,HATHWAYCABLEANDDATACOM,HATHWAY,ind_prs10062020.pdf,https://niftyindices.com/Press_Release/ind_prs10062020.pdf,2020-06-10,OFFICIAL_DATE_NAME,ea83ae30ff9e8d80892e143ebd8f16fedd04c974e77d673539bb663a9f9de49e,OFFICIAL_EVIDENCE,NSE_BC781E1A1FE3,ACTIVE_DATE_MATCH,1
2020-06-26,INCLUDE,IIFL Wealth Management Ltd.,IIFLWEALTHMANAGEMENT,IIFLWAM,ind_prs10062020.pdf,https://niftyindices.com/Press_Release/ind_prs10062020.pdf,2020-06-10,OFFICIAL_DATE_NAME,ea83ae30ff9e8d80892e143ebd8f16fedd04c974e77d673539bb663a9f9de49e,OFFICIAL_EVIDENCE,NSE_D40F53D9B283,ACTIVE_DATE_MATCH,1
2020-06-26,INCLUDE,Indoco Remedies Ltd.,INDOCOREMEDIES,INDOCO,ind_prs10062020.pdf,https://niftyindices.com/Press_Release/ind_prs10062020.pdf,2020-06-10,OFFICIAL_DATE_NAME,ea83ae30ff9e8d80892e143ebd8f16fedd04c974e77d673539bb663a9f9de49e,OFFICIAL_EVIDENCE,NSE_1957FAB1366F,ACTIVE_DATE_MATCH,1
2020-06-26,INCLUDE,Ingersoll Rand (India) Ltd.,INGERSOLLRANDINDIA,INGERRAND,ind_prs10062020.pdf,https://niftyindices.com/Press_Release/ind_prs10062020.pdf,2020-06-10,OFFICIAL_DATE_NAME,ea83ae30ff9e8d80892e143ebd8f16fedd04c974e77d673539bb663a9f9de49e,OFFICIAL_EVIDENCE,NSE_B34554B04EA8,ACTIVE_DATE_MATCH,1
2020-06-26,INCLUDE,Indian Railway Catering And Tourism Corporation Ltd.,INDIANRAILWAYCATERINGANDTOURISMCORPORATION,IRCTC,ind_prs10062020.pdf,https://niftyindices.com/Press_Release/ind_prs10062020.pdf,2020-06-10,OFFICIAL_DATE_NAME,ea83ae30ff9e8d80892e143ebd8f16fedd04c974e77d673539bb663a9f9de49e,OFFICIAL_EVIDENCE,NSE_A06E3D43B46B,ACTIVE_DATE_MATCH,1
2020-06-26,INCLUDE,KSB Ltd.,KSB,KSB,ind_prs10062020.pdf,https://niftyindices.com/Press_Release/ind_prs10062020.pdf,2020-06-10,OFFICIAL_DATE_NAME,ea83ae30ff9e8d80892e143ebd8f16fedd04c974e77d673539bb663a9f9de49e,OFFICIAL_EVIDENCE,NSE_7ADB1BE970F4,ACTIVE_DATE_MATCH,1
2020-06-26,INCLUDE,La Opala RG Ltd.,LAOPALARG,LAOPALA,ind_prs10062020.pdf,https://niftyindices.com/Press_Release/ind_prs10062020.pdf,2020-06-10,OFFICIAL_DATE_NAME,ea83ae30ff9e8d80892e143ebd8f16fedd04c974e77d673539bb663a9f9de49e,OFFICIAL_EVIDENCE,NSE_5C11B50967B3,ACTIVE_DATE_MATCH,1
2020-06-26,INCLUDE,Poly Medicure Ltd.,POLYMEDICURE,POLYMED,ind_prs10062020.pdf,https://niftyindices.com/Press_Release/ind_prs10062020.pdf,2020-06-10,OFFICIAL_DATE_NAME,ea83ae30ff9e8d80892e143ebd8f16fedd04c974e77d673539bb663a9f9de49e,OFFICIAL_EVIDENCE,NSE_2D9667E60569,ACTIVE_DATE_MATCH,1
2020-06-26,INCLUDE,Schneider Electric Infrastructure Ltd.,SCHNEIDERELECTRICINFRASTRUCTURE,SCHNEIDER,ind_prs10062020.pdf,https://niftyindices.com/Press_Release/ind_prs10062020.pdf,2020-06-10,OFFICIAL_DATE_NAME,ea83ae30ff9e8d80892e143ebd8f16fedd04c974e77d673539bb663a9f9de49e,OFFICIAL_EVIDENCE,NSE_3CFB46E142F9,ACTIVE_DATE_MATCH,1
2020-06-26,INCLUDE,Shipping Corporation of India Ltd.,SHIPPINGCORPORATIONOFINDIA,SCI,ind_prs10062020.pdf,https://niftyindices.com/Press_Release/ind_prs10062020.pdf,2020-06-10,OFFICIAL_DATE_NAME,ea83ae30ff9e8d80892e143ebd8f16fedd04c974e77d673539bb663a9f9de49e,OFFICIAL_EVIDENCE,NSE_FECEC1EAA0A3,ACTIVE_DATE_MATCH,1
2020-06-26,INCLUDE,Sequent Scientific Ltd.,SEQUENTSCIENTIFIC,SEQUENT,ind_prs10062020.pdf,https://niftyindices.com/Press_Release/ind_prs10062020.pdf,2020-06-10,OFFICIAL_DATE_NAME,ea83ae30ff9e8d80892e143ebd8f16fedd04c974e77d673539bb663a9f9de49e,OFFICIAL_EVIDENCE,NSE_F7B46E5369C2,ACTIVE_DATE_MATCH,1
2020-06-26,INCLUDE,Sumitomo Chemical India Ltd.,SUMITOMOCHEMICALINDIA,SUMICHEM,ind_prs10062020.pdf,https://niftyindices.com/Press_Release/ind_prs10062020.pdf,2020-06-10,OFFICIAL_DATE_NAME,ea83ae30ff9e8d80892e143ebd8f16fedd04c974e77d673539bb663a9f9de49e,OFFICIAL_EVIDENCE,NSE_86A0724D9861,ACTIVE_DATE_MATCH,1
2020-06-26,INCLUDE,Tata Communications Ltd.,TATACOMMUNICATIONS,TATACOMM,ind_prs10062020.pdf,https://niftyindices.com/Press_Release/ind_prs10062020.pdf,2020-06-10,OFFICIAL_DATE_NAME,ea83ae30ff9e8d80892e143ebd8f16fedd04c974e77d673539bb663a9f9de49e,OFFICIAL_EVIDENCE,NSE_C941893EE311,ACTIVE_DATE_MATCH,1
2020-06-26,INCLUDE,Ujjivan Small Finance Bank Ltd.,UJJIVANSMALLFINANCEBANK,UJJIVANSFB,ind_prs10062020.pdf,https://niftyindices.com/Press_Release/ind_prs10062020.pdf,2020-06-10,OFFICIAL_DATE_NAME,ea83ae30ff9e8d80892e143ebd8f16fedd04c974e77d673539bb663a9f9de49e,OFFICIAL_EVIDENCE,NSE_702CAC2EC1DE,ACTIVE_DATE_MATCH,1
2020-06-26,INCLUDE,Vesuvius India Ltd.,VESUVIUSINDIA,VESUVIUS,ind_prs10062020.pdf,https://niftyindices.com/Press_Release/ind_prs10062020.pdf,2020-06-10,OFFICIAL_DATE_NAME,ea83ae30ff9e8d80892e143ebd8f16fedd04c974e77d673539bb663a9f9de49e,OFFICIAL_EVIDENCE,NSE_81E6A1C5A552,ACTIVE_DATE_MATCH,1
2020-06-26,EXCLUDE,Chalet Hotels Ltd.,CHALETHOTELS,CHALET,ind_prs10062020.pdf,https://niftyindices.com/Press_Release/ind_prs10062020.pdf,2020-06-10,OFFICIAL_DATE_NAME,ea83ae30ff9e8d80892e143ebd8f16fedd04c974e77d673539bb663a9f9de49e,OFFICIAL_EVIDENCE,NSE_C617F8AD6C46,ACTIVE_DATE_MATCH,1
2020-06-26,EXCLUDE,Dewan Housing Finance Corporation Ltd.,DEWANHOUSINGFINANCECORPORATION,DHFL,ind_prs10062020.pdf,https://niftyindices.com/Press_Release/ind_prs10062020.pdf,2020-06-10,OFFICIAL_DATE_NAME,ea83ae30ff9e8d80892e143ebd8f16fedd04c974e77d673539bb663a9f9de49e,OFFICIAL_EVIDENCE,NSE_77D3BA4F489C,ACTIVE_DATE_MATCH,1
2020-06-26,EXCLUDE,Future Lifestyle Fashions Ltd.,FUTURELIFESTYLEFASHIONS,FLFL,ind_prs10062020.pdf,https://niftyindices.com/Press_Release/ind_prs10062020.pdf,2020-06-10,OFFICIAL_DATE_NAME,ea83ae30ff9e8d80892e143ebd8f16fedd04c974e77d673539bb663a9f9de49e,OFFICIAL_EVIDENCE,NSE_3F39E4C95613,ACTIVE_DATE_MATCH,1
2020-06-26,EXCLUDE,Federal-Mogul Goetze (India) Ltd.,FEDERALMOGULGOETZEINDIA,FMGOETZE,ind_prs10062020.pdf,https://niftyindices.com/Press_Release/ind_prs10062020.pdf,2020-06-10,OFFICIAL_DATE_NAME,ea83ae30ff9e8d80892e143ebd8f16fedd04c974e77d673539bb663a9f9de49e,OFFICIAL_EVIDENCE,NSE_EFD7B6E7FD96,ACTIVE_DATE_MATCH,1
2020-06-26,EXCLUDE,Gayatri Projects Ltd.,GAYATRIPROJECTS,GAYAPROJ,ind_prs10062020.pdf,https://niftyindices.com/Press_Release/ind_prs10062020.pdf,2020-06-10,OFFICIAL_DATE_NAME,ea83ae30ff9e8d80892e143ebd8f16fedd04c974e77d673539bb663a9f9de49e,OFFICIAL_EVIDENCE,NSE_1EDC5AB6BDE5,ACTIVE_DATE_MATCH,1
2020-06-26,EXCLUDE,Indiabulls Integrated Services Ltd.,INDIABULLSINTEGRATEDSERVICES,IBULISL,ind_prs10062020.pdf,https://niftyindices.com/Press_Release/ind_prs10062020.pdf,2020-06-10,OFFICIAL_DATE_NAME,ea83ae30ff9e8d80892e143ebd8f16fedd04c974e77d673539bb663a9f9de49e,OFFICIAL_EVIDENCE,NSE_B585B7685364,ACTIVE_DATE_MATCH,1
2020-06-26,EXCLUDE,ITD Cementation India Ltd.,ITDCEMENTATIONINDIA,ITDCEM,ind_prs10062020.pdf,https://niftyindices.com/Press_Release/ind_prs10062020.pdf,2020-06-10,OFFICIAL_DATE_NAME,ea83ae30ff9e8d80892e143ebd8f16fedd04c974e77d673539bb663a9f9de49e,OFFICIAL_EVIDENCE,NSE_7F8DECDBEDC8,ACTIVE_DATE_MATCH,1
2020-06-26,EXCLUDE,Jain Irrigation Systems Ltd.,JAINIRRIGATIONSYSTEMS,JISLJALEQS,ind_prs10062020.pdf,https://niftyindices.com/Press_Release/ind_prs10062020.pdf,2020-06-10,OFFICIAL_DATE_NAME,ea83ae30ff9e8d80892e143ebd8f16fedd04c974e77d673539bb663a9f9de49e,OFFICIAL_EVIDENCE,NSE_784515CC1BE6,ACTIVE_DATE_MATCH,1
2020-06-26,EXCLUDE,Kennametal India Ltd.,KENNAMETALINDIA,KENNAMET,ind_prs10062020.pdf,https://niftyindices.com/Press_Release/ind_prs10062020.pdf,2020-06-10,OFFICIAL_DATE_NAME,ea83ae30ff9e8d80892e143ebd8f16fedd04c974e77d673539bb663a9f9de49e,OFFICIAL_EVIDENCE,NSE_A8C822E94F3E,ACTIVE_DATE_MATCH,1
2020-06-26,EXCLUDE,Kirloskar Oil Eng Ltd.,KIRLOSKAROILENG,KIRLOSENG,ind_prs10062020.pdf,https://niftyindices.com/Press_Release/ind_prs10062020.pdf,2020-06-10,OFFICIAL_DATE_NAME,ea83ae30ff9e8d80892e143ebd8f16fedd04c974e77d673539bb663a9f9de49e,OFFICIAL_EVIDENCE,NSE_9B9A5379FE9C,ACTIVE_DATE_MATCH,1
2020-06-26,EXCLUDE,Lakshmi Vilas Bank Ltd.,LAKSHMIVILASBANK,LAKSHVILAS,ind_prs10062020.pdf,https://niftyindices.com/Press_Release/ind_prs10062020.pdf,2020-06-10,OFFICIAL_DATE_NAME,ea83ae30ff9e8d80892e143ebd8f16fedd04c974e77d673539bb663a9f9de49e,OFFICIAL_EVIDENCE,NSE_0E88CB8DDD57,ACTIVE_DATE_MATCH,1
2020-06-26,EXCLUDE,Magma Fincorp Ltd.,MAGMAFINCORP,MAGMA,ind_prs10062020.pdf,https://niftyindices.com/Press_Release/ind_prs10062020.pdf,2020-06-10,OFFICIAL_DATE_NAME,ea83ae30ff9e8d80892e143ebd8f16fedd04c974e77d673539bb663a9f9de49e,OFFICIAL_EVIDENCE,NSE_5150BE098E03,ACTIVE_DATE_MATCH,1
2020-06-26,EXCLUDE,Network18 Media & Investments Ltd.,NETWORK18MEDIAANDINVESTMENTS,NETWORK18,ind_prs10062020.pdf,https://niftyindices.com/Press_Release/ind_prs10062020.pdf,2020-06-10,OFFICIAL_DATE_NAME,ea83ae30ff9e8d80892e143ebd8f16fedd04c974e77d673539bb663a9f9de49e,OFFICIAL_EVIDENCE,NSE_66717A9BCB34,ACTIVE_DATE_MATCH,1
2020-06-26,EXCLUDE,Parag Milk Foods Ltd.,PARAGMILKFOODS,PARAGMILK,ind_prs10062020.pdf,https://niftyindices.com/Press_Release/ind_prs10062020.pdf,2020-06-10,OFFICIAL_DATE_NAME,ea83ae30ff9e8d80892e143ebd8f16fedd04c974e77d673539bb663a9f9de49e,OFFICIAL_EVIDENCE,NSE_1E720E0D76DE,ACTIVE_DATE_MATCH,1
2020-06-26,EXCLUDE,PC Jeweller Ltd.,PCJEWELLER,PCJEWELLER,ind_prs10062020.pdf,https://niftyindices.com/Press_Release/ind_prs10062020.pdf,2020-06-10,OFFICIAL_DATE_NAME,ea83ae30ff9e8d80892e143ebd8f16fedd04c974e77d673539bb663a9f9de49e,OFFICIAL_EVIDENCE,NSE_F0FD06753A0C,ACTIVE_DATE_MATCH,1
2020-06-26,EXCLUDE,Reliance Capital Ltd.,RELIANCECAPITAL,RELCAPITAL,ind_prs10062020.pdf,https://niftyindices.com/Press_Release/ind_prs10062020.pdf,2020-06-10,OFFICIAL_DATE_NAME,ea83ae30ff9e8d80892e143ebd8f16fedd04c974e77d673539bb663a9f9de49e,OFFICIAL_EVIDENCE,NSE_2B12B6998928,ACTIVE_DATE_MATCH,1
2020-06-26,EXCLUDE,Reliance Infrastructure Ltd.,RELIANCEINFRASTRUCTURE,RELINFRA,ind_prs10062020.pdf,https://niftyindices.com/Press_Release/ind_prs10062020.pdf,2020-06-10,OFFICIAL_DATE_NAME,ea83ae30ff9e8d80892e143ebd8f16fedd04c974e77d673539bb663a9f9de49e,OFFICIAL_EVIDENCE,NSE_A8C2AF338260,ACTIVE_DATE_MATCH,1
2020-06-26,EXCLUDE,Responsive Industries Ltd.,RESPONSIVEINDUSTRIES,RESPONIND,ind_prs10062020.pdf,https://niftyindices.com/Press_Release/ind_prs10062020.pdf,2020-06-10,OFFICIAL_DATE_NAME,ea83ae30ff9e8d80892e143ebd8f16fedd04c974e77d673539bb663a9f9de49e,OFFICIAL_EVIDENCE,NSE_D47F04514F84,ACTIVE_DATE_MATCH,1
2020-06-26,EXCLUDE,Reliance Power Ltd.,RELIANCEPOWER,RPOWER,ind_prs10062020.pdf,https://niftyindices.com/Press_Release/ind_prs10062020.pdf,2020-06-10,OFFICIAL_DATE_NAME,ea83ae30ff9e8d80892e143ebd8f16fedd04c974e77d673539bb663a9f9de49e,OFFICIAL_EVIDENCE,NSE_DDAD0193F2D5,ACTIVE_DATE_MATCH,1
2020-06-26,EXCLUDE,Shilpa Medicare Ltd.,SHILPAMEDICARE,SHILPAMED,ind_prs10062020.pdf,https://niftyindices.com/Press_Release/ind_prs10062020.pdf,2020-06-10,OFFICIAL_DATE_NAME,ea83ae30ff9e8d80892e143ebd8f16fedd04c974e77d673539bb663a9f9de49e,OFFICIAL_EVIDENCE,NSE_66EF9E74F5E3,ACTIVE_DATE_MATCH,1
2020-06-26,EXCLUDE,S H Kelkar and Company Ltd.,SHKELKARAND,SHK,ind_prs10062020.pdf,https://niftyindices.com/Press_Release/ind_prs10062020.pdf,2020-06-10,OFFICIAL_DATE_NAME,ea83ae30ff9e8d80892e143ebd8f16fedd04c974e77d673539bb663a9f9de49e,OFFICIAL_EVIDENCE,NSE_F8512C975E62,ACTIVE_DATE_MATCH,1
2020-06-26,EXCLUDE,Sundaram Clayton Ltd.,SUNDARAMCLAYTON,SUNCLAYLTD,ind_prs10062020.pdf,https://niftyindices.com/Press_Release/ind_prs10062020.pdf,2020-06-10,OFFICIAL_DATE_NAME,ea83ae30ff9e8d80892e143ebd8f16fedd04c974e77d673539bb663a9f9de49e,OFFICIAL_EVIDENCE,NSE_72C836734F97,ACTIVE_DATE_MATCH,1
2020-06-26,EXCLUDE,Techno Electric & Engineering Company Ltd.,TECHNOELECTRICANDENGINEERING,TECHNOE,ind_prs10062020.pdf,https://niftyindices.com/Press_Release/ind_prs10062020.pdf,2020-06-10,OFFICIAL_DATE_NAME,ea83ae30ff9e8d80892e143ebd8f16fedd04c974e77d673539bb663a9f9de49e,OFFICIAL_EVIDENCE,NSE_C91869243FA4,ACTIVE_DATE_MATCH,1
2020-06-26,EXCLUDE,Triveni Turbine Ltd.,TRIVENITURBINE,TRITURBINE,ind_prs10062020.pdf,https://niftyindices.com/Press_Release/ind_prs10062020.pdf,2020-06-10,OFFICIAL_DATE_NAME,ea83ae30ff9e8d80892e143ebd8f16fedd04c974e77d673539bb663a9f9de49e,OFFICIAL_EVIDENCE,NSE_9CD0408E0E4C,ACTIVE_DATE_MATCH,1
2020-06-26,EXCLUDE,Va Tech Wabag Ltd.,VATECHWABAG,WABAG,ind_prs10062020.pdf,https://niftyindices.com/Press_Release/ind_prs10062020.pdf,2020-06-10,OFFICIAL_DATE_NAME,ea83ae30ff9e8d80892e143ebd8f16fedd04c974e77d673539bb663a9f9de49e,OFFICIAL_EVIDENCE,NSE_0636AF8D6821,ACTIVE_DATE_MATCH,1
2020-07-31,INCLUDE,SBI Cards and Payment Services Ltd.,SBICARDSANDPAYMENTSERVICES,SBICARD,ind_prs02072020_1.pdf,https://niftyindices.com/Press_Release/ind_prs02072020_1.pdf,2020-07-02,OFFICIAL_DATE_NAME,a1941f2afac0e2d9608dbf96607ed0f3101f7347c105c2b96068717a563f1218,OFFICIAL_EVIDENCE,NSE_00ABAEDCEC72,ACTIVE_DATE_MATCH,1
2020-07-31,EXCLUDE,Vedanta Ltd.,VEDANTA,VEDL,ind_prs02072020_1.pdf,https://niftyindices.com/Press_Release/ind_prs02072020_1.pdf,2020-07-02,OFFICIAL_DATE_NAME,a1941f2afac0e2d9608dbf96607ed0f3101f7347c105c2b96068717a563f1218,OFFICIAL_EVIDENCE,NSE_4F03492E4C4E,ACTIVE_DATE_MATCH,1
2020-09-14,INCLUDE,JTEKT India Ltd.,JTEKTINDIA,JTEKTINDIA,ind_prs07092020.pdf,https://niftyindices.com/Press_Release/ind_prs07092020.pdf,2020-09-07,OFFICIAL_DATE_NAME,b44c4dcfe4b8fbfee048d2f524e316dcf23f718e2e95895e3adeb2efc439ea67,OFFICIAL_EVIDENCE,NSE_D00C1130DAE7,ACTIVE_DATE_MATCH,1
2020-09-14,EXCLUDE,Asahi India Glass Ltd.,ASAHIINDIAGLASS,ASAHIINDIA,ind_prs07092020.pdf,https://niftyindices.com/Press_Release/ind_prs07092020.pdf,2020-09-07,OFFICIAL_DATE_NAME,b44c4dcfe4b8fbfee048d2f524e316dcf23f718e2e95895e3adeb2efc439ea67,OFFICIAL_EVIDENCE,NSE_502982CDBAAD,ACTIVE_DATE_MATCH,1
2020-09-25,INCLUDE,Aarti Drugs Ltd.,AARTIDRUGS,AARTIDRUGS,ind_prs20082020.pdf,https://niftyindices.com/Press_Release/ind_prs20082020.pdf,2020-08-20,OFFICIAL_NOTICE,46c98f2c6cc53f925bed74bface526afc752a39706828836be23ab38d1fa898c,OFFICIAL_EVIDENCE,NSE_6B14B0471978,ACTIVE_DATE_MATCH,1
2020-09-25,INCLUDE,Adani Enterprises Ltd.,ADANIENTERPRISES,ADANIENT,ind_prs20082020.pdf,https://niftyindices.com/Press_Release/ind_prs20082020.pdf,2020-08-20,OFFICIAL_NOTICE,46c98f2c6cc53f925bed74bface526afc752a39706828836be23ab38d1fa898c,OFFICIAL_EVIDENCE,NSE_42CD50DCCBD6,ACTIVE_DATE_MATCH,1
2020-09-25,INCLUDE,Alembic Ltd.,ALEMBIC,ALEMBICLTD,ind_prs20082020.pdf,https://niftyindices.com/Press_Release/ind_prs20082020.pdf,2020-08-20,OFFICIAL_NOTICE,46c98f2c6cc53f925bed74bface526afc752a39706828836be23ab38d1fa898c,OFFICIAL_EVIDENCE,NSE_C9C5A501D2C2,ACTIVE_DATE_MATCH,1
2020-09-25,INCLUDE,Alok Industries Ltd.,ALOKINDUSTRIES,ALOKINDS,ind_prs20082020.pdf,https://niftyindices.com/Press_Release/ind_prs20082020.pdf,2020-08-20,OFFICIAL_NOTICE,46c98f2c6cc53f925bed74bface526afc752a39706828836be23ab38d1fa898c,OFFICIAL_EVIDENCE,NSE_2AC56D269FBF,ACTIVE_DATE_MATCH,1
2020-09-25,INCLUDE,Chalet Hotels Ltd.,CHALETHOTELS,CHALET,ind_prs20082020.pdf,https://niftyindices.com/Press_Release/ind_prs20082020.pdf,2020-08-20,OFFICIAL_NOTICE,46c98f2c6cc53f925bed74bface526afc752a39706828836be23ab38d1fa898c,OFFICIAL_EVIDENCE,NSE_C617F8AD6C46,ACTIVE_DATE_MATCH,1
2020-09-25,INCLUDE,Gujarat Ambuja Exports Ltd.,GUJARATAMBUJAEXPORTS,GAEL,ind_prs20082020.pdf,https://niftyindices.com/Press_Release/ind_prs20082020.pdf,2020-08-20,OFFICIAL_NOTICE,46c98f2c6cc53f925bed74bface526afc752a39706828836be23ab38d1fa898c,OFFICIAL_EVIDENCE,NSE_C2B697FEC9E7,ACTIVE_DATE_MATCH,1
2020-09-25,INCLUDE,IOL Chem and Pharma Ltd.,IOLCHEMANDPHARMA,IOLCP,ind_prs20082020.pdf,https://niftyindices.com/Press_Release/ind_prs20082020.pdf,2020-08-20,OFFICIAL_NOTICE,46c98f2c6cc53f925bed74bface526afc752a39706828836be23ab38d1fa898c,OFFICIAL_EVIDENCE,NSE_9CB97949D5FC,ACTIVE_DATE_MATCH,1
2020-09-25,INCLUDE,Navneet Education Ltd.,NAVNEETEDUCATION,NAVNETEDUL,ind_prs20082020.pdf,https://niftyindices.com/Press_Release/ind_prs20082020.pdf,2020-08-20,OFFICIAL_NOTICE,46c98f2c6cc53f925bed74bface526afc752a39706828836be23ab38d1fa898c,OFFICIAL_EVIDENCE,NSE_851A827BCF83,ACTIVE_DATE_MATCH,1
2020-09-25,INCLUDE,NOCIL Ltd.,NOCIL,NOCIL,ind_prs07092020.pdf,https://niftyindices.com/Press_Release/ind_prs07092020.pdf,2020-09-07,MANUALLY_VERIFIED_OFFICIAL_NOTICE,b44c4dcfe4b8fbfee048d2f524e316dcf23f718e2e95895e3adeb2efc439ea67,MANUALLY_VERIFIED,NSE_B02D9BEB0D0A,ACTIVE_DATE_MATCH,1
2020-09-25,INCLUDE,Huhtamaki PPL Ltd.,HUHTAMAKIPPL,PAPERPROD,ind_prs20082020.pdf,https://niftyindices.com/Press_Release/ind_prs20082020.pdf,2020-08-20,OFFICIAL_NOTICE,46c98f2c6cc53f925bed74bface526afc752a39706828836be23ab38d1fa898c,OFFICIAL_EVIDENCE,NSE_F210221D2F17,ACTIVE_DATE_MATCH,1
2020-09-25,INCLUDE,Polyplex Corporation Ltd.,POLYPLEXCORPORATION,POLYPLEX,ind_prs20082020.pdf,https://niftyindices.com/Press_Release/ind_prs20082020.pdf,2020-08-20,OFFICIAL_NOTICE,46c98f2c6cc53f925bed74bface526afc752a39706828836be23ab38d1fa898c,OFFICIAL_EVIDENCE,NSE_5148BFCB96FF,ACTIVE_DATE_MATCH,1
2020-09-25,INCLUDE,ABB Power Products and Systems India Ltd.,ABBPOWERPRODUCTSANDSYSTEMSINDIA,POWERINDIA,ind_prs20082020.pdf,https://niftyindices.com/Press_Release/ind_prs20082020.pdf,2020-08-20,OFFICIAL_NOTICE,46c98f2c6cc53f925bed74bface526afc752a39706828836be23ab38d1fa898c,OFFICIAL_EVIDENCE,NSE_71C08F9DEEE2,ACTIVE_DATE_MATCH,1
2020-09-25,INCLUDE,PSP Projects Ltd.,PSPPROJECTS,PSPPROJECT,ind_prs07092020.pdf,https://niftyindices.com/Press_Release/ind_prs07092020.pdf,2020-09-07,MANUALLY_VERIFIED_OFFICIAL_NOTICE,b44c4dcfe4b8fbfee048d2f524e316dcf23f718e2e95895e3adeb2efc439ea67,MANUALLY_VERIFIED,NSE_6868DC7450A6,ACTIVE_DATE_MATCH,1
2020-09-25,INCLUDE,Shilpa Medicare Ltd.,SHILPAMEDICARE,SHILPAMED,ind_prs20082020.pdf,https://niftyindices.com/Press_Release/ind_prs20082020.pdf,2020-08-20,OFFICIAL_NOTICE,46c98f2c6cc53f925bed74bface526afc752a39706828836be23ab38d1fa898c,OFFICIAL_EVIDENCE,NSE_66EF9E74F5E3,ACTIVE_DATE_MATCH,1
2020-09-25,INCLUDE,Solara Active Pharma Sciences Ltd.,SOLARAACTIVEPHARMASCIENCES,SOLARA,ind_prs20082020.pdf,https://niftyindices.com/Press_Release/ind_prs20082020.pdf,2020-08-20,OFFICIAL_NOTICE,46c98f2c6cc53f925bed74bface526afc752a39706828836be23ab38d1fa898c,OFFICIAL_EVIDENCE,NSE_DED817305039,ACTIVE_DATE_MATCH,1
2020-09-25,INCLUDE,Supreme Petrochem Ltd.,SUPREMEPETROCHEM,SUPPETRO,ind_prs20082020.pdf,https://niftyindices.com/Press_Release/ind_prs20082020.pdf,2020-08-20,OFFICIAL_NOTICE,46c98f2c6cc53f925bed74bface526afc752a39706828836be23ab38d1fa898c,OFFICIAL_EVIDENCE,NSE_AA00EC8A4A3D,ACTIVE_DATE_MATCH,1
2020-09-25,INCLUDE,Suven Pharmaceuticals Ltd.,SUVENPHARMACEUTICALS,SUVENPHAR,ind_prs20082020.pdf,https://niftyindices.com/Press_Release/ind_prs20082020.pdf,2020-08-20,OFFICIAL_NOTICE,46c98f2c6cc53f925bed74bface526afc752a39706828836be23ab38d1fa898c,OFFICIAL_EVIDENCE,NSE_BDD195E0616C,ACTIVE_DATE_MATCH,1
2020-09-25,INCLUDE,Swaraj Engines Ltd.,SWARAJENGINES,SWARAJENG,ind_prs07092020.pdf,https://niftyindices.com/Press_Release/ind_prs07092020.pdf,2020-09-07,MANUALLY_VERIFIED_OFFICIAL_NOTICE,b44c4dcfe4b8fbfee048d2f524e316dcf23f718e2e95895e3adeb2efc439ea67,MANUALLY_VERIFIED,NSE_7A24E610012A,ACTIVE_DATE_MATCH,1
2020-09-25,INCLUDE,Tata Chemicals Ltd.,TATACHEMICALS,TATACHEM,ind_prs20082020.pdf,https://niftyindices.com/Press_Release/ind_prs20082020.pdf,2020-08-20,OFFICIAL_NOTICE,46c98f2c6cc53f925bed74bface526afc752a39706828836be23ab38d1fa898c,OFFICIAL_EVIDENCE,NSE_806E57D11FFC,ACTIVE_DATE_MATCH,1
2020-09-25,INCLUDE,Tata Coffee Ltd.,TATACOFFEE,TATACOFFEE,ind_prs07092020.pdf,https://niftyindices.com/Press_Release/ind_prs07092020.pdf,2020-09-07,MANUALLY_VERIFIED_OFFICIAL_NOTICE,b44c4dcfe4b8fbfee048d2f524e316dcf23f718e2e95895e3adeb2efc439ea67,MANUALLY_VERIFIED,NSE_13CDBE86B707,ACTIVE_DATE_MATCH,1
2020-09-25,INCLUDE,Yes Bank Ltd.,YESBANK,YESBANK,ind_prs20082020.pdf,https://niftyindices.com/Press_Release/ind_prs20082020.pdf,2020-08-20,OFFICIAL_NOTICE,46c98f2c6cc53f925bed74bface526afc752a39706828836be23ab38d1fa898c,OFFICIAL_EVIDENCE,NSE_BF514F1F2D5F,ACTIVE_DATE_MATCH,1
2020-09-25,EXCLUDE,Adani Power Ltd.*,ADANIPOWER,ADANIPOWER,ind_prs20082020.pdf,https://niftyindices.com/Press_Release/ind_prs20082020.pdf,2020-08-20,OFFICIAL_NOTICE,46c98f2c6cc53f925bed74bface526afc752a39706828836be23ab38d1fa898c,OFFICIAL_EVIDENCE,NSE_961E02880D58,ACTIVE_DATE_MATCH,1
2020-09-25,EXCLUDE,Arvind Fashions Ltd.,ARVINDFASHIONS,ARVINDFASN,ind_prs07092020.pdf,https://niftyindices.com/Press_Release/ind_prs07092020.pdf,2020-09-07,MANUALLY_VERIFIED_OFFICIAL_NOTICE,b44c4dcfe4b8fbfee048d2f524e316dcf23f718e2e95895e3adeb2efc439ea67,MANUALLY_VERIFIED,NSE_806A916D3197,ACTIVE_DATE_MATCH,1
2020-09-25,EXCLUDE,GE T&D India Ltd.,GETANDDINDIA,GET&D,ind_prs20082020.pdf,https://niftyindices.com/Press_Release/ind_prs20082020.pdf,2020-08-20,OFFICIAL_NOTICE,46c98f2c6cc53f925bed74bface526afc752a39706828836be23ab38d1fa898c,OFFICIAL_EVIDENCE,NSE_7EEBEDF17992,ACTIVE_DATE_MATCH,1
2020-09-25,EXCLUDE,Hexaware Technologies Ltd.*,HEXAWARETECHNOLOGIES,HEXAWARE,ind_prs20082020.pdf,https://niftyindices.com/Press_Release/ind_prs20082020.pdf,2020-08-20,OFFICIAL_NOTICE,46c98f2c6cc53f925bed74bface526afc752a39706828836be23ab38d1fa898c,OFFICIAL_EVIDENCE,NSE_5813C47C6758,ACTIVE_DATE_MATCH,1
2020-09-25,EXCLUDE,Himatsingka Seide Ltd.,HIMATSINGKASEIDE,HIMATSEIDE,ind_prs20082020.pdf,https://niftyindices.com/Press_Release/ind_prs20082020.pdf,2020-08-20,OFFICIAL_NOTICE,46c98f2c6cc53f925bed74bface526afc752a39706828836be23ab38d1fa898c,OFFICIAL_EVIDENCE,NSE_CC0C56B55A2D,ACTIVE_DATE_MATCH,1
2020-09-25,EXCLUDE,IFCI Ltd.,IFCI,IFCI,ind_prs20082020.pdf,https://niftyindices.com/Press_Release/ind_prs20082020.pdf,2020-08-20,OFFICIAL_NOTICE,46c98f2c6cc53f925bed74bface526afc752a39706828836be23ab38d1fa898c,OFFICIAL_EVIDENCE,NSE_4F2FFAFFC4C4,ACTIVE_DATE_MATCH,1
2020-09-25,EXCLUDE,IndoStar Capital Finance Ltd.,INDOSTARCAPITALFINANCE,INDOSTAR,ind_prs20082020.pdf,https://niftyindices.com/Press_Release/ind_prs20082020.pdf,2020-08-20,OFFICIAL_NOTICE,46c98f2c6cc53f925bed74bface526afc752a39706828836be23ab38d1fa898c,OFFICIAL_EVIDENCE,NSE_1B43303A9FAD,ACTIVE_DATE_MATCH,1
2020-09-25,EXCLUDE,Intellect Design Arena Ltd.,INTELLECTDESIGNARENA,INTELLECT,ind_prs20082020.pdf,https://niftyindices.com/Press_Release/ind_prs20082020.pdf,2020-08-20,OFFICIAL_NOTICE,46c98f2c6cc53f925bed74bface526afc752a39706828836be23ab38d1fa898c,OFFICIAL_EVIDENCE,NSE_B3968699E9E2,ACTIVE_DATE_MATCH,1
2020-09-25,EXCLUDE,India Tourism Development Corporation Ltd.,INDIATOURISMDEVELOPMENTCORPORATION,ITDC,ind_prs20082020.pdf,https://niftyindices.com/Press_Release/ind_prs20082020.pdf,2020-08-20,OFFICIAL_NOTICE,46c98f2c6cc53f925bed74bface526afc752a39706828836be23ab38d1fa898c,OFFICIAL_EVIDENCE,NSE_0FF5DAC53AF6,ACTIVE_DATE_MATCH,1
2020-09-25,EXCLUDE,Jubilant Life Sciences Ltd.#,JUBILANTLIFESCIENCES,JUBILANT,ind_prs20082020.pdf,https://niftyindices.com/Press_Release/ind_prs20082020.pdf,2020-08-20,OFFICIAL_NOTICE,46c98f2c6cc53f925bed74bface526afc752a39706828836be23ab38d1fa898c,OFFICIAL_EVIDENCE,NSE_7E9F9084BD7D,ACTIVE_DATE_MATCH,1
2020-09-25,EXCLUDE,KPIT Technologies Ltd.,KPITTECHNOLOGIES,KPITTECH,ind_prs07092020.pdf,https://niftyindices.com/Press_Release/ind_prs07092020.pdf,2020-09-07,MANUALLY_VERIFIED_OFFICIAL_NOTICE,b44c4dcfe4b8fbfee048d2f524e316dcf23f718e2e95895e3adeb2efc439ea67,MANUALLY_VERIFIED,NSE_6BCEC6E04CC0,ACTIVE_DATE_MATCH,1
2020-09-25,EXCLUDE,K.P.R. Mill Ltd.,KPRMILL,KPRMILL,ind_prs20082020.pdf,https://niftyindices.com/Press_Release/ind_prs20082020.pdf,2020-08-20,OFFICIAL_NOTICE,46c98f2c6cc53f925bed74bface526afc752a39706828836be23ab38d1fa898c,OFFICIAL_EVIDENCE,NSE_03C46C5018D2,ACTIVE_DATE_MATCH,1
2020-09-25,EXCLUDE,Mahindra CIE Automotive Ltd.,MAHINDRACIEAUTOMOTIVE,MAHINDCIE,ind_prs20082020.pdf,https://niftyindices.com/Press_Release/ind_prs20082020.pdf,2020-08-20,OFFICIAL_NOTICE,46c98f2c6cc53f925bed74bface526afc752a39706828836be23ab38d1fa898c,OFFICIAL_EVIDENCE,NSE_0A208E331D8C,ACTIVE_DATE_MATCH,1
2020-09-25,EXCLUDE,Nava Bharat Ventures Ltd.,NAVABHARATVENTURES,NBVENTURES,ind_prs20082020.pdf,https://niftyindices.com/Press_Release/ind_prs20082020.pdf,2020-08-20,OFFICIAL_NOTICE,46c98f2c6cc53f925bed74bface526afc752a39706828836be23ab38d1fa898c,OFFICIAL_EVIDENCE,NSE_8BBC0680BDBA,ACTIVE_DATE_MATCH,1
2020-09-25,EXCLUDE,Shree Renuka Sugars Ltd.,SHREERENUKASUGARS,RENUKA,ind_prs20082020.pdf,https://niftyindices.com/Press_Release/ind_prs20082020.pdf,2020-08-20,OFFICIAL_NOTICE,46c98f2c6cc53f925bed74bface526afc752a39706828836be23ab38d1fa898c,OFFICIAL_EVIDENCE,NSE_91BD03BB23F6,ACTIVE_DATE_MATCH,1
2020-09-25,EXCLUDE,Repco Home Finance Ltd.,REPCOHOMEFINANCE,REPCOHOME,ind_prs07092020.pdf,https://niftyindices.com/Press_Release/ind_prs07092020.pdf,2020-09-07,MANUALLY_VERIFIED_OFFICIAL_NOTICE,b44c4dcfe4b8fbfee048d2f524e316dcf23f718e2e95895e3adeb2efc439ea67,MANUALLY_VERIFIED,NSE_2EAE81E9FD97,ACTIVE_DATE_MATCH,1
2020-09-25,EXCLUDE,Sadbhav Engineering Ltd.,SADBHAVENGINEERING,SADBHAV,ind_prs20082020.pdf,https://niftyindices.com/Press_Release/ind_prs20082020.pdf,2020-08-20,OFFICIAL_NOTICE,46c98f2c6cc53f925bed74bface526afc752a39706828836be23ab38d1fa898c,OFFICIAL_EVIDENCE,NSE_A06CF0562665,ACTIVE_DATE_MATCH,1
2020-09-25,EXCLUDE,Spandana Sphoorty Financial Ltd.,SPANDANASPHOORTYFINANCIAL,SPANDANA,ind_prs07092020.pdf,https://niftyindices.com/Press_Release/ind_prs07092020.pdf,2020-09-07,MANUALLY_VERIFIED_OFFICIAL_NOTICE,b44c4dcfe4b8fbfee048d2f524e316dcf23f718e2e95895e3adeb2efc439ea67,MANUALLY_VERIFIED,NSE_EFA321C47A4C,ACTIVE_DATE_MATCH,1
2020-09-25,EXCLUDE,Take Solutions Ltd.,TAKESOLUTIONS,TAKE,ind_prs20082020.pdf,https://niftyindices.com/Press_Release/ind_prs20082020.pdf,2020-08-20,OFFICIAL_NOTICE,46c98f2c6cc53f925bed74bface526afc752a39706828836be23ab38d1fa898c,OFFICIAL_EVIDENCE,NSE_15269CF9ABBD,ACTIVE_DATE_MATCH,1
2020-09-25,EXCLUDE,Time Technoplast Ltd.,TIMETECHNOPLAST,TIMETECHNO,ind_prs20082020.pdf,https://niftyindices.com/Press_Release/ind_prs20082020.pdf,2020-08-20,OFFICIAL_NOTICE,46c98f2c6cc53f925bed74bface526afc752a39706828836be23ab38d1fa898c,OFFICIAL_EVIDENCE,NSE_435FD71DA02A,ACTIVE_DATE_MATCH,1
2020-09-25,EXCLUDE,Vesuvius India Ltd.,VESUVIUSINDIA,VESUVIUS,ind_prs20082020.pdf,https://niftyindices.com/Press_Release/ind_prs20082020.pdf,2020-08-20,OFFICIAL_NOTICE,46c98f2c6cc53f925bed74bface526afc752a39706828836be23ab38d1fa898c,OFFICIAL_EVIDENCE,NSE_81E6A1C5A552,ACTIVE_DATE_MATCH,1
2020-11-02,INCLUDE,Network18 Media & Investments Ltd.,NETWORK18MEDIAANDINVESTMENTS,NETWORK18,ind_prs26102020.pdf,https://niftyindices.com/Press_Release/ind_prs26102020.pdf,2020-10-26,OFFICIAL_NOTICE,74c21eec6a5356d5fc089683fcedae6c2a72b5b2f82c4290fc97a45e6f5e4d65,OFFICIAL_EVIDENCE,NSE_66717A9BCB34,ACTIVE_DATE_MATCH,1
2020-11-02,EXCLUDE,Allcargo Logistics Ltd.,ALLCARGOLOGISTICS,ALLCARGO,ind_prs26102020.pdf,https://niftyindices.com/Press_Release/ind_prs26102020.pdf,2020-10-26,OFFICIAL_NOTICE,74c21eec6a5356d5fc089683fcedae6c2a72b5b2f82c4290fc97a45e6f5e4d65,OFFICIAL_EVIDENCE,NSE_6E8A4A1EA4BA,ACTIVE_DATE_MATCH,1
2020-11-25,INCLUDE,Mahindra CIE Automotive Ltd.,MAHINDRACIEAUTOMOTIVE,MAHINDCIE,ind_prs18112020.pdf,https://niftyindices.com/Press_Release/ind_prs18112020.pdf,2020-11-18,OFFICIAL_NOTICE,2b1e70ef429b10a794af6132a66ded909dedea518be4a395219d182d0aaf4fe9,OFFICIAL_EVIDENCE,NSE_0A208E331D8C,ACTIVE_DATE_MATCH,1
2020-11-25,EXCLUDE,Infibeam Avenues Ltd.,INFIBEAMAVENUES,INFIBEAM,ind_prs18112020.pdf,https://niftyindices.com/Press_Release/ind_prs18112020.pdf,2020-11-18,OFFICIAL_NOTICE,2b1e70ef429b10a794af6132a66ded909dedea518be4a395219d182d0aaf4fe9,OFFICIAL_EVIDENCE,NSE_CA42918156CA,ACTIVE_DATE_MATCH,1
2021-03-31,INCLUDE,Angel Broking Ltd.,ANGELBROKING,ANGELBRKG,ind_prs23022021.pdf,https://niftyindices.com/Press_Release/ind_prs23022021.pdf,2021-02-23,OFFICIAL_NOTICE,74b5e33ef8c7b140caf6799926a91df424cf309855d6870b31d77c1f2c925360,OFFICIAL_EVIDENCE,NSE_232F7BA109E4,ACTIVE_DATE_MATCH,1
2021-03-31,INCLUDE,Asahi India Glass Ltd.,ASAHIINDIAGLASS,ASAHIINDIA,ind_prs23022021.pdf,https://niftyindices.com/Press_Release/ind_prs23022021.pdf,2021-02-23,OFFICIAL_NOTICE,74b5e33ef8c7b140caf6799926a91df424cf309855d6870b31d77c1f2c925360,OFFICIAL_EVIDENCE,NSE_502982CDBAAD,ACTIVE_DATE_MATCH,1
2021-03-31,INCLUDE,Balaji Amines Ltd.,BALAJIAMINES,BALAMINES,ind_prs23022021.pdf,https://niftyindices.com/Press_Release/ind_prs23022021.pdf,2021-02-23,OFFICIAL_NOTICE,74b5e33ef8c7b140caf6799926a91df424cf309855d6870b31d77c1f2c925360,OFFICIAL_EVIDENCE,NSE_338E517DA7BB,ACTIVE_DATE_MATCH,1
2021-03-31,INCLUDE,Computer Age Management Services Ltd.,COMPUTERAGEMANAGEMENTSERVICES,CAMS,ind_prs23022021.pdf,https://niftyindices.com/Press_Release/ind_prs23022021.pdf,2021-02-23,OFFICIAL_NOTICE,74b5e33ef8c7b140caf6799926a91df424cf309855d6870b31d77c1f2c925360,OFFICIAL_EVIDENCE,NSE_6ED25D40CAF7,ACTIVE_DATE_MATCH,1
2021-03-31,INCLUDE,Happiest Minds Technologies Ltd.,HAPPIESTMINDSTECHNOLOGIES,HAPPSTMNDS,ind_prs23022021.pdf,https://niftyindices.com/Press_Release/ind_prs23022021.pdf,2021-02-23,OFFICIAL_NOTICE,74b5e33ef8c7b140caf6799926a91df424cf309855d6870b31d77c1f2c925360,OFFICIAL_EVIDENCE,NSE_E0134A40D7AE,ACTIVE_DATE_MATCH,1
2021-03-31,INCLUDE,Hemisphere Properties India Ltd.,HEMISPHEREPROPERTIESINDIA,HEMIPROP,ind_prs23022021.pdf,https://niftyindices.com/Press_Release/ind_prs23022021.pdf,2021-02-23,OFFICIAL_NOTICE,74b5e33ef8c7b140caf6799926a91df424cf309855d6870b31d77c1f2c925360,OFFICIAL_EVIDENCE,NSE_80E6BAAF27E1,ACTIVE_DATE_MATCH,1
2021-03-31,INCLUDE,Indo Count Industries Ltd.,INDOCOUNTINDUSTRIES,ICIL,ind_prs23022021.pdf,https://niftyindices.com/Press_Release/ind_prs23022021.pdf,2021-02-23,OFFICIAL_NOTICE,74b5e33ef8c7b140caf6799926a91df424cf309855d6870b31d77c1f2c925360,OFFICIAL_EVIDENCE,NSE_41D6658A86E3,ACTIVE_DATE_MATCH,1
2021-03-31,INCLUDE,Intellect Design Arena Ltd.,INTELLECTDESIGNARENA,INTELLECT,ind_prs23022021.pdf,https://niftyindices.com/Press_Release/ind_prs23022021.pdf,2021-02-23,OFFICIAL_NOTICE,74b5e33ef8c7b140caf6799926a91df424cf309855d6870b31d77c1f2c925360,OFFICIAL_EVIDENCE,NSE_B3968699E9E2,ACTIVE_DATE_MATCH,1
2021-03-31,INCLUDE,KPIT Technologies Ltd.,KPITTECHNOLOGIES,KPITTECH,ind_prs23022021.pdf,https://niftyindices.com/Press_Release/ind_prs23022021.pdf,2021-02-23,OFFICIAL_NOTICE,74b5e33ef8c7b140caf6799926a91df424cf309855d6870b31d77c1f2c925360,OFFICIAL_EVIDENCE,NSE_6BCEC6E04CC0,ACTIVE_DATE_MATCH,1
2021-03-31,INCLUDE,K.P.R. Mill Ltd.,KPRMILL,KPRMILL,ind_prs23022021.pdf,https://niftyindices.com/Press_Release/ind_prs23022021.pdf,2021-02-23,OFFICIAL_NOTICE,74b5e33ef8c7b140caf6799926a91df424cf309855d6870b31d77c1f2c925360,OFFICIAL_EVIDENCE,NSE_03C46C5018D2,ACTIVE_DATE_MATCH,1
2021-03-31,INCLUDE,Max Healthcare Institute Ltd.,MAXHEALTHCAREINSTITUTE,MAXHEALTH,ind_prs23022021.pdf,https://niftyindices.com/Press_Release/ind_prs23022021.pdf,2021-02-23,OFFICIAL_NOTICE,74b5e33ef8c7b140caf6799926a91df424cf309855d6870b31d77c1f2c925360,OFFICIAL_EVIDENCE,NSE_74560139A228,ACTIVE_DATE_MATCH,1
2021-03-31,INCLUDE,Mazagoan Dock Shipbuilders Ltd.,MAZAGOANDOCKSHIPBUILDERS,MAZDOCK,ind_prs23022021.pdf,https://niftyindices.com/Press_Release/ind_prs23022021.pdf,2021-02-23,OFFICIAL_NOTICE,74b5e33ef8c7b140caf6799926a91df424cf309855d6870b31d77c1f2c925360,OFFICIAL_EVIDENCE,NSE_8493E8962DCF,ACTIVE_DATE_MATCH,1
2021-03-31,INCLUDE,Prince Pipes and Fittings Ltd.,PRINCEPIPESANDFITTINGS,PRINCEPIPE,ind_prs23022021.pdf,https://niftyindices.com/Press_Release/ind_prs23022021.pdf,2021-02-23,OFFICIAL_NOTICE,74b5e33ef8c7b140caf6799926a91df424cf309855d6870b31d77c1f2c925360,OFFICIAL_EVIDENCE,NSE_8E6BA07D1F0E,ACTIVE_DATE_MATCH,1
2021-03-31,INCLUDE,Responsive Industries Ltd.,RESPONSIVEINDUSTRIES,RESPONIND,ind_prs23022021.pdf,https://niftyindices.com/Press_Release/ind_prs23022021.pdf,2021-02-23,OFFICIAL_NOTICE,74b5e33ef8c7b140caf6799926a91df424cf309855d6870b31d77c1f2c925360,OFFICIAL_EVIDENCE,NSE_D47F04514F84,ACTIVE_DATE_MATCH,1
2021-03-31,INCLUDE,Rossari Biotech Ltd.,ROSSARIBIOTECH,ROSSARI,ind_prs23022021.pdf,https://niftyindices.com/Press_Release/ind_prs23022021.pdf,2021-02-23,OFFICIAL_NOTICE,74b5e33ef8c7b140caf6799926a91df424cf309855d6870b31d77c1f2c925360,OFFICIAL_EVIDENCE,NSE_39E0D7EE6CD1,ACTIVE_DATE_MATCH,1
2021-03-31,INCLUDE,Route Mobile Ltd.,ROUTEMOBILE,ROUTE,ind_prs23022021.pdf,https://niftyindices.com/Press_Release/ind_prs23022021.pdf,2021-02-23,OFFICIAL_NOTICE,74b5e33ef8c7b140caf6799926a91df424cf309855d6870b31d77c1f2c925360,OFFICIAL_EVIDENCE,NSE_197A5E03B180,ACTIVE_DATE_MATCH,1
2021-03-31,INCLUDE,Sharda Cropchem Ltd.,SHARDACROPCHEM,SHARDACROP,ind_prs23022021.pdf,https://niftyindices.com/Press_Release/ind_prs23022021.pdf,2021-02-23,OFFICIAL_NOTICE,74b5e33ef8c7b140caf6799926a91df424cf309855d6870b31d77c1f2c925360,OFFICIAL_EVIDENCE,NSE_AE697C87E3F3,ACTIVE_DATE_MATCH,1
2021-03-31,INCLUDE,Spandana Sphoorty Financial Ltd.,SPANDANASPHOORTYFINANCIAL,SPANDANA,ind_prs23022021.pdf,https://niftyindices.com/Press_Release/ind_prs23022021.pdf,2021-02-23,OFFICIAL_NOTICE,74b5e33ef8c7b140caf6799926a91df424cf309855d6870b31d77c1f2c925360,OFFICIAL_EVIDENCE,NSE_EFA321C47A4C,ACTIVE_DATE_MATCH,1
2021-03-31,INCLUDE,Sundaram Clayton Ltd.,SUNDARAMCLAYTON,SUNCLAYLTD,ind_prs23022021.pdf,https://niftyindices.com/Press_Release/ind_prs23022021.pdf,2021-02-23,OFFICIAL_NOTICE,74b5e33ef8c7b140caf6799926a91df424cf309855d6870b31d77c1f2c925360,OFFICIAL_EVIDENCE,NSE_72C836734F97,ACTIVE_DATE_MATCH,1
2021-03-31,INCLUDE,Tanla Platforms Ltd.,TANLAPLATFORMS,TANLA,ind_prs23022021.pdf,https://niftyindices.com/Press_Release/ind_prs23022021.pdf,2021-02-23,OFFICIAL_NOTICE,74b5e33ef8c7b140caf6799926a91df424cf309855d6870b31d77c1f2c925360,OFFICIAL_EVIDENCE,NSE_9A2A839DC6BD,ACTIVE_DATE_MATCH,1
2021-03-31,INCLUDE,Triveni Turbine Ltd.,TRIVENITURBINE,TRITURBINE,ind_prs23022021.pdf,https://niftyindices.com/Press_Release/ind_prs23022021.pdf,2021-02-23,OFFICIAL_NOTICE,74b5e33ef8c7b140caf6799926a91df424cf309855d6870b31d77c1f2c925360,OFFICIAL_EVIDENCE,NSE_9CD0408E0E4C,ACTIVE_DATE_MATCH,1
2021-03-31,INCLUDE,UTI Asset Management Company Ltd.,UTIASSETMANAGEMENT,UTIAMC,ind_prs23022021.pdf,https://niftyindices.com/Press_Release/ind_prs23022021.pdf,2021-02-23,OFFICIAL_NOTICE,74b5e33ef8c7b140caf6799926a91df424cf309855d6870b31d77c1f2c925360,OFFICIAL_EVIDENCE,NSE_F1D328AB5B2A,ACTIVE_DATE_MATCH,1
2021-03-31,INCLUDE,Valiant Organics Ltd.,VALIANTORGANICS,VALIANTORG,ind_prs23022021.pdf,https://niftyindices.com/Press_Release/ind_prs23022021.pdf,2021-02-23,OFFICIAL_NOTICE,74b5e33ef8c7b140caf6799926a91df424cf309855d6870b31d77c1f2c925360,OFFICIAL_EVIDENCE,NSE_7C0DF1AA648B,ACTIVE_DATE_MATCH,1
2021-03-31,INCLUDE,Vedanta Ltd.,VEDANTA,VEDL,ind_prs23022021.pdf,https://niftyindices.com/Press_Release/ind_prs23022021.pdf,2021-02-23,OFFICIAL_NOTICE,74b5e33ef8c7b140caf6799926a91df424cf309855d6870b31d77c1f2c925360,OFFICIAL_EVIDENCE,NSE_4F03492E4C4E,ACTIVE_DATE_MATCH,1
2021-03-31,EXCLUDE,Bombay Dyeing & Manufacturing Co. Ltd.,BOMBAYDYEINGANDMANUFACTURING,BOMDYEING,ind_prs23022021.pdf,https://niftyindices.com/Press_Release/ind_prs23022021.pdf,2021-02-23,OFFICIAL_NOTICE,74b5e33ef8c7b140caf6799926a91df424cf309855d6870b31d77c1f2c925360,OFFICIAL_EVIDENCE,NSE_305DE6D13FA6,ACTIVE_DATE_MATCH,1
2021-03-31,EXCLUDE,CARE Ratings Ltd.,CARERATINGS,CARERATING,ind_prs23022021.pdf,https://niftyindices.com/Press_Release/ind_prs23022021.pdf,2021-02-23,OFFICIAL_NOTICE,74b5e33ef8c7b140caf6799926a91df424cf309855d6870b31d77c1f2c925360,OFFICIAL_EVIDENCE,NSE_C900A7D9B807,ACTIVE_DATE_MATCH,1
2021-03-31,EXCLUDE,Chennai Petroleum Corporation Ltd.,CHENNAIPETROLEUMCORPORATION,CHENNPETRO,ind_prs23022021.pdf,https://niftyindices.com/Press_Release/ind_prs23022021.pdf,2021-02-23,OFFICIAL_NOTICE,74b5e33ef8c7b140caf6799926a91df424cf309855d6870b31d77c1f2c925360,OFFICIAL_EVIDENCE,NSE_3F1961BC2E0E,ACTIVE_DATE_MATCH,1
2021-03-31,EXCLUDE,D.B.Corp Ltd.,DBCORP,DBCORP,ind_prs23022021.pdf,https://niftyindices.com/Press_Release/ind_prs23022021.pdf,2021-02-23,OFFICIAL_NOTICE,74b5e33ef8c7b140caf6799926a91df424cf309855d6870b31d77c1f2c925360,OFFICIAL_EVIDENCE,NSE_2562C82A6AA3,ACTIVE_DATE_MATCH,1
2021-03-31,EXCLUDE,ESAB India Ltd.,ESABINDIA,ESABINDIA,ind_prs23022021.pdf,https://niftyindices.com/Press_Release/ind_prs23022021.pdf,2021-02-23,OFFICIAL_NOTICE,74b5e33ef8c7b140caf6799926a91df424cf309855d6870b31d77c1f2c925360,OFFICIAL_EVIDENCE,NSE_C0628B35007C,ACTIVE_DATE_MATCH,1
2021-03-31,EXCLUDE,Gujarat Mineral Development Corporation Ltd.,GUJARATMINERALDEVELOPMENTCORPORATION,GMDCLTD,ind_prs23022021.pdf,https://niftyindices.com/Press_Release/ind_prs23022021.pdf,2021-02-23,OFFICIAL_NOTICE,74b5e33ef8c7b140caf6799926a91df424cf309855d6870b31d77c1f2c925360,OFFICIAL_EVIDENCE,NSE_FD88B4145E09,ACTIVE_DATE_MATCH,1
2021-03-31,EXCLUDE,Hathway Cable & Datacom Ltd.,HATHWAYCABLEANDDATACOM,HATHWAY,ind_prs23022021.pdf,https://niftyindices.com/Press_Release/ind_prs23022021.pdf,2021-02-23,OFFICIAL_NOTICE,74b5e33ef8c7b140caf6799926a91df424cf309855d6870b31d77c1f2c925360,OFFICIAL_EVIDENCE,NSE_BC781E1A1FE3,ACTIVE_DATE_MATCH,1
2021-03-31,EXCLUDE,Heritage Foods Ltd.,HERITAGEFOODS,HERITGFOOD,ind_prs23022021.pdf,https://niftyindices.com/Press_Release/ind_prs23022021.pdf,2021-02-23,OFFICIAL_NOTICE,74b5e33ef8c7b140caf6799926a91df424cf309855d6870b31d77c1f2c925360,OFFICIAL_EVIDENCE,NSE_EEAD76022193,ACTIVE_DATE_MATCH,1
2021-03-31,EXCLUDE,ICRA Ltd.,ICRA,ICRA,ind_prs23022021.pdf,https://niftyindices.com/Press_Release/ind_prs23022021.pdf,2021-02-23,OFFICIAL_NOTICE,74b5e33ef8c7b140caf6799926a91df424cf309855d6870b31d77c1f2c925360,OFFICIAL_EVIDENCE,NSE_23C7CF9A3EAE,ACTIVE_DATE_MATCH,1
2021-03-31,EXCLUDE,Jammu & Kashmir Bank Ltd.,JAMMUANDKASHMIRBANK,J&KBANK,ind_prs23022021.pdf,https://niftyindices.com/Press_Release/ind_prs23022021.pdf,2021-02-23,OFFICIAL_NOTICE,74b5e33ef8c7b140caf6799926a91df424cf309855d6870b31d77c1f2c925360,OFFICIAL_EVIDENCE,NSE_967CA74C4479,ACTIVE_DATE_MATCH,1
2021-03-31,EXCLUDE,Jagran Prakashan Ltd.,JAGRANPRAKASHAN,JAGRAN,ind_prs23022021.pdf,https://niftyindices.com/Press_Release/ind_prs23022021.pdf,2021-02-23,OFFICIAL_NOTICE,74b5e33ef8c7b140caf6799926a91df424cf309855d6870b31d77c1f2c925360,OFFICIAL_EVIDENCE,NSE_5E4B839E941A,ACTIVE_DATE_MATCH,1
2021-03-31,EXCLUDE,Jai Corp Ltd.,JAICORP,JAICORPLTD,ind_prs23022021.pdf,https://niftyindices.com/Press_Release/ind_prs23022021.pdf,2021-02-23,OFFICIAL_NOTICE,74b5e33ef8c7b140caf6799926a91df424cf309855d6870b31d77c1f2c925360,OFFICIAL_EVIDENCE,NSE_DD6777CCA097,ACTIVE_DATE_MATCH,1
2021-03-31,EXCLUDE,Kolte-Patil Developers Ltd.,KOLTEPATILDEVELOPERS,KOLTEPATIL,ind_prs23022021.pdf,https://niftyindices.com/Press_Release/ind_prs23022021.pdf,2021-02-23,OFFICIAL_NOTICE,74b5e33ef8c7b140caf6799926a91df424cf309855d6870b31d77c1f2c925360,OFFICIAL_EVIDENCE,NSE_A1420584FE56,ACTIVE_DATE_MATCH,1
2021-03-31,EXCLUDE,Karnataka Bank Ltd.,KARNATAKABANK,KTKBANK,ind_prs23022021.pdf,https://niftyindices.com/Press_Release/ind_prs23022021.pdf,2021-02-23,OFFICIAL_NOTICE,74b5e33ef8c7b140caf6799926a91df424cf309855d6870b31d77c1f2c925360,OFFICIAL_EVIDENCE,NSE_833D2F2B9358,ACTIVE_DATE_MATCH,1
2021-03-31,EXCLUDE,Navneet Education Ltd.,NAVNEETEDUCATION,NAVNETEDUL,ind_prs23022021.pdf,https://niftyindices.com/Press_Release/ind_prs23022021.pdf,2021-02-23,OFFICIAL_NOTICE,74b5e33ef8c7b140caf6799926a91df424cf309855d6870b31d77c1f2c925360,OFFICIAL_EVIDENCE,NSE_851A827BCF83,ACTIVE_DATE_MATCH,1
2021-03-31,EXCLUDE,Omaxe Ltd.,OMAXE,OMAXE,ind_prs23022021.pdf,https://niftyindices.com/Press_Release/ind_prs23022021.pdf,2021-02-23,OFFICIAL_NOTICE,74b5e33ef8c7b140caf6799926a91df424cf309855d6870b31d77c1f2c925360,OFFICIAL_EVIDENCE,NSE_75590993F4D0,ACTIVE_DATE_MATCH,1
2021-03-31,EXCLUDE,Orient Cement Ltd.,ORIENTCEMENT,ORIENTCEM,ind_prs23022021.pdf,https://niftyindices.com/Press_Release/ind_prs23022021.pdf,2021-02-23,OFFICIAL_NOTICE,74b5e33ef8c7b140caf6799926a91df424cf309855d6870b31d77c1f2c925360,OFFICIAL_EVIDENCE,NSE_DDCC0F44FC44,ACTIVE_DATE_MATCH,1
2021-03-31,EXCLUDE,Praj Industries Ltd.,PRAJINDUSTRIES,PRAJIND,ind_prs23022021.pdf,https://niftyindices.com/Press_Release/ind_prs23022021.pdf,2021-02-23,OFFICIAL_NOTICE,74b5e33ef8c7b140caf6799926a91df424cf309855d6870b31d77c1f2c925360,OFFICIAL_EVIDENCE,NSE_09C529487BE0,ACTIVE_DATE_MATCH,1
2021-03-31,EXCLUDE,PSP Projects Ltd.,PSPPROJECTS,PSPPROJECT,ind_prs23022021.pdf,https://niftyindices.com/Press_Release/ind_prs23022021.pdf,2021-02-23,OFFICIAL_NOTICE,74b5e33ef8c7b140caf6799926a91df424cf309855d6870b31d77c1f2c925360,OFFICIAL_EVIDENCE,NSE_6868DC7450A6,ACTIVE_DATE_MATCH,1
2021-03-31,EXCLUDE,PTC India Ltd.,PTCINDIA,PTC,ind_prs23022021.pdf,https://niftyindices.com/Press_Release/ind_prs23022021.pdf,2021-02-23,OFFICIAL_NOTICE,74b5e33ef8c7b140caf6799926a91df424cf309855d6870b31d77c1f2c925360,OFFICIAL_EVIDENCE,NSE_0BA9E4D0059A,ACTIVE_DATE_MATCH,1
2021-03-31,EXCLUDE,South Indian Bank Ltd.,SOUTHINDIANBANK,SOUTHBANK,ind_prs23022021.pdf,https://niftyindices.com/Press_Release/ind_prs23022021.pdf,2021-02-23,OFFICIAL_NOTICE,74b5e33ef8c7b140caf6799926a91df424cf309855d6870b31d77c1f2c925360,OFFICIAL_EVIDENCE,NSE_A80DD1EFE223,ACTIVE_DATE_MATCH,1
2021-03-31,EXCLUDE,Swaraj Engines Ltd.,SWARAJENGINES,SWARAJENG,ind_prs23022021.pdf,https://niftyindices.com/Press_Release/ind_prs23022021.pdf,2021-02-23,OFFICIAL_NOTICE,74b5e33ef8c7b140caf6799926a91df424cf309855d6870b31d77c1f2c925360,OFFICIAL_EVIDENCE,NSE_7A24E610012A,ACTIVE_DATE_MATCH,1
2021-03-31,EXCLUDE,TV Today Network Ltd.,TVTODAYNETWORK,TVTODAY,ind_prs23022021.pdf,https://niftyindices.com/Press_Release/ind_prs23022021.pdf,2021-02-23,OFFICIAL_NOTICE,74b5e33ef8c7b140caf6799926a91df424cf309855d6870b31d77c1f2c925360,OFFICIAL_EVIDENCE,NSE_1BF63B49C19E,ACTIVE_DATE_MATCH,1
2021-03-31,EXCLUDE,VRL Logistics Ltd.,VRLLOGISTICS,VRLLOG,ind_prs23022021.pdf,https://niftyindices.com/Press_Release/ind_prs23022021.pdf,2021-02-23,OFFICIAL_NOTICE,74b5e33ef8c7b140caf6799926a91df424cf309855d6870b31d77c1f2c925360,OFFICIAL_EVIDENCE,NSE_4C0AC873F083,ACTIVE_DATE_MATCH,1
2021-04-29,INCLUDE,Burger King India Ltd.,BURGERKINGINDIA,BURGERKING,ind_prs22042021.pdf,https://niftyindices.com/Press_Release/ind_prs22042021.pdf,2021-04-22,OFFICIAL_NOTICE,8bfaa22775ab3c237a31df1a378365fd27601f171ad04f27de87191c10abcbc4,OFFICIAL_EVIDENCE,NSE_B24D84EAEDA8,ACTIVE_DATE_MATCH,1
2021-04-29,INCLUDE,Infibeam Avenues Ltd.,INFIBEAMAVENUES,INFIBEAM,ind_prs22042021.pdf,https://niftyindices.com/Press_Release/ind_prs22042021.pdf,2021-04-22,OFFICIAL_NOTICE,8bfaa22775ab3c237a31df1a378365fd27601f171ad04f27de87191c10abcbc4,OFFICIAL_EVIDENCE,NSE_CA42918156CA,ACTIVE_DATE_MATCH,1
2021-04-29,EXCLUDE,GHCL Ltd.,GHCL,GHCL,ind_prs22042021.pdf,https://niftyindices.com/Press_Release/ind_prs22042021.pdf,2021-04-22,OFFICIAL_NOTICE,8bfaa22775ab3c237a31df1a378365fd27601f171ad04f27de87191c10abcbc4,OFFICIAL_EVIDENCE,NSE_5D0160460CD9,ACTIVE_DATE_MATCH,1
2021-04-29,EXCLUDE,Tata Steel BSL Ltd.,TATASTEELBSL,TATASTLBSL,ind_prs22042021.pdf,https://niftyindices.com/Press_Release/ind_prs22042021.pdf,2021-04-22,OFFICIAL_NOTICE,8bfaa22775ab3c237a31df1a378365fd27601f171ad04f27de87191c10abcbc4,OFFICIAL_EVIDENCE,NSE_8212B1829EDC,ACTIVE_DATE_MATCH,1
2021-06-30,INCLUDE,Gland Pharma Ltd.,GLANDPHARMA,GLAND,ind_prs15062021.pdf,https://niftyindices.com/Press_Release/ind_prs15062021.pdf,2021-06-15,OFFICIAL_NOTICE,55918ff4d49cb9ac187e178131093b76f445851838608accedb5a1e438356300,OFFICIAL_EVIDENCE,NSE_A1488DA9F95B,ACTIVE_DATE_MATCH,1
2021-06-30,EXCLUDE,Motherson Sumi Systems Ltd.,MOTHERSONSUMISYSTEMS,MOTHERSUMI,ind_prs15062021.pdf,https://niftyindices.com/Press_Release/ind_prs15062021.pdf,2021-06-15,OFFICIAL_NOTICE,55918ff4d49cb9ac187e178131093b76f445851838608accedb5a1e438356300,OFFICIAL_EVIDENCE,NSE_108254EF6AA4,ACTIVE_DATE_MATCH,1
2021-09-30,INCLUDE,Anupam Rasayan India Ltd.,ANUPAMRASAYANINDIA,ANURAS,ind_prs15092021.pdf,https://niftyindices.com/Press_Release/ind_prs15092021.pdf,2021-09-15,OFFICIAL_NOTICE,56ab5fbf0a9e6e934ba0c4f1bc89444455e808a7b041ad58cab64ae52e9084db,OFFICIAL_EVIDENCE,NSE_F9C58E6F4C7D,ACTIVE_DATE_MATCH,1
2021-09-30,INCLUDE,CG Power and Industrial Solutions Ltd.,CGPOWERANDINDUSTRIALSOLUTIONS,CGPOWER,ind_prs15092021.pdf,https://niftyindices.com/Press_Release/ind_prs15092021.pdf,2021-09-15,OFFICIAL_NOTICE,56ab5fbf0a9e6e934ba0c4f1bc89444455e808a7b041ad58cab64ae52e9084db,OFFICIAL_EVIDENCE,NSE_812A4A064978,ACTIVE_DATE_MATCH,1
2021-09-30,INCLUDE,Equitas Small Finance Bank Ltd.,EQUITASSMALLFINANCEBANK,EQUITASBNK,ind_prs15092021.pdf,https://niftyindices.com/Press_Release/ind_prs15092021.pdf,2021-09-15,OFFICIAL_NOTICE,56ab5fbf0a9e6e934ba0c4f1bc89444455e808a7b041ad58cab64ae52e9084db,OFFICIAL_EVIDENCE,NSE_68320B29C9C6,ACTIVE_DATE_MATCH,1
2021-09-30,INCLUDE,Fertilisers and Chemicals Travancore Ltd.,FERTILISERSANDCHEMICALSTRAVANCORE,FACT,ind_prs15092021.pdf,https://niftyindices.com/Press_Release/ind_prs15092021.pdf,2021-09-15,OFFICIAL_NOTICE,56ab5fbf0a9e6e934ba0c4f1bc89444455e808a7b041ad58cab64ae52e9084db,OFFICIAL_EVIDENCE,NSE_52038FB4C8D8,ACTIVE_DATE_MATCH,1
2021-09-30,INCLUDE,Hathway Cable & Datacom Ltd.,HATHWAYCABLEANDDATACOM,HATHWAY,ind_prs15092021.pdf,https://niftyindices.com/Press_Release/ind_prs15092021.pdf,2021-09-15,OFFICIAL_NOTICE,56ab5fbf0a9e6e934ba0c4f1bc89444455e808a7b041ad58cab64ae52e9084db,OFFICIAL_EVIDENCE,NSE_BC781E1A1FE3,ACTIVE_DATE_MATCH,1
2021-09-30,INCLUDE,Hinduja Global Solutions Ltd.,HINDUJAGLOBALSOLUTIONS,HGS,ind_prs15092021.pdf,https://niftyindices.com/Press_Release/ind_prs15092021.pdf,2021-09-15,OFFICIAL_NOTICE,56ab5fbf0a9e6e934ba0c4f1bc89444455e808a7b041ad58cab64ae52e9084db,OFFICIAL_EVIDENCE,NSE_03B0BD5CB55C,ACTIVE_DATE_MATCH,1
2021-09-30,INCLUDE,Hikal Ltd.,HIKAL,HIKAL,ind_prs15092021.pdf,https://niftyindices.com/Press_Release/ind_prs15092021.pdf,2021-09-15,OFFICIAL_NOTICE,56ab5fbf0a9e6e934ba0c4f1bc89444455e808a7b041ad58cab64ae52e9084db,OFFICIAL_EVIDENCE,NSE_12EA8D83A7E0,ACTIVE_DATE_MATCH,1
2021-09-30,INCLUDE,Home First Finance Company India Ltd.,HOMEFIRSTFINANCEINDIA,HOMEFIRST,ind_prs15092021.pdf,https://niftyindices.com/Press_Release/ind_prs15092021.pdf,2021-09-15,OFFICIAL_NOTICE,56ab5fbf0a9e6e934ba0c4f1bc89444455e808a7b041ad58cab64ae52e9084db,OFFICIAL_EVIDENCE,NSE_87F5D0D8658E,ACTIVE_DATE_MATCH,1
2021-09-30,INCLUDE,Indigo Paints Ltd.,INDIGOPAINTS,INDIGOPNTS,ind_prs15092021.pdf,https://niftyindices.com/Press_Release/ind_prs15092021.pdf,2021-09-15,OFFICIAL_NOTICE,56ab5fbf0a9e6e934ba0c4f1bc89444455e808a7b041ad58cab64ae52e9084db,OFFICIAL_EVIDENCE,NSE_93EDFD9CD697,ACTIVE_DATE_MATCH,1
2021-09-30,INCLUDE,Indian Railway Finance Corporation Ltd.,INDIANRAILWAYFINANCECORPORATION,IRFC,ind_prs15092021.pdf,https://niftyindices.com/Press_Release/ind_prs15092021.pdf,2021-09-15,OFFICIAL_NOTICE,56ab5fbf0a9e6e934ba0c4f1bc89444455e808a7b041ad58cab64ae52e9084db,OFFICIAL_EVIDENCE,NSE_9A7AED6E5E33,ACTIVE_DATE_MATCH,1
2021-09-30,INCLUDE,Jubilant Ingrevia Ltd.,JUBILANTINGREVIA,JUBLINGREA,ind_prs15092021.pdf,https://niftyindices.com/Press_Release/ind_prs15092021.pdf,2021-09-15,OFFICIAL_NOTICE,56ab5fbf0a9e6e934ba0c4f1bc89444455e808a7b041ad58cab64ae52e9084db,OFFICIAL_EVIDENCE,NSE_9600713819EE,ACTIVE_DATE_MATCH,1
2021-09-30,INCLUDE,Jubilant Pharmova Ltd.,JUBILANTPHARMOVA,JUBLPHARMA,ind_prs15092021.pdf,https://niftyindices.com/Press_Release/ind_prs15092021.pdf,2021-09-15,OFFICIAL_NOTICE,56ab5fbf0a9e6e934ba0c4f1bc89444455e808a7b041ad58cab64ae52e9084db,OFFICIAL_EVIDENCE,NSE_7E9F9084BD7D,ACTIVE_DATE_MATCH,1
2021-09-30,INCLUDE,Kalyan Jewellers India Ltd.,KALYANJEWELLERSINDIA,KALYANKJIL,ind_prs15092021.pdf,https://niftyindices.com/Press_Release/ind_prs15092021.pdf,2021-09-15,OFFICIAL_NOTICE,56ab5fbf0a9e6e934ba0c4f1bc89444455e808a7b041ad58cab64ae52e9084db,OFFICIAL_EVIDENCE,NSE_3AF2F9101694,ACTIVE_DATE_MATCH,1
2021-09-30,INCLUDE,Macrotech Developers Ltd.,MACROTECHDEVELOPERS,LODHA,ind_prs15092021.pdf,https://niftyindices.com/Press_Release/ind_prs15092021.pdf,2021-09-15,OFFICIAL_NOTICE,56ab5fbf0a9e6e934ba0c4f1bc89444455e808a7b041ad58cab64ae52e9084db,OFFICIAL_EVIDENCE,NSE_FE09ECEA2A1B,ACTIVE_DATE_MATCH,1
2021-09-30,INCLUDE,Laxmi Organic Industries Ltd.,LAXMIORGANICINDUSTRIES,LXCHEM,ind_prs15092021.pdf,https://niftyindices.com/Press_Release/ind_prs15092021.pdf,2021-09-15,OFFICIAL_NOTICE,56ab5fbf0a9e6e934ba0c4f1bc89444455e808a7b041ad58cab64ae52e9084db,OFFICIAL_EVIDENCE,NSE_75C877F93A95,ACTIVE_DATE_MATCH,1
2021-09-30,INCLUDE,Mastek Ltd.,MASTEK,MASTEK,ind_prs15092021.pdf,https://niftyindices.com/Press_Release/ind_prs15092021.pdf,2021-09-15,OFFICIAL_NOTICE,56ab5fbf0a9e6e934ba0c4f1bc89444455e808a7b041ad58cab64ae52e9084db,OFFICIAL_EVIDENCE,NSE_71E0266D5F31,ACTIVE_DATE_MATCH,1
2021-09-30,INCLUDE,Nazara Technologies Ltd.,NAZARATECHNOLOGIES,NAZARA,ind_prs15092021.pdf,https://niftyindices.com/Press_Release/ind_prs15092021.pdf,2021-09-15,OFFICIAL_NOTICE,56ab5fbf0a9e6e934ba0c4f1bc89444455e808a7b041ad58cab64ae52e9084db,OFFICIAL_EVIDENCE,NSE_1E79FBEEA506,ACTIVE_DATE_MATCH,1
2021-09-30,INCLUDE,Poonawalla Fincorp Ltd.,POONAWALLAFINCORP,POONAWALLA,ind_prs15092021.pdf,https://niftyindices.com/Press_Release/ind_prs15092021.pdf,2021-09-15,OFFICIAL_NOTICE,56ab5fbf0a9e6e934ba0c4f1bc89444455e808a7b041ad58cab64ae52e9084db,OFFICIAL_EVIDENCE,NSE_5150BE098E03,ACTIVE_DATE_MATCH,1
2021-09-30,INCLUDE,Praj Industries Ltd.,PRAJINDUSTRIES,PRAJIND,ind_prs15092021.pdf,https://niftyindices.com/Press_Release/ind_prs15092021.pdf,2021-09-15,OFFICIAL_NOTICE,56ab5fbf0a9e6e934ba0c4f1bc89444455e808a7b041ad58cab64ae52e9084db,OFFICIAL_EVIDENCE,NSE_09C529487BE0,ACTIVE_DATE_MATCH,1
2021-09-30,INCLUDE,Railtel Corporation Of India Ltd.,RAILTELCORPORATIONOFINDIA,RAILTEL,ind_prs15092021.pdf,https://niftyindices.com/Press_Release/ind_prs15092021.pdf,2021-09-15,OFFICIAL_NOTICE,56ab5fbf0a9e6e934ba0c4f1bc89444455e808a7b041ad58cab64ae52e9084db,OFFICIAL_EVIDENCE,NSE_4343189A6F18,ACTIVE_DATE_MATCH,1
2021-09-30,INCLUDE,Tata Steel Long Products Ltd.,TATASTEELLONGPRODUCTS,TATASTLLP,ind_prs15092021.pdf,https://niftyindices.com/Press_Release/ind_prs15092021.pdf,2021-09-15,OFFICIAL_NOTICE,56ab5fbf0a9e6e934ba0c4f1bc89444455e808a7b041ad58cab64ae52e9084db,OFFICIAL_EVIDENCE,NSE_418B7FB30526,ACTIVE_DATE_MATCH,1
2021-09-30,INCLUDE,Tata Teleservices (Maharashtra) Ltd.,TATATELESERVICESMAHARASHTRA,TTML,ind_prs15092021.pdf,https://niftyindices.com/Press_Release/ind_prs15092021.pdf,2021-09-15,OFFICIAL_NOTICE,56ab5fbf0a9e6e934ba0c4f1bc89444455e808a7b041ad58cab64ae52e9084db,OFFICIAL_EVIDENCE,NSE_9BE1DE6AAF18,ACTIVE_DATE_MATCH,1
2021-09-30,EXCLUDE,Akzo Nobel India Ltd.,AKZONOBELINDIA,AKZOINDIA,ind_prs15092021.pdf,https://niftyindices.com/Press_Release/ind_prs15092021.pdf,2021-09-15,OFFICIAL_NOTICE,56ab5fbf0a9e6e934ba0c4f1bc89444455e808a7b041ad58cab64ae52e9084db,OFFICIAL_EVIDENCE,NSE_72BEDE1400BF,ACTIVE_DATE_MATCH,1
2021-09-30,EXCLUDE,Balmer Lawrie & Co. Ltd.,BALMERLAWRIEAND,BALMLAWRIE,ind_prs15092021.pdf,https://niftyindices.com/Press_Release/ind_prs15092021.pdf,2021-09-15,OFFICIAL_NOTICE,56ab5fbf0a9e6e934ba0c4f1bc89444455e808a7b041ad58cab64ae52e9084db,OFFICIAL_EVIDENCE,NSE_269D4C57C57C,ACTIVE_DATE_MATCH,1
2021-09-30,EXCLUDE,Bliss GVS Pharma Ltd.,BLISSGVSPHARMA,BLISSGVS,ind_prs15092021.pdf,https://niftyindices.com/Press_Release/ind_prs15092021.pdf,2021-09-15,OFFICIAL_NOTICE,56ab5fbf0a9e6e934ba0c4f1bc89444455e808a7b041ad58cab64ae52e9084db,OFFICIAL_EVIDENCE,NSE_7D44EE89941C,ACTIVE_DATE_MATCH,1
2021-09-30,EXCLUDE,Dishman Carbogen Amcis Ltd.,DISHMANCARBOGENAMCIS,DCAL,ind_prs15092021.pdf,https://niftyindices.com/Press_Release/ind_prs15092021.pdf,2021-09-15,OFFICIAL_NOTICE,56ab5fbf0a9e6e934ba0c4f1bc89444455e808a7b041ad58cab64ae52e9084db,OFFICIAL_EVIDENCE,NSE_087EBB35F638,ACTIVE_DATE_MATCH,1
2021-09-30,EXCLUDE,Dish TV India Ltd.,DISHTVINDIA,DISHTV,ind_prs15092021.pdf,https://niftyindices.com/Press_Release/ind_prs15092021.pdf,2021-09-15,OFFICIAL_NOTICE,56ab5fbf0a9e6e934ba0c4f1bc89444455e808a7b041ad58cab64ae52e9084db,OFFICIAL_EVIDENCE,NSE_0CDA14210E4D,ACTIVE_DATE_MATCH,1
2021-09-30,EXCLUDE,Future Consumer Ltd.,FUTURECONSUMER,FCONSUMER,ind_prs15092021.pdf,https://niftyindices.com/Press_Release/ind_prs15092021.pdf,2021-09-15,OFFICIAL_NOTICE,56ab5fbf0a9e6e934ba0c4f1bc89444455e808a7b041ad58cab64ae52e9084db,OFFICIAL_EVIDENCE,NSE_F111BB4114FB,ACTIVE_DATE_MATCH,1
2021-09-30,EXCLUDE,GE Power India Ltd.,GEPOWERINDIA,GEPIL,ind_prs15092021.pdf,https://niftyindices.com/Press_Release/ind_prs15092021.pdf,2021-09-15,OFFICIAL_NOTICE,56ab5fbf0a9e6e934ba0c4f1bc89444455e808a7b041ad58cab64ae52e9084db,OFFICIAL_EVIDENCE,NSE_ED9F5F2D6407,ACTIVE_DATE_MATCH,1
2021-09-30,EXCLUDE,Garden Reach Shipbuilders & Engineers Ltd.,GARDENREACHSHIPBUILDERSANDENGINEERS,GRSE,ind_prs15092021.pdf,https://niftyindices.com/Press_Release/ind_prs15092021.pdf,2021-09-15,OFFICIAL_NOTICE,56ab5fbf0a9e6e934ba0c4f1bc89444455e808a7b041ad58cab64ae52e9084db,OFFICIAL_EVIDENCE,NSE_75554DD3FC15,ACTIVE_DATE_MATCH,1
2021-09-30,EXCLUDE,Gulf Oil Lubricants India Ltd.,GULFOILLUBRICANTSINDIA,GULFOILLUB,ind_prs15092021.pdf,https://niftyindices.com/Press_Release/ind_prs15092021.pdf,2021-09-15,OFFICIAL_NOTICE,56ab5fbf0a9e6e934ba0c4f1bc89444455e808a7b041ad58cab64ae52e9084db,OFFICIAL_EVIDENCE,NSE_D1A2AB285CE4,ACTIVE_DATE_MATCH,1
2021-09-30,EXCLUDE,Himadri Speciality Chemical Ltd.,HIMADRISPECIALITYCHEMICAL,HSCL,ind_prs15092021.pdf,https://niftyindices.com/Press_Release/ind_prs15092021.pdf,2021-09-15,OFFICIAL_NOTICE,56ab5fbf0a9e6e934ba0c4f1bc89444455e808a7b041ad58cab64ae52e9084db,OFFICIAL_EVIDENCE,NSE_870926D02A20,ACTIVE_DATE_MATCH,1
2021-09-30,EXCLUDE,Huhtamaki India Ltd.,HUHTAMAKIINDIA,HUHTAMAKI,ind_prs15092021.pdf,https://niftyindices.com/Press_Release/ind_prs15092021.pdf,2021-09-15,OFFICIAL_NOTICE,56ab5fbf0a9e6e934ba0c4f1bc89444455e808a7b041ad58cab64ae52e9084db,OFFICIAL_EVIDENCE,NSE_F210221D2F17,ACTIVE_DATE_MATCH,1
2021-09-30,EXCLUDE,JTEKT India Ltd.,JTEKTINDIA,JTEKTINDIA,ind_prs15092021.pdf,https://niftyindices.com/Press_Release/ind_prs15092021.pdf,2021-09-15,OFFICIAL_NOTICE,56ab5fbf0a9e6e934ba0c4f1bc89444455e808a7b041ad58cab64ae52e9084db,OFFICIAL_EVIDENCE,NSE_D00C1130DAE7,ACTIVE_DATE_MATCH,1
2021-09-30,EXCLUDE,Maharashtra Scooters Ltd.,MAHARASHTRASCOOTERS,MAHSCOOTER,ind_prs15092021.pdf,https://niftyindices.com/Press_Release/ind_prs15092021.pdf,2021-09-15,OFFICIAL_NOTICE,56ab5fbf0a9e6e934ba0c4f1bc89444455e808a7b041ad58cab64ae52e9084db,OFFICIAL_EVIDENCE,NSE_E9CD94ECB13B,ACTIVE_DATE_MATCH,1
2021-09-30,EXCLUDE,Maharashtra Seamless Ltd.,MAHARASHTRASEAMLESS,MAHSEAMLES,ind_prs15092021.pdf,https://niftyindices.com/Press_Release/ind_prs15092021.pdf,2021-09-15,OFFICIAL_NOTICE,56ab5fbf0a9e6e934ba0c4f1bc89444455e808a7b041ad58cab64ae52e9084db,OFFICIAL_EVIDENCE,NSE_D45E2178880F,ACTIVE_DATE_MATCH,1
2021-09-30,EXCLUDE,MAS Financial Services Ltd.,MASFINANCIALSERVICES,MASFIN,ind_prs15092021.pdf,https://niftyindices.com/Press_Release/ind_prs15092021.pdf,2021-09-15,OFFICIAL_NOTICE,56ab5fbf0a9e6e934ba0c4f1bc89444455e808a7b041ad58cab64ae52e9084db,OFFICIAL_EVIDENCE,NSE_E1897D16F276,ACTIVE_DATE_MATCH,1
2021-09-30,EXCLUDE,Raymond Ltd.,RAYMOND,RAYMOND,ind_prs15092021.pdf,https://niftyindices.com/Press_Release/ind_prs15092021.pdf,2021-09-15,OFFICIAL_NOTICE,56ab5fbf0a9e6e934ba0c4f1bc89444455e808a7b041ad58cab64ae52e9084db,OFFICIAL_EVIDENCE,NSE_3E4C170F0F10,ACTIVE_DATE_MATCH,1
2021-09-30,EXCLUDE,Responsive Industries Ltd.,RESPONSIVEINDUSTRIES,RESPONIND,ind_prs15092021.pdf,https://niftyindices.com/Press_Release/ind_prs15092021.pdf,2021-09-15,OFFICIAL_NOTICE,56ab5fbf0a9e6e934ba0c4f1bc89444455e808a7b041ad58cab64ae52e9084db,OFFICIAL_EVIDENCE,NSE_D47F04514F84,ACTIVE_DATE_MATCH,1
2021-09-30,EXCLUDE,Shoppers Stop Ltd.,SHOPPERSSTOP,SHOPERSTOP,ind_prs15092021.pdf,https://niftyindices.com/Press_Release/ind_prs15092021.pdf,2021-09-15,OFFICIAL_NOTICE,56ab5fbf0a9e6e934ba0c4f1bc89444455e808a7b041ad58cab64ae52e9084db,OFFICIAL_EVIDENCE,NSE_FA3A03D8F627,ACTIVE_DATE_MATCH,1
2021-09-30,EXCLUDE,Sundaram Clayton Ltd.,SUNDARAMCLAYTON,SUNCLAYLTD,ind_prs15092021.pdf,https://niftyindices.com/Press_Release/ind_prs15092021.pdf,2021-09-15,OFFICIAL_NOTICE,56ab5fbf0a9e6e934ba0c4f1bc89444455e808a7b041ad58cab64ae52e9084db,OFFICIAL_EVIDENCE,NSE_72C836734F97,ACTIVE_DATE_MATCH,1
2021-09-30,EXCLUDE,Swan Energy Ltd.,SWANENERGY,SWANENERGY,ind_prs15092021.pdf,https://niftyindices.com/Press_Release/ind_prs15092021.pdf,2021-09-15,OFFICIAL_NOTICE,56ab5fbf0a9e6e934ba0c4f1bc89444455e808a7b041ad58cab64ae52e9084db,OFFICIAL_EVIDENCE,NSE_D12898B9CF83,ACTIVE_DATE_MATCH,1
2021-09-30,EXCLUDE,Tata Investment Corporation Ltd.,TATAINVESTMENTCORPORATION,TATAINVEST,ind_prs15092021.pdf,https://niftyindices.com/Press_Release/ind_prs15092021.pdf,2021-09-15,OFFICIAL_NOTICE,56ab5fbf0a9e6e934ba0c4f1bc89444455e808a7b041ad58cab64ae52e9084db,OFFICIAL_EVIDENCE,NSE_CC1A452E363C,ACTIVE_DATE_MATCH,1
2021-09-30,EXCLUDE,VST Industries Ltd.,VSTINDUSTRIES,VSTIND,ind_prs15092021.pdf,https://niftyindices.com/Press_Release/ind_prs15092021.pdf,2021-09-15,OFFICIAL_NOTICE,56ab5fbf0a9e6e934ba0c4f1bc89444455e808a7b041ad58cab64ae52e9084db,OFFICIAL_EVIDENCE,NSE_BB53E120FC24,ACTIVE_DATE_MATCH,1
2021-10-29,INCLUDE,Sona BLW Precision Forgings Ltd.,SONABLWPRECISIONFORGINGS,SONACOMS,ind_prs22102021.pdf,https://niftyindices.com/Press_Release/ind_prs22102021.pdf,2021-10-22,OFFICIAL_NOTICE,2dba81e7821ff406d7e4a80eccbeb852a741f7a712cd3a9e5468c1d22a40b767,OFFICIAL_EVIDENCE,NSE_7C88EBE4B68A,ACTIVE_DATE_MATCH,1
2021-10-29,EXCLUDE,GMR Infrastructure Ltd.,GMRINFRASTRUCTURE,GMRINFRA,ind_prs22102021.pdf,https://niftyindices.com/Press_Release/ind_prs22102021.pdf,2021-10-22,OFFICIAL_NOTICE,2dba81e7821ff406d7e4a80eccbeb852a741f7a712cd3a9e5468c1d22a40b767,OFFICIAL_EVIDENCE,NSE_22A49E238B39,ACTIVE_DATE_MATCH,1
2022-03-31,INCLUDE,Aditya Birla Sun Life AMC Ltd.,ADITYABIRLASUNLIFEAMC,ABSLAMC,ind_prs24022022_1.pdf,https://niftyindices.com/Press_Release/ind_prs24022022_1.pdf,2022-02-24,OFFICIAL_NOTICE,3091cf1c10b57bbae3b81645f5d91916a1af2bb7284902060f4640f7fb9fcd56,OFFICIAL_EVIDENCE,NSE_AD2E7AA5247F,ACTIVE_DATE_MATCH,1
2022-03-31,INCLUDE,Allcargo Logistics Ltd.,ALLCARGOLOGISTICS,ALLCARGO,ind_prs24022022_1.pdf,https://niftyindices.com/Press_Release/ind_prs24022022_1.pdf,2022-02-24,OFFICIAL_NOTICE,3091cf1c10b57bbae3b81645f5d91916a1af2bb7284902060f4640f7fb9fcd56,OFFICIAL_EVIDENCE,NSE_6E8A4A1EA4BA,ACTIVE_DATE_MATCH,1
2022-03-31,INCLUDE,Aptus Value Housing Finance India Ltd.,APTUSVALUEHOUSINGFINANCEINDIA,APTUS,ind_prs24022022_1.pdf,https://niftyindices.com/Press_Release/ind_prs24022022_1.pdf,2022-02-24,OFFICIAL_NOTICE,3091cf1c10b57bbae3b81645f5d91916a1af2bb7284902060f4640f7fb9fcd56,OFFICIAL_EVIDENCE,NSE_8FD1C183DE7B,ACTIVE_DATE_MATCH,1
2022-03-31,INCLUDE,Brightcom Group Ltd.,BRIGHTCOMGROUP,BCG,ind_prs24022022_1.pdf,https://niftyindices.com/Press_Release/ind_prs24022022_1.pdf,2022-02-24,OFFICIAL_NOTICE,3091cf1c10b57bbae3b81645f5d91916a1af2bb7284902060f4640f7fb9fcd56,OFFICIAL_EVIDENCE,NSE_474C5DED9C63,ACTIVE_DATE_MATCH,1
2022-03-31,INCLUDE,Borosil Renewables Ltd.,BOROSILRENEWABLES,BORORENEW,ind_prs24022022_1.pdf,https://niftyindices.com/Press_Release/ind_prs24022022_1.pdf,2022-02-24,OFFICIAL_NOTICE,3091cf1c10b57bbae3b81645f5d91916a1af2bb7284902060f4640f7fb9fcd56,OFFICIAL_EVIDENCE,NSE_D84D9BBEAF23,ACTIVE_DATE_MATCH,1
2022-03-31,INCLUDE,Chemplast Sanmar Ltd.,CHEMPLASTSANMAR,CHEMPLASTS,ind_prs24022022_1.pdf,https://niftyindices.com/Press_Release/ind_prs24022022_1.pdf,2022-02-24,OFFICIAL_NOTICE,3091cf1c10b57bbae3b81645f5d91916a1af2bb7284902060f4640f7fb9fcd56,OFFICIAL_EVIDENCE,NSE_BBAFE94E6772,ACTIVE_DATE_MATCH,1
2022-03-31,INCLUDE,Clean Science and Technology Ltd.,CLEANSCIENCEANDTECHNOLOGY,CLEAN,ind_prs24022022_1.pdf,https://niftyindices.com/Press_Release/ind_prs24022022_1.pdf,2022-02-24,OFFICIAL_NOTICE,3091cf1c10b57bbae3b81645f5d91916a1af2bb7284902060f4640f7fb9fcd56,OFFICIAL_EVIDENCE,NSE_69654D8C1E99,ACTIVE_DATE_MATCH,1
2022-03-31,INCLUDE,Devyani International Ltd.,DEVYANIINTERNATIONAL,DEVYANI,ind_prs24022022_1.pdf,https://niftyindices.com/Press_Release/ind_prs24022022_1.pdf,2022-02-24,OFFICIAL_NOTICE,3091cf1c10b57bbae3b81645f5d91916a1af2bb7284902060f4640f7fb9fcd56,OFFICIAL_EVIDENCE,NSE_4ADB73672A72,ACTIVE_DATE_MATCH,1
2022-03-31,INCLUDE,Easy Trip Planners Ltd.,EASYTRIPPLANNERS,EASEMYTRIP,ind_prs24022022_1.pdf,https://niftyindices.com/Press_Release/ind_prs24022022_1.pdf,2022-02-24,OFFICIAL_NOTICE,3091cf1c10b57bbae3b81645f5d91916a1af2bb7284902060f4640f7fb9fcd56,OFFICIAL_EVIDENCE,NSE_4F096D93F0F3,ACTIVE_DATE_MATCH,1
2022-03-31,INCLUDE,Glenmark Life Sciences Ltd.,GLENMARKLIFESCIENCES,GLS,ind_prs24022022_1.pdf,https://niftyindices.com/Press_Release/ind_prs24022022_1.pdf,2022-02-24,OFFICIAL_NOTICE,3091cf1c10b57bbae3b81645f5d91916a1af2bb7284902060f4640f7fb9fcd56,OFFICIAL_EVIDENCE,NSE_406ADDA47C2B,ACTIVE_DATE_MATCH,1
2022-03-31,INCLUDE,Go Fashion (India) Ltd.,GOFASHIONINDIA,GOCOLORS,ind_prs24022022_1.pdf,https://niftyindices.com/Press_Release/ind_prs24022022_1.pdf,2022-02-24,OFFICIAL_NOTICE,3091cf1c10b57bbae3b81645f5d91916a1af2bb7284902060f4640f7fb9fcd56,OFFICIAL_EVIDENCE,NSE_0E5DBEE7C6DB,ACTIVE_DATE_MATCH,1
2022-03-31,INCLUDE,G R Infraprojects Ltd.,GRINFRAPROJECTS,GRINFRA,ind_prs24022022_1.pdf,https://niftyindices.com/Press_Release/ind_prs24022022_1.pdf,2022-02-24,OFFICIAL_NOTICE,3091cf1c10b57bbae3b81645f5d91916a1af2bb7284902060f4640f7fb9fcd56,OFFICIAL_EVIDENCE,NSE_8A58397586E6,ACTIVE_DATE_MATCH,1
2022-03-31,INCLUDE,HLE Glascoat Ltd.,HLEGLASCOAT,HLEGLAS,ind_prs24022022_1.pdf,https://niftyindices.com/Press_Release/ind_prs24022022_1.pdf,2022-02-24,OFFICIAL_NOTICE,3091cf1c10b57bbae3b81645f5d91916a1af2bb7284902060f4640f7fb9fcd56,OFFICIAL_EVIDENCE,NSE_CDAA948370DB,ACTIVE_DATE_MATCH,1
2022-03-31,INCLUDE,Krishna Institute of Medical Sciences Ltd.,KRISHNAINSTITUTEOFMEDICALSCIENCES,KIMS,ind_prs24022022_1.pdf,https://niftyindices.com/Press_Release/ind_prs24022022_1.pdf,2022-02-24,OFFICIAL_NOTICE,3091cf1c10b57bbae3b81645f5d91916a1af2bb7284902060f4640f7fb9fcd56,OFFICIAL_EVIDENCE,NSE_AD18A213DACB,ACTIVE_DATE_MATCH,1
2022-03-31,INCLUDE,Latent View Analytics Ltd.,LATENTVIEWANALYTICS,LATENTVIEW,ind_prs24022022_1.pdf,https://niftyindices.com/Press_Release/ind_prs24022022_1.pdf,2022-02-24,OFFICIAL_NOTICE,3091cf1c10b57bbae3b81645f5d91916a1af2bb7284902060f4640f7fb9fcd56,OFFICIAL_EVIDENCE,NSE_AF3197470457,ACTIVE_DATE_MATCH,1
2022-03-31,INCLUDE,C.E. Info Systems Ltd.,CEINFOSYSTEMS,MAPMYINDIA,ind_prs24022022_1.pdf,https://niftyindices.com/Press_Release/ind_prs24022022_1.pdf,2022-02-24,OFFICIAL_NOTICE,3091cf1c10b57bbae3b81645f5d91916a1af2bb7284902060f4640f7fb9fcd56,OFFICIAL_EVIDENCE,NSE_77B10DEB942C,ACTIVE_DATE_MATCH,1
2022-03-31,INCLUDE,Medplus Health Services Ltd.,MEDPLUSHEALTHSERVICES,MEDPLUS,ind_prs24022022_1.pdf,https://niftyindices.com/Press_Release/ind_prs24022022_1.pdf,2022-02-24,OFFICIAL_NOTICE,3091cf1c10b57bbae3b81645f5d91916a1af2bb7284902060f4640f7fb9fcd56,OFFICIAL_EVIDENCE,NSE_CB495D5D7660,ACTIVE_DATE_MATCH,1
2022-03-31,INCLUDE,Metro Brands Ltd.,METROBRANDS,METROBRAND,ind_prs24022022_1.pdf,https://niftyindices.com/Press_Release/ind_prs24022022_1.pdf,2022-02-24,OFFICIAL_NOTICE,3091cf1c10b57bbae3b81645f5d91916a1af2bb7284902060f4640f7fb9fcd56,OFFICIAL_EVIDENCE,NSE_896B828BC329,ACTIVE_DATE_MATCH,1
2022-03-31,INCLUDE,Nuvoco Vistas Corporation Ltd.,NUVOCOVISTASCORPORATION,NUVOCO,ind_prs24022022_1.pdf,https://niftyindices.com/Press_Release/ind_prs24022022_1.pdf,2022-02-24,OFFICIAL_NOTICE,3091cf1c10b57bbae3b81645f5d91916a1af2bb7284902060f4640f7fb9fcd56,OFFICIAL_EVIDENCE,NSE_07126DA12DC3,ACTIVE_DATE_MATCH,1
2022-03-31,INCLUDE,FSN E-Commerce Ventures Ltd.,FSNECOMMERCEVENTURES,NYKAA,ind_prs24022022_1.pdf,https://niftyindices.com/Press_Release/ind_prs24022022_1.pdf,2022-02-24,OFFICIAL_NOTICE,3091cf1c10b57bbae3b81645f5d91916a1af2bb7284902060f4640f7fb9fcd56,OFFICIAL_EVIDENCE,NSE_6E5D69F7F69D,ACTIVE_DATE_MATCH,1
2022-03-31,INCLUDE,One 97 Communications Ltd.,ONE97COMMUNICATIONS,PAYTM,ind_prs24022022_1.pdf,https://niftyindices.com/Press_Release/ind_prs24022022_1.pdf,2022-02-24,OFFICIAL_NOTICE,3091cf1c10b57bbae3b81645f5d91916a1af2bb7284902060f4640f7fb9fcd56,OFFICIAL_EVIDENCE,NSE_CD88130B9E52,ACTIVE_DATE_MATCH,1
2022-03-31,INCLUDE,PB Fintech Ltd.,PBFINTECH,POLICYBZR,ind_prs24022022_1.pdf,https://niftyindices.com/Press_Release/ind_prs24022022_1.pdf,2022-02-24,OFFICIAL_NOTICE,3091cf1c10b57bbae3b81645f5d91916a1af2bb7284902060f4640f7fb9fcd56,OFFICIAL_EVIDENCE,NSE_38BB2C517032,ACTIVE_DATE_MATCH,1
2022-03-31,INCLUDE,Privi Speciality Chemicals Ltd.,PRIVISPECIALITYCHEMICALS,PRIVISCL,ind_prs24022022_1.pdf,https://niftyindices.com/Press_Release/ind_prs24022022_1.pdf,2022-02-24,OFFICIAL_NOTICE,3091cf1c10b57bbae3b81645f5d91916a1af2bb7284902060f4640f7fb9fcd56,OFFICIAL_EVIDENCE,NSE_F5B3E0E44D10,ACTIVE_DATE_MATCH,1
2022-03-31,INCLUDE,Shree Renuka Sugars Ltd.,SHREERENUKASUGARS,RENUKA,ind_prs24022022_1.pdf,https://niftyindices.com/Press_Release/ind_prs24022022_1.pdf,2022-02-24,OFFICIAL_NOTICE,3091cf1c10b57bbae3b81645f5d91916a1af2bb7284902060f4640f7fb9fcd56,OFFICIAL_EVIDENCE,NSE_91BD03BB23F6,ACTIVE_DATE_MATCH,1
2022-03-31,INCLUDE,RattanIndia Enterprises Ltd.,RATTANINDIAENTERPRISES,RTNINDIA,ind_prs24022022_1.pdf,https://niftyindices.com/Press_Release/ind_prs24022022_1.pdf,2022-02-24,OFFICIAL_NOTICE,3091cf1c10b57bbae3b81645f5d91916a1af2bb7284902060f4640f7fb9fcd56,OFFICIAL_EVIDENCE,NSE_1377DAD88BB5,ACTIVE_DATE_MATCH,1
2022-03-31,INCLUDE,Sapphire Foods India Ltd.,SAPPHIREFOODSINDIA,SAPPHIRE,ind_prs24022022_1.pdf,https://niftyindices.com/Press_Release/ind_prs24022022_1.pdf,2022-02-24,OFFICIAL_NOTICE,3091cf1c10b57bbae3b81645f5d91916a1af2bb7284902060f4640f7fb9fcd56,OFFICIAL_EVIDENCE,NSE_C9E4C554809A,ACTIVE_DATE_MATCH,1
2022-03-31,INCLUDE,Saregama India Ltd,SAREGAMAINDIA,SAREGAMA,ind_prs24022022_1.pdf,https://niftyindices.com/Press_Release/ind_prs24022022_1.pdf,2022-02-24,OFFICIAL_NOTICE,3091cf1c10b57bbae3b81645f5d91916a1af2bb7284902060f4640f7fb9fcd56,OFFICIAL_EVIDENCE,NSE_22C8D50BA4F4,ACTIVE_DATE_MATCH,1
2022-03-31,INCLUDE,Shyam Metalics and Energy Ltd.,SHYAMMETALICSANDENERGY,SHYAMMETL,ind_prs24022022_1.pdf,https://niftyindices.com/Press_Release/ind_prs24022022_1.pdf,2022-02-24,OFFICIAL_NOTICE,3091cf1c10b57bbae3b81645f5d91916a1af2bb7284902060f4640f7fb9fcd56,OFFICIAL_EVIDENCE,NSE_CF7DBA3753F8,ACTIVE_DATE_MATCH,1
2022-03-31,INCLUDE,Star Health and Allied Insurance Company Ltd.,STARHEALTHANDALLIEDINSURANCE,STARHEALTH,ind_prs24022022_1.pdf,https://niftyindices.com/Press_Release/ind_prs24022022_1.pdf,2022-02-24,OFFICIAL_NOTICE,3091cf1c10b57bbae3b81645f5d91916a1af2bb7284902060f4640f7fb9fcd56,OFFICIAL_EVIDENCE,NSE_1BBE3C0F77F8,ACTIVE_DATE_MATCH,1
2022-03-31,INCLUDE,Tata Investment Corporation Ltd.,TATAINVESTMENTCORPORATION,TATAINVEST,ind_prs24022022_1.pdf,https://niftyindices.com/Press_Release/ind_prs24022022_1.pdf,2022-02-24,OFFICIAL_NOTICE,3091cf1c10b57bbae3b81645f5d91916a1af2bb7284902060f4640f7fb9fcd56,OFFICIAL_EVIDENCE,NSE_CC1A452E363C,ACTIVE_DATE_MATCH,1
2022-03-31,INCLUDE,Vijaya Diagnostic Centre Ltd.,VIJAYADIAGNOSTICCENTRE,VIJAYA,ind_prs24022022_1.pdf,https://niftyindices.com/Press_Release/ind_prs24022022_1.pdf,2022-02-24,OFFICIAL_NOTICE,3091cf1c10b57bbae3b81645f5d91916a1af2bb7284902060f4640f7fb9fcd56,OFFICIAL_EVIDENCE,NSE_8EB3CD5CB5AD,ACTIVE_DATE_MATCH,1
2022-03-31,INCLUDE,Zomato Ltd.,ZOMATO,ZOMATO,ind_prs24022022_1.pdf,https://niftyindices.com/Press_Release/ind_prs24022022_1.pdf,2022-02-24,OFFICIAL_NOTICE,3091cf1c10b57bbae3b81645f5d91916a1af2bb7284902060f4640f7fb9fcd56,OFFICIAL_EVIDENCE,NSE_8EB4140F9B6D,ACTIVE_DATE_MATCH,1
2022-03-31,EXCLUDE,Alembic Ltd.,ALEMBIC,ALEMBICLTD,ind_prs24022022_1.pdf,https://niftyindices.com/Press_Release/ind_prs24022022_1.pdf,2022-02-24,OFFICIAL_NOTICE,3091cf1c10b57bbae3b81645f5d91916a1af2bb7284902060f4640f7fb9fcd56,OFFICIAL_EVIDENCE,NSE_C9C5A501D2C2,ACTIVE_DATE_MATCH,1
2022-03-31,EXCLUDE,Ashoka Buildcon Ltd.,ASHOKABUILDCON,ASHOKA,ind_prs24022022_1.pdf,https://niftyindices.com/Press_Release/ind_prs24022022_1.pdf,2022-02-24,OFFICIAL_NOTICE,3091cf1c10b57bbae3b81645f5d91916a1af2bb7284902060f4640f7fb9fcd56,OFFICIAL_EVIDENCE,NSE_7271BD099C26,ACTIVE_DATE_MATCH,1
2022-03-31,EXCLUDE,Bajaj Consumer Care Ltd.,BAJAJCONSUMERCARE,BAJAJCON,ind_prs24022022_1.pdf,https://niftyindices.com/Press_Release/ind_prs24022022_1.pdf,2022-02-24,OFFICIAL_NOTICE,3091cf1c10b57bbae3b81645f5d91916a1af2bb7284902060f4640f7fb9fcd56,OFFICIAL_EVIDENCE,NSE_F495F6B08158,ACTIVE_DATE_MATCH,1
2022-03-31,EXCLUDE,Bharat Rasayan Ltd.,BHARATRASAYAN,BHARATRAS,ind_prs24022022_1.pdf,https://niftyindices.com/Press_Release/ind_prs24022022_1.pdf,2022-02-24,OFFICIAL_NOTICE,3091cf1c10b57bbae3b81645f5d91916a1af2bb7284902060f4640f7fb9fcd56,OFFICIAL_EVIDENCE,NSE_351109872146,ACTIVE_DATE_MATCH,1
2022-03-31,EXCLUDE,Capri Global Capital Ltd.,CAPRIGLOBALCAPITAL,CGCL,ind_prs24022022_1.pdf,https://niftyindices.com/Press_Release/ind_prs24022022_1.pdf,2022-02-24,OFFICIAL_NOTICE,3091cf1c10b57bbae3b81645f5d91916a1af2bb7284902060f4640f7fb9fcd56,OFFICIAL_EVIDENCE,NSE_E7891F352261,ACTIVE_DATE_MATCH,1
2022-03-31,EXCLUDE,DCB Bank Ltd.,DCBBANK,DCBBANK,ind_prs24022022_1.pdf,https://niftyindices.com/Press_Release/ind_prs24022022_1.pdf,2022-02-24,OFFICIAL_NOTICE,3091cf1c10b57bbae3b81645f5d91916a1af2bb7284902060f4640f7fb9fcd56,OFFICIAL_EVIDENCE,NSE_D1B8254AD933,ACTIVE_DATE_MATCH,1
2022-03-31,EXCLUDE,Dhanuka Agritech Ltd.,DHANUKAAGRITECH,DHANUKA,ind_prs24022022_1.pdf,https://niftyindices.com/Press_Release/ind_prs24022022_1.pdf,2022-02-24,OFFICIAL_NOTICE,3091cf1c10b57bbae3b81645f5d91916a1af2bb7284902060f4640f7fb9fcd56,OFFICIAL_EVIDENCE,NSE_9891A0739E64,ACTIVE_DATE_MATCH,1
2022-03-31,EXCLUDE,Future Retail Ltd.,FUTURERETAIL,FRETAIL,ind_prs24022022_1.pdf,https://niftyindices.com/Press_Release/ind_prs24022022_1.pdf,2022-02-24,OFFICIAL_NOTICE,3091cf1c10b57bbae3b81645f5d91916a1af2bb7284902060f4640f7fb9fcd56,OFFICIAL_EVIDENCE,NSE_E987DDA51421,ACTIVE_DATE_MATCH,1
2022-03-31,EXCLUDE,Gillette India Ltd.,GILLETTEINDIA,GILLETTE,ind_prs24022022_1.pdf,https://niftyindices.com/Press_Release/ind_prs24022022_1.pdf,2022-02-24,OFFICIAL_NOTICE,3091cf1c10b57bbae3b81645f5d91916a1af2bb7284902060f4640f7fb9fcd56,OFFICIAL_EVIDENCE,NSE_E02C0941D910,ACTIVE_DATE_MATCH,1
2022-03-31,EXCLUDE,Greaves Cotton Ltd.,GREAVESCOTTON,GREAVESCOT,ind_prs24022022_1.pdf,https://niftyindices.com/Press_Release/ind_prs24022022_1.pdf,2022-02-24,OFFICIAL_NOTICE,3091cf1c10b57bbae3b81645f5d91916a1af2bb7284902060f4640f7fb9fcd56,OFFICIAL_EVIDENCE,NSE_57BC5308EED3,ACTIVE_DATE_MATCH,1
2022-03-31,EXCLUDE,HeidelbergCement India Ltd.,HEIDELBERGCEMENTINDIA,HEIDELBERG,ind_prs24022022_1.pdf,https://niftyindices.com/Press_Release/ind_prs24022022_1.pdf,2022-02-24,OFFICIAL_NOTICE,3091cf1c10b57bbae3b81645f5d91916a1af2bb7284902060f4640f7fb9fcd56,OFFICIAL_EVIDENCE,NSE_F10F8CF228CE,ACTIVE_DATE_MATCH,1
2022-03-31,EXCLUDE,Ingersoll Rand (India) Ltd.,INGERSOLLRANDINDIA,INGERRAND,ind_prs24022022_1.pdf,https://niftyindices.com/Press_Release/ind_prs24022022_1.pdf,2022-02-24,OFFICIAL_NOTICE,3091cf1c10b57bbae3b81645f5d91916a1af2bb7284902060f4640f7fb9fcd56,OFFICIAL_EVIDENCE,NSE_B34554B04EA8,ACTIVE_DATE_MATCH,1
2022-03-31,EXCLUDE,IOL Chem and Pharma Ltd.,IOLCHEMANDPHARMA,IOLCP,ind_prs24022022_1.pdf,https://niftyindices.com/Press_Release/ind_prs24022022_1.pdf,2022-02-24,OFFICIAL_NOTICE,3091cf1c10b57bbae3b81645f5d91916a1af2bb7284902060f4640f7fb9fcd56,OFFICIAL_EVIDENCE,NSE_9CB97949D5FC,ACTIVE_DATE_MATCH,1
2022-03-31,EXCLUDE,Johnson Controls - Hitachi Air Conditioning India Ltd.,JOHNSONCONTROLSHITACHIAIRCONDITIONINGINDIA,JCHAC,ind_prs24022022_1.pdf,https://niftyindices.com/Press_Release/ind_prs24022022_1.pdf,2022-02-24,OFFICIAL_NOTICE,3091cf1c10b57bbae3b81645f5d91916a1af2bb7284902060f4640f7fb9fcd56,OFFICIAL_EVIDENCE,NSE_85A771F24921,ACTIVE_DATE_MATCH,1
2022-03-31,EXCLUDE,Jindal Saw Ltd.,JINDALSAW,JINDALSAW,ind_prs24022022_1.pdf,https://niftyindices.com/Press_Release/ind_prs24022022_1.pdf,2022-02-24,OFFICIAL_NOTICE,3091cf1c10b57bbae3b81645f5d91916a1af2bb7284902060f4640f7fb9fcd56,OFFICIAL_EVIDENCE,NSE_D5AEC8D4EBC0,ACTIVE_DATE_MATCH,1
2022-03-31,EXCLUDE,JK Tyre & Industries Ltd.,JKTYREANDINDUSTRIES,JKTYRE,ind_prs24022022_1.pdf,https://niftyindices.com/Press_Release/ind_prs24022022_1.pdf,2022-02-24,OFFICIAL_NOTICE,3091cf1c10b57bbae3b81645f5d91916a1af2bb7284902060f4640f7fb9fcd56,OFFICIAL_EVIDENCE,NSE_8BF6891072D1,ACTIVE_DATE_MATCH,1
2022-03-31,EXCLUDE,KSB Ltd.,KSB,KSB,ind_prs24022022_1.pdf,https://niftyindices.com/Press_Release/ind_prs24022022_1.pdf,2022-02-24,OFFICIAL_NOTICE,3091cf1c10b57bbae3b81645f5d91916a1af2bb7284902060f4640f7fb9fcd56,OFFICIAL_EVIDENCE,NSE_7ADB1BE970F4,ACTIVE_DATE_MATCH,1
2022-03-31,EXCLUDE,Kaveri Seed Company Ltd.,KAVERISEED,KSCL,ind_prs24022022_1.pdf,https://niftyindices.com/Press_Release/ind_prs24022022_1.pdf,2022-02-24,OFFICIAL_NOTICE,3091cf1c10b57bbae3b81645f5d91916a1af2bb7284902060f4640f7fb9fcd56,OFFICIAL_EVIDENCE,NSE_8B27DC002544,ACTIVE_DATE_MATCH,1
2022-03-31,EXCLUDE,La Opala RG Ltd.,LAOPALARG,LAOPALA,ind_prs24022022_1.pdf,https://niftyindices.com/Press_Release/ind_prs24022022_1.pdf,2022-02-24,OFFICIAL_NOTICE,3091cf1c10b57bbae3b81645f5d91916a1af2bb7284902060f4640f7fb9fcd56,OFFICIAL_EVIDENCE,NSE_5C11B50967B3,ACTIVE_DATE_MATCH,1
2022-03-31,EXCLUDE,Lemon Tree Hotels Ltd.,LEMONTREEHOTELS,LEMONTREE,ind_prs24022022_1.pdf,https://niftyindices.com/Press_Release/ind_prs24022022_1.pdf,2022-02-24,OFFICIAL_NOTICE,3091cf1c10b57bbae3b81645f5d91916a1af2bb7284902060f4640f7fb9fcd56,OFFICIAL_EVIDENCE,NSE_4AFBC5E81D2E,ACTIVE_DATE_MATCH,1
2022-03-31,EXCLUDE,Mishra Dhatu Nigam Ltd.,MISHRADHATUNIGAM,MIDHANI,ind_prs24022022_1.pdf,https://niftyindices.com/Press_Release/ind_prs24022022_1.pdf,2022-02-24,OFFICIAL_NOTICE,3091cf1c10b57bbae3b81645f5d91916a1af2bb7284902060f4640f7fb9fcd56,OFFICIAL_EVIDENCE,NSE_6ADCE5AAF1F7,ACTIVE_DATE_MATCH,1
2022-03-31,EXCLUDE,Minda Corporation Ltd.,MINDACORPORATION,MINDACORP,ind_prs24022022_1.pdf,https://niftyindices.com/Press_Release/ind_prs24022022_1.pdf,2022-02-24,OFFICIAL_NOTICE,3091cf1c10b57bbae3b81645f5d91916a1af2bb7284902060f4640f7fb9fcd56,OFFICIAL_EVIDENCE,NSE_D92A46834C0F,ACTIVE_DATE_MATCH,1
2022-03-31,EXCLUDE,National Fertilizers Ltd.,NATIONALFERTILIZERS,NFL,ind_prs24022022_1.pdf,https://niftyindices.com/Press_Release/ind_prs24022022_1.pdf,2022-02-24,OFFICIAL_NOTICE,3091cf1c10b57bbae3b81645f5d91916a1af2bb7284902060f4640f7fb9fcd56,OFFICIAL_EVIDENCE,NSE_7AD0C8434979,ACTIVE_DATE_MATCH,1
2022-03-31,EXCLUDE,Nilkamal Ltd.,NILKAMAL,NILKAMAL,ind_prs24022022_1.pdf,https://niftyindices.com/Press_Release/ind_prs24022022_1.pdf,2022-02-24,OFFICIAL_NOTICE,3091cf1c10b57bbae3b81645f5d91916a1af2bb7284902060f4640f7fb9fcd56,OFFICIAL_EVIDENCE,NSE_75A1EC6089B7,ACTIVE_DATE_MATCH,1
2022-03-31,EXCLUDE,Schneider Electric Infrastructure Ltd.,SCHNEIDERELECTRICINFRASTRUCTURE,SCHNEIDER,ind_prs24022022_1.pdf,https://niftyindices.com/Press_Release/ind_prs24022022_1.pdf,2022-02-24,OFFICIAL_NOTICE,3091cf1c10b57bbae3b81645f5d91916a1af2bb7284902060f4640f7fb9fcd56,OFFICIAL_EVIDENCE,NSE_3CFB46E142F9,ACTIVE_DATE_MATCH,1
2022-03-31,EXCLUDE,Sharda Cropchem Ltd.,SHARDACROPCHEM,SHARDACROP,ind_prs24022022_1.pdf,https://niftyindices.com/Press_Release/ind_prs24022022_1.pdf,2022-02-24,OFFICIAL_NOTICE,3091cf1c10b57bbae3b81645f5d91916a1af2bb7284902060f4640f7fb9fcd56,OFFICIAL_EVIDENCE,NSE_AE697C87E3F3,ACTIVE_DATE_MATCH,1
2022-03-31,EXCLUDE,Spandana Sphoorty Financial Ltd.,SPANDANASPHOORTYFINANCIAL,SPANDANA,ind_prs24022022_1.pdf,https://niftyindices.com/Press_Release/ind_prs24022022_1.pdf,2022-02-24,OFFICIAL_NOTICE,3091cf1c10b57bbae3b81645f5d91916a1af2bb7284902060f4640f7fb9fcd56,OFFICIAL_EVIDENCE,NSE_EFA321C47A4C,ACTIVE_DATE_MATCH,1
2022-03-31,EXCLUDE,Star Cement Ltd.,STARCEMENT,STARCEMENT,ind_prs24022022_1.pdf,https://niftyindices.com/Press_Release/ind_prs24022022_1.pdf,2022-02-24,OFFICIAL_NOTICE,3091cf1c10b57bbae3b81645f5d91916a1af2bb7284902060f4640f7fb9fcd56,OFFICIAL_EVIDENCE,NSE_9ABAD18182CF,ACTIVE_DATE_MATCH,1
2022-03-31,EXCLUDE,Tasty Bite Eatables Ltd.,TASTYBITEEATABLES,TASTYBITE,ind_prs24022022_1.pdf,https://niftyindices.com/Press_Release/ind_prs24022022_1.pdf,2022-02-24,OFFICIAL_NOTICE,3091cf1c10b57bbae3b81645f5d91916a1af2bb7284902060f4640f7fb9fcd56,OFFICIAL_EVIDENCE,NSE_955CB9307A3C,ACTIVE_DATE_MATCH,1
2022-03-31,EXCLUDE,Ujjivan Financial Services Ltd.,UJJIVANFINANCIALSERVICES,UJJIVAN,ind_prs24022022_1.pdf,https://niftyindices.com/Press_Release/ind_prs24022022_1.pdf,2022-02-24,OFFICIAL_NOTICE,3091cf1c10b57bbae3b81645f5d91916a1af2bb7284902060f4640f7fb9fcd56,OFFICIAL_EVIDENCE,NSE_6F61D6CF659B,ACTIVE_DATE_MATCH,1
2022-03-31,EXCLUDE,Ujjivan Small Finance Bank Ltd.,UJJIVANSMALLFINANCEBANK,UJJIVANSFB,ind_prs24022022_1.pdf,https://niftyindices.com/Press_Release/ind_prs24022022_1.pdf,2022-02-24,OFFICIAL_NOTICE,3091cf1c10b57bbae3b81645f5d91916a1af2bb7284902060f4640f7fb9fcd56,OFFICIAL_EVIDENCE,NSE_702CAC2EC1DE,ACTIVE_DATE_MATCH,1
2022-03-31,EXCLUDE,Valiant Organics Ltd.,VALIANTORGANICS,VALIANTORG,ind_prs24022022_1.pdf,https://niftyindices.com/Press_Release/ind_prs24022022_1.pdf,2022-02-24,OFFICIAL_NOTICE,3091cf1c10b57bbae3b81645f5d91916a1af2bb7284902060f4640f7fb9fcd56,OFFICIAL_EVIDENCE,NSE_7C0DF1AA648B,ACTIVE_DATE_MATCH,1
2022-04-07,INCLUDE,MTAR Technologies Ltd.,MTARTECHNOLOGIES,MTARTECH,ind_prs06042022.pdf,https://niftyindices.com/Press_Release/ind_prs06042022.pdf,2022-04-06,OFFICIAL_NOTICE,28c87c7a5f3817a9fbfb393827af0a9a4e82a86d27086e1f06f07949d6407b4a,OFFICIAL_EVIDENCE,NSE_DC71E4171668,ACTIVE_DATE_MATCH,1
2022-04-07,EXCLUDE,Supreme Petrochem Ltd.,SUPREMEPETROCHEM,SUPPETRO,ind_prs06042022.pdf,https://niftyindices.com/Press_Release/ind_prs06042022.pdf,2022-04-06,OFFICIAL_NOTICE,28c87c7a5f3817a9fbfb393827af0a9a4e82a86d27086e1f06f07949d6407b4a,OFFICIAL_EVIDENCE,NSE_AA00EC8A4A3D,UNIQUE_SYMBOL_HISTORY,1
2022-04-12,INCLUDE,Capri Global Capital Ltd.,CAPRIGLOBALCAPITAL,CGCL,ind_prs05042022_1.pdf,https://niftyindices.com/Press_Release/ind_prs05042022_1.pdf,2022-04-05,OFFICIAL_NOTICE,c76a16d556f016cdad7499a15e22fb0b505293eae06a5ca45e42bba5a7b570db,OFFICIAL_EVIDENCE,NSE_E7891F352261,ACTIVE_DATE_MATCH,1
2022-04-12,EXCLUDE,BEML Ltd.,BEML,BEML,ind_prs05042022_1.pdf,https://niftyindices.com/Press_Release/ind_prs05042022_1.pdf,2022-04-05,OFFICIAL_NOTICE,c76a16d556f016cdad7499a15e22fb0b505293eae06a5ca45e42bba5a7b570db,OFFICIAL_EVIDENCE,NSE_873E06A5291B,ACTIVE_DATE_MATCH,1
2022-05-04,INCLUDE,GMR Infrastructure Ltd.,GMRINFRASTRUCTURE,GMRINFRA,ind_prs05042022.pdf,https://niftyindices.com/Press_Release/ind_prs05042022.pdf,2022-04-05,OFFICIAL_NOTICE,25f02e601b344e8f069d32bc4e42ebc6a147ac74f29c31130bcd7ef6d241f2ec,OFFICIAL_EVIDENCE,NSE_22A49E238B39,ACTIVE_DATE_MATCH,1
2022-05-04,EXCLUDE,Aarti Industries Ltd.,AARTIINDUSTRIES,AARTIIND,ind_prs05042022.pdf,https://niftyindices.com/Press_Release/ind_prs05042022.pdf,2022-04-05,OFFICIAL_NOTICE,25f02e601b344e8f069d32bc4e42ebc6a147ac74f29c31130bcd7ef6d241f2ec,OFFICIAL_EVIDENCE,NSE_81E1BA306A07,ACTIVE_DATE_MATCH,1
2022-05-31,INCLUDE,Triveni Engineering & Industries Ltd.,TRIVENIENGINEERINGANDINDUSTRIES,TRIVENI,ind_prs24052022.pdf,https://niftyindices.com/Press_Release/ind_prs24052022.pdf,2022-05-24,OFFICIAL_NOTICE,fba54facb2525ab92cdf5952d72d0a1a91e22d8ba6d6d9b50a6780c7e6d15ce7,OFFICIAL_EVIDENCE,NSE_C5E1346C906E,ACTIVE_DATE_MATCH,1
2022-05-31,EXCLUDE,Jindal Stainless (Hisar) Ltd.,JINDALSTAINLESSHISAR,JSLHISAR,ind_prs24052022.pdf,https://niftyindices.com/Press_Release/ind_prs24052022.pdf,2022-05-24,OFFICIAL_NOTICE,fba54facb2525ab92cdf5952d72d0a1a91e22d8ba6d6d9b50a6780c7e6d15ce7,OFFICIAL_EVIDENCE,NSE_E6FA1070E643,ACTIVE_DATE_MATCH,1
2022-08-08,INCLUDE,Campus Activewear Ltd.,CAMPUSACTIVEWEAR,CAMPUS,ind_prs11072022.pdf,https://niftyindices.com/Press_Release/ind_prs11072022.pdf,2022-07-11,OFFICIAL_NOTICE,dd1021f2123de0facdce17c6dd3cd0e21dc30f1665f346c2798c93f700982e1f,OFFICIAL_EVIDENCE,NSE_D4C1A1AFCB62,ACTIVE_DATE_MATCH,1
2022-08-08,INCLUDE,Delhivery Ltd.,DELHIVERY,DELHIVERY,ind_prs11072022.pdf,https://niftyindices.com/Press_Release/ind_prs11072022.pdf,2022-07-11,OFFICIAL_NOTICE,dd1021f2123de0facdce17c6dd3cd0e21dc30f1665f346c2798c93f700982e1f,OFFICIAL_EVIDENCE,NSE_01C6D9F0E3F6,ACTIVE_DATE_MATCH,1
2022-08-08,INCLUDE,Life Insurance Corporation of India,LIFEINSURANCECORPORATIONOFINDIA,LICI,ind_prs11072022.pdf,https://niftyindices.com/Press_Release/ind_prs11072022.pdf,2022-07-11,OFFICIAL_NOTICE,dd1021f2123de0facdce17c6dd3cd0e21dc30f1665f346c2798c93f700982e1f,OFFICIAL_EVIDENCE,NSE_9AD9F6D272D7,ACTIVE_DATE_MATCH,1
2022-08-08,EXCLUDE,NMDC Ltd.,NMDC,NMDC,ind_prs11072022.pdf,https://niftyindices.com/Press_Release/ind_prs11072022.pdf,2022-07-11,OFFICIAL_NOTICE,dd1021f2123de0facdce17c6dd3cd0e21dc30f1665f346c2798c93f700982e1f,OFFICIAL_EVIDENCE,NSE_6693136E8F8D,ACTIVE_DATE_MATCH,1
2022-08-08,EXCLUDE,Piramal Enterprises Ltd.,PIRAMALENTERPRISES,PEL,ind_prs11072022.pdf,https://niftyindices.com/Press_Release/ind_prs11072022.pdf,2022-07-11,OFFICIAL_NOTICE,dd1021f2123de0facdce17c6dd3cd0e21dc30f1665f346c2798c93f700982e1f,OFFICIAL_EVIDENCE,NSE_A4B76A210E61,ACTIVE_DATE_MATCH,1
2022-08-08,EXCLUDE,Shriram City Union Finance Ltd.,SHRIRAMCITYUNIONFINANCE,SHRIRAMCIT,ind_prs11072022.pdf,https://niftyindices.com/Press_Release/ind_prs11072022.pdf,2022-07-11,OFFICIAL_NOTICE,dd1021f2123de0facdce17c6dd3cd0e21dc30f1665f346c2798c93f700982e1f,OFFICIAL_EVIDENCE,NSE_A4E2E02F6E83,ACTIVE_DATE_MATCH,1
2022-09-30,INCLUDE,Aether Industries Ltd.,AETHERINDUSTRIES,AETHER,ind_prs01092022.pdf,https://niftyindices.com/Press_Release/ind_prs01092022.pdf,2022-09-01,OFFICIAL_NOTICE,16166ac483166d47c9b0aef2293f86e0c82a619999bd71902ee97803de89a0e1,OFFICIAL_EVIDENCE,NSE_A719D8A80060,ACTIVE_DATE_MATCH,1
2022-09-30,INCLUDE,Adani Wilmar Ltd.,ADANIWILMAR,AWL,ind_prs01092022.pdf,https://niftyindices.com/Press_Release/ind_prs01092022.pdf,2022-09-01,OFFICIAL_NOTICE,16166ac483166d47c9b0aef2293f86e0c82a619999bd71902ee97803de89a0e1,OFFICIAL_EVIDENCE,NSE_F639A82E6848,ACTIVE_DATE_MATCH,1
2022-09-30,INCLUDE,Bharat Rasayan Ltd.,BHARATRASAYAN,BHARATRAS,ind_prs01092022.pdf,https://niftyindices.com/Press_Release/ind_prs01092022.pdf,2022-09-01,OFFICIAL_NOTICE,16166ac483166d47c9b0aef2293f86e0c82a619999bd71902ee97803de89a0e1,OFFICIAL_EVIDENCE,NSE_351109872146,ACTIVE_DATE_MATCH,1
2022-09-30,INCLUDE,Deepak Fertilisers & Petrochemicals Corp. Ltd.,DEEPAKFERTILISERSANDPETROCHEMICALSCORP,DEEPAKFERT,ind_prs01092022.pdf,https://niftyindices.com/Press_Release/ind_prs01092022.pdf,2022-09-01,OFFICIAL_NOTICE,16166ac483166d47c9b0aef2293f86e0c82a619999bd71902ee97803de89a0e1,OFFICIAL_EVIDENCE,NSE_9EF7F390DA4E,ACTIVE_DATE_MATCH,1
2022-09-30,INCLUDE,Greenpanel Industries Ltd.,GREENPANELINDUSTRIES,GREENPANEL,ind_prs01092022.pdf,https://niftyindices.com/Press_Release/ind_prs01092022.pdf,2022-09-01,OFFICIAL_NOTICE,16166ac483166d47c9b0aef2293f86e0c82a619999bd71902ee97803de89a0e1,OFFICIAL_EVIDENCE,NSE_38D041A935C4,ACTIVE_DATE_MATCH,1
2022-09-30,INCLUDE,JBM Auto Ltd.,JBMAUTO,JBMA,ind_prs01092022.pdf,https://niftyindices.com/Press_Release/ind_prs01092022.pdf,2022-09-01,OFFICIAL_NOTICE,16166ac483166d47c9b0aef2293f86e0c82a619999bd71902ee97803de89a0e1,OFFICIAL_EVIDENCE,NSE_1846247E74B4,ACTIVE_DATE_MATCH,1
2022-09-30,INCLUDE,Mahindra Lifespace Developers Ltd.,MAHINDRALIFESPACEDEVELOPERS,MAHLIFE,ind_prs01092022.pdf,https://niftyindices.com/Press_Release/ind_prs01092022.pdf,2022-09-01,OFFICIAL_NOTICE,16166ac483166d47c9b0aef2293f86e0c82a619999bd71902ee97803de89a0e1,OFFICIAL_EVIDENCE,NSE_57304F91501D,ACTIVE_DATE_MATCH,1
2022-09-30,INCLUDE,Vedant Fashions Ltd.,VEDANTFASHIONS,MANYAVAR,ind_prs01092022.pdf,https://niftyindices.com/Press_Release/ind_prs01092022.pdf,2022-09-01,OFFICIAL_NOTICE,16166ac483166d47c9b0aef2293f86e0c82a619999bd71902ee97803de89a0e1,OFFICIAL_EVIDENCE,NSE_23357FE2177E,ACTIVE_DATE_MATCH,1
2022-09-30,INCLUDE,Samvardhana Motherson International Ltd.,SAMVARDHANAMOTHERSONINTERNATIONAL,MOTHERSON,ind_prs01092022.pdf,https://niftyindices.com/Press_Release/ind_prs01092022.pdf,2022-09-01,OFFICIAL_NOTICE,16166ac483166d47c9b0aef2293f86e0c82a619999bd71902ee97803de89a0e1,OFFICIAL_EVIDENCE,NSE_108254EF6AA4,ACTIVE_DATE_MATCH,1
2022-09-30,INCLUDE,Motherson Sumi Wiring India Ltd.,MOTHERSONSUMIWIRINGINDIA,MSUMI,ind_prs01092022.pdf,https://niftyindices.com/Press_Release/ind_prs01092022.pdf,2022-09-01,OFFICIAL_NOTICE,16166ac483166d47c9b0aef2293f86e0c82a619999bd71902ee97803de89a0e1,OFFICIAL_EVIDENCE,NSE_238128DD84D9,ACTIVE_DATE_MATCH,1
2022-09-30,INCLUDE,NIIT Ltd.,NIIT,NIITLTD,ind_prs01092022.pdf,https://niftyindices.com/Press_Release/ind_prs01092022.pdf,2022-09-01,OFFICIAL_NOTICE,16166ac483166d47c9b0aef2293f86e0c82a619999bd71902ee97803de89a0e1,OFFICIAL_EVIDENCE,NSE_9AE82A200CBD,ACTIVE_DATE_MATCH,1
2022-09-30,INCLUDE,Olectra Greentech Ltd.,OLECTRAGREENTECH,OLECTRA,ind_prs01092022.pdf,https://niftyindices.com/Press_Release/ind_prs01092022.pdf,2022-09-01,OFFICIAL_NOTICE,16166ac483166d47c9b0aef2293f86e0c82a619999bd71902ee97803de89a0e1,OFFICIAL_EVIDENCE,NSE_5150A3790D49,ACTIVE_DATE_MATCH,1
2022-09-30,INCLUDE,Patanjali Foods Ltd.,PATANJALIFOODS,PATANJALI,ind_prs01092022.pdf,https://niftyindices.com/Press_Release/ind_prs01092022.pdf,2022-09-01,OFFICIAL_NOTICE,16166ac483166d47c9b0aef2293f86e0c82a619999bd71902ee97803de89a0e1,OFFICIAL_EVIDENCE,NSE_6F0680684ED9,ACTIVE_DATE_MATCH,1
2022-09-30,INCLUDE,Raymond Ltd.,RAYMOND,RAYMOND,ind_prs01092022.pdf,https://niftyindices.com/Press_Release/ind_prs01092022.pdf,2022-09-01,OFFICIAL_NOTICE,16166ac483166d47c9b0aef2293f86e0c82a619999bd71902ee97803de89a0e1,OFFICIAL_EVIDENCE,NSE_3E4C170F0F10,ACTIVE_DATE_MATCH,1
2022-09-30,INCLUDE,Sharda Cropchem Ltd.,SHARDACROPCHEM,SHARDACROP,ind_prs01092022.pdf,https://niftyindices.com/Press_Release/ind_prs01092022.pdf,2022-09-01,OFFICIAL_NOTICE,16166ac483166d47c9b0aef2293f86e0c82a619999bd71902ee97803de89a0e1,OFFICIAL_EVIDENCE,NSE_AE697C87E3F3,ACTIVE_DATE_MATCH,1
2022-09-30,INCLUDE,Shoppers Stop Ltd.,SHOPPERSSTOP,SHOPERSTOP,ind_prs16092022.pdf,https://niftyindices.com/Press_Release/ind_prs16092022.pdf,2022-09-16,OFFICIAL_NOTICE,4c456435c1a862fa74ae71cd7a7af676b5ed173dd9e3805f56b133d361904166,OFFICIAL_EVIDENCE,NSE_FA3A03D8F627,ACTIVE_DATE_MATCH,1
2022-09-30,INCLUDE,Swan Energy Ltd.,SWANENERGY,SWANENERGY,ind_prs01092022.pdf,https://niftyindices.com/Press_Release/ind_prs01092022.pdf,2022-09-01,OFFICIAL_NOTICE,16166ac483166d47c9b0aef2293f86e0c82a619999bd71902ee97803de89a0e1,OFFICIAL_EVIDENCE,NSE_D12898B9CF83,ACTIVE_DATE_MATCH,1
2022-09-30,INCLUDE,Transport Corporation of India Ltd.,TRANSPORTCORPORATIONOFINDIA,TCI,ind_prs01092022.pdf,https://niftyindices.com/Press_Release/ind_prs01092022.pdf,2022-09-01,OFFICIAL_NOTICE,16166ac483166d47c9b0aef2293f86e0c82a619999bd71902ee97803de89a0e1,OFFICIAL_EVIDENCE,NSE_B7616A734F2C,ACTIVE_DATE_MATCH,1
2022-09-30,INCLUDE,Tejas Networks Ltd.,TEJASNETWORKS,TEJASNET,ind_prs01092022.pdf,https://niftyindices.com/Press_Release/ind_prs01092022.pdf,2022-09-01,OFFICIAL_NOTICE,16166ac483166d47c9b0aef2293f86e0c82a619999bd71902ee97803de89a0e1,OFFICIAL_EVIDENCE,NSE_E87D6DAE68AE,ACTIVE_DATE_MATCH,1
2022-09-30,EXCLUDE,Advanced Enzyme Tech Ltd.,ADVANCEDENZYMETECH,ADVENZYMES,ind_prs01092022.pdf,https://niftyindices.com/Press_Release/ind_prs01092022.pdf,2022-09-01,OFFICIAL_NOTICE,16166ac483166d47c9b0aef2293f86e0c82a619999bd71902ee97803de89a0e1,OFFICIAL_EVIDENCE,NSE_617F173B98ED,ACTIVE_DATE_MATCH,1
2022-09-30,EXCLUDE,Equitas Holdings Ltd.,EQUITASHOLDINGS,EQUITAS,ind_prs16092022.pdf,https://niftyindices.com/Press_Release/ind_prs16092022.pdf,2022-09-16,OFFICIAL_NOTICE,4c456435c1a862fa74ae71cd7a7af676b5ed173dd9e3805f56b133d361904166,OFFICIAL_EVIDENCE,NSE_1BB2D50D7572,ACTIVE_DATE_MATCH,1
2022-09-30,EXCLUDE,Eris Lifesciences Ltd.,ERISLIFESCIENCES,ERIS,ind_prs01092022.pdf,https://niftyindices.com/Press_Release/ind_prs01092022.pdf,2022-09-01,OFFICIAL_NOTICE,16166ac483166d47c9b0aef2293f86e0c82a619999bd71902ee97803de89a0e1,OFFICIAL_EVIDENCE,NSE_8CDF4E326200,ACTIVE_DATE_MATCH,1
2022-09-30,EXCLUDE,Glenmark Life Sciences Ltd.,GLENMARKLIFESCIENCES,GLS,ind_prs01092022.pdf,https://niftyindices.com/Press_Release/ind_prs01092022.pdf,2022-09-01,OFFICIAL_NOTICE,16166ac483166d47c9b0aef2293f86e0c82a619999bd71902ee97803de89a0e1,OFFICIAL_EVIDENCE,NSE_406ADDA47C2B,ACTIVE_DATE_MATCH,1
2022-09-30,EXCLUDE,Hathway Cable & Datacom Ltd.,HATHWAYCABLEANDDATACOM,HATHWAY,ind_prs01092022.pdf,https://niftyindices.com/Press_Release/ind_prs01092022.pdf,2022-09-01,OFFICIAL_NOTICE,16166ac483166d47c9b0aef2293f86e0c82a619999bd71902ee97803de89a0e1,OFFICIAL_EVIDENCE,NSE_BC781E1A1FE3,ACTIVE_DATE_MATCH,1
2022-09-30,EXCLUDE,Hemisphere Properties India Ltd.,HEMISPHEREPROPERTIESINDIA,HEMIPROP,ind_prs01092022.pdf,https://niftyindices.com/Press_Release/ind_prs01092022.pdf,2022-09-01,OFFICIAL_NOTICE,16166ac483166d47c9b0aef2293f86e0c82a619999bd71902ee97803de89a0e1,OFFICIAL_EVIDENCE,NSE_80E6BAAF27E1,ACTIVE_DATE_MATCH,1
2022-09-30,EXCLUDE,Indo Count Industries Ltd.,INDOCOUNTINDUSTRIES,ICIL,ind_prs01092022.pdf,https://niftyindices.com/Press_Release/ind_prs01092022.pdf,2022-09-01,OFFICIAL_NOTICE,16166ac483166d47c9b0aef2293f86e0c82a619999bd71902ee97803de89a0e1,OFFICIAL_EVIDENCE,NSE_41D6658A86E3,ACTIVE_DATE_MATCH,1
2022-09-30,EXCLUDE,IRCON International Ltd.,IRCONINTERNATIONAL,IRCON,ind_prs01092022.pdf,https://niftyindices.com/Press_Release/ind_prs01092022.pdf,2022-09-01,OFFICIAL_NOTICE,16166ac483166d47c9b0aef2293f86e0c82a619999bd71902ee97803de89a0e1,OFFICIAL_EVIDENCE,NSE_3F905739D72F,ACTIVE_DATE_MATCH,1
2022-09-30,EXCLUDE,MindTree Ltd.*,MINDTREE,MINDTREE,ind_prs01092022.pdf,https://niftyindices.com/Press_Release/ind_prs01092022.pdf,2022-09-01,OFFICIAL_NOTICE,16166ac483166d47c9b0aef2293f86e0c82a619999bd71902ee97803de89a0e1,OFFICIAL_EVIDENCE,NSE_FF6FC74E85C1,ACTIVE_DATE_MATCH,1
2022-09-30,EXCLUDE,NESCO Ltd.,NESCO,NESCO,ind_prs01092022.pdf,https://niftyindices.com/Press_Release/ind_prs01092022.pdf,2022-09-01,OFFICIAL_NOTICE,16166ac483166d47c9b0aef2293f86e0c82a619999bd71902ee97803de89a0e1,OFFICIAL_EVIDENCE,NSE_B314BB60ABB8,ACTIVE_DATE_MATCH,1
2022-09-30,EXCLUDE,Railtel Corporation Of India Ltd.,RAILTELCORPORATIONOFINDIA,RAILTEL,ind_prs01092022.pdf,https://niftyindices.com/Press_Release/ind_prs01092022.pdf,2022-09-01,OFFICIAL_NOTICE,16166ac483166d47c9b0aef2293f86e0c82a619999bd71902ee97803de89a0e1,OFFICIAL_EVIDENCE,NSE_4343189A6F18,ACTIVE_DATE_MATCH,1
2022-09-30,EXCLUDE,Sequent Scientific Ltd.,SEQUENTSCIENTIFIC,SEQUENT,ind_prs01092022.pdf,https://niftyindices.com/Press_Release/ind_prs01092022.pdf,2022-09-01,OFFICIAL_NOTICE,16166ac483166d47c9b0aef2293f86e0c82a619999bd71902ee97803de89a0e1,OFFICIAL_EVIDENCE,NSE_F7B46E5369C2,ACTIVE_DATE_MATCH,1
2022-09-30,EXCLUDE,Solara Active Pharma Sciences Ltd.,SOLARAACTIVEPHARMASCIENCES,SOLARA,ind_prs01092022.pdf,https://niftyindices.com/Press_Release/ind_prs01092022.pdf,2022-09-01,OFFICIAL_NOTICE,16166ac483166d47c9b0aef2293f86e0c82a619999bd71902ee97803de89a0e1,OFFICIAL_EVIDENCE,NSE_DED817305039,ACTIVE_DATE_MATCH,1
2022-09-30,EXCLUDE,Spicejet Ltd.,SPICEJET,SPICEJET,ind_prs01092022.pdf,https://niftyindices.com/Press_Release/ind_prs01092022.pdf,2022-09-01,OFFICIAL_NOTICE,16166ac483166d47c9b0aef2293f86e0c82a619999bd71902ee97803de89a0e1,OFFICIAL_EVIDENCE,NSE_87489588C163,ACTIVE_DATE_MATCH,1
2022-09-30,EXCLUDE,Strides Pharma Science Ltd.,STRIDESPHARMASCIENCE,STAR,ind_prs01092022.pdf,https://niftyindices.com/Press_Release/ind_prs01092022.pdf,2022-09-01,OFFICIAL_NOTICE,16166ac483166d47c9b0aef2293f86e0c82a619999bd71902ee97803de89a0e1,OFFICIAL_EVIDENCE,NSE_72AFBEE07E5D,ACTIVE_DATE_MATCH,1
2022-09-30,EXCLUDE,Tata Steel Long Products Ltd.,TATASTEELLONGPRODUCTS,TATASTLLP,ind_prs01092022.pdf,https://niftyindices.com/Press_Release/ind_prs01092022.pdf,2022-09-01,OFFICIAL_NOTICE,16166ac483166d47c9b0aef2293f86e0c82a619999bd71902ee97803de89a0e1,OFFICIAL_EVIDENCE,NSE_418B7FB30526,ACTIVE_DATE_MATCH,1
2022-09-30,EXCLUDE,UCO Bank,UCOBANK,UCOBANK,ind_prs01092022.pdf,https://niftyindices.com/Press_Release/ind_prs01092022.pdf,2022-09-01,OFFICIAL_NOTICE,16166ac483166d47c9b0aef2293f86e0c82a619999bd71902ee97803de89a0e1,OFFICIAL_EVIDENCE,NSE_F8D058616E86,ACTIVE_DATE_MATCH,1
2022-09-30,EXCLUDE,Vakrangee Ltd.,VAKRANGEE,VAKRANGEE,ind_prs01092022.pdf,https://niftyindices.com/Press_Release/ind_prs01092022.pdf,2022-09-01,OFFICIAL_NOTICE,16166ac483166d47c9b0aef2293f86e0c82a619999bd71902ee97803de89a0e1,OFFICIAL_EVIDENCE,NSE_7F648FED7CF8,ACTIVE_DATE_MATCH,1
2022-09-30,EXCLUDE,Venky's (India) Ltd.,VENKYSINDIA,VENKEYS,ind_prs01092022.pdf,https://niftyindices.com/Press_Release/ind_prs01092022.pdf,2022-09-01,OFFICIAL_NOTICE,16166ac483166d47c9b0aef2293f86e0c82a619999bd71902ee97803de89a0e1,OFFICIAL_EVIDENCE,NSE_F6D9EDF646AC,ACTIVE_DATE_MATCH,1
2022-12-30,INCLUDE,BEML Ltd.,BEML,BEML,ind_prs06122022.pdf,https://niftyindices.com/Press_Release/ind_prs06122022.pdf,2022-12-06,OFFICIAL_NOTICE,93db2a1964717cb8ed1446778c69944826983679586ec84b55594668ee796097,OFFICIAL_EVIDENCE,NSE_873E06A5291B,ACTIVE_DATE_MATCH,1
2022-12-30,INCLUDE,Lemon Tree Hotels Ltd.,LEMONTREEHOTELS,LEMONTREE,ind_prs06122022.pdf,https://niftyindices.com/Press_Release/ind_prs06122022.pdf,2022-12-06,OFFICIAL_NOTICE,93db2a1964717cb8ed1446778c69944826983679586ec84b55594668ee796097,OFFICIAL_EVIDENCE,NSE_4AFBC5E81D2E,ACTIVE_DATE_MATCH,1
2022-12-30,INCLUDE,Rainbow Childrens Medicare Ltd.,RAINBOWCHILDRENSMEDICARE,RAINBOW,ind_prs22122022.pdf,https://niftyindices.com/Press_Release/ind_prs22122022.pdf,2022-12-22,OFFICIAL_NOTICE,d9c590cb31309bfe323e851594fe76f9f632cd05a835c85bfe97196d89e043be,OFFICIAL_EVIDENCE,NSE_87A3B8CF43DE,ACTIVE_DATE_MATCH,1
2022-12-30,INCLUDE,UCO Bank,UCOBANK,UCOBANK,ind_prs06122022.pdf,https://niftyindices.com/Press_Release/ind_prs06122022.pdf,2022-12-06,OFFICIAL_NOTICE,93db2a1964717cb8ed1446778c69944826983679586ec84b55594668ee796097,OFFICIAL_EVIDENCE,NSE_F8D058616E86,ACTIVE_DATE_MATCH,1
2022-12-30,EXCLUDE,Allcargo Logistics Ltd.,ALLCARGOLOGISTICS,ALLCARGO,ind_prs06122022.pdf,https://niftyindices.com/Press_Release/ind_prs06122022.pdf,2022-12-06,OFFICIAL_NOTICE,93db2a1964717cb8ed1446778c69944826983679586ec84b55594668ee796097,OFFICIAL_EVIDENCE,NSE_6E8A4A1EA4BA,ACTIVE_DATE_MATCH,1
2022-12-30,EXCLUDE,NIIT Ltd.,NIIT,NIITLTD,ind_prs06122022.pdf,https://niftyindices.com/Press_Release/ind_prs06122022.pdf,2022-12-06,OFFICIAL_NOTICE,93db2a1964717cb8ed1446778c69944826983679586ec84b55594668ee796097,OFFICIAL_EVIDENCE,NSE_9AE82A200CBD,ACTIVE_DATE_MATCH,1
2022-12-30,EXCLUDE,Saregama India Ltd.,SAREGAMAINDIA,SAREGAMA,ind_prs22122022.pdf,https://niftyindices.com/Press_Release/ind_prs22122022.pdf,2022-12-22,OFFICIAL_NOTICE,d9c590cb31309bfe323e851594fe76f9f632cd05a835c85bfe97196d89e043be,OFFICIAL_EVIDENCE,NSE_22C8D50BA4F4,ACTIVE_DATE_MATCH,1
2022-12-30,EXCLUDE,Shipping Corporation of India Ltd.,SHIPPINGCORPORATIONOFINDIA,SCI,ind_prs06122022.pdf,https://niftyindices.com/Press_Release/ind_prs06122022.pdf,2022-12-06,OFFICIAL_NOTICE,93db2a1964717cb8ed1446778c69944826983679586ec84b55594668ee796097,OFFICIAL_EVIDENCE,NSE_FECEC1EAA0A3,ACTIVE_DATE_MATCH,1
2023-02-17,INCLUDE,Piramal Pharma Ltd.,PIRAMALPHARMA,PPLPHARMA,ind_prs09022023_1.pdf,https://niftyindices.com/Press_Release/ind_prs09022023_1.pdf,2023-02-09,OFFICIAL_NOTICE,9448843f26e0efe60d43161b525b15e8dd7f81fb93c79f82cf901524e2eff836,OFFICIAL_EVIDENCE,NSE_819804B1DB7D,ACTIVE_DATE_MATCH,1
2023-02-17,EXCLUDE,INOX Leisure Ltd.,INOXLEISURE,INOXLEISUR,ind_prs09022023_1.pdf,https://niftyindices.com/Press_Release/ind_prs09022023_1.pdf,2023-02-09,OFFICIAL_NOTICE,9448843f26e0efe60d43161b525b15e8dd7f81fb93c79f82cf901524e2eff836,OFFICIAL_EVIDENCE,NSE_A4A1DA6E345C,UNIQUE_SYMBOL_HISTORY,1
2023-03-31,INCLUDE,Aarti Industries Ltd.,AARTIINDUSTRIES,AARTIIND,ind_prs17022023_1.pdf,https://niftyindices.com/Press_Release/ind_prs17022023_1.pdf,2023-02-17,OFFICIAL_NOTICE,fc55cd8916629df82b94a31e03c050b096bcbf98bcd1fb6e700c3223e93b8cbe,OFFICIAL_EVIDENCE,NSE_81E1BA306A07,ACTIVE_DATE_MATCH,1
2023-03-31,INCLUDE,Archean Chemical Industries Ltd.,ARCHEANCHEMICALINDUSTRIES,ACI,ind_prs17022023_1.pdf,https://niftyindices.com/Press_Release/ind_prs17022023_1.pdf,2023-02-17,OFFICIAL_NOTICE,fc55cd8916629df82b94a31e03c050b096bcbf98bcd1fb6e700c3223e93b8cbe,OFFICIAL_EVIDENCE,NSE_7C4FEA1D8913,ACTIVE_DATE_MATCH,1
2023-03-31,INCLUDE,Adani Power Ltd.,ADANIPOWER,ADANIPOWER,ind_prs17022023_1.pdf,https://niftyindices.com/Press_Release/ind_prs17022023_1.pdf,2023-02-17,OFFICIAL_NOTICE,fc55cd8916629df82b94a31e03c050b096bcbf98bcd1fb6e700c3223e93b8cbe,OFFICIAL_EVIDENCE,NSE_961E02880D58,ACTIVE_DATE_MATCH,1
2023-03-31,INCLUDE,Apar Industries Ltd.,APARINDUSTRIES,APARINDS,ind_prs17022023_1.pdf,https://niftyindices.com/Press_Release/ind_prs17022023_1.pdf,2023-02-17,OFFICIAL_NOTICE,fc55cd8916629df82b94a31e03c050b096bcbf98bcd1fb6e700c3223e93b8cbe,OFFICIAL_EVIDENCE,NSE_05F316A71726,ACTIVE_DATE_MATCH,1
2023-03-31,INCLUDE,Bikaji Foods International Ltd.,BIKAJIFOODSINTERNATIONAL,BIKAJI,ind_prs17022023_1.pdf,https://niftyindices.com/Press_Release/ind_prs17022023_1.pdf,2023-02-17,OFFICIAL_NOTICE,fc55cd8916629df82b94a31e03c050b096bcbf98bcd1fb6e700c3223e93b8cbe,OFFICIAL_EVIDENCE,NSE_2EF4FF20DDD4,ACTIVE_DATE_MATCH,1
2023-03-31,INCLUDE,BLS International Services Ltd.,BLSINTERNATIONALSERVICES,BLS,ind_prs17022023_1.pdf,https://niftyindices.com/Press_Release/ind_prs17022023_1.pdf,2023-02-17,OFFICIAL_NOTICE,fc55cd8916629df82b94a31e03c050b096bcbf98bcd1fb6e700c3223e93b8cbe,OFFICIAL_EVIDENCE,NSE_FE83FC167F99,ACTIVE_DATE_MATCH,1
2023-03-31,INCLUDE,Craftsman Automation Ltd.,CRAFTSMANAUTOMATION,CRAFTSMAN,ind_prs17022023_1.pdf,https://niftyindices.com/Press_Release/ind_prs17022023_1.pdf,2023-02-17,OFFICIAL_NOTICE,fc55cd8916629df82b94a31e03c050b096bcbf98bcd1fb6e700c3223e93b8cbe,OFFICIAL_EVIDENCE,NSE_1B3977E94B43,ACTIVE_DATE_MATCH,1
2023-03-31,INCLUDE,Data Patterns (India) Ltd.,DATAPATTERNSINDIA,DATAPATTNS,ind_prs17022023_1.pdf,https://niftyindices.com/Press_Release/ind_prs17022023_1.pdf,2023-02-17,OFFICIAL_NOTICE,fc55cd8916629df82b94a31e03c050b096bcbf98bcd1fb6e700c3223e93b8cbe,OFFICIAL_EVIDENCE,NSE_18DCA12D261A,ACTIVE_DATE_MATCH,1
2023-03-31,INCLUDE,Five-Star Business Finance Ltd.,FIVESTARBUSINESSFINANCE,FIVESTAR,ind_prs17022023_1.pdf,https://niftyindices.com/Press_Release/ind_prs17022023_1.pdf,2023-02-17,OFFICIAL_NOTICE,fc55cd8916629df82b94a31e03c050b096bcbf98bcd1fb6e700c3223e93b8cbe,OFFICIAL_EVIDENCE,NSE_A1916F6B767C,ACTIVE_DATE_MATCH,1
2023-03-31,INCLUDE,Ingersoll Rand (India) Ltd.,INGERSOLLRANDINDIA,INGERRAND,ind_prs17022023_1.pdf,https://niftyindices.com/Press_Release/ind_prs17022023_1.pdf,2023-02-17,OFFICIAL_NOTICE,fc55cd8916629df82b94a31e03c050b096bcbf98bcd1fb6e700c3223e93b8cbe,OFFICIAL_EVIDENCE,NSE_B34554B04EA8,ACTIVE_DATE_MATCH,1
2023-03-31,INCLUDE,Jindal Worldwide Ltd.,JINDALWORLDWIDE,JINDWORLD,ind_prs17022023_1.pdf,https://niftyindices.com/Press_Release/ind_prs17022023_1.pdf,2023-02-17,OFFICIAL_NOTICE,fc55cd8916629df82b94a31e03c050b096bcbf98bcd1fb6e700c3223e93b8cbe,OFFICIAL_EVIDENCE,NSE_6A28838A7863,ACTIVE_DATE_MATCH,1
2023-03-31,INCLUDE,Kennametal India Ltd.,KENNAMETALINDIA,KENNAMET,ind_prs17022023_1.pdf,https://niftyindices.com/Press_Release/ind_prs17022023_1.pdf,2023-02-17,OFFICIAL_NOTICE,fc55cd8916629df82b94a31e03c050b096bcbf98bcd1fb6e700c3223e93b8cbe,OFFICIAL_EVIDENCE,NSE_A8C822E94F3E,ACTIVE_DATE_MATCH,1
2023-03-31,INCLUDE,KFin Technologies Ltd.,KFINTECHNOLOGIES,KFINTECH,ind_prs17022023_1.pdf,https://niftyindices.com/Press_Release/ind_prs17022023_1.pdf,2023-02-17,OFFICIAL_NOTICE,fc55cd8916629df82b94a31e03c050b096bcbf98bcd1fb6e700c3223e93b8cbe,OFFICIAL_EVIDENCE,NSE_34A8B558044E,ACTIVE_DATE_MATCH,1
2023-03-31,INCLUDE,KSB Ltd.,KSB,KSB,ind_prs17022023_1.pdf,https://niftyindices.com/Press_Release/ind_prs17022023_1.pdf,2023-02-17,OFFICIAL_NOTICE,fc55cd8916629df82b94a31e03c050b096bcbf98bcd1fb6e700c3223e93b8cbe,OFFICIAL_EVIDENCE,NSE_7ADB1BE970F4,ACTIVE_DATE_MATCH,1
2023-03-31,INCLUDE,Global Health Ltd.,GLOBALHEALTH,MEDANTA,ind_prs17022023_1.pdf,https://niftyindices.com/Press_Release/ind_prs17022023_1.pdf,2023-02-17,OFFICIAL_NOTICE,fc55cd8916629df82b94a31e03c050b096bcbf98bcd1fb6e700c3223e93b8cbe,OFFICIAL_EVIDENCE,NSE_0BD8E69BA388,ACTIVE_DATE_MATCH,1
2023-03-31,INCLUDE,Meghmani Finechem Ltd.,MEGHMANIFINECHEM,MFL,ind_prs17022023_1.pdf,https://niftyindices.com/Press_Release/ind_prs17022023_1.pdf,2023-02-17,OFFICIAL_NOTICE,fc55cd8916629df82b94a31e03c050b096bcbf98bcd1fb6e700c3223e93b8cbe,OFFICIAL_EVIDENCE,NSE_69E0B868E91B,ACTIVE_DATE_MATCH,1
2023-03-31,INCLUDE,NMDC Ltd.,NMDC,NMDC,ind_prs17022023_1.pdf,https://niftyindices.com/Press_Release/ind_prs17022023_1.pdf,2023-02-17,OFFICIAL_NOTICE,fc55cd8916629df82b94a31e03c050b096bcbf98bcd1fb6e700c3223e93b8cbe,OFFICIAL_EVIDENCE,NSE_6693136E8F8D,ACTIVE_DATE_MATCH,1
2023-03-31,INCLUDE,Piramal Enterprises Ltd.,PIRAMALENTERPRISES,PEL,ind_prs17022023_1.pdf,https://niftyindices.com/Press_Release/ind_prs17022023_1.pdf,2023-02-17,OFFICIAL_NOTICE,fc55cd8916629df82b94a31e03c050b096bcbf98bcd1fb6e700c3223e93b8cbe,OFFICIAL_EVIDENCE,NSE_A4B76A210E61,ACTIVE_DATE_MATCH,1
2023-03-31,INCLUDE,Keystone Realtors Ltd.,KEYSTONEREALTORS,RUSTOMJEE,ind_prs17022023_1.pdf,https://niftyindices.com/Press_Release/ind_prs17022023_1.pdf,2023-02-17,OFFICIAL_NOTICE,fc55cd8916629df82b94a31e03c050b096bcbf98bcd1fb6e700c3223e93b8cbe,OFFICIAL_EVIDENCE,NSE_C3B5E11EC34E,ACTIVE_DATE_MATCH,1
2023-03-31,INCLUDE,Tamilnad Mercantile Bank Ltd.,TAMILNADMERCANTILEBANK,TMB,ind_prs17022023_1.pdf,https://niftyindices.com/Press_Release/ind_prs17022023_1.pdf,2023-02-17,OFFICIAL_NOTICE,fc55cd8916629df82b94a31e03c050b096bcbf98bcd1fb6e700c3223e93b8cbe,OFFICIAL_EVIDENCE,NSE_16B5A2168926,ACTIVE_DATE_MATCH,1
2023-03-31,EXCLUDE,Aditya Birla Sun Life AMC Ltd.,ADITYABIRLASUNLIFEAMC,ABSLAMC,ind_prs17022023_1.pdf,https://niftyindices.com/Press_Release/ind_prs17022023_1.pdf,2023-02-17,OFFICIAL_NOTICE,fc55cd8916629df82b94a31e03c050b096bcbf98bcd1fb6e700c3223e93b8cbe,OFFICIAL_EVIDENCE,NSE_AD2E7AA5247F,ACTIVE_DATE_MATCH,1
2023-03-31,EXCLUDE,Alok Industries Ltd.,ALOKINDUSTRIES,ALOKINDS,ind_prs17022023_1.pdf,https://niftyindices.com/Press_Release/ind_prs17022023_1.pdf,2023-02-17,OFFICIAL_NOTICE,fc55cd8916629df82b94a31e03c050b096bcbf98bcd1fb6e700c3223e93b8cbe,OFFICIAL_EVIDENCE,NSE_2AC56D269FBF,ACTIVE_DATE_MATCH,1
2023-03-31,EXCLUDE,AstraZenca Pharma India Ltd.,ASTRAZENCAPHARMAINDIA,ASTRAZEN,ind_prs17022023_1.pdf,https://niftyindices.com/Press_Release/ind_prs17022023_1.pdf,2023-02-17,OFFICIAL_NOTICE,fc55cd8916629df82b94a31e03c050b096bcbf98bcd1fb6e700c3223e93b8cbe,OFFICIAL_EVIDENCE,NSE_B6937CCD326A,ACTIVE_DATE_MATCH,1
2023-03-31,EXCLUDE,Bharat Rasayan Ltd.,BHARATRASAYAN,BHARATRAS,ind_prs17022023_1.pdf,https://niftyindices.com/Press_Release/ind_prs17022023_1.pdf,2023-02-17,OFFICIAL_NOTICE,fc55cd8916629df82b94a31e03c050b096bcbf98bcd1fb6e700c3223e93b8cbe,OFFICIAL_EVIDENCE,NSE_351109872146,ACTIVE_DATE_MATCH,1
2023-03-31,EXCLUDE,Caplin Point Laboratories Ltd.,CAPLINPOINTLABORATORIES,CAPLIPOINT,ind_prs17022023_1.pdf,https://niftyindices.com/Press_Release/ind_prs17022023_1.pdf,2023-02-17,OFFICIAL_NOTICE,fc55cd8916629df82b94a31e03c050b096bcbf98bcd1fb6e700c3223e93b8cbe,OFFICIAL_EVIDENCE,NSE_A508378B12ED,ACTIVE_DATE_MATCH,1
2023-03-31,EXCLUDE,Dilip Buildcon Ltd.,DILIPBUILDCON,DBL,ind_prs17022023_1.pdf,https://niftyindices.com/Press_Release/ind_prs17022023_1.pdf,2023-02-17,OFFICIAL_NOTICE,fc55cd8916629df82b94a31e03c050b096bcbf98bcd1fb6e700c3223e93b8cbe,OFFICIAL_EVIDENCE,NSE_0DF5BDD0F1AA,ACTIVE_DATE_MATCH,1
2023-03-31,EXCLUDE,Dhani Services Ltd.,DHANISERVICES,DHANI,ind_prs17022023_1.pdf,https://niftyindices.com/Press_Release/ind_prs17022023_1.pdf,2023-02-17,OFFICIAL_NOTICE,fc55cd8916629df82b94a31e03c050b096bcbf98bcd1fb6e700c3223e93b8cbe,OFFICIAL_EVIDENCE,NSE_B0F020774F39,ACTIVE_DATE_MATCH,1
2023-03-31,EXCLUDE,Hatsun Agro Product Ltd.,HATSUNAGROPRODUCT,HATSUN,ind_prs17022023_1.pdf,https://niftyindices.com/Press_Release/ind_prs17022023_1.pdf,2023-02-17,OFFICIAL_NOTICE,fc55cd8916629df82b94a31e03c050b096bcbf98bcd1fb6e700c3223e93b8cbe,OFFICIAL_EVIDENCE,NSE_AF4B789C4B78,ACTIVE_DATE_MATCH,1
2023-03-31,EXCLUDE,Indoco Remedies Ltd.,INDOCOREMEDIES,INDOCO,ind_prs17022023_1.pdf,https://niftyindices.com/Press_Release/ind_prs17022023_1.pdf,2023-02-17,OFFICIAL_NOTICE,fc55cd8916629df82b94a31e03c050b096bcbf98bcd1fb6e700c3223e93b8cbe,OFFICIAL_EVIDENCE,NSE_1957FAB1366F,ACTIVE_DATE_MATCH,1
2023-03-31,EXCLUDE,MOIL Ltd.,MOIL,MOIL,ind_prs17022023_1.pdf,https://niftyindices.com/Press_Release/ind_prs17022023_1.pdf,2023-02-17,OFFICIAL_NOTICE,fc55cd8916629df82b94a31e03c050b096bcbf98bcd1fb6e700c3223e93b8cbe,OFFICIAL_EVIDENCE,NSE_D9F56642B79E,ACTIVE_DATE_MATCH,1
2023-03-31,EXCLUDE,Procter & Gamble Health Ltd.,PROCTERANDGAMBLEHEALTH,PGHL,ind_prs17022023_1.pdf,https://niftyindices.com/Press_Release/ind_prs17022023_1.pdf,2023-02-17,OFFICIAL_NOTICE,fc55cd8916629df82b94a31e03c050b096bcbf98bcd1fb6e700c3223e93b8cbe,OFFICIAL_EVIDENCE,NSE_0ACF8CD743FA,ACTIVE_DATE_MATCH,1
2023-03-31,EXCLUDE,Privi Speciality Chemicals Ltd.,PRIVISPECIALITYCHEMICALS,PRIVISCL,ind_prs17022023_1.pdf,https://niftyindices.com/Press_Release/ind_prs17022023_1.pdf,2023-02-17,OFFICIAL_NOTICE,fc55cd8916629df82b94a31e03c050b096bcbf98bcd1fb6e700c3223e93b8cbe,OFFICIAL_EVIDENCE,NSE_F5B3E0E44D10,ACTIVE_DATE_MATCH,1
2023-03-31,EXCLUDE,Sheela Foam Ltd.,SHEELAFOAM,SFL,ind_prs17022023_1.pdf,https://niftyindices.com/Press_Release/ind_prs17022023_1.pdf,2023-02-17,OFFICIAL_NOTICE,fc55cd8916629df82b94a31e03c050b096bcbf98bcd1fb6e700c3223e93b8cbe,OFFICIAL_EVIDENCE,NSE_BDA35C5DEB61,ACTIVE_DATE_MATCH,1
2023-03-31,EXCLUDE,Shilpa Medicare Ltd.,SHILPAMEDICARE,SHILPAMED,ind_prs17022023_1.pdf,https://niftyindices.com/Press_Release/ind_prs17022023_1.pdf,2023-02-17,OFFICIAL_NOTICE,fc55cd8916629df82b94a31e03c050b096bcbf98bcd1fb6e700c3223e93b8cbe,OFFICIAL_EVIDENCE,NSE_66EF9E74F5E3,ACTIVE_DATE_MATCH,1
2023-03-31,EXCLUDE,SIS Ltd.,SIS,SIS,ind_prs17022023_1.pdf,https://niftyindices.com/Press_Release/ind_prs17022023_1.pdf,2023-02-17,OFFICIAL_NOTICE,fc55cd8916629df82b94a31e03c050b096bcbf98bcd1fb6e700c3223e93b8cbe,OFFICIAL_EVIDENCE,NSE_C457B5E6B67B,ACTIVE_DATE_MATCH,1
2023-03-31,EXCLUDE,Sudarshan Chemical Industries Ltd.,SUDARSHANCHEMICALINDUSTRIES,SUDARSCHEM,ind_prs17022023_1.pdf,https://niftyindices.com/Press_Release/ind_prs17022023_1.pdf,2023-02-17,OFFICIAL_NOTICE,fc55cd8916629df82b94a31e03c050b096bcbf98bcd1fb6e700c3223e93b8cbe,OFFICIAL_EVIDENCE,NSE_8407496D15F8,ACTIVE_DATE_MATCH,1
2023-03-31,EXCLUDE,Symphony Ltd.,SYMPHONY,SYMPHONY,ind_prs17022023_1.pdf,https://niftyindices.com/Press_Release/ind_prs17022023_1.pdf,2023-02-17,OFFICIAL_NOTICE,fc55cd8916629df82b94a31e03c050b096bcbf98bcd1fb6e700c3223e93b8cbe,OFFICIAL_EVIDENCE,NSE_9832B5E11081,ACTIVE_DATE_MATCH,1
2023-03-31,EXCLUDE,Tata Coffee Ltd.*,TATACOFFEE,TATACOFFEE,ind_prs17022023_1.pdf,https://niftyindices.com/Press_Release/ind_prs17022023_1.pdf,2023-02-17,OFFICIAL_NOTICE,fc55cd8916629df82b94a31e03c050b096bcbf98bcd1fb6e700c3223e93b8cbe,OFFICIAL_EVIDENCE,NSE_13CDBE86B707,ACTIVE_DATE_MATCH,1
2023-03-31,EXCLUDE,Thyrocare Technologies Ltd.,THYROCARETECHNOLOGIES,THYROCARE,ind_prs17022023_1.pdf,https://niftyindices.com/Press_Release/ind_prs17022023_1.pdf,2023-02-17,OFFICIAL_NOTICE,fc55cd8916629df82b94a31e03c050b096bcbf98bcd1fb6e700c3223e93b8cbe,OFFICIAL_EVIDENCE,NSE_0B84083B7AE8,ACTIVE_DATE_MATCH,1
2023-03-31,EXCLUDE,Wockhardt Ltd.,WOCKHARDT,WOCKPHARMA,ind_prs17022023_1.pdf,https://niftyindices.com/Press_Release/ind_prs17022023_1.pdf,2023-02-17,OFFICIAL_NOTICE,fc55cd8916629df82b94a31e03c050b096bcbf98bcd1fb6e700c3223e93b8cbe,OFFICIAL_EVIDENCE,NSE_3F3FCC28A216,ACTIVE_DATE_MATCH,1
