formation_date,security_id,published_symbol,signal_exclusion_reason,additional_exclusion_reasons,complete_lookback_months
2014-08-28,NSE_0144F0CB1BA0,ZEEL,MONTHLY_RETURN_HISTORY_INCOMPLETE,MONTHLY_RETURN_HISTORY_INCOMPLETE,10.0
2014-08-28,NSE_0A3EDCE50A32,CASTROLIND,MONTHLY_RETURN_HISTORY_INCOMPLETE,MONTHLY_RETURN_HISTORY_INCOMPLETE,4.0
2014-08-28,NSE_0E88CB8DDD57,LAKSHVILAS,MONTHLY_RETURN_HISTORY_INCOMPLETE,MONTHLY_RETURN_HISTORY_INCOMPLETE,10.0
2014-08-28,NSE_3087CF0E8810,TDPOWERSYS,MONTHLY_RETURN_HISTORY_INCOMPLETE,MONTHLY_RETURN_HISTORY_INCOMPLETE,9.0
2014-08-28,NSE_3FA872F937F6,MARICO,MONTHLY_RETURN_HISTORY_INCOMPLETE,MONTHLY_RETURN_HISTORY_INCOMPLETE,10.0
2014-08-28,NSE_53A37C11E6D9,TATAPOWER,MONTHLY_RETURN_HISTORY_INCOMPLETE,MONTHLY_RETURN_HISTORY_INCOMPLETE,10.0
2014-08-28,NSE_938AB0376CFC,IL&FSTRANS,MONTHLY_RETURN_HISTORY_INCOMPLETE,MONTHLY_RETURN_HISTORY_INCOMPLETE,10.0
2014-08-28,NSE_EFD7B6E7FD96,FMGOETZE,MONTHLY_RETURN_HISTORY_INCOMPLETE,MONTHLY_RETURN_HISTORY_INCOMPLETE,9.0
2014-09-30,NSE_0144F0CB1BA0,ZEEL,MONTHLY_RETURN_HISTORY_INCOMPLETE,MONTHLY_RETURN_HISTORY_INCOMPLETE,10.0
2014-09-30,NSE_0A3EDCE50A32,CASTROLIND,MONTHLY_RETURN_HISTORY_INCOMPLETE,MONTHLY_RETURN_HISTORY_INCOMPLETE,5.0
2014-09-30,NSE_0E88CB8DDD57,LAKSHVILAS,MONTHLY_RETURN_HISTORY_INCOMPLETE,MONTHLY_RETURN_HISTORY_INCOMPLETE,10.0
2014-09-30,NSE_3087CF0E8810,TDPOWERSYS,MONTHLY_RETURN_HISTORY_INCOMPLETE,MONTHLY_RETURN_HISTORY_INCOMPLETE,9.0
2014-09-30,NSE_3FA872F937F6,MARICO,MONTHLY_RETURN_HISTORY_INCOMPLETE,MONTHLY_RETURN_HISTORY_INCOMPLETE,10.0
2014-09-30,NSE_53A37C11E6D9,TATAPOWER,MONTHLY_RETURN_HISTORY_INCOMPLETE,MONTHLY_RETURN_HISTORY_INCOMPLETE,10.0
2014-09-30,NSE_938AB0376CFC,IL&FSTRANS,MONTHLY_RETURN_HISTORY_INCOMPLETE,MONTHLY_RETURN_HISTORY_INCOMPLETE,10.0
2014-09-30,NSE_AE2862139B09,WHEELS,MONTHLY_RETURN_HISTORY_INCOMPLETE,MONTHLY_RETURN_HISTORY_INCOMPLETE,10.0
2014-09-30,NSE_DD6A0E2BA440,WELCORP,MONTHLY_RETURN_HISTORY_INCOMPLETE,MONTHLY_RETURN_HISTORY_INCOMPLETE,10.0
2014-09-30,NSE_EFD7B6E7FD96,FMGOETZE,MONTHLY_RETURN_HISTORY_INCOMPLETE,MONTHLY_RETURN_HISTORY_INCOMPLETE,10.0
2014-10-31,NSE_0144F0CB1BA0,ZEEL,MONTHLY_RETURN_HISTORY_INCOMPLETE,MONTHLY_RETURN_HISTORY_INCOMPLETE,10.0
2014-10-31,NSE_0A3EDCE50A32,CASTROLIND,MONTHLY_RETURN_HISTORY_INCOMPLETE,MONTHLY_RETURN_HISTORY_INCOMPLETE,6.0
2014-10-31,NSE_0E88CB8DDD57,LAKSHVILAS,MONTHLY_RETURN_HISTORY_INCOMPLETE,MONTHLY_RETURN_HISTORY_INCOMPLETE,10.0
2014-10-31,NSE_3087CF0E8810,TDPOWERSYS,MONTHLY_RETURN_HISTORY_INCOMPLETE,MONTHLY_RETURN_HISTORY_INCOMPLETE,9.0
2014-10-31,NSE_3FA872F937F6,MARICO,MONTHLY_RETURN_HISTORY_INCOMPLETE,MONTHLY_RETURN_HISTORY_INCOMPLETE,10.0
2014-10-31,NSE_53A37C11E6D9,TATAPOWER,MONTHLY_RETURN_HISTORY_INCOMPLETE,MONTHLY_RETURN_HISTORY_INCOMPLETE,10.0
2014-10-31,NSE_938AB0376CFC,IL&FSTRANS,MONTHLY_RETURN_HISTORY_INCOMPLETE,MONTHLY_RETURN_HISTORY_INCOMPLETE,10.0
2014-10-31,NSE_AE2862139B09,WHEELS,MONTHLY_RETURN_HISTORY_INCOMPLETE,MONTHLY_RETURN_HISTORY_INCOMPLETE,10.0
2014-10-31,NSE_DD6A0E2BA440,WELCORP,MONTHLY_RETURN_HISTORY_INCOMPLETE,MONTHLY_RETURN_HISTORY_INCOMPLETE,10.0
2014-11-28,NSE_0144F0CB1BA0,ZEEL,MONTHLY_RETURN_HISTORY_INCOMPLETE,MONTHLY_RETURN_HISTORY_INCOMPLETE,10.0
2014-11-28,NSE_0A3EDCE50A32,CASTROLIND,MONTHLY_RETURN_HISTORY_INCOMPLETE,MONTHLY_RETURN_HISTORY_INCOMPLETE,7.0
2014-11-28,NSE_0E88CB8DDD57,LAKSHVILAS,MONTHLY_RETURN_HISTORY_INCOMPLETE,MONTHLY_RETURN_HISTORY_INCOMPLETE,10.0
2014-11-28,NSE_3087CF0E8810,TDPOWERSYS,MONTHLY_RETURN_HISTORY_INCOMPLETE,MONTHLY_RETURN_HISTORY_INCOMPLETE,9.0
2014-11-28,NSE_53A37C11E6D9,TATAPOWER,MONTHLY_RETURN_HISTORY_INCOMPLETE,MONTHLY_RETURN_HISTORY_INCOMPLETE,10.0
2014-11-28,NSE_938AB0376CFC,IL&FSTRANS,MONTHLY_RETURN_HISTORY_INCOMPLETE,MONTHLY_RETURN_HISTORY_INCOMPLETE,10.0
2014-11-28,NSE_AE2862139B09,WHEELS,MONTHLY_RETURN_HISTORY_INCOMPLETE,MONTHLY_RETURN_HISTORY_INCOMPLETE,10.0
2014-11-28,NSE_DD6A0E2BA440,WELCORP,MONTHLY_RETURN_HISTORY_INCOMPLETE,MONTHLY_RETURN_HISTORY_INCOMPLETE,10.0
2014-12-31,NSE_0144F0CB1BA0,ZEEL,MONTHLY_RETURN_HISTORY_INCOMPLETE,MONTHLY_RETURN_HISTORY_INCOMPLETE,10.0
2014-12-31,NSE_0A3EDCE50A32,CASTROLIND,MONTHLY_RETURN_HISTORY_INCOMPLETE,MONTHLY_RETURN_HISTORY_INCOMPLETE,8.0
2014-12-31,NSE_0E88CB8DDD57,LAKSHVILAS,MONTHLY_RETURN_HISTORY_INCOMPLETE,MONTHLY_RETURN_HISTORY_INCOMPLETE,10.0
2014-12-31,NSE_3087CF0E8810,TDPOWERSYS,MONTHLY_RETURN_HISTORY_INCOMPLETE,MONTHLY_RETURN_HISTORY_INCOMPLETE,9.0
2014-12-31,NSE_53A37C11E6D9,TATAPOWER,MONTHLY_RETURN_HISTORY_INCOMPLETE,MONTHLY_RETURN_HISTORY_INCOMPLETE,10.0
2014-12-31,NSE_938AB0376CFC,IL&FSTRANS,MONTHLY_RETURN_HISTORY_INCOMPLETE,MONTHLY_RETURN_HISTORY_INCOMPLETE,10.0
2014-12-31,NSE_AE2862139B09,WHEELS,MONTHLY_RETURN_HISTORY_INCOMPLETE,MONTHLY_RETURN_HISTORY_INCOMPLETE,10.0
2014-12-31,NSE_DD6A0E2BA440,WELCORP,MONTHLY_RETURN_HISTORY_INCOMPLETE,MONTHLY_RETURN_HISTORY_INCOMPLETE,10.0
2015-01-30,NSE_0144F0CB1BA0,ZEEL,MONTHLY_RETURN_HISTORY_INCOMPLETE,MONTHLY_RETURN_HISTORY_INCOMPLETE,10.0
2015-01-30,NSE_0A3EDCE50A32,CASTROLIND,MONTHLY_RETURN_HISTORY_INCOMPLETE,MONTHLY_RETURN_HISTORY_INCOMPLETE,9.0
2015-01-30,NSE_0E88CB8DDD57,LAKSHVILAS,MONTHLY_RETURN_HISTORY_INCOMPLETE,MONTHLY_RETURN_HISTORY_INCOMPLETE,10.0
2015-01-30,NSE_3087CF0E8810,TDPOWERSYS,MONTHLY_RETURN_HISTORY_INCOMPLETE,MONTHLY_RETURN_HISTORY_INCOMPLETE,9.0
2015-01-30,NSE_53A37C11E6D9,TATAPOWER,MONTHLY_RETURN_HISTORY_INCOMPLETE,MONTHLY_RETURN_HISTORY_INCOMPLETE,10.0
2015-01-30,NSE_938AB0376CFC,IL&FSTRANS,MONTHLY_RETURN_HISTORY_INCOMPLETE,MONTHLY_RETURN_HISTORY_INCOMPLETE,10.0
2015-01-30,NSE_AE2862139B09,WHEELS,MONTHLY_RETURN_HISTORY_INCOMPLETE,MONTHLY_RETURN_HISTORY_INCOMPLETE,10.0
2015-01-30,NSE_DD6A0E2BA440,WELCORP,MONTHLY_RETURN_HISTORY_INCOMPLETE,MONTHLY_RETURN_HISTORY_INCOMPLETE,10.0
2015-02-28,NSE_0144F0CB1BA0,ZEEL,MONTHLY_RETURN_HISTORY_INCOMPLETE,MONTHLY_RETURN_HISTORY_INCOMPLETE,10.0
2015-02-28,NSE_0A3EDCE50A32,CASTROLIND,MONTHLY_RETURN_HISTORY_INCOMPLETE,MONTHLY_RETURN_HISTORY_INCOMPLETE,10.0
2015-02-28,NSE_0E88CB8DDD57,LAKSHVILAS,MONTHLY_RETURN_HISTORY_INCOMPLETE,MONTHLY_RETURN_HISTORY_INCOMPLETE,10.0
2015-02-28,NSE_3087CF0E8810,TDPOWERSYS,MONTHLY_RETURN_HISTORY_INCOMPLETE,MONTHLY_RETURN_HISTORY_INCOMPLETE,9.0
2015-02-28,NSE_53A37C11E6D9,TATAPOWER,MONTHLY_RETURN_HISTORY_INCOMPLETE,MONTHLY_RETURN_HISTORY_INCOMPLETE,10.0
2015-02-28,NSE_938AB0376CFC,IL&FSTRANS,MONTHLY_RETURN_HISTORY_INCOMPLETE,MONTHLY_RETURN_HISTORY_INCOMPLETE,10.0
2015-02-28,NSE_C449D23376D8,DYNAMATECH,MONTHLY_RETURN_HISTORY_INCOMPLETE,MONTHLY_RETURN_HISTORY_INCOMPLETE,10.0
2015-03-31,NSE_0E88CB8DDD57,LAKSHVILAS,MONTHLY_RETURN_HISTORY_INCOMPLETE,MONTHLY_RETURN_HISTORY_INCOMPLETE,10.0
2015-03-31,NSE_3087CF0E8810,TDPOWERSYS,MONTHLY_RETURN_HISTORY_INCOMPLETE,MONTHLY_RETURN_HISTORY_INCOMPLETE,10.0
2015-03-31,NSE_C449D23376D8,DYNAMATECH,MONTHLY_RETURN_HISTORY_INCOMPLETE,MONTHLY_RETURN_HISTORY_INCOMPLETE,10.0
2015-03-31,NSE_D1A2AB285CE4,GULFOILLUB,MONTHLY_RETURN_HISTORY_INCOMPLETE,MONTHLY_RETURN_HISTORY_INCOMPLETE,7.0
2015-04-30,NSE_0E88CB8DDD57,LAKSHVILAS,MONTHLY_RETURN_HISTORY_INCOMPLETE,MONTHLY_RETURN_HISTORY_INCOMPLETE,10.0
2015-04-30,NSE_3087CF0E8810,TDPOWERSYS,MONTHLY_RETURN_HISTORY_INCOMPLETE,MONTHLY_RETURN_HISTORY_INCOMPLETE,10.0
2015-04-30,NSE_C449D23376D8,DYNAMATECH,MONTHLY_RETURN_HISTORY_INCOMPLETE,MONTHLY_RETURN_HISTORY_INCOMPLETE,10.0
2015-04-30,NSE_D1A2AB285CE4,GULFOILLUB,MONTHLY_RETURN_HISTORY_INCOMPLETE,MONTHLY_RETURN_HISTORY_INCOMPLETE,8.0
2015-05-29,NSE_0E88CB8DDD57,LAKSHVILAS,MONTHLY_RETURN_HISTORY_INCOMPLETE,MONTHLY_RETURN_HISTORY_INCOMPLETE,10.0
2015-05-29,NSE_22FC8142A6A2,VIVIDHA,MONTHLY_RETURN_HISTORY_INCOMPLETE,MONTHLY_RETURN_HISTORY_INCOMPLETE,9.0
2015-05-29,NSE_D1A2AB285CE4,GULFOILLUB,MONTHLY_RETURN_HISTORY_INCOMPLETE,MONTHLY_RETURN_HISTORY_INCOMPLETE,9.0
2015-06-30,NSE_0E88CB8DDD57,LAKSHVILAS,MONTHLY_RETURN_HISTORY_INCOMPLETE,MONTHLY_RETURN_HISTORY_INCOMPLETE,10.0
2015-06-30,NSE_22FC8142A6A2,VIVIDHA,MONTHLY_RETURN_HISTORY_INCOMPLETE,MONTHLY_RETURN_HISTORY_INCOMPLETE,9.0
2015-06-30,NSE_D1A2AB285CE4,GULFOILLUB,MONTHLY_RETURN_HISTORY_INCOMPLETE,MONTHLY_RETURN_HISTORY_INCOMPLETE,10.0
2015-07-31,NSE_22FC8142A6A2,VIVIDHA,MONTHLY_RETURN_HISTORY_INCOMPLETE,MONTHLY_RETURN_HISTORY_INCOMPLETE,10.0
2015-09-30,NSE_4C0AC873F083,VRLLOG,MONTHLY_RETURN_HISTORY_INCOMPLETE,MONTHLY_RETURN_HISTORY_INCOMPLETE,4.0
2015-09-30,NSE_4CBB5F1B54B4,ADLABS,MONTHLY_RETURN_HISTORY_INCOMPLETE,MONTHLY_RETURN_HISTORY_INCOMPLETE,4.0
2015-09-30,NSE_51A975E4F5EC,CAMLINFINE,MONTHLY_RETURN_HISTORY_INCOMPLETE,MONTHLY_RETURN_HISTORY_INCOMPLETE,7.0
2015-09-30,NSE_98B5AF24A80B,INOXWIND,MONTHLY_RETURN_HISTORY_INCOMPLETE,MONTHLY_RETURN_HISTORY_INCOMPLETE,4.0
2015-09-30,NSE_DCA00C31EBFD,BALKRISIND,MONTHLY_RETURN_HISTORY_INCOMPLETE,MONTHLY_RETURN_HISTORY_INCOMPLETE,10.0
2015-10-30,NSE_4C0AC873F083,VRLLOG,MONTHLY_RETURN_HISTORY_INCOMPLETE,MONTHLY_RETURN_HISTORY_INCOMPLETE,5.0
2015-10-30,NSE_4CBB5F1B54B4,ADLABS,MONTHLY_RETURN_HISTORY_INCOMPLETE,MONTHLY_RETURN_HISTORY_INCOMPLETE,5.0
2015-10-30,NSE_51A975E4F5EC,CAMLINFINE,MONTHLY_RETURN_HISTORY_INCOMPLETE,MONTHLY_RETURN_HISTORY_INCOMPLETE,8.0
2015-10-30,NSE_98B5AF24A80B,INOXWIND,MONTHLY_RETURN_HISTORY_INCOMPLETE,MONTHLY_RETURN_HISTORY_INCOMPLETE,5.0
2015-10-30,NSE_DCA00C31EBFD,BALKRISIND,MONTHLY_RETURN_HISTORY_INCOMPLETE,MONTHLY_RETURN_HISTORY_INCOMPLETE,10.0
2015-10-30,NSE_F174B12EB9D7,PNCINFRA,MONTHLY_RETURN_HISTORY_INCOMPLETE,MONTHLY_RETURN_HISTORY_INCOMPLETE,4.0
2015-11-30,NSE_4C0AC873F083,VRLLOG,MONTHLY_RETURN_HISTORY_INCOMPLETE,MONTHLY_RETURN_HISTORY_INCOMPLETE,6.0
2015-11-30,NSE_4CBB5F1B54B4,ADLABS,MONTHLY_RETURN_HISTORY_INCOMPLETE,MONTHLY_RETURN_HISTORY_INCOMPLETE,6.0
2015-11-30,NSE_51A975E4F5EC,CAMLINFINE,MONTHLY_RETURN_HISTORY_INCOMPLETE,MONTHLY_RETURN_HISTORY_INCOMPLETE,9.0
2015-11-30,NSE_98B5AF24A80B,INOXWIND,MONTHLY_RETURN_HISTORY_INCOMPLETE,MONTHLY_RETURN_HISTORY_INCOMPLETE,6.0
2015-11-30,NSE_DCA00C31EBFD,BALKRISIND,MONTHLY_RETURN_HISTORY_INCOMPLETE,MONTHLY_RETURN_HISTORY_INCOMPLETE,10.0
2015-11-30,NSE_F174B12EB9D7,PNCINFRA,MONTHLY_RETURN_HISTORY_INCOMPLETE,MONTHLY_RETURN_HISTORY_INCOMPLETE,5.0
2015-12-31,NSE_4C0AC873F083,VRLLOG,MONTHLY_RETURN_HISTORY_INCOMPLETE,MONTHLY_RETURN_HISTORY_INCOMPLETE,7.0
2015-12-31,NSE_4CBB5F1B54B4,ADLABS,MONTHLY_RETURN_HISTORY_INCOMPLETE,MONTHLY_RETURN_HISTORY_INCOMPLETE,7.0
2015-12-31,NSE_51A975E4F5EC,CAMLINFINE,MONTHLY_RETURN_HISTORY_INCOMPLETE,MONTHLY_RETURN_HISTORY_INCOMPLETE,10.0
2015-12-31,NSE_98B5AF24A80B,INOXWIND,MONTHLY_RETURN_HISTORY_INCOMPLETE,MONTHLY_RETURN_HISTORY_INCOMPLETE,7.0
2015-12-31,NSE_C0628B35007C,ESABINDIA,ADV_UNAVAILABLE,ADV_UNAVAILABLE,11.0
2015-12-31,NSE_C60D64EC58FE,ARVIND,MONTHLY_RETURN_HISTORY_INCOMPLETE,MONTHLY_RETURN_HISTORY_INCOMPLETE,10.0
2015-12-31,NSE_DCA00C31EBFD,BALKRISIND,MONTHLY_RETURN_HISTORY_INCOMPLETE,MONTHLY_RETURN_HISTORY_INCOMPLETE,10.0
2015-12-31,NSE_F174B12EB9D7,PNCINFRA,MONTHLY_RETURN_HISTORY_INCOMPLETE,MONTHLY_RETURN_HISTORY_INCOMPLETE,6.0
2016-01-29,NSE_4C0AC873F083,VRLLOG,MONTHLY_RETURN_HISTORY_INCOMPLETE,MONTHLY_RETURN_HISTORY_INCOMPLETE,8.0
2016-01-29,NSE_4CBB5F1B54B4,ADLABS,MONTHLY_RETURN_HISTORY_INCOMPLETE,MONTHLY_RETURN_HISTORY_INCOMPLETE,8.0
2016-01-29,NSE_98B5AF24A80B,INOXWIND,MONTHLY_RETURN_HISTORY_INCOMPLETE,MONTHLY_RETURN_HISTORY_INCOMPLETE,8.0
2016-01-29,NSE_C0628B35007C,ESABINDIA,MONTHLY_RETURN_HISTORY_INCOMPLETE,MONTHLY_RETURN_HISTORY_INCOMPLETE,10.0
2016-01-29,NSE_C60D64EC58FE,ARVIND,MONTHLY_RETURN_HISTORY_INCOMPLETE,MONTHLY_RETURN_HISTORY_INCOMPLETE,10.0
2016-01-29,NSE_DCA00C31EBFD,BALKRISIND,MONTHLY_RETURN_HISTORY_INCOMPLETE,MONTHLY_RETURN_HISTORY_INCOMPLETE,10.0
2016-01-29,NSE_F174B12EB9D7,PNCINFRA,MONTHLY_RETURN_HISTORY_INCOMPLETE,MONTHLY_RETURN_HISTORY_INCOMPLETE,7.0
2016-02-29,NSE_4C0AC873F083,VRLLOG,MONTHLY_RETURN_HISTORY_INCOMPLETE,MONTHLY_RETURN_HISTORY_INCOMPLETE,9.0
2016-02-29,NSE_4CBB5F1B54B4,ADLABS,MONTHLY_RETURN_HISTORY_INCOMPLETE,MONTHLY_RETURN_HISTORY_INCOMPLETE,9.0
2016-02-29,NSE_98B5AF24A80B,INOXWIND,MONTHLY_RETURN_HISTORY_INCOMPLETE,MONTHLY_RETURN_HISTORY_INCOMPLETE,9.0
2016-02-29,NSE_C0628B35007C,ESABINDIA,MONTHLY_RETURN_HISTORY_INCOMPLETE,MONTHLY_RETURN_HISTORY_INCOMPLETE,10.0
2016-02-29,NSE_C60D64EC58FE,ARVIND,MONTHLY_RETURN_HISTORY_INCOMPLETE,MONTHLY_RETURN_HISTORY_INCOMPLETE,10.0
2016-02-29,NSE_DCA00C31EBFD,BALKRISIND,MONTHLY_RETURN_HISTORY_INCOMPLETE,MONTHLY_RETURN_HISTORY_INCOMPLETE,10.0
2016-02-29,NSE_E6BC41F4E8C3,KKCL,ADV_UNAVAILABLE,ADV_UNAVAILABLE,11.0
2016-02-29,NSE_F174B12EB9D7,PNCINFRA,MONTHLY_RETURN_HISTORY_INCOMPLETE,MONTHLY_RETURN_HISTORY_INCOMPLETE,8.0
2016-03-31,NSE_4C0AC873F083,VRLLOG,MONTHLY_RETURN_HISTORY_INCOMPLETE,MONTHLY_RETURN_HISTORY_INCOMPLETE,10.0
2016-03-31,NSE_4CBB5F1B54B4,ADLABS,MONTHLY_RETURN_HISTORY_INCOMPLETE,MONTHLY_RETURN_HISTORY_INCOMPLETE,10.0
2016-03-31,NSE_98B5AF24A80B,INOXWIND,MONTHLY_RETURN_HISTORY_INCOMPLETE,MONTHLY_RETURN_HISTORY_INCOMPLETE,10.0
2016-03-31,NSE_C0628B35007C,ESABINDIA,MONTHLY_RETURN_HISTORY_INCOMPLETE,MONTHLY_RETURN_HISTORY_INCOMPLETE,10.0
2016-03-31,NSE_C60D64EC58FE,ARVIND,MONTHLY_RETURN_HISTORY_INCOMPLETE,MONTHLY_RETURN_HISTORY_INCOMPLETE,10.0
2016-03-31,NSE_E6BC41F4E8C3,KKCL,MONTHLY_RETURN_HISTORY_INCOMPLETE,MONTHLY_RETURN_HISTORY_INCOMPLETE,10.0
2016-03-31,NSE_F174B12EB9D7,PNCINFRA,MONTHLY_RETURN_HISTORY_INCOMPLETE,MONTHLY_RETURN_HISTORY_INCOMPLETE,9.0
2016-04-29,NSE_1671B749B56F,IDFC,MONTHLY_RETURN_HISTORY_INCOMPLETE,MONTHLY_RETURN_HISTORY_INCOMPLETE,9.0
2016-04-29,NSE_42CD50DCCBD6,ADANIENT,MONTHLY_RETURN_HISTORY_INCOMPLETE,MONTHLY_RETURN_HISTORY_INCOMPLETE,10.0
2016-04-29,NSE_46A3EC428CE2,GUJGASLTD,MONTHLY_RETURN_HISTORY_INCOMPLETE,MONTHLY_RETURN_HISTORY_INCOMPLETE,6.0
2016-04-29,NSE_4B53EB5E333F,SYNGENE,MONTHLY_RETURN_HISTORY_INCOMPLETE,MONTHLY_RETURN_HISTORY_INCOMPLETE,7.0
2016-04-29,NSE_759F0BD4CDE1,SADBHIN,MONTHLY_RETURN_HISTORY_INCOMPLETE,MONTHLY_RETURN_HISTORY_INCOMPLETE,6.0
2016-04-29,NSE_A3D7B6571FE8,ADANITRANS,MONTHLY_RETURN_HISTORY_INCOMPLETE,MONTHLY_RETURN_HISTORY_INCOMPLETE,8.0
2016-04-29,NSE_C60D64EC58FE,ARVIND,MONTHLY_RETURN_HISTORY_INCOMPLETE,MONTHLY_RETURN_HISTORY_INCOMPLETE,10.0
2016-04-29,NSE_D4F3ADAA19EE,MANPASAND,MONTHLY_RETURN_HISTORY_INCOMPLETE,MONTHLY_RETURN_HISTORY_INCOMPLETE,8.0
2016-04-29,NSE_E7C0FAEE3336,NAVKARCORP,MONTHLY_RETURN_HISTORY_INCOMPLETE,MONTHLY_RETURN_HISTORY_INCOMPLETE,6.0
2016-04-29,NSE_F174B12EB9D7,PNCINFRA,MONTHLY_RETURN_HISTORY_INCOMPLETE,MONTHLY_RETURN_HISTORY_INCOMPLETE,10.0
2016-04-29,NSE_F8512C975E62,SHK,MONTHLY_RETURN_HISTORY_INCOMPLETE,MONTHLY_RETURN_HISTORY_INCOMPLETE,4.0
2016-05-31,NSE_1671B749B56F,IDFC,MONTHLY_RETURN_HISTORY_INCOMPLETE,MONTHLY_RETURN_HISTORY_INCOMPLETE,9.0
2016-05-31,NSE_42CD50DCCBD6,ADANIENT,MONTHLY_RETURN_HISTORY_INCOMPLETE,MONTHLY_RETURN_HISTORY_INCOMPLETE,10.0
2016-05-31,NSE_46A3EC428CE2,GUJGASLTD,MONTHLY_RETURN_HISTORY_INCOMPLETE,MONTHLY_RETURN_HISTORY_INCOMPLETE,7.0
2016-05-31,NSE_4B53EB5E333F,SYNGENE,MONTHLY_RETURN_HISTORY_INCOMPLETE,MONTHLY_RETURN_HISTORY_INCOMPLETE,8.0
2016-05-31,NSE_759F0BD4CDE1,SADBHIN,MONTHLY_RETURN_HISTORY_INCOMPLETE,MONTHLY_RETURN_HISTORY_INCOMPLETE,7.0
2016-05-31,NSE_A3D7B6571FE8,ADANITRANS,MONTHLY_RETURN_HISTORY_INCOMPLETE,MONTHLY_RETURN_HISTORY_INCOMPLETE,9.0
2016-05-31,NSE_D4F3ADAA19EE,MANPASAND,MONTHLY_RETURN_HISTORY_INCOMPLETE,MONTHLY_RETURN_HISTORY_INCOMPLETE,9.0
2016-05-31,NSE_E7C0FAEE3336,NAVKARCORP,MONTHLY_RETURN_HISTORY_INCOMPLETE,MONTHLY_RETURN_HISTORY_INCOMPLETE,7.0
2016-05-31,NSE_F8512C975E62,SHK,MONTHLY_RETURN_HISTORY_INCOMPLETE,MONTHLY_RETURN_HISTORY_INCOMPLETE,5.0
2016-06-30,NSE_1671B749B56F,IDFC,MONTHLY_RETURN_HISTORY_INCOMPLETE,MONTHLY_RETURN_HISTORY_INCOMPLETE,9.0
2016-06-30,NSE_46A3EC428CE2,GUJGASLTD,MONTHLY_RETURN_HISTORY_INCOMPLETE,MONTHLY_RETURN_HISTORY_INCOMPLETE,8.0
2016-06-30,NSE_4B53EB5E333F,SYNGENE,MONTHLY_RETURN_HISTORY_INCOMPLETE,MONTHLY_RETURN_HISTORY_INCOMPLETE,9.0
2016-06-30,NSE_759F0BD4CDE1,SADBHIN,MONTHLY_RETURN_HISTORY_INCOMPLETE,MONTHLY_RETURN_HISTORY_INCOMPLETE,8.0
2016-06-30,NSE_A3D7B6571FE8,ADANITRANS,MONTHLY_RETURN_HISTORY_INCOMPLETE,MONTHLY_RETURN_HISTORY_INCOMPLETE,10.0
2016-06-30,NSE_D4F3ADAA19EE,MANPASAND,MONTHLY_RETURN_HISTORY_INCOMPLETE,MONTHLY_RETURN_HISTORY_INCOMPLETE,10.0
2016-06-30,NSE_E7C0FAEE3336,NAVKARCORP,MONTHLY_RETURN_HISTORY_INCOMPLETE,MONTHLY_RETURN_HISTORY_INCOMPLETE,8.0
2016-06-30,NSE_F8512C975E62,SHK,MONTHLY_RETURN_HISTORY_INCOMPLETE,MONTHLY_RETURN_HISTORY_INCOMPLETE,6.0
2016-07-29,NSE_1671B749B56F,IDFC,MONTHLY_RETURN_HISTORY_INCOMPLETE,MONTHLY_RETURN_HISTORY_INCOMPLETE,9.0
2016-07-29,NSE_46A3EC428CE2,GUJGASLTD,MONTHLY_RETURN_HISTORY_INCOMPLETE,MONTHLY_RETURN_HISTORY_INCOMPLETE,9.0
2016-07-29,NSE_4B53EB5E333F,SYNGENE,MONTHLY_RETURN_HISTORY_INCOMPLETE,MONTHLY_RETURN_HISTORY_INCOMPLETE,10.0
2016-07-29,NSE_759F0BD4CDE1,SADBHIN,MONTHLY_RETURN_HISTORY_INCOMPLETE,MONTHLY_RETURN_HISTORY_INCOMPLETE,9.0
2016-07-29,NSE_E7C0FAEE3336,NAVKARCORP,MONTHLY_RETURN_HISTORY_INCOMPLETE,MONTHLY_RETURN_HISTORY_INCOMPLETE,9.0
2016-07-29,NSE_F8512C975E62,SHK,MONTHLY_RETURN_HISTORY_INCOMPLETE,MONTHLY_RETURN_HISTORY_INCOMPLETE,7.0
2016-08-31,NSE_1671B749B56F,IDFC,MONTHLY_RETURN_HISTORY_INCOMPLETE,MONTHLY_RETURN_HISTORY_INCOMPLETE,9.0
2016-08-31,NSE_46A3EC428CE2,GUJGASLTD,MONTHLY_RETURN_HISTORY_INCOMPLETE,MONTHLY_RETURN_HISTORY_INCOMPLETE,10.0
2016-08-31,NSE_759F0BD4CDE1,SADBHIN,MONTHLY_RETURN_HISTORY_INCOMPLETE,MONTHLY_RETURN_HISTORY_INCOMPLETE,10.0
2016-08-31,NSE_E7C0FAEE3336,NAVKARCORP,MONTHLY_RETURN_HISTORY_INCOMPLETE,MONTHLY_RETURN_HISTORY_INCOMPLETE,10.0
2016-08-31,NSE_F8512C975E62,SHK,MONTHLY_RETURN_HISTORY_INCOMPLETE,MONTHLY_RETURN_HISTORY_INCOMPLETE,8.0
2016-09-30,NSE_1671B749B56F,IDFC,MONTHLY_RETURN_HISTORY_INCOMPLETE,MONTHLY_RETURN_HISTORY_INCOMPLETE,10.0
2016-09-30,NSE_1BB2D50D7572,EQUITAS,MONTHLY_RETURN_HISTORY_INCOMPLETE,MONTHLY_RETURN_HISTORY_INCOMPLETE,4.0
2016-09-30,NSE_40AA7F3995D1,INDIGO,MONTHLY_RETURN_HISTORY_INCOMPLETE,MONTHLY_RETURN_HISTORY_INCOMPLETE,9.0
2016-09-30,NSE_659E411DCE22,NH,MONTHLY_RETURN_HISTORY_INCOMPLETE,MONTHLY_RETURN_HISTORY_INCOMPLETE,7.0
2016-09-30,NSE_69D8A25A8131,ALKEM,MONTHLY_RETURN_HISTORY_INCOMPLETE,MONTHLY_RETURN_HISTORY_INCOMPLETE,8.0
2016-09-30,NSE_6E0CB7353991,LALPATHLAB,MONTHLY_RETURN_HISTORY_INCOMPLETE,MONTHLY_RETURN_HISTORY_INCOMPLETE,8.0
2016-09-30,NSE_812A4A064978,CROMPGREAV,MONTHLY_RETURN_HISTORY_INCOMPLETE,MONTHLY_RETURN_HISTORY_INCOMPLETE,10.0
2016-09-30,NSE_98CBA18954BD,MFSL,MONTHLY_RETURN_HISTORY_INCOMPLETE,MONTHLY_RETURN_HISTORY_INCOMPLETE,10.0
2016-09-30,NSE_CA42918156CA,INFIBEAM,MONTHLY_RETURN_HISTORY_INCOMPLETE,MONTHLY_RETURN_HISTORY_INCOMPLETE,4.0
2016-09-30,NSE_D35374D82BA3,IDFCBANK,MONTHLY_RETURN_HISTORY_INCOMPLETE,MONTHLY_RETURN_HISTORY_INCOMPLETE,7.0
2016-09-30,NSE_EBB02BC0F381,COFFEEDAY,MONTHLY_RETURN_HISTORY_INCOMPLETE,MONTHLY_RETURN_HISTORY_INCOMPLETE,9.0
2016-09-30,NSE_F7B46E5369C2,SEQUENT,MONTHLY_RETURN_HISTORY_INCOMPLETE,MONTHLY_RETURN_HISTORY_INCOMPLETE,5.0
2016-09-30,NSE_F8512C975E62,SHK,MONTHLY_RETURN_HISTORY_INCOMPLETE,MONTHLY_RETURN_HISTORY_INCOMPLETE,9.0
2016-10-30,NSE_1BB2D50D7572,EQUITAS,MONTHLY_RETURN_HISTORY_INCOMPLETE,MONTHLY_RETURN_HISTORY_INCOMPLETE,5.0
2016-10-30,NSE_40AA7F3995D1,INDIGO,MONTHLY_RETURN_HISTORY_INCOMPLETE,MONTHLY_RETURN_HISTORY_INCOMPLETE,10.0
2016-10-30,NSE_659E411DCE22,NH,MONTHLY_RETURN_HISTORY_INCOMPLETE,MONTHLY_RETURN_HISTORY_INCOMPLETE,8.0
2016-10-30,NSE_69D8A25A8131,ALKEM,MONTHLY_RETURN_HISTORY_INCOMPLETE,MONTHLY_RETURN_HISTORY_INCOMPLETE,9.0
2016-10-30,NSE_6E0CB7353991,LALPATHLAB,MONTHLY_RETURN_HISTORY_INCOMPLETE,MONTHLY_RETURN_HISTORY_INCOMPLETE,9.0
2016-10-30,NSE_812A4A064978,CROMPGREAV,MONTHLY_RETURN_HISTORY_INCOMPLETE,MONTHLY_RETURN_HISTORY_INCOMPLETE,10.0
2016-10-30,NSE_98CBA18954BD,MFSL,MONTHLY_RETURN_HISTORY_INCOMPLETE,MONTHLY_RETURN_HISTORY_INCOMPLETE,10.0
2016-10-30,NSE_CA42918156CA,INFIBEAM,MONTHLY_RETURN_HISTORY_INCOMPLETE,MONTHLY_RETURN_HISTORY_INCOMPLETE,5.0
2016-10-30,NSE_D35374D82BA3,IDFCBANK,MONTHLY_RETURN_HISTORY_INCOMPLETE,MONTHLY_RETURN_HISTORY_INCOMPLETE,8.0
2016-10-30,NSE_EBB02BC0F381,COFFEEDAY,MONTHLY_RETURN_HISTORY_INCOMPLETE,MONTHLY_RETURN_HISTORY_INCOMPLETE,10.0
2016-10-30,NSE_F7B46E5369C2,SEQUENT,MONTHLY_RETURN_HISTORY_INCOMPLETE,MONTHLY_RETURN_HISTORY_INCOMPLETE,6.0
2016-10-30,NSE_F8512C975E62,SHK,MONTHLY_RETURN_HISTORY_INCOMPLETE,MONTHLY_RETURN_HISTORY_INCOMPLETE,10.0
2016-11-30,NSE_1BB2D50D7572,EQUITAS,MONTHLY_RETURN_HISTORY_INCOMPLETE,MONTHLY_RETURN_HISTORY_INCOMPLETE,6.0
2016-11-30,NSE_659E411DCE22,NH,MONTHLY_RETURN_HISTORY_INCOMPLETE,MONTHLY_RETURN_HISTORY_INCOMPLETE,9.0
2016-11-30,NSE_69D8A25A8131,ALKEM,MONTHLY_RETURN_HISTORY_INCOMPLETE,MONTHLY_RETURN_HISTORY_INCOMPLETE,10.0
2016-11-30,NSE_6E0CB7353991,LALPATHLAB,MONTHLY_RETURN_HISTORY_INCOMPLETE,MONTHLY_RETURN_HISTORY_INCOMPLETE,10.0
2016-11-30,NSE_812A4A064978,CROMPGREAV,MONTHLY_RETURN_HISTORY_INCOMPLETE,MONTHLY_RETURN_HISTORY_INCOMPLETE,10.0
2016-11-30,NSE_98CBA18954BD,MFSL,MONTHLY_RETURN_HISTORY_INCOMPLETE,MONTHLY_RETURN_HISTORY_INCOMPLETE,10.0
2016-11-30,NSE_B04856B88EED,CROMPTON,MONTHLY_RETURN_HISTORY_INCOMPLETE,MONTHLY_RETURN_HISTORY_INCOMPLETE,5.0
2016-11-30,NSE_CA42918156CA,INFIBEAM,MONTHLY_RETURN_HISTORY_INCOMPLETE,MONTHLY_RETURN_HISTORY_INCOMPLETE,6.0
2016-11-30,NSE_D35374D82BA3,IDFCBANK,MONTHLY_RETURN_HISTORY_INCOMPLETE,MONTHLY_RETURN_HISTORY_INCOMPLETE,9.0
2016-11-30,NSE_F7B46E5369C2,SEQUENT,MONTHLY_RETURN_HISTORY_INCOMPLETE,MONTHLY_RETURN_HISTORY_INCOMPLETE,7.0
2016-12-30,NSE_1BB2D50D7572,EQUITAS,MONTHLY_RETURN_HISTORY_INCOMPLETE,MONTHLY_RETURN_HISTORY_INCOMPLETE,7.0
2016-12-30,NSE_659E411DCE22,NH,MONTHLY_RETURN_HISTORY_INCOMPLETE,MONTHLY_RETURN_HISTORY_INCOMPLETE,10.0
2016-12-30,NSE_812A4A064978,CROMPGREAV,MONTHLY_RETURN_HISTORY_INCOMPLETE,MONTHLY_RETURN_HISTORY_INCOMPLETE,10.0
2016-12-30,NSE_98CBA18954BD,MFSL,MONTHLY_RETURN_HISTORY_INCOMPLETE,MONTHLY_RETURN_HISTORY_INCOMPLETE,10.0
2016-12-30,NSE_B04856B88EED,CROMPTON,MONTHLY_RETURN_HISTORY_INCOMPLETE,MONTHLY_RETURN_HISTORY_INCOMPLETE,6.0
2016-12-30,NSE_CA42918156CA,INFIBEAM,MONTHLY_RETURN_HISTORY_INCOMPLETE,MONTHLY_RETURN_HISTORY_INCOMPLETE,7.0
2016-12-30,NSE_D35374D82BA3,IDFCBANK,MONTHLY_RETURN_HISTORY_INCOMPLETE,MONTHLY_RETURN_HISTORY_INCOMPLETE,9.0
2016-12-30,NSE_F7B46E5369C2,SEQUENT,MONTHLY_RETURN_HISTORY_INCOMPLETE,MONTHLY_RETURN_HISTORY_INCOMPLETE,8.0
2017-01-31,NSE_1BB2D50D7572,EQUITAS,MONTHLY_RETURN_HISTORY_INCOMPLETE,MONTHLY_RETURN_HISTORY_INCOMPLETE,8.0
2017-01-31,NSE_3A5699DD10E6,RBLBANK,MONTHLY_RETURN_HISTORY_INCOMPLETE,MONTHLY_RETURN_HISTORY_INCOMPLETE,4.0
2017-01-31,NSE_617F173B98ED,ADVENZYMES,MONTHLY_RETURN_HISTORY_INCOMPLETE,MONTHLY_RETURN_HISTORY_INCOMPLETE,4.0
2017-01-31,NSE_6F61D6CF659B,UJJIVAN,MONTHLY_RETURN_HISTORY_INCOMPLETE,MONTHLY_RETURN_HISTORY_INCOMPLETE,7.0
2017-01-31,NSE_812A4A064978,CROMPGREAV,MONTHLY_RETURN_HISTORY_INCOMPLETE,MONTHLY_RETURN_HISTORY_INCOMPLETE,10.0
2017-01-31,NSE_B04856B88EED,CROMPTON,MONTHLY_RETURN_HISTORY_INCOMPLETE,MONTHLY_RETURN_HISTORY_INCOMPLETE,7.0
2017-01-31,NSE_CA42918156CA,INFIBEAM,MONTHLY_RETURN_HISTORY_INCOMPLETE,MONTHLY_RETURN_HISTORY_INCOMPLETE,8.0
2017-01-31,NSE_D35374D82BA3,IDFCBANK,MONTHLY_RETURN_HISTORY_INCOMPLETE,MONTHLY_RETURN_HISTORY_INCOMPLETE,9.0
2017-01-31,NSE_F7B46E5369C2,SEQUENT,MONTHLY_RETURN_HISTORY_INCOMPLETE,MONTHLY_RETURN_HISTORY_INCOMPLETE,9.0
2017-02-28,NSE_1BB2D50D7572,EQUITAS,MONTHLY_RETURN_HISTORY_INCOMPLETE,MONTHLY_RETURN_HISTORY_INCOMPLETE,9.0
2017-02-28,NSE_3A5699DD10E6,RBLBANK,MONTHLY_RETURN_HISTORY_INCOMPLETE,MONTHLY_RETURN_HISTORY_INCOMPLETE,5.0
2017-02-28,NSE_617F173B98ED,ADVENZYMES,MONTHLY_RETURN_HISTORY_INCOMPLETE,MONTHLY_RETURN_HISTORY_INCOMPLETE,5.0
2017-02-28,NSE_6F61D6CF659B,UJJIVAN,MONTHLY_RETURN_HISTORY_INCOMPLETE,MONTHLY_RETURN_HISTORY_INCOMPLETE,8.0
2017-02-28,NSE_812A4A064978,CROMPGREAV,MONTHLY_RETURN_HISTORY_INCOMPLETE,MONTHLY_RETURN_HISTORY_INCOMPLETE,10.0
2017-02-28,NSE_B04856B88EED,CROMPTON,MONTHLY_RETURN_HISTORY_INCOMPLETE,MONTHLY_RETURN_HISTORY_INCOMPLETE,8.0
2017-02-28,NSE_CA42918156CA,INFIBEAM,MONTHLY_RETURN_HISTORY_INCOMPLETE,MONTHLY_RETURN_HISTORY_INCOMPLETE,9.0
2017-02-28,NSE_D35374D82BA3,IDFCBANK,MONTHLY_RETURN_HISTORY_INCOMPLETE,MONTHLY_RETURN_HISTORY_INCOMPLETE,10.0
2017-02-28,NSE_F7B46E5369C2,SEQUENT,MONTHLY_RETURN_HISTORY_INCOMPLETE,MONTHLY_RETURN_HISTORY_INCOMPLETE,10.0
2017-03-31,NSE_0B84083B7AE8,THYROCARE,MONTHLY_RETURN_HISTORY_INCOMPLETE,MONTHLY_RETURN_HISTORY_INCOMPLETE,9.0
2017-03-31,NSE_0DF5BDD0F1AA,DBL,MONTHLY_RETURN_HISTORY_INCOMPLETE,MONTHLY_RETURN_HISTORY_INCOMPLETE,6.0
2017-03-31,NSE_1469848A6218,MAXINDIA,MONTHLY_RETURN_HISTORY_INCOMPLETE,MONTHLY_RETURN_HISTORY_INCOMPLETE,7.0
2017-03-31,NSE_1BB2D50D7572,EQUITAS,MONTHLY_RETURN_HISTORY_INCOMPLETE,MONTHLY_RETURN_HISTORY_INCOMPLETE,10.0
2017-03-31,NSE_1E720E0D76DE,PARAGMILK,MONTHLY_RETURN_HISTORY_INCOMPLETE,MONTHLY_RETURN_HISTORY_INCOMPLETE,9.0
2017-03-31,NSE_3A5699DD10E6,RBLBANK,MONTHLY_RETURN_HISTORY_INCOMPLETE,MONTHLY_RETURN_HISTORY_INCOMPLETE,6.0
2017-03-31,NSE_3B3D41C8CF5F,ICICIPRULI,MONTHLY_RETURN_HISTORY_INCOMPLETE,MONTHLY_RETURN_HISTORY_INCOMPLETE,5.0
2017-03-31,NSE_50BAFA3326BE,ENDURANCE,MONTHLY_RETURN_HISTORY_INCOMPLETE,MONTHLY_RETURN_HISTORY_INCOMPLETE,4.0
2017-03-31,NSE_617F173B98ED,ADVENZYMES,MONTHLY_RETURN_HISTORY_INCOMPLETE,MONTHLY_RETURN_HISTORY_INCOMPLETE,6.0
2017-03-31,NSE_6F61D6CF659B,UJJIVAN,MONTHLY_RETURN_HISTORY_INCOMPLETE,MONTHLY_RETURN_HISTORY_INCOMPLETE,9.0
2017-03-31,NSE_78E18EB5DA28,MGL,MONTHLY_RETURN_HISTORY_INCOMPLETE,MONTHLY_RETURN_HISTORY_INCOMPLETE,7.0
2017-03-31,NSE_A0B6C42B481E,LTTS,MONTHLY_RETURN_HISTORY_INCOMPLETE,MONTHLY_RETURN_HISTORY_INCOMPLETE,5.0
2017-03-31,NSE_B04856B88EED,CROMPTON,MONTHLY_RETURN_HISTORY_INCOMPLETE,MONTHLY_RETURN_HISTORY_INCOMPLETE,9.0
2017-03-31,NSE_B61709A06339,LTI,MONTHLY_RETURN_HISTORY_INCOMPLETE,MONTHLY_RETURN_HISTORY_INCOMPLETE,7.0
2017-03-31,NSE_C1DAEF86162E,QUESS,MONTHLY_RETURN_HISTORY_INCOMPLETE,MONTHLY_RETURN_HISTORY_INCOMPLETE,7.0
2017-03-31,NSE_CA42918156CA,INFIBEAM,MONTHLY_RETURN_HISTORY_INCOMPLETE,MONTHLY_RETURN_HISTORY_INCOMPLETE,10.0
2017-03-31,NSE_E987DDA51421,FRETAIL,MONTHLY_RETURN_HISTORY_INCOMPLETE,MONTHLY_RETURN_HISTORY_INCOMPLETE,6.0
2017-04-28,NSE_0B84083B7AE8,THYROCARE,MONTHLY_RETURN_HISTORY_INCOMPLETE,MONTHLY_RETURN_HISTORY_INCOMPLETE,10.0
2017-04-28,NSE_0DF5BDD0F1AA,DBL,MONTHLY_RETURN_HISTORY_INCOMPLETE,MONTHLY_RETURN_HISTORY_INCOMPLETE,7.0
2017-04-28,NSE_1469848A6218,MAXINDIA,MONTHLY_RETURN_HISTORY_INCOMPLETE,MONTHLY_RETURN_HISTORY_INCOMPLETE,8.0
2017-04-28,NSE_1E720E0D76DE,PARAGMILK,MONTHLY_RETURN_HISTORY_INCOMPLETE,MONTHLY_RETURN_HISTORY_INCOMPLETE,10.0
2017-04-28,NSE_3A5699DD10E6,RBLBANK,MONTHLY_RETURN_HISTORY_INCOMPLETE,MONTHLY_RETURN_HISTORY_INCOMPLETE,7.0
2017-04-28,NSE_3B3D41C8CF5F,ICICIPRULI,MONTHLY_RETURN_HISTORY_INCOMPLETE,MONTHLY_RETURN_HISTORY_INCOMPLETE,6.0
2017-04-28,NSE_50BAFA3326BE,ENDURANCE,MONTHLY_RETURN_HISTORY_INCOMPLETE,MONTHLY_RETURN_HISTORY_INCOMPLETE,5.0
2017-04-28,NSE_617F173B98ED,ADVENZYMES,MONTHLY_RETURN_HISTORY_INCOMPLETE,MONTHLY_RETURN_HISTORY_INCOMPLETE,7.0
2017-04-28,NSE_6F61D6CF659B,UJJIVAN,MONTHLY_RETURN_HISTORY_INCOMPLETE,MONTHLY_RETURN_HISTORY_INCOMPLETE,10.0
2017-04-28,NSE_78E18EB5DA28,MGL,MONTHLY_RETURN_HISTORY_INCOMPLETE,MONTHLY_RETURN_HISTORY_INCOMPLETE,8.0
2017-04-28,NSE_A0B6C42B481E,LTTS,MONTHLY_RETURN_HISTORY_INCOMPLETE,MONTHLY_RETURN_HISTORY_INCOMPLETE,6.0
2017-04-28,NSE_B04856B88EED,CROMPTON,MONTHLY_RETURN_HISTORY_INCOMPLETE,MONTHLY_RETURN_HISTORY_INCOMPLETE,10.0
2017-04-28,NSE_B61709A06339,LTI,MONTHLY_RETURN_HISTORY_INCOMPLETE,MONTHLY_RETURN_HISTORY_INCOMPLETE,8.0
2017-04-28,NSE_C1DAEF86162E,QUESS,MONTHLY_RETURN_HISTORY_INCOMPLETE,MONTHLY_RETURN_HISTORY_INCOMPLETE,8.0
2017-04-28,NSE_E987DDA51421,FRETAIL,MONTHLY_RETURN_HISTORY_INCOMPLETE,MONTHLY_RETURN_HISTORY_INCOMPLETE,7.0
2017-05-31,NSE_08AD92AFD5C4,PNBHOUSING,MONTHLY_RETURN_HISTORY_INCOMPLETE,MONTHLY_RETURN_HISTORY_INCOMPLETE,5.0
2017-05-31,NSE_0DF5BDD0F1AA,DBL,MONTHLY_RETURN_HISTORY_INCOMPLETE,MONTHLY_RETURN_HISTORY_INCOMPLETE,8.0
2017-05-31,NSE_0E49BB8B75B8,VBL,MONTHLY_RETURN_HISTORY_INCOMPLETE,MONTHLY_RETURN_HISTORY_INCOMPLETE,5.0
2017-05-31,NSE_1469848A6218,MAXINDIA,MONTHLY_RETURN_HISTORY_INCOMPLETE,MONTHLY_RETURN_HISTORY_INCOMPLETE,9.0
2017-05-31,NSE_3A5699DD10E6,RBLBANK,MONTHLY_RETURN_HISTORY_INCOMPLETE,MONTHLY_RETURN_HISTORY_INCOMPLETE,8.0
2017-05-31,NSE_3B3D41C8CF5F,ICICIPRULI,MONTHLY_RETURN_HISTORY_INCOMPLETE,MONTHLY_RETURN_HISTORY_INCOMPLETE,7.0
2017-05-31,NSE_50BAFA3326BE,ENDURANCE,MONTHLY_RETURN_HISTORY_INCOMPLETE,MONTHLY_RETURN_HISTORY_INCOMPLETE,6.0
2017-05-31,NSE_617F173B98ED,ADVENZYMES,MONTHLY_RETURN_HISTORY_INCOMPLETE,MONTHLY_RETURN_HISTORY_INCOMPLETE,8.0
2017-05-31,NSE_78E18EB5DA28,MGL,MONTHLY_RETURN_HISTORY_INCOMPLETE,MONTHLY_RETURN_HISTORY_INCOMPLETE,9.0
2017-05-31,NSE_82EB3C3636F3,LAURUSLABS,MONTHLY_RETURN_HISTORY_INCOMPLETE,MONTHLY_RETURN_HISTORY_INCOMPLETE,4.0
2017-05-31,NSE_A0B6C42B481E,LTTS,MONTHLY_RETURN_HISTORY_INCOMPLETE,MONTHLY_RETURN_HISTORY_INCOMPLETE,7.0
2017-05-31,NSE_B61709A06339,LTI,MONTHLY_RETURN_HISTORY_INCOMPLETE,MONTHLY_RETURN_HISTORY_INCOMPLETE,9.0
2017-05-31,NSE_C1DAEF86162E,QUESS,MONTHLY_RETURN_HISTORY_INCOMPLETE,MONTHLY_RETURN_HISTORY_INCOMPLETE,9.0
2017-05-31,NSE_E987DDA51421,FRETAIL,MONTHLY_RETURN_HISTORY_INCOMPLETE,MONTHLY_RETURN_HISTORY_INCOMPLETE,8.0
2017-06-30,NSE_08AD92AFD5C4,PNBHOUSING,MONTHLY_RETURN_HISTORY_INCOMPLETE,MONTHLY_RETURN_HISTORY_INCOMPLETE,6.0
2017-06-30,NSE_0DF5BDD0F1AA,DBL,MONTHLY_RETURN_HISTORY_INCOMPLETE,MONTHLY_RETURN_HISTORY_INCOMPLETE,9.0
2017-06-30,NSE_0E49BB8B75B8,VBL,MONTHLY_RETURN_HISTORY_INCOMPLETE,MONTHLY_RETURN_HISTORY_INCOMPLETE,6.0
2017-06-30,NSE_1469848A6218,MAXINDIA,MONTHLY_RETURN_HISTORY_INCOMPLETE,MONTHLY_RETURN_HISTORY_INCOMPLETE,10.0
2017-06-30,NSE_3A5699DD10E6,RBLBANK,MONTHLY_RETURN_HISTORY_INCOMPLETE,MONTHLY_RETURN_HISTORY_INCOMPLETE,9.0
2017-06-30,NSE_3B3D41C8CF5F,ICICIPRULI,MONTHLY_RETURN_HISTORY_INCOMPLETE,MONTHLY_RETURN_HISTORY_INCOMPLETE,8.0
2017-06-30,NSE_50BAFA3326BE,ENDURANCE,MONTHLY_RETURN_HISTORY_INCOMPLETE,MONTHLY_RETURN_HISTORY_INCOMPLETE,7.0
2017-06-30,NSE_617F173B98ED,ADVENZYMES,MONTHLY_RETURN_HISTORY_INCOMPLETE,MONTHLY_RETURN_HISTORY_INCOMPLETE,9.0
2017-06-30,NSE_78E18EB5DA28,MGL,MONTHLY_RETURN_HISTORY_INCOMPLETE,MONTHLY_RETURN_HISTORY_INCOMPLETE,10.0
2017-06-30,NSE_82EB3C3636F3,LAURUSLABS,MONTHLY_RETURN_HISTORY_INCOMPLETE,MONTHLY_RETURN_HISTORY_INCOMPLETE,5.0
2017-06-30,NSE_A0B6C42B481E,LTTS,MONTHLY_RETURN_HISTORY_INCOMPLETE,MONTHLY_RETURN_HISTORY_INCOMPLETE,8.0
2017-06-30,NSE_B61709A06339,LTI,MONTHLY_RETURN_HISTORY_INCOMPLETE,MONTHLY_RETURN_HISTORY_INCOMPLETE,10.0
2017-06-30,NSE_BDA35C5DEB61,SFL,MONTHLY_RETURN_HISTORY_INCOMPLETE,MONTHLY_RETURN_HISTORY_INCOMPLETE,5.0
2017-06-30,NSE_C1DAEF86162E,QUESS,MONTHLY_RETURN_HISTORY_INCOMPLETE,MONTHLY_RETURN_HISTORY_INCOMPLETE,10.0
2017-06-30,NSE_E987DDA51421,FRETAIL,MONTHLY_RETURN_HISTORY_INCOMPLETE,MONTHLY_RETURN_HISTORY_INCOMPLETE,9.0
2017-07-31,NSE_08AD92AFD5C4,PNBHOUSING,MONTHLY_RETURN_HISTORY_INCOMPLETE,MONTHLY_RETURN_HISTORY_INCOMPLETE,7.0
2017-07-31,NSE_0DF5BDD0F1AA,DBL,MONTHLY_RETURN_HISTORY_INCOMPLETE,MONTHLY_RETURN_HISTORY_INCOMPLETE,10.0
2017-07-31,NSE_0E49BB8B75B8,VBL,MONTHLY_RETURN_HISTORY_INCOMPLETE,MONTHLY_RETURN_HISTORY_INCOMPLETE,7.0
2017-07-31,NSE_3A5699DD10E6,RBLBANK,MONTHLY_RETURN_HISTORY_INCOMPLETE,MONTHLY_RETURN_HISTORY_INCOMPLETE,10.0
2017-07-31,NSE_3B3D41C8CF5F,ICICIPRULI,MONTHLY_RETURN_HISTORY_INCOMPLETE,MONTHLY_RETURN_HISTORY_INCOMPLETE,9.0
2017-07-31,NSE_50BAFA3326BE,ENDURANCE,MONTHLY_RETURN_HISTORY_INCOMPLETE,MONTHLY_RETURN_HISTORY_INCOMPLETE,8.0
2017-07-31,NSE_617F173B98ED,ADVENZYMES,MONTHLY_RETURN_HISTORY_INCOMPLETE,MONTHLY_RETURN_HISTORY_INCOMPLETE,10.0
2017-07-31,NSE_82EB3C3636F3,LAURUSLABS,MONTHLY_RETURN_HISTORY_INCOMPLETE,MONTHLY_RETURN_HISTORY_INCOMPLETE,6.0
2017-07-31,NSE_A0B6C42B481E,LTTS,MONTHLY_RETURN_HISTORY_INCOMPLETE,MONTHLY_RETURN_HISTORY_INCOMPLETE,9.0
2017-07-31,NSE_BDA35C5DEB61,SFL,MONTHLY_RETURN_HISTORY_INCOMPLETE,MONTHLY_RETURN_HISTORY_INCOMPLETE,6.0
2017-07-31,NSE_E987DDA51421,FRETAIL,MONTHLY_RETURN_HISTORY_INCOMPLETE,MONTHLY_RETURN_HISTORY_INCOMPLETE,10.0
2017-08-31,NSE_08AD92AFD5C4,PNBHOUSING,MONTHLY_RETURN_HISTORY_INCOMPLETE,MONTHLY_RETURN_HISTORY_INCOMPLETE,8.0
2017-08-31,NSE_0E49BB8B75B8,VBL,MONTHLY_RETURN_HISTORY_INCOMPLETE,MONTHLY_RETURN_HISTORY_INCOMPLETE,8.0
2017-08-31,NSE_3B3D41C8CF5F,ICICIPRULI,MONTHLY_RETURN_HISTORY_INCOMPLETE,MONTHLY_RETURN_HISTORY_INCOMPLETE,10.0
2017-08-31,NSE_50BAFA3326BE,ENDURANCE,MONTHLY_RETURN_HISTORY_INCOMPLETE,MONTHLY_RETURN_HISTORY_INCOMPLETE,9.0
2017-08-31,NSE_82EB3C3636F3,LAURUSLABS,MONTHLY_RETURN_HISTORY_INCOMPLETE,MONTHLY_RETURN_HISTORY_INCOMPLETE,7.0
2017-08-31,NSE_A0B6C42B481E,LTTS,MONTHLY_RETURN_HISTORY_INCOMPLETE,MONTHLY_RETURN_HISTORY_INCOMPLETE,10.0
2017-08-31,NSE_BDA35C5DEB61,SFL,MONTHLY_RETURN_HISTORY_INCOMPLETE,MONTHLY_RETURN_HISTORY_INCOMPLETE,7.0
2017-08-31,NSE_EB5B1EE4D766,JKIL,ADV_UNAVAILABLE,ADV_UNAVAILABLE,11.0
2017-09-29,NSE_08AD92AFD5C4,PNBHOUSING,MONTHLY_RETURN_HISTORY_INCOMPLETE,MONTHLY_RETURN_HISTORY_INCOMPLETE,9.0
2017-09-29,NSE_0E49BB8B75B8,VBL,MONTHLY_RETURN_HISTORY_INCOMPLETE,MONTHLY_RETURN_HISTORY_INCOMPLETE,9.0
2017-09-29,NSE_0FF5DAC53AF6,ITDC,MONTHLY_RETURN_HISTORY_INCOMPLETE,MONTHLY_RETURN_HISTORY_INCOMPLETE,8.0
2017-09-29,NSE_421D2CAC1A97,BSE,MONTHLY_RETURN_HISTORY_INCOMPLETE,MONTHLY_RETURN_HISTORY_INCOMPLETE,6.0
2017-09-29,NSE_50BAFA3326BE,ENDURANCE,MONTHLY_RETURN_HISTORY_INCOMPLETE,MONTHLY_RETURN_HISTORY_INCOMPLETE,10.0
2017-09-29,NSE_82EB3C3636F3,LAURUSLABS,MONTHLY_RETURN_HISTORY_INCOMPLETE,MONTHLY_RETURN_HISTORY_INCOMPLETE,8.0
2017-09-29,NSE_96E91CE539E6,DMART,MONTHLY_RETURN_HISTORY_INCOMPLETE,MONTHLY_RETURN_HISTORY_INCOMPLETE,5.0
2017-09-29,NSE_BDA35C5DEB61,SFL,MONTHLY_RETURN_HISTORY_INCOMPLETE,MONTHLY_RETURN_HISTORY_INCOMPLETE,8.0
2017-09-29,NSE_EB5B1EE4D766,JKIL,MONTHLY_RETURN_HISTORY_INCOMPLETE,MONTHLY_RETURN_HISTORY_INCOMPLETE,10.0
2017-10-31,NSE_08AD92AFD5C4,PNBHOUSING,MONTHLY_RETURN_HISTORY_INCOMPLETE,MONTHLY_RETURN_HISTORY_INCOMPLETE,10.0
2017-10-31,NSE_0E49BB8B75B8,VBL,MONTHLY_RETURN_HISTORY_INCOMPLETE,MONTHLY_RETURN_HISTORY_INCOMPLETE,10.0
2017-10-31,NSE_0FF5DAC53AF6,ITDC,MONTHLY_RETURN_HISTORY_INCOMPLETE,MONTHLY_RETURN_HISTORY_INCOMPLETE,9.0
2017-10-31,NSE_421D2CAC1A97,BSE,MONTHLY_RETURN_HISTORY_INCOMPLETE,MONTHLY_RETURN_HISTORY_INCOMPLETE,7.0
2017-10-31,NSE_82EB3C3636F3,LAURUSLABS,MONTHLY_RETURN_HISTORY_INCOMPLETE,MONTHLY_RETURN_HISTORY_INCOMPLETE,9.0
2017-10-31,NSE_96E91CE539E6,DMART,MONTHLY_RETURN_HISTORY_INCOMPLETE,MONTHLY_RETURN_HISTORY_INCOMPLETE,6.0
2017-10-31,NSE_BDA35C5DEB61,SFL,MONTHLY_RETURN_HISTORY_INCOMPLETE,MONTHLY_RETURN_HISTORY_INCOMPLETE,9.0
2017-10-31,NSE_D738174DF89D,HUDCO,MONTHLY_RETURN_HISTORY_INCOMPLETE,MONTHLY_RETURN_HISTORY_INCOMPLETE,4.0
2017-10-31,NSE_EB5B1EE4D766,JKIL,MONTHLY_RETURN_HISTORY_INCOMPLETE,MONTHLY_RETURN_HISTORY_INCOMPLETE,10.0
2017-11-30,NSE_0FF5DAC53AF6,ITDC,MONTHLY_RETURN_HISTORY_INCOMPLETE,MONTHLY_RETURN_HISTORY_INCOMPLETE,10.0
2017-11-30,NSE_421D2CAC1A97,BSE,MONTHLY_RETURN_HISTORY_INCOMPLETE,MONTHLY_RETURN_HISTORY_INCOMPLETE,8.0
2017-11-30,NSE_82EB3C3636F3,LAURUSLABS,MONTHLY_RETURN_HISTORY_INCOMPLETE,MONTHLY_RETURN_HISTORY_INCOMPLETE,10.0
2017-11-30,NSE_87FFF2928495,AUBANK,MONTHLY_RETURN_HISTORY_INCOMPLETE,MONTHLY_RETURN_HISTORY_INCOMPLETE,3.0
2017-11-30,NSE_96E91CE539E6,DMART,MONTHLY_RETURN_HISTORY_INCOMPLETE,MONTHLY_RETURN_HISTORY_INCOMPLETE,7.0
2017-11-30,NSE_9ABAD18182CF,STARCEMENT,MONTHLY_RETURN_HISTORY_INCOMPLETE,MONTHLY_RETURN_HISTORY_INCOMPLETE,4.0
2017-11-30,NSE_BDA35C5DEB61,SFL,MONTHLY_RETURN_HISTORY_INCOMPLETE,MONTHLY_RETURN_HISTORY_INCOMPLETE,10.0
2017-11-30,NSE_D738174DF89D,HUDCO,MONTHLY_RETURN_HISTORY_INCOMPLETE,MONTHLY_RETURN_HISTORY_INCOMPLETE,5.0
2017-11-30,NSE_EB5B1EE4D766,JKIL,MONTHLY_RETURN_HISTORY_INCOMPLETE,MONTHLY_RETURN_HISTORY_INCOMPLETE,10.0
2017-12-29,NSE_421D2CAC1A97,BSE,MONTHLY_RETURN_HISTORY_INCOMPLETE,MONTHLY_RETURN_HISTORY_INCOMPLETE,9.0
2017-12-29,NSE_87FFF2928495,AUBANK,MONTHLY_RETURN_HISTORY_INCOMPLETE,MONTHLY_RETURN_HISTORY_INCOMPLETE,4.0
2017-12-29,NSE_96E91CE539E6,DMART,MONTHLY_RETURN_HISTORY_INCOMPLETE,MONTHLY_RETURN_HISTORY_INCOMPLETE,8.0
2017-12-29,NSE_9ABAD18182CF,STARCEMENT,MONTHLY_RETURN_HISTORY_INCOMPLETE,MONTHLY_RETURN_HISTORY_INCOMPLETE,5.0
2017-12-29,NSE_D738174DF89D,HUDCO,MONTHLY_RETURN_HISTORY_INCOMPLETE,MONTHLY_RETURN_HISTORY_INCOMPLETE,6.0
2017-12-29,NSE_EB5B1EE4D766,JKIL,MONTHLY_RETURN_HISTORY_INCOMPLETE,MONTHLY_RETURN_HISTORY_INCOMPLETE,10.0
2018-01-31,NSE_421D2CAC1A97,BSE,MONTHLY_RETURN_HISTORY_INCOMPLETE,MONTHLY_RETURN_HISTORY_INCOMPLETE,10.0
2018-01-31,NSE_87FFF2928495,AUBANK,MONTHLY_RETURN_HISTORY_INCOMPLETE,MONTHLY_RETURN_HISTORY_INCOMPLETE,5.0
2018-01-31,NSE_96E91CE539E6,DMART,MONTHLY_RETURN_HISTORY_INCOMPLETE,MONTHLY_RETURN_HISTORY_INCOMPLETE,9.0
2018-01-31,NSE_9ABAD18182CF,STARCEMENT,MONTHLY_RETURN_HISTORY_INCOMPLETE,MONTHLY_RETURN_HISTORY_INCOMPLETE,6.0
2018-01-31,NSE_D738174DF89D,HUDCO,MONTHLY_RETURN_HISTORY_INCOMPLETE,MONTHLY_RETURN_HISTORY_INCOMPLETE,7.0
2018-01-31,NSE_EB5B1EE4D766,JKIL,MONTHLY_RETURN_HISTORY_INCOMPLETE,MONTHLY_RETURN_HISTORY_INCOMPLETE,10.0
2018-02-28,NSE_2B12B6998928,RELCAPITAL,MONTHLY_RETURN_HISTORY_INCOMPLETE,MONTHLY_RETURN_HISTORY_INCOMPLETE,10.0
2018-02-28,NSE_519BAA4E7230,COCHINSHIP,MONTHLY_RETURN_HISTORY_INCOMPLETE,MONTHLY_RETURN_HISTORY_INCOMPLETE,5.0
2018-02-28,NSE_87FFF2928495,AUBANK,MONTHLY_RETURN_HISTORY_INCOMPLETE,MONTHLY_RETURN_HISTORY_INCOMPLETE,6.0
2018-02-28,NSE_96E91CE539E6,DMART,MONTHLY_RETURN_HISTORY_INCOMPLETE,MONTHLY_RETURN_HISTORY_INCOMPLETE,10.0
2018-02-28,NSE_9ABAD18182CF,STARCEMENT,MONTHLY_RETURN_HISTORY_INCOMPLETE,MONTHLY_RETURN_HISTORY_INCOMPLETE,7.0
2018-02-28,NSE_9E3BB2CB962F,TIFIN,MONTHLY_RETURN_HISTORY_INCOMPLETE,MONTHLY_RETURN_HISTORY_INCOMPLETE,4.0
2018-02-28,NSE_D738174DF89D,HUDCO,MONTHLY_RETURN_HISTORY_INCOMPLETE,MONTHLY_RETURN_HISTORY_INCOMPLETE,8.0
2018-02-28,NSE_EB5B1EE4D766,JKIL,MONTHLY_RETURN_HISTORY_INCOMPLETE,MONTHLY_RETURN_HISTORY_INCOMPLETE,10.0
2018-03-28,NSE_2B12B6998928,RELCAPITAL,MONTHLY_RETURN_HISTORY_INCOMPLETE,MONTHLY_RETURN_HISTORY_INCOMPLETE,10.0
2018-03-28,NSE_519BAA4E7230,COCHINSHIP,MONTHLY_RETURN_HISTORY_INCOMPLETE,MONTHLY_RETURN_HISTORY_INCOMPLETE,6.0
2018-03-28,NSE_87FFF2928495,AUBANK,MONTHLY_RETURN_HISTORY_INCOMPLETE,MONTHLY_RETURN_HISTORY_INCOMPLETE,7.0
2018-03-28,NSE_8CDF4E326200,ERIS,MONTHLY_RETURN_HISTORY_INCOMPLETE,MONTHLY_RETURN_HISTORY_INCOMPLETE,8.0
2018-03-28,NSE_9ABAD18182CF,STARCEMENT,MONTHLY_RETURN_HISTORY_INCOMPLETE,MONTHLY_RETURN_HISTORY_INCOMPLETE,8.0
2018-03-28,NSE_9E3BB2CB962F,TIFIN,MONTHLY_RETURN_HISTORY_INCOMPLETE,MONTHLY_RETURN_HISTORY_INCOMPLETE,5.0
2018-03-28,NSE_D738174DF89D,HUDCO,MONTHLY_RETURN_HISTORY_INCOMPLETE,MONTHLY_RETURN_HISTORY_INCOMPLETE,9.0
2018-03-28,NSE_EB5B1EE4D766,JKIL,MONTHLY_RETURN_HISTORY_INCOMPLETE,MONTHLY_RETURN_HISTORY_INCOMPLETE,10.0
2018-04-30,NSE_087EBB35F638,DCAL,MONTHLY_RETURN_HISTORY_INCOMPLETE,MONTHLY_RETURN_HISTORY_INCOMPLETE,6.0
2018-04-30,NSE_2B12B6998928,RELCAPITAL,MONTHLY_RETURN_HISTORY_INCOMPLETE,MONTHLY_RETURN_HISTORY_INCOMPLETE,10.0
2018-04-30,NSE_3A59D4375DE3,CDSL,MONTHLY_RETURN_HISTORY_INCOMPLETE,MONTHLY_RETURN_HISTORY_INCOMPLETE,9.0
2018-04-30,NSE_3F703015A8A4,ICICIGI,MONTHLY_RETURN_HISTORY_INCOMPLETE,MONTHLY_RETURN_HISTORY_INCOMPLETE,6.0
2018-04-30,NSE_42389EFA283C,RHFL,MONTHLY_RETURN_HISTORY_INCOMPLETE,MONTHLY_RETURN_HISTORY_INCOMPLETE,6.0
2018-04-30,NSE_519BAA4E7230,COCHINSHIP,MONTHLY_RETURN_HISTORY_INCOMPLETE,MONTHLY_RETURN_HISTORY_INCOMPLETE,7.0
2018-04-30,NSE_5700B54677A9,GICRE,MONTHLY_RETURN_HISTORY_INCOMPLETE,MONTHLY_RETURN_HISTORY_INCOMPLETE,5.0
2018-04-30,NSE_594968069C9C,DIXON,MONTHLY_RETURN_HISTORY_INCOMPLETE,MONTHLY_RETURN_HISTORY_INCOMPLETE,6.0
2018-04-30,NSE_64FA5F3DB129,SBILIFE,MONTHLY_RETURN_HISTORY_INCOMPLETE,MONTHLY_RETURN_HISTORY_INCOMPLETE,5.0
2018-04-30,NSE_87FFF2928495,AUBANK,MONTHLY_RETURN_HISTORY_INCOMPLETE,MONTHLY_RETURN_HISTORY_INCOMPLETE,8.0
2018-04-30,NSE_8CDF4E326200,ERIS,MONTHLY_RETURN_HISTORY_INCOMPLETE,MONTHLY_RETURN_HISTORY_INCOMPLETE,9.0
2018-04-30,NSE_8D903D63E255,ABCAPITAL,MONTHLY_RETURN_HISTORY_INCOMPLETE,MONTHLY_RETURN_HISTORY_INCOMPLETE,6.0
2018-04-30,NSE_951F0DE091F9,GRASIM,MONTHLY_RETURN_HISTORY_INCOMPLETE,MONTHLY_RETURN_HISTORY_INCOMPLETE,10.0
2018-04-30,NSE_9ABAD18182CF,STARCEMENT,MONTHLY_RETURN_HISTORY_INCOMPLETE,MONTHLY_RETURN_HISTORY_INCOMPLETE,9.0
2018-04-30,NSE_9E3BB2CB962F,TIFIN,MONTHLY_RETURN_HISTORY_INCOMPLETE,MONTHLY_RETURN_HISTORY_INCOMPLETE,6.0
2018-04-30,NSE_C07DB11DA201,SPTL,MONTHLY_RETURN_HISTORY_INCOMPLETE,MONTHLY_RETURN_HISTORY_INCOMPLETE,7.0
2018-04-30,NSE_C457B5E6B67B,SIS,MONTHLY_RETURN_HISTORY_INCOMPLETE,MONTHLY_RETURN_HISTORY_INCOMPLETE,7.0
2018-04-30,NSE_D738174DF89D,HUDCO,MONTHLY_RETURN_HISTORY_INCOMPLETE,MONTHLY_RETURN_HISTORY_INCOMPLETE,10.0
2018-04-30,NSE_DE5DE93EB4E5,IEX,MONTHLY_RETURN_HISTORY_INCOMPLETE,MONTHLY_RETURN_HISTORY_INCOMPLETE,5.0
2018-04-30,NSE_E1897D16F276,MASFIN,MONTHLY_RETURN_HISTORY_INCOMPLETE,MONTHLY_RETURN_HISTORY_INCOMPLETE,5.0
2018-04-30,NSE_EB5B1EE4D766,JKIL,MONTHLY_RETURN_HISTORY_INCOMPLETE,MONTHLY_RETURN_HISTORY_INCOMPLETE,10.0
2018-04-30,NSE_F4683ACDECE7,GODREJAGRO,MONTHLY_RETURN_HISTORY_INCOMPLETE,MONTHLY_RETURN_HISTORY_INCOMPLETE,5.0
2018-04-30,NSE_F96D3907BEE7,IIFL,MONTHLY_RETURN_HISTORY_INCOMPLETE,MONTHLY_RETURN_HISTORY_INCOMPLETE,10.0
2018-05-31,NSE_087EBB35F638,DCAL,MONTHLY_RETURN_HISTORY_INCOMPLETE,MONTHLY_RETURN_HISTORY_INCOMPLETE,7.0
2018-05-31,NSE_2B12B6998928,RELCAPITAL,MONTHLY_RETURN_HISTORY_INCOMPLETE,MONTHLY_RETURN_HISTORY_INCOMPLETE,10.0
2018-05-31,NSE_3A59D4375DE3,CDSL,MONTHLY_RETURN_HISTORY_INCOMPLETE,MONTHLY_RETURN_HISTORY_INCOMPLETE,10.0
2018-05-31,NSE_3F703015A8A4,ICICIGI,MONTHLY_RETURN_HISTORY_INCOMPLETE,MONTHLY_RETURN_HISTORY_INCOMPLETE,7.0
2018-05-31,NSE_42389EFA283C,RHFL,MONTHLY_RETURN_HISTORY_INCOMPLETE,MONTHLY_RETURN_HISTORY_INCOMPLETE,7.0
2018-05-31,NSE_519BAA4E7230,COCHINSHIP,MONTHLY_RETURN_HISTORY_INCOMPLETE,MONTHLY_RETURN_HISTORY_INCOMPLETE,8.0
2018-05-31,NSE_5700B54677A9,GICRE,MONTHLY_RETURN_HISTORY_INCOMPLETE,MONTHLY_RETURN_HISTORY_INCOMPLETE,6.0
2018-05-31,NSE_594968069C9C,DIXON,MONTHLY_RETURN_HISTORY_INCOMPLETE,MONTHLY_RETURN_HISTORY_INCOMPLETE,7.0
2018-05-31,NSE_64FA5F3DB129,SBILIFE,MONTHLY_RETURN_HISTORY_INCOMPLETE,MONTHLY_RETURN_HISTORY_INCOMPLETE,6.0
2018-05-31,NSE_87FFF2928495,AUBANK,MONTHLY_RETURN_HISTORY_INCOMPLETE,MONTHLY_RETURN_HISTORY_INCOMPLETE,9.0
2018-05-31,NSE_8CDF4E326200,ERIS,MONTHLY_RETURN_HISTORY_INCOMPLETE,MONTHLY_RETURN_HISTORY_INCOMPLETE,10.0
2018-05-31,NSE_8D903D63E255,ABCAPITAL,MONTHLY_RETURN_HISTORY_INCOMPLETE,MONTHLY_RETURN_HISTORY_INCOMPLETE,7.0
2018-05-31,NSE_951F0DE091F9,GRASIM,MONTHLY_RETURN_HISTORY_INCOMPLETE,MONTHLY_RETURN_HISTORY_INCOMPLETE,10.0
2018-05-31,NSE_9ABAD18182CF,STARCEMENT,MONTHLY_RETURN_HISTORY_INCOMPLETE,MONTHLY_RETURN_HISTORY_INCOMPLETE,10.0
2018-05-31,NSE_9E3BB2CB962F,TIFIN,MONTHLY_RETURN_HISTORY_INCOMPLETE,MONTHLY_RETURN_HISTORY_INCOMPLETE,7.0
2018-05-31,NSE_C07DB11DA201,SPTL,MONTHLY_RETURN_HISTORY_INCOMPLETE,MONTHLY_RETURN_HISTORY_INCOMPLETE,8.0
2018-05-31,NSE_C457B5E6B67B,SIS,MONTHLY_RETURN_HISTORY_INCOMPLETE,MONTHLY_RETURN_HISTORY_INCOMPLETE,8.0
2018-05-31,NSE_DE5DE93EB4E5,IEX,MONTHLY_RETURN_HISTORY_INCOMPLETE,MONTHLY_RETURN_HISTORY_INCOMPLETE,6.0
2018-05-31,NSE_E1897D16F276,MASFIN,MONTHLY_RETURN_HISTORY_INCOMPLETE,MONTHLY_RETURN_HISTORY_INCOMPLETE,6.0
2018-05-31,NSE_EB5B1EE4D766,JKIL,MONTHLY_RETURN_HISTORY_INCOMPLETE,MONTHLY_RETURN_HISTORY_INCOMPLETE,10.0
2018-05-31,NSE_F4683ACDECE7,GODREJAGRO,MONTHLY_RETURN_HISTORY_INCOMPLETE,MONTHLY_RETURN_HISTORY_INCOMPLETE,6.0
2018-05-31,NSE_F96D3907BEE7,IIFL,MONTHLY_RETURN_HISTORY_INCOMPLETE,MONTHLY_RETURN_HISTORY_INCOMPLETE,10.0
2018-06-29,NSE_087EBB35F638,DCAL,MONTHLY_RETURN_HISTORY_INCOMPLETE,MONTHLY_RETURN_HISTORY_INCOMPLETE,8.0
2018-06-29,NSE_2B12B6998928,RELCAPITAL,MONTHLY_RETURN_HISTORY_INCOMPLETE,MONTHLY_RETURN_HISTORY_INCOMPLETE,10.0
2018-06-29,NSE_3F703015A8A4,ICICIGI,MONTHLY_RETURN_HISTORY_INCOMPLETE,MONTHLY_RETURN_HISTORY_INCOMPLETE,8.0
2018-06-29,NSE_42389EFA283C,RHFL,MONTHLY_RETURN_HISTORY_INCOMPLETE,MONTHLY_RETURN_HISTORY_INCOMPLETE,8.0
2018-06-29,NSE_519BAA4E7230,COCHINSHIP,MONTHLY_RETURN_HISTORY_INCOMPLETE,MONTHLY_RETURN_HISTORY_INCOMPLETE,9.0
2018-06-29,NSE_5700B54677A9,GICRE,MONTHLY_RETURN_HISTORY_INCOMPLETE,MONTHLY_RETURN_HISTORY_INCOMPLETE,7.0
2018-06-29,NSE_594968069C9C,DIXON,MONTHLY_RETURN_HISTORY_INCOMPLETE,MONTHLY_RETURN_HISTORY_INCOMPLETE,8.0
2018-06-29,NSE_64FA5F3DB129,SBILIFE,MONTHLY_RETURN_HISTORY_INCOMPLETE,MONTHLY_RETURN_HISTORY_INCOMPLETE,7.0
2018-06-29,NSE_87FFF2928495,AUBANK,MONTHLY_RETURN_HISTORY_INCOMPLETE,MONTHLY_RETURN_HISTORY_INCOMPLETE,10.0
2018-06-29,NSE_8D903D63E255,ABCAPITAL,MONTHLY_RETURN_HISTORY_INCOMPLETE,MONTHLY_RETURN_HISTORY_INCOMPLETE,8.0
2018-06-29,NSE_951F0DE091F9,GRASIM,MONTHLY_RETURN_HISTORY_INCOMPLETE,MONTHLY_RETURN_HISTORY_INCOMPLETE,10.0
2018-06-29,NSE_9B0BB2C2D564,TIINDIA,MONTHLY_RETURN_HISTORY_INCOMPLETE,MONTHLY_RETURN_HISTORY_INCOMPLETE,6.0
2018-06-29,NSE_9E3BB2CB962F,TIFIN,MONTHLY_RETURN_HISTORY_INCOMPLETE,MONTHLY_RETURN_HISTORY_INCOMPLETE,8.0
2018-06-29,NSE_C07DB11DA201,SPTL,MONTHLY_RETURN_HISTORY_INCOMPLETE,MONTHLY_RETURN_HISTORY_INCOMPLETE,9.0
2018-06-29,NSE_C457B5E6B67B,SIS,MONTHLY_RETURN_HISTORY_INCOMPLETE,MONTHLY_RETURN_HISTORY_INCOMPLETE,9.0
2018-06-29,NSE_CA1A054ED475,ASTERDM,MONTHLY_RETURN_HISTORY_INCOMPLETE,MONTHLY_RETURN_HISTORY_INCOMPLETE,3.0
2018-06-29,NSE_DE5DE93EB4E5,IEX,MONTHLY_RETURN_HISTORY_INCOMPLETE,MONTHLY_RETURN_HISTORY_INCOMPLETE,7.0
2018-06-29,NSE_E1897D16F276,MASFIN,MONTHLY_RETURN_HISTORY_INCOMPLETE,MONTHLY_RETURN_HISTORY_INCOMPLETE,7.0
2018-06-29,NSE_E987DDA51421,FRETAIL,MONTHLY_RETURN_HISTORY_INCOMPLETE,MONTHLY_RETURN_HISTORY_INCOMPLETE,10.0
2018-06-29,NSE_EB5B1EE4D766,JKIL,MONTHLY_RETURN_HISTORY_INCOMPLETE,MONTHLY_RETURN_HISTORY_INCOMPLETE,10.0
2018-06-29,NSE_F4683ACDECE7,GODREJAGRO,MONTHLY_RETURN_HISTORY_INCOMPLETE,MONTHLY_RETURN_HISTORY_INCOMPLETE,7.0
2018-06-29,NSE_F96D3907BEE7,IIFL,MONTHLY_RETURN_HISTORY_INCOMPLETE,MONTHLY_RETURN_HISTORY_INCOMPLETE,10.0
2018-07-31,NSE_087EBB35F638,DCAL,MONTHLY_RETURN_HISTORY_INCOMPLETE,MONTHLY_RETURN_HISTORY_INCOMPLETE,9.0
2018-07-31,NSE_2B12B6998928,RELCAPITAL,MONTHLY_RETURN_HISTORY_INCOMPLETE,MONTHLY_RETURN_HISTORY_INCOMPLETE,10.0
2018-07-31,NSE_3F703015A8A4,ICICIGI,MONTHLY_RETURN_HISTORY_INCOMPLETE,MONTHLY_RETURN_HISTORY_INCOMPLETE,9.0
2018-07-31,NSE_42389EFA283C,RHFL,MONTHLY_RETURN_HISTORY_INCOMPLETE,MONTHLY_RETURN_HISTORY_INCOMPLETE,9.0
2018-07-31,NSE_519BAA4E7230,COCHINSHIP,MONTHLY_RETURN_HISTORY_INCOMPLETE,MONTHLY_RETURN_HISTORY_INCOMPLETE,10.0
2018-07-31,NSE_5700B54677A9,GICRE,MONTHLY_RETURN_HISTORY_INCOMPLETE,MONTHLY_RETURN_HISTORY_INCOMPLETE,8.0
2018-07-31,NSE_594968069C9C,DIXON,MONTHLY_RETURN_HISTORY_INCOMPLETE,MONTHLY_RETURN_HISTORY_INCOMPLETE,9.0
2018-07-31,NSE_64FA5F3DB129,SBILIFE,MONTHLY_RETURN_HISTORY_INCOMPLETE,MONTHLY_RETURN_HISTORY_INCOMPLETE,8.0
2018-07-31,NSE_8D903D63E255,ABCAPITAL,MONTHLY_RETURN_HISTORY_INCOMPLETE,MONTHLY_RETURN_HISTORY_INCOMPLETE,9.0
2018-07-31,NSE_9B0BB2C2D564,TIINDIA,MONTHLY_RETURN_HISTORY_INCOMPLETE,MONTHLY_RETURN_HISTORY_INCOMPLETE,7.0
2018-07-31,NSE_9E3BB2CB962F,TIFIN,MONTHLY_RETURN_HISTORY_INCOMPLETE,MONTHLY_RETURN_HISTORY_INCOMPLETE,9.0
2018-07-31,NSE_C07DB11DA201,SPTL,MONTHLY_RETURN_HISTORY_INCOMPLETE,MONTHLY_RETURN_HISTORY_INCOMPLETE,10.0
2018-07-31,NSE_C457B5E6B67B,SIS,MONTHLY_RETURN_HISTORY_INCOMPLETE,MONTHLY_RETURN_HISTORY_INCOMPLETE,10.0
2018-07-31,NSE_CA1A054ED475,ASTERDM,MONTHLY_RETURN_HISTORY_INCOMPLETE,MONTHLY_RETURN_HISTORY_INCOMPLETE,4.0
2018-07-31,NSE_DE5DE93EB4E5,IEX,MONTHLY_RETURN_HISTORY_INCOMPLETE,MONTHLY_RETURN_HISTORY_INCOMPLETE,8.0
2018-07-31,NSE_E1897D16F276,MASFIN,MONTHLY_RETURN_HISTORY_INCOMPLETE,MONTHLY_RETURN_HISTORY_INCOMPLETE,8.0
2018-07-31,NSE_E987DDA51421,FRETAIL,MONTHLY_RETURN_HISTORY_INCOMPLETE,MONTHLY_RETURN_HISTORY_INCOMPLETE,10.0
2018-07-31,NSE_EB5B1EE4D766,JKIL,MONTHLY_RETURN_HISTORY_INCOMPLETE,MONTHLY_RETURN_HISTORY_INCOMPLETE,10.0
2018-07-31,NSE_F4683ACDECE7,GODREJAGRO,MONTHLY_RETURN_HISTORY_INCOMPLETE,MONTHLY_RETURN_HISTORY_INCOMPLETE,8.0
2018-07-31,NSE_F96D3907BEE7,IIFL,MONTHLY_RETURN_HISTORY_INCOMPLETE,MONTHLY_RETURN_HISTORY_INCOMPLETE,10.0
2018-08-31,NSE_087EBB35F638,DCAL,MONTHLY_RETURN_HISTORY_INCOMPLETE,MONTHLY_RETURN_HISTORY_INCOMPLETE,10.0
2018-08-31,NSE_2B12B6998928,RELCAPITAL,MONTHLY_RETURN_HISTORY_INCOMPLETE,MONTHLY_RETURN_HISTORY_INCOMPLETE,10.0
2018-08-31,NSE_3F703015A8A4,ICICIGI,MONTHLY_RETURN_HISTORY_INCOMPLETE,MONTHLY_RETURN_HISTORY_INCOMPLETE,10.0
2018-08-31,NSE_42389EFA283C,RHFL,MONTHLY_RETURN_HISTORY_INCOMPLETE,MONTHLY_RETURN_HISTORY_INCOMPLETE,10.0
2018-08-31,NSE_5700B54677A9,GICRE,MONTHLY_RETURN_HISTORY_INCOMPLETE,MONTHLY_RETURN_HISTORY_INCOMPLETE,9.0
2018-08-31,NSE_594968069C9C,DIXON,MONTHLY_RETURN_HISTORY_INCOMPLETE,MONTHLY_RETURN_HISTORY_INCOMPLETE,10.0
2018-08-31,NSE_64FA5F3DB129,SBILIFE,MONTHLY_RETURN_HISTORY_INCOMPLETE,MONTHLY_RETURN_HISTORY_INCOMPLETE,9.0
2018-08-31,NSE_8D903D63E255,ABCAPITAL,MONTHLY_RETURN_HISTORY_INCOMPLETE,MONTHLY_RETURN_HISTORY_INCOMPLETE,10.0
2018-08-31,NSE_9B0BB2C2D564,TIINDIA,MONTHLY_RETURN_HISTORY_INCOMPLETE,MONTHLY_RETURN_HISTORY_INCOMPLETE,8.0
2018-08-31,NSE_9E3BB2CB962F,TIFIN,MONTHLY_RETURN_HISTORY_INCOMPLETE,MONTHLY_RETURN_HISTORY_INCOMPLETE,10.0
2018-08-31,NSE_CA1A054ED475,ASTERDM,MONTHLY_RETURN_HISTORY_INCOMPLETE,MONTHLY_RETURN_HISTORY_INCOMPLETE,5.0
2018-08-31,NSE_DE5DE93EB4E5,IEX,MONTHLY_RETURN_HISTORY_INCOMPLETE,MONTHLY_RETURN_HISTORY_INCOMPLETE,9.0
2018-08-31,NSE_E1897D16F276,MASFIN,MONTHLY_RETURN_HISTORY_INCOMPLETE,MONTHLY_RETURN_HISTORY_INCOMPLETE,9.0
2018-08-31,NSE_E8595461AB42,BDL,MONTHLY_RETURN_HISTORY_INCOMPLETE,MONTHLY_RETURN_HISTORY_INCOMPLETE,4.0
2018-08-31,NSE_E987DDA51421,FRETAIL,MONTHLY_RETURN_HISTORY_INCOMPLETE,MONTHLY_RETURN_HISTORY_INCOMPLETE,10.0
2018-08-31,NSE_F4683ACDECE7,GODREJAGRO,MONTHLY_RETURN_HISTORY_INCOMPLETE,MONTHLY_RETURN_HISTORY_INCOMPLETE,9.0
2018-08-31,NSE_F96D3907BEE7,IIFL,MONTHLY_RETURN_HISTORY_INCOMPLETE,MONTHLY_RETURN_HISTORY_INCOMPLETE,10.0
2018-09-28,NSE_16BD845CA93B,RNAM,MONTHLY_RETURN_HISTORY_INCOMPLETE,MONTHLY_RETURN_HISTORY_INCOMPLETE,9.0
2018-09-28,NSE_1EDC5AB6BDE5,GAYAPROJ,MONTHLY_RETURN_HISTORY_INCOMPLETE,MONTHLY_RETURN_HISTORY_INCOMPLETE,10.0
2018-09-28,NSE_38B591471B4F,ISEC,MONTHLY_RETURN_HISTORY_INCOMPLETE,MONTHLY_RETURN_HISTORY_INCOMPLETE,4.0
2018-09-28,NSE_4495A778EB6C,GALAXYSURF,MONTHLY_RETURN_HISTORY_INCOMPLETE,MONTHLY_RETURN_HISTORY_INCOMPLETE,6.0
2018-09-28,NSE_4885044E479D,NIACL,MONTHLY_RETURN_HISTORY_INCOMPLETE,MONTHLY_RETURN_HISTORY_INCOMPLETE,9.0
2018-09-28,NSE_4AFBC5E81D2E,LEMONTREE,MONTHLY_RETURN_HISTORY_INCOMPLETE,MONTHLY_RETURN_HISTORY_INCOMPLETE,4.0
2018-09-28,NSE_5700B54677A9,GICRE,MONTHLY_RETURN_HISTORY_INCOMPLETE,MONTHLY_RETURN_HISTORY_INCOMPLETE,10.0
2018-09-28,NSE_64FA5F3DB129,SBILIFE,MONTHLY_RETURN_HISTORY_INCOMPLETE,MONTHLY_RETURN_HISTORY_INCOMPLETE,10.0
2018-09-28,NSE_72AFBEE07E5D,STAR,MONTHLY_RETURN_HISTORY_INCOMPLETE,MONTHLY_RETURN_HISTORY_INCOMPLETE,10.0
2018-09-28,NSE_7663F81C7334,HDFCLIFE,MONTHLY_RETURN_HISTORY_INCOMPLETE,MONTHLY_RETURN_HISTORY_INCOMPLETE,9.0
2018-09-28,NSE_989FE84D8C37,HAL,MONTHLY_RETURN_HISTORY_INCOMPLETE,MONTHLY_RETURN_HISTORY_INCOMPLETE,5.0
2018-09-28,NSE_9B0BB2C2D564,TIINDIA,MONTHLY_RETURN_HISTORY_INCOMPLETE,MONTHLY_RETURN_HISTORY_INCOMPLETE,9.0
2018-09-28,NSE_AFFB9705212D,BANDHANBNK,MONTHLY_RETURN_HISTORY_INCOMPLETE,MONTHLY_RETURN_HISTORY_INCOMPLETE,5.0
2018-09-28,NSE_CA1A054ED475,ASTERDM,MONTHLY_RETURN_HISTORY_INCOMPLETE,MONTHLY_RETURN_HISTORY_INCOMPLETE,6.0
2018-09-28,NSE_D33E443DE34A,SUNDARMFIN,MONTHLY_RETURN_HISTORY_INCOMPLETE,MONTHLY_RETURN_HISTORY_INCOMPLETE,10.0
2018-09-28,NSE_DE5DE93EB4E5,IEX,MONTHLY_RETURN_HISTORY_INCOMPLETE,MONTHLY_RETURN_HISTORY_INCOMPLETE,10.0
2018-09-28,NSE_E17095DD806F,MAHLOG,MONTHLY_RETURN_HISTORY_INCOMPLETE,MONTHLY_RETURN_HISTORY_INCOMPLETE,9.0
2018-09-28,NSE_E1897D16F276,MASFIN,MONTHLY_RETURN_HISTORY_INCOMPLETE,MONTHLY_RETURN_HISTORY_INCOMPLETE,10.0
2018-09-28,NSE_E8595461AB42,BDL,MONTHLY_RETURN_HISTORY_INCOMPLETE,MONTHLY_RETURN_HISTORY_INCOMPLETE,5.0
2018-09-28,NSE_E987DDA51421,FRETAIL,MONTHLY_RETURN_HISTORY_INCOMPLETE,MONTHLY_RETURN_HISTORY_INCOMPLETE,10.0
2018-09-28,NSE_F4683ACDECE7,GODREJAGRO,MONTHLY_RETURN_HISTORY_INCOMPLETE,MONTHLY_RETURN_HISTORY_INCOMPLETE,10.0
2018-09-28,NSE_F96D3907BEE7,IIFL,MONTHLY_RETURN_HISTORY_INCOMPLETE,MONTHLY_RETURN_HISTORY_INCOMPLETE,10.0
2018-10-31,NSE_16BD845CA93B,RNAM,MONTHLY_RETURN_HISTORY_INCOMPLETE,MONTHLY_RETURN_HISTORY_INCOMPLETE,10.0
2018-10-31,NSE_1EDC5AB6BDE5,GAYAPROJ,MONTHLY_RETURN_HISTORY_INCOMPLETE,MONTHLY_RETURN_HISTORY_INCOMPLETE,10.0
2018-10-31,NSE_38B591471B4F,ISEC,MONTHLY_RETURN_HISTORY_INCOMPLETE,MONTHLY_RETURN_HISTORY_INCOMPLETE,5.0
2018-10-31,NSE_4495A778EB6C,GALAXYSURF,MONTHLY_RETURN_HISTORY_INCOMPLETE,MONTHLY_RETURN_HISTORY_INCOMPLETE,7.0
2018-10-31,NSE_4885044E479D,NIACL,MONTHLY_RETURN_HISTORY_INCOMPLETE,MONTHLY_RETURN_HISTORY_INCOMPLETE,10.0
2018-10-31,NSE_4AFBC5E81D2E,LEMONTREE,MONTHLY_RETURN_HISTORY_INCOMPLETE,MONTHLY_RETURN_HISTORY_INCOMPLETE,5.0
2018-10-31,NSE_72AFBEE07E5D,STAR,MONTHLY_RETURN_HISTORY_INCOMPLETE,MONTHLY_RETURN_HISTORY_INCOMPLETE,10.0
2018-10-31,NSE_7663F81C7334,HDFCLIFE,MONTHLY_RETURN_HISTORY_INCOMPLETE,MONTHLY_RETURN_HISTORY_INCOMPLETE,10.0
2018-10-31,NSE_989FE84D8C37,HAL,MONTHLY_RETURN_HISTORY_INCOMPLETE,MONTHLY_RETURN_HISTORY_INCOMPLETE,6.0
2018-10-31,NSE_9B0BB2C2D564,TIINDIA,MONTHLY_RETURN_HISTORY_INCOMPLETE,MONTHLY_RETURN_HISTORY_INCOMPLETE,10.0
2018-10-31,NSE_AFFB9705212D,BANDHANBNK,MONTHLY_RETURN_HISTORY_INCOMPLETE,MONTHLY_RETURN_HISTORY_INCOMPLETE,6.0
2018-10-31,NSE_CA1A054ED475,ASTERDM,MONTHLY_RETURN_HISTORY_INCOMPLETE,MONTHLY_RETURN_HISTORY_INCOMPLETE,7.0
2018-10-31,NSE_D33E443DE34A,SUNDARMFIN,MONTHLY_RETURN_HISTORY_INCOMPLETE,MONTHLY_RETURN_HISTORY_INCOMPLETE,10.0
2018-10-31,NSE_E17095DD806F,MAHLOG,MONTHLY_RETURN_HISTORY_INCOMPLETE,MONTHLY_RETURN_HISTORY_INCOMPLETE,10.0
2018-10-31,NSE_E8595461AB42,BDL,MONTHLY_RETURN_HISTORY_INCOMPLETE,MONTHLY_RETURN_HISTORY_INCOMPLETE,6.0
2018-10-31,NSE_E987DDA51421,FRETAIL,MONTHLY_RETURN_HISTORY_INCOMPLETE,MONTHLY_RETURN_HISTORY_INCOMPLETE,10.0
2018-11-30,NSE_1EDC5AB6BDE5,GAYAPROJ,MONTHLY_RETURN_HISTORY_INCOMPLETE,MONTHLY_RETURN_HISTORY_INCOMPLETE,10.0
2018-11-30,NSE_38B591471B4F,ISEC,MONTHLY_RETURN_HISTORY_INCOMPLETE,MONTHLY_RETURN_HISTORY_INCOMPLETE,6.0
2018-11-30,NSE_4495A778EB6C,GALAXYSURF,MONTHLY_RETURN_HISTORY_INCOMPLETE,MONTHLY_RETURN_HISTORY_INCOMPLETE,8.0
2018-11-30,NSE_4AFBC5E81D2E,LEMONTREE,MONTHLY_RETURN_HISTORY_INCOMPLETE,MONTHLY_RETURN_HISTORY_INCOMPLETE,6.0
2018-11-30,NSE_72AFBEE07E5D,STAR,MONTHLY_RETURN_HISTORY_INCOMPLETE,MONTHLY_RETURN_HISTORY_INCOMPLETE,10.0
2018-11-30,NSE_989FE84D8C37,HAL,MONTHLY_RETURN_HISTORY_INCOMPLETE,MONTHLY_RETURN_HISTORY_INCOMPLETE,7.0
2018-11-30,NSE_AFFB9705212D,BANDHANBNK,MONTHLY_RETURN_HISTORY_INCOMPLETE,MONTHLY_RETURN_HISTORY_INCOMPLETE,7.0
2018-11-30,NSE_CA1A054ED475,ASTERDM,MONTHLY_RETURN_HISTORY_INCOMPLETE,MONTHLY_RETURN_HISTORY_INCOMPLETE,8.0
2018-11-30,NSE_D33E443DE34A,SUNDARMFIN,MONTHLY_RETURN_HISTORY_INCOMPLETE,MONTHLY_RETURN_HISTORY_INCOMPLETE,10.0
2018-11-30,NSE_E8595461AB42,BDL,MONTHLY_RETURN_HISTORY_INCOMPLETE,MONTHLY_RETURN_HISTORY_INCOMPLETE,7.0
2018-12-31,NSE_14A636C8E6CC,ADANIGREEN,MONTHLY_RETURN_HISTORY_INCOMPLETE,MONTHLY_RETURN_HISTORY_INCOMPLETE,5.0
2018-12-31,NSE_1EDC5AB6BDE5,GAYAPROJ,MONTHLY_RETURN_HISTORY_INCOMPLETE,MONTHLY_RETURN_HISTORY_INCOMPLETE,10.0
2018-12-31,NSE_38B591471B4F,ISEC,MONTHLY_RETURN_HISTORY_INCOMPLETE,MONTHLY_RETURN_HISTORY_INCOMPLETE,7.0
2018-12-31,NSE_38CADF4DAE15,VARROC,MONTHLY_RETURN_HISTORY_INCOMPLETE,MONTHLY_RETURN_HISTORY_INCOMPLETE,4.0
2018-12-31,NSE_4495A778EB6C,GALAXYSURF,MONTHLY_RETURN_HISTORY_INCOMPLETE,MONTHLY_RETURN_HISTORY_INCOMPLETE,9.0
2018-12-31,NSE_4AFBC5E81D2E,LEMONTREE,MONTHLY_RETURN_HISTORY_INCOMPLETE,MONTHLY_RETURN_HISTORY_INCOMPLETE,7.0
2018-12-31,NSE_72AFBEE07E5D,STAR,MONTHLY_RETURN_HISTORY_INCOMPLETE,MONTHLY_RETURN_HISTORY_INCOMPLETE,10.0
2018-12-31,NSE_88F316E09646,RITES,MONTHLY_RETURN_HISTORY_INCOMPLETE,MONTHLY_RETURN_HISTORY_INCOMPLETE,4.0
2018-12-31,NSE_989FE84D8C37,HAL,MONTHLY_RETURN_HISTORY_INCOMPLETE,MONTHLY_RETURN_HISTORY_INCOMPLETE,8.0
2018-12-31,NSE_AFFB9705212D,BANDHANBNK,MONTHLY_RETURN_HISTORY_INCOMPLETE,MONTHLY_RETURN_HISTORY_INCOMPLETE,8.0
2018-12-31,NSE_CA1A054ED475,ASTERDM,MONTHLY_RETURN_HISTORY_INCOMPLETE,MONTHLY_RETURN_HISTORY_INCOMPLETE,9.0
2018-12-31,NSE_D33E443DE34A,SUNDARMFIN,MONTHLY_RETURN_HISTORY_INCOMPLETE,MONTHLY_RETURN_HISTORY_INCOMPLETE,10.0
2018-12-31,NSE_E8595461AB42,BDL,MONTHLY_RETURN_HISTORY_INCOMPLETE,MONTHLY_RETURN_HISTORY_INCOMPLETE,8.0
2019-01-31,NSE_14A636C8E6CC,ADANIGREEN,MONTHLY_RETURN_HISTORY_INCOMPLETE,MONTHLY_RETURN_HISTORY_INCOMPLETE,6.0
2019-01-31,NSE_38B591471B4F,ISEC,MONTHLY_RETURN_HISTORY_INCOMPLETE,MONTHLY_RETURN_HISTORY_INCOMPLETE,8.0
2019-01-31,NSE_38CADF4DAE15,VARROC,MONTHLY_RETURN_HISTORY_INCOMPLETE,MONTHLY_RETURN_HISTORY_INCOMPLETE,5.0
2019-01-31,NSE_4495A778EB6C,GALAXYSURF,MONTHLY_RETURN_HISTORY_INCOMPLETE,MONTHLY_RETURN_HISTORY_INCOMPLETE,10.0
2019-01-31,NSE_4AFBC5E81D2E,LEMONTREE,MONTHLY_RETURN_HISTORY_INCOMPLETE,MONTHLY_RETURN_HISTORY_INCOMPLETE,8.0
2019-01-31,NSE_72AFBEE07E5D,STAR,MONTHLY_RETURN_HISTORY_INCOMPLETE,MONTHLY_RETURN_HISTORY_INCOMPLETE,10.0
2019-01-31,NSE_88F316E09646,RITES,MONTHLY_RETURN_HISTORY_INCOMPLETE,MONTHLY_RETURN_HISTORY_INCOMPLETE,5.0
2019-01-31,NSE_892691D726B4,CREDITACC,MONTHLY_RETURN_HISTORY_INCOMPLETE,MONTHLY_RETURN_HISTORY_INCOMPLETE,4.0
2019-01-31,NSE_989FE84D8C37,HAL,MONTHLY_RETURN_HISTORY_INCOMPLETE,MONTHLY_RETURN_HISTORY_INCOMPLETE,9.0
2019-01-31,NSE_AFFB9705212D,BANDHANBNK,MONTHLY_RETURN_HISTORY_INCOMPLETE,MONTHLY_RETURN_HISTORY_INCOMPLETE,9.0
2019-01-31,NSE_CA1A054ED475,ASTERDM,MONTHLY_RETURN_HISTORY_INCOMPLETE,MONTHLY_RETURN_HISTORY_INCOMPLETE,10.0
2019-01-31,NSE_D33E443DE34A,SUNDARMFIN,MONTHLY_RETURN_HISTORY_INCOMPLETE,MONTHLY_RETURN_HISTORY_INCOMPLETE,10.0
2019-01-31,NSE_E8595461AB42,BDL,MONTHLY_RETURN_HISTORY_INCOMPLETE,MONTHLY_RETURN_HISTORY_INCOMPLETE,9.0
2019-02-28,NSE_14A636C8E6CC,ADANIGREEN,MONTHLY_RETURN_HISTORY_INCOMPLETE,MONTHLY_RETURN_HISTORY_INCOMPLETE,7.0
2019-02-28,NSE_38B591471B4F,ISEC,MONTHLY_RETURN_HISTORY_INCOMPLETE,MONTHLY_RETURN_HISTORY_INCOMPLETE,9.0
2019-02-28,NSE_38CADF4DAE15,VARROC,MONTHLY_RETURN_HISTORY_INCOMPLETE,MONTHLY_RETURN_HISTORY_INCOMPLETE,6.0
2019-02-28,NSE_4AFBC5E81D2E,LEMONTREE,MONTHLY_RETURN_HISTORY_INCOMPLETE,MONTHLY_RETURN_HISTORY_INCOMPLETE,9.0
2019-02-28,NSE_72AFBEE07E5D,STAR,MONTHLY_RETURN_HISTORY_INCOMPLETE,MONTHLY_RETURN_HISTORY_INCOMPLETE,10.0
2019-02-28,NSE_88F316E09646,RITES,MONTHLY_RETURN_HISTORY_INCOMPLETE,MONTHLY_RETURN_HISTORY_INCOMPLETE,6.0
2019-02-28,NSE_892691D726B4,CREDITACC,MONTHLY_RETURN_HISTORY_INCOMPLETE,MONTHLY_RETURN_HISTORY_INCOMPLETE,5.0
2019-02-28,NSE_989FE84D8C37,HAL,MONTHLY_RETURN_HISTORY_INCOMPLETE,MONTHLY_RETURN_HISTORY_INCOMPLETE,10.0
2019-02-28,NSE_AFFB9705212D,BANDHANBNK,MONTHLY_RETURN_HISTORY_INCOMPLETE,MONTHLY_RETURN_HISTORY_INCOMPLETE,10.0
2019-02-28,NSE_E8595461AB42,BDL,MONTHLY_RETURN_HISTORY_INCOMPLETE,MONTHLY_RETURN_HISTORY_INCOMPLETE,10.0
2019-03-29,NSE_0F5D12813238,AAVAS,MONTHLY_RETURN_HISTORY_INCOMPLETE,MONTHLY_RETURN_HISTORY_INCOMPLETE,4.0
2019-03-29,NSE_14A636C8E6CC,ADANIGREEN,MONTHLY_RETURN_HISTORY_INCOMPLETE,MONTHLY_RETURN_HISTORY_INCOMPLETE,8.0
2019-03-29,NSE_1B43303A9FAD,INDOSTAR,MONTHLY_RETURN_HISTORY_INCOMPLETE,MONTHLY_RETURN_HISTORY_INCOMPLETE,9.0
2019-03-29,NSE_2A0ECB1CAF9E,ORIENTELEC,MONTHLY_RETURN_HISTORY_INCOMPLETE,MONTHLY_RETURN_HISTORY_INCOMPLETE,9.0
2019-03-29,NSE_38B591471B4F,ISEC,MONTHLY_RETURN_HISTORY_INCOMPLETE,MONTHLY_RETURN_HISTORY_INCOMPLETE,10.0
2019-03-29,NSE_38CADF4DAE15,VARROC,MONTHLY_RETURN_HISTORY_INCOMPLETE,MONTHLY_RETURN_HISTORY_INCOMPLETE,7.0
2019-03-29,NSE_3F905739D72F,IRCON,MONTHLY_RETURN_HISTORY_INCOMPLETE,MONTHLY_RETURN_HISTORY_INCOMPLETE,5.0
2019-03-29,NSE_4AFBC5E81D2E,LEMONTREE,MONTHLY_RETURN_HISTORY_INCOMPLETE,MONTHLY_RETURN_HISTORY_INCOMPLETE,10.0
2019-03-29,NSE_72AFBEE07E5D,STAR,MONTHLY_RETURN_HISTORY_INCOMPLETE,MONTHLY_RETURN_HISTORY_INCOMPLETE,10.0
2019-03-29,NSE_88F316E09646,RITES,MONTHLY_RETURN_HISTORY_INCOMPLETE,MONTHLY_RETURN_HISTORY_INCOMPLETE,7.0
2019-03-29,NSE_892691D726B4,CREDITACC,MONTHLY_RETURN_HISTORY_INCOMPLETE,MONTHLY_RETURN_HISTORY_INCOMPLETE,6.0
2019-03-29,NSE_9FB7052822E7,CESC,MONTHLY_RETURN_HISTORY_INCOMPLETE,MONTHLY_RETURN_HISTORY_INCOMPLETE,10.0
2019-03-29,NSE_B1D2A8B04E95,FINEORG,MONTHLY_RETURN_HISTORY_INCOMPLETE,MONTHLY_RETURN_HISTORY_INCOMPLETE,7.0
2019-03-29,NSE_B41F7AA07AC7,HDFCAMC,MONTHLY_RETURN_HISTORY_INCOMPLETE,MONTHLY_RETURN_HISTORY_INCOMPLETE,6.0
2019-03-29,NSE_F07C9B82EB42,TCNSBRANDS,MONTHLY_RETURN_HISTORY_INCOMPLETE,MONTHLY_RETURN_HISTORY_INCOMPLETE,7.0
2019-03-29,NSE_F10717A1FD65,COX&KINGS,MONTHLY_RETURN_HISTORY_INCOMPLETE,MONTHLY_RETURN_HISTORY_INCOMPLETE,10.0
2019-04-30,NSE_0F5D12813238,AAVAS,MONTHLY_RETURN_HISTORY_INCOMPLETE,MONTHLY_RETURN_HISTORY_INCOMPLETE,5.0
2019-04-30,NSE_14A636C8E6CC,ADANIGREEN,MONTHLY_RETURN_HISTORY_INCOMPLETE,MONTHLY_RETURN_HISTORY_INCOMPLETE,9.0
2019-04-30,NSE_1B43303A9FAD,INDOSTAR,MONTHLY_RETURN_HISTORY_INCOMPLETE,MONTHLY_RETURN_HISTORY_INCOMPLETE,10.0
2019-04-30,NSE_2A0ECB1CAF9E,ORIENTELEC,MONTHLY_RETURN_HISTORY_INCOMPLETE,MONTHLY_RETURN_HISTORY_INCOMPLETE,10.0
2019-04-30,NSE_38CADF4DAE15,VARROC,MONTHLY_RETURN_HISTORY_INCOMPLETE,MONTHLY_RETURN_HISTORY_INCOMPLETE,8.0
2019-04-30,NSE_3F905739D72F,IRCON,MONTHLY_RETURN_HISTORY_INCOMPLETE,MONTHLY_RETURN_HISTORY_INCOMPLETE,6.0
2019-04-30,NSE_88F316E09646,RITES,MONTHLY_RETURN_HISTORY_INCOMPLETE,MONTHLY_RETURN_HISTORY_INCOMPLETE,8.0
2019-04-30,NSE_892691D726B4,CREDITACC,MONTHLY_RETURN_HISTORY_INCOMPLETE,MONTHLY_RETURN_HISTORY_INCOMPLETE,7.0
2019-04-30,NSE_9FB7052822E7,CESC,MONTHLY_RETURN_HISTORY_INCOMPLETE,MONTHLY_RETURN_HISTORY_INCOMPLETE,10.0
2019-04-30,NSE_B1D2A8B04E95,FINEORG,MONTHLY_RETURN_HISTORY_INCOMPLETE,MONTHLY_RETURN_HISTORY_INCOMPLETE,8.0
2019-04-30,NSE_B41F7AA07AC7,HDFCAMC,MONTHLY_RETURN_HISTORY_INCOMPLETE,MONTHLY_RETURN_HISTORY_INCOMPLETE,7.0
2019-04-30,NSE_F07C9B82EB42,TCNSBRANDS,MONTHLY_RETURN_HISTORY_INCOMPLETE,MONTHLY_RETURN_HISTORY_INCOMPLETE,8.0
2019-04-30,NSE_F10717A1FD65,COX&KINGS,MONTHLY_RETURN_HISTORY_INCOMPLETE,MONTHLY_RETURN_HISTORY_INCOMPLETE,10.0
2019-05-31,NSE_0F5D12813238,AAVAS,MONTHLY_RETURN_HISTORY_INCOMPLETE,MONTHLY_RETURN_HISTORY_INCOMPLETE,6.0
2019-05-31,NSE_14A636C8E6CC,ADANIGREEN,MONTHLY_RETURN_HISTORY_INCOMPLETE,MONTHLY_RETURN_HISTORY_INCOMPLETE,10.0
2019-05-31,NSE_38CADF4DAE15,VARROC,MONTHLY_RETURN_HISTORY_INCOMPLETE,MONTHLY_RETURN_HISTORY_INCOMPLETE,9.0
2019-05-31,NSE_3F905739D72F,IRCON,MONTHLY_RETURN_HISTORY_INCOMPLETE,MONTHLY_RETURN_HISTORY_INCOMPLETE,7.0
2019-05-31,NSE_88F316E09646,RITES,MONTHLY_RETURN_HISTORY_INCOMPLETE,MONTHLY_RETURN_HISTORY_INCOMPLETE,9.0
2019-05-31,NSE_892691D726B4,CREDITACC,MONTHLY_RETURN_HISTORY_INCOMPLETE,MONTHLY_RETURN_HISTORY_INCOMPLETE,8.0
2019-05-31,NSE_9FB7052822E7,CESC,MONTHLY_RETURN_HISTORY_INCOMPLETE,MONTHLY_RETURN_HISTORY_INCOMPLETE,10.0
2019-05-31,NSE_B1D2A8B04E95,FINEORG,MONTHLY_RETURN_HISTORY_INCOMPLETE,MONTHLY_RETURN_HISTORY_INCOMPLETE,9.0
2019-05-31,NSE_B41F7AA07AC7,HDFCAMC,MONTHLY_RETURN_HISTORY_INCOMPLETE,MONTHLY_RETURN_HISTORY_INCOMPLETE,8.0
2019-05-31,NSE_F07C9B82EB42,TCNSBRANDS,MONTHLY_RETURN_HISTORY_INCOMPLETE,MONTHLY_RETURN_HISTORY_INCOMPLETE,9.0
2019-05-31,NSE_F10717A1FD65,COX&KINGS,MONTHLY_RETURN_HISTORY_INCOMPLETE,MONTHLY_RETURN_HISTORY_INCOMPLETE,10.0
2019-06-28,NSE_0F5D12813238,AAVAS,MONTHLY_RETURN_HISTORY_INCOMPLETE,MONTHLY_RETURN_HISTORY_INCOMPLETE,7.0
2019-06-28,NSE_38CADF4DAE15,VARROC,MONTHLY_RETURN_HISTORY_INCOMPLETE,MONTHLY_RETURN_HISTORY_INCOMPLETE,10.0
2019-06-28,NSE_3F905739D72F,IRCON,MONTHLY_RETURN_HISTORY_INCOMPLETE,MONTHLY_RETURN_HISTORY_INCOMPLETE,8.0
2019-06-28,NSE_88F316E09646,RITES,MONTHLY_RETURN_HISTORY_INCOMPLETE,MONTHLY_RETURN_HISTORY_INCOMPLETE,10.0
2019-06-28,NSE_892691D726B4,CREDITACC,MONTHLY_RETURN_HISTORY_INCOMPLETE,MONTHLY_RETURN_HISTORY_INCOMPLETE,9.0
2019-06-28,NSE_9FB7052822E7,CESC,MONTHLY_RETURN_HISTORY_INCOMPLETE,MONTHLY_RETURN_HISTORY_INCOMPLETE,10.0
2019-06-28,NSE_B1D2A8B04E95,FINEORG,MONTHLY_RETURN_HISTORY_INCOMPLETE,MONTHLY_RETURN_HISTORY_INCOMPLETE,10.0
2019-06-28,NSE_B41F7AA07AC7,HDFCAMC,MONTHLY_RETURN_HISTORY_INCOMPLETE,MONTHLY_RETURN_HISTORY_INCOMPLETE,9.0
2019-06-28,NSE_C617F8AD6C46,CHALET,MONTHLY_RETURN_HISTORY_INCOMPLETE,MONTHLY_RETURN_HISTORY_INCOMPLETE,3.0
2019-06-28,NSE_CE1B55B0FE79,DALBHARAT,MONTHLY_RETURN_HISTORY_INCOMPLETE,MONTHLY_RETURN_HISTORY_INCOMPLETE,4.0
2019-06-28,NSE_F07C9B82EB42,TCNSBRANDS,MONTHLY_RETURN_HISTORY_INCOMPLETE,MONTHLY_RETURN_HISTORY_INCOMPLETE,10.0
2019-06-28,NSE_F10717A1FD65,COX&KINGS,MONTHLY_RETURN_HISTORY_INCOMPLETE,MONTHLY_RETURN_HISTORY_INCOMPLETE,10.0
2019-07-31,NSE_0F5D12813238,AAVAS,MONTHLY_RETURN_HISTORY_INCOMPLETE,MONTHLY_RETURN_HISTORY_INCOMPLETE,8.0
2019-07-31,NSE_3F905739D72F,IRCON,MONTHLY_RETURN_HISTORY_INCOMPLETE,MONTHLY_RETURN_HISTORY_INCOMPLETE,9.0
2019-07-31,NSE_892691D726B4,CREDITACC,MONTHLY_RETURN_HISTORY_INCOMPLETE,MONTHLY_RETURN_HISTORY_INCOMPLETE,10.0
2019-07-31,NSE_9FB7052822E7,CESC,MONTHLY_RETURN_HISTORY_INCOMPLETE,MONTHLY_RETURN_HISTORY_INCOMPLETE,10.0
2019-07-31,NSE_B41F7AA07AC7,HDFCAMC,MONTHLY_RETURN_HISTORY_INCOMPLETE,MONTHLY_RETURN_HISTORY_INCOMPLETE,10.0
2019-07-31,NSE_C617F8AD6C46,CHALET,MONTHLY_RETURN_HISTORY_INCOMPLETE,MONTHLY_RETURN_HISTORY_INCOMPLETE,4.0
2019-07-31,NSE_CE1B55B0FE79,DALBHARAT,MONTHLY_RETURN_HISTORY_INCOMPLETE,MONTHLY_RETURN_HISTORY_INCOMPLETE,5.0
2019-07-31,NSE_F10717A1FD65,COX&KINGS,MONTHLY_RETURN_HISTORY_INCOMPLETE,MONTHLY_RETURN_HISTORY_INCOMPLETE,10.0
2019-08-30,NSE_0F5D12813238,AAVAS,MONTHLY_RETURN_HISTORY_INCOMPLETE,MONTHLY_RETURN_HISTORY_INCOMPLETE,9.0
2019-08-30,NSE_3F905739D72F,IRCON,MONTHLY_RETURN_HISTORY_INCOMPLETE,MONTHLY_RETURN_HISTORY_INCOMPLETE,10.0
2019-08-30,NSE_9FB7052822E7,CESC,MONTHLY_RETURN_HISTORY_INCOMPLETE,MONTHLY_RETURN_HISTORY_INCOMPLETE,10.0
2019-08-30,NSE_C617F8AD6C46,CHALET,MONTHLY_RETURN_HISTORY_INCOMPLETE,MONTHLY_RETURN_HISTORY_INCOMPLETE,5.0
2019-08-30,NSE_CE1B55B0FE79,DALBHARAT,MONTHLY_RETURN_HISTORY_INCOMPLETE,MONTHLY_RETURN_HISTORY_INCOMPLETE,6.0
2019-08-30,NSE_F10717A1FD65,COX&KINGS,MONTHLY_RETURN_HISTORY_INCOMPLETE,MONTHLY_RETURN_HISTORY_INCOMPLETE,10.0
2019-09-30,NSE_0F5D12813238,AAVAS,MONTHLY_RETURN_HISTORY_INCOMPLETE,MONTHLY_RETURN_HISTORY_INCOMPLETE,10.0
2019-09-30,NSE_2E6044362252,POLYCAB,MONTHLY_RETURN_HISTORY_INCOMPLETE,MONTHLY_RETURN_HISTORY_INCOMPLETE,4.0
2019-09-30,NSE_444C594AB9B7,BRITANNIA,BRITANNIA_BONUS_DEBENTURE_PARTIAL_WINDOW,MONTHLY_RETURN_HISTORY_INCOMPLETE;BRITANNIA_BONUS_DEBENTURE_PARTIAL_WINDOW,10.0
2019-09-30,NSE_64BF9F3DBA41,BSOFT,MONTHLY_RETURN_HISTORY_INCOMPLETE,MONTHLY_RETURN_HISTORY_INCOMPLETE,10.0
2019-09-30,NSE_6BCEC6E04CC0,KPITTECH,MONTHLY_RETURN_HISTORY_INCOMPLETE,MONTHLY_RETURN_HISTORY_INCOMPLETE,4.0
2019-09-30,NSE_806A916D3197,ARVINDFASN,MONTHLY_RETURN_HISTORY_INCOMPLETE,MONTHLY_RETURN_HISTORY_INCOMPLETE,5.0
2019-09-30,NSE_969AA315029E,ADANIGAS,MONTHLY_RETURN_HISTORY_INCOMPLETE,MONTHLY_RETURN_HISTORY_INCOMPLETE,9.0
2019-09-30,NSE_9FB7052822E7,CESC,MONTHLY_RETURN_HISTORY_INCOMPLETE,MONTHLY_RETURN_HISTORY_INCOMPLETE,10.0
2019-09-30,NSE_C617F8AD6C46,CHALET,MONTHLY_RETURN_HISTORY_INCOMPLETE,MONTHLY_RETURN_HISTORY_INCOMPLETE,6.0
2019-09-30,NSE_C91869243FA4,TECHNOE,MONTHLY_RETURN_HISTORY_INCOMPLETE,MONTHLY_RETURN_HISTORY_INCOMPLETE,8.0
2019-09-30,NSE_CE1B55B0FE79,DALBHARAT,MONTHLY_RETURN_HISTORY_INCOMPLETE,MONTHLY_RETURN_HISTORY_INCOMPLETE,7.0
2019-09-30,NSE_D49044EAC01A,METROPOLIS,MONTHLY_RETURN_HISTORY_INCOMPLETE,MONTHLY_RETURN_HISTORY_INCOMPLETE,4.0
2019-09-30,NSE_E3E1AC8435EA,RVNL,MONTHLY_RETURN_HISTORY_INCOMPLETE,MONTHLY_RETURN_HISTORY_INCOMPLETE,4.0
2019-09-30,NSE_F10717A1FD65,COX&KINGS,MONTHLY_RETURN_HISTORY_INCOMPLETE,MONTHLY_RETURN_HISTORY_INCOMPLETE,10.0
2019-09-30,NSE_F96D3907BEE7,IIFL,MONTHLY_RETURN_HISTORY_INCOMPLETE,MONTHLY_RETURN_HISTORY_INCOMPLETE,10.0
2019-10-31,NSE_2E6044362252,POLYCAB,MONTHLY_RETURN_HISTORY_INCOMPLETE,MONTHLY_RETURN_HISTORY_INCOMPLETE,5.0
2019-10-31,NSE_444C594AB9B7,BRITANNIA,BRITANNIA_BONUS_DEBENTURE_PARTIAL_WINDOW,MONTHLY_RETURN_HISTORY_INCOMPLETE;BRITANNIA_BONUS_DEBENTURE_PARTIAL_WINDOW,10.0
2019-10-31,NSE_64BF9F3DBA41,BSOFT,MONTHLY_RETURN_HISTORY_INCOMPLETE,MONTHLY_RETURN_HISTORY_INCOMPLETE,10.0
2019-10-31,NSE_6BCEC6E04CC0,KPITTECH,MONTHLY_RETURN_HISTORY_INCOMPLETE,MONTHLY_RETURN_HISTORY_INCOMPLETE,5.0
2019-10-31,NSE_806A916D3197,ARVINDFASN,MONTHLY_RETURN_HISTORY_INCOMPLETE,MONTHLY_RETURN_HISTORY_INCOMPLETE,6.0
2019-10-31,NSE_969AA315029E,ADANIGAS,MONTHLY_RETURN_HISTORY_INCOMPLETE,MONTHLY_RETURN_HISTORY_INCOMPLETE,10.0
2019-10-31,NSE_C617F8AD6C46,CHALET,MONTHLY_RETURN_HISTORY_INCOMPLETE,MONTHLY_RETURN_HISTORY_INCOMPLETE,7.0
2019-10-31,NSE_C91869243FA4,TECHNOE,MONTHLY_RETURN_HISTORY_INCOMPLETE,MONTHLY_RETURN_HISTORY_INCOMPLETE,9.0
2019-10-31,NSE_CE1B55B0FE79,DALBHARAT,MONTHLY_RETURN_HISTORY_INCOMPLETE,MONTHLY_RETURN_HISTORY_INCOMPLETE,8.0
2019-10-31,NSE_D49044EAC01A,METROPOLIS,MONTHLY_RETURN_HISTORY_INCOMPLETE,MONTHLY_RETURN_HISTORY_INCOMPLETE,5.0
2019-10-31,NSE_E3E1AC8435EA,RVNL,MONTHLY_RETURN_HISTORY_INCOMPLETE,MONTHLY_RETURN_HISTORY_INCOMPLETE,5.0
2019-10-31,NSE_F96D3907BEE7,IIFL,MONTHLY_RETURN_HISTORY_INCOMPLETE,MONTHLY_RETURN_HISTORY_INCOMPLETE,10.0
2019-11-29,NSE_2E6044362252,POLYCAB,MONTHLY_RETURN_HISTORY_INCOMPLETE,MONTHLY_RETURN_HISTORY_INCOMPLETE,6.0
2019-11-29,NSE_444C594AB9B7,BRITANNIA,MONTHLY_RETURN_HISTORY_INCOMPLETE,MONTHLY_RETURN_HISTORY_INCOMPLETE,10.0
2019-11-29,NSE_64BF9F3DBA41,BSOFT,MONTHLY_RETURN_HISTORY_INCOMPLETE,MONTHLY_RETURN_HISTORY_INCOMPLETE,10.0
2019-11-29,NSE_6BCEC6E04CC0,KPITTECH,MONTHLY_RETURN_HISTORY_INCOMPLETE,MONTHLY_RETURN_HISTORY_INCOMPLETE,6.0
2019-11-29,NSE_806A916D3197,ARVINDFASN,MONTHLY_RETURN_HISTORY_INCOMPLETE,MONTHLY_RETURN_HISTORY_INCOMPLETE,7.0
2019-11-29,NSE_C617F8AD6C46,CHALET,MONTHLY_RETURN_HISTORY_INCOMPLETE,MONTHLY_RETURN_HISTORY_INCOMPLETE,8.0
2019-11-29,NSE_C91869243FA4,TECHNOE,MONTHLY_RETURN_HISTORY_INCOMPLETE,MONTHLY_RETURN_HISTORY_INCOMPLETE,10.0
2019-11-29,NSE_CE1B55B0FE79,DALBHARAT,MONTHLY_RETURN_HISTORY_INCOMPLETE,MONTHLY_RETURN_HISTORY_INCOMPLETE,9.0
2019-11-29,NSE_D49044EAC01A,METROPOLIS,MONTHLY_RETURN_HISTORY_INCOMPLETE,MONTHLY_RETURN_HISTORY_INCOMPLETE,6.0
2019-11-29,NSE_E3E1AC8435EA,RVNL,MONTHLY_RETURN_HISTORY_INCOMPLETE,MONTHLY_RETURN_HISTORY_INCOMPLETE,6.0
2019-11-29,NSE_F96D3907BEE7,IIFL,MONTHLY_RETURN_HISTORY_INCOMPLETE,MONTHLY_RETURN_HISTORY_INCOMPLETE,10.0
2019-12-31,NSE_03BC3A91CD0A,AFFLE,MONTHLY_RETURN_HISTORY_INCOMPLETE,MONTHLY_RETURN_HISTORY_INCOMPLETE,3.0
2019-12-31,NSE_2E6044362252,POLYCAB,MONTHLY_RETURN_HISTORY_INCOMPLETE,MONTHLY_RETURN_HISTORY_INCOMPLETE,7.0
2019-12-31,NSE_444C594AB9B7,BRITANNIA,MONTHLY_RETURN_HISTORY_INCOMPLETE,MONTHLY_RETURN_HISTORY_INCOMPLETE,10.0
2019-12-31,NSE_64BF9F3DBA41,BSOFT,MONTHLY_RETURN_HISTORY_INCOMPLETE,MONTHLY_RETURN_HISTORY_INCOMPLETE,10.0
2019-12-31,NSE_6BCEC6E04CC0,KPITTECH,MONTHLY_RETURN_HISTORY_INCOMPLETE,MONTHLY_RETURN_HISTORY_INCOMPLETE,7.0
2019-12-31,NSE_806A916D3197,ARVINDFASN,MONTHLY_RETURN_HISTORY_INCOMPLETE,MONTHLY_RETURN_HISTORY_INCOMPLETE,8.0
2019-12-31,NSE_81E1BA306A07,AARTIIND,MONTHLY_RETURN_HISTORY_INCOMPLETE,MONTHLY_RETURN_HISTORY_INCOMPLETE,10.0
2019-12-31,NSE_87489588C163,SPICEJET,MONTHLY_RETURN_HISTORY_INCOMPLETE,MONTHLY_RETURN_HISTORY_INCOMPLETE,3.0
2019-12-31,NSE_A8C822E94F3E,KENNAMET,MONTHLY_RETURN_HISTORY_INCOMPLETE,MONTHLY_RETURN_HISTORY_INCOMPLETE,3.0
2019-12-31,NSE_C617F8AD6C46,CHALET,MONTHLY_RETURN_HISTORY_INCOMPLETE,MONTHLY_RETURN_HISTORY_INCOMPLETE,9.0
2019-12-31,NSE_CE1B55B0FE79,DALBHARAT,MONTHLY_RETURN_HISTORY_INCOMPLETE,MONTHLY_RETURN_HISTORY_INCOMPLETE,10.0
2019-12-31,NSE_D49044EAC01A,METROPOLIS,MONTHLY_RETURN_HISTORY_INCOMPLETE,MONTHLY_RETURN_HISTORY_INCOMPLETE,7.0
2019-12-31,NSE_E3E1AC8435EA,RVNL,MONTHLY_RETURN_HISTORY_INCOMPLETE,MONTHLY_RETURN_HISTORY_INCOMPLETE,7.0
2019-12-31,NSE_E8D23E6BAAFB,WESTLIFE,MONTHLY_RETURN_HISTORY_INCOMPLETE,MONTHLY_RETURN_HISTORY_INCOMPLETE,3.0
2019-12-31,NSE_EF6D6D99A518,INDIAMART,MONTHLY_RETURN_HISTORY_INCOMPLETE,MONTHLY_RETURN_HISTORY_INCOMPLETE,4.0
2019-12-31,NSE_EFA321C47A4C,SPANDANA,MONTHLY_RETURN_HISTORY_INCOMPLETE,MONTHLY_RETURN_HISTORY_INCOMPLETE,3.0
2019-12-31,NSE_F96D3907BEE7,IIFL,MONTHLY_RETURN_HISTORY_INCOMPLETE,MONTHLY_RETURN_HISTORY_INCOMPLETE,10.0
2020-01-31,NSE_03BC3A91CD0A,AFFLE,MONTHLY_RETURN_HISTORY_INCOMPLETE,MONTHLY_RETURN_HISTORY_INCOMPLETE,4.0
2020-01-31,NSE_2E6044362252,POLYCAB,MONTHLY_RETURN_HISTORY_INCOMPLETE,MONTHLY_RETURN_HISTORY_INCOMPLETE,8.0
2020-01-31,NSE_444C594AB9B7,BRITANNIA,MONTHLY_RETURN_HISTORY_INCOMPLETE,MONTHLY_RETURN_HISTORY_INCOMPLETE,10.0
2020-01-31,NSE_6BCEC6E04CC0,KPITTECH,MONTHLY_RETURN_HISTORY_INCOMPLETE,MONTHLY_RETURN_HISTORY_INCOMPLETE,8.0
2020-01-31,NSE_806A916D3197,ARVINDFASN,MONTHLY_RETURN_HISTORY_INCOMPLETE,MONTHLY_RETURN_HISTORY_INCOMPLETE,9.0
2020-01-31,NSE_81E1BA306A07,AARTIIND,MONTHLY_RETURN_HISTORY_INCOMPLETE,MONTHLY_RETURN_HISTORY_INCOMPLETE,10.0
2020-01-31,NSE_87489588C163,SPICEJET,MONTHLY_RETURN_HISTORY_INCOMPLETE,MONTHLY_RETURN_HISTORY_INCOMPLETE,4.0
2020-01-31,NSE_A8C822E94F3E,KENNAMET,MONTHLY_RETURN_HISTORY_INCOMPLETE,MONTHLY_RETURN_HISTORY_INCOMPLETE,4.0
2020-01-31,NSE_C617F8AD6C46,CHALET,MONTHLY_RETURN_HISTORY_INCOMPLETE,MONTHLY_RETURN_HISTORY_INCOMPLETE,10.0
2020-01-31,NSE_D49044EAC01A,METROPOLIS,MONTHLY_RETURN_HISTORY_INCOMPLETE,MONTHLY_RETURN_HISTORY_INCOMPLETE,8.0
2020-01-31,NSE_E3E1AC8435EA,RVNL,MONTHLY_RETURN_HISTORY_INCOMPLETE,MONTHLY_RETURN_HISTORY_INCOMPLETE,8.0
2020-01-31,NSE_E8D23E6BAAFB,WESTLIFE,MONTHLY_RETURN_HISTORY_INCOMPLETE,MONTHLY_RETURN_HISTORY_INCOMPLETE,4.0
2020-01-31,NSE_EF6D6D99A518,INDIAMART,MONTHLY_RETURN_HISTORY_INCOMPLETE,MONTHLY_RETURN_HISTORY_INCOMPLETE,5.0
2020-01-31,NSE_EFA321C47A4C,SPANDANA,MONTHLY_RETURN_HISTORY_INCOMPLETE,MONTHLY_RETURN_HISTORY_INCOMPLETE,4.0
2020-01-31,NSE_F96D3907BEE7,IIFL,MONTHLY_RETURN_HISTORY_INCOMPLETE,MONTHLY_RETURN_HISTORY_INCOMPLETE,10.0
2020-02-28,NSE_03BC3A91CD0A,AFFLE,MONTHLY_RETURN_HISTORY_INCOMPLETE,MONTHLY_RETURN_HISTORY_INCOMPLETE,5.0
2020-02-28,NSE_2E6044362252,POLYCAB,MONTHLY_RETURN_HISTORY_INCOMPLETE,MONTHLY_RETURN_HISTORY_INCOMPLETE,9.0
2020-02-28,NSE_444C594AB9B7,BRITANNIA,MONTHLY_RETURN_HISTORY_INCOMPLETE,MONTHLY_RETURN_HISTORY_INCOMPLETE,10.0
2020-02-28,NSE_6BCEC6E04CC0,KPITTECH,MONTHLY_RETURN_HISTORY_INCOMPLETE,MONTHLY_RETURN_HISTORY_INCOMPLETE,9.0
2020-02-28,NSE_806A916D3197,ARVINDFASN,MONTHLY_RETURN_HISTORY_INCOMPLETE,MONTHLY_RETURN_HISTORY_INCOMPLETE,10.0
2020-02-28,NSE_81E1BA306A07,AARTIIND,MONTHLY_RETURN_HISTORY_INCOMPLETE,MONTHLY_RETURN_HISTORY_INCOMPLETE,10.0
2020-02-28,NSE_87489588C163,SPICEJET,MONTHLY_RETURN_HISTORY_INCOMPLETE,MONTHLY_RETURN_HISTORY_INCOMPLETE,5.0
2020-02-28,NSE_A8C822E94F3E,KENNAMET,MONTHLY_RETURN_HISTORY_INCOMPLETE,MONTHLY_RETURN_HISTORY_INCOMPLETE,5.0
2020-02-28,NSE_D49044EAC01A,METROPOLIS,MONTHLY_RETURN_HISTORY_INCOMPLETE,MONTHLY_RETURN_HISTORY_INCOMPLETE,9.0
2020-02-28,NSE_E3E1AC8435EA,RVNL,MONTHLY_RETURN_HISTORY_INCOMPLETE,MONTHLY_RETURN_HISTORY_INCOMPLETE,9.0
2020-02-28,NSE_E8D23E6BAAFB,WESTLIFE,MONTHLY_RETURN_HISTORY_INCOMPLETE,MONTHLY_RETURN_HISTORY_INCOMPLETE,5.0
2020-02-28,NSE_EF6D6D99A518,INDIAMART,MONTHLY_RETURN_HISTORY_INCOMPLETE,MONTHLY_RETURN_HISTORY_INCOMPLETE,6.0
2020-02-28,NSE_EFA321C47A4C,SPANDANA,MONTHLY_RETURN_HISTORY_INCOMPLETE,MONTHLY_RETURN_HISTORY_INCOMPLETE,5.0
2020-02-28,NSE_F96D3907BEE7,IIFL,MONTHLY_RETURN_HISTORY_INCOMPLETE,MONTHLY_RETURN_HISTORY_INCOMPLETE,10.0
2020-03-31,NSE_03BC3A91CD0A,AFFLE,MONTHLY_RETURN_HISTORY_INCOMPLETE,MONTHLY_RETURN_HISTORY_INCOMPLETE,6.0
2020-03-31,NSE_2E6044362252,POLYCAB,MONTHLY_RETURN_HISTORY_INCOMPLETE,MONTHLY_RETURN_HISTORY_INCOMPLETE,10.0
2020-03-31,NSE_444C594AB9B7,BRITANNIA,MONTHLY_RETURN_HISTORY_INCOMPLETE,MONTHLY_RETURN_HISTORY_INCOMPLETE,10.0
2020-03-31,NSE_6BCEC6E04CC0,KPITTECH,MONTHLY_RETURN_HISTORY_INCOMPLETE,MONTHLY_RETURN_HISTORY_INCOMPLETE,10.0
2020-03-31,NSE_81E1BA306A07,AARTIIND,MONTHLY_RETURN_HISTORY_INCOMPLETE,MONTHLY_RETURN_HISTORY_INCOMPLETE,10.0
2020-03-31,NSE_87489588C163,SPICEJET,MONTHLY_RETURN_HISTORY_INCOMPLETE,MONTHLY_RETURN_HISTORY_INCOMPLETE,6.0
2020-03-31,NSE_A8C822E94F3E,KENNAMET,MONTHLY_RETURN_HISTORY_INCOMPLETE,MONTHLY_RETURN_HISTORY_INCOMPLETE,6.0
2020-03-31,NSE_D49044EAC01A,METROPOLIS,MONTHLY_RETURN_HISTORY_INCOMPLETE,MONTHLY_RETURN_HISTORY_INCOMPLETE,10.0
2020-03-31,NSE_D5D3F5346E0E,SWSOLAR,MONTHLY_RETURN_HISTORY_INCOMPLETE,MONTHLY_RETURN_HISTORY_INCOMPLETE,6.0
2020-03-31,NSE_E3E1AC8435EA,RVNL,MONTHLY_RETURN_HISTORY_INCOMPLETE,MONTHLY_RETURN_HISTORY_INCOMPLETE,10.0
2020-03-31,NSE_E8D23E6BAAFB,WESTLIFE,MONTHLY_RETURN_HISTORY_INCOMPLETE,MONTHLY_RETURN_HISTORY_INCOMPLETE,6.0
2020-03-31,NSE_EF6D6D99A518,INDIAMART,MONTHLY_RETURN_HISTORY_INCOMPLETE,MONTHLY_RETURN_HISTORY_INCOMPLETE,7.0
2020-03-31,NSE_EFA321C47A4C,SPANDANA,MONTHLY_RETURN_HISTORY_INCOMPLETE,MONTHLY_RETURN_HISTORY_INCOMPLETE,6.0
2020-03-31,NSE_F96D3907BEE7,IIFL,MONTHLY_RETURN_HISTORY_INCOMPLETE,MONTHLY_RETURN_HISTORY_INCOMPLETE,10.0
2020-04-30,NSE_03BC3A91CD0A,AFFLE,MONTHLY_RETURN_HISTORY_INCOMPLETE,MONTHLY_RETURN_HISTORY_INCOMPLETE,7.0
2020-04-30,NSE_444C594AB9B7,BRITANNIA,MONTHLY_RETURN_HISTORY_INCOMPLETE,MONTHLY_RETURN_HISTORY_INCOMPLETE,10.0
2020-04-30,NSE_81E1BA306A07,AARTIIND,MONTHLY_RETURN_HISTORY_INCOMPLETE,MONTHLY_RETURN_HISTORY_INCOMPLETE,10.0
2020-04-30,NSE_87489588C163,SPICEJET,MONTHLY_RETURN_HISTORY_INCOMPLETE,MONTHLY_RETURN_HISTORY_INCOMPLETE,7.0
2020-04-30,NSE_A8C822E94F3E,KENNAMET,MONTHLY_RETURN_HISTORY_INCOMPLETE,MONTHLY_RETURN_HISTORY_INCOMPLETE,7.0
2020-04-30,NSE_D5D3F5346E0E,SWSOLAR,MONTHLY_RETURN_HISTORY_INCOMPLETE,MONTHLY_RETURN_HISTORY_INCOMPLETE,7.0
2020-04-30,NSE_E8D23E6BAAFB,WESTLIFE,MONTHLY_RETURN_HISTORY_INCOMPLETE,MONTHLY_RETURN_HISTORY_INCOMPLETE,7.0
2020-04-30,NSE_EF6D6D99A518,INDIAMART,MONTHLY_RETURN_HISTORY_INCOMPLETE,MONTHLY_RETURN_HISTORY_INCOMPLETE,8.0
2020-04-30,NSE_EFA321C47A4C,SPANDANA,MONTHLY_RETURN_HISTORY_INCOMPLETE,MONTHLY_RETURN_HISTORY_INCOMPLETE,7.0
2020-04-30,NSE_F96D3907BEE7,IIFL,MONTHLY_RETURN_HISTORY_INCOMPLETE,MONTHLY_RETURN_HISTORY_INCOMPLETE,10.0
2020-05-29,NSE_03BC3A91CD0A,AFFLE,MONTHLY_RETURN_HISTORY_INCOMPLETE,MONTHLY_RETURN_HISTORY_INCOMPLETE,8.0
2020-05-29,NSE_444C594AB9B7,BRITANNIA,MONTHLY_RETURN_HISTORY_INCOMPLETE,MONTHLY_RETURN_HISTORY_INCOMPLETE,10.0
2020-05-29,NSE_81E1BA306A07,AARTIIND,MONTHLY_RETURN_HISTORY_INCOMPLETE,MONTHLY_RETURN_HISTORY_INCOMPLETE,10.0
2020-05-29,NSE_87489588C163,SPICEJET,MONTHLY_RETURN_HISTORY_INCOMPLETE,MONTHLY_RETURN_HISTORY_INCOMPLETE,8.0
2020-05-29,NSE_A8C822E94F3E,KENNAMET,MONTHLY_RETURN_HISTORY_INCOMPLETE,MONTHLY_RETURN_HISTORY_INCOMPLETE,8.0
2020-05-29,NSE_D5D3F5346E0E,SWSOLAR,MONTHLY_RETURN_HISTORY_INCOMPLETE,MONTHLY_RETURN_HISTORY_INCOMPLETE,8.0
2020-05-29,NSE_E8D23E6BAAFB,WESTLIFE,MONTHLY_RETURN_HISTORY_INCOMPLETE,MONTHLY_RETURN_HISTORY_INCOMPLETE,8.0
2020-05-29,NSE_EF6D6D99A518,INDIAMART,MONTHLY_RETURN_HISTORY_INCOMPLETE,MONTHLY_RETURN_HISTORY_INCOMPLETE,9.0
2020-05-29,NSE_EFA321C47A4C,SPANDANA,MONTHLY_RETURN_HISTORY_INCOMPLETE,MONTHLY_RETURN_HISTORY_INCOMPLETE,8.0
2020-06-30,NSE_03BC3A91CD0A,AFFLE,MONTHLY_RETURN_HISTORY_INCOMPLETE,MONTHLY_RETURN_HISTORY_INCOMPLETE,9.0
2020-06-30,NSE_444C594AB9B7,BRITANNIA,MONTHLY_RETURN_HISTORY_INCOMPLETE,MONTHLY_RETURN_HISTORY_INCOMPLETE,10.0
2020-06-30,NSE_46F638E1FDD9,CSBBANK,MONTHLY_RETURN_HISTORY_INCOMPLETE,MONTHLY_RETURN_HISTORY_INCOMPLETE,5.0
2020-06-30,NSE_702CAC2EC1DE,UJJIVANSFB,MONTHLY_RETURN_HISTORY_INCOMPLETE,MONTHLY_RETURN_HISTORY_INCOMPLETE,5.0
2020-06-30,NSE_81E1BA306A07,AARTIIND,MONTHLY_RETURN_HISTORY_INCOMPLETE,MONTHLY_RETURN_HISTORY_INCOMPLETE,10.0
2020-06-30,NSE_86A0724D9861,SUMICHEM,MONTHLY_RETURN_HISTORY_INCOMPLETE,MONTHLY_RETURN_HISTORY_INCOMPLETE,4.0
2020-06-30,NSE_87489588C163,SPICEJET,MONTHLY_RETURN_HISTORY_INCOMPLETE,MONTHLY_RETURN_HISTORY_INCOMPLETE,9.0
2020-06-30,NSE_A06E3D43B46B,IRCTC,MONTHLY_RETURN_HISTORY_INCOMPLETE,MONTHLY_RETURN_HISTORY_INCOMPLETE,7.0
2020-06-30,NSE_C941893EE311,TATACOMM,MONTHLY_RETURN_HISTORY_INCOMPLETE,MONTHLY_RETURN_HISTORY_INCOMPLETE,10.0
2020-06-30,NSE_CD8EB44B80FD,FLUOROCHEM,MONTHLY_RETURN_HISTORY_INCOMPLETE,MONTHLY_RETURN_HISTORY_INCOMPLETE,7.0
2020-06-30,NSE_D40F53D9B283,IIFLWAM,MONTHLY_RETURN_HISTORY_INCOMPLETE,MONTHLY_RETURN_HISTORY_INCOMPLETE,8.0
2020-06-30,NSE_D5D3F5346E0E,SWSOLAR,MONTHLY_RETURN_HISTORY_INCOMPLETE,MONTHLY_RETURN_HISTORY_INCOMPLETE,9.0
2020-06-30,NSE_E8D23E6BAAFB,WESTLIFE,MONTHLY_RETURN_HISTORY_INCOMPLETE,MONTHLY_RETURN_HISTORY_INCOMPLETE,9.0
2020-06-30,NSE_EF6D6D99A518,INDIAMART,MONTHLY_RETURN_HISTORY_INCOMPLETE,MONTHLY_RETURN_HISTORY_INCOMPLETE,10.0
2020-06-30,NSE_EFA321C47A4C,SPANDANA,MONTHLY_RETURN_HISTORY_INCOMPLETE,MONTHLY_RETURN_HISTORY_INCOMPLETE,9.0
2020-06-30,NSE_FE37750EBD83,ABB,MONTHLY_RETURN_HISTORY_INCOMPLETE,MONTHLY_RETURN_HISTORY_INCOMPLETE,10.0
2020-07-31,NSE_00ABAEDCEC72,SBICARD,MONTHLY_RETURN_HISTORY_INCOMPLETE,MONTHLY_RETURN_HISTORY_INCOMPLETE,3.0
2020-07-31,NSE_03BC3A91CD0A,AFFLE,MONTHLY_RETURN_HISTORY_INCOMPLETE,MONTHLY_RETURN_HISTORY_INCOMPLETE,10.0
2020-07-31,NSE_444C594AB9B7,BRITANNIA,MONTHLY_RETURN_HISTORY_INCOMPLETE,MONTHLY_RETURN_HISTORY_INCOMPLETE,10.0
2020-07-31,NSE_46F638E1FDD9,CSBBANK,MONTHLY_RETURN_HISTORY_INCOMPLETE,MONTHLY_RETURN_HISTORY_INCOMPLETE,6.0
2020-07-31,NSE_702CAC2EC1DE,UJJIVANSFB,MONTHLY_RETURN_HISTORY_INCOMPLETE,MONTHLY_RETURN_HISTORY_INCOMPLETE,6.0
2020-07-31,NSE_86A0724D9861,SUMICHEM,MONTHLY_RETURN_HISTORY_INCOMPLETE,MONTHLY_RETURN_HISTORY_INCOMPLETE,5.0
2020-07-31,NSE_87489588C163,SPICEJET,MONTHLY_RETURN_HISTORY_INCOMPLETE,MONTHLY_RETURN_HISTORY_INCOMPLETE,10.0
2020-07-31,NSE_A06E3D43B46B,IRCTC,MONTHLY_RETURN_HISTORY_INCOMPLETE,MONTHLY_RETURN_HISTORY_INCOMPLETE,8.0
2020-07-31,NSE_C941893EE311,TATACOMM,MONTHLY_RETURN_HISTORY_INCOMPLETE,MONTHLY_RETURN_HISTORY_INCOMPLETE,10.0
2020-07-31,NSE_CD8EB44B80FD,FLUOROCHEM,MONTHLY_RETURN_HISTORY_INCOMPLETE,MONTHLY_RETURN_HISTORY_INCOMPLETE,8.0
2020-07-31,NSE_D40F53D9B283,IIFLWAM,MONTHLY_RETURN_HISTORY_INCOMPLETE,MONTHLY_RETURN_HISTORY_INCOMPLETE,9.0
2020-07-31,NSE_D5D3F5346E0E,SWSOLAR,MONTHLY_RETURN_HISTORY_INCOMPLETE,MONTHLY_RETURN_HISTORY_INCOMPLETE,10.0
2020-07-31,NSE_E8D23E6BAAFB,WESTLIFE,MONTHLY_RETURN_HISTORY_INCOMPLETE,MONTHLY_RETURN_HISTORY_INCOMPLETE,10.0
2020-07-31,NSE_EFA321C47A4C,SPANDANA,MONTHLY_RETURN_HISTORY_INCOMPLETE,MONTHLY_RETURN_HISTORY_INCOMPLETE,10.0
2020-07-31,NSE_FE37750EBD83,ABB,MONTHLY_RETURN_HISTORY_INCOMPLETE,MONTHLY_RETURN_HISTORY_INCOMPLETE,10.0
2020-08-31,NSE_00ABAEDCEC72,SBICARD,MONTHLY_RETURN_HISTORY_INCOMPLETE,MONTHLY_RETURN_HISTORY_INCOMPLETE,4.0
2020-08-31,NSE_444C594AB9B7,BRITANNIA,BRITANNIA_BONUS_DEBENTURE_PARTIAL_WINDOW,BRITANNIA_BONUS_DEBENTURE_PARTIAL_WINDOW,11.0
2020-08-31,NSE_46F638E1FDD9,CSBBANK,MONTHLY_RETURN_HISTORY_INCOMPLETE,MONTHLY_RETURN_HISTORY_INCOMPLETE,7.0
2020-08-31,NSE_702CAC2EC1DE,UJJIVANSFB,MONTHLY_RETURN_HISTORY_INCOMPLETE,MONTHLY_RETURN_HISTORY_INCOMPLETE,7.0
2020-08-31,NSE_86A0724D9861,SUMICHEM,MONTHLY_RETURN_HISTORY_INCOMPLETE,MONTHLY_RETURN_HISTORY_INCOMPLETE,6.0
2020-08-31,NSE_A06E3D43B46B,IRCTC,MONTHLY_RETURN_HISTORY_INCOMPLETE,MONTHLY_RETURN_HISTORY_INCOMPLETE,9.0
2020-08-31,NSE_C941893EE311,TATACOMM,MONTHLY_RETURN_HISTORY_INCOMPLETE,MONTHLY_RETURN_HISTORY_INCOMPLETE,10.0
2020-08-31,NSE_CD8EB44B80FD,FLUOROCHEM,MONTHLY_RETURN_HISTORY_INCOMPLETE,MONTHLY_RETURN_HISTORY_INCOMPLETE,9.0
2020-08-31,NSE_D40F53D9B283,IIFLWAM,MONTHLY_RETURN_HISTORY_INCOMPLETE,MONTHLY_RETURN_HISTORY_INCOMPLETE,10.0
2020-08-31,NSE_FE37750EBD83,ABB,MONTHLY_RETURN_HISTORY_INCOMPLETE,MONTHLY_RETURN_HISTORY_INCOMPLETE,10.0
2020-09-30,NSE_00ABAEDCEC72,SBICARD,MONTHLY_RETURN_HISTORY_INCOMPLETE,MONTHLY_RETURN_HISTORY_INCOMPLETE,5.0
2020-09-30,NSE_2AC56D269FBF,ALOKINDS,MONTHLY_RETURN_HISTORY_INCOMPLETE,MONTHLY_RETURN_HISTORY_INCOMPLETE,6.0
2020-09-30,NSE_444C594AB9B7,BRITANNIA,BRITANNIA_BONUS_DEBENTURE_PARTIAL_WINDOW,BRITANNIA_BONUS_DEBENTURE_PARTIAL_WINDOW,11.0
2020-09-30,NSE_46F638E1FDD9,CSBBANK,MONTHLY_RETURN_HISTORY_INCOMPLETE,MONTHLY_RETURN_HISTORY_INCOMPLETE,8.0
2020-09-30,NSE_702CAC2EC1DE,UJJIVANSFB,MONTHLY_RETURN_HISTORY_INCOMPLETE,MONTHLY_RETURN_HISTORY_INCOMPLETE,8.0
2020-09-30,NSE_71C08F9DEEE2,POWERINDIA,MONTHLY_RETURN_HISTORY_INCOMPLETE,MONTHLY_RETURN_HISTORY_INCOMPLETE,5.0
2020-09-30,NSE_86A0724D9861,SUMICHEM,MONTHLY_RETURN_HISTORY_INCOMPLETE,MONTHLY_RETURN_HISTORY_INCOMPLETE,7.0
2020-09-30,NSE_A06E3D43B46B,IRCTC,MONTHLY_RETURN_HISTORY_INCOMPLETE,MONTHLY_RETURN_HISTORY_INCOMPLETE,10.0
2020-09-30,NSE_BDD195E0616C,SUVENPHAR,MONTHLY_RETURN_HISTORY_INCOMPLETE,MONTHLY_RETURN_HISTORY_INCOMPLETE,5.0
2020-09-30,NSE_CD8EB44B80FD,FLUOROCHEM,MONTHLY_RETURN_HISTORY_INCOMPLETE,MONTHLY_RETURN_HISTORY_INCOMPLETE,10.0
2020-09-30,NSE_FE37750EBD83,ABB,MONTHLY_RETURN_HISTORY_INCOMPLETE,MONTHLY_RETURN_HISTORY_INCOMPLETE,10.0
2020-10-30,NSE_00ABAEDCEC72,SBICARD,MONTHLY_RETURN_HISTORY_INCOMPLETE,MONTHLY_RETURN_HISTORY_INCOMPLETE,6.0
2020-10-30,NSE_2AC56D269FBF,ALOKINDS,MONTHLY_RETURN_HISTORY_INCOMPLETE,MONTHLY_RETURN_HISTORY_INCOMPLETE,7.0
2020-10-30,NSE_46F638E1FDD9,CSBBANK,MONTHLY_RETURN_HISTORY_INCOMPLETE,MONTHLY_RETURN_HISTORY_INCOMPLETE,9.0
2020-10-30,NSE_702CAC2EC1DE,UJJIVANSFB,MONTHLY_RETURN_HISTORY_INCOMPLETE,MONTHLY_RETURN_HISTORY_INCOMPLETE,9.0
2020-10-30,NSE_71C08F9DEEE2,POWERINDIA,MONTHLY_RETURN_HISTORY_INCOMPLETE,MONTHLY_RETURN_HISTORY_INCOMPLETE,6.0
2020-10-30,NSE_86A0724D9861,SUMICHEM,MONTHLY_RETURN_HISTORY_INCOMPLETE,MONTHLY_RETURN_HISTORY_INCOMPLETE,8.0
2020-10-30,NSE_BDD195E0616C,SUVENPHAR,MONTHLY_RETURN_HISTORY_INCOMPLETE,MONTHLY_RETURN_HISTORY_INCOMPLETE,6.0
2020-10-30,NSE_FE37750EBD83,ABB,MONTHLY_RETURN_HISTORY_INCOMPLETE,MONTHLY_RETURN_HISTORY_INCOMPLETE,10.0
2020-11-27,NSE_00ABAEDCEC72,SBICARD,MONTHLY_RETURN_HISTORY_INCOMPLETE,MONTHLY_RETURN_HISTORY_INCOMPLETE,7.0
2020-11-27,NSE_2AC56D269FBF,ALOKINDS,MONTHLY_RETURN_HISTORY_INCOMPLETE,MONTHLY_RETURN_HISTORY_INCOMPLETE,8.0
2020-11-27,NSE_46F638E1FDD9,CSBBANK,MONTHLY_RETURN_HISTORY_INCOMPLETE,MONTHLY_RETURN_HISTORY_INCOMPLETE,10.0
2020-11-27,NSE_702CAC2EC1DE,UJJIVANSFB,MONTHLY_RETURN_HISTORY_INCOMPLETE,MONTHLY_RETURN_HISTORY_INCOMPLETE,10.0
2020-11-27,NSE_71C08F9DEEE2,POWERINDIA,MONTHLY_RETURN_HISTORY_INCOMPLETE,MONTHLY_RETURN_HISTORY_INCOMPLETE,7.0
2020-11-27,NSE_86A0724D9861,SUMICHEM,MONTHLY_RETURN_HISTORY_INCOMPLETE,MONTHLY_RETURN_HISTORY_INCOMPLETE,9.0
2020-11-27,NSE_BDD195E0616C,SUVENPHAR,MONTHLY_RETURN_HISTORY_INCOMPLETE,MONTHLY_RETURN_HISTORY_INCOMPLETE,7.0
2020-11-27,NSE_FE37750EBD83,ABB,MONTHLY_RETURN_HISTORY_INCOMPLETE,MONTHLY_RETURN_HISTORY_INCOMPLETE,10.0
2020-12-31,NSE_00ABAEDCEC72,SBICARD,MONTHLY_RETURN_HISTORY_INCOMPLETE,MONTHLY_RETURN_HISTORY_INCOMPLETE,8.0
2020-12-31,NSE_2AC56D269FBF,ALOKINDS,MONTHLY_RETURN_HISTORY_INCOMPLETE,MONTHLY_RETURN_HISTORY_INCOMPLETE,9.0
2020-12-31,NSE_71C08F9DEEE2,POWERINDIA,MONTHLY_RETURN_HISTORY_INCOMPLETE,MONTHLY_RETURN_HISTORY_INCOMPLETE,8.0
2020-12-31,NSE_86A0724D9861,SUMICHEM,MONTHLY_RETURN_HISTORY_INCOMPLETE,MONTHLY_RETURN_HISTORY_INCOMPLETE,10.0
2020-12-31,NSE_BDD195E0616C,SUVENPHAR,MONTHLY_RETURN_HISTORY_INCOMPLETE,MONTHLY_RETURN_HISTORY_INCOMPLETE,8.0
2021-01-29,NSE_00ABAEDCEC72,SBICARD,MONTHLY_RETURN_HISTORY_INCOMPLETE,MONTHLY_RETURN_HISTORY_INCOMPLETE,9.0
2021-01-29,NSE_2AC56D269FBF,ALOKINDS,MONTHLY_RETURN_HISTORY_INCOMPLETE,MONTHLY_RETURN_HISTORY_INCOMPLETE,10.0
2021-01-29,NSE_71C08F9DEEE2,POWERINDIA,MONTHLY_RETURN_HISTORY_INCOMPLETE,MONTHLY_RETURN_HISTORY_INCOMPLETE,9.0
2021-01-29,NSE_BDD195E0616C,SUVENPHAR,MONTHLY_RETURN_HISTORY_INCOMPLETE,MONTHLY_RETURN_HISTORY_INCOMPLETE,9.0
2021-02-26,NSE_00ABAEDCEC72,SBICARD,MONTHLY_RETURN_HISTORY_INCOMPLETE,MONTHLY_RETURN_HISTORY_INCOMPLETE,10.0
2021-02-26,NSE_71C08F9DEEE2,POWERINDIA,MONTHLY_RETURN_HISTORY_INCOMPLETE,MONTHLY_RETURN_HISTORY_INCOMPLETE,10.0
2021-02-26,NSE_BDD195E0616C,SUVENPHAR,MONTHLY_RETURN_HISTORY_INCOMPLETE,MONTHLY_RETURN_HISTORY_INCOMPLETE,10.0
2021-03-31,NSE_197A5E03B180,ROUTE,MONTHLY_RETURN_HISTORY_INCOMPLETE,MONTHLY_RETURN_HISTORY_INCOMPLETE,5.0
2021-03-31,NSE_232F7BA109E4,ANGELBRKG,MONTHLY_RETURN_HISTORY_INCOMPLETE,MONTHLY_RETURN_HISTORY_INCOMPLETE,4.0
2021-03-31,NSE_39E0D7EE6CD1,ROSSARI,MONTHLY_RETURN_HISTORY_INCOMPLETE,MONTHLY_RETURN_HISTORY_INCOMPLETE,7.0
2021-03-31,NSE_6ED25D40CAF7,CAMS,MONTHLY_RETURN_HISTORY_INCOMPLETE,MONTHLY_RETURN_HISTORY_INCOMPLETE,4.0
2021-03-31,NSE_74560139A228,MAXHEALTH,MONTHLY_RETURN_HISTORY_INCOMPLETE,MONTHLY_RETURN_HISTORY_INCOMPLETE,6.0
2021-03-31,NSE_7C0DF1AA648B,VALIANTORG,MONTHLY_RETURN_HISTORY_INCOMPLETE,MONTHLY_RETURN_HISTORY_INCOMPLETE,4.0
2021-03-31,NSE_80E6BAAF27E1,HEMIPROP,MONTHLY_RETURN_HISTORY_INCOMPLETE,MONTHLY_RETURN_HISTORY_INCOMPLETE,4.0
2021-03-31,NSE_8493E8962DCF,MAZDOCK,MONTHLY_RETURN_HISTORY_INCOMPLETE,MONTHLY_RETURN_HISTORY_INCOMPLETE,4.0
2021-03-31,NSE_E0134A40D7AE,HAPPSTMNDS,MONTHLY_RETURN_HISTORY_INCOMPLETE,MONTHLY_RETURN_HISTORY_INCOMPLETE,5.0
2021-03-31,NSE_F1D328AB5B2A,UTIAMC,MONTHLY_RETURN_HISTORY_INCOMPLETE,MONTHLY_RETURN_HISTORY_INCOMPLETE,4.0
2021-04-30,NSE_197A5E03B180,ROUTE,MONTHLY_RETURN_HISTORY_INCOMPLETE,MONTHLY_RETURN_HISTORY_INCOMPLETE,6.0
2021-04-30,NSE_232F7BA109E4,ANGELBRKG,MONTHLY_RETURN_HISTORY_INCOMPLETE,MONTHLY_RETURN_HISTORY_INCOMPLETE,5.0
2021-04-30,NSE_39E0D7EE6CD1,ROSSARI,MONTHLY_RETURN_HISTORY_INCOMPLETE,MONTHLY_RETURN_HISTORY_INCOMPLETE,8.0
2021-04-30,NSE_6ED25D40CAF7,CAMS,MONTHLY_RETURN_HISTORY_INCOMPLETE,MONTHLY_RETURN_HISTORY_INCOMPLETE,5.0
2021-04-30,NSE_74560139A228,MAXHEALTH,MONTHLY_RETURN_HISTORY_INCOMPLETE,MONTHLY_RETURN_HISTORY_INCOMPLETE,7.0
2021-04-30,NSE_7C0DF1AA648B,VALIANTORG,MONTHLY_RETURN_HISTORY_INCOMPLETE,MONTHLY_RETURN_HISTORY_INCOMPLETE,5.0
2021-04-30,NSE_80E6BAAF27E1,HEMIPROP,MONTHLY_RETURN_HISTORY_INCOMPLETE,MONTHLY_RETURN_HISTORY_INCOMPLETE,5.0
2021-04-30,NSE_8493E8962DCF,MAZDOCK,MONTHLY_RETURN_HISTORY_INCOMPLETE,MONTHLY_RETURN_HISTORY_INCOMPLETE,5.0
2021-04-30,NSE_B24D84EAEDA8,BURGERKING,MONTHLY_RETURN_HISTORY_INCOMPLETE,MONTHLY_RETURN_HISTORY_INCOMPLETE,3.0
2021-04-30,NSE_E0134A40D7AE,HAPPSTMNDS,MONTHLY_RETURN_HISTORY_INCOMPLETE,MONTHLY_RETURN_HISTORY_INCOMPLETE,6.0
2021-04-30,NSE_F1D328AB5B2A,UTIAMC,MONTHLY_RETURN_HISTORY_INCOMPLETE,MONTHLY_RETURN_HISTORY_INCOMPLETE,5.0
2021-05-31,NSE_197A5E03B180,ROUTE,MONTHLY_RETURN_HISTORY_INCOMPLETE,MONTHLY_RETURN_HISTORY_INCOMPLETE,7.0
2021-05-31,NSE_232F7BA109E4,ANGELBRKG,MONTHLY_RETURN_HISTORY_INCOMPLETE,MONTHLY_RETURN_HISTORY_INCOMPLETE,6.0
2021-05-31,NSE_39E0D7EE6CD1,ROSSARI,MONTHLY_RETURN_HISTORY_INCOMPLETE,MONTHLY_RETURN_HISTORY_INCOMPLETE,9.0
2021-05-31,NSE_6ED25D40CAF7,CAMS,MONTHLY_RETURN_HISTORY_INCOMPLETE,MONTHLY_RETURN_HISTORY_INCOMPLETE,6.0
2021-05-31,NSE_74560139A228,MAXHEALTH,MONTHLY_RETURN_HISTORY_INCOMPLETE,MONTHLY_RETURN_HISTORY_INCOMPLETE,8.0
2021-05-31,NSE_7C0DF1AA648B,VALIANTORG,MONTHLY_RETURN_HISTORY_INCOMPLETE,MONTHLY_RETURN_HISTORY_INCOMPLETE,6.0
2021-05-31,NSE_80E6BAAF27E1,HEMIPROP,MONTHLY_RETURN_HISTORY_INCOMPLETE,MONTHLY_RETURN_HISTORY_INCOMPLETE,6.0
2021-05-31,NSE_8493E8962DCF,MAZDOCK,MONTHLY_RETURN_HISTORY_INCOMPLETE,MONTHLY_RETURN_HISTORY_INCOMPLETE,6.0
2021-05-31,NSE_B24D84EAEDA8,BURGERKING,MONTHLY_RETURN_HISTORY_INCOMPLETE,MONTHLY_RETURN_HISTORY_INCOMPLETE,4.0
2021-05-31,NSE_E0134A40D7AE,HAPPSTMNDS,MONTHLY_RETURN_HISTORY_INCOMPLETE,MONTHLY_RETURN_HISTORY_INCOMPLETE,7.0
2021-05-31,NSE_F1D328AB5B2A,UTIAMC,MONTHLY_RETURN_HISTORY_INCOMPLETE,MONTHLY_RETURN_HISTORY_INCOMPLETE,6.0
2021-06-30,NSE_197A5E03B180,ROUTE,MONTHLY_RETURN_HISTORY_INCOMPLETE,MONTHLY_RETURN_HISTORY_INCOMPLETE,8.0
2021-06-30,NSE_232F7BA109E4,ANGELBRKG,MONTHLY_RETURN_HISTORY_INCOMPLETE,MONTHLY_RETURN_HISTORY_INCOMPLETE,7.0
2021-06-30,NSE_39E0D7EE6CD1,ROSSARI,MONTHLY_RETURN_HISTORY_INCOMPLETE,MONTHLY_RETURN_HISTORY_INCOMPLETE,10.0
2021-06-30,NSE_444C594AB9B7,BRITANNIA,BRITANNIA_BONUS_DEBENTURE_PARTIAL_WINDOW,MONTHLY_RETURN_HISTORY_INCOMPLETE;BRITANNIA_BONUS_DEBENTURE_PARTIAL_WINDOW,10.0
2021-06-30,NSE_6ED25D40CAF7,CAMS,MONTHLY_RETURN_HISTORY_INCOMPLETE,MONTHLY_RETURN_HISTORY_INCOMPLETE,7.0
2021-06-30,NSE_74560139A228,MAXHEALTH,MONTHLY_RETURN_HISTORY_INCOMPLETE,MONTHLY_RETURN_HISTORY_INCOMPLETE,9.0
2021-06-30,NSE_7C0DF1AA648B,VALIANTORG,MONTHLY_RETURN_HISTORY_INCOMPLETE,MONTHLY_RETURN_HISTORY_INCOMPLETE,7.0
2021-06-30,NSE_80E6BAAF27E1,HEMIPROP,MONTHLY_RETURN_HISTORY_INCOMPLETE,MONTHLY_RETURN_HISTORY_INCOMPLETE,7.0
2021-06-30,NSE_8493E8962DCF,MAZDOCK,MONTHLY_RETURN_HISTORY_INCOMPLETE,MONTHLY_RETURN_HISTORY_INCOMPLETE,7.0
2021-06-30,NSE_A1488DA9F95B,GLAND,MONTHLY_RETURN_HISTORY_INCOMPLETE,MONTHLY_RETURN_HISTORY_INCOMPLETE,6.0
2021-06-30,NSE_B24D84EAEDA8,BURGERKING,MONTHLY_RETURN_HISTORY_INCOMPLETE,MONTHLY_RETURN_HISTORY_INCOMPLETE,5.0
2021-06-30,NSE_E0134A40D7AE,HAPPSTMNDS,MONTHLY_RETURN_HISTORY_INCOMPLETE,MONTHLY_RETURN_HISTORY_INCOMPLETE,8.0
2021-06-30,NSE_F1D328AB5B2A,UTIAMC,MONTHLY_RETURN_HISTORY_INCOMPLETE,MONTHLY_RETURN_HISTORY_INCOMPLETE,7.0
2021-07-30,NSE_197A5E03B180,ROUTE,MONTHLY_RETURN_HISTORY_INCOMPLETE,MONTHLY_RETURN_HISTORY_INCOMPLETE,9.0
2021-07-30,NSE_232F7BA109E4,ANGELBRKG,MONTHLY_RETURN_HISTORY_INCOMPLETE,MONTHLY_RETURN_HISTORY_INCOMPLETE,8.0
2021-07-30,NSE_444C594AB9B7,BRITANNIA,BRITANNIA_BONUS_DEBENTURE_PARTIAL_WINDOW,MONTHLY_RETURN_HISTORY_INCOMPLETE;BRITANNIA_BONUS_DEBENTURE_PARTIAL_WINDOW,10.0
2021-07-30,NSE_6ED25D40CAF7,CAMS,MONTHLY_RETURN_HISTORY_INCOMPLETE,MONTHLY_RETURN_HISTORY_INCOMPLETE,8.0
2021-07-30,NSE_74560139A228,MAXHEALTH,MONTHLY_RETURN_HISTORY_INCOMPLETE,MONTHLY_RETURN_HISTORY_INCOMPLETE,10.0
2021-07-30,NSE_7C0DF1AA648B,VALIANTORG,MONTHLY_RETURN_HISTORY_INCOMPLETE,MONTHLY_RETURN_HISTORY_INCOMPLETE,8.0
2021-07-30,NSE_80E6BAAF27E1,HEMIPROP,MONTHLY_RETURN_HISTORY_INCOMPLETE,MONTHLY_RETURN_HISTORY_INCOMPLETE,8.0
2021-07-30,NSE_8493E8962DCF,MAZDOCK,MONTHLY_RETURN_HISTORY_INCOMPLETE,MONTHLY_RETURN_HISTORY_INCOMPLETE,8.0
2021-07-30,NSE_A1488DA9F95B,GLAND,MONTHLY_RETURN_HISTORY_INCOMPLETE,MONTHLY_RETURN_HISTORY_INCOMPLETE,7.0
2021-07-30,NSE_B24D84EAEDA8,BURGERKING,MONTHLY_RETURN_HISTORY_INCOMPLETE,MONTHLY_RETURN_HISTORY_INCOMPLETE,6.0
2021-07-30,NSE_E0134A40D7AE,HAPPSTMNDS,MONTHLY_RETURN_HISTORY_INCOMPLETE,MONTHLY_RETURN_HISTORY_INCOMPLETE,9.0
2021-07-30,NSE_F1D328AB5B2A,UTIAMC,MONTHLY_RETURN_HISTORY_INCOMPLETE,MONTHLY_RETURN_HISTORY_INCOMPLETE,8.0
2021-08-31,NSE_197A5E03B180,ROUTE,MONTHLY_RETURN_HISTORY_INCOMPLETE,MONTHLY_RETURN_HISTORY_INCOMPLETE,10.0
2021-08-31,NSE_232F7BA109E4,ANGELBRKG,MONTHLY_RETURN_HISTORY_INCOMPLETE,MONTHLY_RETURN_HISTORY_INCOMPLETE,9.0
2021-08-31,NSE_444C594AB9B7,BRITANNIA,MONTHLY_RETURN_HISTORY_INCOMPLETE,MONTHLY_RETURN_HISTORY_INCOMPLETE,10.0
2021-08-31,NSE_6ED25D40CAF7,CAMS,MONTHLY_RETURN_HISTORY_INCOMPLETE,MONTHLY_RETURN_HISTORY_INCOMPLETE,9.0
2021-08-31,NSE_7C0DF1AA648B,VALIANTORG,MONTHLY_RETURN_HISTORY_INCOMPLETE,MONTHLY_RETURN_HISTORY_INCOMPLETE,9.0
2021-08-31,NSE_80E6BAAF27E1,HEMIPROP,MONTHLY_RETURN_HISTORY_INCOMPLETE,MONTHLY_RETURN_HISTORY_INCOMPLETE,9.0
2021-08-31,NSE_8493E8962DCF,MAZDOCK,MONTHLY_RETURN_HISTORY_INCOMPLETE,MONTHLY_RETURN_HISTORY_INCOMPLETE,9.0
2021-08-31,NSE_A1488DA9F95B,GLAND,MONTHLY_RETURN_HISTORY_INCOMPLETE,MONTHLY_RETURN_HISTORY_INCOMPLETE,8.0
2021-08-31,NSE_B24D84EAEDA8,BURGERKING,MONTHLY_RETURN_HISTORY_INCOMPLETE,MONTHLY_RETURN_HISTORY_INCOMPLETE,7.0
2021-08-31,NSE_E0134A40D7AE,HAPPSTMNDS,MONTHLY_RETURN_HISTORY_INCOMPLETE,MONTHLY_RETURN_HISTORY_INCOMPLETE,10.0
2021-08-31,NSE_F1D328AB5B2A,UTIAMC,MONTHLY_RETURN_HISTORY_INCOMPLETE,MONTHLY_RETURN_HISTORY_INCOMPLETE,9.0
2021-09-30,NSE_1E79FBEEA506,NAZARA,MONTHLY_RETURN_HISTORY_INCOMPLETE,MONTHLY_RETURN_HISTORY_INCOMPLETE,5.0
2021-09-30,NSE_232F7BA109E4,ANGELBRKG,MONTHLY_RETURN_HISTORY_INCOMPLETE,MONTHLY_RETURN_HISTORY_INCOMPLETE,10.0
2021-09-30,NSE_3AF2F9101694,KALYANKJIL,MONTHLY_RETURN_HISTORY_INCOMPLETE,MONTHLY_RETURN_HISTORY_INCOMPLETE,5.0
2021-09-30,NSE_4343189A6F18,RAILTEL,MONTHLY_RETURN_HISTORY_INCOMPLETE,MONTHLY_RETURN_HISTORY_INCOMPLETE,6.0
2021-09-30,NSE_444C594AB9B7,BRITANNIA,MONTHLY_RETURN_HISTORY_INCOMPLETE,MONTHLY_RETURN_HISTORY_INCOMPLETE,10.0
2021-09-30,NSE_68320B29C9C6,EQUITASBNK,MONTHLY_RETURN_HISTORY_INCOMPLETE,MONTHLY_RETURN_HISTORY_INCOMPLETE,9.0
2021-09-30,NSE_6ED25D40CAF7,CAMS,MONTHLY_RETURN_HISTORY_INCOMPLETE,MONTHLY_RETURN_HISTORY_INCOMPLETE,10.0
2021-09-30,NSE_75C877F93A95,LXCHEM,MONTHLY_RETURN_HISTORY_INCOMPLETE,MONTHLY_RETURN_HISTORY_INCOMPLETE,5.0
2021-09-30,NSE_7C0DF1AA648B,VALIANTORG,MONTHLY_RETURN_HISTORY_INCOMPLETE,MONTHLY_RETURN_HISTORY_INCOMPLETE,10.0
2021-09-30,NSE_7E9F9084BD7D,JUBLPHARMA,MONTHLY_RETURN_HISTORY_INCOMPLETE,MONTHLY_RETURN_HISTORY_INCOMPLETE,10.0
2021-09-30,NSE_80E6BAAF27E1,HEMIPROP,MONTHLY_RETURN_HISTORY_INCOMPLETE,MONTHLY_RETURN_HISTORY_INCOMPLETE,10.0
2021-09-30,NSE_8493E8962DCF,MAZDOCK,MONTHLY_RETURN_HISTORY_INCOMPLETE,MONTHLY_RETURN_HISTORY_INCOMPLETE,10.0
2021-09-30,NSE_87F5D0D8658E,HOMEFIRST,MONTHLY_RETURN_HISTORY_INCOMPLETE,MONTHLY_RETURN_HISTORY_INCOMPLETE,6.0
2021-09-30,NSE_93EDFD9CD697,INDIGOPNTS,MONTHLY_RETURN_HISTORY_INCOMPLETE,MONTHLY_RETURN_HISTORY_INCOMPLETE,6.0
2021-09-30,NSE_9600713819EE,JUBLINGREA,MONTHLY_RETURN_HISTORY_INCOMPLETE,MONTHLY_RETURN_HISTORY_INCOMPLETE,5.0
2021-09-30,NSE_9A7AED6E5E33,IRFC,MONTHLY_RETURN_HISTORY_INCOMPLETE,MONTHLY_RETURN_HISTORY_INCOMPLETE,7.0
2021-09-30,NSE_A1488DA9F95B,GLAND,MONTHLY_RETURN_HISTORY_INCOMPLETE,MONTHLY_RETURN_HISTORY_INCOMPLETE,9.0
2021-09-30,NSE_B24D84EAEDA8,BURGERKING,MONTHLY_RETURN_HISTORY_INCOMPLETE,MONTHLY_RETURN_HISTORY_INCOMPLETE,8.0
2021-09-30,NSE_F1D328AB5B2A,UTIAMC,MONTHLY_RETURN_HISTORY_INCOMPLETE,MONTHLY_RETURN_HISTORY_INCOMPLETE,10.0
2021-09-30,NSE_F9C58E6F4C7D,ANURAS,MONTHLY_RETURN_HISTORY_INCOMPLETE,MONTHLY_RETURN_HISTORY_INCOMPLETE,5.0
2021-09-30,NSE_FE09ECEA2A1B,LODHA,MONTHLY_RETURN_HISTORY_INCOMPLETE,MONTHLY_RETURN_HISTORY_INCOMPLETE,4.0
2021-10-29,NSE_1E79FBEEA506,NAZARA,MONTHLY_RETURN_HISTORY_INCOMPLETE,MONTHLY_RETURN_HISTORY_INCOMPLETE,6.0
2021-10-29,NSE_3AF2F9101694,KALYANKJIL,MONTHLY_RETURN_HISTORY_INCOMPLETE,MONTHLY_RETURN_HISTORY_INCOMPLETE,6.0
2021-10-29,NSE_4343189A6F18,RAILTEL,MONTHLY_RETURN_HISTORY_INCOMPLETE,MONTHLY_RETURN_HISTORY_INCOMPLETE,7.0
2021-10-29,NSE_444C594AB9B7,BRITANNIA,MONTHLY_RETURN_HISTORY_INCOMPLETE,MONTHLY_RETURN_HISTORY_INCOMPLETE,10.0
2021-10-29,NSE_68320B29C9C6,EQUITASBNK,MONTHLY_RETURN_HISTORY_INCOMPLETE,MONTHLY_RETURN_HISTORY_INCOMPLETE,10.0
2021-10-29,NSE_75C877F93A95,LXCHEM,MONTHLY_RETURN_HISTORY_INCOMPLETE,MONTHLY_RETURN_HISTORY_INCOMPLETE,6.0
2021-10-29,NSE_7C88EBE4B68A,SONACOMS,MONTHLY_RETURN_HISTORY_INCOMPLETE,MONTHLY_RETURN_HISTORY_INCOMPLETE,3.0
2021-10-29,NSE_7E9F9084BD7D,JUBLPHARMA,MONTHLY_RETURN_HISTORY_INCOMPLETE,MONTHLY_RETURN_HISTORY_INCOMPLETE,10.0
2021-10-29,NSE_87F5D0D8658E,HOMEFIRST,MONTHLY_RETURN_HISTORY_INCOMPLETE,MONTHLY_RETURN_HISTORY_INCOMPLETE,7.0
2021-10-29,NSE_93EDFD9CD697,INDIGOPNTS,MONTHLY_RETURN_HISTORY_INCOMPLETE,MONTHLY_RETURN_HISTORY_INCOMPLETE,7.0
2021-10-29,NSE_9600713819EE,JUBLINGREA,MONTHLY_RETURN_HISTORY_INCOMPLETE,MONTHLY_RETURN_HISTORY_INCOMPLETE,6.0
2021-10-29,NSE_9A7AED6E5E33,IRFC,MONTHLY_RETURN_HISTORY_INCOMPLETE,MONTHLY_RETURN_HISTORY_INCOMPLETE,8.0
2021-10-29,NSE_A1488DA9F95B,GLAND,MONTHLY_RETURN_HISTORY_INCOMPLETE,MONTHLY_RETURN_HISTORY_INCOMPLETE,10.0
2021-10-29,NSE_B24D84EAEDA8,BURGERKING,MONTHLY_RETURN_HISTORY_INCOMPLETE,MONTHLY_RETURN_HISTORY_INCOMPLETE,9.0
2021-10-29,NSE_F9C58E6F4C7D,ANURAS,MONTHLY_RETURN_HISTORY_INCOMPLETE,MONTHLY_RETURN_HISTORY_INCOMPLETE,6.0
2021-10-29,NSE_FE09ECEA2A1B,LODHA,MONTHLY_RETURN_HISTORY_INCOMPLETE,MONTHLY_RETURN_HISTORY_INCOMPLETE,5.0
2021-11-30,NSE_1E79FBEEA506,NAZARA,MONTHLY_RETURN_HISTORY_INCOMPLETE,MONTHLY_RETURN_HISTORY_INCOMPLETE,7.0
2021-11-30,NSE_3AF2F9101694,KALYANKJIL,MONTHLY_RETURN_HISTORY_INCOMPLETE,MONTHLY_RETURN_HISTORY_INCOMPLETE,7.0
2021-11-30,NSE_4343189A6F18,RAILTEL,MONTHLY_RETURN_HISTORY_INCOMPLETE,MONTHLY_RETURN_HISTORY_INCOMPLETE,8.0
2021-11-30,NSE_444C594AB9B7,BRITANNIA,MONTHLY_RETURN_HISTORY_INCOMPLETE,MONTHLY_RETURN_HISTORY_INCOMPLETE,10.0
2021-11-30,NSE_75C877F93A95,LXCHEM,MONTHLY_RETURN_HISTORY_INCOMPLETE,MONTHLY_RETURN_HISTORY_INCOMPLETE,7.0
2021-11-30,NSE_7C88EBE4B68A,SONACOMS,MONTHLY_RETURN_HISTORY_INCOMPLETE,MONTHLY_RETURN_HISTORY_INCOMPLETE,4.0
2021-11-30,NSE_7E9F9084BD7D,JUBLPHARMA,MONTHLY_RETURN_HISTORY_INCOMPLETE,MONTHLY_RETURN_HISTORY_INCOMPLETE,10.0
2021-11-30,NSE_87F5D0D8658E,HOMEFIRST,MONTHLY_RETURN_HISTORY_INCOMPLETE,MONTHLY_RETURN_HISTORY_INCOMPLETE,8.0
2021-11-30,NSE_93EDFD9CD697,INDIGOPNTS,MONTHLY_RETURN_HISTORY_INCOMPLETE,MONTHLY_RETURN_HISTORY_INCOMPLETE,8.0
2021-11-30,NSE_9600713819EE,JUBLINGREA,MONTHLY_RETURN_HISTORY_INCOMPLETE,MONTHLY_RETURN_HISTORY_INCOMPLETE,7.0
2021-11-30,NSE_9A7AED6E5E33,IRFC,MONTHLY_RETURN_HISTORY_INCOMPLETE,MONTHLY_RETURN_HISTORY_INCOMPLETE,9.0
2021-11-30,NSE_B24D84EAEDA8,BURGERKING,MONTHLY_RETURN_HISTORY_INCOMPLETE,MONTHLY_RETURN_HISTORY_INCOMPLETE,10.0
2021-11-30,NSE_F9C58E6F4C7D,ANURAS,MONTHLY_RETURN_HISTORY_INCOMPLETE,MONTHLY_RETURN_HISTORY_INCOMPLETE,7.0
2021-11-30,NSE_FE09ECEA2A1B,LODHA,MONTHLY_RETURN_HISTORY_INCOMPLETE,MONTHLY_RETURN_HISTORY_INCOMPLETE,6.0
2021-12-31,NSE_1E79FBEEA506,NAZARA,MONTHLY_RETURN_HISTORY_INCOMPLETE,MONTHLY_RETURN_HISTORY_INCOMPLETE,8.0
2021-12-31,NSE_3AF2F9101694,KALYANKJIL,MONTHLY_RETURN_HISTORY_INCOMPLETE,MONTHLY_RETURN_HISTORY_INCOMPLETE,8.0
2021-12-31,NSE_4343189A6F18,RAILTEL,MONTHLY_RETURN_HISTORY_INCOMPLETE,MONTHLY_RETURN_HISTORY_INCOMPLETE,9.0
2021-12-31,NSE_444C594AB9B7,BRITANNIA,MONTHLY_RETURN_HISTORY_INCOMPLETE,MONTHLY_RETURN_HISTORY_INCOMPLETE,10.0
2021-12-31,NSE_75C877F93A95,LXCHEM,MONTHLY_RETURN_HISTORY_INCOMPLETE,MONTHLY_RETURN_HISTORY_INCOMPLETE,8.0
2021-12-31,NSE_7C88EBE4B68A,SONACOMS,MONTHLY_RETURN_HISTORY_INCOMPLETE,MONTHLY_RETURN_HISTORY_INCOMPLETE,5.0
2021-12-31,NSE_7E9F9084BD7D,JUBLPHARMA,MONTHLY_RETURN_HISTORY_INCOMPLETE,MONTHLY_RETURN_HISTORY_INCOMPLETE,10.0
2021-12-31,NSE_87F5D0D8658E,HOMEFIRST,MONTHLY_RETURN_HISTORY_INCOMPLETE,MONTHLY_RETURN_HISTORY_INCOMPLETE,9.0
2021-12-31,NSE_93EDFD9CD697,INDIGOPNTS,MONTHLY_RETURN_HISTORY_INCOMPLETE,MONTHLY_RETURN_HISTORY_INCOMPLETE,9.0
2021-12-31,NSE_9600713819EE,JUBLINGREA,MONTHLY_RETURN_HISTORY_INCOMPLETE,MONTHLY_RETURN_HISTORY_INCOMPLETE,8.0
2021-12-31,NSE_9A7AED6E5E33,IRFC,MONTHLY_RETURN_HISTORY_INCOMPLETE,MONTHLY_RETURN_HISTORY_INCOMPLETE,10.0
2021-12-31,NSE_F9C58E6F4C7D,ANURAS,MONTHLY_RETURN_HISTORY_INCOMPLETE,MONTHLY_RETURN_HISTORY_INCOMPLETE,8.0
2021-12-31,NSE_FE09ECEA2A1B,LODHA,MONTHLY_RETURN_HISTORY_INCOMPLETE,MONTHLY_RETURN_HISTORY_INCOMPLETE,7.0
2022-01-31,NSE_1E79FBEEA506,NAZARA,MONTHLY_RETURN_HISTORY_INCOMPLETE,MONTHLY_RETURN_HISTORY_INCOMPLETE,9.0
2022-01-31,NSE_3AF2F9101694,KALYANKJIL,MONTHLY_RETURN_HISTORY_INCOMPLETE,MONTHLY_RETURN_HISTORY_INCOMPLETE,9.0
2022-01-31,NSE_4343189A6F18,RAILTEL,MONTHLY_RETURN_HISTORY_INCOMPLETE,MONTHLY_RETURN_HISTORY_INCOMPLETE,10.0
2022-01-31,NSE_444C594AB9B7,BRITANNIA,MONTHLY_RETURN_HISTORY_INCOMPLETE,MONTHLY_RETURN_HISTORY_INCOMPLETE,10.0
2022-01-31,NSE_75C877F93A95,LXCHEM,MONTHLY_RETURN_HISTORY_INCOMPLETE,MONTHLY_RETURN_HISTORY_INCOMPLETE,9.0
2022-01-31,NSE_7C88EBE4B68A,SONACOMS,MONTHLY_RETURN_HISTORY_INCOMPLETE,MONTHLY_RETURN_HISTORY_INCOMPLETE,6.0
2022-01-31,NSE_7E9F9084BD7D,JUBLPHARMA,MONTHLY_RETURN_HISTORY_INCOMPLETE,MONTHLY_RETURN_HISTORY_INCOMPLETE,10.0
2022-01-31,NSE_87F5D0D8658E,HOMEFIRST,MONTHLY_RETURN_HISTORY_INCOMPLETE,MONTHLY_RETURN_HISTORY_INCOMPLETE,10.0
2022-01-31,NSE_93EDFD9CD697,INDIGOPNTS,MONTHLY_RETURN_HISTORY_INCOMPLETE,MONTHLY_RETURN_HISTORY_INCOMPLETE,10.0
2022-01-31,NSE_9600713819EE,JUBLINGREA,MONTHLY_RETURN_HISTORY_INCOMPLETE,MONTHLY_RETURN_HISTORY_INCOMPLETE,9.0
2022-01-31,NSE_F9C58E6F4C7D,ANURAS,MONTHLY_RETURN_HISTORY_INCOMPLETE,MONTHLY_RETURN_HISTORY_INCOMPLETE,9.0
2022-01-31,NSE_FE09ECEA2A1B,LODHA,MONTHLY_RETURN_HISTORY_INCOMPLETE,MONTHLY_RETURN_HISTORY_INCOMPLETE,8.0
2022-02-28,NSE_1E79FBEEA506,NAZARA,MONTHLY_RETURN_HISTORY_INCOMPLETE,MONTHLY_RETURN_HISTORY_INCOMPLETE,10.0
2022-02-28,NSE_3AF2F9101694,KALYANKJIL,MONTHLY_RETURN_HISTORY_INCOMPLETE,MONTHLY_RETURN_HISTORY_INCOMPLETE,10.0
2022-02-28,NSE_444C594AB9B7,BRITANNIA,MONTHLY_RETURN_HISTORY_INCOMPLETE,MONTHLY_RETURN_HISTORY_INCOMPLETE,10.0
2022-02-28,NSE_75C877F93A95,LXCHEM,MONTHLY_RETURN_HISTORY_INCOMPLETE,MONTHLY_RETURN_HISTORY_INCOMPLETE,10.0
2022-02-28,NSE_7C88EBE4B68A,SONACOMS,MONTHLY_RETURN_HISTORY_INCOMPLETE,MONTHLY_RETURN_HISTORY_INCOMPLETE,7.0
2022-02-28,NSE_9600713819EE,JUBLINGREA,MONTHLY_RETURN_HISTORY_INCOMPLETE,MONTHLY_RETURN_HISTORY_INCOMPLETE,10.0
2022-02-28,NSE_F9C58E6F4C7D,ANURAS,MONTHLY_RETURN_HISTORY_INCOMPLETE,MONTHLY_RETURN_HISTORY_INCOMPLETE,10.0
2022-02-28,NSE_FE09ECEA2A1B,LODHA,MONTHLY_RETURN_HISTORY_INCOMPLETE,MONTHLY_RETURN_HISTORY_INCOMPLETE,9.0
2022-03-31,NSE_03B0BD5CB55C,HGS,MONTHLY_RETURN_HISTORY_INCOMPLETE,MONTHLY_RETURN_HISTORY_INCOMPLETE,10.0
2022-03-31,NSE_07126DA12DC3,NUVOCO,MONTHLY_RETURN_HISTORY_INCOMPLETE,MONTHLY_RETURN_HISTORY_INCOMPLETE,6.0
2022-03-31,NSE_0E5DBEE7C6DB,GOCOLORS,MONTHLY_RETURN_HISTORY_INCOMPLETE,MONTHLY_RETURN_HISTORY_INCOMPLETE,3.0
2022-03-31,NSE_1BBE3C0F77F8,STARHEALTH,MONTHLY_RETURN_HISTORY_INCOMPLETE,MONTHLY_RETURN_HISTORY_INCOMPLETE,2.0
2022-03-31,NSE_38BB2C517032,POLICYBZR,MONTHLY_RETURN_HISTORY_INCOMPLETE,MONTHLY_RETURN_HISTORY_INCOMPLETE,3.0
2022-03-31,NSE_406ADDA47C2B,GLS,MONTHLY_RETURN_HISTORY_INCOMPLETE,MONTHLY_RETURN_HISTORY_INCOMPLETE,6.0
2022-03-31,NSE_444C594AB9B7,BRITANNIA,MONTHLY_RETURN_HISTORY_INCOMPLETE,MONTHLY_RETURN_HISTORY_INCOMPLETE,10.0
2022-03-31,NSE_4ADB73672A72,DEVYANI,MONTHLY_RETURN_HISTORY_INCOMPLETE,MONTHLY_RETURN_HISTORY_INCOMPLETE,6.0
2022-03-31,NSE_69654D8C1E99,CLEAN,MONTHLY_RETURN_HISTORY_INCOMPLETE,MONTHLY_RETURN_HISTORY_INCOMPLETE,7.0
2022-03-31,NSE_6E5D69F7F69D,NYKAA,MONTHLY_RETURN_HISTORY_INCOMPLETE,MONTHLY_RETURN_HISTORY_INCOMPLETE,3.0
2022-03-31,NSE_77B10DEB942C,MAPMYINDIA,MONTHLY_RETURN_HISTORY_INCOMPLETE,MONTHLY_RETURN_HISTORY_INCOMPLETE,2.0
2022-03-31,NSE_7C88EBE4B68A,SONACOMS,MONTHLY_RETURN_HISTORY_INCOMPLETE,MONTHLY_RETURN_HISTORY_INCOMPLETE,8.0
2022-03-31,NSE_896B828BC329,METROBRAND,MONTHLY_RETURN_HISTORY_INCOMPLETE,MONTHLY_RETURN_HISTORY_INCOMPLETE,2.0
2022-03-31,NSE_8A58397586E6,GRINFRA,MONTHLY_RETURN_HISTORY_INCOMPLETE,MONTHLY_RETURN_HISTORY_INCOMPLETE,7.0
2022-03-31,NSE_8EB3CD5CB5AD,VIJAYA,MONTHLY_RETURN_HISTORY_INCOMPLETE,MONTHLY_RETURN_HISTORY_INCOMPLETE,5.0
2022-03-31,NSE_8EB4140F9B6D,ZOMATO,MONTHLY_RETURN_HISTORY_INCOMPLETE,MONTHLY_RETURN_HISTORY_INCOMPLETE,7.0
2022-03-31,NSE_8FD1C183DE7B,APTUS,MONTHLY_RETURN_HISTORY_INCOMPLETE,MONTHLY_RETURN_HISTORY_INCOMPLETE,6.0
2022-03-31,NSE_AD18A213DACB,KIMS,MONTHLY_RETURN_HISTORY_INCOMPLETE,MONTHLY_RETURN_HISTORY_INCOMPLETE,8.0
2022-03-31,NSE_AD2E7AA5247F,ABSLAMC,MONTHLY_RETURN_HISTORY_INCOMPLETE,MONTHLY_RETURN_HISTORY_INCOMPLETE,4.0
2022-03-31,NSE_AF3197470457,LATENTVIEW,MONTHLY_RETURN_HISTORY_INCOMPLETE,MONTHLY_RETURN_HISTORY_INCOMPLETE,3.0
2022-03-31,NSE_BBAFE94E6772,CHEMPLASTS,MONTHLY_RETURN_HISTORY_INCOMPLETE,MONTHLY_RETURN_HISTORY_INCOMPLETE,6.0
2022-03-31,NSE_C9E4C554809A,SAPPHIRE,MONTHLY_RETURN_HISTORY_INCOMPLETE,MONTHLY_RETURN_HISTORY_INCOMPLETE,3.0
2022-03-31,NSE_CB495D5D7660,MEDPLUS,MONTHLY_RETURN_HISTORY_INCOMPLETE,MONTHLY_RETURN_HISTORY_INCOMPLETE,2.0
2022-03-31,NSE_CD88130B9E52,PAYTM,MONTHLY_RETURN_HISTORY_INCOMPLETE,MONTHLY_RETURN_HISTORY_INCOMPLETE,3.0
2022-03-31,NSE_CF7DBA3753F8,SHYAMMETL,MONTHLY_RETURN_HISTORY_INCOMPLETE,MONTHLY_RETURN_HISTORY_INCOMPLETE,8.0
2022-03-31,NSE_FE09ECEA2A1B,LODHA,MONTHLY_RETURN_HISTORY_INCOMPLETE,MONTHLY_RETURN_HISTORY_INCOMPLETE,10.0
2022-04-29,NSE_03B0BD5CB55C,HGS,MONTHLY_RETURN_HISTORY_INCOMPLETE,MONTHLY_RETURN_HISTORY_INCOMPLETE,10.0
2022-04-29,NSE_07126DA12DC3,NUVOCO,MONTHLY_RETURN_HISTORY_INCOMPLETE,MONTHLY_RETURN_HISTORY_INCOMPLETE,7.0
2022-04-29,NSE_0E5DBEE7C6DB,GOCOLORS,MONTHLY_RETURN_HISTORY_INCOMPLETE,MONTHLY_RETURN_HISTORY_INCOMPLETE,4.0
2022-04-29,NSE_1BBE3C0F77F8,STARHEALTH,MONTHLY_RETURN_HISTORY_INCOMPLETE,MONTHLY_RETURN_HISTORY_INCOMPLETE,3.0
2022-04-29,NSE_38BB2C517032,POLICYBZR,MONTHLY_RETURN_HISTORY_INCOMPLETE,MONTHLY_RETURN_HISTORY_INCOMPLETE,4.0
2022-04-29,NSE_406ADDA47C2B,GLS,MONTHLY_RETURN_HISTORY_INCOMPLETE,MONTHLY_RETURN_HISTORY_INCOMPLETE,7.0
2022-04-29,NSE_444C594AB9B7,BRITANNIA,MONTHLY_RETURN_HISTORY_INCOMPLETE,MONTHLY_RETURN_HISTORY_INCOMPLETE,10.0
2022-04-29,NSE_4ADB73672A72,DEVYANI,MONTHLY_RETURN_HISTORY_INCOMPLETE,MONTHLY_RETURN_HISTORY_INCOMPLETE,7.0
2022-04-29,NSE_69654D8C1E99,CLEAN,MONTHLY_RETURN_HISTORY_INCOMPLETE,MONTHLY_RETURN_HISTORY_INCOMPLETE,8.0
2022-04-29,NSE_6E5D69F7F69D,NYKAA,MONTHLY_RETURN_HISTORY_INCOMPLETE,MONTHLY_RETURN_HISTORY_INCOMPLETE,4.0
2022-04-29,NSE_77B10DEB942C,MAPMYINDIA,MONTHLY_RETURN_HISTORY_INCOMPLETE,MONTHLY_RETURN_HISTORY_INCOMPLETE,3.0
2022-04-29,NSE_7C88EBE4B68A,SONACOMS,MONTHLY_RETURN_HISTORY_INCOMPLETE,MONTHLY_RETURN_HISTORY_INCOMPLETE,9.0
2022-04-29,NSE_896B828BC329,METROBRAND,MONTHLY_RETURN_HISTORY_INCOMPLETE,MONTHLY_RETURN_HISTORY_INCOMPLETE,3.0
2022-04-29,NSE_8A58397586E6,GRINFRA,MONTHLY_RETURN_HISTORY_INCOMPLETE,MONTHLY_RETURN_HISTORY_INCOMPLETE,8.0
2022-04-29,NSE_8EB3CD5CB5AD,VIJAYA,MONTHLY_RETURN_HISTORY_INCOMPLETE,MONTHLY_RETURN_HISTORY_INCOMPLETE,6.0
2022-04-29,NSE_8EB4140F9B6D,ZOMATO,MONTHLY_RETURN_HISTORY_INCOMPLETE,MONTHLY_RETURN_HISTORY_INCOMPLETE,8.0
2022-04-29,NSE_8FD1C183DE7B,APTUS,MONTHLY_RETURN_HISTORY_INCOMPLETE,MONTHLY_RETURN_HISTORY_INCOMPLETE,7.0
2022-04-29,NSE_AD18A213DACB,KIMS,MONTHLY_RETURN_HISTORY_INCOMPLETE,MONTHLY_RETURN_HISTORY_INCOMPLETE,9.0
2022-04-29,NSE_AD2E7AA5247F,ABSLAMC,MONTHLY_RETURN_HISTORY_INCOMPLETE,MONTHLY_RETURN_HISTORY_INCOMPLETE,5.0
2022-04-29,NSE_AF3197470457,LATENTVIEW,MONTHLY_RETURN_HISTORY_INCOMPLETE,MONTHLY_RETURN_HISTORY_INCOMPLETE,4.0
2022-04-29,NSE_BBAFE94E6772,CHEMPLASTS,MONTHLY_RETURN_HISTORY_INCOMPLETE,MONTHLY_RETURN_HISTORY_INCOMPLETE,7.0
2022-04-29,NSE_C9E4C554809A,SAPPHIRE,MONTHLY_RETURN_HISTORY_INCOMPLETE,MONTHLY_RETURN_HISTORY_INCOMPLETE,4.0
2022-04-29,NSE_CB495D5D7660,MEDPLUS,MONTHLY_RETURN_HISTORY_INCOMPLETE,MONTHLY_RETURN_HISTORY_INCOMPLETE,3.0
2022-04-29,NSE_CD88130B9E52,PAYTM,MONTHLY_RETURN_HISTORY_INCOMPLETE,MONTHLY_RETURN_HISTORY_INCOMPLETE,4.0
2022-04-29,NSE_CF7DBA3753F8,SHYAMMETL,MONTHLY_RETURN_HISTORY_INCOMPLETE,MONTHLY_RETURN_HISTORY_INCOMPLETE,9.0
2022-05-31,NSE_03B0BD5CB55C,HGS,MONTHLY_RETURN_HISTORY_INCOMPLETE,MONTHLY_RETURN_HISTORY_INCOMPLETE,10.0
2022-05-31,NSE_07126DA12DC3,NUVOCO,MONTHLY_RETURN_HISTORY_INCOMPLETE,MONTHLY_RETURN_HISTORY_INCOMPLETE,8.0
2022-05-31,NSE_0E5DBEE7C6DB,GOCOLORS,MONTHLY_RETURN_HISTORY_INCOMPLETE,MONTHLY_RETURN_HISTORY_INCOMPLETE,5.0
2022-05-31,NSE_1BBE3C0F77F8,STARHEALTH,MONTHLY_RETURN_HISTORY_INCOMPLETE,MONTHLY_RETURN_HISTORY_INCOMPLETE,4.0
2022-05-31,NSE_38BB2C517032,POLICYBZR,MONTHLY_RETURN_HISTORY_INCOMPLETE,MONTHLY_RETURN_HISTORY_INCOMPLETE,5.0
2022-05-31,NSE_406ADDA47C2B,GLS,MONTHLY_RETURN_HISTORY_INCOMPLETE,MONTHLY_RETURN_HISTORY_INCOMPLETE,8.0
2022-05-31,NSE_444C594AB9B7,BRITANNIA,BRITANNIA_BONUS_DEBENTURE_PARTIAL_WINDOW,BRITANNIA_BONUS_DEBENTURE_PARTIAL_WINDOW,11.0
2022-05-31,NSE_4ADB73672A72,DEVYANI,MONTHLY_RETURN_HISTORY_INCOMPLETE,MONTHLY_RETURN_HISTORY_INCOMPLETE,8.0
2022-05-31,NSE_69654D8C1E99,CLEAN,MONTHLY_RETURN_HISTORY_INCOMPLETE,MONTHLY_RETURN_HISTORY_INCOMPLETE,9.0
2022-05-31,NSE_6E5D69F7F69D,NYKAA,MONTHLY_RETURN_HISTORY_INCOMPLETE,MONTHLY_RETURN_HISTORY_INCOMPLETE,5.0
2022-05-31,NSE_77B10DEB942C,MAPMYINDIA,MONTHLY_RETURN_HISTORY_INCOMPLETE,MONTHLY_RETURN_HISTORY_INCOMPLETE,4.0
2022-05-31,NSE_7C88EBE4B68A,SONACOMS,MONTHLY_RETURN_HISTORY_INCOMPLETE,MONTHLY_RETURN_HISTORY_INCOMPLETE,10.0
2022-05-31,NSE_896B828BC329,METROBRAND,MONTHLY_RETURN_HISTORY_INCOMPLETE,MONTHLY_RETURN_HISTORY_INCOMPLETE,4.0
2022-05-31,NSE_8A58397586E6,GRINFRA,MONTHLY_RETURN_HISTORY_INCOMPLETE,MONTHLY_RETURN_HISTORY_INCOMPLETE,9.0
2022-05-31,NSE_8EB3CD5CB5AD,VIJAYA,MONTHLY_RETURN_HISTORY_INCOMPLETE,MONTHLY_RETURN_HISTORY_INCOMPLETE,7.0
2022-05-31,NSE_8EB4140F9B6D,ZOMATO,MONTHLY_RETURN_HISTORY_INCOMPLETE,MONTHLY_RETURN_HISTORY_INCOMPLETE,9.0
2022-05-31,NSE_8FD1C183DE7B,APTUS,MONTHLY_RETURN_HISTORY_INCOMPLETE,MONTHLY_RETURN_HISTORY_INCOMPLETE,8.0
2022-05-31,NSE_AD18A213DACB,KIMS,MONTHLY_RETURN_HISTORY_INCOMPLETE,MONTHLY_RETURN_HISTORY_INCOMPLETE,10.0
2022-05-31,NSE_AD2E7AA5247F,ABSLAMC,MONTHLY_RETURN_HISTORY_INCOMPLETE,MONTHLY_RETURN_HISTORY_INCOMPLETE,6.0
2022-05-31,NSE_AF3197470457,LATENTVIEW,MONTHLY_RETURN_HISTORY_INCOMPLETE,MONTHLY_RETURN_HISTORY_INCOMPLETE,5.0
2022-05-31,NSE_BBAFE94E6772,CHEMPLASTS,MONTHLY_RETURN_HISTORY_INCOMPLETE,MONTHLY_RETURN_HISTORY_INCOMPLETE,8.0
2022-05-31,NSE_C9E4C554809A,SAPPHIRE,MONTHLY_RETURN_HISTORY_INCOMPLETE,MONTHLY_RETURN_HISTORY_INCOMPLETE,5.0
2022-05-31,NSE_CB495D5D7660,MEDPLUS,MONTHLY_RETURN_HISTORY_INCOMPLETE,MONTHLY_RETURN_HISTORY_INCOMPLETE,4.0
2022-05-31,NSE_CD88130B9E52,PAYTM,MONTHLY_RETURN_HISTORY_INCOMPLETE,MONTHLY_RETURN_HISTORY_INCOMPLETE,5.0
2022-05-31,NSE_CF7DBA3753F8,SHYAMMETL,MONTHLY_RETURN_HISTORY_INCOMPLETE,MONTHLY_RETURN_HISTORY_INCOMPLETE,10.0
2022-06-30,NSE_03B0BD5CB55C,HGS,MONTHLY_RETURN_HISTORY_INCOMPLETE,MONTHLY_RETURN_HISTORY_INCOMPLETE,10.0
2022-06-30,NSE_07126DA12DC3,NUVOCO,MONTHLY_RETURN_HISTORY_INCOMPLETE,MONTHLY_RETURN_HISTORY_INCOMPLETE,9.0
2022-06-30,NSE_0E5DBEE7C6DB,GOCOLORS,MONTHLY_RETURN_HISTORY_INCOMPLETE,MONTHLY_RETURN_HISTORY_INCOMPLETE,6.0
2022-06-30,NSE_1BBE3C0F77F8,STARHEALTH,MONTHLY_RETURN_HISTORY_INCOMPLETE,MONTHLY_RETURN_HISTORY_INCOMPLETE,5.0
2022-06-30,NSE_38BB2C517032,POLICYBZR,MONTHLY_RETURN_HISTORY_INCOMPLETE,MONTHLY_RETURN_HISTORY_INCOMPLETE,6.0
2022-06-30,NSE_406ADDA47C2B,GLS,MONTHLY_RETURN_HISTORY_INCOMPLETE,MONTHLY_RETURN_HISTORY_INCOMPLETE,9.0
2022-06-30,NSE_444C594AB9B7,BRITANNIA,BRITANNIA_BONUS_DEBENTURE_PARTIAL_WINDOW,BRITANNIA_BONUS_DEBENTURE_PARTIAL_WINDOW,11.0
2022-06-30,NSE_4ADB73672A72,DEVYANI,MONTHLY_RETURN_HISTORY_INCOMPLETE,MONTHLY_RETURN_HISTORY_INCOMPLETE,9.0
2022-06-30,NSE_69654D8C1E99,CLEAN,MONTHLY_RETURN_HISTORY_INCOMPLETE,MONTHLY_RETURN_HISTORY_INCOMPLETE,10.0
2022-06-30,NSE_6E5D69F7F69D,NYKAA,MONTHLY_RETURN_HISTORY_INCOMPLETE,MONTHLY_RETURN_HISTORY_INCOMPLETE,6.0
2022-06-30,NSE_77B10DEB942C,MAPMYINDIA,MONTHLY_RETURN_HISTORY_INCOMPLETE,MONTHLY_RETURN_HISTORY_INCOMPLETE,5.0
2022-06-30,NSE_896B828BC329,METROBRAND,MONTHLY_RETURN_HISTORY_INCOMPLETE,MONTHLY_RETURN_HISTORY_INCOMPLETE,5.0
2022-06-30,NSE_8A58397586E6,GRINFRA,MONTHLY_RETURN_HISTORY_INCOMPLETE,MONTHLY_RETURN_HISTORY_INCOMPLETE,10.0
2022-06-30,NSE_8EB3CD5CB5AD,VIJAYA,MONTHLY_RETURN_HISTORY_INCOMPLETE,MONTHLY_RETURN_HISTORY_INCOMPLETE,8.0
2022-06-30,NSE_8EB4140F9B6D,ZOMATO,MONTHLY_RETURN_HISTORY_INCOMPLETE,MONTHLY_RETURN_HISTORY_INCOMPLETE,10.0
2022-06-30,NSE_8FD1C183DE7B,APTUS,MONTHLY_RETURN_HISTORY_INCOMPLETE,MONTHLY_RETURN_HISTORY_INCOMPLETE,9.0
2022-06-30,NSE_AD2E7AA5247F,ABSLAMC,MONTHLY_RETURN_HISTORY_INCOMPLETE,MONTHLY_RETURN_HISTORY_INCOMPLETE,7.0
2022-06-30,NSE_AF3197470457,LATENTVIEW,MONTHLY_RETURN_HISTORY_INCOMPLETE,MONTHLY_RETURN_HISTORY_INCOMPLETE,6.0
2022-06-30,NSE_BBAFE94E6772,CHEMPLASTS,MONTHLY_RETURN_HISTORY_INCOMPLETE,MONTHLY_RETURN_HISTORY_INCOMPLETE,9.0
2022-06-30,NSE_C9E4C554809A,SAPPHIRE,MONTHLY_RETURN_HISTORY_INCOMPLETE,MONTHLY_RETURN_HISTORY_INCOMPLETE,6.0
2022-06-30,NSE_CB495D5D7660,MEDPLUS,MONTHLY_RETURN_HISTORY_INCOMPLETE,MONTHLY_RETURN_HISTORY_INCOMPLETE,5.0
2022-06-30,NSE_CD88130B9E52,PAYTM,MONTHLY_RETURN_HISTORY_INCOMPLETE,MONTHLY_RETURN_HISTORY_INCOMPLETE,6.0
2022-07-29,NSE_03B0BD5CB55C,HGS,MONTHLY_RETURN_HISTORY_INCOMPLETE,MONTHLY_RETURN_HISTORY_INCOMPLETE,10.0
2022-07-29,NSE_07126DA12DC3,NUVOCO,MONTHLY_RETURN_HISTORY_INCOMPLETE,MONTHLY_RETURN_HISTORY_INCOMPLETE,10.0
2022-07-29,NSE_0E5DBEE7C6DB,GOCOLORS,MONTHLY_RETURN_HISTORY_INCOMPLETE,MONTHLY_RETURN_HISTORY_INCOMPLETE,7.0
2022-07-29,NSE_1BBE3C0F77F8,STARHEALTH,MONTHLY_RETURN_HISTORY_INCOMPLETE,MONTHLY_RETURN_HISTORY_INCOMPLETE,6.0
2022-07-29,NSE_38BB2C517032,POLICYBZR,MONTHLY_RETURN_HISTORY_INCOMPLETE,MONTHLY_RETURN_HISTORY_INCOMPLETE,7.0
2022-07-29,NSE_406ADDA47C2B,GLS,MONTHLY_RETURN_HISTORY_INCOMPLETE,MONTHLY_RETURN_HISTORY_INCOMPLETE,10.0
2022-07-29,NSE_4ADB73672A72,DEVYANI,MONTHLY_RETURN_HISTORY_INCOMPLETE,MONTHLY_RETURN_HISTORY_INCOMPLETE,10.0
2022-07-29,NSE_6E5D69F7F69D,NYKAA,MONTHLY_RETURN_HISTORY_INCOMPLETE,MONTHLY_RETURN_HISTORY_INCOMPLETE,7.0
2022-07-29,NSE_77B10DEB942C,MAPMYINDIA,MONTHLY_RETURN_HISTORY_INCOMPLETE,MONTHLY_RETURN_HISTORY_INCOMPLETE,6.0
2022-07-29,NSE_896B828BC329,METROBRAND,MONTHLY_RETURN_HISTORY_INCOMPLETE,MONTHLY_RETURN_HISTORY_INCOMPLETE,6.0
2022-07-29,NSE_8EB3CD5CB5AD,VIJAYA,MONTHLY_RETURN_HISTORY_INCOMPLETE,MONTHLY_RETURN_HISTORY_INCOMPLETE,9.0
2022-07-29,NSE_8FD1C183DE7B,APTUS,MONTHLY_RETURN_HISTORY_INCOMPLETE,MONTHLY_RETURN_HISTORY_INCOMPLETE,10.0
2022-07-29,NSE_AD2E7AA5247F,ABSLAMC,MONTHLY_RETURN_HISTORY_INCOMPLETE,MONTHLY_RETURN_HISTORY_INCOMPLETE,8.0
2022-07-29,NSE_AF3197470457,LATENTVIEW,MONTHLY_RETURN_HISTORY_INCOMPLETE,MONTHLY_RETURN_HISTORY_INCOMPLETE,7.0
2022-07-29,NSE_BBAFE94E6772,CHEMPLASTS,MONTHLY_RETURN_HISTORY_INCOMPLETE,MONTHLY_RETURN_HISTORY_INCOMPLETE,10.0
2022-07-29,NSE_C9E4C554809A,SAPPHIRE,MONTHLY_RETURN_HISTORY_INCOMPLETE,MONTHLY_RETURN_HISTORY_INCOMPLETE,7.0
2022-07-29,NSE_CB495D5D7660,MEDPLUS,MONTHLY_RETURN_HISTORY_INCOMPLETE,MONTHLY_RETURN_HISTORY_INCOMPLETE,6.0
2022-07-29,NSE_CD88130B9E52,PAYTM,MONTHLY_RETURN_HISTORY_INCOMPLETE,MONTHLY_RETURN_HISTORY_INCOMPLETE,7.0
2022-08-30,NSE_01C6D9F0E3F6,DELHIVERY,MONTHLY_RETURN_HISTORY_INCOMPLETE,MONTHLY_RETURN_HISTORY_INCOMPLETE,2.0
2022-08-30,NSE_03B0BD5CB55C,HGS,MONTHLY_RETURN_HISTORY_INCOMPLETE,MONTHLY_RETURN_HISTORY_INCOMPLETE,10.0
2022-08-30,NSE_0E5DBEE7C6DB,GOCOLORS,MONTHLY_RETURN_HISTORY_INCOMPLETE,MONTHLY_RETURN_HISTORY_INCOMPLETE,8.0
2022-08-30,NSE_1BBE3C0F77F8,STARHEALTH,MONTHLY_RETURN_HISTORY_INCOMPLETE,MONTHLY_RETURN_HISTORY_INCOMPLETE,7.0
2022-08-30,NSE_38BB2C517032,POLICYBZR,MONTHLY_RETURN_HISTORY_INCOMPLETE,MONTHLY_RETURN_HISTORY_INCOMPLETE,8.0
2022-08-30,NSE_48390A9F12CC,MINDAIND,MONTHLY_RETURN_HISTORY_INCOMPLETE,MONTHLY_RETURN_HISTORY_INCOMPLETE,10.0
2022-08-30,NSE_6E5D69F7F69D,NYKAA,MONTHLY_RETURN_HISTORY_INCOMPLETE,MONTHLY_RETURN_HISTORY_INCOMPLETE,8.0
2022-08-30,NSE_77B10DEB942C,MAPMYINDIA,MONTHLY_RETURN_HISTORY_INCOMPLETE,MONTHLY_RETURN_HISTORY_INCOMPLETE,7.0
2022-08-30,NSE_896B828BC329,METROBRAND,MONTHLY_RETURN_HISTORY_INCOMPLETE,MONTHLY_RETURN_HISTORY_INCOMPLETE,7.0
2022-08-30,NSE_8EB3CD5CB5AD,VIJAYA,MONTHLY_RETURN_HISTORY_INCOMPLETE,MONTHLY_RETURN_HISTORY_INCOMPLETE,10.0
2022-08-30,NSE_9AD9F6D272D7,LICI,MONTHLY_RETURN_HISTORY_INCOMPLETE,MONTHLY_RETURN_HISTORY_INCOMPLETE,2.0
2022-08-30,NSE_AD2E7AA5247F,ABSLAMC,MONTHLY_RETURN_HISTORY_INCOMPLETE,MONTHLY_RETURN_HISTORY_INCOMPLETE,9.0
2022-08-30,NSE_AF3197470457,LATENTVIEW,MONTHLY_RETURN_HISTORY_INCOMPLETE,MONTHLY_RETURN_HISTORY_INCOMPLETE,8.0
2022-08-30,NSE_C9E4C554809A,SAPPHIRE,MONTHLY_RETURN_HISTORY_INCOMPLETE,MONTHLY_RETURN_HISTORY_INCOMPLETE,8.0
2022-08-30,NSE_CB495D5D7660,MEDPLUS,MONTHLY_RETURN_HISTORY_INCOMPLETE,MONTHLY_RETURN_HISTORY_INCOMPLETE,7.0
2022-08-30,NSE_CD88130B9E52,PAYTM,MONTHLY_RETURN_HISTORY_INCOMPLETE,MONTHLY_RETURN_HISTORY_INCOMPLETE,8.0
2022-08-30,NSE_D4C1A1AFCB62,CAMPUS,MONTHLY_RETURN_HISTORY_INCOMPLETE,MONTHLY_RETURN_HISTORY_INCOMPLETE,2.0
2022-09-30,NSE_01C6D9F0E3F6,DELHIVERY,MONTHLY_RETURN_HISTORY_INCOMPLETE,MONTHLY_RETURN_HISTORY_INCOMPLETE,3.0
2022-09-30,NSE_03B0BD5CB55C,HGS,MONTHLY_RETURN_HISTORY_INCOMPLETE,MONTHLY_RETURN_HISTORY_INCOMPLETE,10.0
2022-09-30,NSE_0E5DBEE7C6DB,GOCOLORS,MONTHLY_RETURN_HISTORY_INCOMPLETE,MONTHLY_RETURN_HISTORY_INCOMPLETE,9.0
2022-09-30,NSE_108254EF6AA4,MOTHERSON,MONTHLY_RETURN_HISTORY_INCOMPLETE,MONTHLY_RETURN_HISTORY_INCOMPLETE,10.0
2022-09-30,NSE_1BBE3C0F77F8,STARHEALTH,MONTHLY_RETURN_HISTORY_INCOMPLETE,MONTHLY_RETURN_HISTORY_INCOMPLETE,8.0
2022-09-30,NSE_23357FE2177E,MANYAVAR,MONTHLY_RETURN_HISTORY_INCOMPLETE,MONTHLY_RETURN_HISTORY_INCOMPLETE,6.0
2022-09-30,NSE_238128DD84D9,MSUMI,MONTHLY_RETURN_HISTORY_INCOMPLETE,MONTHLY_RETURN_HISTORY_INCOMPLETE,4.0
2022-09-30,NSE_38BB2C517032,POLICYBZR,MONTHLY_RETURN_HISTORY_INCOMPLETE,MONTHLY_RETURN_HISTORY_INCOMPLETE,9.0
2022-09-30,NSE_48390A9F12CC,MINDAIND,MONTHLY_RETURN_HISTORY_INCOMPLETE,MONTHLY_RETURN_HISTORY_INCOMPLETE,10.0
2022-09-30,NSE_6E5D69F7F69D,NYKAA,MONTHLY_RETURN_HISTORY_INCOMPLETE,MONTHLY_RETURN_HISTORY_INCOMPLETE,9.0
2022-09-30,NSE_77B10DEB942C,MAPMYINDIA,MONTHLY_RETURN_HISTORY_INCOMPLETE,MONTHLY_RETURN_HISTORY_INCOMPLETE,8.0
2022-09-30,NSE_896B828BC329,METROBRAND,MONTHLY_RETURN_HISTORY_INCOMPLETE,MONTHLY_RETURN_HISTORY_INCOMPLETE,8.0
2022-09-30,NSE_9AD9F6D272D7,LICI,MONTHLY_RETURN_HISTORY_INCOMPLETE,MONTHLY_RETURN_HISTORY_INCOMPLETE,3.0
2022-09-30,NSE_A719D8A80060,AETHER,MONTHLY_RETURN_HISTORY_INCOMPLETE,MONTHLY_RETURN_HISTORY_INCOMPLETE,2.0
2022-09-30,NSE_AD2E7AA5247F,ABSLAMC,MONTHLY_RETURN_HISTORY_INCOMPLETE,MONTHLY_RETURN_HISTORY_INCOMPLETE,10.0
2022-09-30,NSE_AF3197470457,LATENTVIEW,MONTHLY_RETURN_HISTORY_INCOMPLETE,MONTHLY_RETURN_HISTORY_INCOMPLETE,9.0
2022-09-30,NSE_C9E4C554809A,SAPPHIRE,MONTHLY_RETURN_HISTORY_INCOMPLETE,MONTHLY_RETURN_HISTORY_INCOMPLETE,9.0
2022-09-30,NSE_CB495D5D7660,MEDPLUS,MONTHLY_RETURN_HISTORY_INCOMPLETE,MONTHLY_RETURN_HISTORY_INCOMPLETE,8.0
2022-09-30,NSE_CD88130B9E52,PAYTM,MONTHLY_RETURN_HISTORY_INCOMPLETE,MONTHLY_RETURN_HISTORY_INCOMPLETE,9.0
2022-09-30,NSE_D4C1A1AFCB62,CAMPUS,MONTHLY_RETURN_HISTORY_INCOMPLETE,MONTHLY_RETURN_HISTORY_INCOMPLETE,3.0
2022-09-30,NSE_F639A82E6848,AWL,MONTHLY_RETURN_HISTORY_INCOMPLETE,MONTHLY_RETURN_HISTORY_INCOMPLETE,6.0
2022-10-31,NSE_01C6D9F0E3F6,DELHIVERY,MONTHLY_RETURN_HISTORY_INCOMPLETE,MONTHLY_RETURN_HISTORY_INCOMPLETE,4.0
2022-10-31,NSE_03B0BD5CB55C,HGS,MONTHLY_RETURN_HISTORY_INCOMPLETE,MONTHLY_RETURN_HISTORY_INCOMPLETE,10.0
2022-10-31,NSE_0E5DBEE7C6DB,GOCOLORS,MONTHLY_RETURN_HISTORY_INCOMPLETE,MONTHLY_RETURN_HISTORY_INCOMPLETE,10.0
2022-10-31,NSE_108254EF6AA4,MOTHERSON,MONTHLY_RETURN_HISTORY_INCOMPLETE,MONTHLY_RETURN_HISTORY_INCOMPLETE,10.0
2022-10-31,NSE_1BBE3C0F77F8,STARHEALTH,MONTHLY_RETURN_HISTORY_INCOMPLETE,MONTHLY_RETURN_HISTORY_INCOMPLETE,9.0
2022-10-31,NSE_23357FE2177E,MANYAVAR,MONTHLY_RETURN_HISTORY_INCOMPLETE,MONTHLY_RETURN_HISTORY_INCOMPLETE,7.0
2022-10-31,NSE_238128DD84D9,MSUMI,MONTHLY_RETURN_HISTORY_INCOMPLETE,MONTHLY_RETURN_HISTORY_INCOMPLETE,5.0
2022-10-31,NSE_38BB2C517032,POLICYBZR,MONTHLY_RETURN_HISTORY_INCOMPLETE,MONTHLY_RETURN_HISTORY_INCOMPLETE,10.0
2022-10-31,NSE_48390A9F12CC,MINDAIND,MONTHLY_RETURN_HISTORY_INCOMPLETE,MONTHLY_RETURN_HISTORY_INCOMPLETE,10.0
2022-10-31,NSE_6E5D69F7F69D,NYKAA,MONTHLY_RETURN_HISTORY_INCOMPLETE,MONTHLY_RETURN_HISTORY_INCOMPLETE,10.0
2022-10-31,NSE_77B10DEB942C,MAPMYINDIA,MONTHLY_RETURN_HISTORY_INCOMPLETE,MONTHLY_RETURN_HISTORY_INCOMPLETE,9.0
2022-10-31,NSE_896B828BC329,METROBRAND,MONTHLY_RETURN_HISTORY_INCOMPLETE,MONTHLY_RETURN_HISTORY_INCOMPLETE,9.0
2022-10-31,NSE_9AD9F6D272D7,LICI,MONTHLY_RETURN_HISTORY_INCOMPLETE,MONTHLY_RETURN_HISTORY_INCOMPLETE,4.0
2022-10-31,NSE_A719D8A80060,AETHER,MONTHLY_RETURN_HISTORY_INCOMPLETE,MONTHLY_RETURN_HISTORY_INCOMPLETE,3.0
2022-10-31,NSE_AF3197470457,LATENTVIEW,MONTHLY_RETURN_HISTORY_INCOMPLETE,MONTHLY_RETURN_HISTORY_INCOMPLETE,10.0
2022-10-31,NSE_C9E4C554809A,SAPPHIRE,MONTHLY_RETURN_HISTORY_INCOMPLETE,MONTHLY_RETURN_HISTORY_INCOMPLETE,10.0
2022-10-31,NSE_CB495D5D7660,MEDPLUS,MONTHLY_RETURN_HISTORY_INCOMPLETE,MONTHLY_RETURN_HISTORY_INCOMPLETE,9.0
2022-10-31,NSE_CD88130B9E52,PAYTM,MONTHLY_RETURN_HISTORY_INCOMPLETE,MONTHLY_RETURN_HISTORY_INCOMPLETE,10.0
2022-10-31,NSE_D4C1A1AFCB62,CAMPUS,MONTHLY_RETURN_HISTORY_INCOMPLETE,MONTHLY_RETURN_HISTORY_INCOMPLETE,4.0
2022-10-31,NSE_F639A82E6848,AWL,MONTHLY_RETURN_HISTORY_INCOMPLETE,MONTHLY_RETURN_HISTORY_INCOMPLETE,7.0
2022-10-31,NSE_FD4A93ADA75B,BAJAJFINSV,MONTHLY_RETURN_HISTORY_INCOMPLETE,MONTHLY_RETURN_HISTORY_INCOMPLETE,10.0
2022-11-30,NSE_01C6D9F0E3F6,DELHIVERY,MONTHLY_RETURN_HISTORY_INCOMPLETE,MONTHLY_RETURN_HISTORY_INCOMPLETE,5.0
2022-11-30,NSE_03B0BD5CB55C,HGS,MONTHLY_RETURN_HISTORY_INCOMPLETE,MONTHLY_RETURN_HISTORY_INCOMPLETE,10.0
2022-11-30,NSE_108254EF6AA4,MOTHERSON,MONTHLY_RETURN_HISTORY_INCOMPLETE,MONTHLY_RETURN_HISTORY_INCOMPLETE,10.0
2022-11-30,NSE_1BBE3C0F77F8,STARHEALTH,MONTHLY_RETURN_HISTORY_INCOMPLETE,MONTHLY_RETURN_HISTORY_INCOMPLETE,10.0
2022-11-30,NSE_23357FE2177E,MANYAVAR,MONTHLY_RETURN_HISTORY_INCOMPLETE,MONTHLY_RETURN_HISTORY_INCOMPLETE,8.0
2022-11-30,NSE_238128DD84D9,MSUMI,MONTHLY_RETURN_HISTORY_INCOMPLETE,MONTHLY_RETURN_HISTORY_INCOMPLETE,6.0
2022-11-30,NSE_48390A9F12CC,MINDAIND,MONTHLY_RETURN_HISTORY_INCOMPLETE,MONTHLY_RETURN_HISTORY_INCOMPLETE,10.0
2022-11-30,NSE_77B10DEB942C,MAPMYINDIA,MONTHLY_RETURN_HISTORY_INCOMPLETE,MONTHLY_RETURN_HISTORY_INCOMPLETE,10.0
2022-11-30,NSE_896B828BC329,METROBRAND,MONTHLY_RETURN_HISTORY_INCOMPLETE,MONTHLY_RETURN_HISTORY_INCOMPLETE,10.0
2022-11-30,NSE_9AD9F6D272D7,LICI,MONTHLY_RETURN_HISTORY_INCOMPLETE,MONTHLY_RETURN_HISTORY_INCOMPLETE,5.0
2022-11-30,NSE_A719D8A80060,AETHER,MONTHLY_RETURN_HISTORY_INCOMPLETE,MONTHLY_RETURN_HISTORY_INCOMPLETE,4.0
2022-11-30,NSE_CB495D5D7660,MEDPLUS,MONTHLY_RETURN_HISTORY_INCOMPLETE,MONTHLY_RETURN_HISTORY_INCOMPLETE,10.0
2022-11-30,NSE_D4C1A1AFCB62,CAMPUS,MONTHLY_RETURN_HISTORY_INCOMPLETE,MONTHLY_RETURN_HISTORY_INCOMPLETE,5.0
2022-11-30,NSE_F639A82E6848,AWL,MONTHLY_RETURN_HISTORY_INCOMPLETE,MONTHLY_RETURN_HISTORY_INCOMPLETE,8.0
2022-11-30,NSE_FD4A93ADA75B,BAJAJFINSV,MONTHLY_RETURN_HISTORY_INCOMPLETE,MONTHLY_RETURN_HISTORY_INCOMPLETE,10.0
2022-12-30,NSE_01C6D9F0E3F6,DELHIVERY,MONTHLY_RETURN_HISTORY_INCOMPLETE,MONTHLY_RETURN_HISTORY_INCOMPLETE,6.0
2022-12-30,NSE_03B0BD5CB55C,HGS,MONTHLY_RETURN_HISTORY_INCOMPLETE,MONTHLY_RETURN_HISTORY_INCOMPLETE,10.0
2022-12-30,NSE_108254EF6AA4,MOTHERSON,MONTHLY_RETURN_HISTORY_INCOMPLETE,MONTHLY_RETURN_HISTORY_INCOMPLETE,10.0
2022-12-30,NSE_23357FE2177E,MANYAVAR,MONTHLY_RETURN_HISTORY_INCOMPLETE,MONTHLY_RETURN_HISTORY_INCOMPLETE,9.0
2022-12-30,NSE_238128DD84D9,MSUMI,MONTHLY_RETURN_HISTORY_INCOMPLETE,MONTHLY_RETURN_HISTORY_INCOMPLETE,7.0
2022-12-30,NSE_48390A9F12CC,MINDAIND,MONTHLY_RETURN_HISTORY_INCOMPLETE,MONTHLY_RETURN_HISTORY_INCOMPLETE,10.0
2022-12-30,NSE_4F096D93F0F3,EASEMYTRIP,MONTHLY_RETURN_HISTORY_INCOMPLETE,MONTHLY_RETURN_HISTORY_INCOMPLETE,10.0
2022-12-30,NSE_873E06A5291B,BEML,MONTHLY_RETURN_HISTORY_INCOMPLETE,MONTHLY_RETURN_HISTORY_INCOMPLETE,10.0
2022-12-30,NSE_87A3B8CF43DE,RAINBOW,MONTHLY_RETURN_HISTORY_INCOMPLETE,MONTHLY_RETURN_HISTORY_INCOMPLETE,6.0
2022-12-30,NSE_9AD9F6D272D7,LICI,MONTHLY_RETURN_HISTORY_INCOMPLETE,MONTHLY_RETURN_HISTORY_INCOMPLETE,6.0
2022-12-30,NSE_A719D8A80060,AETHER,MONTHLY_RETURN_HISTORY_INCOMPLETE,MONTHLY_RETURN_HISTORY_INCOMPLETE,5.0
2022-12-30,NSE_D4C1A1AFCB62,CAMPUS,MONTHLY_RETURN_HISTORY_INCOMPLETE,MONTHLY_RETURN_HISTORY_INCOMPLETE,6.0
2022-12-30,NSE_F639A82E6848,AWL,MONTHLY_RETURN_HISTORY_INCOMPLETE,MONTHLY_RETURN_HISTORY_INCOMPLETE,9.0
2022-12-30,NSE_FD4A93ADA75B,BAJAJFINSV,MONTHLY_RETURN_HISTORY_INCOMPLETE,MONTHLY_RETURN_HISTORY_INCOMPLETE,10.0
2023-01-31,NSE_01C6D9F0E3F6,DELHIVERY,MONTHLY_RETURN_HISTORY_INCOMPLETE,MONTHLY_RETURN_HISTORY_INCOMPLETE,7.0
2023-01-31,NSE_03B0BD5CB55C,HGS,MONTHLY_RETURN_HISTORY_INCOMPLETE,MONTHLY_RETURN_HISTORY_INCOMPLETE,10.0
2023-01-31,NSE_23357FE2177E,MANYAVAR,MONTHLY_RETURN_HISTORY_INCOMPLETE,MONTHLY_RETURN_HISTORY_INCOMPLETE,10.0
2023-01-31,NSE_238128DD84D9,MSUMI,MONTHLY_RETURN_HISTORY_INCOMPLETE,MONTHLY_RETURN_HISTORY_INCOMPLETE,8.0
2023-01-31,NSE_48390A9F12CC,MINDAIND,MONTHLY_RETURN_HISTORY_INCOMPLETE,MONTHLY_RETURN_HISTORY_INCOMPLETE,10.0
2023-01-31,NSE_4F096D93F0F3,EASEMYTRIP,MONTHLY_RETURN_HISTORY_INCOMPLETE,MONTHLY_RETURN_HISTORY_INCOMPLETE,10.0
2023-01-31,NSE_873E06A5291B,BEML,MONTHLY_RETURN_HISTORY_INCOMPLETE,MONTHLY_RETURN_HISTORY_INCOMPLETE,10.0
2023-01-31,NSE_87A3B8CF43DE,RAINBOW,MONTHLY_RETURN_HISTORY_INCOMPLETE,MONTHLY_RETURN_HISTORY_INCOMPLETE,7.0
2023-01-31,NSE_9AD9F6D272D7,LICI,MONTHLY_RETURN_HISTORY_INCOMPLETE,MONTHLY_RETURN_HISTORY_INCOMPLETE,7.0
2023-01-31,NSE_A719D8A80060,AETHER,MONTHLY_RETURN_HISTORY_INCOMPLETE,MONTHLY_RETURN_HISTORY_INCOMPLETE,6.0
2023-01-31,NSE_D4C1A1AFCB62,CAMPUS,MONTHLY_RETURN_HISTORY_INCOMPLETE,MONTHLY_RETURN_HISTORY_INCOMPLETE,7.0
2023-01-31,NSE_F639A82E6848,AWL,MONTHLY_RETURN_HISTORY_INCOMPLETE,MONTHLY_RETURN_HISTORY_INCOMPLETE,10.0
2023-01-31,NSE_FD4A93ADA75B,BAJAJFINSV,MONTHLY_RETURN_HISTORY_INCOMPLETE,MONTHLY_RETURN_HISTORY_INCOMPLETE,10.0
2023-02-28,NSE_01C6D9F0E3F6,DELHIVERY,MONTHLY_RETURN_HISTORY_INCOMPLETE,MONTHLY_RETURN_HISTORY_INCOMPLETE,8.0
2023-02-28,NSE_238128DD84D9,MSUMI,MONTHLY_RETURN_HISTORY_INCOMPLETE,MONTHLY_RETURN_HISTORY_INCOMPLETE,9.0
2023-02-28,NSE_48390A9F12CC,MINDAIND,MONTHLY_RETURN_HISTORY_INCOMPLETE,MONTHLY_RETURN_HISTORY_INCOMPLETE,10.0
2023-02-28,NSE_4F096D93F0F3,EASEMYTRIP,MONTHLY_RETURN_HISTORY_INCOMPLETE,MONTHLY_RETURN_HISTORY_INCOMPLETE,10.0
2023-02-28,NSE_819804B1DB7D,PPLPHARMA,MONTHLY_RETURN_HISTORY_INCOMPLETE,MONTHLY_RETURN_HISTORY_INCOMPLETE,3.0
2023-02-28,NSE_873E06A5291B,BEML,MONTHLY_RETURN_HISTORY_INCOMPLETE,MONTHLY_RETURN_HISTORY_INCOMPLETE,10.0
2023-02-28,NSE_87A3B8CF43DE,RAINBOW,MONTHLY_RETURN_HISTORY_INCOMPLETE,MONTHLY_RETURN_HISTORY_INCOMPLETE,8.0
2023-02-28,NSE_9AD9F6D272D7,LICI,MONTHLY_RETURN_HISTORY_INCOMPLETE,MONTHLY_RETURN_HISTORY_INCOMPLETE,8.0
2023-02-28,NSE_A719D8A80060,AETHER,MONTHLY_RETURN_HISTORY_INCOMPLETE,MONTHLY_RETURN_HISTORY_INCOMPLETE,7.0
2023-02-28,NSE_D4C1A1AFCB62,CAMPUS,MONTHLY_RETURN_HISTORY_INCOMPLETE,MONTHLY_RETURN_HISTORY_INCOMPLETE,8.0
2023-02-28,NSE_FD4A93ADA75B,BAJAJFINSV,MONTHLY_RETURN_HISTORY_INCOMPLETE,MONTHLY_RETURN_HISTORY_INCOMPLETE,10.0
