event_id,security_id,event_date,affected_monthly_feature,formation_date,membership_at_formation,final_signal_availability_changed,otherwise_eligible_except_event,would_otherwise_be_winner,required_event_month_return_to_win,event_reason
CA_d4d74757b017afa68416,NSE_8212B1829EDC,2013-01-15,2013-01,,False,False,False,NO_APPLICABLE_FORMATION,,TREATMENT_NOT_ACCEPTED
CA_556d087774c4d45e1d2b,NSE_509E811DE5D8,2013-01-23,2013-01,,False,False,False,NO_APPLICABLE_FORMATION,,TREATMENT_NOT_ACCEPTED
CA_2aeea12f45950f5d73f2,NSE_F9F670EF6794,2013-02-15,2013-02,,False,False,False,NO_APPLICABLE_FORMATION,,TREATMENT_NOT_ACCEPTED
CA_f4fc609caff6cf3e9608,NSE_57BCD151AF77,2013-02-15,2013-02,,False,False,False,NO_APPLICABLE_FORMATION,,ORDINARY_ACTION_PARSE_UNVERIFIED
CA_bf7b5803b168dc67168d,NSE_7110B3E95EA1,2013-03-21,2013-03,,False,False,False,NO_APPLICABLE_FORMATION,,ORDINARY_ACTION_PARSE_UNVERIFIED
CA_58f43283502dc6785fef,NSE_060294DF8B9D,2013-04-09,2013-04,,False,False,False,NO_APPLICABLE_FORMATION,,TREATMENT_NOT_ACCEPTED
CA_edc08b450e023942bc68,NSE_EF0E9934D1DE,2013-04-17,2013-04,,False,False,False,NO_APPLICABLE_FORMATION,,TREATMENT_NOT_ACCEPTED
CA_4a5f83169b2846a3e4b6,NSE_4723627B4BA6,2013-05-15,2013-05,,False,False,False,NO_APPLICABLE_FORMATION,,TREATMENT_NOT_ACCEPTED
CA_ea39612437ecb463784b,NSE_EF0E9934D1DE,2013-06-21,2013-06,,False,False,False,NO_APPLICABLE_FORMATION,,TREATMENT_NOT_ACCEPTED
CA_5056c436816c80ce2704,NSE_AF3172BFD228,2013-06-26,2013-06,,False,False,False,NO_APPLICABLE_FORMATION,,ORDINARY_ACTION_PARSE_UNVERIFIED
CA_88133d36dbe6dc8d9404,NSE_7271BD099C26,2013-07-03,2013-07,,False,False,False,NO_APPLICABLE_FORMATION,,ORDINARY_ACTION_PARSE_UNVERIFIED
CA_06497a156b3a612c46f4,NSE_66EF9E74F5E3,2013-07-16,2013-07,,False,False,False,NO_APPLICABLE_FORMATION,,ORDINARY_ACTION_PARSE_UNVERIFIED
CA_a459dbd932929024acda,NSE_3E5680388E4E,2013-07-17,2013-07,,False,False,False,NO_APPLICABLE_FORMATION,,TREATMENT_NOT_ACCEPTED
CA_62527c5d757a946b5cd4,NSE_0C54BB903E03,2013-07-18,2013-07,,False,False,False,NO_APPLICABLE_FORMATION,,TREATMENT_NOT_ACCEPTED
CA_4fcd56556358610beca6,NSE_502982CDBAAD,2013-07-26,2013-07,,False,False,False,NO_APPLICABLE_FORMATION,,TREATMENT_NOT_ACCEPTED
CA_92f7e3db048f0f14e3b4,NSE_18632E719904,2013-07-30,2013-07,,False,False,False,NO_APPLICABLE_FORMATION,,ORDINARY_ACTION_PARSE_UNVERIFIED
CA_71d41301316dc5419d84,NSE_4CD9919938EF,2013-08-19,2013-08,,False,False,False,NO_APPLICABLE_FORMATION,,ORDINARY_ACTION_PARSE_UNVERIFIED
CA_b0f04524e8253a77dc4d,NSE_E5CCB4E0101D,2013-08-19,2013-08,,False,False,False,NO_APPLICABLE_FORMATION,,TREATMENT_NOT_ACCEPTED
CA_861a50d01604fad49369,NSE_1846247E74B4,2013-08-29,2013-08,,False,False,False,NO_APPLICABLE_FORMATION,,MARKET_OR_PREVIOUS_SESSION_UNAVAILABLE
CA_5618f440ea0037b0bd5a,NSE_8407496D15F8,2013-09-05,2013-09,2014-08-28,False,False,False,NOT_OFFICIAL_MEMBER,,MARKET_OR_PREVIOUS_SESSION_UNAVAILABLE
CA_8eb472a330ec170f7b1d,NSE_E7891F352261,2013-09-19,2013-09,2014-08-28,False,False,False,NOT_OFFICIAL_MEMBER,,MARKET_OR_PREVIOUS_SESSION_UNAVAILABLE
CA_e5598f8d745f586b4573,NSE_9B4AC7DEFB0B,2013-09-19,2013-09,2014-08-28,False,False,False,NOT_OFFICIAL_MEMBER,,MARKET_OR_PREVIOUS_SESSION_UNAVAILABLE
CA_c0367514c7cc21c72f42,NSE_3FA872F937F6,2013-11-01,2013-11,2014-08-28,True,True,True,UNKNOWN_MISSING_ECONOMIC_RETURN,1.5727736001409522,TREATMENT_NOT_ACCEPTED
CA_c0367514c7cc21c72f42,NSE_3FA872F937F6,2013-11-01,2013-11,2014-09-30,True,True,True,UNKNOWN_MISSING_ECONOMIC_RETURN,1.5269191591915647,TREATMENT_NOT_ACCEPTED
CA_c0367514c7cc21c72f42,NSE_3FA872F937F6,2013-11-01,2013-11,2014-10-31,True,True,True,UNKNOWN_MISSING_ECONOMIC_RETURN,0.9109695624289484,TREATMENT_NOT_ACCEPTED
CA_da358b5ba768a8db9eb1,NSE_8EE3E878FAE5,2013-11-15,2013-11,2014-08-28,True,False,False,NO_INDEPENDENT_ELIGIBILITY,,MARKET_OR_PREVIOUS_SESSION_UNAVAILABLE
CA_da358b5ba768a8db9eb1,NSE_8EE3E878FAE5,2013-11-15,2013-11,2014-09-30,True,False,False,NO_INDEPENDENT_ELIGIBILITY,,MARKET_OR_PREVIOUS_SESSION_UNAVAILABLE
CA_da358b5ba768a8db9eb1,NSE_8EE3E878FAE5,2013-11-15,2013-11,2014-10-31,True,False,False,NO_INDEPENDENT_ELIGIBILITY,,MARKET_OR_PREVIOUS_SESSION_UNAVAILABLE
CA_943bf15d9518ab3239fe,NSE_AE2862139B09,2014-02-13,2014-02,2014-08-28,False,False,False,NOT_OFFICIAL_MEMBER,,TREATMENT_NOT_ACCEPTED
CA_943bf15d9518ab3239fe,NSE_AE2862139B09,2014-02-13,2014-02,2014-09-30,True,True,True,UNKNOWN_MISSING_ECONOMIC_RETURN,0.6244256671519894,TREATMENT_NOT_ACCEPTED
CA_943bf15d9518ab3239fe,NSE_AE2862139B09,2014-02-13,2014-02,2014-10-31,True,True,True,UNKNOWN_MISSING_ECONOMIC_RETURN,0.4757463338504202,TREATMENT_NOT_ACCEPTED
CA_943bf15d9518ab3239fe,NSE_AE2862139B09,2014-02-13,2014-02,2014-11-28,True,True,True,UNKNOWN_MISSING_ECONOMIC_RETURN,0.5242799180578204,TREATMENT_NOT_ACCEPTED
CA_943bf15d9518ab3239fe,NSE_AE2862139B09,2014-02-13,2014-02,2014-12-31,True,True,True,UNKNOWN_MISSING_ECONOMIC_RETURN,0.5195279904532153,TREATMENT_NOT_ACCEPTED
CA_943bf15d9518ab3239fe,NSE_AE2862139B09,2014-02-13,2014-02,2015-01-30,True,True,True,UNKNOWN_MISSING_ECONOMIC_RETURN,0.6908371130484281,TREATMENT_NOT_ACCEPTED
CA_f8990b3551e9950dca04,NSE_DD6A0E2BA440,2014-02-18,2014-02,2014-08-28,False,False,False,NOT_OFFICIAL_MEMBER,,TREATMENT_NOT_ACCEPTED
CA_f8990b3551e9950dca04,NSE_DD6A0E2BA440,2014-02-18,2014-02,2014-09-30,True,True,True,UNKNOWN_MISSING_ECONOMIC_RETURN,0.49504028694921387,TREATMENT_NOT_ACCEPTED
CA_f8990b3551e9950dca04,NSE_DD6A0E2BA440,2014-02-18,2014-02,2014-10-31,True,True,True,UNKNOWN_MISSING_ECONOMIC_RETURN,0.6730152761131427,TREATMENT_NOT_ACCEPTED
CA_f8990b3551e9950dca04,NSE_DD6A0E2BA440,2014-02-18,2014-02,2014-11-28,True,True,True,UNKNOWN_MISSING_ECONOMIC_RETURN,0.5055445013216429,TREATMENT_NOT_ACCEPTED
CA_f8990b3551e9950dca04,NSE_DD6A0E2BA440,2014-02-18,2014-02,2014-12-31,True,True,True,UNKNOWN_MISSING_ECONOMIC_RETURN,1.5330099586719967,TREATMENT_NOT_ACCEPTED
CA_f8990b3551e9950dca04,NSE_DD6A0E2BA440,2014-02-18,2014-02,2015-01-30,True,True,True,UNKNOWN_MISSING_ECONOMIC_RETURN,1.5774358727963262,TREATMENT_NOT_ACCEPTED
CA_2a13e69ce26f43736219,NSE_0144F0CB1BA0,2014-03-03,2014-03,2014-08-28,True,True,True,UNKNOWN_MISSING_ECONOMIC_RETURN,1.45629446276872,TREATMENT_NOT_ACCEPTED
CA_2a13e69ce26f43736219,NSE_0144F0CB1BA0,2014-03-03,2014-03,2014-09-30,True,True,True,UNKNOWN_MISSING_ECONOMIC_RETURN,1.6033563658990015,TREATMENT_NOT_ACCEPTED
CA_2a13e69ce26f43736219,NSE_0144F0CB1BA0,2014-03-03,2014-03,2014-10-31,True,True,True,UNKNOWN_MISSING_ECONOMIC_RETURN,1.3593721518983553,TREATMENT_NOT_ACCEPTED
CA_2a13e69ce26f43736219,NSE_0144F0CB1BA0,2014-03-03,2014-03,2014-11-28,True,True,True,UNKNOWN_MISSING_ECONOMIC_RETURN,1.0556196079916633,TREATMENT_NOT_ACCEPTED
CA_2a13e69ce26f43736219,NSE_0144F0CB1BA0,2014-03-03,2014-03,2014-12-31,True,True,True,UNKNOWN_MISSING_ECONOMIC_RETURN,0.9731399131761314,TREATMENT_NOT_ACCEPTED
CA_2a13e69ce26f43736219,NSE_0144F0CB1BA0,2014-03-03,2014-03,2015-01-30,True,True,True,UNKNOWN_MISSING_ECONOMIC_RETURN,0.962714990290338,TREATMENT_NOT_ACCEPTED
CA_2a13e69ce26f43736219,NSE_0144F0CB1BA0,2014-03-03,2014-03,2015-02-28,True,True,True,UNKNOWN_MISSING_ECONOMIC_RETURN,1.0359059446343841,TREATMENT_NOT_ACCEPTED
CA_8274f48d00b93a70bd00,NSE_938AB0376CFC,2014-03-13,2014-03,2014-08-28,True,True,True,UNKNOWN_MISSING_ECONOMIC_RETURN,0.6283768623792856,TREATMENT_NOT_ACCEPTED
CA_8274f48d00b93a70bd00,NSE_938AB0376CFC,2014-03-13,2014-03,2014-09-30,True,True,True,UNKNOWN_MISSING_ECONOMIC_RETURN,0.6406955699145189,TREATMENT_NOT_ACCEPTED
CA_8274f48d00b93a70bd00,NSE_938AB0376CFC,2014-03-13,2014-03,2014-10-31,True,True,True,UNKNOWN_MISSING_ECONOMIC_RETURN,0.7812475899445459,TREATMENT_NOT_ACCEPTED
CA_8274f48d00b93a70bd00,NSE_938AB0376CFC,2014-03-13,2014-03,2014-11-28,True,True,True,UNKNOWN_MISSING_ECONOMIC_RETURN,0.8530745793588732,TREATMENT_NOT_ACCEPTED
CA_8274f48d00b93a70bd00,NSE_938AB0376CFC,2014-03-13,2014-03,2014-12-31,True,True,True,UNKNOWN_MISSING_ECONOMIC_RETURN,1.1691205511141303,TREATMENT_NOT_ACCEPTED
CA_8274f48d00b93a70bd00,NSE_938AB0376CFC,2014-03-13,2014-03,2015-01-30,True,True,True,UNKNOWN_MISSING_ECONOMIC_RETURN,0.838268000057645,TREATMENT_NOT_ACCEPTED
CA_8274f48d00b93a70bd00,NSE_938AB0376CFC,2014-03-13,2014-03,2015-02-28,True,True,True,UNKNOWN_MISSING_ECONOMIC_RETURN,0.5210388414606357,TREATMENT_NOT_ACCEPTED
CA_58169035bd7640bbf863,NSE_53A37C11E6D9,2014-03-19,2014-03,2014-08-28,True,True,True,UNKNOWN_MISSING_ECONOMIC_RETURN,1.5480237432886685,TREATMENT_NOT_ACCEPTED
CA_58169035bd7640bbf863,NSE_53A37C11E6D9,2014-03-19,2014-03,2014-09-30,True,True,True,UNKNOWN_MISSING_ECONOMIC_RETURN,2.1108783791037378,TREATMENT_NOT_ACCEPTED
CA_58169035bd7640bbf863,NSE_53A37C11E6D9,2014-03-19,2014-03,2014-10-31,True,True,True,UNKNOWN_MISSING_ECONOMIC_RETURN,1.933785560488034,TREATMENT_NOT_ACCEPTED
CA_58169035bd7640bbf863,NSE_53A37C11E6D9,2014-03-19,2014-03,2014-11-28,True,True,True,UNKNOWN_MISSING_ECONOMIC_RETURN,1.4620946303696556,TREATMENT_NOT_ACCEPTED
CA_58169035bd7640bbf863,NSE_53A37C11E6D9,2014-03-19,2014-03,2014-12-31,True,True,True,UNKNOWN_MISSING_ECONOMIC_RETURN,1.849233285963606,TREATMENT_NOT_ACCEPTED
CA_58169035bd7640bbf863,NSE_53A37C11E6D9,2014-03-19,2014-03,2015-01-30,True,True,True,UNKNOWN_MISSING_ECONOMIC_RETURN,1.6878326386398883,TREATMENT_NOT_ACCEPTED
CA_58169035bd7640bbf863,NSE_53A37C11E6D9,2014-03-19,2014-03,2015-02-28,True,True,True,UNKNOWN_MISSING_ECONOMIC_RETURN,1.646129711576633,TREATMENT_NOT_ACCEPTED
CA_87b9ca6e3249d808b38e,NSE_D701BCB8CF79,2014-04-22,2014-04,2014-08-28,False,False,False,NOT_OFFICIAL_MEMBER,,TREATMENT_NOT_ACCEPTED
CA_87b9ca6e3249d808b38e,NSE_D701BCB8CF79,2014-04-22,2014-04,2014-09-30,False,False,False,NOT_OFFICIAL_MEMBER,,TREATMENT_NOT_ACCEPTED
CA_87b9ca6e3249d808b38e,NSE_D701BCB8CF79,2014-04-22,2014-04,2014-10-31,False,False,False,NOT_OFFICIAL_MEMBER,,TREATMENT_NOT_ACCEPTED
CA_87b9ca6e3249d808b38e,NSE_D701BCB8CF79,2014-04-22,2014-04,2014-11-28,False,False,False,NOT_OFFICIAL_MEMBER,,TREATMENT_NOT_ACCEPTED
CA_87b9ca6e3249d808b38e,NSE_D701BCB8CF79,2014-04-22,2014-04,2014-12-31,False,False,False,NOT_OFFICIAL_MEMBER,,TREATMENT_NOT_ACCEPTED
CA_87b9ca6e3249d808b38e,NSE_D701BCB8CF79,2014-04-22,2014-04,2015-01-30,False,False,False,NOT_OFFICIAL_MEMBER,,TREATMENT_NOT_ACCEPTED
CA_87b9ca6e3249d808b38e,NSE_D701BCB8CF79,2014-04-22,2014-04,2015-02-28,False,False,False,NOT_OFFICIAL_MEMBER,,TREATMENT_NOT_ACCEPTED
CA_87b9ca6e3249d808b38e,NSE_D701BCB8CF79,2014-04-22,2014-04,2015-03-31,False,False,False,NOT_OFFICIAL_MEMBER,,TREATMENT_NOT_ACCEPTED
CA_eb37ff29113a8ee38776,NSE_8A358CA8F00D,2014-06-20,2014-06,2014-08-28,False,False,False,NOT_OFFICIAL_MEMBER,,ORDINARY_ACTION_PARSE_UNVERIFIED
CA_eb37ff29113a8ee38776,NSE_8A358CA8F00D,2014-06-20,2014-06,2014-09-30,False,False,False,NOT_OFFICIAL_MEMBER,,ORDINARY_ACTION_PARSE_UNVERIFIED
CA_eb37ff29113a8ee38776,NSE_8A358CA8F00D,2014-06-20,2014-06,2014-10-31,False,False,False,NOT_OFFICIAL_MEMBER,,ORDINARY_ACTION_PARSE_UNVERIFIED
CA_eb37ff29113a8ee38776,NSE_8A358CA8F00D,2014-06-20,2014-06,2014-11-28,False,False,False,NOT_OFFICIAL_MEMBER,,ORDINARY_ACTION_PARSE_UNVERIFIED
CA_eb37ff29113a8ee38776,NSE_8A358CA8F00D,2014-06-20,2014-06,2014-12-31,False,False,False,NOT_OFFICIAL_MEMBER,,ORDINARY_ACTION_PARSE_UNVERIFIED
CA_eb37ff29113a8ee38776,NSE_8A358CA8F00D,2014-06-20,2014-06,2015-01-30,False,False,False,NOT_OFFICIAL_MEMBER,,ORDINARY_ACTION_PARSE_UNVERIFIED
CA_eb37ff29113a8ee38776,NSE_8A358CA8F00D,2014-06-20,2014-06,2015-02-28,False,False,False,NOT_OFFICIAL_MEMBER,,ORDINARY_ACTION_PARSE_UNVERIFIED
CA_eb37ff29113a8ee38776,NSE_8A358CA8F00D,2014-06-20,2014-06,2015-03-31,False,False,False,NOT_OFFICIAL_MEMBER,,ORDINARY_ACTION_PARSE_UNVERIFIED
CA_eb37ff29113a8ee38776,NSE_8A358CA8F00D,2014-06-20,2014-06,2015-04-30,False,False,False,NOT_OFFICIAL_MEMBER,,ORDINARY_ACTION_PARSE_UNVERIFIED
CA_eb37ff29113a8ee38776,NSE_8A358CA8F00D,2014-06-20,2014-06,2015-05-29,False,False,False,NOT_OFFICIAL_MEMBER,,ORDINARY_ACTION_PARSE_UNVERIFIED
CA_019fd8c24a498ee04449,NSE_0E88CB8DDD57,2014-07-25,2014-07,2014-08-28,True,True,True,UNKNOWN_MISSING_ECONOMIC_RETURN,0.6836418787469747,TREATMENT_NOT_ACCEPTED
CA_019fd8c24a498ee04449,NSE_0E88CB8DDD57,2014-07-25,2014-07,2014-09-30,True,True,True,UNKNOWN_MISSING_ECONOMIC_RETURN,0.7480156159807467,TREATMENT_NOT_ACCEPTED
CA_019fd8c24a498ee04449,NSE_0E88CB8DDD57,2014-07-25,2014-07,2014-10-31,True,True,True,UNKNOWN_MISSING_ECONOMIC_RETURN,1.0495787182941596,TREATMENT_NOT_ACCEPTED
CA_019fd8c24a498ee04449,NSE_0E88CB8DDD57,2014-07-25,2014-07,2014-11-28,True,True,True,UNKNOWN_MISSING_ECONOMIC_RETURN,0.9113538562731196,TREATMENT_NOT_ACCEPTED
CA_019fd8c24a498ee04449,NSE_0E88CB8DDD57,2014-07-25,2014-07,2014-12-31,True,True,True,UNKNOWN_MISSING_ECONOMIC_RETURN,0.7130917710569498,TREATMENT_NOT_ACCEPTED
CA_019fd8c24a498ee04449,NSE_0E88CB8DDD57,2014-07-25,2014-07,2015-01-30,True,True,True,UNKNOWN_MISSING_ECONOMIC_RETURN,0.5542512261071209,TREATMENT_NOT_ACCEPTED
CA_019fd8c24a498ee04449,NSE_0E88CB8DDD57,2014-07-25,2014-07,2015-02-28,True,True,True,UNKNOWN_MISSING_ECONOMIC_RETURN,0.4972288786179566,TREATMENT_NOT_ACCEPTED
CA_019fd8c24a498ee04449,NSE_0E88CB8DDD57,2014-07-25,2014-07,2015-03-31,True,True,True,UNKNOWN_MISSING_ECONOMIC_RETURN,0.44203259639466363,TREATMENT_NOT_ACCEPTED
CA_019fd8c24a498ee04449,NSE_0E88CB8DDD57,2014-07-25,2014-07,2015-04-30,True,True,True,UNKNOWN_MISSING_ECONOMIC_RETURN,0.5545058167075401,TREATMENT_NOT_ACCEPTED
CA_019fd8c24a498ee04449,NSE_0E88CB8DDD57,2014-07-25,2014-07,2015-05-29,True,True,True,UNKNOWN_MISSING_ECONOMIC_RETURN,0.3967969333073713,TREATMENT_NOT_ACCEPTED
CA_019fd8c24a498ee04449,NSE_0E88CB8DDD57,2014-07-25,2014-07,2015-06-30,True,True,True,UNKNOWN_MISSING_ECONOMIC_RETURN,0.4756481770578982,TREATMENT_NOT_ACCEPTED
CA_8d931be6e8294f897529,NSE_8407496D15F8,2014-09-30,2014-09,2014-10-31,False,False,False,NOT_OFFICIAL_MEMBER,,ORDINARY_ACTION_PARSE_UNVERIFIED
CA_8d931be6e8294f897529,NSE_8407496D15F8,2014-09-30,2014-09,2014-11-28,False,False,False,NOT_OFFICIAL_MEMBER,,ORDINARY_ACTION_PARSE_UNVERIFIED
CA_8d931be6e8294f897529,NSE_8407496D15F8,2014-09-30,2014-09,2014-12-31,False,False,False,NOT_OFFICIAL_MEMBER,,ORDINARY_ACTION_PARSE_UNVERIFIED
CA_8d931be6e8294f897529,NSE_8407496D15F8,2014-09-30,2014-09,2015-01-30,False,False,False,NOT_OFFICIAL_MEMBER,,ORDINARY_ACTION_PARSE_UNVERIFIED
CA_8d931be6e8294f897529,NSE_8407496D15F8,2014-09-30,2014-09,2015-02-28,False,False,False,NOT_OFFICIAL_MEMBER,,ORDINARY_ACTION_PARSE_UNVERIFIED
CA_8d931be6e8294f897529,NSE_8407496D15F8,2014-09-30,2014-09,2015-03-31,False,False,False,NOT_OFFICIAL_MEMBER,,ORDINARY_ACTION_PARSE_UNVERIFIED
CA_8d931be6e8294f897529,NSE_8407496D15F8,2014-09-30,2014-09,2015-04-30,False,False,False,NOT_OFFICIAL_MEMBER,,ORDINARY_ACTION_PARSE_UNVERIFIED
CA_8d931be6e8294f897529,NSE_8407496D15F8,2014-09-30,2014-09,2015-05-29,False,False,False,NOT_OFFICIAL_MEMBER,,ORDINARY_ACTION_PARSE_UNVERIFIED
CA_8d931be6e8294f897529,NSE_8407496D15F8,2014-09-30,2014-09,2015-06-30,False,False,False,NOT_OFFICIAL_MEMBER,,ORDINARY_ACTION_PARSE_UNVERIFIED
CA_8d931be6e8294f897529,NSE_8407496D15F8,2014-09-30,2014-09,2015-07-31,False,False,False,NOT_OFFICIAL_MEMBER,,ORDINARY_ACTION_PARSE_UNVERIFIED
CA_8d931be6e8294f897529,NSE_8407496D15F8,2014-09-30,2014-09,2015-08-31,False,False,False,NOT_OFFICIAL_MEMBER,,ORDINARY_ACTION_PARSE_UNVERIFIED
CA_3432097b522ad3df4a38,NSE_1846247E74B4,2014-10-08,2014-10,2014-11-28,False,False,False,NOT_OFFICIAL_MEMBER,,ORDINARY_ACTION_PARSE_UNVERIFIED
CA_3432097b522ad3df4a38,NSE_1846247E74B4,2014-10-08,2014-10,2014-12-31,False,False,False,NOT_OFFICIAL_MEMBER,,ORDINARY_ACTION_PARSE_UNVERIFIED
CA_3432097b522ad3df4a38,NSE_1846247E74B4,2014-10-08,2014-10,2015-01-30,False,False,False,NOT_OFFICIAL_MEMBER,,ORDINARY_ACTION_PARSE_UNVERIFIED
CA_3432097b522ad3df4a38,NSE_1846247E74B4,2014-10-08,2014-10,2015-02-28,False,False,False,NOT_OFFICIAL_MEMBER,,ORDINARY_ACTION_PARSE_UNVERIFIED
CA_3432097b522ad3df4a38,NSE_1846247E74B4,2014-10-08,2014-10,2015-03-31,False,False,False,NOT_OFFICIAL_MEMBER,,ORDINARY_ACTION_PARSE_UNVERIFIED
CA_3432097b522ad3df4a38,NSE_1846247E74B4,2014-10-08,2014-10,2015-04-30,False,False,False,NOT_OFFICIAL_MEMBER,,ORDINARY_ACTION_PARSE_UNVERIFIED
CA_3432097b522ad3df4a38,NSE_1846247E74B4,2014-10-08,2014-10,2015-05-29,False,False,False,NOT_OFFICIAL_MEMBER,,ORDINARY_ACTION_PARSE_UNVERIFIED
CA_3432097b522ad3df4a38,NSE_1846247E74B4,2014-10-08,2014-10,2015-06-30,False,False,False,NOT_OFFICIAL_MEMBER,,ORDINARY_ACTION_PARSE_UNVERIFIED
CA_3432097b522ad3df4a38,NSE_1846247E74B4,2014-10-08,2014-10,2015-07-31,False,False,False,NOT_OFFICIAL_MEMBER,,ORDINARY_ACTION_PARSE_UNVERIFIED
CA_3432097b522ad3df4a38,NSE_1846247E74B4,2014-10-08,2014-10,2015-08-31,False,False,False,NOT_OFFICIAL_MEMBER,,ORDINARY_ACTION_PARSE_UNVERIFIED
CA_3432097b522ad3df4a38,NSE_1846247E74B4,2014-10-08,2014-10,2015-09-30,False,False,False,NOT_OFFICIAL_MEMBER,,ORDINARY_ACTION_PARSE_UNVERIFIED
CA_86c24bc61ce401233144,NSE_A787B7252904,2014-10-09,2014-10,2014-11-28,False,False,False,NOT_OFFICIAL_MEMBER,,TREATMENT_NOT_ACCEPTED
CA_86c24bc61ce401233144,NSE_A787B7252904,2014-10-09,2014-10,2014-12-31,False,False,False,NOT_OFFICIAL_MEMBER,,TREATMENT_NOT_ACCEPTED
CA_86c24bc61ce401233144,NSE_A787B7252904,2014-10-09,2014-10,2015-01-30,False,False,False,NOT_OFFICIAL_MEMBER,,TREATMENT_NOT_ACCEPTED
CA_86c24bc61ce401233144,NSE_A787B7252904,2014-10-09,2014-10,2015-02-28,False,False,False,NOT_OFFICIAL_MEMBER,,TREATMENT_NOT_ACCEPTED
CA_86c24bc61ce401233144,NSE_A787B7252904,2014-10-09,2014-10,2015-03-31,False,False,False,NOT_OFFICIAL_MEMBER,,TREATMENT_NOT_ACCEPTED
CA_86c24bc61ce401233144,NSE_A787B7252904,2014-10-09,2014-10,2015-04-30,False,False,False,NOT_OFFICIAL_MEMBER,,TREATMENT_NOT_ACCEPTED
CA_86c24bc61ce401233144,NSE_A787B7252904,2014-10-09,2014-10,2015-05-29,False,False,False,NOT_OFFICIAL_MEMBER,,TREATMENT_NOT_ACCEPTED
CA_86c24bc61ce401233144,NSE_A787B7252904,2014-10-09,2014-10,2015-06-30,False,False,False,NOT_OFFICIAL_MEMBER,,TREATMENT_NOT_ACCEPTED
CA_86c24bc61ce401233144,NSE_A787B7252904,2014-10-09,2014-10,2015-07-31,False,False,False,NOT_OFFICIAL_MEMBER,,TREATMENT_NOT_ACCEPTED
CA_86c24bc61ce401233144,NSE_A787B7252904,2014-10-09,2014-10,2015-08-31,False,False,False,NOT_OFFICIAL_MEMBER,,TREATMENT_NOT_ACCEPTED
CA_86c24bc61ce401233144,NSE_A787B7252904,2014-10-09,2014-10,2015-09-30,False,False,False,NOT_OFFICIAL_MEMBER,,TREATMENT_NOT_ACCEPTED
CA_faa277a19bfa2ac115cc,NSE_1789CF98709C,2014-11-17,2014-11,2014-12-31,True,False,False,NO_INDEPENDENT_ELIGIBILITY,,ACCEPTED_STRICT_RETURN_EXCEPTION
CA_faa277a19bfa2ac115cc,NSE_1789CF98709C,2014-11-17,2014-11,2015-01-30,True,False,False,NO_INDEPENDENT_ELIGIBILITY,,ACCEPTED_STRICT_RETURN_EXCEPTION
CA_faa277a19bfa2ac115cc,NSE_1789CF98709C,2014-11-17,2014-11,2015-02-28,True,False,False,NO_INDEPENDENT_ELIGIBILITY,,ACCEPTED_STRICT_RETURN_EXCEPTION
CA_faa277a19bfa2ac115cc,NSE_1789CF98709C,2014-11-17,2014-11,2015-03-31,True,False,False,NO_INDEPENDENT_ELIGIBILITY,,ACCEPTED_STRICT_RETURN_EXCEPTION
CA_faa277a19bfa2ac115cc,NSE_1789CF98709C,2014-11-17,2014-11,2015-04-30,True,False,False,NO_INDEPENDENT_ELIGIBILITY,,ACCEPTED_STRICT_RETURN_EXCEPTION
CA_faa277a19bfa2ac115cc,NSE_1789CF98709C,2014-11-17,2014-11,2015-05-29,True,False,False,NO_INDEPENDENT_ELIGIBILITY,,ACCEPTED_STRICT_RETURN_EXCEPTION
CA_faa277a19bfa2ac115cc,NSE_1789CF98709C,2014-11-17,2014-11,2015-06-30,True,False,False,NO_INDEPENDENT_ELIGIBILITY,,ACCEPTED_STRICT_RETURN_EXCEPTION
CA_faa277a19bfa2ac115cc,NSE_1789CF98709C,2014-11-17,2014-11,2015-07-31,True,False,False,NO_INDEPENDENT_ELIGIBILITY,,ACCEPTED_STRICT_RETURN_EXCEPTION
CA_faa277a19bfa2ac115cc,NSE_1789CF98709C,2014-11-17,2014-11,2015-08-31,True,False,False,NO_INDEPENDENT_ELIGIBILITY,,ACCEPTED_STRICT_RETURN_EXCEPTION
CA_faa277a19bfa2ac115cc,NSE_1789CF98709C,2014-11-17,2014-11,2015-09-30,True,False,False,NO_INDEPENDENT_ELIGIBILITY,,ACCEPTED_STRICT_RETURN_EXCEPTION
CA_faa277a19bfa2ac115cc,NSE_1789CF98709C,2014-11-17,2014-11,2015-10-30,True,False,False,NO_INDEPENDENT_ELIGIBILITY,,ACCEPTED_STRICT_RETURN_EXCEPTION
CA_498bf6927d49bd14c5e9,NSE_E33BF28052EC,2014-11-26,2014-11,2014-12-31,False,False,False,NOT_OFFICIAL_MEMBER,,TREATMENT_NOT_ACCEPTED
CA_498bf6927d49bd14c5e9,NSE_E33BF28052EC,2014-11-26,2014-11,2015-01-30,False,False,False,NOT_OFFICIAL_MEMBER,,TREATMENT_NOT_ACCEPTED
CA_498bf6927d49bd14c5e9,NSE_E33BF28052EC,2014-11-26,2014-11,2015-02-28,False,False,False,NOT_OFFICIAL_MEMBER,,TREATMENT_NOT_ACCEPTED
CA_498bf6927d49bd14c5e9,NSE_E33BF28052EC,2014-11-26,2014-11,2015-03-31,False,False,False,NOT_OFFICIAL_MEMBER,,TREATMENT_NOT_ACCEPTED
CA_498bf6927d49bd14c5e9,NSE_E33BF28052EC,2014-11-26,2014-11,2015-04-30,False,False,False,NOT_OFFICIAL_MEMBER,,TREATMENT_NOT_ACCEPTED
CA_498bf6927d49bd14c5e9,NSE_E33BF28052EC,2014-11-26,2014-11,2015-05-29,False,False,False,NOT_OFFICIAL_MEMBER,,TREATMENT_NOT_ACCEPTED
CA_498bf6927d49bd14c5e9,NSE_E33BF28052EC,2014-11-26,2014-11,2015-06-30,False,False,False,NOT_OFFICIAL_MEMBER,,TREATMENT_NOT_ACCEPTED
CA_498bf6927d49bd14c5e9,NSE_E33BF28052EC,2014-11-26,2014-11,2015-07-31,False,False,False,NOT_OFFICIAL_MEMBER,,TREATMENT_NOT_ACCEPTED
CA_498bf6927d49bd14c5e9,NSE_E33BF28052EC,2014-11-26,2014-11,2015-08-31,False,False,False,NOT_OFFICIAL_MEMBER,,TREATMENT_NOT_ACCEPTED
CA_498bf6927d49bd14c5e9,NSE_E33BF28052EC,2014-11-26,2014-11,2015-09-30,False,False,False,NOT_OFFICIAL_MEMBER,,TREATMENT_NOT_ACCEPTED
CA_498bf6927d49bd14c5e9,NSE_E33BF28052EC,2014-11-26,2014-11,2015-10-30,False,False,False,NOT_OFFICIAL_MEMBER,,TREATMENT_NOT_ACCEPTED
CA_649d1a91c6704b6cc989,NSE_D92A46834C0F,2015-01-05,2015-01,2015-02-28,False,False,False,NOT_OFFICIAL_MEMBER,,ORDINARY_ACTION_PARSE_UNVERIFIED
CA_649d1a91c6704b6cc989,NSE_D92A46834C0F,2015-01-05,2015-01,2015-03-31,False,False,False,NOT_OFFICIAL_MEMBER,,ORDINARY_ACTION_PARSE_UNVERIFIED
CA_649d1a91c6704b6cc989,NSE_D92A46834C0F,2015-01-05,2015-01,2015-04-30,False,False,False,NOT_OFFICIAL_MEMBER,,ORDINARY_ACTION_PARSE_UNVERIFIED
CA_649d1a91c6704b6cc989,NSE_D92A46834C0F,2015-01-05,2015-01,2015-05-29,False,False,False,NOT_OFFICIAL_MEMBER,,ORDINARY_ACTION_PARSE_UNVERIFIED
CA_649d1a91c6704b6cc989,NSE_D92A46834C0F,2015-01-05,2015-01,2015-06-30,False,False,False,NOT_OFFICIAL_MEMBER,,ORDINARY_ACTION_PARSE_UNVERIFIED
CA_649d1a91c6704b6cc989,NSE_D92A46834C0F,2015-01-05,2015-01,2015-07-31,False,False,False,NOT_OFFICIAL_MEMBER,,ORDINARY_ACTION_PARSE_UNVERIFIED
CA_649d1a91c6704b6cc989,NSE_D92A46834C0F,2015-01-05,2015-01,2015-08-31,False,False,False,NOT_OFFICIAL_MEMBER,,ORDINARY_ACTION_PARSE_UNVERIFIED
CA_649d1a91c6704b6cc989,NSE_D92A46834C0F,2015-01-05,2015-01,2015-09-30,False,False,False,NOT_OFFICIAL_MEMBER,,ORDINARY_ACTION_PARSE_UNVERIFIED
CA_649d1a91c6704b6cc989,NSE_D92A46834C0F,2015-01-05,2015-01,2015-10-30,False,False,False,NOT_OFFICIAL_MEMBER,,ORDINARY_ACTION_PARSE_UNVERIFIED
CA_649d1a91c6704b6cc989,NSE_D92A46834C0F,2015-01-05,2015-01,2015-11-30,False,False,False,NOT_OFFICIAL_MEMBER,,ORDINARY_ACTION_PARSE_UNVERIFIED
CA_649d1a91c6704b6cc989,NSE_D92A46834C0F,2015-01-05,2015-01,2015-12-31,False,False,False,NOT_OFFICIAL_MEMBER,,ORDINARY_ACTION_PARSE_UNVERIFIED
CA_22cfc3b9a81fe7f57ff6,NSE_B3968699E9E2,2015-01-16,2015-01,2015-02-28,False,False,False,NOT_OFFICIAL_MEMBER,,TREATMENT_NOT_ACCEPTED
CA_22cfc3b9a81fe7f57ff6,NSE_B3968699E9E2,2015-01-16,2015-01,2015-03-31,False,False,False,NOT_OFFICIAL_MEMBER,,TREATMENT_NOT_ACCEPTED
CA_22cfc3b9a81fe7f57ff6,NSE_B3968699E9E2,2015-01-16,2015-01,2015-04-30,False,False,False,NOT_OFFICIAL_MEMBER,,TREATMENT_NOT_ACCEPTED
CA_22cfc3b9a81fe7f57ff6,NSE_B3968699E9E2,2015-01-16,2015-01,2015-05-29,False,False,False,NOT_OFFICIAL_MEMBER,,TREATMENT_NOT_ACCEPTED
CA_22cfc3b9a81fe7f57ff6,NSE_B3968699E9E2,2015-01-16,2015-01,2015-06-30,False,False,False,NOT_OFFICIAL_MEMBER,,TREATMENT_NOT_ACCEPTED
CA_22cfc3b9a81fe7f57ff6,NSE_B3968699E9E2,2015-01-16,2015-01,2015-07-31,False,False,False,NOT_OFFICIAL_MEMBER,,TREATMENT_NOT_ACCEPTED
CA_22cfc3b9a81fe7f57ff6,NSE_B3968699E9E2,2015-01-16,2015-01,2015-08-31,False,False,False,NOT_OFFICIAL_MEMBER,,TREATMENT_NOT_ACCEPTED
CA_22cfc3b9a81fe7f57ff6,NSE_B3968699E9E2,2015-01-16,2015-01,2015-09-30,False,False,False,NOT_OFFICIAL_MEMBER,,TREATMENT_NOT_ACCEPTED
CA_22cfc3b9a81fe7f57ff6,NSE_B3968699E9E2,2015-01-16,2015-01,2015-10-30,False,False,False,NOT_OFFICIAL_MEMBER,,TREATMENT_NOT_ACCEPTED
CA_22cfc3b9a81fe7f57ff6,NSE_B3968699E9E2,2015-01-16,2015-01,2015-11-30,False,False,False,NOT_OFFICIAL_MEMBER,,TREATMENT_NOT_ACCEPTED
CA_22cfc3b9a81fe7f57ff6,NSE_B3968699E9E2,2015-01-16,2015-01,2015-12-31,False,False,False,NOT_OFFICIAL_MEMBER,,TREATMENT_NOT_ACCEPTED
CA_df82d8fc43ad7e21c2a8,NSE_4FB8019524D0,2015-03-20,2015-03,2015-04-30,True,False,False,NO_INDEPENDENT_ELIGIBILITY,,ACCEPTED_STRICT_RETURN_EXCEPTION
CA_df82d8fc43ad7e21c2a8,NSE_4FB8019524D0,2015-03-20,2015-03,2015-05-29,True,False,False,NO_INDEPENDENT_ELIGIBILITY,,ACCEPTED_STRICT_RETURN_EXCEPTION
CA_df82d8fc43ad7e21c2a8,NSE_4FB8019524D0,2015-03-20,2015-03,2015-06-30,True,False,False,NO_INDEPENDENT_ELIGIBILITY,,ACCEPTED_STRICT_RETURN_EXCEPTION
CA_df82d8fc43ad7e21c2a8,NSE_4FB8019524D0,2015-03-20,2015-03,2015-07-31,True,False,False,NO_INDEPENDENT_ELIGIBILITY,,ACCEPTED_STRICT_RETURN_EXCEPTION
CA_df82d8fc43ad7e21c2a8,NSE_4FB8019524D0,2015-03-20,2015-03,2015-08-31,True,False,False,NO_INDEPENDENT_ELIGIBILITY,,ACCEPTED_STRICT_RETURN_EXCEPTION
CA_df82d8fc43ad7e21c2a8,NSE_4FB8019524D0,2015-03-20,2015-03,2015-09-30,True,False,False,NO_INDEPENDENT_ELIGIBILITY,,ACCEPTED_STRICT_RETURN_EXCEPTION
CA_df82d8fc43ad7e21c2a8,NSE_4FB8019524D0,2015-03-20,2015-03,2015-10-30,True,False,False,NO_INDEPENDENT_ELIGIBILITY,,ACCEPTED_STRICT_RETURN_EXCEPTION
CA_df82d8fc43ad7e21c2a8,NSE_4FB8019524D0,2015-03-20,2015-03,2015-11-30,True,False,False,NO_INDEPENDENT_ELIGIBILITY,,ACCEPTED_STRICT_RETURN_EXCEPTION
CA_df82d8fc43ad7e21c2a8,NSE_4FB8019524D0,2015-03-20,2015-03,2015-12-31,True,False,False,NO_INDEPENDENT_ELIGIBILITY,,ACCEPTED_STRICT_RETURN_EXCEPTION
CA_df82d8fc43ad7e21c2a8,NSE_4FB8019524D0,2015-03-20,2015-03,2016-01-29,True,False,False,NO_INDEPENDENT_ELIGIBILITY,,ACCEPTED_STRICT_RETURN_EXCEPTION
CA_df82d8fc43ad7e21c2a8,NSE_4FB8019524D0,2015-03-20,2015-03,2016-02-29,True,False,False,NO_INDEPENDENT_ELIGIBILITY,,ACCEPTED_STRICT_RETURN_EXCEPTION
CA_46f159e1e6f12e1e79cb,NSE_148E052CEC64,2015-03-23,2015-03,2015-04-30,False,False,False,NOT_OFFICIAL_MEMBER,,ORDINARY_ACTION_PARSE_UNVERIFIED
CA_46f159e1e6f12e1e79cb,NSE_148E052CEC64,2015-03-23,2015-03,2015-05-29,False,False,False,NOT_OFFICIAL_MEMBER,,ORDINARY_ACTION_PARSE_UNVERIFIED
CA_46f159e1e6f12e1e79cb,NSE_148E052CEC64,2015-03-23,2015-03,2015-06-30,False,False,False,NOT_OFFICIAL_MEMBER,,ORDINARY_ACTION_PARSE_UNVERIFIED
CA_46f159e1e6f12e1e79cb,NSE_148E052CEC64,2015-03-23,2015-03,2015-07-31,False,False,False,NOT_OFFICIAL_MEMBER,,ORDINARY_ACTION_PARSE_UNVERIFIED
CA_46f159e1e6f12e1e79cb,NSE_148E052CEC64,2015-03-23,2015-03,2015-08-31,False,False,False,NOT_OFFICIAL_MEMBER,,ORDINARY_ACTION_PARSE_UNVERIFIED
CA_46f159e1e6f12e1e79cb,NSE_148E052CEC64,2015-03-23,2015-03,2015-09-30,False,False,False,NOT_OFFICIAL_MEMBER,,ORDINARY_ACTION_PARSE_UNVERIFIED
CA_46f159e1e6f12e1e79cb,NSE_148E052CEC64,2015-03-23,2015-03,2015-10-30,False,False,False,NOT_OFFICIAL_MEMBER,,ORDINARY_ACTION_PARSE_UNVERIFIED
CA_46f159e1e6f12e1e79cb,NSE_148E052CEC64,2015-03-23,2015-03,2015-11-30,False,False,False,NOT_OFFICIAL_MEMBER,,ORDINARY_ACTION_PARSE_UNVERIFIED
CA_46f159e1e6f12e1e79cb,NSE_148E052CEC64,2015-03-23,2015-03,2015-12-31,False,False,False,NOT_OFFICIAL_MEMBER,,ORDINARY_ACTION_PARSE_UNVERIFIED
CA_46f159e1e6f12e1e79cb,NSE_148E052CEC64,2015-03-23,2015-03,2016-01-29,False,False,False,NOT_OFFICIAL_MEMBER,,ORDINARY_ACTION_PARSE_UNVERIFIED
CA_46f159e1e6f12e1e79cb,NSE_148E052CEC64,2015-03-23,2015-03,2016-02-29,False,False,False,NOT_OFFICIAL_MEMBER,,ORDINARY_ACTION_PARSE_UNVERIFIED
CA_73d0e9f8b8e4a8fdb881,NSE_DCA00C31EBFD,2015-03-24,2015-03,2015-04-30,False,False,False,NOT_OFFICIAL_MEMBER,,TREATMENT_NOT_ACCEPTED
CA_73d0e9f8b8e4a8fdb881,NSE_DCA00C31EBFD,2015-03-24,2015-03,2015-05-29,False,False,False,NOT_OFFICIAL_MEMBER,,TREATMENT_NOT_ACCEPTED
CA_73d0e9f8b8e4a8fdb881,NSE_DCA00C31EBFD,2015-03-24,2015-03,2015-06-30,False,False,False,NOT_OFFICIAL_MEMBER,,TREATMENT_NOT_ACCEPTED
CA_73d0e9f8b8e4a8fdb881,NSE_DCA00C31EBFD,2015-03-24,2015-03,2015-07-31,False,False,False,NOT_OFFICIAL_MEMBER,,TREATMENT_NOT_ACCEPTED
CA_73d0e9f8b8e4a8fdb881,NSE_DCA00C31EBFD,2015-03-24,2015-03,2015-08-31,False,False,False,NOT_OFFICIAL_MEMBER,,TREATMENT_NOT_ACCEPTED
CA_73d0e9f8b8e4a8fdb881,NSE_DCA00C31EBFD,2015-03-24,2015-03,2015-09-30,True,True,True,UNKNOWN_MISSING_ECONOMIC_RETURN,1.0821521683402278,TREATMENT_NOT_ACCEPTED
CA_73d0e9f8b8e4a8fdb881,NSE_DCA00C31EBFD,2015-03-24,2015-03,2015-10-30,True,True,True,UNKNOWN_MISSING_ECONOMIC_RETURN,0.9224889093200921,TREATMENT_NOT_ACCEPTED
CA_73d0e9f8b8e4a8fdb881,NSE_DCA00C31EBFD,2015-03-24,2015-03,2015-11-30,True,True,True,UNKNOWN_MISSING_ECONOMIC_RETURN,0.5643927554544992,TREATMENT_NOT_ACCEPTED
CA_73d0e9f8b8e4a8fdb881,NSE_DCA00C31EBFD,2015-03-24,2015-03,2015-12-31,True,True,True,UNKNOWN_MISSING_ECONOMIC_RETURN,0.4805190055600168,TREATMENT_NOT_ACCEPTED
CA_73d0e9f8b8e4a8fdb881,NSE_DCA00C31EBFD,2015-03-24,2015-03,2016-01-29,True,True,True,UNKNOWN_MISSING_ECONOMIC_RETURN,0.5718112014569083,TREATMENT_NOT_ACCEPTED
CA_73d0e9f8b8e4a8fdb881,NSE_DCA00C31EBFD,2015-03-24,2015-03,2016-02-29,True,True,True,UNKNOWN_MISSING_ECONOMIC_RETURN,0.4410762468905307,TREATMENT_NOT_ACCEPTED
CA_916df9023b5865eabede,NSE_D8A31493DD0A,2015-04-06,2015-04,2015-05-29,False,False,False,NOT_OFFICIAL_MEMBER,,TREATMENT_NOT_ACCEPTED
CA_916df9023b5865eabede,NSE_D8A31493DD0A,2015-04-06,2015-04,2015-06-30,False,False,False,NOT_OFFICIAL_MEMBER,,TREATMENT_NOT_ACCEPTED
CA_916df9023b5865eabede,NSE_D8A31493DD0A,2015-04-06,2015-04,2015-07-31,False,False,False,NOT_OFFICIAL_MEMBER,,TREATMENT_NOT_ACCEPTED
CA_916df9023b5865eabede,NSE_D8A31493DD0A,2015-04-06,2015-04,2015-08-31,False,False,False,NOT_OFFICIAL_MEMBER,,TREATMENT_NOT_ACCEPTED
CA_916df9023b5865eabede,NSE_D8A31493DD0A,2015-04-06,2015-04,2015-09-30,False,False,False,NOT_OFFICIAL_MEMBER,,TREATMENT_NOT_ACCEPTED
CA_916df9023b5865eabede,NSE_D8A31493DD0A,2015-04-06,2015-04,2015-10-30,False,False,False,NOT_OFFICIAL_MEMBER,,TREATMENT_NOT_ACCEPTED
CA_916df9023b5865eabede,NSE_D8A31493DD0A,2015-04-06,2015-04,2015-11-30,False,False,False,NOT_OFFICIAL_MEMBER,,TREATMENT_NOT_ACCEPTED
CA_916df9023b5865eabede,NSE_D8A31493DD0A,2015-04-06,2015-04,2015-12-31,False,False,False,NOT_OFFICIAL_MEMBER,,TREATMENT_NOT_ACCEPTED
CA_916df9023b5865eabede,NSE_D8A31493DD0A,2015-04-06,2015-04,2016-01-29,False,False,False,NOT_OFFICIAL_MEMBER,,TREATMENT_NOT_ACCEPTED
CA_916df9023b5865eabede,NSE_D8A31493DD0A,2015-04-06,2015-04,2016-02-29,False,False,False,NOT_OFFICIAL_MEMBER,,TREATMENT_NOT_ACCEPTED
CA_916df9023b5865eabede,NSE_D8A31493DD0A,2015-04-06,2015-04,2016-03-31,False,False,False,NOT_OFFICIAL_MEMBER,,TREATMENT_NOT_ACCEPTED
CA_379f438e0fa82febbf97,NSE_D67F47161F2D,2015-04-23,2015-04,2015-05-29,False,False,False,NOT_OFFICIAL_MEMBER,,TREATMENT_NOT_ACCEPTED
CA_379f438e0fa82febbf97,NSE_D67F47161F2D,2015-04-23,2015-04,2015-06-30,False,False,False,NOT_OFFICIAL_MEMBER,,TREATMENT_NOT_ACCEPTED
CA_379f438e0fa82febbf97,NSE_D67F47161F2D,2015-04-23,2015-04,2015-07-31,False,False,False,NOT_OFFICIAL_MEMBER,,TREATMENT_NOT_ACCEPTED
CA_379f438e0fa82febbf97,NSE_D67F47161F2D,2015-04-23,2015-04,2015-08-31,False,False,False,NOT_OFFICIAL_MEMBER,,TREATMENT_NOT_ACCEPTED
CA_379f438e0fa82febbf97,NSE_D67F47161F2D,2015-04-23,2015-04,2015-09-30,False,False,False,NOT_OFFICIAL_MEMBER,,TREATMENT_NOT_ACCEPTED
CA_379f438e0fa82febbf97,NSE_D67F47161F2D,2015-04-23,2015-04,2015-10-30,False,False,False,NOT_OFFICIAL_MEMBER,,TREATMENT_NOT_ACCEPTED
CA_379f438e0fa82febbf97,NSE_D67F47161F2D,2015-04-23,2015-04,2015-11-30,False,False,False,NOT_OFFICIAL_MEMBER,,TREATMENT_NOT_ACCEPTED
CA_379f438e0fa82febbf97,NSE_D67F47161F2D,2015-04-23,2015-04,2015-12-31,False,False,False,NOT_OFFICIAL_MEMBER,,TREATMENT_NOT_ACCEPTED
CA_379f438e0fa82febbf97,NSE_D67F47161F2D,2015-04-23,2015-04,2016-01-29,False,False,False,NOT_OFFICIAL_MEMBER,,TREATMENT_NOT_ACCEPTED
CA_379f438e0fa82febbf97,NSE_D67F47161F2D,2015-04-23,2015-04,2016-02-29,False,False,False,NOT_OFFICIAL_MEMBER,,TREATMENT_NOT_ACCEPTED
CA_379f438e0fa82febbf97,NSE_D67F47161F2D,2015-04-23,2015-04,2016-03-31,False,False,False,NOT_OFFICIAL_MEMBER,,TREATMENT_NOT_ACCEPTED
CA_ee115bb800808115f870,NSE_C60D64EC58FE,2015-05-28,2015-05,2015-06-30,False,False,False,NOT_OFFICIAL_MEMBER,,TREATMENT_NOT_ACCEPTED
CA_ee115bb800808115f870,NSE_C60D64EC58FE,2015-05-28,2015-05,2015-07-31,False,False,False,NOT_OFFICIAL_MEMBER,,TREATMENT_NOT_ACCEPTED
CA_ee115bb800808115f870,NSE_C60D64EC58FE,2015-05-28,2015-05,2015-08-31,False,False,False,NOT_OFFICIAL_MEMBER,,TREATMENT_NOT_ACCEPTED
CA_ee115bb800808115f870,NSE_C60D64EC58FE,2015-05-28,2015-05,2015-09-30,False,False,False,NOT_OFFICIAL_MEMBER,,TREATMENT_NOT_ACCEPTED
CA_ee115bb800808115f870,NSE_C60D64EC58FE,2015-05-28,2015-05,2015-10-30,False,False,False,NOT_OFFICIAL_MEMBER,,TREATMENT_NOT_ACCEPTED
CA_ee115bb800808115f870,NSE_C60D64EC58FE,2015-05-28,2015-05,2015-11-30,False,False,False,NOT_OFFICIAL_MEMBER,,TREATMENT_NOT_ACCEPTED
CA_ee115bb800808115f870,NSE_C60D64EC58FE,2015-05-28,2015-05,2015-12-31,True,True,True,UNKNOWN_MISSING_ECONOMIC_RETURN,0.22037878211611295,TREATMENT_NOT_ACCEPTED
CA_ee115bb800808115f870,NSE_C60D64EC58FE,2015-05-28,2015-05,2016-01-29,True,True,True,UNKNOWN_MISSING_ECONOMIC_RETURN,0.09672726875461923,TREATMENT_NOT_ACCEPTED
CA_ee115bb800808115f870,NSE_C60D64EC58FE,2015-05-28,2015-05,2016-02-29,True,True,True,UNKNOWN_MISSING_ECONOMIC_RETURN,0.18420223113786838,TREATMENT_NOT_ACCEPTED
CA_ee115bb800808115f870,NSE_C60D64EC58FE,2015-05-28,2015-05,2016-03-31,True,True,True,UNKNOWN_MISSING_ECONOMIC_RETURN,0.22698648144463673,TREATMENT_NOT_ACCEPTED
CA_ee115bb800808115f870,NSE_C60D64EC58FE,2015-05-28,2015-05,2016-04-29,True,True,True,UNKNOWN_MISSING_ECONOMIC_RETURN,0.17882827024888326,TREATMENT_NOT_ACCEPTED
CA_8d241ef7b6f51f1aae85,NSE_42CD50DCCBD6,2015-06-03,2015-06,2015-07-31,False,False,False,NOT_OFFICIAL_MEMBER,,TREATMENT_NOT_ACCEPTED
CA_8d241ef7b6f51f1aae85,NSE_42CD50DCCBD6,2015-06-03,2015-06,2015-08-31,False,False,False,NOT_OFFICIAL_MEMBER,,TREATMENT_NOT_ACCEPTED
CA_8d241ef7b6f51f1aae85,NSE_42CD50DCCBD6,2015-06-03,2015-06,2015-09-30,False,False,False,NOT_OFFICIAL_MEMBER,,TREATMENT_NOT_ACCEPTED
CA_8d241ef7b6f51f1aae85,NSE_42CD50DCCBD6,2015-06-03,2015-06,2015-10-30,False,False,False,NOT_OFFICIAL_MEMBER,,TREATMENT_NOT_ACCEPTED
CA_8d241ef7b6f51f1aae85,NSE_42CD50DCCBD6,2015-06-03,2015-06,2015-11-30,False,False,False,NOT_OFFICIAL_MEMBER,,TREATMENT_NOT_ACCEPTED
CA_8d241ef7b6f51f1aae85,NSE_42CD50DCCBD6,2015-06-03,2015-06,2015-12-31,False,False,False,NOT_OFFICIAL_MEMBER,,TREATMENT_NOT_ACCEPTED
CA_8d241ef7b6f51f1aae85,NSE_42CD50DCCBD6,2015-06-03,2015-06,2016-01-29,False,False,False,NOT_OFFICIAL_MEMBER,,TREATMENT_NOT_ACCEPTED
CA_8d241ef7b6f51f1aae85,NSE_42CD50DCCBD6,2015-06-03,2015-06,2016-02-29,False,False,False,NOT_OFFICIAL_MEMBER,,TREATMENT_NOT_ACCEPTED
CA_8d241ef7b6f51f1aae85,NSE_42CD50DCCBD6,2015-06-03,2015-06,2016-03-31,False,False,False,NOT_OFFICIAL_MEMBER,,TREATMENT_NOT_ACCEPTED
CA_8d241ef7b6f51f1aae85,NSE_42CD50DCCBD6,2015-06-03,2015-06,2016-04-29,True,True,True,UNKNOWN_MISSING_ECONOMIC_RETURN,0.568446427266484,TREATMENT_NOT_ACCEPTED
CA_8d241ef7b6f51f1aae85,NSE_42CD50DCCBD6,2015-06-03,2015-06,2016-05-31,True,True,True,UNKNOWN_MISSING_ECONOMIC_RETURN,0.4431447599690703,TREATMENT_NOT_ACCEPTED
CA_e90a53f3da415ef42ae8,NSE_71E0266D5F31,2015-06-12,2015-06,2015-07-31,False,False,False,NOT_OFFICIAL_MEMBER,,TREATMENT_NOT_ACCEPTED
CA_e90a53f3da415ef42ae8,NSE_71E0266D5F31,2015-06-12,2015-06,2015-08-31,False,False,False,NOT_OFFICIAL_MEMBER,,TREATMENT_NOT_ACCEPTED
CA_e90a53f3da415ef42ae8,NSE_71E0266D5F31,2015-06-12,2015-06,2015-09-30,False,False,False,NOT_OFFICIAL_MEMBER,,TREATMENT_NOT_ACCEPTED
CA_e90a53f3da415ef42ae8,NSE_71E0266D5F31,2015-06-12,2015-06,2015-10-30,False,False,False,NOT_OFFICIAL_MEMBER,,TREATMENT_NOT_ACCEPTED
CA_e90a53f3da415ef42ae8,NSE_71E0266D5F31,2015-06-12,2015-06,2015-11-30,False,False,False,NOT_OFFICIAL_MEMBER,,TREATMENT_NOT_ACCEPTED
CA_e90a53f3da415ef42ae8,NSE_71E0266D5F31,2015-06-12,2015-06,2015-12-31,False,False,False,NOT_OFFICIAL_MEMBER,,TREATMENT_NOT_ACCEPTED
CA_e90a53f3da415ef42ae8,NSE_71E0266D5F31,2015-06-12,2015-06,2016-01-29,False,False,False,NOT_OFFICIAL_MEMBER,,TREATMENT_NOT_ACCEPTED
CA_e90a53f3da415ef42ae8,NSE_71E0266D5F31,2015-06-12,2015-06,2016-02-29,False,False,False,NOT_OFFICIAL_MEMBER,,TREATMENT_NOT_ACCEPTED
CA_e90a53f3da415ef42ae8,NSE_71E0266D5F31,2015-06-12,2015-06,2016-03-31,False,False,False,NOT_OFFICIAL_MEMBER,,TREATMENT_NOT_ACCEPTED
CA_e90a53f3da415ef42ae8,NSE_71E0266D5F31,2015-06-12,2015-06,2016-04-29,False,False,False,NOT_OFFICIAL_MEMBER,,TREATMENT_NOT_ACCEPTED
CA_e90a53f3da415ef42ae8,NSE_71E0266D5F31,2015-06-12,2015-06,2016-05-31,False,False,False,NOT_OFFICIAL_MEMBER,,TREATMENT_NOT_ACCEPTED
CA_e55059d9cb22496269b8,NSE_EC27C1265F27,2015-08-03,2015-08,2015-09-30,False,False,False,NOT_OFFICIAL_MEMBER,,TREATMENT_NOT_ACCEPTED
CA_e55059d9cb22496269b8,NSE_EC27C1265F27,2015-08-03,2015-08,2015-10-30,False,False,False,NOT_OFFICIAL_MEMBER,,TREATMENT_NOT_ACCEPTED
CA_e55059d9cb22496269b8,NSE_EC27C1265F27,2015-08-03,2015-08,2015-11-30,False,False,False,NOT_OFFICIAL_MEMBER,,TREATMENT_NOT_ACCEPTED
CA_e55059d9cb22496269b8,NSE_EC27C1265F27,2015-08-03,2015-08,2015-12-31,False,False,False,NOT_OFFICIAL_MEMBER,,TREATMENT_NOT_ACCEPTED
CA_e55059d9cb22496269b8,NSE_EC27C1265F27,2015-08-03,2015-08,2016-01-29,False,False,False,NOT_OFFICIAL_MEMBER,,TREATMENT_NOT_ACCEPTED
CA_e55059d9cb22496269b8,NSE_EC27C1265F27,2015-08-03,2015-08,2016-02-29,False,False,False,NOT_OFFICIAL_MEMBER,,TREATMENT_NOT_ACCEPTED
CA_e55059d9cb22496269b8,NSE_EC27C1265F27,2015-08-03,2015-08,2016-03-31,False,False,False,NOT_OFFICIAL_MEMBER,,TREATMENT_NOT_ACCEPTED
CA_e55059d9cb22496269b8,NSE_EC27C1265F27,2015-08-03,2015-08,2016-04-29,False,False,False,NOT_OFFICIAL_MEMBER,,TREATMENT_NOT_ACCEPTED
CA_e55059d9cb22496269b8,NSE_EC27C1265F27,2015-08-03,2015-08,2016-05-31,False,False,False,NOT_OFFICIAL_MEMBER,,TREATMENT_NOT_ACCEPTED
CA_e55059d9cb22496269b8,NSE_EC27C1265F27,2015-08-03,2015-08,2016-06-30,False,False,False,NOT_OFFICIAL_MEMBER,,TREATMENT_NOT_ACCEPTED
CA_e55059d9cb22496269b8,NSE_EC27C1265F27,2015-08-03,2015-08,2016-07-29,False,False,False,NOT_OFFICIAL_MEMBER,,TREATMENT_NOT_ACCEPTED
CA_de9806670c7649a3e8cf,NSE_1671B749B56F,2015-09-29,2015-09,2015-10-30,False,False,False,NOT_OFFICIAL_MEMBER,,TREATMENT_NOT_ACCEPTED
CA_de9806670c7649a3e8cf,NSE_1671B749B56F,2015-09-29,2015-09,2015-11-30,False,False,False,NOT_OFFICIAL_MEMBER,,TREATMENT_NOT_ACCEPTED
CA_de9806670c7649a3e8cf,NSE_1671B749B56F,2015-09-29,2015-09,2015-12-31,False,False,False,NOT_OFFICIAL_MEMBER,,TREATMENT_NOT_ACCEPTED
CA_de9806670c7649a3e8cf,NSE_1671B749B56F,2015-09-29,2015-09,2016-01-29,False,False,False,NOT_OFFICIAL_MEMBER,,TREATMENT_NOT_ACCEPTED
CA_de9806670c7649a3e8cf,NSE_1671B749B56F,2015-09-29,2015-09,2016-02-29,False,False,False,NOT_OFFICIAL_MEMBER,,TREATMENT_NOT_ACCEPTED
CA_de9806670c7649a3e8cf,NSE_1671B749B56F,2015-09-29,2015-09,2016-03-31,False,False,False,NOT_OFFICIAL_MEMBER,,TREATMENT_NOT_ACCEPTED
CA_de9806670c7649a3e8cf,NSE_1671B749B56F,2015-09-29,2015-09,2016-04-29,True,False,False,NO_INDEPENDENT_ELIGIBILITY,,TREATMENT_NOT_ACCEPTED
CA_de9806670c7649a3e8cf,NSE_1671B749B56F,2015-09-29,2015-09,2016-05-31,True,False,False,NO_INDEPENDENT_ELIGIBILITY,,TREATMENT_NOT_ACCEPTED
CA_de9806670c7649a3e8cf,NSE_1671B749B56F,2015-09-29,2015-09,2016-06-30,True,False,False,NO_INDEPENDENT_ELIGIBILITY,,TREATMENT_NOT_ACCEPTED
CA_de9806670c7649a3e8cf,NSE_1671B749B56F,2015-09-29,2015-09,2016-07-29,True,False,False,NO_INDEPENDENT_ELIGIBILITY,,TREATMENT_NOT_ACCEPTED
CA_de9806670c7649a3e8cf,NSE_1671B749B56F,2015-09-29,2015-09,2016-08-31,True,False,False,NO_INDEPENDENT_ELIGIBILITY,,TREATMENT_NOT_ACCEPTED
CA_e583c5277bfb87e79410,NSE_1671B749B56F,2015-09-29,2015-09,2015-10-30,False,False,False,NOT_OFFICIAL_MEMBER,,TREATMENT_NOT_ACCEPTED
CA_e583c5277bfb87e79410,NSE_1671B749B56F,2015-09-29,2015-09,2015-11-30,False,False,False,NOT_OFFICIAL_MEMBER,,TREATMENT_NOT_ACCEPTED
CA_e583c5277bfb87e79410,NSE_1671B749B56F,2015-09-29,2015-09,2015-12-31,False,False,False,NOT_OFFICIAL_MEMBER,,TREATMENT_NOT_ACCEPTED
CA_e583c5277bfb87e79410,NSE_1671B749B56F,2015-09-29,2015-09,2016-01-29,False,False,False,NOT_OFFICIAL_MEMBER,,TREATMENT_NOT_ACCEPTED
CA_e583c5277bfb87e79410,NSE_1671B749B56F,2015-09-29,2015-09,2016-02-29,False,False,False,NOT_OFFICIAL_MEMBER,,TREATMENT_NOT_ACCEPTED
CA_e583c5277bfb87e79410,NSE_1671B749B56F,2015-09-29,2015-09,2016-03-31,False,False,False,NOT_OFFICIAL_MEMBER,,TREATMENT_NOT_ACCEPTED
CA_e583c5277bfb87e79410,NSE_1671B749B56F,2015-09-29,2015-09,2016-04-29,True,False,False,NO_INDEPENDENT_ELIGIBILITY,,TREATMENT_NOT_ACCEPTED
CA_e583c5277bfb87e79410,NSE_1671B749B56F,2015-09-29,2015-09,2016-05-31,True,False,False,NO_INDEPENDENT_ELIGIBILITY,,TREATMENT_NOT_ACCEPTED
CA_e583c5277bfb87e79410,NSE_1671B749B56F,2015-09-29,2015-09,2016-06-30,True,False,False,NO_INDEPENDENT_ELIGIBILITY,,TREATMENT_NOT_ACCEPTED
CA_e583c5277bfb87e79410,NSE_1671B749B56F,2015-09-29,2015-09,2016-07-29,True,False,False,NO_INDEPENDENT_ELIGIBILITY,,TREATMENT_NOT_ACCEPTED
CA_e583c5277bfb87e79410,NSE_1671B749B56F,2015-09-29,2015-09,2016-08-31,True,False,False,NO_INDEPENDENT_ELIGIBILITY,,TREATMENT_NOT_ACCEPTED
CA_6e65f1f070c79719ea69,NSE_1671B749B56F,2015-09-29,2015-09,2015-10-30,False,False,False,NOT_OFFICIAL_MEMBER,,TREATMENT_NOT_ACCEPTED
CA_6e65f1f070c79719ea69,NSE_1671B749B56F,2015-09-29,2015-09,2015-11-30,False,False,False,NOT_OFFICIAL_MEMBER,,TREATMENT_NOT_ACCEPTED
CA_6e65f1f070c79719ea69,NSE_1671B749B56F,2015-09-29,2015-09,2015-12-31,False,False,False,NOT_OFFICIAL_MEMBER,,TREATMENT_NOT_ACCEPTED
CA_6e65f1f070c79719ea69,NSE_1671B749B56F,2015-09-29,2015-09,2016-01-29,False,False,False,NOT_OFFICIAL_MEMBER,,TREATMENT_NOT_ACCEPTED
CA_6e65f1f070c79719ea69,NSE_1671B749B56F,2015-09-29,2015-09,2016-02-29,False,False,False,NOT_OFFICIAL_MEMBER,,TREATMENT_NOT_ACCEPTED
CA_6e65f1f070c79719ea69,NSE_1671B749B56F,2015-09-29,2015-09,2016-03-31,False,False,False,NOT_OFFICIAL_MEMBER,,TREATMENT_NOT_ACCEPTED
CA_6e65f1f070c79719ea69,NSE_1671B749B56F,2015-09-29,2015-09,2016-04-29,True,False,False,NO_INDEPENDENT_ELIGIBILITY,,TREATMENT_NOT_ACCEPTED
CA_6e65f1f070c79719ea69,NSE_1671B749B56F,2015-09-29,2015-09,2016-05-31,True,False,False,NO_INDEPENDENT_ELIGIBILITY,,TREATMENT_NOT_ACCEPTED
CA_6e65f1f070c79719ea69,NSE_1671B749B56F,2015-09-29,2015-09,2016-06-30,True,False,False,NO_INDEPENDENT_ELIGIBILITY,,TREATMENT_NOT_ACCEPTED
CA_6e65f1f070c79719ea69,NSE_1671B749B56F,2015-09-29,2015-09,2016-07-29,True,False,False,NO_INDEPENDENT_ELIGIBILITY,,TREATMENT_NOT_ACCEPTED
CA_6e65f1f070c79719ea69,NSE_1671B749B56F,2015-09-29,2015-09,2016-08-31,True,False,False,NO_INDEPENDENT_ELIGIBILITY,,TREATMENT_NOT_ACCEPTED
CA_9b94d0d6784fccc6c6f0,NSE_1671B749B56F,2015-09-29,2015-09,2015-10-30,False,False,False,NOT_OFFICIAL_MEMBER,,TREATMENT_NOT_ACCEPTED
CA_9b94d0d6784fccc6c6f0,NSE_1671B749B56F,2015-09-29,2015-09,2015-11-30,False,False,False,NOT_OFFICIAL_MEMBER,,TREATMENT_NOT_ACCEPTED
CA_9b94d0d6784fccc6c6f0,NSE_1671B749B56F,2015-09-29,2015-09,2015-12-31,False,False,False,NOT_OFFICIAL_MEMBER,,TREATMENT_NOT_ACCEPTED
CA_9b94d0d6784fccc6c6f0,NSE_1671B749B56F,2015-09-29,2015-09,2016-01-29,False,False,False,NOT_OFFICIAL_MEMBER,,TREATMENT_NOT_ACCEPTED
CA_9b94d0d6784fccc6c6f0,NSE_1671B749B56F,2015-09-29,2015-09,2016-02-29,False,False,False,NOT_OFFICIAL_MEMBER,,TREATMENT_NOT_ACCEPTED
CA_9b94d0d6784fccc6c6f0,NSE_1671B749B56F,2015-09-29,2015-09,2016-03-31,False,False,False,NOT_OFFICIAL_MEMBER,,TREATMENT_NOT_ACCEPTED
CA_9b94d0d6784fccc6c6f0,NSE_1671B749B56F,2015-09-29,2015-09,2016-04-29,True,False,False,NO_INDEPENDENT_ELIGIBILITY,,TREATMENT_NOT_ACCEPTED
CA_9b94d0d6784fccc6c6f0,NSE_1671B749B56F,2015-09-29,2015-09,2016-05-31,True,False,False,NO_INDEPENDENT_ELIGIBILITY,,TREATMENT_NOT_ACCEPTED
CA_9b94d0d6784fccc6c6f0,NSE_1671B749B56F,2015-09-29,2015-09,2016-06-30,True,False,False,NO_INDEPENDENT_ELIGIBILITY,,TREATMENT_NOT_ACCEPTED
CA_9b94d0d6784fccc6c6f0,NSE_1671B749B56F,2015-09-29,2015-09,2016-07-29,True,False,False,NO_INDEPENDENT_ELIGIBILITY,,TREATMENT_NOT_ACCEPTED
CA_9b94d0d6784fccc6c6f0,NSE_1671B749B56F,2015-09-29,2015-09,2016-08-31,True,False,False,NO_INDEPENDENT_ELIGIBILITY,,TREATMENT_NOT_ACCEPTED
CA_d2da918a2e1d1a015e22,NSE_1671B749B56F,2015-09-29,2015-09,2015-10-30,False,False,False,NOT_OFFICIAL_MEMBER,,TREATMENT_NOT_ACCEPTED
CA_d2da918a2e1d1a015e22,NSE_1671B749B56F,2015-09-29,2015-09,2015-11-30,False,False,False,NOT_OFFICIAL_MEMBER,,TREATMENT_NOT_ACCEPTED
CA_d2da918a2e1d1a015e22,NSE_1671B749B56F,2015-09-29,2015-09,2015-12-31,False,False,False,NOT_OFFICIAL_MEMBER,,TREATMENT_NOT_ACCEPTED
CA_d2da918a2e1d1a015e22,NSE_1671B749B56F,2015-09-29,2015-09,2016-01-29,False,False,False,NOT_OFFICIAL_MEMBER,,TREATMENT_NOT_ACCEPTED
CA_d2da918a2e1d1a015e22,NSE_1671B749B56F,2015-09-29,2015-09,2016-02-29,False,False,False,NOT_OFFICIAL_MEMBER,,TREATMENT_NOT_ACCEPTED
CA_d2da918a2e1d1a015e22,NSE_1671B749B56F,2015-09-29,2015-09,2016-03-31,False,False,False,NOT_OFFICIAL_MEMBER,,TREATMENT_NOT_ACCEPTED
CA_d2da918a2e1d1a015e22,NSE_1671B749B56F,2015-09-29,2015-09,2016-04-29,True,False,False,NO_INDEPENDENT_ELIGIBILITY,,TREATMENT_NOT_ACCEPTED
CA_d2da918a2e1d1a015e22,NSE_1671B749B56F,2015-09-29,2015-09,2016-05-31,True,False,False,NO_INDEPENDENT_ELIGIBILITY,,TREATMENT_NOT_ACCEPTED
CA_d2da918a2e1d1a015e22,NSE_1671B749B56F,2015-09-29,2015-09,2016-06-30,True,False,False,NO_INDEPENDENT_ELIGIBILITY,,TREATMENT_NOT_ACCEPTED
CA_d2da918a2e1d1a015e22,NSE_1671B749B56F,2015-09-29,2015-09,2016-07-29,True,False,False,NO_INDEPENDENT_ELIGIBILITY,,TREATMENT_NOT_ACCEPTED
CA_d2da918a2e1d1a015e22,NSE_1671B749B56F,2015-09-29,2015-09,2016-08-31,True,False,False,NO_INDEPENDENT_ELIGIBILITY,,TREATMENT_NOT_ACCEPTED
CA_7fff13b3128fa831178b,NSE_1671B749B56F,2015-09-29,2015-09,2015-10-30,False,False,False,NOT_OFFICIAL_MEMBER,,TREATMENT_NOT_ACCEPTED
CA_7fff13b3128fa831178b,NSE_1671B749B56F,2015-09-29,2015-09,2015-11-30,False,False,False,NOT_OFFICIAL_MEMBER,,TREATMENT_NOT_ACCEPTED
CA_7fff13b3128fa831178b,NSE_1671B749B56F,2015-09-29,2015-09,2015-12-31,False,False,False,NOT_OFFICIAL_MEMBER,,TREATMENT_NOT_ACCEPTED
CA_7fff13b3128fa831178b,NSE_1671B749B56F,2015-09-29,2015-09,2016-01-29,False,False,False,NOT_OFFICIAL_MEMBER,,TREATMENT_NOT_ACCEPTED
CA_7fff13b3128fa831178b,NSE_1671B749B56F,2015-09-29,2015-09,2016-02-29,False,False,False,NOT_OFFICIAL_MEMBER,,TREATMENT_NOT_ACCEPTED
CA_7fff13b3128fa831178b,NSE_1671B749B56F,2015-09-29,2015-09,2016-03-31,False,False,False,NOT_OFFICIAL_MEMBER,,TREATMENT_NOT_ACCEPTED
CA_7fff13b3128fa831178b,NSE_1671B749B56F,2015-09-29,2015-09,2016-04-29,True,False,False,NO_INDEPENDENT_ELIGIBILITY,,TREATMENT_NOT_ACCEPTED
CA_7fff13b3128fa831178b,NSE_1671B749B56F,2015-09-29,2015-09,2016-05-31,True,False,False,NO_INDEPENDENT_ELIGIBILITY,,TREATMENT_NOT_ACCEPTED
CA_7fff13b3128fa831178b,NSE_1671B749B56F,2015-09-29,2015-09,2016-06-30,True,False,False,NO_INDEPENDENT_ELIGIBILITY,,TREATMENT_NOT_ACCEPTED
CA_7fff13b3128fa831178b,NSE_1671B749B56F,2015-09-29,2015-09,2016-07-29,True,False,False,NO_INDEPENDENT_ELIGIBILITY,,TREATMENT_NOT_ACCEPTED
CA_7fff13b3128fa831178b,NSE_1671B749B56F,2015-09-29,2015-09,2016-08-31,True,False,False,NO_INDEPENDENT_ELIGIBILITY,,TREATMENT_NOT_ACCEPTED
CA_9748c044a432c07eae8a,NSE_1671B749B56F,2015-09-29,2015-09,2015-10-30,False,False,False,NOT_OFFICIAL_MEMBER,,TREATMENT_NOT_ACCEPTED
CA_9748c044a432c07eae8a,NSE_1671B749B56F,2015-09-29,2015-09,2015-11-30,False,False,False,NOT_OFFICIAL_MEMBER,,TREATMENT_NOT_ACCEPTED
CA_9748c044a432c07eae8a,NSE_1671B749B56F,2015-09-29,2015-09,2015-12-31,False,False,False,NOT_OFFICIAL_MEMBER,,TREATMENT_NOT_ACCEPTED
CA_9748c044a432c07eae8a,NSE_1671B749B56F,2015-09-29,2015-09,2016-01-29,False,False,False,NOT_OFFICIAL_MEMBER,,TREATMENT_NOT_ACCEPTED
CA_9748c044a432c07eae8a,NSE_1671B749B56F,2015-09-29,2015-09,2016-02-29,False,False,False,NOT_OFFICIAL_MEMBER,,TREATMENT_NOT_ACCEPTED
CA_9748c044a432c07eae8a,NSE_1671B749B56F,2015-09-29,2015-09,2016-03-31,False,False,False,NOT_OFFICIAL_MEMBER,,TREATMENT_NOT_ACCEPTED
CA_9748c044a432c07eae8a,NSE_1671B749B56F,2015-09-29,2015-09,2016-04-29,True,False,False,NO_INDEPENDENT_ELIGIBILITY,,TREATMENT_NOT_ACCEPTED
CA_9748c044a432c07eae8a,NSE_1671B749B56F,2015-09-29,2015-09,2016-05-31,True,False,False,NO_INDEPENDENT_ELIGIBILITY,,TREATMENT_NOT_ACCEPTED
CA_9748c044a432c07eae8a,NSE_1671B749B56F,2015-09-29,2015-09,2016-06-30,True,False,False,NO_INDEPENDENT_ELIGIBILITY,,TREATMENT_NOT_ACCEPTED
CA_9748c044a432c07eae8a,NSE_1671B749B56F,2015-09-29,2015-09,2016-07-29,True,False,False,NO_INDEPENDENT_ELIGIBILITY,,TREATMENT_NOT_ACCEPTED
CA_9748c044a432c07eae8a,NSE_1671B749B56F,2015-09-29,2015-09,2016-08-31,True,False,False,NO_INDEPENDENT_ELIGIBILITY,,TREATMENT_NOT_ACCEPTED
CA_459e414d3b71cfec6676,NSE_1671B749B56F,2015-09-29,2015-09,2015-10-30,False,False,False,NOT_OFFICIAL_MEMBER,,TREATMENT_NOT_ACCEPTED
CA_459e414d3b71cfec6676,NSE_1671B749B56F,2015-09-29,2015-09,2015-11-30,False,False,False,NOT_OFFICIAL_MEMBER,,TREATMENT_NOT_ACCEPTED
CA_459e414d3b71cfec6676,NSE_1671B749B56F,2015-09-29,2015-09,2015-12-31,False,False,False,NOT_OFFICIAL_MEMBER,,TREATMENT_NOT_ACCEPTED
CA_459e414d3b71cfec6676,NSE_1671B749B56F,2015-09-29,2015-09,2016-01-29,False,False,False,NOT_OFFICIAL_MEMBER,,TREATMENT_NOT_ACCEPTED
CA_459e414d3b71cfec6676,NSE_1671B749B56F,2015-09-29,2015-09,2016-02-29,False,False,False,NOT_OFFICIAL_MEMBER,,TREATMENT_NOT_ACCEPTED
CA_459e414d3b71cfec6676,NSE_1671B749B56F,2015-09-29,2015-09,2016-03-31,False,False,False,NOT_OFFICIAL_MEMBER,,TREATMENT_NOT_ACCEPTED
CA_459e414d3b71cfec6676,NSE_1671B749B56F,2015-09-29,2015-09,2016-04-29,True,False,False,NO_INDEPENDENT_ELIGIBILITY,,TREATMENT_NOT_ACCEPTED
CA_459e414d3b71cfec6676,NSE_1671B749B56F,2015-09-29,2015-09,2016-05-31,True,False,False,NO_INDEPENDENT_ELIGIBILITY,,TREATMENT_NOT_ACCEPTED
CA_459e414d3b71cfec6676,NSE_1671B749B56F,2015-09-29,2015-09,2016-06-30,True,False,False,NO_INDEPENDENT_ELIGIBILITY,,TREATMENT_NOT_ACCEPTED
CA_459e414d3b71cfec6676,NSE_1671B749B56F,2015-09-29,2015-09,2016-07-29,True,False,False,NO_INDEPENDENT_ELIGIBILITY,,TREATMENT_NOT_ACCEPTED
CA_459e414d3b71cfec6676,NSE_1671B749B56F,2015-09-29,2015-09,2016-08-31,True,False,False,NO_INDEPENDENT_ELIGIBILITY,,TREATMENT_NOT_ACCEPTED
CA_b4f80bbd69424f6b183a,NSE_1671B749B56F,2015-09-29,2015-09,2015-10-30,False,False,False,NOT_OFFICIAL_MEMBER,,TREATMENT_NOT_ACCEPTED
CA_b4f80bbd69424f6b183a,NSE_1671B749B56F,2015-09-29,2015-09,2015-11-30,False,False,False,NOT_OFFICIAL_MEMBER,,TREATMENT_NOT_ACCEPTED
CA_b4f80bbd69424f6b183a,NSE_1671B749B56F,2015-09-29,2015-09,2015-12-31,False,False,False,NOT_OFFICIAL_MEMBER,,TREATMENT_NOT_ACCEPTED
CA_b4f80bbd69424f6b183a,NSE_1671B749B56F,2015-09-29,2015-09,2016-01-29,False,False,False,NOT_OFFICIAL_MEMBER,,TREATMENT_NOT_ACCEPTED
CA_b4f80bbd69424f6b183a,NSE_1671B749B56F,2015-09-29,2015-09,2016-02-29,False,False,False,NOT_OFFICIAL_MEMBER,,TREATMENT_NOT_ACCEPTED
CA_b4f80bbd69424f6b183a,NSE_1671B749B56F,2015-09-29,2015-09,2016-03-31,False,False,False,NOT_OFFICIAL_MEMBER,,TREATMENT_NOT_ACCEPTED
CA_b4f80bbd69424f6b183a,NSE_1671B749B56F,2015-09-29,2015-09,2016-04-29,True,False,False,NO_INDEPENDENT_ELIGIBILITY,,TREATMENT_NOT_ACCEPTED
CA_b4f80bbd69424f6b183a,NSE_1671B749B56F,2015-09-29,2015-09,2016-05-31,True,False,False,NO_INDEPENDENT_ELIGIBILITY,,TREATMENT_NOT_ACCEPTED
CA_b4f80bbd69424f6b183a,NSE_1671B749B56F,2015-09-29,2015-09,2016-06-30,True,False,False,NO_INDEPENDENT_ELIGIBILITY,,TREATMENT_NOT_ACCEPTED
CA_b4f80bbd69424f6b183a,NSE_1671B749B56F,2015-09-29,2015-09,2016-07-29,True,False,False,NO_INDEPENDENT_ELIGIBILITY,,TREATMENT_NOT_ACCEPTED
CA_b4f80bbd69424f6b183a,NSE_1671B749B56F,2015-09-29,2015-09,2016-08-31,True,False,False,NO_INDEPENDENT_ELIGIBILITY,,TREATMENT_NOT_ACCEPTED
CA_e683a8a93f0015fe52fe,NSE_1671B749B56F,2015-09-29,2015-09,2015-10-30,False,False,False,NOT_OFFICIAL_MEMBER,,TREATMENT_NOT_ACCEPTED
CA_e683a8a93f0015fe52fe,NSE_1671B749B56F,2015-09-29,2015-09,2015-11-30,False,False,False,NOT_OFFICIAL_MEMBER,,TREATMENT_NOT_ACCEPTED
CA_e683a8a93f0015fe52fe,NSE_1671B749B56F,2015-09-29,2015-09,2015-12-31,False,False,False,NOT_OFFICIAL_MEMBER,,TREATMENT_NOT_ACCEPTED
CA_e683a8a93f0015fe52fe,NSE_1671B749B56F,2015-09-29,2015-09,2016-01-29,False,False,False,NOT_OFFICIAL_MEMBER,,TREATMENT_NOT_ACCEPTED
CA_e683a8a93f0015fe52fe,NSE_1671B749B56F,2015-09-29,2015-09,2016-02-29,False,False,False,NOT_OFFICIAL_MEMBER,,TREATMENT_NOT_ACCEPTED
CA_e683a8a93f0015fe52fe,NSE_1671B749B56F,2015-09-29,2015-09,2016-03-31,False,False,False,NOT_OFFICIAL_MEMBER,,TREATMENT_NOT_ACCEPTED
CA_e683a8a93f0015fe52fe,NSE_1671B749B56F,2015-09-29,2015-09,2016-04-29,True,False,False,NO_INDEPENDENT_ELIGIBILITY,,TREATMENT_NOT_ACCEPTED
CA_e683a8a93f0015fe52fe,NSE_1671B749B56F,2015-09-29,2015-09,2016-05-31,True,False,False,NO_INDEPENDENT_ELIGIBILITY,,TREATMENT_NOT_ACCEPTED
CA_e683a8a93f0015fe52fe,NSE_1671B749B56F,2015-09-29,2015-09,2016-06-30,True,False,False,NO_INDEPENDENT_ELIGIBILITY,,TREATMENT_NOT_ACCEPTED
CA_e683a8a93f0015fe52fe,NSE_1671B749B56F,2015-09-29,2015-09,2016-07-29,True,False,False,NO_INDEPENDENT_ELIGIBILITY,,TREATMENT_NOT_ACCEPTED
CA_e683a8a93f0015fe52fe,NSE_1671B749B56F,2015-09-29,2015-09,2016-08-31,True,False,False,NO_INDEPENDENT_ELIGIBILITY,,TREATMENT_NOT_ACCEPTED
CA_a61682fef95fbe7aed84,NSE_1671B749B56F,2015-09-29,2015-09,2015-10-30,False,False,False,NOT_OFFICIAL_MEMBER,,TREATMENT_NOT_ACCEPTED
CA_a61682fef95fbe7aed84,NSE_1671B749B56F,2015-09-29,2015-09,2015-11-30,False,False,False,NOT_OFFICIAL_MEMBER,,TREATMENT_NOT_ACCEPTED
CA_a61682fef95fbe7aed84,NSE_1671B749B56F,2015-09-29,2015-09,2015-12-31,False,False,False,NOT_OFFICIAL_MEMBER,,TREATMENT_NOT_ACCEPTED
CA_a61682fef95fbe7aed84,NSE_1671B749B56F,2015-09-29,2015-09,2016-01-29,False,False,False,NOT_OFFICIAL_MEMBER,,TREATMENT_NOT_ACCEPTED
CA_a61682fef95fbe7aed84,NSE_1671B749B56F,2015-09-29,2015-09,2016-02-29,False,False,False,NOT_OFFICIAL_MEMBER,,TREATMENT_NOT_ACCEPTED
CA_a61682fef95fbe7aed84,NSE_1671B749B56F,2015-09-29,2015-09,2016-03-31,False,False,False,NOT_OFFICIAL_MEMBER,,TREATMENT_NOT_ACCEPTED
CA_a61682fef95fbe7aed84,NSE_1671B749B56F,2015-09-29,2015-09,2016-04-29,True,False,False,NO_INDEPENDENT_ELIGIBILITY,,TREATMENT_NOT_ACCEPTED
CA_a61682fef95fbe7aed84,NSE_1671B749B56F,2015-09-29,2015-09,2016-05-31,True,False,False,NO_INDEPENDENT_ELIGIBILITY,,TREATMENT_NOT_ACCEPTED
CA_a61682fef95fbe7aed84,NSE_1671B749B56F,2015-09-29,2015-09,2016-06-30,True,False,False,NO_INDEPENDENT_ELIGIBILITY,,TREATMENT_NOT_ACCEPTED
CA_a61682fef95fbe7aed84,NSE_1671B749B56F,2015-09-29,2015-09,2016-07-29,True,False,False,NO_INDEPENDENT_ELIGIBILITY,,TREATMENT_NOT_ACCEPTED
CA_a61682fef95fbe7aed84,NSE_1671B749B56F,2015-09-29,2015-09,2016-08-31,True,False,False,NO_INDEPENDENT_ELIGIBILITY,,TREATMENT_NOT_ACCEPTED
CA_a3bb8578d375a947c2b3,NSE_1671B749B56F,2015-09-29,2015-09,2015-10-30,False,False,False,NOT_OFFICIAL_MEMBER,,TREATMENT_NOT_ACCEPTED
CA_a3bb8578d375a947c2b3,NSE_1671B749B56F,2015-09-29,2015-09,2015-11-30,False,False,False,NOT_OFFICIAL_MEMBER,,TREATMENT_NOT_ACCEPTED
CA_a3bb8578d375a947c2b3,NSE_1671B749B56F,2015-09-29,2015-09,2015-12-31,False,False,False,NOT_OFFICIAL_MEMBER,,TREATMENT_NOT_ACCEPTED
CA_a3bb8578d375a947c2b3,NSE_1671B749B56F,2015-09-29,2015-09,2016-01-29,False,False,False,NOT_OFFICIAL_MEMBER,,TREATMENT_NOT_ACCEPTED
CA_a3bb8578d375a947c2b3,NSE_1671B749B56F,2015-09-29,2015-09,2016-02-29,False,False,False,NOT_OFFICIAL_MEMBER,,TREATMENT_NOT_ACCEPTED
CA_a3bb8578d375a947c2b3,NSE_1671B749B56F,2015-09-29,2015-09,2016-03-31,False,False,False,NOT_OFFICIAL_MEMBER,,TREATMENT_NOT_ACCEPTED
CA_a3bb8578d375a947c2b3,NSE_1671B749B56F,2015-09-29,2015-09,2016-04-29,True,False,False,NO_INDEPENDENT_ELIGIBILITY,,TREATMENT_NOT_ACCEPTED
CA_a3bb8578d375a947c2b3,NSE_1671B749B56F,2015-09-29,2015-09,2016-05-31,True,False,False,NO_INDEPENDENT_ELIGIBILITY,,TREATMENT_NOT_ACCEPTED
CA_a3bb8578d375a947c2b3,NSE_1671B749B56F,2015-09-29,2015-09,2016-06-30,True,False,False,NO_INDEPENDENT_ELIGIBILITY,,TREATMENT_NOT_ACCEPTED
CA_a3bb8578d375a947c2b3,NSE_1671B749B56F,2015-09-29,2015-09,2016-07-29,True,False,False,NO_INDEPENDENT_ELIGIBILITY,,TREATMENT_NOT_ACCEPTED
CA_a3bb8578d375a947c2b3,NSE_1671B749B56F,2015-09-29,2015-09,2016-08-31,True,False,False,NO_INDEPENDENT_ELIGIBILITY,,TREATMENT_NOT_ACCEPTED
CA_fb9bbe6d8818ab95b335,NSE_1671B749B56F,2015-09-29,2015-09,2015-10-30,False,False,False,NOT_OFFICIAL_MEMBER,,TREATMENT_NOT_ACCEPTED
CA_fb9bbe6d8818ab95b335,NSE_1671B749B56F,2015-09-29,2015-09,2015-11-30,False,False,False,NOT_OFFICIAL_MEMBER,,TREATMENT_NOT_ACCEPTED
CA_fb9bbe6d8818ab95b335,NSE_1671B749B56F,2015-09-29,2015-09,2015-12-31,False,False,False,NOT_OFFICIAL_MEMBER,,TREATMENT_NOT_ACCEPTED
CA_fb9bbe6d8818ab95b335,NSE_1671B749B56F,2015-09-29,2015-09,2016-01-29,False,False,False,NOT_OFFICIAL_MEMBER,,TREATMENT_NOT_ACCEPTED
CA_fb9bbe6d8818ab95b335,NSE_1671B749B56F,2015-09-29,2015-09,2016-02-29,False,False,False,NOT_OFFICIAL_MEMBER,,TREATMENT_NOT_ACCEPTED
CA_fb9bbe6d8818ab95b335,NSE_1671B749B56F,2015-09-29,2015-09,2016-03-31,False,False,False,NOT_OFFICIAL_MEMBER,,TREATMENT_NOT_ACCEPTED
CA_fb9bbe6d8818ab95b335,NSE_1671B749B56F,2015-09-29,2015-09,2016-04-29,True,False,False,NO_INDEPENDENT_ELIGIBILITY,,TREATMENT_NOT_ACCEPTED
CA_fb9bbe6d8818ab95b335,NSE_1671B749B56F,2015-09-29,2015-09,2016-05-31,True,False,False,NO_INDEPENDENT_ELIGIBILITY,,TREATMENT_NOT_ACCEPTED
CA_fb9bbe6d8818ab95b335,NSE_1671B749B56F,2015-09-29,2015-09,2016-06-30,True,False,False,NO_INDEPENDENT_ELIGIBILITY,,TREATMENT_NOT_ACCEPTED
CA_fb9bbe6d8818ab95b335,NSE_1671B749B56F,2015-09-29,2015-09,2016-07-29,True,False,False,NO_INDEPENDENT_ELIGIBILITY,,TREATMENT_NOT_ACCEPTED
CA_fb9bbe6d8818ab95b335,NSE_1671B749B56F,2015-09-29,2015-09,2016-08-31,True,False,False,NO_INDEPENDENT_ELIGIBILITY,,TREATMENT_NOT_ACCEPTED
CA_7287367d0d3ab252fb21,NSE_1671B749B56F,2015-09-29,2015-09,2015-10-30,False,False,False,NOT_OFFICIAL_MEMBER,,TREATMENT_NOT_ACCEPTED
CA_7287367d0d3ab252fb21,NSE_1671B749B56F,2015-09-29,2015-09,2015-11-30,False,False,False,NOT_OFFICIAL_MEMBER,,TREATMENT_NOT_ACCEPTED
CA_7287367d0d3ab252fb21,NSE_1671B749B56F,2015-09-29,2015-09,2015-12-31,False,False,False,NOT_OFFICIAL_MEMBER,,TREATMENT_NOT_ACCEPTED
CA_7287367d0d3ab252fb21,NSE_1671B749B56F,2015-09-29,2015-09,2016-01-29,False,False,False,NOT_OFFICIAL_MEMBER,,TREATMENT_NOT_ACCEPTED
CA_7287367d0d3ab252fb21,NSE_1671B749B56F,2015-09-29,2015-09,2016-02-29,False,False,False,NOT_OFFICIAL_MEMBER,,TREATMENT_NOT_ACCEPTED
CA_7287367d0d3ab252fb21,NSE_1671B749B56F,2015-09-29,2015-09,2016-03-31,False,False,False,NOT_OFFICIAL_MEMBER,,TREATMENT_NOT_ACCEPTED
CA_7287367d0d3ab252fb21,NSE_1671B749B56F,2015-09-29,2015-09,2016-04-29,True,False,False,NO_INDEPENDENT_ELIGIBILITY,,TREATMENT_NOT_ACCEPTED
CA_7287367d0d3ab252fb21,NSE_1671B749B56F,2015-09-29,2015-09,2016-05-31,True,False,False,NO_INDEPENDENT_ELIGIBILITY,,TREATMENT_NOT_ACCEPTED
CA_7287367d0d3ab252fb21,NSE_1671B749B56F,2015-09-29,2015-09,2016-06-30,True,False,False,NO_INDEPENDENT_ELIGIBILITY,,TREATMENT_NOT_ACCEPTED
CA_7287367d0d3ab252fb21,NSE_1671B749B56F,2015-09-29,2015-09,2016-07-29,True,False,False,NO_INDEPENDENT_ELIGIBILITY,,TREATMENT_NOT_ACCEPTED
CA_7287367d0d3ab252fb21,NSE_1671B749B56F,2015-09-29,2015-09,2016-08-31,True,False,False,NO_INDEPENDENT_ELIGIBILITY,,TREATMENT_NOT_ACCEPTED
CA_9a44748e33a9e6bfc8f7,NSE_1671B749B56F,2015-10-01,2015-10,2015-11-30,False,False,False,NOT_OFFICIAL_MEMBER,,TREATMENT_NOT_ACCEPTED
CA_9a44748e33a9e6bfc8f7,NSE_1671B749B56F,2015-10-01,2015-10,2015-12-31,False,False,False,NOT_OFFICIAL_MEMBER,,TREATMENT_NOT_ACCEPTED
CA_9a44748e33a9e6bfc8f7,NSE_1671B749B56F,2015-10-01,2015-10,2016-01-29,False,False,False,NOT_OFFICIAL_MEMBER,,TREATMENT_NOT_ACCEPTED
CA_9a44748e33a9e6bfc8f7,NSE_1671B749B56F,2015-10-01,2015-10,2016-02-29,False,False,False,NOT_OFFICIAL_MEMBER,,TREATMENT_NOT_ACCEPTED
CA_9a44748e33a9e6bfc8f7,NSE_1671B749B56F,2015-10-01,2015-10,2016-03-31,False,False,False,NOT_OFFICIAL_MEMBER,,TREATMENT_NOT_ACCEPTED
CA_9a44748e33a9e6bfc8f7,NSE_1671B749B56F,2015-10-01,2015-10,2016-04-29,True,False,False,NO_INDEPENDENT_ELIGIBILITY,,TREATMENT_NOT_ACCEPTED
CA_9a44748e33a9e6bfc8f7,NSE_1671B749B56F,2015-10-01,2015-10,2016-05-31,True,False,False,NO_INDEPENDENT_ELIGIBILITY,,TREATMENT_NOT_ACCEPTED
CA_9a44748e33a9e6bfc8f7,NSE_1671B749B56F,2015-10-01,2015-10,2016-06-30,True,False,False,NO_INDEPENDENT_ELIGIBILITY,,TREATMENT_NOT_ACCEPTED
CA_9a44748e33a9e6bfc8f7,NSE_1671B749B56F,2015-10-01,2015-10,2016-07-29,True,False,False,NO_INDEPENDENT_ELIGIBILITY,,TREATMENT_NOT_ACCEPTED
CA_9a44748e33a9e6bfc8f7,NSE_1671B749B56F,2015-10-01,2015-10,2016-08-31,True,False,False,NO_INDEPENDENT_ELIGIBILITY,,TREATMENT_NOT_ACCEPTED
CA_9a44748e33a9e6bfc8f7,NSE_1671B749B56F,2015-10-01,2015-10,2016-09-30,True,True,True,UNKNOWN_MISSING_ECONOMIC_RETURN,0.5969620844415524,TREATMENT_NOT_ACCEPTED
CA_25d92bfd331e98d5bc85,,2015-10-29,2015-10,,,,,UNKNOWN_IDENTITY,,POSSIBLE_MEMBER_IDENTITY_UNRESOLVED
CA_eb8ec60bd0c8f1584789,,2015-10-29,2015-10,,,,,UNKNOWN_IDENTITY,,POSSIBLE_MEMBER_IDENTITY_UNRESOLVED
CA_da7d9673a7e339e185ee,NSE_329ABD1F5CCD,2015-11-19,2015-11,2015-12-31,False,False,False,NOT_OFFICIAL_MEMBER,,TREATMENT_NOT_ACCEPTED
CA_da7d9673a7e339e185ee,NSE_329ABD1F5CCD,2015-11-19,2015-11,2016-01-29,False,False,False,NOT_OFFICIAL_MEMBER,,TREATMENT_NOT_ACCEPTED
CA_da7d9673a7e339e185ee,NSE_329ABD1F5CCD,2015-11-19,2015-11,2016-02-29,False,False,False,NOT_OFFICIAL_MEMBER,,TREATMENT_NOT_ACCEPTED
CA_da7d9673a7e339e185ee,NSE_329ABD1F5CCD,2015-11-19,2015-11,2016-03-31,False,False,False,NOT_OFFICIAL_MEMBER,,TREATMENT_NOT_ACCEPTED
CA_da7d9673a7e339e185ee,NSE_329ABD1F5CCD,2015-11-19,2015-11,2016-04-29,False,False,False,NOT_OFFICIAL_MEMBER,,TREATMENT_NOT_ACCEPTED
CA_da7d9673a7e339e185ee,NSE_329ABD1F5CCD,2015-11-19,2015-11,2016-05-31,False,False,False,NOT_OFFICIAL_MEMBER,,TREATMENT_NOT_ACCEPTED
CA_da7d9673a7e339e185ee,NSE_329ABD1F5CCD,2015-11-19,2015-11,2016-06-30,False,False,False,NOT_OFFICIAL_MEMBER,,TREATMENT_NOT_ACCEPTED
CA_da7d9673a7e339e185ee,NSE_329ABD1F5CCD,2015-11-19,2015-11,2016-07-29,False,False,False,NOT_OFFICIAL_MEMBER,,TREATMENT_NOT_ACCEPTED
CA_da7d9673a7e339e185ee,NSE_329ABD1F5CCD,2015-11-19,2015-11,2016-08-31,False,False,False,NOT_OFFICIAL_MEMBER,,TREATMENT_NOT_ACCEPTED
CA_da7d9673a7e339e185ee,NSE_329ABD1F5CCD,2015-11-19,2015-11,2016-09-30,False,False,False,NOT_OFFICIAL_MEMBER,,TREATMENT_NOT_ACCEPTED
CA_da7d9673a7e339e185ee,NSE_329ABD1F5CCD,2015-11-19,2015-11,2016-10-30,False,False,False,NOT_OFFICIAL_MEMBER,,TREATMENT_NOT_ACCEPTED
CA_1ef6e0f15339c33531c0,NSE_98CBA18954BD,2016-01-27,2016-01,2016-02-29,False,False,False,NOT_OFFICIAL_MEMBER,,TREATMENT_NOT_ACCEPTED
CA_1ef6e0f15339c33531c0,NSE_98CBA18954BD,2016-01-27,2016-01,2016-03-31,False,False,False,NOT_OFFICIAL_MEMBER,,TREATMENT_NOT_ACCEPTED
CA_1ef6e0f15339c33531c0,NSE_98CBA18954BD,2016-01-27,2016-01,2016-04-29,False,False,False,NOT_OFFICIAL_MEMBER,,TREATMENT_NOT_ACCEPTED
CA_1ef6e0f15339c33531c0,NSE_98CBA18954BD,2016-01-27,2016-01,2016-05-31,False,False,False,NOT_OFFICIAL_MEMBER,,TREATMENT_NOT_ACCEPTED
CA_1ef6e0f15339c33531c0,NSE_98CBA18954BD,2016-01-27,2016-01,2016-06-30,False,False,False,NOT_OFFICIAL_MEMBER,,TREATMENT_NOT_ACCEPTED
CA_1ef6e0f15339c33531c0,NSE_98CBA18954BD,2016-01-27,2016-01,2016-07-29,False,False,False,NOT_OFFICIAL_MEMBER,,TREATMENT_NOT_ACCEPTED
CA_1ef6e0f15339c33531c0,NSE_98CBA18954BD,2016-01-27,2016-01,2016-08-31,False,False,False,NOT_OFFICIAL_MEMBER,,TREATMENT_NOT_ACCEPTED
CA_1ef6e0f15339c33531c0,NSE_98CBA18954BD,2016-01-27,2016-01,2016-09-30,True,True,True,UNKNOWN_MISSING_ECONOMIC_RETURN,0.08662204158749698,TREATMENT_NOT_ACCEPTED
CA_1ef6e0f15339c33531c0,NSE_98CBA18954BD,2016-01-27,2016-01,2016-10-30,True,True,True,UNKNOWN_MISSING_ECONOMIC_RETURN,0.06653302887578683,TREATMENT_NOT_ACCEPTED
CA_1ef6e0f15339c33531c0,NSE_98CBA18954BD,2016-01-27,2016-01,2016-11-30,True,True,True,UNKNOWN_MISSING_ECONOMIC_RETURN,0.10169242003672396,TREATMENT_NOT_ACCEPTED
CA_1ef6e0f15339c33531c0,NSE_98CBA18954BD,2016-01-27,2016-01,2016-12-30,True,True,True,UNKNOWN_MISSING_ECONOMIC_RETURN,0.01931006461246998,TREATMENT_NOT_ACCEPTED
CA_1ccd99a3ef81412061c4,NSE_D35374D82BA3,2016-02-04,2016-02,2016-03-31,False,False,False,NOT_OFFICIAL_MEMBER,,TREATMENT_NOT_ACCEPTED
CA_1ccd99a3ef81412061c4,NSE_D35374D82BA3,2016-02-04,2016-02,2016-04-29,False,False,False,NOT_OFFICIAL_MEMBER,,TREATMENT_NOT_ACCEPTED
CA_1ccd99a3ef81412061c4,NSE_D35374D82BA3,2016-02-04,2016-02,2016-05-31,False,False,False,NOT_OFFICIAL_MEMBER,,TREATMENT_NOT_ACCEPTED
CA_1ccd99a3ef81412061c4,NSE_D35374D82BA3,2016-02-04,2016-02,2016-06-30,False,False,False,NOT_OFFICIAL_MEMBER,,TREATMENT_NOT_ACCEPTED
CA_1ccd99a3ef81412061c4,NSE_D35374D82BA3,2016-02-04,2016-02,2016-07-29,False,False,False,NOT_OFFICIAL_MEMBER,,TREATMENT_NOT_ACCEPTED
CA_1ccd99a3ef81412061c4,NSE_D35374D82BA3,2016-02-04,2016-02,2016-08-31,False,False,False,NOT_OFFICIAL_MEMBER,,TREATMENT_NOT_ACCEPTED
CA_1ccd99a3ef81412061c4,NSE_D35374D82BA3,2016-02-04,2016-02,2016-09-30,True,False,False,NO_INDEPENDENT_ELIGIBILITY,,TREATMENT_NOT_ACCEPTED
CA_1ccd99a3ef81412061c4,NSE_D35374D82BA3,2016-02-04,2016-02,2016-10-30,True,False,False,NO_INDEPENDENT_ELIGIBILITY,,TREATMENT_NOT_ACCEPTED
CA_1ccd99a3ef81412061c4,NSE_D35374D82BA3,2016-02-04,2016-02,2016-11-30,True,False,False,NO_INDEPENDENT_ELIGIBILITY,,TREATMENT_NOT_ACCEPTED
CA_1ccd99a3ef81412061c4,NSE_D35374D82BA3,2016-02-04,2016-02,2016-12-30,True,False,False,NO_INDEPENDENT_ELIGIBILITY,,TREATMENT_NOT_ACCEPTED
CA_1ccd99a3ef81412061c4,NSE_D35374D82BA3,2016-02-04,2016-02,2017-01-31,True,False,False,NO_INDEPENDENT_ELIGIBILITY,,TREATMENT_NOT_ACCEPTED
CA_7ea921c2f66fdc092188,NSE_D35374D82BA3,2016-02-04,2016-02,2016-03-31,False,False,False,NOT_OFFICIAL_MEMBER,,TREATMENT_NOT_ACCEPTED
CA_7ea921c2f66fdc092188,NSE_D35374D82BA3,2016-02-04,2016-02,2016-04-29,False,False,False,NOT_OFFICIAL_MEMBER,,TREATMENT_NOT_ACCEPTED
CA_7ea921c2f66fdc092188,NSE_D35374D82BA3,2016-02-04,2016-02,2016-05-31,False,False,False,NOT_OFFICIAL_MEMBER,,TREATMENT_NOT_ACCEPTED
CA_7ea921c2f66fdc092188,NSE_D35374D82BA3,2016-02-04,2016-02,2016-06-30,False,False,False,NOT_OFFICIAL_MEMBER,,TREATMENT_NOT_ACCEPTED
CA_7ea921c2f66fdc092188,NSE_D35374D82BA3,2016-02-04,2016-02,2016-07-29,False,False,False,NOT_OFFICIAL_MEMBER,,TREATMENT_NOT_ACCEPTED
CA_7ea921c2f66fdc092188,NSE_D35374D82BA3,2016-02-04,2016-02,2016-08-31,False,False,False,NOT_OFFICIAL_MEMBER,,TREATMENT_NOT_ACCEPTED
CA_7ea921c2f66fdc092188,NSE_D35374D82BA3,2016-02-04,2016-02,2016-09-30,True,False,False,NO_INDEPENDENT_ELIGIBILITY,,TREATMENT_NOT_ACCEPTED
CA_7ea921c2f66fdc092188,NSE_D35374D82BA3,2016-02-04,2016-02,2016-10-30,True,False,False,NO_INDEPENDENT_ELIGIBILITY,,TREATMENT_NOT_ACCEPTED
CA_7ea921c2f66fdc092188,NSE_D35374D82BA3,2016-02-04,2016-02,2016-11-30,True,False,False,NO_INDEPENDENT_ELIGIBILITY,,TREATMENT_NOT_ACCEPTED
CA_7ea921c2f66fdc092188,NSE_D35374D82BA3,2016-02-04,2016-02,2016-12-30,True,False,False,NO_INDEPENDENT_ELIGIBILITY,,TREATMENT_NOT_ACCEPTED
CA_7ea921c2f66fdc092188,NSE_D35374D82BA3,2016-02-04,2016-02,2017-01-31,True,False,False,NO_INDEPENDENT_ELIGIBILITY,,TREATMENT_NOT_ACCEPTED
CA_d68d9be194519be0bb03,NSE_812A4A064978,2016-03-15,2016-03,2016-04-29,False,False,False,NOT_OFFICIAL_MEMBER,,TREATMENT_NOT_ACCEPTED
CA_d68d9be194519be0bb03,NSE_812A4A064978,2016-03-15,2016-03,2016-05-31,False,False,False,NOT_OFFICIAL_MEMBER,,TREATMENT_NOT_ACCEPTED
CA_d68d9be194519be0bb03,NSE_812A4A064978,2016-03-15,2016-03,2016-06-30,False,False,False,NOT_OFFICIAL_MEMBER,,TREATMENT_NOT_ACCEPTED
CA_d68d9be194519be0bb03,NSE_812A4A064978,2016-03-15,2016-03,2016-07-29,False,False,False,NOT_OFFICIAL_MEMBER,,TREATMENT_NOT_ACCEPTED
CA_d68d9be194519be0bb03,NSE_812A4A064978,2016-03-15,2016-03,2016-08-31,False,False,False,NOT_OFFICIAL_MEMBER,,TREATMENT_NOT_ACCEPTED
CA_d68d9be194519be0bb03,NSE_812A4A064978,2016-03-15,2016-03,2016-09-30,True,True,True,UNKNOWN_MISSING_ECONOMIC_RETURN,0.32201488225897457,TREATMENT_NOT_ACCEPTED
CA_d68d9be194519be0bb03,NSE_812A4A064978,2016-03-15,2016-03,2016-10-30,True,True,True,UNKNOWN_MISSING_ECONOMIC_RETURN,0.36429246502151824,TREATMENT_NOT_ACCEPTED
CA_d68d9be194519be0bb03,NSE_812A4A064978,2016-03-15,2016-03,2016-11-30,True,True,True,UNKNOWN_MISSING_ECONOMIC_RETURN,0.5498246521149144,TREATMENT_NOT_ACCEPTED
CA_d68d9be194519be0bb03,NSE_812A4A064978,2016-03-15,2016-03,2016-12-30,True,True,True,UNKNOWN_MISSING_ECONOMIC_RETURN,0.396608235251918,TREATMENT_NOT_ACCEPTED
CA_d68d9be194519be0bb03,NSE_812A4A064978,2016-03-15,2016-03,2017-01-31,True,True,True,UNKNOWN_MISSING_ECONOMIC_RETURN,0.658876446229353,TREATMENT_NOT_ACCEPTED
CA_d68d9be194519be0bb03,NSE_812A4A064978,2016-03-15,2016-03,2017-02-28,True,True,True,UNKNOWN_MISSING_ECONOMIC_RETURN,0.4504233018640609,TREATMENT_NOT_ACCEPTED
CA_167b70c508f26f36f910,NSE_D35374D82BA3,2016-03-22,2016-03,2016-04-29,False,False,False,NOT_OFFICIAL_MEMBER,,TREATMENT_NOT_ACCEPTED
CA_167b70c508f26f36f910,NSE_D35374D82BA3,2016-03-22,2016-03,2016-05-31,False,False,False,NOT_OFFICIAL_MEMBER,,TREATMENT_NOT_ACCEPTED
CA_167b70c508f26f36f910,NSE_D35374D82BA3,2016-03-22,2016-03,2016-06-30,False,False,False,NOT_OFFICIAL_MEMBER,,TREATMENT_NOT_ACCEPTED
CA_167b70c508f26f36f910,NSE_D35374D82BA3,2016-03-22,2016-03,2016-07-29,False,False,False,NOT_OFFICIAL_MEMBER,,TREATMENT_NOT_ACCEPTED
CA_167b70c508f26f36f910,NSE_D35374D82BA3,2016-03-22,2016-03,2016-08-31,False,False,False,NOT_OFFICIAL_MEMBER,,TREATMENT_NOT_ACCEPTED
CA_167b70c508f26f36f910,NSE_D35374D82BA3,2016-03-22,2016-03,2016-09-30,True,False,False,NO_INDEPENDENT_ELIGIBILITY,,TREATMENT_NOT_ACCEPTED
CA_167b70c508f26f36f910,NSE_D35374D82BA3,2016-03-22,2016-03,2016-10-30,True,False,False,NO_INDEPENDENT_ELIGIBILITY,,TREATMENT_NOT_ACCEPTED
CA_167b70c508f26f36f910,NSE_D35374D82BA3,2016-03-22,2016-03,2016-11-30,True,False,False,NO_INDEPENDENT_ELIGIBILITY,,TREATMENT_NOT_ACCEPTED
CA_167b70c508f26f36f910,NSE_D35374D82BA3,2016-03-22,2016-03,2016-12-30,True,False,False,NO_INDEPENDENT_ELIGIBILITY,,TREATMENT_NOT_ACCEPTED
CA_167b70c508f26f36f910,NSE_D35374D82BA3,2016-03-22,2016-03,2017-01-31,True,False,False,NO_INDEPENDENT_ELIGIBILITY,,TREATMENT_NOT_ACCEPTED
CA_167b70c508f26f36f910,NSE_D35374D82BA3,2016-03-22,2016-03,2017-02-28,True,False,False,NO_INDEPENDENT_ELIGIBILITY,,TREATMENT_NOT_ACCEPTED
CA_e30c6ef0c3f6ac153efa,NSE_D35374D82BA3,2016-03-22,2016-03,2016-04-29,False,False,False,NOT_OFFICIAL_MEMBER,,TREATMENT_NOT_ACCEPTED
CA_e30c6ef0c3f6ac153efa,NSE_D35374D82BA3,2016-03-22,2016-03,2016-05-31,False,False,False,NOT_OFFICIAL_MEMBER,,TREATMENT_NOT_ACCEPTED
CA_e30c6ef0c3f6ac153efa,NSE_D35374D82BA3,2016-03-22,2016-03,2016-06-30,False,False,False,NOT_OFFICIAL_MEMBER,,TREATMENT_NOT_ACCEPTED
CA_e30c6ef0c3f6ac153efa,NSE_D35374D82BA3,2016-03-22,2016-03,2016-07-29,False,False,False,NOT_OFFICIAL_MEMBER,,TREATMENT_NOT_ACCEPTED
CA_e30c6ef0c3f6ac153efa,NSE_D35374D82BA3,2016-03-22,2016-03,2016-08-31,False,False,False,NOT_OFFICIAL_MEMBER,,TREATMENT_NOT_ACCEPTED
CA_e30c6ef0c3f6ac153efa,NSE_D35374D82BA3,2016-03-22,2016-03,2016-09-30,True,False,False,NO_INDEPENDENT_ELIGIBILITY,,TREATMENT_NOT_ACCEPTED
CA_e30c6ef0c3f6ac153efa,NSE_D35374D82BA3,2016-03-22,2016-03,2016-10-30,True,False,False,NO_INDEPENDENT_ELIGIBILITY,,TREATMENT_NOT_ACCEPTED
CA_e30c6ef0c3f6ac153efa,NSE_D35374D82BA3,2016-03-22,2016-03,2016-11-30,True,False,False,NO_INDEPENDENT_ELIGIBILITY,,TREATMENT_NOT_ACCEPTED
CA_e30c6ef0c3f6ac153efa,NSE_D35374D82BA3,2016-03-22,2016-03,2016-12-30,True,False,False,NO_INDEPENDENT_ELIGIBILITY,,TREATMENT_NOT_ACCEPTED
CA_e30c6ef0c3f6ac153efa,NSE_D35374D82BA3,2016-03-22,2016-03,2017-01-31,True,False,False,NO_INDEPENDENT_ELIGIBILITY,,TREATMENT_NOT_ACCEPTED
CA_e30c6ef0c3f6ac153efa,NSE_D35374D82BA3,2016-03-22,2016-03,2017-02-28,True,False,False,NO_INDEPENDENT_ELIGIBILITY,,TREATMENT_NOT_ACCEPTED
CA_2f82444835129326fbd0,NSE_EF0E9934D1DE,2016-05-11,2016-05,2016-06-30,False,False,False,NOT_OFFICIAL_MEMBER,,TREATMENT_NOT_ACCEPTED
CA_2f82444835129326fbd0,NSE_EF0E9934D1DE,2016-05-11,2016-05,2016-07-29,False,False,False,NOT_OFFICIAL_MEMBER,,TREATMENT_NOT_ACCEPTED
CA_2f82444835129326fbd0,NSE_EF0E9934D1DE,2016-05-11,2016-05,2016-08-31,False,False,False,NOT_OFFICIAL_MEMBER,,TREATMENT_NOT_ACCEPTED
CA_2f82444835129326fbd0,NSE_EF0E9934D1DE,2016-05-11,2016-05,2016-09-30,False,False,False,NOT_OFFICIAL_MEMBER,,TREATMENT_NOT_ACCEPTED
CA_2f82444835129326fbd0,NSE_EF0E9934D1DE,2016-05-11,2016-05,2016-10-30,False,False,False,NOT_OFFICIAL_MEMBER,,TREATMENT_NOT_ACCEPTED
CA_2f82444835129326fbd0,NSE_EF0E9934D1DE,2016-05-11,2016-05,2016-11-30,False,False,False,NOT_OFFICIAL_MEMBER,,TREATMENT_NOT_ACCEPTED
CA_2f82444835129326fbd0,NSE_EF0E9934D1DE,2016-05-11,2016-05,2016-12-30,False,False,False,NOT_OFFICIAL_MEMBER,,TREATMENT_NOT_ACCEPTED
CA_2f82444835129326fbd0,NSE_EF0E9934D1DE,2016-05-11,2016-05,2017-01-31,False,False,False,NOT_OFFICIAL_MEMBER,,TREATMENT_NOT_ACCEPTED
CA_2f82444835129326fbd0,NSE_EF0E9934D1DE,2016-05-11,2016-05,2017-02-28,False,False,False,NOT_OFFICIAL_MEMBER,,TREATMENT_NOT_ACCEPTED
CA_2f82444835129326fbd0,NSE_EF0E9934D1DE,2016-05-11,2016-05,2017-03-31,False,False,False,NOT_OFFICIAL_MEMBER,,TREATMENT_NOT_ACCEPTED
CA_2f82444835129326fbd0,NSE_EF0E9934D1DE,2016-05-11,2016-05,2017-04-28,False,False,False,NOT_OFFICIAL_MEMBER,,TREATMENT_NOT_ACCEPTED
CA_01b53b51cb7beb6a2915,NSE_D5AEC8D4EBC0,2016-08-25,2016-08,2016-09-30,False,False,False,NOT_OFFICIAL_MEMBER,,TREATMENT_NOT_ACCEPTED
CA_01b53b51cb7beb6a2915,NSE_D5AEC8D4EBC0,2016-08-25,2016-08,2016-10-30,False,False,False,NOT_OFFICIAL_MEMBER,,TREATMENT_NOT_ACCEPTED
CA_01b53b51cb7beb6a2915,NSE_D5AEC8D4EBC0,2016-08-25,2016-08,2016-11-30,False,False,False,NOT_OFFICIAL_MEMBER,,TREATMENT_NOT_ACCEPTED
CA_01b53b51cb7beb6a2915,NSE_D5AEC8D4EBC0,2016-08-25,2016-08,2016-12-30,False,False,False,NOT_OFFICIAL_MEMBER,,TREATMENT_NOT_ACCEPTED
CA_01b53b51cb7beb6a2915,NSE_D5AEC8D4EBC0,2016-08-25,2016-08,2017-01-31,False,False,False,NOT_OFFICIAL_MEMBER,,TREATMENT_NOT_ACCEPTED
CA_01b53b51cb7beb6a2915,NSE_D5AEC8D4EBC0,2016-08-25,2016-08,2017-02-28,False,False,False,NOT_OFFICIAL_MEMBER,,TREATMENT_NOT_ACCEPTED
CA_01b53b51cb7beb6a2915,NSE_D5AEC8D4EBC0,2016-08-25,2016-08,2017-03-31,False,False,False,NOT_OFFICIAL_MEMBER,,TREATMENT_NOT_ACCEPTED
CA_01b53b51cb7beb6a2915,NSE_D5AEC8D4EBC0,2016-08-25,2016-08,2017-04-28,False,False,False,NOT_OFFICIAL_MEMBER,,TREATMENT_NOT_ACCEPTED
CA_01b53b51cb7beb6a2915,NSE_D5AEC8D4EBC0,2016-08-25,2016-08,2017-05-31,False,False,False,NOT_OFFICIAL_MEMBER,,TREATMENT_NOT_ACCEPTED
CA_01b53b51cb7beb6a2915,NSE_D5AEC8D4EBC0,2016-08-25,2016-08,2017-06-30,False,False,False,NOT_OFFICIAL_MEMBER,,TREATMENT_NOT_ACCEPTED
CA_01b53b51cb7beb6a2915,NSE_D5AEC8D4EBC0,2016-08-25,2016-08,2017-07-31,False,False,False,NOT_OFFICIAL_MEMBER,,TREATMENT_NOT_ACCEPTED
CA_b0eba0f7b5242fea8f4c,NSE_B7616A734F2C,2016-08-26,2016-08,2016-09-30,False,False,False,NOT_OFFICIAL_MEMBER,,TREATMENT_NOT_ACCEPTED
CA_b0eba0f7b5242fea8f4c,NSE_B7616A734F2C,2016-08-26,2016-08,2016-10-30,False,False,False,NOT_OFFICIAL_MEMBER,,TREATMENT_NOT_ACCEPTED
CA_b0eba0f7b5242fea8f4c,NSE_B7616A734F2C,2016-08-26,2016-08,2016-11-30,False,False,False,NOT_OFFICIAL_MEMBER,,TREATMENT_NOT_ACCEPTED
CA_b0eba0f7b5242fea8f4c,NSE_B7616A734F2C,2016-08-26,2016-08,2016-12-30,False,False,False,NOT_OFFICIAL_MEMBER,,TREATMENT_NOT_ACCEPTED
CA_b0eba0f7b5242fea8f4c,NSE_B7616A734F2C,2016-08-26,2016-08,2017-01-31,False,False,False,NOT_OFFICIAL_MEMBER,,TREATMENT_NOT_ACCEPTED
CA_b0eba0f7b5242fea8f4c,NSE_B7616A734F2C,2016-08-26,2016-08,2017-02-28,False,False,False,NOT_OFFICIAL_MEMBER,,TREATMENT_NOT_ACCEPTED
CA_b0eba0f7b5242fea8f4c,NSE_B7616A734F2C,2016-08-26,2016-08,2017-03-31,False,False,False,NOT_OFFICIAL_MEMBER,,TREATMENT_NOT_ACCEPTED
CA_b0eba0f7b5242fea8f4c,NSE_B7616A734F2C,2016-08-26,2016-08,2017-04-28,False,False,False,NOT_OFFICIAL_MEMBER,,TREATMENT_NOT_ACCEPTED
CA_b0eba0f7b5242fea8f4c,NSE_B7616A734F2C,2016-08-26,2016-08,2017-05-31,False,False,False,NOT_OFFICIAL_MEMBER,,TREATMENT_NOT_ACCEPTED
CA_b0eba0f7b5242fea8f4c,NSE_B7616A734F2C,2016-08-26,2016-08,2017-06-30,False,False,False,NOT_OFFICIAL_MEMBER,,TREATMENT_NOT_ACCEPTED
CA_b0eba0f7b5242fea8f4c,NSE_B7616A734F2C,2016-08-26,2016-08,2017-07-31,False,False,False,NOT_OFFICIAL_MEMBER,,TREATMENT_NOT_ACCEPTED
CA_177b994cac5fe4b86839,NSE_016878F56F2B,2016-09-22,2016-09,2016-10-30,False,False,False,NOT_OFFICIAL_MEMBER,,TREATMENT_NOT_ACCEPTED
CA_177b994cac5fe4b86839,NSE_016878F56F2B,2016-09-22,2016-09,2016-11-30,False,False,False,NOT_OFFICIAL_MEMBER,,TREATMENT_NOT_ACCEPTED
CA_177b994cac5fe4b86839,NSE_016878F56F2B,2016-09-22,2016-09,2016-12-30,False,False,False,NOT_OFFICIAL_MEMBER,,TREATMENT_NOT_ACCEPTED
CA_177b994cac5fe4b86839,NSE_016878F56F2B,2016-09-22,2016-09,2017-01-31,False,False,False,NOT_OFFICIAL_MEMBER,,TREATMENT_NOT_ACCEPTED
CA_177b994cac5fe4b86839,NSE_016878F56F2B,2016-09-22,2016-09,2017-02-28,False,False,False,NOT_OFFICIAL_MEMBER,,TREATMENT_NOT_ACCEPTED
CA_177b994cac5fe4b86839,NSE_016878F56F2B,2016-09-22,2016-09,2017-03-31,False,False,False,NOT_OFFICIAL_MEMBER,,TREATMENT_NOT_ACCEPTED
CA_177b994cac5fe4b86839,NSE_016878F56F2B,2016-09-22,2016-09,2017-04-28,False,False,False,NOT_OFFICIAL_MEMBER,,TREATMENT_NOT_ACCEPTED
CA_177b994cac5fe4b86839,NSE_016878F56F2B,2016-09-22,2016-09,2017-05-31,False,False,False,NOT_OFFICIAL_MEMBER,,TREATMENT_NOT_ACCEPTED
CA_177b994cac5fe4b86839,NSE_016878F56F2B,2016-09-22,2016-09,2017-06-30,False,False,False,NOT_OFFICIAL_MEMBER,,TREATMENT_NOT_ACCEPTED
CA_177b994cac5fe4b86839,NSE_016878F56F2B,2016-09-22,2016-09,2017-07-31,False,False,False,NOT_OFFICIAL_MEMBER,,TREATMENT_NOT_ACCEPTED
CA_177b994cac5fe4b86839,NSE_016878F56F2B,2016-09-22,2016-09,2017-08-31,False,False,False,NOT_OFFICIAL_MEMBER,,TREATMENT_NOT_ACCEPTED
CA_7524a38c1ec62c751318,NSE_AE4994F757D1,2017-02-06,2017-02,2017-03-31,False,False,False,NOT_OFFICIAL_MEMBER,,MARKET_OR_PREVIOUS_SESSION_UNAVAILABLE
CA_7524a38c1ec62c751318,NSE_AE4994F757D1,2017-02-06,2017-02,2017-04-28,False,False,False,NOT_OFFICIAL_MEMBER,,MARKET_OR_PREVIOUS_SESSION_UNAVAILABLE
CA_7524a38c1ec62c751318,NSE_AE4994F757D1,2017-02-06,2017-02,2017-05-31,False,False,False,NOT_OFFICIAL_MEMBER,,MARKET_OR_PREVIOUS_SESSION_UNAVAILABLE
CA_7524a38c1ec62c751318,NSE_AE4994F757D1,2017-02-06,2017-02,2017-06-30,False,False,False,NOT_OFFICIAL_MEMBER,,MARKET_OR_PREVIOUS_SESSION_UNAVAILABLE
CA_7524a38c1ec62c751318,NSE_AE4994F757D1,2017-02-06,2017-02,2017-07-31,False,False,False,NOT_OFFICIAL_MEMBER,,MARKET_OR_PREVIOUS_SESSION_UNAVAILABLE
CA_7524a38c1ec62c751318,NSE_AE4994F757D1,2017-02-06,2017-02,2017-08-31,False,False,False,NOT_OFFICIAL_MEMBER,,MARKET_OR_PREVIOUS_SESSION_UNAVAILABLE
CA_7524a38c1ec62c751318,NSE_AE4994F757D1,2017-02-06,2017-02,2017-09-29,False,False,False,NOT_OFFICIAL_MEMBER,,MARKET_OR_PREVIOUS_SESSION_UNAVAILABLE
CA_7524a38c1ec62c751318,NSE_AE4994F757D1,2017-02-06,2017-02,2017-10-31,False,False,False,NOT_OFFICIAL_MEMBER,,MARKET_OR_PREVIOUS_SESSION_UNAVAILABLE
CA_7524a38c1ec62c751318,NSE_AE4994F757D1,2017-02-06,2017-02,2017-11-30,False,False,False,NOT_OFFICIAL_MEMBER,,MARKET_OR_PREVIOUS_SESSION_UNAVAILABLE
CA_7524a38c1ec62c751318,NSE_AE4994F757D1,2017-02-06,2017-02,2017-12-29,False,False,False,NOT_OFFICIAL_MEMBER,,MARKET_OR_PREVIOUS_SESSION_UNAVAILABLE
CA_7524a38c1ec62c751318,NSE_AE4994F757D1,2017-02-06,2017-02,2018-01-31,False,False,False,NOT_OFFICIAL_MEMBER,,MARKET_OR_PREVIOUS_SESSION_UNAVAILABLE
CA_7ec71406640cdb5cfb4f,NSE_7F1FE9599769,2017-05-25,2017-05,2017-06-30,False,False,False,NOT_OFFICIAL_MEMBER,,TREATMENT_NOT_ACCEPTED
CA_7ec71406640cdb5cfb4f,NSE_7F1FE9599769,2017-05-25,2017-05,2017-07-31,False,False,False,NOT_OFFICIAL_MEMBER,,TREATMENT_NOT_ACCEPTED
CA_7ec71406640cdb5cfb4f,NSE_7F1FE9599769,2017-05-25,2017-05,2017-08-31,False,False,False,NOT_OFFICIAL_MEMBER,,TREATMENT_NOT_ACCEPTED
CA_7ec71406640cdb5cfb4f,NSE_7F1FE9599769,2017-05-25,2017-05,2017-09-29,False,False,False,NOT_OFFICIAL_MEMBER,,TREATMENT_NOT_ACCEPTED
CA_7ec71406640cdb5cfb4f,NSE_7F1FE9599769,2017-05-25,2017-05,2017-10-31,False,False,False,NOT_OFFICIAL_MEMBER,,TREATMENT_NOT_ACCEPTED
CA_7ec71406640cdb5cfb4f,NSE_7F1FE9599769,2017-05-25,2017-05,2017-11-30,False,False,False,NOT_OFFICIAL_MEMBER,,TREATMENT_NOT_ACCEPTED
CA_7ec71406640cdb5cfb4f,NSE_7F1FE9599769,2017-05-25,2017-05,2017-12-29,False,False,False,NOT_OFFICIAL_MEMBER,,TREATMENT_NOT_ACCEPTED
CA_7ec71406640cdb5cfb4f,NSE_7F1FE9599769,2017-05-25,2017-05,2018-01-31,False,False,False,NOT_OFFICIAL_MEMBER,,TREATMENT_NOT_ACCEPTED
CA_7ec71406640cdb5cfb4f,NSE_7F1FE9599769,2017-05-25,2017-05,2018-02-28,False,False,False,NOT_OFFICIAL_MEMBER,,TREATMENT_NOT_ACCEPTED
CA_7ec71406640cdb5cfb4f,NSE_7F1FE9599769,2017-05-25,2017-05,2018-03-28,False,False,False,NOT_OFFICIAL_MEMBER,,TREATMENT_NOT_ACCEPTED
CA_7ec71406640cdb5cfb4f,NSE_7F1FE9599769,2017-05-25,2017-05,2018-04-30,False,False,False,NOT_OFFICIAL_MEMBER,,TREATMENT_NOT_ACCEPTED
CA_8ade75260802ef97916a,NSE_E7891F352261,2017-07-05,2017-07,2017-08-31,False,False,False,NOT_OFFICIAL_MEMBER,,ORDINARY_ACTION_PARSE_UNVERIFIED
CA_8ade75260802ef97916a,NSE_E7891F352261,2017-07-05,2017-07,2017-09-29,False,False,False,NOT_OFFICIAL_MEMBER,,ORDINARY_ACTION_PARSE_UNVERIFIED
CA_8ade75260802ef97916a,NSE_E7891F352261,2017-07-05,2017-07,2017-10-31,False,False,False,NOT_OFFICIAL_MEMBER,,ORDINARY_ACTION_PARSE_UNVERIFIED
CA_8ade75260802ef97916a,NSE_E7891F352261,2017-07-05,2017-07,2017-11-30,False,False,False,NOT_OFFICIAL_MEMBER,,ORDINARY_ACTION_PARSE_UNVERIFIED
CA_8ade75260802ef97916a,NSE_E7891F352261,2017-07-05,2017-07,2017-12-29,False,False,False,NOT_OFFICIAL_MEMBER,,ORDINARY_ACTION_PARSE_UNVERIFIED
CA_8ade75260802ef97916a,NSE_E7891F352261,2017-07-05,2017-07,2018-01-31,False,False,False,NOT_OFFICIAL_MEMBER,,ORDINARY_ACTION_PARSE_UNVERIFIED
CA_8ade75260802ef97916a,NSE_E7891F352261,2017-07-05,2017-07,2018-02-28,False,False,False,NOT_OFFICIAL_MEMBER,,ORDINARY_ACTION_PARSE_UNVERIFIED
CA_8ade75260802ef97916a,NSE_E7891F352261,2017-07-05,2017-07,2018-03-28,False,False,False,NOT_OFFICIAL_MEMBER,,ORDINARY_ACTION_PARSE_UNVERIFIED
CA_8ade75260802ef97916a,NSE_E7891F352261,2017-07-05,2017-07,2018-04-30,False,False,False,NOT_OFFICIAL_MEMBER,,ORDINARY_ACTION_PARSE_UNVERIFIED
CA_8ade75260802ef97916a,NSE_E7891F352261,2017-07-05,2017-07,2018-05-31,False,False,False,NOT_OFFICIAL_MEMBER,,ORDINARY_ACTION_PARSE_UNVERIFIED
CA_8ade75260802ef97916a,NSE_E7891F352261,2017-07-05,2017-07,2018-06-29,False,False,False,NOT_OFFICIAL_MEMBER,,ORDINARY_ACTION_PARSE_UNVERIFIED
CA_9712390351bb6336e11a,NSE_951F0DE091F9,2017-07-19,2017-07,2017-08-31,False,False,False,NOT_OFFICIAL_MEMBER,,TREATMENT_NOT_ACCEPTED
CA_9712390351bb6336e11a,NSE_951F0DE091F9,2017-07-19,2017-07,2017-09-29,False,False,False,NOT_OFFICIAL_MEMBER,,TREATMENT_NOT_ACCEPTED
CA_9712390351bb6336e11a,NSE_951F0DE091F9,2017-07-19,2017-07,2017-10-31,False,False,False,NOT_OFFICIAL_MEMBER,,TREATMENT_NOT_ACCEPTED
CA_9712390351bb6336e11a,NSE_951F0DE091F9,2017-07-19,2017-07,2017-11-30,False,False,False,NOT_OFFICIAL_MEMBER,,TREATMENT_NOT_ACCEPTED
CA_9712390351bb6336e11a,NSE_951F0DE091F9,2017-07-19,2017-07,2017-12-29,False,False,False,NOT_OFFICIAL_MEMBER,,TREATMENT_NOT_ACCEPTED
CA_9712390351bb6336e11a,NSE_951F0DE091F9,2017-07-19,2017-07,2018-01-31,False,False,False,NOT_OFFICIAL_MEMBER,,TREATMENT_NOT_ACCEPTED
CA_9712390351bb6336e11a,NSE_951F0DE091F9,2017-07-19,2017-07,2018-02-28,False,False,False,NOT_OFFICIAL_MEMBER,,TREATMENT_NOT_ACCEPTED
CA_9712390351bb6336e11a,NSE_951F0DE091F9,2017-07-19,2017-07,2018-03-28,False,False,False,NOT_OFFICIAL_MEMBER,,TREATMENT_NOT_ACCEPTED
CA_9712390351bb6336e11a,NSE_951F0DE091F9,2017-07-19,2017-07,2018-04-30,True,True,True,UNKNOWN_MISSING_ECONOMIC_RETURN,0.4818393212660541,TREATMENT_NOT_ACCEPTED
CA_9712390351bb6336e11a,NSE_951F0DE091F9,2017-07-19,2017-07,2018-05-31,True,True,True,UNKNOWN_MISSING_ECONOMIC_RETURN,0.594774757430327,TREATMENT_NOT_ACCEPTED
CA_9712390351bb6336e11a,NSE_951F0DE091F9,2017-07-19,2017-07,2018-06-29,True,True,True,UNKNOWN_MISSING_ECONOMIC_RETURN,0.6619513662887215,TREATMENT_NOT_ACCEPTED
CA_253391c466422f1c9423,NSE_2B12B6998928,2017-09-05,2017-09,2017-10-31,False,False,False,NOT_OFFICIAL_MEMBER,,TREATMENT_NOT_ACCEPTED
CA_253391c466422f1c9423,NSE_2B12B6998928,2017-09-05,2017-09,2017-11-30,False,False,False,NOT_OFFICIAL_MEMBER,,TREATMENT_NOT_ACCEPTED
CA_253391c466422f1c9423,NSE_2B12B6998928,2017-09-05,2017-09,2017-12-29,False,False,False,NOT_OFFICIAL_MEMBER,,TREATMENT_NOT_ACCEPTED
CA_253391c466422f1c9423,NSE_2B12B6998928,2017-09-05,2017-09,2018-01-31,False,False,False,NOT_OFFICIAL_MEMBER,,TREATMENT_NOT_ACCEPTED
CA_253391c466422f1c9423,NSE_2B12B6998928,2017-09-05,2017-09,2018-02-28,True,True,True,UNKNOWN_MISSING_ECONOMIC_RETURN,0.4378855821799408,TREATMENT_NOT_ACCEPTED
CA_253391c466422f1c9423,NSE_2B12B6998928,2017-09-05,2017-09,2018-03-28,True,True,True,UNKNOWN_MISSING_ECONOMIC_RETURN,0.5879341914242118,TREATMENT_NOT_ACCEPTED
CA_253391c466422f1c9423,NSE_2B12B6998928,2017-09-05,2017-09,2018-04-30,True,True,True,UNKNOWN_MISSING_ECONOMIC_RETURN,0.7963286106974554,TREATMENT_NOT_ACCEPTED
CA_253391c466422f1c9423,NSE_2B12B6998928,2017-09-05,2017-09,2018-05-31,True,True,True,UNKNOWN_MISSING_ECONOMIC_RETURN,0.6523015671693171,TREATMENT_NOT_ACCEPTED
CA_253391c466422f1c9423,NSE_2B12B6998928,2017-09-05,2017-09,2018-06-29,True,True,True,UNKNOWN_MISSING_ECONOMIC_RETURN,0.8190658887820061,TREATMENT_NOT_ACCEPTED
CA_253391c466422f1c9423,NSE_2B12B6998928,2017-09-05,2017-09,2018-07-31,True,True,True,UNKNOWN_MISSING_ECONOMIC_RETURN,0.9954672131773361,TREATMENT_NOT_ACCEPTED
CA_253391c466422f1c9423,NSE_2B12B6998928,2017-09-05,2017-09,2018-08-31,True,True,True,UNKNOWN_MISSING_ECONOMIC_RETURN,1.0659526940208548,TREATMENT_NOT_ACCEPTED
CA_4f7a48e1d73308995871,NSE_2D9667E60569,2017-09-20,2017-09,2017-10-31,False,False,False,NOT_OFFICIAL_MEMBER,,POSSIBLE_DUPLICATE_ECONOMIC_RECORD
CA_4f7a48e1d73308995871,NSE_2D9667E60569,2017-09-20,2017-09,2017-11-30,False,False,False,NOT_OFFICIAL_MEMBER,,POSSIBLE_DUPLICATE_ECONOMIC_RECORD
CA_4f7a48e1d73308995871,NSE_2D9667E60569,2017-09-20,2017-09,2017-12-29,False,False,False,NOT_OFFICIAL_MEMBER,,POSSIBLE_DUPLICATE_ECONOMIC_RECORD
CA_4f7a48e1d73308995871,NSE_2D9667E60569,2017-09-20,2017-09,2018-01-31,False,False,False,NOT_OFFICIAL_MEMBER,,POSSIBLE_DUPLICATE_ECONOMIC_RECORD
CA_4f7a48e1d73308995871,NSE_2D9667E60569,2017-09-20,2017-09,2018-02-28,False,False,False,NOT_OFFICIAL_MEMBER,,POSSIBLE_DUPLICATE_ECONOMIC_RECORD
CA_4f7a48e1d73308995871,NSE_2D9667E60569,2017-09-20,2017-09,2018-03-28,False,False,False,NOT_OFFICIAL_MEMBER,,POSSIBLE_DUPLICATE_ECONOMIC_RECORD
CA_4f7a48e1d73308995871,NSE_2D9667E60569,2017-09-20,2017-09,2018-04-30,False,False,False,NOT_OFFICIAL_MEMBER,,POSSIBLE_DUPLICATE_ECONOMIC_RECORD
CA_4f7a48e1d73308995871,NSE_2D9667E60569,2017-09-20,2017-09,2018-05-31,False,False,False,NOT_OFFICIAL_MEMBER,,POSSIBLE_DUPLICATE_ECONOMIC_RECORD
CA_4f7a48e1d73308995871,NSE_2D9667E60569,2017-09-20,2017-09,2018-06-29,False,False,False,NOT_OFFICIAL_MEMBER,,POSSIBLE_DUPLICATE_ECONOMIC_RECORD
CA_4f7a48e1d73308995871,NSE_2D9667E60569,2017-09-20,2017-09,2018-07-31,False,False,False,NOT_OFFICIAL_MEMBER,,POSSIBLE_DUPLICATE_ECONOMIC_RECORD
CA_4f7a48e1d73308995871,NSE_2D9667E60569,2017-09-20,2017-09,2018-08-31,False,False,False,NOT_OFFICIAL_MEMBER,,POSSIBLE_DUPLICATE_ECONOMIC_RECORD
CA_e2fa7d92a3245c9d524c,NSE_2D9667E60569,2017-09-20,2017-09,2017-10-31,False,False,False,NOT_OFFICIAL_MEMBER,,POSSIBLE_DUPLICATE_ECONOMIC_RECORD
CA_e2fa7d92a3245c9d524c,NSE_2D9667E60569,2017-09-20,2017-09,2017-11-30,False,False,False,NOT_OFFICIAL_MEMBER,,POSSIBLE_DUPLICATE_ECONOMIC_RECORD
CA_e2fa7d92a3245c9d524c,NSE_2D9667E60569,2017-09-20,2017-09,2017-12-29,False,False,False,NOT_OFFICIAL_MEMBER,,POSSIBLE_DUPLICATE_ECONOMIC_RECORD
CA_e2fa7d92a3245c9d524c,NSE_2D9667E60569,2017-09-20,2017-09,2018-01-31,False,False,False,NOT_OFFICIAL_MEMBER,,POSSIBLE_DUPLICATE_ECONOMIC_RECORD
CA_e2fa7d92a3245c9d524c,NSE_2D9667E60569,2017-09-20,2017-09,2018-02-28,False,False,False,NOT_OFFICIAL_MEMBER,,POSSIBLE_DUPLICATE_ECONOMIC_RECORD
CA_e2fa7d92a3245c9d524c,NSE_2D9667E60569,2017-09-20,2017-09,2018-03-28,False,False,False,NOT_OFFICIAL_MEMBER,,POSSIBLE_DUPLICATE_ECONOMIC_RECORD
CA_e2fa7d92a3245c9d524c,NSE_2D9667E60569,2017-09-20,2017-09,2018-04-30,False,False,False,NOT_OFFICIAL_MEMBER,,POSSIBLE_DUPLICATE_ECONOMIC_RECORD
CA_e2fa7d92a3245c9d524c,NSE_2D9667E60569,2017-09-20,2017-09,2018-05-31,False,False,False,NOT_OFFICIAL_MEMBER,,POSSIBLE_DUPLICATE_ECONOMIC_RECORD
CA_e2fa7d92a3245c9d524c,NSE_2D9667E60569,2017-09-20,2017-09,2018-06-29,False,False,False,NOT_OFFICIAL_MEMBER,,POSSIBLE_DUPLICATE_ECONOMIC_RECORD
CA_e2fa7d92a3245c9d524c,NSE_2D9667E60569,2017-09-20,2017-09,2018-07-31,False,False,False,NOT_OFFICIAL_MEMBER,,POSSIBLE_DUPLICATE_ECONOMIC_RECORD
CA_e2fa7d92a3245c9d524c,NSE_2D9667E60569,2017-09-20,2017-09,2018-08-31,False,False,False,NOT_OFFICIAL_MEMBER,,POSSIBLE_DUPLICATE_ECONOMIC_RECORD
CA_d4350a4891573655ee29,NSE_F96D3907BEE7,2017-10-17,2017-10,2017-11-30,False,False,False,NOT_OFFICIAL_MEMBER,,TREATMENT_NOT_ACCEPTED
CA_d4350a4891573655ee29,NSE_F96D3907BEE7,2017-10-17,2017-10,2017-12-29,False,False,False,NOT_OFFICIAL_MEMBER,,TREATMENT_NOT_ACCEPTED
CA_d4350a4891573655ee29,NSE_F96D3907BEE7,2017-10-17,2017-10,2018-01-31,False,False,False,NOT_OFFICIAL_MEMBER,,TREATMENT_NOT_ACCEPTED
CA_d4350a4891573655ee29,NSE_F96D3907BEE7,2017-10-17,2017-10,2018-02-28,False,False,False,NOT_OFFICIAL_MEMBER,,TREATMENT_NOT_ACCEPTED
CA_d4350a4891573655ee29,NSE_F96D3907BEE7,2017-10-17,2017-10,2018-03-28,False,False,False,NOT_OFFICIAL_MEMBER,,TREATMENT_NOT_ACCEPTED
CA_d4350a4891573655ee29,NSE_F96D3907BEE7,2017-10-17,2017-10,2018-04-30,True,True,True,UNKNOWN_MISSING_ECONOMIC_RETURN,0.06925534555293189,TREATMENT_NOT_ACCEPTED
CA_d4350a4891573655ee29,NSE_F96D3907BEE7,2017-10-17,2017-10,2018-05-31,True,True,True,UNKNOWN_MISSING_ECONOMIC_RETURN,0.14694746922477875,TREATMENT_NOT_ACCEPTED
CA_d4350a4891573655ee29,NSE_F96D3907BEE7,2017-10-17,2017-10,2018-06-29,True,True,True,UNKNOWN_MISSING_ECONOMIC_RETURN,0.411306972140582,TREATMENT_NOT_ACCEPTED
CA_d4350a4891573655ee29,NSE_F96D3907BEE7,2017-10-17,2017-10,2018-07-31,True,True,True,UNKNOWN_MISSING_ECONOMIC_RETURN,0.3109045373651784,TREATMENT_NOT_ACCEPTED
CA_d4350a4891573655ee29,NSE_F96D3907BEE7,2017-10-17,2017-10,2018-08-31,True,True,True,UNKNOWN_MISSING_ECONOMIC_RETURN,0.37106800410115426,TREATMENT_NOT_ACCEPTED
CA_d4350a4891573655ee29,NSE_F96D3907BEE7,2017-10-17,2017-10,2018-09-28,True,True,True,UNKNOWN_MISSING_ECONOMIC_RETURN,0.3067034460173206,TREATMENT_NOT_ACCEPTED
CA_73f2fd7856e2a8f125ac,NSE_E987DDA51421,2017-11-29,2017-11,2017-12-29,False,False,False,NOT_OFFICIAL_MEMBER,,TREATMENT_NOT_ACCEPTED
CA_73f2fd7856e2a8f125ac,NSE_E987DDA51421,2017-11-29,2017-11,2018-01-31,False,False,False,NOT_OFFICIAL_MEMBER,,TREATMENT_NOT_ACCEPTED
CA_73f2fd7856e2a8f125ac,NSE_E987DDA51421,2017-11-29,2017-11,2018-02-28,False,False,False,NOT_OFFICIAL_MEMBER,,TREATMENT_NOT_ACCEPTED
CA_73f2fd7856e2a8f125ac,NSE_E987DDA51421,2017-11-29,2017-11,2018-03-28,False,False,False,NOT_OFFICIAL_MEMBER,,TREATMENT_NOT_ACCEPTED
CA_73f2fd7856e2a8f125ac,NSE_E987DDA51421,2017-11-29,2017-11,2018-04-30,False,False,False,NOT_OFFICIAL_MEMBER,,TREATMENT_NOT_ACCEPTED
CA_73f2fd7856e2a8f125ac,NSE_E987DDA51421,2017-11-29,2017-11,2018-05-31,False,False,False,NOT_OFFICIAL_MEMBER,,TREATMENT_NOT_ACCEPTED
CA_73f2fd7856e2a8f125ac,NSE_E987DDA51421,2017-11-29,2017-11,2018-06-29,True,True,True,UNKNOWN_MISSING_ECONOMIC_RETURN,0.0731582892363245,TREATMENT_NOT_ACCEPTED
CA_73f2fd7856e2a8f125ac,NSE_E987DDA51421,2017-11-29,2017-11,2018-07-31,True,True,True,UNKNOWN_MISSING_ECONOMIC_RETURN,0.08934439087310753,TREATMENT_NOT_ACCEPTED
CA_73f2fd7856e2a8f125ac,NSE_E987DDA51421,2017-11-29,2017-11,2018-08-31,True,True,True,UNKNOWN_MISSING_ECONOMIC_RETURN,0.5695069968902924,TREATMENT_NOT_ACCEPTED
CA_73f2fd7856e2a8f125ac,NSE_E987DDA51421,2017-11-29,2017-11,2018-09-28,True,True,True,UNKNOWN_MISSING_ECONOMIC_RETURN,0.5515617874340724,TREATMENT_NOT_ACCEPTED
CA_73f2fd7856e2a8f125ac,NSE_E987DDA51421,2017-11-29,2017-11,2018-10-31,True,True,True,UNKNOWN_MISSING_ECONOMIC_RETURN,0.5200837737237602,TREATMENT_NOT_ACCEPTED
CA_d3492438c93851dd325f,NSE_E8494F35C12B,2017-11-29,2017-11,2017-12-29,False,False,False,NOT_OFFICIAL_MEMBER,,TREATMENT_NOT_ACCEPTED
CA_d3492438c93851dd325f,NSE_E8494F35C12B,2017-11-29,2017-11,2018-01-31,False,False,False,NOT_OFFICIAL_MEMBER,,TREATMENT_NOT_ACCEPTED
CA_d3492438c93851dd325f,NSE_E8494F35C12B,2017-11-29,2017-11,2018-02-28,False,False,False,NOT_OFFICIAL_MEMBER,,TREATMENT_NOT_ACCEPTED
CA_d3492438c93851dd325f,NSE_E8494F35C12B,2017-11-29,2017-11,2018-03-28,False,False,False,NOT_OFFICIAL_MEMBER,,TREATMENT_NOT_ACCEPTED
CA_d3492438c93851dd325f,NSE_E8494F35C12B,2017-11-29,2017-11,2018-04-30,False,False,False,NOT_OFFICIAL_MEMBER,,TREATMENT_NOT_ACCEPTED
CA_d3492438c93851dd325f,NSE_E8494F35C12B,2017-11-29,2017-11,2018-05-31,False,False,False,NOT_OFFICIAL_MEMBER,,TREATMENT_NOT_ACCEPTED
CA_d3492438c93851dd325f,NSE_E8494F35C12B,2017-11-29,2017-11,2018-06-29,False,False,False,NOT_OFFICIAL_MEMBER,,TREATMENT_NOT_ACCEPTED
CA_d3492438c93851dd325f,NSE_E8494F35C12B,2017-11-29,2017-11,2018-07-31,False,False,False,NOT_OFFICIAL_MEMBER,,TREATMENT_NOT_ACCEPTED
CA_d3492438c93851dd325f,NSE_E8494F35C12B,2017-11-29,2017-11,2018-08-31,False,False,False,NOT_OFFICIAL_MEMBER,,TREATMENT_NOT_ACCEPTED
CA_d3492438c93851dd325f,NSE_E8494F35C12B,2017-11-29,2017-11,2018-09-28,False,False,False,NOT_OFFICIAL_MEMBER,,TREATMENT_NOT_ACCEPTED
CA_d3492438c93851dd325f,NSE_E8494F35C12B,2017-11-29,2017-11,2018-10-31,False,False,False,NOT_OFFICIAL_MEMBER,,TREATMENT_NOT_ACCEPTED
CA_d57220646c03c3887b9c,NSE_E8494F35C12B,2017-11-29,2017-11,2017-12-29,False,False,False,NOT_OFFICIAL_MEMBER,,COINCIDENT_UNRESOLVED_ACTION
CA_d57220646c03c3887b9c,NSE_E8494F35C12B,2017-11-29,2017-11,2018-01-31,False,False,False,NOT_OFFICIAL_MEMBER,,COINCIDENT_UNRESOLVED_ACTION
CA_d57220646c03c3887b9c,NSE_E8494F35C12B,2017-11-29,2017-11,2018-02-28,False,False,False,NOT_OFFICIAL_MEMBER,,COINCIDENT_UNRESOLVED_ACTION
CA_d57220646c03c3887b9c,NSE_E8494F35C12B,2017-11-29,2017-11,2018-03-28,False,False,False,NOT_OFFICIAL_MEMBER,,COINCIDENT_UNRESOLVED_ACTION
CA_d57220646c03c3887b9c,NSE_E8494F35C12B,2017-11-29,2017-11,2018-04-30,False,False,False,NOT_OFFICIAL_MEMBER,,COINCIDENT_UNRESOLVED_ACTION
CA_d57220646c03c3887b9c,NSE_E8494F35C12B,2017-11-29,2017-11,2018-05-31,False,False,False,NOT_OFFICIAL_MEMBER,,COINCIDENT_UNRESOLVED_ACTION
CA_d57220646c03c3887b9c,NSE_E8494F35C12B,2017-11-29,2017-11,2018-06-29,False,False,False,NOT_OFFICIAL_MEMBER,,COINCIDENT_UNRESOLVED_ACTION
CA_d57220646c03c3887b9c,NSE_E8494F35C12B,2017-11-29,2017-11,2018-07-31,False,False,False,NOT_OFFICIAL_MEMBER,,COINCIDENT_UNRESOLVED_ACTION
CA_d57220646c03c3887b9c,NSE_E8494F35C12B,2017-11-29,2017-11,2018-08-31,False,False,False,NOT_OFFICIAL_MEMBER,,COINCIDENT_UNRESOLVED_ACTION
CA_d57220646c03c3887b9c,NSE_E8494F35C12B,2017-11-29,2017-11,2018-09-28,False,False,False,NOT_OFFICIAL_MEMBER,,COINCIDENT_UNRESOLVED_ACTION
CA_d57220646c03c3887b9c,NSE_E8494F35C12B,2017-11-29,2017-11,2018-10-31,False,False,False,NOT_OFFICIAL_MEMBER,,COINCIDENT_UNRESOLVED_ACTION
CA_46835534ce0015bfe89f,NSE_7CDA5DAD8C0C,2017-12-07,2017-12,2018-01-31,False,False,False,NOT_OFFICIAL_MEMBER,,TREATMENT_NOT_ACCEPTED
CA_46835534ce0015bfe89f,NSE_7CDA5DAD8C0C,2017-12-07,2017-12,2018-02-28,False,False,False,NOT_OFFICIAL_MEMBER,,TREATMENT_NOT_ACCEPTED
CA_46835534ce0015bfe89f,NSE_7CDA5DAD8C0C,2017-12-07,2017-12,2018-03-28,False,False,False,NOT_OFFICIAL_MEMBER,,TREATMENT_NOT_ACCEPTED
CA_46835534ce0015bfe89f,NSE_7CDA5DAD8C0C,2017-12-07,2017-12,2018-04-30,False,False,False,NOT_OFFICIAL_MEMBER,,TREATMENT_NOT_ACCEPTED
CA_46835534ce0015bfe89f,NSE_7CDA5DAD8C0C,2017-12-07,2017-12,2018-05-31,False,False,False,NOT_OFFICIAL_MEMBER,,TREATMENT_NOT_ACCEPTED
CA_46835534ce0015bfe89f,NSE_7CDA5DAD8C0C,2017-12-07,2017-12,2018-06-29,False,False,False,NOT_OFFICIAL_MEMBER,,TREATMENT_NOT_ACCEPTED
CA_46835534ce0015bfe89f,NSE_7CDA5DAD8C0C,2017-12-07,2017-12,2018-07-31,False,False,False,NOT_OFFICIAL_MEMBER,,TREATMENT_NOT_ACCEPTED
CA_46835534ce0015bfe89f,NSE_7CDA5DAD8C0C,2017-12-07,2017-12,2018-08-31,False,False,False,NOT_OFFICIAL_MEMBER,,TREATMENT_NOT_ACCEPTED
CA_46835534ce0015bfe89f,NSE_7CDA5DAD8C0C,2017-12-07,2017-12,2018-09-28,False,False,False,NOT_OFFICIAL_MEMBER,,TREATMENT_NOT_ACCEPTED
CA_46835534ce0015bfe89f,NSE_7CDA5DAD8C0C,2017-12-07,2017-12,2018-10-31,False,False,False,NOT_OFFICIAL_MEMBER,,TREATMENT_NOT_ACCEPTED
CA_46835534ce0015bfe89f,NSE_7CDA5DAD8C0C,2017-12-07,2017-12,2018-11-30,False,False,False,NOT_OFFICIAL_MEMBER,,TREATMENT_NOT_ACCEPTED
CA_eed9a7fc545d17d328b3,NSE_7A24E610012A,2018-01-11,2018-01,2018-02-28,False,False,False,NOT_OFFICIAL_MEMBER,,TREATMENT_NOT_ACCEPTED
CA_eed9a7fc545d17d328b3,NSE_7A24E610012A,2018-01-11,2018-01,2018-03-28,False,False,False,NOT_OFFICIAL_MEMBER,,TREATMENT_NOT_ACCEPTED
CA_eed9a7fc545d17d328b3,NSE_7A24E610012A,2018-01-11,2018-01,2018-04-30,False,False,False,NOT_OFFICIAL_MEMBER,,TREATMENT_NOT_ACCEPTED
CA_eed9a7fc545d17d328b3,NSE_7A24E610012A,2018-01-11,2018-01,2018-05-31,False,False,False,NOT_OFFICIAL_MEMBER,,TREATMENT_NOT_ACCEPTED
CA_eed9a7fc545d17d328b3,NSE_7A24E610012A,2018-01-11,2018-01,2018-06-29,False,False,False,NOT_OFFICIAL_MEMBER,,TREATMENT_NOT_ACCEPTED
CA_eed9a7fc545d17d328b3,NSE_7A24E610012A,2018-01-11,2018-01,2018-07-31,False,False,False,NOT_OFFICIAL_MEMBER,,TREATMENT_NOT_ACCEPTED
CA_eed9a7fc545d17d328b3,NSE_7A24E610012A,2018-01-11,2018-01,2018-08-31,False,False,False,NOT_OFFICIAL_MEMBER,,TREATMENT_NOT_ACCEPTED
CA_eed9a7fc545d17d328b3,NSE_7A24E610012A,2018-01-11,2018-01,2018-09-28,False,False,False,NOT_OFFICIAL_MEMBER,,TREATMENT_NOT_ACCEPTED
CA_eed9a7fc545d17d328b3,NSE_7A24E610012A,2018-01-11,2018-01,2018-10-31,False,False,False,NOT_OFFICIAL_MEMBER,,TREATMENT_NOT_ACCEPTED
CA_eed9a7fc545d17d328b3,NSE_7A24E610012A,2018-01-11,2018-01,2018-11-30,False,False,False,NOT_OFFICIAL_MEMBER,,TREATMENT_NOT_ACCEPTED
CA_eed9a7fc545d17d328b3,NSE_7A24E610012A,2018-01-11,2018-01,2018-12-31,False,False,False,NOT_OFFICIAL_MEMBER,,TREATMENT_NOT_ACCEPTED
CA_97dcc52d47ab7bf189d9,NSE_6B14B0471978,2018-01-18,2018-01,2018-02-28,False,False,False,NOT_OFFICIAL_MEMBER,,TREATMENT_NOT_ACCEPTED
CA_97dcc52d47ab7bf189d9,NSE_6B14B0471978,2018-01-18,2018-01,2018-03-28,False,False,False,NOT_OFFICIAL_MEMBER,,TREATMENT_NOT_ACCEPTED
CA_97dcc52d47ab7bf189d9,NSE_6B14B0471978,2018-01-18,2018-01,2018-04-30,False,False,False,NOT_OFFICIAL_MEMBER,,TREATMENT_NOT_ACCEPTED
CA_97dcc52d47ab7bf189d9,NSE_6B14B0471978,2018-01-18,2018-01,2018-05-31,False,False,False,NOT_OFFICIAL_MEMBER,,TREATMENT_NOT_ACCEPTED
CA_97dcc52d47ab7bf189d9,NSE_6B14B0471978,2018-01-18,2018-01,2018-06-29,False,False,False,NOT_OFFICIAL_MEMBER,,TREATMENT_NOT_ACCEPTED
CA_97dcc52d47ab7bf189d9,NSE_6B14B0471978,2018-01-18,2018-01,2018-07-31,False,False,False,NOT_OFFICIAL_MEMBER,,TREATMENT_NOT_ACCEPTED
CA_97dcc52d47ab7bf189d9,NSE_6B14B0471978,2018-01-18,2018-01,2018-08-31,False,False,False,NOT_OFFICIAL_MEMBER,,TREATMENT_NOT_ACCEPTED
CA_97dcc52d47ab7bf189d9,NSE_6B14B0471978,2018-01-18,2018-01,2018-09-28,False,False,False,NOT_OFFICIAL_MEMBER,,TREATMENT_NOT_ACCEPTED
CA_97dcc52d47ab7bf189d9,NSE_6B14B0471978,2018-01-18,2018-01,2018-10-31,False,False,False,NOT_OFFICIAL_MEMBER,,TREATMENT_NOT_ACCEPTED
CA_97dcc52d47ab7bf189d9,NSE_6B14B0471978,2018-01-18,2018-01,2018-11-30,False,False,False,NOT_OFFICIAL_MEMBER,,TREATMENT_NOT_ACCEPTED
CA_97dcc52d47ab7bf189d9,NSE_6B14B0471978,2018-01-18,2018-01,2018-12-31,False,False,False,NOT_OFFICIAL_MEMBER,,TREATMENT_NOT_ACCEPTED
CA_26c975868bc50d05ca8c,NSE_1EDC5AB6BDE5,2018-01-30,2018-01,2018-02-28,False,False,False,NOT_OFFICIAL_MEMBER,,TREATMENT_NOT_ACCEPTED
CA_26c975868bc50d05ca8c,NSE_1EDC5AB6BDE5,2018-01-30,2018-01,2018-03-28,False,False,False,NOT_OFFICIAL_MEMBER,,TREATMENT_NOT_ACCEPTED
CA_26c975868bc50d05ca8c,NSE_1EDC5AB6BDE5,2018-01-30,2018-01,2018-04-30,False,False,False,NOT_OFFICIAL_MEMBER,,TREATMENT_NOT_ACCEPTED
CA_26c975868bc50d05ca8c,NSE_1EDC5AB6BDE5,2018-01-30,2018-01,2018-05-31,False,False,False,NOT_OFFICIAL_MEMBER,,TREATMENT_NOT_ACCEPTED
CA_26c975868bc50d05ca8c,NSE_1EDC5AB6BDE5,2018-01-30,2018-01,2018-06-29,False,False,False,NOT_OFFICIAL_MEMBER,,TREATMENT_NOT_ACCEPTED
CA_26c975868bc50d05ca8c,NSE_1EDC5AB6BDE5,2018-01-30,2018-01,2018-07-31,False,False,False,NOT_OFFICIAL_MEMBER,,TREATMENT_NOT_ACCEPTED
CA_26c975868bc50d05ca8c,NSE_1EDC5AB6BDE5,2018-01-30,2018-01,2018-08-31,False,False,False,NOT_OFFICIAL_MEMBER,,TREATMENT_NOT_ACCEPTED
CA_26c975868bc50d05ca8c,NSE_1EDC5AB6BDE5,2018-01-30,2018-01,2018-09-28,True,True,True,UNKNOWN_MISSING_ECONOMIC_RETURN,0.23104657021634156,TREATMENT_NOT_ACCEPTED
CA_26c975868bc50d05ca8c,NSE_1EDC5AB6BDE5,2018-01-30,2018-01,2018-10-31,True,True,True,UNKNOWN_MISSING_ECONOMIC_RETURN,0.38676283594313654,TREATMENT_NOT_ACCEPTED
CA_26c975868bc50d05ca8c,NSE_1EDC5AB6BDE5,2018-01-30,2018-01,2018-11-30,True,True,True,UNKNOWN_MISSING_ECONOMIC_RETURN,0.22696679018545884,TREATMENT_NOT_ACCEPTED
CA_26c975868bc50d05ca8c,NSE_1EDC5AB6BDE5,2018-01-30,2018-01,2018-12-31,True,True,True,UNKNOWN_MISSING_ECONOMIC_RETURN,0.40781155929637913,TREATMENT_NOT_ACCEPTED
CA_05d4bfc29668bda65981,NSE_D33E443DE34A,2018-02-01,2018-02,2018-03-28,False,False,False,NOT_OFFICIAL_MEMBER,,TREATMENT_NOT_ACCEPTED
CA_05d4bfc29668bda65981,NSE_D33E443DE34A,2018-02-01,2018-02,2018-04-30,False,False,False,NOT_OFFICIAL_MEMBER,,TREATMENT_NOT_ACCEPTED
CA_05d4bfc29668bda65981,NSE_D33E443DE34A,2018-02-01,2018-02,2018-05-31,False,False,False,NOT_OFFICIAL_MEMBER,,TREATMENT_NOT_ACCEPTED
CA_05d4bfc29668bda65981,NSE_D33E443DE34A,2018-02-01,2018-02,2018-06-29,False,False,False,NOT_OFFICIAL_MEMBER,,TREATMENT_NOT_ACCEPTED
CA_05d4bfc29668bda65981,NSE_D33E443DE34A,2018-02-01,2018-02,2018-07-31,False,False,False,NOT_OFFICIAL_MEMBER,,TREATMENT_NOT_ACCEPTED
CA_05d4bfc29668bda65981,NSE_D33E443DE34A,2018-02-01,2018-02,2018-08-31,False,False,False,NOT_OFFICIAL_MEMBER,,TREATMENT_NOT_ACCEPTED
CA_05d4bfc29668bda65981,NSE_D33E443DE34A,2018-02-01,2018-02,2018-09-28,True,True,True,UNKNOWN_MISSING_ECONOMIC_RETURN,0.5284533157977565,TREATMENT_NOT_ACCEPTED
CA_05d4bfc29668bda65981,NSE_D33E443DE34A,2018-02-01,2018-02,2018-10-31,True,True,True,UNKNOWN_MISSING_ECONOMIC_RETURN,0.3871646267598068,TREATMENT_NOT_ACCEPTED
CA_05d4bfc29668bda65981,NSE_D33E443DE34A,2018-02-01,2018-02,2018-11-30,True,True,True,UNKNOWN_MISSING_ECONOMIC_RETURN,0.3545240906274705,TREATMENT_NOT_ACCEPTED
CA_05d4bfc29668bda65981,NSE_D33E443DE34A,2018-02-01,2018-02,2018-12-31,True,True,True,UNKNOWN_MISSING_ECONOMIC_RETURN,0.4087034417395692,TREATMENT_NOT_ACCEPTED
CA_05d4bfc29668bda65981,NSE_D33E443DE34A,2018-02-01,2018-02,2019-01-31,True,True,True,UNKNOWN_MISSING_ECONOMIC_RETURN,0.43922797872200814,TREATMENT_NOT_ACCEPTED
CA_e8ab3b19871a658e8ec8,NSE_C9C5A501D2C2,2018-03-22,2018-03,2018-04-30,False,False,False,NOT_OFFICIAL_MEMBER,,TREATMENT_NOT_ACCEPTED
CA_e8ab3b19871a658e8ec8,NSE_C9C5A501D2C2,2018-03-22,2018-03,2018-05-31,False,False,False,NOT_OFFICIAL_MEMBER,,TREATMENT_NOT_ACCEPTED
CA_e8ab3b19871a658e8ec8,NSE_C9C5A501D2C2,2018-03-22,2018-03,2018-06-29,False,False,False,NOT_OFFICIAL_MEMBER,,TREATMENT_NOT_ACCEPTED
CA_e8ab3b19871a658e8ec8,NSE_C9C5A501D2C2,2018-03-22,2018-03,2018-07-31,False,False,False,NOT_OFFICIAL_MEMBER,,TREATMENT_NOT_ACCEPTED
CA_e8ab3b19871a658e8ec8,NSE_C9C5A501D2C2,2018-03-22,2018-03,2018-08-31,False,False,False,NOT_OFFICIAL_MEMBER,,TREATMENT_NOT_ACCEPTED
CA_e8ab3b19871a658e8ec8,NSE_C9C5A501D2C2,2018-03-22,2018-03,2018-09-28,False,False,False,NOT_OFFICIAL_MEMBER,,TREATMENT_NOT_ACCEPTED
CA_e8ab3b19871a658e8ec8,NSE_C9C5A501D2C2,2018-03-22,2018-03,2018-10-31,False,False,False,NOT_OFFICIAL_MEMBER,,TREATMENT_NOT_ACCEPTED
CA_e8ab3b19871a658e8ec8,NSE_C9C5A501D2C2,2018-03-22,2018-03,2018-11-30,False,False,False,NOT_OFFICIAL_MEMBER,,TREATMENT_NOT_ACCEPTED
CA_e8ab3b19871a658e8ec8,NSE_C9C5A501D2C2,2018-03-22,2018-03,2018-12-31,False,False,False,NOT_OFFICIAL_MEMBER,,TREATMENT_NOT_ACCEPTED
CA_e8ab3b19871a658e8ec8,NSE_C9C5A501D2C2,2018-03-22,2018-03,2019-01-31,False,False,False,NOT_OFFICIAL_MEMBER,,TREATMENT_NOT_ACCEPTED
CA_e8ab3b19871a658e8ec8,NSE_C9C5A501D2C2,2018-03-22,2018-03,2019-02-28,False,False,False,NOT_OFFICIAL_MEMBER,,TREATMENT_NOT_ACCEPTED
CA_09d4133ad6ad9024fa83,NSE_42CD50DCCBD6,2018-04-05,2018-04,2018-05-31,False,False,False,NOT_OFFICIAL_MEMBER,,TREATMENT_NOT_ACCEPTED
CA_09d4133ad6ad9024fa83,NSE_42CD50DCCBD6,2018-04-05,2018-04,2018-06-29,False,False,False,NOT_OFFICIAL_MEMBER,,TREATMENT_NOT_ACCEPTED
CA_09d4133ad6ad9024fa83,NSE_42CD50DCCBD6,2018-04-05,2018-04,2018-07-31,False,False,False,NOT_OFFICIAL_MEMBER,,TREATMENT_NOT_ACCEPTED
CA_09d4133ad6ad9024fa83,NSE_42CD50DCCBD6,2018-04-05,2018-04,2018-08-31,False,False,False,NOT_OFFICIAL_MEMBER,,TREATMENT_NOT_ACCEPTED
CA_09d4133ad6ad9024fa83,NSE_42CD50DCCBD6,2018-04-05,2018-04,2018-09-28,False,False,False,NOT_OFFICIAL_MEMBER,,TREATMENT_NOT_ACCEPTED
CA_09d4133ad6ad9024fa83,NSE_42CD50DCCBD6,2018-04-05,2018-04,2018-10-31,False,False,False,NOT_OFFICIAL_MEMBER,,TREATMENT_NOT_ACCEPTED
CA_09d4133ad6ad9024fa83,NSE_42CD50DCCBD6,2018-04-05,2018-04,2018-11-30,False,False,False,NOT_OFFICIAL_MEMBER,,TREATMENT_NOT_ACCEPTED
CA_09d4133ad6ad9024fa83,NSE_42CD50DCCBD6,2018-04-05,2018-04,2018-12-31,False,False,False,NOT_OFFICIAL_MEMBER,,TREATMENT_NOT_ACCEPTED
CA_09d4133ad6ad9024fa83,NSE_42CD50DCCBD6,2018-04-05,2018-04,2019-01-31,False,False,False,NOT_OFFICIAL_MEMBER,,TREATMENT_NOT_ACCEPTED
CA_09d4133ad6ad9024fa83,NSE_42CD50DCCBD6,2018-04-05,2018-04,2019-02-28,False,False,False,NOT_OFFICIAL_MEMBER,,TREATMENT_NOT_ACCEPTED
CA_09d4133ad6ad9024fa83,NSE_42CD50DCCBD6,2018-04-05,2018-04,2019-03-29,False,False,False,NOT_OFFICIAL_MEMBER,,TREATMENT_NOT_ACCEPTED
CA_df384ef3fc428b287dca,NSE_72AFBEE07E5D,2018-04-06,2018-04,2018-05-31,False,False,False,NOT_OFFICIAL_MEMBER,,TREATMENT_NOT_ACCEPTED
CA_df384ef3fc428b287dca,NSE_72AFBEE07E5D,2018-04-06,2018-04,2018-06-29,False,False,False,NOT_OFFICIAL_MEMBER,,TREATMENT_NOT_ACCEPTED
CA_df384ef3fc428b287dca,NSE_72AFBEE07E5D,2018-04-06,2018-04,2018-07-31,False,False,False,NOT_OFFICIAL_MEMBER,,TREATMENT_NOT_ACCEPTED
CA_df384ef3fc428b287dca,NSE_72AFBEE07E5D,2018-04-06,2018-04,2018-08-31,False,False,False,NOT_OFFICIAL_MEMBER,,TREATMENT_NOT_ACCEPTED
CA_df384ef3fc428b287dca,NSE_72AFBEE07E5D,2018-04-06,2018-04,2018-09-28,True,True,True,UNKNOWN_MISSING_ECONOMIC_RETURN,1.644694734344204,TREATMENT_NOT_ACCEPTED
CA_df384ef3fc428b287dca,NSE_72AFBEE07E5D,2018-04-06,2018-04,2018-10-31,True,True,True,UNKNOWN_MISSING_ECONOMIC_RETURN,1.33545545334831,TREATMENT_NOT_ACCEPTED
CA_df384ef3fc428b287dca,NSE_72AFBEE07E5D,2018-04-06,2018-04,2018-11-30,True,True,True,UNKNOWN_MISSING_ECONOMIC_RETURN,1.1377891533963624,TREATMENT_NOT_ACCEPTED
CA_df384ef3fc428b287dca,NSE_72AFBEE07E5D,2018-04-06,2018-04,2018-12-31,True,True,True,UNKNOWN_MISSING_ECONOMIC_RETURN,0.9011574671463103,TREATMENT_NOT_ACCEPTED
CA_df384ef3fc428b287dca,NSE_72AFBEE07E5D,2018-04-06,2018-04,2019-01-31,True,True,True,UNKNOWN_MISSING_ECONOMIC_RETURN,0.8641800438260956,TREATMENT_NOT_ACCEPTED
CA_df384ef3fc428b287dca,NSE_72AFBEE07E5D,2018-04-06,2018-04,2019-02-28,True,True,True,UNKNOWN_MISSING_ECONOMIC_RETURN,0.7766141654685317,TREATMENT_NOT_ACCEPTED
CA_df384ef3fc428b287dca,NSE_72AFBEE07E5D,2018-04-06,2018-04,2019-03-29,True,True,True,UNKNOWN_MISSING_ECONOMIC_RETURN,0.8627624236242857,TREATMENT_NOT_ACCEPTED
CA_97597e60defd554b8321,NSE_AE2862139B09,2018-08-08,2018-08,2018-09-28,False,False,False,NOT_OFFICIAL_MEMBER,,MULTIPLE_ACTION_UNITS_UNVERIFIED
CA_97597e60defd554b8321,NSE_AE2862139B09,2018-08-08,2018-08,2018-10-31,False,False,False,NOT_OFFICIAL_MEMBER,,MULTIPLE_ACTION_UNITS_UNVERIFIED
CA_97597e60defd554b8321,NSE_AE2862139B09,2018-08-08,2018-08,2018-11-30,False,False,False,NOT_OFFICIAL_MEMBER,,MULTIPLE_ACTION_UNITS_UNVERIFIED
CA_97597e60defd554b8321,NSE_AE2862139B09,2018-08-08,2018-08,2018-12-31,False,False,False,NOT_OFFICIAL_MEMBER,,MULTIPLE_ACTION_UNITS_UNVERIFIED
CA_97597e60defd554b8321,NSE_AE2862139B09,2018-08-08,2018-08,2019-01-31,False,False,False,NOT_OFFICIAL_MEMBER,,MULTIPLE_ACTION_UNITS_UNVERIFIED
CA_97597e60defd554b8321,NSE_AE2862139B09,2018-08-08,2018-08,2019-02-28,False,False,False,NOT_OFFICIAL_MEMBER,,MULTIPLE_ACTION_UNITS_UNVERIFIED
CA_97597e60defd554b8321,NSE_AE2862139B09,2018-08-08,2018-08,2019-03-29,False,False,False,NOT_OFFICIAL_MEMBER,,MULTIPLE_ACTION_UNITS_UNVERIFIED
CA_97597e60defd554b8321,NSE_AE2862139B09,2018-08-08,2018-08,2019-04-30,False,False,False,NOT_OFFICIAL_MEMBER,,MULTIPLE_ACTION_UNITS_UNVERIFIED
CA_97597e60defd554b8321,NSE_AE2862139B09,2018-08-08,2018-08,2019-05-31,False,False,False,NOT_OFFICIAL_MEMBER,,MULTIPLE_ACTION_UNITS_UNVERIFIED
CA_97597e60defd554b8321,NSE_AE2862139B09,2018-08-08,2018-08,2019-06-28,False,False,False,NOT_OFFICIAL_MEMBER,,MULTIPLE_ACTION_UNITS_UNVERIFIED
CA_97597e60defd554b8321,NSE_AE2862139B09,2018-08-08,2018-08,2019-07-31,False,False,False,NOT_OFFICIAL_MEMBER,,MULTIPLE_ACTION_UNITS_UNVERIFIED
CA_3e43c1d1d32f3e1a447e,NSE_AE2862139B09,2018-08-08,2018-08,2018-09-28,False,False,False,NOT_OFFICIAL_MEMBER,,MULTIPLE_ACTION_UNITS_UNVERIFIED
CA_3e43c1d1d32f3e1a447e,NSE_AE2862139B09,2018-08-08,2018-08,2018-10-31,False,False,False,NOT_OFFICIAL_MEMBER,,MULTIPLE_ACTION_UNITS_UNVERIFIED
CA_3e43c1d1d32f3e1a447e,NSE_AE2862139B09,2018-08-08,2018-08,2018-11-30,False,False,False,NOT_OFFICIAL_MEMBER,,MULTIPLE_ACTION_UNITS_UNVERIFIED
CA_3e43c1d1d32f3e1a447e,NSE_AE2862139B09,2018-08-08,2018-08,2018-12-31,False,False,False,NOT_OFFICIAL_MEMBER,,MULTIPLE_ACTION_UNITS_UNVERIFIED
CA_3e43c1d1d32f3e1a447e,NSE_AE2862139B09,2018-08-08,2018-08,2019-01-31,False,False,False,NOT_OFFICIAL_MEMBER,,MULTIPLE_ACTION_UNITS_UNVERIFIED
CA_3e43c1d1d32f3e1a447e,NSE_AE2862139B09,2018-08-08,2018-08,2019-02-28,False,False,False,NOT_OFFICIAL_MEMBER,,MULTIPLE_ACTION_UNITS_UNVERIFIED
CA_3e43c1d1d32f3e1a447e,NSE_AE2862139B09,2018-08-08,2018-08,2019-03-29,False,False,False,NOT_OFFICIAL_MEMBER,,MULTIPLE_ACTION_UNITS_UNVERIFIED
CA_3e43c1d1d32f3e1a447e,NSE_AE2862139B09,2018-08-08,2018-08,2019-04-30,False,False,False,NOT_OFFICIAL_MEMBER,,MULTIPLE_ACTION_UNITS_UNVERIFIED
CA_3e43c1d1d32f3e1a447e,NSE_AE2862139B09,2018-08-08,2018-08,2019-05-31,False,False,False,NOT_OFFICIAL_MEMBER,,MULTIPLE_ACTION_UNITS_UNVERIFIED
CA_3e43c1d1d32f3e1a447e,NSE_AE2862139B09,2018-08-08,2018-08,2019-06-28,False,False,False,NOT_OFFICIAL_MEMBER,,MULTIPLE_ACTION_UNITS_UNVERIFIED
CA_3e43c1d1d32f3e1a447e,NSE_AE2862139B09,2018-08-08,2018-08,2019-07-31,False,False,False,NOT_OFFICIAL_MEMBER,,MULTIPLE_ACTION_UNITS_UNVERIFIED
CA_a4d21420673221a0b482,,2018-08-29,2018-08,,,,,UNKNOWN_IDENTITY,,POSSIBLE_MEMBER_IDENTITY_UNRESOLVED
CA_3c6a72f243fcf95ad54a,NSE_851A827BCF83,2018-08-30,2018-08,2018-09-28,False,False,False,NOT_OFFICIAL_MEMBER,,TREATMENT_NOT_ACCEPTED
CA_3c6a72f243fcf95ad54a,NSE_851A827BCF83,2018-08-30,2018-08,2018-10-31,False,False,False,NOT_OFFICIAL_MEMBER,,TREATMENT_NOT_ACCEPTED
CA_3c6a72f243fcf95ad54a,NSE_851A827BCF83,2018-08-30,2018-08,2018-11-30,False,False,False,NOT_OFFICIAL_MEMBER,,TREATMENT_NOT_ACCEPTED
CA_3c6a72f243fcf95ad54a,NSE_851A827BCF83,2018-08-30,2018-08,2018-12-31,False,False,False,NOT_OFFICIAL_MEMBER,,TREATMENT_NOT_ACCEPTED
CA_3c6a72f243fcf95ad54a,NSE_851A827BCF83,2018-08-30,2018-08,2019-01-31,False,False,False,NOT_OFFICIAL_MEMBER,,TREATMENT_NOT_ACCEPTED
CA_3c6a72f243fcf95ad54a,NSE_851A827BCF83,2018-08-30,2018-08,2019-02-28,False,False,False,NOT_OFFICIAL_MEMBER,,TREATMENT_NOT_ACCEPTED
CA_3c6a72f243fcf95ad54a,NSE_851A827BCF83,2018-08-30,2018-08,2019-03-29,False,False,False,NOT_OFFICIAL_MEMBER,,TREATMENT_NOT_ACCEPTED
CA_3c6a72f243fcf95ad54a,NSE_851A827BCF83,2018-08-30,2018-08,2019-04-30,False,False,False,NOT_OFFICIAL_MEMBER,,TREATMENT_NOT_ACCEPTED
CA_3c6a72f243fcf95ad54a,NSE_851A827BCF83,2018-08-30,2018-08,2019-05-31,False,False,False,NOT_OFFICIAL_MEMBER,,TREATMENT_NOT_ACCEPTED
CA_3c6a72f243fcf95ad54a,NSE_851A827BCF83,2018-08-30,2018-08,2019-06-28,False,False,False,NOT_OFFICIAL_MEMBER,,TREATMENT_NOT_ACCEPTED
CA_3c6a72f243fcf95ad54a,NSE_851A827BCF83,2018-08-30,2018-08,2019-07-31,False,False,False,NOT_OFFICIAL_MEMBER,,TREATMENT_NOT_ACCEPTED
CA_d6eecab7f0888fc406f6,NSE_42CD50DCCBD6,2018-09-06,2018-09,2018-10-31,False,False,False,NOT_OFFICIAL_MEMBER,,TREATMENT_NOT_ACCEPTED
CA_d6eecab7f0888fc406f6,NSE_42CD50DCCBD6,2018-09-06,2018-09,2018-11-30,False,False,False,NOT_OFFICIAL_MEMBER,,TREATMENT_NOT_ACCEPTED
CA_d6eecab7f0888fc406f6,NSE_42CD50DCCBD6,2018-09-06,2018-09,2018-12-31,False,False,False,NOT_OFFICIAL_MEMBER,,TREATMENT_NOT_ACCEPTED
CA_d6eecab7f0888fc406f6,NSE_42CD50DCCBD6,2018-09-06,2018-09,2019-01-31,False,False,False,NOT_OFFICIAL_MEMBER,,TREATMENT_NOT_ACCEPTED
CA_d6eecab7f0888fc406f6,NSE_42CD50DCCBD6,2018-09-06,2018-09,2019-02-28,False,False,False,NOT_OFFICIAL_MEMBER,,TREATMENT_NOT_ACCEPTED
CA_d6eecab7f0888fc406f6,NSE_42CD50DCCBD6,2018-09-06,2018-09,2019-03-29,False,False,False,NOT_OFFICIAL_MEMBER,,TREATMENT_NOT_ACCEPTED
CA_d6eecab7f0888fc406f6,NSE_42CD50DCCBD6,2018-09-06,2018-09,2019-04-30,False,False,False,NOT_OFFICIAL_MEMBER,,TREATMENT_NOT_ACCEPTED
CA_d6eecab7f0888fc406f6,NSE_42CD50DCCBD6,2018-09-06,2018-09,2019-05-31,False,False,False,NOT_OFFICIAL_MEMBER,,TREATMENT_NOT_ACCEPTED
CA_d6eecab7f0888fc406f6,NSE_42CD50DCCBD6,2018-09-06,2018-09,2019-06-28,False,False,False,NOT_OFFICIAL_MEMBER,,TREATMENT_NOT_ACCEPTED
CA_d6eecab7f0888fc406f6,NSE_42CD50DCCBD6,2018-09-06,2018-09,2019-07-31,False,False,False,NOT_OFFICIAL_MEMBER,,TREATMENT_NOT_ACCEPTED
CA_d6eecab7f0888fc406f6,NSE_42CD50DCCBD6,2018-09-06,2018-09,2019-08-30,False,False,False,NOT_OFFICIAL_MEMBER,,TREATMENT_NOT_ACCEPTED
CA_a547b59a77462e2625dd,NSE_F10717A1FD65,2018-10-25,2018-10,2018-11-30,False,False,False,NOT_OFFICIAL_MEMBER,,TREATMENT_NOT_ACCEPTED
CA_a547b59a77462e2625dd,NSE_F10717A1FD65,2018-10-25,2018-10,2018-12-31,False,False,False,NOT_OFFICIAL_MEMBER,,TREATMENT_NOT_ACCEPTED
CA_a547b59a77462e2625dd,NSE_F10717A1FD65,2018-10-25,2018-10,2019-01-31,False,False,False,NOT_OFFICIAL_MEMBER,,TREATMENT_NOT_ACCEPTED
CA_a547b59a77462e2625dd,NSE_F10717A1FD65,2018-10-25,2018-10,2019-02-28,False,False,False,NOT_OFFICIAL_MEMBER,,TREATMENT_NOT_ACCEPTED
CA_a547b59a77462e2625dd,NSE_F10717A1FD65,2018-10-25,2018-10,2019-03-29,True,True,True,UNKNOWN_MISSING_ECONOMIC_RETURN,1.343261238564812,TREATMENT_NOT_ACCEPTED
CA_a547b59a77462e2625dd,NSE_F10717A1FD65,2018-10-25,2018-10,2019-04-30,True,True,True,UNKNOWN_MISSING_ECONOMIC_RETURN,1.3216468934879848,TREATMENT_NOT_ACCEPTED
CA_a547b59a77462e2625dd,NSE_F10717A1FD65,2018-10-25,2018-10,2019-05-31,True,True,True,UNKNOWN_MISSING_ECONOMIC_RETURN,1.7050326463643004,TREATMENT_NOT_ACCEPTED
CA_a547b59a77462e2625dd,NSE_F10717A1FD65,2018-10-25,2018-10,2019-06-28,True,True,True,UNKNOWN_MISSING_ECONOMIC_RETURN,2.648546994759507,TREATMENT_NOT_ACCEPTED
CA_a547b59a77462e2625dd,NSE_F10717A1FD65,2018-10-25,2018-10,2019-07-31,True,True,True,UNKNOWN_MISSING_ECONOMIC_RETURN,8.04651633198814,TREATMENT_NOT_ACCEPTED
CA_a547b59a77462e2625dd,NSE_F10717A1FD65,2018-10-25,2018-10,2019-08-30,True,True,True,UNKNOWN_MISSING_ECONOMIC_RETURN,25.499195155062367,TREATMENT_NOT_ACCEPTED
CA_a547b59a77462e2625dd,NSE_F10717A1FD65,2018-10-25,2018-10,2019-09-30,True,True,True,UNKNOWN_MISSING_ECONOMIC_RETURN,60.395212553517595,TREATMENT_NOT_ACCEPTED
CA_78c8a95e2472b7c4caa7,NSE_9FB7052822E7,2018-10-30,2018-10,2018-11-30,False,False,False,NOT_OFFICIAL_MEMBER,,TREATMENT_NOT_ACCEPTED
CA_78c8a95e2472b7c4caa7,NSE_9FB7052822E7,2018-10-30,2018-10,2018-12-31,False,False,False,NOT_OFFICIAL_MEMBER,,TREATMENT_NOT_ACCEPTED
CA_78c8a95e2472b7c4caa7,NSE_9FB7052822E7,2018-10-30,2018-10,2019-01-31,False,False,False,NOT_OFFICIAL_MEMBER,,TREATMENT_NOT_ACCEPTED
CA_78c8a95e2472b7c4caa7,NSE_9FB7052822E7,2018-10-30,2018-10,2019-02-28,False,False,False,NOT_OFFICIAL_MEMBER,,TREATMENT_NOT_ACCEPTED
CA_78c8a95e2472b7c4caa7,NSE_9FB7052822E7,2018-10-30,2018-10,2019-03-29,True,True,True,UNKNOWN_MISSING_ECONOMIC_RETURN,0.4632999942398912,TREATMENT_NOT_ACCEPTED
CA_78c8a95e2472b7c4caa7,NSE_9FB7052822E7,2018-10-30,2018-10,2019-04-30,True,True,True,UNKNOWN_MISSING_ECONOMIC_RETURN,0.4637891862265222,TREATMENT_NOT_ACCEPTED
CA_78c8a95e2472b7c4caa7,NSE_9FB7052822E7,2018-10-30,2018-10,2019-05-31,True,True,True,UNKNOWN_MISSING_ECONOMIC_RETURN,0.5120335252735095,TREATMENT_NOT_ACCEPTED
CA_78c8a95e2472b7c4caa7,NSE_9FB7052822E7,2018-10-30,2018-10,2019-06-28,True,True,True,UNKNOWN_MISSING_ECONOMIC_RETURN,0.3501470207799644,TREATMENT_NOT_ACCEPTED
CA_78c8a95e2472b7c4caa7,NSE_9FB7052822E7,2018-10-30,2018-10,2019-07-31,True,True,True,UNKNOWN_MISSING_ECONOMIC_RETURN,0.266958738756897,TREATMENT_NOT_ACCEPTED
CA_78c8a95e2472b7c4caa7,NSE_9FB7052822E7,2018-10-30,2018-10,2019-08-30,True,True,True,UNKNOWN_MISSING_ECONOMIC_RETURN,0.2394282520862916,TREATMENT_NOT_ACCEPTED
CA_78c8a95e2472b7c4caa7,NSE_9FB7052822E7,2018-10-30,2018-10,2019-09-30,True,True,True,UNKNOWN_MISSING_ECONOMIC_RETURN,0.1706772066480906,TREATMENT_NOT_ACCEPTED
CA_976da4b23cd71b346dab,NSE_C60D64EC58FE,2018-11-28,2018-11,2018-12-31,False,False,False,NOT_OFFICIAL_MEMBER,,TREATMENT_NOT_ACCEPTED
CA_976da4b23cd71b346dab,NSE_C60D64EC58FE,2018-11-28,2018-11,2019-01-31,False,False,False,NOT_OFFICIAL_MEMBER,,TREATMENT_NOT_ACCEPTED
CA_976da4b23cd71b346dab,NSE_C60D64EC58FE,2018-11-28,2018-11,2019-02-28,False,False,False,NOT_OFFICIAL_MEMBER,,TREATMENT_NOT_ACCEPTED
CA_976da4b23cd71b346dab,NSE_C60D64EC58FE,2018-11-28,2018-11,2019-03-29,False,False,False,NOT_OFFICIAL_MEMBER,,TREATMENT_NOT_ACCEPTED
CA_976da4b23cd71b346dab,NSE_C60D64EC58FE,2018-11-28,2018-11,2019-04-30,False,False,False,NOT_OFFICIAL_MEMBER,,TREATMENT_NOT_ACCEPTED
CA_976da4b23cd71b346dab,NSE_C60D64EC58FE,2018-11-28,2018-11,2019-05-31,False,False,False,NOT_OFFICIAL_MEMBER,,TREATMENT_NOT_ACCEPTED
CA_976da4b23cd71b346dab,NSE_C60D64EC58FE,2018-11-28,2018-11,2019-06-28,False,False,False,NOT_OFFICIAL_MEMBER,,TREATMENT_NOT_ACCEPTED
CA_976da4b23cd71b346dab,NSE_C60D64EC58FE,2018-11-28,2018-11,2019-07-31,False,False,False,NOT_OFFICIAL_MEMBER,,TREATMENT_NOT_ACCEPTED
CA_976da4b23cd71b346dab,NSE_C60D64EC58FE,2018-11-28,2018-11,2019-08-30,False,False,False,NOT_OFFICIAL_MEMBER,,TREATMENT_NOT_ACCEPTED
CA_976da4b23cd71b346dab,NSE_C60D64EC58FE,2018-11-28,2018-11,2019-09-30,False,False,False,NOT_OFFICIAL_MEMBER,,TREATMENT_NOT_ACCEPTED
CA_976da4b23cd71b346dab,NSE_C60D64EC58FE,2018-11-28,2018-11,2019-10-31,False,False,False,NOT_OFFICIAL_MEMBER,,TREATMENT_NOT_ACCEPTED
CA_9e4a3e84724b4ddd5a30,NSE_64BF9F3DBA41,2019-01-24,2019-01,2019-02-28,False,False,False,NOT_OFFICIAL_MEMBER,,TREATMENT_NOT_ACCEPTED
CA_9e4a3e84724b4ddd5a30,NSE_64BF9F3DBA41,2019-01-24,2019-01,2019-03-29,False,False,False,NOT_OFFICIAL_MEMBER,,TREATMENT_NOT_ACCEPTED
CA_9e4a3e84724b4ddd5a30,NSE_64BF9F3DBA41,2019-01-24,2019-01,2019-04-30,False,False,False,NOT_OFFICIAL_MEMBER,,TREATMENT_NOT_ACCEPTED
CA_9e4a3e84724b4ddd5a30,NSE_64BF9F3DBA41,2019-01-24,2019-01,2019-05-31,False,False,False,NOT_OFFICIAL_MEMBER,,TREATMENT_NOT_ACCEPTED
CA_9e4a3e84724b4ddd5a30,NSE_64BF9F3DBA41,2019-01-24,2019-01,2019-06-28,False,False,False,NOT_OFFICIAL_MEMBER,,TREATMENT_NOT_ACCEPTED
CA_9e4a3e84724b4ddd5a30,NSE_64BF9F3DBA41,2019-01-24,2019-01,2019-07-31,False,False,False,NOT_OFFICIAL_MEMBER,,TREATMENT_NOT_ACCEPTED
CA_9e4a3e84724b4ddd5a30,NSE_64BF9F3DBA41,2019-01-24,2019-01,2019-08-30,False,False,False,NOT_OFFICIAL_MEMBER,,TREATMENT_NOT_ACCEPTED
CA_9e4a3e84724b4ddd5a30,NSE_64BF9F3DBA41,2019-01-24,2019-01,2019-09-30,True,True,True,UNKNOWN_MISSING_ECONOMIC_RETURN,1.210245687461533,TREATMENT_NOT_ACCEPTED
CA_9e4a3e84724b4ddd5a30,NSE_64BF9F3DBA41,2019-01-24,2019-01,2019-10-31,True,True,True,UNKNOWN_MISSING_ECONOMIC_RETURN,1.3300660584546917,TREATMENT_NOT_ACCEPTED
CA_9e4a3e84724b4ddd5a30,NSE_64BF9F3DBA41,2019-01-24,2019-01,2019-11-29,True,True,True,UNKNOWN_MISSING_ECONOMIC_RETURN,1.2701992076395752,TREATMENT_NOT_ACCEPTED
CA_9e4a3e84724b4ddd5a30,NSE_64BF9F3DBA41,2019-01-24,2019-01,2019-12-31,True,True,True,UNKNOWN_MISSING_ECONOMIC_RETURN,1.2650443630151078,TREATMENT_NOT_ACCEPTED
CA_992b9adde6b0f3d8191c,NSE_6B14B0471978,2019-03-28,2019-03,2019-04-30,False,False,False,NOT_OFFICIAL_MEMBER,,TREATMENT_NOT_ACCEPTED
CA_992b9adde6b0f3d8191c,NSE_6B14B0471978,2019-03-28,2019-03,2019-05-31,False,False,False,NOT_OFFICIAL_MEMBER,,TREATMENT_NOT_ACCEPTED
CA_992b9adde6b0f3d8191c,NSE_6B14B0471978,2019-03-28,2019-03,2019-06-28,False,False,False,NOT_OFFICIAL_MEMBER,,TREATMENT_NOT_ACCEPTED
CA_992b9adde6b0f3d8191c,NSE_6B14B0471978,2019-03-28,2019-03,2019-07-31,False,False,False,NOT_OFFICIAL_MEMBER,,TREATMENT_NOT_ACCEPTED
CA_992b9adde6b0f3d8191c,NSE_6B14B0471978,2019-03-28,2019-03,2019-08-30,False,False,False,NOT_OFFICIAL_MEMBER,,TREATMENT_NOT_ACCEPTED
CA_992b9adde6b0f3d8191c,NSE_6B14B0471978,2019-03-28,2019-03,2019-09-30,False,False,False,NOT_OFFICIAL_MEMBER,,TREATMENT_NOT_ACCEPTED
CA_992b9adde6b0f3d8191c,NSE_6B14B0471978,2019-03-28,2019-03,2019-10-31,False,False,False,NOT_OFFICIAL_MEMBER,,TREATMENT_NOT_ACCEPTED
CA_992b9adde6b0f3d8191c,NSE_6B14B0471978,2019-03-28,2019-03,2019-11-29,False,False,False,NOT_OFFICIAL_MEMBER,,TREATMENT_NOT_ACCEPTED
CA_992b9adde6b0f3d8191c,NSE_6B14B0471978,2019-03-28,2019-03,2019-12-31,False,False,False,NOT_OFFICIAL_MEMBER,,TREATMENT_NOT_ACCEPTED
CA_992b9adde6b0f3d8191c,NSE_6B14B0471978,2019-03-28,2019-03,2020-01-31,False,False,False,NOT_OFFICIAL_MEMBER,,TREATMENT_NOT_ACCEPTED
CA_992b9adde6b0f3d8191c,NSE_6B14B0471978,2019-03-28,2019-03,2020-02-28,False,False,False,NOT_OFFICIAL_MEMBER,,TREATMENT_NOT_ACCEPTED
CA_4a05cf701a78abe65dc6,NSE_D5ACCFD1139D,2019-04-09,2019-04,2019-05-31,False,False,False,NOT_OFFICIAL_MEMBER,,TREATMENT_NOT_ACCEPTED
CA_4a05cf701a78abe65dc6,NSE_D5ACCFD1139D,2019-04-09,2019-04,2019-06-28,False,False,False,NOT_OFFICIAL_MEMBER,,TREATMENT_NOT_ACCEPTED
CA_4a05cf701a78abe65dc6,NSE_D5ACCFD1139D,2019-04-09,2019-04,2019-07-31,False,False,False,NOT_OFFICIAL_MEMBER,,TREATMENT_NOT_ACCEPTED
CA_4a05cf701a78abe65dc6,NSE_D5ACCFD1139D,2019-04-09,2019-04,2019-08-30,False,False,False,NOT_OFFICIAL_MEMBER,,TREATMENT_NOT_ACCEPTED
CA_4a05cf701a78abe65dc6,NSE_D5ACCFD1139D,2019-04-09,2019-04,2019-09-30,False,False,False,NOT_OFFICIAL_MEMBER,,TREATMENT_NOT_ACCEPTED
CA_4a05cf701a78abe65dc6,NSE_D5ACCFD1139D,2019-04-09,2019-04,2019-10-31,False,False,False,NOT_OFFICIAL_MEMBER,,TREATMENT_NOT_ACCEPTED
CA_4a05cf701a78abe65dc6,NSE_D5ACCFD1139D,2019-04-09,2019-04,2019-11-29,False,False,False,NOT_OFFICIAL_MEMBER,,TREATMENT_NOT_ACCEPTED
CA_4a05cf701a78abe65dc6,NSE_D5ACCFD1139D,2019-04-09,2019-04,2019-12-31,False,False,False,NOT_OFFICIAL_MEMBER,,TREATMENT_NOT_ACCEPTED
CA_4a05cf701a78abe65dc6,NSE_D5ACCFD1139D,2019-04-09,2019-04,2020-01-31,False,False,False,NOT_OFFICIAL_MEMBER,,TREATMENT_NOT_ACCEPTED
CA_4a05cf701a78abe65dc6,NSE_D5ACCFD1139D,2019-04-09,2019-04,2020-02-28,False,False,False,NOT_OFFICIAL_MEMBER,,TREATMENT_NOT_ACCEPTED
CA_4a05cf701a78abe65dc6,NSE_D5ACCFD1139D,2019-04-09,2019-04,2020-03-31,False,False,False,NOT_OFFICIAL_MEMBER,,TREATMENT_NOT_ACCEPTED
CA_e1b79649b7b784d97751,NSE_400E6C0FE473,2019-04-23,2019-04,2019-05-31,False,False,False,NOT_OFFICIAL_MEMBER,,TREATMENT_NOT_ACCEPTED
CA_e1b79649b7b784d97751,NSE_400E6C0FE473,2019-04-23,2019-04,2019-06-28,False,False,False,NOT_OFFICIAL_MEMBER,,TREATMENT_NOT_ACCEPTED
CA_e1b79649b7b784d97751,NSE_400E6C0FE473,2019-04-23,2019-04,2019-07-31,False,False,False,NOT_OFFICIAL_MEMBER,,TREATMENT_NOT_ACCEPTED
CA_e1b79649b7b784d97751,NSE_400E6C0FE473,2019-04-23,2019-04,2019-08-30,False,False,False,NOT_OFFICIAL_MEMBER,,TREATMENT_NOT_ACCEPTED
CA_e1b79649b7b784d97751,NSE_400E6C0FE473,2019-04-23,2019-04,2019-09-30,False,False,False,NOT_OFFICIAL_MEMBER,,TREATMENT_NOT_ACCEPTED
CA_e1b79649b7b784d97751,NSE_400E6C0FE473,2019-04-23,2019-04,2019-10-31,False,False,False,NOT_OFFICIAL_MEMBER,,TREATMENT_NOT_ACCEPTED
CA_e1b79649b7b784d97751,NSE_400E6C0FE473,2019-04-23,2019-04,2019-11-29,False,False,False,NOT_OFFICIAL_MEMBER,,TREATMENT_NOT_ACCEPTED
CA_e1b79649b7b784d97751,NSE_400E6C0FE473,2019-04-23,2019-04,2019-12-31,False,False,False,NOT_OFFICIAL_MEMBER,,TREATMENT_NOT_ACCEPTED
CA_e1b79649b7b784d97751,NSE_400E6C0FE473,2019-04-23,2019-04,2020-01-31,False,False,False,NOT_OFFICIAL_MEMBER,,TREATMENT_NOT_ACCEPTED
CA_e1b79649b7b784d97751,NSE_400E6C0FE473,2019-04-23,2019-04,2020-02-28,False,False,False,NOT_OFFICIAL_MEMBER,,TREATMENT_NOT_ACCEPTED
CA_e1b79649b7b784d97751,NSE_400E6C0FE473,2019-04-23,2019-04,2020-03-31,False,False,False,NOT_OFFICIAL_MEMBER,,TREATMENT_NOT_ACCEPTED
CA_bc661c41f226f8cadf0f,NSE_F96D3907BEE7,2019-05-30,2019-05,2019-06-28,False,False,False,NOT_OFFICIAL_MEMBER,,TREATMENT_NOT_ACCEPTED
CA_bc661c41f226f8cadf0f,NSE_F96D3907BEE7,2019-05-30,2019-05,2019-07-31,False,False,False,NOT_OFFICIAL_MEMBER,,TREATMENT_NOT_ACCEPTED
CA_bc661c41f226f8cadf0f,NSE_F96D3907BEE7,2019-05-30,2019-05,2019-08-30,False,False,False,NOT_OFFICIAL_MEMBER,,TREATMENT_NOT_ACCEPTED
CA_bc661c41f226f8cadf0f,NSE_F96D3907BEE7,2019-05-30,2019-05,2019-09-30,True,True,True,UNKNOWN_MISSING_ECONOMIC_RETURN,1.4990460227962004,TREATMENT_NOT_ACCEPTED
CA_bc661c41f226f8cadf0f,NSE_F96D3907BEE7,2019-05-30,2019-05,2019-10-31,True,True,True,UNKNOWN_MISSING_ECONOMIC_RETURN,1.282548066955854,TREATMENT_NOT_ACCEPTED
CA_bc661c41f226f8cadf0f,NSE_F96D3907BEE7,2019-05-30,2019-05,2019-11-29,True,True,True,UNKNOWN_MISSING_ECONOMIC_RETURN,1.546802532780415,TREATMENT_NOT_ACCEPTED
CA_bc661c41f226f8cadf0f,NSE_F96D3907BEE7,2019-05-30,2019-05,2019-12-31,True,True,True,UNKNOWN_MISSING_ECONOMIC_RETURN,0.8416433537433239,TREATMENT_NOT_ACCEPTED
CA_bc661c41f226f8cadf0f,NSE_F96D3907BEE7,2019-05-30,2019-05,2020-01-31,True,True,True,UNKNOWN_MISSING_ECONOMIC_RETURN,1.001318790353634,TREATMENT_NOT_ACCEPTED
CA_bc661c41f226f8cadf0f,NSE_F96D3907BEE7,2019-05-30,2019-05,2020-02-28,True,True,True,UNKNOWN_MISSING_ECONOMIC_RETURN,0.4008600670925553,TREATMENT_NOT_ACCEPTED
CA_bc661c41f226f8cadf0f,NSE_F96D3907BEE7,2019-05-30,2019-05,2020-03-31,True,True,True,UNKNOWN_MISSING_ECONOMIC_RETURN,0.6577555576114904,TREATMENT_NOT_ACCEPTED
CA_bc661c41f226f8cadf0f,NSE_F96D3907BEE7,2019-05-30,2019-05,2020-04-30,True,True,True,UNKNOWN_MISSING_ECONOMIC_RETURN,1.8245598218844519,TREATMENT_NOT_ACCEPTED
CA_9a4d1bf3110042d82bf8,NSE_C5E1346C906E,2019-06-18,2019-06,2019-07-31,False,False,False,NOT_OFFICIAL_MEMBER,,TREATMENT_NOT_ACCEPTED
CA_9a4d1bf3110042d82bf8,NSE_C5E1346C906E,2019-06-18,2019-06,2019-08-30,False,False,False,NOT_OFFICIAL_MEMBER,,TREATMENT_NOT_ACCEPTED
CA_9a4d1bf3110042d82bf8,NSE_C5E1346C906E,2019-06-18,2019-06,2019-09-30,False,False,False,NOT_OFFICIAL_MEMBER,,TREATMENT_NOT_ACCEPTED
CA_9a4d1bf3110042d82bf8,NSE_C5E1346C906E,2019-06-18,2019-06,2019-10-31,False,False,False,NOT_OFFICIAL_MEMBER,,TREATMENT_NOT_ACCEPTED
CA_9a4d1bf3110042d82bf8,NSE_C5E1346C906E,2019-06-18,2019-06,2019-11-29,False,False,False,NOT_OFFICIAL_MEMBER,,TREATMENT_NOT_ACCEPTED
CA_9a4d1bf3110042d82bf8,NSE_C5E1346C906E,2019-06-18,2019-06,2019-12-31,False,False,False,NOT_OFFICIAL_MEMBER,,TREATMENT_NOT_ACCEPTED
CA_9a4d1bf3110042d82bf8,NSE_C5E1346C906E,2019-06-18,2019-06,2020-01-31,False,False,False,NOT_OFFICIAL_MEMBER,,TREATMENT_NOT_ACCEPTED
CA_9a4d1bf3110042d82bf8,NSE_C5E1346C906E,2019-06-18,2019-06,2020-02-28,False,False,False,NOT_OFFICIAL_MEMBER,,TREATMENT_NOT_ACCEPTED
CA_9a4d1bf3110042d82bf8,NSE_C5E1346C906E,2019-06-18,2019-06,2020-03-31,False,False,False,NOT_OFFICIAL_MEMBER,,TREATMENT_NOT_ACCEPTED
CA_9a4d1bf3110042d82bf8,NSE_C5E1346C906E,2019-06-18,2019-06,2020-04-30,False,False,False,NOT_OFFICIAL_MEMBER,,TREATMENT_NOT_ACCEPTED
CA_9a4d1bf3110042d82bf8,NSE_C5E1346C906E,2019-06-18,2019-06,2020-05-29,False,False,False,NOT_OFFICIAL_MEMBER,,TREATMENT_NOT_ACCEPTED
CA_f37bb4a3e8a796f6e39c,NSE_418B7FB30526,2019-06-24,2019-06,2019-07-31,False,False,False,NOT_OFFICIAL_MEMBER,,TREATMENT_NOT_ACCEPTED
CA_f37bb4a3e8a796f6e39c,NSE_418B7FB30526,2019-06-24,2019-06,2019-08-30,False,False,False,NOT_OFFICIAL_MEMBER,,TREATMENT_NOT_ACCEPTED
CA_f37bb4a3e8a796f6e39c,NSE_418B7FB30526,2019-06-24,2019-06,2019-09-30,False,False,False,NOT_OFFICIAL_MEMBER,,TREATMENT_NOT_ACCEPTED
CA_f37bb4a3e8a796f6e39c,NSE_418B7FB30526,2019-06-24,2019-06,2019-10-31,False,False,False,NOT_OFFICIAL_MEMBER,,TREATMENT_NOT_ACCEPTED
CA_f37bb4a3e8a796f6e39c,NSE_418B7FB30526,2019-06-24,2019-06,2019-11-29,False,False,False,NOT_OFFICIAL_MEMBER,,TREATMENT_NOT_ACCEPTED
CA_f37bb4a3e8a796f6e39c,NSE_418B7FB30526,2019-06-24,2019-06,2019-12-31,False,False,False,NOT_OFFICIAL_MEMBER,,TREATMENT_NOT_ACCEPTED
CA_f37bb4a3e8a796f6e39c,NSE_418B7FB30526,2019-06-24,2019-06,2020-01-31,False,False,False,NOT_OFFICIAL_MEMBER,,TREATMENT_NOT_ACCEPTED
CA_f37bb4a3e8a796f6e39c,NSE_418B7FB30526,2019-06-24,2019-06,2020-02-28,False,False,False,NOT_OFFICIAL_MEMBER,,TREATMENT_NOT_ACCEPTED
CA_f37bb4a3e8a796f6e39c,NSE_418B7FB30526,2019-06-24,2019-06,2020-03-31,False,False,False,NOT_OFFICIAL_MEMBER,,TREATMENT_NOT_ACCEPTED
CA_f37bb4a3e8a796f6e39c,NSE_418B7FB30526,2019-06-24,2019-06,2020-04-30,False,False,False,NOT_OFFICIAL_MEMBER,,TREATMENT_NOT_ACCEPTED
CA_f37bb4a3e8a796f6e39c,NSE_418B7FB30526,2019-06-24,2019-06,2020-05-29,False,False,False,NOT_OFFICIAL_MEMBER,,TREATMENT_NOT_ACCEPTED
CA_7c4b422d9b821ca69ce7,NSE_81E1BA306A07,2019-07-03,2019-07,2019-08-30,False,False,False,NOT_OFFICIAL_MEMBER,,TREATMENT_NOT_ACCEPTED
CA_7c4b422d9b821ca69ce7,NSE_81E1BA306A07,2019-07-03,2019-07,2019-09-30,False,False,False,NOT_OFFICIAL_MEMBER,,TREATMENT_NOT_ACCEPTED
CA_7c4b422d9b821ca69ce7,NSE_81E1BA306A07,2019-07-03,2019-07,2019-10-31,False,False,False,NOT_OFFICIAL_MEMBER,,TREATMENT_NOT_ACCEPTED
CA_7c4b422d9b821ca69ce7,NSE_81E1BA306A07,2019-07-03,2019-07,2019-11-29,False,False,False,NOT_OFFICIAL_MEMBER,,TREATMENT_NOT_ACCEPTED
CA_7c4b422d9b821ca69ce7,NSE_81E1BA306A07,2019-07-03,2019-07,2019-12-31,True,True,True,UNKNOWN_MISSING_ECONOMIC_RETURN,0.1313112023353289,TREATMENT_NOT_ACCEPTED
CA_7c4b422d9b821ca69ce7,NSE_81E1BA306A07,2019-07-03,2019-07,2020-01-31,True,True,True,UNKNOWN_MISSING_ECONOMIC_RETURN,0.3703315907362583,TREATMENT_NOT_ACCEPTED
CA_7c4b422d9b821ca69ce7,NSE_81E1BA306A07,2019-07-03,2019-07,2020-02-28,True,True,True,UNKNOWN_MISSING_ECONOMIC_RETURN,0.07088380534207861,TREATMENT_NOT_ACCEPTED
CA_7c4b422d9b821ca69ce7,NSE_81E1BA306A07,2019-07-03,2019-07,2020-03-31,True,True,True,UNKNOWN_MISSING_ECONOMIC_RETURN,0.078545422019908,TREATMENT_NOT_ACCEPTED
CA_7c4b422d9b821ca69ce7,NSE_81E1BA306A07,2019-07-03,2019-07,2020-04-30,True,True,True,UNKNOWN_MISSING_ECONOMIC_RETURN,0.11563362672126698,TREATMENT_NOT_ACCEPTED
CA_7c4b422d9b821ca69ce7,NSE_81E1BA306A07,2019-07-03,2019-07,2020-05-29,True,True,True,UNKNOWN_MISSING_ECONOMIC_RETURN,-0.0030951090768444045,TREATMENT_NOT_ACCEPTED
CA_7c4b422d9b821ca69ce7,NSE_81E1BA306A07,2019-07-03,2019-07,2020-06-30,True,True,True,UNKNOWN_MISSING_ECONOMIC_RETURN,0.14155678946507,TREATMENT_NOT_ACCEPTED
CA_3b571433b0b8d5f3cd54,NSE_9BE1DE6AAF18,2019-07-11,2019-07,2019-08-30,False,False,False,NOT_OFFICIAL_MEMBER,,TREATMENT_NOT_ACCEPTED
CA_3b571433b0b8d5f3cd54,NSE_9BE1DE6AAF18,2019-07-11,2019-07,2019-09-30,False,False,False,NOT_OFFICIAL_MEMBER,,TREATMENT_NOT_ACCEPTED
CA_3b571433b0b8d5f3cd54,NSE_9BE1DE6AAF18,2019-07-11,2019-07,2019-10-31,False,False,False,NOT_OFFICIAL_MEMBER,,TREATMENT_NOT_ACCEPTED
CA_3b571433b0b8d5f3cd54,NSE_9BE1DE6AAF18,2019-07-11,2019-07,2019-11-29,False,False,False,NOT_OFFICIAL_MEMBER,,TREATMENT_NOT_ACCEPTED
CA_3b571433b0b8d5f3cd54,NSE_9BE1DE6AAF18,2019-07-11,2019-07,2019-12-31,False,False,False,NOT_OFFICIAL_MEMBER,,TREATMENT_NOT_ACCEPTED
CA_3b571433b0b8d5f3cd54,NSE_9BE1DE6AAF18,2019-07-11,2019-07,2020-01-31,False,False,False,NOT_OFFICIAL_MEMBER,,TREATMENT_NOT_ACCEPTED
CA_3b571433b0b8d5f3cd54,NSE_9BE1DE6AAF18,2019-07-11,2019-07,2020-02-28,False,False,False,NOT_OFFICIAL_MEMBER,,TREATMENT_NOT_ACCEPTED
CA_3b571433b0b8d5f3cd54,NSE_9BE1DE6AAF18,2019-07-11,2019-07,2020-03-31,False,False,False,NOT_OFFICIAL_MEMBER,,TREATMENT_NOT_ACCEPTED
CA_3b571433b0b8d5f3cd54,NSE_9BE1DE6AAF18,2019-07-11,2019-07,2020-04-30,False,False,False,NOT_OFFICIAL_MEMBER,,TREATMENT_NOT_ACCEPTED
CA_3b571433b0b8d5f3cd54,NSE_9BE1DE6AAF18,2019-07-11,2019-07,2020-05-29,False,False,False,NOT_OFFICIAL_MEMBER,,TREATMENT_NOT_ACCEPTED
CA_3b571433b0b8d5f3cd54,NSE_9BE1DE6AAF18,2019-07-11,2019-07,2020-06-30,False,False,False,NOT_OFFICIAL_MEMBER,,TREATMENT_NOT_ACCEPTED
CA_4d415ee45237ea9628fd,NSE_E33BF28052EC,2019-07-12,2019-07,2019-08-30,False,False,False,NOT_OFFICIAL_MEMBER,,TREATMENT_NOT_ACCEPTED
CA_4d415ee45237ea9628fd,NSE_E33BF28052EC,2019-07-12,2019-07,2019-09-30,False,False,False,NOT_OFFICIAL_MEMBER,,TREATMENT_NOT_ACCEPTED
CA_4d415ee45237ea9628fd,NSE_E33BF28052EC,2019-07-12,2019-07,2019-10-31,False,False,False,NOT_OFFICIAL_MEMBER,,TREATMENT_NOT_ACCEPTED
CA_4d415ee45237ea9628fd,NSE_E33BF28052EC,2019-07-12,2019-07,2019-11-29,False,False,False,NOT_OFFICIAL_MEMBER,,TREATMENT_NOT_ACCEPTED
CA_4d415ee45237ea9628fd,NSE_E33BF28052EC,2019-07-12,2019-07,2019-12-31,False,False,False,NOT_OFFICIAL_MEMBER,,TREATMENT_NOT_ACCEPTED
CA_4d415ee45237ea9628fd,NSE_E33BF28052EC,2019-07-12,2019-07,2020-01-31,False,False,False,NOT_OFFICIAL_MEMBER,,TREATMENT_NOT_ACCEPTED
CA_4d415ee45237ea9628fd,NSE_E33BF28052EC,2019-07-12,2019-07,2020-02-28,False,False,False,NOT_OFFICIAL_MEMBER,,TREATMENT_NOT_ACCEPTED
CA_4d415ee45237ea9628fd,NSE_E33BF28052EC,2019-07-12,2019-07,2020-03-31,False,False,False,NOT_OFFICIAL_MEMBER,,TREATMENT_NOT_ACCEPTED
CA_4d415ee45237ea9628fd,NSE_E33BF28052EC,2019-07-12,2019-07,2020-04-30,False,False,False,NOT_OFFICIAL_MEMBER,,TREATMENT_NOT_ACCEPTED
CA_4d415ee45237ea9628fd,NSE_E33BF28052EC,2019-07-12,2019-07,2020-05-29,False,False,False,NOT_OFFICIAL_MEMBER,,TREATMENT_NOT_ACCEPTED
CA_4d415ee45237ea9628fd,NSE_E33BF28052EC,2019-07-12,2019-07,2020-06-30,False,False,False,NOT_OFFICIAL_MEMBER,,TREATMENT_NOT_ACCEPTED
CA_cf1d08cc46707417d90d,NSE_6835A4E7227D,2019-08-06,2019-08,2019-09-30,False,False,False,NOT_OFFICIAL_MEMBER,,TREATMENT_NOT_ACCEPTED
CA_cf1d08cc46707417d90d,NSE_6835A4E7227D,2019-08-06,2019-08,2019-10-31,False,False,False,NOT_OFFICIAL_MEMBER,,TREATMENT_NOT_ACCEPTED
CA_cf1d08cc46707417d90d,NSE_6835A4E7227D,2019-08-06,2019-08,2019-11-29,False,False,False,NOT_OFFICIAL_MEMBER,,TREATMENT_NOT_ACCEPTED
CA_cf1d08cc46707417d90d,NSE_6835A4E7227D,2019-08-06,2019-08,2019-12-31,False,False,False,NOT_OFFICIAL_MEMBER,,TREATMENT_NOT_ACCEPTED
CA_cf1d08cc46707417d90d,NSE_6835A4E7227D,2019-08-06,2019-08,2020-01-31,False,False,False,NOT_OFFICIAL_MEMBER,,TREATMENT_NOT_ACCEPTED
CA_cf1d08cc46707417d90d,NSE_6835A4E7227D,2019-08-06,2019-08,2020-02-28,False,False,False,NOT_OFFICIAL_MEMBER,,TREATMENT_NOT_ACCEPTED
CA_cf1d08cc46707417d90d,NSE_6835A4E7227D,2019-08-06,2019-08,2020-03-31,False,False,False,NOT_OFFICIAL_MEMBER,,TREATMENT_NOT_ACCEPTED
CA_cf1d08cc46707417d90d,NSE_6835A4E7227D,2019-08-06,2019-08,2020-04-30,False,False,False,NOT_OFFICIAL_MEMBER,,TREATMENT_NOT_ACCEPTED
CA_cf1d08cc46707417d90d,NSE_6835A4E7227D,2019-08-06,2019-08,2020-05-29,False,False,False,NOT_OFFICIAL_MEMBER,,TREATMENT_NOT_ACCEPTED
CA_cf1d08cc46707417d90d,NSE_6835A4E7227D,2019-08-06,2019-08,2020-06-30,False,False,False,NOT_OFFICIAL_MEMBER,,TREATMENT_NOT_ACCEPTED
CA_cf1d08cc46707417d90d,NSE_6835A4E7227D,2019-08-06,2019-08,2020-07-31,False,False,False,NOT_OFFICIAL_MEMBER,,TREATMENT_NOT_ACCEPTED
CA_b76299de65382d4aef6e,NSE_CBDF2B22A73F,2019-08-19,2019-08,2019-09-30,False,False,False,NOT_OFFICIAL_MEMBER,,COINCIDENT_UNRESOLVED_ACTION
CA_b76299de65382d4aef6e,NSE_CBDF2B22A73F,2019-08-19,2019-08,2019-10-31,False,False,False,NOT_OFFICIAL_MEMBER,,COINCIDENT_UNRESOLVED_ACTION
CA_b76299de65382d4aef6e,NSE_CBDF2B22A73F,2019-08-19,2019-08,2019-11-29,False,False,False,NOT_OFFICIAL_MEMBER,,COINCIDENT_UNRESOLVED_ACTION
CA_b76299de65382d4aef6e,NSE_CBDF2B22A73F,2019-08-19,2019-08,2019-12-31,False,False,False,NOT_OFFICIAL_MEMBER,,COINCIDENT_UNRESOLVED_ACTION
CA_b76299de65382d4aef6e,NSE_CBDF2B22A73F,2019-08-19,2019-08,2020-01-31,False,False,False,NOT_OFFICIAL_MEMBER,,COINCIDENT_UNRESOLVED_ACTION
CA_b76299de65382d4aef6e,NSE_CBDF2B22A73F,2019-08-19,2019-08,2020-02-28,False,False,False,NOT_OFFICIAL_MEMBER,,COINCIDENT_UNRESOLVED_ACTION
CA_b76299de65382d4aef6e,NSE_CBDF2B22A73F,2019-08-19,2019-08,2020-03-31,False,False,False,NOT_OFFICIAL_MEMBER,,COINCIDENT_UNRESOLVED_ACTION
CA_b76299de65382d4aef6e,NSE_CBDF2B22A73F,2019-08-19,2019-08,2020-04-30,False,False,False,NOT_OFFICIAL_MEMBER,,COINCIDENT_UNRESOLVED_ACTION
CA_b76299de65382d4aef6e,NSE_CBDF2B22A73F,2019-08-19,2019-08,2020-05-29,False,False,False,NOT_OFFICIAL_MEMBER,,COINCIDENT_UNRESOLVED_ACTION
CA_b76299de65382d4aef6e,NSE_CBDF2B22A73F,2019-08-19,2019-08,2020-06-30,False,False,False,NOT_OFFICIAL_MEMBER,,COINCIDENT_UNRESOLVED_ACTION
CA_b76299de65382d4aef6e,NSE_CBDF2B22A73F,2019-08-19,2019-08,2020-07-31,False,False,False,NOT_OFFICIAL_MEMBER,,COINCIDENT_UNRESOLVED_ACTION
CA_77dbd1a3b983e1b3bddf,NSE_CBDF2B22A73F,2019-08-19,2019-08,2019-09-30,False,False,False,NOT_OFFICIAL_MEMBER,,TREATMENT_NOT_ACCEPTED
CA_77dbd1a3b983e1b3bddf,NSE_CBDF2B22A73F,2019-08-19,2019-08,2019-10-31,False,False,False,NOT_OFFICIAL_MEMBER,,TREATMENT_NOT_ACCEPTED
CA_77dbd1a3b983e1b3bddf,NSE_CBDF2B22A73F,2019-08-19,2019-08,2019-11-29,False,False,False,NOT_OFFICIAL_MEMBER,,TREATMENT_NOT_ACCEPTED
CA_77dbd1a3b983e1b3bddf,NSE_CBDF2B22A73F,2019-08-19,2019-08,2019-12-31,False,False,False,NOT_OFFICIAL_MEMBER,,TREATMENT_NOT_ACCEPTED
CA_77dbd1a3b983e1b3bddf,NSE_CBDF2B22A73F,2019-08-19,2019-08,2020-01-31,False,False,False,NOT_OFFICIAL_MEMBER,,TREATMENT_NOT_ACCEPTED
CA_77dbd1a3b983e1b3bddf,NSE_CBDF2B22A73F,2019-08-19,2019-08,2020-02-28,False,False,False,NOT_OFFICIAL_MEMBER,,TREATMENT_NOT_ACCEPTED
CA_77dbd1a3b983e1b3bddf,NSE_CBDF2B22A73F,2019-08-19,2019-08,2020-03-31,False,False,False,NOT_OFFICIAL_MEMBER,,TREATMENT_NOT_ACCEPTED
CA_77dbd1a3b983e1b3bddf,NSE_CBDF2B22A73F,2019-08-19,2019-08,2020-04-30,False,False,False,NOT_OFFICIAL_MEMBER,,TREATMENT_NOT_ACCEPTED
CA_77dbd1a3b983e1b3bddf,NSE_CBDF2B22A73F,2019-08-19,2019-08,2020-05-29,False,False,False,NOT_OFFICIAL_MEMBER,,TREATMENT_NOT_ACCEPTED
CA_77dbd1a3b983e1b3bddf,NSE_CBDF2B22A73F,2019-08-19,2019-08,2020-06-30,False,False,False,NOT_OFFICIAL_MEMBER,,TREATMENT_NOT_ACCEPTED
CA_77dbd1a3b983e1b3bddf,NSE_CBDF2B22A73F,2019-08-19,2019-08,2020-07-31,False,False,False,NOT_OFFICIAL_MEMBER,,TREATMENT_NOT_ACCEPTED
CA_52dafdfb28d9f35d7326,NSE_444C594AB9B7,2019-08-22,2019-08,2019-09-30,True,False,False,NO_INDEPENDENT_ELIGIBILITY,,ACCEPTED_STRICT_RETURN_EXCEPTION
CA_52dafdfb28d9f35d7326,NSE_444C594AB9B7,2019-08-22,2019-08,2019-10-31,True,False,False,NO_INDEPENDENT_ELIGIBILITY,,ACCEPTED_STRICT_RETURN_EXCEPTION
CA_52dafdfb28d9f35d7326,NSE_444C594AB9B7,2019-08-22,2019-08,2019-11-29,True,True,True,UNKNOWN_MISSING_ECONOMIC_RETURN,0.4301148135231794,ACCEPTED_STRICT_RETURN_EXCEPTION
CA_52dafdfb28d9f35d7326,NSE_444C594AB9B7,2019-08-22,2019-08,2019-12-31,True,True,True,UNKNOWN_MISSING_ECONOMIC_RETURN,0.50179949739492,ACCEPTED_STRICT_RETURN_EXCEPTION
CA_52dafdfb28d9f35d7326,NSE_444C594AB9B7,2019-08-22,2019-08,2020-01-31,True,True,True,UNKNOWN_MISSING_ECONOMIC_RETURN,0.6489408382718034,ACCEPTED_STRICT_RETURN_EXCEPTION
CA_52dafdfb28d9f35d7326,NSE_444C594AB9B7,2019-08-22,2019-08,2020-02-28,True,True,True,UNKNOWN_MISSING_ECONOMIC_RETURN,0.6116369724166939,ACCEPTED_STRICT_RETURN_EXCEPTION
CA_52dafdfb28d9f35d7326,NSE_444C594AB9B7,2019-08-22,2019-08,2020-03-31,True,True,True,UNKNOWN_MISSING_ECONOMIC_RETURN,0.545093033873161,ACCEPTED_STRICT_RETURN_EXCEPTION
CA_52dafdfb28d9f35d7326,NSE_444C594AB9B7,2019-08-22,2019-08,2020-04-30,True,True,True,UNKNOWN_MISSING_ECONOMIC_RETURN,0.2655776283049649,ACCEPTED_STRICT_RETURN_EXCEPTION
CA_52dafdfb28d9f35d7326,NSE_444C594AB9B7,2019-08-22,2019-08,2020-05-29,True,True,True,UNKNOWN_MISSING_ECONOMIC_RETURN,0.19638586127363444,ACCEPTED_STRICT_RETURN_EXCEPTION
CA_52dafdfb28d9f35d7326,NSE_444C594AB9B7,2019-08-22,2019-08,2020-06-30,True,True,True,UNKNOWN_MISSING_ECONOMIC_RETURN,0.12192584536908391,ACCEPTED_STRICT_RETURN_EXCEPTION
CA_52dafdfb28d9f35d7326,NSE_444C594AB9B7,2019-08-22,2019-08,2020-07-31,True,True,True,UNKNOWN_MISSING_ECONOMIC_RETURN,0.11079105581741011,ACCEPTED_STRICT_RETURN_EXCEPTION
CA_017f38c6fc975dae27c2,NSE_C9C5A501D2C2,2019-08-26,2019-08,2019-09-30,False,False,False,NOT_OFFICIAL_MEMBER,,TREATMENT_NOT_ACCEPTED
CA_017f38c6fc975dae27c2,NSE_C9C5A501D2C2,2019-08-26,2019-08,2019-10-31,False,False,False,NOT_OFFICIAL_MEMBER,,TREATMENT_NOT_ACCEPTED
CA_017f38c6fc975dae27c2,NSE_C9C5A501D2C2,2019-08-26,2019-08,2019-11-29,False,False,False,NOT_OFFICIAL_MEMBER,,TREATMENT_NOT_ACCEPTED
CA_017f38c6fc975dae27c2,NSE_C9C5A501D2C2,2019-08-26,2019-08,2019-12-31,False,False,False,NOT_OFFICIAL_MEMBER,,TREATMENT_NOT_ACCEPTED
CA_017f38c6fc975dae27c2,NSE_C9C5A501D2C2,2019-08-26,2019-08,2020-01-31,False,False,False,NOT_OFFICIAL_MEMBER,,TREATMENT_NOT_ACCEPTED
CA_017f38c6fc975dae27c2,NSE_C9C5A501D2C2,2019-08-26,2019-08,2020-02-28,False,False,False,NOT_OFFICIAL_MEMBER,,TREATMENT_NOT_ACCEPTED
CA_017f38c6fc975dae27c2,NSE_C9C5A501D2C2,2019-08-26,2019-08,2020-03-31,False,False,False,NOT_OFFICIAL_MEMBER,,TREATMENT_NOT_ACCEPTED
CA_017f38c6fc975dae27c2,NSE_C9C5A501D2C2,2019-08-26,2019-08,2020-04-30,False,False,False,NOT_OFFICIAL_MEMBER,,TREATMENT_NOT_ACCEPTED
CA_017f38c6fc975dae27c2,NSE_C9C5A501D2C2,2019-08-26,2019-08,2020-05-29,False,False,False,NOT_OFFICIAL_MEMBER,,TREATMENT_NOT_ACCEPTED
CA_017f38c6fc975dae27c2,NSE_C9C5A501D2C2,2019-08-26,2019-08,2020-06-30,False,False,False,NOT_OFFICIAL_MEMBER,,TREATMENT_NOT_ACCEPTED
CA_017f38c6fc975dae27c2,NSE_C9C5A501D2C2,2019-08-26,2019-08,2020-07-31,False,False,False,NOT_OFFICIAL_MEMBER,,TREATMENT_NOT_ACCEPTED
CA_af6d5a9e2ca05613d874,NSE_7F8B1EBDE62B,2019-09-17,2019-09,2019-10-31,False,False,False,NOT_OFFICIAL_MEMBER,,TREATMENT_NOT_ACCEPTED
CA_af6d5a9e2ca05613d874,NSE_7F8B1EBDE62B,2019-09-17,2019-09,2019-11-29,False,False,False,NOT_OFFICIAL_MEMBER,,TREATMENT_NOT_ACCEPTED
CA_af6d5a9e2ca05613d874,NSE_7F8B1EBDE62B,2019-09-17,2019-09,2019-12-31,False,False,False,NOT_OFFICIAL_MEMBER,,TREATMENT_NOT_ACCEPTED
CA_af6d5a9e2ca05613d874,NSE_7F8B1EBDE62B,2019-09-17,2019-09,2020-01-31,False,False,False,NOT_OFFICIAL_MEMBER,,TREATMENT_NOT_ACCEPTED
CA_af6d5a9e2ca05613d874,NSE_7F8B1EBDE62B,2019-09-17,2019-09,2020-02-28,False,False,False,NOT_OFFICIAL_MEMBER,,TREATMENT_NOT_ACCEPTED
CA_af6d5a9e2ca05613d874,NSE_7F8B1EBDE62B,2019-09-17,2019-09,2020-03-31,False,False,False,NOT_OFFICIAL_MEMBER,,TREATMENT_NOT_ACCEPTED
CA_af6d5a9e2ca05613d874,NSE_7F8B1EBDE62B,2019-09-17,2019-09,2020-04-30,False,False,False,NOT_OFFICIAL_MEMBER,,TREATMENT_NOT_ACCEPTED
CA_af6d5a9e2ca05613d874,NSE_7F8B1EBDE62B,2019-09-17,2019-09,2020-05-29,False,False,False,NOT_OFFICIAL_MEMBER,,TREATMENT_NOT_ACCEPTED
CA_af6d5a9e2ca05613d874,NSE_7F8B1EBDE62B,2019-09-17,2019-09,2020-06-30,False,False,False,NOT_OFFICIAL_MEMBER,,TREATMENT_NOT_ACCEPTED
CA_af6d5a9e2ca05613d874,NSE_7F8B1EBDE62B,2019-09-17,2019-09,2020-07-31,False,False,False,NOT_OFFICIAL_MEMBER,,TREATMENT_NOT_ACCEPTED
CA_af6d5a9e2ca05613d874,NSE_7F8B1EBDE62B,2019-09-17,2019-09,2020-08-31,False,False,False,NOT_OFFICIAL_MEMBER,,TREATMENT_NOT_ACCEPTED
CA_4c8e2f9282e35bca8325,NSE_C941893EE311,2019-09-17,2019-09,2019-10-31,False,False,False,NOT_OFFICIAL_MEMBER,,TREATMENT_NOT_ACCEPTED
CA_4c8e2f9282e35bca8325,NSE_C941893EE311,2019-09-17,2019-09,2019-11-29,False,False,False,NOT_OFFICIAL_MEMBER,,TREATMENT_NOT_ACCEPTED
CA_4c8e2f9282e35bca8325,NSE_C941893EE311,2019-09-17,2019-09,2019-12-31,False,False,False,NOT_OFFICIAL_MEMBER,,TREATMENT_NOT_ACCEPTED
CA_4c8e2f9282e35bca8325,NSE_C941893EE311,2019-09-17,2019-09,2020-01-31,False,False,False,NOT_OFFICIAL_MEMBER,,TREATMENT_NOT_ACCEPTED
CA_4c8e2f9282e35bca8325,NSE_C941893EE311,2019-09-17,2019-09,2020-02-28,False,False,False,NOT_OFFICIAL_MEMBER,,TREATMENT_NOT_ACCEPTED
CA_4c8e2f9282e35bca8325,NSE_C941893EE311,2019-09-17,2019-09,2020-03-31,False,False,False,NOT_OFFICIAL_MEMBER,,TREATMENT_NOT_ACCEPTED
CA_4c8e2f9282e35bca8325,NSE_C941893EE311,2019-09-17,2019-09,2020-04-30,False,False,False,NOT_OFFICIAL_MEMBER,,TREATMENT_NOT_ACCEPTED
CA_4c8e2f9282e35bca8325,NSE_C941893EE311,2019-09-17,2019-09,2020-05-29,False,False,False,NOT_OFFICIAL_MEMBER,,TREATMENT_NOT_ACCEPTED
CA_4c8e2f9282e35bca8325,NSE_C941893EE311,2019-09-17,2019-09,2020-06-30,True,True,True,UNKNOWN_MISSING_ECONOMIC_RETURN,0.18330586129212856,TREATMENT_NOT_ACCEPTED
CA_4c8e2f9282e35bca8325,NSE_C941893EE311,2019-09-17,2019-09,2020-07-31,True,True,True,UNKNOWN_MISSING_ECONOMIC_RETURN,0.0015251382285073056,TREATMENT_NOT_ACCEPTED
CA_4c8e2f9282e35bca8325,NSE_C941893EE311,2019-09-17,2019-09,2020-08-31,True,True,True,UNKNOWN_MISSING_ECONOMIC_RETURN,-0.20572124647897416,TREATMENT_NOT_ACCEPTED
CA_d9bc97fec23e0417a87b,NSE_63EB9280D90F,2019-09-24,2019-09,2019-10-31,False,False,False,NOT_OFFICIAL_MEMBER,,TREATMENT_NOT_ACCEPTED
CA_d9bc97fec23e0417a87b,NSE_63EB9280D90F,2019-09-24,2019-09,2019-11-29,False,False,False,NOT_OFFICIAL_MEMBER,,TREATMENT_NOT_ACCEPTED
CA_d9bc97fec23e0417a87b,NSE_63EB9280D90F,2019-09-24,2019-09,2019-12-31,False,False,False,NOT_OFFICIAL_MEMBER,,TREATMENT_NOT_ACCEPTED
CA_d9bc97fec23e0417a87b,NSE_63EB9280D90F,2019-09-24,2019-09,2020-01-31,False,False,False,NOT_OFFICIAL_MEMBER,,TREATMENT_NOT_ACCEPTED
CA_d9bc97fec23e0417a87b,NSE_63EB9280D90F,2019-09-24,2019-09,2020-02-28,False,False,False,NOT_OFFICIAL_MEMBER,,TREATMENT_NOT_ACCEPTED
CA_d9bc97fec23e0417a87b,NSE_63EB9280D90F,2019-09-24,2019-09,2020-03-31,False,False,False,NOT_OFFICIAL_MEMBER,,TREATMENT_NOT_ACCEPTED
CA_d9bc97fec23e0417a87b,NSE_63EB9280D90F,2019-09-24,2019-09,2020-04-30,False,False,False,NOT_OFFICIAL_MEMBER,,TREATMENT_NOT_ACCEPTED
CA_d9bc97fec23e0417a87b,NSE_63EB9280D90F,2019-09-24,2019-09,2020-05-29,False,False,False,NOT_OFFICIAL_MEMBER,,TREATMENT_NOT_ACCEPTED
CA_d9bc97fec23e0417a87b,NSE_63EB9280D90F,2019-09-24,2019-09,2020-06-30,False,False,False,NOT_OFFICIAL_MEMBER,,TREATMENT_NOT_ACCEPTED
CA_d9bc97fec23e0417a87b,NSE_63EB9280D90F,2019-09-24,2019-09,2020-07-31,False,False,False,NOT_OFFICIAL_MEMBER,,TREATMENT_NOT_ACCEPTED
CA_d9bc97fec23e0417a87b,NSE_63EB9280D90F,2019-09-24,2019-09,2020-08-31,False,False,False,NOT_OFFICIAL_MEMBER,,TREATMENT_NOT_ACCEPTED
CA_3ac740cfdd061acec801,NSE_9AE82A200CBD,2019-10-17,2019-10,2019-11-29,False,False,False,NOT_OFFICIAL_MEMBER,,TREATMENT_NOT_ACCEPTED
CA_3ac740cfdd061acec801,NSE_9AE82A200CBD,2019-10-17,2019-10,2019-12-31,False,False,False,NOT_OFFICIAL_MEMBER,,TREATMENT_NOT_ACCEPTED
CA_3ac740cfdd061acec801,NSE_9AE82A200CBD,2019-10-17,2019-10,2020-01-31,False,False,False,NOT_OFFICIAL_MEMBER,,TREATMENT_NOT_ACCEPTED
CA_3ac740cfdd061acec801,NSE_9AE82A200CBD,2019-10-17,2019-10,2020-02-28,False,False,False,NOT_OFFICIAL_MEMBER,,TREATMENT_NOT_ACCEPTED
CA_3ac740cfdd061acec801,NSE_9AE82A200CBD,2019-10-17,2019-10,2020-03-31,False,False,False,NOT_OFFICIAL_MEMBER,,TREATMENT_NOT_ACCEPTED
CA_3ac740cfdd061acec801,NSE_9AE82A200CBD,2019-10-17,2019-10,2020-04-30,False,False,False,NOT_OFFICIAL_MEMBER,,TREATMENT_NOT_ACCEPTED
CA_3ac740cfdd061acec801,NSE_9AE82A200CBD,2019-10-17,2019-10,2020-05-29,False,False,False,NOT_OFFICIAL_MEMBER,,TREATMENT_NOT_ACCEPTED
CA_3ac740cfdd061acec801,NSE_9AE82A200CBD,2019-10-17,2019-10,2020-06-30,False,False,False,NOT_OFFICIAL_MEMBER,,TREATMENT_NOT_ACCEPTED
CA_3ac740cfdd061acec801,NSE_9AE82A200CBD,2019-10-17,2019-10,2020-07-31,False,False,False,NOT_OFFICIAL_MEMBER,,TREATMENT_NOT_ACCEPTED
CA_3ac740cfdd061acec801,NSE_9AE82A200CBD,2019-10-17,2019-10,2020-08-31,False,False,False,NOT_OFFICIAL_MEMBER,,TREATMENT_NOT_ACCEPTED
CA_3ac740cfdd061acec801,NSE_9AE82A200CBD,2019-10-17,2019-10,2020-09-30,False,False,False,NOT_OFFICIAL_MEMBER,,TREATMENT_NOT_ACCEPTED
CA_d04252a952e6874f0431,NSE_AA256B638694,2019-12-05,2019-12,2020-01-31,False,False,False,NOT_OFFICIAL_MEMBER,,TREATMENT_NOT_ACCEPTED
CA_d04252a952e6874f0431,NSE_AA256B638694,2019-12-05,2019-12,2020-02-28,False,False,False,NOT_OFFICIAL_MEMBER,,TREATMENT_NOT_ACCEPTED
CA_d04252a952e6874f0431,NSE_AA256B638694,2019-12-05,2019-12,2020-03-31,False,False,False,NOT_OFFICIAL_MEMBER,,TREATMENT_NOT_ACCEPTED
CA_d04252a952e6874f0431,NSE_AA256B638694,2019-12-05,2019-12,2020-04-30,False,False,False,NOT_OFFICIAL_MEMBER,,TREATMENT_NOT_ACCEPTED
CA_d04252a952e6874f0431,NSE_AA256B638694,2019-12-05,2019-12,2020-05-29,False,False,False,NOT_OFFICIAL_MEMBER,,TREATMENT_NOT_ACCEPTED
CA_d04252a952e6874f0431,NSE_AA256B638694,2019-12-05,2019-12,2020-06-30,False,False,False,NOT_OFFICIAL_MEMBER,,TREATMENT_NOT_ACCEPTED
CA_d04252a952e6874f0431,NSE_AA256B638694,2019-12-05,2019-12,2020-07-31,False,False,False,NOT_OFFICIAL_MEMBER,,TREATMENT_NOT_ACCEPTED
CA_d04252a952e6874f0431,NSE_AA256B638694,2019-12-05,2019-12,2020-08-31,False,False,False,NOT_OFFICIAL_MEMBER,,TREATMENT_NOT_ACCEPTED
CA_d04252a952e6874f0431,NSE_AA256B638694,2019-12-05,2019-12,2020-09-30,False,False,False,NOT_OFFICIAL_MEMBER,,TREATMENT_NOT_ACCEPTED
CA_d04252a952e6874f0431,NSE_AA256B638694,2019-12-05,2019-12,2020-10-30,False,False,False,NOT_OFFICIAL_MEMBER,,TREATMENT_NOT_ACCEPTED
CA_d04252a952e6874f0431,NSE_AA256B638694,2019-12-05,2019-12,2020-11-27,False,False,False,NOT_OFFICIAL_MEMBER,,TREATMENT_NOT_ACCEPTED
CA_93e91333c57773c4c322,NSE_FE37750EBD83,2019-12-20,2019-12,2020-01-31,False,False,False,NOT_OFFICIAL_MEMBER,,TREATMENT_NOT_ACCEPTED
CA_93e91333c57773c4c322,NSE_FE37750EBD83,2019-12-20,2019-12,2020-02-28,False,False,False,NOT_OFFICIAL_MEMBER,,TREATMENT_NOT_ACCEPTED
CA_93e91333c57773c4c322,NSE_FE37750EBD83,2019-12-20,2019-12,2020-03-31,False,False,False,NOT_OFFICIAL_MEMBER,,TREATMENT_NOT_ACCEPTED
CA_93e91333c57773c4c322,NSE_FE37750EBD83,2019-12-20,2019-12,2020-04-30,False,False,False,NOT_OFFICIAL_MEMBER,,TREATMENT_NOT_ACCEPTED
CA_93e91333c57773c4c322,NSE_FE37750EBD83,2019-12-20,2019-12,2020-05-29,False,False,False,NOT_OFFICIAL_MEMBER,,TREATMENT_NOT_ACCEPTED
CA_93e91333c57773c4c322,NSE_FE37750EBD83,2019-12-20,2019-12,2020-06-30,True,True,True,UNKNOWN_MISSING_ECONOMIC_RETURN,1.5745917364471151,TREATMENT_NOT_ACCEPTED
CA_93e91333c57773c4c322,NSE_FE37750EBD83,2019-12-20,2019-12,2020-07-31,True,True,True,UNKNOWN_MISSING_ECONOMIC_RETURN,0.9261960314080417,TREATMENT_NOT_ACCEPTED
CA_93e91333c57773c4c322,NSE_FE37750EBD83,2019-12-20,2019-12,2020-08-31,True,True,True,UNKNOWN_MISSING_ECONOMIC_RETURN,1.1246324331954267,TREATMENT_NOT_ACCEPTED
CA_93e91333c57773c4c322,NSE_FE37750EBD83,2019-12-20,2019-12,2020-09-30,True,True,True,UNKNOWN_MISSING_ECONOMIC_RETURN,1.3745649095909496,TREATMENT_NOT_ACCEPTED
CA_93e91333c57773c4c322,NSE_FE37750EBD83,2019-12-20,2019-12,2020-10-30,True,True,True,UNKNOWN_MISSING_ECONOMIC_RETURN,1.440930836842739,TREATMENT_NOT_ACCEPTED
CA_93e91333c57773c4c322,NSE_FE37750EBD83,2019-12-20,2019-12,2020-11-27,True,True,True,UNKNOWN_MISSING_ECONOMIC_RETURN,1.316997079071434,TREATMENT_NOT_ACCEPTED
CA_7b5d64c8446ba2bca221,NSE_4723627B4BA6,2019-12-24,2019-12,2020-01-31,False,False,False,NOT_OFFICIAL_MEMBER,,TREATMENT_NOT_ACCEPTED
CA_7b5d64c8446ba2bca221,NSE_4723627B4BA6,2019-12-24,2019-12,2020-02-28,False,False,False,NOT_OFFICIAL_MEMBER,,TREATMENT_NOT_ACCEPTED
CA_7b5d64c8446ba2bca221,NSE_4723627B4BA6,2019-12-24,2019-12,2020-03-31,False,False,False,NOT_OFFICIAL_MEMBER,,TREATMENT_NOT_ACCEPTED
CA_7b5d64c8446ba2bca221,NSE_4723627B4BA6,2019-12-24,2019-12,2020-04-30,False,False,False,NOT_OFFICIAL_MEMBER,,TREATMENT_NOT_ACCEPTED
CA_7b5d64c8446ba2bca221,NSE_4723627B4BA6,2019-12-24,2019-12,2020-05-29,False,False,False,NOT_OFFICIAL_MEMBER,,TREATMENT_NOT_ACCEPTED
CA_7b5d64c8446ba2bca221,NSE_4723627B4BA6,2019-12-24,2019-12,2020-06-30,False,False,False,NOT_OFFICIAL_MEMBER,,TREATMENT_NOT_ACCEPTED
CA_7b5d64c8446ba2bca221,NSE_4723627B4BA6,2019-12-24,2019-12,2020-07-31,False,False,False,NOT_OFFICIAL_MEMBER,,TREATMENT_NOT_ACCEPTED
CA_7b5d64c8446ba2bca221,NSE_4723627B4BA6,2019-12-24,2019-12,2020-08-31,False,False,False,NOT_OFFICIAL_MEMBER,,TREATMENT_NOT_ACCEPTED
CA_7b5d64c8446ba2bca221,NSE_4723627B4BA6,2019-12-24,2019-12,2020-09-30,False,False,False,NOT_OFFICIAL_MEMBER,,TREATMENT_NOT_ACCEPTED
CA_7b5d64c8446ba2bca221,NSE_4723627B4BA6,2019-12-24,2019-12,2020-10-30,False,False,False,NOT_OFFICIAL_MEMBER,,TREATMENT_NOT_ACCEPTED
CA_7b5d64c8446ba2bca221,NSE_4723627B4BA6,2019-12-24,2019-12,2020-11-27,False,False,False,NOT_OFFICIAL_MEMBER,,TREATMENT_NOT_ACCEPTED
CA_338e56e977a8f1127065,NSE_3E5680388E4E,2019-12-30,2019-12,2020-01-31,False,False,False,NOT_OFFICIAL_MEMBER,,TREATMENT_NOT_ACCEPTED
CA_338e56e977a8f1127065,NSE_3E5680388E4E,2019-12-30,2019-12,2020-02-28,False,False,False,NOT_OFFICIAL_MEMBER,,TREATMENT_NOT_ACCEPTED
CA_338e56e977a8f1127065,NSE_3E5680388E4E,2019-12-30,2019-12,2020-03-31,False,False,False,NOT_OFFICIAL_MEMBER,,TREATMENT_NOT_ACCEPTED
CA_338e56e977a8f1127065,NSE_3E5680388E4E,2019-12-30,2019-12,2020-04-30,False,False,False,NOT_OFFICIAL_MEMBER,,TREATMENT_NOT_ACCEPTED
CA_338e56e977a8f1127065,NSE_3E5680388E4E,2019-12-30,2019-12,2020-05-29,False,False,False,NOT_OFFICIAL_MEMBER,,TREATMENT_NOT_ACCEPTED
CA_338e56e977a8f1127065,NSE_3E5680388E4E,2019-12-30,2019-12,2020-06-30,False,False,False,NOT_OFFICIAL_MEMBER,,TREATMENT_NOT_ACCEPTED
CA_338e56e977a8f1127065,NSE_3E5680388E4E,2019-12-30,2019-12,2020-07-31,False,False,False,NOT_OFFICIAL_MEMBER,,TREATMENT_NOT_ACCEPTED
CA_338e56e977a8f1127065,NSE_3E5680388E4E,2019-12-30,2019-12,2020-08-31,False,False,False,NOT_OFFICIAL_MEMBER,,TREATMENT_NOT_ACCEPTED
CA_338e56e977a8f1127065,NSE_3E5680388E4E,2019-12-30,2019-12,2020-09-30,False,False,False,NOT_OFFICIAL_MEMBER,,TREATMENT_NOT_ACCEPTED
CA_338e56e977a8f1127065,NSE_3E5680388E4E,2019-12-30,2019-12,2020-10-30,False,False,False,NOT_OFFICIAL_MEMBER,,TREATMENT_NOT_ACCEPTED
CA_338e56e977a8f1127065,NSE_3E5680388E4E,2019-12-30,2019-12,2020-11-27,False,False,False,NOT_OFFICIAL_MEMBER,,TREATMENT_NOT_ACCEPTED
CA_7563b3352a583300b0c8,NSE_3BC23EE3CDD9,2020-01-21,2020-01,2020-02-28,False,False,False,NOT_OFFICIAL_MEMBER,,TREATMENT_NOT_ACCEPTED
CA_7563b3352a583300b0c8,NSE_3BC23EE3CDD9,2020-01-21,2020-01,2020-03-31,False,False,False,NOT_OFFICIAL_MEMBER,,TREATMENT_NOT_ACCEPTED
CA_7563b3352a583300b0c8,NSE_3BC23EE3CDD9,2020-01-21,2020-01,2020-04-30,False,False,False,NOT_OFFICIAL_MEMBER,,TREATMENT_NOT_ACCEPTED
CA_7563b3352a583300b0c8,NSE_3BC23EE3CDD9,2020-01-21,2020-01,2020-05-29,False,False,False,NOT_OFFICIAL_MEMBER,,TREATMENT_NOT_ACCEPTED
CA_7563b3352a583300b0c8,NSE_3BC23EE3CDD9,2020-01-21,2020-01,2020-06-30,False,False,False,NOT_OFFICIAL_MEMBER,,TREATMENT_NOT_ACCEPTED
CA_7563b3352a583300b0c8,NSE_3BC23EE3CDD9,2020-01-21,2020-01,2020-07-31,False,False,False,NOT_OFFICIAL_MEMBER,,TREATMENT_NOT_ACCEPTED
CA_7563b3352a583300b0c8,NSE_3BC23EE3CDD9,2020-01-21,2020-01,2020-08-31,False,False,False,NOT_OFFICIAL_MEMBER,,TREATMENT_NOT_ACCEPTED
CA_7563b3352a583300b0c8,NSE_3BC23EE3CDD9,2020-01-21,2020-01,2020-09-30,False,False,False,NOT_OFFICIAL_MEMBER,,TREATMENT_NOT_ACCEPTED
CA_7563b3352a583300b0c8,NSE_3BC23EE3CDD9,2020-01-21,2020-01,2020-10-30,False,False,False,NOT_OFFICIAL_MEMBER,,TREATMENT_NOT_ACCEPTED
CA_7563b3352a583300b0c8,NSE_3BC23EE3CDD9,2020-01-21,2020-01,2020-11-27,False,False,False,NOT_OFFICIAL_MEMBER,,TREATMENT_NOT_ACCEPTED
CA_7563b3352a583300b0c8,NSE_3BC23EE3CDD9,2020-01-21,2020-01,2020-12-31,False,False,False,NOT_OFFICIAL_MEMBER,,TREATMENT_NOT_ACCEPTED
CA_8e27f66d24b7cf8de174,NSE_D84D9BBEAF23,2020-03-06,2020-03,2020-04-30,False,False,False,NOT_OFFICIAL_MEMBER,,TREATMENT_NOT_ACCEPTED
CA_8e27f66d24b7cf8de174,NSE_D84D9BBEAF23,2020-03-06,2020-03,2020-05-29,False,False,False,NOT_OFFICIAL_MEMBER,,TREATMENT_NOT_ACCEPTED
CA_8e27f66d24b7cf8de174,NSE_D84D9BBEAF23,2020-03-06,2020-03,2020-06-30,False,False,False,NOT_OFFICIAL_MEMBER,,TREATMENT_NOT_ACCEPTED
CA_8e27f66d24b7cf8de174,NSE_D84D9BBEAF23,2020-03-06,2020-03,2020-07-31,False,False,False,NOT_OFFICIAL_MEMBER,,TREATMENT_NOT_ACCEPTED
CA_8e27f66d24b7cf8de174,NSE_D84D9BBEAF23,2020-03-06,2020-03,2020-08-31,False,False,False,NOT_OFFICIAL_MEMBER,,TREATMENT_NOT_ACCEPTED
CA_8e27f66d24b7cf8de174,NSE_D84D9BBEAF23,2020-03-06,2020-03,2020-09-30,False,False,False,NOT_OFFICIAL_MEMBER,,TREATMENT_NOT_ACCEPTED
CA_8e27f66d24b7cf8de174,NSE_D84D9BBEAF23,2020-03-06,2020-03,2020-10-30,False,False,False,NOT_OFFICIAL_MEMBER,,TREATMENT_NOT_ACCEPTED
CA_8e27f66d24b7cf8de174,NSE_D84D9BBEAF23,2020-03-06,2020-03,2020-11-27,False,False,False,NOT_OFFICIAL_MEMBER,,TREATMENT_NOT_ACCEPTED
CA_8e27f66d24b7cf8de174,NSE_D84D9BBEAF23,2020-03-06,2020-03,2020-12-31,False,False,False,NOT_OFFICIAL_MEMBER,,TREATMENT_NOT_ACCEPTED
CA_8e27f66d24b7cf8de174,NSE_D84D9BBEAF23,2020-03-06,2020-03,2021-01-29,False,False,False,NOT_OFFICIAL_MEMBER,,TREATMENT_NOT_ACCEPTED
CA_8e27f66d24b7cf8de174,NSE_D84D9BBEAF23,2020-03-06,2020-03,2021-02-26,False,False,False,NOT_OFFICIAL_MEMBER,,TREATMENT_NOT_ACCEPTED
CA_e208bfc086b777a7c88c,NSE_680430C14CBF,2020-07-23,2020-07,2020-08-31,False,False,False,NOT_OFFICIAL_MEMBER,,TREATMENT_NOT_ACCEPTED
CA_e208bfc086b777a7c88c,NSE_680430C14CBF,2020-07-23,2020-07,2020-09-30,False,False,False,NOT_OFFICIAL_MEMBER,,TREATMENT_NOT_ACCEPTED
CA_e208bfc086b777a7c88c,NSE_680430C14CBF,2020-07-23,2020-07,2020-10-30,False,False,False,NOT_OFFICIAL_MEMBER,,TREATMENT_NOT_ACCEPTED
CA_e208bfc086b777a7c88c,NSE_680430C14CBF,2020-07-23,2020-07,2020-11-27,False,False,False,NOT_OFFICIAL_MEMBER,,TREATMENT_NOT_ACCEPTED
CA_e208bfc086b777a7c88c,NSE_680430C14CBF,2020-07-23,2020-07,2020-12-31,False,False,False,NOT_OFFICIAL_MEMBER,,TREATMENT_NOT_ACCEPTED
CA_e208bfc086b777a7c88c,NSE_680430C14CBF,2020-07-23,2020-07,2021-01-29,False,False,False,NOT_OFFICIAL_MEMBER,,TREATMENT_NOT_ACCEPTED
CA_e208bfc086b777a7c88c,NSE_680430C14CBF,2020-07-23,2020-07,2021-02-26,False,False,False,NOT_OFFICIAL_MEMBER,,TREATMENT_NOT_ACCEPTED
CA_e208bfc086b777a7c88c,NSE_680430C14CBF,2020-07-23,2020-07,2021-03-31,False,False,False,NOT_OFFICIAL_MEMBER,,TREATMENT_NOT_ACCEPTED
CA_e208bfc086b777a7c88c,NSE_680430C14CBF,2020-07-23,2020-07,2021-04-30,False,False,False,NOT_OFFICIAL_MEMBER,,TREATMENT_NOT_ACCEPTED
CA_e208bfc086b777a7c88c,NSE_680430C14CBF,2020-07-23,2020-07,2021-05-31,False,False,False,NOT_OFFICIAL_MEMBER,,TREATMENT_NOT_ACCEPTED
CA_e208bfc086b777a7c88c,NSE_680430C14CBF,2020-07-23,2020-07,2021-06-30,False,False,False,NOT_OFFICIAL_MEMBER,,TREATMENT_NOT_ACCEPTED
CA_5e489cbcf5d7b74ce786,NSE_F5B3E0E44D10,2020-08-21,2020-08,2020-09-30,False,False,False,NOT_OFFICIAL_MEMBER,,TREATMENT_NOT_ACCEPTED
CA_5e489cbcf5d7b74ce786,NSE_F5B3E0E44D10,2020-08-21,2020-08,2020-10-30,False,False,False,NOT_OFFICIAL_MEMBER,,TREATMENT_NOT_ACCEPTED
CA_5e489cbcf5d7b74ce786,NSE_F5B3E0E44D10,2020-08-21,2020-08,2020-11-27,False,False,False,NOT_OFFICIAL_MEMBER,,TREATMENT_NOT_ACCEPTED
CA_5e489cbcf5d7b74ce786,NSE_F5B3E0E44D10,2020-08-21,2020-08,2020-12-31,False,False,False,NOT_OFFICIAL_MEMBER,,TREATMENT_NOT_ACCEPTED
CA_5e489cbcf5d7b74ce786,NSE_F5B3E0E44D10,2020-08-21,2020-08,2021-01-29,False,False,False,NOT_OFFICIAL_MEMBER,,TREATMENT_NOT_ACCEPTED
CA_5e489cbcf5d7b74ce786,NSE_F5B3E0E44D10,2020-08-21,2020-08,2021-02-26,False,False,False,NOT_OFFICIAL_MEMBER,,TREATMENT_NOT_ACCEPTED
CA_5e489cbcf5d7b74ce786,NSE_F5B3E0E44D10,2020-08-21,2020-08,2021-03-31,False,False,False,NOT_OFFICIAL_MEMBER,,TREATMENT_NOT_ACCEPTED
CA_5e489cbcf5d7b74ce786,NSE_F5B3E0E44D10,2020-08-21,2020-08,2021-04-30,False,False,False,NOT_OFFICIAL_MEMBER,,TREATMENT_NOT_ACCEPTED
CA_5e489cbcf5d7b74ce786,NSE_F5B3E0E44D10,2020-08-21,2020-08,2021-05-31,False,False,False,NOT_OFFICIAL_MEMBER,,TREATMENT_NOT_ACCEPTED
CA_5e489cbcf5d7b74ce786,NSE_F5B3E0E44D10,2020-08-21,2020-08,2021-06-30,False,False,False,NOT_OFFICIAL_MEMBER,,TREATMENT_NOT_ACCEPTED
CA_5e489cbcf5d7b74ce786,NSE_F5B3E0E44D10,2020-08-21,2020-08,2021-07-30,False,False,False,NOT_OFFICIAL_MEMBER,,TREATMENT_NOT_ACCEPTED
CA_ea929a66f79614cdae4b,NSE_C5E1346C906E,2020-08-27,2020-08,2020-09-30,False,False,False,NOT_OFFICIAL_MEMBER,,TREATMENT_NOT_ACCEPTED
CA_ea929a66f79614cdae4b,NSE_C5E1346C906E,2020-08-27,2020-08,2020-10-30,False,False,False,NOT_OFFICIAL_MEMBER,,TREATMENT_NOT_ACCEPTED
CA_ea929a66f79614cdae4b,NSE_C5E1346C906E,2020-08-27,2020-08,2020-11-27,False,False,False,NOT_OFFICIAL_MEMBER,,TREATMENT_NOT_ACCEPTED
CA_ea929a66f79614cdae4b,NSE_C5E1346C906E,2020-08-27,2020-08,2020-12-31,False,False,False,NOT_OFFICIAL_MEMBER,,TREATMENT_NOT_ACCEPTED
CA_ea929a66f79614cdae4b,NSE_C5E1346C906E,2020-08-27,2020-08,2021-01-29,False,False,False,NOT_OFFICIAL_MEMBER,,TREATMENT_NOT_ACCEPTED
CA_ea929a66f79614cdae4b,NSE_C5E1346C906E,2020-08-27,2020-08,2021-02-26,False,False,False,NOT_OFFICIAL_MEMBER,,TREATMENT_NOT_ACCEPTED
CA_ea929a66f79614cdae4b,NSE_C5E1346C906E,2020-08-27,2020-08,2021-03-31,False,False,False,NOT_OFFICIAL_MEMBER,,TREATMENT_NOT_ACCEPTED
CA_ea929a66f79614cdae4b,NSE_C5E1346C906E,2020-08-27,2020-08,2021-04-30,False,False,False,NOT_OFFICIAL_MEMBER,,TREATMENT_NOT_ACCEPTED
CA_ea929a66f79614cdae4b,NSE_C5E1346C906E,2020-08-27,2020-08,2021-05-31,False,False,False,NOT_OFFICIAL_MEMBER,,TREATMENT_NOT_ACCEPTED
CA_ea929a66f79614cdae4b,NSE_C5E1346C906E,2020-08-27,2020-08,2021-06-30,False,False,False,NOT_OFFICIAL_MEMBER,,TREATMENT_NOT_ACCEPTED
CA_ea929a66f79614cdae4b,NSE_C5E1346C906E,2020-08-27,2020-08,2021-07-30,False,False,False,NOT_OFFICIAL_MEMBER,,TREATMENT_NOT_ACCEPTED
CA_31046ded07eaa34fb3e8,NSE_9EF7F390DA4E,2020-09-16,2020-09,2020-10-30,False,False,False,NOT_OFFICIAL_MEMBER,,COINCIDENT_UNRESOLVED_ACTION
CA_31046ded07eaa34fb3e8,NSE_9EF7F390DA4E,2020-09-16,2020-09,2020-11-27,False,False,False,NOT_OFFICIAL_MEMBER,,COINCIDENT_UNRESOLVED_ACTION
CA_31046ded07eaa34fb3e8,NSE_9EF7F390DA4E,2020-09-16,2020-09,2020-12-31,False,False,False,NOT_OFFICIAL_MEMBER,,COINCIDENT_UNRESOLVED_ACTION
CA_31046ded07eaa34fb3e8,NSE_9EF7F390DA4E,2020-09-16,2020-09,2021-01-29,False,False,False,NOT_OFFICIAL_MEMBER,,COINCIDENT_UNRESOLVED_ACTION
CA_31046ded07eaa34fb3e8,NSE_9EF7F390DA4E,2020-09-16,2020-09,2021-02-26,False,False,False,NOT_OFFICIAL_MEMBER,,COINCIDENT_UNRESOLVED_ACTION
CA_31046ded07eaa34fb3e8,NSE_9EF7F390DA4E,2020-09-16,2020-09,2021-03-31,False,False,False,NOT_OFFICIAL_MEMBER,,COINCIDENT_UNRESOLVED_ACTION
CA_31046ded07eaa34fb3e8,NSE_9EF7F390DA4E,2020-09-16,2020-09,2021-04-30,False,False,False,NOT_OFFICIAL_MEMBER,,COINCIDENT_UNRESOLVED_ACTION
CA_31046ded07eaa34fb3e8,NSE_9EF7F390DA4E,2020-09-16,2020-09,2021-05-31,False,False,False,NOT_OFFICIAL_MEMBER,,COINCIDENT_UNRESOLVED_ACTION
CA_31046ded07eaa34fb3e8,NSE_9EF7F390DA4E,2020-09-16,2020-09,2021-06-30,False,False,False,NOT_OFFICIAL_MEMBER,,COINCIDENT_UNRESOLVED_ACTION
CA_31046ded07eaa34fb3e8,NSE_9EF7F390DA4E,2020-09-16,2020-09,2021-07-30,False,False,False,NOT_OFFICIAL_MEMBER,,COINCIDENT_UNRESOLVED_ACTION
CA_31046ded07eaa34fb3e8,NSE_9EF7F390DA4E,2020-09-16,2020-09,2021-08-31,False,False,False,NOT_OFFICIAL_MEMBER,,COINCIDENT_UNRESOLVED_ACTION
CA_f59befb063935a9017c3,NSE_9EF7F390DA4E,2020-09-16,2020-09,2020-10-30,False,False,False,NOT_OFFICIAL_MEMBER,,TREATMENT_NOT_ACCEPTED
CA_f59befb063935a9017c3,NSE_9EF7F390DA4E,2020-09-16,2020-09,2020-11-27,False,False,False,NOT_OFFICIAL_MEMBER,,TREATMENT_NOT_ACCEPTED
CA_f59befb063935a9017c3,NSE_9EF7F390DA4E,2020-09-16,2020-09,2020-12-31,False,False,False,NOT_OFFICIAL_MEMBER,,TREATMENT_NOT_ACCEPTED
CA_f59befb063935a9017c3,NSE_9EF7F390DA4E,2020-09-16,2020-09,2021-01-29,False,False,False,NOT_OFFICIAL_MEMBER,,TREATMENT_NOT_ACCEPTED
CA_f59befb063935a9017c3,NSE_9EF7F390DA4E,2020-09-16,2020-09,2021-02-26,False,False,False,NOT_OFFICIAL_MEMBER,,TREATMENT_NOT_ACCEPTED
CA_f59befb063935a9017c3,NSE_9EF7F390DA4E,2020-09-16,2020-09,2021-03-31,False,False,False,NOT_OFFICIAL_MEMBER,,TREATMENT_NOT_ACCEPTED
CA_f59befb063935a9017c3,NSE_9EF7F390DA4E,2020-09-16,2020-09,2021-04-30,False,False,False,NOT_OFFICIAL_MEMBER,,TREATMENT_NOT_ACCEPTED
CA_f59befb063935a9017c3,NSE_9EF7F390DA4E,2020-09-16,2020-09,2021-05-31,False,False,False,NOT_OFFICIAL_MEMBER,,TREATMENT_NOT_ACCEPTED
CA_f59befb063935a9017c3,NSE_9EF7F390DA4E,2020-09-16,2020-09,2021-06-30,False,False,False,NOT_OFFICIAL_MEMBER,,TREATMENT_NOT_ACCEPTED
CA_f59befb063935a9017c3,NSE_9EF7F390DA4E,2020-09-16,2020-09,2021-07-30,False,False,False,NOT_OFFICIAL_MEMBER,,TREATMENT_NOT_ACCEPTED
CA_f59befb063935a9017c3,NSE_9EF7F390DA4E,2020-09-16,2020-09,2021-08-31,False,False,False,NOT_OFFICIAL_MEMBER,,TREATMENT_NOT_ACCEPTED
CA_b7021297bbbf7e4e5fb2,NSE_3E94CB7D547E,2020-10-06,2020-10,2020-11-27,False,False,False,NOT_OFFICIAL_MEMBER,,TREATMENT_NOT_ACCEPTED
CA_b7021297bbbf7e4e5fb2,NSE_3E94CB7D547E,2020-10-06,2020-10,2020-12-31,False,False,False,NOT_OFFICIAL_MEMBER,,TREATMENT_NOT_ACCEPTED
CA_b7021297bbbf7e4e5fb2,NSE_3E94CB7D547E,2020-10-06,2020-10,2021-01-29,False,False,False,NOT_OFFICIAL_MEMBER,,TREATMENT_NOT_ACCEPTED
CA_b7021297bbbf7e4e5fb2,NSE_3E94CB7D547E,2020-10-06,2020-10,2021-02-26,False,False,False,NOT_OFFICIAL_MEMBER,,TREATMENT_NOT_ACCEPTED
CA_b7021297bbbf7e4e5fb2,NSE_3E94CB7D547E,2020-10-06,2020-10,2021-03-31,False,False,False,NOT_OFFICIAL_MEMBER,,TREATMENT_NOT_ACCEPTED
CA_b7021297bbbf7e4e5fb2,NSE_3E94CB7D547E,2020-10-06,2020-10,2021-04-30,False,False,False,NOT_OFFICIAL_MEMBER,,TREATMENT_NOT_ACCEPTED
CA_b7021297bbbf7e4e5fb2,NSE_3E94CB7D547E,2020-10-06,2020-10,2021-05-31,False,False,False,NOT_OFFICIAL_MEMBER,,TREATMENT_NOT_ACCEPTED
CA_b7021297bbbf7e4e5fb2,NSE_3E94CB7D547E,2020-10-06,2020-10,2021-06-30,False,False,False,NOT_OFFICIAL_MEMBER,,TREATMENT_NOT_ACCEPTED
CA_b7021297bbbf7e4e5fb2,NSE_3E94CB7D547E,2020-10-06,2020-10,2021-07-30,False,False,False,NOT_OFFICIAL_MEMBER,,TREATMENT_NOT_ACCEPTED
CA_b7021297bbbf7e4e5fb2,NSE_3E94CB7D547E,2020-10-06,2020-10,2021-08-31,False,False,False,NOT_OFFICIAL_MEMBER,,TREATMENT_NOT_ACCEPTED
CA_b7021297bbbf7e4e5fb2,NSE_3E94CB7D547E,2020-10-06,2020-10,2021-09-30,False,False,False,NOT_OFFICIAL_MEMBER,,TREATMENT_NOT_ACCEPTED
CA_c02455d0200fdabff1ae,NSE_AE4994F757D1,2020-10-28,2020-10,2020-11-27,False,False,False,NOT_OFFICIAL_MEMBER,,TREATMENT_NOT_ACCEPTED
CA_c02455d0200fdabff1ae,NSE_AE4994F757D1,2020-10-28,2020-10,2020-12-31,False,False,False,NOT_OFFICIAL_MEMBER,,TREATMENT_NOT_ACCEPTED
CA_c02455d0200fdabff1ae,NSE_AE4994F757D1,2020-10-28,2020-10,2021-01-29,False,False,False,NOT_OFFICIAL_MEMBER,,TREATMENT_NOT_ACCEPTED
CA_c02455d0200fdabff1ae,NSE_AE4994F757D1,2020-10-28,2020-10,2021-02-26,False,False,False,NOT_OFFICIAL_MEMBER,,TREATMENT_NOT_ACCEPTED
CA_c02455d0200fdabff1ae,NSE_AE4994F757D1,2020-10-28,2020-10,2021-03-31,False,False,False,NOT_OFFICIAL_MEMBER,,TREATMENT_NOT_ACCEPTED
CA_c02455d0200fdabff1ae,NSE_AE4994F757D1,2020-10-28,2020-10,2021-04-30,False,False,False,NOT_OFFICIAL_MEMBER,,TREATMENT_NOT_ACCEPTED
CA_c02455d0200fdabff1ae,NSE_AE4994F757D1,2020-10-28,2020-10,2021-05-31,False,False,False,NOT_OFFICIAL_MEMBER,,TREATMENT_NOT_ACCEPTED
CA_c02455d0200fdabff1ae,NSE_AE4994F757D1,2020-10-28,2020-10,2021-06-30,False,False,False,NOT_OFFICIAL_MEMBER,,TREATMENT_NOT_ACCEPTED
CA_c02455d0200fdabff1ae,NSE_AE4994F757D1,2020-10-28,2020-10,2021-07-30,False,False,False,NOT_OFFICIAL_MEMBER,,TREATMENT_NOT_ACCEPTED
CA_c02455d0200fdabff1ae,NSE_AE4994F757D1,2020-10-28,2020-10,2021-08-31,False,False,False,NOT_OFFICIAL_MEMBER,,TREATMENT_NOT_ACCEPTED
CA_c02455d0200fdabff1ae,NSE_AE4994F757D1,2020-10-28,2020-10,2021-09-30,False,False,False,NOT_OFFICIAL_MEMBER,,TREATMENT_NOT_ACCEPTED
CA_579830341255203fac84,NSE_7E9F9084BD7D,2021-02-04,2021-02,2021-03-31,False,False,False,NOT_OFFICIAL_MEMBER,,TREATMENT_NOT_ACCEPTED
CA_579830341255203fac84,NSE_7E9F9084BD7D,2021-02-04,2021-02,2021-04-30,False,False,False,NOT_OFFICIAL_MEMBER,,TREATMENT_NOT_ACCEPTED
CA_579830341255203fac84,NSE_7E9F9084BD7D,2021-02-04,2021-02,2021-05-31,False,False,False,NOT_OFFICIAL_MEMBER,,TREATMENT_NOT_ACCEPTED
CA_579830341255203fac84,NSE_7E9F9084BD7D,2021-02-04,2021-02,2021-06-30,False,False,False,NOT_OFFICIAL_MEMBER,,TREATMENT_NOT_ACCEPTED
CA_579830341255203fac84,NSE_7E9F9084BD7D,2021-02-04,2021-02,2021-07-30,False,False,False,NOT_OFFICIAL_MEMBER,,TREATMENT_NOT_ACCEPTED
CA_579830341255203fac84,NSE_7E9F9084BD7D,2021-02-04,2021-02,2021-08-31,False,False,False,NOT_OFFICIAL_MEMBER,,TREATMENT_NOT_ACCEPTED
CA_579830341255203fac84,NSE_7E9F9084BD7D,2021-02-04,2021-02,2021-09-30,True,True,True,UNKNOWN_MISSING_ECONOMIC_RETURN,1.564586723410471,TREATMENT_NOT_ACCEPTED
CA_579830341255203fac84,NSE_7E9F9084BD7D,2021-02-04,2021-02,2021-10-29,True,True,True,UNKNOWN_MISSING_ECONOMIC_RETURN,1.8923411843219022,TREATMENT_NOT_ACCEPTED
CA_579830341255203fac84,NSE_7E9F9084BD7D,2021-02-04,2021-02,2021-11-30,True,True,True,UNKNOWN_MISSING_ECONOMIC_RETURN,1.6001324896089493,TREATMENT_NOT_ACCEPTED
CA_579830341255203fac84,NSE_7E9F9084BD7D,2021-02-04,2021-02,2021-12-31,True,True,True,UNKNOWN_MISSING_ECONOMIC_RETURN,1.8178573408729761,TREATMENT_NOT_ACCEPTED
CA_579830341255203fac84,NSE_7E9F9084BD7D,2021-02-04,2021-02,2022-01-31,True,True,True,UNKNOWN_MISSING_ECONOMIC_RETURN,1.9593992751548126,TREATMENT_NOT_ACCEPTED
CA_44b915807c568aa1c0e5,NSE_806A916D3197,2021-02-23,2021-02,2021-03-31,False,False,False,NOT_OFFICIAL_MEMBER,,TREATMENT_NOT_ACCEPTED
CA_44b915807c568aa1c0e5,NSE_806A916D3197,2021-02-23,2021-02,2021-04-30,False,False,False,NOT_OFFICIAL_MEMBER,,TREATMENT_NOT_ACCEPTED
CA_44b915807c568aa1c0e5,NSE_806A916D3197,2021-02-23,2021-02,2021-05-31,False,False,False,NOT_OFFICIAL_MEMBER,,TREATMENT_NOT_ACCEPTED
CA_44b915807c568aa1c0e5,NSE_806A916D3197,2021-02-23,2021-02,2021-06-30,False,False,False,NOT_OFFICIAL_MEMBER,,TREATMENT_NOT_ACCEPTED
CA_44b915807c568aa1c0e5,NSE_806A916D3197,2021-02-23,2021-02,2021-07-30,False,False,False,NOT_OFFICIAL_MEMBER,,TREATMENT_NOT_ACCEPTED
CA_44b915807c568aa1c0e5,NSE_806A916D3197,2021-02-23,2021-02,2021-08-31,False,False,False,NOT_OFFICIAL_MEMBER,,TREATMENT_NOT_ACCEPTED
CA_44b915807c568aa1c0e5,NSE_806A916D3197,2021-02-23,2021-02,2021-09-30,False,False,False,NOT_OFFICIAL_MEMBER,,TREATMENT_NOT_ACCEPTED
CA_44b915807c568aa1c0e5,NSE_806A916D3197,2021-02-23,2021-02,2021-10-29,False,False,False,NOT_OFFICIAL_MEMBER,,TREATMENT_NOT_ACCEPTED
CA_44b915807c568aa1c0e5,NSE_806A916D3197,2021-02-23,2021-02,2021-11-30,False,False,False,NOT_OFFICIAL_MEMBER,,TREATMENT_NOT_ACCEPTED
CA_44b915807c568aa1c0e5,NSE_806A916D3197,2021-02-23,2021-02,2021-12-31,False,False,False,NOT_OFFICIAL_MEMBER,,TREATMENT_NOT_ACCEPTED
CA_44b915807c568aa1c0e5,NSE_806A916D3197,2021-02-23,2021-02,2022-01-31,False,False,False,NOT_OFFICIAL_MEMBER,,TREATMENT_NOT_ACCEPTED
CA_61221f2a9ceafe607eca,NSE_6835A4E7227D,2021-03-26,2021-03,2021-04-30,False,False,False,NOT_OFFICIAL_MEMBER,,TREATMENT_NOT_ACCEPTED
CA_61221f2a9ceafe607eca,NSE_6835A4E7227D,2021-03-26,2021-03,2021-05-31,False,False,False,NOT_OFFICIAL_MEMBER,,TREATMENT_NOT_ACCEPTED
CA_61221f2a9ceafe607eca,NSE_6835A4E7227D,2021-03-26,2021-03,2021-06-30,False,False,False,NOT_OFFICIAL_MEMBER,,TREATMENT_NOT_ACCEPTED
CA_61221f2a9ceafe607eca,NSE_6835A4E7227D,2021-03-26,2021-03,2021-07-30,False,False,False,NOT_OFFICIAL_MEMBER,,TREATMENT_NOT_ACCEPTED
CA_61221f2a9ceafe607eca,NSE_6835A4E7227D,2021-03-26,2021-03,2021-08-31,False,False,False,NOT_OFFICIAL_MEMBER,,TREATMENT_NOT_ACCEPTED
CA_61221f2a9ceafe607eca,NSE_6835A4E7227D,2021-03-26,2021-03,2021-09-30,False,False,False,NOT_OFFICIAL_MEMBER,,TREATMENT_NOT_ACCEPTED
CA_61221f2a9ceafe607eca,NSE_6835A4E7227D,2021-03-26,2021-03,2021-10-29,False,False,False,NOT_OFFICIAL_MEMBER,,TREATMENT_NOT_ACCEPTED
CA_61221f2a9ceafe607eca,NSE_6835A4E7227D,2021-03-26,2021-03,2021-11-30,False,False,False,NOT_OFFICIAL_MEMBER,,TREATMENT_NOT_ACCEPTED
CA_61221f2a9ceafe607eca,NSE_6835A4E7227D,2021-03-26,2021-03,2021-12-31,False,False,False,NOT_OFFICIAL_MEMBER,,TREATMENT_NOT_ACCEPTED
CA_61221f2a9ceafe607eca,NSE_6835A4E7227D,2021-03-26,2021-03,2022-01-31,False,False,False,NOT_OFFICIAL_MEMBER,,TREATMENT_NOT_ACCEPTED
CA_61221f2a9ceafe607eca,NSE_6835A4E7227D,2021-03-26,2021-03,2022-02-28,False,False,False,NOT_OFFICIAL_MEMBER,,TREATMENT_NOT_ACCEPTED
CA_ac77178a1f3b292f7ee0,NSE_444C594AB9B7,2021-05-25,2021-05,2021-06-30,True,False,False,NO_INDEPENDENT_ELIGIBILITY,,COINCIDENT_UNRESOLVED_ACTION
CA_ac77178a1f3b292f7ee0,NSE_444C594AB9B7,2021-05-25,2021-05,2021-07-30,True,False,False,NO_INDEPENDENT_ELIGIBILITY,,COINCIDENT_UNRESOLVED_ACTION
CA_ac77178a1f3b292f7ee0,NSE_444C594AB9B7,2021-05-25,2021-05,2021-08-31,True,False,False,NO_INDEPENDENT_ELIGIBILITY,,COINCIDENT_UNRESOLVED_ACTION
CA_ac77178a1f3b292f7ee0,NSE_444C594AB9B7,2021-05-25,2021-05,2021-09-30,True,False,False,NO_INDEPENDENT_ELIGIBILITY,,COINCIDENT_UNRESOLVED_ACTION
CA_ac77178a1f3b292f7ee0,NSE_444C594AB9B7,2021-05-25,2021-05,2021-10-29,True,False,False,NO_INDEPENDENT_ELIGIBILITY,,COINCIDENT_UNRESOLVED_ACTION
CA_ac77178a1f3b292f7ee0,NSE_444C594AB9B7,2021-05-25,2021-05,2021-11-30,True,False,False,NO_INDEPENDENT_ELIGIBILITY,,COINCIDENT_UNRESOLVED_ACTION
CA_ac77178a1f3b292f7ee0,NSE_444C594AB9B7,2021-05-25,2021-05,2021-12-31,True,False,False,NO_INDEPENDENT_ELIGIBILITY,,COINCIDENT_UNRESOLVED_ACTION
CA_ac77178a1f3b292f7ee0,NSE_444C594AB9B7,2021-05-25,2021-05,2022-01-31,True,False,False,NO_INDEPENDENT_ELIGIBILITY,,COINCIDENT_UNRESOLVED_ACTION
CA_ac77178a1f3b292f7ee0,NSE_444C594AB9B7,2021-05-25,2021-05,2022-02-28,True,False,False,NO_INDEPENDENT_ELIGIBILITY,,COINCIDENT_UNRESOLVED_ACTION
CA_ac77178a1f3b292f7ee0,NSE_444C594AB9B7,2021-05-25,2021-05,2022-03-31,True,False,False,NO_INDEPENDENT_ELIGIBILITY,,COINCIDENT_UNRESOLVED_ACTION
CA_ac77178a1f3b292f7ee0,NSE_444C594AB9B7,2021-05-25,2021-05,2022-04-29,True,False,False,NO_INDEPENDENT_ELIGIBILITY,,COINCIDENT_UNRESOLVED_ACTION
CA_9d29c825ee80b650567a,NSE_444C594AB9B7,2021-05-25,2021-05,2021-06-30,True,False,False,NO_INDEPENDENT_ELIGIBILITY,,ACCEPTED_STRICT_RETURN_EXCEPTION
CA_9d29c825ee80b650567a,NSE_444C594AB9B7,2021-05-25,2021-05,2021-07-30,True,False,False,NO_INDEPENDENT_ELIGIBILITY,,ACCEPTED_STRICT_RETURN_EXCEPTION
CA_9d29c825ee80b650567a,NSE_444C594AB9B7,2021-05-25,2021-05,2021-08-31,True,False,False,NO_INDEPENDENT_ELIGIBILITY,,ACCEPTED_STRICT_RETURN_EXCEPTION
CA_9d29c825ee80b650567a,NSE_444C594AB9B7,2021-05-25,2021-05,2021-09-30,True,False,False,NO_INDEPENDENT_ELIGIBILITY,,ACCEPTED_STRICT_RETURN_EXCEPTION
CA_9d29c825ee80b650567a,NSE_444C594AB9B7,2021-05-25,2021-05,2021-10-29,True,False,False,NO_INDEPENDENT_ELIGIBILITY,,ACCEPTED_STRICT_RETURN_EXCEPTION
CA_9d29c825ee80b650567a,NSE_444C594AB9B7,2021-05-25,2021-05,2021-11-30,True,False,False,NO_INDEPENDENT_ELIGIBILITY,,ACCEPTED_STRICT_RETURN_EXCEPTION
CA_9d29c825ee80b650567a,NSE_444C594AB9B7,2021-05-25,2021-05,2021-12-31,True,False,False,NO_INDEPENDENT_ELIGIBILITY,,ACCEPTED_STRICT_RETURN_EXCEPTION
CA_9d29c825ee80b650567a,NSE_444C594AB9B7,2021-05-25,2021-05,2022-01-31,True,False,False,NO_INDEPENDENT_ELIGIBILITY,,ACCEPTED_STRICT_RETURN_EXCEPTION
CA_9d29c825ee80b650567a,NSE_444C594AB9B7,2021-05-25,2021-05,2022-02-28,True,False,False,NO_INDEPENDENT_ELIGIBILITY,,ACCEPTED_STRICT_RETURN_EXCEPTION
CA_9d29c825ee80b650567a,NSE_444C594AB9B7,2021-05-25,2021-05,2022-03-31,True,False,False,NO_INDEPENDENT_ELIGIBILITY,,ACCEPTED_STRICT_RETURN_EXCEPTION
CA_9d29c825ee80b650567a,NSE_444C594AB9B7,2021-05-25,2021-05,2022-04-29,True,False,False,NO_INDEPENDENT_ELIGIBILITY,,ACCEPTED_STRICT_RETURN_EXCEPTION
CA_3ec7762a6e7b220937b8,NSE_4723627B4BA6,2021-09-16,2021-09,2021-10-29,False,False,False,NOT_OFFICIAL_MEMBER,,TREATMENT_NOT_ACCEPTED
CA_3ec7762a6e7b220937b8,NSE_4723627B4BA6,2021-09-16,2021-09,2021-11-30,False,False,False,NOT_OFFICIAL_MEMBER,,TREATMENT_NOT_ACCEPTED
CA_3ec7762a6e7b220937b8,NSE_4723627B4BA6,2021-09-16,2021-09,2021-12-31,False,False,False,NOT_OFFICIAL_MEMBER,,TREATMENT_NOT_ACCEPTED
CA_3ec7762a6e7b220937b8,NSE_4723627B4BA6,2021-09-16,2021-09,2022-01-31,False,False,False,NOT_OFFICIAL_MEMBER,,TREATMENT_NOT_ACCEPTED
CA_3ec7762a6e7b220937b8,NSE_4723627B4BA6,2021-09-16,2021-09,2022-02-28,False,False,False,NOT_OFFICIAL_MEMBER,,TREATMENT_NOT_ACCEPTED
CA_3ec7762a6e7b220937b8,NSE_4723627B4BA6,2021-09-16,2021-09,2022-03-31,False,False,False,NOT_OFFICIAL_MEMBER,,TREATMENT_NOT_ACCEPTED
CA_3ec7762a6e7b220937b8,NSE_4723627B4BA6,2021-09-16,2021-09,2022-04-29,False,False,False,NOT_OFFICIAL_MEMBER,,TREATMENT_NOT_ACCEPTED
CA_3ec7762a6e7b220937b8,NSE_4723627B4BA6,2021-09-16,2021-09,2022-05-31,False,False,False,NOT_OFFICIAL_MEMBER,,TREATMENT_NOT_ACCEPTED
CA_3ec7762a6e7b220937b8,NSE_4723627B4BA6,2021-09-16,2021-09,2022-06-30,False,False,False,NOT_OFFICIAL_MEMBER,,TREATMENT_NOT_ACCEPTED
CA_3ec7762a6e7b220937b8,NSE_4723627B4BA6,2021-09-16,2021-09,2022-07-29,False,False,False,NOT_OFFICIAL_MEMBER,,TREATMENT_NOT_ACCEPTED
CA_3ec7762a6e7b220937b8,NSE_4723627B4BA6,2021-09-16,2021-09,2022-08-30,False,False,False,NOT_OFFICIAL_MEMBER,,TREATMENT_NOT_ACCEPTED
CA_8a2de48524fdb76769c0,NSE_63EB9280D90F,2021-10-21,2021-10,2021-11-30,False,False,False,NOT_OFFICIAL_MEMBER,,TREATMENT_NOT_ACCEPTED
CA_8a2de48524fdb76769c0,NSE_63EB9280D90F,2021-10-21,2021-10,2021-12-31,False,False,False,NOT_OFFICIAL_MEMBER,,TREATMENT_NOT_ACCEPTED
CA_8a2de48524fdb76769c0,NSE_63EB9280D90F,2021-10-21,2021-10,2022-01-31,False,False,False,NOT_OFFICIAL_MEMBER,,TREATMENT_NOT_ACCEPTED
CA_8a2de48524fdb76769c0,NSE_63EB9280D90F,2021-10-21,2021-10,2022-02-28,False,False,False,NOT_OFFICIAL_MEMBER,,TREATMENT_NOT_ACCEPTED
CA_8a2de48524fdb76769c0,NSE_63EB9280D90F,2021-10-21,2021-10,2022-03-31,False,False,False,NOT_OFFICIAL_MEMBER,,TREATMENT_NOT_ACCEPTED
CA_8a2de48524fdb76769c0,NSE_63EB9280D90F,2021-10-21,2021-10,2022-04-29,False,False,False,NOT_OFFICIAL_MEMBER,,TREATMENT_NOT_ACCEPTED
CA_8a2de48524fdb76769c0,NSE_63EB9280D90F,2021-10-21,2021-10,2022-05-31,False,False,False,NOT_OFFICIAL_MEMBER,,TREATMENT_NOT_ACCEPTED
CA_8a2de48524fdb76769c0,NSE_63EB9280D90F,2021-10-21,2021-10,2022-06-30,False,False,False,NOT_OFFICIAL_MEMBER,,TREATMENT_NOT_ACCEPTED
CA_8a2de48524fdb76769c0,NSE_63EB9280D90F,2021-10-21,2021-10,2022-07-29,False,False,False,NOT_OFFICIAL_MEMBER,,TREATMENT_NOT_ACCEPTED
CA_8a2de48524fdb76769c0,NSE_63EB9280D90F,2021-10-21,2021-10,2022-08-30,False,False,False,NOT_OFFICIAL_MEMBER,,TREATMENT_NOT_ACCEPTED
CA_8a2de48524fdb76769c0,NSE_63EB9280D90F,2021-10-21,2021-10,2022-09-30,False,False,False,NOT_OFFICIAL_MEMBER,,TREATMENT_NOT_ACCEPTED
CA_7b1268f51c7f32e3d106,NSE_F8512C975E62,2021-11-11,2021-11,2021-12-31,False,False,False,NOT_OFFICIAL_MEMBER,,TREATMENT_NOT_ACCEPTED
CA_7b1268f51c7f32e3d106,NSE_F8512C975E62,2021-11-11,2021-11,2022-01-31,False,False,False,NOT_OFFICIAL_MEMBER,,TREATMENT_NOT_ACCEPTED
CA_7b1268f51c7f32e3d106,NSE_F8512C975E62,2021-11-11,2021-11,2022-02-28,False,False,False,NOT_OFFICIAL_MEMBER,,TREATMENT_NOT_ACCEPTED
CA_7b1268f51c7f32e3d106,NSE_F8512C975E62,2021-11-11,2021-11,2022-03-31,False,False,False,NOT_OFFICIAL_MEMBER,,TREATMENT_NOT_ACCEPTED
CA_7b1268f51c7f32e3d106,NSE_F8512C975E62,2021-11-11,2021-11,2022-04-29,False,False,False,NOT_OFFICIAL_MEMBER,,TREATMENT_NOT_ACCEPTED
CA_7b1268f51c7f32e3d106,NSE_F8512C975E62,2021-11-11,2021-11,2022-05-31,False,False,False,NOT_OFFICIAL_MEMBER,,TREATMENT_NOT_ACCEPTED
CA_7b1268f51c7f32e3d106,NSE_F8512C975E62,2021-11-11,2021-11,2022-06-30,False,False,False,NOT_OFFICIAL_MEMBER,,TREATMENT_NOT_ACCEPTED
CA_7b1268f51c7f32e3d106,NSE_F8512C975E62,2021-11-11,2021-11,2022-07-29,False,False,False,NOT_OFFICIAL_MEMBER,,TREATMENT_NOT_ACCEPTED
CA_7b1268f51c7f32e3d106,NSE_F8512C975E62,2021-11-11,2021-11,2022-08-30,False,False,False,NOT_OFFICIAL_MEMBER,,TREATMENT_NOT_ACCEPTED
CA_7b1268f51c7f32e3d106,NSE_F8512C975E62,2021-11-11,2021-11,2022-09-30,False,False,False,NOT_OFFICIAL_MEMBER,,TREATMENT_NOT_ACCEPTED
CA_7b1268f51c7f32e3d106,NSE_F8512C975E62,2021-11-11,2021-11,2022-10-31,False,False,False,NOT_OFFICIAL_MEMBER,,TREATMENT_NOT_ACCEPTED
CA_426563cd086ccfc19532,NSE_108254EF6AA4,2022-01-14,2022-01,2022-02-28,False,False,False,NOT_OFFICIAL_MEMBER,,TREATMENT_NOT_ACCEPTED
CA_426563cd086ccfc19532,NSE_108254EF6AA4,2022-01-14,2022-01,2022-03-31,False,False,False,NOT_OFFICIAL_MEMBER,,TREATMENT_NOT_ACCEPTED
CA_426563cd086ccfc19532,NSE_108254EF6AA4,2022-01-14,2022-01,2022-04-29,False,False,False,NOT_OFFICIAL_MEMBER,,TREATMENT_NOT_ACCEPTED
CA_426563cd086ccfc19532,NSE_108254EF6AA4,2022-01-14,2022-01,2022-05-31,False,False,False,NOT_OFFICIAL_MEMBER,,TREATMENT_NOT_ACCEPTED
CA_426563cd086ccfc19532,NSE_108254EF6AA4,2022-01-14,2022-01,2022-06-30,False,False,False,NOT_OFFICIAL_MEMBER,,TREATMENT_NOT_ACCEPTED
CA_426563cd086ccfc19532,NSE_108254EF6AA4,2022-01-14,2022-01,2022-07-29,False,False,False,NOT_OFFICIAL_MEMBER,,TREATMENT_NOT_ACCEPTED
CA_426563cd086ccfc19532,NSE_108254EF6AA4,2022-01-14,2022-01,2022-08-30,False,False,False,NOT_OFFICIAL_MEMBER,,TREATMENT_NOT_ACCEPTED
CA_426563cd086ccfc19532,NSE_108254EF6AA4,2022-01-14,2022-01,2022-09-30,True,True,True,UNKNOWN_MISSING_ECONOMIC_RETURN,1.3347064450682673,TREATMENT_NOT_ACCEPTED
CA_426563cd086ccfc19532,NSE_108254EF6AA4,2022-01-14,2022-01,2022-10-31,True,True,True,UNKNOWN_MISSING_ECONOMIC_RETURN,1.4379884763942492,TREATMENT_NOT_ACCEPTED
CA_426563cd086ccfc19532,NSE_108254EF6AA4,2022-01-14,2022-01,2022-11-30,True,True,True,UNKNOWN_MISSING_ECONOMIC_RETURN,1.6513383520168823,TREATMENT_NOT_ACCEPTED
CA_426563cd086ccfc19532,NSE_108254EF6AA4,2022-01-14,2022-01,2022-12-30,True,True,True,UNKNOWN_MISSING_ECONOMIC_RETURN,1.4610945450034216,TREATMENT_NOT_ACCEPTED
CA_a28c7ef7be5fba82424e,NSE_03B0BD5CB55C,2022-02-22,2022-02,2022-03-31,True,False,False,NO_INDEPENDENT_ELIGIBILITY,,MULTIPLE_ACTION_UNITS_UNVERIFIED
CA_a28c7ef7be5fba82424e,NSE_03B0BD5CB55C,2022-02-22,2022-02,2022-04-29,True,False,False,NO_INDEPENDENT_ELIGIBILITY,,MULTIPLE_ACTION_UNITS_UNVERIFIED
CA_a28c7ef7be5fba82424e,NSE_03B0BD5CB55C,2022-02-22,2022-02,2022-05-31,True,False,False,NO_INDEPENDENT_ELIGIBILITY,,MULTIPLE_ACTION_UNITS_UNVERIFIED
CA_a28c7ef7be5fba82424e,NSE_03B0BD5CB55C,2022-02-22,2022-02,2022-06-30,True,False,False,NO_INDEPENDENT_ELIGIBILITY,,MULTIPLE_ACTION_UNITS_UNVERIFIED
CA_a28c7ef7be5fba82424e,NSE_03B0BD5CB55C,2022-02-22,2022-02,2022-07-29,True,False,False,NO_INDEPENDENT_ELIGIBILITY,,MULTIPLE_ACTION_UNITS_UNVERIFIED
CA_a28c7ef7be5fba82424e,NSE_03B0BD5CB55C,2022-02-22,2022-02,2022-08-30,True,False,False,NO_INDEPENDENT_ELIGIBILITY,,MULTIPLE_ACTION_UNITS_UNVERIFIED
CA_a28c7ef7be5fba82424e,NSE_03B0BD5CB55C,2022-02-22,2022-02,2022-09-30,True,False,False,NO_INDEPENDENT_ELIGIBILITY,,MULTIPLE_ACTION_UNITS_UNVERIFIED
CA_a28c7ef7be5fba82424e,NSE_03B0BD5CB55C,2022-02-22,2022-02,2022-10-31,True,False,False,NO_INDEPENDENT_ELIGIBILITY,,MULTIPLE_ACTION_UNITS_UNVERIFIED
CA_a28c7ef7be5fba82424e,NSE_03B0BD5CB55C,2022-02-22,2022-02,2022-11-30,True,False,False,NO_INDEPENDENT_ELIGIBILITY,,MULTIPLE_ACTION_UNITS_UNVERIFIED
CA_a28c7ef7be5fba82424e,NSE_03B0BD5CB55C,2022-02-22,2022-02,2022-12-30,True,False,False,NO_INDEPENDENT_ELIGIBILITY,,MULTIPLE_ACTION_UNITS_UNVERIFIED
CA_a28c7ef7be5fba82424e,NSE_03B0BD5CB55C,2022-02-22,2022-02,2023-01-31,True,False,False,NO_INDEPENDENT_ELIGIBILITY,,MULTIPLE_ACTION_UNITS_UNVERIFIED
CA_4bd3ac9cadba72dfd0ee,NSE_03B0BD5CB55C,2022-02-22,2022-02,2022-03-31,True,False,False,NO_INDEPENDENT_ELIGIBILITY,,MULTIPLE_ACTION_UNITS_UNVERIFIED
CA_4bd3ac9cadba72dfd0ee,NSE_03B0BD5CB55C,2022-02-22,2022-02,2022-04-29,True,False,False,NO_INDEPENDENT_ELIGIBILITY,,MULTIPLE_ACTION_UNITS_UNVERIFIED
CA_4bd3ac9cadba72dfd0ee,NSE_03B0BD5CB55C,2022-02-22,2022-02,2022-05-31,True,False,False,NO_INDEPENDENT_ELIGIBILITY,,MULTIPLE_ACTION_UNITS_UNVERIFIED
CA_4bd3ac9cadba72dfd0ee,NSE_03B0BD5CB55C,2022-02-22,2022-02,2022-06-30,True,False,False,NO_INDEPENDENT_ELIGIBILITY,,MULTIPLE_ACTION_UNITS_UNVERIFIED
CA_4bd3ac9cadba72dfd0ee,NSE_03B0BD5CB55C,2022-02-22,2022-02,2022-07-29,True,False,False,NO_INDEPENDENT_ELIGIBILITY,,MULTIPLE_ACTION_UNITS_UNVERIFIED
CA_4bd3ac9cadba72dfd0ee,NSE_03B0BD5CB55C,2022-02-22,2022-02,2022-08-30,True,False,False,NO_INDEPENDENT_ELIGIBILITY,,MULTIPLE_ACTION_UNITS_UNVERIFIED
CA_4bd3ac9cadba72dfd0ee,NSE_03B0BD5CB55C,2022-02-22,2022-02,2022-09-30,True,False,False,NO_INDEPENDENT_ELIGIBILITY,,MULTIPLE_ACTION_UNITS_UNVERIFIED
CA_4bd3ac9cadba72dfd0ee,NSE_03B0BD5CB55C,2022-02-22,2022-02,2022-10-31,True,False,False,NO_INDEPENDENT_ELIGIBILITY,,MULTIPLE_ACTION_UNITS_UNVERIFIED
CA_4bd3ac9cadba72dfd0ee,NSE_03B0BD5CB55C,2022-02-22,2022-02,2022-11-30,True,False,False,NO_INDEPENDENT_ELIGIBILITY,,MULTIPLE_ACTION_UNITS_UNVERIFIED
CA_4bd3ac9cadba72dfd0ee,NSE_03B0BD5CB55C,2022-02-22,2022-02,2022-12-30,True,False,False,NO_INDEPENDENT_ELIGIBILITY,,MULTIPLE_ACTION_UNITS_UNVERIFIED
CA_4bd3ac9cadba72dfd0ee,NSE_03B0BD5CB55C,2022-02-22,2022-02,2023-01-31,True,False,False,NO_INDEPENDENT_ELIGIBILITY,,MULTIPLE_ACTION_UNITS_UNVERIFIED
CA_af4b2106b902a7398f52,NSE_E8494F35C12B,2022-02-22,2022-02,2022-03-31,False,False,False,NOT_OFFICIAL_MEMBER,,TREATMENT_NOT_ACCEPTED
CA_af4b2106b902a7398f52,NSE_E8494F35C12B,2022-02-22,2022-02,2022-04-29,False,False,False,NOT_OFFICIAL_MEMBER,,TREATMENT_NOT_ACCEPTED
CA_af4b2106b902a7398f52,NSE_E8494F35C12B,2022-02-22,2022-02,2022-05-31,False,False,False,NOT_OFFICIAL_MEMBER,,TREATMENT_NOT_ACCEPTED
CA_af4b2106b902a7398f52,NSE_E8494F35C12B,2022-02-22,2022-02,2022-06-30,False,False,False,NOT_OFFICIAL_MEMBER,,TREATMENT_NOT_ACCEPTED
CA_af4b2106b902a7398f52,NSE_E8494F35C12B,2022-02-22,2022-02,2022-07-29,False,False,False,NOT_OFFICIAL_MEMBER,,TREATMENT_NOT_ACCEPTED
CA_af4b2106b902a7398f52,NSE_E8494F35C12B,2022-02-22,2022-02,2022-08-30,False,False,False,NOT_OFFICIAL_MEMBER,,TREATMENT_NOT_ACCEPTED
CA_af4b2106b902a7398f52,NSE_E8494F35C12B,2022-02-22,2022-02,2022-09-30,False,False,False,NOT_OFFICIAL_MEMBER,,TREATMENT_NOT_ACCEPTED
CA_af4b2106b902a7398f52,NSE_E8494F35C12B,2022-02-22,2022-02,2022-10-31,False,False,False,NOT_OFFICIAL_MEMBER,,TREATMENT_NOT_ACCEPTED
CA_af4b2106b902a7398f52,NSE_E8494F35C12B,2022-02-22,2022-02,2022-11-30,False,False,False,NOT_OFFICIAL_MEMBER,,TREATMENT_NOT_ACCEPTED
CA_af4b2106b902a7398f52,NSE_E8494F35C12B,2022-02-22,2022-02,2022-12-30,False,False,False,NOT_OFFICIAL_MEMBER,,TREATMENT_NOT_ACCEPTED
CA_af4b2106b902a7398f52,NSE_E8494F35C12B,2022-02-22,2022-02,2023-01-31,False,False,False,NOT_OFFICIAL_MEMBER,,TREATMENT_NOT_ACCEPTED
CA_573465bbca3206467dd8,NSE_48390A9F12CC,2022-07-07,2022-07,2022-08-30,True,False,False,NO_INDEPENDENT_ELIGIBILITY,,MULTIPLE_ACTION_UNITS_UNVERIFIED
CA_573465bbca3206467dd8,NSE_48390A9F12CC,2022-07-07,2022-07,2022-09-30,True,False,False,NO_INDEPENDENT_ELIGIBILITY,,MULTIPLE_ACTION_UNITS_UNVERIFIED
CA_573465bbca3206467dd8,NSE_48390A9F12CC,2022-07-07,2022-07,2022-10-31,True,False,False,NO_INDEPENDENT_ELIGIBILITY,,MULTIPLE_ACTION_UNITS_UNVERIFIED
CA_573465bbca3206467dd8,NSE_48390A9F12CC,2022-07-07,2022-07,2022-11-30,True,False,False,NO_INDEPENDENT_ELIGIBILITY,,MULTIPLE_ACTION_UNITS_UNVERIFIED
CA_573465bbca3206467dd8,NSE_48390A9F12CC,2022-07-07,2022-07,2022-12-30,True,False,False,NO_INDEPENDENT_ELIGIBILITY,,MULTIPLE_ACTION_UNITS_UNVERIFIED
CA_573465bbca3206467dd8,NSE_48390A9F12CC,2022-07-07,2022-07,2023-01-31,True,False,False,NO_INDEPENDENT_ELIGIBILITY,,MULTIPLE_ACTION_UNITS_UNVERIFIED
CA_573465bbca3206467dd8,NSE_48390A9F12CC,2022-07-07,2022-07,2023-02-28,True,False,False,NO_INDEPENDENT_ELIGIBILITY,,MULTIPLE_ACTION_UNITS_UNVERIFIED
CA_2991c7e2dcd5c9928507,NSE_48390A9F12CC,2022-07-07,2022-07,2022-08-30,True,False,False,NO_INDEPENDENT_ELIGIBILITY,,MULTIPLE_ACTION_UNITS_UNVERIFIED
CA_2991c7e2dcd5c9928507,NSE_48390A9F12CC,2022-07-07,2022-07,2022-09-30,True,False,False,NO_INDEPENDENT_ELIGIBILITY,,MULTIPLE_ACTION_UNITS_UNVERIFIED
CA_2991c7e2dcd5c9928507,NSE_48390A9F12CC,2022-07-07,2022-07,2022-10-31,True,False,False,NO_INDEPENDENT_ELIGIBILITY,,MULTIPLE_ACTION_UNITS_UNVERIFIED
CA_2991c7e2dcd5c9928507,NSE_48390A9F12CC,2022-07-07,2022-07,2022-11-30,True,False,False,NO_INDEPENDENT_ELIGIBILITY,,MULTIPLE_ACTION_UNITS_UNVERIFIED
CA_2991c7e2dcd5c9928507,NSE_48390A9F12CC,2022-07-07,2022-07,2022-12-30,True,False,False,NO_INDEPENDENT_ELIGIBILITY,,MULTIPLE_ACTION_UNITS_UNVERIFIED
CA_2991c7e2dcd5c9928507,NSE_48390A9F12CC,2022-07-07,2022-07,2023-01-31,True,False,False,NO_INDEPENDENT_ELIGIBILITY,,MULTIPLE_ACTION_UNITS_UNVERIFIED
CA_2991c7e2dcd5c9928507,NSE_48390A9F12CC,2022-07-07,2022-07,2023-02-28,True,False,False,NO_INDEPENDENT_ELIGIBILITY,,MULTIPLE_ACTION_UNITS_UNVERIFIED
CA_8bd79e7b22c050462139,,2022-07-22,2022-07,,,,,UNKNOWN_IDENTITY,,POSSIBLE_MEMBER_IDENTITY_UNRESOLVED
CA_3e098f64e58baebfcaec,NSE_238128DD84D9,2022-08-12,2022-08,2022-09-30,True,False,False,NO_INDEPENDENT_ELIGIBILITY,,ORDINARY_ACTION_PARSE_UNVERIFIED
CA_3e098f64e58baebfcaec,NSE_238128DD84D9,2022-08-12,2022-08,2022-10-31,True,False,False,NO_INDEPENDENT_ELIGIBILITY,,ORDINARY_ACTION_PARSE_UNVERIFIED
CA_3e098f64e58baebfcaec,NSE_238128DD84D9,2022-08-12,2022-08,2022-11-30,True,False,False,NO_INDEPENDENT_ELIGIBILITY,,ORDINARY_ACTION_PARSE_UNVERIFIED
CA_3e098f64e58baebfcaec,NSE_238128DD84D9,2022-08-12,2022-08,2022-12-30,True,False,False,NO_INDEPENDENT_ELIGIBILITY,,ORDINARY_ACTION_PARSE_UNVERIFIED
CA_3e098f64e58baebfcaec,NSE_238128DD84D9,2022-08-12,2022-08,2023-01-31,True,False,False,NO_INDEPENDENT_ELIGIBILITY,,ORDINARY_ACTION_PARSE_UNVERIFIED
CA_3e098f64e58baebfcaec,NSE_238128DD84D9,2022-08-12,2022-08,2023-02-28,True,False,False,NO_INDEPENDENT_ELIGIBILITY,,ORDINARY_ACTION_PARSE_UNVERIFIED
CA_639afdcd43cd7fcf23bf,NSE_A4B76A210E61,2022-08-30,2022-08,2022-09-30,False,False,False,NOT_OFFICIAL_MEMBER,,TREATMENT_NOT_ACCEPTED
CA_639afdcd43cd7fcf23bf,NSE_A4B76A210E61,2022-08-30,2022-08,2022-10-31,False,False,False,NOT_OFFICIAL_MEMBER,,TREATMENT_NOT_ACCEPTED
CA_639afdcd43cd7fcf23bf,NSE_A4B76A210E61,2022-08-30,2022-08,2022-11-30,False,False,False,NOT_OFFICIAL_MEMBER,,TREATMENT_NOT_ACCEPTED
CA_639afdcd43cd7fcf23bf,NSE_A4B76A210E61,2022-08-30,2022-08,2022-12-30,False,False,False,NOT_OFFICIAL_MEMBER,,TREATMENT_NOT_ACCEPTED
CA_639afdcd43cd7fcf23bf,NSE_A4B76A210E61,2022-08-30,2022-08,2023-01-31,False,False,False,NOT_OFFICIAL_MEMBER,,TREATMENT_NOT_ACCEPTED
CA_639afdcd43cd7fcf23bf,NSE_A4B76A210E61,2022-08-30,2022-08,2023-02-28,False,False,False,NOT_OFFICIAL_MEMBER,,TREATMENT_NOT_ACCEPTED
CA_10d544d633d683f23dca,NSE_873E06A5291B,2022-09-08,2022-09,2022-10-31,False,False,False,NOT_OFFICIAL_MEMBER,,TREATMENT_NOT_ACCEPTED
CA_10d544d633d683f23dca,NSE_873E06A5291B,2022-09-08,2022-09,2022-11-30,False,False,False,NOT_OFFICIAL_MEMBER,,TREATMENT_NOT_ACCEPTED
CA_10d544d633d683f23dca,NSE_873E06A5291B,2022-09-08,2022-09,2022-12-30,True,True,True,UNKNOWN_MISSING_ECONOMIC_RETURN,0.38388050883975255,TREATMENT_NOT_ACCEPTED
CA_10d544d633d683f23dca,NSE_873E06A5291B,2022-09-08,2022-09,2023-01-31,True,True,True,UNKNOWN_MISSING_ECONOMIC_RETURN,0.4671044079595694,TREATMENT_NOT_ACCEPTED
CA_10d544d633d683f23dca,NSE_873E06A5291B,2022-09-08,2022-09,2023-02-28,True,True,True,UNKNOWN_MISSING_ECONOMIC_RETURN,0.2779535243468165,TREATMENT_NOT_ACCEPTED
CA_8f1a2994503cad9e9964,NSE_FD4A93ADA75B,2022-09-13,2022-09,2022-10-31,True,False,False,NO_INDEPENDENT_ELIGIBILITY,,MULTIPLE_ACTION_UNITS_UNVERIFIED
CA_8f1a2994503cad9e9964,NSE_FD4A93ADA75B,2022-09-13,2022-09,2022-11-30,True,False,False,NO_INDEPENDENT_ELIGIBILITY,,MULTIPLE_ACTION_UNITS_UNVERIFIED
CA_8f1a2994503cad9e9964,NSE_FD4A93ADA75B,2022-09-13,2022-09,2022-12-30,True,False,False,NO_INDEPENDENT_ELIGIBILITY,,MULTIPLE_ACTION_UNITS_UNVERIFIED
CA_8f1a2994503cad9e9964,NSE_FD4A93ADA75B,2022-09-13,2022-09,2023-01-31,True,False,False,NO_INDEPENDENT_ELIGIBILITY,,MULTIPLE_ACTION_UNITS_UNVERIFIED
CA_8f1a2994503cad9e9964,NSE_FD4A93ADA75B,2022-09-13,2022-09,2023-02-28,True,False,False,NO_INDEPENDENT_ELIGIBILITY,,MULTIPLE_ACTION_UNITS_UNVERIFIED
CA_c48fd23ae89fa0c40398,NSE_FD4A93ADA75B,2022-09-13,2022-09,2022-10-31,True,False,False,NO_INDEPENDENT_ELIGIBILITY,,MULTIPLE_ACTION_UNITS_UNVERIFIED
CA_c48fd23ae89fa0c40398,NSE_FD4A93ADA75B,2022-09-13,2022-09,2022-11-30,True,False,False,NO_INDEPENDENT_ELIGIBILITY,,MULTIPLE_ACTION_UNITS_UNVERIFIED
CA_c48fd23ae89fa0c40398,NSE_FD4A93ADA75B,2022-09-13,2022-09,2022-12-30,True,False,False,NO_INDEPENDENT_ELIGIBILITY,,MULTIPLE_ACTION_UNITS_UNVERIFIED
CA_c48fd23ae89fa0c40398,NSE_FD4A93ADA75B,2022-09-13,2022-09,2023-01-31,True,False,False,NO_INDEPENDENT_ELIGIBILITY,,MULTIPLE_ACTION_UNITS_UNVERIFIED
CA_c48fd23ae89fa0c40398,NSE_FD4A93ADA75B,2022-09-13,2022-09,2023-02-28,True,False,False,NO_INDEPENDENT_ELIGIBILITY,,MULTIPLE_ACTION_UNITS_UNVERIFIED
CA_ea2a6135ded4b7604002,NSE_3BC23EE3CDD9,2022-10-17,2022-10,2022-11-30,False,False,False,NOT_OFFICIAL_MEMBER,,TREATMENT_NOT_ACCEPTED
CA_ea2a6135ded4b7604002,NSE_3BC23EE3CDD9,2022-10-17,2022-10,2022-12-30,False,False,False,NOT_OFFICIAL_MEMBER,,TREATMENT_NOT_ACCEPTED
CA_ea2a6135ded4b7604002,NSE_3BC23EE3CDD9,2022-10-17,2022-10,2023-01-31,False,False,False,NOT_OFFICIAL_MEMBER,,TREATMENT_NOT_ACCEPTED
CA_ea2a6135ded4b7604002,NSE_3BC23EE3CDD9,2022-10-17,2022-10,2023-02-28,False,False,False,NOT_OFFICIAL_MEMBER,,TREATMENT_NOT_ACCEPTED
CA_8af1fe47739ab6c546c4,NSE_81E1BA306A07,2022-10-19,2022-10,2022-11-30,False,False,False,NOT_OFFICIAL_MEMBER,,TREATMENT_NOT_ACCEPTED
CA_8af1fe47739ab6c546c4,NSE_81E1BA306A07,2022-10-19,2022-10,2022-12-30,False,False,False,NOT_OFFICIAL_MEMBER,,TREATMENT_NOT_ACCEPTED
CA_8af1fe47739ab6c546c4,NSE_81E1BA306A07,2022-10-19,2022-10,2023-01-31,False,False,False,NOT_OFFICIAL_MEMBER,,TREATMENT_NOT_ACCEPTED
CA_8af1fe47739ab6c546c4,NSE_81E1BA306A07,2022-10-19,2022-10,2023-02-28,False,False,False,NOT_OFFICIAL_MEMBER,,TREATMENT_NOT_ACCEPTED
CA_c5bcb078df3cc90f65d0,NSE_6693136E8F8D,2022-10-27,2022-10,2022-11-30,False,False,False,NOT_OFFICIAL_MEMBER,,TREATMENT_NOT_ACCEPTED
CA_c5bcb078df3cc90f65d0,NSE_6693136E8F8D,2022-10-27,2022-10,2022-12-30,False,False,False,NOT_OFFICIAL_MEMBER,,TREATMENT_NOT_ACCEPTED
CA_c5bcb078df3cc90f65d0,NSE_6693136E8F8D,2022-10-27,2022-10,2023-01-31,False,False,False,NOT_OFFICIAL_MEMBER,,TREATMENT_NOT_ACCEPTED
CA_c5bcb078df3cc90f65d0,NSE_6693136E8F8D,2022-10-27,2022-10,2023-02-28,False,False,False,NOT_OFFICIAL_MEMBER,,TREATMENT_NOT_ACCEPTED
CA_bd1a9c0fb614d418b033,NSE_4F096D93F0F3,2022-11-21,2022-11,2022-12-30,True,False,False,NO_INDEPENDENT_ELIGIBILITY,,MULTIPLE_ACTION_UNITS_UNVERIFIED
CA_bd1a9c0fb614d418b033,NSE_4F096D93F0F3,2022-11-21,2022-11,2023-01-31,True,False,False,NO_INDEPENDENT_ELIGIBILITY,,MULTIPLE_ACTION_UNITS_UNVERIFIED
CA_bd1a9c0fb614d418b033,NSE_4F096D93F0F3,2022-11-21,2022-11,2023-02-28,True,False,False,NO_INDEPENDENT_ELIGIBILITY,,MULTIPLE_ACTION_UNITS_UNVERIFIED
CA_d980fda0218090aafc5e,NSE_4F096D93F0F3,2022-11-21,2022-11,2022-12-30,True,False,False,NO_INDEPENDENT_ELIGIBILITY,,MULTIPLE_ACTION_UNITS_UNVERIFIED
CA_d980fda0218090aafc5e,NSE_4F096D93F0F3,2022-11-21,2022-11,2023-01-31,True,False,False,NO_INDEPENDENT_ELIGIBILITY,,MULTIPLE_ACTION_UNITS_UNVERIFIED
CA_d980fda0218090aafc5e,NSE_4F096D93F0F3,2022-11-21,2022-11,2023-02-28,True,False,False,NO_INDEPENDENT_ELIGIBILITY,,MULTIPLE_ACTION_UNITS_UNVERIFIED
CA_4dfc5e0e1c28a1095d9d,NSE_EEAD76022193,2023-01-20,2023-01,2023-02-28,False,False,False,NOT_OFFICIAL_MEMBER,,TREATMENT_NOT_ACCEPTED
CA_5ed5d1a7537676a71ef4,NSE_7F8B1EBDE62B,2023-02-06,2023-02,,False,False,False,NO_APPLICABLE_FORMATION,,TREATMENT_NOT_ACCEPTED
CA_345e36020980c8a5818d,NSE_D40F53D9B283,2023-03-02,2023-03,,False,False,False,NO_APPLICABLE_FORMATION,,MULTIPLE_ACTION_UNITS_UNVERIFIED
CA_9313d9639b4150f118c7,NSE_D40F53D9B283,2023-03-02,2023-03,,False,False,False,NO_APPLICABLE_FORMATION,,MULTIPLE_ACTION_UNITS_UNVERIFIED
CA_3d8a0e3f1466b44eb24a,NSE_FECEC1EAA0A3,2023-03-31,2023-03,,False,False,False,NO_APPLICABLE_FORMATION,,TREATMENT_NOT_ACCEPTED
