symbol,company,series,face_value,purpose,ex_date,record_date,book_closure_start,book_closure_end,payment_date,remarks,source_file,source,purpose_normalized,is_dividend,is_bonus,is_split,is_consolidation,is_rights,is_structural,is_buyback,is_capital_reduction,is_meeting,is_interest,is_redemption,primary_class,dividend_amount,ratio_a,ratio_b,old_face_value_parsed,new_face_value_parsed,economic_event_count,multiple_event_types,needs_manual_review,repair_status,repair_reason,security_id_x,identity_match_method,is_nifty500_member_on_ex_date,event_id,effective_date_x,parent_event_class_x,treatment_status,cash_per_pre_event_share,share_multiplier,entitlement_value_per_pre_event_share,cash_unit_basis,valuation_date,valuation_method,is_mandatory,blocks_total_return,evidence_source,effective_date_y,security_id_y,parent_event_class_y,treatment_notes,event_mechanism,assumption_code,assumption_requires_approval,no_direct_adjustment_component,rights_new_shares_per_old_share,rights_subscription_price,previous_close,ex_date_close,market_symbol,market_isin,market_series,rights_entitlement_symbol,rights_entitlement_observed,rights_entitlement_first_seen,rights_entitlement_last_seen,treatment_row_id
MANINFRA,Man Infraconstruction Limited,EQ,2.0,Annual General Meeting / Dividend - Rs 1.35/- Per Share / Face Value Split - From Rs 10/- Per Share To Rs 2/- Per Share,2014-08-28,,2014-09-02,2014-09-05,,,corporate_actions_20140801_20140831.json,NSE corporate actions API,ANNUAL GENERAL MEETING / DIVIDEND - RS 1.35/- PER SHARE / FACE VALUE SPLIT - FROM RS 10/- PER SHARE TO RS 2/- PER SHARE,True,False,True,False,False,False,False,False,True,False,False,SPLIT,1.35,,,10.0,2.0,2,True,True,UNCHANGED,,NSE_79E6C5F02193,ACTIVE_DATE_MATCH,True,CA_2a62f5a6b7ede4f45b03,2014-08-28,SPLIT,RESOLVED_COMBINED,1.35,5.0,0.0,GROSS_DECLARED_CASH_PER_PRE_EVENT_SHARE,2014-08-28,DIRECT_OFFICIAL_EVENT_TERMS,True,False,LOCAL_NSE_CA_API:corporate_actions_20140801_20140831.json,2014-08-28,NSE_79E6C5F02193,SPLIT,All ordinary cash and resulting-share components are composed on the same ex-date.,COMBINED_ORDINARY_EQUITY_EVENT,,False,False,,,,,,,,,False,,,CA_2a62f5a6b7ede4f45b03_T1
NCC,NCC Limited,EQ,2.0,Rights 7 : 6 @ Premium Rs 18/- Per Share,2014-09-18,2014-09-19,,,,,corporate_actions_20140901_20140930.json,NSE corporate actions API,RIGHTS 7 : 6 @ PREMIUM RS 18/- PER SHARE,False,False,False,False,True,False,False,False,False,False,False,RIGHTS,,7.0,6.0,,,1,False,False,UNCHANGED,,NSE_AC850CBABC55,ACTIVE_DATE_MATCH,True,CA_ff8f4df10d1842e13215,2014-09-18,RIGHTS,RESOLVED_RIGHTS_ENTITLEMENT,0.0,1.0,27.757692307692306,NOT_APPLICABLE,2014-09-18,THEORETICAL_EX_RIGHTS_VALUE_FROM_CUM_RIGHTS_PREVIOUS_CLOSE,True,False,LOCAL_NSE_CA_API:corporate_actions_20140901_20140930.json,2014-09-18,NSE_AC850CBABC55,RIGHTS,Issue price is event face value plus the premium stated in the official NSE corporate-action record. The passive holder injects no subscription cash. The entitlement is credited at its ex-date theoretical value from terms known by then; no later RE price or immediate-sale proceeds are used.,RIGHTS_ENTITLEMENT,PASSIVE_HOLDER_DOES_NOT_SUBSCRIBE;ENTITLEMENT_VALUED_BY_NSE_TERP_METHOD,False,False,1.1666666666666667,20.0,71.55,46.9,NCC,INE868B01028,EQ,,False,,,CA_ff8f4df10d1842e13215_T1
BLUEDART,Blue Dart Express Limited,EQ,10.0,Scheme Of Arrangement - Issue Of Bonus Debentures,2014-11-17,2014-11-18,,,,,corporate_actions_20141101_20141130.json,NSE corporate actions API,SCHEME OF ARRANGEMENT - ISSUE OF BONUS DEBENTURES,False,False,False,False,False,True,False,False,False,False,False,DEBENTURE_ENTITLEMENT,,,,,,1,False,True,RECLASSIFIED,A debenture entitlement is not an ordinary-equity bonus.,NSE_1789CF98709C,ACTIVE_DATE_MATCH,True,CA_faa277a19bfa2ac115cc,2014-11-17,DEBENTURE_ENTITLEMENT,UNRESOLVED_STRUCTURAL_EVENT,,1.0,,NOT_APPLICABLE,,BLOCKED_POINT_IN_TIME_CONTRACTUAL_TERMS_INCOMPLETE,True,True,LOCAL_NSE_CA_API:corporate_actions_20141101_20141130.json;BLUEDART_BONUS_DEBENTURE_TERMS;BLUEDART_AR_2014_15;NSE_BLUEDART_LISTING_2014_11_26;FIMMDA_VALUATION_CIRCULAR_2012,2014-11-17,NSE_1789CF98709C,DEBENTURE_ENTITLEMENT,"The pre-ex-date issuer release fixes quantities, face value, annual frequency and tenor, but says the Board will determine the coupons. The preserved official sources that state 9.3%, 9.4% and 9.5% are post-ex-date and do not establish when those rates or the allotment date became legally fixed. Contractual cash flows therefore cannot be constructed point in time; no yield or value is selected.",MANDATORY_BONUS_DEBENTURE_ENTITLEMENT,,False,False,,,,,,,,,False,,,CA_faa277a19bfa2ac115cc_T1
FEL,Future Enterprises Limited,EQ,2.0,Rights 5:8 @ Premium Rs.101/- Per Equity Share,2014-11-18,2014-11-19,,,,,corporate_actions_20141101_20141130.json,NSE corporate actions API,RIGHTS 5:8 @ PREMIUM RS.101/- PER EQUITY SHARE,False,False,False,False,True,False,False,False,False,False,False,RIGHTS,,5.0,8.0,,,1,False,False,UNCHANGED,,NSE_EF0E9934D1DE,UNIQUE_SYMBOL_HISTORY,True,CA_a8061f58213143cd9a86,2014-11-18,RIGHTS,RESOLVED_RIGHTS_ENTITLEMENT,0.0,1.0,0.7692307692307693,NOT_APPLICABLE,2014-11-18,THEORETICAL_EX_RIGHTS_VALUE_FROM_CUM_RIGHTS_PREVIOUS_CLOSE,True,False,LOCAL_NSE_CA_API:corporate_actions_20141101_20141130.json,2014-11-18,NSE_EF0E9934D1DE,RIGHTS,Issue price is event face value plus the premium stated in the official NSE corporate-action record. The passive holder injects no subscription cash. The entitlement is credited at its ex-date theoretical value from terms known by then; no later RE price or immediate-sale proceeds are used.,RIGHTS_ENTITLEMENT,PASSIVE_HOLDER_DOES_NOT_SUBSCRIBE;ENTITLEMENT_VALUED_BY_NSE_TERP_METHOD,False,False,0.625,103.0,105.0,101.75,FRL,INE623B01027,EQ,,False,,,CA_a8061f58213143cd9a86_T1
CANFINHOME,Can Fin Homes Limited,EQ,2.0,Rights 3:10 @ Premium Rs 440/- Per Share,2015-01-23,2015-01-27,,,,,corporate_actions_20150101_20150131.json,NSE corporate actions API,RIGHTS 3:10 @ PREMIUM RS 440/- PER SHARE,False,False,False,False,True,False,False,False,False,False,False,RIGHTS,,3.0,10.0,,,1,False,False,UNCHANGED,,NSE_499FFD70F55B,ACTIVE_DATE_MATCH,True,CA_4b61a8f1ec5212bed358,2015-01-23,RIGHTS,RESOLVED_RIGHTS_ENTITLEMENT,0.0,1.0,58.49999999999999,NOT_APPLICABLE,2015-01-23,THEORETICAL_EX_RIGHTS_VALUE_FROM_CUM_RIGHTS_PREVIOUS_CLOSE,True,False,LOCAL_NSE_CA_API:corporate_actions_20150101_20150131.json,2015-01-23,NSE_499FFD70F55B,RIGHTS,Issue price is event face value plus the premium stated in the official NSE corporate-action record. The passive holder injects no subscription cash. The entitlement is credited at its ex-date theoretical value from terms known by then; no later RE price or immediate-sale proceeds are used.,RIGHTS_ENTITLEMENT,PASSIVE_HOLDER_DOES_NOT_SUBSCRIBE;ENTITLEMENT_VALUED_BY_NSE_TERP_METHOD,False,False,0.3,442.0,695.5,626.6,CANFINHOME,INE477A01012,EQ,,False,,,CA_4b61a8f1ec5212bed358_T1
SBT,State Bank of Travancore,EQ,10.0,Rights 1:5 @ Premium Rs 390/- Per Share,2015-03-03,2015-03-04,,,,,corporate_actions_20150301_20150331.json,NSE corporate actions API,RIGHTS 1:5 @ PREMIUM RS 390/- PER SHARE,False,False,False,False,True,False,False,False,False,False,False,RIGHTS,,1.0,5.0,,,1,False,False,UNCHANGED,,NSE_633BD53DAEC1,ACTIVE_DATE_MATCH,True,CA_a719b1c2c7638a55485a,2015-03-03,RIGHTS,RESOLVED_RIGHTS_ENTITLEMENT,0.0,1.0,27.483333333333334,NOT_APPLICABLE,2015-03-03,THEORETICAL_EX_RIGHTS_VALUE_FROM_CUM_RIGHTS_PREVIOUS_CLOSE,True,False,LOCAL_NSE_CA_API:corporate_actions_20150301_20150331.json,2015-03-03,NSE_633BD53DAEC1,RIGHTS,Issue price is event face value plus the premium stated in the official NSE corporate-action record. The passive holder injects no subscription cash. The entitlement is credited at its ex-date theoretical value from terms known by then; no later RE price or immediate-sale proceeds are used.,RIGHTS_ENTITLEMENT,PASSIVE_HOLDER_DOES_NOT_SUBSCRIBE;ENTITLEMENT_VALUED_BY_NSE_TERP_METHOD,False,False,0.2,400.0,564.9,519.5,SBT,INE654A01024,EQ,,False,,,CA_a719b1c2c7638a55485a_T1
TECHM,Tech Mahindra Limited,EQ,5.0,Bonus 1:1 / Face Value Split - From Rs 10/- Per Share To Rs 5/- Per Share,2015-03-19,2015-03-20,,,,,corporate_actions_20150301_20150331.json,NSE corporate actions API,BONUS 1:1 / FACE VALUE SPLIT - FROM RS 10/- PER SHARE TO RS 5/- PER SHARE,False,True,True,False,False,False,False,False,False,False,False,SPLIT,,1.0,1.0,10.0,5.0,2,True,True,UNCHANGED,,NSE_469BDD916F8C,ACTIVE_DATE_MATCH,True,CA_0a7b530ca380e938ad3a,2015-03-19,SPLIT,RESOLVED_COMBINED,0.0,4.0,0.0,NOT_APPLICABLE,2015-03-19,DIRECT_OFFICIAL_EVENT_TERMS,True,False,LOCAL_NSE_CA_API:corporate_actions_20150301_20150331.json,2015-03-19,NSE_469BDD916F8C,SPLIT,All ordinary cash and resulting-share components are composed on the same ex-date.,COMBINED_ORDINARY_EQUITY_EVENT,,False,False,,,,,,,,,False,,,CA_0a7b530ca380e938ad3a_T1
NTPC,NTPC Limited,EQ,10.0,Scheme Of Arrangement - Bonus Debentures 1:1,2015-03-20,2015-03-23,,,,,corporate_actions_20150301_20150331.json,NSE corporate actions API,SCHEME OF ARRANGEMENT - BONUS DEBENTURES 1:1,False,False,False,False,False,True,False,False,False,False,False,DEBENTURE_ENTITLEMENT,,1.0,1.0,,,1,False,True,RECLASSIFIED,A debenture entitlement is not an ordinary-equity bonus.,NSE_4FB8019524D0,ACTIVE_DATE_MATCH,True,CA_df82d8fc43ad7e21c2a8,2015-03-20,DEBENTURE_ENTITLEMENT,UNRESOLVED_STRUCTURAL_EVENT,,1.0,,NOT_APPLICABLE,,BLOCKED_POINT_IN_TIME_CONTRACTUAL_TERMS_INCOMPLETE,True,True,LOCAL_NSE_CA_API:corporate_actions_20150301_20150331.json;BSE_NTPC_COUPON_ANNOUNCEMENT_2015_03_20;NTPC_BONUS_DEBENTURE_TRANSCRIPT;NTPC_PIB_RELEASE_2015_03_26;NSE_NTPC_LISTING_2015_03_27;FIMMDA_VALUATION_CIRCULAR_2012,2015-03-20,NSE_4FB8019524D0,DEBENTURE_ENTITLEMENT,"The official BSE archive timestamps public disclosure of the 8.49% coupon at 19:47:23 on 2015-03-20, after the equity market close used for the ex-date return. The coupon was therefore not a knowable input to that closing valuation. Contractual cash flows cannot be constructed point in time; no yield or value is selected.",MANDATORY_BONUS_DEBENTURE_ENTITLEMENT,,False,False,,,,,,,,,False,,,CA_df82d8fc43ad7e21c2a8_T1
INFY,Infosys Limited,EQ,5.0,Annual General Meeting/ Dividend - Rs 29.50/- Per Share And Bonus 1:1,2015-06-15,,2015-06-17,2015-06-17,,,corporate_actions_20150601_20150630.json,NSE corporate actions API,ANNUAL GENERAL MEETING/ DIVIDEND - RS 29.50/- PER SHARE AND BONUS 1:1,True,True,False,False,False,False,False,False,True,False,False,BONUS,29.5,1.0,1.0,,,2,True,True,UNCHANGED,,NSE_6A68B38036FB,ACTIVE_DATE_MATCH,True,CA_8d03d64d2fc413d30b7a,2015-06-15,BONUS,RESOLVED_COMBINED,29.5,2.0,0.0,GROSS_DECLARED_CASH_PER_PRE_EVENT_SHARE,2015-06-15,DIRECT_OFFICIAL_EVENT_TERMS,True,False,LOCAL_NSE_CA_API:corporate_actions_20150601_20150630.json,2015-06-15,NSE_6A68B38036FB,BONUS,All ordinary cash and resulting-share components are composed on the same ex-date.,COMBINED_ORDINARY_EQUITY_EVENT,,False,False,,,,,,,,,False,,,CA_8d03d64d2fc413d30b7a_T1
MOTHERSON,Samvardhana Motherson International Limited,EQ,1.0,Annual General Meeting / Dividend - Rs 3/- Per Share / Bonus - 1:2,2015-07-23,,2015-07-25,2015-07-25,,,corporate_actions_20150701_20150731.json,NSE corporate actions API,ANNUAL GENERAL MEETING / DIVIDEND - RS 3/- PER SHARE / BONUS - 1:2,True,True,False,False,False,False,False,False,True,False,False,BONUS,3.0,1.0,2.0,,,2,True,True,UNCHANGED,,NSE_108254EF6AA4,UNIQUE_SYMBOL_HISTORY,True,CA_e1f6a6eaef0a5226d519,2015-07-23,BONUS,RESOLVED_COMBINED,3.0,1.5,0.0,GROSS_DECLARED_CASH_PER_PRE_EVENT_SHARE,2015-07-23,DIRECT_OFFICIAL_EVENT_TERMS,True,False,LOCAL_NSE_CA_API:corporate_actions_20150701_20150731.json,2015-07-23,NSE_108254EF6AA4,BONUS,All ordinary cash and resulting-share components are composed on the same ex-date.,COMBINED_ORDINARY_EQUITY_EVENT,,False,False,,,,,,,,,False,,,CA_e1f6a6eaef0a5226d519_T1
IL&FSTRANS,IL&FS Transportation Networks Limited,EQ,10.0,Rights 1:3 @ Premium Rs.80/- Per Share,2015-10-07,2015-10-08,,,,,corporate_actions_20151001_20151031.json,NSE corporate actions API,RIGHTS 1:3 @ PREMIUM RS.80/- PER SHARE,False,False,False,False,True,False,False,False,False,False,False,RIGHTS,,1.0,3.0,,,1,False,False,UNCHANGED,,NSE_938AB0376CFC,ACTIVE_DATE_MATCH,True,CA_5e0c29fa08e0f9710340,2015-10-07,RIGHTS,RESOLVED_RIGHTS_ENTITLEMENT,0.0,1.0,2.4875000000000007,NOT_APPLICABLE,2015-10-07,THEORETICAL_EX_RIGHTS_VALUE_FROM_CUM_RIGHTS_PREVIOUS_CLOSE,True,False,LOCAL_NSE_CA_API:corporate_actions_20151001_20151031.json,2015-10-07,NSE_938AB0376CFC,RIGHTS,Issue price is event face value plus the premium stated in the official NSE corporate-action record. The passive holder injects no subscription cash. The entitlement is credited at its ex-date theoretical value from terms known by then; no later RE price or immediate-sale proceeds are used.,RIGHTS_ENTITLEMENT,PASSIVE_HOLDER_DOES_NOT_SUBSCRIBE;ENTITLEMENT_VALUED_BY_NSE_TERP_METHOD,False,False,0.3333333333333333,90.0,99.95,96.65,IL&FSTRANS,INE975G01012,EQ,,False,,,CA_5e0c29fa08e0f9710340_T1
JUSTDIAL,Just Dial Limited,EQ,10.0,Buyback Of Shares,2015-12-03,2015-12-04,,,,,corporate_actions_20151201_20151231.json,NSE corporate actions API,BUYBACK OF SHARES,False,False,False,False,False,False,True,False,False,False,False,BUYBACK,,,,,,1,False,False,UNCHANGED,,NSE_855E4F920F23,ACTIVE_DATE_MATCH,True,CA_1feae9ca4c6aa87f52cf,2015-12-03,BUYBACK,RESOLVED_NO_DIRECT_HOLDER_ADJUSTMENT,0.0,1.0,0.0,NOT_APPLICABLE,2015-12-03,PASSIVE_HOLDER_NON_PARTICIPATION_POLICY,False,False,LOCAL_NSE_CA_API:corporate_actions_20151201_20151231.json,2015-12-03,NSE_855E4F920F23,BUYBACK,Optional tender buyback: RESOLVED_NO_DIRECT_HOLDER_ADJUSTMENT only under the explicit passive-holder assumption that the holder does not tender.,OPTIONAL_TENDER_BUYBACK,PASSIVE_HOLDER_DOES_NOT_TENDER,False,True,,,,,,,,,False,,,CA_1feae9ca4c6aa87f52cf_T1
SPARC,Sun Pharma Advanced Research Company Limited,EQ,1.0,Rights 5: 116 At Premium Rs 244/- Per Share,2016-03-16,2016-03-17,,,,,corporate_actions_20160301_20160331.json,NSE corporate actions API,RIGHTS 5: 116 AT PREMIUM RS 244/- PER SHARE,False,False,False,False,True,False,False,False,False,False,False,RIGHTS,,5.0,116.0,,,1,False,False,UNCHANGED,,NSE_2BB23E58EEE2,ACTIVE_DATE_MATCH,True,CA_74d6bb8939426d20fbdd,2016-03-16,RIGHTS,RESOLVED_RIGHTS_ENTITLEMENT,0.0,1.0,1.9793388429752057,NOT_APPLICABLE,2016-03-16,THEORETICAL_EX_RIGHTS_VALUE_FROM_CUM_RIGHTS_PREVIOUS_CLOSE,True,False,LOCAL_NSE_CA_API:corporate_actions_20160301_20160331.json,2016-03-16,NSE_2BB23E58EEE2,RIGHTS,Issue price is event face value plus the premium stated in the official NSE corporate-action record. The passive holder injects no subscription cash. The entitlement is credited at its ex-date theoretical value from terms known by then; no later RE price or immediate-sale proceeds are used.,RIGHTS_ENTITLEMENT,PASSIVE_HOLDER_DOES_NOT_SUBSCRIBE;ENTITLEMENT_VALUED_BY_NSE_TERP_METHOD,False,False,0.04310344827586207,245.0,292.9,290.7,SPARC,INE232I01014,EQ,,False,,,CA_74d6bb8939426d20fbdd_T1
WIPRO,Wipro Limited,EQ,2.0,Buyback Of Shares,2016-05-05,2016-05-06,,,,,corporate_actions_20160501_20160531.json,NSE corporate actions API,BUYBACK OF SHARES,False,False,False,False,False,False,True,False,False,False,False,BUYBACK,,,,,,1,False,False,UNCHANGED,,NSE_060294DF8B9D,ACTIVE_DATE_MATCH,True,CA_3e7f4fe54ba678c0490b,2016-05-05,BUYBACK,RESOLVED_NO_DIRECT_HOLDER_ADJUSTMENT,0.0,1.0,0.0,NOT_APPLICABLE,2016-05-05,PASSIVE_HOLDER_NON_PARTICIPATION_POLICY,False,False,LOCAL_NSE_CA_API:corporate_actions_20160501_20160531.json,2016-05-05,NSE_060294DF8B9D,BUYBACK,Optional tender buyback: RESOLVED_NO_DIRECT_HOLDER_ADJUSTMENT only under the explicit passive-holder assumption that the holder does not tender.,OPTIONAL_TENDER_BUYBACK,PASSIVE_HOLDER_DOES_NOT_TENDER,False,True,,,,,,,,,False,,,CA_3e7f4fe54ba678c0490b_T1
INDUSTOWER,Indus Towers Limited,EQ,10.0,Buy-Back Of Shares,2016-06-15,2016-06-16,,,,,corporate_actions_20160601_20160630.json,NSE corporate actions API,BUY-BACK OF SHARES,False,False,False,False,False,False,True,False,False,False,False,BUYBACK,,,,,,1,False,False,UNCHANGED,,NSE_EC4644B51BC9,UNIQUE_SYMBOL_HISTORY,True,CA_42c71074cc25dfab9519,2016-06-15,BUYBACK,RESOLVED_NO_DIRECT_HOLDER_ADJUSTMENT,0.0,1.0,0.0,NOT_APPLICABLE,2016-06-15,PASSIVE_HOLDER_NON_PARTICIPATION_POLICY,False,False,LOCAL_NSE_CA_API:corporate_actions_20160601_20160630.json,2016-06-15,NSE_EC4644B51BC9,BUYBACK,Optional tender buyback: RESOLVED_NO_DIRECT_HOLDER_ADJUSTMENT only under the explicit passive-holder assumption that the holder does not tender.,OPTIONAL_TENDER_BUYBACK,PASSIVE_HOLDER_DOES_NOT_TENDER,False,True,,,,,,,,,False,,,CA_42c71074cc25dfab9519_T1
SINTEX,Sintex Industries Limited,EQ,1.0,Dividend - Re 0.70/- Per Share/ Right 26:151,2016-08-08,2016-08-09,,,,,corporate_actions_20160801_20160831.json,NSE corporate actions API,DIVIDEND - RE 0.70/- PER SHARE/ RIGHT 26:151,True,False,False,False,True,False,False,False,False,False,False,RIGHTS,0.7,26.0,151.0,,,2,True,True,UNCHANGED,,NSE_7F1FE9599769,ACTIVE_DATE_MATCH,True,CA_1a7d62891f49bdca2944,2016-08-08,RIGHTS,RESOLVED_COMBINED,0.7,1.0,1.1751412429378532,GROSS_DECLARED_CASH_PER_PRE_EVENT_SHARE,2016-08-08,THEORETICAL_EX_RIGHTS_VALUE_FROM_CUM_RIGHTS_PREVIOUS_CLOSE,True,False,LOCAL_NSE_CA_API:corporate_actions_20160801_20160831.json;SINTEX_AR_2016_17,2016-08-08,NSE_7F1FE9599769,RIGHTS,Official report supplies the missing Rs 65 issue price; the same event also pays Rs 0.70 gross cash per old share. The passive holder injects no subscription cash. The entitlement is credited at its ex-date theoretical value from terms known by then; no later RE price or immediate-sale proceeds are used.,ORDINARY_DIVIDEND_PLUS_RIGHTS_ENTITLEMENT,PASSIVE_HOLDER_DOES_NOT_SUBSCRIBE;ENTITLEMENT_VALUED_BY_NSE_TERP_METHOD,False,False,0.17218543046357615,65.0,73.7,74.15,SINTEX,INE429C01035,EQ,,False,,,CA_1a7d62891f49bdca2944_T1
BAJFINANCE,Bajaj Finance Limited,EQ,1.0,Bonus 1:1/Face Value Split (Sub-Division) - From Rs 10/- Per Share To Rs 2/- Per Share,2016-09-08,2016-09-10,,,,,corporate_actions_20160901_20160930.json,NSE corporate actions API,BONUS 1:1/FACE VALUE SPLIT (SUB-DIVISION) - FROM RS 10/- PER SHARE TO RS 2/- PER SHARE,False,True,True,False,False,False,False,False,False,False,False,SPLIT,,1.0,1.0,10.0,2.0,2,True,True,UNCHANGED,,NSE_509E811DE5D8,ACTIVE_DATE_MATCH,True,CA_0698eda52834a7ba7b3e,2016-09-08,SPLIT,RESOLVED_COMBINED,0.0,10.0,0.0,NOT_APPLICABLE,2016-09-08,DIRECT_OFFICIAL_EVENT_TERMS,True,False,LOCAL_NSE_CA_API:corporate_actions_20160901_20160930.json,2016-09-08,NSE_509E811DE5D8,SPLIT,All ordinary cash and resulting-share components are composed on the same ex-date.,COMBINED_ORDINARY_EQUITY_EVENT,,False,False,,,,,,,,,False,,,CA_0698eda52834a7ba7b3e_T1
COALINDIA,Coal India Limited,EQ,10.0,Buyback Of Shares,2016-09-08,2016-09-09,,,,,corporate_actions_20160901_20160930.json,NSE corporate actions API,BUYBACK OF SHARES,False,False,False,False,False,False,True,False,False,False,False,BUYBACK,,,,,,1,False,False,UNCHANGED,,NSE_D532036F191F,ACTIVE_DATE_MATCH,True,CA_ef9ad6bdb4238bb307c3,2016-09-08,BUYBACK,RESOLVED_NO_DIRECT_HOLDER_ADJUSTMENT,0.0,1.0,0.0,NOT_APPLICABLE,2016-09-08,PASSIVE_HOLDER_NON_PARTICIPATION_POLICY,False,False,LOCAL_NSE_CA_API:corporate_actions_20160901_20160930.json,2016-09-08,NSE_D532036F191F,BUYBACK,Optional tender buyback: RESOLVED_NO_DIRECT_HOLDER_ADJUSTMENT only under the explicit passive-holder assumption that the holder does not tender.,OPTIONAL_TENDER_BUYBACK,PASSIVE_HOLDER_DOES_NOT_TENDER,False,True,,,,,,,,,False,,,CA_ef9ad6bdb4238bb307c3_T1
SECURKLOUD,SECUREKLOUD TECHNOLOGIES LIMITED,EQ,5.0,Bonus 1:3/Face Value Split (Sub-Division) - From Rs 10/- Per Share To Rs 5/- Per Share,2016-10-10,2016-10-13,,,,,corporate_actions_20161001_20161031.json,NSE corporate actions API,BONUS 1:3/FACE VALUE SPLIT (SUB-DIVISION) - FROM RS 10/- PER SHARE TO RS 5/- PER SHARE,False,True,True,False,False,False,False,False,False,False,False,SPLIT,,1.0,3.0,10.0,5.0,2,True,True,UNCHANGED,,NSE_4E27A558622E,UNIQUE_SYMBOL_HISTORY,True,CA_ccabaf8940776421471f,2016-10-10,SPLIT,RESOLVED_COMBINED,0.0,2.6666666666666665,0.0,NOT_APPLICABLE,2016-10-10,DIRECT_OFFICIAL_EVENT_TERMS,True,False,LOCAL_NSE_CA_API:corporate_actions_20161001_20161031.json,2016-10-10,NSE_4E27A558622E,SPLIT,All ordinary cash and resulting-share components are composed on the same ex-date.,COMBINED_ORDINARY_EQUITY_EVENT,,False,False,,,,,,,,,False,,,CA_ccabaf8940776421471f_T1
KTKBANK,The Karnataka Bank Limited,EQ,10.0,Rights 1:2 @ Premium Rs 60/- Per Share,2016-10-24,2016-10-25,,,,,corporate_actions_20161001_20161031.json,NSE corporate actions API,RIGHTS 1:2 @ PREMIUM RS 60/- PER SHARE,False,False,False,False,True,False,False,False,False,False,False,RIGHTS,,1.0,2.0,,,1,False,False,UNCHANGED,,NSE_833D2F2B9358,ACTIVE_DATE_MATCH,True,CA_bedba18aee89b2756dbe,2016-10-24,RIGHTS,RESOLVED_RIGHTS_ENTITLEMENT,0.0,1.0,29.26666666666667,NOT_APPLICABLE,2016-10-24,THEORETICAL_EX_RIGHTS_VALUE_FROM_CUM_RIGHTS_PREVIOUS_CLOSE,True,False,LOCAL_NSE_CA_API:corporate_actions_20161001_20161031.json,2016-10-24,NSE_833D2F2B9358,RIGHTS,Issue price is event face value plus the premium stated in the official NSE corporate-action record. The passive holder injects no subscription cash. The entitlement is credited at its ex-date theoretical value from terms known by then; no later RE price or immediate-sale proceeds are used.,RIGHTS_ENTITLEMENT,PASSIVE_HOLDER_DOES_NOT_SUBSCRIBE;ENTITLEMENT_VALUED_BY_NSE_TERP_METHOD,False,False,0.5,70.0,157.8,128.3,KTKBANK,INE614B01018,EQ,,False,,,CA_bedba18aee89b2756dbe_T1
IDFCFIRSTB,IDFC First Bank Limited,H9,5000.0,Interest Payement/Buyback,2016-12-08,2016-12-09,,,,,corporate_actions_20161201_20161231.json,NSE corporate actions API,INTEREST PAYEMENT/BUYBACK,False,False,False,False,False,False,True,False,False,True,False,BUYBACK,,,,,,1,False,False,UNCHANGED,,NSE_D35374D82BA3,UNIQUE_SYMBOL_HISTORY,True,CA_1a7347d96e23e43553d8,2016-12-08,BUYBACK,RESOLVED_NO_DIRECT_HOLDER_ADJUSTMENT,0.0,1.0,0.0,NOT_APPLICABLE,2016-12-08,SECURITY_SERIES_CLASSIFICATION,False,False,LOCAL_NSE_CA_API:corporate_actions_20161201_20161231.json,2016-12-08,NSE_D35374D82BA3,BUYBACK,Series H9 with face value Rs 5000 is not the issuer's ordinary EQ security; it creates no ordinary-equity holder adjustment.,NON_EQUITY_SERIES_SAME_ISSUER_SYMBOL,,False,True,,,,,,,,,False,,,CA_1a7347d96e23e43553d8_T1
IDFCFIRSTB,IDFC First Bank Limited,HA,5000.0,Buyback,2016-12-08,2016-12-09,,,,,corporate_actions_20161201_20161231.json,NSE corporate actions API,BUYBACK,False,False,False,False,False,False,True,False,False,False,False,BUYBACK,,,,,,1,False,False,UNCHANGED,,NSE_D35374D82BA3,UNIQUE_SYMBOL_HISTORY,True,CA_136e4f5714de187ec5b4,2016-12-08,BUYBACK,RESOLVED_NO_DIRECT_HOLDER_ADJUSTMENT,0.0,1.0,0.0,NOT_APPLICABLE,2016-12-08,SECURITY_SERIES_CLASSIFICATION,False,False,LOCAL_NSE_CA_API:corporate_actions_20161201_20161231.json,2016-12-08,NSE_D35374D82BA3,BUYBACK,Series HA with face value Rs 5000 is not the issuer's ordinary EQ security; it creates no ordinary-equity holder adjustment.,NON_EQUITY_SERIES_SAME_ISSUER_SYMBOL,,False,True,,,,,,,,,False,,,CA_136e4f5714de187ec5b4_T1
HEXAWARE,Hexaware Technologies Limited,EQ,2.0,Buyback,2017-01-05,2017-01-06,,,,,corporate_actions_20170101_20170131.json,NSE corporate actions API,BUYBACK,False,False,False,False,False,False,True,False,False,False,False,BUYBACK,,,,,,1,False,False,UNCHANGED,,NSE_5813C47C6758,ACTIVE_DATE_MATCH,True,CA_2d132eb7222f292e9699,2017-01-05,BUYBACK,RESOLVED_NO_DIRECT_HOLDER_ADJUSTMENT,0.0,1.0,0.0,NOT_APPLICABLE,2017-01-05,PASSIVE_HOLDER_NON_PARTICIPATION_POLICY,False,False,LOCAL_NSE_CA_API:corporate_actions_20170101_20170131.json,2017-01-05,NSE_5813C47C6758,BUYBACK,Optional tender buyback: RESOLVED_NO_DIRECT_HOLDER_ADJUSTMENT only under the explicit passive-holder assumption that the holder does not tender.,OPTIONAL_TENDER_BUYBACK,PASSIVE_HOLDER_DOES_NOT_TENDER,False,True,,,,,,,,,False,,,CA_2d132eb7222f292e9699_T1
APARINDS,Apar Industries Limited,EQ,10.0,Buyback,2017-01-19,2017-01-20,,,,,corporate_actions_20170101_20170131.json,NSE corporate actions API,BUYBACK,False,False,False,False,False,False,True,False,False,False,False,BUYBACK,,,,,,1,False,False,UNCHANGED,,NSE_05F316A71726,ACTIVE_DATE_MATCH,True,CA_05904801bd895ea3e459,2017-01-19,BUYBACK,RESOLVED_NO_DIRECT_HOLDER_ADJUSTMENT,0.0,1.0,0.0,NOT_APPLICABLE,2017-01-19,PASSIVE_HOLDER_NON_PARTICIPATION_POLICY,False,False,LOCAL_NSE_CA_API:corporate_actions_20170101_20170131.json,2017-01-19,NSE_05F316A71726,BUYBACK,Optional tender buyback: RESOLVED_NO_DIRECT_HOLDER_ADJUSTMENT only under the explicit passive-holder assumption that the holder does not tender.,OPTIONAL_TENDER_BUYBACK,PASSIVE_HOLDER_DOES_NOT_TENDER,False,True,,,,,,,,,False,,,CA_05904801bd895ea3e459_T1
SOUTHBANK,The South Indian Bank Limited,EQ,1.0,Rights 1:3 @ Premium Rs 13/- Per Share,2017-02-16,2017-02-17,,,,,corporate_actions_20170201_20170228.json,NSE corporate actions API,RIGHTS 1:3 @ PREMIUM RS 13/- PER SHARE,False,False,False,False,True,False,False,False,False,False,False,RIGHTS,,1.0,3.0,,,1,False,False,UNCHANGED,,NSE_A80DD1EFE223,ACTIVE_DATE_MATCH,True,CA_97f5b484a263823acb84,2017-02-16,RIGHTS,RESOLVED_RIGHTS_ENTITLEMENT,0.0,1.0,2.1375,NOT_APPLICABLE,2017-02-16,THEORETICAL_EX_RIGHTS_VALUE_FROM_CUM_RIGHTS_PREVIOUS_CLOSE,True,False,LOCAL_NSE_CA_API:corporate_actions_20170201_20170228.json,2017-02-16,NSE_A80DD1EFE223,RIGHTS,Issue price is event face value plus the premium stated in the official NSE corporate-action record. The passive holder injects no subscription cash. The entitlement is credited at its ex-date theoretical value from terms known by then; no later RE price or immediate-sale proceeds are used.,RIGHTS_ENTITLEMENT,PASSIVE_HOLDER_DOES_NOT_SUBSCRIBE;ENTITLEMENT_VALUED_BY_NSE_TERP_METHOD,False,False,0.3333333333333333,14.0,22.55,19.9,SOUTHBANK,INE683A01023,EQ,,False,,,CA_97f5b484a263823acb84_T1
CANBK,Canara Bank,EQ,2.0,Rights 1:10 @ Prem Rs 197/- Per Share,2017-02-17,2017-02-20,,,,,corporate_actions_20170201_20170228.json,NSE corporate actions API,RIGHTS 1:10 @ PREM RS 197/- PER SHARE,False,False,False,False,True,False,False,False,False,False,False,RIGHTS,,1.0,10.0,,,1,False,False,UNCHANGED,,NSE_A08F17915A97,ACTIVE_DATE_MATCH,True,CA_fc467634d750957e7fdc,2017-02-17,RIGHTS,RESOLVED_RIGHTS_ENTITLEMENT,0.0,1.0,8.822727272727274,NOT_APPLICABLE,2017-02-17,THEORETICAL_EX_RIGHTS_VALUE_FROM_CUM_RIGHTS_PREVIOUS_CLOSE,True,False,LOCAL_NSE_CA_API:corporate_actions_20170201_20170228.json,2017-02-17,NSE_A08F17915A97,RIGHTS,Issue price is event face value plus the premium stated in the official NSE corporate-action record. The passive holder injects no subscription cash. The entitlement is credited at its ex-date theoretical value from terms known by then; no later RE price or immediate-sale proceeds are used.,RIGHTS_ENTITLEMENT,PASSIVE_HOLDER_DOES_NOT_SUBSCRIBE;ENTITLEMENT_VALUED_BY_NSE_TERP_METHOD,False,False,0.1,199.0,296.05,291.9,CANBK,INE476A01014,EQ,,False,,,CA_fc467634d750957e7fdc_T1
NHPC,NHPC Limited,EQ,10.0,Buyback,2017-02-17,2017-02-20,,,,,corporate_actions_20170201_20170228.json,NSE corporate actions API,BUYBACK,False,False,False,False,False,False,True,False,False,False,False,BUYBACK,,,,,,1,False,False,UNCHANGED,,NSE_11AC767B4B31,ACTIVE_DATE_MATCH,True,CA_3de85207f33b6feb14c0,2017-02-17,BUYBACK,RESOLVED_NO_DIRECT_HOLDER_ADJUSTMENT,0.0,1.0,0.0,NOT_APPLICABLE,2017-02-17,PASSIVE_HOLDER_NON_PARTICIPATION_POLICY,False,False,LOCAL_NSE_CA_API:corporate_actions_20170201_20170228.json,2017-02-17,NSE_11AC767B4B31,BUYBACK,Optional tender buyback: RESOLVED_NO_DIRECT_HOLDER_ADJUSTMENT only under the explicit passive-holder assumption that the holder does not tender.,OPTIONAL_TENDER_BUYBACK,PASSIVE_HOLDER_DOES_NOT_TENDER,False,True,,,,,,,,,False,,,CA_3de85207f33b6feb14c0_T1
IDFCFIRSTB,IDFC First Bank Limited,HB,5000.0,Interest Payment/Buyback,2017-03-02,2017-03-03,,,,,corporate_actions_20170301_20170331.json,NSE corporate actions API,INTEREST PAYMENT/BUYBACK,False,False,False,False,False,False,True,False,False,True,False,BUYBACK,,,,,,1,False,False,UNCHANGED,,NSE_D35374D82BA3,UNIQUE_SYMBOL_HISTORY,True,CA_f6f41be77f84094a7263,2017-03-02,BUYBACK,RESOLVED_NO_DIRECT_HOLDER_ADJUSTMENT,0.0,1.0,0.0,NOT_APPLICABLE,2017-03-02,SECURITY_SERIES_CLASSIFICATION,False,False,LOCAL_NSE_CA_API:corporate_actions_20170301_20170331.json,2017-03-02,NSE_D35374D82BA3,BUYBACK,Series HB with face value Rs 5000 is not the issuer's ordinary EQ security; it creates no ordinary-equity holder adjustment.,NON_EQUITY_SERIES_SAME_ISSUER_SYMBOL,,False,True,,,,,,,,,False,,,CA_f6f41be77f84094a7263_T1
MAHLIFE,Mahindra Lifespace Developers Limited,EQ,10.0,Rights 1:4 @ Premium Rs 282/-,2017-03-30,2017-03-31,,,,,corporate_actions_20170301_20170331.json,NSE corporate actions API,RIGHTS 1:4 @ PREMIUM RS 282/-,False,False,False,False,True,False,False,False,False,False,False,RIGHTS,,1.0,4.0,,,1,False,False,UNCHANGED,,NSE_57304F91501D,ACTIVE_DATE_MATCH,True,CA_23c02d1f5fcde19423d4,2017-03-30,RIGHTS,RESOLVED_RIGHTS_ENTITLEMENT,0.0,1.0,28.720000000000006,NOT_APPLICABLE,2017-03-30,THEORETICAL_EX_RIGHTS_VALUE_FROM_CUM_RIGHTS_PREVIOUS_CLOSE,True,False,LOCAL_NSE_CA_API:corporate_actions_20170301_20170331.json,2017-03-30,NSE_57304F91501D,RIGHTS,Issue price is event face value plus the premium stated in the official NSE corporate-action record. The passive holder injects no subscription cash. The entitlement is credited at its ex-date theoretical value from terms known by then; no later RE price or immediate-sale proceeds are used.,RIGHTS_ENTITLEMENT,PASSIVE_HOLDER_DOES_NOT_SUBSCRIBE;ENTITLEMENT_VALUED_BY_NSE_TERP_METHOD,False,False,0.25,292.0,435.6,393.6,MAHLIFE,INE813A01018,EQ,,False,,,CA_23c02d1f5fcde19423d4_T1
MPHASIS,MphasiS Limited,EQ,10.0,Buyback,2017-03-30,2017-03-31,,,,,corporate_actions_20170301_20170331.json,NSE corporate actions API,BUYBACK,False,False,False,False,False,False,True,False,False,False,False,BUYBACK,,,,,,1,False,False,UNCHANGED,,NSE_D3E18AD37B1B,ACTIVE_DATE_MATCH,True,CA_09048d09f5d0406b653a,2017-03-30,BUYBACK,RESOLVED_NO_DIRECT_HOLDER_ADJUSTMENT,0.0,1.0,0.0,NOT_APPLICABLE,2017-03-30,PASSIVE_HOLDER_NON_PARTICIPATION_POLICY,False,False,LOCAL_NSE_CA_API:corporate_actions_20170301_20170331.json,2017-03-30,NSE_D3E18AD37B1B,BUYBACK,Optional tender buyback: RESOLVED_NO_DIRECT_HOLDER_ADJUSTMENT only under the explicit passive-holder assumption that the holder does not tender.,OPTIONAL_TENDER_BUYBACK,PASSIVE_HOLDER_DOES_NOT_TENDER,False,True,,,,,,,,,False,,,CA_09048d09f5d0406b653a_T1
OIL,Oil India Limited,EQ,10.0,Buyback,2017-04-03,2017-04-05,,,,,corporate_actions_20170401_20170430.json,NSE corporate actions API,BUYBACK,False,False,False,False,False,False,True,False,False,False,False,BUYBACK,,,,,,1,False,False,UNCHANGED,,NSE_EA1AF0D86D36,ACTIVE_DATE_MATCH,True,CA_08756bb24480cec345fc,2017-04-03,BUYBACK,RESOLVED_NO_DIRECT_HOLDER_ADJUSTMENT,0.0,1.0,0.0,NOT_APPLICABLE,2017-04-03,PASSIVE_HOLDER_NON_PARTICIPATION_POLICY,False,False,LOCAL_NSE_CA_API:corporate_actions_20170401_20170430.json,2017-04-03,NSE_EA1AF0D86D36,BUYBACK,Optional tender buyback: RESOLVED_NO_DIRECT_HOLDER_ADJUSTMENT only under the explicit passive-holder assumption that the holder does not tender.,OPTIONAL_TENDER_BUYBACK,PASSIVE_HOLDER_DOES_NOT_TENDER,False,True,,,,,,,,,False,,,CA_08756bb24480cec345fc_T1
TCS,Tata Consultancy Services Limited,EQ,1.0,Buyback,2017-05-05,2017-05-08,,,,,corporate_actions_20170501_20170531.json,NSE corporate actions API,BUYBACK,False,False,False,False,False,False,True,False,False,False,False,BUYBACK,,,,,,1,False,False,UNCHANGED,,NSE_DBD0EB2724E0,ACTIVE_DATE_MATCH,True,CA_065cae3c196cf15d58cb,2017-05-05,BUYBACK,RESOLVED_NO_DIRECT_HOLDER_ADJUSTMENT,0.0,1.0,0.0,NOT_APPLICABLE,2017-05-05,PASSIVE_HOLDER_NON_PARTICIPATION_POLICY,False,False,LOCAL_NSE_CA_API:corporate_actions_20170501_20170531.json,2017-05-05,NSE_DBD0EB2724E0,BUYBACK,Optional tender buyback: RESOLVED_NO_DIRECT_HOLDER_ADJUSTMENT only under the explicit passive-holder assumption that the holder does not tender.,OPTIONAL_TENDER_BUYBACK,PASSIVE_HOLDER_DOES_NOT_TENDER,False,True,,,,,,,,,False,,,CA_065cae3c196cf15d58cb_T1
HCLTECH,HCL Technologies Limited,EQ,2.0,Buyback/Interim Dividend Rs 6/- Per Share (Purpose Revised),2017-05-24,2017-05-25,,,,,corporate_actions_20170501_20170531.json,NSE corporate actions API,BUYBACK/INTERIM DIVIDEND RS 6/- PER SHARE (PURPOSE REVISED),True,False,False,False,False,False,True,False,False,False,False,DIVIDEND,6.0,,,,,2,True,True,UNCHANGED,,NSE_E50226C18398,ACTIVE_DATE_MATCH,True,CA_aea0097a3b019d71a9e7,2017-05-24,DIVIDEND,RESOLVED_COMBINED,6.0,1.0,0.0,GROSS_DECLARED_CASH_PER_PRE_EVENT_SHARE,2017-05-24,DIRECT_OFFICIAL_EVENT_TERMS,True,False,LOCAL_NSE_CA_API:corporate_actions_20170501_20170531.json,2017-05-24,NSE_E50226C18398,DIVIDEND,Gross declared cash per ordinary share from the official NSE event record. The optional tender buyback creates no direct holder adjustment under the recorded passive-holder non-participation assumption.,ORDINARY_DIVIDEND_PLUS_OPTIONAL_TENDER_BUYBACK,PASSIVE_HOLDER_DOES_NOT_TENDER,False,True,,,,,,,,,False,,,CA_aea0097a3b019d71a9e7_T1
JBCHEPHARM,JB Chemicals & Pharmaceuticals Limited,EQ,1.0,Buyback,2017-06-01,2017-06-02,,,,,corporate_actions_20170601_20170630.json,NSE corporate actions API,BUYBACK,False,False,False,False,False,False,True,False,False,False,False,BUYBACK,,,,,,1,False,False,UNCHANGED,,NSE_3FEBC275AA7F,ACTIVE_DATE_MATCH,True,CA_4e17d1aa7a488f25a0eb,2017-06-01,BUYBACK,RESOLVED_NO_DIRECT_HOLDER_ADJUSTMENT,0.0,1.0,0.0,NOT_APPLICABLE,2017-06-01,PASSIVE_HOLDER_NON_PARTICIPATION_POLICY,False,False,LOCAL_NSE_CA_API:corporate_actions_20170601_20170630.json,2017-06-01,NSE_3FEBC275AA7F,BUYBACK,Optional tender buyback: RESOLVED_NO_DIRECT_HOLDER_ADJUSTMENT only under the explicit passive-holder assumption that the holder does not tender.,OPTIONAL_TENDER_BUYBACK,PASSIVE_HOLDER_DOES_NOT_TENDER,False,True,,,,,,,,,False,,,CA_4e17d1aa7a488f25a0eb_T1
KSCL,Kaveri Seed Company Limited,EQ,2.0,Buyback,2017-06-15,2017-06-16,,,,,corporate_actions_20170601_20170630.json,NSE corporate actions API,BUYBACK,False,False,False,False,False,False,True,False,False,False,False,BUYBACK,,,,,,1,False,False,UNCHANGED,,NSE_8B27DC002544,ACTIVE_DATE_MATCH,True,CA_4cfdde3fbc58d6ac382b,2017-06-15,BUYBACK,RESOLVED_NO_DIRECT_HOLDER_ADJUSTMENT,0.0,1.0,0.0,NOT_APPLICABLE,2017-06-15,PASSIVE_HOLDER_NON_PARTICIPATION_POLICY,False,False,LOCAL_NSE_CA_API:corporate_actions_20170601_20170630.json,2017-06-15,NSE_8B27DC002544,BUYBACK,Optional tender buyback: RESOLVED_NO_DIRECT_HOLDER_ADJUSTMENT only under the explicit passive-holder assumption that the holder does not tender.,OPTIONAL_TENDER_BUYBACK,PASSIVE_HOLDER_DOES_NOT_TENDER,False,True,,,,,,,,,False,,,CA_4cfdde3fbc58d6ac382b_T1
TTKPRESTIG,TTK Prestige Limited,EQ,1.0,Buyback,2017-06-15,2017-06-16,,,,,corporate_actions_20170601_20170630.json,NSE corporate actions API,BUYBACK,False,False,False,False,False,False,True,False,False,False,False,BUYBACK,,,,,,1,False,False,UNCHANGED,,NSE_9BCCFC53AEB0,ACTIVE_DATE_MATCH,True,CA_70dc50c485f8d96584a7,2017-06-15,BUYBACK,RESOLVED_NO_DIRECT_HOLDER_ADJUSTMENT,0.0,1.0,0.0,NOT_APPLICABLE,2017-06-15,PASSIVE_HOLDER_NON_PARTICIPATION_POLICY,False,False,LOCAL_NSE_CA_API:corporate_actions_20170601_20170630.json,2017-06-15,NSE_9BCCFC53AEB0,BUYBACK,Optional tender buyback: RESOLVED_NO_DIRECT_HOLDER_ADJUSTMENT only under the explicit passive-holder assumption that the holder does not tender.,OPTIONAL_TENDER_BUYBACK,PASSIVE_HOLDER_DOES_NOT_TENDER,False,True,,,,,,,,,False,,,CA_70dc50c485f8d96584a7_T1
ICICIBANK,ICICI Bank Limited,EQ,2.0,Annual General Meeting/Dividend - Rs 2.50 Per Share/Bonus 1:10 (Revised),2017-06-20,,2017-06-22,2017-06-24,,,corporate_actions_20170601_20170630.json,NSE corporate actions API,ANNUAL GENERAL MEETING/DIVIDEND - RS 2.50 PER SHARE/BONUS 1:10 (REVISED),True,True,False,False,False,False,False,False,True,False,False,BONUS,2.5,1.0,10.0,,,2,True,True,UNCHANGED,,NSE_63BFA94D0485,ACTIVE_DATE_MATCH,True,CA_47a3715cbdf957d513c6,2017-06-20,BONUS,RESOLVED_COMBINED,2.5,1.1,0.0,GROSS_DECLARED_CASH_PER_PRE_EVENT_SHARE,2017-06-20,DIRECT_OFFICIAL_EVENT_TERMS,True,False,LOCAL_NSE_CA_API:corporate_actions_20170601_20170630.json,2017-06-20,NSE_63BFA94D0485,BONUS,All ordinary cash and resulting-share components are composed on the same ex-date.,COMBINED_ORDINARY_EQUITY_EVENT,,False,False,,,,,,,,,False,,,CA_47a3715cbdf957d513c6_T1
ENGINERSIN,Engineers India Limited,EQ,5.0,Buyback,2017-06-28,2017-06-29,,,,,corporate_actions_20170601_20170630.json,NSE corporate actions API,BUYBACK,False,False,False,False,False,False,True,False,False,False,False,BUYBACK,,,,,,1,False,False,UNCHANGED,,NSE_7468CCFC85B1,ACTIVE_DATE_MATCH,True,CA_e3817c0b23d8de69a7fd,2017-06-28,BUYBACK,RESOLVED_NO_DIRECT_HOLDER_ADJUSTMENT,0.0,1.0,0.0,NOT_APPLICABLE,2017-06-28,PASSIVE_HOLDER_NON_PARTICIPATION_POLICY,False,False,LOCAL_NSE_CA_API:corporate_actions_20170601_20170630.json,2017-06-28,NSE_7468CCFC85B1,BUYBACK,Optional tender buyback: RESOLVED_NO_DIRECT_HOLDER_ADJUSTMENT only under the explicit passive-holder assumption that the holder does not tender.,OPTIONAL_TENDER_BUYBACK,PASSIVE_HOLDER_DOES_NOT_TENDER,False,True,,,,,,,,,False,,,CA_e3817c0b23d8de69a7fd_T1
JSWENERGY,JSW Energy Limited,EQ,10.0,Annual General Meeting/ Dividend - Re 0.0 Per Share,2017-06-30,,2017-07-04,2017-07-13,,,corporate_actions_20170601_20170630.json,NSE corporate actions API,ANNUAL GENERAL MEETING/ DIVIDEND - RE 0.0 PER SHARE,True,False,False,False,False,False,False,False,True,False,False,DIVIDEND,,,,,,1,False,True,UNCHANGED,,NSE_BF592878D9DA,ACTIVE_DATE_MATCH,True,CA_93ad724c03256d39fc3c,2017-06-30,DIVIDEND,RESOLVED_DIVIDEND,0.5,1.0,0.0,GROSS_DECLARED_CASH_PER_PRE_EVENT_SHARE,2017-06-30,DIRECT_OFFICIAL_EVENT_TERMS,True,False,MSEI_JSWENERGY_CA,2017-06-30,NSE_BF592878D9DA,DIVIDEND,MSEI exchange record corrects the truncated NSE purpose to Re 0.50 per share.,ORDINARY_CASH_DIVIDEND,,False,False,,,,,,,,,False,,,CA_93ad724c03256d39fc3c_T1
MINDTREE,MindTree Limited,EQ,10.0,Buyback,2017-07-10,2017-07-11,,,,,corporate_actions_20170701_20170731.json,NSE corporate actions API,BUYBACK,False,False,False,False,False,False,True,False,False,False,False,BUYBACK,,,,,,1,False,False,UNCHANGED,,NSE_FF6FC74E85C1,ACTIVE_DATE_MATCH,True,CA_3e2800587e5790da2f6a,2017-07-10,BUYBACK,RESOLVED_NO_DIRECT_HOLDER_ADJUSTMENT,0.0,1.0,0.0,NOT_APPLICABLE,2017-07-10,PASSIVE_HOLDER_NON_PARTICIPATION_POLICY,False,False,LOCAL_NSE_CA_API:corporate_actions_20170701_20170731.json,2017-07-10,NSE_FF6FC74E85C1,BUYBACK,Optional tender buyback: RESOLVED_NO_DIRECT_HOLDER_ADJUSTMENT only under the explicit passive-holder assumption that the holder does not tender.,OPTIONAL_TENDER_BUYBACK,PASSIVE_HOLDER_DOES_NOT_TENDER,False,True,,,,,,,,,False,,,CA_3e2800587e5790da2f6a_T1
HINDPETRO,Hindustan Petroleum Corporation Limited,EQ,10.0,Bonus 1:2/ Dividend - Rs 1.10 Per Share,2017-07-11,2017-07-12,,,,,corporate_actions_20170701_20170731.json,NSE corporate actions API,BONUS 1:2/ DIVIDEND - RS 1.10 PER SHARE,True,True,False,False,False,False,False,False,False,False,False,BONUS,1.1,1.0,2.0,,,2,True,True,UNCHANGED,,NSE_B0B59A3FBF07,ACTIVE_DATE_MATCH,True,CA_58cb1d64c19b90deabfd,2017-07-11,BONUS,RESOLVED_COMBINED,1.1,1.5,0.0,GROSS_DECLARED_CASH_PER_PRE_EVENT_SHARE,2017-07-11,DIRECT_OFFICIAL_EVENT_TERMS,True,False,LOCAL_NSE_CA_API:corporate_actions_20170701_20170731.json,2017-07-11,NSE_B0B59A3FBF07,BONUS,All ordinary cash and resulting-share components are composed on the same ex-date.,COMBINED_ORDINARY_EQUITY_EVENT,,False,False,,,,,,,,,False,,,CA_58cb1d64c19b90deabfd_T1
INTELLECT,Intellect Design Arena Limited,EQ,5.0,Rights 5:22 @ Premium Rs 81/-,2017-07-17,2017-07-18,,,,,corporate_actions_20170701_20170731.json,NSE corporate actions API,RIGHTS 5:22 @ PREMIUM RS 81/-,False,False,False,False,True,False,False,False,False,False,False,RIGHTS,,5.0,22.0,,,1,False,False,UNCHANGED,,NSE_B3968699E9E2,ACTIVE_DATE_MATCH,True,CA_c1a40635a0d5857cb354,2017-07-17,RIGHTS,RESOLVED_RIGHTS_ENTITLEMENT,0.0,1.0,8.259259259259258,NOT_APPLICABLE,2017-07-17,THEORETICAL_EX_RIGHTS_VALUE_FROM_CUM_RIGHTS_PREVIOUS_CLOSE,True,False,LOCAL_NSE_CA_API:corporate_actions_20170701_20170731.json,2017-07-17,NSE_B3968699E9E2,RIGHTS,Issue price is event face value plus the premium stated in the official NSE corporate-action record. The passive holder injects no subscription cash. The entitlement is credited at its ex-date theoretical value from terms known by then; no later RE price or immediate-sale proceeds are used.,RIGHTS_ENTITLEMENT,PASSIVE_HOLDER_DOES_NOT_SUBSCRIBE;ENTITLEMENT_VALUED_BY_NSE_TERP_METHOD,False,False,0.22727272727272727,86.0,130.6,118.2,INTELLECT,INE306R01017,EQ,,False,,,CA_c1a40635a0d5857cb354_T1
SRF,SRF Limited,EQ,10.0,Interim Dividend,2017-08-16,2017-08-18,,,,,corporate_actions_20170801_20170831.json,NSE corporate actions API,INTERIM DIVIDEND,True,False,False,False,False,False,False,False,False,False,False,DIVIDEND,,,,,,1,False,True,UNCHANGED,,NSE_984031314A32,ACTIVE_DATE_MATCH,True,CA_e2dc4c3b5fdbd45f8d66,2017-08-16,DIVIDEND,RESOLVED_DIVIDEND,6.0,1.0,0.0,GROSS_DECLARED_CASH_PER_PRE_EVENT_SHARE,2017-08-16,DIRECT_OFFICIAL_EVENT_TERMS,True,False,MSEI_SRF_CA,2017-08-16,NSE_984031314A32,DIVIDEND,MSEI exchange record states an interim dividend of Rs 6 per share.,ORDINARY_CASH_DIVIDEND,,False,False,,,,,,,,,False,,,CA_e2dc4c3b5fdbd45f8d66_T1
SOBHA,Sobha Limited,EQ,10.0,Buyback,2017-08-24,2017-08-28,,,,,corporate_actions_20170801_20170831.json,NSE corporate actions API,BUYBACK,False,False,False,False,False,False,True,False,False,False,False,BUYBACK,,,,,,1,False,False,UNCHANGED,,NSE_EB6FFADD9772,ACTIVE_DATE_MATCH,True,CA_9b71ee8adb097577e454,2017-08-24,BUYBACK,RESOLVED_NO_DIRECT_HOLDER_ADJUSTMENT,0.0,1.0,0.0,NOT_APPLICABLE,2017-08-24,PASSIVE_HOLDER_NON_PARTICIPATION_POLICY,False,False,LOCAL_NSE_CA_API:corporate_actions_20170801_20170831.json,2017-08-24,NSE_EB6FFADD9772,BUYBACK,Optional tender buyback: RESOLVED_NO_DIRECT_HOLDER_ADJUSTMENT only under the explicit passive-holder assumption that the holder does not tender.,OPTIONAL_TENDER_BUYBACK,PASSIVE_HOLDER_DOES_NOT_TENDER,False,True,,,,,,,,,False,,,CA_9b71ee8adb097577e454_T1
VINATIORGA,Vinati Organics Limited,EQ,1.0,Buyback,2017-08-31,2017-09-01,,,,,corporate_actions_20170801_20170831.json,NSE corporate actions API,BUYBACK,False,False,False,False,False,False,True,False,False,False,False,BUYBACK,,,,,,1,False,False,UNCHANGED,,NSE_FD70F2989DA1,ACTIVE_DATE_MATCH,True,CA_a626ca1a89e6ca22ee11,2017-08-31,BUYBACK,RESOLVED_NO_DIRECT_HOLDER_ADJUSTMENT,0.0,1.0,0.0,NOT_APPLICABLE,2017-08-31,PASSIVE_HOLDER_NON_PARTICIPATION_POLICY,False,False,LOCAL_NSE_CA_API:corporate_actions_20170801_20170831.json,2017-08-31,NSE_FD70F2989DA1,BUYBACK,Optional tender buyback: RESOLVED_NO_DIRECT_HOLDER_ADJUSTMENT only under the explicit passive-holder assumption that the holder does not tender.,OPTIONAL_TENDER_BUYBACK,PASSIVE_HOLDER_DOES_NOT_TENDER,False,True,,,,,,,,,False,,,CA_a626ca1a89e6ca22ee11_T1
WIPRO,Wipro Limited,EQ,2.0,Buyback,2017-09-14,2017-09-15,,,,,corporate_actions_20170901_20170930.json,NSE corporate actions API,BUYBACK,False,False,False,False,False,False,True,False,False,False,False,BUYBACK,,,,,,1,False,False,UNCHANGED,,NSE_060294DF8B9D,ACTIVE_DATE_MATCH,True,CA_94636540c836abc54297,2017-09-14,BUYBACK,RESOLVED_NO_DIRECT_HOLDER_ADJUSTMENT,0.0,1.0,0.0,NOT_APPLICABLE,2017-09-14,PASSIVE_HOLDER_NON_PARTICIPATION_POLICY,False,False,LOCAL_NSE_CA_API:corporate_actions_20170901_20170930.json,2017-09-14,NSE_060294DF8B9D,BUYBACK,Optional tender buyback: RESOLVED_NO_DIRECT_HOLDER_ADJUSTMENT only under the explicit passive-holder assumption that the holder does not tender.,OPTIONAL_TENDER_BUYBACK,PASSIVE_HOLDER_DOES_NOT_TENDER,False,True,,,,,,,,,False,,,CA_94636540c836abc54297_T1
INDHOTEL,The Indian Hotels Company Limited,EQ,1.0,Rights 1:5 @ Premium Rs 74/-,2017-10-04,2017-10-05,,,,,corporate_actions_20171001_20171031.json,NSE corporate actions API,RIGHTS 1:5 @ PREMIUM RS 74/-,False,False,False,False,True,False,False,False,False,False,False,RIGHTS,,1.0,5.0,,,1,False,False,UNCHANGED,,NSE_981D18E0A068,ACTIVE_DATE_MATCH,True,CA_220c8126e2e32e892d8e,2017-10-04,RIGHTS,RESOLVED_RIGHTS_ENTITLEMENT,0.0,1.0,7.816666666666668,NOT_APPLICABLE,2017-10-04,THEORETICAL_EX_RIGHTS_VALUE_FROM_CUM_RIGHTS_PREVIOUS_CLOSE,True,False,LOCAL_NSE_CA_API:corporate_actions_20171001_20171031.json,2017-10-04,NSE_981D18E0A068,RIGHTS,Issue price is event face value plus the premium stated in the official NSE corporate-action record. The passive holder injects no subscription cash. The entitlement is credited at its ex-date theoretical value from terms known by then; no later RE price or immediate-sale proceeds are used.,RIGHTS_ENTITLEMENT,PASSIVE_HOLDER_DOES_NOT_SUBSCRIBE;ENTITLEMENT_VALUED_BY_NSE_TERP_METHOD,False,False,0.2,75.0,121.9,110.4,INDHOTEL,INE053A01029,EQ,,False,,,CA_220c8126e2e32e892d8e_T1
KARURVYSYA,Karur Vysya Bank Limited,EQ,2.0,Rights 1:6 @ Premium Rs 74/-,2017-10-12,2017-10-13,,,,,corporate_actions_20171001_20171031.json,NSE corporate actions API,RIGHTS 1:6 @ PREMIUM RS 74/-,False,False,False,False,True,False,False,False,False,False,False,RIGHTS,,1.0,6.0,,,1,False,False,UNCHANGED,,NSE_2F2EB4A88F22,ACTIVE_DATE_MATCH,True,CA_d1030c88697220761cd6,2017-10-12,RIGHTS,RESOLVED_RIGHTS_ENTITLEMENT,0.0,1.0,9.957142857142856,NOT_APPLICABLE,2017-10-12,THEORETICAL_EX_RIGHTS_VALUE_FROM_CUM_RIGHTS_PREVIOUS_CLOSE,True,False,LOCAL_NSE_CA_API:corporate_actions_20171001_20171031.json,2017-10-12,NSE_2F2EB4A88F22,RIGHTS,Issue price is event face value plus the premium stated in the official NSE corporate-action record. The passive holder injects no subscription cash. The entitlement is credited at its ex-date theoretical value from terms known by then; no later RE price or immediate-sale proceeds are used.,RIGHTS_ENTITLEMENT,PASSIVE_HOLDER_DOES_NOT_SUBSCRIBE;ENTITLEMENT_VALUED_BY_NSE_TERP_METHOD,False,False,0.16666666666666666,76.0,145.7,131.35,KARURVYSYA,INE036D01028,EQ,,False,,,CA_d1030c88697220761cd6_T1
HCL-INSYS,HCL Infosystems Limited,EQ,2.0,Rights 10:21 @ Premium Rs 45/-,2017-10-31,2017-11-01,,,,,corporate_actions_20171001_20171031.json,NSE corporate actions API,RIGHTS 10:21 @ PREMIUM RS 45/-,False,False,False,False,True,False,False,False,False,False,False,RIGHTS,,10.0,21.0,,,1,False,False,UNCHANGED,,NSE_AB585951AF9C,ACTIVE_DATE_MATCH,True,CA_eb27f5678e6bad320e26,2017-10-31,RIGHTS,RESOLVED_RIGHTS_ENTITLEMENT,0.0,1.0,0.3548387096774198,NOT_APPLICABLE,2017-10-31,THEORETICAL_EX_RIGHTS_VALUE_FROM_CUM_RIGHTS_PREVIOUS_CLOSE,True,False,LOCAL_NSE_CA_API:corporate_actions_20171001_20171031.json,2017-10-31,NSE_AB585951AF9C,RIGHTS,Issue price is event face value plus the premium stated in the official NSE corporate-action record. The passive holder injects no subscription cash. The entitlement is credited at its ex-date theoretical value from terms known by then; no later RE price or immediate-sale proceeds are used.,RIGHTS_ENTITLEMENT,PASSIVE_HOLDER_DOES_NOT_SUBSCRIBE;ENTITLEMENT_VALUED_BY_NSE_TERP_METHOD,False,False,0.47619047619047616,47.0,48.1,47.8,HCL-INSYS,INE236A01020,EQ,,False,,,CA_eb27f5678e6bad320e26_T1
INFY,Infosys Limited,EQ,5.0,Buyback,2017-10-31,2017-11-01,,,,,corporate_actions_20171001_20171031.json,NSE corporate actions API,BUYBACK,False,False,False,False,False,False,True,False,False,False,False,BUYBACK,,,,,,1,False,False,UNCHANGED,,NSE_6A68B38036FB,ACTIVE_DATE_MATCH,True,CA_0df21e1f19f378dcee87,2017-10-31,BUYBACK,RESOLVED_NO_DIRECT_HOLDER_ADJUSTMENT,0.0,1.0,0.0,NOT_APPLICABLE,2017-10-31,PASSIVE_HOLDER_NON_PARTICIPATION_POLICY,False,False,LOCAL_NSE_CA_API:corporate_actions_20171001_20171031.json,2017-10-31,NSE_6A68B38036FB,BUYBACK,Optional tender buyback: RESOLVED_NO_DIRECT_HOLDER_ADJUSTMENT only under the explicit passive-holder assumption that the holder does not tender.,OPTIONAL_TENDER_BUYBACK,PASSIVE_HOLDER_DOES_NOT_TENDER,False,True,,,,,,,,,False,,,CA_0df21e1f19f378dcee87_T1
LAKSHVILAS,Lakshmi Vilas Bank Limited,EQ,10.0,Rights 1:3 @ Premium Rs 112/-,2017-12-05,2017-12-06,,,,,corporate_actions_20171201_20171231.json,NSE corporate actions API,RIGHTS 1:3 @ PREMIUM RS 112/-,False,False,False,False,True,False,False,False,False,False,False,RIGHTS,,1.0,3.0,,,1,False,False,UNCHANGED,,NSE_0E88CB8DDD57,ACTIVE_DATE_MATCH,True,CA_9c729f4f337d6be3a460,2017-12-05,RIGHTS,RESOLVED_RIGHTS_ENTITLEMENT,0.0,1.0,12.3125,NOT_APPLICABLE,2017-12-05,THEORETICAL_EX_RIGHTS_VALUE_FROM_CUM_RIGHTS_PREVIOUS_CLOSE,True,False,LOCAL_NSE_CA_API:corporate_actions_20171201_20171231.json,2017-12-05,NSE_0E88CB8DDD57,RIGHTS,Issue price is event face value plus the premium stated in the official NSE corporate-action record. The passive holder injects no subscription cash. The entitlement is credited at its ex-date theoretical value from terms known by then; no later RE price or immediate-sale proceeds are used.,RIGHTS_ENTITLEMENT,PASSIVE_HOLDER_DOES_NOT_SUBSCRIBE;ENTITLEMENT_VALUED_BY_NSE_TERP_METHOD,False,False,0.3333333333333333,122.0,171.25,154.05,LAKSHVILAS,INE694C01018,EQ,,False,,,CA_9c729f4f337d6be3a460_T1
AARTIIND,Aarti Industries Limited,EQ,5.0,Buyback,2018-01-04,2018-01-05,,,,,corporate_actions_20180101_20180131.json,NSE corporate actions API,BUYBACK,False,False,False,False,False,False,True,False,False,False,False,BUYBACK,,,,,,1,False,False,UNCHANGED,,NSE_81E1BA306A07,ACTIVE_DATE_MATCH,True,CA_c784767c0e43e0c177e9,2018-01-04,BUYBACK,RESOLVED_NO_DIRECT_HOLDER_ADJUSTMENT,0.0,1.0,0.0,NOT_APPLICABLE,2018-01-04,PASSIVE_HOLDER_NON_PARTICIPATION_POLICY,False,False,LOCAL_NSE_CA_API:corporate_actions_20180101_20180131.json,2018-01-04,NSE_81E1BA306A07,BUYBACK,Optional tender buyback: RESOLVED_NO_DIRECT_HOLDER_ADJUSTMENT only under the explicit passive-holder assumption that the holder does not tender.,OPTIONAL_TENDER_BUYBACK,PASSIVE_HOLDER_DOES_NOT_TENDER,False,True,,,,,,,,,False,,,CA_c784767c0e43e0c177e9_T1
SJVN,SJVN Limited,EQ,10.0,Buyback,2018-01-17,2018-01-18,,,,,corporate_actions_20180101_20180131.json,NSE corporate actions API,BUYBACK,False,False,False,False,False,False,True,False,False,False,False,BUYBACK,,,,,,1,False,False,UNCHANGED,,NSE_7127DE38999E,ACTIVE_DATE_MATCH,True,CA_72012ceba526cfda2022,2018-01-17,BUYBACK,RESOLVED_NO_DIRECT_HOLDER_ADJUSTMENT,0.0,1.0,0.0,NOT_APPLICABLE,2018-01-17,PASSIVE_HOLDER_NON_PARTICIPATION_POLICY,False,False,LOCAL_NSE_CA_API:corporate_actions_20180101_20180131.json,2018-01-17,NSE_7127DE38999E,BUYBACK,Optional tender buyback: RESOLVED_NO_DIRECT_HOLDER_ADJUSTMENT only under the explicit passive-holder assumption that the holder does not tender.,OPTIONAL_TENDER_BUYBACK,PASSIVE_HOLDER_DOES_NOT_TENDER,False,True,,,,,,,,,False,,,CA_72012ceba526cfda2022_T1
PEL,Piramal Enterprises Limited,EQ,2.0,Rights 1:23 @ Premium Rs 2378/-,2018-01-31,2018-02-01,,,,,corporate_actions_20180101_20180131.json,NSE corporate actions API,RIGHTS 1:23 @ PREMIUM RS 2378/-,False,False,False,False,True,False,False,False,False,False,False,RIGHTS,,1.0,23.0,,,1,False,False,UNCHANGED,,NSE_A4B76A210E61,ACTIVE_DATE_MATCH,True,CA_65c523bcbbf1b94e193e,2018-01-31,RIGHTS,RESOLVED_RIGHTS_ENTITLEMENT,0.0,1.0,16.122916666666658,NOT_APPLICABLE,2018-01-31,THEORETICAL_EX_RIGHTS_VALUE_FROM_CUM_RIGHTS_PREVIOUS_CLOSE,True,False,LOCAL_NSE_CA_API:corporate_actions_20180101_20180131.json,2018-01-31,NSE_A4B76A210E61,RIGHTS,Issue price is event face value plus the premium stated in the official NSE corporate-action record. The passive holder injects no subscription cash. The entitlement is credited at its ex-date theoretical value from terms known by then; no later RE price or immediate-sale proceeds are used.,RIGHTS_ENTITLEMENT,PASSIVE_HOLDER_DOES_NOT_SUBSCRIBE;ENTITLEMENT_VALUED_BY_NSE_TERP_METHOD,False,False,0.043478260869565216,2380.0,2766.95,2743.0,PEL,INE140A01024,EQ,,False,,,CA_65c523bcbbf1b94e193e_T1
TATASTEEL,Tata Steel Limited,EQ,1.0,Rights - 4:25 Fully Paid Up Shares @ Premium Rs 500/- Per Share / 2:25 Partly Paid Up Shares @ Premium Rs 605/- Per Share,2018-01-31,2018-02-01,,,,,corporate_actions_20180101_20180131.json,NSE corporate actions API,RIGHTS - 4:25 FULLY PAID UP SHARES @ PREMIUM RS 500/- PER SHARE / 2:25 PARTLY PAID UP SHARES @ PREMIUM RS 605/- PER SHARE,False,False,False,False,True,False,False,False,False,False,False,RIGHTS,,4.0,25.0,,,1,False,False,UNCHANGED,,NSE_8D39D27D1A12,ACTIVE_DATE_MATCH,True,CA_85dc93a1dfe97bcb6fc9,2018-01-31,RIGHTS,RESOLVED_RIGHTS_ENTITLEMENT,0.0,1.0,44.68064516129033,NOT_APPLICABLE,2018-01-31,THEORETICAL_EX_RIGHTS_VALUE_FROM_CUM_RIGHTS_PREVIOUS_CLOSE,True,False,LOCAL_NSE_CA_API:corporate_actions_20180101_20180131.json;TATASTEEL_LOF_2018,2018-01-31,NSE_8D39D27D1A12,RIGHTS,The NSE rights-adjustment convention combines 4 fully paid shares at Rs 510 and 2 partly paid shares at Rs 615 into 6 rights at a weighted issue price of Rs 545. The passive holder injects no subscription cash. The entitlement is credited at its ex-date theoretical value from terms known by then; no later RE price or immediate-sale proceeds are used.,RIGHTS_ENTITLEMENT,PASSIVE_HOLDER_DOES_NOT_SUBSCRIBE;ENTITLEMENT_VALUED_BY_NSE_TERP_METHOD,False,False,0.24,545.0,775.85,705.05,TATASTEEL,INE081A01012,EQ,,False,,,CA_85dc93a1dfe97bcb6fc9_T1
ECLERX,eClerx Services Limited,EQ,10.0,Buyback,2018-02-02,2018-02-05,,,,,corporate_actions_20180201_20180228.json,NSE corporate actions API,BUYBACK,False,False,False,False,False,False,True,False,False,False,False,BUYBACK,,,,,,1,False,False,UNCHANGED,,NSE_2F62FAA6E00D,ACTIVE_DATE_MATCH,True,CA_ef357b1dcb1d7093aa71,2018-02-02,BUYBACK,RESOLVED_NO_DIRECT_HOLDER_ADJUSTMENT,0.0,1.0,0.0,NOT_APPLICABLE,2018-02-02,PASSIVE_HOLDER_NON_PARTICIPATION_POLICY,False,False,LOCAL_NSE_CA_API:corporate_actions_20180201_20180228.json,2018-02-02,NSE_2F62FAA6E00D,BUYBACK,Optional tender buyback: RESOLVED_NO_DIRECT_HOLDER_ADJUSTMENT only under the explicit passive-holder assumption that the holder does not tender.,OPTIONAL_TENDER_BUYBACK,PASSIVE_HOLDER_DOES_NOT_TENDER,False,True,,,,,,,,,False,,,CA_ef357b1dcb1d7093aa71_T1
BEL,Bharat Electronics Limited,EQ,1.0,Buyback,2018-02-08,2018-02-09,,,,,corporate_actions_20180201_20180228.json,NSE corporate actions API,BUYBACK,False,False,False,False,False,False,True,False,False,False,False,BUYBACK,,,,,,1,False,False,UNCHANGED,,NSE_64F9D3F9FC06,ACTIVE_DATE_MATCH,True,CA_3748a6f6c03efc28d812,2018-02-08,BUYBACK,RESOLVED_NO_DIRECT_HOLDER_ADJUSTMENT,0.0,1.0,0.0,NOT_APPLICABLE,2018-02-08,PASSIVE_HOLDER_NON_PARTICIPATION_POLICY,False,False,LOCAL_NSE_CA_API:corporate_actions_20180201_20180228.json,2018-02-08,NSE_64F9D3F9FC06,BUYBACK,Optional tender buyback: RESOLVED_NO_DIRECT_HOLDER_ADJUSTMENT only under the explicit passive-holder assumption that the holder does not tender.,OPTIONAL_TENDER_BUYBACK,PASSIVE_HOLDER_DOES_NOT_TENDER,False,True,,,,,,,,,False,,,CA_3748a6f6c03efc28d812_T1
DHANI,Dhani Services Limited,EQ,2.0,Rights 3:16 @ Premium Rs 238/-,2018-02-09,2018-02-12,,,,,corporate_actions_20180201_20180228.json,NSE corporate actions API,RIGHTS 3:16 @ PREMIUM RS 238/-,False,False,False,False,True,False,False,False,False,False,False,RIGHTS,,3.0,16.0,,,1,False,False,UNCHANGED,,NSE_B0F020774F39,UNIQUE_SYMBOL_HISTORY,True,CA_2dcc6f730654721a5203,2018-02-09,RIGHTS,RESOLVED_RIGHTS_ENTITLEMENT,0.0,1.0,0.24473684210526495,NOT_APPLICABLE,2018-02-09,THEORETICAL_EX_RIGHTS_VALUE_FROM_CUM_RIGHTS_PREVIOUS_CLOSE,True,False,LOCAL_NSE_CA_API:corporate_actions_20180201_20180228.json,2018-02-09,NSE_B0F020774F39,RIGHTS,Issue price is event face value plus the premium stated in the official NSE corporate-action record. The passive holder injects no subscription cash. The entitlement is credited at its ex-date theoretical value from terms known by then; no later RE price or immediate-sale proceeds are used.,RIGHTS_ENTITLEMENT,PASSIVE_HOLDER_DOES_NOT_SUBSCRIBE;ENTITLEMENT_VALUED_BY_NSE_TERP_METHOD,False,False,0.1875,240.0,241.55,234.4,IBVENTURES,INE274G01010,EQ,,False,,,CA_2dcc6f730654721a5203_T1
PIDILITIND,Pidilite Industries Limited,EQ,1.0,Buyback,2018-02-09,2018-02-12,,,,,corporate_actions_20180201_20180228.json,NSE corporate actions API,BUYBACK,False,False,False,False,False,False,True,False,False,False,False,BUYBACK,,,,,,1,False,False,UNCHANGED,,NSE_755A5F4A31A8,ACTIVE_DATE_MATCH,True,CA_3f271f124d2ee37e7a75,2018-02-09,BUYBACK,RESOLVED_NO_DIRECT_HOLDER_ADJUSTMENT,0.0,1.0,0.0,NOT_APPLICABLE,2018-02-09,PASSIVE_HOLDER_NON_PARTICIPATION_POLICY,False,False,LOCAL_NSE_CA_API:corporate_actions_20180201_20180228.json,2018-02-09,NSE_755A5F4A31A8,BUYBACK,Optional tender buyback: RESOLVED_NO_DIRECT_HOLDER_ADJUSTMENT only under the explicit passive-holder assumption that the holder does not tender.,OPTIONAL_TENDER_BUYBACK,PASSIVE_HOLDER_DOES_NOT_TENDER,False,True,,,,,,,,,False,,,CA_3f271f124d2ee37e7a75_T1
UNICHEMLAB,Unichem Laboratories Limited,EQ,2.0,Buyback,2018-02-15,2018-02-16,,,,,corporate_actions_20180201_20180228.json,NSE corporate actions API,BUYBACK,False,False,False,False,False,False,True,False,False,False,False,BUYBACK,,,,,,1,False,False,UNCHANGED,,NSE_11D6411F8FF1,ACTIVE_DATE_MATCH,True,CA_46c79f77098e6acb1a9b,2018-02-15,BUYBACK,RESOLVED_NO_DIRECT_HOLDER_ADJUSTMENT,0.0,1.0,0.0,NOT_APPLICABLE,2018-02-15,PASSIVE_HOLDER_NON_PARTICIPATION_POLICY,False,False,LOCAL_NSE_CA_API:corporate_actions_20180201_20180228.json,2018-02-15,NSE_11D6411F8FF1,BUYBACK,Optional tender buyback: RESOLVED_NO_DIRECT_HOLDER_ADJUSTMENT only under the explicit passive-holder assumption that the holder does not tender.,OPTIONAL_TENDER_BUYBACK,PASSIVE_HOLDER_DOES_NOT_TENDER,False,True,,,,,,,,,False,,,CA_46c79f77098e6acb1a9b_T1
MOIL,MOIL Limited,EQ,10.0,Buyback,2018-02-16,2018-02-20,,,,,corporate_actions_20180201_20180228.json,NSE corporate actions API,BUYBACK,False,False,False,False,False,False,True,False,False,False,False,BUYBACK,,,,,,1,False,False,UNCHANGED,,NSE_D9F56642B79E,ACTIVE_DATE_MATCH,True,CA_8c6f55ecaf846795381d,2018-02-16,BUYBACK,RESOLVED_NO_DIRECT_HOLDER_ADJUSTMENT,0.0,1.0,0.0,NOT_APPLICABLE,2018-02-16,PASSIVE_HOLDER_NON_PARTICIPATION_POLICY,False,False,LOCAL_NSE_CA_API:corporate_actions_20180201_20180228.json,2018-02-16,NSE_D9F56642B79E,BUYBACK,Optional tender buyback: RESOLVED_NO_DIRECT_HOLDER_ADJUSTMENT only under the explicit passive-holder assumption that the holder does not tender.,OPTIONAL_TENDER_BUYBACK,PASSIVE_HOLDER_DOES_NOT_TENDER,False,True,,,,,,,,,False,,,CA_8c6f55ecaf846795381d_T1
BALRAMCHIN,Balrampur Chini Mills Limited,EQ,1.0,Buyback,2018-03-05,2018-03-06,,,,,corporate_actions_20180301_20180331.json,NSE corporate actions API,BUYBACK,False,False,False,False,False,False,True,False,False,False,False,BUYBACK,,,,,,1,False,False,UNCHANGED,,NSE_D7CAF5D174A7,ACTIVE_DATE_MATCH,True,CA_f582a93698a30f454c3c,2018-03-05,BUYBACK,RESOLVED_NO_DIRECT_HOLDER_ADJUSTMENT,0.0,1.0,0.0,NOT_APPLICABLE,2018-03-05,PASSIVE_HOLDER_NON_PARTICIPATION_POLICY,False,False,LOCAL_NSE_CA_API:corporate_actions_20180301_20180331.json,2018-03-05,NSE_D7CAF5D174A7,BUYBACK,Optional tender buyback: RESOLVED_NO_DIRECT_HOLDER_ADJUSTMENT only under the explicit passive-holder assumption that the holder does not tender.,OPTIONAL_TENDER_BUYBACK,PASSIVE_HOLDER_DOES_NOT_TENDER,False,True,,,,,,,,,False,,,CA_f582a93698a30f454c3c_T1
KPRMILL,K.P.R. Mill Limited,EQ,1.0,Buyback,2018-03-06,2018-03-07,,,,,corporate_actions_20180301_20180331.json,NSE corporate actions API,BUYBACK,False,False,False,False,False,False,True,False,False,False,False,BUYBACK,,,,,,1,False,False,UNCHANGED,,NSE_03C46C5018D2,ACTIVE_DATE_MATCH,True,CA_3feefbabd398c2999ad6,2018-03-06,BUYBACK,RESOLVED_NO_DIRECT_HOLDER_ADJUSTMENT,0.0,1.0,0.0,NOT_APPLICABLE,2018-03-06,PASSIVE_HOLDER_NON_PARTICIPATION_POLICY,False,False,LOCAL_NSE_CA_API:corporate_actions_20180301_20180331.json,2018-03-06,NSE_03C46C5018D2,BUYBACK,Optional tender buyback: RESOLVED_NO_DIRECT_HOLDER_ADJUSTMENT only under the explicit passive-holder assumption that the holder does not tender.,OPTIONAL_TENDER_BUYBACK,PASSIVE_HOLDER_DOES_NOT_TENDER,False,True,,,,,,,,,False,,,CA_3feefbabd398c2999ad6_T1
HATSUN,Hatsun Agro Product Limited,EQ,1.0,Interim Dividend- Rs 3 Per Share / Rights 1:16 @ Premium Rs 554 Per Share,2018-05-31,2018-06-01,,,,,corporate_actions_20180501_20180531.json,NSE corporate actions API,INTERIM DIVIDEND- RS 3 PER SHARE / RIGHTS 1:16 @ PREMIUM RS 554 PER SHARE,True,False,False,False,True,False,False,False,False,False,False,RIGHTS,3.0,1.0,16.0,,,2,True,True,UNCHANGED,,NSE_AF4B789C4B78,ACTIVE_DATE_MATCH,True,CA_a829fc4aeb7ef9a38a95,2018-05-31,RIGHTS,RESOLVED_COMBINED,3.0,1.0,9.879411764705885,GROSS_DECLARED_CASH_PER_PRE_EVENT_SHARE,2018-05-31,THEORETICAL_EX_RIGHTS_VALUE_FROM_CUM_RIGHTS_PREVIOUS_CLOSE,True,False,LOCAL_NSE_CA_API:corporate_actions_20180501_20180531.json,2018-05-31,NSE_AF4B789C4B78,RIGHTS,Issue price is event face value plus the premium stated in the official NSE corporate-action record. The passive holder injects no subscription cash. The entitlement is credited at its ex-date theoretical value from terms known by then; no later RE price or immediate-sale proceeds are used.,ORDINARY_DIVIDEND_PLUS_RIGHTS_ENTITLEMENT,PASSIVE_HOLDER_DOES_NOT_SUBSCRIBE;ENTITLEMENT_VALUED_BY_NSE_TERP_METHOD,False,False,0.0625,555.0,725.95,727.1,HATSUN,INE473B01035,EQ,,False,,,CA_a829fc4aeb7ef9a38a95_T1
TCS,Tata Consultancy Services Limited,EQ,1.0,Bonus 1:1 /Dividend- Rs 29 Per Share,2018-05-31,2018-06-02,,,,,corporate_actions_20180501_20180531.json,NSE corporate actions API,BONUS 1:1 /DIVIDEND- RS 29 PER SHARE,True,True,False,False,False,False,False,False,False,False,False,BONUS,29.0,1.0,1.0,,,2,True,True,UNCHANGED,,NSE_DBD0EB2724E0,ACTIVE_DATE_MATCH,True,CA_4b25c89c7586fc3aeb4b,2018-05-31,BONUS,RESOLVED_COMBINED,29.0,2.0,0.0,GROSS_DECLARED_CASH_PER_PRE_EVENT_SHARE,2018-05-31,DIRECT_OFFICIAL_EVENT_TERMS,True,False,LOCAL_NSE_CA_API:corporate_actions_20180501_20180531.json,2018-05-31,NSE_DBD0EB2724E0,BONUS,All ordinary cash and resulting-share components are composed on the same ex-date.,COMBINED_ORDINARY_EQUITY_EVENT,,False,False,,,,,,,,,False,,,CA_4b25c89c7586fc3aeb4b_T1
JAGRAN,Jagran Prakashan Limited,EQ,2.0,Buyback,2018-06-14,2018-06-15,,,,,corporate_actions_20180601_20180630.json,NSE corporate actions API,BUYBACK,False,False,False,False,False,False,True,False,False,False,False,BUYBACK,,,,,,1,False,False,UNCHANGED,,NSE_5E4B839E941A,ACTIVE_DATE_MATCH,True,CA_86c1275a85f4baa203ed,2018-06-14,BUYBACK,RESOLVED_NO_DIRECT_HOLDER_ADJUSTMENT,0.0,1.0,0.0,NOT_APPLICABLE,2018-06-14,PASSIVE_HOLDER_NON_PARTICIPATION_POLICY,False,False,LOCAL_NSE_CA_API:corporate_actions_20180601_20180630.json,2018-06-14,NSE_5E4B839E941A,BUYBACK,Optional tender buyback: RESOLVED_NO_DIRECT_HOLDER_ADJUSTMENT only under the explicit passive-holder assumption that the holder does not tender.,OPTIONAL_TENDER_BUYBACK,PASSIVE_HOLDER_DOES_NOT_TENDER,False,True,,,,,,,,,False,,,CA_86c1275a85f4baa203ed_T1
EMAMILTD,Emami Limited,EQ,1.0,Bonus 1:1/Dividend- Rs 7 Per Share,2018-06-21,2018-06-22,,,,,corporate_actions_20180601_20180630.json,NSE corporate actions API,BONUS 1:1/DIVIDEND- RS 7 PER SHARE,True,True,False,False,False,False,False,False,False,False,False,BONUS,7.0,1.0,1.0,,,2,True,True,UNCHANGED,,NSE_AF3172BFD228,ACTIVE_DATE_MATCH,True,CA_acd8b597d7cfca06b619,2018-06-21,BONUS,RESOLVED_COMBINED,7.0,2.0,0.0,GROSS_DECLARED_CASH_PER_PRE_EVENT_SHARE,2018-06-21,DIRECT_OFFICIAL_EVENT_TERMS,True,False,LOCAL_NSE_CA_API:corporate_actions_20180601_20180630.json,2018-06-21,NSE_AF3172BFD228,BONUS,All ordinary cash and resulting-share components are composed on the same ex-date.,COMBINED_ORDINARY_EQUITY_EVENT,,False,False,,,,,,,,,False,,,CA_acd8b597d7cfca06b619_T1
AVANTIFEED,Avanti Feeds Limited,EQ,1.0,Bonus 1:2/Face Value Split (Sub-Division) From Rs 2/- Per Share To Re 1/- Per Share,2018-06-26,2018-06-27,,,,,corporate_actions_20180601_20180630.json,NSE corporate actions API,BONUS 1:2/FACE VALUE SPLIT (SUB-DIVISION) FROM RS 2/- PER SHARE TO RE 1/- PER SHARE,False,True,True,False,False,False,False,False,False,False,False,SPLIT,,1.0,2.0,2.0,1.0,2,True,True,UNCHANGED,,NSE_985104D9ABBA,ACTIVE_DATE_MATCH,True,CA_8ac667d9c79b019d06cf,2018-06-26,SPLIT,RESOLVED_COMBINED,0.0,3.0,0.0,NOT_APPLICABLE,2018-06-26,DIRECT_OFFICIAL_EVENT_TERMS,True,False,LOCAL_NSE_CA_API:corporate_actions_20180601_20180630.json,2018-06-26,NSE_985104D9ABBA,SPLIT,All ordinary cash and resulting-share components are composed on the same ex-date.,COMBINED_ORDINARY_EQUITY_EVENT,,False,False,,,,,,,,,False,,,CA_8ac667d9c79b019d06cf_T1
UNOMINDA,UNO Minda Limited,EQ,2.0,Bonus 2:1/Dividend- Rs 1.60 Per Share,2018-07-11,2018-07-12,,,,,corporate_actions_20180701_20180731.json,NSE corporate actions API,BONUS 2:1/DIVIDEND- RS 1.60 PER SHARE,True,True,False,False,False,False,False,False,False,False,False,BONUS,1.6,2.0,1.0,,,2,True,True,UNCHANGED,,NSE_48390A9F12CC,UNIQUE_SYMBOL_HISTORY,True,CA_715af64eb2a5a45d9eb5,2018-07-11,BONUS,RESOLVED_COMBINED,1.6,3.0,0.0,GROSS_DECLARED_CASH_PER_PRE_EVENT_SHARE,2018-07-11,DIRECT_OFFICIAL_EVENT_TERMS,True,False,LOCAL_NSE_CA_API:corporate_actions_20180701_20180731.json,2018-07-11,NSE_48390A9F12CC,BONUS,All ordinary cash and resulting-share components are composed on the same ex-date.,COMBINED_ORDINARY_EQUITY_EVENT,,False,False,,,,,,,,,False,,,CA_715af64eb2a5a45d9eb5_T1
GICRE,General Insurance Corporation of India,EQ,5.0,Bonus 1:1/Dividend- Rs 13.5 Per Share,2018-07-12,2018-07-14,,,,,corporate_actions_20180701_20180731.json,NSE corporate actions API,BONUS 1:1/DIVIDEND- RS 13.5 PER SHARE,True,True,False,False,False,False,False,False,False,False,False,BONUS,13.5,1.0,1.0,,,2,True,True,UNCHANGED,,NSE_5700B54677A9,ACTIVE_DATE_MATCH,True,CA_37a77df5fd49e59be908,2018-07-12,BONUS,RESOLVED_COMBINED,13.5,2.0,0.0,GROSS_DECLARED_CASH_PER_PRE_EVENT_SHARE,2018-07-12,DIRECT_OFFICIAL_EVENT_TERMS,True,False,LOCAL_NSE_CA_API:corporate_actions_20180701_20180731.json,2018-07-12,NSE_5700B54677A9,BONUS,All ordinary cash and resulting-share components are composed on the same ex-date.,COMBINED_ORDINARY_EQUITY_EVENT,,False,False,,,,,,,,,False,,,CA_37a77df5fd49e59be908_T1
DBCORP,D.B.Corp Limited,EQ,10.0,Buyback,2018-07-17,2018-07-18,,,,,corporate_actions_20180701_20180731.json,NSE corporate actions API,BUYBACK,False,False,False,False,False,False,True,False,False,False,False,BUYBACK,,,,,,1,False,False,UNCHANGED,,NSE_2562C82A6AA3,ACTIVE_DATE_MATCH,True,CA_96fdd927a9fa26563a47,2018-07-17,BUYBACK,RESOLVED_NO_DIRECT_HOLDER_ADJUSTMENT,0.0,1.0,0.0,NOT_APPLICABLE,2018-07-17,PASSIVE_HOLDER_NON_PARTICIPATION_POLICY,False,False,LOCAL_NSE_CA_API:corporate_actions_20180701_20180731.json,2018-07-17,NSE_2562C82A6AA3,BUYBACK,Optional tender buyback: RESOLVED_NO_DIRECT_HOLDER_ADJUSTMENT only under the explicit passive-holder assumption that the holder does not tender.,OPTIONAL_TENDER_BUYBACK,PASSIVE_HOLDER_DOES_NOT_TENDER,False,True,,,,,,,,,False,,,CA_96fdd927a9fa26563a47_T1
KSCL,Kaveri Seed Company Limited,EQ,2.0,Buyback,2018-08-02,2018-08-03,,,,,corporate_actions_20180801_20180831.json,NSE corporate actions API,BUYBACK,False,False,False,False,False,False,True,False,False,False,False,BUYBACK,,,,,,1,False,False,UNCHANGED,,NSE_8B27DC002544,ACTIVE_DATE_MATCH,True,CA_a8133fd77bde2f8f01b7,2018-08-02,BUYBACK,RESOLVED_NO_DIRECT_HOLDER_ADJUSTMENT,0.0,1.0,0.0,NOT_APPLICABLE,2018-08-02,PASSIVE_HOLDER_NON_PARTICIPATION_POLICY,False,False,LOCAL_NSE_CA_API:corporate_actions_20180801_20180831.json,2018-08-02,NSE_8B27DC002544,BUYBACK,Optional tender buyback: RESOLVED_NO_DIRECT_HOLDER_ADJUSTMENT only under the explicit passive-holder assumption that the holder does not tender.,OPTIONAL_TENDER_BUYBACK,PASSIVE_HOLDER_DOES_NOT_TENDER,False,True,,,,,,,,,False,,,CA_a8133fd77bde2f8f01b7_T1
TCS,Tata Consultancy Services Limited,EQ,1.0,Buyback,2018-08-14,2018-08-18,,,,,corporate_actions_20180801_20180831.json,NSE corporate actions API,BUYBACK,False,False,False,False,False,False,True,False,False,False,False,BUYBACK,,,,,,1,False,False,UNCHANGED,,NSE_DBD0EB2724E0,ACTIVE_DATE_MATCH,True,CA_b76efcf9a86ea69237c8,2018-08-14,BUYBACK,RESOLVED_NO_DIRECT_HOLDER_ADJUSTMENT,0.0,1.0,0.0,NOT_APPLICABLE,2018-08-14,PASSIVE_HOLDER_NON_PARTICIPATION_POLICY,False,False,LOCAL_NSE_CA_API:corporate_actions_20180801_20180831.json,2018-08-14,NSE_DBD0EB2724E0,BUYBACK,Optional tender buyback: RESOLVED_NO_DIRECT_HOLDER_ADJUSTMENT only under the explicit passive-holder assumption that the holder does not tender.,OPTIONAL_TENDER_BUYBACK,PASSIVE_HOLDER_DOES_NOT_TENDER,False,True,,,,,,,,,False,,,CA_b76efcf9a86ea69237c8_T1
HCLTECH,HCL Technologies Limited,EQ,2.0,Buyback,2018-08-30,2018-08-31,,,,,corporate_actions_20180801_20180831.json,NSE corporate actions API,BUYBACK,False,False,False,False,False,False,True,False,False,False,False,BUYBACK,,,,,,1,False,False,UNCHANGED,,NSE_E50226C18398,ACTIVE_DATE_MATCH,True,CA_e54781549bfa57e3aa4e,2018-08-30,BUYBACK,RESOLVED_NO_DIRECT_HOLDER_ADJUSTMENT,0.0,1.0,0.0,NOT_APPLICABLE,2018-08-30,PASSIVE_HOLDER_NON_PARTICIPATION_POLICY,False,False,LOCAL_NSE_CA_API:corporate_actions_20180801_20180831.json,2018-08-30,NSE_E50226C18398,BUYBACK,Optional tender buyback: RESOLVED_NO_DIRECT_HOLDER_ADJUSTMENT only under the explicit passive-holder assumption that the holder does not tender.,OPTIONAL_TENDER_BUYBACK,PASSIVE_HOLDER_DOES_NOT_TENDER,False,True,,,,,,,,,False,,,CA_e54781549bfa57e3aa4e_T1
JBCHEPHARM,JB Chemicals & Pharmaceuticals Limited,EQ,1.0,Buyback,2018-09-11,2018-09-12,,,,,corporate_actions_20180901_20180930.json,NSE corporate actions API,BUYBACK,False,False,False,False,False,False,True,False,False,False,False,BUYBACK,,,,,,1,False,False,UNCHANGED,,NSE_3FEBC275AA7F,ACTIVE_DATE_MATCH,True,CA_d8b728690aa4831c8118,2018-09-11,BUYBACK,RESOLVED_NO_DIRECT_HOLDER_ADJUSTMENT,0.0,1.0,0.0,NOT_APPLICABLE,2018-09-11,PASSIVE_HOLDER_NON_PARTICIPATION_POLICY,False,False,LOCAL_NSE_CA_API:corporate_actions_20180901_20180930.json,2018-09-11,NSE_3FEBC275AA7F,BUYBACK,Optional tender buyback: RESOLVED_NO_DIRECT_HOLDER_ADJUSTMENT only under the explicit passive-holder assumption that the holder does not tender.,OPTIONAL_TENDER_BUYBACK,PASSIVE_HOLDER_DOES_NOT_TENDER,False,True,,,,,,,,,False,,,CA_d8b728690aa4831c8118_T1
REDINGTON,Redington Limited,EQ,2.0,Buyback,2018-09-27,2018-09-28,,,,,corporate_actions_20180901_20180930.json,NSE corporate actions API,BUYBACK,False,False,False,False,False,False,True,False,False,False,False,BUYBACK,,,,,,1,False,False,UNCHANGED,,NSE_4E64EBA18B02,ACTIVE_DATE_MATCH,True,CA_02fabb4f45b44014c04d,2018-09-27,BUYBACK,RESOLVED_NO_DIRECT_HOLDER_ADJUSTMENT,0.0,1.0,0.0,NOT_APPLICABLE,2018-09-27,PASSIVE_HOLDER_NON_PARTICIPATION_POLICY,False,False,LOCAL_NSE_CA_API:corporate_actions_20180901_20180930.json,2018-09-27,NSE_4E64EBA18B02,BUYBACK,Optional tender buyback: RESOLVED_NO_DIRECT_HOLDER_ADJUSTMENT only under the explicit passive-holder assumption that the holder does not tender.,OPTIONAL_TENDER_BUYBACK,PASSIVE_HOLDER_DOES_NOT_TENDER,False,True,,,,,,,,,False,,,CA_02fabb4f45b44014c04d_T1
KIOCL,KIOCL Limited,EQ,10.0,Buyback,2018-09-28,2018-10-01,,,,,corporate_actions_20180901_20180930.json,NSE corporate actions API,BUYBACK,False,False,False,False,False,False,True,False,False,False,False,BUYBACK,,,,,,1,False,False,UNCHANGED,,NSE_AE4994F757D1,ACTIVE_DATE_MATCH,True,CA_08d75dd6694c2d8ff17b,2018-09-28,BUYBACK,RESOLVED_NO_DIRECT_HOLDER_ADJUSTMENT,0.0,1.0,0.0,NOT_APPLICABLE,2018-09-28,PASSIVE_HOLDER_NON_PARTICIPATION_POLICY,False,False,LOCAL_NSE_CA_API:corporate_actions_20180901_20180930.json,2018-09-28,NSE_AE4994F757D1,BUYBACK,Optional tender buyback: RESOLVED_NO_DIRECT_HOLDER_ADJUSTMENT only under the explicit passive-holder assumption that the holder does not tender.,OPTIONAL_TENDER_BUYBACK,PASSIVE_HOLDER_DOES_NOT_TENDER,False,True,,,,,,,,,False,,,CA_08d75dd6694c2d8ff17b_T1
JUSTDIAL,Just Dial Limited,EQ,10.0,Buyback,2018-10-11,2018-10-12,,,,,corporate_actions_20181001_20181031.json,NSE corporate actions API,BUYBACK,False,False,False,False,False,False,True,False,False,False,False,BUYBACK,,,,,,1,False,False,UNCHANGED,,NSE_855E4F920F23,ACTIVE_DATE_MATCH,True,CA_0271b11d670cf3962e2e,2018-10-11,BUYBACK,RESOLVED_NO_DIRECT_HOLDER_ADJUSTMENT,0.0,1.0,0.0,NOT_APPLICABLE,2018-10-11,PASSIVE_HOLDER_NON_PARTICIPATION_POLICY,False,False,LOCAL_NSE_CA_API:corporate_actions_20181001_20181031.json,2018-10-11,NSE_855E4F920F23,BUYBACK,Optional tender buyback: RESOLVED_NO_DIRECT_HOLDER_ADJUSTMENT only under the explicit passive-holder assumption that the holder does not tender.,OPTIONAL_TENDER_BUYBACK,PASSIVE_HOLDER_DOES_NOT_TENDER,False,True,,,,,,,,,False,,,CA_0271b11d670cf3962e2e_T1
LT,Larsen & Toubro Limited,EQ,2.0,Buyback,2018-10-12,2018-10-15,,,,,corporate_actions_20181001_20181031.json,NSE corporate actions API,BUYBACK,False,False,False,False,False,False,True,False,False,False,False,BUYBACK,,,,,,1,False,False,UNCHANGED,,NSE_BD47FE0A54BC,ACTIVE_DATE_MATCH,True,CA_7972e9e5e7b5645c6058,2018-10-12,BUYBACK,RESOLVED_NO_DIRECT_HOLDER_ADJUSTMENT,0.0,1.0,0.0,NOT_APPLICABLE,2018-10-12,PASSIVE_HOLDER_NON_PARTICIPATION_POLICY,False,False,LOCAL_NSE_CA_API:corporate_actions_20181001_20181031.json,2018-10-12,NSE_BD47FE0A54BC,BUYBACK,Optional tender buyback: RESOLVED_NO_DIRECT_HOLDER_ADJUSTMENT only under the explicit passive-holder assumption that the holder does not tender.,OPTIONAL_TENDER_BUYBACK,PASSIVE_HOLDER_DOES_NOT_TENDER,False,True,,,,,,,,,False,,,CA_7972e9e5e7b5645c6058_T1
NLCINDIA,NLC India Limited,EQ,10.0,Buyback,2018-10-23,2018-10-24,,,,,corporate_actions_20181001_20181031.json,NSE corporate actions API,BUYBACK,False,False,False,False,False,False,True,False,False,False,False,BUYBACK,,,,,,1,False,False,UNCHANGED,,NSE_046B9E4F246F,ACTIVE_DATE_MATCH,True,CA_ab7544f1057dd6a42480,2018-10-23,BUYBACK,RESOLVED_NO_DIRECT_HOLDER_ADJUSTMENT,0.0,1.0,0.0,NOT_APPLICABLE,2018-10-23,PASSIVE_HOLDER_NON_PARTICIPATION_POLICY,False,False,LOCAL_NSE_CA_API:corporate_actions_20181001_20181031.json,2018-10-23,NSE_046B9E4F246F,BUYBACK,Optional tender buyback: RESOLVED_NO_DIRECT_HOLDER_ADJUSTMENT only under the explicit passive-holder assumption that the holder does not tender.,OPTIONAL_TENDER_BUYBACK,PASSIVE_HOLDER_DOES_NOT_TENDER,False,True,,,,,,,,,False,,,CA_ab7544f1057dd6a42480_T1
MPHASIS,MphasiS Limited,EQ,10.0,Buyback,2018-10-24,2018-10-25,,,,,corporate_actions_20181001_20181031.json,NSE corporate actions API,BUYBACK,False,False,False,False,False,False,True,False,False,False,False,BUYBACK,,,,,,1,False,False,UNCHANGED,,NSE_D3E18AD37B1B,ACTIVE_DATE_MATCH,True,CA_702385cc5b9c8c7d94ec,2018-10-24,BUYBACK,RESOLVED_NO_DIRECT_HOLDER_ADJUSTMENT,0.0,1.0,0.0,NOT_APPLICABLE,2018-10-24,PASSIVE_HOLDER_NON_PARTICIPATION_POLICY,False,False,LOCAL_NSE_CA_API:corporate_actions_20181001_20181031.json,2018-10-24,NSE_D3E18AD37B1B,BUYBACK,Optional tender buyback: RESOLVED_NO_DIRECT_HOLDER_ADJUSTMENT only under the explicit passive-holder assumption that the holder does not tender.,OPTIONAL_TENDER_BUYBACK,PASSIVE_HOLDER_DOES_NOT_TENDER,False,True,,,,,,,,,False,,,CA_702385cc5b9c8c7d94ec_T1
BHEL,Bharat Heavy Electricals Limited,EQ,2.0,Buyback,2018-11-05,2018-11-06,,,,,corporate_actions_20181101_20181130.json,NSE corporate actions API,BUYBACK,False,False,False,False,False,False,True,False,False,False,False,BUYBACK,,,,,,1,False,False,UNCHANGED,,NSE_F24EF99FB1C3,ACTIVE_DATE_MATCH,True,CA_ead844b94c9e1907fa6b,2018-11-05,BUYBACK,RESOLVED_NO_DIRECT_HOLDER_ADJUSTMENT,0.0,1.0,0.0,NOT_APPLICABLE,2018-11-05,PASSIVE_HOLDER_NON_PARTICIPATION_POLICY,False,False,LOCAL_NSE_CA_API:corporate_actions_20181101_20181130.json,2018-11-05,NSE_F24EF99FB1C3,BUYBACK,Optional tender buyback: RESOLVED_NO_DIRECT_HOLDER_ADJUSTMENT only under the explicit passive-holder assumption that the holder does not tender.,OPTIONAL_TENDER_BUYBACK,PASSIVE_HOLDER_DOES_NOT_TENDER,False,True,,,,,,,,,False,,,CA_ead844b94c9e1907fa6b_T1
HCC,Hindustan Construction Company Limited,EQ,1.0,Rights 49:100 @ Premium Rs 9/-,2018-11-20,2018-11-22,,,,,corporate_actions_20181101_20181130.json,NSE corporate actions API,RIGHTS 49:100 @ PREMIUM RS 9/-,False,False,False,False,True,False,False,False,False,False,False,RIGHTS,,49.0,100.0,,,1,False,False,UNCHANGED,,NSE_B3012E7D6C4A,ACTIVE_DATE_MATCH,True,CA_1cf3a925dd5644ffcda8,2018-11-20,RIGHTS,RESOLVED_RIGHTS_ENTITLEMENT,0.0,1.0,1.4963087248322149,NOT_APPLICABLE,2018-11-20,THEORETICAL_EX_RIGHTS_VALUE_FROM_CUM_RIGHTS_PREVIOUS_CLOSE,True,False,LOCAL_NSE_CA_API:corporate_actions_20181101_20181130.json,2018-11-20,NSE_B3012E7D6C4A,RIGHTS,Issue price is event face value plus the premium stated in the official NSE corporate-action record. The passive holder injects no subscription cash. The entitlement is credited at its ex-date theoretical value from terms known by then; no later RE price or immediate-sale proceeds are used.,RIGHTS_ENTITLEMENT,PASSIVE_HOLDER_DOES_NOT_SUBSCRIBE;ENTITLEMENT_VALUED_BY_NSE_TERP_METHOD,False,False,0.49,10.0,14.55,12.5,HCC,INE549A01026,EQ,,False,,,CA_1cf3a925dd5644ffcda8_T1
NHPC,NHPC Limited,EQ,10.0,Buyback,2018-11-29,2018-11-30,,,,,corporate_actions_20181101_20181130.json,NSE corporate actions API,BUYBACK,False,False,False,False,False,False,True,False,False,False,False,BUYBACK,,,,,,1,False,False,UNCHANGED,,NSE_11AC767B4B31,ACTIVE_DATE_MATCH,True,CA_1ca1dbc2bf0d624f0fb0,2018-11-29,BUYBACK,RESOLVED_NO_DIRECT_HOLDER_ADJUSTMENT,0.0,1.0,0.0,NOT_APPLICABLE,2018-11-29,PASSIVE_HOLDER_NON_PARTICIPATION_POLICY,False,False,LOCAL_NSE_CA_API:corporate_actions_20181101_20181130.json,2018-11-29,NSE_11AC767B4B31,BUYBACK,Optional tender buyback: RESOLVED_NO_DIRECT_HOLDER_ADJUSTMENT only under the explicit passive-holder assumption that the holder does not tender.,OPTIONAL_TENDER_BUYBACK,PASSIVE_HOLDER_DOES_NOT_TENDER,False,True,,,,,,,,,False,,,CA_1ca1dbc2bf0d624f0fb0_T1
BOSCHLTD,Bosch Limited,EQ,10.0,Buyback,2018-12-20,2018-12-21,,,,,corporate_actions_20181201_20181231.json,NSE corporate actions API,BUYBACK,False,False,False,False,False,False,True,False,False,False,False,BUYBACK,,,,,,1,False,False,UNCHANGED,,NSE_78D31F8AF004,ACTIVE_DATE_MATCH,True,CA_eddad1a480e2093b7376,2018-12-20,BUYBACK,RESOLVED_NO_DIRECT_HOLDER_ADJUSTMENT,0.0,1.0,0.0,NOT_APPLICABLE,2018-12-20,PASSIVE_HOLDER_NON_PARTICIPATION_POLICY,False,False,LOCAL_NSE_CA_API:corporate_actions_20181201_20181231.json,2018-12-20,NSE_78D31F8AF004,BUYBACK,Optional tender buyback: RESOLVED_NO_DIRECT_HOLDER_ADJUSTMENT only under the explicit passive-holder assumption that the holder does not tender.,OPTIONAL_TENDER_BUYBACK,PASSIVE_HOLDER_DOES_NOT_TENDER,False,True,,,,,,,,,False,,,CA_eddad1a480e2093b7376_T1
SKFINDIA,SKF India Limited,EQ,10.0,Buyback,2018-12-20,2018-12-21,,,,,corporate_actions_20181201_20181231.json,NSE corporate actions API,BUYBACK,False,False,False,False,False,False,True,False,False,False,False,BUYBACK,,,,,,1,False,False,UNCHANGED,,NSE_20780186B67E,ACTIVE_DATE_MATCH,True,CA_3b06f7c0c65237c53b6b,2018-12-20,BUYBACK,RESOLVED_NO_DIRECT_HOLDER_ADJUSTMENT,0.0,1.0,0.0,NOT_APPLICABLE,2018-12-20,PASSIVE_HOLDER_NON_PARTICIPATION_POLICY,False,False,LOCAL_NSE_CA_API:corporate_actions_20181201_20181231.json,2018-12-20,NSE_20780186B67E,BUYBACK,Optional tender buyback: RESOLVED_NO_DIRECT_HOLDER_ADJUSTMENT only under the explicit passive-holder assumption that the holder does not tender.,OPTIONAL_TENDER_BUYBACK,PASSIVE_HOLDER_DOES_NOT_TENDER,False,True,,,,,,,,,False,,,CA_3b06f7c0c65237c53b6b_T1
IOC,Indian Oil Corporation Limited,EQ,10.0,Buyback,2018-12-21,2018-12-25,,,,,corporate_actions_20181201_20181231.json,NSE corporate actions API,BUYBACK,False,False,False,False,False,False,True,False,False,False,False,BUYBACK,,,,,,1,False,False,UNCHANGED,,NSE_6139CAE11930,ACTIVE_DATE_MATCH,True,CA_a0a19c136b7b32b8c18d,2018-12-21,BUYBACK,RESOLVED_NO_DIRECT_HOLDER_ADJUSTMENT,0.0,1.0,0.0,NOT_APPLICABLE,2018-12-21,PASSIVE_HOLDER_NON_PARTICIPATION_POLICY,False,False,LOCAL_NSE_CA_API:corporate_actions_20181201_20181231.json,2018-12-21,NSE_6139CAE11930,BUYBACK,Optional tender buyback: RESOLVED_NO_DIRECT_HOLDER_ADJUSTMENT only under the explicit passive-holder assumption that the holder does not tender.,OPTIONAL_TENDER_BUYBACK,PASSIVE_HOLDER_DOES_NOT_TENDER,False,True,,,,,,,,,False,,,CA_a0a19c136b7b32b8c18d_T1
IDEA,Vodafone Idea Limited,EQ,10.0,Rights 87:38 @ Premium Of Rs 2.50 Per Share,2019-03-29,2019-04-02,,,,,corporate_actions_20190301_20190331.json,NSE corporate actions API,RIGHTS 87:38 @ PREMIUM OF RS 2.50 PER SHARE,False,False,False,False,True,False,False,False,False,False,False,RIGHTS,,87.0,38.0,,,1,False,False,UNCHANGED,,NSE_80AB9D46A211,ACTIVE_DATE_MATCH,True,CA_e3e7e4235b5c78174699,2019-03-29,RIGHTS,RESOLVED_RIGHTS_ENTITLEMENT,0.0,1.0,11.484,NOT_APPLICABLE,2019-03-29,THEORETICAL_EX_RIGHTS_VALUE_FROM_CUM_RIGHTS_PREVIOUS_CLOSE,True,False,LOCAL_NSE_CA_API:corporate_actions_20190301_20190331.json,2019-03-29,NSE_80AB9D46A211,RIGHTS,Issue price is event face value plus the premium stated in the official NSE corporate-action record. The passive holder injects no subscription cash. The entitlement is credited at its ex-date theoretical value from terms known by then; no later RE price or immediate-sale proceeds are used.,RIGHTS_ENTITLEMENT,PASSIVE_HOLDER_DOES_NOT_SUBSCRIBE;ENTITLEMENT_VALUED_BY_NSE_TERP_METHOD,False,False,2.289473684210526,12.5,29.0,18.25,IDEA,INE669E01016,EQ,,False,,,CA_e3e7e4235b5c78174699_T1
COLPAL,Colgate Palmolive (India) Limited,EQ,1.0,Interim Dividend,2019-04-05,2019-04-08,,,,,corporate_actions_20190401_20190430.json,NSE corporate actions API,INTERIM DIVIDEND,True,False,False,False,False,False,False,False,False,False,False,DIVIDEND,,,,,,1,False,True,UNCHANGED,,NSE_23D9B582F892,ACTIVE_DATE_MATCH,True,CA_6a329733030e9812844e,2019-04-05,DIVIDEND,RESOLVED_DIVIDEND,7.0,1.0,0.0,GROSS_DECLARED_CASH_PER_PRE_EVENT_SHARE,2019-04-05,DIRECT_OFFICIAL_EVENT_TERMS,True,False,COLPAL_AR_2018_19,2019-04-05,NSE_23D9B582F892,DIVIDEND,The company annual report states that the March 2019 second interim dividend was Rs 7 per share.,ORDINARY_CASH_DIVIDEND,,False,False,,,,,,,,,False,,,CA_6a329733030e9812844e_T1
BHARTIARTL,Bharti Airtel Limited,EQ,5.0,Rights 19:67 @ Premium Rs 215 Per Share,2019-04-23,2019-04-24,,,,,corporate_actions_20190401_20190430.json,NSE corporate actions API,RIGHTS 19:67 @ PREMIUM RS 215 PER SHARE,False,False,False,False,True,False,False,False,False,False,False,RIGHTS,,19.0,67.0,,,1,False,False,UNCHANGED,,NSE_BD4742D366FC,ACTIVE_DATE_MATCH,True,CA_cc9b8de28789bc896faa,2019-04-23,RIGHTS,RESOLVED_RIGHTS_ENTITLEMENT,0.0,1.0,28.588372093023253,NOT_APPLICABLE,2019-04-23,THEORETICAL_EX_RIGHTS_VALUE_FROM_CUM_RIGHTS_PREVIOUS_CLOSE,True,False,LOCAL_NSE_CA_API:corporate_actions_20190401_20190430.json,2019-04-23,NSE_BD4742D366FC,RIGHTS,Issue price is event face value plus the premium stated in the official NSE corporate-action record. The passive holder injects no subscription cash. The entitlement is credited at its ex-date theoretical value from terms known by then; no later RE price or immediate-sale proceeds are used.,RIGHTS_ENTITLEMENT,PASSIVE_HOLDER_DOES_NOT_SUBSCRIBE;ENTITLEMENT_VALUED_BY_NSE_TERP_METHOD,False,False,0.2835820895522388,220.0,349.4,316.5,BHARTIARTL,INE397D01024,EQ,,False,,,CA_cc9b8de28789bc896faa_T1
FDC,FDC Limited,EQ,1.0,Buyback,2019-06-06,2019-06-07,,,,,corporate_actions_20190601_20190630.json,NSE corporate actions API,BUYBACK,False,False,False,False,False,False,True,False,False,False,False,BUYBACK,,,,,,1,False,False,UNCHANGED,,NSE_F0C8DB46A2B5,ACTIVE_DATE_MATCH,True,CA_9350eee1fada19cc6498,2019-06-06,BUYBACK,RESOLVED_NO_DIRECT_HOLDER_ADJUSTMENT,0.0,1.0,0.0,NOT_APPLICABLE,2019-06-06,PASSIVE_HOLDER_NON_PARTICIPATION_POLICY,False,False,LOCAL_NSE_CA_API:corporate_actions_20190601_20190630.json,2019-06-06,NSE_F0C8DB46A2B5,BUYBACK,Optional tender buyback: RESOLVED_NO_DIRECT_HOLDER_ADJUSTMENT only under the explicit passive-holder assumption that the holder does not tender.,OPTIONAL_TENDER_BUYBACK,PASSIVE_HOLDER_DOES_NOT_TENDER,False,True,,,,,,,,,False,,,CA_9350eee1fada19cc6498_T1
KPRMILL,K.P.R. Mill Limited,EQ,1.0,Buyback,2019-06-18,2019-06-19,,,,,corporate_actions_20190601_20190630.json,NSE corporate actions API,BUYBACK,False,False,False,False,False,False,True,False,False,False,False,BUYBACK,,,,,,1,False,False,UNCHANGED,,NSE_03C46C5018D2,ACTIVE_DATE_MATCH,True,CA_f6e6f10a52cf94077800,2019-06-18,BUYBACK,RESOLVED_NO_DIRECT_HOLDER_ADJUSTMENT,0.0,1.0,0.0,NOT_APPLICABLE,2019-06-18,PASSIVE_HOLDER_NON_PARTICIPATION_POLICY,False,False,LOCAL_NSE_CA_API:corporate_actions_20190601_20190630.json,2019-06-18,NSE_03C46C5018D2,BUYBACK,Optional tender buyback: RESOLVED_NO_DIRECT_HOLDER_ADJUSTMENT only under the explicit passive-holder assumption that the holder does not tender.,OPTIONAL_TENDER_BUYBACK,PASSIVE_HOLDER_DOES_NOT_TENDER,False,True,,,,,,,,,False,,,CA_f6e6f10a52cf94077800_T1
SHK,S H Kelkar and Company Limited,EQ,10.0,Buyback,2019-06-19,2019-06-20,,,,,corporate_actions_20190601_20190630.json,NSE corporate actions API,BUYBACK,False,False,False,False,False,False,True,False,False,False,False,BUYBACK,,,,,,1,False,False,UNCHANGED,,NSE_F8512C975E62,ACTIVE_DATE_MATCH,True,CA_664e39b1b626dae76c9e,2019-06-19,BUYBACK,RESOLVED_NO_DIRECT_HOLDER_ADJUSTMENT,0.0,1.0,0.0,NOT_APPLICABLE,2019-06-19,PASSIVE_HOLDER_NON_PARTICIPATION_POLICY,False,False,LOCAL_NSE_CA_API:corporate_actions_20190601_20190630.json,2019-06-19,NSE_F8512C975E62,BUYBACK,Optional tender buyback: RESOLVED_NO_DIRECT_HOLDER_ADJUSTMENT only under the explicit passive-holder assumption that the holder does not tender.,OPTIONAL_TENDER_BUYBACK,PASSIVE_HOLDER_DOES_NOT_TENDER,False,True,,,,,,,,,False,,,CA_664e39b1b626dae76c9e_T1
ADANIPORTS,Adani Ports and Special Economic Zone Limited,EQ,2.0,Buyback,2019-06-20,2019-06-21,,,,,corporate_actions_20190601_20190630.json,NSE corporate actions API,BUYBACK,False,False,False,False,False,False,True,False,False,False,False,BUYBACK,,,,,,1,False,False,UNCHANGED,,NSE_D7198FEB3064,ACTIVE_DATE_MATCH,True,CA_43188b2ac31fdd5663ab,2019-06-20,BUYBACK,RESOLVED_NO_DIRECT_HOLDER_ADJUSTMENT,0.0,1.0,0.0,NOT_APPLICABLE,2019-06-20,PASSIVE_HOLDER_NON_PARTICIPATION_POLICY,False,False,LOCAL_NSE_CA_API:corporate_actions_20190601_20190630.json,2019-06-20,NSE_D7198FEB3064,BUYBACK,Optional tender buyback: RESOLVED_NO_DIRECT_HOLDER_ADJUSTMENT only under the explicit passive-holder assumption that the holder does not tender.,OPTIONAL_TENDER_BUYBACK,PASSIVE_HOLDER_DOES_NOT_TENDER,False,True,,,,,,,,,False,,,CA_43188b2ac31fdd5663ab_T1
WIPRO,Wipro Limited,EQ,2.0,Buyback,2019-06-20,2019-06-21,,,,,corporate_actions_20190601_20190630.json,NSE corporate actions API,BUYBACK,False,False,False,False,False,False,True,False,False,False,False,BUYBACK,,,,,,1,False,False,UNCHANGED,,NSE_060294DF8B9D,ACTIVE_DATE_MATCH,True,CA_cb65ba2274d39d1d7946,2019-06-20,BUYBACK,RESOLVED_NO_DIRECT_HOLDER_ADJUSTMENT,0.0,1.0,0.0,NOT_APPLICABLE,2019-06-20,PASSIVE_HOLDER_NON_PARTICIPATION_POLICY,False,False,LOCAL_NSE_CA_API:corporate_actions_20190601_20190630.json,2019-06-20,NSE_060294DF8B9D,BUYBACK,Optional tender buyback: RESOLVED_NO_DIRECT_HOLDER_ADJUSTMENT only under the explicit passive-holder assumption that the holder does not tender.,OPTIONAL_TENDER_BUYBACK,PASSIVE_HOLDER_DOES_NOT_TENDER,False,True,,,,,,,,,False,,,CA_cb65ba2274d39d1d7946_T1
STARCEMENT,Star Cement Limited,EQ,1.0,Buyback,2019-07-04,2019-07-05,,,,,corporate_actions_20190701_20190731.json,NSE corporate actions API,BUYBACK,False,False,False,False,False,False,True,False,False,False,False,BUYBACK,,,,,,1,False,False,UNCHANGED,,NSE_9ABAD18182CF,ACTIVE_DATE_MATCH,True,CA_e91a532406c77876f8fb,2019-07-04,BUYBACK,RESOLVED_NO_DIRECT_HOLDER_ADJUSTMENT,0.0,1.0,0.0,NOT_APPLICABLE,2019-07-04,PASSIVE_HOLDER_NON_PARTICIPATION_POLICY,False,False,LOCAL_NSE_CA_API:corporate_actions_20190701_20190731.json,2019-07-04,NSE_9ABAD18182CF,BUYBACK,Optional tender buyback: RESOLVED_NO_DIRECT_HOLDER_ADJUSTMENT only under the explicit passive-holder assumption that the holder does not tender.,OPTIONAL_TENDER_BUYBACK,PASSIVE_HOLDER_DOES_NOT_TENDER,False,True,,,,,,,,,False,,,CA_e91a532406c77876f8fb_T1
WELCORP,Welspun Corp Limited,EQ,5.0,Buyback,2019-07-04,2019-07-05,,,,,corporate_actions_20190701_20190731.json,NSE corporate actions API,BUYBACK,False,False,False,False,False,False,True,False,False,False,False,BUYBACK,,,,,,1,False,False,UNCHANGED,,NSE_DD6A0E2BA440,ACTIVE_DATE_MATCH,True,CA_4288b28f92141ab95d27,2019-07-04,BUYBACK,RESOLVED_NO_DIRECT_HOLDER_ADJUSTMENT,0.0,1.0,0.0,NOT_APPLICABLE,2019-07-04,PASSIVE_HOLDER_NON_PARTICIPATION_POLICY,False,False,LOCAL_NSE_CA_API:corporate_actions_20190701_20190731.json,2019-07-04,NSE_DD6A0E2BA440,BUYBACK,Optional tender buyback: RESOLVED_NO_DIRECT_HOLDER_ADJUSTMENT only under the explicit passive-holder assumption that the holder does not tender.,OPTIONAL_TENDER_BUYBACK,PASSIVE_HOLDER_DOES_NOT_TENDER,False,True,,,,,,,,,False,,,CA_4288b28f92141ab95d27_T1
GREAVESCOT,Greaves Cotton Limited,EQ,2.0,Buyback,2019-07-11,2019-07-12,,,,,corporate_actions_20190701_20190731.json,NSE corporate actions API,BUYBACK,False,False,False,False,False,False,True,False,False,False,False,BUYBACK,,,,,,1,False,False,UNCHANGED,,NSE_57BC5308EED3,ACTIVE_DATE_MATCH,True,CA_23751facfaa4aefe708e,2019-07-11,BUYBACK,RESOLVED_NO_DIRECT_HOLDER_ADJUSTMENT,0.0,1.0,0.0,NOT_APPLICABLE,2019-07-11,PASSIVE_HOLDER_NON_PARTICIPATION_POLICY,False,False,LOCAL_NSE_CA_API:corporate_actions_20190701_20190731.json,2019-07-11,NSE_57BC5308EED3,BUYBACK,Optional tender buyback: RESOLVED_NO_DIRECT_HOLDER_ADJUSTMENT only under the explicit passive-holder assumption that the holder does not tender.,OPTIONAL_TENDER_BUYBACK,PASSIVE_HOLDER_DOES_NOT_TENDER,False,True,,,,,,,,,False,,,CA_23751facfaa4aefe708e_T1
ERIS,Eris Lifesciences Limited,EQ,1.0,Buyback,2019-07-12,2019-07-15,,,,,corporate_actions_20190701_20190731.json,NSE corporate actions API,BUYBACK,False,False,False,False,False,False,True,False,False,False,False,BUYBACK,,,,,,1,False,False,UNCHANGED,,NSE_8CDF4E326200,ACTIVE_DATE_MATCH,True,CA_e110fee17e71e555507b,2019-07-12,BUYBACK,RESOLVED_NO_DIRECT_HOLDER_ADJUSTMENT,0.0,1.0,0.0,NOT_APPLICABLE,2019-07-12,PASSIVE_HOLDER_NON_PARTICIPATION_POLICY,False,False,LOCAL_NSE_CA_API:corporate_actions_20190701_20190731.json,2019-07-12,NSE_8CDF4E326200,BUYBACK,Optional tender buyback: RESOLVED_NO_DIRECT_HOLDER_ADJUSTMENT only under the explicit passive-holder assumption that the holder does not tender.,OPTIONAL_TENDER_BUYBACK,PASSIVE_HOLDER_DOES_NOT_TENDER,False,True,,,,,,,,,False,,,CA_e110fee17e71e555507b_T1
BSE,BSE Limited,EQ,2.0,Buyback,2019-07-26,2019-07-29,,,,,corporate_actions_20190701_20190731.json,NSE corporate actions API,BUYBACK,False,False,False,False,False,False,True,False,False,False,False,BUYBACK,,,,,,1,False,False,UNCHANGED,,NSE_421D2CAC1A97,ACTIVE_DATE_MATCH,True,CA_de4ec6fa8b80bb5c365f,2019-07-26,BUYBACK,RESOLVED_NO_DIRECT_HOLDER_ADJUSTMENT,0.0,1.0,0.0,NOT_APPLICABLE,2019-07-26,PASSIVE_HOLDER_NON_PARTICIPATION_POLICY,False,False,LOCAL_NSE_CA_API:corporate_actions_20190701_20190731.json,2019-07-26,NSE_421D2CAC1A97,BUYBACK,Optional tender buyback: RESOLVED_NO_DIRECT_HOLDER_ADJUSTMENT only under the explicit passive-holder assumption that the holder does not tender.,OPTIONAL_TENDER_BUYBACK,PASSIVE_HOLDER_DOES_NOT_TENDER,False,True,,,,,,,,,False,,,CA_de4ec6fa8b80bb5c365f_T1
BRITANNIA,Britannia Industries Limited,EQ,1.0,Scheme Of Arangement- Bonus - 1 Debenture For 1 Equity Share Held,2019-08-22,2019-08-23,,,,,corporate_actions_20190801_20190831.json,NSE corporate actions API,SCHEME OF ARANGEMENT- BONUS - 1 DEBENTURE FOR 1 EQUITY SHARE HELD,False,False,False,False,False,True,False,False,False,False,False,DEBENTURE_ENTITLEMENT,,,,,,1,False,True,RECLASSIFIED,A debenture entitlement is not an ordinary-equity bonus.,NSE_444C594AB9B7,ACTIVE_DATE_MATCH,True,CA_52dafdfb28d9f35d7326,2019-08-22,DEBENTURE_ENTITLEMENT,UNRESOLVED_STRUCTURAL_EVENT,,1.0,,NOT_APPLICABLE,,BLOCKED_POINT_IN_TIME_CONTRACTUAL_TERMS_INCOMPLETE,True,True,LOCAL_NSE_CA_API:corporate_actions_20190801_20190831.json;BRITANNIA_IM_2019;BRITANNIA_ALLOTMENT_2019_08_28;BRITANNIA_AR_2021_22_2019_EVENT;FIMMDA_VALUATION_CIRCULAR_2012,2019-08-22,NSE_444C594AB9B7,DEBENTURE_ENTITLEMENT,"The official scheme says the Board determines the coupon on the 2019-08-23 record date, after the 2019-08-22 equity ex-date. The later 8% coupon and 2019-08-28 allotment date are hindsight inputs for this valuation date. Contractual cash flows therefore cannot be constructed point in time; no yield or value is selected.",MANDATORY_BONUS_DEBENTURE_ENTITLEMENT,,False,False,,,,,,,,,False,,,CA_52dafdfb28d9f35d7326_T1
JBCHEPHARM,JB Chemicals & Pharmaceuticals Limited,EQ,1.0,Buyback,2019-11-21,2019-11-22,,,,,corporate_actions_20191101_20191130.json,NSE corporate actions API,BUYBACK,False,False,False,False,False,False,True,False,False,False,False,BUYBACK,,,,,,1,False,False,UNCHANGED,,NSE_3FEBC275AA7F,ACTIVE_DATE_MATCH,True,CA_b295cb3434ac5d1c49fb,2019-11-21,BUYBACK,RESOLVED_NO_DIRECT_HOLDER_ADJUSTMENT,0.0,1.0,0.0,NOT_APPLICABLE,2019-11-21,PASSIVE_HOLDER_NON_PARTICIPATION_POLICY,False,False,LOCAL_NSE_CA_API:corporate_actions_20191101_20191130.json,2019-11-21,NSE_3FEBC275AA7F,BUYBACK,Optional tender buyback: RESOLVED_NO_DIRECT_HOLDER_ADJUSTMENT only under the explicit passive-holder assumption that the holder does not tender.,OPTIONAL_TENDER_BUYBACK,PASSIVE_HOLDER_DOES_NOT_TENDER,False,True,,,,,,,,,False,,,CA_b295cb3434ac5d1c49fb_T1
KSCL,Kaveri Seed Company Limited,EQ,2.0,Buyback,2019-11-21,2019-11-22,,,,,corporate_actions_20191101_20191130.json,NSE corporate actions API,BUYBACK,False,False,False,False,False,False,True,False,False,False,False,BUYBACK,,,,,,1,False,False,UNCHANGED,,NSE_8B27DC002544,ACTIVE_DATE_MATCH,True,CA_dbd1509999b5821e4e50,2019-11-21,BUYBACK,RESOLVED_NO_DIRECT_HOLDER_ADJUSTMENT,0.0,1.0,0.0,NOT_APPLICABLE,2019-11-21,PASSIVE_HOLDER_NON_PARTICIPATION_POLICY,False,False,LOCAL_NSE_CA_API:corporate_actions_20191101_20191130.json,2019-11-21,NSE_8B27DC002544,BUYBACK,Optional tender buyback: RESOLVED_NO_DIRECT_HOLDER_ADJUSTMENT only under the explicit passive-holder assumption that the holder does not tender.,OPTIONAL_TENDER_BUYBACK,PASSIVE_HOLDER_DOES_NOT_TENDER,False,True,,,,,,,,,False,,,CA_dbd1509999b5821e4e50_T1
MOIL,MOIL Limited,EQ,10.0,Buyback,2019-11-26,2019-11-27,,,,,corporate_actions_20191101_20191130.json,NSE corporate actions API,BUYBACK,False,False,False,False,False,False,True,False,False,False,False,BUYBACK,,,,,,1,False,False,UNCHANGED,,NSE_D9F56642B79E,ACTIVE_DATE_MATCH,True,CA_8c76c8589ddac6641f61,2019-11-26,BUYBACK,RESOLVED_NO_DIRECT_HOLDER_ADJUSTMENT,0.0,1.0,0.0,NOT_APPLICABLE,2019-11-26,PASSIVE_HOLDER_NON_PARTICIPATION_POLICY,False,False,LOCAL_NSE_CA_API:corporate_actions_20191101_20191130.json,2019-11-26,NSE_D9F56642B79E,BUYBACK,Optional tender buyback: RESOLVED_NO_DIRECT_HOLDER_ADJUSTMENT only under the explicit passive-holder assumption that the holder does not tender.,OPTIONAL_TENDER_BUYBACK,PASSIVE_HOLDER_DOES_NOT_TENDER,False,True,,,,,,,,,False,,,CA_8c76c8589ddac6641f61_T1
PEL,Piramal Enterprises Limited,EQ,2.0,Rights 11:83 @ Premium Rs 1298/-,2019-12-30,2019-12-31,,,,,corporate_actions_20191201_20191231.json,NSE corporate actions API,RIGHTS 11:83 @ PREMIUM RS 1298/-,False,False,False,False,True,False,False,False,False,False,False,RIGHTS,,11.0,83.0,,,1,False,False,UNCHANGED,,NSE_A4B76A210E61,ACTIVE_DATE_MATCH,True,CA_a2ab6b95db9c9b3f4154,2019-12-30,RIGHTS,RESOLVED_RIGHTS_ENTITLEMENT,0.0,1.0,38.95638297872342,NOT_APPLICABLE,2019-12-30,THEORETICAL_EX_RIGHTS_VALUE_FROM_CUM_RIGHTS_PREVIOUS_CLOSE,True,False,LOCAL_NSE_CA_API:corporate_actions_20191201_20191231.json,2019-12-30,NSE_A4B76A210E61,RIGHTS,Issue price is event face value plus the premium stated in the official NSE corporate-action record. The passive holder injects no subscription cash. The entitlement is credited at its ex-date theoretical value from terms known by then; no later RE price or immediate-sale proceeds are used.,RIGHTS_ENTITLEMENT,PASSIVE_HOLDER_DOES_NOT_SUBSCRIBE;ENTITLEMENT_VALUED_BY_NSE_TERP_METHOD,False,False,0.13253012048192772,1300.0,1632.9,1585.05,PEL,INE140A01024,EQ,,False,,,CA_a2ab6b95db9c9b3f4154_T1
BAJAJELEC,Bajaj Electricals Limited,EQ,2.0,Rights 13:118 @ Premium Rs 308/-,2020-02-05,2020-02-06,,,,,corporate_actions_20200201_20200229.json,NSE corporate actions API,RIGHTS 13:118 @ PREMIUM RS 308/-,False,False,False,False,True,False,False,False,False,False,False,RIGHTS,,13.0,118.0,,,1,False,False,UNCHANGED,,NSE_E058EC23D204,ACTIVE_DATE_MATCH,True,CA_3db99df52eb2a772541c,2020-02-05,RIGHTS,RESOLVED_RIGHTS_ENTITLEMENT,0.0,1.0,9.968320610687021,NOT_APPLICABLE,2020-02-05,THEORETICAL_EX_RIGHTS_VALUE_FROM_CUM_RIGHTS_PREVIOUS_CLOSE,True,False,LOCAL_NSE_CA_API:corporate_actions_20200201_20200229.json,2020-02-05,NSE_E058EC23D204,RIGHTS,Issue price is event face value plus the premium stated in the official NSE corporate-action record. The passive holder injects no subscription cash. The entitlement is credited at its ex-date theoretical value from terms known by then; no later RE price or immediate-sale proceeds are used.,RIGHTS_ENTITLEMENT,PASSIVE_HOLDER_DOES_NOT_SUBSCRIBE;ENTITLEMENT_VALUED_BY_NSE_TERP_METHOD,False,False,0.11016949152542373,310.0,410.45,411.6,BAJAJELEC,INE193E01025,EQ,,False,,,CA_3db99df52eb2a772541c_T1
ARVINDFASN,Arvind Fashions Limited,EQ,4.0,Rights 16:47 @ Premium Rs 146/-,2020-03-17,2020-03-18,,,,,corporate_actions_20200301_20200331.json,NSE corporate actions API,RIGHTS 16:47 @ PREMIUM RS 146/-,False,False,False,False,True,False,False,False,False,False,False,RIGHTS,,16.0,47.0,,,1,False,False,UNCHANGED,,NSE_806A916D3197,ACTIVE_DATE_MATCH,True,CA_758d680e2a393c7f4c64,2020-03-17,RIGHTS,RESOLVED_RIGHTS_ENTITLEMENT,0.0,1.0,23.834920634920632,NOT_APPLICABLE,2020-03-17,THEORETICAL_EX_RIGHTS_VALUE_FROM_CUM_RIGHTS_PREVIOUS_CLOSE,True,False,LOCAL_NSE_CA_API:corporate_actions_20200301_20200331.json,2020-03-17,NSE_806A916D3197,RIGHTS,Issue price is event face value plus the premium stated in the official NSE corporate-action record. The passive holder injects no subscription cash. The entitlement is credited at its ex-date theoretical value from terms known by then; no later RE price or immediate-sale proceeds are used.,RIGHTS_ENTITLEMENT,PASSIVE_HOLDER_DOES_NOT_SUBSCRIBE;ENTITLEMENT_VALUED_BY_NSE_TERP_METHOD,False,False,0.3404255319148936,150.0,243.85,206.2,ARVINDFASN,INE955V01021,EQ,ARVINDF-RE,True,2020-06-29,2020-07-13,CA_758d680e2a393c7f4c64_T1
GRANULES,Granules India Limited,EQ,1.0,Buyback,2020-03-19,2020-03-20,,,,,corporate_actions_20200301_20200331.json,NSE corporate actions API,BUYBACK,False,False,False,False,False,False,True,False,False,False,False,BUYBACK,,,,,,1,False,False,UNCHANGED,,NSE_148E052CEC64,ACTIVE_DATE_MATCH,True,CA_897416730fe6f16eeeeb,2020-03-19,BUYBACK,RESOLVED_NO_DIRECT_HOLDER_ADJUSTMENT,0.0,1.0,0.0,NOT_APPLICABLE,2020-03-19,PASSIVE_HOLDER_NON_PARTICIPATION_POLICY,False,False,LOCAL_NSE_CA_API:corporate_actions_20200301_20200331.json,2020-03-19,NSE_148E052CEC64,BUYBACK,Optional tender buyback: RESOLVED_NO_DIRECT_HOLDER_ADJUSTMENT only under the explicit passive-holder assumption that the holder does not tender.,OPTIONAL_TENDER_BUYBACK,PASSIVE_HOLDER_DOES_NOT_TENDER,False,True,,,,,,,,,False,,,CA_897416730fe6f16eeeeb_T1
RELIANCE,Reliance Industries Limited,EQ,10.0,Rights 1:15 @ Premium Rs 1247,2020-05-13,2020-05-14,,,,,corporate_actions_20200501_20200531.json,NSE corporate actions API,RIGHTS 1:15 @ PREMIUM RS 1247,False,False,False,False,True,False,False,False,False,False,False,RIGHTS,,1.0,15.0,,,1,False,False,UNCHANGED,,NSE_B81E8F19FC12,ACTIVE_DATE_MATCH,True,CA_2500a7f61e23313a4270,2020-05-13,RIGHTS,RESOLVED_RIGHTS_ENTITLEMENT,0.0,1.0,13.890625,NOT_APPLICABLE,2020-05-13,THEORETICAL_EX_RIGHTS_VALUE_FROM_CUM_RIGHTS_PREVIOUS_CLOSE,True,False,LOCAL_NSE_CA_API:corporate_actions_20200501_20200531.json,2020-05-13,NSE_B81E8F19FC12,RIGHTS,Issue price is event face value plus the premium stated in the official NSE corporate-action record. The passive holder injects no subscription cash. The entitlement is credited at its ex-date theoretical value from terms known by then; no later RE price or immediate-sale proceeds are used.,RIGHTS_ENTITLEMENT,PASSIVE_HOLDER_DOES_NOT_SUBSCRIBE;ENTITLEMENT_VALUED_BY_NSE_TERP_METHOD,False,False,0.06666666666666667,1257.0,1479.25,1496.45,RELIANCE,INE002A01018,EQ,RIL-RE,True,2020-05-20,2020-05-29,CA_2500a7f61e23313a4270_T1
ABFRL,Aditya Birla Fashion and Retail Limited,EQ,10.0,Rights 9:77 Partly Paid @ Premium Rs 100/-,2020-06-30,2020-07-01,,,,,corporate_actions_20200601_20200630.json,NSE corporate actions API,RIGHTS 9:77 PARTLY PAID @ PREMIUM RS 100/-,False,False,False,False,True,False,False,False,False,False,False,RIGHTS,,9.0,77.0,,,1,False,False,UNCHANGED,,NSE_D6EC0847F646,ACTIVE_DATE_MATCH,True,CA_a13bc7ec6986a3b55127,2020-06-30,RIGHTS,RESOLVED_RIGHTS_ENTITLEMENT,0.0,1.0,1.8209302325581402,NOT_APPLICABLE,2020-06-30,THEORETICAL_EX_RIGHTS_VALUE_FROM_CUM_RIGHTS_PREVIOUS_CLOSE,True,False,LOCAL_NSE_CA_API:corporate_actions_20200601_20200630.json;ABFRL_RIGHTS_ISSUE_AD_2020,2020-06-30,NSE_D6EC0847F646,RIGHTS,Issue price is event face value plus the premium stated in the official NSE corporate-action record. The passive holder injects no subscription cash. The entitlement is credited at its ex-date theoretical value from terms known by then; no later RE price or immediate-sale proceeds are used.,RIGHTS_ENTITLEMENT,PASSIVE_HOLDER_DOES_NOT_SUBSCRIBE;ENTITLEMENT_VALUED_BY_NSE_TERP_METHOD,False,False,0.11688311688311688,110.0,127.4,125.3,ABFRL,INE647O01011,EQ,ABFRL-RE,True,2020-07-08,2020-07-17,CA_a13bc7ec6986a3b55127_T1
BALRAMCHIN,Balrampur Chini Mills Limited,EQ,1.0,Buyback,2020-07-02,2020-07-03,,,,,corporate_actions_20200701_20200731.json,NSE corporate actions API,BUYBACK,False,False,False,False,False,False,True,False,False,False,False,BUYBACK,,,,,,1,False,False,UNCHANGED,,NSE_D7CAF5D174A7,ACTIVE_DATE_MATCH,True,CA_229ec1664eea14c78435,2020-07-02,BUYBACK,RESOLVED_NO_DIRECT_HOLDER_ADJUSTMENT,0.0,1.0,0.0,NOT_APPLICABLE,2020-07-02,PASSIVE_HOLDER_NON_PARTICIPATION_POLICY,False,False,LOCAL_NSE_CA_API:corporate_actions_20200701_20200731.json,2020-07-02,NSE_D7CAF5D174A7,BUYBACK,Optional tender buyback: RESOLVED_NO_DIRECT_HOLDER_ADJUSTMENT only under the explicit passive-holder assumption that the holder does not tender.,OPTIONAL_TENDER_BUYBACK,PASSIVE_HOLDER_DOES_NOT_TENDER,False,True,,,,,,,,,False,,,CA_229ec1664eea14c78435_T1
JUSTDIAL,Just Dial Limited,EQ,10.0,Buyback,2020-07-02,2020-07-03,,,,,corporate_actions_20200701_20200731.json,NSE corporate actions API,BUYBACK,False,False,False,False,False,False,True,False,False,False,False,BUYBACK,,,,,,1,False,False,UNCHANGED,,NSE_855E4F920F23,ACTIVE_DATE_MATCH,True,CA_e7b7995945e2287a8311,2020-07-02,BUYBACK,RESOLVED_NO_DIRECT_HOLDER_ADJUSTMENT,0.0,1.0,0.0,NOT_APPLICABLE,2020-07-02,PASSIVE_HOLDER_NON_PARTICIPATION_POLICY,False,False,LOCAL_NSE_CA_API:corporate_actions_20200701_20200731.json,2020-07-02,NSE_855E4F920F23,BUYBACK,Optional tender buyback: RESOLVED_NO_DIRECT_HOLDER_ADJUSTMENT only under the explicit passive-holder assumption that the holder does not tender.,OPTIONAL_TENDER_BUYBACK,PASSIVE_HOLDER_DOES_NOT_TENDER,False,True,,,,,,,,,False,,,CA_e7b7995945e2287a8311_T1
SHRIRAMFIN,Shriram Finance Limited,EQ,2.0,Rights 3:26 @ Premium Rs 560/-,2020-07-09,2020-07-10,,,,,corporate_actions_20200701_20200731.json,NSE corporate actions API,RIGHTS 3:26 @ PREMIUM RS 560/-,False,False,False,False,True,False,False,False,False,False,False,RIGHTS,,3.0,26.0,,,1,False,False,UNCHANGED,,NSE_DB2FD1378512,UNIQUE_SYMBOL_HISTORY,True,CA_f286c21e44d3001e2272,2020-07-09,RIGHTS,RESOLVED_RIGHTS_ENTITLEMENT,0.0,1.0,20.265517241379307,NOT_APPLICABLE,2020-07-09,THEORETICAL_EX_RIGHTS_VALUE_FROM_CUM_RIGHTS_PREVIOUS_CLOSE,True,False,LOCAL_NSE_CA_API:corporate_actions_20200701_20200731.json,2020-07-09,NSE_DB2FD1378512,RIGHTS,Issue price is event face value plus the premium stated in the official NSE corporate-action record. The passive holder injects no subscription cash. The entitlement is credited at its ex-date theoretical value from terms known by then; no later RE price or immediate-sale proceeds are used.,RIGHTS_ENTITLEMENT,PASSIVE_HOLDER_DOES_NOT_SUBSCRIBE;ENTITLEMENT_VALUED_BY_NSE_TERP_METHOD,False,False,0.11538461538461539,562.0,757.9,721.4,SRTRANSFIN,INE721A01013,EQ,SRTRANS-RE,True,2020-07-16,2020-07-24,CA_f286c21e44d3001e2272_T1
M&MFIN,Mahindra & Mahindra Financial Services Limited,EQ,2.0,Rights 1:1 @ Premium Rs 48/-,2020-07-22,2020-07-23,,,,,corporate_actions_20200701_20200731.json,NSE corporate actions API,RIGHTS 1:1 @ PREMIUM RS 48/-,False,False,False,False,True,False,False,False,False,False,False,RIGHTS,,1.0,1.0,,,1,False,False,UNCHANGED,,NSE_57BCD151AF77,ACTIVE_DATE_MATCH,True,CA_44f2e47b9cad75bc7d5d,2020-07-22,RIGHTS,RESOLVED_RIGHTS_ENTITLEMENT,0.0,1.0,88.95,NOT_APPLICABLE,2020-07-22,THEORETICAL_EX_RIGHTS_VALUE_FROM_CUM_RIGHTS_PREVIOUS_CLOSE,True,False,LOCAL_NSE_CA_API:corporate_actions_20200701_20200731.json,2020-07-22,NSE_57BCD151AF77,RIGHTS,Issue price is event face value plus the premium stated in the official NSE corporate-action record. The passive holder injects no subscription cash. The entitlement is credited at its ex-date theoretical value from terms known by then; no later RE price or immediate-sale proceeds are used.,RIGHTS_ENTITLEMENT,PASSIVE_HOLDER_DOES_NOT_SUBSCRIBE;ENTITLEMENT_VALUED_BY_NSE_TERP_METHOD,False,False,1.0,50.0,227.9,153.85,M&MFIN,INE774D01024,EQ,M&MFIN-RE,True,2020-07-28,2020-08-07,CA_44f2e47b9cad75bc7d5d_T1
UNOMINDA,UNO Minda Limited,EQ,2.0,Rights 1:27 @ Premium Rs 248/-,2020-08-14,2020-08-17,,,,,corporate_actions_20200801_20200831.json,NSE corporate actions API,RIGHTS 1:27 @ PREMIUM RS 248/-,False,False,False,False,True,False,False,False,False,False,False,RIGHTS,,1.0,27.0,,,1,False,False,UNCHANGED,,NSE_48390A9F12CC,UNIQUE_SYMBOL_HISTORY,True,CA_277f0c578cd42848896a,2020-08-14,RIGHTS,RESOLVED_RIGHTS_ENTITLEMENT,0.0,1.0,1.4553571428571428,NOT_APPLICABLE,2020-08-14,THEORETICAL_EX_RIGHTS_VALUE_FROM_CUM_RIGHTS_PREVIOUS_CLOSE,True,False,LOCAL_NSE_CA_API:corporate_actions_20200801_20200831.json,2020-08-14,NSE_48390A9F12CC,RIGHTS,Issue price is event face value plus the premium stated in the official NSE corporate-action record. The passive holder injects no subscription cash. The entitlement is credited at its ex-date theoretical value from terms known by then; no later RE price or immediate-sale proceeds are used.,RIGHTS_ENTITLEMENT,PASSIVE_HOLDER_DOES_NOT_SUBSCRIBE;ENTITLEMENT_VALUED_BY_NSE_TERP_METHOD,False,False,0.037037037037037035,250.0,290.75,285.1,MINDAIND,INE405E01023,EQ,MINDA-RE,True,2020-08-25,2020-09-03,CA_277f0c578cd42848896a_T1
FDC,FDC Limited,EQ,1.0,Buyback,2020-08-20,2020-08-21,,,,,corporate_actions_20200801_20200831.json,NSE corporate actions API,BUYBACK,False,False,False,False,False,False,True,False,False,False,False,BUYBACK,,,,,,1,False,False,UNCHANGED,,NSE_F0C8DB46A2B5,ACTIVE_DATE_MATCH,True,CA_fa3688398d1df9452d6a,2020-08-20,BUYBACK,RESOLVED_NO_DIRECT_HOLDER_ADJUSTMENT,0.0,1.0,0.0,NOT_APPLICABLE,2020-08-20,PASSIVE_HOLDER_NON_PARTICIPATION_POLICY,False,False,LOCAL_NSE_CA_API:corporate_actions_20200801_20200831.json,2020-08-20,NSE_F0C8DB46A2B5,BUYBACK,Optional tender buyback: RESOLVED_NO_DIRECT_HOLDER_ADJUSTMENT only under the explicit passive-holder assumption that the holder does not tender.,OPTIONAL_TENDER_BUYBACK,PASSIVE_HOLDER_DOES_NOT_TENDER,False,True,,,,,,,,,False,,,CA_fa3688398d1df9452d6a_T1
EIHOTEL,EIH Limited,EQ,2.0,Rights 8:85 @ Premium Rs 63/-,2020-09-22,2020-09-23,,,,,corporate_actions_20200901_20200930.json,NSE corporate actions API,RIGHTS 8:85 @ PREMIUM RS 63/-,False,False,False,False,True,False,False,False,False,False,False,RIGHTS,,8.0,85.0,,,1,False,False,UNCHANGED,,NSE_80C803A57277,ACTIVE_DATE_MATCH,True,CA_89880ca496e160e03b39,2020-09-22,RIGHTS,RESOLVED_RIGHTS_ENTITLEMENT,0.0,1.0,1.6043010752688176,NOT_APPLICABLE,2020-09-22,THEORETICAL_EX_RIGHTS_VALUE_FROM_CUM_RIGHTS_PREVIOUS_CLOSE,True,False,LOCAL_NSE_CA_API:corporate_actions_20200901_20200930.json,2020-09-22,NSE_80C803A57277,RIGHTS,Issue price is event face value plus the premium stated in the official NSE corporate-action record. The passive holder injects no subscription cash. The entitlement is credited at its ex-date theoretical value from terms known by then; no later RE price or immediate-sale proceeds are used.,RIGHTS_ENTITLEMENT,PASSIVE_HOLDER_DOES_NOT_SUBSCRIBE;ENTITLEMENT_VALUED_BY_NSE_TERP_METHOD,False,False,0.09411764705882353,65.0,83.65,78.3,EIHOTEL,INE230A01023,EQ,EIH-RE,True,2020-09-29,2020-10-08,CA_89880ca496e160e03b39_T1
DHANUKA,Dhanuka Agritech Limited,EQ,2.0,Buyback,2020-09-25,2020-09-28,,,,,corporate_actions_20200901_20200930.json,NSE corporate actions API,BUYBACK,False,False,False,False,False,False,True,False,False,False,False,BUYBACK,,,,,,1,False,False,UNCHANGED,,NSE_9891A0739E64,ACTIVE_DATE_MATCH,True,CA_de57f98a3b2b159341f5,2020-09-25,BUYBACK,RESOLVED_NO_DIRECT_HOLDER_ADJUSTMENT,0.0,1.0,0.0,NOT_APPLICABLE,2020-09-25,PASSIVE_HOLDER_NON_PARTICIPATION_POLICY,False,False,LOCAL_NSE_CA_API:corporate_actions_20200901_20200930.json,2020-09-25,NSE_9891A0739E64,BUYBACK,Optional tender buyback: RESOLVED_NO_DIRECT_HOLDER_ADJUSTMENT only under the explicit passive-holder assumption that the holder does not tender.,OPTIONAL_TENDER_BUYBACK,PASSIVE_HOLDER_DOES_NOT_TENDER,False,True,,,,,,,,,False,,,CA_de57f98a3b2b159341f5_T1
RITES,RITES Limited,EQ,10.0,Buyback,2020-09-29,2020-09-30,,,,,corporate_actions_20200901_20200930.json,NSE corporate actions API,BUYBACK,False,False,False,False,False,False,True,False,False,False,False,BUYBACK,,,,,,1,False,False,UNCHANGED,,NSE_88F316E09646,ACTIVE_DATE_MATCH,True,CA_a345d1a226c9ba9d8f4a,2020-09-29,BUYBACK,RESOLVED_NO_DIRECT_HOLDER_ADJUSTMENT,0.0,1.0,0.0,NOT_APPLICABLE,2020-09-29,PASSIVE_HOLDER_NON_PARTICIPATION_POLICY,False,False,LOCAL_NSE_CA_API:corporate_actions_20200901_20200930.json,2020-09-29,NSE_88F316E09646,BUYBACK,Optional tender buyback: RESOLVED_NO_DIRECT_HOLDER_ADJUSTMENT only under the explicit passive-holder assumption that the holder does not tender.,OPTIONAL_TENDER_BUYBACK,PASSIVE_HOLDER_DOES_NOT_TENDER,False,True,,,,,,,,,False,,,CA_a345d1a226c9ba9d8f4a_T1
AJANTPHARM,Ajanta Pharma Limited,EQ,2.0,Buyback,2020-11-12,2020-11-13,,,,,corporate_actions_20201101_20201130.json,NSE corporate actions API,BUYBACK,False,False,False,False,False,False,True,False,False,False,False,BUYBACK,,,,,,1,False,False,UNCHANGED,,NSE_790EA781FCF2,ACTIVE_DATE_MATCH,True,CA_1880042c077da550cf01,2020-11-12,BUYBACK,RESOLVED_NO_DIRECT_HOLDER_ADJUSTMENT,0.0,1.0,0.0,NOT_APPLICABLE,2020-11-12,PASSIVE_HOLDER_NON_PARTICIPATION_POLICY,False,False,LOCAL_NSE_CA_API:corporate_actions_20201101_20201130.json,2020-11-12,NSE_790EA781FCF2,BUYBACK,Optional tender buyback: RESOLVED_NO_DIRECT_HOLDER_ADJUSTMENT only under the explicit passive-holder assumption that the holder does not tender.,OPTIONAL_TENDER_BUYBACK,PASSIVE_HOLDER_DOES_NOT_TENDER,False,True,,,,,,,,,False,,,CA_1880042c077da550cf01_T1
NTPC,NTPC Limited,EQ,10.0,Buy-Back,2020-11-12,2020-11-13,,,,,corporate_actions_20201101_20201130.json,NSE corporate actions API,BUY-BACK,False,False,False,False,False,False,True,False,False,False,False,BUYBACK,,,,,,1,False,False,UNCHANGED,,NSE_4FB8019524D0,ACTIVE_DATE_MATCH,True,CA_d28aa0bbe72583d641af,2020-11-12,BUYBACK,RESOLVED_NO_DIRECT_HOLDER_ADJUSTMENT,0.0,1.0,0.0,NOT_APPLICABLE,2020-11-12,PASSIVE_HOLDER_NON_PARTICIPATION_POLICY,False,False,LOCAL_NSE_CA_API:corporate_actions_20201101_20201130.json,2020-11-12,NSE_4FB8019524D0,BUYBACK,Optional tender buyback: RESOLVED_NO_DIRECT_HOLDER_ADJUSTMENT only under the explicit passive-holder assumption that the holder does not tender.,OPTIONAL_TENDER_BUYBACK,PASSIVE_HOLDER_DOES_NOT_TENDER,False,True,,,,,,,,,False,,,CA_d28aa0bbe72583d641af_T1
SHOPERSTOP,Shoppers Stop Limited,EQ,5.0,Rights 17:70 @ Premium Rs 135/-,2020-11-19,2020-11-20,,,,,corporate_actions_20201101_20201130.json,NSE corporate actions API,RIGHTS 17:70 @ PREMIUM RS 135/-,False,False,False,False,True,False,False,False,False,False,False,RIGHTS,,17.0,70.0,,,1,False,False,UNCHANGED,,NSE_FA3A03D8F627,ACTIVE_DATE_MATCH,True,CA_d2e845c32995ee672159,2020-11-19,RIGHTS,RESOLVED_RIGHTS_ENTITLEMENT,0.0,1.0,10.248850574712641,NOT_APPLICABLE,2020-11-19,THEORETICAL_EX_RIGHTS_VALUE_FROM_CUM_RIGHTS_PREVIOUS_CLOSE,True,False,LOCAL_NSE_CA_API:corporate_actions_20201101_20201130.json,2020-11-19,NSE_FA3A03D8F627,RIGHTS,Issue price is event face value plus the premium stated in the official NSE corporate-action record. The passive holder injects no subscription cash. The entitlement is credited at its ex-date theoretical value from terms known by then; no later RE price or immediate-sale proceeds are used.,RIGHTS_ENTITLEMENT,PASSIVE_HOLDER_DOES_NOT_SUBSCRIBE;ENTITLEMENT_VALUED_BY_NSE_TERP_METHOD,False,False,0.24285714285714285,140.0,192.45,181.25,SHOPERSTOP,INE498B01024,EQ,SHOPER-RE,True,2020-11-27,2020-12-07,CA_d2e845c32995ee672159_T1
TCS,Tata Consultancy Services Limited,EQ,1.0,Buyback,2020-11-26,2020-11-28,,,,,corporate_actions_20201101_20201130.json,NSE corporate actions API,BUYBACK,False,False,False,False,False,False,True,False,False,False,False,BUYBACK,,,,,,1,False,False,UNCHANGED,,NSE_DBD0EB2724E0,ACTIVE_DATE_MATCH,True,CA_6d9f43c44373f2de8a6c,2020-11-26,BUYBACK,RESOLVED_NO_DIRECT_HOLDER_ADJUSTMENT,0.0,1.0,0.0,NOT_APPLICABLE,2020-11-26,PASSIVE_HOLDER_NON_PARTICIPATION_POLICY,False,False,LOCAL_NSE_CA_API:corporate_actions_20201101_20201130.json,2020-11-26,NSE_DBD0EB2724E0,BUYBACK,Optional tender buyback: RESOLVED_NO_DIRECT_HOLDER_ADJUSTMENT only under the explicit passive-holder assumption that the holder does not tender.,OPTIONAL_TENDER_BUYBACK,PASSIVE_HOLDER_DOES_NOT_TENDER,False,True,,,,,,,,,False,,,CA_6d9f43c44373f2de8a6c_T1
GARFIBRES,Garware Technical Fibres Limited,EQ,10.0,Buyback,2020-12-10,2020-12-11,,,,,corporate_actions_20201201_20201231.json,NSE corporate actions API,BUYBACK,False,False,False,False,False,False,True,False,False,False,False,BUYBACK,,,,,,1,False,False,UNCHANGED,,NSE_11DA18056321,ACTIVE_DATE_MATCH,True,CA_f2bc299683b40458c456,2020-12-10,BUYBACK,RESOLVED_NO_DIRECT_HOLDER_ADJUSTMENT,0.0,1.0,0.0,NOT_APPLICABLE,2020-12-10,PASSIVE_HOLDER_NON_PARTICIPATION_POLICY,False,False,LOCAL_NSE_CA_API:corporate_actions_20201201_20201231.json,2020-12-10,NSE_11DA18056321,BUYBACK,Optional tender buyback: RESOLVED_NO_DIRECT_HOLDER_ADJUSTMENT only under the explicit passive-holder assumption that the holder does not tender.,OPTIONAL_TENDER_BUYBACK,PASSIVE_HOLDER_DOES_NOT_TENDER,False,True,,,,,,,,,False,,,CA_f2bc299683b40458c456_T1
WIPRO,Wipro Limited,EQ,2.0,Buyback,2020-12-10,2020-12-11,,,,,corporate_actions_20201201_20201231.json,NSE corporate actions API,BUYBACK,False,False,False,False,False,False,True,False,False,False,False,BUYBACK,,,,,,1,False,False,UNCHANGED,,NSE_060294DF8B9D,ACTIVE_DATE_MATCH,True,CA_89e54b82eda7c5ccefe7,2020-12-10,BUYBACK,RESOLVED_NO_DIRECT_HOLDER_ADJUSTMENT,0.0,1.0,0.0,NOT_APPLICABLE,2020-12-10,PASSIVE_HOLDER_NON_PARTICIPATION_POLICY,False,False,LOCAL_NSE_CA_API:corporate_actions_20201201_20201231.json,2020-12-10,NSE_060294DF8B9D,BUYBACK,Optional tender buyback: RESOLVED_NO_DIRECT_HOLDER_ADJUSTMENT only under the explicit passive-holder assumption that the holder does not tender.,OPTIONAL_TENDER_BUYBACK,PASSIVE_HOLDER_DOES_NOT_TENDER,False,True,,,,,,,,,False,,,CA_89e54b82eda7c5ccefe7_T1
ENGINERSIN,Engineers India Limited,EQ,5.0,Buyback,2020-12-31,2021-01-01,,,,,corporate_actions_20201201_20201231.json,NSE corporate actions API,BUYBACK,False,False,False,False,False,False,True,False,False,False,False,BUYBACK,,,,,,1,False,False,UNCHANGED,,NSE_7468CCFC85B1,ACTIVE_DATE_MATCH,True,CA_fbb342e432075b9e1da4,2020-12-31,BUYBACK,RESOLVED_NO_DIRECT_HOLDER_ADJUSTMENT,0.0,1.0,0.0,NOT_APPLICABLE,2020-12-31,PASSIVE_HOLDER_NON_PARTICIPATION_POLICY,False,False,LOCAL_NSE_CA_API:corporate_actions_20201201_20201231.json,2020-12-31,NSE_7468CCFC85B1,BUYBACK,Optional tender buyback: RESOLVED_NO_DIRECT_HOLDER_ADJUSTMENT only under the explicit passive-holder assumption that the holder does not tender.,OPTIONAL_TENDER_BUYBACK,PASSIVE_HOLDER_DOES_NOT_TENDER,False,True,,,,,,,,,False,,,CA_fbb342e432075b9e1da4_T1
GAIL,GAIL (India) Limited,EQ,10.0,Buyback,2021-01-27,2021-01-28,,,,,corporate_actions_20210101_20210131.json,NSE corporate actions API,BUYBACK,False,False,False,False,False,False,True,False,False,False,False,BUYBACK,,,,,,1,False,False,UNCHANGED,,NSE_1A8C5F9B8D6A,ACTIVE_DATE_MATCH,True,CA_4fcb783786703c6fdf9c,2021-01-27,BUYBACK,RESOLVED_NO_DIRECT_HOLDER_ADJUSTMENT,0.0,1.0,0.0,NOT_APPLICABLE,2021-01-27,PASSIVE_HOLDER_NON_PARTICIPATION_POLICY,False,False,LOCAL_NSE_CA_API:corporate_actions_20210101_20210131.json,2021-01-27,NSE_1A8C5F9B8D6A,BUYBACK,Optional tender buyback: RESOLVED_NO_DIRECT_HOLDER_ADJUSTMENT only under the explicit passive-holder assumption that the holder does not tender.,OPTIONAL_TENDER_BUYBACK,PASSIVE_HOLDER_DOES_NOT_TENDER,False,True,,,,,,,,,False,,,CA_4fcb783786703c6fdf9c_T1
NATIONALUM,National Aluminium Company Limited,EQ,5.0,Buyback,2021-02-05,2021-02-08,,,,,corporate_actions_20210201_20210228.json,NSE corporate actions API,BUYBACK,False,False,False,False,False,False,True,False,False,False,False,BUYBACK,,,,,,1,False,False,UNCHANGED,,NSE_F7764D2643B0,ACTIVE_DATE_MATCH,True,CA_3f35dba1c173c81efd3e,2021-02-05,BUYBACK,RESOLVED_NO_DIRECT_HOLDER_ADJUSTMENT,0.0,1.0,0.0,NOT_APPLICABLE,2021-02-05,PASSIVE_HOLDER_NON_PARTICIPATION_POLICY,False,False,LOCAL_NSE_CA_API:corporate_actions_20210201_20210228.json,2021-02-05,NSE_F7764D2643B0,BUYBACK,Optional tender buyback: RESOLVED_NO_DIRECT_HOLDER_ADJUSTMENT only under the explicit passive-holder assumption that the holder does not tender.,OPTIONAL_TENDER_BUYBACK,PASSIVE_HOLDER_DOES_NOT_TENDER,False,True,,,,,,,,,False,,,CA_3f35dba1c173c81efd3e_T1
AARTIDRUGS,Aarti Drugs Limited,EQ,10.0,Buyback,2021-03-30,2021-04-01,,,,,corporate_actions_20210301_20210331.json,NSE corporate actions API,BUYBACK,False,False,False,False,False,False,True,False,False,False,False,BUYBACK,,,,,,1,False,False,UNCHANGED,,NSE_6B14B0471978,ACTIVE_DATE_MATCH,True,CA_bb90e8e34176183ba02e,2021-03-30,BUYBACK,RESOLVED_NO_DIRECT_HOLDER_ADJUSTMENT,0.0,1.0,0.0,NOT_APPLICABLE,2021-03-30,PASSIVE_HOLDER_NON_PARTICIPATION_POLICY,False,False,LOCAL_NSE_CA_API:corporate_actions_20210301_20210331.json,2021-03-30,NSE_6B14B0471978,BUYBACK,Optional tender buyback: RESOLVED_NO_DIRECT_HOLDER_ADJUSTMENT only under the explicit passive-holder assumption that the holder does not tender.,OPTIONAL_TENDER_BUYBACK,PASSIVE_HOLDER_DOES_NOT_TENDER,False,True,,,,,,,,,False,,,CA_bb90e8e34176183ba02e_T1
SIS,SIS LIMITED,EQ,5.0,Buyback,2021-04-08,2021-04-09,,,,,corporate_actions_20210401_20210430.json,NSE corporate actions API,BUYBACK,False,False,False,False,False,False,True,False,False,False,False,BUYBACK,,,,,,1,False,False,UNCHANGED,,NSE_C457B5E6B67B,ACTIVE_DATE_MATCH,True,CA_2aa66afe22828ae68479,2021-04-08,BUYBACK,RESOLVED_NO_DIRECT_HOLDER_ADJUSTMENT,0.0,1.0,0.0,NOT_APPLICABLE,2021-04-08,PASSIVE_HOLDER_NON_PARTICIPATION_POLICY,False,False,LOCAL_NSE_CA_API:corporate_actions_20210401_20210430.json,2021-04-08,NSE_C457B5E6B67B,BUYBACK,Optional tender buyback: RESOLVED_NO_DIRECT_HOLDER_ADJUSTMENT only under the explicit passive-holder assumption that the holder does not tender.,OPTIONAL_TENDER_BUYBACK,PASSIVE_HOLDER_DOES_NOT_TENDER,False,True,,,,,,,,,False,,,CA_2aa66afe22828ae68479_T1
BRITANNIA,Britannia Industries Limited,EQ,1.0,Scheme Of Arangement- Bonus - 1 Debenture For 1 Equity Share Held,2021-05-25,2021-05-27,,,,,corporate_actions_20210501_20210531.json,NSE corporate actions API,SCHEME OF ARANGEMENT- BONUS - 1 DEBENTURE FOR 1 EQUITY SHARE HELD,False,False,False,False,False,True,False,False,False,False,False,DEBENTURE_ENTITLEMENT,,,,,,1,False,True,RECLASSIFIED,A debenture entitlement is not an ordinary-equity bonus.,NSE_444C594AB9B7,ACTIVE_DATE_MATCH,True,CA_9d29c825ee80b650567a,2021-05-25,DEBENTURE_ENTITLEMENT,UNRESOLVED_STRUCTURAL_EVENT,,1.0,,NOT_APPLICABLE,,BLOCKED_POINT_IN_TIME_CONTRACTUAL_TERMS_INCOMPLETE,True,True,LOCAL_NSE_CA_API:corporate_actions_20210501_20210531.json;BRITANNIA_TERMS_2021_05_21;BRITANNIA_ALLOTMENT_2021_06_03;BRITANNIA_AR_2021_22_2021_EVENT;FIMMDA_VALUATION_CIRCULAR_2012,2021-05-25,NSE_444C594AB9B7,DEBENTURE_ENTITLEMENT,The 2021-05-21 official terms state that the Board will determine the coupon after scheme approval and before allotment. The 5.5% coupon and 2021-06-03 allotment date were fixed after the 2021-05-25 equity ex-date. Contractual cash flows therefore cannot be constructed point in time; no yield or value is selected.,MANDATORY_BONUS_DEBENTURE_ENTITLEMENT,,False,False,,,,,,,,,False,,,CA_9d29c825ee80b650567a_T1
BHARTIARTL,Bharti Airtel Limited,EQ,5.0,Rights 1:14 @ Premium Rs 530/-,2021-09-27,2021-09-28,,,,,corporate_actions_20210901_20210930.json,NSE corporate actions API,RIGHTS 1:14 @ PREMIUM RS 530/-,False,False,False,False,True,False,False,False,False,False,False,RIGHTS,,1.0,14.0,,,1,False,False,UNCHANGED,,NSE_BD4742D366FC,ACTIVE_DATE_MATCH,True,CA_5c9ac1630951363e71e1,2021-09-27,RIGHTS,RESOLVED_RIGHTS_ENTITLEMENT,0.0,1.0,13.626666666666665,NOT_APPLICABLE,2021-09-27,THEORETICAL_EX_RIGHTS_VALUE_FROM_CUM_RIGHTS_PREVIOUS_CLOSE,True,False,LOCAL_NSE_CA_API:corporate_actions_20210901_20210930.json,2021-09-27,NSE_BD4742D366FC,RIGHTS,Issue price is event face value plus the premium stated in the official NSE corporate-action record. The passive holder injects no subscription cash. The entitlement is credited at its ex-date theoretical value from terms known by then; no later RE price or immediate-sale proceeds are used.,RIGHTS_ENTITLEMENT,PASSIVE_HOLDER_DOES_NOT_SUBSCRIBE;ENTITLEMENT_VALUED_BY_NSE_TERP_METHOD,False,False,0.07142857142857142,535.0,739.4,722.55,BHARTIARTL,INE397D01024,EQ,AIRTEL-RE,True,2021-10-05,2021-10-14,CA_5c9ac1630951363e71e1_T1
ECLERX,eClerx Services Limited,EQ,10.0,Buyback,2021-09-29,2021-09-30,,,,,corporate_actions_20210901_20210930.json,NSE corporate actions API,BUYBACK,False,False,False,False,False,False,True,False,False,False,False,BUYBACK,,,,,,1,False,False,UNCHANGED,,NSE_2F62FAA6E00D,ACTIVE_DATE_MATCH,True,CA_8315369410f2523568b1,2021-09-29,BUYBACK,RESOLVED_NO_DIRECT_HOLDER_ADJUSTMENT,0.0,1.0,0.0,NOT_APPLICABLE,2021-09-29,PASSIVE_HOLDER_NON_PARTICIPATION_POLICY,False,False,LOCAL_NSE_CA_API:corporate_actions_20210901_20210930.json,2021-09-29,NSE_2F62FAA6E00D,BUYBACK,Optional tender buyback: RESOLVED_NO_DIRECT_HOLDER_ADJUSTMENT only under the explicit passive-holder assumption that the holder does not tender.,OPTIONAL_TENDER_BUYBACK,PASSIVE_HOLDER_DOES_NOT_TENDER,False,True,,,,,,,,,False,,,CA_8315369410f2523568b1_T1
INDHOTEL,The Indian Hotels Company Limited,EQ,1.0,Rights 1:9 @ Premium Rs 149/-,2021-11-11,2021-11-13,,,,,corporate_actions_20211101_20211130.json,NSE corporate actions API,RIGHTS 1:9 @ PREMIUM RS 149/-,False,False,False,False,True,False,False,False,False,False,False,RIGHTS,,1.0,9.0,,,1,False,False,UNCHANGED,,NSE_981D18E0A068,ACTIVE_DATE_MATCH,True,CA_7a517c0e7b56035d909a,2021-11-11,RIGHTS,RESOLVED_RIGHTS_ENTITLEMENT,0.0,1.0,6.53,NOT_APPLICABLE,2021-11-11,THEORETICAL_EX_RIGHTS_VALUE_FROM_CUM_RIGHTS_PREVIOUS_CLOSE,True,False,LOCAL_NSE_CA_API:corporate_actions_20211101_20211130.json,2021-11-11,NSE_981D18E0A068,RIGHTS,Issue price is event face value plus the premium stated in the official NSE corporate-action record. The passive holder injects no subscription cash. The entitlement is credited at its ex-date theoretical value from terms known by then; no later RE price or immediate-sale proceeds are used.,RIGHTS_ENTITLEMENT,PASSIVE_HOLDER_DOES_NOT_SUBSCRIBE;ENTITLEMENT_VALUED_BY_NSE_TERP_METHOD,False,False,0.1111111111111111,150.0,215.3,207.9,INDHOTEL,INE053A01029,EQ,IHCL-RE,True,2021-11-24,2021-12-02,CA_7a517c0e7b56035d909a_T1
MOIL,MOIL Limited,EQ,10.0,Buyback,2021-12-30,2021-12-31,,,,,corporate_actions_20211201_20211231.json,NSE corporate actions API,BUYBACK,False,False,False,False,False,False,True,False,False,False,False,BUYBACK,,,,,,1,False,False,UNCHANGED,,NSE_D9F56642B79E,ACTIVE_DATE_MATCH,True,CA_1b7f864ca93b93fc003c,2021-12-30,BUYBACK,RESOLVED_NO_DIRECT_HOLDER_ADJUSTMENT,0.0,1.0,0.0,NOT_APPLICABLE,2021-12-30,PASSIVE_HOLDER_NON_PARTICIPATION_POLICY,False,False,LOCAL_NSE_CA_API:corporate_actions_20211201_20211231.json,2021-12-30,NSE_D9F56642B79E,BUYBACK,Optional tender buyback: RESOLVED_NO_DIRECT_HOLDER_ADJUSTMENT only under the explicit passive-holder assumption that the holder does not tender.,OPTIONAL_TENDER_BUYBACK,PASSIVE_HOLDER_DOES_NOT_TENDER,False,True,,,,,,,,,False,,,CA_1b7f864ca93b93fc003c_T1
AJANTPHARM,Ajanta Pharma Limited,EQ,2.0,Buyback,2022-01-13,2022-01-14,,,,,corporate_actions_20220101_20220131.json,NSE corporate actions API,BUYBACK,False,False,False,False,False,False,True,False,False,False,False,BUYBACK,,,,,,1,False,False,UNCHANGED,,NSE_790EA781FCF2,ACTIVE_DATE_MATCH,True,CA_37e0ec392f32b00551bf,2022-01-13,BUYBACK,RESOLVED_NO_DIRECT_HOLDER_ADJUSTMENT,0.0,1.0,0.0,NOT_APPLICABLE,2022-01-13,PASSIVE_HOLDER_NON_PARTICIPATION_POLICY,False,False,LOCAL_NSE_CA_API:corporate_actions_20220101_20220131.json,2022-01-13,NSE_790EA781FCF2,BUYBACK,Optional tender buyback: RESOLVED_NO_DIRECT_HOLDER_ADJUSTMENT only under the explicit passive-holder assumption that the holder does not tender.,OPTIONAL_TENDER_BUYBACK,PASSIVE_HOLDER_DOES_NOT_TENDER,False,True,,,,,,,,,False,,,CA_37e0ec392f32b00551bf_T1
KPRMILL,K.P.R. Mill Limited,EQ,1.0,Buyback,2022-02-17,2022-02-19,,,,,corporate_actions_20220201_20220228.json,NSE corporate actions API,BUYBACK,False,False,False,False,False,False,True,False,False,False,False,BUYBACK,,,,,,1,False,False,UNCHANGED,,NSE_03C46C5018D2,ACTIVE_DATE_MATCH,True,CA_3d918c9830ce93a8a594,2022-02-17,BUYBACK,RESOLVED_NO_DIRECT_HOLDER_ADJUSTMENT,0.0,1.0,0.0,NOT_APPLICABLE,2022-02-17,PASSIVE_HOLDER_NON_PARTICIPATION_POLICY,False,False,LOCAL_NSE_CA_API:corporate_actions_20220201_20220228.json,2022-02-17,NSE_03C46C5018D2,BUYBACK,Optional tender buyback: RESOLVED_NO_DIRECT_HOLDER_ADJUSTMENT only under the explicit passive-holder assumption that the holder does not tender.,OPTIONAL_TENDER_BUYBACK,PASSIVE_HOLDER_DOES_NOT_TENDER,False,True,,,,,,,,,False,,,CA_3d918c9830ce93a8a594_T1
TCS,Tata Consultancy Services Limited,EQ,1.0,Buyback,2022-02-22,2022-02-23,,,,,corporate_actions_20220201_20220228.json,NSE corporate actions API,BUYBACK,False,False,False,False,False,False,True,False,False,False,False,BUYBACK,,,,,,1,False,False,UNCHANGED,,NSE_DBD0EB2724E0,ACTIVE_DATE_MATCH,True,CA_df9d77ad3371f68f9826,2022-02-22,BUYBACK,RESOLVED_NO_DIRECT_HOLDER_ADJUSTMENT,0.0,1.0,0.0,NOT_APPLICABLE,2022-02-22,PASSIVE_HOLDER_NON_PARTICIPATION_POLICY,False,False,LOCAL_NSE_CA_API:corporate_actions_20220201_20220228.json,2022-02-22,NSE_DBD0EB2724E0,BUYBACK,Optional tender buyback: RESOLVED_NO_DIRECT_HOLDER_ADJUSTMENT only under the explicit passive-holder assumption that the holder does not tender.,OPTIONAL_TENDER_BUYBACK,PASSIVE_HOLDER_DOES_NOT_TENDER,False,True,,,,,,,,,False,,,CA_df9d77ad3371f68f9826_T1
VIPIND,VIP Industries Limited,EQ,2.0,Interim Dividend,2022-03-08,2022-03-09,,,,,corporate_actions_20220301_20220331.json,NSE corporate actions API,INTERIM DIVIDEND,True,False,False,False,False,False,False,False,False,False,False,DIVIDEND,,,,,,1,False,True,UNCHANGED,,NSE_2C5F1FC0CC8C,ACTIVE_DATE_MATCH,True,CA_749c3032659dd7851487,2022-03-08,DIVIDEND,RESOLVED_DIVIDEND,2.5,1.0,0.0,GROSS_DECLARED_CASH_PER_PRE_EVENT_SHARE,2022-03-08,DIRECT_OFFICIAL_EVENT_TERMS,True,False,VIPIND_AR_2021_22,2022-03-08,NSE_2C5F1FC0CC8C,DIVIDEND,The company annual report states that the March 2022 interim dividend was Rs 2.50 per share.,ORDINARY_CASH_DIVIDEND,,False,False,,,,,,,,,False,,,CA_749c3032659dd7851487_T1
WOCKPHARMA,Wockhardt Limited,EQ,5.0,Rights 3:10@ Premium Rs 220 Per Share,2022-03-08,2022-03-09,,,,,corporate_actions_20220301_20220331.json,NSE corporate actions API,RIGHTS 3:10@ PREMIUM RS 220 PER SHARE,False,False,False,False,True,False,False,False,False,False,False,RIGHTS,,3.0,10.0,,,1,False,False,UNCHANGED,,NSE_3F3FCC28A216,ACTIVE_DATE_MATCH,True,CA_892f107473f5517e7be9,2022-03-08,RIGHTS,RESOLVED_RIGHTS_ENTITLEMENT,0.0,1.0,26.596153846153843,NOT_APPLICABLE,2022-03-08,THEORETICAL_EX_RIGHTS_VALUE_FROM_CUM_RIGHTS_PREVIOUS_CLOSE,True,False,LOCAL_NSE_CA_API:corporate_actions_20220301_20220331.json,2022-03-08,NSE_3F3FCC28A216,RIGHTS,Issue price is event face value plus the premium stated in the official NSE corporate-action record. The passive holder injects no subscription cash. The entitlement is credited at its ex-date theoretical value from terms known by then; no later RE price or immediate-sale proceeds are used.,RIGHTS_ENTITLEMENT,PASSIVE_HOLDER_DOES_NOT_SUBSCRIBE;ENTITLEMENT_VALUED_BY_NSE_TERP_METHOD,False,False,0.3,225.0,340.25,308.2,WOCKPHARMA,INE049B01025,EQ,WOCKH-RE,True,2022-03-15,2022-03-16,CA_892f107473f5517e7be9_T1
VEDL,Vedanta Limited,EQ,1.0,Interim Dividend,2022-03-09,2022-03-10,,,,,corporate_actions_20220301_20220331.json,NSE corporate actions API,INTERIM DIVIDEND,True,False,False,False,False,False,False,False,False,False,False,DIVIDEND,,,,,,1,False,True,UNCHANGED,,NSE_4F03492E4C4E,ACTIVE_DATE_MATCH,True,CA_fbf8c881ca52470d8074,2022-03-09,DIVIDEND,RESOLVED_DIVIDEND,13.0,1.0,0.0,GROSS_DECLARED_CASH_PER_PRE_EVENT_SHARE,2022-03-09,DIRECT_OFFICIAL_EVENT_TERMS,True,False,VEDL_OUTCOME_2022_04_28,2022-03-09,NSE_4F03492E4C4E,DIVIDEND,The NSE-filed results state that the 2 March 2022 third interim dividend was Rs 13 per share.,ORDINARY_CASH_DIVIDEND,,False,False,,,,,,,,,False,,,CA_fbf8c881ca52470d8074_T1
GAIL,GAIL (India) Limited,EQ,10.0,Buyback,2022-04-21,2022-04-22,,,,,corporate_actions_20220401_20220430.json,NSE corporate actions API,BUYBACK,False,False,False,False,False,False,True,False,False,False,False,BUYBACK,,,,,,1,False,False,UNCHANGED,,NSE_1A8C5F9B8D6A,ACTIVE_DATE_MATCH,True,CA_7d343751b77ec3b7fc34,2022-04-21,BUYBACK,RESOLVED_NO_DIRECT_HOLDER_ADJUSTMENT,0.0,1.0,0.0,NOT_APPLICABLE,2022-04-21,PASSIVE_HOLDER_NON_PARTICIPATION_POLICY,False,False,LOCAL_NSE_CA_API:corporate_actions_20220401_20220430.json,2022-04-21,NSE_1A8C5F9B8D6A,BUYBACK,Optional tender buyback: RESOLVED_NO_DIRECT_HOLDER_ADJUSTMENT only under the explicit passive-holder assumption that the holder does not tender.,OPTIONAL_TENDER_BUYBACK,PASSIVE_HOLDER_DOES_NOT_TENDER,False,True,,,,,,,,,False,,,CA_7d343751b77ec3b7fc34_T1
MOTILALOFS,Motilal Oswal Financial Services Limited,EQ,1.0,Buyback,2022-05-26,2022-05-27,,,,,corporate_actions_20220501_20220531.json,NSE corporate actions API,BUYBACK,False,False,False,False,False,False,True,False,False,False,False,BUYBACK,,,,,,1,False,False,UNCHANGED,,NSE_EBCA7C65B503,ACTIVE_DATE_MATCH,True,CA_984ae6756588f358c72d,2022-05-26,BUYBACK,RESOLVED_NO_DIRECT_HOLDER_ADJUSTMENT,0.0,1.0,0.0,NOT_APPLICABLE,2022-05-26,PASSIVE_HOLDER_NON_PARTICIPATION_POLICY,False,False,LOCAL_NSE_CA_API:corporate_actions_20220501_20220531.json,2022-05-26,NSE_EBCA7C65B503,BUYBACK,Optional tender buyback: RESOLVED_NO_DIRECT_HOLDER_ADJUSTMENT only under the explicit passive-holder assumption that the holder does not tender.,OPTIONAL_TENDER_BUYBACK,PASSIVE_HOLDER_DOES_NOT_TENDER,False,True,,,,,,,,,False,,,CA_984ae6756588f358c72d_T1
ZYDUSLIFE,Zydus Lifesciences Limited,EQ,1.0,Buyback,2022-06-01,2022-06-02,,,,,corporate_actions_20220601_20220630.json,NSE corporate actions API,BUYBACK,False,False,False,False,False,False,True,False,False,False,False,BUYBACK,,,,,,1,False,False,UNCHANGED,,NSE_04884AF9E2CC,ACTIVE_DATE_MATCH,True,CA_0a591b41d99368d306b9,2022-06-01,BUYBACK,RESOLVED_NO_DIRECT_HOLDER_ADJUSTMENT,0.0,1.0,0.0,NOT_APPLICABLE,2022-06-01,PASSIVE_HOLDER_NON_PARTICIPATION_POLICY,False,False,LOCAL_NSE_CA_API:corporate_actions_20220601_20220630.json,2022-06-01,NSE_04884AF9E2CC,BUYBACK,Optional tender buyback: RESOLVED_NO_DIRECT_HOLDER_ADJUSTMENT only under the explicit passive-holder assumption that the holder does not tender.,OPTIONAL_TENDER_BUYBACK,PASSIVE_HOLDER_DOES_NOT_TENDER,False,True,,,,,,,,,False,,,CA_0a591b41d99368d306b9_T1
BSOFT,BIRLASOFT LIMITED,EQ,2.0,Buyback,2022-07-14,2022-07-15,,,,,corporate_actions_20220701_20220731.json,NSE corporate actions API,BUYBACK,False,False,False,False,False,False,True,False,False,False,False,BUYBACK,,,,,,1,False,False,UNCHANGED,,NSE_64BF9F3DBA41,ACTIVE_DATE_MATCH,True,CA_fcddc7a6659cf581cfc1,2022-07-14,BUYBACK,RESOLVED_NO_DIRECT_HOLDER_ADJUSTMENT,0.0,1.0,0.0,NOT_APPLICABLE,2022-07-14,PASSIVE_HOLDER_NON_PARTICIPATION_POLICY,False,False,LOCAL_NSE_CA_API:corporate_actions_20220701_20220731.json,2022-07-14,NSE_64BF9F3DBA41,BUYBACK,Optional tender buyback: RESOLVED_NO_DIRECT_HOLDER_ADJUSTMENT only under the explicit passive-holder assumption that the holder does not tender.,OPTIONAL_TENDER_BUYBACK,PASSIVE_HOLDER_DOES_NOT_TENDER,False,True,,,,,,,,,False,,,CA_fcddc7a6659cf581cfc1_T1
SUZLON,Suzlon Energy Limited,EQ,2.0,Rights 5:21 @ Premium Rs 3/-,2022-10-03,2022-10-04,,,,,corporate_actions_20221001_20221031.json,NSE corporate actions API,RIGHTS 5:21 @ PREMIUM RS 3/-,False,False,False,False,True,False,False,False,False,False,False,RIGHTS,,5.0,21.0,,,1,False,False,UNCHANGED,,NSE_F6C28C2DB744,ACTIVE_DATE_MATCH,True,CA_37a7139ada6577fb69ea,2022-10-03,RIGHTS,RESOLVED_RIGHTS_ENTITLEMENT,0.0,1.0,0.7115384615384613,NOT_APPLICABLE,2022-10-03,THEORETICAL_EX_RIGHTS_VALUE_FROM_CUM_RIGHTS_PREVIOUS_CLOSE,True,False,LOCAL_NSE_CA_API:corporate_actions_20221001_20221031.json,2022-10-03,NSE_F6C28C2DB744,RIGHTS,Issue price is event face value plus the premium stated in the official NSE corporate-action record. The passive holder injects no subscription cash. The entitlement is credited at its ex-date theoretical value from terms known by then; no later RE price or immediate-sale proceeds are used.,RIGHTS_ENTITLEMENT,PASSIVE_HOLDER_DOES_NOT_SUBSCRIBE;ENTITLEMENT_VALUED_BY_NSE_TERP_METHOD,False,False,0.23809523809523808,5.0,8.7,7.9,SUZLON,INE040H01021,EQ,SUZLON-RE,True,2022-10-11,2022-10-14,CA_37a7139ada6577fb69ea_T1
GRINFRA,G R Infraprojects Limited,EQ,5.0,Interim Dividend,2022-11-17,2022-11-18,,,,,corporate_actions_20221101_20221130.json,NSE corporate actions API,INTERIM DIVIDEND,True,False,False,False,False,False,False,False,False,False,False,DIVIDEND,,,,,,1,False,True,UNCHANGED,,NSE_8A58397586E6,ACTIVE_DATE_MATCH,True,CA_a145a56fbef0b9f99c61,2022-11-17,DIVIDEND,RESOLVED_NO_DIRECT_HOLDER_ADJUSTMENT,0.0,1.0,0.0,NOT_APPLICABLE,2022-11-17,OFFICIAL_FILING_CONFIRMS_NO_DECLARATION,True,False,GRINFRA_DIVIDEND_UPDATE_2022_11_10,2022-11-17,NSE_8A58397586E6,DIVIDEND,The board deferred the proposal; no dividend was declared for this record-date entry.,DIVIDEND_PROPOSAL_DEFERRED,,False,True,,,,,,,,,False,,,CA_a145a56fbef0b9f99c61_T1
HATSUN,Hatsun Agro Product Limited,EQ,1.0,Rights 1:30 @ Premium Rs 418/-,2022-12-07,2022-12-08,,,,,corporate_actions_20221201_20221231.json,NSE corporate actions API,RIGHTS 1:30 @ PREMIUM RS 418/-,False,False,False,False,True,False,False,False,False,False,False,RIGHTS,,1.0,30.0,,,1,False,False,UNCHANGED,,NSE_AF4B789C4B78,ACTIVE_DATE_MATCH,True,CA_c916b3b5de46d0b3f679,2022-12-07,RIGHTS,RESOLVED_RIGHTS_ENTITLEMENT,0.0,1.0,17.793548387096774,NOT_APPLICABLE,2022-12-07,THEORETICAL_EX_RIGHTS_VALUE_FROM_CUM_RIGHTS_PREVIOUS_CLOSE,True,False,LOCAL_NSE_CA_API:corporate_actions_20221201_20221231.json,2022-12-07,NSE_AF4B789C4B78,RIGHTS,Issue price is event face value plus the premium stated in the official NSE corporate-action record. The passive holder injects no subscription cash. The entitlement is credited at its ex-date theoretical value from terms known by then; no later RE price or immediate-sale proceeds are used.,RIGHTS_ENTITLEMENT,PASSIVE_HOLDER_DOES_NOT_SUBSCRIBE;ENTITLEMENT_VALUED_BY_NSE_TERP_METHOD,False,False,0.03333333333333333,419.0,970.6,927.7,HATSUN,INE473B01035,EQ,HATSUN-RE,True,2022-12-19,2023-01-03,CA_c916b3b5de46d0b3f679_T1
CGCL,Capri Global Capital Limited,EQ,1.0,Rights 11:64 @ Premium Rs 473/-,2023-02-17,2023-02-17,,,,,corporate_actions_20230201_20230228.json,NSE corporate actions API,RIGHTS 11:64 @ PREMIUM RS 473/-,False,False,False,False,True,False,False,False,False,False,False,RIGHTS,,11.0,64.0,,,1,False,False,UNCHANGED,,NSE_E7891F352261,ACTIVE_DATE_MATCH,True,CA_6d8fe8a065bcc7069dcf,2023-02-17,RIGHTS,RESOLVED_RIGHTS_ENTITLEMENT,0.0,1.0,40.83933333333334,NOT_APPLICABLE,2023-02-17,THEORETICAL_EX_RIGHTS_VALUE_FROM_CUM_RIGHTS_PREVIOUS_CLOSE,True,False,LOCAL_NSE_CA_API:corporate_actions_20230201_20230228.json,2023-02-17,NSE_E7891F352261,RIGHTS,Issue price is event face value plus the premium stated in the official NSE corporate-action record. The passive holder injects no subscription cash. The entitlement is credited at its ex-date theoretical value from terms known by then; no later RE price or immediate-sale proceeds are used.,RIGHTS_ENTITLEMENT,PASSIVE_HOLDER_DOES_NOT_SUBSCRIBE;ENTITLEMENT_VALUED_BY_NSE_TERP_METHOD,False,False,0.171875,474.0,752.45,703.55,CGCL,INE180C01026,EQ,CGCL-RE,True,2023-02-27,2023-03-06,CA_6d8fe8a065bcc7069dcf_T1
