filename,source_url,source_date,sha256,bytes,purpose,provenance_note
data/raw/bhavcopy_legacy/cm01APR2013bhav.csv.zip,https://nsearchives.nseindia.com/content/historical/EQUITIES/2013/APR/cm01APR2013bhav.csv.zip,2013-04-01,ac3ed3621278660d58650f982a99b97dcab52fb0905fb7b99871fc44e05552a8,53581,historical NSE legacy equity bhavcopy,NSE download manifest
data/raw/bhavcopy_legacy/cm01APR2014bhav.csv.zip,https://nsearchives.nseindia.com/content/historical/EQUITIES/2014/APR/cm01APR2014bhav.csv.zip,2014-04-01,8ce6000163201e7a80c17a82aff23e79911fad6eff61ee17253e8f6ec1285f31,54248,historical NSE legacy equity bhavcopy,NSE download manifest
data/raw/bhavcopy_legacy/cm01APR2015bhav.csv.zip,https://nsearchives.nseindia.com/content/historical/EQUITIES/2015/APR/cm01APR2015bhav.csv.zip,2015-04-01,32d499b33136ab42aadb9d118ffabd76e3d2bc9367992be1ccc915beb6d0b10c,56435,historical NSE legacy equity bhavcopy,NSE download manifest
data/raw/bhavcopy_legacy/cm01APR2016bhav.csv.zip,https://nsearchives.nseindia.com/content/historical/EQUITIES/2016/APR/cm01APR2016bhav.csv.zip,2016-04-01,f08e457cfd648d8468969945dc3ba5ad311f8c6e42c6f38f6a90642feb337413,57730,historical NSE legacy equity bhavcopy,NSE download manifest
data/raw/bhavcopy_legacy/cm01APR2019bhav.csv.zip,https://nsearchives.nseindia.com/content/historical/EQUITIES/2019/APR/cm01APR2019bhav.csv.zip,2019-04-01,19c7c5020c419104ff333bd42d3bb44fe5f7bbdc05a893ec32aa22064282beb7,69928,historical NSE legacy equity bhavcopy,NSE download manifest
data/raw/bhavcopy_legacy/cm01APR2020bhav.csv.zip,https://nsearchives.nseindia.com/content/historical/EQUITIES/2020/APR/cm01APR2020bhav.csv.zip,2020-04-01,16960a0d8cf03a0abf05c8a1b570bb45d62dba4f052977a289eef5ba5de38196,65668,historical NSE legacy equity bhavcopy,NSE download manifest
data/raw/bhavcopy_legacy/cm01APR2021bhav.csv.zip,https://nsearchives.nseindia.com/content/historical/EQUITIES/2021/APR/cm01APR2021bhav.csv.zip,2021-04-01,3507c8e86dfe6a6b9c29e6b7e5ed9a0c573c06cd91ed3530755c52edfa63a6cf,74111,historical NSE legacy equity bhavcopy,NSE download manifest
data/raw/bhavcopy_legacy/cm01APR2022bhav.csv.zip,https://nsearchives.nseindia.com/content/historical/EQUITIES/2022/APR/cm01APR2022bhav.csv.zip,2022-04-01,7b80d504f90c4a7aad489e6d4ec72dd5715c7b90c9696d1d777169f91900c084,82561,historical NSE legacy equity bhavcopy,NSE download manifest
data/raw/bhavcopy_legacy/cm01APR2024bhav.csv.zip,https://nsearchives.nseindia.com/content/historical/EQUITIES/2024/APR/cm01APR2024bhav.csv.zip,2024-04-01,e99c82692b0f344c2e29f0d577ea0daa4bd14f6d319abb5badc2268c4f71990e,102460,historical NSE legacy equity bhavcopy,NSE download manifest
data/raw/bhavcopy_legacy/cm01AUG2013bhav.csv.zip,https://nsearchives.nseindia.com/content/historical/EQUITIES/2013/AUG/cm01AUG2013bhav.csv.zip,2013-08-01,255ad13b34256288f61c81a308eabebf8af63266138391351f5661f8362d041d,48031,historical NSE legacy equity bhavcopy,NSE download manifest
data/raw/bhavcopy_legacy/cm01AUG2014bhav.csv.zip,https://nsearchives.nseindia.com/content/historical/EQUITIES/2014/AUG/cm01AUG2014bhav.csv.zip,2014-08-01,1c1b529f86f6fdf41732b30dff4738a7b2b70db1850eff0b1a58c09f8d7d081a,56931,historical NSE legacy equity bhavcopy,NSE download manifest
data/raw/bhavcopy_legacy/cm01AUG2016bhav.csv.zip,https://nsearchives.nseindia.com/content/historical/EQUITIES/2016/AUG/cm01AUG2016bhav.csv.zip,2016-08-01,1c52b9e6105b917b08a841503ab1f2ac7c26fd1fb77e4a91ca51104f1b43d758,62118,historical NSE legacy equity bhavcopy,NSE download manifest
data/raw/bhavcopy_legacy/cm01AUG2017bhav.csv.zip,https://nsearchives.nseindia.com/content/historical/EQUITIES/2017/AUG/cm01AUG2017bhav.csv.zip,2017-08-01,32f88f91179a011361cfa75de112f63dcbef44bb8b2203268c87bd0b3e4e43bc,65193,historical NSE legacy equity bhavcopy,NSE download manifest
data/raw/bhavcopy_legacy/cm01AUG2018bhav.csv.zip,https://nsearchives.nseindia.com/content/historical/EQUITIES/2018/AUG/cm01AUG2018bhav.csv.zip,2018-08-01,37f26540ff9cf46891f1514de38fba2548009292de37bce6b63ba2ab3e9915e9,68477,historical NSE legacy equity bhavcopy,NSE download manifest
data/raw/bhavcopy_legacy/cm01AUG2019bhav.csv.zip,https://nsearchives.nseindia.com/content/historical/EQUITIES/2019/AUG/cm01AUG2019bhav.csv.zip,2019-08-01,4a6df1449a8f29e346405bda1cf32e752affb742228d3523d0cd8396ebbd190c,67950,historical NSE legacy equity bhavcopy,NSE download manifest
data/raw/bhavcopy_legacy/cm01AUG2022bhav.csv.zip,https://nsearchives.nseindia.com/content/historical/EQUITIES/2022/AUG/cm01AUG2022bhav.csv.zip,2022-08-01,36ec9a7fe4a2a196b15cbeb68ee36420f822f3645b228d7ae177fc4db15b88c9,85520,historical NSE legacy equity bhavcopy,NSE download manifest
data/raw/bhavcopy_legacy/cm01AUG2023bhav.csv.zip,https://nsearchives.nseindia.com/content/historical/EQUITIES/2023/AUG/cm01AUG2023bhav.csv.zip,2023-08-01,1f35929c288ad1f3b43dcd11c3cf3122c536c485ae156d254bd96df0f95d639d,93113,historical NSE legacy equity bhavcopy,NSE download manifest
data/raw/bhavcopy_legacy/cm01DEC2014bhav.csv.zip,https://nsearchives.nseindia.com/content/historical/EQUITIES/2014/DEC/cm01DEC2014bhav.csv.zip,2014-12-01,7a8ee7b5cacdec7c17e1ecd8894be469273e7f85f1831cebc0bb20baa79cc9ca,58394,historical NSE legacy equity bhavcopy,NSE download manifest
data/raw/bhavcopy_legacy/cm01DEC2015bhav.csv.zip,https://nsearchives.nseindia.com/content/historical/EQUITIES/2015/DEC/cm01DEC2015bhav.csv.zip,2015-12-01,33c077eb16ba603ec46854f8affb57721585ca750e251298c00701f5ee1b8764,58526,historical NSE legacy equity bhavcopy,NSE download manifest
data/raw/bhavcopy_legacy/cm01DEC2016bhav.csv.zip,https://nsearchives.nseindia.com/content/historical/EQUITIES/2016/DEC/cm01DEC2016bhav.csv.zip,2016-12-01,550f7c4e6aafe6236be323a3ff1065a72634bacc1451967d84895e07b2f5fa9e,61204,historical NSE legacy equity bhavcopy,NSE download manifest
data/raw/bhavcopy_legacy/cm01DEC2017bhav.csv.zip,https://nsearchives.nseindia.com/content/historical/EQUITIES/2017/DEC/cm01DEC2017bhav.csv.zip,2017-12-01,5b9821e64894293ef81caf77de9a5c82e4a70dbe735d77a592f66f61bc9388b8,67920,historical NSE legacy equity bhavcopy,NSE download manifest
data/raw/bhavcopy_legacy/cm01DEC2020bhav.csv.zip,https://nsearchives.nseindia.com/content/historical/EQUITIES/2020/DEC/cm01DEC2020bhav.csv.zip,2020-12-01,a95c492c8bee20e8009a3f9966ec00ce1fec0b3bbaa90ef8ab9d852653c2cea5,74510,historical NSE legacy equity bhavcopy,NSE download manifest
data/raw/bhavcopy_legacy/cm01DEC2021bhav.csv.zip,https://nsearchives.nseindia.com/content/historical/EQUITIES/2021/DEC/cm01DEC2021bhav.csv.zip,2021-12-01,641a2c7dec6bbfe3372c73a39f1f81f4d4d0e17f203a898cdec7aa41e8b767b7,79998,historical NSE legacy equity bhavcopy,NSE download manifest
data/raw/bhavcopy_legacy/cm01DEC2022bhav.csv.zip,https://nsearchives.nseindia.com/content/historical/EQUITIES/2022/DEC/cm01DEC2022bhav.csv.zip,2022-12-01,abd34f5ef3acd4f906d6a3b63885d406462328d21799ccb96b09283cbc20c542,88275,historical NSE legacy equity bhavcopy,NSE download manifest
data/raw/bhavcopy_legacy/cm01DEC2023bhav.csv.zip,https://nsearchives.nseindia.com/content/historical/EQUITIES/2023/DEC/cm01DEC2023bhav.csv.zip,2023-12-01,a9c334d95399c23a19febefd6b0ae8c9426cf0e031048763f01731577b634216,98636,historical NSE legacy equity bhavcopy,NSE download manifest
data/raw/bhavcopy_legacy/cm01FEB2013bhav.csv.zip,https://nsearchives.nseindia.com/content/historical/EQUITIES/2013/FEB/cm01FEB2013bhav.csv.zip,2013-02-01,8d4a2e21b01098fdb3de5d614ce933e31df773c55341f8794efc1f2a3211b514,55498,historical NSE legacy equity bhavcopy,NSE download manifest
data/raw/bhavcopy_legacy/cm01FEB2016bhav.csv.zip,https://nsearchives.nseindia.com/content/historical/EQUITIES/2016/FEB/cm01FEB2016bhav.csv.zip,2016-02-01,ac861c9b7cf25e187d657e8c42e1ca5ae68d73fc77b2202db5b0ded3fbb44bce,58968,historical NSE legacy equity bhavcopy,NSE download manifest
data/raw/bhavcopy_legacy/cm01FEB2017bhav.csv.zip,https://nsearchives.nseindia.com/content/historical/EQUITIES/2017/FEB/cm01FEB2017bhav.csv.zip,2017-02-01,94068ff66f7c3271e86ff95d3da80951194413b30437cc489cb6a0ef3eab755b,62963,historical NSE legacy equity bhavcopy,NSE download manifest
data/raw/bhavcopy_legacy/cm01FEB2018bhav.csv.zip,https://nsearchives.nseindia.com/content/historical/EQUITIES/2018/FEB/cm01FEB2018bhav.csv.zip,2018-02-01,20fc743da68679557d742504b6841265d35f2553bd483e7d28b1be61032c2f88,69002,historical NSE legacy equity bhavcopy,NSE download manifest
data/raw/bhavcopy_legacy/cm01FEB2019bhav.csv.zip,https://nsearchives.nseindia.com/content/historical/EQUITIES/2019/FEB/cm01FEB2019bhav.csv.zip,2019-02-01,8a332672f5207e16f9576e203fe999dd234c86a14729488b65b275f3d25ac5e0,67509,historical NSE legacy equity bhavcopy,NSE download manifest
data/raw/bhavcopy_legacy/cm01FEB2020bhav.csv.zip,https://nsearchives.nseindia.com/content/historical/EQUITIES/2020/FEB/cm01FEB2020bhav.csv.zip,2020-02-01,ebed0938cc885e7f450c19d751fc70dcb8f905384fc96617bec889b9004ffd90,67476,historical NSE legacy equity bhavcopy,NSE official URL reconstructed from special-session downloader filename rule
data/raw/bhavcopy_legacy/cm01FEB2021bhav.csv.zip,https://nsearchives.nseindia.com/content/historical/EQUITIES/2021/FEB/cm01FEB2021bhav.csv.zip,2021-02-01,c5c33ded38d6407f5ce16d78ac6b721527aa5ba7626a274c79506f6d08ed8550,74742,historical NSE legacy equity bhavcopy,NSE download manifest
data/raw/bhavcopy_legacy/cm01FEB2022bhav.csv.zip,https://nsearchives.nseindia.com/content/historical/EQUITIES/2022/FEB/cm01FEB2022bhav.csv.zip,2022-02-01,662041bacf688f06abfb956dc1a1c840dff9c6cf87836a7ec65c3f6668897b7f,82127,historical NSE legacy equity bhavcopy,NSE download manifest
data/raw/bhavcopy_legacy/cm01FEB2023bhav.csv.zip,https://nsearchives.nseindia.com/content/historical/EQUITIES/2023/FEB/cm01FEB2023bhav.csv.zip,2023-02-01,9997413effc2950c82991ab8ff7b11171a32dbe91b952807d8e48f38a6739fda,88530,historical NSE legacy equity bhavcopy,NSE download manifest
data/raw/bhavcopy_legacy/cm01FEB2024bhav.csv.zip,https://nsearchives.nseindia.com/content/historical/EQUITIES/2024/FEB/cm01FEB2024bhav.csv.zip,2024-02-01,87c8a13e4a22e295139542415794308ec44f71ae62833f27cbe902272aa611ff,100977,historical NSE legacy equity bhavcopy,NSE download manifest
data/raw/bhavcopy_legacy/cm01JAN2013bhav.csv.zip,https://nsearchives.nseindia.com/content/historical/EQUITIES/2013/JAN/cm01JAN2013bhav.csv.zip,2013-01-01,d89e7fc9320dcc966586cccd15b419d16cc2fb31cdecc854b0cda18e5214862f,55769,historical NSE legacy equity bhavcopy,NSE download manifest
data/raw/bhavcopy_legacy/cm01JAN2014bhav.csv.zip,https://nsearchives.nseindia.com/content/historical/EQUITIES/2014/JAN/cm01JAN2014bhav.csv.zip,2014-01-01,07db42624e8c5ef01b006f43620882917aab2c34456417352077e3f75e8f2e58,50463,historical NSE legacy equity bhavcopy,NSE download manifest
data/raw/bhavcopy_legacy/cm01JAN2015bhav.csv.zip,https://nsearchives.nseindia.com/content/historical/EQUITIES/2015/JAN/cm01JAN2015bhav.csv.zip,2015-01-01,c13be02ec70c85ef029ec1542170e7c335c4cb925aee506c7ccbfcee19f5fc3e,56642,historical NSE legacy equity bhavcopy,NSE download manifest
data/raw/bhavcopy_legacy/cm01JAN2016bhav.csv.zip,https://nsearchives.nseindia.com/content/historical/EQUITIES/2016/JAN/cm01JAN2016bhav.csv.zip,2016-01-01,8623d28a92924fd6d3432b3e21d307dd501a6f3891006e37d720fda2e436a5d7,58943,historical NSE legacy equity bhavcopy,NSE download manifest
data/raw/bhavcopy_legacy/cm01JAN2018bhav.csv.zip,https://nsearchives.nseindia.com/content/historical/EQUITIES/2018/JAN/cm01JAN2018bhav.csv.zip,2018-01-01,59cb7469af0a936a6f165a1c2d39bf2808ad155bf87fa0afa90f443850ce0618,69786,historical NSE legacy equity bhavcopy,NSE download manifest
data/raw/bhavcopy_legacy/cm01JAN2019bhav.csv.zip,https://nsearchives.nseindia.com/content/historical/EQUITIES/2019/JAN/cm01JAN2019bhav.csv.zip,2019-01-01,440711205a499bc28a1b339fcf0ad8d7e0c7a8a7addc689a573972bdda8e3e56,65605,historical NSE legacy equity bhavcopy,NSE download manifest
data/raw/bhavcopy_legacy/cm01JAN2020bhav.csv.zip,https://nsearchives.nseindia.com/content/historical/EQUITIES/2020/JAN/cm01JAN2020bhav.csv.zip,2020-01-01,0546c1843289df8add7da2a8302360ca4b1096cfa1b0c5d471397ef440795077,67417,historical NSE legacy equity bhavcopy,NSE download manifest
data/raw/bhavcopy_legacy/cm01JAN2021bhav.csv.zip,https://nsearchives.nseindia.com/content/historical/EQUITIES/2021/JAN/cm01JAN2021bhav.csv.zip,2021-01-01,1650987c006502130ce503e333b7cd1a0f698736131bd4e609f5fd5ffb3c2eab,73515,historical NSE legacy equity bhavcopy,NSE download manifest
data/raw/bhavcopy_legacy/cm01JAN2024bhav.csv.zip,https://nsearchives.nseindia.com/content/historical/EQUITIES/2024/JAN/cm01JAN2024bhav.csv.zip,2024-01-01,b319abd21fbf9738f13c3aea57f7d64637051aefa734217b1df1944c4760b1cd,100666,historical NSE legacy equity bhavcopy,NSE download manifest
data/raw/bhavcopy_legacy/cm01JUL2013bhav.csv.zip,https://nsearchives.nseindia.com/content/historical/EQUITIES/2013/JUL/cm01JUL2013bhav.csv.zip,2013-07-01,9f5523672f27fe76401ee5e98338c3438bc2aabb58da4dea3dd802aa1d996085,49836,historical NSE legacy equity bhavcopy,NSE download manifest
data/raw/bhavcopy_legacy/cm01JUL2014bhav.csv.zip,https://nsearchives.nseindia.com/content/historical/EQUITIES/2014/JUL/cm01JUL2014bhav.csv.zip,2014-07-01,1738a61d91ef601384c0530719e498f85a15a6d16854ccf0084ec4fe14d171dd,57771,historical NSE legacy equity bhavcopy,NSE download manifest
data/raw/bhavcopy_legacy/cm01JUL2015bhav.csv.zip,https://nsearchives.nseindia.com/content/historical/EQUITIES/2015/JUL/cm01JUL2015bhav.csv.zip,2015-07-01,f677e7e0c6a33d9e29be95a88312795faf73e3e6d020a875907119a464363532,57069,historical NSE legacy equity bhavcopy,NSE download manifest
data/raw/bhavcopy_legacy/cm01JUL2016bhav.csv.zip,https://nsearchives.nseindia.com/content/historical/EQUITIES/2016/JUL/cm01JUL2016bhav.csv.zip,2016-07-01,e267d2a5ee937d25b2bd9d15b79c810af70480720dce407c465a86e85cfabc2e,61013,historical NSE legacy equity bhavcopy,NSE download manifest
data/raw/bhavcopy_legacy/cm01JUL2019bhav.csv.zip,https://nsearchives.nseindia.com/content/historical/EQUITIES/2019/JUL/cm01JUL2019bhav.csv.zip,2019-07-01,a6831c4867a23ad389f9f4f5655db98b1988f2f107674cef34dd31398fce1c62,68040,historical NSE legacy equity bhavcopy,NSE download manifest
data/raw/bhavcopy_legacy/cm01JUL2020bhav.csv.zip,https://nsearchives.nseindia.com/content/historical/EQUITIES/2020/JUL/cm01JUL2020bhav.csv.zip,2020-07-01,c9c219c6a0df442ca23f157c96e0700af0d2e71b87cf29a4488d2c2379b8f80e,70212,historical NSE legacy equity bhavcopy,NSE download manifest
data/raw/bhavcopy_legacy/cm01JUL2021bhav.csv.zip,https://nsearchives.nseindia.com/content/historical/EQUITIES/2021/JUL/cm01JUL2021bhav.csv.zip,2021-07-01,1d8b23686ab3cb4e884acc8f5e397a1d64441841a06d3a67dce3beb3a350cf25,76717,historical NSE legacy equity bhavcopy,NSE download manifest
data/raw/bhavcopy_legacy/cm01JUL2022bhav.csv.zip,https://nsearchives.nseindia.com/content/historical/EQUITIES/2022/JUL/cm01JUL2022bhav.csv.zip,2022-07-01,979e35b2d03385f46642af7dbae4e6f65f559ef586630939a1d3e159f47a7a23,82132,historical NSE legacy equity bhavcopy,NSE download manifest
data/raw/bhavcopy_legacy/cm01JUL2024bhav.csv.zip,https://nsearchives.nseindia.com/content/historical/EQUITIES/2024/JUL/cm01JUL2024bhav.csv.zip,2024-07-01,7684c7dfb75542f4d9b008947b0758624d7f8bbce287e1d5918ab6bb1eb2c0e0,110667,historical NSE legacy equity bhavcopy,NSE download manifest
data/raw/bhavcopy_legacy/cm01JUN2015bhav.csv.zip,https://nsearchives.nseindia.com/content/historical/EQUITIES/2015/JUN/cm01JUN2015bhav.csv.zip,2015-06-01,b4bebfc55a27a0e92b1e5840396caf382a7649051e42f832a46047c80a700528,56810,historical NSE legacy equity bhavcopy,NSE download manifest
data/raw/bhavcopy_legacy/cm01JUN2016bhav.csv.zip,https://nsearchives.nseindia.com/content/historical/EQUITIES/2016/JUN/cm01JUN2016bhav.csv.zip,2016-06-01,3038d4912650e732b32ffaed939e1f74a16e082110eb6c6391887b3e0b5bfebd,59136,historical NSE legacy equity bhavcopy,NSE download manifest
data/raw/bhavcopy_legacy/cm01JUN2017bhav.csv.zip,https://nsearchives.nseindia.com/content/historical/EQUITIES/2017/JUN/cm01JUN2017bhav.csv.zip,2017-06-01,ca4332bf8cf5f174f1efcb69149f3b086c45044fb4df71ded0294fbbb8b3d974,64081,historical NSE legacy equity bhavcopy,NSE download manifest
data/raw/bhavcopy_legacy/cm01JUN2018bhav.csv.zip,https://nsearchives.nseindia.com/content/historical/EQUITIES/2018/JUN/cm01JUN2018bhav.csv.zip,2018-06-01,20312c581d7865a703bf28b7cec811fa8b29e6a1c8d547e18207dc5795d7e7e9,68916,historical NSE legacy equity bhavcopy,NSE download manifest
data/raw/bhavcopy_legacy/cm01JUN2020bhav.csv.zip,https://nsearchives.nseindia.com/content/historical/EQUITIES/2020/JUN/cm01JUN2020bhav.csv.zip,2020-06-01,1ee95226aad07225b58b3f9a2fabc8e50c9d11aceff5be7d393c64fbd85ba464,69898,historical NSE legacy equity bhavcopy,NSE download manifest
data/raw/bhavcopy_legacy/cm01JUN2021bhav.csv.zip,https://nsearchives.nseindia.com/content/historical/EQUITIES/2021/JUN/cm01JUN2021bhav.csv.zip,2021-06-01,95b68c8662f4644ad80ecbb366dfe78ac9cb2fbf129c90787960e8024485ba36,76609,historical NSE legacy equity bhavcopy,NSE download manifest
data/raw/bhavcopy_legacy/cm01JUN2022bhav.csv.zip,https://nsearchives.nseindia.com/content/historical/EQUITIES/2022/JUN/cm01JUN2022bhav.csv.zip,2022-06-01,68586c194af4700ca6d07bff4423d4b2e2a2e8f9e5c8b4a75540f4e5159014f8,82809,historical NSE legacy equity bhavcopy,NSE download manifest
data/raw/bhavcopy_legacy/cm01JUN2023bhav.csv.zip,https://nsearchives.nseindia.com/content/historical/EQUITIES/2023/JUN/cm01JUN2023bhav.csv.zip,2023-06-01,ad2e41a5f8eabafa7decaf33ccb13096bd6481987db13f44ef633eaf1e99cdbb,90830,historical NSE legacy equity bhavcopy,NSE download manifest
data/raw/bhavcopy_legacy/cm01MAR2013bhav.csv.zip,https://nsearchives.nseindia.com/content/historical/EQUITIES/2013/MAR/cm01MAR2013bhav.csv.zip,2013-03-01,be9996d4272020779a03f55ce0186e86a81f12a6d220b37b50d67420b678bd3f,55065,historical NSE legacy equity bhavcopy,NSE download manifest
data/raw/bhavcopy_legacy/cm01MAR2016bhav.csv.zip,https://nsearchives.nseindia.com/content/historical/EQUITIES/2016/MAR/cm01MAR2016bhav.csv.zip,2016-03-01,2b26a7121887d6d17a8c5b2848d8468a8d25a713e557373c89fefc37578b45a0,57701,historical NSE legacy equity bhavcopy,NSE download manifest
data/raw/bhavcopy_legacy/cm01MAR2017bhav.csv.zip,https://nsearchives.nseindia.com/content/historical/EQUITIES/2017/MAR/cm01MAR2017bhav.csv.zip,2017-03-01,623a3a881da2ab7f7f89edc0a8a50a057eab92c68b32c654a4a4ffbf3f85acb1,63926,historical NSE legacy equity bhavcopy,NSE download manifest
data/raw/bhavcopy_legacy/cm01MAR2018bhav.csv.zip,https://nsearchives.nseindia.com/content/historical/EQUITIES/2018/MAR/cm01MAR2018bhav.csv.zip,2018-03-01,5cf6a02bdbabfd685b90b105634a4e9cdab7233e3f0e7a3d4167e490bf7c9183,67877,historical NSE legacy equity bhavcopy,NSE download manifest
data/raw/bhavcopy_legacy/cm01MAR2019bhav.csv.zip,https://nsearchives.nseindia.com/content/historical/EQUITIES/2019/MAR/cm01MAR2019bhav.csv.zip,2019-03-01,e63dbc15c0fb33c3267859f62c7c64ab5a5de3e3648fcdab490ac3e525c2cbf6,68102,historical NSE legacy equity bhavcopy,NSE download manifest
data/raw/bhavcopy_legacy/cm01MAR2021bhav.csv.zip,https://nsearchives.nseindia.com/content/historical/EQUITIES/2021/MAR/cm01MAR2021bhav.csv.zip,2021-03-01,ffed0dcdff42d38e7d8dd0dd3d225155504df02548d3910654d7db2cd0b24404,76511,historical NSE legacy equity bhavcopy,NSE download manifest
data/raw/bhavcopy_legacy/cm01MAR2023bhav.csv.zip,https://nsearchives.nseindia.com/content/historical/EQUITIES/2023/MAR/cm01MAR2023bhav.csv.zip,2023-03-01,58223186ed14412c00e83e053358966aa0db7e719e9bfaab4be62047d2a8e8b0,87775,historical NSE legacy equity bhavcopy,NSE download manifest
data/raw/bhavcopy_legacy/cm01MAR2024bhav.csv.zip,https://nsearchives.nseindia.com/content/historical/EQUITIES/2024/MAR/cm01MAR2024bhav.csv.zip,2024-03-01,badc21d5b2a49fb8c493d1ed327009d8d6ad5260d09f0f23b82b97971bc1a118,101671,historical NSE legacy equity bhavcopy,NSE download manifest
data/raw/bhavcopy_legacy/cm01NOV2013bhav.csv.zip,https://nsearchives.nseindia.com/content/historical/EQUITIES/2013/NOV/cm01NOV2013bhav.csv.zip,2013-11-01,f48838ecf34819fb8d6669ab6e42a48eaf28bce85b7f373eddf9624d76d69c23,49944,historical NSE legacy equity bhavcopy,NSE download manifest
data/raw/bhavcopy_legacy/cm01NOV2016bhav.csv.zip,https://nsearchives.nseindia.com/content/historical/EQUITIES/2016/NOV/cm01NOV2016bhav.csv.zip,2016-11-01,495bd78bdafa35254992a3fa5b82bc37a62f227e43172a9d8657f770068cb964,63297,historical NSE legacy equity bhavcopy,NSE download manifest
data/raw/bhavcopy_legacy/cm01NOV2017bhav.csv.zip,https://nsearchives.nseindia.com/content/historical/EQUITIES/2017/NOV/cm01NOV2017bhav.csv.zip,2017-11-01,818f9ee6dc961cad71d999b6021226666e23fa0336ce76ab3c88ac563d520775,67881,historical NSE legacy equity bhavcopy,NSE download manifest
data/raw/bhavcopy_legacy/cm01NOV2018bhav.csv.zip,https://nsearchives.nseindia.com/content/historical/EQUITIES/2018/NOV/cm01NOV2018bhav.csv.zip,2018-11-01,116f007ff7c388d53e780a2f5c50b1cfc34c3eba3e5b969d8aa2d15b7207f946,67662,historical NSE legacy equity bhavcopy,NSE download manifest
data/raw/bhavcopy_legacy/cm01NOV2019bhav.csv.zip,https://nsearchives.nseindia.com/content/historical/EQUITIES/2019/NOV/cm01NOV2019bhav.csv.zip,2019-11-01,4b4fddeeaf44abe3aee90dd8680b53ea2ed99adb0673fa57c79648181181baa6,69268,historical NSE legacy equity bhavcopy,NSE download manifest
data/raw/bhavcopy_legacy/cm01NOV2021bhav.csv.zip,https://nsearchives.nseindia.com/content/historical/EQUITIES/2021/NOV/cm01NOV2021bhav.csv.zip,2021-11-01,324f0425e28e7934568f962a352be6f2a748ed88e4d0d029379dbf8934b1ee56,79640,historical NSE legacy equity bhavcopy,NSE download manifest
data/raw/bhavcopy_legacy/cm01NOV2022bhav.csv.zip,https://nsearchives.nseindia.com/content/historical/EQUITIES/2022/NOV/cm01NOV2022bhav.csv.zip,2022-11-01,24ac50d76851edd9b2dc6615383167d6aedb58c7d7e161720cc71ef6143d51fa,87122,historical NSE legacy equity bhavcopy,NSE download manifest
data/raw/bhavcopy_legacy/cm01NOV2023bhav.csv.zip,https://nsearchives.nseindia.com/content/historical/EQUITIES/2023/NOV/cm01NOV2023bhav.csv.zip,2023-11-01,10e5cfa92e9c25ce6dc5032b65de2a3db0cecdb4af214f9a56659b2ea745a2f9,96156,historical NSE legacy equity bhavcopy,NSE download manifest
data/raw/bhavcopy_legacy/cm01OCT2013bhav.csv.zip,https://nsearchives.nseindia.com/content/historical/EQUITIES/2013/OCT/cm01OCT2013bhav.csv.zip,2013-10-01,7c4cf730933bcb6457638bc7f44b61e9c57e3b5a4da14ceb891b502b64466b34,47101,historical NSE legacy equity bhavcopy,NSE download manifest
data/raw/bhavcopy_legacy/cm01OCT2014bhav.csv.zip,https://nsearchives.nseindia.com/content/historical/EQUITIES/2014/OCT/cm01OCT2014bhav.csv.zip,2014-10-01,94ba426e283955625f947f345ae4b66b9923f55b8a8d205c1385b431c9aa20ce,57210,historical NSE legacy equity bhavcopy,NSE download manifest
data/raw/bhavcopy_legacy/cm01OCT2015bhav.csv.zip,https://nsearchives.nseindia.com/content/historical/EQUITIES/2015/OCT/cm01OCT2015bhav.csv.zip,2015-10-01,1c44c4f7f0ac3b422bf9933dc56b20fa761cf542803f0fd6467bd23541edc140,56643,historical NSE legacy equity bhavcopy,NSE download manifest
data/raw/bhavcopy_legacy/cm01OCT2018bhav.csv.zip,https://nsearchives.nseindia.com/content/historical/EQUITIES/2018/OCT/cm01OCT2018bhav.csv.zip,2018-10-01,20c695047275825b4473b2fa66509a8315b8eca90e932dfc369d5052a900ba86,70371,historical NSE legacy equity bhavcopy,NSE download manifest
data/raw/bhavcopy_legacy/cm01OCT2019bhav.csv.zip,https://nsearchives.nseindia.com/content/historical/EQUITIES/2019/OCT/cm01OCT2019bhav.csv.zip,2019-10-01,6483ab8e61f5c77ddf189ff87db1ed710b8f607e30af0e497519f37c1a7ef0a6,69153,historical NSE legacy equity bhavcopy,NSE download manifest
data/raw/bhavcopy_legacy/cm01OCT2020bhav.csv.zip,https://nsearchives.nseindia.com/content/historical/EQUITIES/2020/OCT/cm01OCT2020bhav.csv.zip,2020-10-01,493daccfe07329bb5f8061e034e427f2a37a7fb08de3619f71c77618c986bf2f,70844,historical NSE legacy equity bhavcopy,NSE download manifest
data/raw/bhavcopy_legacy/cm01OCT2021bhav.csv.zip,https://nsearchives.nseindia.com/content/historical/EQUITIES/2021/OCT/cm01OCT2021bhav.csv.zip,2021-10-01,96fe0ac10aa94ecbcba3dd743621d3ed73ed2b47996f9533efd0283719598fcf,79388,historical NSE legacy equity bhavcopy,NSE download manifest
data/raw/bhavcopy_legacy/cm01SEP2014bhav.csv.zip,https://nsearchives.nseindia.com/content/historical/EQUITIES/2014/SEP/cm01SEP2014bhav.csv.zip,2014-09-01,20a6dd57a223427e53810a0fcda1f8efd3acc74645d6e2b76d2b5a12ab81c238,58257,historical NSE legacy equity bhavcopy,NSE download manifest
data/raw/bhavcopy_legacy/cm01SEP2015bhav.csv.zip,https://nsearchives.nseindia.com/content/historical/EQUITIES/2015/SEP/cm01SEP2015bhav.csv.zip,2015-09-01,8462910153376bbe1c52038750ecd03187d2eda26f526256ad6707121a61b3bd,56951,historical NSE legacy equity bhavcopy,NSE download manifest
data/raw/bhavcopy_legacy/cm01SEP2016bhav.csv.zip,https://nsearchives.nseindia.com/content/historical/EQUITIES/2016/SEP/cm01SEP2016bhav.csv.zip,2016-09-01,7886c5d991ef8447964c58fda054710bc8983c5d27dc098ac2293722b11e7ce7,62108,historical NSE legacy equity bhavcopy,NSE download manifest
data/raw/bhavcopy_legacy/cm01SEP2017bhav.csv.zip,https://nsearchives.nseindia.com/content/historical/EQUITIES/2017/SEP/cm01SEP2017bhav.csv.zip,2017-09-01,932857230298581bad0bca5a6924f70e05c5a7fec97954833cdd02537358e099,64647,historical NSE legacy equity bhavcopy,NSE download manifest
data/raw/bhavcopy_legacy/cm01SEP2020bhav.csv.zip,https://nsearchives.nseindia.com/content/historical/EQUITIES/2020/SEP/cm01SEP2020bhav.csv.zip,2020-09-01,f22e9a6397b954067cbeace76a6f791aa8f901d1537188153d47356e86aa1b9c,70544,historical NSE legacy equity bhavcopy,NSE download manifest
data/raw/bhavcopy_legacy/cm01SEP2021bhav.csv.zip,https://nsearchives.nseindia.com/content/historical/EQUITIES/2021/SEP/cm01SEP2021bhav.csv.zip,2021-09-01,a997f08d4c80befc524f3b4c15cb0650b2168c9091e06d769559702c00048507,77783,historical NSE legacy equity bhavcopy,NSE download manifest
data/raw/bhavcopy_legacy/cm01SEP2022bhav.csv.zip,https://nsearchives.nseindia.com/content/historical/EQUITIES/2022/SEP/cm01SEP2022bhav.csv.zip,2022-09-01,365bda28cd39f76b227e1ac58d7c44eaa371bb81e189c05c639bc52d0f9d9688,85832,historical NSE legacy equity bhavcopy,NSE download manifest
data/raw/bhavcopy_legacy/cm01SEP2023bhav.csv.zip,https://nsearchives.nseindia.com/content/historical/EQUITIES/2023/SEP/cm01SEP2023bhav.csv.zip,2023-09-01,828882517646fdea0cfcb559b211c68f1477b178aa43df4609a3dc4730e60897,94320,historical NSE legacy equity bhavcopy,NSE download manifest
data/raw/bhavcopy_legacy/cm02APR2013bhav.csv.zip,https://nsearchives.nseindia.com/content/historical/EQUITIES/2013/APR/cm02APR2013bhav.csv.zip,2013-04-02,6acfd2020ed82ec3cf8455ec0c99e76e906078b8ac99100065338264ff1521ad,54468,historical NSE legacy equity bhavcopy,NSE download manifest
data/raw/bhavcopy_legacy/cm02APR2014bhav.csv.zip,https://nsearchives.nseindia.com/content/historical/EQUITIES/2014/APR/cm02APR2014bhav.csv.zip,2014-04-02,fe26e704ec87a3738d51ca6eed2337471d8bdfe62f3cee1cab3d04055089628a,54962,historical NSE legacy equity bhavcopy,NSE download manifest
data/raw/bhavcopy_legacy/cm02APR2018bhav.csv.zip,https://nsearchives.nseindia.com/content/historical/EQUITIES/2018/APR/cm02APR2018bhav.csv.zip,2018-04-02,0ce5fd92a0adebad19a13bf5e614dac6d60d692b9f7363a84c19fee1455a8bf4,67993,historical NSE legacy equity bhavcopy,NSE download manifest
data/raw/bhavcopy_legacy/cm02APR2019bhav.csv.zip,https://nsearchives.nseindia.com/content/historical/EQUITIES/2019/APR/cm02APR2019bhav.csv.zip,2019-04-02,467700add4f57a92580a6407e2b272a1a18e922b97236dca65f764193c2575a8,68723,historical NSE legacy equity bhavcopy,NSE download manifest
data/raw/bhavcopy_legacy/cm02APR2024bhav.csv.zip,https://nsearchives.nseindia.com/content/historical/EQUITIES/2024/APR/cm02APR2024bhav.csv.zip,2024-04-02,e1413cdf8ee26f5bd2674f2cdae1e201de56a288abb383fdd886d170f8052a5c,102449,historical NSE legacy equity bhavcopy,NSE download manifest
data/raw/bhavcopy_legacy/cm02AUG2013bhav.csv.zip,https://nsearchives.nseindia.com/content/historical/EQUITIES/2013/AUG/cm02AUG2013bhav.csv.zip,2013-08-02,4c70fc81f9ac2c90671e498449295857c357ff7ce9e3f5d02a86f7a3e3117832,48210,historical NSE legacy equity bhavcopy,NSE download manifest
data/raw/bhavcopy_legacy/cm02AUG2016bhav.csv.zip,https://nsearchives.nseindia.com/content/historical/EQUITIES/2016/AUG/cm02AUG2016bhav.csv.zip,2016-08-02,282751557ebf155b5b222062ca60a90ff77bdeb05c920f7e18cdeb82b33b98bc,61787,historical NSE legacy equity bhavcopy,NSE download manifest
data/raw/bhavcopy_legacy/cm02AUG2017bhav.csv.zip,https://nsearchives.nseindia.com/content/historical/EQUITIES/2017/AUG/cm02AUG2017bhav.csv.zip,2017-08-02,efe84f5069a7ec6e377bd6252fbea66699e9442fab1c5197d2449007240692c4,65225,historical NSE legacy equity bhavcopy,NSE download manifest
data/raw/bhavcopy_legacy/cm02AUG2018bhav.csv.zip,https://nsearchives.nseindia.com/content/historical/EQUITIES/2018/AUG/cm02AUG2018bhav.csv.zip,2018-08-02,ca068f801d5e169499cc8f299f08c082ddba280ddf466c4b583082ccbec415cf,69136,historical NSE legacy equity bhavcopy,NSE download manifest
data/raw/bhavcopy_legacy/cm02AUG2019bhav.csv.zip,https://nsearchives.nseindia.com/content/historical/EQUITIES/2019/AUG/cm02AUG2019bhav.csv.zip,2019-08-02,81448c94d0fca6352e7ca337aa218070b40170ee98275059e751c1c7107f8d53,67647,historical NSE legacy equity bhavcopy,NSE download manifest
data/raw/bhavcopy_legacy/cm02AUG2021bhav.csv.zip,https://nsearchives.nseindia.com/content/historical/EQUITIES/2021/AUG/cm02AUG2021bhav.csv.zip,2021-08-02,d158a1634a7eb19852fe313775ea1de3c2182251e92304b698b4b5406a126ede,79510,historical NSE legacy equity bhavcopy,NSE download manifest
data/raw/bhavcopy_legacy/cm02AUG2022bhav.csv.zip,https://nsearchives.nseindia.com/content/historical/EQUITIES/2022/AUG/cm02AUG2022bhav.csv.zip,2022-08-02,7bc9c9fc6b0570f7018b732ee3daa2885047969979e842d3de7653ad6e88f915,83938,historical NSE legacy equity bhavcopy,NSE download manifest
data/raw/bhavcopy_legacy/cm02AUG2023bhav.csv.zip,https://nsearchives.nseindia.com/content/historical/EQUITIES/2023/AUG/cm02AUG2023bhav.csv.zip,2023-08-02,1769f8f12e75ec0238b4e674047cd93cba34480477e17c2d67fd6a43188ca8c0,94121,historical NSE legacy equity bhavcopy,NSE download manifest
data/raw/bhavcopy_legacy/cm02DEC2013bhav.csv.zip,https://nsearchives.nseindia.com/content/historical/EQUITIES/2013/DEC/cm02DEC2013bhav.csv.zip,2013-12-02,92ce4456ae1faed97e30cd15c222882269bf35375ccfb8039ada5a59871d2b09,50742,historical NSE legacy equity bhavcopy,NSE download manifest
data/raw/bhavcopy_legacy/cm02DEC2014bhav.csv.zip,https://nsearchives.nseindia.com/content/historical/EQUITIES/2014/DEC/cm02DEC2014bhav.csv.zip,2014-12-02,f1cc67b8f5cce99f571cc1203c3a99a9a283b18fb5f8afb9589c4ef30809017d,57939,historical NSE legacy equity bhavcopy,NSE download manifest
data/raw/bhavcopy_legacy/cm02DEC2015bhav.csv.zip,https://nsearchives.nseindia.com/content/historical/EQUITIES/2015/DEC/cm02DEC2015bhav.csv.zip,2015-12-02,1875fabda43597dafe46503e51d9a04d168ff338efad9221883227a6817a7470,58470,historical NSE legacy equity bhavcopy,NSE download manifest
data/raw/bhavcopy_legacy/cm02DEC2016bhav.csv.zip,https://nsearchives.nseindia.com/content/historical/EQUITIES/2016/DEC/cm02DEC2016bhav.csv.zip,2016-12-02,74e75679bb1e09ad0ec0f3f87697619eb86e45cdc93d83752974c04f97e09a1d,61055,historical NSE legacy equity bhavcopy,NSE download manifest
data/raw/bhavcopy_legacy/cm02DEC2019bhav.csv.zip,https://nsearchives.nseindia.com/content/historical/EQUITIES/2019/DEC/cm02DEC2019bhav.csv.zip,2019-12-02,f2a7e727f46af11919d94b799227a7eb44b1ea0617137302bde2b6c447fc12ba,69201,historical NSE legacy equity bhavcopy,NSE download manifest
data/raw/bhavcopy_legacy/cm02DEC2020bhav.csv.zip,https://nsearchives.nseindia.com/content/historical/EQUITIES/2020/DEC/cm02DEC2020bhav.csv.zip,2020-12-02,4eb16fbeb9136494550113f55b6aaac210894858b0e2c004abe9155e6384d16c,73617,historical NSE legacy equity bhavcopy,NSE download manifest
data/raw/bhavcopy_legacy/cm02DEC2021bhav.csv.zip,https://nsearchives.nseindia.com/content/historical/EQUITIES/2021/DEC/cm02DEC2021bhav.csv.zip,2021-12-02,5c4c614813543a5c5b832bc11b795685f06e26771b2b3fe77538d23a90556ade,80094,historical NSE legacy equity bhavcopy,NSE download manifest
data/raw/bhavcopy_legacy/cm02DEC2022bhav.csv.zip,https://nsearchives.nseindia.com/content/historical/EQUITIES/2022/DEC/cm02DEC2022bhav.csv.zip,2022-12-02,26b29064fb8ca4418f1ce1c36563a4d2f0cae701c9123982b23ed64014d9da64,88032,historical NSE legacy equity bhavcopy,NSE download manifest
data/raw/bhavcopy_legacy/cm02FEB2015bhav.csv.zip,https://nsearchives.nseindia.com/content/historical/EQUITIES/2015/FEB/cm02FEB2015bhav.csv.zip,2015-02-02,0ba23f278af5702a5ede20f8b666158cc928d678b659aee10414b37e1f101e00,57177,historical NSE legacy equity bhavcopy,NSE download manifest
data/raw/bhavcopy_legacy/cm02FEB2016bhav.csv.zip,https://nsearchives.nseindia.com/content/historical/EQUITIES/2016/FEB/cm02FEB2016bhav.csv.zip,2016-02-02,9d8bbcc0f7591a42ef470b6838e80d90a187743addf0ed213881aadcb957efe1,58699,historical NSE legacy equity bhavcopy,NSE download manifest
data/raw/bhavcopy_legacy/cm02FEB2017bhav.csv.zip,https://nsearchives.nseindia.com/content/historical/EQUITIES/2017/FEB/cm02FEB2017bhav.csv.zip,2017-02-02,1d1826db2360508fd66d5bf798240a015cdbe4736f40f985c0a9ac39734e46e6,63178,historical NSE legacy equity bhavcopy,NSE download manifest
data/raw/bhavcopy_legacy/cm02FEB2018bhav.csv.zip,https://nsearchives.nseindia.com/content/historical/EQUITIES/2018/FEB/cm02FEB2018bhav.csv.zip,2018-02-02,5dbf1da1e7e16d2269a3162fae464824f679b4a7daa21b4cc002a5408ed731cc,69875,historical NSE legacy equity bhavcopy,NSE download manifest
data/raw/bhavcopy_legacy/cm02FEB2021bhav.csv.zip,https://nsearchives.nseindia.com/content/historical/EQUITIES/2021/FEB/cm02FEB2021bhav.csv.zip,2021-02-02,73838ac3003a00ec7b4c81012c96f4bd8885781d00137c43200d8cbdb09e7552,74594,historical NSE legacy equity bhavcopy,NSE download manifest
data/raw/bhavcopy_legacy/cm02FEB2022bhav.csv.zip,https://nsearchives.nseindia.com/content/historical/EQUITIES/2022/FEB/cm02FEB2022bhav.csv.zip,2022-02-02,f7396f42f0608912db5671c2db132828d6a8bfed4fdefc4e63bdd77b2c65d612,83110,historical NSE legacy equity bhavcopy,NSE download manifest
data/raw/bhavcopy_legacy/cm02FEB2023bhav.csv.zip,https://nsearchives.nseindia.com/content/historical/EQUITIES/2023/FEB/cm02FEB2023bhav.csv.zip,2023-02-02,ad5a8ba5620bbd0c415f7fe45ef5674fb9dfc3386bac238862b768e6efc2119d,88002,historical NSE legacy equity bhavcopy,NSE download manifest
data/raw/bhavcopy_legacy/cm02FEB2024bhav.csv.zip,https://nsearchives.nseindia.com/content/historical/EQUITIES/2024/FEB/cm02FEB2024bhav.csv.zip,2024-02-02,0d9d39fc026f9b0ed63be7987ad96ec87179db5ae87f58ef09298759203dfddf,102395,historical NSE legacy equity bhavcopy,NSE download manifest
data/raw/bhavcopy_legacy/cm02JAN2013bhav.csv.zip,https://nsearchives.nseindia.com/content/historical/EQUITIES/2013/JAN/cm02JAN2013bhav.csv.zip,2013-01-02,afca867c7ccbc85a0ce8cc9f444eeb88542332ecf691dade92d38aa0c259f3bd,56926,historical NSE legacy equity bhavcopy,NSE download manifest
data/raw/bhavcopy_legacy/cm02JAN2014bhav.csv.zip,https://nsearchives.nseindia.com/content/historical/EQUITIES/2014/JAN/cm02JAN2014bhav.csv.zip,2014-01-02,b7bbd41acc6e82f609812c0d543735afe2b07db208a9a147cda30da851331601,51329,historical NSE legacy equity bhavcopy,NSE download manifest
data/raw/bhavcopy_legacy/cm02JAN2015bhav.csv.zip,https://nsearchives.nseindia.com/content/historical/EQUITIES/2015/JAN/cm02JAN2015bhav.csv.zip,2015-01-02,92a0d43e883be89b86e36ce6a81c56d96a3b5faeaca698565736954a1058b9bd,58101,historical NSE legacy equity bhavcopy,NSE download manifest
data/raw/bhavcopy_legacy/cm02JAN2017bhav.csv.zip,https://nsearchives.nseindia.com/content/historical/EQUITIES/2017/JAN/cm02JAN2017bhav.csv.zip,2017-01-02,dfa61bf8767594c0070ea2489a1ead179d4a7288f3e37357399ff5f3bfb40f5d,61571,historical NSE legacy equity bhavcopy,NSE download manifest
data/raw/bhavcopy_legacy/cm02JAN2018bhav.csv.zip,https://nsearchives.nseindia.com/content/historical/EQUITIES/2018/JAN/cm02JAN2018bhav.csv.zip,2018-01-02,73976825d277dc7f2d8e3ce6cac4dd8d3e795f296c031acc7a38528fd4700bb7,69476,historical NSE legacy equity bhavcopy,NSE download manifest
data/raw/bhavcopy_legacy/cm02JAN2019bhav.csv.zip,https://nsearchives.nseindia.com/content/historical/EQUITIES/2019/JAN/cm02JAN2019bhav.csv.zip,2019-01-02,0e0f5713ab99ddbc1f01f633fcc01089acda8a8ebd7b18aeef5733fc8669b476,67113,historical NSE legacy equity bhavcopy,NSE download manifest
data/raw/bhavcopy_legacy/cm02JAN2020bhav.csv.zip,https://nsearchives.nseindia.com/content/historical/EQUITIES/2020/JAN/cm02JAN2020bhav.csv.zip,2020-01-02,b3cdc49a3f683b236b5ad5ffc00eb9eb37f684d34598ced3109d5b2c154b88e3,69955,historical NSE legacy equity bhavcopy,NSE download manifest
data/raw/bhavcopy_legacy/cm02JAN2023bhav.csv.zip,https://nsearchives.nseindia.com/content/historical/EQUITIES/2023/JAN/cm02JAN2023bhav.csv.zip,2023-01-02,05d493a78b54736cb5512099ea0001e3d3800c161366015d7c9ce9dc7cd279f4,89253,historical NSE legacy equity bhavcopy,NSE download manifest
data/raw/bhavcopy_legacy/cm02JAN2024bhav.csv.zip,https://nsearchives.nseindia.com/content/historical/EQUITIES/2024/JAN/cm02JAN2024bhav.csv.zip,2024-01-02,57b5654df0e22a7de324748cd6606ed538d477b85669fcc34c0c7c24963741eb,100665,historical NSE legacy equity bhavcopy,NSE download manifest
data/raw/bhavcopy_legacy/cm02JUL2013bhav.csv.zip,https://nsearchives.nseindia.com/content/historical/EQUITIES/2013/JUL/cm02JUL2013bhav.csv.zip,2013-07-02,af95733e1d6cdaa59a431b8b4e0671aaaa4adefea688c6e92f342a93a65cbbd5,50067,historical NSE legacy equity bhavcopy,NSE download manifest
data/raw/bhavcopy_legacy/cm02JUL2014bhav.csv.zip,https://nsearchives.nseindia.com/content/historical/EQUITIES/2014/JUL/cm02JUL2014bhav.csv.zip,2014-07-02,af38436ec1ffd7d8ef1c6be68a551f4e4f62cc46af0b72fa17479cb4791fd1b0,58434,historical NSE legacy equity bhavcopy,NSE download manifest
data/raw/bhavcopy_legacy/cm02JUL2015bhav.csv.zip,https://nsearchives.nseindia.com/content/historical/EQUITIES/2015/JUL/cm02JUL2015bhav.csv.zip,2015-07-02,2dc3d966b97c912b430aa2c86882448a995693a2919b7ba607b94a5e710953df,57151,historical NSE legacy equity bhavcopy,NSE download manifest
data/raw/bhavcopy_legacy/cm02JUL2018bhav.csv.zip,https://nsearchives.nseindia.com/content/historical/EQUITIES/2018/JUL/cm02JUL2018bhav.csv.zip,2018-07-02,3cc8863089b3974327a4c5581af16f9b4c7c9c113052fc78ed1171d321431b67,67873,historical NSE legacy equity bhavcopy,NSE download manifest
data/raw/bhavcopy_legacy/cm02JUL2019bhav.csv.zip,https://nsearchives.nseindia.com/content/historical/EQUITIES/2019/JUL/cm02JUL2019bhav.csv.zip,2019-07-02,7c5552b93632ecd07c3dcec780e4e6144ea13982247355fb3fad52543302ca18,67161,historical NSE legacy equity bhavcopy,NSE download manifest
data/raw/bhavcopy_legacy/cm02JUL2020bhav.csv.zip,https://nsearchives.nseindia.com/content/historical/EQUITIES/2020/JUL/cm02JUL2020bhav.csv.zip,2020-07-02,135b8fe038e290c96ddfed87e8b2a1bb911058238912b8264fd44238d8ead48f,69961,historical NSE legacy equity bhavcopy,NSE download manifest
data/raw/bhavcopy_legacy/cm02JUL2021bhav.csv.zip,https://nsearchives.nseindia.com/content/historical/EQUITIES/2021/JUL/cm02JUL2021bhav.csv.zip,2021-07-02,0fce68211ead3f7bd8b0c78282548074ed9da6501ad446c137029ea05e85f7fc,76586,historical NSE legacy equity bhavcopy,NSE download manifest
data/raw/bhavcopy_legacy/cm02JUL2024bhav.csv.zip,https://nsearchives.nseindia.com/content/historical/EQUITIES/2024/JUL/cm02JUL2024bhav.csv.zip,2024-07-02,d404a22e4ea73c7c2d5e98eba6fe15079b7a16793d21a988031395c4ffd2fbad,109546,historical NSE legacy equity bhavcopy,NSE download manifest
data/raw/bhavcopy_legacy/cm02JUN2014bhav.csv.zip,https://nsearchives.nseindia.com/content/historical/EQUITIES/2014/JUN/cm02JUN2014bhav.csv.zip,2014-06-02,dd3887bc26bb29f86cf62bef42f4a743bfabe28a638a18ecb461fe916e703bed,57140,historical NSE legacy equity bhavcopy,NSE download manifest
data/raw/bhavcopy_legacy/cm02JUN2015bhav.csv.zip,https://nsearchives.nseindia.com/content/historical/EQUITIES/2015/JUN/cm02JUN2015bhav.csv.zip,2015-06-02,405b1d0406f5d627138cf2fa2d2d31e5dde190a6fc61571ece2c61168145f792,55888,historical NSE legacy equity bhavcopy,NSE download manifest
data/raw/bhavcopy_legacy/cm02JUN2016bhav.csv.zip,https://nsearchives.nseindia.com/content/historical/EQUITIES/2016/JUN/cm02JUN2016bhav.csv.zip,2016-06-02,87df9d926becfd62eae15fb55bfdd5dc2d2d017d00eaacaa8e403078395f5415,58963,historical NSE legacy equity bhavcopy,NSE download manifest
data/raw/bhavcopy_legacy/cm02JUN2017bhav.csv.zip,https://nsearchives.nseindia.com/content/historical/EQUITIES/2017/JUN/cm02JUN2017bhav.csv.zip,2017-06-02,9de0123a50d4900f692db27bb8ca9ffa90e9447c6fc13b139043c3d9723fb1fb,64773,historical NSE legacy equity bhavcopy,NSE download manifest
data/raw/bhavcopy_legacy/cm02JUN2020bhav.csv.zip,https://nsearchives.nseindia.com/content/historical/EQUITIES/2020/JUN/cm02JUN2020bhav.csv.zip,2020-06-02,b4d3c996bb9bd87d63422fc77c6d31c110c1847cddfd62d56ef55d6ef61334e4,68672,historical NSE legacy equity bhavcopy,NSE download manifest
data/raw/bhavcopy_legacy/cm02JUN2021bhav.csv.zip,https://nsearchives.nseindia.com/content/historical/EQUITIES/2021/JUN/cm02JUN2021bhav.csv.zip,2021-06-02,1f94fc20bb6c494d2a87364d280131515cec42875fd0e940703e195793b8afa0,76127,historical NSE legacy equity bhavcopy,NSE download manifest
data/raw/bhavcopy_legacy/cm02JUN2022bhav.csv.zip,https://nsearchives.nseindia.com/content/historical/EQUITIES/2022/JUN/cm02JUN2022bhav.csv.zip,2022-06-02,45f2e1f6f163b00356579c54ed300db284135407a12a6b0533f98dab47d775f5,82639,historical NSE legacy equity bhavcopy,NSE download manifest
data/raw/bhavcopy_legacy/cm02JUN2023bhav.csv.zip,https://nsearchives.nseindia.com/content/historical/EQUITIES/2023/JUN/cm02JUN2023bhav.csv.zip,2023-06-02,33ec3c91c1bb578732ea905dcc09dcf35c7b5ee1069fb750e5e67eea09740be8,90709,historical NSE legacy equity bhavcopy,NSE download manifest
data/raw/bhavcopy_legacy/cm02MAR2015bhav.csv.zip,https://nsearchives.nseindia.com/content/historical/EQUITIES/2015/MAR/cm02MAR2015bhav.csv.zip,2015-03-02,37d77d8e0d9ee5628c2173a712aef786a6d52d0ecd6e8e4c32e9d54e90ee203b,57044,historical NSE legacy equity bhavcopy,NSE download manifest
data/raw/bhavcopy_legacy/cm02MAR2016bhav.csv.zip,https://nsearchives.nseindia.com/content/historical/EQUITIES/2016/MAR/cm02MAR2016bhav.csv.zip,2016-03-02,4e058dcaa84dfb55b1a3f32d18232854ac2bb15504872ed39de557b045e2f754,58488,historical NSE legacy equity bhavcopy,NSE download manifest
data/raw/bhavcopy_legacy/cm02MAR2017bhav.csv.zip,https://nsearchives.nseindia.com/content/historical/EQUITIES/2017/MAR/cm02MAR2017bhav.csv.zip,2017-03-02,3d0f15fe1c5270271226911e5a83891ab9e29e4327149d830b77b82ddaddc52a,63886,historical NSE legacy equity bhavcopy,NSE download manifest
data/raw/bhavcopy_legacy/cm02MAR2020bhav.csv.zip,https://nsearchives.nseindia.com/content/historical/EQUITIES/2020/MAR/cm02MAR2020bhav.csv.zip,2020-03-02,f66425e5ea51dfb624a7b40c7e79182532a82c5331d0f72c25a90da6d0354a88,70597,historical NSE legacy equity bhavcopy,NSE download manifest
data/raw/bhavcopy_legacy/cm02MAR2021bhav.csv.zip,https://nsearchives.nseindia.com/content/historical/EQUITIES/2021/MAR/cm02MAR2021bhav.csv.zip,2021-03-02,56952586d7cf76ab5d28798026849ba363eeb5a27a1ef28dc59b1ac92c81ca34,74825,historical NSE legacy equity bhavcopy,NSE download manifest
data/raw/bhavcopy_legacy/cm02MAR2022bhav.csv.zip,https://nsearchives.nseindia.com/content/historical/EQUITIES/2022/MAR/cm02MAR2022bhav.csv.zip,2022-03-02,6aa944bf5e04cf0e7a3e2097b2d80c1349a86486d485b94e73b7a63fea1ab96f,82765,historical NSE legacy equity bhavcopy,NSE download manifest
data/raw/bhavcopy_legacy/cm02MAR2023bhav.csv.zip,https://nsearchives.nseindia.com/content/historical/EQUITIES/2023/MAR/cm02MAR2023bhav.csv.zip,2023-03-02,252ad07aab3f24995a9776e9d73cab9d225f6db2c627319fae16613851bebbea,87685,historical NSE legacy equity bhavcopy,NSE download manifest
data/raw/bhavcopy_legacy/cm02MAR2024bhav.csv.zip,https://nsearchives.nseindia.com/content/historical/EQUITIES/2024/MAR/cm02MAR2024bhav.csv.zip,2024-03-02,31e7a2b63c44fec3b3b8fef9aaca38542e793553aa591ef14103611c719beed6,89923,historical NSE legacy equity bhavcopy,NSE official URL reconstructed from special-session downloader filename rule
data/raw/bhavcopy_legacy/cm02MAY2013bhav.csv.zip,https://nsearchives.nseindia.com/content/historical/EQUITIES/2013/MAY/cm02MAY2013bhav.csv.zip,2013-05-02,4e494887de8fa36ca69c16c33d20c163dee4a6c5104e026c93a53a6126740376,51105,historical NSE legacy equity bhavcopy,NSE download manifest
data/raw/bhavcopy_legacy/cm02MAY2014bhav.csv.zip,https://nsearchives.nseindia.com/content/historical/EQUITIES/2014/MAY/cm02MAY2014bhav.csv.zip,2014-05-02,9231d227973adc4552bc36fe86ad5f70b30908d6f3e7148d7018051cc6e8f80c,53626,historical NSE legacy equity bhavcopy,NSE download manifest
data/raw/bhavcopy_legacy/cm02MAY2016bhav.csv.zip,https://nsearchives.nseindia.com/content/historical/EQUITIES/2016/MAY/cm02MAY2016bhav.csv.zip,2016-05-02,8e5c96a2b282a8e882741729ed3e53f40cc49620820aef2b705189191609a3f3,59288,historical NSE legacy equity bhavcopy,NSE download manifest
data/raw/bhavcopy_legacy/cm02MAY2017bhav.csv.zip,https://nsearchives.nseindia.com/content/historical/EQUITIES/2017/MAY/cm02MAY2017bhav.csv.zip,2017-05-02,3f9ee89405da27beab99c6344a90582f9578570f1b889af52c5f22b64761e711,66103,historical NSE legacy equity bhavcopy,NSE download manifest
data/raw/bhavcopy_legacy/cm02MAY2018bhav.csv.zip,https://nsearchives.nseindia.com/content/historical/EQUITIES/2018/MAY/cm02MAY2018bhav.csv.zip,2018-05-02,33cf75d8962b2e284d4579be2323b1f9d5159d56fb22d5c13446d09997a28b74,69728,historical NSE legacy equity bhavcopy,NSE download manifest
data/raw/bhavcopy_legacy/cm02MAY2019bhav.csv.zip,https://nsearchives.nseindia.com/content/historical/EQUITIES/2019/MAY/cm02MAY2019bhav.csv.zip,2019-05-02,45437b962cfabcf4ff2e3b16a751c9a0cb2eefc05356bce97fa9fb9327f33966,68862,historical NSE legacy equity bhavcopy,NSE download manifest
data/raw/bhavcopy_legacy/cm02MAY2022bhav.csv.zip,https://nsearchives.nseindia.com/content/historical/EQUITIES/2022/MAY/cm02MAY2022bhav.csv.zip,2022-05-02,0566c1db7894f5b6858aeaa97a96ab5263c54bde3ff5af3b23496b7641373d8f,84062,historical NSE legacy equity bhavcopy,NSE download manifest
data/raw/bhavcopy_legacy/cm02MAY2023bhav.csv.zip,https://nsearchives.nseindia.com/content/historical/EQUITIES/2023/MAY/cm02MAY2023bhav.csv.zip,2023-05-02,382c1e28b26e905349a130d1ae68baeb0ff47b74253f63543211bbd45e1d2750,90744,historical NSE legacy equity bhavcopy,NSE download manifest
data/raw/bhavcopy_legacy/cm02MAY2024bhav.csv.zip,https://nsearchives.nseindia.com/content/historical/EQUITIES/2024/MAY/cm02MAY2024bhav.csv.zip,2024-05-02,311dfe4873f841c8772d85de63a605b6845c4fe8c2c2a1eef718a2915bd4812f,104271,historical NSE legacy equity bhavcopy,NSE download manifest
data/raw/bhavcopy_legacy/cm02NOV2015bhav.csv.zip,https://nsearchives.nseindia.com/content/historical/EQUITIES/2015/NOV/cm02NOV2015bhav.csv.zip,2015-11-02,2c3b26fdf968819ea4cdfbb566f880f7b860eec0d2f8fbe200ad3ef735dcb1e2,57011,historical NSE legacy equity bhavcopy,NSE download manifest
data/raw/bhavcopy_legacy/cm02NOV2016bhav.csv.zip,https://nsearchives.nseindia.com/content/historical/EQUITIES/2016/NOV/cm02NOV2016bhav.csv.zip,2016-11-02,7746f623562cc5585ac57d5583c99e3f2d9c81e2f1254366c92155fbdf0b7368,62849,historical NSE legacy equity bhavcopy,NSE download manifest
data/raw/bhavcopy_legacy/cm02NOV2017bhav.csv.zip,https://nsearchives.nseindia.com/content/historical/EQUITIES/2017/NOV/cm02NOV2017bhav.csv.zip,2017-11-02,41a13c16edfe5f4235e012d6199bbb3f915f1b7bc5184ad37cc3dbb4ceeced8b,67215,historical NSE legacy equity bhavcopy,NSE download manifest
data/raw/bhavcopy_legacy/cm02NOV2018bhav.csv.zip,https://nsearchives.nseindia.com/content/historical/EQUITIES/2018/NOV/cm02NOV2018bhav.csv.zip,2018-11-02,e012be881a95169bc08e1b430256d408b4d6608febf8e7368ebb3365aecaf607,69200,historical NSE legacy equity bhavcopy,NSE download manifest
data/raw/bhavcopy_legacy/cm02NOV2020bhav.csv.zip,https://nsearchives.nseindia.com/content/historical/EQUITIES/2020/NOV/cm02NOV2020bhav.csv.zip,2020-11-02,37e67ff7c150f83da118ab4b52d89be399184aa64aa636e40c2dbe02c1fa681a,70842,historical NSE legacy equity bhavcopy,NSE download manifest
data/raw/bhavcopy_legacy/cm02NOV2021bhav.csv.zip,https://nsearchives.nseindia.com/content/historical/EQUITIES/2021/NOV/cm02NOV2021bhav.csv.zip,2021-11-02,5a36d8da880c9442b495d33480500aae72be06091ccbd6d1fb4b0ff5f012fcf9,79662,historical NSE legacy equity bhavcopy,NSE download manifest
data/raw/bhavcopy_legacy/cm02NOV2022bhav.csv.zip,https://nsearchives.nseindia.com/content/historical/EQUITIES/2022/NOV/cm02NOV2022bhav.csv.zip,2022-11-02,da07f29dfbede8d1bcf3821128ebc1a8e121af88d474a73a3eadc1feb0d4350d,86265,historical NSE legacy equity bhavcopy,NSE download manifest
data/raw/bhavcopy_legacy/cm02NOV2023bhav.csv.zip,https://nsearchives.nseindia.com/content/historical/EQUITIES/2023/NOV/cm02NOV2023bhav.csv.zip,2023-11-02,9a4f01fe642cbfc86ef40e9fb2532f91e3efcc6293db292fdf0f9b97825b4246,95699,historical NSE legacy equity bhavcopy,NSE download manifest
data/raw/bhavcopy_legacy/cm02SEP2013bhav.csv.zip,https://nsearchives.nseindia.com/content/historical/EQUITIES/2013/SEP/cm02SEP2013bhav.csv.zip,2013-09-02,0f8cd4b24fdf3d72c87aa1440ae7b8926e048860f06d634e5ec80f29a02db93e,47386,historical NSE legacy equity bhavcopy,NSE download manifest
data/raw/bhavcopy_legacy/cm02SEP2014bhav.csv.zip,https://nsearchives.nseindia.com/content/historical/EQUITIES/2014/SEP/cm02SEP2014bhav.csv.zip,2014-09-02,51b7aaeafc1bcde0f48e8c284f85c309422438cbbcaff028e43a40827a1004fd,58028,historical NSE legacy equity bhavcopy,NSE download manifest
data/raw/bhavcopy_legacy/cm02SEP2015bhav.csv.zip,https://nsearchives.nseindia.com/content/historical/EQUITIES/2015/SEP/cm02SEP2015bhav.csv.zip,2015-09-02,9de7f1c59f6e4a42e9d3c4f09cbfd71c0dbeac2ac5568aa2d6a65d91045c4c48,57056,historical NSE legacy equity bhavcopy,NSE download manifest
data/raw/bhavcopy_legacy/cm02SEP2016bhav.csv.zip,https://nsearchives.nseindia.com/content/historical/EQUITIES/2016/SEP/cm02SEP2016bhav.csv.zip,2016-09-02,57088e70e1d0eea0d7cc5401a1c6cf17c122252a04b4cf7f877d80e5721f994e,61149,historical NSE legacy equity bhavcopy,NSE download manifest
data/raw/bhavcopy_legacy/cm02SEP2020bhav.csv.zip,https://nsearchives.nseindia.com/content/historical/EQUITIES/2020/SEP/cm02SEP2020bhav.csv.zip,2020-09-02,eb50160e8fe2b18d52afa311bafc70c2e73f41a033985bc949e654a63e65be4f,70726,historical NSE legacy equity bhavcopy,NSE download manifest
data/raw/bhavcopy_legacy/cm02SEP2021bhav.csv.zip,https://nsearchives.nseindia.com/content/historical/EQUITIES/2021/SEP/cm02SEP2021bhav.csv.zip,2021-09-02,6b85b39095b04a7123f227cf566f1e951cd4f8081b9f723237a693caccf785c2,77779,historical NSE legacy equity bhavcopy,NSE download manifest
data/raw/bhavcopy_legacy/cm02SEP2022bhav.csv.zip,https://nsearchives.nseindia.com/content/historical/EQUITIES/2022/SEP/cm02SEP2022bhav.csv.zip,2022-09-02,8b753840cac6dd67e6ef38f06652bd9dacd868cd5fcf5fc14c0592cafc751b32,86307,historical NSE legacy equity bhavcopy,NSE download manifest
data/raw/bhavcopy_legacy/cm03APR2013bhav.csv.zip,https://nsearchives.nseindia.com/content/historical/EQUITIES/2013/APR/cm03APR2013bhav.csv.zip,2013-04-03,4858cf1eb73213ef4fd6b86416e80ad1d17e92494a415f159a6df8ab3aff0f65,54487,historical NSE legacy equity bhavcopy,NSE download manifest
data/raw/bhavcopy_legacy/cm03APR2014bhav.csv.zip,https://nsearchives.nseindia.com/content/historical/EQUITIES/2014/APR/cm03APR2014bhav.csv.zip,2014-04-03,bd2e3ca5b22f291dc2ffdb50384aab2d905d21d3e84b6dffe73126cc0e29f655,55312,historical NSE legacy equity bhavcopy,NSE download manifest
data/raw/bhavcopy_legacy/cm03APR2017bhav.csv.zip,https://nsearchives.nseindia.com/content/historical/EQUITIES/2017/APR/cm03APR2017bhav.csv.zip,2017-04-03,45d8eaa81f6e385192f3126f604fdce8f8e0602405b0d8f9a513ce71c7c072a0,65253,historical NSE legacy equity bhavcopy,NSE download manifest
data/raw/bhavcopy_legacy/cm03APR2018bhav.csv.zip,https://nsearchives.nseindia.com/content/historical/EQUITIES/2018/APR/cm03APR2018bhav.csv.zip,2018-04-03,8e23d67bac6271ef501a1dabc12b7881b1b2095c650bd560c6bdaa41bb31f809,68294,historical NSE legacy equity bhavcopy,NSE download manifest
data/raw/bhavcopy_legacy/cm03APR2019bhav.csv.zip,https://nsearchives.nseindia.com/content/historical/EQUITIES/2019/APR/cm03APR2019bhav.csv.zip,2019-04-03,48a7b92c45a25ca083fd34c4c6b02334da48bebf3599980a0a3eae6599dec7d9,69353,historical NSE legacy equity bhavcopy,NSE download manifest
data/raw/bhavcopy_legacy/cm03APR2020bhav.csv.zip,https://nsearchives.nseindia.com/content/historical/EQUITIES/2020/APR/cm03APR2020bhav.csv.zip,2020-04-03,0d18a80cdf4971672e59f6cf6d9dda916f5368fb8908a788cd14dcbe1f1d01a2,66832,historical NSE legacy equity bhavcopy,NSE download manifest
data/raw/bhavcopy_legacy/cm03APR2023bhav.csv.zip,https://nsearchives.nseindia.com/content/historical/EQUITIES/2023/APR/cm03APR2023bhav.csv.zip,2023-04-03,06c43a1ef3692fbab90d839e0367ed9a087a2a6278ec29a73bc9a5f0c52a6938,89591,historical NSE legacy equity bhavcopy,NSE download manifest
data/raw/bhavcopy_legacy/cm03APR2024bhav.csv.zip,https://nsearchives.nseindia.com/content/historical/EQUITIES/2024/APR/cm03APR2024bhav.csv.zip,2024-04-03,4e7c06070778bc27f25cf75c343d772c16005c26bcfb260b14ed3a5d3540bd4c,102886,historical NSE legacy equity bhavcopy,NSE download manifest
data/raw/bhavcopy_legacy/cm03AUG2015bhav.csv.zip,https://nsearchives.nseindia.com/content/historical/EQUITIES/2015/AUG/cm03AUG2015bhav.csv.zip,2015-08-03,f24a7dfd32d00dd57804c7ea0613718168e26766887ca6e0f4a39e1af0937020,58534,historical NSE legacy equity bhavcopy,NSE download manifest
data/raw/bhavcopy_legacy/cm03AUG2016bhav.csv.zip,https://nsearchives.nseindia.com/content/historical/EQUITIES/2016/AUG/cm03AUG2016bhav.csv.zip,2016-08-03,44230c951b903b67440f9b61a8efef0a53a7becbc2f5ad9903ee43691a8fc8ad,61296,historical NSE legacy equity bhavcopy,NSE download manifest
data/raw/bhavcopy_legacy/cm03AUG2017bhav.csv.zip,https://nsearchives.nseindia.com/content/historical/EQUITIES/2017/AUG/cm03AUG2017bhav.csv.zip,2017-08-03,85c712e3d0c44b6e59e1faad1eb4835029ffc2cb47666b1cfcfa647334e4bf77,64676,historical NSE legacy equity bhavcopy,NSE download manifest
data/raw/bhavcopy_legacy/cm03AUG2018bhav.csv.zip,https://nsearchives.nseindia.com/content/historical/EQUITIES/2018/AUG/cm03AUG2018bhav.csv.zip,2018-08-03,503078ab92a26131cd1750a36fcc04d65973e53ae3aa5c04c93adc49f7c00186,69170,historical NSE legacy equity bhavcopy,NSE download manifest
data/raw/bhavcopy_legacy/cm03AUG2020bhav.csv.zip,https://nsearchives.nseindia.com/content/historical/EQUITIES/2020/AUG/cm03AUG2020bhav.csv.zip,2020-08-03,ad1e80039d1dbc61b394d5fd7e6dea0fa23d03713c8e2486441626a1ea47bed1,70115,historical NSE legacy equity bhavcopy,NSE download manifest
data/raw/bhavcopy_legacy/cm03AUG2021bhav.csv.zip,https://nsearchives.nseindia.com/content/historical/EQUITIES/2021/AUG/cm03AUG2021bhav.csv.zip,2021-08-03,ab69fecc1e7a4ea55fe05c754421d156be822af9e5e973fafedd396b6bacbfdc,78524,historical NSE legacy equity bhavcopy,NSE download manifest
data/raw/bhavcopy_legacy/cm03AUG2022bhav.csv.zip,https://nsearchives.nseindia.com/content/historical/EQUITIES/2022/AUG/cm03AUG2022bhav.csv.zip,2022-08-03,3ecd86d8062799b1254383b72decef396e3af0ea61a22f70ad7f4ab5c884e829,83872,historical NSE legacy equity bhavcopy,NSE download manifest
data/raw/bhavcopy_legacy/cm03AUG2023bhav.csv.zip,https://nsearchives.nseindia.com/content/historical/EQUITIES/2023/AUG/cm03AUG2023bhav.csv.zip,2023-08-03,93948052763681b281913c0620629ce3a91c271fb365e563c5073b414852f4fc,92710,historical NSE legacy equity bhavcopy,NSE download manifest
data/raw/bhavcopy_legacy/cm03DEC2013bhav.csv.zip,https://nsearchives.nseindia.com/content/historical/EQUITIES/2013/DEC/cm03DEC2013bhav.csv.zip,2013-12-03,95bbe364282560177939bb6076f7d6fbecf550a46669ef83361c6da9647c28b9,50171,historical NSE legacy equity bhavcopy,NSE download manifest
data/raw/bhavcopy_legacy/cm03DEC2014bhav.csv.zip,https://nsearchives.nseindia.com/content/historical/EQUITIES/2014/DEC/cm03DEC2014bhav.csv.zip,2014-12-03,f6e89a87e516102260c8d1cb4f01d2ee72f488cb2ed504485072752d03531353,58069,historical NSE legacy equity bhavcopy,NSE download manifest
data/raw/bhavcopy_legacy/cm03DEC2015bhav.csv.zip,https://nsearchives.nseindia.com/content/historical/EQUITIES/2015/DEC/cm03DEC2015bhav.csv.zip,2015-12-03,202f4f78648a41c4b949978c18a18688aee83e8e4060429e939a8abd8aa27a4c,59051,historical NSE legacy equity bhavcopy,NSE download manifest
data/raw/bhavcopy_legacy/cm03DEC2018bhav.csv.zip,https://nsearchives.nseindia.com/content/historical/EQUITIES/2018/DEC/cm03DEC2018bhav.csv.zip,2018-12-03,3a99cdd93c7dbb183dbeadd8d8c5a3faa1570434ca4077e63a3239ab6c001d19,68316,historical NSE legacy equity bhavcopy,NSE download manifest
data/raw/bhavcopy_legacy/cm03DEC2019bhav.csv.zip,https://nsearchives.nseindia.com/content/historical/EQUITIES/2019/DEC/cm03DEC2019bhav.csv.zip,2019-12-03,9c6ee64b88e4786b1eefca5d9846da4f7ec0c0a389d3a6e18c7bcb1e1178ff03,68564,historical NSE legacy equity bhavcopy,NSE download manifest
data/raw/bhavcopy_legacy/cm03DEC2020bhav.csv.zip,https://nsearchives.nseindia.com/content/historical/EQUITIES/2020/DEC/cm03DEC2020bhav.csv.zip,2020-12-03,8bc677f2cef2b8da5817720df015eec49a2df9b6d0f87b762152f9ac3cb99151,74688,historical NSE legacy equity bhavcopy,NSE download manifest
data/raw/bhavcopy_legacy/cm03DEC2021bhav.csv.zip,https://nsearchives.nseindia.com/content/historical/EQUITIES/2021/DEC/cm03DEC2021bhav.csv.zip,2021-12-03,a5cdc7d960f6329919296afb11fd8a70c66417da1fbd15b86593a060af2f4f96,80336,historical NSE legacy equity bhavcopy,NSE download manifest
data/raw/bhavcopy_legacy/cm03FEB2014bhav.csv.zip,https://nsearchives.nseindia.com/content/historical/EQUITIES/2014/FEB/cm03FEB2014bhav.csv.zip,2014-02-03,448c55617f7ff7c2d808a20da2d11313283a8226e4cce65ff444050f7aa3f11b,51401,historical NSE legacy equity bhavcopy,NSE download manifest
data/raw/bhavcopy_legacy/cm03FEB2015bhav.csv.zip,https://nsearchives.nseindia.com/content/historical/EQUITIES/2015/FEB/cm03FEB2015bhav.csv.zip,2015-02-03,f3971943245c05483f23eac61e7b762c912ad3d9b6e1a40aff3ff2810cb5f3fd,56836,historical NSE legacy equity bhavcopy,NSE download manifest
data/raw/bhavcopy_legacy/cm03FEB2016bhav.csv.zip,https://nsearchives.nseindia.com/content/historical/EQUITIES/2016/FEB/cm03FEB2016bhav.csv.zip,2016-02-03,30d39ad1dc7795b8e15933170c0efb46e113469fbcc9d5739adc0f1e79e12a56,57913,historical NSE legacy equity bhavcopy,NSE download manifest
data/raw/bhavcopy_legacy/cm03FEB2017bhav.csv.zip,https://nsearchives.nseindia.com/content/historical/EQUITIES/2017/FEB/cm03FEB2017bhav.csv.zip,2017-02-03,3e40b903a52d81d62e302a1c456d566f263267a4f146dac26ae4c2ac732e11ea,63433,historical NSE legacy equity bhavcopy,NSE download manifest
data/raw/bhavcopy_legacy/cm03FEB2020bhav.csv.zip,https://nsearchives.nseindia.com/content/historical/EQUITIES/2020/FEB/cm03FEB2020bhav.csv.zip,2020-02-03,abf8117c6c643bdce047c42ddd0a25445db1cff249bfbd37cc1db2f52936e29f,69798,historical NSE legacy equity bhavcopy,NSE download manifest
data/raw/bhavcopy_legacy/cm03FEB2021bhav.csv.zip,https://nsearchives.nseindia.com/content/historical/EQUITIES/2021/FEB/cm03FEB2021bhav.csv.zip,2021-02-03,71052f4306ef6cc27f0f4c3e76bc5e0a9f3ada21bf91e789d41db89ad72075f0,74313,historical NSE legacy equity bhavcopy,NSE download manifest
data/raw/bhavcopy_legacy/cm03FEB2022bhav.csv.zip,https://nsearchives.nseindia.com/content/historical/EQUITIES/2022/FEB/cm03FEB2022bhav.csv.zip,2022-02-03,0cc7c56148d3c90e9fa3085e0ede209c8222cde2b5120f0f2bfe9fc4a1c5736f,82702,historical NSE legacy equity bhavcopy,NSE download manifest
data/raw/bhavcopy_legacy/cm03FEB2023bhav.csv.zip,https://nsearchives.nseindia.com/content/historical/EQUITIES/2023/FEB/cm03FEB2023bhav.csv.zip,2023-02-03,df5ee1f621c3115989b13a4d3659a3b1fd80aa0d7e0199bd2b2990a1dc5abd9c,88663,historical NSE legacy equity bhavcopy,NSE download manifest
data/raw/bhavcopy_legacy/cm03JAN2013bhav.csv.zip,https://nsearchives.nseindia.com/content/historical/EQUITIES/2013/JAN/cm03JAN2013bhav.csv.zip,2013-01-03,9df749eec4fb5c84547076783f5864e822aecfec76e358bed13987d5d6de2a28,57223,historical NSE legacy equity bhavcopy,NSE download manifest
data/raw/bhavcopy_legacy/cm03JAN2014bhav.csv.zip,https://nsearchives.nseindia.com/content/historical/EQUITIES/2014/JAN/cm03JAN2014bhav.csv.zip,2014-01-03,216679468df218c363b8aefbde7de612c9c84daf2c3b8f4d2a1e3f3f196af2f4,49765,historical NSE legacy equity bhavcopy,NSE download manifest
data/raw/bhavcopy_legacy/cm03JAN2017bhav.csv.zip,https://nsearchives.nseindia.com/content/historical/EQUITIES/2017/JAN/cm03JAN2017bhav.csv.zip,2017-01-03,5d96497723ce652976b5202026427e7742fe5086c7efee883ee76dd5a73c956c,62283,historical NSE legacy equity bhavcopy,NSE download manifest
data/raw/bhavcopy_legacy/cm03JAN2018bhav.csv.zip,https://nsearchives.nseindia.com/content/historical/EQUITIES/2018/JAN/cm03JAN2018bhav.csv.zip,2018-01-03,a600fed4ea21540b426b3456868590671e54b435706ad8b6d5c4742d17abfb02,69414,historical NSE legacy equity bhavcopy,NSE download manifest
data/raw/bhavcopy_legacy/cm03JAN2019bhav.csv.zip,https://nsearchives.nseindia.com/content/historical/EQUITIES/2019/JAN/cm03JAN2019bhav.csv.zip,2019-01-03,b6fa896716ba11d5e0a2888a7271c08c99591e36cc61850684e9ddf960c7e500,67123,historical NSE legacy equity bhavcopy,NSE download manifest
data/raw/bhavcopy_legacy/cm03JAN2020bhav.csv.zip,https://nsearchives.nseindia.com/content/historical/EQUITIES/2020/JAN/cm03JAN2020bhav.csv.zip,2020-01-03,870ea7c10496240785e0f5a7966f2c967fe4142cd86b8749ae801a40f8e0abe2,69910,historical NSE legacy equity bhavcopy,NSE download manifest
data/raw/bhavcopy_legacy/cm03JAN2022bhav.csv.zip,https://nsearchives.nseindia.com/content/historical/EQUITIES/2022/JAN/cm03JAN2022bhav.csv.zip,2022-01-03,3dd80fd92447a313fc50dec9fac8021013b4037717fdbba8f6c3a4700b2b7e5a,83368,historical NSE legacy equity bhavcopy,NSE download manifest
data/raw/bhavcopy_legacy/cm03JAN2023bhav.csv.zip,https://nsearchives.nseindia.com/content/historical/EQUITIES/2023/JAN/cm03JAN2023bhav.csv.zip,2023-01-03,30b1dff8fb36df86655fd334084617fca1ef4b2fd97323f09416393b912d578d,88952,historical NSE legacy equity bhavcopy,NSE download manifest
data/raw/bhavcopy_legacy/cm03JAN2024bhav.csv.zip,https://nsearchives.nseindia.com/content/historical/EQUITIES/2024/JAN/cm03JAN2024bhav.csv.zip,2024-01-03,0554b50595b23d3048900134fcc3f028a302daf38a35aa1bcbec934a28d6b93e,100349,historical NSE legacy equity bhavcopy,NSE download manifest
data/raw/bhavcopy_legacy/cm03JUL2013bhav.csv.zip,https://nsearchives.nseindia.com/content/historical/EQUITIES/2013/JUL/cm03JUL2013bhav.csv.zip,2013-07-03,0b842cfcecb82eb32999dac00b119632e061e6f830ce10a02e002e3365ca4253,49587,historical NSE legacy equity bhavcopy,NSE download manifest
data/raw/bhavcopy_legacy/cm03JUL2014bhav.csv.zip,https://nsearchives.nseindia.com/content/historical/EQUITIES/2014/JUL/cm03JUL2014bhav.csv.zip,2014-07-03,00dcc08bbf664080e79eb0f277de0981b205def9c2ee5d2ca559b538523e498c,59044,historical NSE legacy equity bhavcopy,NSE download manifest
data/raw/bhavcopy_legacy/cm03JUL2015bhav.csv.zip,https://nsearchives.nseindia.com/content/historical/EQUITIES/2015/JUL/cm03JUL2015bhav.csv.zip,2015-07-03,1167a8da950204738dc6a3e4ac5d23f7f1f0e4e862be304b7d3fc038a2f05e89,56707,historical NSE legacy equity bhavcopy,NSE download manifest
data/raw/bhavcopy_legacy/cm03JUL2017bhav.csv.zip,https://nsearchives.nseindia.com/content/historical/EQUITIES/2017/JUL/cm03JUL2017bhav.csv.zip,2017-07-03,1a368c84fcacade0754200e137bef851404223c585e9bef93c680e777ac4933b,64758,historical NSE legacy equity bhavcopy,NSE download manifest
data/raw/bhavcopy_legacy/cm03JUL2018bhav.csv.zip,https://nsearchives.nseindia.com/content/historical/EQUITIES/2018/JUL/cm03JUL2018bhav.csv.zip,2018-07-03,7e20d9141a252a601fee9ec55f29c98d36871c30554a53e058bffd66f0f40d4c,67524,historical NSE legacy equity bhavcopy,NSE download manifest
data/raw/bhavcopy_legacy/cm03JUL2019bhav.csv.zip,https://nsearchives.nseindia.com/content/historical/EQUITIES/2019/JUL/cm03JUL2019bhav.csv.zip,2019-07-03,80121ff2c8a4b05600ad075316aaa82c9e7d4f543c9b030e53d4dc7e4eb5f373,66969,historical NSE legacy equity bhavcopy,NSE download manifest
data/raw/bhavcopy_legacy/cm03JUL2020bhav.csv.zip,https://nsearchives.nseindia.com/content/historical/EQUITIES/2020/JUL/cm03JUL2020bhav.csv.zip,2020-07-03,379c7addf9e992d6ab8b6842bad86d8726d02c9f6343e3ea364031c3436e0034,70513,historical NSE legacy equity bhavcopy,NSE download manifest
data/raw/bhavcopy_legacy/cm03JUL2023bhav.csv.zip,https://nsearchives.nseindia.com/content/historical/EQUITIES/2023/JUL/cm03JUL2023bhav.csv.zip,2023-07-03,b10a0017050d77de9fb6dec698f1f927af8bb7309c973821f85eb00b1a712b61,93577,historical NSE legacy equity bhavcopy,NSE download manifest
data/raw/bhavcopy_legacy/cm03JUL2024bhav.csv.zip,https://nsearchives.nseindia.com/content/historical/EQUITIES/2024/JUL/cm03JUL2024bhav.csv.zip,2024-07-03,a1fb67c842ae3d0f06ae467ebbbbf46c6e1ff237ba31d688ba51c3ce0a66ba12,109391,historical NSE legacy equity bhavcopy,NSE download manifest
data/raw/bhavcopy_legacy/cm03JUN2013bhav.csv.zip,https://nsearchives.nseindia.com/content/historical/EQUITIES/2013/JUN/cm03JUN2013bhav.csv.zip,2013-06-03,5087b9df621deaeb671870f443afe2add15d9c9457aadd96e55d0f47c713e0ea,49878,historical NSE legacy equity bhavcopy,NSE download manifest
data/raw/bhavcopy_legacy/cm03JUN2014bhav.csv.zip,https://nsearchives.nseindia.com/content/historical/EQUITIES/2014/JUN/cm03JUN2014bhav.csv.zip,2014-06-03,385519ae279e8c8c2dcf9aa5ccd9c3e760959fd1caa312f7f82696bd3f5c00f2,57643,historical NSE legacy equity bhavcopy,NSE download manifest
data/raw/bhavcopy_legacy/cm03JUN2015bhav.csv.zip,https://nsearchives.nseindia.com/content/historical/EQUITIES/2015/JUN/cm03JUN2015bhav.csv.zip,2015-06-03,d7dd62d5f9c1dc06e336bb9b02c1bddb874accfccad379c4a99da3f54a17c7d9,57017,historical NSE legacy equity bhavcopy,NSE download manifest
data/raw/bhavcopy_legacy/cm03JUN2016bhav.csv.zip,https://nsearchives.nseindia.com/content/historical/EQUITIES/2016/JUN/cm03JUN2016bhav.csv.zip,2016-06-03,9892c2b4c078fbeadaab8a45087f5b316a833d74e7d7cc4df949ed72953c6e09,59251,historical NSE legacy equity bhavcopy,NSE download manifest
data/raw/bhavcopy_legacy/cm03JUN2019bhav.csv.zip,https://nsearchives.nseindia.com/content/historical/EQUITIES/2019/JUN/cm03JUN2019bhav.csv.zip,2019-06-03,ce7016d02fdd7ea667ab1c11cf8c9d82f98b0197034ff084c92858b85326a0a5,69294,historical NSE legacy equity bhavcopy,NSE download manifest
data/raw/bhavcopy_legacy/cm03JUN2020bhav.csv.zip,https://nsearchives.nseindia.com/content/historical/EQUITIES/2020/JUN/cm03JUN2020bhav.csv.zip,2020-06-03,7967eb1fd2d8af9fb0871ef3f3a58a395829eb19f1ad5c30bd4a268841f3fcce,69487,historical NSE legacy equity bhavcopy,NSE download manifest
data/raw/bhavcopy_legacy/cm03JUN2021bhav.csv.zip,https://nsearchives.nseindia.com/content/historical/EQUITIES/2021/JUN/cm03JUN2021bhav.csv.zip,2021-06-03,3c27f11b85647da88fec45cb375ed8e4da0bacfe2495d7e023c033b34a590c54,77047,historical NSE legacy equity bhavcopy,NSE download manifest
data/raw/bhavcopy_legacy/cm03JUN2022bhav.csv.zip,https://nsearchives.nseindia.com/content/historical/EQUITIES/2022/JUN/cm03JUN2022bhav.csv.zip,2022-06-03,6282d46a01f3f818385cbc0045c4e302fe75ea3f091c9d72e5db4b45237321f2,83241,historical NSE legacy equity bhavcopy,NSE download manifest
data/raw/bhavcopy_legacy/cm03JUN2024bhav.csv.zip,https://nsearchives.nseindia.com/content/historical/EQUITIES/2024/JUN/cm03JUN2024bhav.csv.zip,2024-06-03,429c4edc842a29f63055d700aab7efc69a402bf3b39b2adcbbb33e5652d7d2b6,106028,historical NSE legacy equity bhavcopy,NSE download manifest
data/raw/bhavcopy_legacy/cm03MAR2014bhav.csv.zip,https://nsearchives.nseindia.com/content/historical/EQUITIES/2014/MAR/cm03MAR2014bhav.csv.zip,2014-03-03,5f1f7814fffedf75d97997887a45b196fa45beda3a6409dfbc22b8b1cba6e48f,52491,historical NSE legacy equity bhavcopy,NSE download manifest
data/raw/bhavcopy_legacy/cm03MAR2015bhav.csv.zip,https://nsearchives.nseindia.com/content/historical/EQUITIES/2015/MAR/cm03MAR2015bhav.csv.zip,2015-03-03,1b5b0dae9d2cd48c2a9c57414ec4bd6a7fce0bd0e49271711559469baa57fd12,57096,historical NSE legacy equity bhavcopy,NSE download manifest
data/raw/bhavcopy_legacy/cm03MAR2016bhav.csv.zip,https://nsearchives.nseindia.com/content/historical/EQUITIES/2016/MAR/cm03MAR2016bhav.csv.zip,2016-03-03,b4404236b0aea4d2142f0e4d6cfc05edf26f6c798bcbe265f2a93564aa646f68,58233,historical NSE legacy equity bhavcopy,NSE download manifest
data/raw/bhavcopy_legacy/cm03MAR2017bhav.csv.zip,https://nsearchives.nseindia.com/content/historical/EQUITIES/2017/MAR/cm03MAR2017bhav.csv.zip,2017-03-03,af5303fab9226cdc81219f19059b011f507e70f3d014ee13be63cc0bfec323e2,63637,historical NSE legacy equity bhavcopy,NSE download manifest
data/raw/bhavcopy_legacy/cm03MAR2020bhav.csv.zip,https://nsearchives.nseindia.com/content/historical/EQUITIES/2020/MAR/cm03MAR2020bhav.csv.zip,2020-03-03,b0222bca03536c3d2b145c4ea6e908749c4652d2fa2748df10ba11bba7f9cf86,69813,historical NSE legacy equity bhavcopy,NSE download manifest
data/raw/bhavcopy_legacy/cm03MAR2021bhav.csv.zip,https://nsearchives.nseindia.com/content/historical/EQUITIES/2021/MAR/cm03MAR2021bhav.csv.zip,2021-03-03,ba3ecbe3f4fce0e53cd59e7a096eadaf71dd63000376d0a43a7e51842fc87c5c,75556,historical NSE legacy equity bhavcopy,NSE download manifest
data/raw/bhavcopy_legacy/cm03MAR2022bhav.csv.zip,https://nsearchives.nseindia.com/content/historical/EQUITIES/2022/MAR/cm03MAR2022bhav.csv.zip,2022-03-03,7ac90c4c3e0744f2d2bfd6f9e7b521b7536b58153eef5f062dd42572a151cf7b,81710,historical NSE legacy equity bhavcopy,NSE download manifest
data/raw/bhavcopy_legacy/cm03MAR2023bhav.csv.zip,https://nsearchives.nseindia.com/content/historical/EQUITIES/2023/MAR/cm03MAR2023bhav.csv.zip,2023-03-03,4045526b3e278af9ffd3b79e8b48c76bdf5dcf6b97a187d78645125a0b1498bf,88705,historical NSE legacy equity bhavcopy,NSE download manifest
data/raw/bhavcopy_legacy/cm03MAY2013bhav.csv.zip,https://nsearchives.nseindia.com/content/historical/EQUITIES/2013/MAY/cm03MAY2013bhav.csv.zip,2013-05-03,a321c8860dd2b2931059e3c3346c61f4f84d3cbcde2bf1399c12dc751095b0a6,50208,historical NSE legacy equity bhavcopy,NSE download manifest
data/raw/bhavcopy_legacy/cm03MAY2016bhav.csv.zip,https://nsearchives.nseindia.com/content/historical/EQUITIES/2016/MAY/cm03MAY2016bhav.csv.zip,2016-05-03,53e82b6006abcece6afd3a3feb5259c12da7b625bc1267bc82f41646e18fe1cc,59017,historical NSE legacy equity bhavcopy,NSE download manifest
data/raw/bhavcopy_legacy/cm03MAY2017bhav.csv.zip,https://nsearchives.nseindia.com/content/historical/EQUITIES/2017/MAY/cm03MAY2017bhav.csv.zip,2017-05-03,bdab81379f7f7ad8fe9e4bd60a0d239dc196acc18e7ed05ecd1475155de3d86a,65549,historical NSE legacy equity bhavcopy,NSE download manifest
data/raw/bhavcopy_legacy/cm03MAY2018bhav.csv.zip,https://nsearchives.nseindia.com/content/historical/EQUITIES/2018/MAY/cm03MAY2018bhav.csv.zip,2018-05-03,beb3f2ae87f7832bb7715f3f2770266657b7a075e732b54d2003fd616ac2e3f8,68684,historical NSE legacy equity bhavcopy,NSE download manifest
data/raw/bhavcopy_legacy/cm03MAY2019bhav.csv.zip,https://nsearchives.nseindia.com/content/historical/EQUITIES/2019/MAY/cm03MAY2019bhav.csv.zip,2019-05-03,990a500b9a85085569b0afcc5ada97440024e476bfa64a7f63084ae892ca0989,68537,historical NSE legacy equity bhavcopy,NSE download manifest
data/raw/bhavcopy_legacy/cm03MAY2021bhav.csv.zip,https://nsearchives.nseindia.com/content/historical/EQUITIES/2021/MAY/cm03MAY2021bhav.csv.zip,2021-05-03,19b0ed1fca62b4e4f0149c31283d03d9080d9f612374ab498d1b4a08cbcceeff,76168,historical NSE legacy equity bhavcopy,NSE download manifest
data/raw/bhavcopy_legacy/cm03MAY2023bhav.csv.zip,https://nsearchives.nseindia.com/content/historical/EQUITIES/2023/MAY/cm03MAY2023bhav.csv.zip,2023-05-03,07c2c654d02e4d9509615246e2f03aa1af2795d01065e8a09bd362d3288c4fa2,89325,historical NSE legacy equity bhavcopy,NSE download manifest
data/raw/bhavcopy_legacy/cm03MAY2024bhav.csv.zip,https://nsearchives.nseindia.com/content/historical/EQUITIES/2024/MAY/cm03MAY2024bhav.csv.zip,2024-05-03,f40ddb1d1e1d6bb96c97377e2cb031cbfd3859f1a0f1f55b3fa3fe7f485b85b1,103522,historical NSE legacy equity bhavcopy,NSE download manifest
data/raw/bhavcopy_legacy/cm03NOV2013bhav.csv.zip,https://nsearchives.nseindia.com/content/historical/EQUITIES/2013/NOV/cm03NOV2013bhav.csv.zip,2013-11-03,267e018ec74534baaf8438002272daea16362e485e994c1dfb9bab9b0eee3bb3,45000,historical NSE legacy equity bhavcopy,NSE official URL reconstructed from special-session downloader filename rule
data/raw/bhavcopy_legacy/cm03NOV2014bhav.csv.zip,https://nsearchives.nseindia.com/content/historical/EQUITIES/2014/NOV/cm03NOV2014bhav.csv.zip,2014-11-03,e2d02df506f05f1b0ed3a73b67f636547a7b17b97aad1d99bf4b983611da93e8,58260,historical NSE legacy equity bhavcopy,NSE download manifest
data/raw/bhavcopy_legacy/cm03NOV2015bhav.csv.zip,https://nsearchives.nseindia.com/content/historical/EQUITIES/2015/NOV/cm03NOV2015bhav.csv.zip,2015-11-03,5ef8b9ee259c05dc48b4ba4d6846d11ad32c1f4284e5f81cee7aef0b44ed7900,57154,historical NSE legacy equity bhavcopy,NSE download manifest
data/raw/bhavcopy_legacy/cm03NOV2016bhav.csv.zip,https://nsearchives.nseindia.com/content/historical/EQUITIES/2016/NOV/cm03NOV2016bhav.csv.zip,2016-11-03,569f7bcb0fa8615172e60542ef0ced25d1dde422fb7e0b742b327be7d1b1e3b7,63206,historical NSE legacy equity bhavcopy,NSE download manifest
data/raw/bhavcopy_legacy/cm03NOV2017bhav.csv.zip,https://nsearchives.nseindia.com/content/historical/EQUITIES/2017/NOV/cm03NOV2017bhav.csv.zip,2017-11-03,8435e656ca67c09683b27984360a35ae9acc26c76dac0585eadf9eed1fd34fe8,67261,historical NSE legacy equity bhavcopy,NSE download manifest
data/raw/bhavcopy_legacy/cm03NOV2020bhav.csv.zip,https://nsearchives.nseindia.com/content/historical/EQUITIES/2020/NOV/cm03NOV2020bhav.csv.zip,2020-11-03,2e97c4924c6ce8118f66c2692e000656fb06cb1dfd33de78a6f5d6be1def68ed,70688,historical NSE legacy equity bhavcopy,NSE download manifest
data/raw/bhavcopy_legacy/cm03NOV2021bhav.csv.zip,https://nsearchives.nseindia.com/content/historical/EQUITIES/2021/NOV/cm03NOV2021bhav.csv.zip,2021-11-03,765cd44e71441a0ee8313bd56b7659facf8d10538a1b3b8604ca112af3379643,78966,historical NSE legacy equity bhavcopy,NSE download manifest
data/raw/bhavcopy_legacy/cm03NOV2022bhav.csv.zip,https://nsearchives.nseindia.com/content/historical/EQUITIES/2022/NOV/cm03NOV2022bhav.csv.zip,2022-11-03,fb32d4bdd32460a4a16eceba68eb6542359f5b050d4b42f924d425eace43061c,88859,historical NSE legacy equity bhavcopy,NSE download manifest
data/raw/bhavcopy_legacy/cm03NOV2023bhav.csv.zip,https://nsearchives.nseindia.com/content/historical/EQUITIES/2023/NOV/cm03NOV2023bhav.csv.zip,2023-11-03,ba83731e43c68d67116e33f68cf31b1c2f9675b3292247f5b03dfb7c63e05e80,96530,historical NSE legacy equity bhavcopy,NSE download manifest
data/raw/bhavcopy_legacy/cm03OCT2013bhav.csv.zip,https://nsearchives.nseindia.com/content/historical/EQUITIES/2013/OCT/cm03OCT2013bhav.csv.zip,2013-10-03,b37f19ec2cc8b7fd8d2854218653be6c8659da0235500278d3fc1ad3ef3b8f9e,48473,historical NSE legacy equity bhavcopy,NSE download manifest
data/raw/bhavcopy_legacy/cm03OCT2016bhav.csv.zip,https://nsearchives.nseindia.com/content/historical/EQUITIES/2016/OCT/cm03OCT2016bhav.csv.zip,2016-10-03,51232b758ebf7dc02651c78566cf743b1073e1cbdf55031aec7506decc0b3f1b,62685,historical NSE legacy equity bhavcopy,NSE download manifest
data/raw/bhavcopy_legacy/cm03OCT2017bhav.csv.zip,https://nsearchives.nseindia.com/content/historical/EQUITIES/2017/OCT/cm03OCT2017bhav.csv.zip,2017-10-03,37103360aebdd4681972e21bf3f573b15355d1447c2080dff289d0c64df79ca4,65516,historical NSE legacy equity bhavcopy,NSE download manifest
data/raw/bhavcopy_legacy/cm03OCT2018bhav.csv.zip,https://nsearchives.nseindia.com/content/historical/EQUITIES/2018/OCT/cm03OCT2018bhav.csv.zip,2018-10-03,35ea1f883572de31f9ba65a87cdbe3352804a870adfded371a4798e7011cad6f,69737,historical NSE legacy equity bhavcopy,NSE download manifest
data/raw/bhavcopy_legacy/cm03OCT2019bhav.csv.zip,https://nsearchives.nseindia.com/content/historical/EQUITIES/2019/OCT/cm03OCT2019bhav.csv.zip,2019-10-03,53d9a6a08a107b4ee8c22191c4d0a7947a0570990c77155ce1fbe479ffc25263,68608,historical NSE legacy equity bhavcopy,NSE download manifest
data/raw/bhavcopy_legacy/cm03OCT2022bhav.csv.zip,https://nsearchives.nseindia.com/content/historical/EQUITIES/2022/OCT/cm03OCT2022bhav.csv.zip,2022-10-03,439ff3296e4ee3d4968b0de2c3c86f31005c8784202021d52b5310974712b1e0,94021,historical NSE legacy equity bhavcopy,NSE download manifest
data/raw/bhavcopy_legacy/cm03OCT2023bhav.csv.zip,https://nsearchives.nseindia.com/content/historical/EQUITIES/2023/OCT/cm03OCT2023bhav.csv.zip,2023-10-03,33e95645a539d966cdb1426cb8d7dbc0f1fbc98c920bb5e65a94b031ace41f28,96670,historical NSE legacy equity bhavcopy,NSE download manifest
data/raw/bhavcopy_legacy/cm03SEP2013bhav.csv.zip,https://nsearchives.nseindia.com/content/historical/EQUITIES/2013/SEP/cm03SEP2013bhav.csv.zip,2013-09-03,f86469d7906df429d72aaef4e907d35c38abd16e7e941b34394cd43a2dd6d3e0,47288,historical NSE legacy equity bhavcopy,NSE download manifest
data/raw/bhavcopy_legacy/cm03SEP2014bhav.csv.zip,https://nsearchives.nseindia.com/content/historical/EQUITIES/2014/SEP/cm03SEP2014bhav.csv.zip,2014-09-03,b639c44a62ac9d000c59dbad40a1eac0b9770f8249a2e783d3a6088cabeda6ec,58433,historical NSE legacy equity bhavcopy,NSE download manifest
data/raw/bhavcopy_legacy/cm03SEP2015bhav.csv.zip,https://nsearchives.nseindia.com/content/historical/EQUITIES/2015/SEP/cm03SEP2015bhav.csv.zip,2015-09-03,94321f499047baca7b4fb4f53da683fd28b7fb8c4419e034a033d1b3e21310be,56632,historical NSE legacy equity bhavcopy,NSE download manifest
data/raw/bhavcopy_legacy/cm03SEP2018bhav.csv.zip,https://nsearchives.nseindia.com/content/historical/EQUITIES/2018/SEP/cm03SEP2018bhav.csv.zip,2018-09-03,e7e1dbf71470e3ed31ddf80121a1d1d09046951eaca0d2a584448f0a6f8089b9,70324,historical NSE legacy equity bhavcopy,NSE download manifest
data/raw/bhavcopy_legacy/cm03SEP2019bhav.csv.zip,https://nsearchives.nseindia.com/content/historical/EQUITIES/2019/SEP/cm03SEP2019bhav.csv.zip,2019-09-03,2b9be6aafb0a2ee8ff893f92d5683478a8947449862a8a78e96c8a33307484ff,67305,historical NSE legacy equity bhavcopy,NSE download manifest
data/raw/bhavcopy_legacy/cm03SEP2020bhav.csv.zip,https://nsearchives.nseindia.com/content/historical/EQUITIES/2020/SEP/cm03SEP2020bhav.csv.zip,2020-09-03,c58c7237ff37354fbb1034b9a2043c1ad98bd38ae23545d23b924272f920f2a0,70498,historical NSE legacy equity bhavcopy,NSE download manifest
data/raw/bhavcopy_legacy/cm03SEP2021bhav.csv.zip,https://nsearchives.nseindia.com/content/historical/EQUITIES/2021/SEP/cm03SEP2021bhav.csv.zip,2021-09-03,10a6b3d20138bc86b467f3e7310ef27376ad88fad634f0bde3e8db324b8a06e0,77836,historical NSE legacy equity bhavcopy,NSE download manifest
data/raw/bhavcopy_legacy/cm04APR2013bhav.csv.zip,https://nsearchives.nseindia.com/content/historical/EQUITIES/2013/APR/cm04APR2013bhav.csv.zip,2013-04-04,524ce1aa68076d39edb6da728ba873aa5d27a04dd8c872b3934b0d21cff7de3e,53964,historical NSE legacy equity bhavcopy,NSE download manifest
data/raw/bhavcopy_legacy/cm04APR2014bhav.csv.zip,https://nsearchives.nseindia.com/content/historical/EQUITIES/2014/APR/cm04APR2014bhav.csv.zip,2014-04-04,c669c20b46a22ede27e90d813040f8da6249a990fbd3ebbe30327f93adc9d369,54972,historical NSE legacy equity bhavcopy,NSE download manifest
data/raw/bhavcopy_legacy/cm04APR2016bhav.csv.zip,https://nsearchives.nseindia.com/content/historical/EQUITIES/2016/APR/cm04APR2016bhav.csv.zip,2016-04-04,852623dd4868fb1cba9a2ec319a90f7469947aac848118c0202aeab7300079a7,58603,historical NSE legacy equity bhavcopy,NSE download manifest
data/raw/bhavcopy_legacy/cm04APR2018bhav.csv.zip,https://nsearchives.nseindia.com/content/historical/EQUITIES/2018/APR/cm04APR2018bhav.csv.zip,2018-04-04,f796ad4b04a07d09a32dbcf84089632ef1fb4bd4228fdb04a110702ea99952b7,68960,historical NSE legacy equity bhavcopy,NSE download manifest
data/raw/bhavcopy_legacy/cm04APR2019bhav.csv.zip,https://nsearchives.nseindia.com/content/historical/EQUITIES/2019/APR/cm04APR2019bhav.csv.zip,2019-04-04,d39b5079fa2e37098b6c0be6409dda36bc8292c7c03ed9a30cbc403aa8f405b6,68546,historical NSE legacy equity bhavcopy,NSE download manifest
data/raw/bhavcopy_legacy/cm04APR2022bhav.csv.zip,https://nsearchives.nseindia.com/content/historical/EQUITIES/2022/APR/cm04APR2022bhav.csv.zip,2022-04-04,65b680fa5128f371fcdf7244253a6f2631f4a92812a4b09a0cb4af9c08d194ef,84037,historical NSE legacy equity bhavcopy,NSE download manifest
data/raw/bhavcopy_legacy/cm04APR2024bhav.csv.zip,https://nsearchives.nseindia.com/content/historical/EQUITIES/2024/APR/cm04APR2024bhav.csv.zip,2024-04-04,d8f558363cf3c0ee20170ae00996b88779a05985743a8f3880fd4411274f5716,102484,historical NSE legacy equity bhavcopy,NSE download manifest
data/raw/bhavcopy_legacy/cm04AUG2014bhav.csv.zip,https://nsearchives.nseindia.com/content/historical/EQUITIES/2014/AUG/cm04AUG2014bhav.csv.zip,2014-08-04,712e76e0bbb2ee62a27aacd5eef54ed51741a8e0be3268509aaf61487e8c1b07,56731,historical NSE legacy equity bhavcopy,NSE download manifest
data/raw/bhavcopy_legacy/cm04AUG2015bhav.csv.zip,https://nsearchives.nseindia.com/content/historical/EQUITIES/2015/AUG/cm04AUG2015bhav.csv.zip,2015-08-04,8397f93615191100dd8704af7b7e04aff14ff950025b9b29d3c78fe0c803d76f,57918,historical NSE legacy equity bhavcopy,NSE download manifest
data/raw/bhavcopy_legacy/cm04AUG2016bhav.csv.zip,https://nsearchives.nseindia.com/content/historical/EQUITIES/2016/AUG/cm04AUG2016bhav.csv.zip,2016-08-04,6afc5d871ef708aabb91a26a734fe185162677741d616efffbdf28cf094f9c91,61199,historical NSE legacy equity bhavcopy,NSE download manifest
data/raw/bhavcopy_legacy/cm04AUG2017bhav.csv.zip,https://nsearchives.nseindia.com/content/historical/EQUITIES/2017/AUG/cm04AUG2017bhav.csv.zip,2017-08-04,4ad31cdd6bee1e30a0e3005482c2c27458b3563505fc63cfc2a0fefa8936d28d,64669,historical NSE legacy equity bhavcopy,NSE download manifest
data/raw/bhavcopy_legacy/cm04AUG2020bhav.csv.zip,https://nsearchives.nseindia.com/content/historical/EQUITIES/2020/AUG/cm04AUG2020bhav.csv.zip,2020-08-04,95f62a3d347baa68e420fff0b54922ce083a09081162a2f792553ea7ea59a8a2,70327,historical NSE legacy equity bhavcopy,NSE download manifest
data/raw/bhavcopy_legacy/cm04AUG2021bhav.csv.zip,https://nsearchives.nseindia.com/content/historical/EQUITIES/2021/AUG/cm04AUG2021bhav.csv.zip,2021-08-04,595c091981b9e64591fc432ffe1e0303cdda0937f2f85fe4b7260ce3ced80488,78140,historical NSE legacy equity bhavcopy,NSE download manifest
data/raw/bhavcopy_legacy/cm04AUG2022bhav.csv.zip,https://nsearchives.nseindia.com/content/historical/EQUITIES/2022/AUG/cm04AUG2022bhav.csv.zip,2022-08-04,fb49642c2ac9102a9127a86d93093961bb94d302d5f07a6fb4369fe95edee0c2,84207,historical NSE legacy equity bhavcopy,NSE download manifest
data/raw/bhavcopy_legacy/cm04AUG2023bhav.csv.zip,https://nsearchives.nseindia.com/content/historical/EQUITIES/2023/AUG/cm04AUG2023bhav.csv.zip,2023-08-04,8dcc247ab740eb5cf3da9161b31802dbc71d1cce0ee9cc188c989f79d5a408e3,93107,historical NSE legacy equity bhavcopy,NSE download manifest
data/raw/bhavcopy_legacy/cm04DEC2013bhav.csv.zip,https://nsearchives.nseindia.com/content/historical/EQUITIES/2013/DEC/cm04DEC2013bhav.csv.zip,2013-12-04,91427acc0f0ac1303eaca9760b0b7cc630d19af3a4f2052ca73e36d8d4b576c5,50056,historical NSE legacy equity bhavcopy,NSE download manifest
data/raw/bhavcopy_legacy/cm04DEC2014bhav.csv.zip,https://nsearchives.nseindia.com/content/historical/EQUITIES/2014/DEC/cm04DEC2014bhav.csv.zip,2014-12-04,86b5a89e90c845fdd7a77cda9a5b47a17d9d4dcc18b5aa81024270dcc41c37b7,58231,historical NSE legacy equity bhavcopy,NSE download manifest
data/raw/bhavcopy_legacy/cm04DEC2015bhav.csv.zip,https://nsearchives.nseindia.com/content/historical/EQUITIES/2015/DEC/cm04DEC2015bhav.csv.zip,2015-12-04,b515da215daf794ed794005632c3f5efe2085d43e683cc36c191300007f368ab,58337,historical NSE legacy equity bhavcopy,NSE download manifest
data/raw/bhavcopy_legacy/cm04DEC2017bhav.csv.zip,https://nsearchives.nseindia.com/content/historical/EQUITIES/2017/DEC/cm04DEC2017bhav.csv.zip,2017-12-04,1da596875204e454aef421a929fe9768715a6ca68f67ea2310f68b64530c2335,67774,historical NSE legacy equity bhavcopy,NSE download manifest
data/raw/bhavcopy_legacy/cm04DEC2018bhav.csv.zip,https://nsearchives.nseindia.com/content/historical/EQUITIES/2018/DEC/cm04DEC2018bhav.csv.zip,2018-12-04,d46a77fd1003d7c0b796295898c521550eebc0cf9bc331d2a45ffedf590e1eaf,67586,historical NSE legacy equity bhavcopy,NSE download manifest
data/raw/bhavcopy_legacy/cm04DEC2019bhav.csv.zip,https://nsearchives.nseindia.com/content/historical/EQUITIES/2019/DEC/cm04DEC2019bhav.csv.zip,2019-12-04,c2f17f9b79b465467cdc02e647ffa86d6d5d33dfc0b9776fb20602bafcda86e6,68923,historical NSE legacy equity bhavcopy,NSE download manifest
data/raw/bhavcopy_legacy/cm04DEC2020bhav.csv.zip,https://nsearchives.nseindia.com/content/historical/EQUITIES/2020/DEC/cm04DEC2020bhav.csv.zip,2020-12-04,1123cd69090fb52fc6cc4791434736fbdffbafaf1b247c6a8848fb6b103344a9,74275,historical NSE legacy equity bhavcopy,NSE download manifest
data/raw/bhavcopy_legacy/cm04DEC2023bhav.csv.zip,https://nsearchives.nseindia.com/content/historical/EQUITIES/2023/DEC/cm04DEC2023bhav.csv.zip,2023-12-04,e102b2fcb7702fbe5b47b823050f09c8670b6b43ffecc627d69e394b99b1be5c,99983,historical NSE legacy equity bhavcopy,NSE download manifest
data/raw/bhavcopy_legacy/cm04FEB2013bhav.csv.zip,https://nsearchives.nseindia.com/content/historical/EQUITIES/2013/FEB/cm04FEB2013bhav.csv.zip,2013-02-04,751bb93cc7a76380e9fa2f8d5a19123ad7bb0a2b701558c5b77dc5265c466fd6,55644,historical NSE legacy equity bhavcopy,NSE download manifest
data/raw/bhavcopy_legacy/cm04FEB2014bhav.csv.zip,https://nsearchives.nseindia.com/content/historical/EQUITIES/2014/FEB/cm04FEB2014bhav.csv.zip,2014-02-04,468934befb8f68a945fd9fabc508a2b7cf1ad0ba7f94cb47260c0a715d1166b3,51776,historical NSE legacy equity bhavcopy,NSE download manifest
data/raw/bhavcopy_legacy/cm04FEB2015bhav.csv.zip,https://nsearchives.nseindia.com/content/historical/EQUITIES/2015/FEB/cm04FEB2015bhav.csv.zip,2015-02-04,e1b204d351bc909ec371d60a1dc625176f1ddf59d28d6153b5f3f4ee195b9e30,57193,historical NSE legacy equity bhavcopy,NSE download manifest
data/raw/bhavcopy_legacy/cm04FEB2016bhav.csv.zip,https://nsearchives.nseindia.com/content/historical/EQUITIES/2016/FEB/cm04FEB2016bhav.csv.zip,2016-02-04,ed9e4b6506aa919507d9b89822861302f23ea61b2e33bcc307ae27d2d706cb11,58399,historical NSE legacy equity bhavcopy,NSE download manifest
data/raw/bhavcopy_legacy/cm04FEB2019bhav.csv.zip,https://nsearchives.nseindia.com/content/historical/EQUITIES/2019/FEB/cm04FEB2019bhav.csv.zip,2019-02-04,b124e7ffcbc5048d2cd3e786a39326d1acf1a5ffc441f084dc35a2e959f77c95,68761,historical NSE legacy equity bhavcopy,NSE download manifest
data/raw/bhavcopy_legacy/cm04FEB2020bhav.csv.zip,https://nsearchives.nseindia.com/content/historical/EQUITIES/2020/FEB/cm04FEB2020bhav.csv.zip,2020-02-04,c65b61350c1c29e79dfa73cb51de8cfda25599902ce5e9bf0ceafeb1902ec652,69398,historical NSE legacy equity bhavcopy,NSE download manifest
data/raw/bhavcopy_legacy/cm04FEB2021bhav.csv.zip,https://nsearchives.nseindia.com/content/historical/EQUITIES/2021/FEB/cm04FEB2021bhav.csv.zip,2021-02-04,24b8133ac604243dce2188a6c1719e42f4c432e409d29f2244163e0f14937f9a,74024,historical NSE legacy equity bhavcopy,NSE download manifest
data/raw/bhavcopy_legacy/cm04FEB2022bhav.csv.zip,https://nsearchives.nseindia.com/content/historical/EQUITIES/2022/FEB/cm04FEB2022bhav.csv.zip,2022-02-04,376fd62aaa0336f8ebb719c6a1e65a9e877322d27c31cfb0185ae729a0b0b605,82110,historical NSE legacy equity bhavcopy,NSE download manifest
data/raw/bhavcopy_legacy/cm04JAN2013bhav.csv.zip,https://nsearchives.nseindia.com/content/historical/EQUITIES/2013/JAN/cm04JAN2013bhav.csv.zip,2013-01-04,4e6c360b7c431aa9481ecbfc8c3760a3f1a9f6f751929507a3fafb39e4387122,57253,historical NSE legacy equity bhavcopy,NSE download manifest
data/raw/bhavcopy_legacy/cm04JAN2016bhav.csv.zip,https://nsearchives.nseindia.com/content/historical/EQUITIES/2016/JAN/cm04JAN2016bhav.csv.zip,2016-01-04,75871681374cfe0fcb0d53d5ff9c4a4763996a345398c5679edd2111cad5b9fc,59858,historical NSE legacy equity bhavcopy,NSE download manifest
data/raw/bhavcopy_legacy/cm04JAN2017bhav.csv.zip,https://nsearchives.nseindia.com/content/historical/EQUITIES/2017/JAN/cm04JAN2017bhav.csv.zip,2017-01-04,424612344b240079234a4ba24a65fd82b177031558470966bef1f3120d6ff8a8,61904,historical NSE legacy equity bhavcopy,NSE download manifest
data/raw/bhavcopy_legacy/cm04JAN2018bhav.csv.zip,https://nsearchives.nseindia.com/content/historical/EQUITIES/2018/JAN/cm04JAN2018bhav.csv.zip,2018-01-04,7314d7d995060fe9c30635acc1b1baafd963e15ecbd9c489c7008eee379c1a9a,69179,historical NSE legacy equity bhavcopy,NSE download manifest
data/raw/bhavcopy_legacy/cm04JAN2019bhav.csv.zip,https://nsearchives.nseindia.com/content/historical/EQUITIES/2019/JAN/cm04JAN2019bhav.csv.zip,2019-01-04,cc16243233040167d1f591b0c7dd3eb3960c98552a2b79f16b57dfa411cccc75,67606,historical NSE legacy equity bhavcopy,NSE download manifest
data/raw/bhavcopy_legacy/cm04JAN2021bhav.csv.zip,https://nsearchives.nseindia.com/content/historical/EQUITIES/2021/JAN/cm04JAN2021bhav.csv.zip,2021-01-04,c5d60b0b8275237f28324e15fe3ac6a92587066f957c76897e5e27e39b4c6320,76203,historical NSE legacy equity bhavcopy,NSE download manifest
data/raw/bhavcopy_legacy/cm04JAN2022bhav.csv.zip,https://nsearchives.nseindia.com/content/historical/EQUITIES/2022/JAN/cm04JAN2022bhav.csv.zip,2022-01-04,fd9cf967d191223e0d4fadeb0f3e5bf46b7c80eaeeb65301a7f55e7e93a43847,82794,historical NSE legacy equity bhavcopy,NSE download manifest
data/raw/bhavcopy_legacy/cm04JAN2023bhav.csv.zip,https://nsearchives.nseindia.com/content/historical/EQUITIES/2023/JAN/cm04JAN2023bhav.csv.zip,2023-01-04,5aaf959578337a8b1647f8cb543842cc83e1ca699c9ef6da00147dbcc270fac4,89217,historical NSE legacy equity bhavcopy,NSE download manifest
data/raw/bhavcopy_legacy/cm04JAN2024bhav.csv.zip,https://nsearchives.nseindia.com/content/historical/EQUITIES/2024/JAN/cm04JAN2024bhav.csv.zip,2024-01-04,a70421e7ec530fa4333b514587f2aa4de267697a434545651bd0a9190e604291,100727,historical NSE legacy equity bhavcopy,NSE download manifest
data/raw/bhavcopy_legacy/cm04JUL2013bhav.csv.zip,https://nsearchives.nseindia.com/content/historical/EQUITIES/2013/JUL/cm04JUL2013bhav.csv.zip,2013-07-04,38be7a1730df0a4ca84774cbebedd2e2928d49cc759b53dd6bf9ec00cbfb76f3,49153,historical NSE legacy equity bhavcopy,NSE download manifest
data/raw/bhavcopy_legacy/cm04JUL2014bhav.csv.zip,https://nsearchives.nseindia.com/content/historical/EQUITIES/2014/JUL/cm04JUL2014bhav.csv.zip,2014-07-04,a6ccd12ea4db9eba2281ccb9d4b09f825188905e2018b97546c7bdffc86e229c,58480,historical NSE legacy equity bhavcopy,NSE download manifest
data/raw/bhavcopy_legacy/cm04JUL2016bhav.csv.zip,https://nsearchives.nseindia.com/content/historical/EQUITIES/2016/JUL/cm04JUL2016bhav.csv.zip,2016-07-04,1281144c1d936965007b19cfd85c6ecda47d8b9d6d55538f56b654584c1835e7,61473,historical NSE legacy equity bhavcopy,NSE download manifest
data/raw/bhavcopy_legacy/cm04JUL2017bhav.csv.zip,https://nsearchives.nseindia.com/content/historical/EQUITIES/2017/JUL/cm04JUL2017bhav.csv.zip,2017-07-04,3c2aa34bc3642f0e5899820bf55679ce74690ca0e718d1ec950131695b9ab7dc,64267,historical NSE legacy equity bhavcopy,NSE download manifest
data/raw/bhavcopy_legacy/cm04JUL2018bhav.csv.zip,https://nsearchives.nseindia.com/content/historical/EQUITIES/2018/JUL/cm04JUL2018bhav.csv.zip,2018-07-04,a3b5aed7b884894a190812327cdd20cfdb08828dde5df3367476c0a66b1918e1,67758,historical NSE legacy equity bhavcopy,NSE download manifest
data/raw/bhavcopy_legacy/cm04JUL2019bhav.csv.zip,https://nsearchives.nseindia.com/content/historical/EQUITIES/2019/JUL/cm04JUL2019bhav.csv.zip,2019-07-04,9b07150c21d1c9f03aeec1330f3d129178692e09637ec971edfcad06fd8bab5b,67495,historical NSE legacy equity bhavcopy,NSE download manifest
data/raw/bhavcopy_legacy/cm04JUL2022bhav.csv.zip,https://nsearchives.nseindia.com/content/historical/EQUITIES/2022/JUL/cm04JUL2022bhav.csv.zip,2022-07-04,dcbcf8883d3f41b31233da8a2cc4245560eb80577e2a82928bb0370f284a8fd4,83166,historical NSE legacy equity bhavcopy,NSE download manifest
data/raw/bhavcopy_legacy/cm04JUL2023bhav.csv.zip,https://nsearchives.nseindia.com/content/historical/EQUITIES/2023/JUL/cm04JUL2023bhav.csv.zip,2023-07-04,3b127cbc5e7dadd7da5f297c24225d689143eb525b00ccfa38a31f7e2695e0bd,92213,historical NSE legacy equity bhavcopy,NSE download manifest
data/raw/bhavcopy_legacy/cm04JUL2024bhav.csv.zip,https://nsearchives.nseindia.com/content/historical/EQUITIES/2024/JUL/cm04JUL2024bhav.csv.zip,2024-07-04,0091cb686404604351860f6072111bfa9a009928db54f4333387b837724fc712,109331,historical NSE legacy equity bhavcopy,NSE download manifest
data/raw/bhavcopy_legacy/cm04JUN2013bhav.csv.zip,https://nsearchives.nseindia.com/content/historical/EQUITIES/2013/JUN/cm04JUN2013bhav.csv.zip,2013-06-04,c886678cb2a58e06e1b3f28a907962add8071e63084f4f36f478e33a9c80e368,50259,historical NSE legacy equity bhavcopy,NSE download manifest
data/raw/bhavcopy_legacy/cm04JUN2014bhav.csv.zip,https://nsearchives.nseindia.com/content/historical/EQUITIES/2014/JUN/cm04JUN2014bhav.csv.zip,2014-06-04,b3aa83d500e76104645f685a98ae7bf8e755eb4085067f346655df6ee0ccc549,58034,historical NSE legacy equity bhavcopy,NSE download manifest
data/raw/bhavcopy_legacy/cm04JUN2015bhav.csv.zip,https://nsearchives.nseindia.com/content/historical/EQUITIES/2015/JUN/cm04JUN2015bhav.csv.zip,2015-06-04,32565eb824dc4ccd7105c8e3d9170c1e354517151e6cdd3bea7d2973ead0c509,55909,historical NSE legacy equity bhavcopy,NSE download manifest
data/raw/bhavcopy_legacy/cm04JUN2018bhav.csv.zip,https://nsearchives.nseindia.com/content/historical/EQUITIES/2018/JUN/cm04JUN2018bhav.csv.zip,2018-06-04,ace21d955f2d3c3d36205cace8aa43a3a2bc129ceb9fff467ea5d69c7ecb0cda,68678,historical NSE legacy equity bhavcopy,NSE download manifest
data/raw/bhavcopy_legacy/cm04JUN2019bhav.csv.zip,https://nsearchives.nseindia.com/content/historical/EQUITIES/2019/JUN/cm04JUN2019bhav.csv.zip,2019-06-04,c81791ab1bc6568dd021212d1b1d8533cb3570978cf6a9f14b33d3b33b2fe205,69298,historical NSE legacy equity bhavcopy,NSE download manifest
data/raw/bhavcopy_legacy/cm04JUN2020bhav.csv.zip,https://nsearchives.nseindia.com/content/historical/EQUITIES/2020/JUN/cm04JUN2020bhav.csv.zip,2020-06-04,550d6ff48ae82b297c68722239949f244e2057f4fa4e420de272aa66487d62c7,68515,historical NSE legacy equity bhavcopy,NSE download manifest
data/raw/bhavcopy_legacy/cm04JUN2021bhav.csv.zip,https://nsearchives.nseindia.com/content/historical/EQUITIES/2021/JUN/cm04JUN2021bhav.csv.zip,2021-06-04,8435924dd5a664f580bf73addc623c9bcb8f5e23762fa2e8d7aff77ad4dc2e0d,77324,historical NSE legacy equity bhavcopy,NSE download manifest
data/raw/bhavcopy_legacy/cm04JUN2024bhav.csv.zip,https://nsearchives.nseindia.com/content/historical/EQUITIES/2024/JUN/cm04JUN2024bhav.csv.zip,2024-06-04,3ef06013bbeebe4119196be2fd55f95a5119975a1383df25f97aaad188edf414,104589,historical NSE legacy equity bhavcopy,NSE download manifest
data/raw/bhavcopy_legacy/cm04MAR2013bhav.csv.zip,https://nsearchives.nseindia.com/content/historical/EQUITIES/2013/MAR/cm04MAR2013bhav.csv.zip,2013-03-04,0f0a98748a7b227edc7e2b463c172d3c673c9acc70145a23494cc68ef32800d5,54504,historical NSE legacy equity bhavcopy,NSE download manifest
data/raw/bhavcopy_legacy/cm04MAR2014bhav.csv.zip,https://nsearchives.nseindia.com/content/historical/EQUITIES/2014/MAR/cm04MAR2014bhav.csv.zip,2014-03-04,a88ffa7decf494d95a341f9373db15aeb336643dcf5d60425dd5ae5b5155e25e,53145,historical NSE legacy equity bhavcopy,NSE download manifest
data/raw/bhavcopy_legacy/cm04MAR2015bhav.csv.zip,https://nsearchives.nseindia.com/content/historical/EQUITIES/2015/MAR/cm04MAR2015bhav.csv.zip,2015-03-04,5f03cc46c40e63aa84032c027919f7dfb6280f0973def8c1569028a7f2432bfb,57314,historical NSE legacy equity bhavcopy,NSE download manifest
data/raw/bhavcopy_legacy/cm04MAR2016bhav.csv.zip,https://nsearchives.nseindia.com/content/historical/EQUITIES/2016/MAR/cm04MAR2016bhav.csv.zip,2016-03-04,417925435094c887f6c997e70a3a4c916f6a58884deb31a50bbf2c43bdc0cc8d,58657,historical NSE legacy equity bhavcopy,NSE download manifest
data/raw/bhavcopy_legacy/cm04MAR2020bhav.csv.zip,https://nsearchives.nseindia.com/content/historical/EQUITIES/2020/MAR/cm04MAR2020bhav.csv.zip,2020-03-04,301a4495015f24d930132961ec28773fc053f07cb9d6bf62d7f376c046899cef,69961,historical NSE legacy equity bhavcopy,NSE download manifest
data/raw/bhavcopy_legacy/cm04MAR2021bhav.csv.zip,https://nsearchives.nseindia.com/content/historical/EQUITIES/2021/MAR/cm04MAR2021bhav.csv.zip,2021-03-04,846670863e87831138959fcf47bdc66580e67da44b24ca7d251b21a6e1da333c,75572,historical NSE legacy equity bhavcopy,NSE download manifest
data/raw/bhavcopy_legacy/cm04MAR2022bhav.csv.zip,https://nsearchives.nseindia.com/content/historical/EQUITIES/2022/MAR/cm04MAR2022bhav.csv.zip,2022-03-04,2e538f442495bf1057f288922bb5466e2517cfc17421bdf0cd0332a98d177052,82417,historical NSE legacy equity bhavcopy,NSE download manifest
data/raw/bhavcopy_legacy/cm04MAR2024bhav.csv.zip,https://nsearchives.nseindia.com/content/historical/EQUITIES/2024/MAR/cm04MAR2024bhav.csv.zip,2024-03-04,1593c210f18657fcb6dd7bbc606270a09548adfbb11eb4df75af4fdc5a955be7,102132,historical NSE legacy equity bhavcopy,NSE download manifest
data/raw/bhavcopy_legacy/cm04MAY2015bhav.csv.zip,https://nsearchives.nseindia.com/content/historical/EQUITIES/2015/MAY/cm04MAY2015bhav.csv.zip,2015-05-04,264915c5f76909fe6d1278bd28195b92730f1b31e5ced8822eb4439989297631,56697,historical NSE legacy equity bhavcopy,NSE download manifest
data/raw/bhavcopy_legacy/cm04MAY2016bhav.csv.zip,https://nsearchives.nseindia.com/content/historical/EQUITIES/2016/MAY/cm04MAY2016bhav.csv.zip,2016-05-04,e9499f794f3f697d342a19fa53a655949380ed5258d2467ada0b9b863265ddf8,58786,historical NSE legacy equity bhavcopy,NSE download manifest
data/raw/bhavcopy_legacy/cm04MAY2017bhav.csv.zip,https://nsearchives.nseindia.com/content/historical/EQUITIES/2017/MAY/cm04MAY2017bhav.csv.zip,2017-05-04,95e5d89b4ff996e64dfda0af3381011917b9e10c7b463761a991ab93d1d98a46,65286,historical NSE legacy equity bhavcopy,NSE download manifest
data/raw/bhavcopy_legacy/cm04MAY2018bhav.csv.zip,https://nsearchives.nseindia.com/content/historical/EQUITIES/2018/MAY/cm04MAY2018bhav.csv.zip,2018-05-04,b8c5e3b5bced9fe50a812d51de5796c912ad8cd4bb067c09c07564a224ef36c3,68893,historical NSE legacy equity bhavcopy,NSE download manifest
data/raw/bhavcopy_legacy/cm04MAY2020bhav.csv.zip,https://nsearchives.nseindia.com/content/historical/EQUITIES/2020/MAY/cm04MAY2020bhav.csv.zip,2020-05-04,1873444147f375428719ba18bcef419663bc434d5c3fedc2fa24d4ed82ddf032,68907,historical NSE legacy equity bhavcopy,NSE download manifest
data/raw/bhavcopy_legacy/cm04MAY2021bhav.csv.zip,https://nsearchives.nseindia.com/content/historical/EQUITIES/2021/MAY/cm04MAY2021bhav.csv.zip,2021-05-04,765db808076a8b59328964d6e31d0ea546252857409618281d6deeee19407df1,75140,historical NSE legacy equity bhavcopy,NSE download manifest
data/raw/bhavcopy_legacy/cm04MAY2022bhav.csv.zip,https://nsearchives.nseindia.com/content/historical/EQUITIES/2022/MAY/cm04MAY2022bhav.csv.zip,2022-05-04,eb31f9acd9648e70a9ebc49b1f457eb47d6edd7a49ebccdef3442d90b28e2435,84482,historical NSE legacy equity bhavcopy,NSE download manifest
data/raw/bhavcopy_legacy/cm04MAY2023bhav.csv.zip,https://nsearchives.nseindia.com/content/historical/EQUITIES/2023/MAY/cm04MAY2023bhav.csv.zip,2023-05-04,12a5df32a0033a784bf272308bf3ed89c7399884e35b8fa8ae0861aec1b34569,89477,historical NSE legacy equity bhavcopy,NSE download manifest
data/raw/bhavcopy_legacy/cm04NOV2015bhav.csv.zip,https://nsearchives.nseindia.com/content/historical/EQUITIES/2015/NOV/cm04NOV2015bhav.csv.zip,2015-11-04,a231bd3608865a4888cef7ec65823f95eba5462358b1372fd57100e34045fa30,57343,historical NSE legacy equity bhavcopy,NSE download manifest
data/raw/bhavcopy_legacy/cm04NOV2016bhav.csv.zip,https://nsearchives.nseindia.com/content/historical/EQUITIES/2016/NOV/cm04NOV2016bhav.csv.zip,2016-11-04,d078f9008eb19a54724427e8dd317eb1f535dc935ff74ebc2f20796e61ae769a,63109,historical NSE legacy equity bhavcopy,NSE download manifest
data/raw/bhavcopy_legacy/cm04NOV2019bhav.csv.zip,https://nsearchives.nseindia.com/content/historical/EQUITIES/2019/NOV/cm04NOV2019bhav.csv.zip,2019-11-04,35f191ed36a7bd85cd730e05fb580ca8b83358569439636581ccadc29d2d7550,69726,historical NSE legacy equity bhavcopy,NSE download manifest
data/raw/bhavcopy_legacy/cm04NOV2020bhav.csv.zip,https://nsearchives.nseindia.com/content/historical/EQUITIES/2020/NOV/cm04NOV2020bhav.csv.zip,2020-11-04,fc5a34af6422e7d35e78a6a6bb7345f5ee367818d2ca1951ba0a2b887bc1ac1e,70770,historical NSE legacy equity bhavcopy,NSE download manifest
data/raw/bhavcopy_legacy/cm04NOV2021bhav.csv.zip,https://nsearchives.nseindia.com/content/historical/EQUITIES/2021/NOV/cm04NOV2021bhav.csv.zip,2021-11-04,3c6b0e631b0ff18946537ba98dd78a4307a9fbc60d70c85e8e529e8acd1de1d8,74500,historical NSE legacy equity bhavcopy,NSE download manifest
data/raw/bhavcopy_legacy/cm04NOV2022bhav.csv.zip,https://nsearchives.nseindia.com/content/historical/EQUITIES/2022/NOV/cm04NOV2022bhav.csv.zip,2022-11-04,df02c39caf5bb6ffb97f43b6f76d67d4486d4483d38969d16e9b519483104d66,86543,historical NSE legacy equity bhavcopy,NSE download manifest
data/raw/bhavcopy_legacy/cm04OCT2013bhav.csv.zip,https://nsearchives.nseindia.com/content/historical/EQUITIES/2013/OCT/cm04OCT2013bhav.csv.zip,2013-10-04,04875a55de103a81c925a8ad368b6dbb019b515f825451966aa2e5d8ad60e7cb,48332,historical NSE legacy equity bhavcopy,NSE download manifest
data/raw/bhavcopy_legacy/cm04OCT2016bhav.csv.zip,https://nsearchives.nseindia.com/content/historical/EQUITIES/2016/OCT/cm04OCT2016bhav.csv.zip,2016-10-04,8d7f94249a2b985a882375928189c5282a3945bf440117def4a5d453bbff57c6,62329,historical NSE legacy equity bhavcopy,NSE download manifest
data/raw/bhavcopy_legacy/cm04OCT2017bhav.csv.zip,https://nsearchives.nseindia.com/content/historical/EQUITIES/2017/OCT/cm04OCT2017bhav.csv.zip,2017-10-04,9e2e0cadc75c90ea2dd1b6ef46e6675641c1d88b1afd42b9a2ade6f0ce4b44ea,65227,historical NSE legacy equity bhavcopy,NSE download manifest
data/raw/bhavcopy_legacy/cm04OCT2018bhav.csv.zip,https://nsearchives.nseindia.com/content/historical/EQUITIES/2018/OCT/cm04OCT2018bhav.csv.zip,2018-10-04,e93f29270fa48957aac0e336f91c96cc3ac44deb366df914a8bddaf2758d857a,69254,historical NSE legacy equity bhavcopy,NSE download manifest
data/raw/bhavcopy_legacy/cm04OCT2019bhav.csv.zip,https://nsearchives.nseindia.com/content/historical/EQUITIES/2019/OCT/cm04OCT2019bhav.csv.zip,2019-10-04,35b95a965a4ad93dfcf02cfddb0bdb89fb8f52fe9333761a71abc1dc8fd10833,68345,historical NSE legacy equity bhavcopy,NSE download manifest
data/raw/bhavcopy_legacy/cm04OCT2021bhav.csv.zip,https://nsearchives.nseindia.com/content/historical/EQUITIES/2021/OCT/cm04OCT2021bhav.csv.zip,2021-10-04,ff435299ceeab545eb6d3c1548588899c785d60f6fc81ff9acb850e122210814,83380,historical NSE legacy equity bhavcopy,NSE download manifest
data/raw/bhavcopy_legacy/cm04OCT2022bhav.csv.zip,https://nsearchives.nseindia.com/content/historical/EQUITIES/2022/OCT/cm04OCT2022bhav.csv.zip,2022-10-04,6477967039ff0974d24ad692df4894488b3c74e9e2e1ce69a3d1d1d2464b74d5,85809,historical NSE legacy equity bhavcopy,NSE download manifest
data/raw/bhavcopy_legacy/cm04OCT2023bhav.csv.zip,https://nsearchives.nseindia.com/content/historical/EQUITIES/2023/OCT/cm04OCT2023bhav.csv.zip,2023-10-04,948f428b517de5eb558f08cf4b0b71fd608d4b854e340efd38c28c3cd4cc8d78,95652,historical NSE legacy equity bhavcopy,NSE download manifest
data/raw/bhavcopy_legacy/cm04SEP2013bhav.csv.zip,https://nsearchives.nseindia.com/content/historical/EQUITIES/2013/SEP/cm04SEP2013bhav.csv.zip,2013-09-04,d91298acb6fd0c36c79e4c01df46a8a4eb6d2f12cbfdf826ae0bf770cae45e18,47762,historical NSE legacy equity bhavcopy,NSE download manifest
data/raw/bhavcopy_legacy/cm04SEP2014bhav.csv.zip,https://nsearchives.nseindia.com/content/historical/EQUITIES/2014/SEP/cm04SEP2014bhav.csv.zip,2014-09-04,98a1dfce5d59f653a2af0243f1ab75c9a48f924bd8a5542478f0d7712cb31879,57834,historical NSE legacy equity bhavcopy,NSE download manifest
data/raw/bhavcopy_legacy/cm04SEP2015bhav.csv.zip,https://nsearchives.nseindia.com/content/historical/EQUITIES/2015/SEP/cm04SEP2015bhav.csv.zip,2015-09-04,ad3c8592bf2fcfa6fe8f35295c89411766a4ad314db321ab6023c87279f68305,57270,historical NSE legacy equity bhavcopy,NSE download manifest
data/raw/bhavcopy_legacy/cm04SEP2017bhav.csv.zip,https://nsearchives.nseindia.com/content/historical/EQUITIES/2017/SEP/cm04SEP2017bhav.csv.zip,2017-09-04,c9bbbd9ef877d8e3a310801636f8702596a3a4f4173e4f9d1fdc49fdbecc489a,65481,historical NSE legacy equity bhavcopy,NSE download manifest
data/raw/bhavcopy_legacy/cm04SEP2018bhav.csv.zip,https://nsearchives.nseindia.com/content/historical/EQUITIES/2018/SEP/cm04SEP2018bhav.csv.zip,2018-09-04,862e79b563b4e7c92204fcf8b6df35e9f77059a9af0a8c10ced353f2e411e320,69390,historical NSE legacy equity bhavcopy,NSE download manifest
data/raw/bhavcopy_legacy/cm04SEP2019bhav.csv.zip,https://nsearchives.nseindia.com/content/historical/EQUITIES/2019/SEP/cm04SEP2019bhav.csv.zip,2019-09-04,73a572c3863060c5e5d18f0419794adcf7ee28ef26911f0ef845666647693832,66673,historical NSE legacy equity bhavcopy,NSE download manifest
data/raw/bhavcopy_legacy/cm04SEP2020bhav.csv.zip,https://nsearchives.nseindia.com/content/historical/EQUITIES/2020/SEP/cm04SEP2020bhav.csv.zip,2020-09-04,516e726f38073b22e71d3dec0a297f468f7421cb14bdf763c4766d3de272352a,71270,historical NSE legacy equity bhavcopy,NSE download manifest
data/raw/bhavcopy_legacy/cm04SEP2023bhav.csv.zip,https://nsearchives.nseindia.com/content/historical/EQUITIES/2023/SEP/cm04SEP2023bhav.csv.zip,2023-09-04,11bfaf9568690339fe55815fe78e910e8b4bc13da446915bc862528c3ea40a73,96095,historical NSE legacy equity bhavcopy,NSE download manifest
data/raw/bhavcopy_legacy/cm05APR2013bhav.csv.zip,https://nsearchives.nseindia.com/content/historical/EQUITIES/2013/APR/cm05APR2013bhav.csv.zip,2013-04-05,72977cc8164aece8e1ca032c6a550bf374a6c8c09df460a6bf64dc37924f9485,53657,historical NSE legacy equity bhavcopy,NSE download manifest
data/raw/bhavcopy_legacy/cm05APR2016bhav.csv.zip,https://nsearchives.nseindia.com/content/historical/EQUITIES/2016/APR/cm05APR2016bhav.csv.zip,2016-04-05,b2f8f85edf8989a2d2ef452094b8006f9cdd85a396d6796b721cf9586328023f,58298,historical NSE legacy equity bhavcopy,NSE download manifest
data/raw/bhavcopy_legacy/cm05APR2017bhav.csv.zip,https://nsearchives.nseindia.com/content/historical/EQUITIES/2017/APR/cm05APR2017bhav.csv.zip,2017-04-05,65ffd27f81f3572441b24a9da2a7a0a8353a972c5e66d65573ccc00b3bc31ea9,65851,historical NSE legacy equity bhavcopy,NSE download manifest
data/raw/bhavcopy_legacy/cm05APR2018bhav.csv.zip,https://nsearchives.nseindia.com/content/historical/EQUITIES/2018/APR/cm05APR2018bhav.csv.zip,2018-04-05,0b9d9a3c2d598f5376f0f9c86dcef5bdc8137a9d80b159d046620e895e197049,68780,historical NSE legacy equity bhavcopy,NSE download manifest
data/raw/bhavcopy_legacy/cm05APR2019bhav.csv.zip,https://nsearchives.nseindia.com/content/historical/EQUITIES/2019/APR/cm05APR2019bhav.csv.zip,2019-04-05,019d2f12d6a2aeedcfc13eed10b5b834198a2d097d5d1c888b1d96d98da3a60b,68419,historical NSE legacy equity bhavcopy,NSE download manifest
data/raw/bhavcopy_legacy/cm05APR2021bhav.csv.zip,https://nsearchives.nseindia.com/content/historical/EQUITIES/2021/APR/cm05APR2021bhav.csv.zip,2021-04-05,4934a93d485b798163f00fbbbebcc798edc8b4e92bc8f1d6cd0b700bb669c411,76094,historical NSE legacy equity bhavcopy,NSE download manifest
data/raw/bhavcopy_legacy/cm05APR2022bhav.csv.zip,https://nsearchives.nseindia.com/content/historical/EQUITIES/2022/APR/cm05APR2022bhav.csv.zip,2022-04-05,1a051cbcaebb3cdc2350a3160dda43facde52062d62760343dae499130dc28d5,83302,historical NSE legacy equity bhavcopy,NSE download manifest
data/raw/bhavcopy_legacy/cm05APR2023bhav.csv.zip,https://nsearchives.nseindia.com/content/historical/EQUITIES/2023/APR/cm05APR2023bhav.csv.zip,2023-04-05,341d9abbfe619521e05c5d84bfbb328ebac79b19fe8ae4e86eb4b0cb7d04247a,89353,historical NSE legacy equity bhavcopy,NSE download manifest
data/raw/bhavcopy_legacy/cm05APR2024bhav.csv.zip,https://nsearchives.nseindia.com/content/historical/EQUITIES/2024/APR/cm05APR2024bhav.csv.zip,2024-04-05,da2fc11342a40c880fb0c8e479d98e0dd434ae524030cd8aa324aff34bf50aa7,103015,historical NSE legacy equity bhavcopy,NSE download manifest
data/raw/bhavcopy_legacy/cm05AUG2013bhav.csv.zip,https://nsearchives.nseindia.com/content/historical/EQUITIES/2013/AUG/cm05AUG2013bhav.csv.zip,2013-08-05,cad2b6fda4bb5d79aecfadfe0861b2acae7354b07d551f7792c833848511f229,47711,historical NSE legacy equity bhavcopy,NSE download manifest
data/raw/bhavcopy_legacy/cm05AUG2014bhav.csv.zip,https://nsearchives.nseindia.com/content/historical/EQUITIES/2014/AUG/cm05AUG2014bhav.csv.zip,2014-08-05,f226c594f878fb2b666759daf966392d7f6bd104c3f020ab5de0b90a97b1fb73,56945,historical NSE legacy equity bhavcopy,NSE download manifest
data/raw/bhavcopy_legacy/cm05AUG2015bhav.csv.zip,https://nsearchives.nseindia.com/content/historical/EQUITIES/2015/AUG/cm05AUG2015bhav.csv.zip,2015-08-05,bf5d3e1afaac5e8335135a0263c6ac98b39f39957cfc9103ec11798f6a9dec73,58836,historical NSE legacy equity bhavcopy,NSE download manifest
data/raw/bhavcopy_legacy/cm05AUG2016bhav.csv.zip,https://nsearchives.nseindia.com/content/historical/EQUITIES/2016/AUG/cm05AUG2016bhav.csv.zip,2016-08-05,1731859d86c52e4066387c4a4bca9f01925bb1781b3515594f60b423cdc5f640,61544,historical NSE legacy equity bhavcopy,NSE download manifest
data/raw/bhavcopy_legacy/cm05AUG2019bhav.csv.zip,https://nsearchives.nseindia.com/content/historical/EQUITIES/2019/AUG/cm05AUG2019bhav.csv.zip,2019-08-05,e3b8fcab5fa3ebe327d0cec7aa33d22ddb78337fb419448fe8e13ab60221d2d6,68098,historical NSE legacy equity bhavcopy,NSE download manifest
data/raw/bhavcopy_legacy/cm05AUG2020bhav.csv.zip,https://nsearchives.nseindia.com/content/historical/EQUITIES/2020/AUG/cm05AUG2020bhav.csv.zip,2020-08-05,2e4d793523f5bd251c81bb2e84a03b14ffd517723be6409f9c547e42c772abde,70783,historical NSE legacy equity bhavcopy,NSE download manifest
data/raw/bhavcopy_legacy/cm05AUG2021bhav.csv.zip,https://nsearchives.nseindia.com/content/historical/EQUITIES/2021/AUG/cm05AUG2021bhav.csv.zip,2021-08-05,acaeedd024b16b1944cd7bf8645910b5edd3674be270a2100b803ef32d3030cc,77965,historical NSE legacy equity bhavcopy,NSE download manifest
data/raw/bhavcopy_legacy/cm05AUG2022bhav.csv.zip,https://nsearchives.nseindia.com/content/historical/EQUITIES/2022/AUG/cm05AUG2022bhav.csv.zip,2022-08-05,2d0def0a27f95de37b9e11d1c0a290c6235e8c30589633c2e704061c8f2fab67,83901,historical NSE legacy equity bhavcopy,NSE download manifest
data/raw/bhavcopy_legacy/cm05DEC2013bhav.csv.zip,https://nsearchives.nseindia.com/content/historical/EQUITIES/2013/DEC/cm05DEC2013bhav.csv.zip,2013-12-05,872a3f7410d16d3fe661a2cc6205258b2b1063a7f26e65d59cae23eda5506170,50324,historical NSE legacy equity bhavcopy,NSE download manifest
data/raw/bhavcopy_legacy/cm05DEC2014bhav.csv.zip,https://nsearchives.nseindia.com/content/historical/EQUITIES/2014/DEC/cm05DEC2014bhav.csv.zip,2014-12-05,eaf63ca4b8331b43ef076c2ca9626f6e1d13dae9ee20f8467868d0df30f792e2,58646,historical NSE legacy equity bhavcopy,NSE download manifest
data/raw/bhavcopy_legacy/cm05DEC2016bhav.csv.zip,https://nsearchives.nseindia.com/content/historical/EQUITIES/2016/DEC/cm05DEC2016bhav.csv.zip,2016-12-05,7a62effa8951826a8316e0fd3eeadaf903688508e734161930664fe8e682170e,61380,historical NSE legacy equity bhavcopy,NSE download manifest
data/raw/bhavcopy_legacy/cm05DEC2017bhav.csv.zip,https://nsearchives.nseindia.com/content/historical/EQUITIES/2017/DEC/cm05DEC2017bhav.csv.zip,2017-12-05,04214dd6f9a0f28b5367dc00e8a33bc7cb510e5047ed75e2ebe67b9a7c0f3e5f,67386,historical NSE legacy equity bhavcopy,NSE download manifest
data/raw/bhavcopy_legacy/cm05DEC2018bhav.csv.zip,https://nsearchives.nseindia.com/content/historical/EQUITIES/2018/DEC/cm05DEC2018bhav.csv.zip,2018-12-05,28ffc944d81bd707d35d22c8c99567fdcb988e1f26ef52d3dbd10642d1d2148c,66999,historical NSE legacy equity bhavcopy,NSE download manifest
data/raw/bhavcopy_legacy/cm05DEC2019bhav.csv.zip,https://nsearchives.nseindia.com/content/historical/EQUITIES/2019/DEC/cm05DEC2019bhav.csv.zip,2019-12-05,4e971ab066b109f4e252839bd3fa1bdbaae3811a1c3e040c1301b321747bab77,69043,historical NSE legacy equity bhavcopy,NSE download manifest
data/raw/bhavcopy_legacy/cm05DEC2022bhav.csv.zip,https://nsearchives.nseindia.com/content/historical/EQUITIES/2022/DEC/cm05DEC2022bhav.csv.zip,2022-12-05,88f76d2c3439378b46e4f0ee4e064d294d37792f7c7682118ec55dd5e0e61f32,89124,historical NSE legacy equity bhavcopy,NSE download manifest
data/raw/bhavcopy_legacy/cm05DEC2023bhav.csv.zip,https://nsearchives.nseindia.com/content/historical/EQUITIES/2023/DEC/cm05DEC2023bhav.csv.zip,2023-12-05,43babef2eafb5136ec4bfabefc3179454ba08f3ad9a166414529886666dc9abe,99222,historical NSE legacy equity bhavcopy,NSE download manifest
data/raw/bhavcopy_legacy/cm05FEB2013bhav.csv.zip,https://nsearchives.nseindia.com/content/historical/EQUITIES/2013/FEB/cm05FEB2013bhav.csv.zip,2013-02-05,db2d64a8ca9ac380c4a84d1518846971c516ddf65bb84bfb7a92ad62819295e6,55392,historical NSE legacy equity bhavcopy,NSE download manifest
data/raw/bhavcopy_legacy/cm05FEB2014bhav.csv.zip,https://nsearchives.nseindia.com/content/historical/EQUITIES/2014/FEB/cm05FEB2014bhav.csv.zip,2014-02-05,23bff66930149bdb604bdf1fce1014e13a8153c7f5339d749452424bf1bfda67,51734,historical NSE legacy equity bhavcopy,NSE download manifest
data/raw/bhavcopy_legacy/cm05FEB2015bhav.csv.zip,https://nsearchives.nseindia.com/content/historical/EQUITIES/2015/FEB/cm05FEB2015bhav.csv.zip,2015-02-05,eedf2a242ee3c89e7dab3ef417d8bb9c797b5a2e9556f0b50c96f3560ba2067f,57013,historical NSE legacy equity bhavcopy,NSE download manifest
data/raw/bhavcopy_legacy/cm05FEB2016bhav.csv.zip,https://nsearchives.nseindia.com/content/historical/EQUITIES/2016/FEB/cm05FEB2016bhav.csv.zip,2016-02-05,42bfd45b049e307b945612eb6090b96acd3a2d16fd73237899800761350df784,58209,historical NSE legacy equity bhavcopy,NSE download manifest
data/raw/bhavcopy_legacy/cm05FEB2018bhav.csv.zip,https://nsearchives.nseindia.com/content/historical/EQUITIES/2018/FEB/cm05FEB2018bhav.csv.zip,2018-02-05,0b8e0f6f22c6e1175de4b87a14a81ae382e154d910bbf8be462435fcbc7e100e,70044,historical NSE legacy equity bhavcopy,NSE download manifest
data/raw/bhavcopy_legacy/cm05FEB2019bhav.csv.zip,https://nsearchives.nseindia.com/content/historical/EQUITIES/2019/FEB/cm05FEB2019bhav.csv.zip,2019-02-05,988496a09efa94c6c59242867a5ad8040e3dd912f81c622f9fba87a8fc90cb6c,68180,historical NSE legacy equity bhavcopy,NSE download manifest
data/raw/bhavcopy_legacy/cm05FEB2020bhav.csv.zip,https://nsearchives.nseindia.com/content/historical/EQUITIES/2020/FEB/cm05FEB2020bhav.csv.zip,2020-02-05,b40fea697546487268942cabfefb7eb8bbfe752d17a3c54f493e3a3c14c151bb,69304,historical NSE legacy equity bhavcopy,NSE download manifest
data/raw/bhavcopy_legacy/cm05FEB2021bhav.csv.zip,https://nsearchives.nseindia.com/content/historical/EQUITIES/2021/FEB/cm05FEB2021bhav.csv.zip,2021-02-05,034e8184648b83640d8d96c3c76e96230f2e4c3480ceb3a0d966a39d82f83633,74361,historical NSE legacy equity bhavcopy,NSE download manifest
data/raw/bhavcopy_legacy/cm05FEB2024bhav.csv.zip,https://nsearchives.nseindia.com/content/historical/EQUITIES/2024/FEB/cm05FEB2024bhav.csv.zip,2024-02-05,4c123864b44163c43ce193ce810bcb524d3eb826ca11c976b2f69d274e19dfa3,103744,historical NSE legacy equity bhavcopy,NSE download manifest
data/raw/bhavcopy_legacy/cm05JAN2015bhav.csv.zip,https://nsearchives.nseindia.com/content/historical/EQUITIES/2015/JAN/cm05JAN2015bhav.csv.zip,2015-01-05,bbebf2196937cc240d13235e5e561b1bcf5af6f90b4f0c450ead5807682c504b,57998,historical NSE legacy equity bhavcopy,NSE download manifest
data/raw/bhavcopy_legacy/cm05JAN2016bhav.csv.zip,https://nsearchives.nseindia.com/content/historical/EQUITIES/2016/JAN/cm05JAN2016bhav.csv.zip,2016-01-05,be36ea05d06f5a2bd1030f281220b70b228bef9e1fc346a68562b3907d96fee9,60105,historical NSE legacy equity bhavcopy,NSE download manifest
data/raw/bhavcopy_legacy/cm05JAN2017bhav.csv.zip,https://nsearchives.nseindia.com/content/historical/EQUITIES/2017/JAN/cm05JAN2017bhav.csv.zip,2017-01-05,e433ed3e0344f9e149126132f0a282ab038d735ec7426e7b39e6e18154143636,62335,historical NSE legacy equity bhavcopy,NSE download manifest
data/raw/bhavcopy_legacy/cm05JAN2018bhav.csv.zip,https://nsearchives.nseindia.com/content/historical/EQUITIES/2018/JAN/cm05JAN2018bhav.csv.zip,2018-01-05,6168269b32044e9056ca8bd357eb66edc9d35151534322deb6ba953e7fe55936,69596,historical NSE legacy equity bhavcopy,NSE download manifest
data/raw/bhavcopy_legacy/cm05JAN2021bhav.csv.zip,https://nsearchives.nseindia.com/content/historical/EQUITIES/2021/JAN/cm05JAN2021bhav.csv.zip,2021-01-05,e1f7fcb1974e0bee29b6b3e4275ae49e1d391866fad1863c2f166c0c184d63b8,75975,historical NSE legacy equity bhavcopy,NSE download manifest
data/raw/bhavcopy_legacy/cm05JAN2022bhav.csv.zip,https://nsearchives.nseindia.com/content/historical/EQUITIES/2022/JAN/cm05JAN2022bhav.csv.zip,2022-01-05,fa9f14c6cc62d48e5acab67bbc97c34abfa766ee433400703d8ab39d2c23ce70,82612,historical NSE legacy equity bhavcopy,NSE download manifest
data/raw/bhavcopy_legacy/cm05JAN2023bhav.csv.zip,https://nsearchives.nseindia.com/content/historical/EQUITIES/2023/JAN/cm05JAN2023bhav.csv.zip,2023-01-05,83d816733e9a5a749a6d1d6c771fac38fc21eefcbe3ebce62871f8eedc78e54c,88381,historical NSE legacy equity bhavcopy,NSE download manifest
data/raw/bhavcopy_legacy/cm05JAN2024bhav.csv.zip,https://nsearchives.nseindia.com/content/historical/EQUITIES/2024/JAN/cm05JAN2024bhav.csv.zip,2024-01-05,999be72e8d8bc6ffff1f0d0c494d32cc767ab1d4bd007eef44ff78e6fa2393cf,100893,historical NSE legacy equity bhavcopy,NSE download manifest
data/raw/bhavcopy_legacy/cm05JUL2013bhav.csv.zip,https://nsearchives.nseindia.com/content/historical/EQUITIES/2013/JUL/cm05JUL2013bhav.csv.zip,2013-07-05,b7162f53ef30c2c0eb835076bb0b3054f741a51c21120c3bae314c13eff2a92b,49634,historical NSE legacy equity bhavcopy,NSE download manifest
data/raw/bhavcopy_legacy/cm05JUL2016bhav.csv.zip,https://nsearchives.nseindia.com/content/historical/EQUITIES/2016/JUL/cm05JUL2016bhav.csv.zip,2016-07-05,a0b74ef790a053a78953927bacf68074b41af720c8185824c6cd2a57c967d4cd,61325,historical NSE legacy equity bhavcopy,NSE download manifest
data/raw/bhavcopy_legacy/cm05JUL2017bhav.csv.zip,https://nsearchives.nseindia.com/content/historical/EQUITIES/2017/JUL/cm05JUL2017bhav.csv.zip,2017-07-05,b10559a71f0d703d2a08409307ade89cd08023eba7c5c2b23a0c46aa1d721e69,65294,historical NSE legacy equity bhavcopy,NSE download manifest
data/raw/bhavcopy_legacy/cm05JUL2018bhav.csv.zip,https://nsearchives.nseindia.com/content/historical/EQUITIES/2018/JUL/cm05JUL2018bhav.csv.zip,2018-07-05,92a817083c43137416adb2d22f4ab44d79b7c2daacaba4c2d02fb336618bc102,67651,historical NSE legacy equity bhavcopy,NSE download manifest
data/raw/bhavcopy_legacy/cm05JUL2019bhav.csv.zip,https://nsearchives.nseindia.com/content/historical/EQUITIES/2019/JUL/cm05JUL2019bhav.csv.zip,2019-07-05,4a7d45a19e805d559c96fb6ba37b8bb1e35bc835ee74c4784a03a32b4d8ce270,67218,historical NSE legacy equity bhavcopy,NSE download manifest
data/raw/bhavcopy_legacy/cm05JUL2021bhav.csv.zip,https://nsearchives.nseindia.com/content/historical/EQUITIES/2021/JUL/cm05JUL2021bhav.csv.zip,2021-07-05,416366c64d95004e5c2851af3dcfc2a80c2c74441a6795e6186396ea9718e006,78880,historical NSE legacy equity bhavcopy,NSE download manifest
data/raw/bhavcopy_legacy/cm05JUL2022bhav.csv.zip,https://nsearchives.nseindia.com/content/historical/EQUITIES/2022/JUL/cm05JUL2022bhav.csv.zip,2022-07-05,632ac4084c743ceb50630cd395d2ec425dd8e3420975d200840af487265f945f,82505,historical NSE legacy equity bhavcopy,NSE download manifest
data/raw/bhavcopy_legacy/cm05JUL2023bhav.csv.zip,https://nsearchives.nseindia.com/content/historical/EQUITIES/2023/JUL/cm05JUL2023bhav.csv.zip,2023-07-05,5b59c7c3d15f2add73f170d06d3b581a7d8d99ffdd02297a851cdea256232417,91225,historical NSE legacy equity bhavcopy,NSE download manifest
data/raw/bhavcopy_legacy/cm05JUL2024bhav.csv.zip,https://nsearchives.nseindia.com/content/historical/EQUITIES/2024/JUL/cm05JUL2024bhav.csv.zip,2024-07-05,26248de6b8b2367af476a5fcfd4c2a327a7e29d1f96c59aeb77fc857410d986c,109203,historical NSE legacy equity bhavcopy,NSE download manifest
data/raw/bhavcopy_legacy/cm05JUN2013bhav.csv.zip,https://nsearchives.nseindia.com/content/historical/EQUITIES/2013/JUN/cm05JUN2013bhav.csv.zip,2013-06-05,08e50c48f9ed1024382e59775d3e1b6d2f0c59cbae96fb5bc6edd00e141b5fb2,49211,historical NSE legacy equity bhavcopy,NSE download manifest
data/raw/bhavcopy_legacy/cm05JUN2014bhav.csv.zip,https://nsearchives.nseindia.com/content/historical/EQUITIES/2014/JUN/cm05JUN2014bhav.csv.zip,2014-06-05,2cf57b2b0771152a40b357967034801f69a131eb35af2a19b3ba650f8e702adc,58560,historical NSE legacy equity bhavcopy,NSE download manifest
data/raw/bhavcopy_legacy/cm05JUN2015bhav.csv.zip,https://nsearchives.nseindia.com/content/historical/EQUITIES/2015/JUN/cm05JUN2015bhav.csv.zip,2015-06-05,5131c0a80fad38715b031df9c18a0dfec2b25561421c28a92926cd6b504883e6,55910,historical NSE legacy equity bhavcopy,NSE download manifest
data/raw/bhavcopy_legacy/cm05JUN2017bhav.csv.zip,https://nsearchives.nseindia.com/content/historical/EQUITIES/2017/JUN/cm05JUN2017bhav.csv.zip,2017-06-05,f0e16867a10b241c1e65662a041756bee30d9f95fae2838b3e721b37fc44e8bf,65018,historical NSE legacy equity bhavcopy,NSE download manifest
data/raw/bhavcopy_legacy/cm05JUN2018bhav.csv.zip,https://nsearchives.nseindia.com/content/historical/EQUITIES/2018/JUN/cm05JUN2018bhav.csv.zip,2018-06-05,9a0bea78fe2f8c38c26ef224f72937aadf01fb3489c36dd479de5f9a9dc108a8,68770,historical NSE legacy equity bhavcopy,NSE download manifest
data/raw/bhavcopy_legacy/cm05JUN2020bhav.csv.zip,https://nsearchives.nseindia.com/content/historical/EQUITIES/2020/JUN/cm05JUN2020bhav.csv.zip,2020-06-05,3d679d6ebeb4f6159d3ad29b959fc7468096b8f2f938980cfb46640708b4b2ce,69985,historical NSE legacy equity bhavcopy,NSE download manifest
data/raw/bhavcopy_legacy/cm05JUN2023bhav.csv.zip,https://nsearchives.nseindia.com/content/historical/EQUITIES/2023/JUN/cm05JUN2023bhav.csv.zip,2023-06-05,3c37968fb5f94191ff892d6528c8694b42a2b40da6d726dc08a69eb858cccd9f,92315,historical NSE legacy equity bhavcopy,NSE download manifest
data/raw/bhavcopy_legacy/cm05JUN2024bhav.csv.zip,https://nsearchives.nseindia.com/content/historical/EQUITIES/2024/JUN/cm05JUN2024bhav.csv.zip,2024-06-05,0e4c397eb6002fcd6e1499473c4c8829b94b60c6c4321578f77cc43c581f8478,105230,historical NSE legacy equity bhavcopy,NSE download manifest
data/raw/bhavcopy_legacy/cm05MAR2013bhav.csv.zip,https://nsearchives.nseindia.com/content/historical/EQUITIES/2013/MAR/cm05MAR2013bhav.csv.zip,2013-03-05,c13319baaa0a6a16672693a1dfd242699d6d63f6fa173ddb8c9c8e19b0f75d7c,54721,historical NSE legacy equity bhavcopy,NSE download manifest
data/raw/bhavcopy_legacy/cm05MAR2014bhav.csv.zip,https://nsearchives.nseindia.com/content/historical/EQUITIES/2014/MAR/cm05MAR2014bhav.csv.zip,2014-03-05,9577e83d6802eaffc8a3dff10c0d15088f9c5fafb8cde86e2615d6ba46b43a7e,53511,historical NSE legacy equity bhavcopy,NSE download manifest
data/raw/bhavcopy_legacy/cm05MAR2015bhav.csv.zip,https://nsearchives.nseindia.com/content/historical/EQUITIES/2015/MAR/cm05MAR2015bhav.csv.zip,2015-03-05,71f38aa75c28bc2f04f3e13506260a06e9248cf752d3be396ea1f0ec057354d1,56734,historical NSE legacy equity bhavcopy,NSE download manifest
data/raw/bhavcopy_legacy/cm05MAR2018bhav.csv.zip,https://nsearchives.nseindia.com/content/historical/EQUITIES/2018/MAR/cm05MAR2018bhav.csv.zip,2018-03-05,1526efaf3d4b8c94bb817b88a82d28f07cdf91f7062f896f285c828c75cd7004,68787,historical NSE legacy equity bhavcopy,NSE download manifest
data/raw/bhavcopy_legacy/cm05MAR2019bhav.csv.zip,https://nsearchives.nseindia.com/content/historical/EQUITIES/2019/MAR/cm05MAR2019bhav.csv.zip,2019-03-05,cd73956f2934e4395afd6b7849845b8bd4b6fffcdb1f3e28fca8a54f46d648f3,70280,historical NSE legacy equity bhavcopy,NSE download manifest
data/raw/bhavcopy_legacy/cm05MAR2020bhav.csv.zip,https://nsearchives.nseindia.com/content/historical/EQUITIES/2020/MAR/cm05MAR2020bhav.csv.zip,2020-03-05,127d171a8b25bc872c25c2785863a0252a438034274338caf24fc95ac34172c2,69225,historical NSE legacy equity bhavcopy,NSE download manifest
data/raw/bhavcopy_legacy/cm05MAR2021bhav.csv.zip,https://nsearchives.nseindia.com/content/historical/EQUITIES/2021/MAR/cm05MAR2021bhav.csv.zip,2021-03-05,ecd365a8a16ec9655675c6df17459b4d123147e173b64f75f0e8f0d8996f279f,75644,historical NSE legacy equity bhavcopy,NSE download manifest
data/raw/bhavcopy_legacy/cm05MAR2024bhav.csv.zip,https://nsearchives.nseindia.com/content/historical/EQUITIES/2024/MAR/cm05MAR2024bhav.csv.zip,2024-03-05,d3cb9e5ad93353b98ecfc885c50b7d669e691ee5461036c345e31aa1e9092a26,101749,historical NSE legacy equity bhavcopy,NSE download manifest
data/raw/bhavcopy_legacy/cm05MAY2014bhav.csv.zip,https://nsearchives.nseindia.com/content/historical/EQUITIES/2014/MAY/cm05MAY2014bhav.csv.zip,2014-05-05,831cbafc5bd60dee6269340f7f93652c96ec7f68ad05398b307e1976bbbb1577,54593,historical NSE legacy equity bhavcopy,NSE download manifest
data/raw/bhavcopy_legacy/cm05MAY2015bhav.csv.zip,https://nsearchives.nseindia.com/content/historical/EQUITIES/2015/MAY/cm05MAY2015bhav.csv.zip,2015-05-05,51f6fab99f6791c521e3e96f1edde7e400f8f8c61cca4234d5fd9b3d7168fa35,56639,historical NSE legacy equity bhavcopy,NSE download manifest
data/raw/bhavcopy_legacy/cm05MAY2016bhav.csv.zip,https://nsearchives.nseindia.com/content/historical/EQUITIES/2016/MAY/cm05MAY2016bhav.csv.zip,2016-05-05,dca92e279cdbc172671a745dd1109ecb80c670da54592aa622262b0f80e08b55,58553,historical NSE legacy equity bhavcopy,NSE download manifest
data/raw/bhavcopy_legacy/cm05MAY2017bhav.csv.zip,https://nsearchives.nseindia.com/content/historical/EQUITIES/2017/MAY/cm05MAY2017bhav.csv.zip,2017-05-05,56f629f84c3734816ee3b0075c24aba9f4e0a1bf8049e4d6b2ecb54e94a98a8f,65215,historical NSE legacy equity bhavcopy,NSE download manifest
data/raw/bhavcopy_legacy/cm05MAY2020bhav.csv.zip,https://nsearchives.nseindia.com/content/historical/EQUITIES/2020/MAY/cm05MAY2020bhav.csv.zip,2020-05-05,bf72b48bf50899192b0deec31856c7e0a07182e90d4967d9ef61b5e6b6de2948,67756,historical NSE legacy equity bhavcopy,NSE download manifest
data/raw/bhavcopy_legacy/cm05MAY2021bhav.csv.zip,https://nsearchives.nseindia.com/content/historical/EQUITIES/2021/MAY/cm05MAY2021bhav.csv.zip,2021-05-05,e3d2107d3033f87fc40fa11aacea1eb297551535c31e3d910e19c0d1d3291545,74249,historical NSE legacy equity bhavcopy,NSE download manifest
data/raw/bhavcopy_legacy/cm05MAY2022bhav.csv.zip,https://nsearchives.nseindia.com/content/historical/EQUITIES/2022/MAY/cm05MAY2022bhav.csv.zip,2022-05-05,19baf68c6343d0290ca181049746245aa9d48390131738c676779088ed2da282,83432,historical NSE legacy equity bhavcopy,NSE download manifest
data/raw/bhavcopy_legacy/cm05MAY2023bhav.csv.zip,https://nsearchives.nseindia.com/content/historical/EQUITIES/2023/MAY/cm05MAY2023bhav.csv.zip,2023-05-05,dfc73e77ea9abe6ee7e50e6a9c8f8caa93e4c1f12ff9759cb53f4f2a164e3729,88653,historical NSE legacy equity bhavcopy,NSE download manifest
data/raw/bhavcopy_legacy/cm05NOV2013bhav.csv.zip,https://nsearchives.nseindia.com/content/historical/EQUITIES/2013/NOV/cm05NOV2013bhav.csv.zip,2013-11-05,9b82135c9650e3db5679d7e6f2524ed180656d7a7d75229ba92572998fd022fc,49801,historical NSE legacy equity bhavcopy,NSE download manifest
data/raw/bhavcopy_legacy/cm05NOV2014bhav.csv.zip,https://nsearchives.nseindia.com/content/historical/EQUITIES/2014/NOV/cm05NOV2014bhav.csv.zip,2014-11-05,aac83ff992976dc95c2d978c76528fd7d271705f21b51ec32f436192a4fe0d11,58469,historical NSE legacy equity bhavcopy,NSE download manifest
data/raw/bhavcopy_legacy/cm05NOV2015bhav.csv.zip,https://nsearchives.nseindia.com/content/historical/EQUITIES/2015/NOV/cm05NOV2015bhav.csv.zip,2015-11-05,3854f5bdd5244de30aa82a3a0338ed6bb777a1c8e9406ba24ec3129dbf0b092f,57207,historical NSE legacy equity bhavcopy,NSE download manifest
data/raw/bhavcopy_legacy/cm05NOV2018bhav.csv.zip,https://nsearchives.nseindia.com/content/historical/EQUITIES/2018/NOV/cm05NOV2018bhav.csv.zip,2018-11-05,2f9697f7aacb6b9adda9108c448993aff3612364c554e07d21549e1768d1b22d,68281,historical NSE legacy equity bhavcopy,NSE download manifest
data/raw/bhavcopy_legacy/cm05NOV2019bhav.csv.zip,https://nsearchives.nseindia.com/content/historical/EQUITIES/2019/NOV/cm05NOV2019bhav.csv.zip,2019-11-05,f1bd47476acd621d122ca60597ea936946930139f36173f336a46409321b19f4,68912,historical NSE legacy equity bhavcopy,NSE download manifest
data/raw/bhavcopy_legacy/cm05NOV2020bhav.csv.zip,https://nsearchives.nseindia.com/content/historical/EQUITIES/2020/NOV/cm05NOV2020bhav.csv.zip,2020-11-05,4dd0298e9ec68e9272d944b8cf228c8bfec9b5d79ed12d548bb10f0441e6920d,71585,historical NSE legacy equity bhavcopy,NSE download manifest
data/raw/bhavcopy_legacy/cm05OCT2015bhav.csv.zip,https://nsearchives.nseindia.com/content/historical/EQUITIES/2015/OCT/cm05OCT2015bhav.csv.zip,2015-10-05,0af1ecc9662a9e1e442d415af2cee8da1cd6780f50ff7360f424cca252a7122a,57439,historical NSE legacy equity bhavcopy,NSE download manifest
data/raw/bhavcopy_legacy/cm05OCT2016bhav.csv.zip,https://nsearchives.nseindia.com/content/historical/EQUITIES/2016/OCT/cm05OCT2016bhav.csv.zip,2016-10-05,79735ada4f59df83d8604d01cf1e08d771f60f0f31dac1683c74306e56b90acc,62843,historical NSE legacy equity bhavcopy,NSE download manifest
data/raw/bhavcopy_legacy/cm05OCT2017bhav.csv.zip,https://nsearchives.nseindia.com/content/historical/EQUITIES/2017/OCT/cm05OCT2017bhav.csv.zip,2017-10-05,29c4c22a7e28cf426ff48acd70135f83d6de9c574f5bd09b1458b220f126eede,65225,historical NSE legacy equity bhavcopy,NSE download manifest
data/raw/bhavcopy_legacy/cm05OCT2018bhav.csv.zip,https://nsearchives.nseindia.com/content/historical/EQUITIES/2018/OCT/cm05OCT2018bhav.csv.zip,2018-10-05,5755590635abc315294cd39cdbba64c8a7b7de773ce91a8b77e7be9a41628cbf,69717,historical NSE legacy equity bhavcopy,NSE download manifest
data/raw/bhavcopy_legacy/cm05OCT2020bhav.csv.zip,https://nsearchives.nseindia.com/content/historical/EQUITIES/2020/OCT/cm05OCT2020bhav.csv.zip,2020-10-05,1c27c52963929f429da4366549c1fcbc7bd5afb4eade364cf7cd6abf02b70ddd,72262,historical NSE legacy equity bhavcopy,NSE download manifest
data/raw/bhavcopy_legacy/cm05OCT2021bhav.csv.zip,https://nsearchives.nseindia.com/content/historical/EQUITIES/2021/OCT/cm05OCT2021bhav.csv.zip,2021-10-05,9c50e19e4a612ff61d8e31178068e1c0050142e6e05abb14be9b42a9734ce6b0,80327,historical NSE legacy equity bhavcopy,NSE download manifest
data/raw/bhavcopy_legacy/cm05OCT2023bhav.csv.zip,https://nsearchives.nseindia.com/content/historical/EQUITIES/2023/OCT/cm05OCT2023bhav.csv.zip,2023-10-05,ab2c667cdbdb737bcb29dc926deaaf420d654cc7eb81aa5b6efbfb32edde06f9,94705,historical NSE legacy equity bhavcopy,NSE download manifest
data/raw/bhavcopy_legacy/cm05SEP2013bhav.csv.zip,https://nsearchives.nseindia.com/content/historical/EQUITIES/2013/SEP/cm05SEP2013bhav.csv.zip,2013-09-05,8777604535890f9ce11c35a1d934766d352b6d35afc49ab54a954c01f5b29f20,47905,historical NSE legacy equity bhavcopy,NSE download manifest
data/raw/bhavcopy_legacy/cm05SEP2014bhav.csv.zip,https://nsearchives.nseindia.com/content/historical/EQUITIES/2014/SEP/cm05SEP2014bhav.csv.zip,2014-09-05,e0033dcc96a1a48ef264b8de7b111cd9fbd4146c033573023c2c28bb18d4d463,58411,historical NSE legacy equity bhavcopy,NSE download manifest
data/raw/bhavcopy_legacy/cm05SEP2017bhav.csv.zip,https://nsearchives.nseindia.com/content/historical/EQUITIES/2017/SEP/cm05SEP2017bhav.csv.zip,2017-09-05,de460f59d65fb2f768e78fa857d0d6710d37f54fdc260b8a283cf782b2bd6f8f,64931,historical NSE legacy equity bhavcopy,NSE download manifest
data/raw/bhavcopy_legacy/cm05SEP2018bhav.csv.zip,https://nsearchives.nseindia.com/content/historical/EQUITIES/2018/SEP/cm05SEP2018bhav.csv.zip,2018-09-05,685eef3509e4391be93087a2225d5afe08de116d470d4ee1f85657df0f267378,69409,historical NSE legacy equity bhavcopy,NSE download manifest
data/raw/bhavcopy_legacy/cm05SEP2019bhav.csv.zip,https://nsearchives.nseindia.com/content/historical/EQUITIES/2019/SEP/cm05SEP2019bhav.csv.zip,2019-09-05,20bd08a2e5c24c71601f189bee2f30aa1805681433bff2c209e8810731ac663c,67018,historical NSE legacy equity bhavcopy,NSE download manifest
data/raw/bhavcopy_legacy/cm05SEP2022bhav.csv.zip,https://nsearchives.nseindia.com/content/historical/EQUITIES/2022/SEP/cm05SEP2022bhav.csv.zip,2022-09-05,6f2ecb480fa88ba16efbc9e8d6b45383354134c7cef13ce0ef48db3d5b051e36,86767,historical NSE legacy equity bhavcopy,NSE download manifest
data/raw/bhavcopy_legacy/cm05SEP2023bhav.csv.zip,https://nsearchives.nseindia.com/content/historical/EQUITIES/2023/SEP/cm05SEP2023bhav.csv.zip,2023-09-05,cc837a2ac70a3117ebd0d278ca80840f4e2361d1e5e0284a3bcd40037ef5fb51,95451,historical NSE legacy equity bhavcopy,NSE download manifest
data/raw/bhavcopy_legacy/cm06APR2015bhav.csv.zip,https://nsearchives.nseindia.com/content/historical/EQUITIES/2015/APR/cm06APR2015bhav.csv.zip,2015-04-06,27c649d6aa8500a1ca710d35ee0fa8027810462f5e3afff4ec7d038f0b9c57cf,57215,historical NSE legacy equity bhavcopy,NSE download manifest
data/raw/bhavcopy_legacy/cm06APR2016bhav.csv.zip,https://nsearchives.nseindia.com/content/historical/EQUITIES/2016/APR/cm06APR2016bhav.csv.zip,2016-04-06,91a076457f8ee6b66a2530e831580ce385a6d1103d9dd19c02c26abd825b53b3,58292,historical NSE legacy equity bhavcopy,NSE download manifest
data/raw/bhavcopy_legacy/cm06APR2017bhav.csv.zip,https://nsearchives.nseindia.com/content/historical/EQUITIES/2017/APR/cm06APR2017bhav.csv.zip,2017-04-06,b4b662d44bf2493f1238c18d962fa1d0257e9b18978972cf3ea4e0feb9ea3bb4,65073,historical NSE legacy equity bhavcopy,NSE download manifest
data/raw/bhavcopy_legacy/cm06APR2018bhav.csv.zip,https://nsearchives.nseindia.com/content/historical/EQUITIES/2018/APR/cm06APR2018bhav.csv.zip,2018-04-06,0a46645a67c6c454f7bcdcf8add75ae52ff9cce42cd7d6a30df453c6ed84e941,68758,historical NSE legacy equity bhavcopy,NSE download manifest
data/raw/bhavcopy_legacy/cm06APR2021bhav.csv.zip,https://nsearchives.nseindia.com/content/historical/EQUITIES/2021/APR/cm06APR2021bhav.csv.zip,2021-04-06,5988a64f027b11daf5fd0a63bd8764548398ffa4de39bf85a8b3911a3836ea6f,74271,historical NSE legacy equity bhavcopy,NSE download manifest
data/raw/bhavcopy_legacy/cm06APR2022bhav.csv.zip,https://nsearchives.nseindia.com/content/historical/EQUITIES/2022/APR/cm06APR2022bhav.csv.zip,2022-04-06,8d505ac25a248dadd3c651341f1518d221c9e90d091c581d83135b26c37e45ef,83880,historical NSE legacy equity bhavcopy,NSE download manifest
data/raw/bhavcopy_legacy/cm06APR2023bhav.csv.zip,https://nsearchives.nseindia.com/content/historical/EQUITIES/2023/APR/cm06APR2023bhav.csv.zip,2023-04-06,ce7b71fe2c3b67787fb190cb635698d30b8a1d4d08dbf13f5322e1066fe2d7db,89245,historical NSE legacy equity bhavcopy,NSE download manifest
data/raw/bhavcopy_legacy/cm06AUG2013bhav.csv.zip,https://nsearchives.nseindia.com/content/historical/EQUITIES/2013/AUG/cm06AUG2013bhav.csv.zip,2013-08-06,95b965923d080f5655a4b1548d6f495cb3112f3a388ee89df45b0960577d45f2,48113,historical NSE legacy equity bhavcopy,NSE download manifest
data/raw/bhavcopy_legacy/cm06AUG2014bhav.csv.zip,https://nsearchives.nseindia.com/content/historical/EQUITIES/2014/AUG/cm06AUG2014bhav.csv.zip,2014-08-06,f935b38d9ce7e8d3cb449dbd392c18fe4b6d864ae9ec87f5ea2043a587601913,57611,historical NSE legacy equity bhavcopy,NSE download manifest
data/raw/bhavcopy_legacy/cm06AUG2015bhav.csv.zip,https://nsearchives.nseindia.com/content/historical/EQUITIES/2015/AUG/cm06AUG2015bhav.csv.zip,2015-08-06,c72aca37ad90b4876e7f3707bd5723db90d4d02cc057021caa3e6c61f3b7d796,58418,historical NSE legacy equity bhavcopy,NSE download manifest
data/raw/bhavcopy_legacy/cm06AUG2018bhav.csv.zip,https://nsearchives.nseindia.com/content/historical/EQUITIES/2018/AUG/cm06AUG2018bhav.csv.zip,2018-08-06,558b92feed41332513c9d70eb5992d799dd967e09166f6a3779f8bec592f622c,69859,historical NSE legacy equity bhavcopy,NSE download manifest
data/raw/bhavcopy_legacy/cm06AUG2019bhav.csv.zip,https://nsearchives.nseindia.com/content/historical/EQUITIES/2019/AUG/cm06AUG2019bhav.csv.zip,2019-08-06,dffec9715f333fa3c0c480e7b766384b79757c38beea4a60795fbd21725933b0,68035,historical NSE legacy equity bhavcopy,NSE download manifest
data/raw/bhavcopy_legacy/cm06AUG2020bhav.csv.zip,https://nsearchives.nseindia.com/content/historical/EQUITIES/2020/AUG/cm06AUG2020bhav.csv.zip,2020-08-06,2e8ccc4304ad8802e64d0907cd9a768aac71d8aa19ff35c8a31d640b83a5716e,70456,historical NSE legacy equity bhavcopy,NSE download manifest
data/raw/bhavcopy_legacy/cm06AUG2021bhav.csv.zip,https://nsearchives.nseindia.com/content/historical/EQUITIES/2021/AUG/cm06AUG2021bhav.csv.zip,2021-08-06,afca7d3307c67571c8b6f363c6bf5f1c7fb8b0bf1855dc170f959670be08f2a2,77438,historical NSE legacy equity bhavcopy,NSE download manifest
data/raw/bhavcopy_legacy/cm06DEC2013bhav.csv.zip,https://nsearchives.nseindia.com/content/historical/EQUITIES/2013/DEC/cm06DEC2013bhav.csv.zip,2013-12-06,79c62d91f0e93958668dc674d4e884686ed1189bdee1076e5c5c6ea78fa04003,50265,historical NSE legacy equity bhavcopy,NSE download manifest
data/raw/bhavcopy_legacy/cm06DEC2016bhav.csv.zip,https://nsearchives.nseindia.com/content/historical/EQUITIES/2016/DEC/cm06DEC2016bhav.csv.zip,2016-12-06,f0c489bbdbfcfc39e7a3652ad0598734e48c21ac213448cf90ca9c8a8c5ad92c,61514,historical NSE legacy equity bhavcopy,NSE download manifest
data/raw/bhavcopy_legacy/cm06DEC2017bhav.csv.zip,https://nsearchives.nseindia.com/content/historical/EQUITIES/2017/DEC/cm06DEC2017bhav.csv.zip,2017-12-06,54e4af441c478c5a062b619062283df51563e801f6e39d793cf99a7223500dd1,67722,historical NSE legacy equity bhavcopy,NSE download manifest
data/raw/bhavcopy_legacy/cm06DEC2018bhav.csv.zip,https://nsearchives.nseindia.com/content/historical/EQUITIES/2018/DEC/cm06DEC2018bhav.csv.zip,2018-12-06,9613bc8cca7dd26bdbe0362705d82834b66f3113f013969e288c69f36fd21afa,67016,historical NSE legacy equity bhavcopy,NSE download manifest
data/raw/bhavcopy_legacy/cm06DEC2019bhav.csv.zip,https://nsearchives.nseindia.com/content/historical/EQUITIES/2019/DEC/cm06DEC2019bhav.csv.zip,2019-12-06,b0112fddaf8cbe0c6e13ecf7c4bcb7f0289f23b966795765cb59c3874f479541,68740,historical NSE legacy equity bhavcopy,NSE download manifest
data/raw/bhavcopy_legacy/cm06DEC2021bhav.csv.zip,https://nsearchives.nseindia.com/content/historical/EQUITIES/2021/DEC/cm06DEC2021bhav.csv.zip,2021-12-06,7872f090717580f13acd9127e6f2dc659225f368917500b406436b6cae53ea05,81183,historical NSE legacy equity bhavcopy,NSE download manifest
data/raw/bhavcopy_legacy/cm06DEC2022bhav.csv.zip,https://nsearchives.nseindia.com/content/historical/EQUITIES/2022/DEC/cm06DEC2022bhav.csv.zip,2022-12-06,f5f3b6bc03e22cdb2d236c7661d684950da41967a9f6f52e633c535baa7390d3,87877,historical NSE legacy equity bhavcopy,NSE download manifest
data/raw/bhavcopy_legacy/cm06DEC2023bhav.csv.zip,https://nsearchives.nseindia.com/content/historical/EQUITIES/2023/DEC/cm06DEC2023bhav.csv.zip,2023-12-06,4341b16ad001d5cb34a22393699ab67b7ab11d632f020533012f77cf65a29789,98781,historical NSE legacy equity bhavcopy,NSE download manifest
data/raw/bhavcopy_legacy/cm06FEB2013bhav.csv.zip,https://nsearchives.nseindia.com/content/historical/EQUITIES/2013/FEB/cm06FEB2013bhav.csv.zip,2013-02-06,b2a46c7574a3befe341cad0577487579e6da91ae30d82a2715df1854675e0896,55428,historical NSE legacy equity bhavcopy,NSE download manifest
data/raw/bhavcopy_legacy/cm06FEB2014bhav.csv.zip,https://nsearchives.nseindia.com/content/historical/EQUITIES/2014/FEB/cm06FEB2014bhav.csv.zip,2014-02-06,889ef509452a949fa40fe5b8545b821e75353b4830dc8e279a441a14cb676ae2,51737,historical NSE legacy equity bhavcopy,NSE download manifest
data/raw/bhavcopy_legacy/cm06FEB2015bhav.csv.zip,https://nsearchives.nseindia.com/content/historical/EQUITIES/2015/FEB/cm06FEB2015bhav.csv.zip,2015-02-06,11cd84042cf9cc259cd5f4f4769a23659c9ed173ee678bd87bea92e9e812cb27,56739,historical NSE legacy equity bhavcopy,NSE download manifest
data/raw/bhavcopy_legacy/cm06FEB2017bhav.csv.zip,https://nsearchives.nseindia.com/content/historical/EQUITIES/2017/FEB/cm06FEB2017bhav.csv.zip,2017-02-06,4f21b46afd3ac32fe8c9133fe2a6d82507667cb826b84efe69b980400c7fbaae,64364,historical NSE legacy equity bhavcopy,NSE download manifest
data/raw/bhavcopy_legacy/cm06FEB2018bhav.csv.zip,https://nsearchives.nseindia.com/content/historical/EQUITIES/2018/FEB/cm06FEB2018bhav.csv.zip,2018-02-06,5bc4759ac3864a3ad97be1d046bad3582803981a9f018535571648505507d131,69515,historical NSE legacy equity bhavcopy,NSE download manifest
data/raw/bhavcopy_legacy/cm06FEB2019bhav.csv.zip,https://nsearchives.nseindia.com/content/historical/EQUITIES/2019/FEB/cm06FEB2019bhav.csv.zip,2019-02-06,e1ae3ceee94688578f93c37a3edee2104c69164cc0750da8141a11c80e6b693a,67675,historical NSE legacy equity bhavcopy,NSE download manifest
data/raw/bhavcopy_legacy/cm06FEB2020bhav.csv.zip,https://nsearchives.nseindia.com/content/historical/EQUITIES/2020/FEB/cm06FEB2020bhav.csv.zip,2020-02-06,2b23907f9ff4671041d96673db0d5a67f6639523e3e10a0a403872477d4048ac,69550,historical NSE legacy equity bhavcopy,NSE download manifest
data/raw/bhavcopy_legacy/cm06FEB2023bhav.csv.zip,https://nsearchives.nseindia.com/content/historical/EQUITIES/2023/FEB/cm06FEB2023bhav.csv.zip,2023-02-06,94f56fadd1d71cd40e7e21bae8288ded86ef4b9958585bf9accf7c49778a97ff,88559,historical NSE legacy equity bhavcopy,NSE download manifest
data/raw/bhavcopy_legacy/cm06FEB2024bhav.csv.zip,https://nsearchives.nseindia.com/content/historical/EQUITIES/2024/FEB/cm06FEB2024bhav.csv.zip,2024-02-06,2af93caf59a6136f036aecff3aa0126e7623c8b6b906530ad0ba7565aa67ee81,101528,historical NSE legacy equity bhavcopy,NSE download manifest
data/raw/bhavcopy_legacy/cm06JAN2014bhav.csv.zip,https://nsearchives.nseindia.com/content/historical/EQUITIES/2014/JAN/cm06JAN2014bhav.csv.zip,2014-01-06,c5eb81147c6ea0bbec472325f3979f5907a2fc265d4c996ca7566e72aa1aadd7,50420,historical NSE legacy equity bhavcopy,NSE download manifest
data/raw/bhavcopy_legacy/cm06JAN2015bhav.csv.zip,https://nsearchives.nseindia.com/content/historical/EQUITIES/2015/JAN/cm06JAN2015bhav.csv.zip,2015-01-06,c8733ecd68dbfaf40c3c690115e3c0df1e62a9ba4f45767083dbc528cdf87fb2,57972,historical NSE legacy equity bhavcopy,NSE download manifest
data/raw/bhavcopy_legacy/cm06JAN2016bhav.csv.zip,https://nsearchives.nseindia.com/content/historical/EQUITIES/2016/JAN/cm06JAN2016bhav.csv.zip,2016-01-06,ca541b634750bb561f7c59ea554dbec674b8175f91f49c43fb7ec476d0d9dbe7,60265,historical NSE legacy equity bhavcopy,NSE download manifest
data/raw/bhavcopy_legacy/cm06JAN2017bhav.csv.zip,https://nsearchives.nseindia.com/content/historical/EQUITIES/2017/JAN/cm06JAN2017bhav.csv.zip,2017-01-06,bdedec2c1372618c8808b32a831ec63fae6996ebdab3ee5e98e8267b4e491e30,62037,historical NSE legacy equity bhavcopy,NSE download manifest
data/raw/bhavcopy_legacy/cm06JAN2020bhav.csv.zip,https://nsearchives.nseindia.com/content/historical/EQUITIES/2020/JAN/cm06JAN2020bhav.csv.zip,2020-01-06,76cd239dff56e2685b39d766f543dd994a08171b769a1417d541b299c51e233f,69850,historical NSE legacy equity bhavcopy,NSE download manifest
data/raw/bhavcopy_legacy/cm06JAN2021bhav.csv.zip,https://nsearchives.nseindia.com/content/historical/EQUITIES/2021/JAN/cm06JAN2021bhav.csv.zip,2021-01-06,6cf9c56b51ebdd69bc81c7b102a0fbe4c537f56366e66a907e86505371d82a01,75881,historical NSE legacy equity bhavcopy,NSE download manifest
data/raw/bhavcopy_legacy/cm06JAN2022bhav.csv.zip,https://nsearchives.nseindia.com/content/historical/EQUITIES/2022/JAN/cm06JAN2022bhav.csv.zip,2022-01-06,409a616da8d0c904e9b1cea3c393ba742320f5b04e99189d19f1e1e5c43bfb68,82370,historical NSE legacy equity bhavcopy,NSE download manifest
data/raw/bhavcopy_legacy/cm06JAN2023bhav.csv.zip,https://nsearchives.nseindia.com/content/historical/EQUITIES/2023/JAN/cm06JAN2023bhav.csv.zip,2023-01-06,15aaa7b5c231c60390312080b42b528c71124646ca64d3c9ed33a3be6027732a,89189,historical NSE legacy equity bhavcopy,NSE download manifest
data/raw/bhavcopy_legacy/cm06JUL2015bhav.csv.zip,https://nsearchives.nseindia.com/content/historical/EQUITIES/2015/JUL/cm06JUL2015bhav.csv.zip,2015-07-06,a6ab1d7f096e71f9fbc2df50a85e523e37b9eee7653410cadaafbf01877d522d,57105,historical NSE legacy equity bhavcopy,NSE download manifest
data/raw/bhavcopy_legacy/cm06JUL2017bhav.csv.zip,https://nsearchives.nseindia.com/content/historical/EQUITIES/2017/JUL/cm06JUL2017bhav.csv.zip,2017-07-06,f9c3dfa9d2e24941e2cefd55787cd32fb7d92392c835c1205500c78610011f41,65553,historical NSE legacy equity bhavcopy,NSE download manifest
data/raw/bhavcopy_legacy/cm06JUL2018bhav.csv.zip,https://nsearchives.nseindia.com/content/historical/EQUITIES/2018/JUL/cm06JUL2018bhav.csv.zip,2018-07-06,3116b92ccc88d11a009c63cd511c7874c0e26d8f9052e7a36b9c792fbd0fe6d8,67679,historical NSE legacy equity bhavcopy,NSE download manifest
data/raw/bhavcopy_legacy/cm06JUL2020bhav.csv.zip,https://nsearchives.nseindia.com/content/historical/EQUITIES/2020/JUL/cm06JUL2020bhav.csv.zip,2020-07-06,c7f887226cb2369bcd44e35aeccf74add47a04e36fb1d4e117f75ad0f40a6dc0,72001,historical NSE legacy equity bhavcopy,NSE download manifest
data/raw/bhavcopy_legacy/cm06JUL2021bhav.csv.zip,https://nsearchives.nseindia.com/content/historical/EQUITIES/2021/JUL/cm06JUL2021bhav.csv.zip,2021-07-06,4f7f51cf699f6da41a99c7b764d49e809fd611c46d6b284cb83d813aed060d42,77641,historical NSE legacy equity bhavcopy,NSE download manifest
data/raw/bhavcopy_legacy/cm06JUL2022bhav.csv.zip,https://nsearchives.nseindia.com/content/historical/EQUITIES/2022/JUL/cm06JUL2022bhav.csv.zip,2022-07-06,5a88078f6375a4d85a244af2f7b0aaa1df016fe0cace5e2a98bb293ee3746922,82068,historical NSE legacy equity bhavcopy,NSE download manifest
data/raw/bhavcopy_legacy/cm06JUL2023bhav.csv.zip,https://nsearchives.nseindia.com/content/historical/EQUITIES/2023/JUL/cm06JUL2023bhav.csv.zip,2023-07-06,26938e24f8cbdf6982a955cfc9805d760b55911c9190b1913127cb6a46eb7e0d,92027,historical NSE legacy equity bhavcopy,NSE download manifest
data/raw/bhavcopy_legacy/cm06JUN2013bhav.csv.zip,https://nsearchives.nseindia.com/content/historical/EQUITIES/2013/JUN/cm06JUN2013bhav.csv.zip,2013-06-06,2f911886a53113aa5d64d817c4bf54de2a72be7034bc1f97c0cfacf534831434,49913,historical NSE legacy equity bhavcopy,NSE download manifest
data/raw/bhavcopy_legacy/cm06JUN2014bhav.csv.zip,https://nsearchives.nseindia.com/content/historical/EQUITIES/2014/JUN/cm06JUN2014bhav.csv.zip,2014-06-06,33876c909f58e783b0afbc88d9e75978deb7185bc4ffefdc30c8bdba2dfa5b1e,58805,historical NSE legacy equity bhavcopy,NSE download manifest
data/raw/bhavcopy_legacy/cm06JUN2016bhav.csv.zip,https://nsearchives.nseindia.com/content/historical/EQUITIES/2016/JUN/cm06JUN2016bhav.csv.zip,2016-06-06,98533736e8f92d301067d11471fa8f2a234cda73dec2db2f8a3800d9b766eba9,59073,historical NSE legacy equity bhavcopy,NSE download manifest
data/raw/bhavcopy_legacy/cm06JUN2017bhav.csv.zip,https://nsearchives.nseindia.com/content/historical/EQUITIES/2017/JUN/cm06JUN2017bhav.csv.zip,2017-06-06,47e6e3e94e5f26d58da47b2cdab57aace3545b280500d47a04745c3db77040de,63830,historical NSE legacy equity bhavcopy,NSE download manifest
data/raw/bhavcopy_legacy/cm06JUN2018bhav.csv.zip,https://nsearchives.nseindia.com/content/historical/EQUITIES/2018/JUN/cm06JUN2018bhav.csv.zip,2018-06-06,9b790621a5c497a8c18697baf4f327736d039e08c2d389344b69fa1d5bb8026a,68448,historical NSE legacy equity bhavcopy,NSE download manifest
data/raw/bhavcopy_legacy/cm06JUN2019bhav.csv.zip,https://nsearchives.nseindia.com/content/historical/EQUITIES/2019/JUN/cm06JUN2019bhav.csv.zip,2019-06-06,9839e290c98be099bacaa7564f0415c09262a4599bf10a48280ccd29a8deeac5,69595,historical NSE legacy equity bhavcopy,NSE download manifest
data/raw/bhavcopy_legacy/cm06JUN2022bhav.csv.zip,https://nsearchives.nseindia.com/content/historical/EQUITIES/2022/JUN/cm06JUN2022bhav.csv.zip,2022-06-06,2aaaa97a4c1438123ac6ef947969d1b70d187ee6f0778d57619e4bb2650b6abc,83533,historical NSE legacy equity bhavcopy,NSE download manifest
data/raw/bhavcopy_legacy/cm06JUN2023bhav.csv.zip,https://nsearchives.nseindia.com/content/historical/EQUITIES/2023/JUN/cm06JUN2023bhav.csv.zip,2023-06-06,7124c9ae3c114b61398f993dcade53be239d4e3b037ec276ae62ac2fcd138f96,90773,historical NSE legacy equity bhavcopy,NSE download manifest
data/raw/bhavcopy_legacy/cm06JUN2024bhav.csv.zip,https://nsearchives.nseindia.com/content/historical/EQUITIES/2024/JUN/cm06JUN2024bhav.csv.zip,2024-06-06,7e46e8f430bc3dbc61492c1af19982c8d777afc37a7fe00e3b974df286697b3a,103960,historical NSE legacy equity bhavcopy,NSE download manifest
data/raw/bhavcopy_legacy/cm06MAR2013bhav.csv.zip,https://nsearchives.nseindia.com/content/historical/EQUITIES/2013/MAR/cm06MAR2013bhav.csv.zip,2013-03-06,89a48a034afe5ef43663f5a53190f730f69b35f352d50814638030d66444d9c8,55173,historical NSE legacy equity bhavcopy,NSE download manifest
data/raw/bhavcopy_legacy/cm06MAR2014bhav.csv.zip,https://nsearchives.nseindia.com/content/historical/EQUITIES/2014/MAR/cm06MAR2014bhav.csv.zip,2014-03-06,bf935fbfff35f3c939169bc33d819378048ed9ba8316751d531db9acf1caccd1,54355,historical NSE legacy equity bhavcopy,NSE download manifest
data/raw/bhavcopy_legacy/cm06MAR2017bhav.csv.zip,https://nsearchives.nseindia.com/content/historical/EQUITIES/2017/MAR/cm06MAR2017bhav.csv.zip,2017-03-06,9b3de4a5ad259fc726fcb1599761a30626aeaa02da5cf92c53389b8837423dca,64190,historical NSE legacy equity bhavcopy,NSE download manifest
data/raw/bhavcopy_legacy/cm06MAR2018bhav.csv.zip,https://nsearchives.nseindia.com/content/historical/EQUITIES/2018/MAR/cm06MAR2018bhav.csv.zip,2018-03-06,9083d34b6a2cafe1c7e4f13cd7db40404f382147a00d8411b89cfca2354f64b9,68634,historical NSE legacy equity bhavcopy,NSE download manifest
data/raw/bhavcopy_legacy/cm06MAR2019bhav.csv.zip,https://nsearchives.nseindia.com/content/historical/EQUITIES/2019/MAR/cm06MAR2019bhav.csv.zip,2019-03-06,cce82e86f2388e48dde19ea8d742c20e233553e74a64c9cf5b4af16af2b136e4,70179,historical NSE legacy equity bhavcopy,NSE download manifest
data/raw/bhavcopy_legacy/cm06MAR2020bhav.csv.zip,https://nsearchives.nseindia.com/content/historical/EQUITIES/2020/MAR/cm06MAR2020bhav.csv.zip,2020-03-06,0a0725ff865a12746ca8e30b70714bc8d74ac63ddebb1fb8dee31ee42d4d6f19,70230,historical NSE legacy equity bhavcopy,NSE download manifest
data/raw/bhavcopy_legacy/cm06MAR2023bhav.csv.zip,https://nsearchives.nseindia.com/content/historical/EQUITIES/2023/MAR/cm06MAR2023bhav.csv.zip,2023-03-06,285a5aa1b81bd6f8ef7d9671a29b3658e808b2dc54aaed836dc674442c0a9873,89811,historical NSE legacy equity bhavcopy,NSE download manifest
data/raw/bhavcopy_legacy/cm06MAR2024bhav.csv.zip,https://nsearchives.nseindia.com/content/historical/EQUITIES/2024/MAR/cm06MAR2024bhav.csv.zip,2024-03-06,5fc4ba1a9421cfa4b2f6bb2657ada7fb03ad8c7557de5ae09ccffb7bdffe53f4,102071,historical NSE legacy equity bhavcopy,NSE download manifest
data/raw/bhavcopy_legacy/cm06MAY2013bhav.csv.zip,https://nsearchives.nseindia.com/content/historical/EQUITIES/2013/MAY/cm06MAY2013bhav.csv.zip,2013-05-06,b1aa9c63380f85d08c8a6af9531755fee869d041c26080b36929bc774a6cda92,50703,historical NSE legacy equity bhavcopy,NSE download manifest
data/raw/bhavcopy_legacy/cm06MAY2014bhav.csv.zip,https://nsearchives.nseindia.com/content/historical/EQUITIES/2014/MAY/cm06MAY2014bhav.csv.zip,2014-05-06,687ecef09af2b2573f79d64a926e953b28bd6bb610f7cd68f3acf4f012b6ba85,55281,historical NSE legacy equity bhavcopy,NSE download manifest
data/raw/bhavcopy_legacy/cm06MAY2015bhav.csv.zip,https://nsearchives.nseindia.com/content/historical/EQUITIES/2015/MAY/cm06MAY2015bhav.csv.zip,2015-05-06,952e635fc31e8ee9611ecdbb5dbc79371599e94839a3e0fd28a047cdb0e45c49,56741,historical NSE legacy equity bhavcopy,NSE download manifest
data/raw/bhavcopy_legacy/cm06MAY2016bhav.csv.zip,https://nsearchives.nseindia.com/content/historical/EQUITIES/2016/MAY/cm06MAY2016bhav.csv.zip,2016-05-06,a1b65bdfb7b3919467e5d439e178bc58cab0a2ff28c0cac1c044096932fae9e4,58370,historical NSE legacy equity bhavcopy,NSE download manifest
data/raw/bhavcopy_legacy/cm06MAY2019bhav.csv.zip,https://nsearchives.nseindia.com/content/historical/EQUITIES/2019/MAY/cm06MAY2019bhav.csv.zip,2019-05-06,12aa8790faa56ce560e98061e1cf23aa755e0ec058444a8ed661726b0e9a80a8,68253,historical NSE legacy equity bhavcopy,NSE download manifest
data/raw/bhavcopy_legacy/cm06MAY2020bhav.csv.zip,https://nsearchives.nseindia.com/content/historical/EQUITIES/2020/MAY/cm06MAY2020bhav.csv.zip,2020-05-06,2d4534725427b87f94db0d39c909738bc80d3ae4e607f7f5287d515360a18e96,67503,historical NSE legacy equity bhavcopy,NSE download manifest
data/raw/bhavcopy_legacy/cm06MAY2021bhav.csv.zip,https://nsearchives.nseindia.com/content/historical/EQUITIES/2021/MAY/cm06MAY2021bhav.csv.zip,2021-05-06,65433da1c01db2d5f85f4c129b0ec8ec31bfb4c80ff68850881d44cb350e35ab,74514,historical NSE legacy equity bhavcopy,NSE download manifest
data/raw/bhavcopy_legacy/cm06MAY2022bhav.csv.zip,https://nsearchives.nseindia.com/content/historical/EQUITIES/2022/MAY/cm06MAY2022bhav.csv.zip,2022-05-06,c7286386e9e489906f7fc0051a0e84fff5f7ef29470299809f528eaf3d5b5b54,83224,historical NSE legacy equity bhavcopy,NSE download manifest
data/raw/bhavcopy_legacy/cm06MAY2024bhav.csv.zip,https://nsearchives.nseindia.com/content/historical/EQUITIES/2024/MAY/cm06MAY2024bhav.csv.zip,2024-05-06,ab35e772c743c62593a13855ecc7d137410fb0201ba7c5ab3771a1b114e749ca,104286,historical NSE legacy equity bhavcopy,NSE download manifest
data/raw/bhavcopy_legacy/cm06NOV2013bhav.csv.zip,https://nsearchives.nseindia.com/content/historical/EQUITIES/2013/NOV/cm06NOV2013bhav.csv.zip,2013-11-06,cddd57854c92f8c8766724124e78eaeb6d615fc3f4047c42481b35dda2cd1c22,50062,historical NSE legacy equity bhavcopy,NSE download manifest
data/raw/bhavcopy_legacy/cm06NOV2015bhav.csv.zip,https://nsearchives.nseindia.com/content/historical/EQUITIES/2015/NOV/cm06NOV2015bhav.csv.zip,2015-11-06,063b333d38da8d42582722219bcd75ad5cb802850fbbf213a70d460361750e0e,56715,historical NSE legacy equity bhavcopy,NSE download manifest
data/raw/bhavcopy_legacy/cm06NOV2017bhav.csv.zip,https://nsearchives.nseindia.com/content/historical/EQUITIES/2017/NOV/cm06NOV2017bhav.csv.zip,2017-11-06,86d7fe454a24bfa7be0f78b224ee683b5a78154625e6401ef0282a04285827ef,67634,historical NSE legacy equity bhavcopy,NSE download manifest
data/raw/bhavcopy_legacy/cm06NOV2018bhav.csv.zip,https://nsearchives.nseindia.com/content/historical/EQUITIES/2018/NOV/cm06NOV2018bhav.csv.zip,2018-11-06,0a69df4ed91910e938c22ad8aac2cdf8679bae59a4876012e438c565deefff31,67352,historical NSE legacy equity bhavcopy,NSE download manifest
data/raw/bhavcopy_legacy/cm06NOV2019bhav.csv.zip,https://nsearchives.nseindia.com/content/historical/EQUITIES/2019/NOV/cm06NOV2019bhav.csv.zip,2019-11-06,569ac3f4be01bc0532fc3a6d174c98f60eced490b845abeeef2a52bdbbc8d3f5,68962,historical NSE legacy equity bhavcopy,NSE download manifest
data/raw/bhavcopy_legacy/cm06NOV2020bhav.csv.zip,https://nsearchives.nseindia.com/content/historical/EQUITIES/2020/NOV/cm06NOV2020bhav.csv.zip,2020-11-06,1eb42b5cf4300c460ae1533aed728c74d2c4d9da5bd46919692004b04fdabb0b,71793,historical NSE legacy equity bhavcopy,NSE download manifest
data/raw/bhavcopy_legacy/cm06NOV2023bhav.csv.zip,https://nsearchives.nseindia.com/content/historical/EQUITIES/2023/NOV/cm06NOV2023bhav.csv.zip,2023-11-06,57a6ef92fc94247ca70d9b11ca22cda072daba6cc174b05ff91171f130c37727,97188,historical NSE legacy equity bhavcopy,NSE download manifest
data/raw/bhavcopy_legacy/cm06OCT2015bhav.csv.zip,https://nsearchives.nseindia.com/content/historical/EQUITIES/2015/OCT/cm06OCT2015bhav.csv.zip,2015-10-06,512f9fbfd32940595102a536f2d555b66b0695081656ef5d8010c58c9dd935e9,57492,historical NSE legacy equity bhavcopy,NSE download manifest
data/raw/bhavcopy_legacy/cm06OCT2016bhav.csv.zip,https://nsearchives.nseindia.com/content/historical/EQUITIES/2016/OCT/cm06OCT2016bhav.csv.zip,2016-10-06,2cf284637eb8e695a98fe08d615ec13002d0fc148a95961a5f9cc872f03b5cd1,63149,historical NSE legacy equity bhavcopy,NSE download manifest
data/raw/bhavcopy_legacy/cm06OCT2017bhav.csv.zip,https://nsearchives.nseindia.com/content/historical/EQUITIES/2017/OCT/cm06OCT2017bhav.csv.zip,2017-10-06,9d29beca3c5d3867631fe73cd09bffa53343c11dc75caf02cf6a1e2453b41072,65973,historical NSE legacy equity bhavcopy,NSE download manifest
data/raw/bhavcopy_legacy/cm06OCT2020bhav.csv.zip,https://nsearchives.nseindia.com/content/historical/EQUITIES/2020/OCT/cm06OCT2020bhav.csv.zip,2020-10-06,8d3e4b8026453163d6639708cdc2d07b5e2ef2fa3ba992b3202ff0056f941134,71924,historical NSE legacy equity bhavcopy,NSE download manifest
data/raw/bhavcopy_legacy/cm06OCT2021bhav.csv.zip,https://nsearchives.nseindia.com/content/historical/EQUITIES/2021/OCT/cm06OCT2021bhav.csv.zip,2021-10-06,c830e760a91d18074c09669a991bc3eaf9d2006a66a07aee0df4a986bea942d0,80134,historical NSE legacy equity bhavcopy,NSE download manifest
data/raw/bhavcopy_legacy/cm06OCT2022bhav.csv.zip,https://nsearchives.nseindia.com/content/historical/EQUITIES/2022/OCT/cm06OCT2022bhav.csv.zip,2022-10-06,d253217f5b91ebe334c58d50a98b06826a2c065593531365d3848353b668b51b,86672,historical NSE legacy equity bhavcopy,NSE download manifest
data/raw/bhavcopy_legacy/cm06OCT2023bhav.csv.zip,https://nsearchives.nseindia.com/content/historical/EQUITIES/2023/OCT/cm06OCT2023bhav.csv.zip,2023-10-06,8da8da252693b3bff96ba7930b1444c340e911a3bd44b6f7099f55e586b3f401,95934,historical NSE legacy equity bhavcopy,NSE download manifest
data/raw/bhavcopy_legacy/cm06SEP2013bhav.csv.zip,https://nsearchives.nseindia.com/content/historical/EQUITIES/2013/SEP/cm06SEP2013bhav.csv.zip,2013-09-06,a73232b117d6775923a7a7e7718b0cc2e13ee2916313eb60d3dadf9a79e6b6b4,48534,historical NSE legacy equity bhavcopy,NSE download manifest
data/raw/bhavcopy_legacy/cm06SEP2016bhav.csv.zip,https://nsearchives.nseindia.com/content/historical/EQUITIES/2016/SEP/cm06SEP2016bhav.csv.zip,2016-09-06,0b4af2b7702cc238a7277d4cde9ca834b20b3a1f466b3aa4e5f1a39868fafba6,62313,historical NSE legacy equity bhavcopy,NSE download manifest
data/raw/bhavcopy_legacy/cm06SEP2017bhav.csv.zip,https://nsearchives.nseindia.com/content/historical/EQUITIES/2017/SEP/cm06SEP2017bhav.csv.zip,2017-09-06,b1b21c5c63e8df850dfcbe48fc33f81464ce242e493003462f6b491eb56394bb,65090,historical NSE legacy equity bhavcopy,NSE download manifest
data/raw/bhavcopy_legacy/cm06SEP2018bhav.csv.zip,https://nsearchives.nseindia.com/content/historical/EQUITIES/2018/SEP/cm06SEP2018bhav.csv.zip,2018-09-06,f631ffa6c05d2f0918ae6074bd4cf886b44ace68c535791e5b8b00cd68eb128d,68568,historical NSE legacy equity bhavcopy,NSE download manifest
data/raw/bhavcopy_legacy/cm06SEP2019bhav.csv.zip,https://nsearchives.nseindia.com/content/historical/EQUITIES/2019/SEP/cm06SEP2019bhav.csv.zip,2019-09-06,4f9fb8b22d6cb655907e577ef76dbcb6851ddfa9d10ec0de9cb41632072f9c5c,67654,historical NSE legacy equity bhavcopy,NSE download manifest
data/raw/bhavcopy_legacy/cm06SEP2021bhav.csv.zip,https://nsearchives.nseindia.com/content/historical/EQUITIES/2021/SEP/cm06SEP2021bhav.csv.zip,2021-09-06,a8fc7994345ef8b43c0b7fc3919443aab647c91f0ecc5a5fcedb389691bcaf21,79420,historical NSE legacy equity bhavcopy,NSE download manifest
data/raw/bhavcopy_legacy/cm06SEP2022bhav.csv.zip,https://nsearchives.nseindia.com/content/historical/EQUITIES/2022/SEP/cm06SEP2022bhav.csv.zip,2022-09-06,046737c0dcbec016603a6f2fdb13a07d363357744c73f34fb24a6b1a283afc39,86527,historical NSE legacy equity bhavcopy,NSE download manifest
data/raw/bhavcopy_legacy/cm06SEP2023bhav.csv.zip,https://nsearchives.nseindia.com/content/historical/EQUITIES/2023/SEP/cm06SEP2023bhav.csv.zip,2023-09-06,b69d6d9c82005e7ec2542c37426760b31263004c86cc3e9c801040ff91e66f41,95020,historical NSE legacy equity bhavcopy,NSE download manifest
data/raw/bhavcopy_legacy/cm07APR2014bhav.csv.zip,https://nsearchives.nseindia.com/content/historical/EQUITIES/2014/APR/cm07APR2014bhav.csv.zip,2014-04-07,7af673316ae73b7b19b71d599821750f3a354e411b756cf0700530ec7d8da5e8,54884,historical NSE legacy equity bhavcopy,NSE download manifest
data/raw/bhavcopy_legacy/cm07APR2015bhav.csv.zip,https://nsearchives.nseindia.com/content/historical/EQUITIES/2015/APR/cm07APR2015bhav.csv.zip,2015-04-07,29f2e719c86a94bc1943f5375b8902b8b997ef520fe43646cad3f028e5d7b2e4,57519,historical NSE legacy equity bhavcopy,NSE download manifest
data/raw/bhavcopy_legacy/cm07APR2016bhav.csv.zip,https://nsearchives.nseindia.com/content/historical/EQUITIES/2016/APR/cm07APR2016bhav.csv.zip,2016-04-07,f009c8c2ed218b0efb4b3001db3a6cf8167f7258f2a12fa9fdf8dbbba6a38267,58343,historical NSE legacy equity bhavcopy,NSE download manifest
data/raw/bhavcopy_legacy/cm07APR2017bhav.csv.zip,https://nsearchives.nseindia.com/content/historical/EQUITIES/2017/APR/cm07APR2017bhav.csv.zip,2017-04-07,abf20a65307d5ebeb6ffa28f83ae1f6c76ac363eb4ec5634960c17c5be5d2431,65781,historical NSE legacy equity bhavcopy,NSE download manifest
data/raw/bhavcopy_legacy/cm07APR2020bhav.csv.zip,https://nsearchives.nseindia.com/content/historical/EQUITIES/2020/APR/cm07APR2020bhav.csv.zip,2020-04-07,3f28db24531f7beb95c19e06180b74c5c26379507a37bec6bf2c6c12154cb918,68633,historical NSE legacy equity bhavcopy,NSE download manifest
data/raw/bhavcopy_legacy/cm07APR2021bhav.csv.zip,https://nsearchives.nseindia.com/content/historical/EQUITIES/2021/APR/cm07APR2021bhav.csv.zip,2021-04-07,86b42ce760921cb34be2a7413a23a0bec601f1eae7bde5c9562290bbf792b81d,74855,historical NSE legacy equity bhavcopy,NSE download manifest
data/raw/bhavcopy_legacy/cm07APR2022bhav.csv.zip,https://nsearchives.nseindia.com/content/historical/EQUITIES/2022/APR/cm07APR2022bhav.csv.zip,2022-04-07,b91587d515123cc9ee2d1420e8f6644d4ad5ea3d4c54c3df136c181d02530f8d,84037,historical NSE legacy equity bhavcopy,NSE download manifest
data/raw/bhavcopy_legacy/cm07AUG2013bhav.csv.zip,https://nsearchives.nseindia.com/content/historical/EQUITIES/2013/AUG/cm07AUG2013bhav.csv.zip,2013-08-07,eeb0aaf14c7cdde3c9424bd4f3efb5e794908ef3ad53aa0a7a5c675ec7c2064b,47725,historical NSE legacy equity bhavcopy,NSE download manifest
data/raw/bhavcopy_legacy/cm07AUG2014bhav.csv.zip,https://nsearchives.nseindia.com/content/historical/EQUITIES/2014/AUG/cm07AUG2014bhav.csv.zip,2014-08-07,ec865764170a85e158a8ff8a6fd9302e8cafe9fed7d6e3e334c8a4e17b428b86,57277,historical NSE legacy equity bhavcopy,NSE download manifest
data/raw/bhavcopy_legacy/cm07AUG2015bhav.csv.zip,https://nsearchives.nseindia.com/content/historical/EQUITIES/2015/AUG/cm07AUG2015bhav.csv.zip,2015-08-07,11f601ae2b62e48476e3c0204d79966702f485f07271b61d22bc4e20fbab378a,58231,historical NSE legacy equity bhavcopy,NSE download manifest
data/raw/bhavcopy_legacy/cm07AUG2017bhav.csv.zip,https://nsearchives.nseindia.com/content/historical/EQUITIES/2017/AUG/cm07AUG2017bhav.csv.zip,2017-08-07,29b1f231a285fb48000b831975a2c8fa021ee39f2ebd7733901291514efa01c6,65111,historical NSE legacy equity bhavcopy,NSE download manifest
data/raw/bhavcopy_legacy/cm07AUG2018bhav.csv.zip,https://nsearchives.nseindia.com/content/historical/EQUITIES/2018/AUG/cm07AUG2018bhav.csv.zip,2018-08-07,5023bb5bf716be4fd2025ecfeaee8c18f577b812a91e90bd00780a6b7600b1ca,69068,historical NSE legacy equity bhavcopy,NSE download manifest
data/raw/bhavcopy_legacy/cm07AUG2019bhav.csv.zip,https://nsearchives.nseindia.com/content/historical/EQUITIES/2019/AUG/cm07AUG2019bhav.csv.zip,2019-08-07,8e5d9ca95e28514ba8e7e42534bcd30dd014d63de9ac205b927ee3c5e28ffe57,68065,historical NSE legacy equity bhavcopy,NSE download manifest
data/raw/bhavcopy_legacy/cm07AUG2020bhav.csv.zip,https://nsearchives.nseindia.com/content/historical/EQUITIES/2020/AUG/cm07AUG2020bhav.csv.zip,2020-08-07,70741ca4f151f6abee1b3f8b83dbc2f7c94d6c125265e75a3f91a211711ba5bb,71258,historical NSE legacy equity bhavcopy,NSE download manifest
data/raw/bhavcopy_legacy/cm07AUG2023bhav.csv.zip,https://nsearchives.nseindia.com/content/historical/EQUITIES/2023/AUG/cm07AUG2023bhav.csv.zip,2023-08-07,3857edac8aa2ecbbceec05f42d88cac9510f11fe58a7e3c0742cf863bce50e80,94549,historical NSE legacy equity bhavcopy,NSE download manifest
data/raw/bhavcopy_legacy/cm07DEC2015bhav.csv.zip,https://nsearchives.nseindia.com/content/historical/EQUITIES/2015/DEC/cm07DEC2015bhav.csv.zip,2015-12-07,1cc5c3c92cdb4b84be00bd78ab4c0e5e2283f5c21af5b1bdaa5294d387149328,58718,historical NSE legacy equity bhavcopy,NSE download manifest
data/raw/bhavcopy_legacy/cm07DEC2016bhav.csv.zip,https://nsearchives.nseindia.com/content/historical/EQUITIES/2016/DEC/cm07DEC2016bhav.csv.zip,2016-12-07,2c9675e6dcefd2b0b0947825b2366a83e99a292720bee713c326e1cf9c7dd422,61115,historical NSE legacy equity bhavcopy,NSE download manifest
data/raw/bhavcopy_legacy/cm07DEC2017bhav.csv.zip,https://nsearchives.nseindia.com/content/historical/EQUITIES/2017/DEC/cm07DEC2017bhav.csv.zip,2017-12-07,ead3ea26f412055f9822a40eb1ff1c087dece5ae16963525351d75b124b1baa2,67333,historical NSE legacy equity bhavcopy,NSE download manifest
data/raw/bhavcopy_legacy/cm07DEC2018bhav.csv.zip,https://nsearchives.nseindia.com/content/historical/EQUITIES/2018/DEC/cm07DEC2018bhav.csv.zip,2018-12-07,b277d0e8e235fbe4afa837039f59ae2c4c9079bc1fd5ffa88071e5306707994f,67048,historical NSE legacy equity bhavcopy,NSE download manifest
data/raw/bhavcopy_legacy/cm07DEC2020bhav.csv.zip,https://nsearchives.nseindia.com/content/historical/EQUITIES/2020/DEC/cm07DEC2020bhav.csv.zip,2020-12-07,9c5b10e05a84b017e6ed4032cba34ee2d3783994e8b1c84bfce14f60a281bf88,74664,historical NSE legacy equity bhavcopy,NSE download manifest
data/raw/bhavcopy_legacy/cm07DEC2021bhav.csv.zip,https://nsearchives.nseindia.com/content/historical/EQUITIES/2021/DEC/cm07DEC2021bhav.csv.zip,2021-12-07,a22b137af8bee130da18f96aad8cdaca0e2c2e41455d17166416df39e6f8b749,80191,historical NSE legacy equity bhavcopy,NSE download manifest
data/raw/bhavcopy_legacy/cm07DEC2022bhav.csv.zip,https://nsearchives.nseindia.com/content/historical/EQUITIES/2022/DEC/cm07DEC2022bhav.csv.zip,2022-12-07,51075c8f9d2e28ccd7bcc1f56652f2dffec7acab6478dc238dd7bac618b83820,87733,historical NSE legacy equity bhavcopy,NSE download manifest
data/raw/bhavcopy_legacy/cm07DEC2023bhav.csv.zip,https://nsearchives.nseindia.com/content/historical/EQUITIES/2023/DEC/cm07DEC2023bhav.csv.zip,2023-12-07,0bee2fe328c02215cca2b794dbdfd29808a262ad60dbcb4655be4a6847768086,98074,historical NSE legacy equity bhavcopy,NSE download manifest
data/raw/bhavcopy_legacy/cm07FEB2013bhav.csv.zip,https://nsearchives.nseindia.com/content/historical/EQUITIES/2013/FEB/cm07FEB2013bhav.csv.zip,2013-02-07,63f7e26e0c993fbfd237744ef74a561b069b8d03c2adb84bba9873e10d40e4b3,55360,historical NSE legacy equity bhavcopy,NSE download manifest
data/raw/bhavcopy_legacy/cm07FEB2014bhav.csv.zip,https://nsearchives.nseindia.com/content/historical/EQUITIES/2014/FEB/cm07FEB2014bhav.csv.zip,2014-02-07,4f5023cefe8eaaa651790b17c9ba2bfdaea4cc81e8d84c7db8523e2fc54365b5,52540,historical NSE legacy equity bhavcopy,NSE download manifest
data/raw/bhavcopy_legacy/cm07FEB2017bhav.csv.zip,https://nsearchives.nseindia.com/content/historical/EQUITIES/2017/FEB/cm07FEB2017bhav.csv.zip,2017-02-07,2dbfe35585047e5697ba1312d8ed20a6ec5d6f668fdc9b56688537572c1be5d2,64038,historical NSE legacy equity bhavcopy,NSE download manifest
data/raw/bhavcopy_legacy/cm07FEB2018bhav.csv.zip,https://nsearchives.nseindia.com/content/historical/EQUITIES/2018/FEB/cm07FEB2018bhav.csv.zip,2018-02-07,2e836ca040fc27a718fb9dfdab5c690595cbd85924e076b2ae8fd2eb957c03fd,68258,historical NSE legacy equity bhavcopy,NSE download manifest
data/raw/bhavcopy_legacy/cm07FEB2019bhav.csv.zip,https://nsearchives.nseindia.com/content/historical/EQUITIES/2019/FEB/cm07FEB2019bhav.csv.zip,2019-02-07,85caaf7a8ae6c294c8e63d8c64d8ae7ab99aeeeb5778dcd068a79c88e3e4d598,67802,historical NSE legacy equity bhavcopy,NSE download manifest
data/raw/bhavcopy_legacy/cm07FEB2020bhav.csv.zip,https://nsearchives.nseindia.com/content/historical/EQUITIES/2020/FEB/cm07FEB2020bhav.csv.zip,2020-02-07,b753923f20c459cf0a1273135b02de5cb47d1054f6555b37b01e2d109cc9b212,69009,historical NSE legacy equity bhavcopy,NSE download manifest
data/raw/bhavcopy_legacy/cm07FEB2022bhav.csv.zip,https://nsearchives.nseindia.com/content/historical/EQUITIES/2022/FEB/cm07FEB2022bhav.csv.zip,2022-02-07,93b1e83525153adb64f93c752918905667deace9a2076b0488fb515d13e63f1d,83728,historical NSE legacy equity bhavcopy,NSE download manifest
data/raw/bhavcopy_legacy/cm07FEB2023bhav.csv.zip,https://nsearchives.nseindia.com/content/historical/EQUITIES/2023/FEB/cm07FEB2023bhav.csv.zip,2023-02-07,6909be476f30518ebe84ba8428356494aed76bf9475a98aa6603760b2a202486,87914,historical NSE legacy equity bhavcopy,NSE download manifest
data/raw/bhavcopy_legacy/cm07FEB2024bhav.csv.zip,https://nsearchives.nseindia.com/content/historical/EQUITIES/2024/FEB/cm07FEB2024bhav.csv.zip,2024-02-07,f00fd07e4f86ae2b8bc8e997ad750da719640b09af3e427ba41b2df42213fe32,101844,historical NSE legacy equity bhavcopy,NSE download manifest
data/raw/bhavcopy_legacy/cm07JAN2013bhav.csv.zip,https://nsearchives.nseindia.com/content/historical/EQUITIES/2013/JAN/cm07JAN2013bhav.csv.zip,2013-01-07,dc7753048b024eb92e0219516547d5ed5d92e4cbe05fd346ecf0f8c685df1393,56944,historical NSE legacy equity bhavcopy,NSE download manifest
data/raw/bhavcopy_legacy/cm07JAN2014bhav.csv.zip,https://nsearchives.nseindia.com/content/historical/EQUITIES/2014/JAN/cm07JAN2014bhav.csv.zip,2014-01-07,20193b0232c6742a77b662e5865c26d27e1e35e499494678e21db9cae2383e3f,50834,historical NSE legacy equity bhavcopy,NSE download manifest
data/raw/bhavcopy_legacy/cm07JAN2015bhav.csv.zip,https://nsearchives.nseindia.com/content/historical/EQUITIES/2015/JAN/cm07JAN2015bhav.csv.zip,2015-01-07,19f2d168a29a1b82aaf11761949f121b8b3481ac1de9ac10348397e98c7a4937,57987,historical NSE legacy equity bhavcopy,NSE download manifest
data/raw/bhavcopy_legacy/cm07JAN2016bhav.csv.zip,https://nsearchives.nseindia.com/content/historical/EQUITIES/2016/JAN/cm07JAN2016bhav.csv.zip,2016-01-07,6f7b1d80027c306317cc8d78409ff5978caff4ebe8cde12e095eb5ad8566cebb,60107,historical NSE legacy equity bhavcopy,NSE download manifest
data/raw/bhavcopy_legacy/cm07JAN2019bhav.csv.zip,https://nsearchives.nseindia.com/content/historical/EQUITIES/2019/JAN/cm07JAN2019bhav.csv.zip,2019-01-07,7dd8186078cf9dfdea1bfcb8dc20f66e39e23dc7b1cf07af4387584e4afe7bc5,68549,historical NSE legacy equity bhavcopy,NSE download manifest
data/raw/bhavcopy_legacy/cm07JAN2020bhav.csv.zip,https://nsearchives.nseindia.com/content/historical/EQUITIES/2020/JAN/cm07JAN2020bhav.csv.zip,2020-01-07,fb0a3bdc8a8ad41ba6562548b8470b51e7b30362c505d0d4878d0350c15be884,69341,historical NSE legacy equity bhavcopy,NSE download manifest
data/raw/bhavcopy_legacy/cm07JAN2021bhav.csv.zip,https://nsearchives.nseindia.com/content/historical/EQUITIES/2021/JAN/cm07JAN2021bhav.csv.zip,2021-01-07,98da9f52f072f319a0f77c515584bfeb3e8b60442275962e2ea164ef8703360b,75001,historical NSE legacy equity bhavcopy,NSE download manifest
data/raw/bhavcopy_legacy/cm07JAN2022bhav.csv.zip,https://nsearchives.nseindia.com/content/historical/EQUITIES/2022/JAN/cm07JAN2022bhav.csv.zip,2022-01-07,982fbce0b7ea5f98c9df9c7a383c447e00ead26029d4b692d020089b8bfb4b43,82173,historical NSE legacy equity bhavcopy,NSE download manifest
data/raw/bhavcopy_legacy/cm07JUL2014bhav.csv.zip,https://nsearchives.nseindia.com/content/historical/EQUITIES/2014/JUL/cm07JUL2014bhav.csv.zip,2014-07-07,60602870af068a1e4a4c337020fcaf0a7a62165cab557a806e90a04694b1c26d,58582,historical NSE legacy equity bhavcopy,NSE download manifest
data/raw/bhavcopy_legacy/cm07JUL2015bhav.csv.zip,https://nsearchives.nseindia.com/content/historical/EQUITIES/2015/JUL/cm07JUL2015bhav.csv.zip,2015-07-07,9b3f63e2b990c982cdf47495864259e2b1bd361d524304dae69dda37ee45ab63,57895,historical NSE legacy equity bhavcopy,NSE download manifest
data/raw/bhavcopy_legacy/cm07JUL2016bhav.csv.zip,https://nsearchives.nseindia.com/content/historical/EQUITIES/2016/JUL/cm07JUL2016bhav.csv.zip,2016-07-07,3ea4220450de2f850bff1033edaad5e89999dea86e7fe5a3c8dda4812cf1a13e,61910,historical NSE legacy equity bhavcopy,NSE download manifest
data/raw/bhavcopy_legacy/cm07JUL2017bhav.csv.zip,https://nsearchives.nseindia.com/content/historical/EQUITIES/2017/JUL/cm07JUL2017bhav.csv.zip,2017-07-07,5dbfb7c1bb9061798378b043b3b112e3b9d1ad5348f6547e155929a590a91ace,65213,historical NSE legacy equity bhavcopy,NSE download manifest
data/raw/bhavcopy_legacy/cm07JUL2020bhav.csv.zip,https://nsearchives.nseindia.com/content/historical/EQUITIES/2020/JUL/cm07JUL2020bhav.csv.zip,2020-07-07,7d68b0fb5a5867c78e5644c8b77c5be3a5411a461edfbed44eb914c4a268f1c9,71021,historical NSE legacy equity bhavcopy,NSE download manifest
data/raw/bhavcopy_legacy/cm07JUL2021bhav.csv.zip,https://nsearchives.nseindia.com/content/historical/EQUITIES/2021/JUL/cm07JUL2021bhav.csv.zip,2021-07-07,dced2c7e075b626e07adf7563acd27699919582110dd2e59c64d0efd3c664a60,77212,historical NSE legacy equity bhavcopy,NSE download manifest
data/raw/bhavcopy_legacy/cm07JUL2022bhav.csv.zip,https://nsearchives.nseindia.com/content/historical/EQUITIES/2022/JUL/cm07JUL2022bhav.csv.zip,2022-07-07,fce90cd60a655597c282145d15df7de4b4eef50925d7563caa5e4b6f36c2c3fd,82215,historical NSE legacy equity bhavcopy,NSE download manifest
data/raw/bhavcopy_legacy/cm07JUL2023bhav.csv.zip,https://nsearchives.nseindia.com/content/historical/EQUITIES/2023/JUL/cm07JUL2023bhav.csv.zip,2023-07-07,598411427ca798122e98e9b736f4d18980eea1e991ab646132cb5b0262ae5e0a,91721,historical NSE legacy equity bhavcopy,NSE download manifest
data/raw/bhavcopy_legacy/cm07JUN2013bhav.csv.zip,https://nsearchives.nseindia.com/content/historical/EQUITIES/2013/JUN/cm07JUN2013bhav.csv.zip,2013-06-07,a2fefef105703faad525e03f429a8138e702de420e709663c54451eb3db64e20,50504,historical NSE legacy equity bhavcopy,NSE download manifest
data/raw/bhavcopy_legacy/cm07JUN2016bhav.csv.zip,https://nsearchives.nseindia.com/content/historical/EQUITIES/2016/JUN/cm07JUN2016bhav.csv.zip,2016-06-07,d7ea295d4d0c828bd0e88ccb9d0459920a1fdc6b6f2cf30b5cc0a7b2bf2c0fd2,59138,historical NSE legacy equity bhavcopy,NSE download manifest
data/raw/bhavcopy_legacy/cm07JUN2017bhav.csv.zip,https://nsearchives.nseindia.com/content/historical/EQUITIES/2017/JUN/cm07JUN2017bhav.csv.zip,2017-06-07,67da711b9919934210df14e8005ce9678d2e55833c224265ff9659df3724b88b,64398,historical NSE legacy equity bhavcopy,NSE download manifest
data/raw/bhavcopy_legacy/cm07JUN2018bhav.csv.zip,https://nsearchives.nseindia.com/content/historical/EQUITIES/2018/JUN/cm07JUN2018bhav.csv.zip,2018-06-07,92904bca00928b588bc5090bbae7850c700ff5149b25e9a77d43d1c35c4e0058,68401,historical NSE legacy equity bhavcopy,NSE download manifest
data/raw/bhavcopy_legacy/cm07JUN2019bhav.csv.zip,https://nsearchives.nseindia.com/content/historical/EQUITIES/2019/JUN/cm07JUN2019bhav.csv.zip,2019-06-07,9d2cd69dc22169db31cfb620e2daf37be75dee5b2a7f22b261ad7a92e9bfb733,68898,historical NSE legacy equity bhavcopy,NSE download manifest
data/raw/bhavcopy_legacy/cm07JUN2021bhav.csv.zip,https://nsearchives.nseindia.com/content/historical/EQUITIES/2021/JUN/cm07JUN2021bhav.csv.zip,2021-06-07,449a3d5c3659913afbbed5c0b88182b519953c4487f73dc4af853926d716fec1,79285,historical NSE legacy equity bhavcopy,NSE download manifest
data/raw/bhavcopy_legacy/cm07JUN2022bhav.csv.zip,https://nsearchives.nseindia.com/content/historical/EQUITIES/2022/JUN/cm07JUN2022bhav.csv.zip,2022-06-07,1825e6a6f5aa73cfaa80b8e7b73ab4e47a5725917deda245a836b9093b289c0a,82548,historical NSE legacy equity bhavcopy,NSE download manifest
data/raw/bhavcopy_legacy/cm07JUN2023bhav.csv.zip,https://nsearchives.nseindia.com/content/historical/EQUITIES/2023/JUN/cm07JUN2023bhav.csv.zip,2023-06-07,ab0245cca742dc628be11ce7aa1aa5c2bf1f29596b54b9c859b67faaf3afec9d,91788,historical NSE legacy equity bhavcopy,NSE download manifest
data/raw/bhavcopy_legacy/cm07JUN2024bhav.csv.zip,https://nsearchives.nseindia.com/content/historical/EQUITIES/2024/JUN/cm07JUN2024bhav.csv.zip,2024-06-07,ad4f7f014bb03b1230d861110ea771cb2e52845e2a3202da6da44ce883b572cd,104933,historical NSE legacy equity bhavcopy,NSE download manifest
data/raw/bhavcopy_legacy/cm07MAR2013bhav.csv.zip,https://nsearchives.nseindia.com/content/historical/EQUITIES/2013/MAR/cm07MAR2013bhav.csv.zip,2013-03-07,526fdedd250a508655334cf1703d275b49fa8b6bffc0bd70d569bfd9b7eb9487,54482,historical NSE legacy equity bhavcopy,NSE download manifest
data/raw/bhavcopy_legacy/cm07MAR2014bhav.csv.zip,https://nsearchives.nseindia.com/content/historical/EQUITIES/2014/MAR/cm07MAR2014bhav.csv.zip,2014-03-07,ce14316259cfce7a0216b5083ae9a2a88eaa6ed87c4024ef45809549835a247c,55277,historical NSE legacy equity bhavcopy,NSE download manifest
data/raw/bhavcopy_legacy/cm07MAR2017bhav.csv.zip,https://nsearchives.nseindia.com/content/historical/EQUITIES/2017/MAR/cm07MAR2017bhav.csv.zip,2017-03-07,2364f4a9f473823d1dcee6f7985b3e7cf8c7e94f9db7105a8fc6ec40be26f690,63370,historical NSE legacy equity bhavcopy,NSE download manifest
data/raw/bhavcopy_legacy/cm07MAR2018bhav.csv.zip,https://nsearchives.nseindia.com/content/historical/EQUITIES/2018/MAR/cm07MAR2018bhav.csv.zip,2018-03-07,d98f30bb0cc65b7ae08fb0e551f97fc1876ac5de066f977242dbeb4684dd1228,68784,historical NSE legacy equity bhavcopy,NSE download manifest
data/raw/bhavcopy_legacy/cm07MAR2019bhav.csv.zip,https://nsearchives.nseindia.com/content/historical/EQUITIES/2019/MAR/cm07MAR2019bhav.csv.zip,2019-03-07,1d9f056408202bce7d5d0047970bfe9689e24ecd6fa0a41016b49a56d0559a58,68776,historical NSE legacy equity bhavcopy,NSE download manifest
data/raw/bhavcopy_legacy/cm07MAR2022bhav.csv.zip,https://nsearchives.nseindia.com/content/historical/EQUITIES/2022/MAR/cm07MAR2022bhav.csv.zip,2022-03-07,bde0ff7cf136cb91492d2ab98f3134ba4836235e143b12a8540623064d897135,83945,historical NSE legacy equity bhavcopy,NSE download manifest
data/raw/bhavcopy_legacy/cm07MAR2024bhav.csv.zip,https://nsearchives.nseindia.com/content/historical/EQUITIES/2024/MAR/cm07MAR2024bhav.csv.zip,2024-03-07,c730233dc3eb8a7286c0523ac3e105ef3d8fe8a0e5e1684ce477950f90868bf4,101570,historical NSE legacy equity bhavcopy,NSE download manifest
data/raw/bhavcopy_legacy/cm07MAY2013bhav.csv.zip,https://nsearchives.nseindia.com/content/historical/EQUITIES/2013/MAY/cm07MAY2013bhav.csv.zip,2013-05-07,fbc3bc6d4b9a2128aa9a073560864931a1e381555dc00b3c72cd97208d82dfa1,50947,historical NSE legacy equity bhavcopy,NSE download manifest
data/raw/bhavcopy_legacy/cm07MAY2014bhav.csv.zip,https://nsearchives.nseindia.com/content/historical/EQUITIES/2014/MAY/cm07MAY2014bhav.csv.zip,2014-05-07,bc114436af710315e70236996e36952d6c6ba45030ba38943157d3d8a05ae1c2,54864,historical NSE legacy equity bhavcopy,NSE download manifest
data/raw/bhavcopy_legacy/cm07MAY2015bhav.csv.zip,https://nsearchives.nseindia.com/content/historical/EQUITIES/2015/MAY/cm07MAY2015bhav.csv.zip,2015-05-07,caa0c176940f9a47b5671121af50af2bff1610df267aff0845f6506b09fee2ec,56500,historical NSE legacy equity bhavcopy,NSE download manifest
data/raw/bhavcopy_legacy/cm07MAY2018bhav.csv.zip,https://nsearchives.nseindia.com/content/historical/EQUITIES/2018/MAY/cm07MAY2018bhav.csv.zip,2018-05-07,e724b366a97d1a06aee95be63ce4f0ba5dd9eff16b699d060c8ad21710791623,68875,historical NSE legacy equity bhavcopy,NSE download manifest
data/raw/bhavcopy_legacy/cm07MAY2019bhav.csv.zip,https://nsearchives.nseindia.com/content/historical/EQUITIES/2019/MAY/cm07MAY2019bhav.csv.zip,2019-05-07,765260c98dce79b4921aecdbc1596138f5d636de2e418eccc5066fc0e8ef78d8,69034,historical NSE legacy equity bhavcopy,NSE download manifest
data/raw/bhavcopy_legacy/cm07MAY2020bhav.csv.zip,https://nsearchives.nseindia.com/content/historical/EQUITIES/2020/MAY/cm07MAY2020bhav.csv.zip,2020-05-07,8fa9a2a01e8a2f7e3e4ed1ae74cc26d334e88a2e0f906882220a3d8d56eb0172,66984,historical NSE legacy equity bhavcopy,NSE download manifest
data/raw/bhavcopy_legacy/cm07MAY2021bhav.csv.zip,https://nsearchives.nseindia.com/content/historical/EQUITIES/2021/MAY/cm07MAY2021bhav.csv.zip,2021-05-07,ecddee480bce0a002638902b450f33390f2dd8cd0ce45d7972dc85ed88f6006a,75556,historical NSE legacy equity bhavcopy,NSE download manifest
data/raw/bhavcopy_legacy/cm07MAY2024bhav.csv.zip,https://nsearchives.nseindia.com/content/historical/EQUITIES/2024/MAY/cm07MAY2024bhav.csv.zip,2024-05-07,02351fdee670f036a8a0c49e92956e282006b825067dbc8625d23563e742a0f5,103213,historical NSE legacy equity bhavcopy,NSE download manifest
data/raw/bhavcopy_legacy/cm07NOV2013bhav.csv.zip,https://nsearchives.nseindia.com/content/historical/EQUITIES/2013/NOV/cm07NOV2013bhav.csv.zip,2013-11-07,4a08deb0dbfe22430753df0d486527e58a7afb2b8c64f6d09662b95684f8c34d,50290,historical NSE legacy equity bhavcopy,NSE download manifest
data/raw/bhavcopy_legacy/cm07NOV2014bhav.csv.zip,https://nsearchives.nseindia.com/content/historical/EQUITIES/2014/NOV/cm07NOV2014bhav.csv.zip,2014-11-07,e59b1b29ae6caade9b1269fb6ed018acb746412750789a681c73e4beabff175e,58864,historical NSE legacy equity bhavcopy,NSE download manifest
data/raw/bhavcopy_legacy/cm07NOV2016bhav.csv.zip,https://nsearchives.nseindia.com/content/historical/EQUITIES/2016/NOV/cm07NOV2016bhav.csv.zip,2016-11-07,219f337dec6f4df38f6da461970d9107fc3afc1f39b6f8a0f0ebee2839893dff,62721,historical NSE legacy equity bhavcopy,NSE download manifest
data/raw/bhavcopy_legacy/cm07NOV2017bhav.csv.zip,https://nsearchives.nseindia.com/content/historical/EQUITIES/2017/NOV/cm07NOV2017bhav.csv.zip,2017-11-07,3840d2b9c0419b6c97c0c4dd7f4ce3c0ae5e3bd24c2728046e909d608726f2ac,67510,historical NSE legacy equity bhavcopy,NSE download manifest
data/raw/bhavcopy_legacy/cm07NOV2018bhav.csv.zip,https://nsearchives.nseindia.com/content/historical/EQUITIES/2018/NOV/cm07NOV2018bhav.csv.zip,2018-11-07,34cb7742d962b69efaf6da9606dbd0386a0361c884bddfc63c3248a4d9c2b939,62014,historical NSE legacy equity bhavcopy,NSE download manifest
data/raw/bhavcopy_legacy/cm07NOV2019bhav.csv.zip,https://nsearchives.nseindia.com/content/historical/EQUITIES/2019/NOV/cm07NOV2019bhav.csv.zip,2019-11-07,2e2f19b259f9c1cd5396124b9e10c7eee6af9744ad022cfc1622e727ce93aab0,68359,historical NSE legacy equity bhavcopy,NSE download manifest
data/raw/bhavcopy_legacy/cm07NOV2022bhav.csv.zip,https://nsearchives.nseindia.com/content/historical/EQUITIES/2022/NOV/cm07NOV2022bhav.csv.zip,2022-11-07,8c0bb891f8e1577831ba81fad1e9e4e103f9ea709510db0a4e2b657bdf1cb439,87840,historical NSE legacy equity bhavcopy,NSE download manifest
data/raw/bhavcopy_legacy/cm07NOV2023bhav.csv.zip,https://nsearchives.nseindia.com/content/historical/EQUITIES/2023/NOV/cm07NOV2023bhav.csv.zip,2023-11-07,5d11fd11d76195bf593ed4a87b89d7579c578246406b422e362ed6d770859911,96067,historical NSE legacy equity bhavcopy,NSE download manifest
data/raw/bhavcopy_legacy/cm07OCT2013bhav.csv.zip,https://nsearchives.nseindia.com/content/historical/EQUITIES/2013/OCT/cm07OCT2013bhav.csv.zip,2013-10-07,acd3aeb0b5df24896ef49aa565ccdb497abe345da84ec9466d6c1d0c3c98e67d,46910,historical NSE legacy equity bhavcopy,NSE download manifest
data/raw/bhavcopy_legacy/cm07OCT2014bhav.csv.zip,https://nsearchives.nseindia.com/content/historical/EQUITIES/2014/OCT/cm07OCT2014bhav.csv.zip,2014-10-07,246a14306cb503489ef791b924686ce7c9461a3dfcd156aa33b86533ca261fb3,58048,historical NSE legacy equity bhavcopy,NSE download manifest
data/raw/bhavcopy_legacy/cm07OCT2015bhav.csv.zip,https://nsearchives.nseindia.com/content/historical/EQUITIES/2015/OCT/cm07OCT2015bhav.csv.zip,2015-10-07,5bf12c923a4fdae35c64b42db565f61869e6ab9b76cfe6b78a47a7d6fba5b275,57825,historical NSE legacy equity bhavcopy,NSE download manifest
data/raw/bhavcopy_legacy/cm07OCT2016bhav.csv.zip,https://nsearchives.nseindia.com/content/historical/EQUITIES/2016/OCT/cm07OCT2016bhav.csv.zip,2016-10-07,c58f9537b877179ec8193c1e2fd6a9ffa332a29a6e51c26e0cb8f5df319db013,62432,historical NSE legacy equity bhavcopy,NSE download manifest
data/raw/bhavcopy_legacy/cm07OCT2019bhav.csv.zip,https://nsearchives.nseindia.com/content/historical/EQUITIES/2019/OCT/cm07OCT2019bhav.csv.zip,2019-10-07,3320f4da5fbb57adc953d5af57a648d100b98150c33d04cbf1de556c44bb3f07,68583,historical NSE legacy equity bhavcopy,NSE download manifest
data/raw/bhavcopy_legacy/cm07OCT2020bhav.csv.zip,https://nsearchives.nseindia.com/content/historical/EQUITIES/2020/OCT/cm07OCT2020bhav.csv.zip,2020-10-07,8719ec9778835422068794df37b94b7bfc0bd98c22619b1e053db16cb2616f8c,71956,historical NSE legacy equity bhavcopy,NSE download manifest
data/raw/bhavcopy_legacy/cm07OCT2021bhav.csv.zip,https://nsearchives.nseindia.com/content/historical/EQUITIES/2021/OCT/cm07OCT2021bhav.csv.zip,2021-10-07,cfc9c574686bd97fb846ed703893a0643a9d53cd973ace41d513efd3d21e5efd,79721,historical NSE legacy equity bhavcopy,NSE download manifest
data/raw/bhavcopy_legacy/cm07OCT2022bhav.csv.zip,https://nsearchives.nseindia.com/content/historical/EQUITIES/2022/OCT/cm07OCT2022bhav.csv.zip,2022-10-07,758b6010a1013997a66dff867312e319ab42ff243de3306982886e51f9c2c485,85353,historical NSE legacy equity bhavcopy,NSE download manifest
data/raw/bhavcopy_legacy/cm07SEP2015bhav.csv.zip,https://nsearchives.nseindia.com/content/historical/EQUITIES/2015/SEP/cm07SEP2015bhav.csv.zip,2015-09-07,fbe089b6584d1fafa736182514c0a8a0c658127d3b291c829b21e39267846274,57143,historical NSE legacy equity bhavcopy,NSE download manifest
data/raw/bhavcopy_legacy/cm07SEP2016bhav.csv.zip,https://nsearchives.nseindia.com/content/historical/EQUITIES/2016/SEP/cm07SEP2016bhav.csv.zip,2016-09-07,b3cf8eed2deecdf468f0249870e4b0869aac49f3a4c38e93edbddd53f1c4a604,62410,historical NSE legacy equity bhavcopy,NSE download manifest
data/raw/bhavcopy_legacy/cm07SEP2017bhav.csv.zip,https://nsearchives.nseindia.com/content/historical/EQUITIES/2017/SEP/cm07SEP2017bhav.csv.zip,2017-09-07,90de686d2082617a8e1892460df5dd5ce5f3013c303fb156677ffaacee339316,65538,historical NSE legacy equity bhavcopy,NSE download manifest
data/raw/bhavcopy_legacy/cm07SEP2018bhav.csv.zip,https://nsearchives.nseindia.com/content/historical/EQUITIES/2018/SEP/cm07SEP2018bhav.csv.zip,2018-09-07,fdad7799d78ece24479008144e53e7d2f9c1f8ea455652620640091db2588939,69610,historical NSE legacy equity bhavcopy,NSE download manifest
data/raw/bhavcopy_legacy/cm07SEP2020bhav.csv.zip,https://nsearchives.nseindia.com/content/historical/EQUITIES/2020/SEP/cm07SEP2020bhav.csv.zip,2020-09-07,ae37723ff8b1baf6a9d43ad1a378cc5aa6c4413c5a682eb74e387057b3812508,70857,historical NSE legacy equity bhavcopy,NSE download manifest
data/raw/bhavcopy_legacy/cm07SEP2021bhav.csv.zip,https://nsearchives.nseindia.com/content/historical/EQUITIES/2021/SEP/cm07SEP2021bhav.csv.zip,2021-09-07,2390b05c736363fbae19accdb75513273cb533dff3c4ccfa9d8624d266d85f28,77767,historical NSE legacy equity bhavcopy,NSE download manifest
data/raw/bhavcopy_legacy/cm07SEP2022bhav.csv.zip,https://nsearchives.nseindia.com/content/historical/EQUITIES/2022/SEP/cm07SEP2022bhav.csv.zip,2022-09-07,f56a2258517cf6ac0bf54c6287d5517dd5e98596754eea4f1638823c19b15e7f,85941,historical NSE legacy equity bhavcopy,NSE download manifest
data/raw/bhavcopy_legacy/cm07SEP2023bhav.csv.zip,https://nsearchives.nseindia.com/content/historical/EQUITIES/2023/SEP/cm07SEP2023bhav.csv.zip,2023-09-07,984470fb151369a7b11ac473cb37e7a64f25d150a553d37b68c082578dc090d4,95158,historical NSE legacy equity bhavcopy,NSE download manifest
data/raw/bhavcopy_legacy/cm08APR2013bhav.csv.zip,https://nsearchives.nseindia.com/content/historical/EQUITIES/2013/APR/cm08APR2013bhav.csv.zip,2013-04-08,bf392ca02496a08c0efb6f73bf65112ad46329ad60367aa1845ec5617b7bb60d,49212,historical NSE legacy equity bhavcopy,NSE download manifest
data/raw/bhavcopy_legacy/cm08APR2015bhav.csv.zip,https://nsearchives.nseindia.com/content/historical/EQUITIES/2015/APR/cm08APR2015bhav.csv.zip,2015-04-08,724153fb9e92fb74c5dae5dcb968f9c9f5e759e3618593311bf4dc7584827a19,57695,historical NSE legacy equity bhavcopy,NSE download manifest
data/raw/bhavcopy_legacy/cm08APR2016bhav.csv.zip,https://nsearchives.nseindia.com/content/historical/EQUITIES/2016/APR/cm08APR2016bhav.csv.zip,2016-04-08,dad5330bfa2760ea1e69a718e6048c36999c31bd5cfb60179375c65613e88abe,58350,historical NSE legacy equity bhavcopy,NSE download manifest
data/raw/bhavcopy_legacy/cm08APR2019bhav.csv.zip,https://nsearchives.nseindia.com/content/historical/EQUITIES/2019/APR/cm08APR2019bhav.csv.zip,2019-04-08,1a1127ae885d5e486e1f6e0ac63531dab48ade5a0ebe354ece2da3af73e6d178,68756,historical NSE legacy equity bhavcopy,NSE download manifest
data/raw/bhavcopy_legacy/cm08APR2020bhav.csv.zip,https://nsearchives.nseindia.com/content/historical/EQUITIES/2020/APR/cm08APR2020bhav.csv.zip,2020-04-08,40c5ebc78dad940664af3611aeff6129eea7f9a6e8214278456bb89f69b0f24e,67852,historical NSE legacy equity bhavcopy,NSE download manifest
data/raw/bhavcopy_legacy/cm08APR2021bhav.csv.zip,https://nsearchives.nseindia.com/content/historical/EQUITIES/2021/APR/cm08APR2021bhav.csv.zip,2021-04-08,045ee1895e68bba420d50baacea39cdaea3566cbe282ae27087f25af9d5eca80,75803,historical NSE legacy equity bhavcopy,NSE download manifest
data/raw/bhavcopy_legacy/cm08APR2022bhav.csv.zip,https://nsearchives.nseindia.com/content/historical/EQUITIES/2022/APR/cm08APR2022bhav.csv.zip,2022-04-08,5ed4eb68c5eb15090c94e78b3c07972eac509a46e8b4da61bcd1503bb3d7ec0e,84024,historical NSE legacy equity bhavcopy,NSE download manifest
data/raw/bhavcopy_legacy/cm08APR2024bhav.csv.zip,https://nsearchives.nseindia.com/content/historical/EQUITIES/2024/APR/cm08APR2024bhav.csv.zip,2024-04-08,c9356dd9d372deec5eb32073c69b3f66c2e3aebdb8124c3f3983834c75807e1e,102748,historical NSE legacy equity bhavcopy,NSE download manifest
data/raw/bhavcopy_legacy/cm08AUG2013bhav.csv.zip,https://nsearchives.nseindia.com/content/historical/EQUITIES/2013/AUG/cm08AUG2013bhav.csv.zip,2013-08-08,09c8e5cf9fb2a5d2f1b952c5055c84a08e2dea3b4e0071ce225511395f5c8d74,47899,historical NSE legacy equity bhavcopy,NSE download manifest
data/raw/bhavcopy_legacy/cm08AUG2014bhav.csv.zip,https://nsearchives.nseindia.com/content/historical/EQUITIES/2014/AUG/cm08AUG2014bhav.csv.zip,2014-08-08,31e3c751db38c6594ff939fc248ff636ca020713072aac2e19fa77549dfe591f,57353,historical NSE legacy equity bhavcopy,NSE download manifest
data/raw/bhavcopy_legacy/cm08AUG2016bhav.csv.zip,https://nsearchives.nseindia.com/content/historical/EQUITIES/2016/AUG/cm08AUG2016bhav.csv.zip,2016-08-08,962ad84c1a02c9761a849437abe74a292001489ae75144063f2bae0ca5df3054,62159,historical NSE legacy equity bhavcopy,NSE download manifest
data/raw/bhavcopy_legacy/cm08AUG2017bhav.csv.zip,https://nsearchives.nseindia.com/content/historical/EQUITIES/2017/AUG/cm08AUG2017bhav.csv.zip,2017-08-08,ea541516ffe63988aa245ca480351e12831473becbfa8adb45a9071f114364a1,64588,historical NSE legacy equity bhavcopy,NSE download manifest
data/raw/bhavcopy_legacy/cm08AUG2018bhav.csv.zip,https://nsearchives.nseindia.com/content/historical/EQUITIES/2018/AUG/cm08AUG2018bhav.csv.zip,2018-08-08,2b7c8cb45d64ca312c1708826b4cc6fc3a11cd7e8fdb275188154fa6a7e20249,68681,historical NSE legacy equity bhavcopy,NSE download manifest
data/raw/bhavcopy_legacy/cm08AUG2019bhav.csv.zip,https://nsearchives.nseindia.com/content/historical/EQUITIES/2019/AUG/cm08AUG2019bhav.csv.zip,2019-08-08,9f9d4f06446c38ab6e0920b75a7317d450fff7e20b3f3768d8f725ca8ccddfa5,67383,historical NSE legacy equity bhavcopy,NSE download manifest
data/raw/bhavcopy_legacy/cm08AUG2022bhav.csv.zip,https://nsearchives.nseindia.com/content/historical/EQUITIES/2022/AUG/cm08AUG2022bhav.csv.zip,2022-08-08,0b3c3ca294a2e6d2ef55da81f04a7a8ece637f4734601b7e5e3e67c34368185a,88162,historical NSE legacy equity bhavcopy,NSE download manifest
data/raw/bhavcopy_legacy/cm08AUG2023bhav.csv.zip,https://nsearchives.nseindia.com/content/historical/EQUITIES/2023/AUG/cm08AUG2023bhav.csv.zip,2023-08-08,3ddf0961ddc7a665fc9c7045fb31517a19f7b21ed27c55c97f9121ba5c7c3475,93346,historical NSE legacy equity bhavcopy,NSE download manifest
data/raw/bhavcopy_legacy/cm08DEC2014bhav.csv.zip,https://nsearchives.nseindia.com/content/historical/EQUITIES/2014/DEC/cm08DEC2014bhav.csv.zip,2014-12-08,3a8111dbeaad5d3f136fcfccd40ede59938454d8710b97eb7c654127db5c6959,58338,historical NSE legacy equity bhavcopy,NSE download manifest
data/raw/bhavcopy_legacy/cm08DEC2015bhav.csv.zip,https://nsearchives.nseindia.com/content/historical/EQUITIES/2015/DEC/cm08DEC2015bhav.csv.zip,2015-12-08,9933af16b0920b3f7b4489687b738e1d1140a0a754757ffb87490f4d568693b7,58435,historical NSE legacy equity bhavcopy,NSE download manifest
data/raw/bhavcopy_legacy/cm08DEC2016bhav.csv.zip,https://nsearchives.nseindia.com/content/historical/EQUITIES/2016/DEC/cm08DEC2016bhav.csv.zip,2016-12-08,2fd4e519e76f4e3e0f505197c9928d378d2337da8c7af4e4d964e7062116d89f,61254,historical NSE legacy equity bhavcopy,NSE download manifest
data/raw/bhavcopy_legacy/cm08DEC2017bhav.csv.zip,https://nsearchives.nseindia.com/content/historical/EQUITIES/2017/DEC/cm08DEC2017bhav.csv.zip,2017-12-08,ec9f4550d67575a2803a894f6115a6a71b3d720fac8ec9c0187db574d36b9d4b,67968,historical NSE legacy equity bhavcopy,NSE download manifest
data/raw/bhavcopy_legacy/cm08DEC2020bhav.csv.zip,https://nsearchives.nseindia.com/content/historical/EQUITIES/2020/DEC/cm08DEC2020bhav.csv.zip,2020-12-08,7c4fb350df6f5812d00e8360deb3b60abc2cf10cd3cc3c056ed78e38dd72a100,74654,historical NSE legacy equity bhavcopy,NSE download manifest
data/raw/bhavcopy_legacy/cm08DEC2021bhav.csv.zip,https://nsearchives.nseindia.com/content/historical/EQUITIES/2021/DEC/cm08DEC2021bhav.csv.zip,2021-12-08,cfbc0ece227874c6c9d4fe4cb8b46ee159869ccaa88df77d0d3ece0f7bcd9f04,80729,historical NSE legacy equity bhavcopy,NSE download manifest
data/raw/bhavcopy_legacy/cm08DEC2022bhav.csv.zip,https://nsearchives.nseindia.com/content/historical/EQUITIES/2022/DEC/cm08DEC2022bhav.csv.zip,2022-12-08,97f8cc6569876eb3977a477d20c446da8599d056ce93e9e9ae53c71ec8327a44,87313,historical NSE legacy equity bhavcopy,NSE download manifest
data/raw/bhavcopy_legacy/cm08DEC2023bhav.csv.zip,https://nsearchives.nseindia.com/content/historical/EQUITIES/2023/DEC/cm08DEC2023bhav.csv.zip,2023-12-08,d7753c24dd82d6eb69496398f6e824b71a164743db58aa769aa4326e7d4ced33,99006,historical NSE legacy equity bhavcopy,NSE download manifest
data/raw/bhavcopy_legacy/cm08FEB2013bhav.csv.zip,https://nsearchives.nseindia.com/content/historical/EQUITIES/2013/FEB/cm08FEB2013bhav.csv.zip,2013-02-08,82ff22ac5e12dae0f357bf8362d2bbe769ca4a48dd467370f43211b411c04c35,55320,historical NSE legacy equity bhavcopy,NSE download manifest
data/raw/bhavcopy_legacy/cm08FEB2016bhav.csv.zip,https://nsearchives.nseindia.com/content/historical/EQUITIES/2016/FEB/cm08FEB2016bhav.csv.zip,2016-02-08,a1c26256afae83a27b0791272a1c52f46176c816e1edf68f024f186c4f1d7896,58245,historical NSE legacy equity bhavcopy,NSE download manifest
data/raw/bhavcopy_legacy/cm08FEB2017bhav.csv.zip,https://nsearchives.nseindia.com/content/historical/EQUITIES/2017/FEB/cm08FEB2017bhav.csv.zip,2017-02-08,39692647fa71bb6e81b5dd142a0db07b8b4ba5fa6f54c399fe34e28183a50dfc,63308,historical NSE legacy equity bhavcopy,NSE download manifest
data/raw/bhavcopy_legacy/cm08FEB2018bhav.csv.zip,https://nsearchives.nseindia.com/content/historical/EQUITIES/2018/FEB/cm08FEB2018bhav.csv.zip,2018-02-08,ea88a072e448d347f30e56ed6af18f727cc5a68c170c8672624d1e838ae72d3e,68660,historical NSE legacy equity bhavcopy,NSE download manifest
data/raw/bhavcopy_legacy/cm08FEB2019bhav.csv.zip,https://nsearchives.nseindia.com/content/historical/EQUITIES/2019/FEB/cm08FEB2019bhav.csv.zip,2019-02-08,8378414cde3fb56f25b689e7e7fe1dd193083ee5e6e6d6b166b3acee228130ef,68022,historical NSE legacy equity bhavcopy,NSE download manifest
data/raw/bhavcopy_legacy/cm08FEB2021bhav.csv.zip,https://nsearchives.nseindia.com/content/historical/EQUITIES/2021/FEB/cm08FEB2021bhav.csv.zip,2021-02-08,9fc115d6181dfc3583d1f8bbf7b4d04a2daf319d0862944aa6fa549dd08eb4cc,75811,historical NSE legacy equity bhavcopy,NSE download manifest
data/raw/bhavcopy_legacy/cm08FEB2022bhav.csv.zip,https://nsearchives.nseindia.com/content/historical/EQUITIES/2022/FEB/cm08FEB2022bhav.csv.zip,2022-02-08,c453e14fe91335d26cee04c58161ead0f16271564c56b90bc2f34efede53a33c,82773,historical NSE legacy equity bhavcopy,NSE download manifest
data/raw/bhavcopy_legacy/cm08FEB2023bhav.csv.zip,https://nsearchives.nseindia.com/content/historical/EQUITIES/2023/FEB/cm08FEB2023bhav.csv.zip,2023-02-08,d9a548a3f91c851aa19a4569a165452de4f9ccad0c7987bc821bacbbde764741,87676,historical NSE legacy equity bhavcopy,NSE download manifest
data/raw/bhavcopy_legacy/cm08FEB2024bhav.csv.zip,https://nsearchives.nseindia.com/content/historical/EQUITIES/2024/FEB/cm08FEB2024bhav.csv.zip,2024-02-08,2d8041c427f40da300cd473566e8984acd7bc1be9cede0c80678f66216198b58,101592,historical NSE legacy equity bhavcopy,NSE download manifest
data/raw/bhavcopy_legacy/cm08JAN2013bhav.csv.zip,https://nsearchives.nseindia.com/content/historical/EQUITIES/2013/JAN/cm08JAN2013bhav.csv.zip,2013-01-08,52db2ac1b915a32f0d38caca0db0eacb62d43043ec9c8e9fd723659a9a63e897,56599,historical NSE legacy equity bhavcopy,NSE download manifest
data/raw/bhavcopy_legacy/cm08JAN2014bhav.csv.zip,https://nsearchives.nseindia.com/content/historical/EQUITIES/2014/JAN/cm08JAN2014bhav.csv.zip,2014-01-08,3bb038f6b80f988ec9a8701604710e490dd92a2ad717e4f8fdd77a9d1f566697,51090,historical NSE legacy equity bhavcopy,NSE download manifest
data/raw/bhavcopy_legacy/cm08JAN2015bhav.csv.zip,https://nsearchives.nseindia.com/content/historical/EQUITIES/2015/JAN/cm08JAN2015bhav.csv.zip,2015-01-08,6785dd892147ed965dce9aa0f18b3662d358b003573ab09212da0db8f963dd96,57974,historical NSE legacy equity bhavcopy,NSE download manifest
data/raw/bhavcopy_legacy/cm08JAN2016bhav.csv.zip,https://nsearchives.nseindia.com/content/historical/EQUITIES/2016/JAN/cm08JAN2016bhav.csv.zip,2016-01-08,bb0939c3f30711fe1ff3b68a5a1d6bf9842d30d7e90ac38f54dc5222d3ad53ea,59455,historical NSE legacy equity bhavcopy,NSE download manifest
data/raw/bhavcopy_legacy/cm08JAN2018bhav.csv.zip,https://nsearchives.nseindia.com/content/historical/EQUITIES/2018/JAN/cm08JAN2018bhav.csv.zip,2018-01-08,865c9b8dddbd08187ec2b66fcc97244412f5d85ca1bbe6bddeb9afb72edcbe28,70732,historical NSE legacy equity bhavcopy,NSE download manifest
data/raw/bhavcopy_legacy/cm08JAN2019bhav.csv.zip,https://nsearchives.nseindia.com/content/historical/EQUITIES/2019/JAN/cm08JAN2019bhav.csv.zip,2019-01-08,ce083a667c25c008ef9b4181e222f7ff4b2392fbb264f516d87b6f7c64f9b971,67543,historical NSE legacy equity bhavcopy,NSE download manifest
data/raw/bhavcopy_legacy/cm08JAN2020bhav.csv.zip,https://nsearchives.nseindia.com/content/historical/EQUITIES/2020/JAN/cm08JAN2020bhav.csv.zip,2020-01-08,22f58998e795902a94e25fe78d7ed9bb8b4b44cea2f7ba53f38d0ae28a23549b,69210,historical NSE legacy equity bhavcopy,NSE download manifest
data/raw/bhavcopy_legacy/cm08JAN2021bhav.csv.zip,https://nsearchives.nseindia.com/content/historical/EQUITIES/2021/JAN/cm08JAN2021bhav.csv.zip,2021-01-08,1e358b34f2fc5526f5f799e6d1ef52539beddd6729caf5fd65518812f0ce127e,75845,historical NSE legacy equity bhavcopy,NSE download manifest
data/raw/bhavcopy_legacy/cm08JAN2024bhav.csv.zip,https://nsearchives.nseindia.com/content/historical/EQUITIES/2024/JAN/cm08JAN2024bhav.csv.zip,2024-01-08,a69ae034c21d9b9dfd52d41cce402e663a9fbf3ea949e42f6a68f9a8182bd1d3,101735,historical NSE legacy equity bhavcopy,NSE download manifest
data/raw/bhavcopy_legacy/cm08JUL2013bhav.csv.zip,https://nsearchives.nseindia.com/content/historical/EQUITIES/2013/JUL/cm08JUL2013bhav.csv.zip,2013-07-08,d13fc6b0d272e8f84598c655ee1e2c4147c6808969e1f0efc18c0ce250e5120a,47131,historical NSE legacy equity bhavcopy,NSE download manifest
data/raw/bhavcopy_legacy/cm08JUL2014bhav.csv.zip,https://nsearchives.nseindia.com/content/historical/EQUITIES/2014/JUL/cm08JUL2014bhav.csv.zip,2014-07-08,d6199ae776a96477d6818e0b21767d0140b24836b331178e846aed7d9eee7b18,58468,historical NSE legacy equity bhavcopy,NSE download manifest
data/raw/bhavcopy_legacy/cm08JUL2015bhav.csv.zip,https://nsearchives.nseindia.com/content/historical/EQUITIES/2015/JUL/cm08JUL2015bhav.csv.zip,2015-07-08,8b3a272ed09c5fd9a5400f647a2f410a7f959fa7603d0330b1b74ef90549b5ba,57202,historical NSE legacy equity bhavcopy,NSE download manifest
data/raw/bhavcopy_legacy/cm08JUL2016bhav.csv.zip,https://nsearchives.nseindia.com/content/historical/EQUITIES/2016/JUL/cm08JUL2016bhav.csv.zip,2016-07-08,6fb6137a868c74a12e4c7d44a39e10c4ea8361728a4b14ddd2207118131ac637,61156,historical NSE legacy equity bhavcopy,NSE download manifest
data/raw/bhavcopy_legacy/cm08JUL2019bhav.csv.zip,https://nsearchives.nseindia.com/content/historical/EQUITIES/2019/JUL/cm08JUL2019bhav.csv.zip,2019-07-08,9b3cf5aa2a57355088081db9a803dccdfe969d277247916033b30df2450fed2f,68369,historical NSE legacy equity bhavcopy,NSE download manifest
data/raw/bhavcopy_legacy/cm08JUL2020bhav.csv.zip,https://nsearchives.nseindia.com/content/historical/EQUITIES/2020/JUL/cm08JUL2020bhav.csv.zip,2020-07-08,9dc381d3b4317bbf91db0f5347188bbab2160053fb2f183ff7af8a324a3cd0f3,70659,historical NSE legacy equity bhavcopy,NSE download manifest
data/raw/bhavcopy_legacy/cm08JUL2021bhav.csv.zip,https://nsearchives.nseindia.com/content/historical/EQUITIES/2021/JUL/cm08JUL2021bhav.csv.zip,2021-07-08,daf4d9fe3456c34163d4cd514a5e274bb82015f003faacb41ffc591ed870334e,77125,historical NSE legacy equity bhavcopy,NSE download manifest
data/raw/bhavcopy_legacy/cm08JUL2022bhav.csv.zip,https://nsearchives.nseindia.com/content/historical/EQUITIES/2022/JUL/cm08JUL2022bhav.csv.zip,2022-07-08,96253d745d32cabe2d8f19718b4a84d43b111aef3a7d0ab8997dd6f2bdcd7383,82430,historical NSE legacy equity bhavcopy,NSE download manifest
data/raw/bhavcopy_legacy/cm08JUN2015bhav.csv.zip,https://nsearchives.nseindia.com/content/historical/EQUITIES/2015/JUN/cm08JUN2015bhav.csv.zip,2015-06-08,206cbccb0d3ccef99db8b20c75a1a63080a171bf64cbd5ba3e03f72d917af63c,55585,historical NSE legacy equity bhavcopy,NSE download manifest
data/raw/bhavcopy_legacy/cm08JUN2016bhav.csv.zip,https://nsearchives.nseindia.com/content/historical/EQUITIES/2016/JUN/cm08JUN2016bhav.csv.zip,2016-06-08,071bf7f593be94892f70c89eb48099bd29e1924f21a5c210c011fcf501cdfd19,59368,historical NSE legacy equity bhavcopy,NSE download manifest
data/raw/bhavcopy_legacy/cm08JUN2017bhav.csv.zip,https://nsearchives.nseindia.com/content/historical/EQUITIES/2017/JUN/cm08JUN2017bhav.csv.zip,2017-06-08,13d2116b2a1af402b8c82a6394495a5a7920a4874df9605c0cbfc823200aba70,64192,historical NSE legacy equity bhavcopy,NSE download manifest
data/raw/bhavcopy_legacy/cm08JUN2018bhav.csv.zip,https://nsearchives.nseindia.com/content/historical/EQUITIES/2018/JUN/cm08JUN2018bhav.csv.zip,2018-06-08,1c492a6050229a65cc43836fd2211c0f68f0ae36cc1865da046ae0b8fc1bafcf,68152,historical NSE legacy equity bhavcopy,NSE download manifest
data/raw/bhavcopy_legacy/cm08JUN2020bhav.csv.zip,https://nsearchives.nseindia.com/content/historical/EQUITIES/2020/JUN/cm08JUN2020bhav.csv.zip,2020-06-08,b009e716ac0cf36e7707116fd31a3bba3325b0f9f8ec43c2d438a0c0a34eb5f3,70879,historical NSE legacy equity bhavcopy,NSE download manifest
data/raw/bhavcopy_legacy/cm08JUN2021bhav.csv.zip,https://nsearchives.nseindia.com/content/historical/EQUITIES/2021/JUN/cm08JUN2021bhav.csv.zip,2021-06-08,b275e82637589292e517697d3ad607e254734edad4ebd45f36033331831e2002,76926,historical NSE legacy equity bhavcopy,NSE download manifest
data/raw/bhavcopy_legacy/cm08JUN2022bhav.csv.zip,https://nsearchives.nseindia.com/content/historical/EQUITIES/2022/JUN/cm08JUN2022bhav.csv.zip,2022-06-08,7792807c793e929c2c8b7b30225dd5f51c5d967eaadfeea5e5b6e6083e68d2d5,82788,historical NSE legacy equity bhavcopy,NSE download manifest
data/raw/bhavcopy_legacy/cm08JUN2023bhav.csv.zip,https://nsearchives.nseindia.com/content/historical/EQUITIES/2023/JUN/cm08JUN2023bhav.csv.zip,2023-06-08,570e29615689304e19146771e1eb6b29485e40de2241f329c0bb59ad58fae5c4,91260,historical NSE legacy equity bhavcopy,NSE download manifest
data/raw/bhavcopy_legacy/cm08MAR2013bhav.csv.zip,https://nsearchives.nseindia.com/content/historical/EQUITIES/2013/MAR/cm08MAR2013bhav.csv.zip,2013-03-08,75caf194434ea0b74c1e766cae8ff042d6da1a1c5789dded596d57d897216a75,55612,historical NSE legacy equity bhavcopy,NSE download manifest
data/raw/bhavcopy_legacy/cm08MAR2016bhav.csv.zip,https://nsearchives.nseindia.com/content/historical/EQUITIES/2016/MAR/cm08MAR2016bhav.csv.zip,2016-03-08,96587ee2827aa47de5bb709d0694d084f7932824f0c2315b1a8148a2f02c6489,59147,historical NSE legacy equity bhavcopy,NSE download manifest
data/raw/bhavcopy_legacy/cm08MAR2017bhav.csv.zip,https://nsearchives.nseindia.com/content/historical/EQUITIES/2017/MAR/cm08MAR2017bhav.csv.zip,2017-03-08,22d3ea99263361e8d42fbac7bca813093d72910cdb4906001bdb3ca22b525c79,63349,historical NSE legacy equity bhavcopy,NSE download manifest
data/raw/bhavcopy_legacy/cm08MAR2018bhav.csv.zip,https://nsearchives.nseindia.com/content/historical/EQUITIES/2018/MAR/cm08MAR2018bhav.csv.zip,2018-03-08,cd5fd5f3c3a1701987367242cac6bbdb888f7937afc003ab39e0d7bdde6a95ec,68765,historical NSE legacy equity bhavcopy,NSE download manifest
data/raw/bhavcopy_legacy/cm08MAR2019bhav.csv.zip,https://nsearchives.nseindia.com/content/historical/EQUITIES/2019/MAR/cm08MAR2019bhav.csv.zip,2019-03-08,e895ab7483783bf47fca3820161a48c0d98c7e410591171d85026502d155ccf3,68424,historical NSE legacy equity bhavcopy,NSE download manifest
data/raw/bhavcopy_legacy/cm08MAR2021bhav.csv.zip,https://nsearchives.nseindia.com/content/historical/EQUITIES/2021/MAR/cm08MAR2021bhav.csv.zip,2021-03-08,c0b3f794e00de69133ca76f2f294635d23bf7fe36473c839a748286527729f6e,76569,historical NSE legacy equity bhavcopy,NSE download manifest
data/raw/bhavcopy_legacy/cm08MAR2022bhav.csv.zip,https://nsearchives.nseindia.com/content/historical/EQUITIES/2022/MAR/cm08MAR2022bhav.csv.zip,2022-03-08,b1b35562f35247f0199b82752310d223558aff5148af29dd2a508cd2979aa5d6,82482,historical NSE legacy equity bhavcopy,NSE download manifest
data/raw/bhavcopy_legacy/cm08MAR2023bhav.csv.zip,https://nsearchives.nseindia.com/content/historical/EQUITIES/2023/MAR/cm08MAR2023bhav.csv.zip,2023-03-08,e341efee0d575ad3733b3d620f61244dc59d8bd38f5b2cc3a1cf0f6f8ded46f8,88708,historical NSE legacy equity bhavcopy,NSE download manifest
data/raw/bhavcopy_legacy/cm08MAY2013bhav.csv.zip,https://nsearchives.nseindia.com/content/historical/EQUITIES/2013/MAY/cm08MAY2013bhav.csv.zip,2013-05-08,ba107463cb92fa7fd2d1aa4c8585e2897742de727b4e554ce612d084ed524808,51174,historical NSE legacy equity bhavcopy,NSE download manifest
data/raw/bhavcopy_legacy/cm08MAY2014bhav.csv.zip,https://nsearchives.nseindia.com/content/historical/EQUITIES/2014/MAY/cm08MAY2014bhav.csv.zip,2014-05-08,e5bf9a250ef52c33b74ddc7a15f5c6822a43c10bde09be8d454e92a125379d4a,54538,historical NSE legacy equity bhavcopy,NSE download manifest
data/raw/bhavcopy_legacy/cm08MAY2015bhav.csv.zip,https://nsearchives.nseindia.com/content/historical/EQUITIES/2015/MAY/cm08MAY2015bhav.csv.zip,2015-05-08,6f1f85d5917742c9c127dac45767968b53dbda759407765b96437a2e89f9e2a7,56367,historical NSE legacy equity bhavcopy,NSE download manifest
data/raw/bhavcopy_legacy/cm08MAY2017bhav.csv.zip,https://nsearchives.nseindia.com/content/historical/EQUITIES/2017/MAY/cm08MAY2017bhav.csv.zip,2017-05-08,539faa9bf9c74c38add9bec99bd3a6323ba58343ba936bd0ba8a1cb7a1a1312f,64971,historical NSE legacy equity bhavcopy,NSE download manifest
data/raw/bhavcopy_legacy/cm08MAY2018bhav.csv.zip,https://nsearchives.nseindia.com/content/historical/EQUITIES/2018/MAY/cm08MAY2018bhav.csv.zip,2018-05-08,422ad29197876c0abfd379877694a54948e13ccd21d15e7fd1d6be6ceaa5faa7,68062,historical NSE legacy equity bhavcopy,NSE download manifest
data/raw/bhavcopy_legacy/cm08MAY2019bhav.csv.zip,https://nsearchives.nseindia.com/content/historical/EQUITIES/2019/MAY/cm08MAY2019bhav.csv.zip,2019-05-08,70018b036131d0a9d7602491fd0cfb738a061cff74fa4436b2ffed94684cda02,68228,historical NSE legacy equity bhavcopy,NSE download manifest
data/raw/bhavcopy_legacy/cm08MAY2020bhav.csv.zip,https://nsearchives.nseindia.com/content/historical/EQUITIES/2020/MAY/cm08MAY2020bhav.csv.zip,2020-05-08,9c7838ab2a95cc0c920a552cdb698a9e39ad39f6d9c300b4a77ef4efbd34f8d9,67321,historical NSE legacy equity bhavcopy,NSE download manifest
data/raw/bhavcopy_legacy/cm08MAY2023bhav.csv.zip,https://nsearchives.nseindia.com/content/historical/EQUITIES/2023/MAY/cm08MAY2023bhav.csv.zip,2023-05-08,19fd01d78f8bca81740841fc07328b8c620cb621e540d99ffaf096321ca23d53,90676,historical NSE legacy equity bhavcopy,NSE download manifest
data/raw/bhavcopy_legacy/cm08MAY2024bhav.csv.zip,https://nsearchives.nseindia.com/content/historical/EQUITIES/2024/MAY/cm08MAY2024bhav.csv.zip,2024-05-08,57507be27cd52ff1b3c0026e85ab3ec327db97327fd40372c851cc059cee9c62,102668,historical NSE legacy equity bhavcopy,NSE download manifest
data/raw/bhavcopy_legacy/cm08NOV2013bhav.csv.zip,https://nsearchives.nseindia.com/content/historical/EQUITIES/2013/NOV/cm08NOV2013bhav.csv.zip,2013-11-08,24f3f769df7a201625f62b6df5b156d2301d69d8931ebcbd765bb4574a3d3441,49927,historical NSE legacy equity bhavcopy,NSE download manifest
data/raw/bhavcopy_legacy/cm08NOV2016bhav.csv.zip,https://nsearchives.nseindia.com/content/historical/EQUITIES/2016/NOV/cm08NOV2016bhav.csv.zip,2016-11-08,085d484761153493f71fe71429ede7f059d3a9ae93b3ffabd163358bbc202107,62135,historical NSE legacy equity bhavcopy,NSE download manifest
data/raw/bhavcopy_legacy/cm08NOV2017bhav.csv.zip,https://nsearchives.nseindia.com/content/historical/EQUITIES/2017/NOV/cm08NOV2017bhav.csv.zip,2017-11-08,9756b08c31938aad0766cad5d0db8365ce1a7b9d4381a83c22c7822fa1b029ab,66927,historical NSE legacy equity bhavcopy,NSE download manifest
data/raw/bhavcopy_legacy/cm08NOV2019bhav.csv.zip,https://nsearchives.nseindia.com/content/historical/EQUITIES/2019/NOV/cm08NOV2019bhav.csv.zip,2019-11-08,897a9347a2b896cd00465bfe4835600e0c3064d3536878514f800c10c6b008a8,68699,historical NSE legacy equity bhavcopy,NSE download manifest
data/raw/bhavcopy_legacy/cm08NOV2021bhav.csv.zip,https://nsearchives.nseindia.com/content/historical/EQUITIES/2021/NOV/cm08NOV2021bhav.csv.zip,2021-11-08,4dd530a1435d518fc0ac5448fe5c5d0cac4eef36daa36bb538329527ae1ead1b,81101,historical NSE legacy equity bhavcopy,NSE download manifest
data/raw/bhavcopy_legacy/cm08NOV2023bhav.csv.zip,https://nsearchives.nseindia.com/content/historical/EQUITIES/2023/NOV/cm08NOV2023bhav.csv.zip,2023-11-08,f85d3c13250f7f1b02b5299a25ca6b112063f4d9fe737ec46c762e602627dcf1,95910,historical NSE legacy equity bhavcopy,NSE download manifest
data/raw/bhavcopy_legacy/cm08OCT2013bhav.csv.zip,https://nsearchives.nseindia.com/content/historical/EQUITIES/2013/OCT/cm08OCT2013bhav.csv.zip,2013-10-08,071d5d76296d9d193dcf58ea557a7121d88668384371444765e8d5b346d67a44,48234,historical NSE legacy equity bhavcopy,NSE download manifest
data/raw/bhavcopy_legacy/cm08OCT2014bhav.csv.zip,https://nsearchives.nseindia.com/content/historical/EQUITIES/2014/OCT/cm08OCT2014bhav.csv.zip,2014-10-08,3fc07a09b5724cf8ad6830e7ffdb9c5b3253cf7375ddf9a4c3ff7aca1bab9e26,57391,historical NSE legacy equity bhavcopy,NSE download manifest
data/raw/bhavcopy_legacy/cm08OCT2015bhav.csv.zip,https://nsearchives.nseindia.com/content/historical/EQUITIES/2015/OCT/cm08OCT2015bhav.csv.zip,2015-10-08,1e4904294f249df9baad33639503a04ce51e45df5940eabeb27e01b7e49ec6e2,57707,historical NSE legacy equity bhavcopy,NSE download manifest
data/raw/bhavcopy_legacy/cm08OCT2018bhav.csv.zip,https://nsearchives.nseindia.com/content/historical/EQUITIES/2018/OCT/cm08OCT2018bhav.csv.zip,2018-10-08,d557de7bfcbf6ab27d36f0ebcfda0730a3c00515d3a59d29dbcf864833cf2b88,70268,historical NSE legacy equity bhavcopy,NSE download manifest
data/raw/bhavcopy_legacy/cm08OCT2020bhav.csv.zip,https://nsearchives.nseindia.com/content/historical/EQUITIES/2020/OCT/cm08OCT2020bhav.csv.zip,2020-10-08,faaaa6141a766d431d22dcb7a8c86b61fa63640a978c9df00f87618c943f9d58,71894,historical NSE legacy equity bhavcopy,NSE download manifest
data/raw/bhavcopy_legacy/cm08OCT2021bhav.csv.zip,https://nsearchives.nseindia.com/content/historical/EQUITIES/2021/OCT/cm08OCT2021bhav.csv.zip,2021-10-08,705b381ac56c081a3f44a13f55980a0126634831b326953f2ddb77b71cb9e4d4,80233,historical NSE legacy equity bhavcopy,NSE download manifest
data/raw/bhavcopy_legacy/cm08SEP2014bhav.csv.zip,https://nsearchives.nseindia.com/content/historical/EQUITIES/2014/SEP/cm08SEP2014bhav.csv.zip,2014-09-08,2fb22bcddac489359348609bd5df6f2655754f9eb8c04585fb2e4d583509f0c1,58577,historical NSE legacy equity bhavcopy,NSE download manifest
data/raw/bhavcopy_legacy/cm08SEP2015bhav.csv.zip,https://nsearchives.nseindia.com/content/historical/EQUITIES/2015/SEP/cm08SEP2015bhav.csv.zip,2015-09-08,9819e87d96bf9f1a648799c949718d90058a06acf8854154196d147fd043f2d0,56642,historical NSE legacy equity bhavcopy,NSE download manifest
data/raw/bhavcopy_legacy/cm08SEP2016bhav.csv.zip,https://nsearchives.nseindia.com/content/historical/EQUITIES/2016/SEP/cm08SEP2016bhav.csv.zip,2016-09-08,1b4d22d79e30e03cb39c4311e2e4e3647853b29f89d7424b90449f1efe799330,62385,historical NSE legacy equity bhavcopy,NSE download manifest
data/raw/bhavcopy_legacy/cm08SEP2017bhav.csv.zip,https://nsearchives.nseindia.com/content/historical/EQUITIES/2017/SEP/cm08SEP2017bhav.csv.zip,2017-09-08,0406b75a63c53b2462ba32a1bfbe71aff36c4f5c258a621672fb7e7062c70ee3,65161,historical NSE legacy equity bhavcopy,NSE download manifest
data/raw/bhavcopy_legacy/cm08SEP2020bhav.csv.zip,https://nsearchives.nseindia.com/content/historical/EQUITIES/2020/SEP/cm08SEP2020bhav.csv.zip,2020-09-08,06db86297610fbaae957ea37fe1c6688561f10c6eae583cc8725b1153c617c97,70528,historical NSE legacy equity bhavcopy,NSE download manifest
data/raw/bhavcopy_legacy/cm08SEP2021bhav.csv.zip,https://nsearchives.nseindia.com/content/historical/EQUITIES/2021/SEP/cm08SEP2021bhav.csv.zip,2021-09-08,d631961d15729ba900b4ba86d08e0c50ddc2bb1356b0519ef62c3c6fb42984fa,78075,historical NSE legacy equity bhavcopy,NSE download manifest
data/raw/bhavcopy_legacy/cm08SEP2022bhav.csv.zip,https://nsearchives.nseindia.com/content/historical/EQUITIES/2022/SEP/cm08SEP2022bhav.csv.zip,2022-09-08,7ee6d13b87b10e63ac6fd253d710034b88244acd0d47ec943d17974d30e02d35,86532,historical NSE legacy equity bhavcopy,NSE download manifest
data/raw/bhavcopy_legacy/cm08SEP2023bhav.csv.zip,https://nsearchives.nseindia.com/content/historical/EQUITIES/2023/SEP/cm08SEP2023bhav.csv.zip,2023-09-08,7ffa5714f0578bbdb590300122b23781a43bae491d8cc41ad0b463408e68285e,94905,historical NSE legacy equity bhavcopy,NSE download manifest
data/raw/bhavcopy_legacy/cm09APR2013bhav.csv.zip,https://nsearchives.nseindia.com/content/historical/EQUITIES/2013/APR/cm09APR2013bhav.csv.zip,2013-04-09,fc8fbd91d6eb8c9ec333cecdb6427b374620a5c3cecb6c5f8b5fb92430e2623c,48836,historical NSE legacy equity bhavcopy,NSE download manifest
data/raw/bhavcopy_legacy/cm09APR2014bhav.csv.zip,https://nsearchives.nseindia.com/content/historical/EQUITIES/2014/APR/cm09APR2014bhav.csv.zip,2014-04-09,8e858a32aab03252d8c1ac080bd78c9939b4e307523c7db48858cb662e599e0a,56290,historical NSE legacy equity bhavcopy,NSE download manifest
data/raw/bhavcopy_legacy/cm09APR2015bhav.csv.zip,https://nsearchives.nseindia.com/content/historical/EQUITIES/2015/APR/cm09APR2015bhav.csv.zip,2015-04-09,fc4e33098fa3ed01fc7a838b84672c4bb8a4b0e20c3f6d03787094ae7ad7dbf4,57758,historical NSE legacy equity bhavcopy,NSE download manifest
data/raw/bhavcopy_legacy/cm09APR2018bhav.csv.zip,https://nsearchives.nseindia.com/content/historical/EQUITIES/2018/APR/cm09APR2018bhav.csv.zip,2018-04-09,42263f2df5b05004421e168f5f3ab5f1daeb6fc48bdd307cb5f8de93fbd74587,68999,historical NSE legacy equity bhavcopy,NSE download manifest
data/raw/bhavcopy_legacy/cm09APR2019bhav.csv.zip,https://nsearchives.nseindia.com/content/historical/EQUITIES/2019/APR/cm09APR2019bhav.csv.zip,2019-04-09,cfbf49731ffce39556bf2958e0672fc3052299c5f07d09dc6c9152a53a993ac7,68294,historical NSE legacy equity bhavcopy,NSE download manifest
data/raw/bhavcopy_legacy/cm09APR2020bhav.csv.zip,https://nsearchives.nseindia.com/content/historical/EQUITIES/2020/APR/cm09APR2020bhav.csv.zip,2020-04-09,bbfa4f743df263855fca2afc4a15eff721e43e5154b0779579dfdfc5b72f2a25,67724,historical NSE legacy equity bhavcopy,NSE download manifest
data/raw/bhavcopy_legacy/cm09APR2021bhav.csv.zip,https://nsearchives.nseindia.com/content/historical/EQUITIES/2021/APR/cm09APR2021bhav.csv.zip,2021-04-09,1135fbb2dba5898fe3ab3df1d31ba7a8d4115a6100ae582886822c05587fbdd0,74945,historical NSE legacy equity bhavcopy,NSE download manifest
data/raw/bhavcopy_legacy/cm09APR2024bhav.csv.zip,https://nsearchives.nseindia.com/content/historical/EQUITIES/2024/APR/cm09APR2024bhav.csv.zip,2024-04-09,cae68df0b8afb41752c70ba6ef525a964be47f9ab79f070d2c09b29e14012860,101681,historical NSE legacy equity bhavcopy,NSE download manifest
data/raw/bhavcopy_legacy/cm09AUG2016bhav.csv.zip,https://nsearchives.nseindia.com/content/historical/EQUITIES/2016/AUG/cm09AUG2016bhav.csv.zip,2016-08-09,68eb2797cd7c03d6b817b514260a61e2b28d1f989acf1f443b9dac222412e4bd,61153,historical NSE legacy equity bhavcopy,NSE download manifest
data/raw/bhavcopy_legacy/cm09AUG2017bhav.csv.zip,https://nsearchives.nseindia.com/content/historical/EQUITIES/2017/AUG/cm09AUG2017bhav.csv.zip,2017-08-09,0997c079011f037027afb3c71c88541730863f97d97e02c12bc21e118f93bb52,64437,historical NSE legacy equity bhavcopy,NSE download manifest
data/raw/bhavcopy_legacy/cm09AUG2018bhav.csv.zip,https://nsearchives.nseindia.com/content/historical/EQUITIES/2018/AUG/cm09AUG2018bhav.csv.zip,2018-08-09,8083d7b4af6eeca6d1bee0f2ac727ee879249ae67982371fd07aadcefb61edbc,68599,historical NSE legacy equity bhavcopy,NSE download manifest
data/raw/bhavcopy_legacy/cm09AUG2019bhav.csv.zip,https://nsearchives.nseindia.com/content/historical/EQUITIES/2019/AUG/cm09AUG2019bhav.csv.zip,2019-08-09,28c43a964a1099ba54a7568bcb5184d9b0ceb6870b4a0632b220390cde1b7c52,67786,historical NSE legacy equity bhavcopy,NSE download manifest
data/raw/bhavcopy_legacy/cm09AUG2021bhav.csv.zip,https://nsearchives.nseindia.com/content/historical/EQUITIES/2021/AUG/cm09AUG2021bhav.csv.zip,2021-08-09,da8f9f9aa0f03450ead96e90c92c7b8a76039348f1f1400c92580a2324a206c5,79429,historical NSE legacy equity bhavcopy,NSE download manifest
data/raw/bhavcopy_legacy/cm09AUG2023bhav.csv.zip,https://nsearchives.nseindia.com/content/historical/EQUITIES/2023/AUG/cm09AUG2023bhav.csv.zip,2023-08-09,adbc39f491862a41276d47f0d64f3b8577511e13bfb28e141b35c74b4cad3f32,93266,historical NSE legacy equity bhavcopy,NSE download manifest
data/raw/bhavcopy_legacy/cm09DEC2013bhav.csv.zip,https://nsearchives.nseindia.com/content/historical/EQUITIES/2013/DEC/cm09DEC2013bhav.csv.zip,2013-12-09,6c868624fc7391e29229a417a8723093708b9c277f4c87f9584c7f3057a5d2a0,50809,historical NSE legacy equity bhavcopy,NSE download manifest
data/raw/bhavcopy_legacy/cm09DEC2014bhav.csv.zip,https://nsearchives.nseindia.com/content/historical/EQUITIES/2014/DEC/cm09DEC2014bhav.csv.zip,2014-12-09,a12503c027fe605b5af3ced62244ecddc60c4a81ceacda83e7d10234672a910c,58378,historical NSE legacy equity bhavcopy,NSE download manifest
data/raw/bhavcopy_legacy/cm09DEC2015bhav.csv.zip,https://nsearchives.nseindia.com/content/historical/EQUITIES/2015/DEC/cm09DEC2015bhav.csv.zip,2015-12-09,dc777e228edb5b3139f5d3eccc65c25e5814afb0caa0201b7d29a70a44c09284,58601,historical NSE legacy equity bhavcopy,NSE download manifest
data/raw/bhavcopy_legacy/cm09DEC2016bhav.csv.zip,https://nsearchives.nseindia.com/content/historical/EQUITIES/2016/DEC/cm09DEC2016bhav.csv.zip,2016-12-09,8a28190a167a45f95caf911489af5ee372872749ea387ca56b5f54f13b1fe3f1,62090,historical NSE legacy equity bhavcopy,NSE download manifest
data/raw/bhavcopy_legacy/cm09DEC2019bhav.csv.zip,https://nsearchives.nseindia.com/content/historical/EQUITIES/2019/DEC/cm09DEC2019bhav.csv.zip,2019-12-09,d74c1265bf4c5d8b1c2230c7756dc557d91989d40e6321bcad3bf26df4f8185d,69196,historical NSE legacy equity bhavcopy,NSE download manifest
data/raw/bhavcopy_legacy/cm09DEC2020bhav.csv.zip,https://nsearchives.nseindia.com/content/historical/EQUITIES/2020/DEC/cm09DEC2020bhav.csv.zip,2020-12-09,56729e092e1a03f8c370c2966b1a70a17d2bfa5a52bb1ddac3fba27b7de38363,74699,historical NSE legacy equity bhavcopy,NSE download manifest
data/raw/bhavcopy_legacy/cm09DEC2021bhav.csv.zip,https://nsearchives.nseindia.com/content/historical/EQUITIES/2021/DEC/cm09DEC2021bhav.csv.zip,2021-12-09,444021e634220107e9bcbaaf7f8da8185b345c26d54f9f2b043e44c4420bcef6,80328,historical NSE legacy equity bhavcopy,NSE download manifest
data/raw/bhavcopy_legacy/cm09DEC2022bhav.csv.zip,https://nsearchives.nseindia.com/content/historical/EQUITIES/2022/DEC/cm09DEC2022bhav.csv.zip,2022-12-09,120a5f5bf5f527306b9484b743e2f147e7b3664049402177416a134f824083a1,87941,historical NSE legacy equity bhavcopy,NSE download manifest
data/raw/bhavcopy_legacy/cm09FEB2015bhav.csv.zip,https://nsearchives.nseindia.com/content/historical/EQUITIES/2015/FEB/cm09FEB2015bhav.csv.zip,2015-02-09,f00e8b698b431245c0449feb3757eda4a05ecc1fc9bc4fad3a9d16a3bf27a812,56525,historical NSE legacy equity bhavcopy,NSE download manifest
data/raw/bhavcopy_legacy/cm09FEB2016bhav.csv.zip,https://nsearchives.nseindia.com/content/historical/EQUITIES/2016/FEB/cm09FEB2016bhav.csv.zip,2016-02-09,6264b45939d1d80926e3b38f692f9e713c6fa1d6481261c642bcfd278c0eb99b,58291,historical NSE legacy equity bhavcopy,NSE download manifest
data/raw/bhavcopy_legacy/cm09FEB2017bhav.csv.zip,https://nsearchives.nseindia.com/content/historical/EQUITIES/2017/FEB/cm09FEB2017bhav.csv.zip,2017-02-09,ca78bd1fe5db51d9a05a837d3de14152d08459c723ed0ff5cfaf223816bda1b8,64111,historical NSE legacy equity bhavcopy,NSE download manifest
data/raw/bhavcopy_legacy/cm09FEB2018bhav.csv.zip,https://nsearchives.nseindia.com/content/historical/EQUITIES/2018/FEB/cm09FEB2018bhav.csv.zip,2018-02-09,334c06510a419b6e43b70d8a34238775faa5fc721bd4f2f032a6a22029c3594d,68697,historical NSE legacy equity bhavcopy,NSE download manifest
data/raw/bhavcopy_legacy/cm09FEB2021bhav.csv.zip,https://nsearchives.nseindia.com/content/historical/EQUITIES/2021/FEB/cm09FEB2021bhav.csv.zip,2021-02-09,c7ede135f6b5d2bb68f7f54c241f1ee5fc1174fb5aa761d54785dcbc557850b2,75219,historical NSE legacy equity bhavcopy,NSE download manifest
data/raw/bhavcopy_legacy/cm09FEB2022bhav.csv.zip,https://nsearchives.nseindia.com/content/historical/EQUITIES/2022/FEB/cm09FEB2022bhav.csv.zip,2022-02-09,e2578b5dcba3b98782c500e134cd275927fe5122d1f320fa90a8bd66569c29ee,82441,historical NSE legacy equity bhavcopy,NSE download manifest
data/raw/bhavcopy_legacy/cm09FEB2023bhav.csv.zip,https://nsearchives.nseindia.com/content/historical/EQUITIES/2023/FEB/cm09FEB2023bhav.csv.zip,2023-02-09,a8e75f1b524185a7339efaf17eca7b7e05f8992ee3a4dea3df8a479fc3c0418c,87538,historical NSE legacy equity bhavcopy,NSE download manifest
data/raw/bhavcopy_legacy/cm09FEB2024bhav.csv.zip,https://nsearchives.nseindia.com/content/historical/EQUITIES/2024/FEB/cm09FEB2024bhav.csv.zip,2024-02-09,9906b1133725703d1f1ac7b0ad8b333508433cfa3de4854137aa9d8b4a782e54,101185,historical NSE legacy equity bhavcopy,NSE download manifest
data/raw/bhavcopy_legacy/cm09JAN2013bhav.csv.zip,https://nsearchives.nseindia.com/content/historical/EQUITIES/2013/JAN/cm09JAN2013bhav.csv.zip,2013-01-09,ca20ec03b025163f3d9be7d71f2d1eb1c4a7b0e36b1bd8d5a4ffc61eb1717f06,56988,historical NSE legacy equity bhavcopy,NSE download manifest
data/raw/bhavcopy_legacy/cm09JAN2014bhav.csv.zip,https://nsearchives.nseindia.com/content/historical/EQUITIES/2014/JAN/cm09JAN2014bhav.csv.zip,2014-01-09,420cc76c6ee91541eeb0df1d7214fac922dbcb9b428b0ae0dda6ec2b1905b38d,51134,historical NSE legacy equity bhavcopy,NSE download manifest
data/raw/bhavcopy_legacy/cm09JAN2015bhav.csv.zip,https://nsearchives.nseindia.com/content/historical/EQUITIES/2015/JAN/cm09JAN2015bhav.csv.zip,2015-01-09,590c0f5bb3daad67681b5d8d521eebbb4a8d8531ba25cea16c650e57e62aea5a,57871,historical NSE legacy equity bhavcopy,NSE download manifest
data/raw/bhavcopy_legacy/cm09JAN2017bhav.csv.zip,https://nsearchives.nseindia.com/content/historical/EQUITIES/2017/JAN/cm09JAN2017bhav.csv.zip,2017-01-09,f818bf93e1beaa09f049ec3c968d8f73bd0bfc08134aa2ccb8d09085619ca016,62447,historical NSE legacy equity bhavcopy,NSE download manifest
data/raw/bhavcopy_legacy/cm09JAN2018bhav.csv.zip,https://nsearchives.nseindia.com/content/historical/EQUITIES/2018/JAN/cm09JAN2018bhav.csv.zip,2018-01-09,2848befb791da4ebe324495b34c391f0ad82c1d89713a91ddeddb2ef0e38a176,69956,historical NSE legacy equity bhavcopy,NSE download manifest
data/raw/bhavcopy_legacy/cm09JAN2019bhav.csv.zip,https://nsearchives.nseindia.com/content/historical/EQUITIES/2019/JAN/cm09JAN2019bhav.csv.zip,2019-01-09,c9ef1dc79993e1d227fcca2677c87c9001896347b65bc3ccd9ba3dd98e819f81,68096,historical NSE legacy equity bhavcopy,NSE download manifest
data/raw/bhavcopy_legacy/cm09JAN2020bhav.csv.zip,https://nsearchives.nseindia.com/content/historical/EQUITIES/2020/JAN/cm09JAN2020bhav.csv.zip,2020-01-09,9a51679b6c43a32f78f7644c56b1b725cee5641335f7aa23ee756c1699869c50,69832,historical NSE legacy equity bhavcopy,NSE download manifest
data/raw/bhavcopy_legacy/cm09JAN2023bhav.csv.zip,https://nsearchives.nseindia.com/content/historical/EQUITIES/2023/JAN/cm09JAN2023bhav.csv.zip,2023-01-09,c328e4d02af8778a33e93635a16fba2fd22e5d871623d14d0bdb8f0ead493a8c,89206,historical NSE legacy equity bhavcopy,NSE download manifest
data/raw/bhavcopy_legacy/cm09JAN2024bhav.csv.zip,https://nsearchives.nseindia.com/content/historical/EQUITIES/2024/JAN/cm09JAN2024bhav.csv.zip,2024-01-09,cd7b176d74d4370f05a77678f9f3e42590046280c42c7f9efc7d83b0d87aa7ab,100779,historical NSE legacy equity bhavcopy,NSE download manifest
data/raw/bhavcopy_legacy/cm09JUL2013bhav.csv.zip,https://nsearchives.nseindia.com/content/historical/EQUITIES/2013/JUL/cm09JUL2013bhav.csv.zip,2013-07-09,e29b8f541c671099074a2b3f57c02040ae2ae1775fa3599bf29cfbbd06c50cc1,47817,historical NSE legacy equity bhavcopy,NSE download manifest
data/raw/bhavcopy_legacy/cm09JUL2014bhav.csv.zip,https://nsearchives.nseindia.com/content/historical/EQUITIES/2014/JUL/cm09JUL2014bhav.csv.zip,2014-07-09,b42bb201627b3378c43ab63c6a7d3faad81a4f44b562a4752fcedd6ae314f2e0,57610,historical NSE legacy equity bhavcopy,NSE download manifest
data/raw/bhavcopy_legacy/cm09JUL2015bhav.csv.zip,https://nsearchives.nseindia.com/content/historical/EQUITIES/2015/JUL/cm09JUL2015bhav.csv.zip,2015-07-09,eda8565f7e6b2b178e0f22b360c1f610c9b900598faef6b45915ac52d3c038bf,56976,historical NSE legacy equity bhavcopy,NSE download manifest
data/raw/bhavcopy_legacy/cm09JUL2018bhav.csv.zip,https://nsearchives.nseindia.com/content/historical/EQUITIES/2018/JUL/cm09JUL2018bhav.csv.zip,2018-07-09,017a717549c50bef5d06fe372cf93834f676b58de86010bccbdf5614d6f72932,68190,historical NSE legacy equity bhavcopy,NSE download manifest
data/raw/bhavcopy_legacy/cm09JUL2019bhav.csv.zip,https://nsearchives.nseindia.com/content/historical/EQUITIES/2019/JUL/cm09JUL2019bhav.csv.zip,2019-07-09,b6c2cfebe78fe877b6e6ddcace9fbd48b4e59673b06e14ab23b3d5cd871f0a85,67140,historical NSE legacy equity bhavcopy,NSE download manifest
data/raw/bhavcopy_legacy/cm09JUL2020bhav.csv.zip,https://nsearchives.nseindia.com/content/historical/EQUITIES/2020/JUL/cm09JUL2020bhav.csv.zip,2020-07-09,6ad4ac79aa22724ac15e4706b5f6cbe32680e40745dd89cf62b076c7aef6327d,70150,historical NSE legacy equity bhavcopy,NSE download manifest
data/raw/bhavcopy_legacy/cm09JUL2021bhav.csv.zip,https://nsearchives.nseindia.com/content/historical/EQUITIES/2021/JUL/cm09JUL2021bhav.csv.zip,2021-07-09,9548e91da0a82e46b28b9a6c9d0f37f1f147a6dc127051cbf8a6c6b808c4a9be,76621,historical NSE legacy equity bhavcopy,NSE download manifest
data/raw/bhavcopy_legacy/cm09JUN2014bhav.csv.zip,https://nsearchives.nseindia.com/content/historical/EQUITIES/2014/JUN/cm09JUN2014bhav.csv.zip,2014-06-09,9dca04faeb3e478bee7392dcdb5ec245ed740a9d0a2e762932251ac34b955efb,58693,historical NSE legacy equity bhavcopy,NSE download manifest
data/raw/bhavcopy_legacy/cm09JUN2015bhav.csv.zip,https://nsearchives.nseindia.com/content/historical/EQUITIES/2015/JUN/cm09JUN2015bhav.csv.zip,2015-06-09,18ea020d68552de3fba0775e102ff9278652d49fb7bbfafe7332984da87615d8,55095,historical NSE legacy equity bhavcopy,NSE download manifest
data/raw/bhavcopy_legacy/cm09JUN2016bhav.csv.zip,https://nsearchives.nseindia.com/content/historical/EQUITIES/2016/JUN/cm09JUN2016bhav.csv.zip,2016-06-09,0b5932154982444427e714be0acc1cf53374aa6a3ecdfd2187a061ae3bd7775c,59462,historical NSE legacy equity bhavcopy,NSE download manifest
data/raw/bhavcopy_legacy/cm09JUN2017bhav.csv.zip,https://nsearchives.nseindia.com/content/historical/EQUITIES/2017/JUN/cm09JUN2017bhav.csv.zip,2017-06-09,1b78fe5348d3f063995c55f9c33556c600ed43c7890340e42877b03ade111d12,64239,historical NSE legacy equity bhavcopy,NSE download manifest
data/raw/bhavcopy_legacy/cm09JUN2020bhav.csv.zip,https://nsearchives.nseindia.com/content/historical/EQUITIES/2020/JUN/cm09JUN2020bhav.csv.zip,2020-06-09,f4297a4068e08fdf48e0573a099fd51cb8fa341dabb90e928ae68e9aeeeb6278,70721,historical NSE legacy equity bhavcopy,NSE download manifest
data/raw/bhavcopy_legacy/cm09JUN2021bhav.csv.zip,https://nsearchives.nseindia.com/content/historical/EQUITIES/2021/JUN/cm09JUN2021bhav.csv.zip,2021-06-09,437228f2092b3a2c89191919e1e4110296f48e2f87485a3d8596572b2aef158d,77753,historical NSE legacy equity bhavcopy,NSE download manifest
data/raw/bhavcopy_legacy/cm09JUN2022bhav.csv.zip,https://nsearchives.nseindia.com/content/historical/EQUITIES/2022/JUN/cm09JUN2022bhav.csv.zip,2022-06-09,bb99ccf38fdc51f7a7f73c9ad63150d1c9c249a557c6ae47e7d099ff2f7041db,81836,historical NSE legacy equity bhavcopy,NSE download manifest
data/raw/bhavcopy_legacy/cm09JUN2023bhav.csv.zip,https://nsearchives.nseindia.com/content/historical/EQUITIES/2023/JUN/cm09JUN2023bhav.csv.zip,2023-06-09,2c108b6dd3f06faf46f0a9706e83ee2757b1de91eda7470de6cdbe3e45e40f84,90623,historical NSE legacy equity bhavcopy,NSE download manifest
data/raw/bhavcopy_legacy/cm09MAR2015bhav.csv.zip,https://nsearchives.nseindia.com/content/historical/EQUITIES/2015/MAR/cm09MAR2015bhav.csv.zip,2015-03-09,521b4bdb542f9b8191aa130e38fabb7d1fb8bc6f39a51bb6306edbaba0b21f98,57053,historical NSE legacy equity bhavcopy,NSE download manifest
data/raw/bhavcopy_legacy/cm09MAR2016bhav.csv.zip,https://nsearchives.nseindia.com/content/historical/EQUITIES/2016/MAR/cm09MAR2016bhav.csv.zip,2016-03-09,74403db0684d580605a41639bba18d29b39311651164fb4eb8ae250f6dbf99c2,57961,historical NSE legacy equity bhavcopy,NSE download manifest
data/raw/bhavcopy_legacy/cm09MAR2017bhav.csv.zip,https://nsearchives.nseindia.com/content/historical/EQUITIES/2017/MAR/cm09MAR2017bhav.csv.zip,2017-03-09,1780133daf0123c0b45210db6505c94583b89ae597734a25a1011df375f35357,63306,historical NSE legacy equity bhavcopy,NSE download manifest
data/raw/bhavcopy_legacy/cm09MAR2018bhav.csv.zip,https://nsearchives.nseindia.com/content/historical/EQUITIES/2018/MAR/cm09MAR2018bhav.csv.zip,2018-03-09,c9c210f1097245bb05ba17cf64a00e30646390ddb69b1ffa69897f2e4ea262cf,68013,historical NSE legacy equity bhavcopy,NSE download manifest
data/raw/bhavcopy_legacy/cm09MAR2020bhav.csv.zip,https://nsearchives.nseindia.com/content/historical/EQUITIES/2020/MAR/cm09MAR2020bhav.csv.zip,2020-03-09,07504b63776b00436073bed52dd24b23f01e94f40eecc3eb16f005bb143f5a07,71831,historical NSE legacy equity bhavcopy,NSE download manifest
data/raw/bhavcopy_legacy/cm09MAR2021bhav.csv.zip,https://nsearchives.nseindia.com/content/historical/EQUITIES/2021/MAR/cm09MAR2021bhav.csv.zip,2021-03-09,cdb6e35de5b64c98d1d5ce818698ea54b2df45e6acd6b8a37fc0f3b99fd88853,75450,historical NSE legacy equity bhavcopy,NSE download manifest
data/raw/bhavcopy_legacy/cm09MAR2022bhav.csv.zip,https://nsearchives.nseindia.com/content/historical/EQUITIES/2022/MAR/cm09MAR2022bhav.csv.zip,2022-03-09,db08a5ed25629ef4ad531048180d965a7933dbd6f99c8a7a3ecb62190ca6fb1c,82634,historical NSE legacy equity bhavcopy,NSE download manifest
data/raw/bhavcopy_legacy/cm09MAR2023bhav.csv.zip,https://nsearchives.nseindia.com/content/historical/EQUITIES/2023/MAR/cm09MAR2023bhav.csv.zip,2023-03-09,47933f0e289019eaac1e5a79b6ec7987c8f44d958eb0a40541b3beae9d92e961,88812,historical NSE legacy equity bhavcopy,NSE download manifest
data/raw/bhavcopy_legacy/cm09MAY2013bhav.csv.zip,https://nsearchives.nseindia.com/content/historical/EQUITIES/2013/MAY/cm09MAY2013bhav.csv.zip,2013-05-09,5cd57a2ed653e09ebc01555e73cb1e066eb16f1f7a045c5d4c287b881c1f38b4,51475,historical NSE legacy equity bhavcopy,NSE download manifest
data/raw/bhavcopy_legacy/cm09MAY2014bhav.csv.zip,https://nsearchives.nseindia.com/content/historical/EQUITIES/2014/MAY/cm09MAY2014bhav.csv.zip,2014-05-09,bd2d7d9c450b45f591ecf38812979f3f40b4e866fbac9057f02d8e431bbd6faf,55549,historical NSE legacy equity bhavcopy,NSE download manifest
data/raw/bhavcopy_legacy/cm09MAY2016bhav.csv.zip,https://nsearchives.nseindia.com/content/historical/EQUITIES/2016/MAY/cm09MAY2016bhav.csv.zip,2016-05-09,098a18d9c9b3d021b9f1b6be50a4074f0ee62fef83b318c87461faf3517f8bfe,59476,historical NSE legacy equity bhavcopy,NSE download manifest
data/raw/bhavcopy_legacy/cm09MAY2017bhav.csv.zip,https://nsearchives.nseindia.com/content/historical/EQUITIES/2017/MAY/cm09MAY2017bhav.csv.zip,2017-05-09,1012a613669443879ad0707a99512197dd648df09e288b181b9a28bdf074a59d,64925,historical NSE legacy equity bhavcopy,NSE download manifest
data/raw/bhavcopy_legacy/cm09MAY2018bhav.csv.zip,https://nsearchives.nseindia.com/content/historical/EQUITIES/2018/MAY/cm09MAY2018bhav.csv.zip,2018-05-09,3d8a7e2cac1806b051079a42751ec976b39b783576fbe5a23c5db66bb7b49b0d,67941,historical NSE legacy equity bhavcopy,NSE download manifest
data/raw/bhavcopy_legacy/cm09MAY2019bhav.csv.zip,https://nsearchives.nseindia.com/content/historical/EQUITIES/2019/MAY/cm09MAY2019bhav.csv.zip,2019-05-09,86db51d90e8404255ee1c7404e3879569d8d67e4ef39ad184f81486acfb16254,67682,historical NSE legacy equity bhavcopy,NSE download manifest
data/raw/bhavcopy_legacy/cm09MAY2022bhav.csv.zip,https://nsearchives.nseindia.com/content/historical/EQUITIES/2022/MAY/cm09MAY2022bhav.csv.zip,2022-05-09,f28b0a9bda92eb00de385ec838b480c48ecd5fafce48c75aaf4af73759f1e06e,83873,historical NSE legacy equity bhavcopy,NSE download manifest
data/raw/bhavcopy_legacy/cm09MAY2023bhav.csv.zip,https://nsearchives.nseindia.com/content/historical/EQUITIES/2023/MAY/cm09MAY2023bhav.csv.zip,2023-05-09,a593be3309f1e4295533e47dd6b4029c7806c10a9d3b8f34d7f20c1ffabc8b4c,89853,historical NSE legacy equity bhavcopy,NSE download manifest
data/raw/bhavcopy_legacy/cm09MAY2024bhav.csv.zip,https://nsearchives.nseindia.com/content/historical/EQUITIES/2024/MAY/cm09MAY2024bhav.csv.zip,2024-05-09,6ead15106e7fd94d2599dc66900bd0e932f487ef1533e00141e2c6f7e252dc09,102510,historical NSE legacy equity bhavcopy,NSE download manifest
data/raw/bhavcopy_legacy/cm09NOV2015bhav.csv.zip,https://nsearchives.nseindia.com/content/historical/EQUITIES/2015/NOV/cm09NOV2015bhav.csv.zip,2015-11-09,41c459327aae7c3a9db834d17fd887876d9c281ae8b780feb3c2ef80a85518da,57160,historical NSE legacy equity bhavcopy,NSE download manifest
data/raw/bhavcopy_legacy/cm09NOV2016bhav.csv.zip,https://nsearchives.nseindia.com/content/historical/EQUITIES/2016/NOV/cm09NOV2016bhav.csv.zip,2016-11-09,0d88812fb7c7f51d760e80d5ce9276f3371836f65d2f2e99ea772d4c27f15694,62558,historical NSE legacy equity bhavcopy,NSE download manifest
data/raw/bhavcopy_legacy/cm09NOV2017bhav.csv.zip,https://nsearchives.nseindia.com/content/historical/EQUITIES/2017/NOV/cm09NOV2017bhav.csv.zip,2017-11-09,ee9fa75a815b7a6514bc055311f00ed3b83e76def0080c4fc967cc1b82718ad5,66830,historical NSE legacy equity bhavcopy,NSE download manifest
data/raw/bhavcopy_legacy/cm09NOV2018bhav.csv.zip,https://nsearchives.nseindia.com/content/historical/EQUITIES/2018/NOV/cm09NOV2018bhav.csv.zip,2018-11-09,6a2bb235498cfb4fe5af50142d1b96030ccb3e576540dfc9e85ddd2825a36072,67220,historical NSE legacy equity bhavcopy,NSE download manifest
data/raw/bhavcopy_legacy/cm09NOV2020bhav.csv.zip,https://nsearchives.nseindia.com/content/historical/EQUITIES/2020/NOV/cm09NOV2020bhav.csv.zip,2020-11-09,13cdf15186b7f9f124960568a8da93a5f95884a008b9e975f16a0c2c2767adf6,72468,historical NSE legacy equity bhavcopy,NSE download manifest
data/raw/bhavcopy_legacy/cm09NOV2021bhav.csv.zip,https://nsearchives.nseindia.com/content/historical/EQUITIES/2021/NOV/cm09NOV2021bhav.csv.zip,2021-11-09,66021801fd6f149111c6f3cdf0153c0a307a777fd5c956f53dad18fe4962636b,80018,historical NSE legacy equity bhavcopy,NSE download manifest
data/raw/bhavcopy_legacy/cm09NOV2022bhav.csv.zip,https://nsearchives.nseindia.com/content/historical/EQUITIES/2022/NOV/cm09NOV2022bhav.csv.zip,2022-11-09,7755158b9de6fd1fa127592815bae901e5f88ba1cda91beb2014c7411f63b94c,87188,historical NSE legacy equity bhavcopy,NSE download manifest
data/raw/bhavcopy_legacy/cm09NOV2023bhav.csv.zip,https://nsearchives.nseindia.com/content/historical/EQUITIES/2023/NOV/cm09NOV2023bhav.csv.zip,2023-11-09,8e6ff43644c8078242b9a2390f2026a6942b8a7dfd664fa4f5d133145938d935,96486,historical NSE legacy equity bhavcopy,NSE download manifest
data/raw/bhavcopy_legacy/cm09OCT2013bhav.csv.zip,https://nsearchives.nseindia.com/content/historical/EQUITIES/2013/OCT/cm09OCT2013bhav.csv.zip,2013-10-09,e2451544ba91effd9123e10b584c4df3a47949afca87ff8c59c184777ebc197e,48894,historical NSE legacy equity bhavcopy,NSE download manifest
data/raw/bhavcopy_legacy/cm09OCT2014bhav.csv.zip,https://nsearchives.nseindia.com/content/historical/EQUITIES/2014/OCT/cm09OCT2014bhav.csv.zip,2014-10-09,5a8a856be4b98f4d78e40bab5e49e2a9963f894310b1811453e45cb7cddac44c,58174,historical NSE legacy equity bhavcopy,NSE download manifest
data/raw/bhavcopy_legacy/cm09OCT2015bhav.csv.zip,https://nsearchives.nseindia.com/content/historical/EQUITIES/2015/OCT/cm09OCT2015bhav.csv.zip,2015-10-09,6b59be943ccd6bea406c4fe8bb8409ea7b66e8c2cbe501608938e42a86f3e5c6,58023,historical NSE legacy equity bhavcopy,NSE download manifest
data/raw/bhavcopy_legacy/cm09OCT2017bhav.csv.zip,https://nsearchives.nseindia.com/content/historical/EQUITIES/2017/OCT/cm09OCT2017bhav.csv.zip,2017-10-09,2858fa94728eeeecdbf9bc19a0675d0061dad2bdaad822bccecce65228f1fb64,66831,historical NSE legacy equity bhavcopy,NSE download manifest
data/raw/bhavcopy_legacy/cm09OCT2018bhav.csv.zip,https://nsearchives.nseindia.com/content/historical/EQUITIES/2018/OCT/cm09OCT2018bhav.csv.zip,2018-10-09,fed7df9bb69df7864226fb4ac8c32a96bb4fe8b646d3bdb71753ab656cbc1ef4,69343,historical NSE legacy equity bhavcopy,NSE download manifest
data/raw/bhavcopy_legacy/cm09OCT2019bhav.csv.zip,https://nsearchives.nseindia.com/content/historical/EQUITIES/2019/OCT/cm09OCT2019bhav.csv.zip,2019-10-09,c6b3a208227aa32e206d481f90838da2cd43e7236469968bd267356ee4a3851f,68626,historical NSE legacy equity bhavcopy,NSE download manifest
data/raw/bhavcopy_legacy/cm09OCT2020bhav.csv.zip,https://nsearchives.nseindia.com/content/historical/EQUITIES/2020/OCT/cm09OCT2020bhav.csv.zip,2020-10-09,08257c67f264ab7da7df36f63801133b3851981dd4036fd276b12b1d8293183d,71496,historical NSE legacy equity bhavcopy,NSE download manifest
data/raw/bhavcopy_legacy/cm09OCT2023bhav.csv.zip,https://nsearchives.nseindia.com/content/historical/EQUITIES/2023/OCT/cm09OCT2023bhav.csv.zip,2023-10-09,238b6da99402ae8d38b2252ce6a6c68b0db539671599b7b7fa03f26274aef9ea,96171,historical NSE legacy equity bhavcopy,NSE download manifest
data/raw/bhavcopy_legacy/cm09SEP2014bhav.csv.zip,https://nsearchives.nseindia.com/content/historical/EQUITIES/2014/SEP/cm09SEP2014bhav.csv.zip,2014-09-09,2d20bd56bb4aceb779e61b7c0c08f6528ce2a3bc386da7003915eb7a6e23671c,58418,historical NSE legacy equity bhavcopy,NSE download manifest
data/raw/bhavcopy_legacy/cm09SEP2015bhav.csv.zip,https://nsearchives.nseindia.com/content/historical/EQUITIES/2015/SEP/cm09SEP2015bhav.csv.zip,2015-09-09,715f4aebd0535fbe5cecfd1275a9f71922ae3b2a2ef09666d76d1b857c71e078,56807,historical NSE legacy equity bhavcopy,NSE download manifest
data/raw/bhavcopy_legacy/cm09SEP2016bhav.csv.zip,https://nsearchives.nseindia.com/content/historical/EQUITIES/2016/SEP/cm09SEP2016bhav.csv.zip,2016-09-09,fba772ecc40bb05c24d29c49f634c79cef0d9a736daa58f266f58ee5f675199d,62496,historical NSE legacy equity bhavcopy,NSE download manifest
data/raw/bhavcopy_legacy/cm09SEP2019bhav.csv.zip,https://nsearchives.nseindia.com/content/historical/EQUITIES/2019/SEP/cm09SEP2019bhav.csv.zip,2019-09-09,e57322ec8f059fd933847dad0c338aee32c35b22cd2be14b579af9fae0cddced,68146,historical NSE legacy equity bhavcopy,NSE download manifest
data/raw/bhavcopy_legacy/cm09SEP2020bhav.csv.zip,https://nsearchives.nseindia.com/content/historical/EQUITIES/2020/SEP/cm09SEP2020bhav.csv.zip,2020-09-09,490484c12fb11467098d95a8d3e612d4c53b79154219672f89da7c779688cca8,70805,historical NSE legacy equity bhavcopy,NSE download manifest
data/raw/bhavcopy_legacy/cm09SEP2021bhav.csv.zip,https://nsearchives.nseindia.com/content/historical/EQUITIES/2021/SEP/cm09SEP2021bhav.csv.zip,2021-09-09,40cd1feeb603f9ddab5e1fb9b99ac67793a14f423f652924e10ecf285745d7d0,77906,historical NSE legacy equity bhavcopy,NSE download manifest
data/raw/bhavcopy_legacy/cm09SEP2022bhav.csv.zip,https://nsearchives.nseindia.com/content/historical/EQUITIES/2022/SEP/cm09SEP2022bhav.csv.zip,2022-09-09,304770bed818c900ef67b90c2546fb8ead629463328c24c315f3536d991625b8,86254,historical NSE legacy equity bhavcopy,NSE download manifest
data/raw/bhavcopy_legacy/cm10APR2013bhav.csv.zip,https://nsearchives.nseindia.com/content/historical/EQUITIES/2013/APR/cm10APR2013bhav.csv.zip,2013-04-10,3624781170daf9970dff1719283ddd2254413dbb166e8d7a0642560bf4f61c3b,49358,historical NSE legacy equity bhavcopy,NSE download manifest
data/raw/bhavcopy_legacy/cm10APR2014bhav.csv.zip,https://nsearchives.nseindia.com/content/historical/EQUITIES/2014/APR/cm10APR2014bhav.csv.zip,2014-04-10,e91fa536026715039c2c9d4d132894ea7cffd61ad788418a1878bb8a774f308d,56341,historical NSE legacy equity bhavcopy,NSE download manifest
data/raw/bhavcopy_legacy/cm10APR2015bhav.csv.zip,https://nsearchives.nseindia.com/content/historical/EQUITIES/2015/APR/cm10APR2015bhav.csv.zip,2015-04-10,9f2714f4c849194d19e31d8de6b206e1359148f6ebdb3a828f483eae24b86dcb,57979,historical NSE legacy equity bhavcopy,NSE download manifest
data/raw/bhavcopy_legacy/cm10APR2017bhav.csv.zip,https://nsearchives.nseindia.com/content/historical/EQUITIES/2017/APR/cm10APR2017bhav.csv.zip,2017-04-10,d247773353e40fbefec880a05673f0a68af5f42c1b3f0554f23b4b8bfb20f772,65458,historical NSE legacy equity bhavcopy,NSE download manifest
data/raw/bhavcopy_legacy/cm10APR2018bhav.csv.zip,https://nsearchives.nseindia.com/content/historical/EQUITIES/2018/APR/cm10APR2018bhav.csv.zip,2018-04-10,c3b63fec48fb21915181574ec3f810fbf0d5116a2212a791a06d67c53f316a4c,68579,historical NSE legacy equity bhavcopy,NSE download manifest
data/raw/bhavcopy_legacy/cm10APR2019bhav.csv.zip,https://nsearchives.nseindia.com/content/historical/EQUITIES/2019/APR/cm10APR2019bhav.csv.zip,2019-04-10,e4ef6b0a2bc546cae12d8a39ac854f357ee37b39a3beec849f6998d6bf6bdecb,68182,historical NSE legacy equity bhavcopy,NSE download manifest
data/raw/bhavcopy_legacy/cm10APR2023bhav.csv.zip,https://nsearchives.nseindia.com/content/historical/EQUITIES/2023/APR/cm10APR2023bhav.csv.zip,2023-04-10,cc85874b2f7817b82dc542cbd0984d86fa31de9a8844b682c1f25a7da34a1be3,89748,historical NSE legacy equity bhavcopy,NSE download manifest
data/raw/bhavcopy_legacy/cm10APR2024bhav.csv.zip,https://nsearchives.nseindia.com/content/historical/EQUITIES/2024/APR/cm10APR2024bhav.csv.zip,2024-04-10,bf728b3fbc3880e4b2f4d69e3e682b65d491e9d732242c94cfbfedf0e1302ca9,101940,historical NSE legacy equity bhavcopy,NSE download manifest
data/raw/bhavcopy_legacy/cm10AUG2015bhav.csv.zip,https://nsearchives.nseindia.com/content/historical/EQUITIES/2015/AUG/cm10AUG2015bhav.csv.zip,2015-08-10,ccea4555f16320047849dbe7302fe436942c9bc06abde83b3b4fb29631d07c1a,58534,historical NSE legacy equity bhavcopy,NSE download manifest
data/raw/bhavcopy_legacy/cm10AUG2016bhav.csv.zip,https://nsearchives.nseindia.com/content/historical/EQUITIES/2016/AUG/cm10AUG2016bhav.csv.zip,2016-08-10,dfcf0b884c4b401e4c7db224fc9972f257c8dbb6f9596a6934f04930ca10d344,61396,historical NSE legacy equity bhavcopy,NSE download manifest
data/raw/bhavcopy_legacy/cm10AUG2017bhav.csv.zip,https://nsearchives.nseindia.com/content/historical/EQUITIES/2017/AUG/cm10AUG2017bhav.csv.zip,2017-08-10,12f4235ca8640a63dc31fc9d94302cbf4c8c445e25c034f4159bca7e8666dab3,65073,historical NSE legacy equity bhavcopy,NSE download manifest
data/raw/bhavcopy_legacy/cm10AUG2018bhav.csv.zip,https://nsearchives.nseindia.com/content/historical/EQUITIES/2018/AUG/cm10AUG2018bhav.csv.zip,2018-08-10,8490f816eb6d7928b28504fc82f2f4dae35464a1139571eba376e9db88d91a88,68685,historical NSE legacy equity bhavcopy,NSE download manifest
data/raw/bhavcopy_legacy/cm10AUG2020bhav.csv.zip,https://nsearchives.nseindia.com/content/historical/EQUITIES/2020/AUG/cm10AUG2020bhav.csv.zip,2020-08-10,6861fe70d9027acc083de14620de070531b2a63c5b7d173216bff1c07b792dd8,72057,historical NSE legacy equity bhavcopy,NSE download manifest
data/raw/bhavcopy_legacy/cm10AUG2021bhav.csv.zip,https://nsearchives.nseindia.com/content/historical/EQUITIES/2021/AUG/cm10AUG2021bhav.csv.zip,2021-08-10,3ca3314e2ed31a3aa2a018f16f44e474d3f5a3ff1dc3547dd5b22216bbc6a208,78062,historical NSE legacy equity bhavcopy,NSE download manifest
data/raw/bhavcopy_legacy/cm10AUG2022bhav.csv.zip,https://nsearchives.nseindia.com/content/historical/EQUITIES/2022/AUG/cm10AUG2022bhav.csv.zip,2022-08-10,32cb56737d9cab352910d604a2107dca441f357479d2c0268f523797d2fa2768,84662,historical NSE legacy equity bhavcopy,NSE download manifest
data/raw/bhavcopy_legacy/cm10AUG2023bhav.csv.zip,https://nsearchives.nseindia.com/content/historical/EQUITIES/2023/AUG/cm10AUG2023bhav.csv.zip,2023-08-10,731828b79a3015a33931b15aaad298970187b17853305c628246e95ae3882772,92786,historical NSE legacy equity bhavcopy,NSE download manifest
data/raw/bhavcopy_legacy/cm10DEC2013bhav.csv.zip,https://nsearchives.nseindia.com/content/historical/EQUITIES/2013/DEC/cm10DEC2013bhav.csv.zip,2013-12-10,bf9f785327bd0ea0a321616324ac41559741791ae3adc5be4304f4f6a89a027e,49830,historical NSE legacy equity bhavcopy,NSE download manifest
data/raw/bhavcopy_legacy/cm10DEC2014bhav.csv.zip,https://nsearchives.nseindia.com/content/historical/EQUITIES/2014/DEC/cm10DEC2014bhav.csv.zip,2014-12-10,29ba481dd306d9bc49c3b47e6cff25ada18a3e2b0497d516fef24d7ec9d8404b,57884,historical NSE legacy equity bhavcopy,NSE download manifest
data/raw/bhavcopy_legacy/cm10DEC2015bhav.csv.zip,https://nsearchives.nseindia.com/content/historical/EQUITIES/2015/DEC/cm10DEC2015bhav.csv.zip,2015-12-10,4c44bd81122b6b50ee145d8b5ef7e6d617a6103250f481a2d572b050527150c9,58027,historical NSE legacy equity bhavcopy,NSE download manifest
data/raw/bhavcopy_legacy/cm10DEC2018bhav.csv.zip,https://nsearchives.nseindia.com/content/historical/EQUITIES/2018/DEC/cm10DEC2018bhav.csv.zip,2018-12-10,7cbbba905fe25a9152bc95d25474b3f681491c9f9b06af43700ca16c197f9be8,66524,historical NSE legacy equity bhavcopy,NSE download manifest
data/raw/bhavcopy_legacy/cm10DEC2019bhav.csv.zip,https://nsearchives.nseindia.com/content/historical/EQUITIES/2019/DEC/cm10DEC2019bhav.csv.zip,2019-12-10,148e1e9bac4d3c0f2d2715da34580d0d5e14aa34fa03233ff1917987f3f44980,68590,historical NSE legacy equity bhavcopy,NSE download manifest
data/raw/bhavcopy_legacy/cm10DEC2020bhav.csv.zip,https://nsearchives.nseindia.com/content/historical/EQUITIES/2020/DEC/cm10DEC2020bhav.csv.zip,2020-12-10,f788746d9683dc41667947c97d3df1db4d0e8a666182e6c607aad87d463083b5,74087,historical NSE legacy equity bhavcopy,NSE download manifest
data/raw/bhavcopy_legacy/cm10DEC2021bhav.csv.zip,https://nsearchives.nseindia.com/content/historical/EQUITIES/2021/DEC/cm10DEC2021bhav.csv.zip,2021-12-10,fb9b2ee20f949a80c2cb79f5762597a6f80223fb3e7b433f94b88197068a9e0b,80087,historical NSE legacy equity bhavcopy,NSE download manifest
data/raw/bhavcopy_legacy/cm10FEB2014bhav.csv.zip,https://nsearchives.nseindia.com/content/historical/EQUITIES/2014/FEB/cm10FEB2014bhav.csv.zip,2014-02-10,52306c4aece92d30461c0d7d68b515b8aab1797d0d92fe5f43f189f271dcbf0c,51260,historical NSE legacy equity bhavcopy,NSE download manifest
data/raw/bhavcopy_legacy/cm10FEB2015bhav.csv.zip,https://nsearchives.nseindia.com/content/historical/EQUITIES/2015/FEB/cm10FEB2015bhav.csv.zip,2015-02-10,0d4f772390ca21c16c4e22df1b1d5b7540be94866f9f8b7f16ab0a72e3873b39,56207,historical NSE legacy equity bhavcopy,NSE download manifest
data/raw/bhavcopy_legacy/cm10FEB2016bhav.csv.zip,https://nsearchives.nseindia.com/content/historical/EQUITIES/2016/FEB/cm10FEB2016bhav.csv.zip,2016-02-10,9b73db48707854402106779c33c465365a8e2604c5ef49ca3c3e8ea54d22a5fa,58483,historical NSE legacy equity bhavcopy,NSE download manifest
data/raw/bhavcopy_legacy/cm10FEB2017bhav.csv.zip,https://nsearchives.nseindia.com/content/historical/EQUITIES/2017/FEB/cm10FEB2017bhav.csv.zip,2017-02-10,5309a4b4ebeefc887aa84c876a8303d31f9e20b71f3df53fb58913b992cfc322,63905,historical NSE legacy equity bhavcopy,NSE download manifest
data/raw/bhavcopy_legacy/cm10FEB2020bhav.csv.zip,https://nsearchives.nseindia.com/content/historical/EQUITIES/2020/FEB/cm10FEB2020bhav.csv.zip,2020-02-10,218e18e3732e9666d1391ac8a54c8ec1616b8c36a3e2c402d13c92ac1eec88f1,70260,historical NSE legacy equity bhavcopy,NSE download manifest
data/raw/bhavcopy_legacy/cm10FEB2021bhav.csv.zip,https://nsearchives.nseindia.com/content/historical/EQUITIES/2021/FEB/cm10FEB2021bhav.csv.zip,2021-02-10,9dbac860dcfc6bad056f413d375691ac970eb0f93aa462a631e33375a0cd8355,74343,historical NSE legacy equity bhavcopy,NSE download manifest
data/raw/bhavcopy_legacy/cm10FEB2022bhav.csv.zip,https://nsearchives.nseindia.com/content/historical/EQUITIES/2022/FEB/cm10FEB2022bhav.csv.zip,2022-02-10,2812f22f6582e2d44146526a86e9aed4c87e4db006b658d1931c1d0b6d709474,81646,historical NSE legacy equity bhavcopy,NSE download manifest
data/raw/bhavcopy_legacy/cm10FEB2023bhav.csv.zip,https://nsearchives.nseindia.com/content/historical/EQUITIES/2023/FEB/cm10FEB2023bhav.csv.zip,2023-02-10,c84e9456b3bd70620c0ea0290e0950aa9e06e1f342a587ca259837fc52dab081,87188,historical NSE legacy equity bhavcopy,NSE download manifest
data/raw/bhavcopy_legacy/cm10JAN2013bhav.csv.zip,https://nsearchives.nseindia.com/content/historical/EQUITIES/2013/JAN/cm10JAN2013bhav.csv.zip,2013-01-10,01983acb13fdff8794003989712eb21237d4e5ba65f4c8ec5ace5128a18404c6,56373,historical NSE legacy equity bhavcopy,NSE download manifest
data/raw/bhavcopy_legacy/cm10JAN2014bhav.csv.zip,https://nsearchives.nseindia.com/content/historical/EQUITIES/2014/JAN/cm10JAN2014bhav.csv.zip,2014-01-10,beca188802debe6e8b7787cd201599512fbbdbe07c33083b9f6ddbb70f91e87f,50906,historical NSE legacy equity bhavcopy,NSE download manifest
data/raw/bhavcopy_legacy/cm10JAN2017bhav.csv.zip,https://nsearchives.nseindia.com/content/historical/EQUITIES/2017/JAN/cm10JAN2017bhav.csv.zip,2017-01-10,a3c0737a0d2309225b1e6ea6261b77988adf25cc21e59f4d8637c413d4fbae99,62276,historical NSE legacy equity bhavcopy,NSE download manifest
data/raw/bhavcopy_legacy/cm10JAN2018bhav.csv.zip,https://nsearchives.nseindia.com/content/historical/EQUITIES/2018/JAN/cm10JAN2018bhav.csv.zip,2018-01-10,75ecdeefe048cec960b5b1f876db3baced1d8167488584c136a2f08a4e6da10f,69506,historical NSE legacy equity bhavcopy,NSE download manifest
data/raw/bhavcopy_legacy/cm10JAN2019bhav.csv.zip,https://nsearchives.nseindia.com/content/historical/EQUITIES/2019/JAN/cm10JAN2019bhav.csv.zip,2019-01-10,7bd56fcc2b1c259f34064b90de2cb422116eca37e80a8fd5714c6cf54102ab32,67119,historical NSE legacy equity bhavcopy,NSE download manifest
data/raw/bhavcopy_legacy/cm10JAN2020bhav.csv.zip,https://nsearchives.nseindia.com/content/historical/EQUITIES/2020/JAN/cm10JAN2020bhav.csv.zip,2020-01-10,89a048a0ce3b9242b58bc6aa2757972715104731747ea540a33c7daee8611e4a,69987,historical NSE legacy equity bhavcopy,NSE download manifest
data/raw/bhavcopy_legacy/cm10JAN2022bhav.csv.zip,https://nsearchives.nseindia.com/content/historical/EQUITIES/2022/JAN/cm10JAN2022bhav.csv.zip,2022-01-10,d6f078f3e2f981f34d1ef1dfdf0434bd2cade4eb95a5be657addbe397fef36ad,83631,historical NSE legacy equity bhavcopy,NSE download manifest
data/raw/bhavcopy_legacy/cm10JAN2023bhav.csv.zip,https://nsearchives.nseindia.com/content/historical/EQUITIES/2023/JAN/cm10JAN2023bhav.csv.zip,2023-01-10,42b7bfc337a1474b4b0a7265efdcdc021ae79e14c22caff036ba084356cb809f,87932,historical NSE legacy equity bhavcopy,NSE download manifest
data/raw/bhavcopy_legacy/cm10JAN2024bhav.csv.zip,https://nsearchives.nseindia.com/content/historical/EQUITIES/2024/JAN/cm10JAN2024bhav.csv.zip,2024-01-10,ac741b9d9ddd311c9c5f878fcb30b45e4a567c943f3205a9adb8a2680eba5239,100107,historical NSE legacy equity bhavcopy,NSE download manifest
data/raw/bhavcopy_legacy/cm10JUL2013bhav.csv.zip,https://nsearchives.nseindia.com/content/historical/EQUITIES/2013/JUL/cm10JUL2013bhav.csv.zip,2013-07-10,0f883d1259b6b7434d545a3072fa2610d3f6e44163efe1c50b3100d6c8c3256b,47574,historical NSE legacy equity bhavcopy,NSE download manifest
data/raw/bhavcopy_legacy/cm10JUL2014bhav.csv.zip,https://nsearchives.nseindia.com/content/historical/EQUITIES/2014/JUL/cm10JUL2014bhav.csv.zip,2014-07-10,cee7774b1b5269ed2950a4bd76966dc11406830723add8397733659a672a2363,57310,historical NSE legacy equity bhavcopy,NSE download manifest
data/raw/bhavcopy_legacy/cm10JUL2015bhav.csv.zip,https://nsearchives.nseindia.com/content/historical/EQUITIES/2015/JUL/cm10JUL2015bhav.csv.zip,2015-07-10,ac264e5f4e9655ee58abd436c95d8897adde865b1865a1a4f56647f2b1daa66b,56328,historical NSE legacy equity bhavcopy,NSE download manifest
data/raw/bhavcopy_legacy/cm10JUL2017bhav.csv.zip,https://nsearchives.nseindia.com/content/historical/EQUITIES/2017/JUL/cm10JUL2017bhav.csv.zip,2017-07-10,f9117181e32969f6a18279bea1205ef7c5a03da30986079ee64b22cbf6be0dc8,60494,historical NSE legacy equity bhavcopy,NSE download manifest
data/raw/bhavcopy_legacy/cm10JUL2018bhav.csv.zip,https://nsearchives.nseindia.com/content/historical/EQUITIES/2018/JUL/cm10JUL2018bhav.csv.zip,2018-07-10,baa31c7ce9990c7300e15936755890ab26c9846080197f5dcf4fcda04212ac36,67754,historical NSE legacy equity bhavcopy,NSE download manifest
data/raw/bhavcopy_legacy/cm10JUL2019bhav.csv.zip,https://nsearchives.nseindia.com/content/historical/EQUITIES/2019/JUL/cm10JUL2019bhav.csv.zip,2019-07-10,b830954858844b0758f2e6f3efd763431e3d7ac41cad95c6a581ccccabbc4184,67218,historical NSE legacy equity bhavcopy,NSE download manifest
data/raw/bhavcopy_legacy/cm10JUL2020bhav.csv.zip,https://nsearchives.nseindia.com/content/historical/EQUITIES/2020/JUL/cm10JUL2020bhav.csv.zip,2020-07-10,828a4a7a9a70d27f9119bf2b624aace771cb6e3bf6c3078ef84846821912ae3a,70091,historical NSE legacy equity bhavcopy,NSE download manifest
data/raw/bhavcopy_legacy/cm10JUL2023bhav.csv.zip,https://nsearchives.nseindia.com/content/historical/EQUITIES/2023/JUL/cm10JUL2023bhav.csv.zip,2023-07-10,e4ae3f02de52361cdc7b0fbc931a67cfec8f2adf9e42015c600d58ad39bc5027,92502,historical NSE legacy equity bhavcopy,NSE download manifest
data/raw/bhavcopy_legacy/cm10JUN2013bhav.csv.zip,https://nsearchives.nseindia.com/content/historical/EQUITIES/2013/JUN/cm10JUN2013bhav.csv.zip,2013-06-10,1fe0668ef433539f14463c931a5ff303285acb44975bc7c6452c0cd8ae6c25cd,50141,historical NSE legacy equity bhavcopy,NSE download manifest
data/raw/bhavcopy_legacy/cm10JUN2014bhav.csv.zip,https://nsearchives.nseindia.com/content/historical/EQUITIES/2014/JUN/cm10JUN2014bhav.csv.zip,2014-06-10,9e623766c5794ce28a0c6be5882cb0e6ed28ee22d3d46013a248f2b7945b7b53,58648,historical NSE legacy equity bhavcopy,NSE download manifest
data/raw/bhavcopy_legacy/cm10JUN2015bhav.csv.zip,https://nsearchives.nseindia.com/content/historical/EQUITIES/2015/JUN/cm10JUN2015bhav.csv.zip,2015-06-10,d904ebe5f7e651806b6ca808f50ab1cb4d9908448f6a56712787558f57e853f2,55230,historical NSE legacy equity bhavcopy,NSE download manifest
data/raw/bhavcopy_legacy/cm10JUN2016bhav.csv.zip,https://nsearchives.nseindia.com/content/historical/EQUITIES/2016/JUN/cm10JUN2016bhav.csv.zip,2016-06-10,73a30f258b4bf7c3ee3cfc4b225e73fedec66890ba2ffb3c5170f4e6b3aec0eb,59740,historical NSE legacy equity bhavcopy,NSE download manifest
data/raw/bhavcopy_legacy/cm10JUN2019bhav.csv.zip,https://nsearchives.nseindia.com/content/historical/EQUITIES/2019/JUN/cm10JUN2019bhav.csv.zip,2019-06-10,2053c79bccc70c9d1cc59d971a99c6810aaf8eb317485bd2949d686da75f64f4,69244,historical NSE legacy equity bhavcopy,NSE download manifest
data/raw/bhavcopy_legacy/cm10JUN2020bhav.csv.zip,https://nsearchives.nseindia.com/content/historical/EQUITIES/2020/JUN/cm10JUN2020bhav.csv.zip,2020-06-10,ecfe2aa11e5332e5b89eb0665e8e44f493b594427da93c244ee51b1aca669750,70016,historical NSE legacy equity bhavcopy,NSE download manifest
data/raw/bhavcopy_legacy/cm10JUN2021bhav.csv.zip,https://nsearchives.nseindia.com/content/historical/EQUITIES/2021/JUN/cm10JUN2021bhav.csv.zip,2021-06-10,2842e57961fdccd12cd3d722f44204199d63280a4be0ebe1dd6a2c553b80535f,77401,historical NSE legacy equity bhavcopy,NSE download manifest
data/raw/bhavcopy_legacy/cm10JUN2022bhav.csv.zip,https://nsearchives.nseindia.com/content/historical/EQUITIES/2022/JUN/cm10JUN2022bhav.csv.zip,2022-06-10,f9aa16ccec9d553d63a1841944c3a9c3fb70ffca966b94cbc420d492e3dbe548,82270,historical NSE legacy equity bhavcopy,NSE download manifest
data/raw/bhavcopy_legacy/cm10JUN2024bhav.csv.zip,https://nsearchives.nseindia.com/content/historical/EQUITIES/2024/JUN/cm10JUN2024bhav.csv.zip,2024-06-10,3f27279c83b079cc72a1fb5bdf880e1accf32afd2ff2f7c0374fef52af927d71,108013,historical NSE legacy equity bhavcopy,NSE download manifest
data/raw/bhavcopy_legacy/cm10MAR2014bhav.csv.zip,https://nsearchives.nseindia.com/content/historical/EQUITIES/2014/MAR/cm10MAR2014bhav.csv.zip,2014-03-10,1e60fb9a0c04321665fc0dc33fa1770e3d78ecb231c70f804e0337aa690aa3a5,54806,historical NSE legacy equity bhavcopy,NSE download manifest
data/raw/bhavcopy_legacy/cm10MAR2015bhav.csv.zip,https://nsearchives.nseindia.com/content/historical/EQUITIES/2015/MAR/cm10MAR2015bhav.csv.zip,2015-03-10,2befbe665b6d7d307a290f9ad72550e45abec05305507857ba3ea5aa37f480cb,57520,historical NSE legacy equity bhavcopy,NSE download manifest
data/raw/bhavcopy_legacy/cm10MAR2016bhav.csv.zip,https://nsearchives.nseindia.com/content/historical/EQUITIES/2016/MAR/cm10MAR2016bhav.csv.zip,2016-03-10,e2dfcbcbc62e66885dcc5798cc5b6f07b795a8fb7ae4b590366000154f44d630,57825,historical NSE legacy equity bhavcopy,NSE download manifest
data/raw/bhavcopy_legacy/cm10MAR2017bhav.csv.zip,https://nsearchives.nseindia.com/content/historical/EQUITIES/2017/MAR/cm10MAR2017bhav.csv.zip,2017-03-10,7dee3982d8cd1157a7cd7dddfd82ba7d07a6b7b57573b21f32b5b2e9c26ab235,63176,historical NSE legacy equity bhavcopy,NSE download manifest
data/raw/bhavcopy_legacy/cm10MAR2021bhav.csv.zip,https://nsearchives.nseindia.com/content/historical/EQUITIES/2021/MAR/cm10MAR2021bhav.csv.zip,2021-03-10,4f6ae7c307587444252662aa6e9e74ea3cd85249ed5fcabbf90ce56c04e49e47,75081,historical NSE legacy equity bhavcopy,NSE download manifest
data/raw/bhavcopy_legacy/cm10MAR2022bhav.csv.zip,https://nsearchives.nseindia.com/content/historical/EQUITIES/2022/MAR/cm10MAR2022bhav.csv.zip,2022-03-10,f459e0951888edcd97d5ad2111480693028e31378c75ce39f0fb106ff2b29675,82523,historical NSE legacy equity bhavcopy,NSE download manifest
data/raw/bhavcopy_legacy/cm10MAR2023bhav.csv.zip,https://nsearchives.nseindia.com/content/historical/EQUITIES/2023/MAR/cm10MAR2023bhav.csv.zip,2023-03-10,7a1bc21af0c2b5805bbf66d64fbc2593d33fae34dba4addcca585bb9f39095ca,87825,historical NSE legacy equity bhavcopy,NSE download manifest
data/raw/bhavcopy_legacy/cm10MAY2013bhav.csv.zip,https://nsearchives.nseindia.com/content/historical/EQUITIES/2013/MAY/cm10MAY2013bhav.csv.zip,2013-05-10,4ef778cfaa5c465a8395ee2dc9fdc25c426fc025c1ba0a3f628350b83acebb50,51388,historical NSE legacy equity bhavcopy,NSE download manifest
data/raw/bhavcopy_legacy/cm10MAY2016bhav.csv.zip,https://nsearchives.nseindia.com/content/historical/EQUITIES/2016/MAY/cm10MAY2016bhav.csv.zip,2016-05-10,71f35c1464730f0d78079ac72368dfebeb0e74503bb85a015dfb6e2101964f37,58791,historical NSE legacy equity bhavcopy,NSE download manifest
data/raw/bhavcopy_legacy/cm10MAY2017bhav.csv.zip,https://nsearchives.nseindia.com/content/historical/EQUITIES/2017/MAY/cm10MAY2017bhav.csv.zip,2017-05-10,ca077146caeb9bfa0556f5e54ee7fe2f5ba18d232bd3fc83174e13eaa51e936f,64796,historical NSE legacy equity bhavcopy,NSE download manifest
data/raw/bhavcopy_legacy/cm10MAY2018bhav.csv.zip,https://nsearchives.nseindia.com/content/historical/EQUITIES/2018/MAY/cm10MAY2018bhav.csv.zip,2018-05-10,cb0b215732968f742496978cc177e63df888245c7ff4bcc09349eadb2bb55299,67961,historical NSE legacy equity bhavcopy,NSE download manifest
data/raw/bhavcopy_legacy/cm10MAY2019bhav.csv.zip,https://nsearchives.nseindia.com/content/historical/EQUITIES/2019/MAY/cm10MAY2019bhav.csv.zip,2019-05-10,c97f5e517bd04cfa1bea10982314fb41abce68e7f557fa9e773033b95bc51217,67389,historical NSE legacy equity bhavcopy,NSE download manifest
data/raw/bhavcopy_legacy/cm10MAY2021bhav.csv.zip,https://nsearchives.nseindia.com/content/historical/EQUITIES/2021/MAY/cm10MAY2021bhav.csv.zip,2021-05-10,865d254bba618e66d445e26c8eb1b9a19e6ad5d9030b95f669e3934181170fbb,77427,historical NSE legacy equity bhavcopy,NSE download manifest
data/raw/bhavcopy_legacy/cm10MAY2022bhav.csv.zip,https://nsearchives.nseindia.com/content/historical/EQUITIES/2022/MAY/cm10MAY2022bhav.csv.zip,2022-05-10,c7f7c5d212a7a838c9eb8bf902ccab81292558ea76ac2871b9a75167879d909c,83204,historical NSE legacy equity bhavcopy,NSE download manifest
data/raw/bhavcopy_legacy/cm10MAY2023bhav.csv.zip,https://nsearchives.nseindia.com/content/historical/EQUITIES/2023/MAY/cm10MAY2023bhav.csv.zip,2023-05-10,492e94a7355e2c79e9c7cb928c2ee76fa76b81d6cf8b1271b5ab21ceea275ab7,89076,historical NSE legacy equity bhavcopy,NSE download manifest
data/raw/bhavcopy_legacy/cm10MAY2024bhav.csv.zip,https://nsearchives.nseindia.com/content/historical/EQUITIES/2024/MAY/cm10MAY2024bhav.csv.zip,2024-05-10,6fcd7a8b3081515865c2cae8fca23c43d86623c5c752e60a37a9ee460465373c,102623,historical NSE legacy equity bhavcopy,NSE download manifest
data/raw/bhavcopy_legacy/cm10NOV2014bhav.csv.zip,https://nsearchives.nseindia.com/content/historical/EQUITIES/2014/NOV/cm10NOV2014bhav.csv.zip,2014-11-10,41ae330eea117a6e1c77dc936e3fae8ba31ebd30361227dd2f444f81cdc1a7d8,58601,historical NSE legacy equity bhavcopy,NSE download manifest
data/raw/bhavcopy_legacy/cm10NOV2015bhav.csv.zip,https://nsearchives.nseindia.com/content/historical/EQUITIES/2015/NOV/cm10NOV2015bhav.csv.zip,2015-11-10,ff7fca1d616ed10ac1f664353451b6aeabd396ac50d948757437c81292180f46,56817,historical NSE legacy equity bhavcopy,NSE download manifest
data/raw/bhavcopy_legacy/cm10NOV2016bhav.csv.zip,https://nsearchives.nseindia.com/content/historical/EQUITIES/2016/NOV/cm10NOV2016bhav.csv.zip,2016-11-10,cbd0e3d96479ef35d5fddc6ea709996b6ad7878a731137035fdeed063e044916,62217,historical NSE legacy equity bhavcopy,NSE download manifest
data/raw/bhavcopy_legacy/cm10NOV2017bhav.csv.zip,https://nsearchives.nseindia.com/content/historical/EQUITIES/2017/NOV/cm10NOV2017bhav.csv.zip,2017-11-10,129bce8806cd00996d1078485cc6b4aba6f132187e01676581a94ec90acb6c9b,66261,historical NSE legacy equity bhavcopy,NSE download manifest
data/raw/bhavcopy_legacy/cm10NOV2020bhav.csv.zip,https://nsearchives.nseindia.com/content/historical/EQUITIES/2020/NOV/cm10NOV2020bhav.csv.zip,2020-11-10,d1d55f8e0027b69ea1ef7cd77d9426c767b9ed8aa445f11966cfab137899a79b,72486,historical NSE legacy equity bhavcopy,NSE download manifest
data/raw/bhavcopy_legacy/cm10NOV2021bhav.csv.zip,https://nsearchives.nseindia.com/content/historical/EQUITIES/2021/NOV/cm10NOV2021bhav.csv.zip,2021-11-10,57b5eae345b2509c8db2e79c1c05edde1291b431adcb9642a9736609d9db0280,79111,historical NSE legacy equity bhavcopy,NSE download manifest
data/raw/bhavcopy_legacy/cm10NOV2022bhav.csv.zip,https://nsearchives.nseindia.com/content/historical/EQUITIES/2022/NOV/cm10NOV2022bhav.csv.zip,2022-11-10,141074c28ad5977b8aaca746242a36b6d120344c784afaca950c8a54339fb345,86135,historical NSE legacy equity bhavcopy,NSE download manifest
data/raw/bhavcopy_legacy/cm10NOV2023bhav.csv.zip,https://nsearchives.nseindia.com/content/historical/EQUITIES/2023/NOV/cm10NOV2023bhav.csv.zip,2023-11-10,d0a41cf585186d083b7e5c260727ca5f810a2dffd9fbc4b46af25fe461ee3952,95986,historical NSE legacy equity bhavcopy,NSE download manifest
data/raw/bhavcopy_legacy/cm10OCT2013bhav.csv.zip,https://nsearchives.nseindia.com/content/historical/EQUITIES/2013/OCT/cm10OCT2013bhav.csv.zip,2013-10-10,f08cb7c00cb7c3ea49324261509c75dd739c5926a26128b483b9c5aa7f8c6c05,48704,historical NSE legacy equity bhavcopy,NSE download manifest
data/raw/bhavcopy_legacy/cm10OCT2014bhav.csv.zip,https://nsearchives.nseindia.com/content/historical/EQUITIES/2014/OCT/cm10OCT2014bhav.csv.zip,2014-10-10,e9d489b7a9dba8d11498656707752590e28fc6ec2991742ef1b83ae16bf72a7b,57131,historical NSE legacy equity bhavcopy,NSE download manifest
data/raw/bhavcopy_legacy/cm10OCT2016bhav.csv.zip,https://nsearchives.nseindia.com/content/historical/EQUITIES/2016/OCT/cm10OCT2016bhav.csv.zip,2016-10-10,90afd956688bf447d75ed4595e5e391d2aa5dfd1a1b16b7b26020851a47dd11c,62349,historical NSE legacy equity bhavcopy,NSE download manifest
data/raw/bhavcopy_legacy/cm10OCT2017bhav.csv.zip,https://nsearchives.nseindia.com/content/historical/EQUITIES/2017/OCT/cm10OCT2017bhav.csv.zip,2017-10-10,ee0c7dd529fc4a7d1be43e7459c7675d298f3f07ce51dc70dfecab047db259f6,66663,historical NSE legacy equity bhavcopy,NSE download manifest
data/raw/bhavcopy_legacy/cm10OCT2018bhav.csv.zip,https://nsearchives.nseindia.com/content/historical/EQUITIES/2018/OCT/cm10OCT2018bhav.csv.zip,2018-10-10,544bb5ab9df51a0ad7f9083f31593cd6ad8d008ccca57e544a87eceed7c95c32,69089,historical NSE legacy equity bhavcopy,NSE download manifest
data/raw/bhavcopy_legacy/cm10OCT2019bhav.csv.zip,https://nsearchives.nseindia.com/content/historical/EQUITIES/2019/OCT/cm10OCT2019bhav.csv.zip,2019-10-10,4ec3d52a03bf451d36a549dda44bf7b5c1db8ccdcc7971a220438f23713e43da,67937,historical NSE legacy equity bhavcopy,NSE download manifest
data/raw/bhavcopy_legacy/cm10OCT2022bhav.csv.zip,https://nsearchives.nseindia.com/content/historical/EQUITIES/2022/OCT/cm10OCT2022bhav.csv.zip,2022-10-10,f034423389ead293865669e01c959af73901aab126217b4cea80b84425e4def8,86559,historical NSE legacy equity bhavcopy,NSE download manifest
data/raw/bhavcopy_legacy/cm10OCT2023bhav.csv.zip,https://nsearchives.nseindia.com/content/historical/EQUITIES/2023/OCT/cm10OCT2023bhav.csv.zip,2023-10-10,b33abf833663d3a270739b8f50b87566fa2f8e24b7ba6dfa5ae1662c1e49f098,95270,historical NSE legacy equity bhavcopy,NSE download manifest
data/raw/bhavcopy_legacy/cm10SEP2013bhav.csv.zip,https://nsearchives.nseindia.com/content/historical/EQUITIES/2013/SEP/cm10SEP2013bhav.csv.zip,2013-09-10,12cf9f7b5987ae6037aa02cc0182ded0489b22c09d41ca8c775312db7da7dd83,49401,historical NSE legacy equity bhavcopy,NSE download manifest
data/raw/bhavcopy_legacy/cm10SEP2014bhav.csv.zip,https://nsearchives.nseindia.com/content/historical/EQUITIES/2014/SEP/cm10SEP2014bhav.csv.zip,2014-09-10,4ca2f6b8851365b5bd2952b8d8a17c3a41e2893a32aabff06da6af00e885cc1b,58816,historical NSE legacy equity bhavcopy,NSE download manifest
data/raw/bhavcopy_legacy/cm10SEP2015bhav.csv.zip,https://nsearchives.nseindia.com/content/historical/EQUITIES/2015/SEP/cm10SEP2015bhav.csv.zip,2015-09-10,0bd5c70c9276a00b6d7ccdcc3af081b3ffcea691d96bb287844b32ca6f45ca68,56124,historical NSE legacy equity bhavcopy,NSE download manifest
data/raw/bhavcopy_legacy/cm10SEP2018bhav.csv.zip,https://nsearchives.nseindia.com/content/historical/EQUITIES/2018/SEP/cm10SEP2018bhav.csv.zip,2018-09-10,e93a4f254cebf515978e2d1723d4f8b2caa1aacb842b1e2789dab07cd10ec915,69239,historical NSE legacy equity bhavcopy,NSE download manifest
data/raw/bhavcopy_legacy/cm10SEP2020bhav.csv.zip,https://nsearchives.nseindia.com/content/historical/EQUITIES/2020/SEP/cm10SEP2020bhav.csv.zip,2020-09-10,076cf4e04b085ad89e6db2f706d851a076a2457be4270ac5d79ad7461d4a925f,70392,historical NSE legacy equity bhavcopy,NSE download manifest
data/raw/bhavcopy_legacy/cm11APR2013bhav.csv.zip,https://nsearchives.nseindia.com/content/historical/EQUITIES/2013/APR/cm11APR2013bhav.csv.zip,2013-04-11,746e815a5dd3c77564a42329c1bba39b48c25695abdbc52a98eea2ac6ccef82f,48787,historical NSE legacy equity bhavcopy,NSE download manifest
data/raw/bhavcopy_legacy/cm11APR2014bhav.csv.zip,https://nsearchives.nseindia.com/content/historical/EQUITIES/2014/APR/cm11APR2014bhav.csv.zip,2014-04-11,3f94d784f69cfc5e19737ee94258cbc9c7361adeb9b6d3134c211103bd0451b9,55794,historical NSE legacy equity bhavcopy,NSE download manifest
data/raw/bhavcopy_legacy/cm11APR2016bhav.csv.zip,https://nsearchives.nseindia.com/content/historical/EQUITIES/2016/APR/cm11APR2016bhav.csv.zip,2016-04-11,d122eda4da42ea0564bd4177e5e627e3393697f60c513916ed33a29918c4d3e1,58837,historical NSE legacy equity bhavcopy,NSE download manifest
data/raw/bhavcopy_legacy/cm11APR2017bhav.csv.zip,https://nsearchives.nseindia.com/content/historical/EQUITIES/2017/APR/cm11APR2017bhav.csv.zip,2017-04-11,b817a991f55f2935dcf5fe8aef20d5b9b3cfa83df963f4df9d3ef5ab0c88f219,65281,historical NSE legacy equity bhavcopy,NSE download manifest
data/raw/bhavcopy_legacy/cm11APR2018bhav.csv.zip,https://nsearchives.nseindia.com/content/historical/EQUITIES/2018/APR/cm11APR2018bhav.csv.zip,2018-04-11,773244fb691129592995d95fc0b44ce645f1a79e0ae641ef688c8d0755e3fe04,68308,historical NSE legacy equity bhavcopy,NSE download manifest
data/raw/bhavcopy_legacy/cm11APR2019bhav.csv.zip,https://nsearchives.nseindia.com/content/historical/EQUITIES/2019/APR/cm11APR2019bhav.csv.zip,2019-04-11,8c4a9a18308ffb50d771af529b411b4b9913c070ba645d88c8f7f3b2568edaef,67477,historical NSE legacy equity bhavcopy,NSE download manifest
data/raw/bhavcopy_legacy/cm11APR2022bhav.csv.zip,https://nsearchives.nseindia.com/content/historical/EQUITIES/2022/APR/cm11APR2022bhav.csv.zip,2022-04-11,356ae33035ca98a17c4da4055e02f8c99a14b885e42112ee61a7a0ff6feec60e,85235,historical NSE legacy equity bhavcopy,NSE download manifest
data/raw/bhavcopy_legacy/cm11APR2023bhav.csv.zip,https://nsearchives.nseindia.com/content/historical/EQUITIES/2023/APR/cm11APR2023bhav.csv.zip,2023-04-11,029d0b5f02b11af90b34560531cfa36cc1eab7410b590bbae80a5650c70a5da1,88658,historical NSE legacy equity bhavcopy,NSE download manifest
data/raw/bhavcopy_legacy/cm11AUG2014bhav.csv.zip,https://nsearchives.nseindia.com/content/historical/EQUITIES/2014/AUG/cm11AUG2014bhav.csv.zip,2014-08-11,9680f16927c5e512299939ec351b272002348018cc3d340f51f24fb9b966a2c3,56781,historical NSE legacy equity bhavcopy,NSE download manifest
data/raw/bhavcopy_legacy/cm11AUG2015bhav.csv.zip,https://nsearchives.nseindia.com/content/historical/EQUITIES/2015/AUG/cm11AUG2015bhav.csv.zip,2015-08-11,a4b1a801e75ccb159260e925feef8119f528c00238295b029c00b92e62004b35,57680,historical NSE legacy equity bhavcopy,NSE download manifest
data/raw/bhavcopy_legacy/cm11AUG2016bhav.csv.zip,https://nsearchives.nseindia.com/content/historical/EQUITIES/2016/AUG/cm11AUG2016bhav.csv.zip,2016-08-11,53a80ef0fba0442d285bfc2b8a30ddeaa7479762a7c4fbafa73bc215b79e13a5,60933,historical NSE legacy equity bhavcopy,NSE download manifest
data/raw/bhavcopy_legacy/cm11AUG2017bhav.csv.zip,https://nsearchives.nseindia.com/content/historical/EQUITIES/2017/AUG/cm11AUG2017bhav.csv.zip,2017-08-11,2d3835d27dcef745cb63bc49e66e702f93097ec3fbb0cc3b17f5eaaf396e9b17,65230,historical NSE legacy equity bhavcopy,NSE download manifest
data/raw/bhavcopy_legacy/cm11AUG2020bhav.csv.zip,https://nsearchives.nseindia.com/content/historical/EQUITIES/2020/AUG/cm11AUG2020bhav.csv.zip,2020-08-11,ed1c90e1092f119bbfe7e9a5930d0962224e99bbcc81126045e8cbe5924f4a40,71597,historical NSE legacy equity bhavcopy,NSE download manifest
data/raw/bhavcopy_legacy/cm11AUG2021bhav.csv.zip,https://nsearchives.nseindia.com/content/historical/EQUITIES/2021/AUG/cm11AUG2021bhav.csv.zip,2021-08-11,4580cd9e2d0e2dd90469049a7cb958c299cbd5b35d0d3b715a2dbcfbec4a0cd5,78347,historical NSE legacy equity bhavcopy,NSE download manifest
data/raw/bhavcopy_legacy/cm11AUG2022bhav.csv.zip,https://nsearchives.nseindia.com/content/historical/EQUITIES/2022/AUG/cm11AUG2022bhav.csv.zip,2022-08-11,4441e44cb5444a9f587d98e9dd280d77dda74dc484b61b25e1537071b5afdf67,83944,historical NSE legacy equity bhavcopy,NSE download manifest
data/raw/bhavcopy_legacy/cm11AUG2023bhav.csv.zip,https://nsearchives.nseindia.com/content/historical/EQUITIES/2023/AUG/cm11AUG2023bhav.csv.zip,2023-08-11,9ce534f5f99f2cb35792d05b1881fe4f85338e0426b074de9e41b996c8d63d13,93274,historical NSE legacy equity bhavcopy,NSE download manifest
data/raw/bhavcopy_legacy/cm11DEC2013bhav.csv.zip,https://nsearchives.nseindia.com/content/historical/EQUITIES/2013/DEC/cm11DEC2013bhav.csv.zip,2013-12-11,b54ad9fff198476200688621eab27c6f0f5545fdeee82c10265783ec5dc8e12b,49411,historical NSE legacy equity bhavcopy,NSE download manifest
data/raw/bhavcopy_legacy/cm11DEC2014bhav.csv.zip,https://nsearchives.nseindia.com/content/historical/EQUITIES/2014/DEC/cm11DEC2014bhav.csv.zip,2014-12-11,a44ebe84d2555090cff3887d9ccf768268da3768bd0e02bfe331e2657e469267,57485,historical NSE legacy equity bhavcopy,NSE download manifest
data/raw/bhavcopy_legacy/cm11DEC2015bhav.csv.zip,https://nsearchives.nseindia.com/content/historical/EQUITIES/2015/DEC/cm11DEC2015bhav.csv.zip,2015-12-11,67b1cf5f57848bc0e64fbf78a249cbac5c0d3a6799b80fa527b942095d345791,58533,historical NSE legacy equity bhavcopy,NSE download manifest
data/raw/bhavcopy_legacy/cm11DEC2017bhav.csv.zip,https://nsearchives.nseindia.com/content/historical/EQUITIES/2017/DEC/cm11DEC2017bhav.csv.zip,2017-12-11,4737e5e88dcae4107fefba8215ec35f5c8abb1b9041a7e735a9771b1f16973cc,67968,historical NSE legacy equity bhavcopy,NSE download manifest
data/raw/bhavcopy_legacy/cm11DEC2018bhav.csv.zip,https://nsearchives.nseindia.com/content/historical/EQUITIES/2018/DEC/cm11DEC2018bhav.csv.zip,2018-12-11,5223ec48a236bcf095cfd6b3de728c7828deb818a72bd16cb01064cc77ca8239,65889,historical NSE legacy equity bhavcopy,NSE download manifest
data/raw/bhavcopy_legacy/cm11DEC2019bhav.csv.zip,https://nsearchives.nseindia.com/content/historical/EQUITIES/2019/DEC/cm11DEC2019bhav.csv.zip,2019-12-11,711b90dc94e8787ee372047902b3d9dc993c633b05a4b6b0aa387307a76ac4a3,68165,historical NSE legacy equity bhavcopy,NSE download manifest
data/raw/bhavcopy_legacy/cm11DEC2020bhav.csv.zip,https://nsearchives.nseindia.com/content/historical/EQUITIES/2020/DEC/cm11DEC2020bhav.csv.zip,2020-12-11,ea57aff4b6e573ea16c65589e47037f65b0f1c31eff79ed9e96920272eb9a449,73886,historical NSE legacy equity bhavcopy,NSE download manifest
data/raw/bhavcopy_legacy/cm11DEC2023bhav.csv.zip,https://nsearchives.nseindia.com/content/historical/EQUITIES/2023/DEC/cm11DEC2023bhav.csv.zip,2023-12-11,ec4effc23fa71f4f936b473d6857f9b3458bed7093781dd908049f5def5a1ff8,99759,historical NSE legacy equity bhavcopy,NSE download manifest
data/raw/bhavcopy_legacy/cm11FEB2013bhav.csv.zip,https://nsearchives.nseindia.com/content/historical/EQUITIES/2013/FEB/cm11FEB2013bhav.csv.zip,2013-02-11,f7150b1e63cd97756d3f8613a9b993db395c1e59893aaf50185802de231d5cc7,55343,historical NSE legacy equity bhavcopy,NSE download manifest
data/raw/bhavcopy_legacy/cm11FEB2014bhav.csv.zip,https://nsearchives.nseindia.com/content/historical/EQUITIES/2014/FEB/cm11FEB2014bhav.csv.zip,2014-02-11,7906e6a3122570e8ffc916b771ffc10182b1d9a1a30c51e8e18e3e7a73918224,51821,historical NSE legacy equity bhavcopy,NSE download manifest
data/raw/bhavcopy_legacy/cm11FEB2015bhav.csv.zip,https://nsearchives.nseindia.com/content/historical/EQUITIES/2015/FEB/cm11FEB2015bhav.csv.zip,2015-02-11,b3cdad59fccd58284af933ae09b3cbad63e0bce922853a0674bbd9c78b7fa360,55868,historical NSE legacy equity bhavcopy,NSE download manifest
data/raw/bhavcopy_legacy/cm11FEB2016bhav.csv.zip,https://nsearchives.nseindia.com/content/historical/EQUITIES/2016/FEB/cm11FEB2016bhav.csv.zip,2016-02-11,a57cd3db7ffdde18248a8178ce5e79ac851b76fbdce100fae73a69ac85907c41,58940,historical NSE legacy equity bhavcopy,NSE download manifest
data/raw/bhavcopy_legacy/cm11FEB2019bhav.csv.zip,https://nsearchives.nseindia.com/content/historical/EQUITIES/2019/FEB/cm11FEB2019bhav.csv.zip,2019-02-11,3bb2919575da40b635f4fab543825567f9a61226c713bf1f5c39e97493a31cb7,68342,historical NSE legacy equity bhavcopy,NSE download manifest
data/raw/bhavcopy_legacy/cm11FEB2020bhav.csv.zip,https://nsearchives.nseindia.com/content/historical/EQUITIES/2020/FEB/cm11FEB2020bhav.csv.zip,2020-02-11,406561c2290d0eba69168503b783a9dffbabbb8cd99d2f1d9bcbc629ab3727a3,69522,historical NSE legacy equity bhavcopy,NSE download manifest
data/raw/bhavcopy_legacy/cm11FEB2021bhav.csv.zip,https://nsearchives.nseindia.com/content/historical/EQUITIES/2021/FEB/cm11FEB2021bhav.csv.zip,2021-02-11,3d297d8b17549b2ac103dcf58d4e085d6a1d73cb172083623beecbfcf6318322,74959,historical NSE legacy equity bhavcopy,NSE download manifest
data/raw/bhavcopy_legacy/cm11FEB2022bhav.csv.zip,https://nsearchives.nseindia.com/content/historical/EQUITIES/2022/FEB/cm11FEB2022bhav.csv.zip,2022-02-11,0a2b522ac35525db56d7084dba57838d9501b8328da241b45c7eeef526e5f1cf,81546,historical NSE legacy equity bhavcopy,NSE download manifest
data/raw/bhavcopy_legacy/cm11JAN2013bhav.csv.zip,https://nsearchives.nseindia.com/content/historical/EQUITIES/2013/JAN/cm11JAN2013bhav.csv.zip,2013-01-11,9e40d744160bbb71d4763fd36e20c210f97f6c4c84f8b1921827e43092322f1a,56492,historical NSE legacy equity bhavcopy,NSE download manifest
data/raw/bhavcopy_legacy/cm11JAN2016bhav.csv.zip,https://nsearchives.nseindia.com/content/historical/EQUITIES/2016/JAN/cm11JAN2016bhav.csv.zip,2016-01-11,bbfb47e69fe9ffe2495673b155b79718d82b23589d5546e8518c54ce5dd170c8,59831,historical NSE legacy equity bhavcopy,NSE download manifest
data/raw/bhavcopy_legacy/cm11JAN2017bhav.csv.zip,https://nsearchives.nseindia.com/content/historical/EQUITIES/2017/JAN/cm11JAN2017bhav.csv.zip,2017-01-11,9363cbf993b88ae06d92ac7f9d59b47fb3ece9d2f84e38f9c953330ffd90c030,62909,historical NSE legacy equity bhavcopy,NSE download manifest
data/raw/bhavcopy_legacy/cm11JAN2018bhav.csv.zip,https://nsearchives.nseindia.com/content/historical/EQUITIES/2018/JAN/cm11JAN2018bhav.csv.zip,2018-01-11,259cb90408cc950e1e1a950669069e30db664ea01f49be4bdfd660e27ec8e6a0,69425,historical NSE legacy equity bhavcopy,NSE download manifest
data/raw/bhavcopy_legacy/cm11JAN2019bhav.csv.zip,https://nsearchives.nseindia.com/content/historical/EQUITIES/2019/JAN/cm11JAN2019bhav.csv.zip,2019-01-11,a824a1e7227ae71110543105d529337ab4b58c8607cfdce5187f7318b0ff695f,67020,historical NSE legacy equity bhavcopy,NSE download manifest
data/raw/bhavcopy_legacy/cm11JAN2021bhav.csv.zip,https://nsearchives.nseindia.com/content/historical/EQUITIES/2021/JAN/cm11JAN2021bhav.csv.zip,2021-01-11,38e73f57d6223598667c925422071c48f6c3ae612cfb32703b27b493a087703d,75953,historical NSE legacy equity bhavcopy,NSE download manifest
data/raw/bhavcopy_legacy/cm11JAN2022bhav.csv.zip,https://nsearchives.nseindia.com/content/historical/EQUITIES/2022/JAN/cm11JAN2022bhav.csv.zip,2022-01-11,2d7db211fe9c9f09c4e78931c93372aee19b972268d7c74488d4f054b821f99d,82823,historical NSE legacy equity bhavcopy,NSE download manifest
data/raw/bhavcopy_legacy/cm11JAN2023bhav.csv.zip,https://nsearchives.nseindia.com/content/historical/EQUITIES/2023/JAN/cm11JAN2023bhav.csv.zip,2023-01-11,25294d978bd0f9830c13b83b5aef1553d01511da8c1a199c44589d23f5bf2e96,87699,historical NSE legacy equity bhavcopy,NSE download manifest
data/raw/bhavcopy_legacy/cm11JAN2024bhav.csv.zip,https://nsearchives.nseindia.com/content/historical/EQUITIES/2024/JAN/cm11JAN2024bhav.csv.zip,2024-01-11,e841fe2924e5fc5cb3fae7145bfc35ea57fa18d4bbbbc79973a71a14296fab02,100198,historical NSE legacy equity bhavcopy,NSE download manifest
data/raw/bhavcopy_legacy/cm11JUL2013bhav.csv.zip,https://nsearchives.nseindia.com/content/historical/EQUITIES/2013/JUL/cm11JUL2013bhav.csv.zip,2013-07-11,790b954887ae73c677d02a2bc455f18552d5069a84aaf67c4d099c8277c10892,48434,historical NSE legacy equity bhavcopy,NSE download manifest
data/raw/bhavcopy_legacy/cm11JUL2014bhav.csv.zip,https://nsearchives.nseindia.com/content/historical/EQUITIES/2014/JUL/cm11JUL2014bhav.csv.zip,2014-07-11,f2abea4647602f0fb96ea966c29ccc26d247089ac729987fc225b2b1b943f440,56760,historical NSE legacy equity bhavcopy,NSE download manifest
data/raw/bhavcopy_legacy/cm11JUL2016bhav.csv.zip,https://nsearchives.nseindia.com/content/historical/EQUITIES/2016/JUL/cm11JUL2016bhav.csv.zip,2016-07-11,9a2a9442ce58702fba07ab932b07734fee64c1d977b5d73dc5da069f5ec9dadf,62006,historical NSE legacy equity bhavcopy,NSE download manifest
data/raw/bhavcopy_legacy/cm11JUL2017bhav.csv.zip,https://nsearchives.nseindia.com/content/historical/EQUITIES/2017/JUL/cm11JUL2017bhav.csv.zip,2017-07-11,ffe84485e3645ca1458c0d4bf982513213aea43502217bb19481a6ab60dc6848,65307,historical NSE legacy equity bhavcopy,NSE download manifest
data/raw/bhavcopy_legacy/cm11JUL2018bhav.csv.zip,https://nsearchives.nseindia.com/content/historical/EQUITIES/2018/JUL/cm11JUL2018bhav.csv.zip,2018-07-11,f2cb427dde31fd3754f4eb5ce9468aa45708eb9e230eec49424281de871ee447,68050,historical NSE legacy equity bhavcopy,NSE download manifest
data/raw/bhavcopy_legacy/cm11JUL2019bhav.csv.zip,https://nsearchives.nseindia.com/content/historical/EQUITIES/2019/JUL/cm11JUL2019bhav.csv.zip,2019-07-11,e95edff0f744e6feed45d3da80f65a383b746e5ee5623e0713b7555dd90630c1,66702,historical NSE legacy equity bhavcopy,NSE download manifest
data/raw/bhavcopy_legacy/cm11JUL2022bhav.csv.zip,https://nsearchives.nseindia.com/content/historical/EQUITIES/2022/JUL/cm11JUL2022bhav.csv.zip,2022-07-11,b251ed87591305aed6e7dbd797aa20daec73ad9162d5b4300f5d9df8b97e88a7,83130,historical NSE legacy equity bhavcopy,NSE download manifest
data/raw/bhavcopy_legacy/cm11JUL2023bhav.csv.zip,https://nsearchives.nseindia.com/content/historical/EQUITIES/2023/JUL/cm11JUL2023bhav.csv.zip,2023-07-11,d6f3769575f7d75a901fbc00afa494ffec2d03117c1c2e9879752f3911288109,91300,historical NSE legacy equity bhavcopy,NSE download manifest
data/raw/bhavcopy_legacy/cm11JUN2013bhav.csv.zip,https://nsearchives.nseindia.com/content/historical/EQUITIES/2013/JUN/cm11JUN2013bhav.csv.zip,2013-06-11,83825d08b263b290113faad861e6e63303232037850c963cdf9dccdb0a809037,49697,historical NSE legacy equity bhavcopy,NSE download manifest
data/raw/bhavcopy_legacy/cm11JUN2014bhav.csv.zip,https://nsearchives.nseindia.com/content/historical/EQUITIES/2014/JUN/cm11JUN2014bhav.csv.zip,2014-06-11,6bd7af42dc517ac04282c940ef872e21296f1d793b67a78885d3b04ca86aea6d,58498,historical NSE legacy equity bhavcopy,NSE download manifest
data/raw/bhavcopy_legacy/cm11JUN2015bhav.csv.zip,https://nsearchives.nseindia.com/content/historical/EQUITIES/2015/JUN/cm11JUN2015bhav.csv.zip,2015-06-11,1eac58cb3c911dbb13c120f8c0943239d181c3c5ff240e9e01c10f62eb5ceb56,55433,historical NSE legacy equity bhavcopy,NSE download manifest
data/raw/bhavcopy_legacy/cm11JUN2018bhav.csv.zip,https://nsearchives.nseindia.com/content/historical/EQUITIES/2018/JUN/cm11JUN2018bhav.csv.zip,2018-06-11,1f453fe2297a543a63d7461efc968d952657f88376e2051dcb766aa0359e28b7,68975,historical NSE legacy equity bhavcopy,NSE download manifest
data/raw/bhavcopy_legacy/cm11JUN2019bhav.csv.zip,https://nsearchives.nseindia.com/content/historical/EQUITIES/2019/JUN/cm11JUN2019bhav.csv.zip,2019-06-11,47f0dac19b8e2be8e5fcb3cc2aec89637da5ab141778983337d9aea2a81eb4ef,68563,historical NSE legacy equity bhavcopy,NSE download manifest
data/raw/bhavcopy_legacy/cm11JUN2020bhav.csv.zip,https://nsearchives.nseindia.com/content/historical/EQUITIES/2020/JUN/cm11JUN2020bhav.csv.zip,2020-06-11,b255fa035d7841b5a8141340bc70c138cfa175291ddb937142a151002600dd7d,69004,historical NSE legacy equity bhavcopy,NSE download manifest
data/raw/bhavcopy_legacy/cm11JUN2021bhav.csv.zip,https://nsearchives.nseindia.com/content/historical/EQUITIES/2021/JUN/cm11JUN2021bhav.csv.zip,2021-06-11,906d47cf21cf9f637040a1d80451ded2317d454f9bc368b5e5eb653d438cde75,77425,historical NSE legacy equity bhavcopy,NSE download manifest
data/raw/bhavcopy_legacy/cm11JUN2024bhav.csv.zip,https://nsearchives.nseindia.com/content/historical/EQUITIES/2024/JUN/cm11JUN2024bhav.csv.zip,2024-06-11,6d7e72c88abece83bef911eb8a8ac1fcae8cc052eed242bbaed4a484ece67b76,107546,historical NSE legacy equity bhavcopy,NSE download manifest
data/raw/bhavcopy_legacy/cm11MAR2013bhav.csv.zip,https://nsearchives.nseindia.com/content/historical/EQUITIES/2013/MAR/cm11MAR2013bhav.csv.zip,2013-03-11,363a2655dc85699bf564f7fff223e222d53303565f8205eecd2bac844e1fa292,55196,historical NSE legacy equity bhavcopy,NSE download manifest
data/raw/bhavcopy_legacy/cm11MAR2014bhav.csv.zip,https://nsearchives.nseindia.com/content/historical/EQUITIES/2014/MAR/cm11MAR2014bhav.csv.zip,2014-03-11,5d006a70b8a5d24659cfaf6f0890d749aa2b0b2b9371c684eae35c220191b782,54928,historical NSE legacy equity bhavcopy,NSE download manifest
data/raw/bhavcopy_legacy/cm11MAR2015bhav.csv.zip,https://nsearchives.nseindia.com/content/historical/EQUITIES/2015/MAR/cm11MAR2015bhav.csv.zip,2015-03-11,bdb2ec9795fa22edb881599e784b0bef0b638e4db9d7b17ab1aea72de7047b22,56883,historical NSE legacy equity bhavcopy,NSE download manifest
data/raw/bhavcopy_legacy/cm11MAR2016bhav.csv.zip,https://nsearchives.nseindia.com/content/historical/EQUITIES/2016/MAR/cm11MAR2016bhav.csv.zip,2016-03-11,148524ce55d69dc4ae72233ab31e034900091f1d73b58cd5f02d8f44aa1b78f8,58383,historical NSE legacy equity bhavcopy,NSE download manifest
data/raw/bhavcopy_legacy/cm11MAR2019bhav.csv.zip,https://nsearchives.nseindia.com/content/historical/EQUITIES/2019/MAR/cm11MAR2019bhav.csv.zip,2019-03-11,f89f6951401c38ff2e4ab2ee56ec543282b32346dbddd5bd395f164b7a0b089d,69418,historical NSE legacy equity bhavcopy,NSE download manifest
data/raw/bhavcopy_legacy/cm11MAR2020bhav.csv.zip,https://nsearchives.nseindia.com/content/historical/EQUITIES/2020/MAR/cm11MAR2020bhav.csv.zip,2020-03-11,c9d21e4b5b3a6119678926fc5414bfa7d0dc1ffc45b22503dda4ca0ea3c3d240,70390,historical NSE legacy equity bhavcopy,NSE download manifest
data/raw/bhavcopy_legacy/cm11MAR2022bhav.csv.zip,https://nsearchives.nseindia.com/content/historical/EQUITIES/2022/MAR/cm11MAR2022bhav.csv.zip,2022-03-11,9025c049b9eb6cf9f45403c80a119a5845632bd16a54a2a48c530bf4de2b607b,81949,historical NSE legacy equity bhavcopy,NSE download manifest
data/raw/bhavcopy_legacy/cm11MAR2024bhav.csv.zip,https://nsearchives.nseindia.com/content/historical/EQUITIES/2024/MAR/cm11MAR2024bhav.csv.zip,2024-03-11,fcd2ebb7f11b783e0825630269f7352af08dbc8f25f55e6930215bdc94341eac,103210,historical NSE legacy equity bhavcopy,NSE download manifest
data/raw/bhavcopy_legacy/cm11MAY2013bhav.csv.zip,https://nsearchives.nseindia.com/content/historical/EQUITIES/2013/MAY/cm11MAY2013bhav.csv.zip,2013-05-11,9d0bc68811ef4c569703ae745161e5fe4d22a6baee88bbd9d276d0045536092d,41913,historical NSE legacy equity bhavcopy,NSE official URL reconstructed from special-session downloader filename rule
data/raw/bhavcopy_legacy/cm11MAY2015bhav.csv.zip,https://nsearchives.nseindia.com/content/historical/EQUITIES/2015/MAY/cm11MAY2015bhav.csv.zip,2015-05-11,02e6f5b8f2256a12c52a1ba67c801ca9755003f5c603b1f3cdd433047e4a2d1f,56435,historical NSE legacy equity bhavcopy,NSE download manifest
data/raw/bhavcopy_legacy/cm11MAY2016bhav.csv.zip,https://nsearchives.nseindia.com/content/historical/EQUITIES/2016/MAY/cm11MAY2016bhav.csv.zip,2016-05-11,72b0fa874bfb9d4758710b47f21b7c12f3aef7c55f4ee6a583e6b1309b399ed8,58330,historical NSE legacy equity bhavcopy,NSE download manifest
data/raw/bhavcopy_legacy/cm11MAY2017bhav.csv.zip,https://nsearchives.nseindia.com/content/historical/EQUITIES/2017/MAY/cm11MAY2017bhav.csv.zip,2017-05-11,d63351aca412cc66ee92734e377aee0a270246ded74c2e8f0716952967533fee,64709,historical NSE legacy equity bhavcopy,NSE download manifest
data/raw/bhavcopy_legacy/cm11MAY2018bhav.csv.zip,https://nsearchives.nseindia.com/content/historical/EQUITIES/2018/MAY/cm11MAY2018bhav.csv.zip,2018-05-11,a4c6445f98269efc4a86640e21e55f9115bce4a0374c11a521921f0914babd46,68208,historical NSE legacy equity bhavcopy,NSE download manifest
data/raw/bhavcopy_legacy/cm11MAY2020bhav.csv.zip,https://nsearchives.nseindia.com/content/historical/EQUITIES/2020/MAY/cm11MAY2020bhav.csv.zip,2020-05-11,e499afad570a4c2dae71f8cb7970707d5063a39117394ce8be8e12bb59d79365,68383,historical NSE legacy equity bhavcopy,NSE download manifest
data/raw/bhavcopy_legacy/cm11MAY2021bhav.csv.zip,https://nsearchives.nseindia.com/content/historical/EQUITIES/2021/MAY/cm11MAY2021bhav.csv.zip,2021-05-11,bea5051ae9220d8b6f1bc3d9f4e4efcc0e7cb688ab936ccfcc19ae5da59ba1b9,75987,historical NSE legacy equity bhavcopy,NSE download manifest
data/raw/bhavcopy_legacy/cm11MAY2022bhav.csv.zip,https://nsearchives.nseindia.com/content/historical/EQUITIES/2022/MAY/cm11MAY2022bhav.csv.zip,2022-05-11,836f70fed22fc84dc43c5e1a576ccc771ab4b420c4af1f06b541d70fe05cda30,83906,historical NSE legacy equity bhavcopy,NSE download manifest
data/raw/bhavcopy_legacy/cm11MAY2023bhav.csv.zip,https://nsearchives.nseindia.com/content/historical/EQUITIES/2023/MAY/cm11MAY2023bhav.csv.zip,2023-05-11,130f94e1d7b6563a0b912c152835c59349d1521b8cc477b2447b21dccac462cb,88516,historical NSE legacy equity bhavcopy,NSE download manifest
data/raw/bhavcopy_legacy/cm11NOV2013bhav.csv.zip,https://nsearchives.nseindia.com/content/historical/EQUITIES/2013/NOV/cm11NOV2013bhav.csv.zip,2013-11-11,4932a585d7f98eb699d3905106751e5d86e88cf561e241a74404456f88aba665,49123,historical NSE legacy equity bhavcopy,NSE download manifest
data/raw/bhavcopy_legacy/cm11NOV2014bhav.csv.zip,https://nsearchives.nseindia.com/content/historical/EQUITIES/2014/NOV/cm11NOV2014bhav.csv.zip,2014-11-11,8223690ad2bcb7f00d0b68f41521bbab31b3ad45ca410b02b0b917dc6ad55da6,58603,historical NSE legacy equity bhavcopy,NSE download manifest
data/raw/bhavcopy_legacy/cm11NOV2015bhav.csv.zip,https://nsearchives.nseindia.com/content/historical/EQUITIES/2015/NOV/cm11NOV2015bhav.csv.zip,2015-11-11,48ced86ffb47576ee1537af47bd111ad3f02c3154b199f1ef603eb2e7feb8867,52008,historical NSE legacy equity bhavcopy,NSE download manifest
data/raw/bhavcopy_legacy/cm11NOV2016bhav.csv.zip,https://nsearchives.nseindia.com/content/historical/EQUITIES/2016/NOV/cm11NOV2016bhav.csv.zip,2016-11-11,86a642c650f04ca520f4d7b09293db123fae9492f311da3b8de10c1f02d50037,61853,historical NSE legacy equity bhavcopy,NSE download manifest
data/raw/bhavcopy_legacy/cm11NOV2019bhav.csv.zip,https://nsearchives.nseindia.com/content/historical/EQUITIES/2019/NOV/cm11NOV2019bhav.csv.zip,2019-11-11,19aa8273a98a4bdd37aa8d733f97d4066db7e932e94c7b1d13df7b816c73b2b9,68970,historical NSE legacy equity bhavcopy,NSE download manifest
data/raw/bhavcopy_legacy/cm11NOV2020bhav.csv.zip,https://nsearchives.nseindia.com/content/historical/EQUITIES/2020/NOV/cm11NOV2020bhav.csv.zip,2020-11-11,8f47ae93f6b6f516db78674399bafdae5883d47e95aa65c7d05818469f10e462,71812,historical NSE legacy equity bhavcopy,NSE download manifest
data/raw/bhavcopy_legacy/cm11NOV2021bhav.csv.zip,https://nsearchives.nseindia.com/content/historical/EQUITIES/2021/NOV/cm11NOV2021bhav.csv.zip,2021-11-11,a4592d542c1e645ee9ec9502d1513e0c9f4739f91527fb9745cec20aec489c96,80168,historical NSE legacy equity bhavcopy,NSE download manifest
data/raw/bhavcopy_legacy/cm11NOV2022bhav.csv.zip,https://nsearchives.nseindia.com/content/historical/EQUITIES/2022/NOV/cm11NOV2022bhav.csv.zip,2022-11-11,59e82f7604092e56ba736278a5af9365842090acf4ed1130619f65e73cfb8f08,86407,historical NSE legacy equity bhavcopy,NSE download manifest
data/raw/bhavcopy_legacy/cm11OCT2013bhav.csv.zip,https://nsearchives.nseindia.com/content/historical/EQUITIES/2013/OCT/cm11OCT2013bhav.csv.zip,2013-10-11,16836d63447ae3741a7301e7475e3fb88aca5f0c040c783bbc2eb44d5a8d55a9,49511,historical NSE legacy equity bhavcopy,NSE download manifest
data/raw/bhavcopy_legacy/cm11OCT2017bhav.csv.zip,https://nsearchives.nseindia.com/content/historical/EQUITIES/2017/OCT/cm11OCT2017bhav.csv.zip,2017-10-11,289f96ed7cd7f746444a842fb78d339a5fb84d70837a84f4801f6a20fda89ea7,66659,historical NSE legacy equity bhavcopy,NSE download manifest
data/raw/bhavcopy_legacy/cm11OCT2018bhav.csv.zip,https://nsearchives.nseindia.com/content/historical/EQUITIES/2018/OCT/cm11OCT2018bhav.csv.zip,2018-10-11,f7190220241614c611bdd07dc72928148a55d3e046aadbe2af020633c2611890,68415,historical NSE legacy equity bhavcopy,NSE download manifest
data/raw/bhavcopy_legacy/cm11OCT2019bhav.csv.zip,https://nsearchives.nseindia.com/content/historical/EQUITIES/2019/OCT/cm11OCT2019bhav.csv.zip,2019-10-11,f358b52992cb3ba4c13d0759f3836800af101e11bd4027f62fe06934dcacb6fd,68193,historical NSE legacy equity bhavcopy,NSE download manifest
data/raw/bhavcopy_legacy/cm11OCT2021bhav.csv.zip,https://nsearchives.nseindia.com/content/historical/EQUITIES/2021/OCT/cm11OCT2021bhav.csv.zip,2021-10-11,ed58afe2676258aefbbe8e4c8678133385ffced0d8cb3c7878e2d620bd0dfc7b,81304,historical NSE legacy equity bhavcopy,NSE download manifest
data/raw/bhavcopy_legacy/cm11OCT2022bhav.csv.zip,https://nsearchives.nseindia.com/content/historical/EQUITIES/2022/OCT/cm11OCT2022bhav.csv.zip,2022-10-11,affaa52a49ac9f706989d526a6c1d13d0f84ce19e85cc0457c872434c41569f3,86428,historical NSE legacy equity bhavcopy,NSE download manifest
data/raw/bhavcopy_legacy/cm11OCT2023bhav.csv.zip,https://nsearchives.nseindia.com/content/historical/EQUITIES/2023/OCT/cm11OCT2023bhav.csv.zip,2023-10-11,59e3b52fcf0b366c62bcb37f1c876119059c509c6260b885904c6e9a5f7ee749,95932,historical NSE legacy equity bhavcopy,NSE download manifest
data/raw/bhavcopy_legacy/cm11SEP2013bhav.csv.zip,https://nsearchives.nseindia.com/content/historical/EQUITIES/2013/SEP/cm11SEP2013bhav.csv.zip,2013-09-11,8898015a9e7020383b4d72249b2f207e2fa732f3505667c40e73445aa68c3e03,49311,historical NSE legacy equity bhavcopy,NSE download manifest
data/raw/bhavcopy_legacy/cm11SEP2014bhav.csv.zip,https://nsearchives.nseindia.com/content/historical/EQUITIES/2014/SEP/cm11SEP2014bhav.csv.zip,2014-09-11,f37e903f5ade3cc6f5ae74cfb13279d15173b81b0741bdf3f17a3b79f6070549,58994,historical NSE legacy equity bhavcopy,NSE download manifest
data/raw/bhavcopy_legacy/cm11SEP2015bhav.csv.zip,https://nsearchives.nseindia.com/content/historical/EQUITIES/2015/SEP/cm11SEP2015bhav.csv.zip,2015-09-11,567da6fa77bafb14b35fa352d33e4c917bb90adfa593e2a64449526b799188f1,56567,historical NSE legacy equity bhavcopy,NSE download manifest
data/raw/bhavcopy_legacy/cm11SEP2017bhav.csv.zip,https://nsearchives.nseindia.com/content/historical/EQUITIES/2017/SEP/cm11SEP2017bhav.csv.zip,2017-09-11,e93f3352995a1b7bec21aa915a8132e8066e7af4a4a9324ec934e87a250271b5,65604,historical NSE legacy equity bhavcopy,NSE download manifest
data/raw/bhavcopy_legacy/cm11SEP2018bhav.csv.zip,https://nsearchives.nseindia.com/content/historical/EQUITIES/2018/SEP/cm11SEP2018bhav.csv.zip,2018-09-11,61da35e672a541c0bda88ca44109b3d12f78383e3438b41ab9efd5fdee897a47,69424,historical NSE legacy equity bhavcopy,NSE download manifest
data/raw/bhavcopy_legacy/cm11SEP2019bhav.csv.zip,https://nsearchives.nseindia.com/content/historical/EQUITIES/2019/SEP/cm11SEP2019bhav.csv.zip,2019-09-11,c597ba8274aabb382b6b563f90270a5c4716ea3c2560ae7deeefec9d05b24acc,69333,historical NSE legacy equity bhavcopy,NSE download manifest
data/raw/bhavcopy_legacy/cm11SEP2020bhav.csv.zip,https://nsearchives.nseindia.com/content/historical/EQUITIES/2020/SEP/cm11SEP2020bhav.csv.zip,2020-09-11,9754622d433ac3b559396bda71929f59a1d826dc3ef672855fa319e9e4dc21bc,70147,historical NSE legacy equity bhavcopy,NSE download manifest
data/raw/bhavcopy_legacy/cm11SEP2023bhav.csv.zip,https://nsearchives.nseindia.com/content/historical/EQUITIES/2023/SEP/cm11SEP2023bhav.csv.zip,2023-09-11,bae8faeb20406a410b8abaebf9a612d8b8c73a1d7358f71b548cd243cc1ccdff,96584,historical NSE legacy equity bhavcopy,NSE download manifest
data/raw/bhavcopy_legacy/cm12APR2013bhav.csv.zip,https://nsearchives.nseindia.com/content/historical/EQUITIES/2013/APR/cm12APR2013bhav.csv.zip,2013-04-12,2d00cadc9c656c878dd850787e3286c1d2af809e40ecb25e7a034ffadcb3fda0,49588,historical NSE legacy equity bhavcopy,NSE download manifest
data/raw/bhavcopy_legacy/cm12APR2016bhav.csv.zip,https://nsearchives.nseindia.com/content/historical/EQUITIES/2016/APR/cm12APR2016bhav.csv.zip,2016-04-12,c3376f2819a2eac3d26a0000e140cbf62f78681a1f6b6069dc3be5f9c454c579,59099,historical NSE legacy equity bhavcopy,NSE download manifest
data/raw/bhavcopy_legacy/cm12APR2017bhav.csv.zip,https://nsearchives.nseindia.com/content/historical/EQUITIES/2017/APR/cm12APR2017bhav.csv.zip,2017-04-12,3467e2b42006421881473a4bccb5dd7c6b2d183442707302735945a525141759,64845,historical NSE legacy equity bhavcopy,NSE download manifest
data/raw/bhavcopy_legacy/cm12APR2018bhav.csv.zip,https://nsearchives.nseindia.com/content/historical/EQUITIES/2018/APR/cm12APR2018bhav.csv.zip,2018-04-12,974b2ca0ce226dc5987962258c270b663e4e8962b6eaa00e0f9d49f0a848b951,68367,historical NSE legacy equity bhavcopy,NSE download manifest
data/raw/bhavcopy_legacy/cm12APR2019bhav.csv.zip,https://nsearchives.nseindia.com/content/historical/EQUITIES/2019/APR/cm12APR2019bhav.csv.zip,2019-04-12,b89f46fc9ce9dfc79493bb0968dda0b959565fb31b76bed7b4ab92629812d74d,68081,historical NSE legacy equity bhavcopy,NSE download manifest
data/raw/bhavcopy_legacy/cm12APR2021bhav.csv.zip,https://nsearchives.nseindia.com/content/historical/EQUITIES/2021/APR/cm12APR2021bhav.csv.zip,2021-04-12,575bf006dd1873059adeac91c118119162669e4f253eff265eb9d0cd5c1fdb4e,75948,historical NSE legacy equity bhavcopy,NSE download manifest
data/raw/bhavcopy_legacy/cm12APR2022bhav.csv.zip,https://nsearchives.nseindia.com/content/historical/EQUITIES/2022/APR/cm12APR2022bhav.csv.zip,2022-04-12,f1764dc2af0259ced7b9bd0539714849a6ffa5e8a1e94e6f0a14afc35e10b109,83801,historical NSE legacy equity bhavcopy,NSE download manifest
data/raw/bhavcopy_legacy/cm12APR2023bhav.csv.zip,https://nsearchives.nseindia.com/content/historical/EQUITIES/2023/APR/cm12APR2023bhav.csv.zip,2023-04-12,10620e96f43622793dad569efa47a9f98121f6d51e5bca474dbcfc48f3ac5161,89208,historical NSE legacy equity bhavcopy,NSE download manifest
data/raw/bhavcopy_legacy/cm12APR2024bhav.csv.zip,https://nsearchives.nseindia.com/content/historical/EQUITIES/2024/APR/cm12APR2024bhav.csv.zip,2024-04-12,60a2907c2b79249cc23f14053c7f670f8447596b576c04fa27a61b845feaca84,102571,historical NSE legacy equity bhavcopy,NSE download manifest
data/raw/bhavcopy_legacy/cm12AUG2013bhav.csv.zip,https://nsearchives.nseindia.com/content/historical/EQUITIES/2013/AUG/cm12AUG2013bhav.csv.zip,2013-08-12,1f130caef996fa4af531c96a3d033bcf716e156f8199f411ffd7a890b6b2af4f,48214,historical NSE legacy equity bhavcopy,NSE download manifest
data/raw/bhavcopy_legacy/cm12AUG2014bhav.csv.zip,https://nsearchives.nseindia.com/content/historical/EQUITIES/2014/AUG/cm12AUG2014bhav.csv.zip,2014-08-12,e20f6a55b76717aeeeba3c013b131a1ad1d028187c7de798b060903ed1e1d794,56731,historical NSE legacy equity bhavcopy,NSE download manifest
data/raw/bhavcopy_legacy/cm12AUG2015bhav.csv.zip,https://nsearchives.nseindia.com/content/historical/EQUITIES/2015/AUG/cm12AUG2015bhav.csv.zip,2015-08-12,53cf48e1961b53ea28abd83a74892ad2a0d8d21b310828821643546800ebb212,57683,historical NSE legacy equity bhavcopy,NSE download manifest
data/raw/bhavcopy_legacy/cm12AUG2016bhav.csv.zip,https://nsearchives.nseindia.com/content/historical/EQUITIES/2016/AUG/cm12AUG2016bhav.csv.zip,2016-08-12,541b99b91b84b27dd86af8ddff98affb82d2f2d5a36d059e94eebaf933773388,61073,historical NSE legacy equity bhavcopy,NSE download manifest
data/raw/bhavcopy_legacy/cm12AUG2020bhav.csv.zip,https://nsearchives.nseindia.com/content/historical/EQUITIES/2020/AUG/cm12AUG2020bhav.csv.zip,2020-08-12,0660ebedb523627372050b62d1cdbb34a7061de7451eea6b5af13b58570ec66d,71563,historical NSE legacy equity bhavcopy,NSE download manifest
data/raw/bhavcopy_legacy/cm12AUG2021bhav.csv.zip,https://nsearchives.nseindia.com/content/historical/EQUITIES/2021/AUG/cm12AUG2021bhav.csv.zip,2021-08-12,d2ca38fac0232d44b482be4e240a9031ad123b5467ad9905d4fb64b69132bc0c,77656,historical NSE legacy equity bhavcopy,NSE download manifest
data/raw/bhavcopy_legacy/cm12AUG2022bhav.csv.zip,https://nsearchives.nseindia.com/content/historical/EQUITIES/2022/AUG/cm12AUG2022bhav.csv.zip,2022-08-12,875ab59544cbdcafe1ad4117fb2c9ac5ca9079cfbdd943af3aa73e65f451f377,84358,historical NSE legacy equity bhavcopy,NSE download manifest
data/raw/bhavcopy_legacy/cm12DEC2013bhav.csv.zip,https://nsearchives.nseindia.com/content/historical/EQUITIES/2013/DEC/cm12DEC2013bhav.csv.zip,2013-12-12,bddc9f1c619a51f66f09aead330352f0459b7d643d95ba82045c70b0aeeeb0b3,49252,historical NSE legacy equity bhavcopy,NSE download manifest
data/raw/bhavcopy_legacy/cm12DEC2014bhav.csv.zip,https://nsearchives.nseindia.com/content/historical/EQUITIES/2014/DEC/cm12DEC2014bhav.csv.zip,2014-12-12,c2a50b56f53821d6897a20d1c26a612dfa818563a27720eb0f451c63f1d097bf,57817,historical NSE legacy equity bhavcopy,NSE download manifest
data/raw/bhavcopy_legacy/cm12DEC2016bhav.csv.zip,https://nsearchives.nseindia.com/content/historical/EQUITIES/2016/DEC/cm12DEC2016bhav.csv.zip,2016-12-12,f61028cefe47a941c36d91ad6683a2feb8ec204792c09fd3cd51f38abcf8babc,60589,historical NSE legacy equity bhavcopy,NSE download manifest
data/raw/bhavcopy_legacy/cm12DEC2017bhav.csv.zip,https://nsearchives.nseindia.com/content/historical/EQUITIES/2017/DEC/cm12DEC2017bhav.csv.zip,2017-12-12,89fe0d77773f914b9d32d014bdbad5ddebb6364160a5cb8ed02d7bdf0f9bae51,67827,historical NSE legacy equity bhavcopy,NSE download manifest
data/raw/bhavcopy_legacy/cm12DEC2018bhav.csv.zip,https://nsearchives.nseindia.com/content/historical/EQUITIES/2018/DEC/cm12DEC2018bhav.csv.zip,2018-12-12,f8bc2c797c74b79a21487b528642a0218dcf5e2b4a996eba4a3c694104171293,67338,historical NSE legacy equity bhavcopy,NSE download manifest
data/raw/bhavcopy_legacy/cm12DEC2019bhav.csv.zip,https://nsearchives.nseindia.com/content/historical/EQUITIES/2019/DEC/cm12DEC2019bhav.csv.zip,2019-12-12,c02944822395e029e8cd91e8544b2a4bf78966f4af0c03ca7f913177fddb5983,68747,historical NSE legacy equity bhavcopy,NSE download manifest
data/raw/bhavcopy_legacy/cm12DEC2022bhav.csv.zip,https://nsearchives.nseindia.com/content/historical/EQUITIES/2022/DEC/cm12DEC2022bhav.csv.zip,2022-12-12,cd07b74058d4447036c2b94e1e855e825fa49d93eb02994fb1695e755fd6b02d,87802,historical NSE legacy equity bhavcopy,NSE download manifest
data/raw/bhavcopy_legacy/cm12DEC2023bhav.csv.zip,https://nsearchives.nseindia.com/content/historical/EQUITIES/2023/DEC/cm12DEC2023bhav.csv.zip,2023-12-12,38a8c20647a2024e332a5c115bf01277503c390da5e1cdf5a86df43f39b67f4f,98474,historical NSE legacy equity bhavcopy,NSE download manifest
data/raw/bhavcopy_legacy/cm12FEB2013bhav.csv.zip,https://nsearchives.nseindia.com/content/historical/EQUITIES/2013/FEB/cm12FEB2013bhav.csv.zip,2013-02-12,02b2c770d910c7acac087035bed1b2366be59b26a070795852176167994cc741,54805,historical NSE legacy equity bhavcopy,NSE download manifest
data/raw/bhavcopy_legacy/cm12FEB2014bhav.csv.zip,https://nsearchives.nseindia.com/content/historical/EQUITIES/2014/FEB/cm12FEB2014bhav.csv.zip,2014-02-12,ecbd93989c46a115d8194bb9c55d32296b27f5003619ee072b13c38b2d8292c3,51867,historical NSE legacy equity bhavcopy,NSE download manifest
data/raw/bhavcopy_legacy/cm12FEB2015bhav.csv.zip,https://nsearchives.nseindia.com/content/historical/EQUITIES/2015/FEB/cm12FEB2015bhav.csv.zip,2015-02-12,336c22f7a972d7d010064aaace15a91e91668262dda0587e01c77b164601cda1,56314,historical NSE legacy equity bhavcopy,NSE download manifest
data/raw/bhavcopy_legacy/cm12FEB2016bhav.csv.zip,https://nsearchives.nseindia.com/content/historical/EQUITIES/2016/FEB/cm12FEB2016bhav.csv.zip,2016-02-12,e152be4334016460969d40e0ceb4ddc9834d2f05a60cda90624c902b28363f3a,59160,historical NSE legacy equity bhavcopy,NSE download manifest
data/raw/bhavcopy_legacy/cm12FEB2018bhav.csv.zip,https://nsearchives.nseindia.com/content/historical/EQUITIES/2018/FEB/cm12FEB2018bhav.csv.zip,2018-02-12,fc262a68631cb1c141bad14ff9585bad0e6249aadcb7830c1c515079e7b337e3,68863,historical NSE legacy equity bhavcopy,NSE download manifest
data/raw/bhavcopy_legacy/cm12FEB2019bhav.csv.zip,https://nsearchives.nseindia.com/content/historical/EQUITIES/2019/FEB/cm12FEB2019bhav.csv.zip,2019-02-12,a87ca9320db86d3a34c3e06a42b0365105595ac33acc04ebdb03fe2914eb9dc7,67723,historical NSE legacy equity bhavcopy,NSE download manifest
data/raw/bhavcopy_legacy/cm12FEB2020bhav.csv.zip,https://nsearchives.nseindia.com/content/historical/EQUITIES/2020/FEB/cm12FEB2020bhav.csv.zip,2020-02-12,5fc00b93da917de3420b1f576a00ef609be61595242fbd7d78f54978d2a66762,69289,historical NSE legacy equity bhavcopy,NSE download manifest
data/raw/bhavcopy_legacy/cm12FEB2021bhav.csv.zip,https://nsearchives.nseindia.com/content/historical/EQUITIES/2021/FEB/cm12FEB2021bhav.csv.zip,2021-02-12,b2baa5cf2b63213344455d4bb2c6941cea5aa39ccb77031b7b6c924168f8f2e9,74156,historical NSE legacy equity bhavcopy,NSE download manifest
data/raw/bhavcopy_legacy/cm12FEB2024bhav.csv.zip,https://nsearchives.nseindia.com/content/historical/EQUITIES/2024/FEB/cm12FEB2024bhav.csv.zip,2024-02-12,47398fe2b1170de3d79730871e370585fd79c49fb2cb7780c1d535b92991ddf1,102304,historical NSE legacy equity bhavcopy,NSE download manifest
data/raw/bhavcopy_legacy/cm12JAN2015bhav.csv.zip,https://nsearchives.nseindia.com/content/historical/EQUITIES/2015/JAN/cm12JAN2015bhav.csv.zip,2015-01-12,8c3a8d4f8b2b4495b2c1970c4fa2b0f47f4f63ab07ed22463d139efe966717ec,58198,historical NSE legacy equity bhavcopy,NSE download manifest
data/raw/bhavcopy_legacy/cm12JAN2016bhav.csv.zip,https://nsearchives.nseindia.com/content/historical/EQUITIES/2016/JAN/cm12JAN2016bhav.csv.zip,2016-01-12,96acebbf4a8cc4225c2cf54b2cb8e3738fbdea84dd48e5749459d56ab6e89fea,59474,historical NSE legacy equity bhavcopy,NSE download manifest
data/raw/bhavcopy_legacy/cm12JAN2017bhav.csv.zip,https://nsearchives.nseindia.com/content/historical/EQUITIES/2017/JAN/cm12JAN2017bhav.csv.zip,2017-01-12,9a6a8355fc6ceb600cbb70c57cfc9130133534031486cbf77489734fc6785e50,62876,historical NSE legacy equity bhavcopy,NSE download manifest
data/raw/bhavcopy_legacy/cm12JAN2018bhav.csv.zip,https://nsearchives.nseindia.com/content/historical/EQUITIES/2018/JAN/cm12JAN2018bhav.csv.zip,2018-01-12,1337bafbe3372ea285015a2809bd93e17c634cfd959b278f1e8d52aafa03bfe2,69860,historical NSE legacy equity bhavcopy,NSE download manifest
data/raw/bhavcopy_legacy/cm12JAN2021bhav.csv.zip,https://nsearchives.nseindia.com/content/historical/EQUITIES/2021/JAN/cm12JAN2021bhav.csv.zip,2021-01-12,df7f66f0ab35a6bd0022eca05ad750d472c85e065af008b7b42eceeb04da0784,74885,historical NSE legacy equity bhavcopy,NSE download manifest
data/raw/bhavcopy_legacy/cm12JAN2022bhav.csv.zip,https://nsearchives.nseindia.com/content/historical/EQUITIES/2022/JAN/cm12JAN2022bhav.csv.zip,2022-01-12,0647836e3238d91e45f605f27cc98ad5fbf14295ecc81f09e4b8a803316a474d,82495,historical NSE legacy equity bhavcopy,NSE download manifest
data/raw/bhavcopy_legacy/cm12JAN2023bhav.csv.zip,https://nsearchives.nseindia.com/content/historical/EQUITIES/2023/JAN/cm12JAN2023bhav.csv.zip,2023-01-12,79d5e4e2d997261ef180d93b279d6ca21bc81f3e048bc3b4321661adea54a6af,87840,historical NSE legacy equity bhavcopy,NSE download manifest
data/raw/bhavcopy_legacy/cm12JAN2024bhav.csv.zip,https://nsearchives.nseindia.com/content/historical/EQUITIES/2024/JAN/cm12JAN2024bhav.csv.zip,2024-01-12,3c92525091a1bb8093840ff9da4eea4e5b4c2e3374fc587e757e6d4a67d0b55a,100331,historical NSE legacy equity bhavcopy,NSE download manifest
data/raw/bhavcopy_legacy/cm12JUL2013bhav.csv.zip,https://nsearchives.nseindia.com/content/historical/EQUITIES/2013/JUL/cm12JUL2013bhav.csv.zip,2013-07-12,1928463ee61c84bd1c3172a873e4cea924ac49bf5d7cbf5d85184fb7d93b6f63,47965,historical NSE legacy equity bhavcopy,NSE download manifest
data/raw/bhavcopy_legacy/cm12JUL2016bhav.csv.zip,https://nsearchives.nseindia.com/content/historical/EQUITIES/2016/JUL/cm12JUL2016bhav.csv.zip,2016-07-12,7b624215fc13e61f5f61012e5f41d278acf128b1cf6e3a7561013a326fdf7c5d,61781,historical NSE legacy equity bhavcopy,NSE download manifest
data/raw/bhavcopy_legacy/cm12JUL2017bhav.csv.zip,https://nsearchives.nseindia.com/content/historical/EQUITIES/2017/JUL/cm12JUL2017bhav.csv.zip,2017-07-12,76ea619ca784283159ffd3146de90ec134a486c6421617156b20c31c6c1d8b6f,65439,historical NSE legacy equity bhavcopy,NSE download manifest
data/raw/bhavcopy_legacy/cm12JUL2018bhav.csv.zip,https://nsearchives.nseindia.com/content/historical/EQUITIES/2018/JUL/cm12JUL2018bhav.csv.zip,2018-07-12,36aef3feda657e774f7e3732a26e4e6644a193ea53b381b464ac86f9950fe120,68304,historical NSE legacy equity bhavcopy,NSE download manifest
data/raw/bhavcopy_legacy/cm12JUL2019bhav.csv.zip,https://nsearchives.nseindia.com/content/historical/EQUITIES/2019/JUL/cm12JUL2019bhav.csv.zip,2019-07-12,a8b186a099bcc32b5ca14ead65c429229460b967cdc5deff8105171e9a302bdd,67012,historical NSE legacy equity bhavcopy,NSE download manifest
data/raw/bhavcopy_legacy/cm12JUL2021bhav.csv.zip,https://nsearchives.nseindia.com/content/historical/EQUITIES/2021/JUL/cm12JUL2021bhav.csv.zip,2021-07-12,4586d94e51fa7ca6c9128b59391e75ab13f5e9cc106da94e482c73185254e486,78964,historical NSE legacy equity bhavcopy,NSE download manifest
data/raw/bhavcopy_legacy/cm12JUL2022bhav.csv.zip,https://nsearchives.nseindia.com/content/historical/EQUITIES/2022/JUL/cm12JUL2022bhav.csv.zip,2022-07-12,2f85cbf2e206f19c1db5f552b4cb0bca844f8b4b252655b7752822db2fb4097d,82441,historical NSE legacy equity bhavcopy,NSE download manifest
data/raw/bhavcopy_legacy/cm12JUL2023bhav.csv.zip,https://nsearchives.nseindia.com/content/historical/EQUITIES/2023/JUL/cm12JUL2023bhav.csv.zip,2023-07-12,bf7fc18527c9f2906009ea572aaf83fc11a0b95aa15a5e26bc0c20fbec6ecc7c,91325,historical NSE legacy equity bhavcopy,NSE download manifest
data/raw/bhavcopy_legacy/cm12JUN2013bhav.csv.zip,https://nsearchives.nseindia.com/content/historical/EQUITIES/2013/JUN/cm12JUN2013bhav.csv.zip,2013-06-12,d01751a1663cc193728e7af1e2253ece0e35d31091aed027da267b463e675d79,50016,historical NSE legacy equity bhavcopy,NSE download manifest
data/raw/bhavcopy_legacy/cm12JUN2014bhav.csv.zip,https://nsearchives.nseindia.com/content/historical/EQUITIES/2014/JUN/cm12JUN2014bhav.csv.zip,2014-06-12,79e2e50f38554ceb742713f9dc834ce912d6f417b3f2680cfa47b9a4c0809700,58319,historical NSE legacy equity bhavcopy,NSE download manifest
data/raw/bhavcopy_legacy/cm12JUN2015bhav.csv.zip,https://nsearchives.nseindia.com/content/historical/EQUITIES/2015/JUN/cm12JUN2015bhav.csv.zip,2015-06-12,25b5645ccb3979843567b463d5d0aacb7f9eee36d5650cf729b045572c9a5ea6,55151,historical NSE legacy equity bhavcopy,NSE download manifest
data/raw/bhavcopy_legacy/cm12JUN2017bhav.csv.zip,https://nsearchives.nseindia.com/content/historical/EQUITIES/2017/JUN/cm12JUN2017bhav.csv.zip,2017-06-12,230953db1a58451a69477e83e0c1412b65eb3331254845ead776676207e09d58,64286,historical NSE legacy equity bhavcopy,NSE download manifest
data/raw/bhavcopy_legacy/cm12JUN2018bhav.csv.zip,https://nsearchives.nseindia.com/content/historical/EQUITIES/2018/JUN/cm12JUN2018bhav.csv.zip,2018-06-12,1b1ea487b1a56da2976b4d62eb8997dbe06ce59e1b87e5d07f971551e8ce159e,68320,historical NSE legacy equity bhavcopy,NSE download manifest
data/raw/bhavcopy_legacy/cm12JUN2019bhav.csv.zip,https://nsearchives.nseindia.com/content/historical/EQUITIES/2019/JUN/cm12JUN2019bhav.csv.zip,2019-06-12,d4bd1993abe9eab369a3d8ed2f0adbb993d7f32a9e004ae14900ec2f9f49d3f8,68001,historical NSE legacy equity bhavcopy,NSE download manifest
data/raw/bhavcopy_legacy/cm12JUN2020bhav.csv.zip,https://nsearchives.nseindia.com/content/historical/EQUITIES/2020/JUN/cm12JUN2020bhav.csv.zip,2020-06-12,aa9bf7573d32a60b8c19a1151f142a024672b7d14f809141767a13cb82991b05,69123,historical NSE legacy equity bhavcopy,NSE download manifest
data/raw/bhavcopy_legacy/cm12JUN2023bhav.csv.zip,https://nsearchives.nseindia.com/content/historical/EQUITIES/2023/JUN/cm12JUN2023bhav.csv.zip,2023-06-12,eb4126d80da2c081103550ab68a5372caf052c53e1ca712695a4b6713116af91,91613,historical NSE legacy equity bhavcopy,NSE download manifest
data/raw/bhavcopy_legacy/cm12JUN2024bhav.csv.zip,https://nsearchives.nseindia.com/content/historical/EQUITIES/2024/JUN/cm12JUN2024bhav.csv.zip,2024-06-12,446592fe264b587df0bda5412a02e4ee346ab665324dbf76f79544a0ab9303c6,107524,historical NSE legacy equity bhavcopy,NSE download manifest
data/raw/bhavcopy_legacy/cm12MAR2013bhav.csv.zip,https://nsearchives.nseindia.com/content/historical/EQUITIES/2013/MAR/cm12MAR2013bhav.csv.zip,2013-03-12,41cd98c8b6632479bf13c248fc561791428842eb05d1105403723f7bf1d9dc14,54863,historical NSE legacy equity bhavcopy,NSE download manifest
data/raw/bhavcopy_legacy/cm12MAR2014bhav.csv.zip,https://nsearchives.nseindia.com/content/historical/EQUITIES/2014/MAR/cm12MAR2014bhav.csv.zip,2014-03-12,763f521e31d62253381eaa5b749bc5dc5ac887dd533c885f97e405ad79173214,54555,historical NSE legacy equity bhavcopy,NSE download manifest
data/raw/bhavcopy_legacy/cm12MAR2015bhav.csv.zip,https://nsearchives.nseindia.com/content/historical/EQUITIES/2015/MAR/cm12MAR2015bhav.csv.zip,2015-03-12,bba05ff554621133f8dae10823f1b3ba5a3f2a0b89068f5d582bdcb4f5a737fd,57040,historical NSE legacy equity bhavcopy,NSE download manifest
data/raw/bhavcopy_legacy/cm12MAR2018bhav.csv.zip,https://nsearchives.nseindia.com/content/historical/EQUITIES/2018/MAR/cm12MAR2018bhav.csv.zip,2018-03-12,a05152c68d35ee6aa285ac286d031fcc2911fa776e0f7d76d505e3a5a4f3a224,69064,historical NSE legacy equity bhavcopy,NSE download manifest
data/raw/bhavcopy_legacy/cm12MAR2019bhav.csv.zip,https://nsearchives.nseindia.com/content/historical/EQUITIES/2019/MAR/cm12MAR2019bhav.csv.zip,2019-03-12,d6c527edc644c6a7179031e08085ab256777794a14dab86410eaa08b84a543d0,69797,historical NSE legacy equity bhavcopy,NSE download manifest
data/raw/bhavcopy_legacy/cm12MAR2020bhav.csv.zip,https://nsearchives.nseindia.com/content/historical/EQUITIES/2020/MAR/cm12MAR2020bhav.csv.zip,2020-03-12,687009a396b10c004eed8adb22cff0dcbf060f5b2fe33d759cf5c3562f0da8bb,71538,historical NSE legacy equity bhavcopy,NSE download manifest
data/raw/bhavcopy_legacy/cm12MAR2021bhav.csv.zip,https://nsearchives.nseindia.com/content/historical/EQUITIES/2021/MAR/cm12MAR2021bhav.csv.zip,2021-03-12,74e7b6e12ad115c1fc2adc9c7753c0d01b1cee77c5fdb3e29f2cff5933b13ed9,75694,historical NSE legacy equity bhavcopy,NSE download manifest
data/raw/bhavcopy_legacy/cm12MAR2024bhav.csv.zip,https://nsearchives.nseindia.com/content/historical/EQUITIES/2024/MAR/cm12MAR2024bhav.csv.zip,2024-03-12,a176a393223d3e4420b02263b77352233efd660349e2024d77394396506c1abb,102251,historical NSE legacy equity bhavcopy,NSE download manifest
data/raw/bhavcopy_legacy/cm12MAY2014bhav.csv.zip,https://nsearchives.nseindia.com/content/historical/EQUITIES/2014/MAY/cm12MAY2014bhav.csv.zip,2014-05-12,631fffa45ea287f8381e4f3cd63d350f61c7fcc24980fb1064105e0fdbe2c5da,56424,historical NSE legacy equity bhavcopy,NSE download manifest
data/raw/bhavcopy_legacy/cm12MAY2015bhav.csv.zip,https://nsearchives.nseindia.com/content/historical/EQUITIES/2015/MAY/cm12MAY2015bhav.csv.zip,2015-05-12,149529ad45c8be09bc9a0bb65487f009f7910cfecb6bc2542a12aac3daddf074,56078,historical NSE legacy equity bhavcopy,NSE download manifest
data/raw/bhavcopy_legacy/cm12MAY2016bhav.csv.zip,https://nsearchives.nseindia.com/content/historical/EQUITIES/2016/MAY/cm12MAY2016bhav.csv.zip,2016-05-12,6ca2a948ffd7fe0cf8801204a14d0390b4dc8fa04b5d22ab515a04cd7fea4b05,58880,historical NSE legacy equity bhavcopy,NSE download manifest
data/raw/bhavcopy_legacy/cm12MAY2017bhav.csv.zip,https://nsearchives.nseindia.com/content/historical/EQUITIES/2017/MAY/cm12MAY2017bhav.csv.zip,2017-05-12,a3af7ff7db5396e1639561b36fcec4c66b0d4d33dba58c16246388d25f41fb94,65113,historical NSE legacy equity bhavcopy,NSE download manifest
data/raw/bhavcopy_legacy/cm12MAY2020bhav.csv.zip,https://nsearchives.nseindia.com/content/historical/EQUITIES/2020/MAY/cm12MAY2020bhav.csv.zip,2020-05-12,78c24010e0f6510a2426cfbbcc663bb868cc37003b128c3126f9c64fda9aae16,66804,historical NSE legacy equity bhavcopy,NSE download manifest
data/raw/bhavcopy_legacy/cm12MAY2021bhav.csv.zip,https://nsearchives.nseindia.com/content/historical/EQUITIES/2021/MAY/cm12MAY2021bhav.csv.zip,2021-05-12,f2879b60cc40d4d192c08d669775e397c8ac9cd112143bf04afda4abc24e1fae,76084,historical NSE legacy equity bhavcopy,NSE download manifest
data/raw/bhavcopy_legacy/cm12MAY2022bhav.csv.zip,https://nsearchives.nseindia.com/content/historical/EQUITIES/2022/MAY/cm12MAY2022bhav.csv.zip,2022-05-12,427be19f61178c58819932cc833d175ddd8e0ef8af71b41e8160584610afbb37,83207,historical NSE legacy equity bhavcopy,NSE download manifest
data/raw/bhavcopy_legacy/cm12MAY2023bhav.csv.zip,https://nsearchives.nseindia.com/content/historical/EQUITIES/2023/MAY/cm12MAY2023bhav.csv.zip,2023-05-12,8f2898ab86da35053094f076214dd18953be82d9dcbf363e3d4e19937213642c,88447,historical NSE legacy equity bhavcopy,NSE download manifest
data/raw/bhavcopy_legacy/cm12NOV2013bhav.csv.zip,https://nsearchives.nseindia.com/content/historical/EQUITIES/2013/NOV/cm12NOV2013bhav.csv.zip,2013-11-12,4dab2f54f7468a02549119be5b9807cf2a051a7742cb639073e03176eb7de802,49517,historical NSE legacy equity bhavcopy,NSE download manifest
data/raw/bhavcopy_legacy/cm12NOV2014bhav.csv.zip,https://nsearchives.nseindia.com/content/historical/EQUITIES/2014/NOV/cm12NOV2014bhav.csv.zip,2014-11-12,8374d24ab727c6d73d380909e24c20bf513c61403136de427dfec250fa330059,58753,historical NSE legacy equity bhavcopy,NSE download manifest
data/raw/bhavcopy_legacy/cm12NOV2018bhav.csv.zip,https://nsearchives.nseindia.com/content/historical/EQUITIES/2018/NOV/cm12NOV2018bhav.csv.zip,2018-11-12,2e46598e7701158ad128e9d1f50cab0b02152363e02ceabf14650f185c1b2541,68208,historical NSE legacy equity bhavcopy,NSE download manifest
data/raw/bhavcopy_legacy/cm12NOV2020bhav.csv.zip,https://nsearchives.nseindia.com/content/historical/EQUITIES/2020/NOV/cm12NOV2020bhav.csv.zip,2020-11-12,71f834732822f1335ea0a448ce35cd2bdebb35332e2bfdce3afbe82b61755592,72239,historical NSE legacy equity bhavcopy,NSE download manifest
data/raw/bhavcopy_legacy/cm12NOV2021bhav.csv.zip,https://nsearchives.nseindia.com/content/historical/EQUITIES/2021/NOV/cm12NOV2021bhav.csv.zip,2021-11-12,fd7561a6c7aa2af615db8add2fd46bd9d89a064f80f1d3a0f3800c1b0e8c3428,79806,historical NSE legacy equity bhavcopy,NSE download manifest
data/raw/bhavcopy_legacy/cm12NOV2023bhav.csv.zip,https://nsearchives.nseindia.com/content/historical/EQUITIES/2023/NOV/cm12NOV2023bhav.csv.zip,2023-11-12,7c05eba479acae04f461a76ec12b02d0b9dd00e62622de6078ced0c87debddbe,90595,historical NSE legacy equity bhavcopy,NSE official URL reconstructed from special-session downloader filename rule
data/raw/bhavcopy_legacy/cm12OCT2015bhav.csv.zip,https://nsearchives.nseindia.com/content/historical/EQUITIES/2015/OCT/cm12OCT2015bhav.csv.zip,2015-10-12,00ec0c8cb11b9651dff1c6cd3a67ad19c910759a971fcc00a20c9e30b1a4f4d0,57415,historical NSE legacy equity bhavcopy,NSE download manifest
data/raw/bhavcopy_legacy/cm12OCT2017bhav.csv.zip,https://nsearchives.nseindia.com/content/historical/EQUITIES/2017/OCT/cm12OCT2017bhav.csv.zip,2017-10-12,23823eaac213b63ae0105acd7840ee5ba14b994180ba458e00280e249b439a5f,65816,historical NSE legacy equity bhavcopy,NSE download manifest
data/raw/bhavcopy_legacy/cm12OCT2018bhav.csv.zip,https://nsearchives.nseindia.com/content/historical/EQUITIES/2018/OCT/cm12OCT2018bhav.csv.zip,2018-10-12,fe5b832d1583130c418d9c4e06516cfbd7b9edc21e533ba308db2d99e5edde6e,69324,historical NSE legacy equity bhavcopy,NSE download manifest
data/raw/bhavcopy_legacy/cm12OCT2020bhav.csv.zip,https://nsearchives.nseindia.com/content/historical/EQUITIES/2020/OCT/cm12OCT2020bhav.csv.zip,2020-10-12,e76e759d1e95304a8a0414f2af9a1094c285e581f81204959a5a29ffdb5ef865,71297,historical NSE legacy equity bhavcopy,NSE download manifest
data/raw/bhavcopy_legacy/cm12OCT2021bhav.csv.zip,https://nsearchives.nseindia.com/content/historical/EQUITIES/2021/OCT/cm12OCT2021bhav.csv.zip,2021-10-12,b1280139733004438ca27824d1396d47852ed2e0952be69b674b3d95722203e2,80361,historical NSE legacy equity bhavcopy,NSE download manifest
data/raw/bhavcopy_legacy/cm12OCT2022bhav.csv.zip,https://nsearchives.nseindia.com/content/historical/EQUITIES/2022/OCT/cm12OCT2022bhav.csv.zip,2022-10-12,7e26aaecd65b74e1bf02a4b7e75c87903c13a1deced0c87b239c4a0008debaf0,85319,historical NSE legacy equity bhavcopy,NSE download manifest
data/raw/bhavcopy_legacy/cm12OCT2023bhav.csv.zip,https://nsearchives.nseindia.com/content/historical/EQUITIES/2023/OCT/cm12OCT2023bhav.csv.zip,2023-10-12,7b4ddfbe79eb22a31fdfeb9ca448db650cd2df681695b03aa84096ccdbeb828f,95558,historical NSE legacy equity bhavcopy,NSE download manifest
data/raw/bhavcopy_legacy/cm12SEP2013bhav.csv.zip,https://nsearchives.nseindia.com/content/historical/EQUITIES/2013/SEP/cm12SEP2013bhav.csv.zip,2013-09-12,aaba04931f0ffd09297e63b89cce6aef8137fe582ce494a037cdaa6608e8dc68,49046,historical NSE legacy equity bhavcopy,NSE download manifest
data/raw/bhavcopy_legacy/cm12SEP2014bhav.csv.zip,https://nsearchives.nseindia.com/content/historical/EQUITIES/2014/SEP/cm12SEP2014bhav.csv.zip,2014-09-12,6621f912ba396cfe9ee6c6a69fdb62f9308fd4a5699a47bce8a07b2bb483a94e,59235,historical NSE legacy equity bhavcopy,NSE download manifest
data/raw/bhavcopy_legacy/cm12SEP2016bhav.csv.zip,https://nsearchives.nseindia.com/content/historical/EQUITIES/2016/SEP/cm12SEP2016bhav.csv.zip,2016-09-12,4a805e4cf65c528685ad51476598ecee4524417c7a6c446e3323c1ffca2fe1ac,61884,historical NSE legacy equity bhavcopy,NSE download manifest
data/raw/bhavcopy_legacy/cm12SEP2017bhav.csv.zip,https://nsearchives.nseindia.com/content/historical/EQUITIES/2017/SEP/cm12SEP2017bhav.csv.zip,2017-09-12,fd1a32c08b88e2373544c55ce12d9dc45849948fdc163684d52e75a20ebde9a9,65646,historical NSE legacy equity bhavcopy,NSE download manifest
data/raw/bhavcopy_legacy/cm12SEP2018bhav.csv.zip,https://nsearchives.nseindia.com/content/historical/EQUITIES/2018/SEP/cm12SEP2018bhav.csv.zip,2018-09-12,2893e619c2fc1794112279b10f12eb81fb82ff4e57cde45c8931bc161ba027c0,68672,historical NSE legacy equity bhavcopy,NSE download manifest
data/raw/bhavcopy_legacy/cm12SEP2019bhav.csv.zip,https://nsearchives.nseindia.com/content/historical/EQUITIES/2019/SEP/cm12SEP2019bhav.csv.zip,2019-09-12,bf3cabb17afb1f7f5f84af3b8f72b97dd80809b36b055cb53759a8d928852210,68695,historical NSE legacy equity bhavcopy,NSE download manifest
data/raw/bhavcopy_legacy/cm12SEP2022bhav.csv.zip,https://nsearchives.nseindia.com/content/historical/EQUITIES/2022/SEP/cm12SEP2022bhav.csv.zip,2022-09-12,026ef33d49534b8c32e5705ef05723c68009a49b7c2b709f019b1de7fc0ffe0f,87602,historical NSE legacy equity bhavcopy,NSE download manifest
data/raw/bhavcopy_legacy/cm12SEP2023bhav.csv.zip,https://nsearchives.nseindia.com/content/historical/EQUITIES/2023/SEP/cm12SEP2023bhav.csv.zip,2023-09-12,694abf88c19f9016c65148f259c7c42ff6df53d77ce6db5469f84cb8ba163539,95849,historical NSE legacy equity bhavcopy,NSE download manifest
data/raw/bhavcopy_legacy/cm13APR2015bhav.csv.zip,https://nsearchives.nseindia.com/content/historical/EQUITIES/2015/APR/cm13APR2015bhav.csv.zip,2015-04-13,b8132c80444873fce4fe5a2495ccc0c191e8d1c2bc691e00e4576f84ac4306ba,58394,historical NSE legacy equity bhavcopy,NSE download manifest
data/raw/bhavcopy_legacy/cm13APR2016bhav.csv.zip,https://nsearchives.nseindia.com/content/historical/EQUITIES/2016/APR/cm13APR2016bhav.csv.zip,2016-04-13,e0f9d217f5f6cc20daadf96acbbc73ecb38c8562d5c627e983d8e31ec8c4badf,59715,historical NSE legacy equity bhavcopy,NSE download manifest
data/raw/bhavcopy_legacy/cm13APR2017bhav.csv.zip,https://nsearchives.nseindia.com/content/historical/EQUITIES/2017/APR/cm13APR2017bhav.csv.zip,2017-04-13,8d6f6ddefa557d5a71f3909d25675d85d7783fee4090aef1d151650b170130bc,64625,historical NSE legacy equity bhavcopy,NSE download manifest
data/raw/bhavcopy_legacy/cm13APR2018bhav.csv.zip,https://nsearchives.nseindia.com/content/historical/EQUITIES/2018/APR/cm13APR2018bhav.csv.zip,2018-04-13,d95256ffabaf2d1ab65a5c7e9bd762d5bc27b978f3207a0d6c2bdc88dc8de843,69001,historical NSE legacy equity bhavcopy,NSE download manifest
data/raw/bhavcopy_legacy/cm13APR2020bhav.csv.zip,https://nsearchives.nseindia.com/content/historical/EQUITIES/2020/APR/cm13APR2020bhav.csv.zip,2020-04-13,0fbcbe0f292139461d07a56abd33c9a3e56a6c54833d8ab2a1537ed2c1d07bb1,68159,historical NSE legacy equity bhavcopy,NSE download manifest
data/raw/bhavcopy_legacy/cm13APR2021bhav.csv.zip,https://nsearchives.nseindia.com/content/historical/EQUITIES/2021/APR/cm13APR2021bhav.csv.zip,2021-04-13,fec83995e5842363916ceedb81033a9afeb03c55a77690f6d670fe12187277ab,73938,historical NSE legacy equity bhavcopy,NSE download manifest
data/raw/bhavcopy_legacy/cm13APR2022bhav.csv.zip,https://nsearchives.nseindia.com/content/historical/EQUITIES/2022/APR/cm13APR2022bhav.csv.zip,2022-04-13,8bdcbc3143fcbe22853acea6c7270d8007ff9713c515b5feff9c260e0ff83ba2,83859,historical NSE legacy equity bhavcopy,NSE download manifest
data/raw/bhavcopy_legacy/cm13APR2023bhav.csv.zip,https://nsearchives.nseindia.com/content/historical/EQUITIES/2023/APR/cm13APR2023bhav.csv.zip,2023-04-13,c7e89901e5aad9048f227696b786009ed441c450e1ab95026832d627659ca339,88190,historical NSE legacy equity bhavcopy,NSE download manifest
data/raw/bhavcopy_legacy/cm13AUG2013bhav.csv.zip,https://nsearchives.nseindia.com/content/historical/EQUITIES/2013/AUG/cm13AUG2013bhav.csv.zip,2013-08-13,13420f0e1607ced6955817b94b1b2058b8cc6ac4969b0b844d1443c1378f0c22,48100,historical NSE legacy equity bhavcopy,NSE download manifest
data/raw/bhavcopy_legacy/cm13AUG2014bhav.csv.zip,https://nsearchives.nseindia.com/content/historical/EQUITIES/2014/AUG/cm13AUG2014bhav.csv.zip,2014-08-13,76247050f542e4d83393c710e0c9c0890502fb8b69ba4263d34f4bcab8e98254,57099,historical NSE legacy equity bhavcopy,NSE download manifest
data/raw/bhavcopy_legacy/cm13AUG2015bhav.csv.zip,https://nsearchives.nseindia.com/content/historical/EQUITIES/2015/AUG/cm13AUG2015bhav.csv.zip,2015-08-13,74adc65143119ffa096544b6e94bb48a26a1a8e7d9aed0585c9dab37e439ba38,57258,historical NSE legacy equity bhavcopy,NSE download manifest
data/raw/bhavcopy_legacy/cm13AUG2018bhav.csv.zip,https://nsearchives.nseindia.com/content/historical/EQUITIES/2018/AUG/cm13AUG2018bhav.csv.zip,2018-08-13,c5c8b3e8573b1cc5641ff356a5c9d36ea4ff55c95f05692da951764daad913dc,68412,historical NSE legacy equity bhavcopy,NSE download manifest
data/raw/bhavcopy_legacy/cm13AUG2019bhav.csv.zip,https://nsearchives.nseindia.com/content/historical/EQUITIES/2019/AUG/cm13AUG2019bhav.csv.zip,2019-08-13,21eb10b4b59b281da359da3194952fd30aa4be9f19fb4a3aced37e7b977f413e,67888,historical NSE legacy equity bhavcopy,NSE download manifest
data/raw/bhavcopy_legacy/cm13AUG2020bhav.csv.zip,https://nsearchives.nseindia.com/content/historical/EQUITIES/2020/AUG/cm13AUG2020bhav.csv.zip,2020-08-13,091214cc84e654aeb949fc8acbae3a8c135f5679cc12255a5609ca5caf87fd4b,71573,historical NSE legacy equity bhavcopy,NSE download manifest
data/raw/bhavcopy_legacy/cm13AUG2021bhav.csv.zip,https://nsearchives.nseindia.com/content/historical/EQUITIES/2021/AUG/cm13AUG2021bhav.csv.zip,2021-08-13,2fd0b40956fc8eeadda1eb7c0651c153380f74df23697d268a70884df0313c06,77468,historical NSE legacy equity bhavcopy,NSE download manifest
data/raw/bhavcopy_legacy/cm13DEC2013bhav.csv.zip,https://nsearchives.nseindia.com/content/historical/EQUITIES/2013/DEC/cm13DEC2013bhav.csv.zip,2013-12-13,3736b975b5b16212976ee3b471ac781fca4e2df3dde4a47405665c14ffc0e487,49072,historical NSE legacy equity bhavcopy,NSE download manifest
data/raw/bhavcopy_legacy/cm13DEC2016bhav.csv.zip,https://nsearchives.nseindia.com/content/historical/EQUITIES/2016/DEC/cm13DEC2016bhav.csv.zip,2016-12-13,78a480418adcbefab6509d7c647525d30f720c1591cebe8fd6bbb4d474ca736f,61486,historical NSE legacy equity bhavcopy,NSE download manifest
data/raw/bhavcopy_legacy/cm13DEC2017bhav.csv.zip,https://nsearchives.nseindia.com/content/historical/EQUITIES/2017/DEC/cm13DEC2017bhav.csv.zip,2017-12-13,50ec4455b04b508e73b9c8ffe27936496bc8c73112c8ca4e80e14adb2b6b780d,67475,historical NSE legacy equity bhavcopy,NSE download manifest
data/raw/bhavcopy_legacy/cm13DEC2018bhav.csv.zip,https://nsearchives.nseindia.com/content/historical/EQUITIES/2018/DEC/cm13DEC2018bhav.csv.zip,2018-12-13,da53c4cec6da5cfe8c16ca1c2df707f4c770b7feefaea61418dca4d56f5e662d,66914,historical NSE legacy equity bhavcopy,NSE download manifest
data/raw/bhavcopy_legacy/cm13DEC2019bhav.csv.zip,https://nsearchives.nseindia.com/content/historical/EQUITIES/2019/DEC/cm13DEC2019bhav.csv.zip,2019-12-13,439e1714843ae1abe21c0ec0edb0a32f23c3427f0cbecf7865f7274bce74bd58,68830,historical NSE legacy equity bhavcopy,NSE download manifest
data/raw/bhavcopy_legacy/cm13DEC2021bhav.csv.zip,https://nsearchives.nseindia.com/content/historical/EQUITIES/2021/DEC/cm13DEC2021bhav.csv.zip,2021-12-13,8fe766cb9610200c10f079693964bc4acdf08d2586c7c0f87697878b476fb440,81921,historical NSE legacy equity bhavcopy,NSE download manifest
data/raw/bhavcopy_legacy/cm13DEC2022bhav.csv.zip,https://nsearchives.nseindia.com/content/historical/EQUITIES/2022/DEC/cm13DEC2022bhav.csv.zip,2022-12-13,d689fc0af3e769a7ffd79dd855184f6de2f4c3ab72f5d13d959076b8b65b9795,87584,historical NSE legacy equity bhavcopy,NSE download manifest
data/raw/bhavcopy_legacy/cm13DEC2023bhav.csv.zip,https://nsearchives.nseindia.com/content/historical/EQUITIES/2023/DEC/cm13DEC2023bhav.csv.zip,2023-12-13,b2a8430271616ef24fb645fb00b8034760cb7436e5e64350bd02db555aed692c,98143,historical NSE legacy equity bhavcopy,NSE download manifest
data/raw/bhavcopy_legacy/cm13FEB2013bhav.csv.zip,https://nsearchives.nseindia.com/content/historical/EQUITIES/2013/FEB/cm13FEB2013bhav.csv.zip,2013-02-13,baf5519a251de086fbba2cb3940e6ec21983ecbfb1af76b18b467dc1a52d14cd,54651,historical NSE legacy equity bhavcopy,NSE download manifest
data/raw/bhavcopy_legacy/cm13FEB2014bhav.csv.zip,https://nsearchives.nseindia.com/content/historical/EQUITIES/2014/FEB/cm13FEB2014bhav.csv.zip,2014-02-13,4d9117c3deb9dfdb549c6f29840ca8550044f30b827a2d51834eb59f72d135aa,51486,historical NSE legacy equity bhavcopy,NSE download manifest
data/raw/bhavcopy_legacy/cm13FEB2015bhav.csv.zip,https://nsearchives.nseindia.com/content/historical/EQUITIES/2015/FEB/cm13FEB2015bhav.csv.zip,2015-02-13,d009066acc412ba904f62938733a9564a30fe8b5430bf360c41e6f0538d408c9,56942,historical NSE legacy equity bhavcopy,NSE download manifest
data/raw/bhavcopy_legacy/cm13FEB2017bhav.csv.zip,https://nsearchives.nseindia.com/content/historical/EQUITIES/2017/FEB/cm13FEB2017bhav.csv.zip,2017-02-13,bcbaa2db7b5d3c287cd87826d8a0febb40263b496f5bd00b16aec83d3daa1a1b,63908,historical NSE legacy equity bhavcopy,NSE download manifest
data/raw/bhavcopy_legacy/cm13FEB2019bhav.csv.zip,https://nsearchives.nseindia.com/content/historical/EQUITIES/2019/FEB/cm13FEB2019bhav.csv.zip,2019-02-13,ae076fd6db7cc778863fdfce55cf5736f97423d925a7edb4653de74e0e384ae2,67201,historical NSE legacy equity bhavcopy,NSE download manifest
data/raw/bhavcopy_legacy/cm13FEB2020bhav.csv.zip,https://nsearchives.nseindia.com/content/historical/EQUITIES/2020/FEB/cm13FEB2020bhav.csv.zip,2020-02-13,5bb4f120b376dded2066a80866c0e64ba35d2d2cffba7935779159c5c7ca3ac4,68955,historical NSE legacy equity bhavcopy,NSE download manifest
data/raw/bhavcopy_legacy/cm13FEB2023bhav.csv.zip,https://nsearchives.nseindia.com/content/historical/EQUITIES/2023/FEB/cm13FEB2023bhav.csv.zip,2023-02-13,e9e4806b8f8c88e2d13fb58b0ea8e0e132be67ef944cdd41b7591e567da37ed6,87969,historical NSE legacy equity bhavcopy,NSE download manifest
data/raw/bhavcopy_legacy/cm13FEB2024bhav.csv.zip,https://nsearchives.nseindia.com/content/historical/EQUITIES/2024/FEB/cm13FEB2024bhav.csv.zip,2024-02-13,d24877cfd91c277e57ea25eb399b3029323434d1158d00231b722691f71c0f3a,100605,historical NSE legacy equity bhavcopy,NSE download manifest
data/raw/bhavcopy_legacy/cm13JAN2014bhav.csv.zip,https://nsearchives.nseindia.com/content/historical/EQUITIES/2014/JAN/cm13JAN2014bhav.csv.zip,2014-01-13,71e7932ae07333bb82790144a62607a5749b27f4701836ebfae575a260dcd7dd,53154,historical NSE legacy equity bhavcopy,NSE download manifest
data/raw/bhavcopy_legacy/cm13JAN2015bhav.csv.zip,https://nsearchives.nseindia.com/content/historical/EQUITIES/2015/JAN/cm13JAN2015bhav.csv.zip,2015-01-13,f4f4e035e4109b6d7d3e53f7ff608d857c4031b76ead1153fa61f4f0ab3b46f1,58190,historical NSE legacy equity bhavcopy,NSE download manifest
data/raw/bhavcopy_legacy/cm13JAN2016bhav.csv.zip,https://nsearchives.nseindia.com/content/historical/EQUITIES/2016/JAN/cm13JAN2016bhav.csv.zip,2016-01-13,4aea58886d0cb058e1fdaaf008dc767472f8f5eaff79b2fdcc2f476e2b41b32b,60620,historical NSE legacy equity bhavcopy,NSE download manifest
data/raw/bhavcopy_legacy/cm13JAN2017bhav.csv.zip,https://nsearchives.nseindia.com/content/historical/EQUITIES/2017/JAN/cm13JAN2017bhav.csv.zip,2017-01-13,49db367e5c5946be3ba09509f7744691345556cf1e4fdc667302bf830eaac056,62045,historical NSE legacy equity bhavcopy,NSE download manifest
data/raw/bhavcopy_legacy/cm13JAN2020bhav.csv.zip,https://nsearchives.nseindia.com/content/historical/EQUITIES/2020/JAN/cm13JAN2020bhav.csv.zip,2020-01-13,ad3b2f3900f1942710cb9fff77aac816fa19e9aa0c7f7ff20853f8977a1789c4,70666,historical NSE legacy equity bhavcopy,NSE download manifest
data/raw/bhavcopy_legacy/cm13JAN2021bhav.csv.zip,https://nsearchives.nseindia.com/content/historical/EQUITIES/2021/JAN/cm13JAN2021bhav.csv.zip,2021-01-13,9d678139e6ed2eb669c0a212dbcd2e12902906c66960544cd99eafeb9a3cfefa,75631,historical NSE legacy equity bhavcopy,NSE download manifest
data/raw/bhavcopy_legacy/cm13JAN2022bhav.csv.zip,https://nsearchives.nseindia.com/content/historical/EQUITIES/2022/JAN/cm13JAN2022bhav.csv.zip,2022-01-13,3ee1abc8c027db917cb76745f55e329834c31d28dafb12d4d0724bc0efc3de56,82048,historical NSE legacy equity bhavcopy,NSE download manifest
data/raw/bhavcopy_legacy/cm13JAN2023bhav.csv.zip,https://nsearchives.nseindia.com/content/historical/EQUITIES/2023/JAN/cm13JAN2023bhav.csv.zip,2023-01-13,a92b561b5c0e843ad7dc679048e68b093842acf8314ae24a6f5ae2c6c6d655a8,87603,historical NSE legacy equity bhavcopy,NSE download manifest
data/raw/bhavcopy_legacy/cm13JUL2015bhav.csv.zip,https://nsearchives.nseindia.com/content/historical/EQUITIES/2015/JUL/cm13JUL2015bhav.csv.zip,2015-07-13,f0ec1a31e07f82dcbfff8444a30087877c54cf07abe500e56e0ed2c0da3baab3,56955,historical NSE legacy equity bhavcopy,NSE download manifest
data/raw/bhavcopy_legacy/cm13JUL2016bhav.csv.zip,https://nsearchives.nseindia.com/content/historical/EQUITIES/2016/JUL/cm13JUL2016bhav.csv.zip,2016-07-13,5baaffcbe4253d9d1e831f5215c57919d20510d7df442ca902f6820a9267ab62,61615,historical NSE legacy equity bhavcopy,NSE download manifest
data/raw/bhavcopy_legacy/cm13JUL2017bhav.csv.zip,https://nsearchives.nseindia.com/content/historical/EQUITIES/2017/JUL/cm13JUL2017bhav.csv.zip,2017-07-13,a6bb797332d390767f40014dbaffe829b9ad821a393a47213bb69ccd349a293c,65304,historical NSE legacy equity bhavcopy,NSE download manifest
data/raw/bhavcopy_legacy/cm13JUL2018bhav.csv.zip,https://nsearchives.nseindia.com/content/historical/EQUITIES/2018/JUL/cm13JUL2018bhav.csv.zip,2018-07-13,41c515a98146b9096e80ce0637c1b163e4ea9d59c9638b6822c0e225009e0504,67876,historical NSE legacy equity bhavcopy,NSE download manifest
data/raw/bhavcopy_legacy/cm13JUL2020bhav.csv.zip,https://nsearchives.nseindia.com/content/historical/EQUITIES/2020/JUL/cm13JUL2020bhav.csv.zip,2020-07-13,fbb63a75cd0be53640989b6f904b0517d2b0ba7c724f24c8a195ac9bc8dd9d88,71297,historical NSE legacy equity bhavcopy,NSE download manifest
data/raw/bhavcopy_legacy/cm13JUL2021bhav.csv.zip,https://nsearchives.nseindia.com/content/historical/EQUITIES/2021/JUL/cm13JUL2021bhav.csv.zip,2021-07-13,a9cd57cc17651cba3a6135e000d13597291322b38f8fc4236f8921224ee34300,77383,historical NSE legacy equity bhavcopy,NSE download manifest
data/raw/bhavcopy_legacy/cm13JUL2022bhav.csv.zip,https://nsearchives.nseindia.com/content/historical/EQUITIES/2022/JUL/cm13JUL2022bhav.csv.zip,2022-07-13,885b6f60802a7c4c39c21212628d1d576f95ad4e310821b1fe8ab45b338d28fa,82799,historical NSE legacy equity bhavcopy,NSE download manifest
data/raw/bhavcopy_legacy/cm13JUL2023bhav.csv.zip,https://nsearchives.nseindia.com/content/historical/EQUITIES/2023/JUL/cm13JUL2023bhav.csv.zip,2023-07-13,a1d468d861c0710add90f97952cd79ab24107002f99b11d1ab85276529160911,91894,historical NSE legacy equity bhavcopy,NSE download manifest
data/raw/bhavcopy_legacy/cm13JUN2013bhav.csv.zip,https://nsearchives.nseindia.com/content/historical/EQUITIES/2013/JUN/cm13JUN2013bhav.csv.zip,2013-06-13,86f358a842f8ad943e1d29c7ff15c4cf55aaa1cc85123bfc7e0a9548835e9687,49612,historical NSE legacy equity bhavcopy,NSE download manifest
data/raw/bhavcopy_legacy/cm13JUN2014bhav.csv.zip,https://nsearchives.nseindia.com/content/historical/EQUITIES/2014/JUN/cm13JUN2014bhav.csv.zip,2014-06-13,f2237c3ce9fb6e96f4e027fc4d53e82d8a29d1b71ce2289b6e63f094bd74576f,58349,historical NSE legacy equity bhavcopy,NSE download manifest
data/raw/bhavcopy_legacy/cm13JUN2016bhav.csv.zip,https://nsearchives.nseindia.com/content/historical/EQUITIES/2016/JUN/cm13JUN2016bhav.csv.zip,2016-06-13,17edb6f71d83acff136ebea09e0afbcacf1448d2611093c875d12f72ff29fb30,59505,historical NSE legacy equity bhavcopy,NSE download manifest
data/raw/bhavcopy_legacy/cm13JUN2017bhav.csv.zip,https://nsearchives.nseindia.com/content/historical/EQUITIES/2017/JUN/cm13JUN2017bhav.csv.zip,2017-06-13,a1257f1e86767b8c51eac7b62b68b5c2b6e5d1df12ac104fee0369d4ac81aba7,64558,historical NSE legacy equity bhavcopy,NSE download manifest
data/raw/bhavcopy_legacy/cm13JUN2018bhav.csv.zip,https://nsearchives.nseindia.com/content/historical/EQUITIES/2018/JUN/cm13JUN2018bhav.csv.zip,2018-06-13,660747a35063dd3ab7363df51470eb6d84df873535ed3abed70419ece6487fc6,68185,historical NSE legacy equity bhavcopy,NSE download manifest
data/raw/bhavcopy_legacy/cm13JUN2019bhav.csv.zip,https://nsearchives.nseindia.com/content/historical/EQUITIES/2019/JUN/cm13JUN2019bhav.csv.zip,2019-06-13,afacb8844dd665b7e8454bc30af4d8fd535b6ea7d56f1d4c78f6070f794c34de,67870,historical NSE legacy equity bhavcopy,NSE download manifest
data/raw/bhavcopy_legacy/cm13JUN2022bhav.csv.zip,https://nsearchives.nseindia.com/content/historical/EQUITIES/2022/JUN/cm13JUN2022bhav.csv.zip,2022-06-13,d84223db82c3e553f8178078183d3799626de4f311848fd36d8809a81ab566cc,83329,historical NSE legacy equity bhavcopy,NSE download manifest
data/raw/bhavcopy_legacy/cm13JUN2023bhav.csv.zip,https://nsearchives.nseindia.com/content/historical/EQUITIES/2023/JUN/cm13JUN2023bhav.csv.zip,2023-06-13,990ec1859ec024c2be3080fe05061af69d68255e08413ad0e9e654ee89c157da,91586,historical NSE legacy equity bhavcopy,NSE download manifest
data/raw/bhavcopy_legacy/cm13JUN2024bhav.csv.zip,https://nsearchives.nseindia.com/content/historical/EQUITIES/2024/JUN/cm13JUN2024bhav.csv.zip,2024-06-13,4201775f4b404679d6e81d38e8a6ca04635967e752b5a1288be34ce2d1db3e2a,108193,historical NSE legacy equity bhavcopy,NSE download manifest
data/raw/bhavcopy_legacy/cm13MAR2013bhav.csv.zip,https://nsearchives.nseindia.com/content/historical/EQUITIES/2013/MAR/cm13MAR2013bhav.csv.zip,2013-03-13,f14c3cd8c905ef52c82505e898b7261c48b3aec8d536febed5b1f4759d29d316,54803,historical NSE legacy equity bhavcopy,NSE download manifest
data/raw/bhavcopy_legacy/cm13MAR2014bhav.csv.zip,https://nsearchives.nseindia.com/content/historical/EQUITIES/2014/MAR/cm13MAR2014bhav.csv.zip,2014-03-13,7525c849ef26e5aa424cc0565bee227952b87ee1400891fa11734b0f79c11e95,54728,historical NSE legacy equity bhavcopy,NSE download manifest
data/raw/bhavcopy_legacy/cm13MAR2015bhav.csv.zip,https://nsearchives.nseindia.com/content/historical/EQUITIES/2015/MAR/cm13MAR2015bhav.csv.zip,2015-03-13,f81ca304c0390576401b8b687b0aee51edd10dcdc1fb452b46d5a11a61776ff4,57503,historical NSE legacy equity bhavcopy,NSE download manifest
data/raw/bhavcopy_legacy/cm13MAR2018bhav.csv.zip,https://nsearchives.nseindia.com/content/historical/EQUITIES/2018/MAR/cm13MAR2018bhav.csv.zip,2018-03-13,d0cd591f09ca46a0a26c556a056efdeaccc31461f127412e4329bec1abfc3d9f,69011,historical NSE legacy equity bhavcopy,NSE download manifest
data/raw/bhavcopy_legacy/cm13MAR2019bhav.csv.zip,https://nsearchives.nseindia.com/content/historical/EQUITIES/2019/MAR/cm13MAR2019bhav.csv.zip,2019-03-13,797c8239d46f760b27270ac4f581aa03e5940ae521c4c472486c753005436e91,69142,historical NSE legacy equity bhavcopy,NSE download manifest
data/raw/bhavcopy_legacy/cm13MAR2020bhav.csv.zip,https://nsearchives.nseindia.com/content/historical/EQUITIES/2020/MAR/cm13MAR2020bhav.csv.zip,2020-03-13,efce5c59f75c63f5289df4d8b9465741a73cf2d2f72f37cccaead79e8fd9f4e8,70835,historical NSE legacy equity bhavcopy,NSE download manifest
data/raw/bhavcopy_legacy/cm13MAR2023bhav.csv.zip,https://nsearchives.nseindia.com/content/historical/EQUITIES/2023/MAR/cm13MAR2023bhav.csv.zip,2023-03-13,36fddd2d418acd47ef7ca0c4dcea44a595e5be2851d874563238867ef4519083,89674,historical NSE legacy equity bhavcopy,NSE download manifest
data/raw/bhavcopy_legacy/cm13MAR2024bhav.csv.zip,https://nsearchives.nseindia.com/content/historical/EQUITIES/2024/MAR/cm13MAR2024bhav.csv.zip,2024-03-13,92d63e5f96244f3991beff454a35ed87ff4d9155eb314a3006edc4c1e642cdaa,102239,historical NSE legacy equity bhavcopy,NSE download manifest
data/raw/bhavcopy_legacy/cm13MAY2013bhav.csv.zip,https://nsearchives.nseindia.com/content/historical/EQUITIES/2013/MAY/cm13MAY2013bhav.csv.zip,2013-05-13,49f855934ffc3f83e523daa8885f28b68e5c8c595ea1d8446ac40934173156ba,49551,historical NSE legacy equity bhavcopy,NSE download manifest
data/raw/bhavcopy_legacy/cm13MAY2014bhav.csv.zip,https://nsearchives.nseindia.com/content/historical/EQUITIES/2014/MAY/cm13MAY2014bhav.csv.zip,2014-05-13,872c805d19f11f8e99416a3b3206b1feaf451adefcd8646bd29d7b823875b3d9,57046,historical NSE legacy equity bhavcopy,NSE download manifest
data/raw/bhavcopy_legacy/cm13MAY2015bhav.csv.zip,https://nsearchives.nseindia.com/content/historical/EQUITIES/2015/MAY/cm13MAY2015bhav.csv.zip,2015-05-13,88204163ee16d8eef83812b054bfbfcdac9712efa7240ecd74566c4f3726372b,55880,historical NSE legacy equity bhavcopy,NSE download manifest
data/raw/bhavcopy_legacy/cm13MAY2016bhav.csv.zip,https://nsearchives.nseindia.com/content/historical/EQUITIES/2016/MAY/cm13MAY2016bhav.csv.zip,2016-05-13,e9d788967f1ac4f453f3faf15458e4f124948f31428400cecd3ba560e10b2c7f,58883,historical NSE legacy equity bhavcopy,NSE download manifest
data/raw/bhavcopy_legacy/cm13MAY2019bhav.csv.zip,https://nsearchives.nseindia.com/content/historical/EQUITIES/2019/MAY/cm13MAY2019bhav.csv.zip,2019-05-13,449a20a8514412353f5fa135827893ce9a43b2a7e3d93a529adc08f6bc7026af,68248,historical NSE legacy equity bhavcopy,NSE download manifest
data/raw/bhavcopy_legacy/cm13MAY2020bhav.csv.zip,https://nsearchives.nseindia.com/content/historical/EQUITIES/2020/MAY/cm13MAY2020bhav.csv.zip,2020-05-13,36589b0e763079ccb3599443b37c51ba361d6e97b0c59e6264f73444f4daae44,67346,historical NSE legacy equity bhavcopy,NSE download manifest
data/raw/bhavcopy_legacy/cm13MAY2022bhav.csv.zip,https://nsearchives.nseindia.com/content/historical/EQUITIES/2022/MAY/cm13MAY2022bhav.csv.zip,2022-05-13,2017cc4134aa78757933e8bd6fdd6932d7569f7f39bd303e8b8ab96fdbc40f2d,82679,historical NSE legacy equity bhavcopy,NSE download manifest
data/raw/bhavcopy_legacy/cm13MAY2024bhav.csv.zip,https://nsearchives.nseindia.com/content/historical/EQUITIES/2024/MAY/cm13MAY2024bhav.csv.zip,2024-05-13,b199776c175bca140ea18b4540a6abb27d9c6d40533201867bc203a4aa1472f8,103640,historical NSE legacy equity bhavcopy,NSE download manifest
data/raw/bhavcopy_legacy/cm13NOV2013bhav.csv.zip,https://nsearchives.nseindia.com/content/historical/EQUITIES/2013/NOV/cm13NOV2013bhav.csv.zip,2013-11-13,9daa5ed665c696ef14fb9f0525d1e62f990c47a64b2bd027df68938f0805ae58,48647,historical NSE legacy equity bhavcopy,NSE download manifest
data/raw/bhavcopy_legacy/cm13NOV2014bhav.csv.zip,https://nsearchives.nseindia.com/content/historical/EQUITIES/2014/NOV/cm13NOV2014bhav.csv.zip,2014-11-13,78486f023c9164c7f37b8d16d88da35736d126b4ff7b901b24d06ad59ddd5972,58405,historical NSE legacy equity bhavcopy,NSE download manifest
data/raw/bhavcopy_legacy/cm13NOV2015bhav.csv.zip,https://nsearchives.nseindia.com/content/historical/EQUITIES/2015/NOV/cm13NOV2015bhav.csv.zip,2015-11-13,02e7e9cafdb92810a3b611d3d212594435f8b1349d9b4bde6f18294988bc3ffc,57110,historical NSE legacy equity bhavcopy,NSE download manifest
data/raw/bhavcopy_legacy/cm13NOV2017bhav.csv.zip,https://nsearchives.nseindia.com/content/historical/EQUITIES/2017/NOV/cm13NOV2017bhav.csv.zip,2017-11-13,2534ad815ca57757fc2c935aed05e0cb1b54ddebb343a594f59593177c9d686b,66497,historical NSE legacy equity bhavcopy,NSE download manifest
data/raw/bhavcopy_legacy/cm13NOV2018bhav.csv.zip,https://nsearchives.nseindia.com/content/historical/EQUITIES/2018/NOV/cm13NOV2018bhav.csv.zip,2018-11-13,4d986732286af50b25157d66c83b8e3649877573dd8d575b236ca1b66269efaf,67733,historical NSE legacy equity bhavcopy,NSE download manifest
data/raw/bhavcopy_legacy/cm13NOV2019bhav.csv.zip,https://nsearchives.nseindia.com/content/historical/EQUITIES/2019/NOV/cm13NOV2019bhav.csv.zip,2019-11-13,3b9f7dcd6cfd9fa712f2053c0c0b2417d8e1fb6a06748dbbf33a4b6f905b3967,69288,historical NSE legacy equity bhavcopy,NSE download manifest
data/raw/bhavcopy_legacy/cm13NOV2020bhav.csv.zip,https://nsearchives.nseindia.com/content/historical/EQUITIES/2020/NOV/cm13NOV2020bhav.csv.zip,2020-11-13,be89ffbb71ff9bf96912bce631f54fb1ca8a1574e9f92d3510a6dd294aa50d17,71925,historical NSE legacy equity bhavcopy,NSE download manifest
data/raw/bhavcopy_legacy/cm13NOV2023bhav.csv.zip,https://nsearchives.nseindia.com/content/historical/EQUITIES/2023/NOV/cm13NOV2023bhav.csv.zip,2023-11-13,d5705044f10380d8ba52ee37970a5669ac196c66c3009eb0adc8df17dc347d11,95847,historical NSE legacy equity bhavcopy,NSE download manifest
data/raw/bhavcopy_legacy/cm13OCT2014bhav.csv.zip,https://nsearchives.nseindia.com/content/historical/EQUITIES/2014/OCT/cm13OCT2014bhav.csv.zip,2014-10-13,89e4623795abab465d2bec199f117ee6c0e7fd9dbc368fd663ba4ca3323bf712,57399,historical NSE legacy equity bhavcopy,NSE download manifest
data/raw/bhavcopy_legacy/cm13OCT2015bhav.csv.zip,https://nsearchives.nseindia.com/content/historical/EQUITIES/2015/OCT/cm13OCT2015bhav.csv.zip,2015-10-13,67007f5f0b9e553022dd3166df6dc8924599d83dfe7233503480dd73bea18148,57281,historical NSE legacy equity bhavcopy,NSE download manifest
data/raw/bhavcopy_legacy/cm13OCT2016bhav.csv.zip,https://nsearchives.nseindia.com/content/historical/EQUITIES/2016/OCT/cm13OCT2016bhav.csv.zip,2016-10-13,eb189de9ec71f21dfa623a41411cedd41d2a92ba34b56785c6f9e787d82bfde8,62580,historical NSE legacy equity bhavcopy,NSE download manifest
data/raw/bhavcopy_legacy/cm13OCT2017bhav.csv.zip,https://nsearchives.nseindia.com/content/historical/EQUITIES/2017/OCT/cm13OCT2017bhav.csv.zip,2017-10-13,192748c967ff3ed5cb0d163c18e830d300167539a68557e0ab96fafd6a7a216d,66684,historical NSE legacy equity bhavcopy,NSE download manifest
data/raw/bhavcopy_legacy/cm13OCT2020bhav.csv.zip,https://nsearchives.nseindia.com/content/historical/EQUITIES/2020/OCT/cm13OCT2020bhav.csv.zip,2020-10-13,2ead784b5ca89f6c7dc968113568e26547c2d92ac41e94b78061257ea86dfe82,71341,historical NSE legacy equity bhavcopy,NSE download manifest
data/raw/bhavcopy_legacy/cm13OCT2021bhav.csv.zip,https://nsearchives.nseindia.com/content/historical/EQUITIES/2021/OCT/cm13OCT2021bhav.csv.zip,2021-10-13,a1cadc543c33f49c66a358bd484c4dd558c69006cc27969dedfaefb8dabbc270,81051,historical NSE legacy equity bhavcopy,NSE download manifest
data/raw/bhavcopy_legacy/cm13OCT2022bhav.csv.zip,https://nsearchives.nseindia.com/content/historical/EQUITIES/2022/OCT/cm13OCT2022bhav.csv.zip,2022-10-13,4e54bd91d7ff1420f9bd98904fe992f3ec14a449d0430ab430eff36c64e402ea,85628,historical NSE legacy equity bhavcopy,NSE download manifest
data/raw/bhavcopy_legacy/cm13OCT2023bhav.csv.zip,https://nsearchives.nseindia.com/content/historical/EQUITIES/2023/OCT/cm13OCT2023bhav.csv.zip,2023-10-13,dd6cf9869946b625bb24a19246ba62316081d7773c040181c261193b8508ebfa,95476,historical NSE legacy equity bhavcopy,NSE download manifest
data/raw/bhavcopy_legacy/cm13SEP2013bhav.csv.zip,https://nsearchives.nseindia.com/content/historical/EQUITIES/2013/SEP/cm13SEP2013bhav.csv.zip,2013-09-13,adb55ddec5df494be06c19692620dee4fb8f68fbee7ad9cf00fecfba615da745,49015,historical NSE legacy equity bhavcopy,NSE download manifest
data/raw/bhavcopy_legacy/cm13SEP2017bhav.csv.zip,https://nsearchives.nseindia.com/content/historical/EQUITIES/2017/SEP/cm13SEP2017bhav.csv.zip,2017-09-13,e0fb56df79f0b4025bf523a7a1bd6947377357fc54c9eec332ce7f7124dbc7b0,65205,historical NSE legacy equity bhavcopy,NSE download manifest
data/raw/bhavcopy_legacy/cm13SEP2019bhav.csv.zip,https://nsearchives.nseindia.com/content/historical/EQUITIES/2019/SEP/cm13SEP2019bhav.csv.zip,2019-09-13,bb75ec415b6f729d71532b48136b9fd1ea59e679b97d5f3eb73fefdba35a5fb9,68774,historical NSE legacy equity bhavcopy,NSE download manifest
data/raw/bhavcopy_legacy/cm13SEP2021bhav.csv.zip,https://nsearchives.nseindia.com/content/historical/EQUITIES/2021/SEP/cm13SEP2021bhav.csv.zip,2021-09-13,33129aaf54ae454131b103b4e87dfec6e24082048e7769c35cf40a67ecbc1548,79327,historical NSE legacy equity bhavcopy,NSE download manifest
data/raw/bhavcopy_legacy/cm13SEP2022bhav.csv.zip,https://nsearchives.nseindia.com/content/historical/EQUITIES/2022/SEP/cm13SEP2022bhav.csv.zip,2022-09-13,a1273ce4304e06b642423b3bc8351329a7cfac25afa89337a05269fb80e810c4,86366,historical NSE legacy equity bhavcopy,NSE download manifest
data/raw/bhavcopy_legacy/cm13SEP2023bhav.csv.zip,https://nsearchives.nseindia.com/content/historical/EQUITIES/2023/SEP/cm13SEP2023bhav.csv.zip,2023-09-13,751e63f14b2658c64fb542d257bd120ebc41e27f9e1740b5112661820e6bca8a,94772,historical NSE legacy equity bhavcopy,NSE download manifest
data/raw/bhavcopy_legacy/cm14AUG2013bhav.csv.zip,https://nsearchives.nseindia.com/content/historical/EQUITIES/2013/AUG/cm14AUG2013bhav.csv.zip,2013-08-14,9ca8b4ec4defd8493277cdd6b664977720bfc6dbe6b2b29f95c90fcb01b7cf64,48626,historical NSE legacy equity bhavcopy,NSE download manifest
data/raw/bhavcopy_legacy/cm14AUG2014bhav.csv.zip,https://nsearchives.nseindia.com/content/historical/EQUITIES/2014/AUG/cm14AUG2014bhav.csv.zip,2014-08-14,6aed23ba7a08a4543f26e2c6bd07cd043737851de600076ca92b28bbbe22dd05,57074,historical NSE legacy equity bhavcopy,NSE download manifest
data/raw/bhavcopy_legacy/cm14AUG2015bhav.csv.zip,https://nsearchives.nseindia.com/content/historical/EQUITIES/2015/AUG/cm14AUG2015bhav.csv.zip,2015-08-14,f3da8193ba57ae576865b3a8ed1aa2f470e22987364e6215a135315abdeae4aa,57656,historical NSE legacy equity bhavcopy,NSE download manifest
data/raw/bhavcopy_legacy/cm14AUG2017bhav.csv.zip,https://nsearchives.nseindia.com/content/historical/EQUITIES/2017/AUG/cm14AUG2017bhav.csv.zip,2017-08-14,2a4045b76f8958f3aef37634ef521af04d76d33e468b48a3a34abb2dfd42364a,64595,historical NSE legacy equity bhavcopy,NSE download manifest
data/raw/bhavcopy_legacy/cm14AUG2018bhav.csv.zip,https://nsearchives.nseindia.com/content/historical/EQUITIES/2018/AUG/cm14AUG2018bhav.csv.zip,2018-08-14,ce97f18ee0bb5aacaa1453a38a9273ea3575d0ea6e12db3115dab18e16df83b3,69201,historical NSE legacy equity bhavcopy,NSE download manifest
data/raw/bhavcopy_legacy/cm14AUG2019bhav.csv.zip,https://nsearchives.nseindia.com/content/historical/EQUITIES/2019/AUG/cm14AUG2019bhav.csv.zip,2019-08-14,0b811d34fe2890f4847af9bbba7e057509fa52306fe38708a17cc590b5cded2d,67539,historical NSE legacy equity bhavcopy,NSE download manifest
data/raw/bhavcopy_legacy/cm14AUG2020bhav.csv.zip,https://nsearchives.nseindia.com/content/historical/EQUITIES/2020/AUG/cm14AUG2020bhav.csv.zip,2020-08-14,0ad924d8808f7b833b0d75df1b9fe71be8213b228bc25a46b6191ee31ea6ecbe,72010,historical NSE legacy equity bhavcopy,NSE download manifest
data/raw/bhavcopy_legacy/cm14AUG2023bhav.csv.zip,https://nsearchives.nseindia.com/content/historical/EQUITIES/2023/AUG/cm14AUG2023bhav.csv.zip,2023-08-14,691440bb61b403b1b3b3faa008442c7f70cbaa08b2d9836651cbba2a0e833ab3,93410,historical NSE legacy equity bhavcopy,NSE download manifest
data/raw/bhavcopy_legacy/cm14DEC2015bhav.csv.zip,https://nsearchives.nseindia.com/content/historical/EQUITIES/2015/DEC/cm14DEC2015bhav.csv.zip,2015-12-14,10a569044f4ea678a98b8c3b42e4f38f7c7bbec9c9cef18d8269419ea4e39c64,58137,historical NSE legacy equity bhavcopy,NSE download manifest
data/raw/bhavcopy_legacy/cm14DEC2016bhav.csv.zip,https://nsearchives.nseindia.com/content/historical/EQUITIES/2016/DEC/cm14DEC2016bhav.csv.zip,2016-12-14,a2909d299cb923ded4ab7d29269e04a2fcda147e7ccfec898f81a467e0a36f1e,60927,historical NSE legacy equity bhavcopy,NSE download manifest
data/raw/bhavcopy_legacy/cm14DEC2017bhav.csv.zip,https://nsearchives.nseindia.com/content/historical/EQUITIES/2017/DEC/cm14DEC2017bhav.csv.zip,2017-12-14,9b78d28e6b3e1f3d9cbe08dc78a38056f02f4ab11d63757a6a29de6ee5c53462,67412,historical NSE legacy equity bhavcopy,NSE download manifest
data/raw/bhavcopy_legacy/cm14DEC2018bhav.csv.zip,https://nsearchives.nseindia.com/content/historical/EQUITIES/2018/DEC/cm14DEC2018bhav.csv.zip,2018-12-14,2d642b882637d7028ebf9794dfe1bc88b9389cfb8880922166aa6226f3b3a55e,66990,historical NSE legacy equity bhavcopy,NSE download manifest
data/raw/bhavcopy_legacy/cm14DEC2020bhav.csv.zip,https://nsearchives.nseindia.com/content/historical/EQUITIES/2020/DEC/cm14DEC2020bhav.csv.zip,2020-12-14,a5d48a0bf6bb7968eeaeb70db2ecedacfe67a5ec38367761dbc1446b0e271e21,74291,historical NSE legacy equity bhavcopy,NSE download manifest
data/raw/bhavcopy_legacy/cm14DEC2021bhav.csv.zip,https://nsearchives.nseindia.com/content/historical/EQUITIES/2021/DEC/cm14DEC2021bhav.csv.zip,2021-12-14,4e8e55e23dca908061b9b9a98573ecc3b3b5a9324d3ebc151679072ebf474e4e,80567,historical NSE legacy equity bhavcopy,NSE download manifest
data/raw/bhavcopy_legacy/cm14DEC2022bhav.csv.zip,https://nsearchives.nseindia.com/content/historical/EQUITIES/2022/DEC/cm14DEC2022bhav.csv.zip,2022-12-14,1d44a815081901345161adee0f9d4e603cc414334de6861e031fd0d147703648,87713,historical NSE legacy equity bhavcopy,NSE download manifest
data/raw/bhavcopy_legacy/cm14DEC2023bhav.csv.zip,https://nsearchives.nseindia.com/content/historical/EQUITIES/2023/DEC/cm14DEC2023bhav.csv.zip,2023-12-14,86ff2c12c9d28d1e2d73b54d3099210939eda6c7c6cbd34a1dfb813d0742e301,99164,historical NSE legacy equity bhavcopy,NSE download manifest
data/raw/bhavcopy_legacy/cm14FEB2013bhav.csv.zip,https://nsearchives.nseindia.com/content/historical/EQUITIES/2013/FEB/cm14FEB2013bhav.csv.zip,2013-02-14,c211a59481fba1e275440dbea2bd111889bddb9955aaabe7cfdb18cb0f9d7e44,55408,historical NSE legacy equity bhavcopy,NSE download manifest
data/raw/bhavcopy_legacy/cm14FEB2014bhav.csv.zip,https://nsearchives.nseindia.com/content/historical/EQUITIES/2014/FEB/cm14FEB2014bhav.csv.zip,2014-02-14,bf90f07cc31f4722e0f54e0fc9d322902acf0d654fba0475e9572852c7ff5b46,51506,historical NSE legacy equity bhavcopy,NSE download manifest
data/raw/bhavcopy_legacy/cm14FEB2017bhav.csv.zip,https://nsearchives.nseindia.com/content/historical/EQUITIES/2017/FEB/cm14FEB2017bhav.csv.zip,2017-02-14,bead728a29232e42bad7d897fce53d11df5295a625a0847fa020aecab775a36f,63286,historical NSE legacy equity bhavcopy,NSE download manifest
data/raw/bhavcopy_legacy/cm14FEB2018bhav.csv.zip,https://nsearchives.nseindia.com/content/historical/EQUITIES/2018/FEB/cm14FEB2018bhav.csv.zip,2018-02-14,864ad254d2f6a76ffa8cfae4e44ae770329701c79beae588c34705447da575a7,68959,historical NSE legacy equity bhavcopy,NSE download manifest
data/raw/bhavcopy_legacy/cm14FEB2019bhav.csv.zip,https://nsearchives.nseindia.com/content/historical/EQUITIES/2019/FEB/cm14FEB2019bhav.csv.zip,2019-02-14,65cd8f49943980a3ccf8e38bc47983040cbfaf7e7c73db6538d06f8534b31e39,67170,historical NSE legacy equity bhavcopy,NSE download manifest
data/raw/bhavcopy_legacy/cm14FEB2020bhav.csv.zip,https://nsearchives.nseindia.com/content/historical/EQUITIES/2020/FEB/cm14FEB2020bhav.csv.zip,2020-02-14,7861617a86dff53d4c218a2e8bf004b28ed9f7e50be8a0be00c82194c0a4d835,69389,historical NSE legacy equity bhavcopy,NSE download manifest
data/raw/bhavcopy_legacy/cm14FEB2022bhav.csv.zip,https://nsearchives.nseindia.com/content/historical/EQUITIES/2022/FEB/cm14FEB2022bhav.csv.zip,2022-02-14,28911f3e161aa6ec2da541ed915099d77c9d82722ed3415f69d82428da963e9e,83057,historical NSE legacy equity bhavcopy,NSE download manifest
data/raw/bhavcopy_legacy/cm14FEB2023bhav.csv.zip,https://nsearchives.nseindia.com/content/historical/EQUITIES/2023/FEB/cm14FEB2023bhav.csv.zip,2023-02-14,f82c11f62010954d86b69f1f8d8b9d83fbe3f8d9d5d5e51200ba1cfd075008d9,87366,historical NSE legacy equity bhavcopy,NSE download manifest
data/raw/bhavcopy_legacy/cm14FEB2024bhav.csv.zip,https://nsearchives.nseindia.com/content/historical/EQUITIES/2024/FEB/cm14FEB2024bhav.csv.zip,2024-02-14,d1630f511fdf635e3a09e894caf9a1e4e35c33fb5129e466067ef137523b0f8d,100027,historical NSE legacy equity bhavcopy,NSE download manifest
data/raw/bhavcopy_legacy/cm14JAN2013bhav.csv.zip,https://nsearchives.nseindia.com/content/historical/EQUITIES/2013/JAN/cm14JAN2013bhav.csv.zip,2013-01-14,ebf2460803c5339cec00ae3f2e1f3f54911ea5c470d8c5a6c88d393e5f20fb5d,55803,historical NSE legacy equity bhavcopy,NSE download manifest
data/raw/bhavcopy_legacy/cm14JAN2014bhav.csv.zip,https://nsearchives.nseindia.com/content/historical/EQUITIES/2014/JAN/cm14JAN2014bhav.csv.zip,2014-01-14,18c78f1c22d605915b3345cb065982b29791bb4a0d03db50baa301e79d8228b9,52543,historical NSE legacy equity bhavcopy,NSE download manifest
data/raw/bhavcopy_legacy/cm14JAN2015bhav.csv.zip,https://nsearchives.nseindia.com/content/historical/EQUITIES/2015/JAN/cm14JAN2015bhav.csv.zip,2015-01-14,0a844df20dd1fa78683894a69d7b75a879319ddbdd58d7d6119f0aeedb92c1d5,57796,historical NSE legacy equity bhavcopy,NSE download manifest
data/raw/bhavcopy_legacy/cm14JAN2016bhav.csv.zip,https://nsearchives.nseindia.com/content/historical/EQUITIES/2016/JAN/cm14JAN2016bhav.csv.zip,2016-01-14,0fb91d494722103f077432bade2274841943f3bfeb28aaf53173b8e92af27054,59161,historical NSE legacy equity bhavcopy,NSE download manifest
data/raw/bhavcopy_legacy/cm14JAN2019bhav.csv.zip,https://nsearchives.nseindia.com/content/historical/EQUITIES/2019/JAN/cm14JAN2019bhav.csv.zip,2019-01-14,666ba63879ae12438e06c1b552a5c3775cbd3783eb47b866c7008c8477f21d44,67357,historical NSE legacy equity bhavcopy,NSE download manifest
data/raw/bhavcopy_legacy/cm14JAN2020bhav.csv.zip,https://nsearchives.nseindia.com/content/historical/EQUITIES/2020/JAN/cm14JAN2020bhav.csv.zip,2020-01-14,7dddb88dd24bd6be5e3ba749e60be858b1da522bc710b53e298f8eed6155dc89,69606,historical NSE legacy equity bhavcopy,NSE download manifest
data/raw/bhavcopy_legacy/cm14JAN2021bhav.csv.zip,https://nsearchives.nseindia.com/content/historical/EQUITIES/2021/JAN/cm14JAN2021bhav.csv.zip,2021-01-14,be4b35c138ef2e7cd09357c2e3c1977488a2965f539e993608f29384d5d19d0c,74169,historical NSE legacy equity bhavcopy,NSE download manifest
data/raw/bhavcopy_legacy/cm14JAN2022bhav.csv.zip,https://nsearchives.nseindia.com/content/historical/EQUITIES/2022/JAN/cm14JAN2022bhav.csv.zip,2022-01-14,b0eb17d99bcb4a451666ff1e654d665ba6ea84bcdea0d612d56e7bfb08f360c5,81646,historical NSE legacy equity bhavcopy,NSE download manifest
data/raw/bhavcopy_legacy/cm14JUL2014bhav.csv.zip,https://nsearchives.nseindia.com/content/historical/EQUITIES/2014/JUL/cm14JUL2014bhav.csv.zip,2014-07-14,dde1bdda4aced1b3ec2d65c2715e3b0a32a8f87d960c280bf3b653e041ddff04,56280,historical NSE legacy equity bhavcopy,NSE download manifest
data/raw/bhavcopy_legacy/cm14JUL2015bhav.csv.zip,https://nsearchives.nseindia.com/content/historical/EQUITIES/2015/JUL/cm14JUL2015bhav.csv.zip,2015-07-14,d040d3b2781f5f0c1b87b1a3fe65261d96198df113f56fd53f7c5d4d1d1abbb2,57236,historical NSE legacy equity bhavcopy,NSE download manifest
data/raw/bhavcopy_legacy/cm14JUL2016bhav.csv.zip,https://nsearchives.nseindia.com/content/historical/EQUITIES/2016/JUL/cm14JUL2016bhav.csv.zip,2016-07-14,754cdf1c9ac5e639d895a76cc46e470ab755d0056fa99fdf6221c4cc5f8a8d9d,61646,historical NSE legacy equity bhavcopy,NSE download manifest
data/raw/bhavcopy_legacy/cm14JUL2017bhav.csv.zip,https://nsearchives.nseindia.com/content/historical/EQUITIES/2017/JUL/cm14JUL2017bhav.csv.zip,2017-07-14,c81d6101c574dd8ceb507109cca5a44a6067fcd890e120c088d0510e42f4e1f4,65593,historical NSE legacy equity bhavcopy,NSE download manifest
data/raw/bhavcopy_legacy/cm14JUL2020bhav.csv.zip,https://nsearchives.nseindia.com/content/historical/EQUITIES/2020/JUL/cm14JUL2020bhav.csv.zip,2020-07-14,79138a069873219271d22225f8d53b95b7d2aa43a18790e8f85e02da6fbefdd3,69775,historical NSE legacy equity bhavcopy,NSE download manifest
data/raw/bhavcopy_legacy/cm14JUL2021bhav.csv.zip,https://nsearchives.nseindia.com/content/historical/EQUITIES/2021/JUL/cm14JUL2021bhav.csv.zip,2021-07-14,d4022e64a1d52aa2b6d05f97d7c8dc6fddf0eec1d54d34929591b8e4e1ffccad,77447,historical NSE legacy equity bhavcopy,NSE download manifest
data/raw/bhavcopy_legacy/cm14JUL2022bhav.csv.zip,https://nsearchives.nseindia.com/content/historical/EQUITIES/2022/JUL/cm14JUL2022bhav.csv.zip,2022-07-14,a0cb21e11f0ab96f34048f64702d44920721ca9b1f68a3a8f3b43b14292c48e8,82038,historical NSE legacy equity bhavcopy,NSE download manifest
data/raw/bhavcopy_legacy/cm14JUL2023bhav.csv.zip,https://nsearchives.nseindia.com/content/historical/EQUITIES/2023/JUL/cm14JUL2023bhav.csv.zip,2023-07-14,12836dcbc036214b2fcbd51b6c84057560d0ad3cd4e93f9e062327854dcc0284,90459,historical NSE legacy equity bhavcopy,NSE download manifest
data/raw/bhavcopy_legacy/cm14JUN2013bhav.csv.zip,https://nsearchives.nseindia.com/content/historical/EQUITIES/2013/JUN/cm14JUN2013bhav.csv.zip,2013-06-14,705baea4399be8ebaf7b1adbf9ccfc5ab42efbd50373029a06d53423aad0c8de,50031,historical NSE legacy equity bhavcopy,NSE download manifest
data/raw/bhavcopy_legacy/cm14JUN2016bhav.csv.zip,https://nsearchives.nseindia.com/content/historical/EQUITIES/2016/JUN/cm14JUN2016bhav.csv.zip,2016-06-14,fb8efb5a754a870132213d8dba0751947d1f475149d670119cee90d623d8dd1e,59438,historical NSE legacy equity bhavcopy,NSE download manifest
data/raw/bhavcopy_legacy/cm14JUN2017bhav.csv.zip,https://nsearchives.nseindia.com/content/historical/EQUITIES/2017/JUN/cm14JUN2017bhav.csv.zip,2017-06-14,3c9996ba9f427fe4566f6f16334ee92e2cadbb42bc52c5122e5988e1f34c8607,64212,historical NSE legacy equity bhavcopy,NSE download manifest
data/raw/bhavcopy_legacy/cm14JUN2018bhav.csv.zip,https://nsearchives.nseindia.com/content/historical/EQUITIES/2018/JUN/cm14JUN2018bhav.csv.zip,2018-06-14,667eca0f74a49b6bc72877549bc70339b7f1848281520a3069d27ece693648d9,67757,historical NSE legacy equity bhavcopy,NSE download manifest
data/raw/bhavcopy_legacy/cm14JUN2019bhav.csv.zip,https://nsearchives.nseindia.com/content/historical/EQUITIES/2019/JUN/cm14JUN2019bhav.csv.zip,2019-06-14,091f6e263c963a40bd677329d5a7f65283dd3257cbefcea81ab0ca180187021c,68052,historical NSE legacy equity bhavcopy,NSE download manifest
data/raw/bhavcopy_legacy/cm14JUN2021bhav.csv.zip,https://nsearchives.nseindia.com/content/historical/EQUITIES/2021/JUN/cm14JUN2021bhav.csv.zip,2021-06-14,3cec326982f40cb8becc0a18dcd42731395838d64d686290920e55a23e31c9a3,78865,historical NSE legacy equity bhavcopy,NSE download manifest
data/raw/bhavcopy_legacy/cm14JUN2022bhav.csv.zip,https://nsearchives.nseindia.com/content/historical/EQUITIES/2022/JUN/cm14JUN2022bhav.csv.zip,2022-06-14,a78bc58bbd5fb8a186e7622c499edb05024c9a5aa3e8a78cee1468d9e3fc72a3,82184,historical NSE legacy equity bhavcopy,NSE download manifest
data/raw/bhavcopy_legacy/cm14JUN2023bhav.csv.zip,https://nsearchives.nseindia.com/content/historical/EQUITIES/2023/JUN/cm14JUN2023bhav.csv.zip,2023-06-14,041cfdd8818863b7d5c75b2ebc5f90a385a73230dd21188f97a843694ad5d6bf,91852,historical NSE legacy equity bhavcopy,NSE download manifest
data/raw/bhavcopy_legacy/cm14JUN2024bhav.csv.zip,https://nsearchives.nseindia.com/content/historical/EQUITIES/2024/JUN/cm14JUN2024bhav.csv.zip,2024-06-14,68c0d52e3e5e25142092b9a4c6d63fb68a774f41902aa667e60579d49114791e,107936,historical NSE legacy equity bhavcopy,NSE download manifest
data/raw/bhavcopy_legacy/cm14MAR2013bhav.csv.zip,https://nsearchives.nseindia.com/content/historical/EQUITIES/2013/MAR/cm14MAR2013bhav.csv.zip,2013-03-14,9e866b3d5ba4defa6e15bfef287b0ce169461cfa8f9f10ed143c4a1fcde123c1,54657,historical NSE legacy equity bhavcopy,NSE download manifest
data/raw/bhavcopy_legacy/cm14MAR2014bhav.csv.zip,https://nsearchives.nseindia.com/content/historical/EQUITIES/2014/MAR/cm14MAR2014bhav.csv.zip,2014-03-14,6150ba971fd46a7b5b0226588d883dc9c77e1946fb18091f4bde4a0a1c6d404d,54093,historical NSE legacy equity bhavcopy,NSE download manifest
data/raw/bhavcopy_legacy/cm14MAR2016bhav.csv.zip,https://nsearchives.nseindia.com/content/historical/EQUITIES/2016/MAR/cm14MAR2016bhav.csv.zip,2016-03-14,9097c6ac2023642e4655181b59ba7926fe7564bcef6f0a2bc1c6b0e21db3ed7f,58581,historical NSE legacy equity bhavcopy,NSE download manifest
data/raw/bhavcopy_legacy/cm14MAR2017bhav.csv.zip,https://nsearchives.nseindia.com/content/historical/EQUITIES/2017/MAR/cm14MAR2017bhav.csv.zip,2017-03-14,b1ca0349fcf582302be7c2e397918e91334b6f46a53eff1f77e0177f344ef018,64438,historical NSE legacy equity bhavcopy,NSE download manifest
data/raw/bhavcopy_legacy/cm14MAR2018bhav.csv.zip,https://nsearchives.nseindia.com/content/historical/EQUITIES/2018/MAR/cm14MAR2018bhav.csv.zip,2018-03-14,60b874857e8e107daf0b31513ede7c80fb5b201fc59877ec01c3df21c9c51310,67655,historical NSE legacy equity bhavcopy,NSE download manifest
data/raw/bhavcopy_legacy/cm14MAR2019bhav.csv.zip,https://nsearchives.nseindia.com/content/historical/EQUITIES/2019/MAR/cm14MAR2019bhav.csv.zip,2019-03-14,044363a620a7cbfe255ebc78fe985509278566a79c8f699a51d982189de4a20f,68879,historical NSE legacy equity bhavcopy,NSE download manifest
data/raw/bhavcopy_legacy/cm14MAR2022bhav.csv.zip,https://nsearchives.nseindia.com/content/historical/EQUITIES/2022/MAR/cm14MAR2022bhav.csv.zip,2022-03-14,50c54386133499f4a10b56eb55e739d49bfcbdca160d5dad08d877e8d2b080e2,82556,historical NSE legacy equity bhavcopy,NSE download manifest
data/raw/bhavcopy_legacy/cm14MAR2023bhav.csv.zip,https://nsearchives.nseindia.com/content/historical/EQUITIES/2023/MAR/cm14MAR2023bhav.csv.zip,2023-03-14,5b6f3d7ce9fa1d9dcbfd8bf8fc574958409b3d2cdd26f87337b16400727a315f,89280,historical NSE legacy equity bhavcopy,NSE download manifest
data/raw/bhavcopy_legacy/cm14MAR2024bhav.csv.zip,https://nsearchives.nseindia.com/content/historical/EQUITIES/2024/MAR/cm14MAR2024bhav.csv.zip,2024-03-14,f703773d2c70852b080061dcab78aab63688f3d671bf6fc6320fa0197d4b5b46,102640,historical NSE legacy equity bhavcopy,NSE download manifest
data/raw/bhavcopy_legacy/cm14MAY2013bhav.csv.zip,https://nsearchives.nseindia.com/content/historical/EQUITIES/2013/MAY/cm14MAY2013bhav.csv.zip,2013-05-14,34fdc763ef9531f334d771c13b4244de26bcfdd905b00df2152ad5dedcf42b69,50216,historical NSE legacy equity bhavcopy,NSE download manifest
data/raw/bhavcopy_legacy/cm14MAY2014bhav.csv.zip,https://nsearchives.nseindia.com/content/historical/EQUITIES/2014/MAY/cm14MAY2014bhav.csv.zip,2014-05-14,b0e98fd0c41ef01331f83ca01adb198d8c8837d75af154820a9ab2b45cd5cd6e,56634,historical NSE legacy equity bhavcopy,NSE download manifest
data/raw/bhavcopy_legacy/cm14MAY2015bhav.csv.zip,https://nsearchives.nseindia.com/content/historical/EQUITIES/2015/MAY/cm14MAY2015bhav.csv.zip,2015-05-14,30729d1d4791ba8003534001ea069478ddf49e1acc26a2fdfe52a95db904b071,55544,historical NSE legacy equity bhavcopy,NSE download manifest
data/raw/bhavcopy_legacy/cm14MAY2018bhav.csv.zip,https://nsearchives.nseindia.com/content/historical/EQUITIES/2018/MAY/cm14MAY2018bhav.csv.zip,2018-05-14,daf5823c423b29216ba12719ed5969ac909cab7042fa81bc5e53b495981e75de,68373,historical NSE legacy equity bhavcopy,NSE download manifest
data/raw/bhavcopy_legacy/cm14MAY2019bhav.csv.zip,https://nsearchives.nseindia.com/content/historical/EQUITIES/2019/MAY/cm14MAY2019bhav.csv.zip,2019-05-14,bb3aa504237822de2ceb7a3c24fd39de095a115a92a0b217ff9ec94be315b0ed,68432,historical NSE legacy equity bhavcopy,NSE download manifest
data/raw/bhavcopy_legacy/cm14MAY2020bhav.csv.zip,https://nsearchives.nseindia.com/content/historical/EQUITIES/2020/MAY/cm14MAY2020bhav.csv.zip,2020-05-14,66cb0bdbee5a861287cbddbdd4ab2a58a2164cef088e4f563ef53a83d25d8654,66836,historical NSE legacy equity bhavcopy,NSE download manifest
data/raw/bhavcopy_legacy/cm14MAY2021bhav.csv.zip,https://nsearchives.nseindia.com/content/historical/EQUITIES/2021/MAY/cm14MAY2021bhav.csv.zip,2021-05-14,bc337d1965449f691414c0ad223ec7981306e299e0e48f649dd18b26f2137cd6,76931,historical NSE legacy equity bhavcopy,NSE download manifest
data/raw/bhavcopy_legacy/cm14MAY2024bhav.csv.zip,https://nsearchives.nseindia.com/content/historical/EQUITIES/2024/MAY/cm14MAY2024bhav.csv.zip,2024-05-14,23f719c3080395ecbe5753539bf412582eab908866ad74a26149c62764d30b24,101913,historical NSE legacy equity bhavcopy,NSE download manifest
data/raw/bhavcopy_legacy/cm14NOV2013bhav.csv.zip,https://nsearchives.nseindia.com/content/historical/EQUITIES/2013/NOV/cm14NOV2013bhav.csv.zip,2013-11-14,297ffa07752bf6af1a0438c77dfa695da45b5981f8f65b9a00e9af9db0a6a3c6,49440,historical NSE legacy equity bhavcopy,NSE download manifest
data/raw/bhavcopy_legacy/cm14NOV2014bhav.csv.zip,https://nsearchives.nseindia.com/content/historical/EQUITIES/2014/NOV/cm14NOV2014bhav.csv.zip,2014-11-14,720c78b82331c371d28bee1bd8b46e2a4d181355c5cae5b574df4db7492a6d1a,58651,historical NSE legacy equity bhavcopy,NSE download manifest
data/raw/bhavcopy_legacy/cm14NOV2017bhav.csv.zip,https://nsearchives.nseindia.com/content/historical/EQUITIES/2017/NOV/cm14NOV2017bhav.csv.zip,2017-11-14,6c2bfac7046c429c8442c902d4038f1ea1150b2d6de9a3806ee9eb383cc59a9f,66854,historical NSE legacy equity bhavcopy,NSE download manifest
data/raw/bhavcopy_legacy/cm14NOV2018bhav.csv.zip,https://nsearchives.nseindia.com/content/historical/EQUITIES/2018/NOV/cm14NOV2018bhav.csv.zip,2018-11-14,1259a3bc4a5339c35e5da75d4c935891af912c2df7c718a106134af133b0375c,67553,historical NSE legacy equity bhavcopy,NSE download manifest
data/raw/bhavcopy_legacy/cm14NOV2019bhav.csv.zip,https://nsearchives.nseindia.com/content/historical/EQUITIES/2019/NOV/cm14NOV2019bhav.csv.zip,2019-11-14,98a69ca4c1b6bfb2e680e6a6086314482508af5ae4a30df88424fea20f2febc3,68455,historical NSE legacy equity bhavcopy,NSE download manifest
data/raw/bhavcopy_legacy/cm14NOV2020bhav.csv.zip,https://nsearchives.nseindia.com/content/historical/EQUITIES/2020/NOV/cm14NOV2020bhav.csv.zip,2020-11-14,652f8a54ba1481baa92032062aec5d3aa00a9db9e919001fec624d69771f1610,66823,historical NSE legacy equity bhavcopy,NSE official URL reconstructed from special-session downloader filename rule
data/raw/bhavcopy_legacy/cm14NOV2022bhav.csv.zip,https://nsearchives.nseindia.com/content/historical/EQUITIES/2022/NOV/cm14NOV2022bhav.csv.zip,2022-11-14,bedb2fecdf62ce13e2f83338b4ebe94725f5d6d8169b87af647b0644bd560b06,91652,historical NSE legacy equity bhavcopy,NSE download manifest
data/raw/bhavcopy_legacy/cm14OCT2013bhav.csv.zip,https://nsearchives.nseindia.com/content/historical/EQUITIES/2013/OCT/cm14OCT2013bhav.csv.zip,2013-10-14,5708a5296447d3d452505cac7391c207fd6d33eec0872584fba43d26c388b899,49210,historical NSE legacy equity bhavcopy,NSE download manifest
data/raw/bhavcopy_legacy/cm14OCT2014bhav.csv.zip,https://nsearchives.nseindia.com/content/historical/EQUITIES/2014/OCT/cm14OCT2014bhav.csv.zip,2014-10-14,e41f4be56016142b061d08373b34a4e73b00fd7d2c100faabfe0473e7c3d8546,57628,historical NSE legacy equity bhavcopy,NSE download manifest
data/raw/bhavcopy_legacy/cm14OCT2015bhav.csv.zip,https://nsearchives.nseindia.com/content/historical/EQUITIES/2015/OCT/cm14OCT2015bhav.csv.zip,2015-10-14,fa1dafcca5c669b8399e81467e8e80ee05a7c6431458cdf386eeb1774d0b7f06,57255,historical NSE legacy equity bhavcopy,NSE download manifest
data/raw/bhavcopy_legacy/cm14OCT2016bhav.csv.zip,https://nsearchives.nseindia.com/content/historical/EQUITIES/2016/OCT/cm14OCT2016bhav.csv.zip,2016-10-14,c357f019152ce90ad9a69f353af6b9d11be32302df8b91fc20be098799c72452,62442,historical NSE legacy equity bhavcopy,NSE download manifest
data/raw/bhavcopy_legacy/cm14OCT2019bhav.csv.zip,https://nsearchives.nseindia.com/content/historical/EQUITIES/2019/OCT/cm14OCT2019bhav.csv.zip,2019-10-14,9ba7f5681cc5c73db2cb73b74bf7c0695b3dc4eeb6c16ce1c93b22291f6a85dd,67792,historical NSE legacy equity bhavcopy,NSE download manifest
data/raw/bhavcopy_legacy/cm14OCT2020bhav.csv.zip,https://nsearchives.nseindia.com/content/historical/EQUITIES/2020/OCT/cm14OCT2020bhav.csv.zip,2020-10-14,baf0f937510e1461ac7f170f3db0d4bbd9e9bf54d6a46b43dc1d5d0988b64281,71324,historical NSE legacy equity bhavcopy,NSE download manifest
data/raw/bhavcopy_legacy/cm14OCT2021bhav.csv.zip,https://nsearchives.nseindia.com/content/historical/EQUITIES/2021/OCT/cm14OCT2021bhav.csv.zip,2021-10-14,60b8ce123c5fb7eb34ad21c4c83ee7df9e4648e6211025d13bdd61fa03bc0d20,80517,historical NSE legacy equity bhavcopy,NSE download manifest
data/raw/bhavcopy_legacy/cm14OCT2022bhav.csv.zip,https://nsearchives.nseindia.com/content/historical/EQUITIES/2022/OCT/cm14OCT2022bhav.csv.zip,2022-10-14,3b6350e768994e03924464daa6e67387df95e462552aa9338aaac536cb2969bf,85214,historical NSE legacy equity bhavcopy,NSE download manifest
data/raw/bhavcopy_legacy/cm14SEP2015bhav.csv.zip,https://nsearchives.nseindia.com/content/historical/EQUITIES/2015/SEP/cm14SEP2015bhav.csv.zip,2015-09-14,850765772606d6019ab735a22f8287f68cd5c238174a65f65489bd9ba00d7f19,56399,historical NSE legacy equity bhavcopy,NSE download manifest
data/raw/bhavcopy_legacy/cm14SEP2016bhav.csv.zip,https://nsearchives.nseindia.com/content/historical/EQUITIES/2016/SEP/cm14SEP2016bhav.csv.zip,2016-09-14,83c453fa8aad438d36f76d0314f5f99d411f92a3d53ed852565c09eb6dd307d4,62056,historical NSE legacy equity bhavcopy,NSE download manifest
data/raw/bhavcopy_legacy/cm14SEP2017bhav.csv.zip,https://nsearchives.nseindia.com/content/historical/EQUITIES/2017/SEP/cm14SEP2017bhav.csv.zip,2017-09-14,05655f8bea15ef7b17f02ec972737931bffb4954a791aa51d64af9dab4a6d05a,64752,historical NSE legacy equity bhavcopy,NSE download manifest
data/raw/bhavcopy_legacy/cm14SEP2018bhav.csv.zip,https://nsearchives.nseindia.com/content/historical/EQUITIES/2018/SEP/cm14SEP2018bhav.csv.zip,2018-09-14,0f27594a90028faa0e3c6c821aa7f4653bce06de638f2cb6a302d5f94d7dfdd6,68642,historical NSE legacy equity bhavcopy,NSE download manifest
data/raw/bhavcopy_legacy/cm14SEP2020bhav.csv.zip,https://nsearchives.nseindia.com/content/historical/EQUITIES/2020/SEP/cm14SEP2020bhav.csv.zip,2020-09-14,f1275587bd278f3e3d480eefaab2d94273591ad3e35a18ed62dc4fa08b64ee1d,71668,historical NSE legacy equity bhavcopy,NSE download manifest
data/raw/bhavcopy_legacy/cm14SEP2021bhav.csv.zip,https://nsearchives.nseindia.com/content/historical/EQUITIES/2021/SEP/cm14SEP2021bhav.csv.zip,2021-09-14,afa5796ad27eabdbd4cb287ece0851c5b0418f193d8d6f8e9c26bcff2327a890,78725,historical NSE legacy equity bhavcopy,NSE download manifest
data/raw/bhavcopy_legacy/cm14SEP2022bhav.csv.zip,https://nsearchives.nseindia.com/content/historical/EQUITIES/2022/SEP/cm14SEP2022bhav.csv.zip,2022-09-14,5ec8914e9588313af12f6a7b036cc77b7e7ef83238a2b2f3f196ccfc252a51dd,85908,historical NSE legacy equity bhavcopy,NSE download manifest
data/raw/bhavcopy_legacy/cm14SEP2023bhav.csv.zip,https://nsearchives.nseindia.com/content/historical/EQUITIES/2023/SEP/cm14SEP2023bhav.csv.zip,2023-09-14,ed87beae95212ff9fc99be04c0a4a95e751565499ad463283999331005ebdc2d,94108,historical NSE legacy equity bhavcopy,NSE download manifest
data/raw/bhavcopy_legacy/cm15APR2013bhav.csv.zip,https://nsearchives.nseindia.com/content/historical/EQUITIES/2013/APR/cm15APR2013bhav.csv.zip,2013-04-15,b484c11896e2a660b768f1c890f42f873d4e4d471aa8b731c2f0ae380a75fcb1,49177,historical NSE legacy equity bhavcopy,NSE download manifest
data/raw/bhavcopy_legacy/cm15APR2014bhav.csv.zip,https://nsearchives.nseindia.com/content/historical/EQUITIES/2014/APR/cm15APR2014bhav.csv.zip,2014-04-15,925b012f18c0f06fc8b790ce4655415417fa70b9a1707dd0f0da075a62f63a2e,55317,historical NSE legacy equity bhavcopy,NSE download manifest
data/raw/bhavcopy_legacy/cm15APR2015bhav.csv.zip,https://nsearchives.nseindia.com/content/historical/EQUITIES/2015/APR/cm15APR2015bhav.csv.zip,2015-04-15,519d33c44c0fca3525e2c52212f5f9512a632089b6e031314bf145e0af115d8f,58089,historical NSE legacy equity bhavcopy,NSE download manifest
data/raw/bhavcopy_legacy/cm15APR2019bhav.csv.zip,https://nsearchives.nseindia.com/content/historical/EQUITIES/2019/APR/cm15APR2019bhav.csv.zip,2019-04-15,72f7ac36a39d276270b1d84fcf04c094a8a0b72fc49c39ec16a5d3c09d9fbdd6,68439,historical NSE legacy equity bhavcopy,NSE download manifest
data/raw/bhavcopy_legacy/cm15APR2020bhav.csv.zip,https://nsearchives.nseindia.com/content/historical/EQUITIES/2020/APR/cm15APR2020bhav.csv.zip,2020-04-15,dfe063a1c5778f74f3c27400eed8493f444a461b5045871f3c4561a694f3a9b3,68614,historical NSE legacy equity bhavcopy,NSE download manifest
data/raw/bhavcopy_legacy/cm15APR2021bhav.csv.zip,https://nsearchives.nseindia.com/content/historical/EQUITIES/2021/APR/cm15APR2021bhav.csv.zip,2021-04-15,184a0eec7f5438c8f768bb6fd92f5679882eb08536e7f715623fb50e8f08cafc,74149,historical NSE legacy equity bhavcopy,NSE download manifest
data/raw/bhavcopy_legacy/cm15APR2024bhav.csv.zip,https://nsearchives.nseindia.com/content/historical/EQUITIES/2024/APR/cm15APR2024bhav.csv.zip,2024-04-15,be8c73cb956b919199aea2239ffd27a92227aa1913a2bc23848ad8b9d1b35921,103675,historical NSE legacy equity bhavcopy,NSE download manifest
data/raw/bhavcopy_legacy/cm15DEC2014bhav.csv.zip,https://nsearchives.nseindia.com/content/historical/EQUITIES/2014/DEC/cm15DEC2014bhav.csv.zip,2014-12-15,1497ba9fef9f79cf484a0e3078b50c6e77b93b64d5c7474a70b2093321402db1,57323,historical NSE legacy equity bhavcopy,NSE download manifest
data/raw/bhavcopy_legacy/cm15DEC2015bhav.csv.zip,https://nsearchives.nseindia.com/content/historical/EQUITIES/2015/DEC/cm15DEC2015bhav.csv.zip,2015-12-15,c4cc75850fb078e051457d53b3041fb70097aef2213ad2c0a6a0b9ef6937cc51,57711,historical NSE legacy equity bhavcopy,NSE download manifest
data/raw/bhavcopy_legacy/cm15DEC2016bhav.csv.zip,https://nsearchives.nseindia.com/content/historical/EQUITIES/2016/DEC/cm15DEC2016bhav.csv.zip,2016-12-15,4b36f3c98b825a1a66149f1cad303efc38c1d1e2768267bbebd84290e42af2dc,60954,historical NSE legacy equity bhavcopy,NSE download manifest
data/raw/bhavcopy_legacy/cm15DEC2017bhav.csv.zip,https://nsearchives.nseindia.com/content/historical/EQUITIES/2017/DEC/cm15DEC2017bhav.csv.zip,2017-12-15,5b4fa7d6a6db326806aac0ae2e4e74c28896b2dc909cf5941f0b4b97e0b31e4e,67399,historical NSE legacy equity bhavcopy,NSE download manifest
data/raw/bhavcopy_legacy/cm15DEC2020bhav.csv.zip,https://nsearchives.nseindia.com/content/historical/EQUITIES/2020/DEC/cm15DEC2020bhav.csv.zip,2020-12-15,ac00380eb489143ded6c011d575a041b9ad33bd6ea93608d7c313f7f128f2102,74349,historical NSE legacy equity bhavcopy,NSE download manifest
data/raw/bhavcopy_legacy/cm15DEC2021bhav.csv.zip,https://nsearchives.nseindia.com/content/historical/EQUITIES/2021/DEC/cm15DEC2021bhav.csv.zip,2021-12-15,1af4b441e8360d30dc18008ef55f6a1239c9fbffec51d16c7ed7fe05c762ae3e,80494,historical NSE legacy equity bhavcopy,NSE download manifest
data/raw/bhavcopy_legacy/cm15DEC2022bhav.csv.zip,https://nsearchives.nseindia.com/content/historical/EQUITIES/2022/DEC/cm15DEC2022bhav.csv.zip,2022-12-15,cfe22b959f6141cac4daaa886b62570f334af37f521be5d202c3c144e109275a,87503,historical NSE legacy equity bhavcopy,NSE download manifest
data/raw/bhavcopy_legacy/cm15DEC2023bhav.csv.zip,https://nsearchives.nseindia.com/content/historical/EQUITIES/2023/DEC/cm15DEC2023bhav.csv.zip,2023-12-15,8cd91c1cbf36f708b088507d27c298d6cd519bbf017b6c1c4ed608c13efa2a42,99118,historical NSE legacy equity bhavcopy,NSE download manifest
data/raw/bhavcopy_legacy/cm15FEB2013bhav.csv.zip,https://nsearchives.nseindia.com/content/historical/EQUITIES/2013/FEB/cm15FEB2013bhav.csv.zip,2013-02-15,c849132249dba1bb685a1a46e95bdd6be3333c34561a22d4e1bbd5ccc0a8163b,55253,historical NSE legacy equity bhavcopy,NSE download manifest
data/raw/bhavcopy_legacy/cm15FEB2016bhav.csv.zip,https://nsearchives.nseindia.com/content/historical/EQUITIES/2016/FEB/cm15FEB2016bhav.csv.zip,2016-02-15,6ae590968c0ed31517bf3d623f64e2566651b22132a14a32ad51008e48ac5f2d,58120,historical NSE legacy equity bhavcopy,NSE download manifest
data/raw/bhavcopy_legacy/cm15FEB2017bhav.csv.zip,https://nsearchives.nseindia.com/content/historical/EQUITIES/2017/FEB/cm15FEB2017bhav.csv.zip,2017-02-15,47e01264bbc29aa9003896f80e4bcfd6fd287bad2bb7ace4a8f67e49db6a919e,63394,historical NSE legacy equity bhavcopy,NSE download manifest
data/raw/bhavcopy_legacy/cm15FEB2018bhav.csv.zip,https://nsearchives.nseindia.com/content/historical/EQUITIES/2018/FEB/cm15FEB2018bhav.csv.zip,2018-02-15,369840f921ecf7eb23891ff4c7619da5624965c3f3a1700dac0bc417cc9ef7b9,68443,historical NSE legacy equity bhavcopy,NSE download manifest
data/raw/bhavcopy_legacy/cm15FEB2019bhav.csv.zip,https://nsearchives.nseindia.com/content/historical/EQUITIES/2019/FEB/cm15FEB2019bhav.csv.zip,2019-02-15,0843886f4b18f6fb5cadf2cb7e2d7c5d6746a25904b95e7032ae53b2da352c24,67425,historical NSE legacy equity bhavcopy,NSE download manifest
data/raw/bhavcopy_legacy/cm15FEB2021bhav.csv.zip,https://nsearchives.nseindia.com/content/historical/EQUITIES/2021/FEB/cm15FEB2021bhav.csv.zip,2021-02-15,d4c5bcbec70dea34eeb4bff9ce70492022e390aefba2d2c0397a3a5188b8457b,75263,historical NSE legacy equity bhavcopy,NSE download manifest
data/raw/bhavcopy_legacy/cm15FEB2022bhav.csv.zip,https://nsearchives.nseindia.com/content/historical/EQUITIES/2022/FEB/cm15FEB2022bhav.csv.zip,2022-02-15,122f8d749e03e9ca3b605a28945d89a4572dc6cecb1e3632f85ff88e10b65401,82933,historical NSE legacy equity bhavcopy,NSE download manifest
data/raw/bhavcopy_legacy/cm15FEB2023bhav.csv.zip,https://nsearchives.nseindia.com/content/historical/EQUITIES/2023/FEB/cm15FEB2023bhav.csv.zip,2023-02-15,57789c96f4ca28a47b1e3401b895d578457efa17e352734069606684477f19df,87092,historical NSE legacy equity bhavcopy,NSE download manifest
data/raw/bhavcopy_legacy/cm15FEB2024bhav.csv.zip,https://nsearchives.nseindia.com/content/historical/EQUITIES/2024/FEB/cm15FEB2024bhav.csv.zip,2024-02-15,d49a3affa5188c8bcd4274dbd5b1e2063bbf4cf94f107be2e980aed953a413eb,99933,historical NSE legacy equity bhavcopy,NSE download manifest
data/raw/bhavcopy_legacy/cm15JAN2013bhav.csv.zip,https://nsearchives.nseindia.com/content/historical/EQUITIES/2013/JAN/cm15JAN2013bhav.csv.zip,2013-01-15,bec69571af18477f473f6168bcee13429cecdeee340b7a603b870419f77d889a,56314,historical NSE legacy equity bhavcopy,NSE download manifest
data/raw/bhavcopy_legacy/cm15JAN2014bhav.csv.zip,https://nsearchives.nseindia.com/content/historical/EQUITIES/2014/JAN/cm15JAN2014bhav.csv.zip,2014-01-15,f4fd6b41dd388923226cca1ce73dc82fe13349795409f9751382422babfc079f,52937,historical NSE legacy equity bhavcopy,NSE download manifest
data/raw/bhavcopy_legacy/cm15JAN2015bhav.csv.zip,https://nsearchives.nseindia.com/content/historical/EQUITIES/2015/JAN/cm15JAN2015bhav.csv.zip,2015-01-15,3670237e7f9b6b57ecb4afc4705097ca725ebcda28fcc6b9cc1994523e7767c4,58338,historical NSE legacy equity bhavcopy,NSE download manifest
data/raw/bhavcopy_legacy/cm15JAN2016bhav.csv.zip,https://nsearchives.nseindia.com/content/historical/EQUITIES/2016/JAN/cm15JAN2016bhav.csv.zip,2016-01-15,764e7fccb42c87d2474a24c5a25f7356352f35f333c8b4fe58042680b91bbc6a,59058,historical NSE legacy equity bhavcopy,NSE download manifest
data/raw/bhavcopy_legacy/cm15JAN2018bhav.csv.zip,https://nsearchives.nseindia.com/content/historical/EQUITIES/2018/JAN/cm15JAN2018bhav.csv.zip,2018-01-15,5c20a122f0293b8cc6eb1d90014c386ab4f9e342925f5276f50a02742d58d090,69626,historical NSE legacy equity bhavcopy,NSE download manifest
data/raw/bhavcopy_legacy/cm15JAN2019bhav.csv.zip,https://nsearchives.nseindia.com/content/historical/EQUITIES/2019/JAN/cm15JAN2019bhav.csv.zip,2019-01-15,f22ed3d622841c86df399c1d3bd3ff1990f4f8ece80e4cbfda3608269cba8add,67437,historical NSE legacy equity bhavcopy,NSE download manifest
data/raw/bhavcopy_legacy/cm15JAN2020bhav.csv.zip,https://nsearchives.nseindia.com/content/historical/EQUITIES/2020/JAN/cm15JAN2020bhav.csv.zip,2020-01-15,75dd7c41d4581b004585cfd6a34666d607fb8ed25889299b3663a8cd0f257ac4,69891,historical NSE legacy equity bhavcopy,NSE download manifest
data/raw/bhavcopy_legacy/cm15JAN2021bhav.csv.zip,https://nsearchives.nseindia.com/content/historical/EQUITIES/2021/JAN/cm15JAN2021bhav.csv.zip,2021-01-15,b974815a9302926415893a732d8efa039784df2c1822e46c143bfbc1cca6c9be,74859,historical NSE legacy equity bhavcopy,NSE download manifest
data/raw/bhavcopy_legacy/cm15JAN2024bhav.csv.zip,https://nsearchives.nseindia.com/content/historical/EQUITIES/2024/JAN/cm15JAN2024bhav.csv.zip,2024-01-15,a1b7673c6d56ded2b62941db841bdd75d4aebf0ef004b087658e0eb55ed1d626,101682,historical NSE legacy equity bhavcopy,NSE download manifest
data/raw/bhavcopy_legacy/cm15JUL2013bhav.csv.zip,https://nsearchives.nseindia.com/content/historical/EQUITIES/2013/JUL/cm15JUL2013bhav.csv.zip,2013-07-15,2d445d8bf2f7a7d4c509b683cf67c5f46ec3ae7924972858d216f3fc011444ae,48515,historical NSE legacy equity bhavcopy,NSE download manifest
data/raw/bhavcopy_legacy/cm15JUL2014bhav.csv.zip,https://nsearchives.nseindia.com/content/historical/EQUITIES/2014/JUL/cm15JUL2014bhav.csv.zip,2014-07-15,55b37993f03c4f94cc176fb91c55aa1b131aa6bcc31385904a7bfd9242a121da,56622,historical NSE legacy equity bhavcopy,NSE download manifest
data/raw/bhavcopy_legacy/cm15JUL2015bhav.csv.zip,https://nsearchives.nseindia.com/content/historical/EQUITIES/2015/JUL/cm15JUL2015bhav.csv.zip,2015-07-15,5ea074c892ea06ff88e2b25917937e26ed27e48937a1472367444ace07cec844,57301,historical NSE legacy equity bhavcopy,NSE download manifest
data/raw/bhavcopy_legacy/cm15JUL2016bhav.csv.zip,https://nsearchives.nseindia.com/content/historical/EQUITIES/2016/JUL/cm15JUL2016bhav.csv.zip,2016-07-15,5ab531df1b8f37b83bb25c4d88ecefa0a5aa7aa06f75b219b4d2e11dce22377f,61313,historical NSE legacy equity bhavcopy,NSE download manifest
data/raw/bhavcopy_legacy/cm15JUL2019bhav.csv.zip,https://nsearchives.nseindia.com/content/historical/EQUITIES/2019/JUL/cm15JUL2019bhav.csv.zip,2019-07-15,163e5f62d8efe34406dab6e350f7e48d5a1cfe3bf869244426750c1bb3a4063a,67995,historical NSE legacy equity bhavcopy,NSE download manifest
data/raw/bhavcopy_legacy/cm15JUL2020bhav.csv.zip,https://nsearchives.nseindia.com/content/historical/EQUITIES/2020/JUL/cm15JUL2020bhav.csv.zip,2020-07-15,dd2cf20adc08bc5836fd09d9a6c7e223548951c0eabd14031a22cc1a93579b95,69945,historical NSE legacy equity bhavcopy,NSE download manifest
data/raw/bhavcopy_legacy/cm15JUL2021bhav.csv.zip,https://nsearchives.nseindia.com/content/historical/EQUITIES/2021/JUL/cm15JUL2021bhav.csv.zip,2021-07-15,38edd1845ff6f497fcd01017c423f5a41c2a3d16586ac83e2c8351fa21ce5985,77816,historical NSE legacy equity bhavcopy,NSE download manifest
data/raw/bhavcopy_legacy/cm15JUL2022bhav.csv.zip,https://nsearchives.nseindia.com/content/historical/EQUITIES/2022/JUL/cm15JUL2022bhav.csv.zip,2022-07-15,4282b21ac94a29df8c0dd7efae21a2765286b76fbc2a5f951f20132b8364c94c,82431,historical NSE legacy equity bhavcopy,NSE download manifest
data/raw/bhavcopy_legacy/cm15JUN2015bhav.csv.zip,https://nsearchives.nseindia.com/content/historical/EQUITIES/2015/JUN/cm15JUN2015bhav.csv.zip,2015-06-15,062d9c49ad75893063641a2d93a694d7db2ce84d41eac55c1108ed8633e14e61,55067,historical NSE legacy equity bhavcopy,NSE download manifest
data/raw/bhavcopy_legacy/cm15JUN2016bhav.csv.zip,https://nsearchives.nseindia.com/content/historical/EQUITIES/2016/JUN/cm15JUN2016bhav.csv.zip,2016-06-15,39a0bdbbf4f31400357f6d764e4171bca1c4a93c735450ca244d0ef1e359b881,59793,historical NSE legacy equity bhavcopy,NSE download manifest
data/raw/bhavcopy_legacy/cm15JUN2017bhav.csv.zip,https://nsearchives.nseindia.com/content/historical/EQUITIES/2017/JUN/cm15JUN2017bhav.csv.zip,2017-06-15,5f2cb0f81de963eac9e401d39f71450d1c9eb92506697be416408c950b9e82a4,64525,historical NSE legacy equity bhavcopy,NSE download manifest
data/raw/bhavcopy_legacy/cm15JUN2018bhav.csv.zip,https://nsearchives.nseindia.com/content/historical/EQUITIES/2018/JUN/cm15JUN2018bhav.csv.zip,2018-06-15,c5b7e55dff9db95192364ee4e2d746520cedaea5eaad94bed04611496eec01ba,68237,historical NSE legacy equity bhavcopy,NSE download manifest
data/raw/bhavcopy_legacy/cm15JUN2020bhav.csv.zip,https://nsearchives.nseindia.com/content/historical/EQUITIES/2020/JUN/cm15JUN2020bhav.csv.zip,2020-06-15,b5a12e11ed5a966737f11709500742c7b944b89d91bdb207afdbb420c501e7e6,69876,historical NSE legacy equity bhavcopy,NSE download manifest
data/raw/bhavcopy_legacy/cm15JUN2021bhav.csv.zip,https://nsearchives.nseindia.com/content/historical/EQUITIES/2021/JUN/cm15JUN2021bhav.csv.zip,2021-06-15,86e26840113d4c232310f1f6587038dbf33243533df81c97ce93e0230ddcb5af,77485,historical NSE legacy equity bhavcopy,NSE download manifest
data/raw/bhavcopy_legacy/cm15JUN2022bhav.csv.zip,https://nsearchives.nseindia.com/content/historical/EQUITIES/2022/JUN/cm15JUN2022bhav.csv.zip,2022-06-15,a88780a911f5e66c0f739ac2ad552fa9496888754cf211666d7d0b2cfc844c10,82106,historical NSE legacy equity bhavcopy,NSE download manifest
data/raw/bhavcopy_legacy/cm15JUN2023bhav.csv.zip,https://nsearchives.nseindia.com/content/historical/EQUITIES/2023/JUN/cm15JUN2023bhav.csv.zip,2023-06-15,872d0bbc89f2575cbafd5f1fc082113228f5487ec4e0c3f8f613c34bb38479f4,91812,historical NSE legacy equity bhavcopy,NSE download manifest
data/raw/bhavcopy_legacy/cm15MAR2013bhav.csv.zip,https://nsearchives.nseindia.com/content/historical/EQUITIES/2013/MAR/cm15MAR2013bhav.csv.zip,2013-03-15,be05edbcbabb82cbb5a09265cea77ad4f634fdd9bcd4ea361ea1b616233d82ac,54954,historical NSE legacy equity bhavcopy,NSE download manifest
data/raw/bhavcopy_legacy/cm15MAR2016bhav.csv.zip,https://nsearchives.nseindia.com/content/historical/EQUITIES/2016/MAR/cm15MAR2016bhav.csv.zip,2016-03-15,a3b0bd62d3930e610e7dde2cb1b85a4866a46b11f323f88dfdcfc609ff8d16e1,58277,historical NSE legacy equity bhavcopy,NSE download manifest
data/raw/bhavcopy_legacy/cm15MAR2017bhav.csv.zip,https://nsearchives.nseindia.com/content/historical/EQUITIES/2017/MAR/cm15MAR2017bhav.csv.zip,2017-03-15,55df7d7af5ffade34b087ad05dcfad2421b1b3353b334080c29808ab642d6db5,64312,historical NSE legacy equity bhavcopy,NSE download manifest
data/raw/bhavcopy_legacy/cm15MAR2018bhav.csv.zip,https://nsearchives.nseindia.com/content/historical/EQUITIES/2018/MAR/cm15MAR2018bhav.csv.zip,2018-03-15,ad5f4ec4414ee33483b0c13c4ff12eee999fc65e2c27195e722335b45aac0e8e,68457,historical NSE legacy equity bhavcopy,NSE download manifest
data/raw/bhavcopy_legacy/cm15MAR2019bhav.csv.zip,https://nsearchives.nseindia.com/content/historical/EQUITIES/2019/MAR/cm15MAR2019bhav.csv.zip,2019-03-15,9e261ac0a26c520761e33a0d7b22534c501ca4f8fbcfd1debd6d8f4016180c1c,69987,historical NSE legacy equity bhavcopy,NSE download manifest
data/raw/bhavcopy_legacy/cm15MAR2021bhav.csv.zip,https://nsearchives.nseindia.com/content/historical/EQUITIES/2021/MAR/cm15MAR2021bhav.csv.zip,2021-03-15,cef6d79dbe2e823f64cc3a9dd6def2e29e2eb5dd0b6f3434b0455550f66ea367,76313,historical NSE legacy equity bhavcopy,NSE download manifest
data/raw/bhavcopy_legacy/cm15MAR2022bhav.csv.zip,https://nsearchives.nseindia.com/content/historical/EQUITIES/2022/MAR/cm15MAR2022bhav.csv.zip,2022-03-15,a2f6e5eaa6a9b140915530175710928321aed0580874895146170650cde7f8b9,82284,historical NSE legacy equity bhavcopy,NSE download manifest
data/raw/bhavcopy_legacy/cm15MAR2023bhav.csv.zip,https://nsearchives.nseindia.com/content/historical/EQUITIES/2023/MAR/cm15MAR2023bhav.csv.zip,2023-03-15,2a4aa7c6f2d81ca71f3d2be09bd70fab01ab5411c01745ebf61d218d26b5cc5f,87807,historical NSE legacy equity bhavcopy,NSE download manifest
data/raw/bhavcopy_legacy/cm15MAR2024bhav.csv.zip,https://nsearchives.nseindia.com/content/historical/EQUITIES/2024/MAR/cm15MAR2024bhav.csv.zip,2024-03-15,ccde7670cb71b3f0f31ae01ba1368d50f36f0b1fee681ff5040edfceddf7fcbd,101506,historical NSE legacy equity bhavcopy,NSE download manifest
data/raw/bhavcopy_legacy/cm15MAY2013bhav.csv.zip,https://nsearchives.nseindia.com/content/historical/EQUITIES/2013/MAY/cm15MAY2013bhav.csv.zip,2013-05-15,8d645213933a22e11c0bfe63f903378d03e311b4e95d20f871356d188674163a,51250,historical NSE legacy equity bhavcopy,NSE download manifest
data/raw/bhavcopy_legacy/cm15MAY2014bhav.csv.zip,https://nsearchives.nseindia.com/content/historical/EQUITIES/2014/MAY/cm15MAY2014bhav.csv.zip,2014-05-15,ffaac9523b732de52401cd23c1fc0bba9806dc10c9136552b1bfccb8003a42e3,56482,historical NSE legacy equity bhavcopy,NSE download manifest
data/raw/bhavcopy_legacy/cm15MAY2015bhav.csv.zip,https://nsearchives.nseindia.com/content/historical/EQUITIES/2015/MAY/cm15MAY2015bhav.csv.zip,2015-05-15,56ad8bb295c3f666b855d74f5c786802fc8868754342184184c9cb4340350f48,56198,historical NSE legacy equity bhavcopy,NSE download manifest
data/raw/bhavcopy_legacy/cm15MAY2017bhav.csv.zip,https://nsearchives.nseindia.com/content/historical/EQUITIES/2017/MAY/cm15MAY2017bhav.csv.zip,2017-05-15,25b9fccde165a010b209ba91b76b2dcbae89b2748e76d6b2c0580c2ade1ec6cf,65220,historical NSE legacy equity bhavcopy,NSE download manifest
data/raw/bhavcopy_legacy/cm15MAY2018bhav.csv.zip,https://nsearchives.nseindia.com/content/historical/EQUITIES/2018/MAY/cm15MAY2018bhav.csv.zip,2018-05-15,09c6aa9c3989acb92b89cb74b105619700948b972b0ed60735314c6f7c4582d0,68239,historical NSE legacy equity bhavcopy,NSE download manifest
data/raw/bhavcopy_legacy/cm15MAY2019bhav.csv.zip,https://nsearchives.nseindia.com/content/historical/EQUITIES/2019/MAY/cm15MAY2019bhav.csv.zip,2019-05-15,fc906f05814008fae402cc9133119725bef38f279146f23cbcdd8bca882a8d53,68028,historical NSE legacy equity bhavcopy,NSE download manifest
data/raw/bhavcopy_legacy/cm15MAY2020bhav.csv.zip,https://nsearchives.nseindia.com/content/historical/EQUITIES/2020/MAY/cm15MAY2020bhav.csv.zip,2020-05-15,f8a7a5ee6139ac41e65ae520323b522df5d918d04d156f063bd44e83a8582496,66720,historical NSE legacy equity bhavcopy,NSE download manifest
data/raw/bhavcopy_legacy/cm15MAY2023bhav.csv.zip,https://nsearchives.nseindia.com/content/historical/EQUITIES/2023/MAY/cm15MAY2023bhav.csv.zip,2023-05-15,01e904c3ff9920d2dd90ccd243f4e34ec173c9e985863278ae309a4ee459b32c,90626,historical NSE legacy equity bhavcopy,NSE download manifest
data/raw/bhavcopy_legacy/cm15MAY2024bhav.csv.zip,https://nsearchives.nseindia.com/content/historical/EQUITIES/2024/MAY/cm15MAY2024bhav.csv.zip,2024-05-15,c9cca583a61af6b96b34a699a1a571f0e14aed2f0dfa301e8c4fcb036870d0a0,102157,historical NSE legacy equity bhavcopy,NSE download manifest
data/raw/bhavcopy_legacy/cm15NOV2016bhav.csv.zip,https://nsearchives.nseindia.com/content/historical/EQUITIES/2016/NOV/cm15NOV2016bhav.csv.zip,2016-11-15,a3ea7a045ef6d2ba2b1ff76a7aaeda480e4122c9177f1e907401cf68e7519185,62896,historical NSE legacy equity bhavcopy,NSE download manifest
data/raw/bhavcopy_legacy/cm15NOV2017bhav.csv.zip,https://nsearchives.nseindia.com/content/historical/EQUITIES/2017/NOV/cm15NOV2017bhav.csv.zip,2017-11-15,ff213135ad7094523aef382d47045e63a4b60fed22ccd7e0b5e780e15edecadd,67228,historical NSE legacy equity bhavcopy,NSE download manifest
data/raw/bhavcopy_legacy/cm15NOV2018bhav.csv.zip,https://nsearchives.nseindia.com/content/historical/EQUITIES/2018/NOV/cm15NOV2018bhav.csv.zip,2018-11-15,2ab662617a755e6ca386017a1061b52e4856d8a270e4a37bea66db16582ea87a,68013,historical NSE legacy equity bhavcopy,NSE download manifest
data/raw/bhavcopy_legacy/cm15NOV2019bhav.csv.zip,https://nsearchives.nseindia.com/content/historical/EQUITIES/2019/NOV/cm15NOV2019bhav.csv.zip,2019-11-15,7f2da5896506d165d613cda60aca05333c5cbf4497c81582044ac21f9f7f763e,69680,historical NSE legacy equity bhavcopy,NSE download manifest
data/raw/bhavcopy_legacy/cm15NOV2021bhav.csv.zip,https://nsearchives.nseindia.com/content/historical/EQUITIES/2021/NOV/cm15NOV2021bhav.csv.zip,2021-11-15,ae014509b5b4c934e0a343f98a1078f4dc9da40c10534d22d081b43690502d18,81035,historical NSE legacy equity bhavcopy,NSE download manifest
data/raw/bhavcopy_legacy/cm15NOV2022bhav.csv.zip,https://nsearchives.nseindia.com/content/historical/EQUITIES/2022/NOV/cm15NOV2022bhav.csv.zip,2022-11-15,f83785e477eaab8f546a5dd9b9a942f96f97a2406be0ff1250abc9edca0f6da2,87046,historical NSE legacy equity bhavcopy,NSE download manifest
data/raw/bhavcopy_legacy/cm15NOV2023bhav.csv.zip,https://nsearchives.nseindia.com/content/historical/EQUITIES/2023/NOV/cm15NOV2023bhav.csv.zip,2023-11-15,20757957582a8bbe2b3414b7915732c266c5cbe6c3cec7e1098481124f6c19f6,96886,historical NSE legacy equity bhavcopy,NSE download manifest
data/raw/bhavcopy_legacy/cm15OCT2013bhav.csv.zip,https://nsearchives.nseindia.com/content/historical/EQUITIES/2013/OCT/cm15OCT2013bhav.csv.zip,2013-10-15,61123d98f2f1a4267372d9ea34d1a36b7a95eb36e2d96368dba7f38c7b78531f,48906,historical NSE legacy equity bhavcopy,NSE download manifest
data/raw/bhavcopy_legacy/cm15OCT2015bhav.csv.zip,https://nsearchives.nseindia.com/content/historical/EQUITIES/2015/OCT/cm15OCT2015bhav.csv.zip,2015-10-15,92ed3197203489f42410a1abe5eb4692e9e7a04eb44bf176a1b5ff26e54e3e6f,58029,historical NSE legacy equity bhavcopy,NSE download manifest
data/raw/bhavcopy_legacy/cm15OCT2018bhav.csv.zip,https://nsearchives.nseindia.com/content/historical/EQUITIES/2018/OCT/cm15OCT2018bhav.csv.zip,2018-10-15,e6caf624c7815f639202b2d5e19c15f857d12d86af51a5ac43e54f048f25b476,68446,historical NSE legacy equity bhavcopy,NSE download manifest
data/raw/bhavcopy_legacy/cm15OCT2019bhav.csv.zip,https://nsearchives.nseindia.com/content/historical/EQUITIES/2019/OCT/cm15OCT2019bhav.csv.zip,2019-10-15,64d89524e12659c7eb9cd6b75bc0958d81ebd5f9ec96d78130b68e8a9d467ee2,67773,historical NSE legacy equity bhavcopy,NSE download manifest
data/raw/bhavcopy_legacy/cm15OCT2020bhav.csv.zip,https://nsearchives.nseindia.com/content/historical/EQUITIES/2020/OCT/cm15OCT2020bhav.csv.zip,2020-10-15,567ad0179b6d88105078b1603eebc0d3ed2b721398f8a36af5e5cade4e709239,71745,historical NSE legacy equity bhavcopy,NSE download manifest
data/raw/bhavcopy_legacy/cm15SEP2014bhav.csv.zip,https://nsearchives.nseindia.com/content/historical/EQUITIES/2014/SEP/cm15SEP2014bhav.csv.zip,2014-09-15,86e5c2a16fd0ffdbbbe92d5b4df167664f42e9cfbbfb06ca4d9e0bf72e75e232,59465,historical NSE legacy equity bhavcopy,NSE download manifest
data/raw/bhavcopy_legacy/cm15SEP2015bhav.csv.zip,https://nsearchives.nseindia.com/content/historical/EQUITIES/2015/SEP/cm15SEP2015bhav.csv.zip,2015-09-15,171cad9415c6c69273339d24551e93cefc6043cbf0efb179b5cde2179844c083,56288,historical NSE legacy equity bhavcopy,NSE download manifest
data/raw/bhavcopy_legacy/cm15SEP2016bhav.csv.zip,https://nsearchives.nseindia.com/content/historical/EQUITIES/2016/SEP/cm15SEP2016bhav.csv.zip,2016-09-15,1e85b9512be049ef69460124e5f37862269b03ce29e977163f2b241cfc9495d3,61649,historical NSE legacy equity bhavcopy,NSE download manifest
data/raw/bhavcopy_legacy/cm15SEP2017bhav.csv.zip,https://nsearchives.nseindia.com/content/historical/EQUITIES/2017/SEP/cm15SEP2017bhav.csv.zip,2017-09-15,aca669578240ace44a6f1f6e85eb257d7fad113d005c7268426baddb2500b744,65125,historical NSE legacy equity bhavcopy,NSE download manifest
data/raw/bhavcopy_legacy/cm15SEP2020bhav.csv.zip,https://nsearchives.nseindia.com/content/historical/EQUITIES/2020/SEP/cm15SEP2020bhav.csv.zip,2020-09-15,7cad2aa2c6fe6e696654cfb19e1b807f5eb918fc044ad8e1d8c1c417748b7d0e,70866,historical NSE legacy equity bhavcopy,NSE download manifest
data/raw/bhavcopy_legacy/cm15SEP2021bhav.csv.zip,https://nsearchives.nseindia.com/content/historical/EQUITIES/2021/SEP/cm15SEP2021bhav.csv.zip,2021-09-15,13cd28f7fa681d9fc394248ad3facfb06484c1d94a350b2c2fd1613dfc2a8514,79062,historical NSE legacy equity bhavcopy,NSE download manifest
data/raw/bhavcopy_legacy/cm15SEP2022bhav.csv.zip,https://nsearchives.nseindia.com/content/historical/EQUITIES/2022/SEP/cm15SEP2022bhav.csv.zip,2022-09-15,e6198c0782c0f207ab734beb993cfc28740401c8093c88b4a2fdcac068246a78,85528,historical NSE legacy equity bhavcopy,NSE download manifest
data/raw/bhavcopy_legacy/cm15SEP2023bhav.csv.zip,https://nsearchives.nseindia.com/content/historical/EQUITIES/2023/SEP/cm15SEP2023bhav.csv.zip,2023-09-15,3421fe70169cc0bbd18d67d815308fdf836b5139778856dabf79b73610e27328,94579,historical NSE legacy equity bhavcopy,NSE download manifest
data/raw/bhavcopy_legacy/cm16APR2013bhav.csv.zip,https://nsearchives.nseindia.com/content/historical/EQUITIES/2013/APR/cm16APR2013bhav.csv.zip,2013-04-16,b080dc24949a25040a25c8174b469f6243cf704698fde18967a2ff2f407d2022,50201,historical NSE legacy equity bhavcopy,NSE download manifest
data/raw/bhavcopy_legacy/cm16APR2014bhav.csv.zip,https://nsearchives.nseindia.com/content/historical/EQUITIES/2014/APR/cm16APR2014bhav.csv.zip,2014-04-16,89c80af79fb6ce72263f7fce9bb91b0ad657ddb58ab59f244989b33c0cc3318d,55359,historical NSE legacy equity bhavcopy,NSE download manifest
data/raw/bhavcopy_legacy/cm16APR2015bhav.csv.zip,https://nsearchives.nseindia.com/content/historical/EQUITIES/2015/APR/cm16APR2015bhav.csv.zip,2015-04-16,dd49fe9d8002d2c93b0f9f8d98c3facfef6d719ff792870ac4b88fab8d4de784,57558,historical NSE legacy equity bhavcopy,NSE download manifest
data/raw/bhavcopy_legacy/cm16APR2018bhav.csv.zip,https://nsearchives.nseindia.com/content/historical/EQUITIES/2018/APR/cm16APR2018bhav.csv.zip,2018-04-16,ef990fd559783d97a2f22cf4cc48d2b23821d06ddee27c18e57bb75fddf195f7,69222,historical NSE legacy equity bhavcopy,NSE download manifest
data/raw/bhavcopy_legacy/cm16APR2019bhav.csv.zip,https://nsearchives.nseindia.com/content/historical/EQUITIES/2019/APR/cm16APR2019bhav.csv.zip,2019-04-16,263249994e8be9d17171ccbff84d4a325452ae3fff215d95f34965e84220c5ec,68828,historical NSE legacy equity bhavcopy,NSE download manifest
data/raw/bhavcopy_legacy/cm16APR2020bhav.csv.zip,https://nsearchives.nseindia.com/content/historical/EQUITIES/2020/APR/cm16APR2020bhav.csv.zip,2020-04-16,7170c772866c370401d1fa3b824ca5e679134ff44619242231996f921e2a2ff3,67875,historical NSE legacy equity bhavcopy,NSE download manifest
data/raw/bhavcopy_legacy/cm16APR2021bhav.csv.zip,https://nsearchives.nseindia.com/content/historical/EQUITIES/2021/APR/cm16APR2021bhav.csv.zip,2021-04-16,fdc77a3f6fbb657fa2ae097a289b160bcd772412f4b2cd034ec9e192d7637bd2,74041,historical NSE legacy equity bhavcopy,NSE download manifest
data/raw/bhavcopy_legacy/cm16APR2024bhav.csv.zip,https://nsearchives.nseindia.com/content/historical/EQUITIES/2024/APR/cm16APR2024bhav.csv.zip,2024-04-16,8fa79ff1c2342857567ed2f7a71ea0e86f62e3b9a4aeb9539ea0812d0335446d,102264,historical NSE legacy equity bhavcopy,NSE download manifest
data/raw/bhavcopy_legacy/cm16AUG2013bhav.csv.zip,https://nsearchives.nseindia.com/content/historical/EQUITIES/2013/AUG/cm16AUG2013bhav.csv.zip,2013-08-16,8ba998e64796059c8ea8c0209edeb08b5e2b7a2420ebaba080d764f0b9573d54,48214,historical NSE legacy equity bhavcopy,NSE download manifest
data/raw/bhavcopy_legacy/cm16AUG2016bhav.csv.zip,https://nsearchives.nseindia.com/content/historical/EQUITIES/2016/AUG/cm16AUG2016bhav.csv.zip,2016-08-16,3b2e586802dc7bf0f6238444e74d6107e6b65076e4816c3b18b1cb7800bc767b,60885,historical NSE legacy equity bhavcopy,NSE download manifest
data/raw/bhavcopy_legacy/cm16AUG2017bhav.csv.zip,https://nsearchives.nseindia.com/content/historical/EQUITIES/2017/AUG/cm16AUG2017bhav.csv.zip,2017-08-16,fa3381ab35233e3c0df278c970d62d7db8b923a9332e3d769be99c36305623aa,64636,historical NSE legacy equity bhavcopy,NSE download manifest
data/raw/bhavcopy_legacy/cm16AUG2018bhav.csv.zip,https://nsearchives.nseindia.com/content/historical/EQUITIES/2018/AUG/cm16AUG2018bhav.csv.zip,2018-08-16,a18c3a89ffd786514c1034adbe27f333cd8ea1e219e911b02d9a008525703638,68536,historical NSE legacy equity bhavcopy,NSE download manifest
data/raw/bhavcopy_legacy/cm16AUG2019bhav.csv.zip,https://nsearchives.nseindia.com/content/historical/EQUITIES/2019/AUG/cm16AUG2019bhav.csv.zip,2019-08-16,d18c5de10c7be49ae5b67d14a66a231467f615247d800039fbdbe2477baf8bbd,67601,historical NSE legacy equity bhavcopy,NSE download manifest
data/raw/bhavcopy_legacy/cm16AUG2021bhav.csv.zip,https://nsearchives.nseindia.com/content/historical/EQUITIES/2021/AUG/cm16AUG2021bhav.csv.zip,2021-08-16,dbd7a10d4b927ee5b992a91022cf6a5c69fdc3908c7d411bd62c71c6386cfa17,78303,historical NSE legacy equity bhavcopy,NSE download manifest
data/raw/bhavcopy_legacy/cm16AUG2022bhav.csv.zip,https://nsearchives.nseindia.com/content/historical/EQUITIES/2022/AUG/cm16AUG2022bhav.csv.zip,2022-08-16,444337a6c7533b6f2a827570416bb9e3b0f898c1b97074f8ba2e8278d5445a98,86292,historical NSE legacy equity bhavcopy,NSE download manifest
data/raw/bhavcopy_legacy/cm16AUG2023bhav.csv.zip,https://nsearchives.nseindia.com/content/historical/EQUITIES/2023/AUG/cm16AUG2023bhav.csv.zip,2023-08-16,c89d1f13e4ab4ba23769d9610e4568d4d31bc4517943cbfb703bc85fb8d028c4,93353,historical NSE legacy equity bhavcopy,NSE download manifest
data/raw/bhavcopy_legacy/cm16DEC2013bhav.csv.zip,https://nsearchives.nseindia.com/content/historical/EQUITIES/2013/DEC/cm16DEC2013bhav.csv.zip,2013-12-16,a4a4b13a00eef55229106510276e72bc6b15224e9be9884a3e0ce2f609c7ed1c,48470,historical NSE legacy equity bhavcopy,NSE download manifest
data/raw/bhavcopy_legacy/cm16DEC2014bhav.csv.zip,https://nsearchives.nseindia.com/content/historical/EQUITIES/2014/DEC/cm16DEC2014bhav.csv.zip,2014-12-16,9c48c6d3392912aa2cdbff2b81acd54af1472e2c9f29a544d7f61b28983e0235,58155,historical NSE legacy equity bhavcopy,NSE download manifest
data/raw/bhavcopy_legacy/cm16DEC2015bhav.csv.zip,https://nsearchives.nseindia.com/content/historical/EQUITIES/2015/DEC/cm16DEC2015bhav.csv.zip,2015-12-16,cc48f09c1f3ef66dded100e773644f1f65d1f632c09c3ae577a9c11a0ce36df6,58671,historical NSE legacy equity bhavcopy,NSE download manifest
data/raw/bhavcopy_legacy/cm16DEC2016bhav.csv.zip,https://nsearchives.nseindia.com/content/historical/EQUITIES/2016/DEC/cm16DEC2016bhav.csv.zip,2016-12-16,26d16ca4ec46b6cdeeed384f05cba05a26dd32603053ba40362d6f1c1f894c5e,60815,historical NSE legacy equity bhavcopy,NSE download manifest
data/raw/bhavcopy_legacy/cm16DEC2019bhav.csv.zip,https://nsearchives.nseindia.com/content/historical/EQUITIES/2019/DEC/cm16DEC2019bhav.csv.zip,2019-12-16,0ec67b42e77150ddc95280ae013f8f84b0e9e213f60563ab19c3d2a0ffd11fa3,69065,historical NSE legacy equity bhavcopy,NSE download manifest
data/raw/bhavcopy_legacy/cm16DEC2020bhav.csv.zip,https://nsearchives.nseindia.com/content/historical/EQUITIES/2020/DEC/cm16DEC2020bhav.csv.zip,2020-12-16,5ec36ae22bfa74cd67b26327e760192290e6238a0df93929235bea23aa7b63dc,74636,historical NSE legacy equity bhavcopy,NSE download manifest
data/raw/bhavcopy_legacy/cm16DEC2021bhav.csv.zip,https://nsearchives.nseindia.com/content/historical/EQUITIES/2021/DEC/cm16DEC2021bhav.csv.zip,2021-12-16,178f2a4bb929ee7ba91513e669a07e3551ef18fc90ead766f0f3fc05247e5ca5,80113,historical NSE legacy equity bhavcopy,NSE download manifest
data/raw/bhavcopy_legacy/cm16DEC2022bhav.csv.zip,https://nsearchives.nseindia.com/content/historical/EQUITIES/2022/DEC/cm16DEC2022bhav.csv.zip,2022-12-16,d2d23253a29e01a7622d7c360695a9a25802c6a024e29cdad6028370c821adb6,87781,historical NSE legacy equity bhavcopy,NSE download manifest
data/raw/bhavcopy_legacy/cm16FEB2015bhav.csv.zip,https://nsearchives.nseindia.com/content/historical/EQUITIES/2015/FEB/cm16FEB2015bhav.csv.zip,2015-02-16,bb72d6f37f0ff6107605d1b9ac81ecabd8c9fcbc488c150d3887a7e598eb0823,56946,historical NSE legacy equity bhavcopy,NSE download manifest
data/raw/bhavcopy_legacy/cm16FEB2016bhav.csv.zip,https://nsearchives.nseindia.com/content/historical/EQUITIES/2016/FEB/cm16FEB2016bhav.csv.zip,2016-02-16,03487d168f7a17af8cf25893012c2ada2cf1b7e7db29c885565726fb59bf9f38,57912,historical NSE legacy equity bhavcopy,NSE download manifest
data/raw/bhavcopy_legacy/cm16FEB2017bhav.csv.zip,https://nsearchives.nseindia.com/content/historical/EQUITIES/2017/FEB/cm16FEB2017bhav.csv.zip,2017-02-16,09f4cbe2c967bb69ce18f9a0a0afd8d4ca721bb76f223612d39501dca49e0518,62958,historical NSE legacy equity bhavcopy,NSE download manifest
data/raw/bhavcopy_legacy/cm16FEB2018bhav.csv.zip,https://nsearchives.nseindia.com/content/historical/EQUITIES/2018/FEB/cm16FEB2018bhav.csv.zip,2018-02-16,513330ba534b5d8a7cbaa1cc80ea6a6f0164098740d31c3ebd89c25d426b7e14,68194,historical NSE legacy equity bhavcopy,NSE download manifest
data/raw/bhavcopy_legacy/cm16FEB2021bhav.csv.zip,https://nsearchives.nseindia.com/content/historical/EQUITIES/2021/FEB/cm16FEB2021bhav.csv.zip,2021-02-16,eb59a06b86f4db851a8c02e1fdf1172b7f324df5bdfa976e0804e69d1e7e2a82,74595,historical NSE legacy equity bhavcopy,NSE download manifest
data/raw/bhavcopy_legacy/cm16FEB2022bhav.csv.zip,https://nsearchives.nseindia.com/content/historical/EQUITIES/2022/FEB/cm16FEB2022bhav.csv.zip,2022-02-16,07b52e88b98722801ddf2c690a1e3fde421040fb6fa29db7f4b5d532ca9fc7be,82012,historical NSE legacy equity bhavcopy,NSE download manifest
data/raw/bhavcopy_legacy/cm16FEB2023bhav.csv.zip,https://nsearchives.nseindia.com/content/historical/EQUITIES/2023/FEB/cm16FEB2023bhav.csv.zip,2023-02-16,bd0b607d1f2a64f7de4b75d3756d2e4c85a7ff47ba3ce904da0ca62d83bcd992,87446,historical NSE legacy equity bhavcopy,NSE download manifest
data/raw/bhavcopy_legacy/cm16FEB2024bhav.csv.zip,https://nsearchives.nseindia.com/content/historical/EQUITIES/2024/FEB/cm16FEB2024bhav.csv.zip,2024-02-16,7286b38a4c00b4289629048a05a93dbf48409ee962ffa8ff495918d0e82023cd,100796,historical NSE legacy equity bhavcopy,NSE download manifest
data/raw/bhavcopy_legacy/cm16JAN2013bhav.csv.zip,https://nsearchives.nseindia.com/content/historical/EQUITIES/2013/JAN/cm16JAN2013bhav.csv.zip,2013-01-16,68115991ca5dfae3e111a70cfa403a61b493aa89c03e5e425fe9acd4820c6922,56395,historical NSE legacy equity bhavcopy,NSE download manifest
data/raw/bhavcopy_legacy/cm16JAN2014bhav.csv.zip,https://nsearchives.nseindia.com/content/historical/EQUITIES/2014/JAN/cm16JAN2014bhav.csv.zip,2014-01-16,8dd5312c7d48a6bbb398cce43b1c3c8a4facb227bbf75c47e9569b9a8db5243a,53102,historical NSE legacy equity bhavcopy,NSE download manifest
data/raw/bhavcopy_legacy/cm16JAN2015bhav.csv.zip,https://nsearchives.nseindia.com/content/historical/EQUITIES/2015/JAN/cm16JAN2015bhav.csv.zip,2015-01-16,4eac4d34fafbfa918c4b3e2cf7de36c4b087abddcfa98c5d27cfcf84dfef824d,58048,historical NSE legacy equity bhavcopy,NSE download manifest
data/raw/bhavcopy_legacy/cm16JAN2017bhav.csv.zip,https://nsearchives.nseindia.com/content/historical/EQUITIES/2017/JAN/cm16JAN2017bhav.csv.zip,2017-01-16,56784829192ef6621167b25aa9132c08296e199f31295e0dcfd51822bc804032,62916,historical NSE legacy equity bhavcopy,NSE download manifest
data/raw/bhavcopy_legacy/cm16JAN2018bhav.csv.zip,https://nsearchives.nseindia.com/content/historical/EQUITIES/2018/JAN/cm16JAN2018bhav.csv.zip,2018-01-16,169b65168c7eaf8337f866b715693cfc1b875171e13c1c76a85fbf1534510a17,70155,historical NSE legacy equity bhavcopy,NSE download manifest
data/raw/bhavcopy_legacy/cm16JAN2019bhav.csv.zip,https://nsearchives.nseindia.com/content/historical/EQUITIES/2019/JAN/cm16JAN2019bhav.csv.zip,2019-01-16,9bd27f5674cb0286003988a790e75cfa9756f0d3a4c5336fabef36ce7250bf07,67213,historical NSE legacy equity bhavcopy,NSE download manifest
data/raw/bhavcopy_legacy/cm16JAN2020bhav.csv.zip,https://nsearchives.nseindia.com/content/historical/EQUITIES/2020/JAN/cm16JAN2020bhav.csv.zip,2020-01-16,179f4d2c27a4b860606631874aeececde4237f0c4dcf5e55eb718f1a9963445b,69877,historical NSE legacy equity bhavcopy,NSE download manifest
data/raw/bhavcopy_legacy/cm16JAN2023bhav.csv.zip,https://nsearchives.nseindia.com/content/historical/EQUITIES/2023/JAN/cm16JAN2023bhav.csv.zip,2023-01-16,0e6647522a43a0401bb9480e178b94e3d2bf24805011de2dd108e4a54fcabcf3,88815,historical NSE legacy equity bhavcopy,NSE download manifest
data/raw/bhavcopy_legacy/cm16JAN2024bhav.csv.zip,https://nsearchives.nseindia.com/content/historical/EQUITIES/2024/JAN/cm16JAN2024bhav.csv.zip,2024-01-16,8b858aca5ed8daab5295049039d076c093d84e8be360e540145ac26fa9d2ac70,100213,historical NSE legacy equity bhavcopy,NSE download manifest
data/raw/bhavcopy_legacy/cm16JUL2013bhav.csv.zip,https://nsearchives.nseindia.com/content/historical/EQUITIES/2013/JUL/cm16JUL2013bhav.csv.zip,2013-07-16,ebe854a192de1f83259e44d4d1276db62d3aac7ac33be4897bb2ead5248c9325,47986,historical NSE legacy equity bhavcopy,NSE download manifest
data/raw/bhavcopy_legacy/cm16JUL2014bhav.csv.zip,https://nsearchives.nseindia.com/content/historical/EQUITIES/2014/JUL/cm16JUL2014bhav.csv.zip,2014-07-16,a286d2c4ea7085b58eaea4fd2af8e927ba3898370a192de6dd00924a6c239766,56881,historical NSE legacy equity bhavcopy,NSE download manifest
data/raw/bhavcopy_legacy/cm16JUL2015bhav.csv.zip,https://nsearchives.nseindia.com/content/historical/EQUITIES/2015/JUL/cm16JUL2015bhav.csv.zip,2015-07-16,3e76aa43ee1a363dce00b238480b44d2d3ff7dac3ea41eca316f14d0fba49c2e,57395,historical NSE legacy equity bhavcopy,NSE download manifest
data/raw/bhavcopy_legacy/cm16JUL2018bhav.csv.zip,https://nsearchives.nseindia.com/content/historical/EQUITIES/2018/JUL/cm16JUL2018bhav.csv.zip,2018-07-16,b2b109103a46a102a278294280f32efd5dc353537585622d8588c7160522a50a,68054,historical NSE legacy equity bhavcopy,NSE download manifest
data/raw/bhavcopy_legacy/cm16JUL2019bhav.csv.zip,https://nsearchives.nseindia.com/content/historical/EQUITIES/2019/JUL/cm16JUL2019bhav.csv.zip,2019-07-16,87602cb07507591d1edcb5d602a226f2b0a0aae29e097b40acd9586079795c70,68186,historical NSE legacy equity bhavcopy,NSE download manifest
data/raw/bhavcopy_legacy/cm16JUL2020bhav.csv.zip,https://nsearchives.nseindia.com/content/historical/EQUITIES/2020/JUL/cm16JUL2020bhav.csv.zip,2020-07-16,50e1bd26be1481a28e4c67f97db48caecb8b9d05d167a5e3d0e6390b6c2dfbfb,69669,historical NSE legacy equity bhavcopy,NSE download manifest
data/raw/bhavcopy_legacy/cm16JUL2021bhav.csv.zip,https://nsearchives.nseindia.com/content/historical/EQUITIES/2021/JUL/cm16JUL2021bhav.csv.zip,2021-07-16,bc3b5efb45b390d758faf64b8e3a8502e28abe951c403c86c71035f553eff756,77248,historical NSE legacy equity bhavcopy,NSE download manifest
data/raw/bhavcopy_legacy/cm16JUN2014bhav.csv.zip,https://nsearchives.nseindia.com/content/historical/EQUITIES/2014/JUN/cm16JUN2014bhav.csv.zip,2014-06-16,95b038995c68bb64833c12ba1a259bc0f9f06ca90e3655ca454663e2207673d4,57228,historical NSE legacy equity bhavcopy,NSE download manifest
data/raw/bhavcopy_legacy/cm16JUN2015bhav.csv.zip,https://nsearchives.nseindia.com/content/historical/EQUITIES/2015/JUN/cm16JUN2015bhav.csv.zip,2015-06-16,34e145d384914b470efb93b619f1a498b0e6f3c5cb1cd31760140e0751db988f,55490,historical NSE legacy equity bhavcopy,NSE download manifest
data/raw/bhavcopy_legacy/cm16JUN2016bhav.csv.zip,https://nsearchives.nseindia.com/content/historical/EQUITIES/2016/JUN/cm16JUN2016bhav.csv.zip,2016-06-16,9c2430a40a9564fe0f355d983ca0d3bdf9cdd897d8d44165c8baec1852aac3db,60059,historical NSE legacy equity bhavcopy,NSE download manifest
data/raw/bhavcopy_legacy/cm16JUN2017bhav.csv.zip,https://nsearchives.nseindia.com/content/historical/EQUITIES/2017/JUN/cm16JUN2017bhav.csv.zip,2017-06-16,9b78ee5b97c0c6a5cb165bdfcd9aae85064590c922cc4e38b9fa61a784c4032d,64936,historical NSE legacy equity bhavcopy,NSE download manifest
data/raw/bhavcopy_legacy/cm16JUN2020bhav.csv.zip,https://nsearchives.nseindia.com/content/historical/EQUITIES/2020/JUN/cm16JUN2020bhav.csv.zip,2020-06-16,18f24027f3e7efc8cc934c4bb7511929537fb8af948b9ef1b831a44a41290a21,69832,historical NSE legacy equity bhavcopy,NSE download manifest
data/raw/bhavcopy_legacy/cm16JUN2021bhav.csv.zip,https://nsearchives.nseindia.com/content/historical/EQUITIES/2021/JUN/cm16JUN2021bhav.csv.zip,2021-06-16,431d31aa3bdfd4973003e195ccfab40bf79e8b851c7f269190b54b8aa00ca711,77657,historical NSE legacy equity bhavcopy,NSE download manifest
data/raw/bhavcopy_legacy/cm16JUN2022bhav.csv.zip,https://nsearchives.nseindia.com/content/historical/EQUITIES/2022/JUN/cm16JUN2022bhav.csv.zip,2022-06-16,917cb15099fb8ad011134223bf6c32ce85f77344a9e367b876282cab590dd5cd,83297,historical NSE legacy equity bhavcopy,NSE download manifest
data/raw/bhavcopy_legacy/cm16JUN2023bhav.csv.zip,https://nsearchives.nseindia.com/content/historical/EQUITIES/2023/JUN/cm16JUN2023bhav.csv.zip,2023-06-16,707daca7d6594ae68c70de844397026d3f7e65293218b48218b0957671fd672b,91810,historical NSE legacy equity bhavcopy,NSE download manifest
data/raw/bhavcopy_legacy/cm16MAR2015bhav.csv.zip,https://nsearchives.nseindia.com/content/historical/EQUITIES/2015/MAR/cm16MAR2015bhav.csv.zip,2015-03-16,c1d9df85444de14b4f7ea251d0e1eb1decf84422b12827043f5bdd420a2c3ff3,57413,historical NSE legacy equity bhavcopy,NSE download manifest
data/raw/bhavcopy_legacy/cm16MAR2016bhav.csv.zip,https://nsearchives.nseindia.com/content/historical/EQUITIES/2016/MAR/cm16MAR2016bhav.csv.zip,2016-03-16,c7c0d644eecee2c374a54faee76eb4e5cbd1687e4a34637d88714665a394cd9e,58393,historical NSE legacy equity bhavcopy,NSE download manifest
data/raw/bhavcopy_legacy/cm16MAR2017bhav.csv.zip,https://nsearchives.nseindia.com/content/historical/EQUITIES/2017/MAR/cm16MAR2017bhav.csv.zip,2017-03-16,2e1743c626232429b66c75e1f96b9eccdcb01b61461d92172b507ca4673db538,64352,historical NSE legacy equity bhavcopy,NSE download manifest
data/raw/bhavcopy_legacy/cm16MAR2018bhav.csv.zip,https://nsearchives.nseindia.com/content/historical/EQUITIES/2018/MAR/cm16MAR2018bhav.csv.zip,2018-03-16,a5e7f9d370fa7b4768cf39444f7cae3e8cd027a98e5db7c831e9371aa8c2ac21,69067,historical NSE legacy equity bhavcopy,NSE download manifest
data/raw/bhavcopy_legacy/cm16MAR2020bhav.csv.zip,https://nsearchives.nseindia.com/content/historical/EQUITIES/2020/MAR/cm16MAR2020bhav.csv.zip,2020-03-16,ce8935c3da0f3d65ff4cd014732a8e3b304c7d22720acf8a91eff6df7f5a0fbe,71166,historical NSE legacy equity bhavcopy,NSE download manifest
data/raw/bhavcopy_legacy/cm16MAR2021bhav.csv.zip,https://nsearchives.nseindia.com/content/historical/EQUITIES/2021/MAR/cm16MAR2021bhav.csv.zip,2021-03-16,9518c2836aa5a156949798438c5b4655e6dc038b19ab2a7958d10e93c94c8897,75195,historical NSE legacy equity bhavcopy,NSE download manifest
data/raw/bhavcopy_legacy/cm16MAR2022bhav.csv.zip,https://nsearchives.nseindia.com/content/historical/EQUITIES/2022/MAR/cm16MAR2022bhav.csv.zip,2022-03-16,59427979524f58d25c5ada5b45ba74176de041bc0119d94ca172b80a6d26153b,82109,historical NSE legacy equity bhavcopy,NSE download manifest
data/raw/bhavcopy_legacy/cm16MAR2023bhav.csv.zip,https://nsearchives.nseindia.com/content/historical/EQUITIES/2023/MAR/cm16MAR2023bhav.csv.zip,2023-03-16,068c9cdcaf975ff58b1437690c7c8e7a601df490ee781f4e9eb2415fb0140052,88943,historical NSE legacy equity bhavcopy,NSE download manifest
data/raw/bhavcopy_legacy/cm16MAY2013bhav.csv.zip,https://nsearchives.nseindia.com/content/historical/EQUITIES/2013/MAY/cm16MAY2013bhav.csv.zip,2013-05-16,f12893e46634b19d639f570678ea90d00376a8fdde65482279dbea995828d579,51550,historical NSE legacy equity bhavcopy,NSE download manifest
data/raw/bhavcopy_legacy/cm16MAY2014bhav.csv.zip,https://nsearchives.nseindia.com/content/historical/EQUITIES/2014/MAY/cm16MAY2014bhav.csv.zip,2014-05-16,3063c66b570ac959adf4563b7b735e5b7cdc2009a36314ed5639baee2e95ada3,57006,historical NSE legacy equity bhavcopy,NSE download manifest
data/raw/bhavcopy_legacy/cm16MAY2016bhav.csv.zip,https://nsearchives.nseindia.com/content/historical/EQUITIES/2016/MAY/cm16MAY2016bhav.csv.zip,2016-05-16,ac555133f9588ca217144f26aceb2e16eafeb8ff31784394421171e84a6b8027,58611,historical NSE legacy equity bhavcopy,NSE download manifest
data/raw/bhavcopy_legacy/cm16MAY2017bhav.csv.zip,https://nsearchives.nseindia.com/content/historical/EQUITIES/2017/MAY/cm16MAY2017bhav.csv.zip,2017-05-16,6c071984e2cadca3f18e067024581612a04503f9627a18231b5b6034bc7b7913,64829,historical NSE legacy equity bhavcopy,NSE download manifest
data/raw/bhavcopy_legacy/cm16MAY2018bhav.csv.zip,https://nsearchives.nseindia.com/content/historical/EQUITIES/2018/MAY/cm16MAY2018bhav.csv.zip,2018-05-16,27b60d5057e248932fec2994ef932c280e235c64bd6402e3970a5124d084f463,67944,historical NSE legacy equity bhavcopy,NSE download manifest
data/raw/bhavcopy_legacy/cm16MAY2019bhav.csv.zip,https://nsearchives.nseindia.com/content/historical/EQUITIES/2019/MAY/cm16MAY2019bhav.csv.zip,2019-05-16,7827eacb4bfe4842060ccb3dd095647df051b9376919fa89eb03448608c86632,67530,historical NSE legacy equity bhavcopy,NSE download manifest
data/raw/bhavcopy_legacy/cm16MAY2022bhav.csv.zip,https://nsearchives.nseindia.com/content/historical/EQUITIES/2022/MAY/cm16MAY2022bhav.csv.zip,2022-05-16,1c72b6cdbfb69eb6eac46c17338ab9d9e7ffbe3e7627e01ed6806fef1f3f252d,83084,historical NSE legacy equity bhavcopy,NSE download manifest
data/raw/bhavcopy_legacy/cm16MAY2023bhav.csv.zip,https://nsearchives.nseindia.com/content/historical/EQUITIES/2023/MAY/cm16MAY2023bhav.csv.zip,2023-05-16,7c32ffbac5874859c60677b29b2e21a3a6d284e2aacfa018bceb1cabc7cd25d2,88974,historical NSE legacy equity bhavcopy,NSE download manifest
data/raw/bhavcopy_legacy/cm16MAY2024bhav.csv.zip,https://nsearchives.nseindia.com/content/historical/EQUITIES/2024/MAY/cm16MAY2024bhav.csv.zip,2024-05-16,4837f2cad669f4f9760b3d9e3374e167bb3d3a5ad4f576ea6018abb85ddb5fa4,102537,historical NSE legacy equity bhavcopy,NSE download manifest
data/raw/bhavcopy_legacy/cm16NOV2015bhav.csv.zip,https://nsearchives.nseindia.com/content/historical/EQUITIES/2015/NOV/cm16NOV2015bhav.csv.zip,2015-11-16,aaed00ccb284ebb82228537635fbc47de4dbaf06903fab206844f1e8ee6e5e59,57673,historical NSE legacy equity bhavcopy,NSE download manifest
data/raw/bhavcopy_legacy/cm16NOV2016bhav.csv.zip,https://nsearchives.nseindia.com/content/historical/EQUITIES/2016/NOV/cm16NOV2016bhav.csv.zip,2016-11-16,1138666faf54a526a0065b302da85441f8d3ddc2a03cc89e2f75f294f1786968,61737,historical NSE legacy equity bhavcopy,NSE download manifest
data/raw/bhavcopy_legacy/cm16NOV2017bhav.csv.zip,https://nsearchives.nseindia.com/content/historical/EQUITIES/2017/NOV/cm16NOV2017bhav.csv.zip,2017-11-16,bc38bc277b0c792b058c135c59b83edd18e04d2308cc5b9c27459c61cd082ab6,66586,historical NSE legacy equity bhavcopy,NSE download manifest
data/raw/bhavcopy_legacy/cm16NOV2018bhav.csv.zip,https://nsearchives.nseindia.com/content/historical/EQUITIES/2018/NOV/cm16NOV2018bhav.csv.zip,2018-11-16,6075f9847131a5950193215ddad5c7502fb338d3798a27f2a1a9df8235573d5b,68188,historical NSE legacy equity bhavcopy,NSE download manifest
data/raw/bhavcopy_legacy/cm16NOV2021bhav.csv.zip,https://nsearchives.nseindia.com/content/historical/EQUITIES/2021/NOV/cm16NOV2021bhav.csv.zip,2021-11-16,406cb233a5e6d1d159f672b1d8c2edda8c282aff4b7ab783e07882a7080fcb5b,80446,historical NSE legacy equity bhavcopy,NSE download manifest
data/raw/bhavcopy_legacy/cm16NOV2022bhav.csv.zip,https://nsearchives.nseindia.com/content/historical/EQUITIES/2022/NOV/cm16NOV2022bhav.csv.zip,2022-11-16,39c63f300c327ae3b09f29c0b893eaccb441bdad2a731686b6e2e94189ae27ad,86775,historical NSE legacy equity bhavcopy,NSE download manifest
data/raw/bhavcopy_legacy/cm16NOV2023bhav.csv.zip,https://nsearchives.nseindia.com/content/historical/EQUITIES/2023/NOV/cm16NOV2023bhav.csv.zip,2023-11-16,dbef65b41f0c8923c56e43b915a4ea89c51cf94e0358795e49d4fcf4836e4602,97795,historical NSE legacy equity bhavcopy,NSE download manifest
data/raw/bhavcopy_legacy/cm16OCT2014bhav.csv.zip,https://nsearchives.nseindia.com/content/historical/EQUITIES/2014/OCT/cm16OCT2014bhav.csv.zip,2014-10-16,4fa56af463c616cedb1d54bfe4ccda70423485b08209c0bf757b2dfe397b9c48,58093,historical NSE legacy equity bhavcopy,NSE download manifest
data/raw/bhavcopy_legacy/cm16OCT2015bhav.csv.zip,https://nsearchives.nseindia.com/content/historical/EQUITIES/2015/OCT/cm16OCT2015bhav.csv.zip,2015-10-16,16d5b61da98e89b6f6e608d01112b3913ec9997e1a929a793a54227d4e506e1d,57599,historical NSE legacy equity bhavcopy,NSE download manifest
data/raw/bhavcopy_legacy/cm16OCT2017bhav.csv.zip,https://nsearchives.nseindia.com/content/historical/EQUITIES/2017/OCT/cm16OCT2017bhav.csv.zip,2017-10-16,15a4483373a503550fc24640f0089a3f5bffeaeb46635e91e16f33411e868c60,66778,historical NSE legacy equity bhavcopy,NSE download manifest
data/raw/bhavcopy_legacy/cm16OCT2018bhav.csv.zip,https://nsearchives.nseindia.com/content/historical/EQUITIES/2018/OCT/cm16OCT2018bhav.csv.zip,2018-10-16,3def8396a3aba6bec610633807b4a012d54f5aa2a18a16a76ee63a56ba66369d,68622,historical NSE legacy equity bhavcopy,NSE download manifest
data/raw/bhavcopy_legacy/cm16OCT2019bhav.csv.zip,https://nsearchives.nseindia.com/content/historical/EQUITIES/2019/OCT/cm16OCT2019bhav.csv.zip,2019-10-16,0407d86efb9a4921d1a2abb1bb3db4889b6659757a71157373f1ecb9eca66448,68029,historical NSE legacy equity bhavcopy,NSE download manifest
data/raw/bhavcopy_legacy/cm16OCT2020bhav.csv.zip,https://nsearchives.nseindia.com/content/historical/EQUITIES/2020/OCT/cm16OCT2020bhav.csv.zip,2020-10-16,7671dfbeb00484fe82c9d1aefeb9bcad456dcd08f73f9207b1a16e78a34ca13b,71674,historical NSE legacy equity bhavcopy,NSE download manifest
data/raw/bhavcopy_legacy/cm16OCT2023bhav.csv.zip,https://nsearchives.nseindia.com/content/historical/EQUITIES/2023/OCT/cm16OCT2023bhav.csv.zip,2023-10-16,32d5123f1387052dd477224777b4e500474f1fd12c9aff6b0e5e554626b6fb83,96902,historical NSE legacy equity bhavcopy,NSE download manifest
data/raw/bhavcopy_legacy/cm16SEP2013bhav.csv.zip,https://nsearchives.nseindia.com/content/historical/EQUITIES/2013/SEP/cm16SEP2013bhav.csv.zip,2013-09-16,726b5f7ae0500a892422a808f2dc9e4f1a1c3a0e693fd63eed6b57278c9fd40a,48740,historical NSE legacy equity bhavcopy,NSE download manifest
data/raw/bhavcopy_legacy/cm16SEP2014bhav.csv.zip,https://nsearchives.nseindia.com/content/historical/EQUITIES/2014/SEP/cm16SEP2014bhav.csv.zip,2014-09-16,39d4b0a15f0dc26ed0259be9096fab1c62b933d553f56cf8155d2caa4d0cbf96,59247,historical NSE legacy equity bhavcopy,NSE download manifest
data/raw/bhavcopy_legacy/cm16SEP2015bhav.csv.zip,https://nsearchives.nseindia.com/content/historical/EQUITIES/2015/SEP/cm16SEP2015bhav.csv.zip,2015-09-16,ff79857d1e8a7c3de0111a5e0247e28677fa97e8bd4bc2154d1120982ff331ed,56151,historical NSE legacy equity bhavcopy,NSE download manifest
data/raw/bhavcopy_legacy/cm16SEP2016bhav.csv.zip,https://nsearchives.nseindia.com/content/historical/EQUITIES/2016/SEP/cm16SEP2016bhav.csv.zip,2016-09-16,93db5367d6c380dc5582e9e84652cbbf428ff428524095ec4d34edbba282313c,62783,historical NSE legacy equity bhavcopy,NSE download manifest
data/raw/bhavcopy_legacy/cm16SEP2019bhav.csv.zip,https://nsearchives.nseindia.com/content/historical/EQUITIES/2019/SEP/cm16SEP2019bhav.csv.zip,2019-09-16,6037a005e14af9eee84e9deceb542c37bee1fc970a3939ee5b8bbd7dd9cbf62b,69114,historical NSE legacy equity bhavcopy,NSE download manifest
data/raw/bhavcopy_legacy/cm16SEP2020bhav.csv.zip,https://nsearchives.nseindia.com/content/historical/EQUITIES/2020/SEP/cm16SEP2020bhav.csv.zip,2020-09-16,9584eeef65136b38cdd0affab8cd1cdcd8ebe555d4f4f246e100a8cb32fe3dd5,70820,historical NSE legacy equity bhavcopy,NSE download manifest
data/raw/bhavcopy_legacy/cm16SEP2021bhav.csv.zip,https://nsearchives.nseindia.com/content/historical/EQUITIES/2021/SEP/cm16SEP2021bhav.csv.zip,2021-09-16,9809dd7f425e1fb372458874fb492321a7d5a96c367a1a8446bc16144cf75f68,79109,historical NSE legacy equity bhavcopy,NSE download manifest
data/raw/bhavcopy_legacy/cm16SEP2022bhav.csv.zip,https://nsearchives.nseindia.com/content/historical/EQUITIES/2022/SEP/cm16SEP2022bhav.csv.zip,2022-09-16,9947102a8eb99add6262870eefd4fc0d044b94128a081df057effe7984bbd123,86521,historical NSE legacy equity bhavcopy,NSE download manifest
data/raw/bhavcopy_legacy/cm17APR2013bhav.csv.zip,https://nsearchives.nseindia.com/content/historical/EQUITIES/2013/APR/cm17APR2013bhav.csv.zip,2013-04-17,6b4ca134ac04f19eb08211377b8cf7b06ce341af51389ebc7064db3555e73a87,50150,historical NSE legacy equity bhavcopy,NSE download manifest
data/raw/bhavcopy_legacy/cm17APR2014bhav.csv.zip,https://nsearchives.nseindia.com/content/historical/EQUITIES/2014/APR/cm17APR2014bhav.csv.zip,2014-04-17,85364ecc136e4abb0c9fe2514aa1447452ab923cada5268d1e7fdda1393d2de8,55468,historical NSE legacy equity bhavcopy,NSE download manifest
data/raw/bhavcopy_legacy/cm17APR2015bhav.csv.zip,https://nsearchives.nseindia.com/content/historical/EQUITIES/2015/APR/cm17APR2015bhav.csv.zip,2015-04-17,03cff78374a900271a361f1bc68183b9e9bad499ae2662fb5bf446c7f368e6a2,57171,historical NSE legacy equity bhavcopy,NSE download manifest
data/raw/bhavcopy_legacy/cm17APR2017bhav.csv.zip,https://nsearchives.nseindia.com/content/historical/EQUITIES/2017/APR/cm17APR2017bhav.csv.zip,2017-04-17,819bb48cb54d73a80702f22d0d7ad5c58f09d37f9746cd5abe6110f5d1430a3e,65958,historical NSE legacy equity bhavcopy,NSE download manifest
data/raw/bhavcopy_legacy/cm17APR2018bhav.csv.zip,https://nsearchives.nseindia.com/content/historical/EQUITIES/2018/APR/cm17APR2018bhav.csv.zip,2018-04-17,6b30ceb811d9362994ba1a01eaf4c208be95c5fb4e09b21b499491bdb93fedee,68911,historical NSE legacy equity bhavcopy,NSE download manifest
data/raw/bhavcopy_legacy/cm17APR2020bhav.csv.zip,https://nsearchives.nseindia.com/content/historical/EQUITIES/2020/APR/cm17APR2020bhav.csv.zip,2020-04-17,8f4e0d4aa6daa55f28be6eee46cee9b8cbadfaddac0ce03f669c0604437f5cb2,68370,historical NSE legacy equity bhavcopy,NSE download manifest
data/raw/bhavcopy_legacy/cm17APR2023bhav.csv.zip,https://nsearchives.nseindia.com/content/historical/EQUITIES/2023/APR/cm17APR2023bhav.csv.zip,2023-04-17,5c7310a7a031b5b406e8deb0ffce28a6ff65bb8e2c49c3cc869b182e60308d39,90010,historical NSE legacy equity bhavcopy,NSE download manifest
data/raw/bhavcopy_legacy/cm17AUG2015bhav.csv.zip,https://nsearchives.nseindia.com/content/historical/EQUITIES/2015/AUG/cm17AUG2015bhav.csv.zip,2015-08-17,6d1fe3036cb53fecdf8a50118c5c160d2176652ae82cee7b894b4b745235c9cb,57294,historical NSE legacy equity bhavcopy,NSE download manifest
data/raw/bhavcopy_legacy/cm17AUG2016bhav.csv.zip,https://nsearchives.nseindia.com/content/historical/EQUITIES/2016/AUG/cm17AUG2016bhav.csv.zip,2016-08-17,da9d3c685554b29bb59e8a13f28866c0e5ce7da9065bc878782df2ed77aa16a8,60628,historical NSE legacy equity bhavcopy,NSE download manifest
data/raw/bhavcopy_legacy/cm17AUG2017bhav.csv.zip,https://nsearchives.nseindia.com/content/historical/EQUITIES/2017/AUG/cm17AUG2017bhav.csv.zip,2017-08-17,3393563aabdf5a4e06627a25fd0254bca4786a77268e0d8fc14dc1d48e5a26af,63932,historical NSE legacy equity bhavcopy,NSE download manifest
data/raw/bhavcopy_legacy/cm17AUG2018bhav.csv.zip,https://nsearchives.nseindia.com/content/historical/EQUITIES/2018/AUG/cm17AUG2018bhav.csv.zip,2018-08-17,d7a1ece9a16fb650d5cbe01cafb7c1241a548778b55ab9c3137f176ba5ca8dc6,68192,historical NSE legacy equity bhavcopy,NSE download manifest
data/raw/bhavcopy_legacy/cm17AUG2020bhav.csv.zip,https://nsearchives.nseindia.com/content/historical/EQUITIES/2020/AUG/cm17AUG2020bhav.csv.zip,2020-08-17,97a935c5256beb6f9cd69dd94ab900d499e32ac4a17cb25446785eb6ec0c2b7d,71393,historical NSE legacy equity bhavcopy,NSE download manifest
data/raw/bhavcopy_legacy/cm17AUG2021bhav.csv.zip,https://nsearchives.nseindia.com/content/historical/EQUITIES/2021/AUG/cm17AUG2021bhav.csv.zip,2021-08-17,ee83f777a3b88a4c32cf5a486a41d0237e70ec3449d55513207ca984f77d8eff,77221,historical NSE legacy equity bhavcopy,NSE download manifest
data/raw/bhavcopy_legacy/cm17AUG2022bhav.csv.zip,https://nsearchives.nseindia.com/content/historical/EQUITIES/2022/AUG/cm17AUG2022bhav.csv.zip,2022-08-17,04db337abae8b648a95445fc88e7dd41b6760ec063cf0236fd71829a70ec76e9,85313,historical NSE legacy equity bhavcopy,NSE download manifest
data/raw/bhavcopy_legacy/cm17AUG2023bhav.csv.zip,https://nsearchives.nseindia.com/content/historical/EQUITIES/2023/AUG/cm17AUG2023bhav.csv.zip,2023-08-17,502f5ae3352994b50b838c3a740d1e1e1c3effa25b3333198dbe042a31985372,92572,historical NSE legacy equity bhavcopy,NSE download manifest
data/raw/bhavcopy_legacy/cm17DEC2013bhav.csv.zip,https://nsearchives.nseindia.com/content/historical/EQUITIES/2013/DEC/cm17DEC2013bhav.csv.zip,2013-12-17,e219c28262b8f36d378aed83cec1ac130ffaf2199beae48e84a7224fa826bcec,49412,historical NSE legacy equity bhavcopy,NSE download manifest
data/raw/bhavcopy_legacy/cm17DEC2014bhav.csv.zip,https://nsearchives.nseindia.com/content/historical/EQUITIES/2014/DEC/cm17DEC2014bhav.csv.zip,2014-12-17,7d9b322b0ad76fbdabbb474a2f59c30577bb95d3eec09403c29561d60f171cbb,57894,historical NSE legacy equity bhavcopy,NSE download manifest
data/raw/bhavcopy_legacy/cm17DEC2015bhav.csv.zip,https://nsearchives.nseindia.com/content/historical/EQUITIES/2015/DEC/cm17DEC2015bhav.csv.zip,2015-12-17,da8a1b57fa72655981fa6c9f934d8763db455b19e63d8bd9df297e6a6a9dd9d8,59151,historical NSE legacy equity bhavcopy,NSE download manifest
data/raw/bhavcopy_legacy/cm17DEC2018bhav.csv.zip,https://nsearchives.nseindia.com/content/historical/EQUITIES/2018/DEC/cm17DEC2018bhav.csv.zip,2018-12-17,fed77ca05cac413a2502ff14a842de9da306ba890b04d1a4832bdd987c7669c8,67573,historical NSE legacy equity bhavcopy,NSE download manifest
data/raw/bhavcopy_legacy/cm17DEC2019bhav.csv.zip,https://nsearchives.nseindia.com/content/historical/EQUITIES/2019/DEC/cm17DEC2019bhav.csv.zip,2019-12-17,2e1af74509e3e288b1d304ae8ef811d00af2dac5852cb52f9b3c02025016a015,69168,historical NSE legacy equity bhavcopy,NSE download manifest
data/raw/bhavcopy_legacy/cm17DEC2020bhav.csv.zip,https://nsearchives.nseindia.com/content/historical/EQUITIES/2020/DEC/cm17DEC2020bhav.csv.zip,2020-12-17,96b6a2fffe492607dff2fbbd65bec0951e1559af8645973e830f4e7b07ee3be5,74593,historical NSE legacy equity bhavcopy,NSE download manifest
data/raw/bhavcopy_legacy/cm17DEC2021bhav.csv.zip,https://nsearchives.nseindia.com/content/historical/EQUITIES/2021/DEC/cm17DEC2021bhav.csv.zip,2021-12-17,506147f6929e492076a61a7f1a65bf9d2de556ae0ea9e31ba42b225c97b3da80,81136,historical NSE legacy equity bhavcopy,NSE download manifest
data/raw/bhavcopy_legacy/cm17FEB2014bhav.csv.zip,https://nsearchives.nseindia.com/content/historical/EQUITIES/2014/FEB/cm17FEB2014bhav.csv.zip,2014-02-17,79d7099f7a822103b680154dd701b9c33de6fe037e4992de1a96ef33c079d46f,51523,historical NSE legacy equity bhavcopy,NSE download manifest
data/raw/bhavcopy_legacy/cm17FEB2016bhav.csv.zip,https://nsearchives.nseindia.com/content/historical/EQUITIES/2016/FEB/cm17FEB2016bhav.csv.zip,2016-02-17,c066cf2d106b2b2f465fbb7e2b48ac0bb3fe446f58e341585ccb13c4708c1680,57914,historical NSE legacy equity bhavcopy,NSE download manifest
data/raw/bhavcopy_legacy/cm17FEB2017bhav.csv.zip,https://nsearchives.nseindia.com/content/historical/EQUITIES/2017/FEB/cm17FEB2017bhav.csv.zip,2017-02-17,224788683732ce4c07cf6fae5c3289e13ec709bb9d63c5cff0897e12dbc807da,63121,historical NSE legacy equity bhavcopy,NSE download manifest
data/raw/bhavcopy_legacy/cm17FEB2020bhav.csv.zip,https://nsearchives.nseindia.com/content/historical/EQUITIES/2020/FEB/cm17FEB2020bhav.csv.zip,2020-02-17,aae56261b61e5adb52ce9e45e2c15aff2f9d079418f42cdac2e6a972955de40b,69998,historical NSE legacy equity bhavcopy,NSE download manifest
data/raw/bhavcopy_legacy/cm17FEB2021bhav.csv.zip,https://nsearchives.nseindia.com/content/historical/EQUITIES/2021/FEB/cm17FEB2021bhav.csv.zip,2021-02-17,c1efd73e84744d1c3c516bb57e4c5551d7fbf2bd039e510f025eff5e51687ef1,74492,historical NSE legacy equity bhavcopy,NSE download manifest
data/raw/bhavcopy_legacy/cm17FEB2022bhav.csv.zip,https://nsearchives.nseindia.com/content/historical/EQUITIES/2022/FEB/cm17FEB2022bhav.csv.zip,2022-02-17,3a9c8185df418825af7316147c259cd22cdc974cadf9c34b746adce9249465b7,81369,historical NSE legacy equity bhavcopy,NSE download manifest
data/raw/bhavcopy_legacy/cm17FEB2023bhav.csv.zip,https://nsearchives.nseindia.com/content/historical/EQUITIES/2023/FEB/cm17FEB2023bhav.csv.zip,2023-02-17,35939588f54559bb71f070bbe9e64ee3adac265ec81bf279cdee30b09db6157f,87326,historical NSE legacy equity bhavcopy,NSE download manifest
data/raw/bhavcopy_legacy/cm17JAN2013bhav.csv.zip,https://nsearchives.nseindia.com/content/historical/EQUITIES/2013/JAN/cm17JAN2013bhav.csv.zip,2013-01-17,c4d784df41f27e8953f67b73220dae62c80ff47d604a181ae297b906f87ce04e,56069,historical NSE legacy equity bhavcopy,NSE download manifest
data/raw/bhavcopy_legacy/cm17JAN2014bhav.csv.zip,https://nsearchives.nseindia.com/content/historical/EQUITIES/2014/JAN/cm17JAN2014bhav.csv.zip,2014-01-17,c171e392a056da0f64204d1d26500675b011f2ef7de43b52b069d554de6b4b7c,52721,historical NSE legacy equity bhavcopy,NSE download manifest
data/raw/bhavcopy_legacy/cm17JAN2017bhav.csv.zip,https://nsearchives.nseindia.com/content/historical/EQUITIES/2017/JAN/cm17JAN2017bhav.csv.zip,2017-01-17,d2e4941ac97a81e338faa31b1964f2af676f0befdd23ce6aa383db34c9fd76ac,62733,historical NSE legacy equity bhavcopy,NSE download manifest
data/raw/bhavcopy_legacy/cm17JAN2018bhav.csv.zip,https://nsearchives.nseindia.com/content/historical/EQUITIES/2018/JAN/cm17JAN2018bhav.csv.zip,2018-01-17,a86e64d8c3bb74e935ff7d5cccaf5192bc8da9a3069b2fcc3abc356a3e5936ac,69515,historical NSE legacy equity bhavcopy,NSE download manifest
data/raw/bhavcopy_legacy/cm17JAN2019bhav.csv.zip,https://nsearchives.nseindia.com/content/historical/EQUITIES/2019/JAN/cm17JAN2019bhav.csv.zip,2019-01-17,77fc76f764aa7a12deec7aca5dbd0b879ca38e79364f58472e54fa506b381b11,66933,historical NSE legacy equity bhavcopy,NSE download manifest
data/raw/bhavcopy_legacy/cm17JAN2020bhav.csv.zip,https://nsearchives.nseindia.com/content/historical/EQUITIES/2020/JAN/cm17JAN2020bhav.csv.zip,2020-01-17,aaca41c0a4625cc7938eaee63d12ef1e7646646b54482c319d55bf4a5a84d569,69871,historical NSE legacy equity bhavcopy,NSE download manifest
data/raw/bhavcopy_legacy/cm17JAN2022bhav.csv.zip,https://nsearchives.nseindia.com/content/historical/EQUITIES/2022/JAN/cm17JAN2022bhav.csv.zip,2022-01-17,9a0c3b6dd7245b857c64a57b54a41a6abc0486de07c3b267500d3c598303970b,84227,historical NSE legacy equity bhavcopy,NSE download manifest
data/raw/bhavcopy_legacy/cm17JAN2023bhav.csv.zip,https://nsearchives.nseindia.com/content/historical/EQUITIES/2023/JAN/cm17JAN2023bhav.csv.zip,2023-01-17,32dea44323d05991f662ece6addf4199d0fb549100792ed150061b16310d7ce0,86998,historical NSE legacy equity bhavcopy,NSE download manifest
data/raw/bhavcopy_legacy/cm17JAN2024bhav.csv.zip,https://nsearchives.nseindia.com/content/historical/EQUITIES/2024/JAN/cm17JAN2024bhav.csv.zip,2024-01-17,d0736ef7de2b56738d34ac652d56911d63f1390e28fa949c910a3aaf51f92e2a,100149,historical NSE legacy equity bhavcopy,NSE download manifest
data/raw/bhavcopy_legacy/cm17JUL2013bhav.csv.zip,https://nsearchives.nseindia.com/content/historical/EQUITIES/2013/JUL/cm17JUL2013bhav.csv.zip,2013-07-17,11695628e377235f78f18f385e055e20256fae74accce9db6d8dd3cf1f5dcb4a,48459,historical NSE legacy equity bhavcopy,NSE download manifest
data/raw/bhavcopy_legacy/cm17JUL2014bhav.csv.zip,https://nsearchives.nseindia.com/content/historical/EQUITIES/2014/JUL/cm17JUL2014bhav.csv.zip,2014-07-17,4ebcd4138be85a516c25234649589d3b6fdf6597dab4b3922389c2ac8d209fb1,56971,historical NSE legacy equity bhavcopy,NSE download manifest
data/raw/bhavcopy_legacy/cm17JUL2015bhav.csv.zip,https://nsearchives.nseindia.com/content/historical/EQUITIES/2015/JUL/cm17JUL2015bhav.csv.zip,2015-07-17,8aa4101f426d7faf288b85f9fa0acbac48365260fcc48fe5d43841f2725b404b,57775,historical NSE legacy equity bhavcopy,NSE download manifest
data/raw/bhavcopy_legacy/cm17JUL2017bhav.csv.zip,https://nsearchives.nseindia.com/content/historical/EQUITIES/2017/JUL/cm17JUL2017bhav.csv.zip,2017-07-17,72518a9a1da5bb948fd1ffdc137c7a47477e6381a4bd29ddb02eb78eff6235a6,65700,historical NSE legacy equity bhavcopy,NSE download manifest
data/raw/bhavcopy_legacy/cm17JUL2018bhav.csv.zip,https://nsearchives.nseindia.com/content/historical/EQUITIES/2018/JUL/cm17JUL2018bhav.csv.zip,2018-07-17,a722941e84cd5f9a60a0960e893c214398285221ac13e0704ee4b08a481f8cff,68182,historical NSE legacy equity bhavcopy,NSE download manifest
data/raw/bhavcopy_legacy/cm17JUL2019bhav.csv.zip,https://nsearchives.nseindia.com/content/historical/EQUITIES/2019/JUL/cm17JUL2019bhav.csv.zip,2019-07-17,8e375dc94cd13e0632dda673db4f4736c64848b75f177b4d5691b5f49affe85e,67994,historical NSE legacy equity bhavcopy,NSE download manifest
data/raw/bhavcopy_legacy/cm17JUL2020bhav.csv.zip,https://nsearchives.nseindia.com/content/historical/EQUITIES/2020/JUL/cm17JUL2020bhav.csv.zip,2020-07-17,e52020a791dec1fcb5925146d3e650afb21da8736437c82507ff4eb7bc97c471,69746,historical NSE legacy equity bhavcopy,NSE download manifest
data/raw/bhavcopy_legacy/cm17JUL2023bhav.csv.zip,https://nsearchives.nseindia.com/content/historical/EQUITIES/2023/JUL/cm17JUL2023bhav.csv.zip,2023-07-17,82561b2843b9331a0d79b1b940c58278cf20ad8d94f37183bd57ccb95ec753bb,94238,historical NSE legacy equity bhavcopy,NSE download manifest
data/raw/bhavcopy_legacy/cm17JUN2013bhav.csv.zip,https://nsearchives.nseindia.com/content/historical/EQUITIES/2013/JUN/cm17JUN2013bhav.csv.zip,2013-06-17,2ebfe29e957ee6b3756152927d3e313da9f435a37cec29ee01a18811fb76cd70,49499,historical NSE legacy equity bhavcopy,NSE download manifest
data/raw/bhavcopy_legacy/cm17JUN2014bhav.csv.zip,https://nsearchives.nseindia.com/content/historical/EQUITIES/2014/JUN/cm17JUN2014bhav.csv.zip,2014-06-17,9f07d97e149197ed955d0e45c39d19606b20b4faa59252351480e2842041f42b,57340,historical NSE legacy equity bhavcopy,NSE download manifest
data/raw/bhavcopy_legacy/cm17JUN2015bhav.csv.zip,https://nsearchives.nseindia.com/content/historical/EQUITIES/2015/JUN/cm17JUN2015bhav.csv.zip,2015-06-17,1361280d39605ab1b441ad47a2b15958a2d31a7f8c7838eb9d1dbf8831327357,56299,historical NSE legacy equity bhavcopy,NSE download manifest
data/raw/bhavcopy_legacy/cm17JUN2016bhav.csv.zip,https://nsearchives.nseindia.com/content/historical/EQUITIES/2016/JUN/cm17JUN2016bhav.csv.zip,2016-06-17,562a1a626a1485601ab32f7da7f6a67cf0be6c0611aba9ccab07812109d33882,59668,historical NSE legacy equity bhavcopy,NSE download manifest
data/raw/bhavcopy_legacy/cm17JUN2019bhav.csv.zip,https://nsearchives.nseindia.com/content/historical/EQUITIES/2019/JUN/cm17JUN2019bhav.csv.zip,2019-06-17,fd10be4d1722dfdb9581dc942dcd7eb836bb7ac5f88c9e3e18dacd0a4e51dc57,68630,historical NSE legacy equity bhavcopy,NSE download manifest
data/raw/bhavcopy_legacy/cm17JUN2020bhav.csv.zip,https://nsearchives.nseindia.com/content/historical/EQUITIES/2020/JUN/cm17JUN2020bhav.csv.zip,2020-06-17,a9e1338c315fdbbc061501cc57f5faa1c7388400fb72970e0ef9a05ec0297c1c,69099,historical NSE legacy equity bhavcopy,NSE download manifest
data/raw/bhavcopy_legacy/cm17JUN2021bhav.csv.zip,https://nsearchives.nseindia.com/content/historical/EQUITIES/2021/JUN/cm17JUN2021bhav.csv.zip,2021-06-17,f30c3f46b79eb7e0bc45d1d4c1340e4f2fb9f0bfd4d91be961bf4e71340e31e1,77594,historical NSE legacy equity bhavcopy,NSE download manifest
data/raw/bhavcopy_legacy/cm17JUN2022bhav.csv.zip,https://nsearchives.nseindia.com/content/historical/EQUITIES/2022/JUN/cm17JUN2022bhav.csv.zip,2022-06-17,274a6a71e52cbcaffa4b3c9edc64a009945d264308c2e57f437e526cb1b3f7d4,82470,historical NSE legacy equity bhavcopy,NSE download manifest
data/raw/bhavcopy_legacy/cm17MAR2015bhav.csv.zip,https://nsearchives.nseindia.com/content/historical/EQUITIES/2015/MAR/cm17MAR2015bhav.csv.zip,2015-03-17,5490019a62ed96420acc22e8a659ed0d30d36ad289d060839b0bef65e4200909,57476,historical NSE legacy equity bhavcopy,NSE download manifest
data/raw/bhavcopy_legacy/cm17MAR2016bhav.csv.zip,https://nsearchives.nseindia.com/content/historical/EQUITIES/2016/MAR/cm17MAR2016bhav.csv.zip,2016-03-17,5dcc3b9693a0db7347d478a7c577cc877db5bc3c0b4672784beeaf6c852cc259,58239,historical NSE legacy equity bhavcopy,NSE download manifest
data/raw/bhavcopy_legacy/cm17MAR2017bhav.csv.zip,https://nsearchives.nseindia.com/content/historical/EQUITIES/2017/MAR/cm17MAR2017bhav.csv.zip,2017-03-17,2bf1f246df1c249a81a7272e3e7cf081539092a0d3a164f9b23229753c2d174a,64647,historical NSE legacy equity bhavcopy,NSE download manifest
data/raw/bhavcopy_legacy/cm17MAR2020bhav.csv.zip,https://nsearchives.nseindia.com/content/historical/EQUITIES/2020/MAR/cm17MAR2020bhav.csv.zip,2020-03-17,ba49fac1039b3efb5694bcef34d2eb0c01ce705cc0486a3f11085bf128088701,70425,historical NSE legacy equity bhavcopy,NSE download manifest
data/raw/bhavcopy_legacy/cm17MAR2021bhav.csv.zip,https://nsearchives.nseindia.com/content/historical/EQUITIES/2021/MAR/cm17MAR2021bhav.csv.zip,2021-03-17,6af8a01e0536795d8825142a062c1a4ef93430c90929e167e287b1a0f2b5109d,74956,historical NSE legacy equity bhavcopy,NSE download manifest
data/raw/bhavcopy_legacy/cm17MAR2022bhav.csv.zip,https://nsearchives.nseindia.com/content/historical/EQUITIES/2022/MAR/cm17MAR2022bhav.csv.zip,2022-03-17,10b463f950843437b51295669dc2bd91c821662b15afbfbbb9debb06f22e3dd5,83277,historical NSE legacy equity bhavcopy,NSE download manifest
data/raw/bhavcopy_legacy/cm17MAR2023bhav.csv.zip,https://nsearchives.nseindia.com/content/historical/EQUITIES/2023/MAR/cm17MAR2023bhav.csv.zip,2023-03-17,12bff4b4b1db324aa920d1199fae62b8237697015f12bf0eb9b9b99ff9fd2587,88303,historical NSE legacy equity bhavcopy,NSE download manifest
data/raw/bhavcopy_legacy/cm17MAY2013bhav.csv.zip,https://nsearchives.nseindia.com/content/historical/EQUITIES/2013/MAY/cm17MAY2013bhav.csv.zip,2013-05-17,3d813f3caffed0a6d8a881945dbb404968cf5551ce3a8a2bc1f0ae173727154a,51377,historical NSE legacy equity bhavcopy,NSE download manifest
data/raw/bhavcopy_legacy/cm17MAY2016bhav.csv.zip,https://nsearchives.nseindia.com/content/historical/EQUITIES/2016/MAY/cm17MAY2016bhav.csv.zip,2016-05-17,38aa61dedfa812c575dfcfc8a4cbeb9e9d9110017aee0863d011c04dd912684c,58906,historical NSE legacy equity bhavcopy,NSE download manifest
data/raw/bhavcopy_legacy/cm17MAY2017bhav.csv.zip,https://nsearchives.nseindia.com/content/historical/EQUITIES/2017/MAY/cm17MAY2017bhav.csv.zip,2017-05-17,e7d10d9474eb5f86bf95c174dcb8e7db49552e2c672227a32130c9411d776d0c,64672,historical NSE legacy equity bhavcopy,NSE download manifest
data/raw/bhavcopy_legacy/cm17MAY2018bhav.csv.zip,https://nsearchives.nseindia.com/content/historical/EQUITIES/2018/MAY/cm17MAY2018bhav.csv.zip,2018-05-17,c5c1a98cd610427f32dea5f97d29678f9882f077d5a338d374d7285563c0eb02,67855,historical NSE legacy equity bhavcopy,NSE download manifest
data/raw/bhavcopy_legacy/cm17MAY2019bhav.csv.zip,https://nsearchives.nseindia.com/content/historical/EQUITIES/2019/MAY/cm17MAY2019bhav.csv.zip,2019-05-17,59f4eb38583c4a249c9d32d9b978d50107d28ba0598bb898bb0802c060551ecf,68109,historical NSE legacy equity bhavcopy,NSE download manifest
data/raw/bhavcopy_legacy/cm17MAY2021bhav.csv.zip,https://nsearchives.nseindia.com/content/historical/EQUITIES/2021/MAY/cm17MAY2021bhav.csv.zip,2021-05-17,bcec0370826ecdb2ef05d49ff2818eb42c826cf3ee5c92dd1928681b4e4e917c,77503,historical NSE legacy equity bhavcopy,NSE download manifest
data/raw/bhavcopy_legacy/cm17MAY2022bhav.csv.zip,https://nsearchives.nseindia.com/content/historical/EQUITIES/2022/MAY/cm17MAY2022bhav.csv.zip,2022-05-17,b3e7bf5015a7a775345f44ce7fd266ca3ed421c161da0bda31d78c6728d23257,82515,historical NSE legacy equity bhavcopy,NSE download manifest
data/raw/bhavcopy_legacy/cm17MAY2023bhav.csv.zip,https://nsearchives.nseindia.com/content/historical/EQUITIES/2023/MAY/cm17MAY2023bhav.csv.zip,2023-05-17,293ee2e0edbd825b82a9e33189fc5b6e0dd741bc636941b9ee85f4f32cdebcaa,89066,historical NSE legacy equity bhavcopy,NSE download manifest
data/raw/bhavcopy_legacy/cm17MAY2024bhav.csv.zip,https://nsearchives.nseindia.com/content/historical/EQUITIES/2024/MAY/cm17MAY2024bhav.csv.zip,2024-05-17,d7277274a1c0d444cbd1728906c9a6ea2a3a69cb3e4e70429162a63574e2844a,103112,historical NSE legacy equity bhavcopy,NSE download manifest
data/raw/bhavcopy_legacy/cm17NOV2014bhav.csv.zip,https://nsearchives.nseindia.com/content/historical/EQUITIES/2014/NOV/cm17NOV2014bhav.csv.zip,2014-11-17,e3baf9728577ebbb9a2ce0cbd09f0a29c560a50d784050be6d17d137a14f73b4,58536,historical NSE legacy equity bhavcopy,NSE download manifest
data/raw/bhavcopy_legacy/cm17NOV2015bhav.csv.zip,https://nsearchives.nseindia.com/content/historical/EQUITIES/2015/NOV/cm17NOV2015bhav.csv.zip,2015-11-17,7430fa2114c4b9bc1ebd89608d3912cecc27ccbffcfd18ffc9b8e7ffc3ef3ac4,57609,historical NSE legacy equity bhavcopy,NSE download manifest
data/raw/bhavcopy_legacy/cm17NOV2016bhav.csv.zip,https://nsearchives.nseindia.com/content/historical/EQUITIES/2016/NOV/cm17NOV2016bhav.csv.zip,2016-11-17,088c51d7decb7f8acab04d6f95d8d0d8ac1589fba73aee8a6414a78c60535c7e,61251,historical NSE legacy equity bhavcopy,NSE download manifest
data/raw/bhavcopy_legacy/cm17NOV2017bhav.csv.zip,https://nsearchives.nseindia.com/content/historical/EQUITIES/2017/NOV/cm17NOV2017bhav.csv.zip,2017-11-17,ac64e91b8fdde6f50b0eeb82443d2aff73fd4b2a59aa8562e1ebd6f694927eab,67341,historical NSE legacy equity bhavcopy,NSE download manifest
data/raw/bhavcopy_legacy/cm17NOV2020bhav.csv.zip,https://nsearchives.nseindia.com/content/historical/EQUITIES/2020/NOV/cm17NOV2020bhav.csv.zip,2020-11-17,0a9d4f11125637c1adcfab515e0aa8045ebccdb40977515d7debba2585e405b7,73065,historical NSE legacy equity bhavcopy,NSE download manifest
data/raw/bhavcopy_legacy/cm17NOV2021bhav.csv.zip,https://nsearchives.nseindia.com/content/historical/EQUITIES/2021/NOV/cm17NOV2021bhav.csv.zip,2021-11-17,bbe2ef269e8a04af9988832701981fe916d282a6e8d000a9d8af1a1fc31d1501,79845,historical NSE legacy equity bhavcopy,NSE download manifest
data/raw/bhavcopy_legacy/cm17NOV2022bhav.csv.zip,https://nsearchives.nseindia.com/content/historical/EQUITIES/2022/NOV/cm17NOV2022bhav.csv.zip,2022-11-17,ff40941636d4deca985d1691e625a5ceaf43841bc3b1d4563f6d7c19371876d8,86006,historical NSE legacy equity bhavcopy,NSE download manifest
data/raw/bhavcopy_legacy/cm17NOV2023bhav.csv.zip,https://nsearchives.nseindia.com/content/historical/EQUITIES/2023/NOV/cm17NOV2023bhav.csv.zip,2023-11-17,86f029bf90f798398027f65eb4707c552cbe10a81fd8c9581cb9dfa6914ecc02,97408,historical NSE legacy equity bhavcopy,NSE download manifest
data/raw/bhavcopy_legacy/cm17OCT2013bhav.csv.zip,https://nsearchives.nseindia.com/content/historical/EQUITIES/2013/OCT/cm17OCT2013bhav.csv.zip,2013-10-17,d790e6a787d31e184f8de3a11779b524cb0086760972e15f72bd4ac6d97e9b01,49120,historical NSE legacy equity bhavcopy,NSE download manifest
data/raw/bhavcopy_legacy/cm17OCT2014bhav.csv.zip,https://nsearchives.nseindia.com/content/historical/EQUITIES/2014/OCT/cm17OCT2014bhav.csv.zip,2014-10-17,226ceeb9057b4eb0052a3f8724dbd37f10cd7128a8cf3e4f6d81578dc96fe914,57865,historical NSE legacy equity bhavcopy,NSE download manifest
data/raw/bhavcopy_legacy/cm17OCT2016bhav.csv.zip,https://nsearchives.nseindia.com/content/historical/EQUITIES/2016/OCT/cm17OCT2016bhav.csv.zip,2016-10-17,699f95d2127db8becfc1f5ecbf03e77060760d534c2470e71034257ade16a8dc,63329,historical NSE legacy equity bhavcopy,NSE download manifest
data/raw/bhavcopy_legacy/cm17OCT2017bhav.csv.zip,https://nsearchives.nseindia.com/content/historical/EQUITIES/2017/OCT/cm17OCT2017bhav.csv.zip,2017-10-17,2cdc1a8fcc81fb8d73183cb2e4460d47946a3f9e52caeaeff4e204ad9fed2243,66499,historical NSE legacy equity bhavcopy,NSE download manifest
data/raw/bhavcopy_legacy/cm17OCT2018bhav.csv.zip,https://nsearchives.nseindia.com/content/historical/EQUITIES/2018/OCT/cm17OCT2018bhav.csv.zip,2018-10-17,04b5bb00c6a2fb0e1acd6c5d69b9f0a631b358d9828ecdb0bae5110106c571c9,68589,historical NSE legacy equity bhavcopy,NSE download manifest
data/raw/bhavcopy_legacy/cm17OCT2019bhav.csv.zip,https://nsearchives.nseindia.com/content/historical/EQUITIES/2019/OCT/cm17OCT2019bhav.csv.zip,2019-10-17,77eb542d1008e683f65632b48212259be127f51668ea9d0cd6869a2beba8165f,68723,historical NSE legacy equity bhavcopy,NSE download manifest
data/raw/bhavcopy_legacy/cm17OCT2022bhav.csv.zip,https://nsearchives.nseindia.com/content/historical/EQUITIES/2022/OCT/cm17OCT2022bhav.csv.zip,2022-10-17,93cc4b1d765eff74dadedfca41bb635c40f80395a8c688c9f523eb2946620e13,87934,historical NSE legacy equity bhavcopy,NSE download manifest
data/raw/bhavcopy_legacy/cm17OCT2023bhav.csv.zip,https://nsearchives.nseindia.com/content/historical/EQUITIES/2023/OCT/cm17OCT2023bhav.csv.zip,2023-10-17,0aca8c05db7225e555838717631d6491fffd09370818f940dad60fc2d5a04be6,96342,historical NSE legacy equity bhavcopy,NSE download manifest
data/raw/bhavcopy_legacy/cm17SEP2013bhav.csv.zip,https://nsearchives.nseindia.com/content/historical/EQUITIES/2013/SEP/cm17SEP2013bhav.csv.zip,2013-09-17,6981a3afed94b0e81ccdf7afe90ebcd5f9da35aee693f4523c5c7e821b5371d5,48460,historical NSE legacy equity bhavcopy,NSE download manifest
data/raw/bhavcopy_legacy/cm17SEP2014bhav.csv.zip,https://nsearchives.nseindia.com/content/historical/EQUITIES/2014/SEP/cm17SEP2014bhav.csv.zip,2014-09-17,0bcf29a357d3ce86753f85e62c1558044b8d9e65f111b5067423b1bb69d1fa06,58353,historical NSE legacy equity bhavcopy,NSE download manifest
data/raw/bhavcopy_legacy/cm17SEP2018bhav.csv.zip,https://nsearchives.nseindia.com/content/historical/EQUITIES/2018/SEP/cm17SEP2018bhav.csv.zip,2018-09-17,592f5b942054d8b85bcb7e45d32220a762b1aad649152927498cca2477787106,69385,historical NSE legacy equity bhavcopy,NSE download manifest
data/raw/bhavcopy_legacy/cm17SEP2019bhav.csv.zip,https://nsearchives.nseindia.com/content/historical/EQUITIES/2019/SEP/cm17SEP2019bhav.csv.zip,2019-09-17,a93025d486ec850f8d4d7ac2bdff9b49acadb83d2c66daa0e8cd680c9adb9ceb,68963,historical NSE legacy equity bhavcopy,NSE download manifest
data/raw/bhavcopy_legacy/cm17SEP2020bhav.csv.zip,https://nsearchives.nseindia.com/content/historical/EQUITIES/2020/SEP/cm17SEP2020bhav.csv.zip,2020-09-17,ee5d1ca7f617c549ff68d101a6ceb6e60659526c7792cd884bd364e5062da3d7,70615,historical NSE legacy equity bhavcopy,NSE download manifest
data/raw/bhavcopy_legacy/cm17SEP2021bhav.csv.zip,https://nsearchives.nseindia.com/content/historical/EQUITIES/2021/SEP/cm17SEP2021bhav.csv.zip,2021-09-17,f1fd07cc03a7da2a25ad51013a015a38746c4215eea69e062d22b46e29d2d581,79017,historical NSE legacy equity bhavcopy,NSE download manifest
data/raw/bhavcopy_legacy/cm18APR2013bhav.csv.zip,https://nsearchives.nseindia.com/content/historical/EQUITIES/2013/APR/cm18APR2013bhav.csv.zip,2013-04-18,1b40170973e714e2e3c02c29f22cb9a47873da22e42b30fe05a147f3decada7a,50474,historical NSE legacy equity bhavcopy,NSE download manifest
data/raw/bhavcopy_legacy/cm18APR2016bhav.csv.zip,https://nsearchives.nseindia.com/content/historical/EQUITIES/2016/APR/cm18APR2016bhav.csv.zip,2016-04-18,22eb739682d78285c2f556dbba1eeb04040c17a995d9aeaf7b02e43b720ccff4,59240,historical NSE legacy equity bhavcopy,NSE download manifest
data/raw/bhavcopy_legacy/cm18APR2017bhav.csv.zip,https://nsearchives.nseindia.com/content/historical/EQUITIES/2017/APR/cm18APR2017bhav.csv.zip,2017-04-18,4f7b000b96aabb336b7d9174daabc224b3a63784ec839c1e6381302113216bd5,65893,historical NSE legacy equity bhavcopy,NSE download manifest
data/raw/bhavcopy_legacy/cm18APR2018bhav.csv.zip,https://nsearchives.nseindia.com/content/historical/EQUITIES/2018/APR/cm18APR2018bhav.csv.zip,2018-04-18,67d35297c0844f4cfc2accc19300052397b73c840453e6d94fb059f1a4580c8b,68952,historical NSE legacy equity bhavcopy,NSE download manifest
data/raw/bhavcopy_legacy/cm18APR2019bhav.csv.zip,https://nsearchives.nseindia.com/content/historical/EQUITIES/2019/APR/cm18APR2019bhav.csv.zip,2019-04-18,b1b9806ffa7194d7055d24340719da26dc3f8049369b80291147f387c3a62b25,69156,historical NSE legacy equity bhavcopy,NSE download manifest
data/raw/bhavcopy_legacy/cm18APR2022bhav.csv.zip,https://nsearchives.nseindia.com/content/historical/EQUITIES/2022/APR/cm18APR2022bhav.csv.zip,2022-04-18,f037f40b8944069830fa994da96e40594dca344923b7f985e1a6aa709e9f30e3,85677,historical NSE legacy equity bhavcopy,NSE download manifest
data/raw/bhavcopy_legacy/cm18APR2023bhav.csv.zip,https://nsearchives.nseindia.com/content/historical/EQUITIES/2023/APR/cm18APR2023bhav.csv.zip,2023-04-18,a622a399c03a62553ae098d1d018eeb367c2eb7351f58781abb1f33ca43a5814,88491,historical NSE legacy equity bhavcopy,NSE download manifest
data/raw/bhavcopy_legacy/cm18APR2024bhav.csv.zip,https://nsearchives.nseindia.com/content/historical/EQUITIES/2024/APR/cm18APR2024bhav.csv.zip,2024-04-18,1db954d38f94d676deea5528e80e0540ceb4abb2826212aa8e4184055c16d117,102882,historical NSE legacy equity bhavcopy,NSE download manifest
data/raw/bhavcopy_legacy/cm18AUG2014bhav.csv.zip,https://nsearchives.nseindia.com/content/historical/EQUITIES/2014/AUG/cm18AUG2014bhav.csv.zip,2014-08-18,bbe560058061022ceadd120bab060ca391758aae7c22593b736cd0961a6e7af5,57209,historical NSE legacy equity bhavcopy,NSE download manifest
data/raw/bhavcopy_legacy/cm18AUG2015bhav.csv.zip,https://nsearchives.nseindia.com/content/historical/EQUITIES/2015/AUG/cm18AUG2015bhav.csv.zip,2015-08-18,efbb970e5177cb8e416ab7a1b8bda21b405734fba61ff5b56c90c6338a77514c,57407,historical NSE legacy equity bhavcopy,NSE download manifest
data/raw/bhavcopy_legacy/cm18AUG2016bhav.csv.zip,https://nsearchives.nseindia.com/content/historical/EQUITIES/2016/AUG/cm18AUG2016bhav.csv.zip,2016-08-18,e076edba75fb5ab0a6f0d4d0192f004135edf7236b999ed0a76cf032065030a0,61454,historical NSE legacy equity bhavcopy,NSE download manifest
data/raw/bhavcopy_legacy/cm18AUG2017bhav.csv.zip,https://nsearchives.nseindia.com/content/historical/EQUITIES/2017/AUG/cm18AUG2017bhav.csv.zip,2017-08-18,e981cc28fc29d0b0961e3d68e7a6db76a6feeb04c0566123490ae7eb071f22d9,64172,historical NSE legacy equity bhavcopy,NSE download manifest
data/raw/bhavcopy_legacy/cm18AUG2020bhav.csv.zip,https://nsearchives.nseindia.com/content/historical/EQUITIES/2020/AUG/cm18AUG2020bhav.csv.zip,2020-08-18,25e2fe6bb6cac800387a61b094cd011e8b95b4dfa8f114a626640382955918a3,71533,historical NSE legacy equity bhavcopy,NSE download manifest
data/raw/bhavcopy_legacy/cm18AUG2021bhav.csv.zip,https://nsearchives.nseindia.com/content/historical/EQUITIES/2021/AUG/cm18AUG2021bhav.csv.zip,2021-08-18,5389937a7c03c69eb36e90c8a08ef91b14ae7682f5d6929e143354df8241a3b2,77745,historical NSE legacy equity bhavcopy,NSE download manifest
data/raw/bhavcopy_legacy/cm18AUG2022bhav.csv.zip,https://nsearchives.nseindia.com/content/historical/EQUITIES/2022/AUG/cm18AUG2022bhav.csv.zip,2022-08-18,20f8c0b3b49c6c59ec245b5367f1b111a7051434bcefa684166cc78ac3d3c7d8,84536,historical NSE legacy equity bhavcopy,NSE download manifest
data/raw/bhavcopy_legacy/cm18AUG2023bhav.csv.zip,https://nsearchives.nseindia.com/content/historical/EQUITIES/2023/AUG/cm18AUG2023bhav.csv.zip,2023-08-18,e086d2841296be4cd1022ed87ad9b33be80b16813b3df857696503ceab7e21a5,93337,historical NSE legacy equity bhavcopy,NSE download manifest
data/raw/bhavcopy_legacy/cm18DEC2013bhav.csv.zip,https://nsearchives.nseindia.com/content/historical/EQUITIES/2013/DEC/cm18DEC2013bhav.csv.zip,2013-12-18,0437d570ea2f883ab02be1e09ab79df99a2d8cd8b1a7243694202d26b9679b39,49530,historical NSE legacy equity bhavcopy,NSE download manifest
data/raw/bhavcopy_legacy/cm18DEC2014bhav.csv.zip,https://nsearchives.nseindia.com/content/historical/EQUITIES/2014/DEC/cm18DEC2014bhav.csv.zip,2014-12-18,7d0e656080b6a2bb9bf56bcfb670cbf5510ccaf1ac38e732b3d3c3167f376932,57151,historical NSE legacy equity bhavcopy,NSE download manifest
data/raw/bhavcopy_legacy/cm18DEC2015bhav.csv.zip,https://nsearchives.nseindia.com/content/historical/EQUITIES/2015/DEC/cm18DEC2015bhav.csv.zip,2015-12-18,bb1013d9d8b4ac3907fc8b1915bd59d89ace8e901cb4fa47fb0be2123e4357b2,59025,historical NSE legacy equity bhavcopy,NSE download manifest
data/raw/bhavcopy_legacy/cm18DEC2017bhav.csv.zip,https://nsearchives.nseindia.com/content/historical/EQUITIES/2017/DEC/cm18DEC2017bhav.csv.zip,2017-12-18,9a8a0c0bc034d569bcb6c0a174d85be9a07e3e873999ab0b7c7b845e8586e137,67834,historical NSE legacy equity bhavcopy,NSE download manifest
data/raw/bhavcopy_legacy/cm18DEC2018bhav.csv.zip,https://nsearchives.nseindia.com/content/historical/EQUITIES/2018/DEC/cm18DEC2018bhav.csv.zip,2018-12-18,d4778a71fc05d92a6690314239b6118c4d9cdbb065cb74bbd4ab416ae846d4a0,67810,historical NSE legacy equity bhavcopy,NSE download manifest
data/raw/bhavcopy_legacy/cm18DEC2019bhav.csv.zip,https://nsearchives.nseindia.com/content/historical/EQUITIES/2019/DEC/cm18DEC2019bhav.csv.zip,2019-12-18,169fbcbf5c8f3a2fce39dad3146fede175dcfcf5e7c5cfa2cc087c2fbeffad8a,68822,historical NSE legacy equity bhavcopy,NSE download manifest
data/raw/bhavcopy_legacy/cm18DEC2020bhav.csv.zip,https://nsearchives.nseindia.com/content/historical/EQUITIES/2020/DEC/cm18DEC2020bhav.csv.zip,2020-12-18,6d1cb8ae43c8e6812418a4153d05f47c4826f89ead95174a6f19320b79bd83bb,74248,historical NSE legacy equity bhavcopy,NSE download manifest
data/raw/bhavcopy_legacy/cm18DEC2023bhav.csv.zip,https://nsearchives.nseindia.com/content/historical/EQUITIES/2023/DEC/cm18DEC2023bhav.csv.zip,2023-12-18,f98c25cf514d9cfb0e18dc3192f81cd5e0a1fac3af4f3d96d5958b43fd18e4b9,100649,historical NSE legacy equity bhavcopy,NSE download manifest
data/raw/bhavcopy_legacy/cm18FEB2013bhav.csv.zip,https://nsearchives.nseindia.com/content/historical/EQUITIES/2013/FEB/cm18FEB2013bhav.csv.zip,2013-02-18,ec40d8198ebd64613162492b30cf0f154e3c55354e72c2646952f09dc4e29a99,54597,historical NSE legacy equity bhavcopy,NSE download manifest
data/raw/bhavcopy_legacy/cm18FEB2014bhav.csv.zip,https://nsearchives.nseindia.com/content/historical/EQUITIES/2014/FEB/cm18FEB2014bhav.csv.zip,2014-02-18,03c8e0f62fbff698f2b6a0b263c43e2c897cdd7d806babcd1d8c71d0a3d82ce0,52218,historical NSE legacy equity bhavcopy,NSE download manifest
data/raw/bhavcopy_legacy/cm18FEB2015bhav.csv.zip,https://nsearchives.nseindia.com/content/historical/EQUITIES/2015/FEB/cm18FEB2015bhav.csv.zip,2015-02-18,850532ba8be94030de8509edf34d33bd64b90da63023fc5bb54c878838e49f29,57114,historical NSE legacy equity bhavcopy,NSE download manifest
data/raw/bhavcopy_legacy/cm18FEB2016bhav.csv.zip,https://nsearchives.nseindia.com/content/historical/EQUITIES/2016/FEB/cm18FEB2016bhav.csv.zip,2016-02-18,488c8791fdd66d4a6a675085af2367782ca2e9a9dada3fa6ac54ea00d57ffdf2,57817,historical NSE legacy equity bhavcopy,NSE download manifest
data/raw/bhavcopy_legacy/cm18FEB2019bhav.csv.zip,https://nsearchives.nseindia.com/content/historical/EQUITIES/2019/FEB/cm18FEB2019bhav.csv.zip,2019-02-18,988084330ad0aaab6dafa6f1acc8c89500edd5b9f5ad680628f9f883cf84f938,67569,historical NSE legacy equity bhavcopy,NSE download manifest
data/raw/bhavcopy_legacy/cm18FEB2020bhav.csv.zip,https://nsearchives.nseindia.com/content/historical/EQUITIES/2020/FEB/cm18FEB2020bhav.csv.zip,2020-02-18,00ba72a320093009bd52d48d6b73b1b89ec4524efd837bd7128fa84d0f0ae138,69845,historical NSE legacy equity bhavcopy,NSE download manifest
data/raw/bhavcopy_legacy/cm18FEB2021bhav.csv.zip,https://nsearchives.nseindia.com/content/historical/EQUITIES/2021/FEB/cm18FEB2021bhav.csv.zip,2021-02-18,aa609979287bc63a21270e7264d937f8028d9261592cfbe43a0d92063ebe318f,74667,historical NSE legacy equity bhavcopy,NSE download manifest
data/raw/bhavcopy_legacy/cm18FEB2022bhav.csv.zip,https://nsearchives.nseindia.com/content/historical/EQUITIES/2022/FEB/cm18FEB2022bhav.csv.zip,2022-02-18,270988778a1fb9d8ed33ee97f4492e7a9ac63ce5c21c4cc7234d69afefe17eaa,81727,historical NSE legacy equity bhavcopy,NSE download manifest
data/raw/bhavcopy_legacy/cm18JAN2013bhav.csv.zip,https://nsearchives.nseindia.com/content/historical/EQUITIES/2013/JAN/cm18JAN2013bhav.csv.zip,2013-01-18,2ffcff6113409ce486db412aff91169b379ad335bbf2f0f175ba8966c4abaf05,56207,historical NSE legacy equity bhavcopy,NSE download manifest
data/raw/bhavcopy_legacy/cm18JAN2016bhav.csv.zip,https://nsearchives.nseindia.com/content/historical/EQUITIES/2016/JAN/cm18JAN2016bhav.csv.zip,2016-01-18,c5b6c6baaf65630c6a7425317f773c8b0753fc80ff692e57ca819d3fc415da5d,59802,historical NSE legacy equity bhavcopy,NSE download manifest
data/raw/bhavcopy_legacy/cm18JAN2017bhav.csv.zip,https://nsearchives.nseindia.com/content/historical/EQUITIES/2017/JAN/cm18JAN2017bhav.csv.zip,2017-01-18,e10606ad791e6dce55d5f31bf13bbeeadde9fdeee55b6b92c86a75379acc6f04,62410,historical NSE legacy equity bhavcopy,NSE download manifest
data/raw/bhavcopy_legacy/cm18JAN2018bhav.csv.zip,https://nsearchives.nseindia.com/content/historical/EQUITIES/2018/JAN/cm18JAN2018bhav.csv.zip,2018-01-18,2b2f9602578812ffb06494942673da3fc3cf708701a96cfd42b9dabf069e94f6,70220,historical NSE legacy equity bhavcopy,NSE download manifest
data/raw/bhavcopy_legacy/cm18JAN2019bhav.csv.zip,https://nsearchives.nseindia.com/content/historical/EQUITIES/2019/JAN/cm18JAN2019bhav.csv.zip,2019-01-18,8a5b60fe2ae44d524506c6a11451598637b1a34197b9678604b9c5323b02cd73,66854,historical NSE legacy equity bhavcopy,NSE download manifest
data/raw/bhavcopy_legacy/cm18JAN2021bhav.csv.zip,https://nsearchives.nseindia.com/content/historical/EQUITIES/2021/JAN/cm18JAN2021bhav.csv.zip,2021-01-18,03f199becf02abd5c8e519c96715e8b22d586872dd4b6488c58f88da595e33a3,75713,historical NSE legacy equity bhavcopy,NSE download manifest
data/raw/bhavcopy_legacy/cm18JAN2022bhav.csv.zip,https://nsearchives.nseindia.com/content/historical/EQUITIES/2022/JAN/cm18JAN2022bhav.csv.zip,2022-01-18,bf180441a8b55d437e75a2a0ba05abbd6a357a1bd206730398b9b8271633ee72,83250,historical NSE legacy equity bhavcopy,NSE download manifest
data/raw/bhavcopy_legacy/cm18JAN2023bhav.csv.zip,https://nsearchives.nseindia.com/content/historical/EQUITIES/2023/JAN/cm18JAN2023bhav.csv.zip,2023-01-18,2cd7455f56918fa7ec569cc9d2217c3942728b09ba3fe3cfb7f5cd5692c2ac23,87556,historical NSE legacy equity bhavcopy,NSE download manifest
data/raw/bhavcopy_legacy/cm18JAN2024bhav.csv.zip,https://nsearchives.nseindia.com/content/historical/EQUITIES/2024/JAN/cm18JAN2024bhav.csv.zip,2024-01-18,b8c3b51917bf0c37952dba9a1ff54b9dbeff732ce5599794b165f1890e59cbc3,100378,historical NSE legacy equity bhavcopy,NSE download manifest
data/raw/bhavcopy_legacy/cm18JUL2013bhav.csv.zip,https://nsearchives.nseindia.com/content/historical/EQUITIES/2013/JUL/cm18JUL2013bhav.csv.zip,2013-07-18,b19219dcbeede2fb2f26e5ad6bd17d1291c9f4991f4a69b786d5b34d5713967c,47866,historical NSE legacy equity bhavcopy,NSE download manifest
data/raw/bhavcopy_legacy/cm18JUL2014bhav.csv.zip,https://nsearchives.nseindia.com/content/historical/EQUITIES/2014/JUL/cm18JUL2014bhav.csv.zip,2014-07-18,1cdeb75454e59dd3c627ba7cb225e0e176fbed92ea8d8f19ce83f67ac8d3c41a,56835,historical NSE legacy equity bhavcopy,NSE download manifest
data/raw/bhavcopy_legacy/cm18JUL2016bhav.csv.zip,https://nsearchives.nseindia.com/content/historical/EQUITIES/2016/JUL/cm18JUL2016bhav.csv.zip,2016-07-18,04a2e5d196727e0d18b0fd268f58faa39eb113942282121595d63ff994cac95c,61769,historical NSE legacy equity bhavcopy,NSE download manifest
data/raw/bhavcopy_legacy/cm18JUL2017bhav.csv.zip,https://nsearchives.nseindia.com/content/historical/EQUITIES/2017/JUL/cm18JUL2017bhav.csv.zip,2017-07-18,af0cafa251de9f83778aecfa46efa7dd7cba20d473cb3b07af19940d2435a760,65336,historical NSE legacy equity bhavcopy,NSE download manifest
data/raw/bhavcopy_legacy/cm18JUL2018bhav.csv.zip,https://nsearchives.nseindia.com/content/historical/EQUITIES/2018/JUL/cm18JUL2018bhav.csv.zip,2018-07-18,573d05cdfad3eb08381f8ddf04e61c915abda73d579c0e8173d1c11aa84bf3b2,67829,historical NSE legacy equity bhavcopy,NSE download manifest
data/raw/bhavcopy_legacy/cm18JUL2019bhav.csv.zip,https://nsearchives.nseindia.com/content/historical/EQUITIES/2019/JUL/cm18JUL2019bhav.csv.zip,2019-07-18,af203fc77d300647364c7e1d724692d3fa95fe54e4e422a9fb32f866ff043fa8,67607,historical NSE legacy equity bhavcopy,NSE download manifest
data/raw/bhavcopy_legacy/cm18JUL2022bhav.csv.zip,https://nsearchives.nseindia.com/content/historical/EQUITIES/2022/JUL/cm18JUL2022bhav.csv.zip,2022-07-18,9bc903949d852886be5b374b77221798821aa25535db264b2d9173d76cabd468,84155,historical NSE legacy equity bhavcopy,NSE download manifest
data/raw/bhavcopy_legacy/cm18JUL2023bhav.csv.zip,https://nsearchives.nseindia.com/content/historical/EQUITIES/2023/JUL/cm18JUL2023bhav.csv.zip,2023-07-18,a7c19fe62c4d9519dd640c1a0587f703a5f185b21496fb1f945a358cf4d5b608,91460,historical NSE legacy equity bhavcopy,NSE download manifest
data/raw/bhavcopy_legacy/cm18JUN2013bhav.csv.zip,https://nsearchives.nseindia.com/content/historical/EQUITIES/2013/JUN/cm18JUN2013bhav.csv.zip,2013-06-18,c5d7ff848a1d841ad684f85cad8d967fd26f0ae314fdeeeb74e59f6e12ea2016,49346,historical NSE legacy equity bhavcopy,NSE download manifest
data/raw/bhavcopy_legacy/cm18JUN2014bhav.csv.zip,https://nsearchives.nseindia.com/content/historical/EQUITIES/2014/JUN/cm18JUN2014bhav.csv.zip,2014-06-18,dae720e92a1b4d10f060f9ea671a0a29ee938eced37f163a4ca43eded37a93ca,57789,historical NSE legacy equity bhavcopy,NSE download manifest
data/raw/bhavcopy_legacy/cm18JUN2015bhav.csv.zip,https://nsearchives.nseindia.com/content/historical/EQUITIES/2015/JUN/cm18JUN2015bhav.csv.zip,2015-06-18,0f9b512cccaa8945a36770489be63eb35d2d3ca135363691de5be5d7b8122b9d,55594,historical NSE legacy equity bhavcopy,NSE download manifest
data/raw/bhavcopy_legacy/cm18JUN2018bhav.csv.zip,https://nsearchives.nseindia.com/content/historical/EQUITIES/2018/JUN/cm18JUN2018bhav.csv.zip,2018-06-18,19649812f589588e1184d48b4059ccdf69ff82464a027d09a1aeaa2e19431f0f,67825,historical NSE legacy equity bhavcopy,NSE download manifest
data/raw/bhavcopy_legacy/cm18JUN2019bhav.csv.zip,https://nsearchives.nseindia.com/content/historical/EQUITIES/2019/JUN/cm18JUN2019bhav.csv.zip,2019-06-18,e5cfacc1ea2e07808b5fa685c4086942d49137e8dc68036e8c33cdb7c53e1273,68344,historical NSE legacy equity bhavcopy,NSE download manifest
data/raw/bhavcopy_legacy/cm18JUN2020bhav.csv.zip,https://nsearchives.nseindia.com/content/historical/EQUITIES/2020/JUN/cm18JUN2020bhav.csv.zip,2020-06-18,5606426cea35761cd1fc7c44ca72b5f173e0974f809bb89be506f6ca25c8bbf0,69168,historical NSE legacy equity bhavcopy,NSE download manifest
data/raw/bhavcopy_legacy/cm18JUN2021bhav.csv.zip,https://nsearchives.nseindia.com/content/historical/EQUITIES/2021/JUN/cm18JUN2021bhav.csv.zip,2021-06-18,c28201e2acffbc64740a5fa9942e2e4c0f7d1c3b795c40668042970a7e138779,78258,historical NSE legacy equity bhavcopy,NSE download manifest
data/raw/bhavcopy_legacy/cm18JUN2024bhav.csv.zip,https://nsearchives.nseindia.com/content/historical/EQUITIES/2024/JUN/cm18JUN2024bhav.csv.zip,2024-06-18,27242cb190cd1b9e4385b724211e582d76deef85fcbeb26ab1e62d7bd4770872,109793,historical NSE legacy equity bhavcopy,NSE download manifest
data/raw/bhavcopy_legacy/cm18MAR2013bhav.csv.zip,https://nsearchives.nseindia.com/content/historical/EQUITIES/2013/MAR/cm18MAR2013bhav.csv.zip,2013-03-18,8bf1b9c5767792ef19674abe9e4356e2f2f59f2edf2dfd05dafc45400a4acb72,54133,historical NSE legacy equity bhavcopy,NSE download manifest
data/raw/bhavcopy_legacy/cm18MAR2014bhav.csv.zip,https://nsearchives.nseindia.com/content/historical/EQUITIES/2014/MAR/cm18MAR2014bhav.csv.zip,2014-03-18,63e9f6aad19f17b488c2f734d4b8292a2e72d4988a983a90abd0bb0abd28e39d,54345,historical NSE legacy equity bhavcopy,NSE download manifest
data/raw/bhavcopy_legacy/cm18MAR2015bhav.csv.zip,https://nsearchives.nseindia.com/content/historical/EQUITIES/2015/MAR/cm18MAR2015bhav.csv.zip,2015-03-18,5fbd5bbac0a5bd9e509a439fb5fef7c997934e4a89e67fa6563e4a4d842e1997,57323,historical NSE legacy equity bhavcopy,NSE download manifest
data/raw/bhavcopy_legacy/cm18MAR2016bhav.csv.zip,https://nsearchives.nseindia.com/content/historical/EQUITIES/2016/MAR/cm18MAR2016bhav.csv.zip,2016-03-18,729f7954947ff84c3d12371aff2230b91399fac68b382efa310c07b676a44626,58838,historical NSE legacy equity bhavcopy,NSE download manifest
data/raw/bhavcopy_legacy/cm18MAR2019bhav.csv.zip,https://nsearchives.nseindia.com/content/historical/EQUITIES/2019/MAR/cm18MAR2019bhav.csv.zip,2019-03-18,24b5cc1367e3f54db47eb8a554d96b2ab3b07737d2622375411c7eb6582ac1c1,69809,historical NSE legacy equity bhavcopy,NSE download manifest
data/raw/bhavcopy_legacy/cm18MAR2020bhav.csv.zip,https://nsearchives.nseindia.com/content/historical/EQUITIES/2020/MAR/cm18MAR2020bhav.csv.zip,2020-03-18,255cb08713c72a5ce05058d4dbe472794d0083272b0696450a25ed86f67dcfbd,70726,historical NSE legacy equity bhavcopy,NSE download manifest
data/raw/bhavcopy_legacy/cm18MAR2021bhav.csv.zip,https://nsearchives.nseindia.com/content/historical/EQUITIES/2021/MAR/cm18MAR2021bhav.csv.zip,2021-03-18,76cb81eb6b50857db83bd8745eb5351e088375030f627151de6842f67c881c97,75915,historical NSE legacy equity bhavcopy,NSE download manifest
data/raw/bhavcopy_legacy/cm18MAR2024bhav.csv.zip,https://nsearchives.nseindia.com/content/historical/EQUITIES/2024/MAR/cm18MAR2024bhav.csv.zip,2024-03-18,7807d8c90dee21257e82027fc01de8ec9bdfd67eab3b9808daf992f0ad966c43,101942,historical NSE legacy equity bhavcopy,NSE download manifest
data/raw/bhavcopy_legacy/cm18MAY2015bhav.csv.zip,https://nsearchives.nseindia.com/content/historical/EQUITIES/2015/MAY/cm18MAY2015bhav.csv.zip,2015-05-18,19ad891c4d616a49a70996c783aa837236acb4112ee13418721b5707beb2fd5b,56248,historical NSE legacy equity bhavcopy,NSE download manifest
data/raw/bhavcopy_legacy/cm18MAY2016bhav.csv.zip,https://nsearchives.nseindia.com/content/historical/EQUITIES/2016/MAY/cm18MAY2016bhav.csv.zip,2016-05-18,4004acf51d58743939561d0a462c295a8937af65cec9c377ad9507d12a822bc4,58364,historical NSE legacy equity bhavcopy,NSE download manifest
data/raw/bhavcopy_legacy/cm18MAY2017bhav.csv.zip,https://nsearchives.nseindia.com/content/historical/EQUITIES/2017/MAY/cm18MAY2017bhav.csv.zip,2017-05-18,5d9407027a573193b5d2822f0770a570b70b3e42e5d1a7b07a89ca099bdd7a18,64918,historical NSE legacy equity bhavcopy,NSE download manifest
data/raw/bhavcopy_legacy/cm18MAY2018bhav.csv.zip,https://nsearchives.nseindia.com/content/historical/EQUITIES/2018/MAY/cm18MAY2018bhav.csv.zip,2018-05-18,b19fde221e0eff374c7bfabc56bf227e0aad4290fa3efd8df37e88b845351554,68359,historical NSE legacy equity bhavcopy,NSE download manifest
data/raw/bhavcopy_legacy/cm18MAY2020bhav.csv.zip,https://nsearchives.nseindia.com/content/historical/EQUITIES/2020/MAY/cm18MAY2020bhav.csv.zip,2020-05-18,e9c76b82bd5124a09bc1f13f6de94b592a41120a0641189463ac122145557c7f,67963,historical NSE legacy equity bhavcopy,NSE download manifest
data/raw/bhavcopy_legacy/cm18MAY2021bhav.csv.zip,https://nsearchives.nseindia.com/content/historical/EQUITIES/2021/MAY/cm18MAY2021bhav.csv.zip,2021-05-18,b3b9662e6c9cebe500e9cec6db2b2e27e5f4dd6952b2f7ffdcab20bb283be202,76177,historical NSE legacy equity bhavcopy,NSE download manifest
data/raw/bhavcopy_legacy/cm18MAY2022bhav.csv.zip,https://nsearchives.nseindia.com/content/historical/EQUITIES/2022/MAY/cm18MAY2022bhav.csv.zip,2022-05-18,d4931e572be1b21947f24634c2eb89bd4be505f4b2dc0ed8dccff0ab888c4cc3,82933,historical NSE legacy equity bhavcopy,NSE download manifest
data/raw/bhavcopy_legacy/cm18MAY2023bhav.csv.zip,https://nsearchives.nseindia.com/content/historical/EQUITIES/2023/MAY/cm18MAY2023bhav.csv.zip,2023-05-18,0ecedbe9656a03343fb97833d2b68282a5b85d2e8196a00abc7613a525b8122e,88754,historical NSE legacy equity bhavcopy,NSE download manifest
data/raw/bhavcopy_legacy/cm18MAY2024bhav.csv.zip,https://nsearchives.nseindia.com/content/historical/EQUITIES/2024/MAY/cm18MAY2024bhav.csv.zip,2024-05-18,58938ca228f7f9e27b587e908fdf3a63d7adf7a69e3ed8e300e74ef113f05db4,93050,historical NSE legacy equity bhavcopy,NSE official URL reconstructed from special-session downloader filename rule
data/raw/bhavcopy_legacy/cm18NOV2013bhav.csv.zip,https://nsearchives.nseindia.com/content/historical/EQUITIES/2013/NOV/cm18NOV2013bhav.csv.zip,2013-11-18,92e3733b881162edd6a5874a0134b7639c64854793d05cd88eb801240970b6a2,50077,historical NSE legacy equity bhavcopy,NSE download manifest
data/raw/bhavcopy_legacy/cm18NOV2014bhav.csv.zip,https://nsearchives.nseindia.com/content/historical/EQUITIES/2014/NOV/cm18NOV2014bhav.csv.zip,2014-11-18,141d68f23a2978cc5ca7e79164bf454107a0975b3c5945e41bf2a49cbb407d29,59067,historical NSE legacy equity bhavcopy,NSE download manifest
data/raw/bhavcopy_legacy/cm18NOV2015bhav.csv.zip,https://nsearchives.nseindia.com/content/historical/EQUITIES/2015/NOV/cm18NOV2015bhav.csv.zip,2015-11-18,f61b465997ec4e19a68402e16931b754e1583bb1606b5ede95a8d4e93b9eaf00,57817,historical NSE legacy equity bhavcopy,NSE download manifest
data/raw/bhavcopy_legacy/cm18NOV2016bhav.csv.zip,https://nsearchives.nseindia.com/content/historical/EQUITIES/2016/NOV/cm18NOV2016bhav.csv.zip,2016-11-18,e88f7b5d5fb4bbec80ddd7214b955eb1f4efc46afdb860eac288b7094d014ddd,60912,historical NSE legacy equity bhavcopy,NSE download manifest
data/raw/bhavcopy_legacy/cm18NOV2019bhav.csv.zip,https://nsearchives.nseindia.com/content/historical/EQUITIES/2019/NOV/cm18NOV2019bhav.csv.zip,2019-11-18,bf0ad2aed69580014812eb4b6f8fea70e8219928a05f08ec43ddff8e05c18f9c,69237,historical NSE legacy equity bhavcopy,NSE download manifest
data/raw/bhavcopy_legacy/cm18NOV2020bhav.csv.zip,https://nsearchives.nseindia.com/content/historical/EQUITIES/2020/NOV/cm18NOV2020bhav.csv.zip,2020-11-18,b930cf5da9c6ce0e7c4b7bfdcc2f7866a4f49eab13d62c922aa930e18e4c8b64,73114,historical NSE legacy equity bhavcopy,NSE download manifest
data/raw/bhavcopy_legacy/cm18NOV2021bhav.csv.zip,https://nsearchives.nseindia.com/content/historical/EQUITIES/2021/NOV/cm18NOV2021bhav.csv.zip,2021-11-18,52ae6a30a40dcb0d462f21077a7971eacbceca4e0a9774d56e703d534cec0fd4,80123,historical NSE legacy equity bhavcopy,NSE download manifest
data/raw/bhavcopy_legacy/cm18NOV2022bhav.csv.zip,https://nsearchives.nseindia.com/content/historical/EQUITIES/2022/NOV/cm18NOV2022bhav.csv.zip,2022-11-18,73846d9c934883477172cf0f837906b690d0a8db8a0165d41dc0ae8c0d3d711e,86325,historical NSE legacy equity bhavcopy,NSE download manifest
data/raw/bhavcopy_legacy/cm18OCT2013bhav.csv.zip,https://nsearchives.nseindia.com/content/historical/EQUITIES/2013/OCT/cm18OCT2013bhav.csv.zip,2013-10-18,f31479a229b55a759ec9572d95aa9da81375ad1e69e050995c7dbee7f6587cf0,49764,historical NSE legacy equity bhavcopy,NSE download manifest
data/raw/bhavcopy_legacy/cm18OCT2016bhav.csv.zip,https://nsearchives.nseindia.com/content/historical/EQUITIES/2016/OCT/cm18OCT2016bhav.csv.zip,2016-10-18,7d2515bfadf81d6fb532ae605c0abc0481bf5b4ebd3558f090f1f70210291cce,63285,historical NSE legacy equity bhavcopy,NSE download manifest
data/raw/bhavcopy_legacy/cm18OCT2017bhav.csv.zip,https://nsearchives.nseindia.com/content/historical/EQUITIES/2017/OCT/cm18OCT2017bhav.csv.zip,2017-10-18,b9aef99a0cea4745006cee4f3830f88e3f0015a78f9bd6e49a50f809d7ea946b,65772,historical NSE legacy equity bhavcopy,NSE download manifest
data/raw/bhavcopy_legacy/cm18OCT2019bhav.csv.zip,https://nsearchives.nseindia.com/content/historical/EQUITIES/2019/OCT/cm18OCT2019bhav.csv.zip,2019-10-18,56c472b3072f773ba3c63c4e5ad38964afc1d72fbf8c71d10fee6f260f84c101,69159,historical NSE legacy equity bhavcopy,NSE download manifest
data/raw/bhavcopy_legacy/cm18OCT2021bhav.csv.zip,https://nsearchives.nseindia.com/content/historical/EQUITIES/2021/OCT/cm18OCT2021bhav.csv.zip,2021-10-18,e051cba5b4f6f1129d14701ee3c90e26912c86be1b02da17f9ec0dfaf936c89e,82007,historical NSE legacy equity bhavcopy,NSE download manifest
data/raw/bhavcopy_legacy/cm18OCT2022bhav.csv.zip,https://nsearchives.nseindia.com/content/historical/EQUITIES/2022/OCT/cm18OCT2022bhav.csv.zip,2022-10-18,85695e29e94e05e001fe73a8350029c23e332e1a9f3a365f771726d9a58d14a7,85617,historical NSE legacy equity bhavcopy,NSE download manifest
data/raw/bhavcopy_legacy/cm18OCT2023bhav.csv.zip,https://nsearchives.nseindia.com/content/historical/EQUITIES/2023/OCT/cm18OCT2023bhav.csv.zip,2023-10-18,f0c306df7d65825cc011021969faaaf09967daf03090748150befb435f017ba9,96177,historical NSE legacy equity bhavcopy,NSE download manifest
data/raw/bhavcopy_legacy/cm18SEP2013bhav.csv.zip,https://nsearchives.nseindia.com/content/historical/EQUITIES/2013/SEP/cm18SEP2013bhav.csv.zip,2013-09-18,a2f604021fc25b1e952e3e8d843de7ff5f2dd932f89362b5c3d322cce4e50994,47878,historical NSE legacy equity bhavcopy,NSE download manifest
data/raw/bhavcopy_legacy/cm18SEP2014bhav.csv.zip,https://nsearchives.nseindia.com/content/historical/EQUITIES/2014/SEP/cm18SEP2014bhav.csv.zip,2014-09-18,13bed7daaf5fe2518bae21948f45e7485f6a20bad37fc6622c14ccfb4624c235,58898,historical NSE legacy equity bhavcopy,NSE download manifest
data/raw/bhavcopy_legacy/cm18SEP2015bhav.csv.zip,https://nsearchives.nseindia.com/content/historical/EQUITIES/2015/SEP/cm18SEP2015bhav.csv.zip,2015-09-18,7f1a6a563633c11dcace505567e377f3a6e6086a4bb0259517f839a6eae72d4d,56477,historical NSE legacy equity bhavcopy,NSE download manifest
data/raw/bhavcopy_legacy/cm18SEP2017bhav.csv.zip,https://nsearchives.nseindia.com/content/historical/EQUITIES/2017/SEP/cm18SEP2017bhav.csv.zip,2017-09-18,75549ac144b93f26528b40df30d8480f62eefcd620cff30edf7b2ca9913c676e,66079,historical NSE legacy equity bhavcopy,NSE download manifest
data/raw/bhavcopy_legacy/cm18SEP2018bhav.csv.zip,https://nsearchives.nseindia.com/content/historical/EQUITIES/2018/SEP/cm18SEP2018bhav.csv.zip,2018-09-18,da77c3b94914ea98985984e81f5d562a2b992c58eada9bcc6060647fada16517,69127,historical NSE legacy equity bhavcopy,NSE download manifest
data/raw/bhavcopy_legacy/cm18SEP2019bhav.csv.zip,https://nsearchives.nseindia.com/content/historical/EQUITIES/2019/SEP/cm18SEP2019bhav.csv.zip,2019-09-18,5385d965bd53c84ceb88a55d6a687b33cb899b0e47b48c5b0926df7be3de6036,68371,historical NSE legacy equity bhavcopy,NSE download manifest
data/raw/bhavcopy_legacy/cm18SEP2020bhav.csv.zip,https://nsearchives.nseindia.com/content/historical/EQUITIES/2020/SEP/cm18SEP2020bhav.csv.zip,2020-09-18,4041f3e2e80ba00178e9f0ad6e5f410a00830135ff35bbdf68ee75c5427c7153,71118,historical NSE legacy equity bhavcopy,NSE download manifest
data/raw/bhavcopy_legacy/cm18SEP2023bhav.csv.zip,https://nsearchives.nseindia.com/content/historical/EQUITIES/2023/SEP/cm18SEP2023bhav.csv.zip,2023-09-18,5df8f2290bc25897855fe569cf623a1c1e51799903e335411a6e8e95b2586933,95342,historical NSE legacy equity bhavcopy,NSE download manifest
data/raw/bhavcopy_legacy/cm19APR2017bhav.csv.zip,https://nsearchives.nseindia.com/content/historical/EQUITIES/2017/APR/cm19APR2017bhav.csv.zip,2017-04-19,a65e389b5cbfa80e7d9179a0d03df7d7e9d28bfef94dbde07c155d44796ddaa9,64969,historical NSE legacy equity bhavcopy,NSE download manifest
data/raw/bhavcopy_legacy/cm19APR2018bhav.csv.zip,https://nsearchives.nseindia.com/content/historical/EQUITIES/2018/APR/cm19APR2018bhav.csv.zip,2018-04-19,6a71a09649bcc3b0f1c624d925c6436a36ea9a5ba2722874905cd5b7d8f7f4cf,69047,historical NSE legacy equity bhavcopy,NSE download manifest
data/raw/bhavcopy_legacy/cm19APR2021bhav.csv.zip,https://nsearchives.nseindia.com/content/historical/EQUITIES/2021/APR/cm19APR2021bhav.csv.zip,2021-04-19,24522e83d2b53b4fb296306427163ae29c33d70b8bd16d9072ab7fc0664f15a7,75204,historical NSE legacy equity bhavcopy,NSE download manifest
data/raw/bhavcopy_legacy/cm19APR2022bhav.csv.zip,https://nsearchives.nseindia.com/content/historical/EQUITIES/2022/APR/cm19APR2022bhav.csv.zip,2022-04-19,72dfe3fa45f215174d43bcc58884688bc0832454f09e35169008a7d498d4eaa9,84218,historical NSE legacy equity bhavcopy,NSE download manifest
data/raw/bhavcopy_legacy/cm19APR2023bhav.csv.zip,https://nsearchives.nseindia.com/content/historical/EQUITIES/2023/APR/cm19APR2023bhav.csv.zip,2023-04-19,9363e83d772785d0ae00afbb80589ecefbb9ea6089ddaa15a9644c91cbd39cfa,88346,historical NSE legacy equity bhavcopy,NSE download manifest
data/raw/bhavcopy_legacy/cm19APR2024bhav.csv.zip,https://nsearchives.nseindia.com/content/historical/EQUITIES/2024/APR/cm19APR2024bhav.csv.zip,2024-04-19,4d7288c0758febf31407623d74db989363b6325f97125b461902e95a7e946f86,102272,historical NSE legacy equity bhavcopy,NSE download manifest
data/raw/bhavcopy_legacy/cm19AUG2013bhav.csv.zip,https://nsearchives.nseindia.com/content/historical/EQUITIES/2013/AUG/cm19AUG2013bhav.csv.zip,2013-08-19,fe1a6f1a3658a4ba9e1f0fadf361b06759bb5c1ccce03125d399665f234d06a9,47795,historical NSE legacy equity bhavcopy,NSE download manifest
data/raw/bhavcopy_legacy/cm19AUG2014bhav.csv.zip,https://nsearchives.nseindia.com/content/historical/EQUITIES/2014/AUG/cm19AUG2014bhav.csv.zip,2014-08-19,f608ff59acd4df3c6a4b10a5793d07aee8bb87cbafe11c9cff83a4625ca503a0,57208,historical NSE legacy equity bhavcopy,NSE download manifest
data/raw/bhavcopy_legacy/cm19AUG2015bhav.csv.zip,https://nsearchives.nseindia.com/content/historical/EQUITIES/2015/AUG/cm19AUG2015bhav.csv.zip,2015-08-19,c1c5e89941ab65e0f64bb884c506d3ae5a9985dcb656e4510d0dc412a2cc767c,57391,historical NSE legacy equity bhavcopy,NSE download manifest
data/raw/bhavcopy_legacy/cm19AUG2016bhav.csv.zip,https://nsearchives.nseindia.com/content/historical/EQUITIES/2016/AUG/cm19AUG2016bhav.csv.zip,2016-08-19,5a27d1fe7677415720ef638c666cc1748848f1c0110ee37a394c2d6817b8825a,61484,historical NSE legacy equity bhavcopy,NSE download manifest
data/raw/bhavcopy_legacy/cm19AUG2019bhav.csv.zip,https://nsearchives.nseindia.com/content/historical/EQUITIES/2019/AUG/cm19AUG2019bhav.csv.zip,2019-08-19,f1d0a820ee02ee2689409a8f72032447d9f4855b5d7eab191f32f787a34b7ef5,68627,historical NSE legacy equity bhavcopy,NSE download manifest
data/raw/bhavcopy_legacy/cm19AUG2020bhav.csv.zip,https://nsearchives.nseindia.com/content/historical/EQUITIES/2020/AUG/cm19AUG2020bhav.csv.zip,2020-08-19,5413b45b087acf74d536241f383a9eb1d8632cd79c285a59cf9ce53a3483589a,71803,historical NSE legacy equity bhavcopy,NSE download manifest
data/raw/bhavcopy_legacy/cm19AUG2022bhav.csv.zip,https://nsearchives.nseindia.com/content/historical/EQUITIES/2022/AUG/cm19AUG2022bhav.csv.zip,2022-08-19,d97cd80e68c393d76d2aa458bef8e07d44cb7e24f8f3a4ba5cc6ecc1ba7e6938,85000,historical NSE legacy equity bhavcopy,NSE download manifest
data/raw/bhavcopy_legacy/cm19DEC2013bhav.csv.zip,https://nsearchives.nseindia.com/content/historical/EQUITIES/2013/DEC/cm19DEC2013bhav.csv.zip,2013-12-19,23ddddd7093e6d82c0c4ca23a202a015cf3d272683a5945023a3dec40112156d,48655,historical NSE legacy equity bhavcopy,NSE download manifest
data/raw/bhavcopy_legacy/cm19DEC2014bhav.csv.zip,https://nsearchives.nseindia.com/content/historical/EQUITIES/2014/DEC/cm19DEC2014bhav.csv.zip,2014-12-19,49309950764e50c0c9bf5b5e1fe5d5d44e26a43c8b23670bdd3e6f7c2dfe0f00,57625,historical NSE legacy equity bhavcopy,NSE download manifest
data/raw/bhavcopy_legacy/cm19DEC2016bhav.csv.zip,https://nsearchives.nseindia.com/content/historical/EQUITIES/2016/DEC/cm19DEC2016bhav.csv.zip,2016-12-19,433733c9a5b32b8ebaa8e73f3df28cc8dbee42a734ba1fdb5d16049f31bf5d96,61236,historical NSE legacy equity bhavcopy,NSE download manifest
data/raw/bhavcopy_legacy/cm19DEC2017bhav.csv.zip,https://nsearchives.nseindia.com/content/historical/EQUITIES/2017/DEC/cm19DEC2017bhav.csv.zip,2017-12-19,70b0927599d62e6e0574168fe96ef4c6cf2374505548b09da167f8a8510dbe3f,67872,historical NSE legacy equity bhavcopy,NSE download manifest
data/raw/bhavcopy_legacy/cm19DEC2018bhav.csv.zip,https://nsearchives.nseindia.com/content/historical/EQUITIES/2018/DEC/cm19DEC2018bhav.csv.zip,2018-12-19,f3a23644093b64359c3ea0079a22db688b4d66601f3ab37db54872587273e05a,67743,historical NSE legacy equity bhavcopy,NSE download manifest
data/raw/bhavcopy_legacy/cm19DEC2019bhav.csv.zip,https://nsearchives.nseindia.com/content/historical/EQUITIES/2019/DEC/cm19DEC2019bhav.csv.zip,2019-12-19,b8896d74a6d73ead05a4f0dc648a74d50124f1f6ee5e8310ba99d5a4ddcbf650,67902,historical NSE legacy equity bhavcopy,NSE download manifest
data/raw/bhavcopy_legacy/cm19DEC2022bhav.csv.zip,https://nsearchives.nseindia.com/content/historical/EQUITIES/2022/DEC/cm19DEC2022bhav.csv.zip,2022-12-19,7a7a5055482c04ccdfd10022e3e62089567514b9c89b1209df536fd73c9716d9,88590,historical NSE legacy equity bhavcopy,NSE download manifest
data/raw/bhavcopy_legacy/cm19DEC2023bhav.csv.zip,https://nsearchives.nseindia.com/content/historical/EQUITIES/2023/DEC/cm19DEC2023bhav.csv.zip,2023-12-19,661f2f95759626989f7c06e41c796dbc04ed8b16d5eae370e39b7ce20d6ccf88,99148,historical NSE legacy equity bhavcopy,NSE download manifest
data/raw/bhavcopy_legacy/cm19FEB2013bhav.csv.zip,https://nsearchives.nseindia.com/content/historical/EQUITIES/2013/FEB/cm19FEB2013bhav.csv.zip,2013-02-19,381dbc47a2321e12154c2c6028a5f0263e5dd5b2f5e249fa4f2a05fd53a31988,54629,historical NSE legacy equity bhavcopy,NSE download manifest
data/raw/bhavcopy_legacy/cm19FEB2014bhav.csv.zip,https://nsearchives.nseindia.com/content/historical/EQUITIES/2014/FEB/cm19FEB2014bhav.csv.zip,2014-02-19,4b67519717348d093425bc6a5bcc614fd8ec072d7f18bfb775dd67e78ec7d880,52196,historical NSE legacy equity bhavcopy,NSE download manifest
data/raw/bhavcopy_legacy/cm19FEB2015bhav.csv.zip,https://nsearchives.nseindia.com/content/historical/EQUITIES/2015/FEB/cm19FEB2015bhav.csv.zip,2015-02-19,3477ba5793023c6fc710a8605ec20226675212215a01a6eb705920f75a59e3e3,56853,historical NSE legacy equity bhavcopy,NSE download manifest
data/raw/bhavcopy_legacy/cm19FEB2016bhav.csv.zip,https://nsearchives.nseindia.com/content/historical/EQUITIES/2016/FEB/cm19FEB2016bhav.csv.zip,2016-02-19,8769a188fbb65acb59b579f973baa09a048f55a7d7a7761cbd4ce50c0a17127c,57025,historical NSE legacy equity bhavcopy,NSE download manifest
data/raw/bhavcopy_legacy/cm19FEB2018bhav.csv.zip,https://nsearchives.nseindia.com/content/historical/EQUITIES/2018/FEB/cm19FEB2018bhav.csv.zip,2018-02-19,f4b567c1ccc32890e91b525a1f412e0e35ae2725ba981121456790892f824aef,68362,historical NSE legacy equity bhavcopy,NSE download manifest
data/raw/bhavcopy_legacy/cm19FEB2019bhav.csv.zip,https://nsearchives.nseindia.com/content/historical/EQUITIES/2019/FEB/cm19FEB2019bhav.csv.zip,2019-02-19,7e3841775fad0a48f503631e3ce57d75eca1aef11001dd72535803bb097e3291,66876,historical NSE legacy equity bhavcopy,NSE download manifest
data/raw/bhavcopy_legacy/cm19FEB2020bhav.csv.zip,https://nsearchives.nseindia.com/content/historical/EQUITIES/2020/FEB/cm19FEB2020bhav.csv.zip,2020-02-19,52655d7f0d1313f8e15a6a5e1801c2dc7b0ad58e26dfe29937aca95f0ef4169a,69411,historical NSE legacy equity bhavcopy,NSE download manifest
data/raw/bhavcopy_legacy/cm19FEB2021bhav.csv.zip,https://nsearchives.nseindia.com/content/historical/EQUITIES/2021/FEB/cm19FEB2021bhav.csv.zip,2021-02-19,bda4e54fc302efc833536725b355eb8027904cf7f97f86f981911175e6843360,74652,historical NSE legacy equity bhavcopy,NSE download manifest
data/raw/bhavcopy_legacy/cm19FEB2024bhav.csv.zip,https://nsearchives.nseindia.com/content/historical/EQUITIES/2024/FEB/cm19FEB2024bhav.csv.zip,2024-02-19,bc9360ee88f55b19e88db57f402760170262f26c9ac4695fb8121a8410c2fb00,102017,historical NSE legacy equity bhavcopy,NSE download manifest
data/raw/bhavcopy_legacy/cm19JAN2015bhav.csv.zip,https://nsearchives.nseindia.com/content/historical/EQUITIES/2015/JAN/cm19JAN2015bhav.csv.zip,2015-01-19,bcb4b783bad6c7797e70c5b2b4d296e295ea4803ec39bb0535858eb11078f932,57979,historical NSE legacy equity bhavcopy,NSE download manifest
data/raw/bhavcopy_legacy/cm19JAN2016bhav.csv.zip,https://nsearchives.nseindia.com/content/historical/EQUITIES/2016/JAN/cm19JAN2016bhav.csv.zip,2016-01-19,85210cf27a5632b35ca599d0c8c23cbb8d0a526c9a0b50ea4196bff549928fc7,59044,historical NSE legacy equity bhavcopy,NSE download manifest
data/raw/bhavcopy_legacy/cm19JAN2017bhav.csv.zip,https://nsearchives.nseindia.com/content/historical/EQUITIES/2017/JAN/cm19JAN2017bhav.csv.zip,2017-01-19,97676ca4bce29c4fe89ff565ef40d2a90159cb3e1f96f8b306108bcbcfc0f93a,62525,historical NSE legacy equity bhavcopy,NSE download manifest
data/raw/bhavcopy_legacy/cm19JAN2018bhav.csv.zip,https://nsearchives.nseindia.com/content/historical/EQUITIES/2018/JAN/cm19JAN2018bhav.csv.zip,2018-01-19,acb5d55622275855faa64491a0d7a36155c6353d8606cc80c543756d100b2d7d,69065,historical NSE legacy equity bhavcopy,NSE download manifest
data/raw/bhavcopy_legacy/cm19JAN2021bhav.csv.zip,https://nsearchives.nseindia.com/content/historical/EQUITIES/2021/JAN/cm19JAN2021bhav.csv.zip,2021-01-19,5c78e55c23aae73558f76127efd4f98c8e974504dd9c2e0c490234b431ee77b2,74353,historical NSE legacy equity bhavcopy,NSE download manifest
data/raw/bhavcopy_legacy/cm19JAN2022bhav.csv.zip,https://nsearchives.nseindia.com/content/historical/EQUITIES/2022/JAN/cm19JAN2022bhav.csv.zip,2022-01-19,be0f72ab0a61e2702bf37b307e78f583b8557a7340852cd21cdcf12c4727deb0,82195,historical NSE legacy equity bhavcopy,NSE download manifest
data/raw/bhavcopy_legacy/cm19JAN2023bhav.csv.zip,https://nsearchives.nseindia.com/content/historical/EQUITIES/2023/JAN/cm19JAN2023bhav.csv.zip,2023-01-19,72da5349709673259bf37c5a6788aada3171eba7c5c750ce63403c450d208afc,87354,historical NSE legacy equity bhavcopy,NSE download manifest
data/raw/bhavcopy_legacy/cm19JAN2024bhav.csv.zip,https://nsearchives.nseindia.com/content/historical/EQUITIES/2024/JAN/cm19JAN2024bhav.csv.zip,2024-01-19,2cbe7ab7bf63a195f5c9d2aed9c8de4d31c0b08b6dcd41be8fc14870d9dee54f,99638,historical NSE legacy equity bhavcopy,NSE download manifest
data/raw/bhavcopy_legacy/cm19JUL2013bhav.csv.zip,https://nsearchives.nseindia.com/content/historical/EQUITIES/2013/JUL/cm19JUL2013bhav.csv.zip,2013-07-19,a40dfa7334f037115b19289fc80bf0166ad20a8d053c15d97e15c218c1623ce6,48123,historical NSE legacy equity bhavcopy,NSE download manifest
data/raw/bhavcopy_legacy/cm19JUL2016bhav.csv.zip,https://nsearchives.nseindia.com/content/historical/EQUITIES/2016/JUL/cm19JUL2016bhav.csv.zip,2016-07-19,1c0dea0c934a3b94d8926b6e97cbef0b37f4d5185c6b8818f4bbd98de29a580b,61273,historical NSE legacy equity bhavcopy,NSE download manifest
data/raw/bhavcopy_legacy/cm19JUL2017bhav.csv.zip,https://nsearchives.nseindia.com/content/historical/EQUITIES/2017/JUL/cm19JUL2017bhav.csv.zip,2017-07-19,3512d92a975a5b5af12816c3f8e225f0fe0a469d8ce0b05dd269d876852b2480,64911,historical NSE legacy equity bhavcopy,NSE download manifest
data/raw/bhavcopy_legacy/cm19JUL2018bhav.csv.zip,https://nsearchives.nseindia.com/content/historical/EQUITIES/2018/JUL/cm19JUL2018bhav.csv.zip,2018-07-19,662eef49a7aeda7f3f28550d21b5ea721732ff28395b0dd69c09070b4a6531e7,68236,historical NSE legacy equity bhavcopy,NSE download manifest
data/raw/bhavcopy_legacy/cm19JUL2019bhav.csv.zip,https://nsearchives.nseindia.com/content/historical/EQUITIES/2019/JUL/cm19JUL2019bhav.csv.zip,2019-07-19,ecea58a0b12aa24bc9dc50f6713fc0f1700d7ac77dca5ea16360e35f42c4aa39,68465,historical NSE legacy equity bhavcopy,NSE download manifest
data/raw/bhavcopy_legacy/cm19JUL2021bhav.csv.zip,https://nsearchives.nseindia.com/content/historical/EQUITIES/2021/JUL/cm19JUL2021bhav.csv.zip,2021-07-19,12e6c7f489de2845cfe2c89e3ac82fd87f8d0ad2bf245420701ddb6f3a912613,79151,historical NSE legacy equity bhavcopy,NSE download manifest
data/raw/bhavcopy_legacy/cm19JUL2022bhav.csv.zip,https://nsearchives.nseindia.com/content/historical/EQUITIES/2022/JUL/cm19JUL2022bhav.csv.zip,2022-07-19,12611c73a43a843d844c5811e967cf23929d70cd652315030c63980008cc0699,82858,historical NSE legacy equity bhavcopy,NSE download manifest
data/raw/bhavcopy_legacy/cm19JUL2023bhav.csv.zip,https://nsearchives.nseindia.com/content/historical/EQUITIES/2023/JUL/cm19JUL2023bhav.csv.zip,2023-07-19,8d51be99af5217d92c710c87a96539f19bd6de015cce499c44f5c4159c01aeaf,90952,historical NSE legacy equity bhavcopy,NSE download manifest
data/raw/bhavcopy_legacy/cm19JUN2013bhav.csv.zip,https://nsearchives.nseindia.com/content/historical/EQUITIES/2013/JUN/cm19JUN2013bhav.csv.zip,2013-06-19,bc8408ef118575053e6511f4f7b777c09ccac2efaaafd7c0232dfc37535e8979,49739,historical NSE legacy equity bhavcopy,NSE download manifest
data/raw/bhavcopy_legacy/cm19JUN2014bhav.csv.zip,https://nsearchives.nseindia.com/content/historical/EQUITIES/2014/JUN/cm19JUN2014bhav.csv.zip,2014-06-19,cb912c89aa4093d408ab2228b354e750542bf1c9a4722eb610e182e137da275c,56494,historical NSE legacy equity bhavcopy,NSE download manifest
data/raw/bhavcopy_legacy/cm19JUN2015bhav.csv.zip,https://nsearchives.nseindia.com/content/historical/EQUITIES/2015/JUN/cm19JUN2015bhav.csv.zip,2015-06-19,555e91ad43b227a51eaede40e8e5cc5904f2330745eaae14fcabb725af4caebf,56302,historical NSE legacy equity bhavcopy,NSE download manifest
data/raw/bhavcopy_legacy/cm19JUN2017bhav.csv.zip,https://nsearchives.nseindia.com/content/historical/EQUITIES/2017/JUN/cm19JUN2017bhav.csv.zip,2017-06-19,f85340163a9b41d88775a4ff5bae8fc8a9922e9c11f03b1bd0dbc2807dd88b2b,64958,historical NSE legacy equity bhavcopy,NSE download manifest
data/raw/bhavcopy_legacy/cm19JUN2018bhav.csv.zip,https://nsearchives.nseindia.com/content/historical/EQUITIES/2018/JUN/cm19JUN2018bhav.csv.zip,2018-06-19,fe2130536b5259a719686a346a6d21a31132460e1549052bcbe707181acf9db5,68083,historical NSE legacy equity bhavcopy,NSE download manifest
data/raw/bhavcopy_legacy/cm19JUN2019bhav.csv.zip,https://nsearchives.nseindia.com/content/historical/EQUITIES/2019/JUN/cm19JUN2019bhav.csv.zip,2019-06-19,2b2ae4c310ea36d55b08a37a49216cb3209cbd9f7aa3981cb515eef9052794d7,68585,historical NSE legacy equity bhavcopy,NSE download manifest
data/raw/bhavcopy_legacy/cm19JUN2020bhav.csv.zip,https://nsearchives.nseindia.com/content/historical/EQUITIES/2020/JUN/cm19JUN2020bhav.csv.zip,2020-06-19,961e4d144ee688b0c3cb3b89e72ef7b632655ccc7b4fce56d2584181b4ea637f,69469,historical NSE legacy equity bhavcopy,NSE download manifest
data/raw/bhavcopy_legacy/cm19JUN2023bhav.csv.zip,https://nsearchives.nseindia.com/content/historical/EQUITIES/2023/JUN/cm19JUN2023bhav.csv.zip,2023-06-19,33207bab5ab1d0ae88f1c18157b474783db9972cdf5ef6d4c1e513a80d43a732,92988,historical NSE legacy equity bhavcopy,NSE download manifest
data/raw/bhavcopy_legacy/cm19JUN2024bhav.csv.zip,https://nsearchives.nseindia.com/content/historical/EQUITIES/2024/JUN/cm19JUN2024bhav.csv.zip,2024-06-19,1d240ac2d1e109ecd4039be4b6a8b398a6a64a0dfb32a1191213ffe49d766107,108736,historical NSE legacy equity bhavcopy,NSE download manifest
data/raw/bhavcopy_legacy/cm19MAR2013bhav.csv.zip,https://nsearchives.nseindia.com/content/historical/EQUITIES/2013/MAR/cm19MAR2013bhav.csv.zip,2013-03-19,79946030a48b816a5bfad6c8ef70cf58290917ac2c2d031f8bddf748bf218392,54886,historical NSE legacy equity bhavcopy,NSE download manifest
data/raw/bhavcopy_legacy/cm19MAR2014bhav.csv.zip,https://nsearchives.nseindia.com/content/historical/EQUITIES/2014/MAR/cm19MAR2014bhav.csv.zip,2014-03-19,36fd2823139f9673fd9f5e8c0bf1473386a2ec5c8e17a47e74c374b5bae5d05a,54602,historical NSE legacy equity bhavcopy,NSE download manifest
data/raw/bhavcopy_legacy/cm19MAR2015bhav.csv.zip,https://nsearchives.nseindia.com/content/historical/EQUITIES/2015/MAR/cm19MAR2015bhav.csv.zip,2015-03-19,da295c74d69cd74e2df4e33a356913a4fdae654c7dd84df98280d3a8c2212858,57029,historical NSE legacy equity bhavcopy,NSE download manifest
data/raw/bhavcopy_legacy/cm19MAR2018bhav.csv.zip,https://nsearchives.nseindia.com/content/historical/EQUITIES/2018/MAR/cm19MAR2018bhav.csv.zip,2018-03-19,7eda4d2eff9e924eb2fb19612e2c5d287f6243f63dddb46077a40f59404c7ea8,69182,historical NSE legacy equity bhavcopy,NSE download manifest
data/raw/bhavcopy_legacy/cm19MAR2019bhav.csv.zip,https://nsearchives.nseindia.com/content/historical/EQUITIES/2019/MAR/cm19MAR2019bhav.csv.zip,2019-03-19,404f8a69e3b216dce0f9e0bd4d5c03b502118730166143bd25b0643440f82e69,69895,historical NSE legacy equity bhavcopy,NSE download manifest
data/raw/bhavcopy_legacy/cm19MAR2020bhav.csv.zip,https://nsearchives.nseindia.com/content/historical/EQUITIES/2020/MAR/cm19MAR2020bhav.csv.zip,2020-03-19,9c590311f613e0c1f33d07ab52a3ba4426bd867ac3a258f7dce38748d6db55b7,70621,historical NSE legacy equity bhavcopy,NSE download manifest
data/raw/bhavcopy_legacy/cm19MAR2021bhav.csv.zip,https://nsearchives.nseindia.com/content/historical/EQUITIES/2021/MAR/cm19MAR2021bhav.csv.zip,2021-03-19,e677244fa9e2355ee62199acd68249ea3cc4a7c018bedca8554dc68c37be8ded,75214,historical NSE legacy equity bhavcopy,NSE download manifest
data/raw/bhavcopy_legacy/cm19MAR2024bhav.csv.zip,https://nsearchives.nseindia.com/content/historical/EQUITIES/2024/MAR/cm19MAR2024bhav.csv.zip,2024-03-19,a9cca7b4a3da060e1067c50ed6c2a21284eb27b5a97fe18c0f8cbb6395a7f151,101405,historical NSE legacy equity bhavcopy,NSE download manifest
data/raw/bhavcopy_legacy/cm19MAY2014bhav.csv.zip,https://nsearchives.nseindia.com/content/historical/EQUITIES/2014/MAY/cm19MAY2014bhav.csv.zip,2014-05-19,0f72a5101523da4ef5dca163684739a72d6a32cff352f3464649b4c5f672f6b6,57152,historical NSE legacy equity bhavcopy,NSE download manifest
data/raw/bhavcopy_legacy/cm19MAY2015bhav.csv.zip,https://nsearchives.nseindia.com/content/historical/EQUITIES/2015/MAY/cm19MAY2015bhav.csv.zip,2015-05-19,54571aa2adefa0980e47ad13a10382077ba48e04067274e474600eb35fa0f511,56569,historical NSE legacy equity bhavcopy,NSE download manifest
data/raw/bhavcopy_legacy/cm19MAY2016bhav.csv.zip,https://nsearchives.nseindia.com/content/historical/EQUITIES/2016/MAY/cm19MAY2016bhav.csv.zip,2016-05-19,299abffd7d1e6c42d97585f8afb45412c14d1df1821237c9eeead5d2ab83bf9f,58409,historical NSE legacy equity bhavcopy,NSE download manifest
data/raw/bhavcopy_legacy/cm19MAY2017bhav.csv.zip,https://nsearchives.nseindia.com/content/historical/EQUITIES/2017/MAY/cm19MAY2017bhav.csv.zip,2017-05-19,97c6aa5bdc7b1d8d9a710e01919ed7b9b055f70f7fbe26cc717528bca0bbf5e8,65320,historical NSE legacy equity bhavcopy,NSE download manifest
data/raw/bhavcopy_legacy/cm19MAY2020bhav.csv.zip,https://nsearchives.nseindia.com/content/historical/EQUITIES/2020/MAY/cm19MAY2020bhav.csv.zip,2020-05-19,54a0c8cbb73e5bf91f7629b9357769e63a253caa7e69abf79a59db08875e006c,66542,historical NSE legacy equity bhavcopy,NSE download manifest
data/raw/bhavcopy_legacy/cm19MAY2021bhav.csv.zip,https://nsearchives.nseindia.com/content/historical/EQUITIES/2021/MAY/cm19MAY2021bhav.csv.zip,2021-05-19,f926fa5e9bfec8241f161a778eeef3b6dd8a8439e3dac5732159646de3a6cb18,76137,historical NSE legacy equity bhavcopy,NSE download manifest
data/raw/bhavcopy_legacy/cm19MAY2022bhav.csv.zip,https://nsearchives.nseindia.com/content/historical/EQUITIES/2022/MAY/cm19MAY2022bhav.csv.zip,2022-05-19,8a0cb9c8a3a06986c18c8a01a348e2fb915dc1282d2adca7646e2e31f93a035b,82929,historical NSE legacy equity bhavcopy,NSE download manifest
data/raw/bhavcopy_legacy/cm19MAY2023bhav.csv.zip,https://nsearchives.nseindia.com/content/historical/EQUITIES/2023/MAY/cm19MAY2023bhav.csv.zip,2023-05-19,c83f44808fa77fef0845f15661c82ca434cde0b22d2e88b74daab06da880cd32,89162,historical NSE legacy equity bhavcopy,NSE download manifest
data/raw/bhavcopy_legacy/cm19NOV2013bhav.csv.zip,https://nsearchives.nseindia.com/content/historical/EQUITIES/2013/NOV/cm19NOV2013bhav.csv.zip,2013-11-19,46662682540ce8c5d1fa505950de2662085cc149bb5e63bd6b942c5daf2290a4,50646,historical NSE legacy equity bhavcopy,NSE download manifest
data/raw/bhavcopy_legacy/cm19NOV2014bhav.csv.zip,https://nsearchives.nseindia.com/content/historical/EQUITIES/2014/NOV/cm19NOV2014bhav.csv.zip,2014-11-19,266f0bd87c6e632752128b7ad9e085cf11e28abec41594fc28a26615cb0bef5b,58856,historical NSE legacy equity bhavcopy,NSE download manifest
data/raw/bhavcopy_legacy/cm19NOV2015bhav.csv.zip,https://nsearchives.nseindia.com/content/historical/EQUITIES/2015/NOV/cm19NOV2015bhav.csv.zip,2015-11-19,065122a6739870e7d882f26e596e13f506025ac5457ec3597ecbb58bb2c18001,57520,historical NSE legacy equity bhavcopy,NSE download manifest
data/raw/bhavcopy_legacy/cm19NOV2018bhav.csv.zip,https://nsearchives.nseindia.com/content/historical/EQUITIES/2018/NOV/cm19NOV2018bhav.csv.zip,2018-11-19,af9dee2a8f5d6fc9d0a56e5146b8ad453ed2a8e5c021738dc3652163e7b72315,67739,historical NSE legacy equity bhavcopy,NSE download manifest
data/raw/bhavcopy_legacy/cm19NOV2019bhav.csv.zip,https://nsearchives.nseindia.com/content/historical/EQUITIES/2019/NOV/cm19NOV2019bhav.csv.zip,2019-11-19,0a256f488ad463b2128e1e2225c0be8740eae53c83f0d152bdf1500499c08e9b,68951,historical NSE legacy equity bhavcopy,NSE download manifest
data/raw/bhavcopy_legacy/cm19NOV2020bhav.csv.zip,https://nsearchives.nseindia.com/content/historical/EQUITIES/2020/NOV/cm19NOV2020bhav.csv.zip,2020-11-19,5a021e834a05026d530f800f71833e8c7102de6137a8d2d0b21a3c0eecdba8a2,73287,historical NSE legacy equity bhavcopy,NSE download manifest
data/raw/bhavcopy_legacy/cm19OCT2015bhav.csv.zip,https://nsearchives.nseindia.com/content/historical/EQUITIES/2015/OCT/cm19OCT2015bhav.csv.zip,2015-10-19,081721ad3810cf81fe02f466be5666b1194eb89d8ac52fb7cf70038c8277abc6,57671,historical NSE legacy equity bhavcopy,NSE download manifest
data/raw/bhavcopy_legacy/cm19OCT2016bhav.csv.zip,https://nsearchives.nseindia.com/content/historical/EQUITIES/2016/OCT/cm19OCT2016bhav.csv.zip,2016-10-19,847318403e283ec6500b59a94dfcf58447982ad5337be36e3e5f05fd6fa5bea5,63571,historical NSE legacy equity bhavcopy,NSE download manifest
data/raw/bhavcopy_legacy/cm19OCT2017bhav.csv.zip,https://nsearchives.nseindia.com/content/historical/EQUITIES/2017/OCT/cm19OCT2017bhav.csv.zip,2017-10-19,6d7e502b7abe4e3cb39d52eed41e14515bf7e09db28cf2774d6ffbdfca307d86,61712,historical NSE legacy equity bhavcopy,NSE download manifest
data/raw/bhavcopy_legacy/cm19OCT2018bhav.csv.zip,https://nsearchives.nseindia.com/content/historical/EQUITIES/2018/OCT/cm19OCT2018bhav.csv.zip,2018-10-19,7d20f7723c71ce496e8592737dfd36e1964b6a68213b55ea5b7abb635821bd29,68011,historical NSE legacy equity bhavcopy,NSE download manifest
data/raw/bhavcopy_legacy/cm19OCT2020bhav.csv.zip,https://nsearchives.nseindia.com/content/historical/EQUITIES/2020/OCT/cm19OCT2020bhav.csv.zip,2020-10-19,db726e1bcae997f9a8dd0be9bb8c9b93c94b1e9c037d4e89b3b1d611f5703287,71176,historical NSE legacy equity bhavcopy,NSE download manifest
data/raw/bhavcopy_legacy/cm19OCT2021bhav.csv.zip,https://nsearchives.nseindia.com/content/historical/EQUITIES/2021/OCT/cm19OCT2021bhav.csv.zip,2021-10-19,006ecf6c43db00d13480160110e78e1e103f971eac16525addbfad9393d78ba9,81047,historical NSE legacy equity bhavcopy,NSE download manifest
data/raw/bhavcopy_legacy/cm19OCT2022bhav.csv.zip,https://nsearchives.nseindia.com/content/historical/EQUITIES/2022/OCT/cm19OCT2022bhav.csv.zip,2022-10-19,a8ed73c37d1f9a004fb15b6315f52136b0e9f67289b26696315651378c404370,85312,historical NSE legacy equity bhavcopy,NSE download manifest
data/raw/bhavcopy_legacy/cm19OCT2023bhav.csv.zip,https://nsearchives.nseindia.com/content/historical/EQUITIES/2023/OCT/cm19OCT2023bhav.csv.zip,2023-10-19,db93b57e681dbb950579f3d1b41831c74deefa06ed5d7f2a34ddde0e5f96f012,94987,historical NSE legacy equity bhavcopy,NSE download manifest
data/raw/bhavcopy_legacy/cm19SEP2013bhav.csv.zip,https://nsearchives.nseindia.com/content/historical/EQUITIES/2013/SEP/cm19SEP2013bhav.csv.zip,2013-09-19,fbc2758f3566e33d3e035adbec950cb8684bf3d3e341310c8e918d6af1ee2a95,49899,historical NSE legacy equity bhavcopy,NSE download manifest
data/raw/bhavcopy_legacy/cm19SEP2014bhav.csv.zip,https://nsearchives.nseindia.com/content/historical/EQUITIES/2014/SEP/cm19SEP2014bhav.csv.zip,2014-09-19,60024fed82ae7a9436e7242b2dec1cca7292fd73fd5bef49d699b2f04fa9bd4d,58936,historical NSE legacy equity bhavcopy,NSE download manifest
data/raw/bhavcopy_legacy/cm19SEP2016bhav.csv.zip,https://nsearchives.nseindia.com/content/historical/EQUITIES/2016/SEP/cm19SEP2016bhav.csv.zip,2016-09-19,05a06253af4706f3b54f86a5c7f7703e5f0f46efec31b7c535963a537b2fbb04,62131,historical NSE legacy equity bhavcopy,NSE download manifest
data/raw/bhavcopy_legacy/cm19SEP2017bhav.csv.zip,https://nsearchives.nseindia.com/content/historical/EQUITIES/2017/SEP/cm19SEP2017bhav.csv.zip,2017-09-19,2e9d00bc65790409efe0a5689b9a7ea0522bb666a0e91b11132fb08aac9e2759,65589,historical NSE legacy equity bhavcopy,NSE download manifest
data/raw/bhavcopy_legacy/cm19SEP2018bhav.csv.zip,https://nsearchives.nseindia.com/content/historical/EQUITIES/2018/SEP/cm19SEP2018bhav.csv.zip,2018-09-19,3181c282e00541ec52bdfacabdba63a164a54b8c8209489cb962dbfda4ab6158,68914,historical NSE legacy equity bhavcopy,NSE download manifest
data/raw/bhavcopy_legacy/cm19SEP2019bhav.csv.zip,https://nsearchives.nseindia.com/content/historical/EQUITIES/2019/SEP/cm19SEP2019bhav.csv.zip,2019-09-19,4e6605bd0b1e8fba87e921e460dc1591fc135991d1e518b3feaf6e86e496fa77,67731,historical NSE legacy equity bhavcopy,NSE download manifest
data/raw/bhavcopy_legacy/cm19SEP2022bhav.csv.zip,https://nsearchives.nseindia.com/content/historical/EQUITIES/2022/SEP/cm19SEP2022bhav.csv.zip,2022-09-19,7595669266cc83077eb099b46406ad0e2f446ab14198276cea33b917cde6eecf,87053,historical NSE legacy equity bhavcopy,NSE download manifest
data/raw/bhavcopy_legacy/cm20APR2015bhav.csv.zip,https://nsearchives.nseindia.com/content/historical/EQUITIES/2015/APR/cm20APR2015bhav.csv.zip,2015-04-20,c79e8aad32231684f6cbc1f52521e598758662f2ee032d2328e49183f4c3512a,57110,historical NSE legacy equity bhavcopy,NSE download manifest
data/raw/bhavcopy_legacy/cm20APR2016bhav.csv.zip,https://nsearchives.nseindia.com/content/historical/EQUITIES/2016/APR/cm20APR2016bhav.csv.zip,2016-04-20,7e075c7dfd10cf9df26f4850f74df4d94e57e6db34b572c299348fd3cfc910f9,59889,historical NSE legacy equity bhavcopy,NSE download manifest
data/raw/bhavcopy_legacy/cm20APR2017bhav.csv.zip,https://nsearchives.nseindia.com/content/historical/EQUITIES/2017/APR/cm20APR2017bhav.csv.zip,2017-04-20,13a3a831301bafc84a94c3461b0440f842c9d58b486c04f2ad1b78f54a4862bc,64806,historical NSE legacy equity bhavcopy,NSE download manifest
data/raw/bhavcopy_legacy/cm20APR2018bhav.csv.zip,https://nsearchives.nseindia.com/content/historical/EQUITIES/2018/APR/cm20APR2018bhav.csv.zip,2018-04-20,3383b38e37a395f6b33fe70e1a91bbbc18ccd6feb76840af92f5c92e24bee7f8,68571,historical NSE legacy equity bhavcopy,NSE download manifest
data/raw/bhavcopy_legacy/cm20APR2020bhav.csv.zip,https://nsearchives.nseindia.com/content/historical/EQUITIES/2020/APR/cm20APR2020bhav.csv.zip,2020-04-20,5e35efd2d260f1390e911ee3ba9cc56970659c2c767b2f958e94034a0744741a,68974,historical NSE legacy equity bhavcopy,NSE download manifest
data/raw/bhavcopy_legacy/cm20APR2021bhav.csv.zip,https://nsearchives.nseindia.com/content/historical/EQUITIES/2021/APR/cm20APR2021bhav.csv.zip,2021-04-20,62d6629a3e4b0d0a9825fd1aa147362e6611f16c77328d03aad9b8f481b66c78,74371,historical NSE legacy equity bhavcopy,NSE download manifest
data/raw/bhavcopy_legacy/cm20APR2022bhav.csv.zip,https://nsearchives.nseindia.com/content/historical/EQUITIES/2022/APR/cm20APR2022bhav.csv.zip,2022-04-20,6c976aafbcca67fec7c9a9282927f6d806dbfe5d72be7d67ce46fcd28a0f2619,84627,historical NSE legacy equity bhavcopy,NSE download manifest
data/raw/bhavcopy_legacy/cm20APR2023bhav.csv.zip,https://nsearchives.nseindia.com/content/historical/EQUITIES/2023/APR/cm20APR2023bhav.csv.zip,2023-04-20,5d4537d7eb31109adbf651937f55ffc0de43471822c8e835bc55741504f45f91,88120,historical NSE legacy equity bhavcopy,NSE download manifest
data/raw/bhavcopy_legacy/cm20AUG2013bhav.csv.zip,https://nsearchives.nseindia.com/content/historical/EQUITIES/2013/AUG/cm20AUG2013bhav.csv.zip,2013-08-20,c5d480835f4d6605a1ec0aa3774f8e968bf6b1ec826324982885547e60ed6f8d,47726,historical NSE legacy equity bhavcopy,NSE download manifest
data/raw/bhavcopy_legacy/cm20AUG2014bhav.csv.zip,https://nsearchives.nseindia.com/content/historical/EQUITIES/2014/AUG/cm20AUG2014bhav.csv.zip,2014-08-20,ccb55b636d451c28c4b1182379f5f45dd44464ffc3275796e007e80f6bff0a02,57748,historical NSE legacy equity bhavcopy,NSE download manifest
data/raw/bhavcopy_legacy/cm20AUG2015bhav.csv.zip,https://nsearchives.nseindia.com/content/historical/EQUITIES/2015/AUG/cm20AUG2015bhav.csv.zip,2015-08-20,c11a9a235f5ea478f7c1eab545e3407a95c747b6491b305d25f6cb863942d8c9,57398,historical NSE legacy equity bhavcopy,NSE download manifest
data/raw/bhavcopy_legacy/cm20AUG2018bhav.csv.zip,https://nsearchives.nseindia.com/content/historical/EQUITIES/2018/AUG/cm20AUG2018bhav.csv.zip,2018-08-20,fc5549b4d2e616191ec51ab01aa2a5142235a050caf69c1095d79ffd8da2b71b,69284,historical NSE legacy equity bhavcopy,NSE download manifest
data/raw/bhavcopy_legacy/cm20AUG2019bhav.csv.zip,https://nsearchives.nseindia.com/content/historical/EQUITIES/2019/AUG/cm20AUG2019bhav.csv.zip,2019-08-20,1852efb02d1c2d770c54556d3a6215fe11e45089be55dc2810168033d6271d82,67671,historical NSE legacy equity bhavcopy,NSE download manifest
data/raw/bhavcopy_legacy/cm20AUG2020bhav.csv.zip,https://nsearchives.nseindia.com/content/historical/EQUITIES/2020/AUG/cm20AUG2020bhav.csv.zip,2020-08-20,85c7b8737da97719225bee8d8c9b0f48a834a657191b5c952d71300f27d150eb,71852,historical NSE legacy equity bhavcopy,NSE download manifest
data/raw/bhavcopy_legacy/cm20AUG2021bhav.csv.zip,https://nsearchives.nseindia.com/content/historical/EQUITIES/2021/AUG/cm20AUG2021bhav.csv.zip,2021-08-20,56d10fda6a3ae8558b0812bb97850e3aafae5483957718e12dc33522195187cb,77783,historical NSE legacy equity bhavcopy,NSE download manifest
data/raw/bhavcopy_legacy/cm20DEC2013bhav.csv.zip,https://nsearchives.nseindia.com/content/historical/EQUITIES/2013/DEC/cm20DEC2013bhav.csv.zip,2013-12-20,5b0210522a2f498b1dce2b0285de1ed731cbb3445dd40ed7e43b23b2c95bf2f6,49740,historical NSE legacy equity bhavcopy,NSE download manifest
data/raw/bhavcopy_legacy/cm20DEC2016bhav.csv.zip,https://nsearchives.nseindia.com/content/historical/EQUITIES/2016/DEC/cm20DEC2016bhav.csv.zip,2016-12-20,a421553dd7a165c361fba75063cf5b4024f0ac71e535b5e7d1724276be2b591a,61137,historical NSE legacy equity bhavcopy,NSE download manifest
data/raw/bhavcopy_legacy/cm20DEC2017bhav.csv.zip,https://nsearchives.nseindia.com/content/historical/EQUITIES/2017/DEC/cm20DEC2017bhav.csv.zip,2017-12-20,c3a5350ba031240b1b504b9ac542b85ac43f39eec8ee47705dfc05e861205192,68103,historical NSE legacy equity bhavcopy,NSE download manifest
data/raw/bhavcopy_legacy/cm20DEC2018bhav.csv.zip,https://nsearchives.nseindia.com/content/historical/EQUITIES/2018/DEC/cm20DEC2018bhav.csv.zip,2018-12-20,76008afff8f80a0fd3f24cf81c64c0d3ce3608318247a73a9c8439c3e30ad928,67904,historical NSE legacy equity bhavcopy,NSE download manifest
data/raw/bhavcopy_legacy/cm20DEC2019bhav.csv.zip,https://nsearchives.nseindia.com/content/historical/EQUITIES/2019/DEC/cm20DEC2019bhav.csv.zip,2019-12-20,054b752c92600c727dc7f44c6f8e0b24fe5910a25e1c566736282bd8ceacae9c,69095,historical NSE legacy equity bhavcopy,NSE download manifest
data/raw/bhavcopy_legacy/cm20DEC2021bhav.csv.zip,https://nsearchives.nseindia.com/content/historical/EQUITIES/2021/DEC/cm20DEC2021bhav.csv.zip,2021-12-20,1275250f962271ba882460d5a587bb8e67a5b61e392a7a87e9bcfee8b3802086,81860,historical NSE legacy equity bhavcopy,NSE download manifest
data/raw/bhavcopy_legacy/cm20DEC2022bhav.csv.zip,https://nsearchives.nseindia.com/content/historical/EQUITIES/2022/DEC/cm20DEC2022bhav.csv.zip,2022-12-20,c854e8e4241c33b5e6e89f4e418d1ce3dfd0499e18d0257f0eb1c76a923c50da,88108,historical NSE legacy equity bhavcopy,NSE download manifest
data/raw/bhavcopy_legacy/cm20DEC2023bhav.csv.zip,https://nsearchives.nseindia.com/content/historical/EQUITIES/2023/DEC/cm20DEC2023bhav.csv.zip,2023-12-20,bba843bad431477272fba87af092ba6fcfe46d2359d8367f6a20ee49a47888fc,99449,historical NSE legacy equity bhavcopy,NSE download manifest
data/raw/bhavcopy_legacy/cm20FEB2013bhav.csv.zip,https://nsearchives.nseindia.com/content/historical/EQUITIES/2013/FEB/cm20FEB2013bhav.csv.zip,2013-02-20,f4e2a52c25ab05d995fe118bf3fbd5ae18e55e357f296b642540aabf89a3fcd5,54679,historical NSE legacy equity bhavcopy,NSE download manifest
data/raw/bhavcopy_legacy/cm20FEB2014bhav.csv.zip,https://nsearchives.nseindia.com/content/historical/EQUITIES/2014/FEB/cm20FEB2014bhav.csv.zip,2014-02-20,0bd3da3a5a5ed0870db413f999372738d0f8880ef38e0c614fd0fc675f79b8ef,51572,historical NSE legacy equity bhavcopy,NSE download manifest
data/raw/bhavcopy_legacy/cm20FEB2015bhav.csv.zip,https://nsearchives.nseindia.com/content/historical/EQUITIES/2015/FEB/cm20FEB2015bhav.csv.zip,2015-02-20,f0026c4971004f10a55ccf167764fc2aa43d79a77ab60ee86ad69071cafdd57d,57165,historical NSE legacy equity bhavcopy,NSE download manifest
data/raw/bhavcopy_legacy/cm20FEB2017bhav.csv.zip,https://nsearchives.nseindia.com/content/historical/EQUITIES/2017/FEB/cm20FEB2017bhav.csv.zip,2017-02-20,2728c66affb0839d50fd9204a8324bce24fdbb1cf6f7246ee4cb899930b78950,63349,historical NSE legacy equity bhavcopy,NSE download manifest
data/raw/bhavcopy_legacy/cm20FEB2018bhav.csv.zip,https://nsearchives.nseindia.com/content/historical/EQUITIES/2018/FEB/cm20FEB2018bhav.csv.zip,2018-02-20,963eaad2d836c0901cc123c0ebafb4c32b49c1c7ff75f195fba241746de73d99,67410,historical NSE legacy equity bhavcopy,NSE download manifest
data/raw/bhavcopy_legacy/cm20FEB2019bhav.csv.zip,https://nsearchives.nseindia.com/content/historical/EQUITIES/2019/FEB/cm20FEB2019bhav.csv.zip,2019-02-20,f2c73215636a79a9d9adfef08a33e0ed819ff19a6fc9b321bcc2e5ec55ba6488,67548,historical NSE legacy equity bhavcopy,NSE download manifest
data/raw/bhavcopy_legacy/cm20FEB2020bhav.csv.zip,https://nsearchives.nseindia.com/content/historical/EQUITIES/2020/FEB/cm20FEB2020bhav.csv.zip,2020-02-20,a97fa664c04ab17c58bc0341b0b677c37b43e1bb4272e4a8e4bd37a074faf929,70275,historical NSE legacy equity bhavcopy,NSE download manifest
data/raw/bhavcopy_legacy/cm20FEB2023bhav.csv.zip,https://nsearchives.nseindia.com/content/historical/EQUITIES/2023/FEB/cm20FEB2023bhav.csv.zip,2023-02-20,146d80fc9c7801fccc22e05b0f0695edda6fce90100724a5943497e9036af592,88176,historical NSE legacy equity bhavcopy,NSE download manifest
data/raw/bhavcopy_legacy/cm20FEB2024bhav.csv.zip,https://nsearchives.nseindia.com/content/historical/EQUITIES/2024/FEB/cm20FEB2024bhav.csv.zip,2024-02-20,88b1d1ccfa913d91b6f7b6f5abd824a466a76e6941031cc4c293f9e3cae15cff,100546,historical NSE legacy equity bhavcopy,NSE download manifest
data/raw/bhavcopy_legacy/cm20JAN2014bhav.csv.zip,https://nsearchives.nseindia.com/content/historical/EQUITIES/2014/JAN/cm20JAN2014bhav.csv.zip,2014-01-20,6c09d10c0315366daf6a356b90d3a5f2f86202c55b175534bc261c4dd9fc7700,52662,historical NSE legacy equity bhavcopy,NSE download manifest
data/raw/bhavcopy_legacy/cm20JAN2015bhav.csv.zip,https://nsearchives.nseindia.com/content/historical/EQUITIES/2015/JAN/cm20JAN2015bhav.csv.zip,2015-01-20,0afd37eadc847a0f15ed5c5960387b7e89df2d50c9e0fdf8b8486e3d3bddebc5,58719,historical NSE legacy equity bhavcopy,NSE download manifest
data/raw/bhavcopy_legacy/cm20JAN2016bhav.csv.zip,https://nsearchives.nseindia.com/content/historical/EQUITIES/2016/JAN/cm20JAN2016bhav.csv.zip,2016-01-20,6d1a931076e21118e54d1b4f17310b2642fbe6aaf459c0fc2834fb2b853e1335,58341,historical NSE legacy equity bhavcopy,NSE download manifest
data/raw/bhavcopy_legacy/cm20JAN2017bhav.csv.zip,https://nsearchives.nseindia.com/content/historical/EQUITIES/2017/JAN/cm20JAN2017bhav.csv.zip,2017-01-20,a74bacf4092d897de6e1e01e29f4e81592eb1a41753ba64f3a167c39e6be5475,62627,historical NSE legacy equity bhavcopy,NSE download manifest
data/raw/bhavcopy_legacy/cm20JAN2020bhav.csv.zip,https://nsearchives.nseindia.com/content/historical/EQUITIES/2020/JAN/cm20JAN2020bhav.csv.zip,2020-01-20,ac5e884f69aa32d5df46fd7cc3d699ddf854986857faf6cbb3fd44e533622b7e,70223,historical NSE legacy equity bhavcopy,NSE download manifest
data/raw/bhavcopy_legacy/cm20JAN2021bhav.csv.zip,https://nsearchives.nseindia.com/content/historical/EQUITIES/2021/JAN/cm20JAN2021bhav.csv.zip,2021-01-20,c260089eb14afeb2a860903f4a4cb94ccd69217203f04cf834ad7294f2417875,74237,historical NSE legacy equity bhavcopy,NSE download manifest
data/raw/bhavcopy_legacy/cm20JAN2022bhav.csv.zip,https://nsearchives.nseindia.com/content/historical/EQUITIES/2022/JAN/cm20JAN2022bhav.csv.zip,2022-01-20,759d9e7246e8173e7c2fa1c95b1986ee4d9bfa119b6e4f0bfeb96c11d33120cb,82118,historical NSE legacy equity bhavcopy,NSE download manifest
data/raw/bhavcopy_legacy/cm20JAN2023bhav.csv.zip,https://nsearchives.nseindia.com/content/historical/EQUITIES/2023/JAN/cm20JAN2023bhav.csv.zip,2023-01-20,97a5127a56180c5a16ed11f530be3fd2ca9ab79edafcb23d18fff2a357e3577a,87803,historical NSE legacy equity bhavcopy,NSE download manifest
data/raw/bhavcopy_legacy/cm20JAN2024bhav.csv.zip,https://nsearchives.nseindia.com/content/historical/EQUITIES/2024/JAN/cm20JAN2024bhav.csv.zip,2024-01-20,6ad700407b7d962b8613bcdf59e578e31d716ecdcf400b884bd2cdbcdedfa0f9,97838,historical NSE legacy equity bhavcopy,NSE official URL reconstructed from special-session downloader filename rule
data/raw/bhavcopy_legacy/cm20JUL2015bhav.csv.zip,https://nsearchives.nseindia.com/content/historical/EQUITIES/2015/JUL/cm20JUL2015bhav.csv.zip,2015-07-20,5011dc064ddb12e79b8dc852ba25bb1df967fe2edfad30c49c750918fecd8530,57383,historical NSE legacy equity bhavcopy,NSE download manifest
data/raw/bhavcopy_legacy/cm20JUL2016bhav.csv.zip,https://nsearchives.nseindia.com/content/historical/EQUITIES/2016/JUL/cm20JUL2016bhav.csv.zip,2016-07-20,4534069f60e522b6e064a461413b8f3b62290619075dab06b9ab6a061c40b58a,61148,historical NSE legacy equity bhavcopy,NSE download manifest
data/raw/bhavcopy_legacy/cm20JUL2017bhav.csv.zip,https://nsearchives.nseindia.com/content/historical/EQUITIES/2017/JUL/cm20JUL2017bhav.csv.zip,2017-07-20,da9aa766c4acc99a963a36a39f79dc8521730d6c0605b13d8a2ec46c9ce945d8,64951,historical NSE legacy equity bhavcopy,NSE download manifest
data/raw/bhavcopy_legacy/cm20JUL2018bhav.csv.zip,https://nsearchives.nseindia.com/content/historical/EQUITIES/2018/JUL/cm20JUL2018bhav.csv.zip,2018-07-20,080a4593a9d4865e8ef26f4bd6859ce951b91546bfa9a3b45752d02ec9e11b8d,67359,historical NSE legacy equity bhavcopy,NSE download manifest
data/raw/bhavcopy_legacy/cm20JUL2020bhav.csv.zip,https://nsearchives.nseindia.com/content/historical/EQUITIES/2020/JUL/cm20JUL2020bhav.csv.zip,2020-07-20,ba2e82106164fb53e0a6a2dc0fe0ccf7072f2a4f422edd6471c050a62129b618,71489,historical NSE legacy equity bhavcopy,NSE download manifest
data/raw/bhavcopy_legacy/cm20JUL2021bhav.csv.zip,https://nsearchives.nseindia.com/content/historical/EQUITIES/2021/JUL/cm20JUL2021bhav.csv.zip,2021-07-20,3c042023e2279e5161cf03a0708772fe940376fbb5d313abe1730267339d2ccc,78127,historical NSE legacy equity bhavcopy,NSE download manifest
data/raw/bhavcopy_legacy/cm20JUL2022bhav.csv.zip,https://nsearchives.nseindia.com/content/historical/EQUITIES/2022/JUL/cm20JUL2022bhav.csv.zip,2022-07-20,7765969c84ea3dcf8578473a940a170cbb7c9c07b5b8edea7954e44e7fdc7ca4,83545,historical NSE legacy equity bhavcopy,NSE download manifest
data/raw/bhavcopy_legacy/cm20JUL2023bhav.csv.zip,https://nsearchives.nseindia.com/content/historical/EQUITIES/2023/JUL/cm20JUL2023bhav.csv.zip,2023-07-20,17599cfb64e33f60c53feb58055caf9406aaf2cc8c71d2298a9f3e871692969b,90578,historical NSE legacy equity bhavcopy,NSE download manifest
data/raw/bhavcopy_legacy/cm20JUN2013bhav.csv.zip,https://nsearchives.nseindia.com/content/historical/EQUITIES/2013/JUN/cm20JUN2013bhav.csv.zip,2013-06-20,666ebc7c3d3663a651e032428f5a922db1d7257dc2cb6f9f0704a1447a4805c3,49695,historical NSE legacy equity bhavcopy,NSE download manifest
data/raw/bhavcopy_legacy/cm20JUN2014bhav.csv.zip,https://nsearchives.nseindia.com/content/historical/EQUITIES/2014/JUN/cm20JUN2014bhav.csv.zip,2014-06-20,16d6d0a129dbd99760eefaedeb45ce2e61c7ed1f06041cb03d87390c3ad56c4e,57218,historical NSE legacy equity bhavcopy,NSE download manifest
data/raw/bhavcopy_legacy/cm20JUN2016bhav.csv.zip,https://nsearchives.nseindia.com/content/historical/EQUITIES/2016/JUN/cm20JUN2016bhav.csv.zip,2016-06-20,89263f1b6d59370eb6fd579c70435df52819f1139461501b6b739a1bf7260127,59653,historical NSE legacy equity bhavcopy,NSE download manifest
data/raw/bhavcopy_legacy/cm20JUN2017bhav.csv.zip,https://nsearchives.nseindia.com/content/historical/EQUITIES/2017/JUN/cm20JUN2017bhav.csv.zip,2017-06-20,39a40a47844bccd53524cc4f99250ce512abb6d38956293c56904d88aef54af2,64703,historical NSE legacy equity bhavcopy,NSE download manifest
data/raw/bhavcopy_legacy/cm20JUN2018bhav.csv.zip,https://nsearchives.nseindia.com/content/historical/EQUITIES/2018/JUN/cm20JUN2018bhav.csv.zip,2018-06-20,c9078ab35e90d81ec3584c17046a3a7a7a7e596189c125d3c8444eeb5697ae02,67659,historical NSE legacy equity bhavcopy,NSE download manifest
data/raw/bhavcopy_legacy/cm20JUN2019bhav.csv.zip,https://nsearchives.nseindia.com/content/historical/EQUITIES/2019/JUN/cm20JUN2019bhav.csv.zip,2019-06-20,8b9931e5f32353b2b8e5b2c79a08a8e1ded536e4d271446c3aa9c963a1f7251b,68527,historical NSE legacy equity bhavcopy,NSE download manifest
data/raw/bhavcopy_legacy/cm20JUN2022bhav.csv.zip,https://nsearchives.nseindia.com/content/historical/EQUITIES/2022/JUN/cm20JUN2022bhav.csv.zip,2022-06-20,5ccd08ef9cc575597017758f923fca96ab6835c17ee5cf1e4024d4a75daa7317,83892,historical NSE legacy equity bhavcopy,NSE download manifest
data/raw/bhavcopy_legacy/cm20JUN2023bhav.csv.zip,https://nsearchives.nseindia.com/content/historical/EQUITIES/2023/JUN/cm20JUN2023bhav.csv.zip,2023-06-20,0a96c3ae51a8af8454d35a0fec0b9e79b0490d69d4d5a3c637b34aa14056e959,91340,historical NSE legacy equity bhavcopy,NSE download manifest
data/raw/bhavcopy_legacy/cm20JUN2024bhav.csv.zip,https://nsearchives.nseindia.com/content/historical/EQUITIES/2024/JUN/cm20JUN2024bhav.csv.zip,2024-06-20,6f71935fcb44fa300413aa44ea7d0ea150140eb22377c9e99ff89b7cfdbd102d,108657,historical NSE legacy equity bhavcopy,NSE download manifest
data/raw/bhavcopy_legacy/cm20MAR2013bhav.csv.zip,https://nsearchives.nseindia.com/content/historical/EQUITIES/2013/MAR/cm20MAR2013bhav.csv.zip,2013-03-20,cbea99d32e3d9445c2969e743b51c6d96139714c3d3ed6b8470363f09ff6a76a,54684,historical NSE legacy equity bhavcopy,NSE download manifest
data/raw/bhavcopy_legacy/cm20MAR2014bhav.csv.zip,https://nsearchives.nseindia.com/content/historical/EQUITIES/2014/MAR/cm20MAR2014bhav.csv.zip,2014-03-20,4e05db6ad67f8cb92ddbfdbd30f9ee6261bd93c9c3275b69ad716c70c040774c,54197,historical NSE legacy equity bhavcopy,NSE download manifest
data/raw/bhavcopy_legacy/cm20MAR2015bhav.csv.zip,https://nsearchives.nseindia.com/content/historical/EQUITIES/2015/MAR/cm20MAR2015bhav.csv.zip,2015-03-20,d876d3d801afc7c3c315d319f9e96c55f64ab4dfc32074377ca9f2c0a6554271,57454,historical NSE legacy equity bhavcopy,NSE download manifest
data/raw/bhavcopy_legacy/cm20MAR2017bhav.csv.zip,https://nsearchives.nseindia.com/content/historical/EQUITIES/2017/MAR/cm20MAR2017bhav.csv.zip,2017-03-20,e0fb9a195c293a480b440514c51e0d87c47cb703d1e1936d51fa58f7c4e49c5c,64400,historical NSE legacy equity bhavcopy,NSE download manifest
data/raw/bhavcopy_legacy/cm20MAR2018bhav.csv.zip,https://nsearchives.nseindia.com/content/historical/EQUITIES/2018/MAR/cm20MAR2018bhav.csv.zip,2018-03-20,3c03bf9f69d9fd03f4ec8a427804fa4327d50ad737637fc42a99227949c5e0d1,68502,historical NSE legacy equity bhavcopy,NSE download manifest
data/raw/bhavcopy_legacy/cm20MAR2019bhav.csv.zip,https://nsearchives.nseindia.com/content/historical/EQUITIES/2019/MAR/cm20MAR2019bhav.csv.zip,2019-03-20,fdb6a8d229bd2913e6a6c2ab38ca2d50c80b6c9b8a85a3fdc42824c8ef7ce52c,69379,historical NSE legacy equity bhavcopy,NSE download manifest
data/raw/bhavcopy_legacy/cm20MAR2020bhav.csv.zip,https://nsearchives.nseindia.com/content/historical/EQUITIES/2020/MAR/cm20MAR2020bhav.csv.zip,2020-03-20,a57e2f64fce2422720800b1c058c8c452df9b7e0870cdc91428472b39e899128,69631,historical NSE legacy equity bhavcopy,NSE download manifest
data/raw/bhavcopy_legacy/cm20MAR2023bhav.csv.zip,https://nsearchives.nseindia.com/content/historical/EQUITIES/2023/MAR/cm20MAR2023bhav.csv.zip,2023-03-20,0100fe3a5eac1e53d3fe344628ca7679be2a455428148b44241af3d9487ccb5f,89235,historical NSE legacy equity bhavcopy,NSE download manifest
data/raw/bhavcopy_legacy/cm20MAR2024bhav.csv.zip,https://nsearchives.nseindia.com/content/historical/EQUITIES/2024/MAR/cm20MAR2024bhav.csv.zip,2024-03-20,6cc1818fb082284f572a969cfb208778594976fba0b7e4ff023e16ed01edd375,101351,historical NSE legacy equity bhavcopy,NSE download manifest
data/raw/bhavcopy_legacy/cm20MAY2013bhav.csv.zip,https://nsearchives.nseindia.com/content/historical/EQUITIES/2013/MAY/cm20MAY2013bhav.csv.zip,2013-05-20,553422c03bcd7d0581ceda49f3fc5b8560d782969fafd519c3c3a2d5e42f9117,51269,historical NSE legacy equity bhavcopy,NSE download manifest
data/raw/bhavcopy_legacy/cm20MAY2014bhav.csv.zip,https://nsearchives.nseindia.com/content/historical/EQUITIES/2014/MAY/cm20MAY2014bhav.csv.zip,2014-05-20,7e956e844c9a0b8bb3c4a0d2cf7792c583dacadb6850a363ad51eaf1673063fb,57382,historical NSE legacy equity bhavcopy,NSE download manifest
data/raw/bhavcopy_legacy/cm20MAY2015bhav.csv.zip,https://nsearchives.nseindia.com/content/historical/EQUITIES/2015/MAY/cm20MAY2015bhav.csv.zip,2015-05-20,af8368bae4fa8820a5f09f57330737d63ec0659fccc858018b209395fb895ba0,56580,historical NSE legacy equity bhavcopy,NSE download manifest
data/raw/bhavcopy_legacy/cm20MAY2016bhav.csv.zip,https://nsearchives.nseindia.com/content/historical/EQUITIES/2016/MAY/cm20MAY2016bhav.csv.zip,2016-05-20,2f1b606813dd0ad8381403f476be90d57388a9257ed7462b1480bc9fd552c46d,58660,historical NSE legacy equity bhavcopy,NSE download manifest
data/raw/bhavcopy_legacy/cm20MAY2019bhav.csv.zip,https://nsearchives.nseindia.com/content/historical/EQUITIES/2019/MAY/cm20MAY2019bhav.csv.zip,2019-05-20,87d3dce8179051b5c7a8d10751b18e2c23c673056e436d1f5ab9a0c35f8a78bb,69261,historical NSE legacy equity bhavcopy,NSE download manifest
data/raw/bhavcopy_legacy/cm20MAY2020bhav.csv.zip,https://nsearchives.nseindia.com/content/historical/EQUITIES/2020/MAY/cm20MAY2020bhav.csv.zip,2020-05-20,948d768e8a46f5029d2a27eaee9bb2fe447c79cb6c92743a472d322374fb3742,66492,historical NSE legacy equity bhavcopy,NSE download manifest
data/raw/bhavcopy_legacy/cm20MAY2021bhav.csv.zip,https://nsearchives.nseindia.com/content/historical/EQUITIES/2021/MAY/cm20MAY2021bhav.csv.zip,2021-05-20,683dc6aa9ca7bb29646e0e5d195b9b1d8dfc788fb6b413f534a432a3bb3d1642,75948,historical NSE legacy equity bhavcopy,NSE download manifest
data/raw/bhavcopy_legacy/cm20MAY2022bhav.csv.zip,https://nsearchives.nseindia.com/content/historical/EQUITIES/2022/MAY/cm20MAY2022bhav.csv.zip,2022-05-20,3681e3f7c363985ed335eac3ebaf7af892fb57b42a9ec08c9358e60a9727f349,82469,historical NSE legacy equity bhavcopy,NSE download manifest
data/raw/bhavcopy_legacy/cm20NOV2013bhav.csv.zip,https://nsearchives.nseindia.com/content/historical/EQUITIES/2013/NOV/cm20NOV2013bhav.csv.zip,2013-11-20,c1e5b7574d7f2eb6f0c9acf7508c775412b8cc179b1d6523d37f02cd937a2bdd,50422,historical NSE legacy equity bhavcopy,NSE download manifest
data/raw/bhavcopy_legacy/cm20NOV2014bhav.csv.zip,https://nsearchives.nseindia.com/content/historical/EQUITIES/2014/NOV/cm20NOV2014bhav.csv.zip,2014-11-20,9eae29c950fe5c173eb79cf75858bd9ebefe2bec0f0aa54ba1621794fba62f47,58271,historical NSE legacy equity bhavcopy,NSE download manifest
data/raw/bhavcopy_legacy/cm20NOV2015bhav.csv.zip,https://nsearchives.nseindia.com/content/historical/EQUITIES/2015/NOV/cm20NOV2015bhav.csv.zip,2015-11-20,a25b6b5bda3779aadf43879ea2349088b7e797c99de282396308bc6f85286c8c,57822,historical NSE legacy equity bhavcopy,NSE download manifest
data/raw/bhavcopy_legacy/cm20NOV2017bhav.csv.zip,https://nsearchives.nseindia.com/content/historical/EQUITIES/2017/NOV/cm20NOV2017bhav.csv.zip,2017-11-20,272fba51dd2a7d9fb4bf378951a1b8e95bae0f3160da5fcf9ea7b4442bc49d30,67464,historical NSE legacy equity bhavcopy,NSE download manifest
data/raw/bhavcopy_legacy/cm20NOV2018bhav.csv.zip,https://nsearchives.nseindia.com/content/historical/EQUITIES/2018/NOV/cm20NOV2018bhav.csv.zip,2018-11-20,bd49e2fa46ad8a1aa9a15c15f220b3d386b539713d14287a23d39cee4f9e4c9c,67478,historical NSE legacy equity bhavcopy,NSE download manifest
data/raw/bhavcopy_legacy/cm20NOV2019bhav.csv.zip,https://nsearchives.nseindia.com/content/historical/EQUITIES/2019/NOV/cm20NOV2019bhav.csv.zip,2019-11-20,92c5d18b0144edbfa0220bd3d4cf523ddd65927b48f5f1c99ba9f34b5a8720d6,69233,historical NSE legacy equity bhavcopy,NSE download manifest
data/raw/bhavcopy_legacy/cm20NOV2020bhav.csv.zip,https://nsearchives.nseindia.com/content/historical/EQUITIES/2020/NOV/cm20NOV2020bhav.csv.zip,2020-11-20,57f8b031f3fb7ca473d0594d029c2b84474b7dcf39a75d4e00e01dc52b90c930,72586,historical NSE legacy equity bhavcopy,NSE download manifest
data/raw/bhavcopy_legacy/cm20NOV2023bhav.csv.zip,https://nsearchives.nseindia.com/content/historical/EQUITIES/2023/NOV/cm20NOV2023bhav.csv.zip,2023-11-20,bc3ca0464afb0e9f2b9b318887aafaecac08aa5a11d9376243d2092e0cdcdd73,98919,historical NSE legacy equity bhavcopy,NSE download manifest
data/raw/bhavcopy_legacy/cm20OCT2014bhav.csv.zip,https://nsearchives.nseindia.com/content/historical/EQUITIES/2014/OCT/cm20OCT2014bhav.csv.zip,2014-10-20,4645980911f1b9062a90092793b39aa49b9bc8b6333879e4346b48d00db69fa1,57064,historical NSE legacy equity bhavcopy,NSE download manifest
data/raw/bhavcopy_legacy/cm20OCT2015bhav.csv.zip,https://nsearchives.nseindia.com/content/historical/EQUITIES/2015/OCT/cm20OCT2015bhav.csv.zip,2015-10-20,1a77c8ab85f5002e8791935114238ca3a0c667a0fd6460b9925fe9df581f725e,58579,historical NSE legacy equity bhavcopy,NSE download manifest
data/raw/bhavcopy_legacy/cm20OCT2016bhav.csv.zip,https://nsearchives.nseindia.com/content/historical/EQUITIES/2016/OCT/cm20OCT2016bhav.csv.zip,2016-10-20,f69a4232686385f4178a9aa92c661447ad0a94daf0d5a8474cc751420fcbb3c5,63614,historical NSE legacy equity bhavcopy,NSE download manifest
data/raw/bhavcopy_legacy/cm20OCT2020bhav.csv.zip,https://nsearchives.nseindia.com/content/historical/EQUITIES/2020/OCT/cm20OCT2020bhav.csv.zip,2020-10-20,58ac8a315171b97681e86ad6d2cc22882021c6f61eb9f9eb882dcdbd0f39fd92,71287,historical NSE legacy equity bhavcopy,NSE download manifest
data/raw/bhavcopy_legacy/cm20OCT2021bhav.csv.zip,https://nsearchives.nseindia.com/content/historical/EQUITIES/2021/OCT/cm20OCT2021bhav.csv.zip,2021-10-20,4d75cc649e48f45f11ea99d7e3312c0fbd84540894dc43786d1f738a18f36e4d,79918,historical NSE legacy equity bhavcopy,NSE download manifest
data/raw/bhavcopy_legacy/cm20OCT2022bhav.csv.zip,https://nsearchives.nseindia.com/content/historical/EQUITIES/2022/OCT/cm20OCT2022bhav.csv.zip,2022-10-20,7f32c003378b1642f32b08797d5cef76e7f88825ff5056f547e47ee324ed093b,84845,historical NSE legacy equity bhavcopy,NSE download manifest
data/raw/bhavcopy_legacy/cm20OCT2023bhav.csv.zip,https://nsearchives.nseindia.com/content/historical/EQUITIES/2023/OCT/cm20OCT2023bhav.csv.zip,2023-10-20,ef7e321783a97fe9149d528ce832b4312ff325b55b5a3f0e8434d39229d29b4f,95448,historical NSE legacy equity bhavcopy,NSE download manifest
data/raw/bhavcopy_legacy/cm20SEP2013bhav.csv.zip,https://nsearchives.nseindia.com/content/historical/EQUITIES/2013/SEP/cm20SEP2013bhav.csv.zip,2013-09-20,01225beaabb646361cd52c3be380ee56b287b39f3074e0127b86ac6e72678ffc,48956,historical NSE legacy equity bhavcopy,NSE download manifest
data/raw/bhavcopy_legacy/cm20SEP2016bhav.csv.zip,https://nsearchives.nseindia.com/content/historical/EQUITIES/2016/SEP/cm20SEP2016bhav.csv.zip,2016-09-20,df964ffc21ee8f41b5fca7e8f608d9d95a33779b18c06393bcce0a62a84a21f7,61993,historical NSE legacy equity bhavcopy,NSE download manifest
data/raw/bhavcopy_legacy/cm20SEP2017bhav.csv.zip,https://nsearchives.nseindia.com/content/historical/EQUITIES/2017/SEP/cm20SEP2017bhav.csv.zip,2017-09-20,bbc3ae96126b06e5b962453c212894852e64e7aed5c781ee1e634d973424e038,65426,historical NSE legacy equity bhavcopy,NSE download manifest
data/raw/bhavcopy_legacy/cm20SEP2019bhav.csv.zip,https://nsearchives.nseindia.com/content/historical/EQUITIES/2019/SEP/cm20SEP2019bhav.csv.zip,2019-09-20,92d623994b90181c3a47427a491542bfc21d1a8b28b19461bdfc46e4625d880f,70934,historical NSE legacy equity bhavcopy,NSE download manifest
data/raw/bhavcopy_legacy/cm20SEP2021bhav.csv.zip,https://nsearchives.nseindia.com/content/historical/EQUITIES/2021/SEP/cm20SEP2021bhav.csv.zip,2021-09-20,0b342b2ca4799e87822c9459fe32a141b2128bee42682563ba04e84aef167ab2,80023,historical NSE legacy equity bhavcopy,NSE download manifest
data/raw/bhavcopy_legacy/cm20SEP2022bhav.csv.zip,https://nsearchives.nseindia.com/content/historical/EQUITIES/2022/SEP/cm20SEP2022bhav.csv.zip,2022-09-20,f8e6ec9bc37a748d1792dc17e3511b07ec50c2e9e5b3191158ee56c51d610fab,85807,historical NSE legacy equity bhavcopy,NSE download manifest
data/raw/bhavcopy_legacy/cm20SEP2023bhav.csv.zip,https://nsearchives.nseindia.com/content/historical/EQUITIES/2023/SEP/cm20SEP2023bhav.csv.zip,2023-09-20,775ba805dcb9b215ab11e59b5d0c62568dbcdaba8378545280dec98243811903,94062,historical NSE legacy equity bhavcopy,NSE download manifest
data/raw/bhavcopy_legacy/cm21APR2014bhav.csv.zip,https://nsearchives.nseindia.com/content/historical/EQUITIES/2014/APR/cm21APR2014bhav.csv.zip,2014-04-21,4e41519189a8008c0c5b8e82a98e4c44bb7540584c64ca76de1bfeff3f4037b9,55104,historical NSE legacy equity bhavcopy,NSE download manifest
data/raw/bhavcopy_legacy/cm21APR2015bhav.csv.zip,https://nsearchives.nseindia.com/content/historical/EQUITIES/2015/APR/cm21APR2015bhav.csv.zip,2015-04-21,43e8489fe3ddf14e6acc8d61f7fd54d8edc2ce252fc9df3c47e370a51b57d3a3,55484,historical NSE legacy equity bhavcopy,NSE download manifest
data/raw/bhavcopy_legacy/cm21APR2016bhav.csv.zip,https://nsearchives.nseindia.com/content/historical/EQUITIES/2016/APR/cm21APR2016bhav.csv.zip,2016-04-21,af1d14beababd495909f9482f8b2271fb8ba7a6075f64ec44824a4f4cc00b819,59462,historical NSE legacy equity bhavcopy,NSE download manifest
data/raw/bhavcopy_legacy/cm21APR2017bhav.csv.zip,https://nsearchives.nseindia.com/content/historical/EQUITIES/2017/APR/cm21APR2017bhav.csv.zip,2017-04-21,bc806a965673d421634d3fdc5e868c4cc30aab6495e9583e4d8ee94c347c55de,65748,historical NSE legacy equity bhavcopy,NSE download manifest
data/raw/bhavcopy_legacy/cm21APR2020bhav.csv.zip,https://nsearchives.nseindia.com/content/historical/EQUITIES/2020/APR/cm21APR2020bhav.csv.zip,2020-04-21,1b96dbb64c107ee2c58227f3d9335ebbc60f872bac20ee5e381ac4c3c0bc22e1,67783,historical NSE legacy equity bhavcopy,NSE download manifest
data/raw/bhavcopy_legacy/cm21APR2022bhav.csv.zip,https://nsearchives.nseindia.com/content/historical/EQUITIES/2022/APR/cm21APR2022bhav.csv.zip,2022-04-21,8bf7fff960a9e73140de3c189d801685e3849bd8af0323c134311c103f0fadec,83328,historical NSE legacy equity bhavcopy,NSE download manifest
data/raw/bhavcopy_legacy/cm21APR2023bhav.csv.zip,https://nsearchives.nseindia.com/content/historical/EQUITIES/2023/APR/cm21APR2023bhav.csv.zip,2023-04-21,7c7d3127e1cac79b8db0a50d9b2c87af6ac75d1b6e456f6c4c2c48833fe99075,88479,historical NSE legacy equity bhavcopy,NSE download manifest
data/raw/bhavcopy_legacy/cm21AUG2013bhav.csv.zip,https://nsearchives.nseindia.com/content/historical/EQUITIES/2013/AUG/cm21AUG2013bhav.csv.zip,2013-08-21,f4e3db580041249ae9974c82b873a59128e4f25e68082d9776811459783c58dd,47229,historical NSE legacy equity bhavcopy,NSE download manifest
data/raw/bhavcopy_legacy/cm21AUG2014bhav.csv.zip,https://nsearchives.nseindia.com/content/historical/EQUITIES/2014/AUG/cm21AUG2014bhav.csv.zip,2014-08-21,61f8c35bcba5dbb075595d09e58a620a8a19470eaf1907ba89b5798ae2ab29bd,57535,historical NSE legacy equity bhavcopy,NSE download manifest
data/raw/bhavcopy_legacy/cm21AUG2015bhav.csv.zip,https://nsearchives.nseindia.com/content/historical/EQUITIES/2015/AUG/cm21AUG2015bhav.csv.zip,2015-08-21,8fe5e3e2fa46ed5525ed2ba6f266de2f166370ad5df3e1cab15bd352bf3e22c1,57648,historical NSE legacy equity bhavcopy,NSE download manifest
data/raw/bhavcopy_legacy/cm21AUG2017bhav.csv.zip,https://nsearchives.nseindia.com/content/historical/EQUITIES/2017/AUG/cm21AUG2017bhav.csv.zip,2017-08-21,5aadd9766c43d025ba02e6fd5ee12a554e82f6509b1dad37b6dbb32bab581bb8,64992,historical NSE legacy equity bhavcopy,NSE download manifest
data/raw/bhavcopy_legacy/cm21AUG2018bhav.csv.zip,https://nsearchives.nseindia.com/content/historical/EQUITIES/2018/AUG/cm21AUG2018bhav.csv.zip,2018-08-21,3684cca24c4b182b21ea3cf4df2ca728cb69ea6e6b0f3bceef46295ccc292293,69172,historical NSE legacy equity bhavcopy,NSE download manifest
data/raw/bhavcopy_legacy/cm21AUG2019bhav.csv.zip,https://nsearchives.nseindia.com/content/historical/EQUITIES/2019/AUG/cm21AUG2019bhav.csv.zip,2019-08-21,5f7aba7c3fda0de308607c761b352d2bef343eb9adebd62e29374c6e5151906c,68110,historical NSE legacy equity bhavcopy,NSE download manifest
data/raw/bhavcopy_legacy/cm21AUG2020bhav.csv.zip,https://nsearchives.nseindia.com/content/historical/EQUITIES/2020/AUG/cm21AUG2020bhav.csv.zip,2020-08-21,4e7983b287db6f9ef24749501bc6f435b71c4ba9db9a5d2066efff6833ce91bc,72274,historical NSE legacy equity bhavcopy,NSE download manifest
data/raw/bhavcopy_legacy/cm21AUG2023bhav.csv.zip,https://nsearchives.nseindia.com/content/historical/EQUITIES/2023/AUG/cm21AUG2023bhav.csv.zip,2023-08-21,a158bb655fa9c021b4fb09daa4b9f52440e3a0640ad8a9dc6354476bf4b740e1,94829,historical NSE legacy equity bhavcopy,NSE download manifest
data/raw/bhavcopy_legacy/cm21DEC2015bhav.csv.zip,https://nsearchives.nseindia.com/content/historical/EQUITIES/2015/DEC/cm21DEC2015bhav.csv.zip,2015-12-21,cd111a119a310acf4b4067470df1d767fd5b8babd8bc6d501b098717c5e41a04,59295,historical NSE legacy equity bhavcopy,NSE download manifest
data/raw/bhavcopy_legacy/cm21DEC2016bhav.csv.zip,https://nsearchives.nseindia.com/content/historical/EQUITIES/2016/DEC/cm21DEC2016bhav.csv.zip,2016-12-21,913e6929eb99047a127f57bc7bc7e18f285bfe8c86405e9cef327da96c8f9009,60878,historical NSE legacy equity bhavcopy,NSE download manifest
data/raw/bhavcopy_legacy/cm21DEC2017bhav.csv.zip,https://nsearchives.nseindia.com/content/historical/EQUITIES/2017/DEC/cm21DEC2017bhav.csv.zip,2017-12-21,9872235523d6313134dffdcd3f100af31c4b0a73b295db4c54c7e14d488ff725,68000,historical NSE legacy equity bhavcopy,NSE download manifest
data/raw/bhavcopy_legacy/cm21DEC2018bhav.csv.zip,https://nsearchives.nseindia.com/content/historical/EQUITIES/2018/DEC/cm21DEC2018bhav.csv.zip,2018-12-21,640e57802ad401426bb498937a4f800683f1a0d01391501b2464e26ee8f7c78e,67382,historical NSE legacy equity bhavcopy,NSE download manifest
data/raw/bhavcopy_legacy/cm21DEC2020bhav.csv.zip,https://nsearchives.nseindia.com/content/historical/EQUITIES/2020/DEC/cm21DEC2020bhav.csv.zip,2020-12-21,f9d9d65a732a00ef58cd4b1d2f8644dce69609213d060bca47c6c542c289bc72,75203,historical NSE legacy equity bhavcopy,NSE download manifest
data/raw/bhavcopy_legacy/cm21DEC2021bhav.csv.zip,https://nsearchives.nseindia.com/content/historical/EQUITIES/2021/DEC/cm21DEC2021bhav.csv.zip,2021-12-21,35d35edcc7fbee606184a4829ca23aeaae72a0f8de9e86e36f768059185f0c6d,80517,historical NSE legacy equity bhavcopy,NSE download manifest
data/raw/bhavcopy_legacy/cm21DEC2022bhav.csv.zip,https://nsearchives.nseindia.com/content/historical/EQUITIES/2022/DEC/cm21DEC2022bhav.csv.zip,2022-12-21,a051e131a793fd610064688441b9bae6be8fc38d670b3f392a2718dbf7f2e16a,88650,historical NSE legacy equity bhavcopy,NSE download manifest
data/raw/bhavcopy_legacy/cm21DEC2023bhav.csv.zip,https://nsearchives.nseindia.com/content/historical/EQUITIES/2023/DEC/cm21DEC2023bhav.csv.zip,2023-12-21,759bd7390b8115e9cc4870838e1bce883508ca057da35fa36024a7171ff98a2f,98764,historical NSE legacy equity bhavcopy,NSE download manifest
data/raw/bhavcopy_legacy/cm21FEB2013bhav.csv.zip,https://nsearchives.nseindia.com/content/historical/EQUITIES/2013/FEB/cm21FEB2013bhav.csv.zip,2013-02-21,0568189a9cc2629d792e6f4e15b74066a4b89cefe7d6f7733d60aa2b842bc06e,54808,historical NSE legacy equity bhavcopy,NSE download manifest
data/raw/bhavcopy_legacy/cm21FEB2014bhav.csv.zip,https://nsearchives.nseindia.com/content/historical/EQUITIES/2014/FEB/cm21FEB2014bhav.csv.zip,2014-02-21,f6cb34eae1f2009540745b3dd799d062673f33bcd3755c94d5f41c43165e0c54,52252,historical NSE legacy equity bhavcopy,NSE download manifest
data/raw/bhavcopy_legacy/cm21FEB2017bhav.csv.zip,https://nsearchives.nseindia.com/content/historical/EQUITIES/2017/FEB/cm21FEB2017bhav.csv.zip,2017-02-21,b63eedb2ca102aaacda7f3fbd9ab43835f45fb2a96c41902cb62c78768d01bed,62753,historical NSE legacy equity bhavcopy,NSE download manifest
data/raw/bhavcopy_legacy/cm21FEB2018bhav.csv.zip,https://nsearchives.nseindia.com/content/historical/EQUITIES/2018/FEB/cm21FEB2018bhav.csv.zip,2018-02-21,5040c38a5219f1c9eaf0733ba572f28d633c1f9ade93ced97f6dc7edb00ef49f,67785,historical NSE legacy equity bhavcopy,NSE download manifest
data/raw/bhavcopy_legacy/cm21FEB2019bhav.csv.zip,https://nsearchives.nseindia.com/content/historical/EQUITIES/2019/FEB/cm21FEB2019bhav.csv.zip,2019-02-21,e85a96c9c358a03d85ae503ac7bda956bb607958c0094f3c624ca75af7c9056f,67235,historical NSE legacy equity bhavcopy,NSE download manifest
data/raw/bhavcopy_legacy/cm21FEB2022bhav.csv.zip,https://nsearchives.nseindia.com/content/historical/EQUITIES/2022/FEB/cm21FEB2022bhav.csv.zip,2022-02-21,b138180882302dff8f623c485a7c72bd88cedc6057bf72931f7af062b6a5be75,83531,historical NSE legacy equity bhavcopy,NSE download manifest
data/raw/bhavcopy_legacy/cm21FEB2023bhav.csv.zip,https://nsearchives.nseindia.com/content/historical/EQUITIES/2023/FEB/cm21FEB2023bhav.csv.zip,2023-02-21,7699ff8e48a711cf59a3c59e49784367799d965bfa5732754d3a1a80a895f3fd,87491,historical NSE legacy equity bhavcopy,NSE download manifest
data/raw/bhavcopy_legacy/cm21FEB2024bhav.csv.zip,https://nsearchives.nseindia.com/content/historical/EQUITIES/2024/FEB/cm21FEB2024bhav.csv.zip,2024-02-21,7f625bd37c1439848b2d30907e0ffa402c06f5158fb197d63645dcc292589e5f,100758,historical NSE legacy equity bhavcopy,NSE download manifest
data/raw/bhavcopy_legacy/cm21JAN2013bhav.csv.zip,https://nsearchives.nseindia.com/content/historical/EQUITIES/2013/JAN/cm21JAN2013bhav.csv.zip,2013-01-21,41b3b74b99b784f26b880cd70ba045d7dbeef21c78e8a515a1dd1f09ec2e0bd0,56366,historical NSE legacy equity bhavcopy,NSE download manifest
data/raw/bhavcopy_legacy/cm21JAN2014bhav.csv.zip,https://nsearchives.nseindia.com/content/historical/EQUITIES/2014/JAN/cm21JAN2014bhav.csv.zip,2014-01-21,548e46cf0e3b2447cbdaefbf1a65747293dfd673ef41b8ae41db80885a13953c,52092,historical NSE legacy equity bhavcopy,NSE download manifest
data/raw/bhavcopy_legacy/cm21JAN2015bhav.csv.zip,https://nsearchives.nseindia.com/content/historical/EQUITIES/2015/JAN/cm21JAN2015bhav.csv.zip,2015-01-21,ab70d1e07b6f6971ff07cef7f88451e28b4ccbcf0619c14f9d24f4549f80ea63,58956,historical NSE legacy equity bhavcopy,NSE download manifest
data/raw/bhavcopy_legacy/cm21JAN2016bhav.csv.zip,https://nsearchives.nseindia.com/content/historical/EQUITIES/2016/JAN/cm21JAN2016bhav.csv.zip,2016-01-21,2f75f82a04d4d95b37da549706bc9cd3bd39462de9e9c39a2b783ab4394b9a7b,58639,historical NSE legacy equity bhavcopy,NSE download manifest
data/raw/bhavcopy_legacy/cm21JAN2019bhav.csv.zip,https://nsearchives.nseindia.com/content/historical/EQUITIES/2019/JAN/cm21JAN2019bhav.csv.zip,2019-01-21,f9a1586e59bc63ead4c28a0125f51e3f6055ae61f230e6ac9977fdac61bc30db,67595,historical NSE legacy equity bhavcopy,NSE download manifest
data/raw/bhavcopy_legacy/cm21JAN2020bhav.csv.zip,https://nsearchives.nseindia.com/content/historical/EQUITIES/2020/JAN/cm21JAN2020bhav.csv.zip,2020-01-21,f9ba257529eb68c4616e98f6bf3355b03d8e5554d8aebafcf0cebf518c31d91b,69640,historical NSE legacy equity bhavcopy,NSE download manifest
data/raw/bhavcopy_legacy/cm21JAN2021bhav.csv.zip,https://nsearchives.nseindia.com/content/historical/EQUITIES/2021/JAN/cm21JAN2021bhav.csv.zip,2021-01-21,bb487426955c1bdbd03c676b8763f6e8f7d88da8ac0299fcf7099cb21e0f8b90,74908,historical NSE legacy equity bhavcopy,NSE download manifest
data/raw/bhavcopy_legacy/cm21JAN2022bhav.csv.zip,https://nsearchives.nseindia.com/content/historical/EQUITIES/2022/JAN/cm21JAN2022bhav.csv.zip,2022-01-21,0a2a6332f924340d32957f1e2b9d49368b1ea38a7bc2e92511a052cd324c83f1,82775,historical NSE legacy equity bhavcopy,NSE download manifest
data/raw/bhavcopy_legacy/cm21JUL2014bhav.csv.zip,https://nsearchives.nseindia.com/content/historical/EQUITIES/2014/JUL/cm21JUL2014bhav.csv.zip,2014-07-21,2d1fd12906595736c42b4af94c439128a5e9d11efdae387cdb38d2429c628561,57212,historical NSE legacy equity bhavcopy,NSE download manifest
data/raw/bhavcopy_legacy/cm21JUL2015bhav.csv.zip,https://nsearchives.nseindia.com/content/historical/EQUITIES/2015/JUL/cm21JUL2015bhav.csv.zip,2015-07-21,2f0e0f82c09281985a63585c56cbd8a63f098cc417dbbfa3fce68aa96fce4f27,57599,historical NSE legacy equity bhavcopy,NSE download manifest
data/raw/bhavcopy_legacy/cm21JUL2016bhav.csv.zip,https://nsearchives.nseindia.com/content/historical/EQUITIES/2016/JUL/cm21JUL2016bhav.csv.zip,2016-07-21,4b18f7f0d26ddf754b59abc5c3145970e27496bf95d3883b8f7312d8b0813882,61031,historical NSE legacy equity bhavcopy,NSE download manifest
data/raw/bhavcopy_legacy/cm21JUL2017bhav.csv.zip,https://nsearchives.nseindia.com/content/historical/EQUITIES/2017/JUL/cm21JUL2017bhav.csv.zip,2017-07-21,7d1199ccc150aa9ab707b17b971313620e39acd573d81c74abff5db5f243b618,64894,historical NSE legacy equity bhavcopy,NSE download manifest
data/raw/bhavcopy_legacy/cm21JUL2020bhav.csv.zip,https://nsearchives.nseindia.com/content/historical/EQUITIES/2020/JUL/cm21JUL2020bhav.csv.zip,2020-07-21,3ff741da2ba26a96fe161b00649e665a2a090dbc115ac72313d33bcd82cfac04,70560,historical NSE legacy equity bhavcopy,NSE download manifest
data/raw/bhavcopy_legacy/cm21JUL2022bhav.csv.zip,https://nsearchives.nseindia.com/content/historical/EQUITIES/2022/JUL/cm21JUL2022bhav.csv.zip,2022-07-21,1606e67531994b38453412224c34c4028e5868460bd36642230c03e31cc9623e,83194,historical NSE legacy equity bhavcopy,NSE download manifest
data/raw/bhavcopy_legacy/cm21JUL2023bhav.csv.zip,https://nsearchives.nseindia.com/content/historical/EQUITIES/2023/JUL/cm21JUL2023bhav.csv.zip,2023-07-21,aac88ccbbd5bb41c3d9bd8bb880b8f4adf644083e94882af17393e4678d2d1dc,90567,historical NSE legacy equity bhavcopy,NSE download manifest
data/raw/bhavcopy_legacy/cm21JUN2013bhav.csv.zip,https://nsearchives.nseindia.com/content/historical/EQUITIES/2013/JUN/cm21JUN2013bhav.csv.zip,2013-06-21,f09e44fb0db6615ae2d8f5ae71801dcd94828f44a826e93b3f8ea0ecaac1373f,50121,historical NSE legacy equity bhavcopy,NSE download manifest
data/raw/bhavcopy_legacy/cm21JUN2016bhav.csv.zip,https://nsearchives.nseindia.com/content/historical/EQUITIES/2016/JUN/cm21JUN2016bhav.csv.zip,2016-06-21,56058e2a0cf684cf71da494a62cad6733eeff14d024507dca4649ed30213c1b3,59832,historical NSE legacy equity bhavcopy,NSE download manifest
data/raw/bhavcopy_legacy/cm21JUN2017bhav.csv.zip,https://nsearchives.nseindia.com/content/historical/EQUITIES/2017/JUN/cm21JUN2017bhav.csv.zip,2017-06-21,b225fb9fb382c22266186cb268b0d018f9cac3c57f3d2a1dded475fe80014054,64673,historical NSE legacy equity bhavcopy,NSE download manifest
data/raw/bhavcopy_legacy/cm21JUN2018bhav.csv.zip,https://nsearchives.nseindia.com/content/historical/EQUITIES/2018/JUN/cm21JUN2018bhav.csv.zip,2018-06-21,d393276995b5068536f12c637bad9b6b7b6f3344d6498beb7f46bfd486727664,67400,historical NSE legacy equity bhavcopy,NSE download manifest
data/raw/bhavcopy_legacy/cm21JUN2019bhav.csv.zip,https://nsearchives.nseindia.com/content/historical/EQUITIES/2019/JUN/cm21JUN2019bhav.csv.zip,2019-06-21,9d3134877d2f07ec99bed05f9cc387c43e69cbb9f8d1d31827a14a36458496da,68144,historical NSE legacy equity bhavcopy,NSE download manifest
data/raw/bhavcopy_legacy/cm21JUN2021bhav.csv.zip,https://nsearchives.nseindia.com/content/historical/EQUITIES/2021/JUN/cm21JUN2021bhav.csv.zip,2021-06-21,3138102875455664cda1fce04542f25be332bb5b0856ad188b18906e3fdb4a43,78235,historical NSE legacy equity bhavcopy,NSE download manifest
data/raw/bhavcopy_legacy/cm21JUN2022bhav.csv.zip,https://nsearchives.nseindia.com/content/historical/EQUITIES/2022/JUN/cm21JUN2022bhav.csv.zip,2022-06-21,d70343b5055f9f395eff426a0c1d07ed85c109cbcd08eabcf861935728edac2e,82930,historical NSE legacy equity bhavcopy,NSE download manifest
data/raw/bhavcopy_legacy/cm21JUN2023bhav.csv.zip,https://nsearchives.nseindia.com/content/historical/EQUITIES/2023/JUN/cm21JUN2023bhav.csv.zip,2023-06-21,ee3911a8780ee5ce769133270239e9f123f0bbf2dfb1b3a577ec6dff1986c7e2,91591,historical NSE legacy equity bhavcopy,NSE download manifest
data/raw/bhavcopy_legacy/cm21JUN2024bhav.csv.zip,https://nsearchives.nseindia.com/content/historical/EQUITIES/2024/JUN/cm21JUN2024bhav.csv.zip,2024-06-21,431f948bb9c975a1516488e043f5c68386db61eecf26add9cb725e21f7e48478,107576,historical NSE legacy equity bhavcopy,NSE download manifest
data/raw/bhavcopy_legacy/cm21MAR2013bhav.csv.zip,https://nsearchives.nseindia.com/content/historical/EQUITIES/2013/MAR/cm21MAR2013bhav.csv.zip,2013-03-21,58deeedf778f14ac0ffdc3ed53ce12645acbc94c9a7dea579b2e473e5a01f02e,55065,historical NSE legacy equity bhavcopy,NSE download manifest
data/raw/bhavcopy_legacy/cm21MAR2014bhav.csv.zip,https://nsearchives.nseindia.com/content/historical/EQUITIES/2014/MAR/cm21MAR2014bhav.csv.zip,2014-03-21,11d94b6687d491a2d8cbce4c02838e7851e199a48392386ac1f13f2bc48e5987,54437,historical NSE legacy equity bhavcopy,NSE download manifest
data/raw/bhavcopy_legacy/cm21MAR2016bhav.csv.zip,https://nsearchives.nseindia.com/content/historical/EQUITIES/2016/MAR/cm21MAR2016bhav.csv.zip,2016-03-21,c1d25be8d2a769fe4100beac5473b1967732f0c885c9be957e58c40a6fd80f37,59781,historical NSE legacy equity bhavcopy,NSE download manifest
data/raw/bhavcopy_legacy/cm21MAR2017bhav.csv.zip,https://nsearchives.nseindia.com/content/historical/EQUITIES/2017/MAR/cm21MAR2017bhav.csv.zip,2017-03-21,ca298e2b7a1e383c32186f3b85908c1845d07a8ef2db45edbd24817366e0b8b5,64059,historical NSE legacy equity bhavcopy,NSE download manifest
data/raw/bhavcopy_legacy/cm21MAR2018bhav.csv.zip,https://nsearchives.nseindia.com/content/historical/EQUITIES/2018/MAR/cm21MAR2018bhav.csv.zip,2018-03-21,bf7eddd99bc47e1d1866d1d7f7b2969b48731c77d4c41cfeb111cb66cfd9b54d,68609,historical NSE legacy equity bhavcopy,NSE download manifest
data/raw/bhavcopy_legacy/cm21MAR2022bhav.csv.zip,https://nsearchives.nseindia.com/content/historical/EQUITIES/2022/MAR/cm21MAR2022bhav.csv.zip,2022-03-21,54a5af35f1b407532be5110d0e75ca0a6fb2c05b7fc2b8fd1ea75e3ee1dd6a45,83660,historical NSE legacy equity bhavcopy,NSE download manifest
data/raw/bhavcopy_legacy/cm21MAR2023bhav.csv.zip,https://nsearchives.nseindia.com/content/historical/EQUITIES/2023/MAR/cm21MAR2023bhav.csv.zip,2023-03-21,27fc6cd0a3d45856a93ec6f1c1df2e674794ec3aae89e82b6a31fbff3cba198e,88254,historical NSE legacy equity bhavcopy,NSE download manifest
data/raw/bhavcopy_legacy/cm21MAR2024bhav.csv.zip,https://nsearchives.nseindia.com/content/historical/EQUITIES/2024/MAR/cm21MAR2024bhav.csv.zip,2024-03-21,c2e570f96b64c46ffff036766b2dc3846015f2df1c18db54a8c1f76c0ba84e64,101661,historical NSE legacy equity bhavcopy,NSE download manifest
data/raw/bhavcopy_legacy/cm21MAY2013bhav.csv.zip,https://nsearchives.nseindia.com/content/historical/EQUITIES/2013/MAY/cm21MAY2013bhav.csv.zip,2013-05-21,cbc9c0f722026c11014f39bf8be356600ec56333483ec2add79bf5621155ce38,51498,historical NSE legacy equity bhavcopy,NSE download manifest
data/raw/bhavcopy_legacy/cm21MAY2014bhav.csv.zip,https://nsearchives.nseindia.com/content/historical/EQUITIES/2014/MAY/cm21MAY2014bhav.csv.zip,2014-05-21,4ff7fcee61a8b091d77694f8fe6c327f740aba0cc4f13ef724e298a9e29b74fc,57645,historical NSE legacy equity bhavcopy,NSE download manifest
data/raw/bhavcopy_legacy/cm21MAY2015bhav.csv.zip,https://nsearchives.nseindia.com/content/historical/EQUITIES/2015/MAY/cm21MAY2015bhav.csv.zip,2015-05-21,48ead1cf634d14e2b52e086c642c1c1e9215281c17f850230328edf551545878,56161,historical NSE legacy equity bhavcopy,NSE download manifest
data/raw/bhavcopy_legacy/cm21MAY2018bhav.csv.zip,https://nsearchives.nseindia.com/content/historical/EQUITIES/2018/MAY/cm21MAY2018bhav.csv.zip,2018-05-21,83c0a394769898098698b5dc26176963095e57de9a70a036f304dd7a1b978b65,68691,historical NSE legacy equity bhavcopy,NSE download manifest
data/raw/bhavcopy_legacy/cm21MAY2019bhav.csv.zip,https://nsearchives.nseindia.com/content/historical/EQUITIES/2019/MAY/cm21MAY2019bhav.csv.zip,2019-05-21,14d36d37d54c49b624f5bf7893b7aadac1f18edc2219b7955023c48e69273600,67709,historical NSE legacy equity bhavcopy,NSE download manifest
data/raw/bhavcopy_legacy/cm21MAY2020bhav.csv.zip,https://nsearchives.nseindia.com/content/historical/EQUITIES/2020/MAY/cm21MAY2020bhav.csv.zip,2020-05-21,9e3c30fae549bf7e8ac188d41449c12e6c9e76e4611a3fc60eec50ba0d010017,66470,historical NSE legacy equity bhavcopy,NSE download manifest
data/raw/bhavcopy_legacy/cm21MAY2021bhav.csv.zip,https://nsearchives.nseindia.com/content/historical/EQUITIES/2021/MAY/cm21MAY2021bhav.csv.zip,2021-05-21,6c8a69dca3c5b9f0c62017fd08feabb4bd69e5ba8f789e50ddcf4c75539c6e80,76516,historical NSE legacy equity bhavcopy,NSE download manifest
data/raw/bhavcopy_legacy/cm21MAY2024bhav.csv.zip,https://nsearchives.nseindia.com/content/historical/EQUITIES/2024/MAY/cm21MAY2024bhav.csv.zip,2024-05-21,335046e53307cfa1abfe6d9418b1fb39fc49cb4badc0caed7ca0ebc2804045d1,105238,historical NSE legacy equity bhavcopy,NSE download manifest
data/raw/bhavcopy_legacy/cm21NOV2013bhav.csv.zip,https://nsearchives.nseindia.com/content/historical/EQUITIES/2013/NOV/cm21NOV2013bhav.csv.zip,2013-11-21,b145701fb41e337e624f836258f3e69f80d7aa991f956c771905ae53dd6dd778,49302,historical NSE legacy equity bhavcopy,NSE download manifest
data/raw/bhavcopy_legacy/cm21NOV2014bhav.csv.zip,https://nsearchives.nseindia.com/content/historical/EQUITIES/2014/NOV/cm21NOV2014bhav.csv.zip,2014-11-21,3a502db512a57baa7e7b4697545b4728a3c01c5b27f59d41fee78f6b7d29d0b7,58452,historical NSE legacy equity bhavcopy,NSE download manifest
data/raw/bhavcopy_legacy/cm21NOV2016bhav.csv.zip,https://nsearchives.nseindia.com/content/historical/EQUITIES/2016/NOV/cm21NOV2016bhav.csv.zip,2016-11-21,55901e24033ead6a0521c7fecba8838e92bfcf98ae8960e235732991fec8c8dd,62201,historical NSE legacy equity bhavcopy,NSE download manifest
data/raw/bhavcopy_legacy/cm21NOV2017bhav.csv.zip,https://nsearchives.nseindia.com/content/historical/EQUITIES/2017/NOV/cm21NOV2017bhav.csv.zip,2017-11-21,5fdf6a14b9411ef5ab29273a4c05eed60e2bd810637625e9fb0e57a45d20b0cf,67378,historical NSE legacy equity bhavcopy,NSE download manifest
data/raw/bhavcopy_legacy/cm21NOV2018bhav.csv.zip,https://nsearchives.nseindia.com/content/historical/EQUITIES/2018/NOV/cm21NOV2018bhav.csv.zip,2018-11-21,4ec55f1739297476ca62445b97ff7973fdef4d658a05f5f368b0dcd99b7a5b7b,66662,historical NSE legacy equity bhavcopy,NSE download manifest
data/raw/bhavcopy_legacy/cm21NOV2019bhav.csv.zip,https://nsearchives.nseindia.com/content/historical/EQUITIES/2019/NOV/cm21NOV2019bhav.csv.zip,2019-11-21,896ffb2716680feafab4a605ab26629fcf4f98d68bd5dfb8be726655dcbbfebb,68803,historical NSE legacy equity bhavcopy,NSE download manifest
data/raw/bhavcopy_legacy/cm21NOV2022bhav.csv.zip,https://nsearchives.nseindia.com/content/historical/EQUITIES/2022/NOV/cm21NOV2022bhav.csv.zip,2022-11-21,9afae2535c3731e129ac41b9f0673db6c1b0b7e504b8da432b37d93eabe11304,87103,historical NSE legacy equity bhavcopy,NSE download manifest
data/raw/bhavcopy_legacy/cm21NOV2023bhav.csv.zip,https://nsearchives.nseindia.com/content/historical/EQUITIES/2023/NOV/cm21NOV2023bhav.csv.zip,2023-11-21,54e33136b00dd480e91482533925f9bc485ecad280c596dc01a36bbf746dcbb2,97628,historical NSE legacy equity bhavcopy,NSE download manifest
data/raw/bhavcopy_legacy/cm21OCT2013bhav.csv.zip,https://nsearchives.nseindia.com/content/historical/EQUITIES/2013/OCT/cm21OCT2013bhav.csv.zip,2013-10-21,2cc4424ecfb2b74bd49ee7dc098d68c6230a49f537e70062cf1242b03979884b,49357,historical NSE legacy equity bhavcopy,NSE download manifest
data/raw/bhavcopy_legacy/cm21OCT2014bhav.csv.zip,https://nsearchives.nseindia.com/content/historical/EQUITIES/2014/OCT/cm21OCT2014bhav.csv.zip,2014-10-21,3e6a657fa345444f7a6c70183935416a335eafb60a4910d50294fa8b632a027e,56486,historical NSE legacy equity bhavcopy,NSE download manifest
data/raw/bhavcopy_legacy/cm21OCT2015bhav.csv.zip,https://nsearchives.nseindia.com/content/historical/EQUITIES/2015/OCT/cm21OCT2015bhav.csv.zip,2015-10-21,a3ce3515e558f698fb10a4e93ae176b91b8f3a3b58128068f5289c6c410c4b61,58031,historical NSE legacy equity bhavcopy,NSE download manifest
data/raw/bhavcopy_legacy/cm21OCT2016bhav.csv.zip,https://nsearchives.nseindia.com/content/historical/EQUITIES/2016/OCT/cm21OCT2016bhav.csv.zip,2016-10-21,2c53bc24d500e3948a2a7581c71fd698e1b7a553d3527b9f9c68f395433b2ef1,63382,historical NSE legacy equity bhavcopy,NSE download manifest
data/raw/bhavcopy_legacy/cm21OCT2020bhav.csv.zip,https://nsearchives.nseindia.com/content/historical/EQUITIES/2020/OCT/cm21OCT2020bhav.csv.zip,2020-10-21,7057a68477598885a5949daa128bd742e7dd67ae141ba888abe1fb210b81118d,71561,historical NSE legacy equity bhavcopy,NSE download manifest
data/raw/bhavcopy_legacy/cm21OCT2021bhav.csv.zip,https://nsearchives.nseindia.com/content/historical/EQUITIES/2021/OCT/cm21OCT2021bhav.csv.zip,2021-10-21,21b495eb999621d64ac825bf80f47def12052c0653649441e36fcfbb47e85764,79632,historical NSE legacy equity bhavcopy,NSE download manifest
data/raw/bhavcopy_legacy/cm21OCT2022bhav.csv.zip,https://nsearchives.nseindia.com/content/historical/EQUITIES/2022/OCT/cm21OCT2022bhav.csv.zip,2022-10-21,baeb19a0169109c3ab5eea61bf0828f1f2a4ea7781bb11055c1a4d8b9dde14f1,85464,historical NSE legacy equity bhavcopy,NSE download manifest
data/raw/bhavcopy_legacy/cm21SEP2015bhav.csv.zip,https://nsearchives.nseindia.com/content/historical/EQUITIES/2015/SEP/cm21SEP2015bhav.csv.zip,2015-09-21,809ecb9069418377443253f07407be1754c8cfe4480643cd996b35f4c53573bd,56609,historical NSE legacy equity bhavcopy,NSE download manifest
data/raw/bhavcopy_legacy/cm21SEP2016bhav.csv.zip,https://nsearchives.nseindia.com/content/historical/EQUITIES/2016/SEP/cm21SEP2016bhav.csv.zip,2016-09-21,3c013939cb8efa5b36bfcb0cab379087811cc89e033a53859c76d830bfcb460d,62428,historical NSE legacy equity bhavcopy,NSE download manifest
data/raw/bhavcopy_legacy/cm21SEP2017bhav.csv.zip,https://nsearchives.nseindia.com/content/historical/EQUITIES/2017/SEP/cm21SEP2017bhav.csv.zip,2017-09-21,aaae73b4dbea48e0b1f60f2b19f028fffd5c84d17d73c9f26a3aa820f2a726b8,65552,historical NSE legacy equity bhavcopy,NSE download manifest
data/raw/bhavcopy_legacy/cm21SEP2018bhav.csv.zip,https://nsearchives.nseindia.com/content/historical/EQUITIES/2018/SEP/cm21SEP2018bhav.csv.zip,2018-09-21,41d8abd9d903b24c5bad3777841d378e8091842f702aadb12d886b86e17f703f,71810,historical NSE legacy equity bhavcopy,NSE download manifest
data/raw/bhavcopy_legacy/cm21SEP2020bhav.csv.zip,https://nsearchives.nseindia.com/content/historical/EQUITIES/2020/SEP/cm21SEP2020bhav.csv.zip,2020-09-21,997d5448ecde5bd29f1262a98c3f03568fe7a19d9c9272d7b28015d6c7c08366,72182,historical NSE legacy equity bhavcopy,NSE download manifest
data/raw/bhavcopy_legacy/cm21SEP2021bhav.csv.zip,https://nsearchives.nseindia.com/content/historical/EQUITIES/2021/SEP/cm21SEP2021bhav.csv.zip,2021-09-21,bea670d1419fbb711d65e11ff3f03e223b91c931313460ee4933b388c2c25922,78817,historical NSE legacy equity bhavcopy,NSE download manifest
data/raw/bhavcopy_legacy/cm21SEP2022bhav.csv.zip,https://nsearchives.nseindia.com/content/historical/EQUITIES/2022/SEP/cm21SEP2022bhav.csv.zip,2022-09-21,9e906a51f64be40adcb04a1df0b24bb56242539bdc48e372e659cdaa0b5b6c1b,85750,historical NSE legacy equity bhavcopy,NSE download manifest
data/raw/bhavcopy_legacy/cm21SEP2023bhav.csv.zip,https://nsearchives.nseindia.com/content/historical/EQUITIES/2023/SEP/cm21SEP2023bhav.csv.zip,2023-09-21,37746a75823606f6e90f13e6a1d2c77da20fdb76da8dd283ab8e760104d557c6,93556,historical NSE legacy equity bhavcopy,NSE download manifest
data/raw/bhavcopy_legacy/cm22APR2013bhav.csv.zip,https://nsearchives.nseindia.com/content/historical/EQUITIES/2013/APR/cm22APR2013bhav.csv.zip,2013-04-22,8a3176a01498bf282fc4c9a5d03c6cf2b964250a2a7a27598f97e842d555ac59,50552,historical NSE legacy equity bhavcopy,NSE download manifest
data/raw/bhavcopy_legacy/cm22APR2014bhav.csv.zip,https://nsearchives.nseindia.com/content/historical/EQUITIES/2014/APR/cm22APR2014bhav.csv.zip,2014-04-22,2e8d0109e52d6770975bb50d6b1bf479d23b530681516c8dcc333bb5f00aae21,55874,historical NSE legacy equity bhavcopy,NSE download manifest
data/raw/bhavcopy_legacy/cm22APR2015bhav.csv.zip,https://nsearchives.nseindia.com/content/historical/EQUITIES/2015/APR/cm22APR2015bhav.csv.zip,2015-04-22,1591f7a151e31e521a7b6debfa468c475acc91e8b416fdd6f1da9e8b6b710f55,57030,historical NSE legacy equity bhavcopy,NSE download manifest
data/raw/bhavcopy_legacy/cm22APR2016bhav.csv.zip,https://nsearchives.nseindia.com/content/historical/EQUITIES/2016/APR/cm22APR2016bhav.csv.zip,2016-04-22,b0a9438162f4456dd9c588c1e853b46433a0382c3a55a031efdb47302870b33d,58798,historical NSE legacy equity bhavcopy,NSE download manifest
data/raw/bhavcopy_legacy/cm22APR2019bhav.csv.zip,https://nsearchives.nseindia.com/content/historical/EQUITIES/2019/APR/cm22APR2019bhav.csv.zip,2019-04-22,73747d17e27a6acf1fd5a976657110fa76b61611bff32a3e9a9ff38daaaff29d,68955,historical NSE legacy equity bhavcopy,NSE download manifest
data/raw/bhavcopy_legacy/cm22APR2020bhav.csv.zip,https://nsearchives.nseindia.com/content/historical/EQUITIES/2020/APR/cm22APR2020bhav.csv.zip,2020-04-22,e0c3d16e695e1ce9bd067c32c14c57b983cdc45cde86cd657a10fafafd3c1ef2,67954,historical NSE legacy equity bhavcopy,NSE download manifest
data/raw/bhavcopy_legacy/cm22APR2021bhav.csv.zip,https://nsearchives.nseindia.com/content/historical/EQUITIES/2021/APR/cm22APR2021bhav.csv.zip,2021-04-22,6e6f11a8d09dada461f18a79a6ee1bc1c8e579d3b4b908c3a25ef0d0238b903e,74241,historical NSE legacy equity bhavcopy,NSE download manifest
data/raw/bhavcopy_legacy/cm22APR2022bhav.csv.zip,https://nsearchives.nseindia.com/content/historical/EQUITIES/2022/APR/cm22APR2022bhav.csv.zip,2022-04-22,f19e9e41bb138d18cde5db8c94fb8d1e76d48eb67f70d5aad6dcd0c3f98857ad,83818,historical NSE legacy equity bhavcopy,NSE download manifest
data/raw/bhavcopy_legacy/cm22APR2024bhav.csv.zip,https://nsearchives.nseindia.com/content/historical/EQUITIES/2024/APR/cm22APR2024bhav.csv.zip,2024-04-22,c02893aaeb777f1917d6d7ec277d0657b079528fd67a53ba0ad67863cd69094d,103379,historical NSE legacy equity bhavcopy,NSE download manifest
data/raw/bhavcopy_legacy/cm22AUG2013bhav.csv.zip,https://nsearchives.nseindia.com/content/historical/EQUITIES/2013/AUG/cm22AUG2013bhav.csv.zip,2013-08-22,fde265b5e0a3b57edf451ececf91d7f2326f115c71410cbf4f4adc6efe5196e6,47525,historical NSE legacy equity bhavcopy,NSE download manifest
data/raw/bhavcopy_legacy/cm22AUG2014bhav.csv.zip,https://nsearchives.nseindia.com/content/historical/EQUITIES/2014/AUG/cm22AUG2014bhav.csv.zip,2014-08-22,9b8fc2a4e63f3a88e007a58135fc22cf2dbd38b8b586438f605f311377160a7a,58114,historical NSE legacy equity bhavcopy,NSE download manifest
data/raw/bhavcopy_legacy/cm22AUG2016bhav.csv.zip,https://nsearchives.nseindia.com/content/historical/EQUITIES/2016/AUG/cm22AUG2016bhav.csv.zip,2016-08-22,3a3ffdd31208bb8378a40c0563fb686db63ad7ce11ade330816fafff4db4ff7c,61763,historical NSE legacy equity bhavcopy,NSE download manifest
data/raw/bhavcopy_legacy/cm22AUG2017bhav.csv.zip,https://nsearchives.nseindia.com/content/historical/EQUITIES/2017/AUG/cm22AUG2017bhav.csv.zip,2017-08-22,967c60ea42bf8283eb6a150e1b7aa958c79f26c501da0a0511b438b9ae379b65,64050,historical NSE legacy equity bhavcopy,NSE download manifest
data/raw/bhavcopy_legacy/cm22AUG2019bhav.csv.zip,https://nsearchives.nseindia.com/content/historical/EQUITIES/2019/AUG/cm22AUG2019bhav.csv.zip,2019-08-22,0ac8765ade02d6b75e091f87de2ccbe83941cfbf65b9f9727f59f579f6de27da,68460,historical NSE legacy equity bhavcopy,NSE download manifest
data/raw/bhavcopy_legacy/cm22AUG2022bhav.csv.zip,https://nsearchives.nseindia.com/content/historical/EQUITIES/2022/AUG/cm22AUG2022bhav.csv.zip,2022-08-22,952787edade6b7b8a6870ed3aa4519f35a9af5a1cb8815d96e4198f15b9389a9,85492,historical NSE legacy equity bhavcopy,NSE download manifest
data/raw/bhavcopy_legacy/cm22AUG2023bhav.csv.zip,https://nsearchives.nseindia.com/content/historical/EQUITIES/2023/AUG/cm22AUG2023bhav.csv.zip,2023-08-22,3c751cbccffbafd5c1dc9a71c021a8507260932a9ff114cf9589c54be667a730,93468,historical NSE legacy equity bhavcopy,NSE download manifest
data/raw/bhavcopy_legacy/cm22DEC2014bhav.csv.zip,https://nsearchives.nseindia.com/content/historical/EQUITIES/2014/DEC/cm22DEC2014bhav.csv.zip,2014-12-22,b1adebe1035e747413430d0848cdfbb7c57d4f62512ecd9cc6bd82543a5d574e,57253,historical NSE legacy equity bhavcopy,NSE download manifest
data/raw/bhavcopy_legacy/cm22DEC2015bhav.csv.zip,https://nsearchives.nseindia.com/content/historical/EQUITIES/2015/DEC/cm22DEC2015bhav.csv.zip,2015-12-22,74743542d5dad0bcc997a2ced645d0d1430aba14581b9b5fc0935a60eaec16c9,58970,historical NSE legacy equity bhavcopy,NSE download manifest
data/raw/bhavcopy_legacy/cm22DEC2016bhav.csv.zip,https://nsearchives.nseindia.com/content/historical/EQUITIES/2016/DEC/cm22DEC2016bhav.csv.zip,2016-12-22,ef4713f996afac6f4b537388effe2180c73ffb6eaba24d313ecf50f55f45ecb5,61089,historical NSE legacy equity bhavcopy,NSE download manifest
data/raw/bhavcopy_legacy/cm22DEC2017bhav.csv.zip,https://nsearchives.nseindia.com/content/historical/EQUITIES/2017/DEC/cm22DEC2017bhav.csv.zip,2017-12-22,44985e0103b0e4fde9da22f21816f9ea17fe2596367a9965c3436f4efb2a9658,68722,historical NSE legacy equity bhavcopy,NSE download manifest
data/raw/bhavcopy_legacy/cm22DEC2020bhav.csv.zip,https://nsearchives.nseindia.com/content/historical/EQUITIES/2020/DEC/cm22DEC2020bhav.csv.zip,2020-12-22,477e47d07428930c37d702a280d0b69cfd753e13d72bc4cab7c663573297a751,73723,historical NSE legacy equity bhavcopy,NSE download manifest
data/raw/bhavcopy_legacy/cm22DEC2021bhav.csv.zip,https://nsearchives.nseindia.com/content/historical/EQUITIES/2021/DEC/cm22DEC2021bhav.csv.zip,2021-12-22,63e0918216f28715a80cba66f7168319ff2cc1c705b958b3579174e588b179b5,80133,historical NSE legacy equity bhavcopy,NSE download manifest
data/raw/bhavcopy_legacy/cm22DEC2022bhav.csv.zip,https://nsearchives.nseindia.com/content/historical/EQUITIES/2022/DEC/cm22DEC2022bhav.csv.zip,2022-12-22,c74ce1edb3fe23fc018a16fe7afacada6121f76252af6e066fc1113d9a195617,88588,historical NSE legacy equity bhavcopy,NSE download manifest
data/raw/bhavcopy_legacy/cm22DEC2023bhav.csv.zip,https://nsearchives.nseindia.com/content/historical/EQUITIES/2023/DEC/cm22DEC2023bhav.csv.zip,2023-12-22,e1b0984dcde4233f14231f6af1533a28ae814b3ef89e633a4c82585ddcaccbf7,98396,historical NSE legacy equity bhavcopy,NSE download manifest
data/raw/bhavcopy_legacy/cm22FEB2013bhav.csv.zip,https://nsearchives.nseindia.com/content/historical/EQUITIES/2013/FEB/cm22FEB2013bhav.csv.zip,2013-02-22,0b8d042fb0f021d9bd268c46eee5fb2c1bac58a12eaba508fce7c83f7a7b8de0,54903,historical NSE legacy equity bhavcopy,NSE download manifest
data/raw/bhavcopy_legacy/cm22FEB2016bhav.csv.zip,https://nsearchives.nseindia.com/content/historical/EQUITIES/2016/FEB/cm22FEB2016bhav.csv.zip,2016-02-22,eb6544918f0b3b4a0676a8a935a9a7708d5899ba5ed280a43fb43376d0c47196,57306,historical NSE legacy equity bhavcopy,NSE download manifest
data/raw/bhavcopy_legacy/cm22FEB2017bhav.csv.zip,https://nsearchives.nseindia.com/content/historical/EQUITIES/2017/FEB/cm22FEB2017bhav.csv.zip,2017-02-22,135898c5a7da6f94f11f8b62250a9aca42ea32992e0e68c4dafcce4ec4f18a4b,63101,historical NSE legacy equity bhavcopy,NSE download manifest
data/raw/bhavcopy_legacy/cm22FEB2018bhav.csv.zip,https://nsearchives.nseindia.com/content/historical/EQUITIES/2018/FEB/cm22FEB2018bhav.csv.zip,2018-02-22,19fd1c98bc9e1ad77ef3912f6de4f5e0b5956fd833b6db5bd52a3669446b1be1,67738,historical NSE legacy equity bhavcopy,NSE download manifest
data/raw/bhavcopy_legacy/cm22FEB2019bhav.csv.zip,https://nsearchives.nseindia.com/content/historical/EQUITIES/2019/FEB/cm22FEB2019bhav.csv.zip,2019-02-22,025cd3978d09a78d29c60a300e5651143053fc41e02d25634d3fce51484bef7b,67799,historical NSE legacy equity bhavcopy,NSE download manifest
data/raw/bhavcopy_legacy/cm22FEB2021bhav.csv.zip,https://nsearchives.nseindia.com/content/historical/EQUITIES/2021/FEB/cm22FEB2021bhav.csv.zip,2021-02-22,aa0e62ed266ddd6bd3dfc5f61bfc0f504253601a6ec1d69602501b31af12183a,74995,historical NSE legacy equity bhavcopy,NSE download manifest
data/raw/bhavcopy_legacy/cm22FEB2022bhav.csv.zip,https://nsearchives.nseindia.com/content/historical/EQUITIES/2022/FEB/cm22FEB2022bhav.csv.zip,2022-02-22,84bf2810b6b1e5f6f359a896855bc46a29f8b66b6136bb462e7fda337ac0b78b,82131,historical NSE legacy equity bhavcopy,NSE download manifest
data/raw/bhavcopy_legacy/cm22FEB2023bhav.csv.zip,https://nsearchives.nseindia.com/content/historical/EQUITIES/2023/FEB/cm22FEB2023bhav.csv.zip,2023-02-22,b0f01e21d68969e20cb721dd44666feee19b350c30cf4870d45bf07b0925db2b,87798,historical NSE legacy equity bhavcopy,NSE download manifest
data/raw/bhavcopy_legacy/cm22FEB2024bhav.csv.zip,https://nsearchives.nseindia.com/content/historical/EQUITIES/2024/FEB/cm22FEB2024bhav.csv.zip,2024-02-22,381f2d0d4bfd2978177e401b04dd2704d10afef9abfe6532f4a407e1f71863af,100402,historical NSE legacy equity bhavcopy,NSE download manifest
data/raw/bhavcopy_legacy/cm22JAN2013bhav.csv.zip,https://nsearchives.nseindia.com/content/historical/EQUITIES/2013/JAN/cm22JAN2013bhav.csv.zip,2013-01-22,c9d5d019e5643eecda40cd531f6797ecb129bb0e8a4fb19813e03dc161d8c62e,56084,historical NSE legacy equity bhavcopy,NSE download manifest
data/raw/bhavcopy_legacy/cm22JAN2014bhav.csv.zip,https://nsearchives.nseindia.com/content/historical/EQUITIES/2014/JAN/cm22JAN2014bhav.csv.zip,2014-01-22,69a8293b8525107d0f38ee7bd5754673b04d89d94a2dbd2f8c25454aea7d1f78,52596,historical NSE legacy equity bhavcopy,NSE download manifest
data/raw/bhavcopy_legacy/cm22JAN2015bhav.csv.zip,https://nsearchives.nseindia.com/content/historical/EQUITIES/2015/JAN/cm22JAN2015bhav.csv.zip,2015-01-22,ea64e79ec6355c63b5e0e7912b7d8c201900e55f1b8cb58c424715f950511247,58373,historical NSE legacy equity bhavcopy,NSE download manifest
data/raw/bhavcopy_legacy/cm22JAN2016bhav.csv.zip,https://nsearchives.nseindia.com/content/historical/EQUITIES/2016/JAN/cm22JAN2016bhav.csv.zip,2016-01-22,c763fa23789b085452f1b1890146e0140cc0114266002a7013d3a4e2eb151cf6,58632,historical NSE legacy equity bhavcopy,NSE download manifest
data/raw/bhavcopy_legacy/cm22JAN2018bhav.csv.zip,https://nsearchives.nseindia.com/content/historical/EQUITIES/2018/JAN/cm22JAN2018bhav.csv.zip,2018-01-22,02f93f8be7bfe2a0d8dcf18e157d969faca257539b9622fe456bdd77657da409,68753,historical NSE legacy equity bhavcopy,NSE download manifest
data/raw/bhavcopy_legacy/cm22JAN2019bhav.csv.zip,https://nsearchives.nseindia.com/content/historical/EQUITIES/2019/JAN/cm22JAN2019bhav.csv.zip,2019-01-22,3194adcff4aa247168e1a3c50e16638540f04a69a19d1fceb19c542b3a652068,67269,historical NSE legacy equity bhavcopy,NSE download manifest
data/raw/bhavcopy_legacy/cm22JAN2020bhav.csv.zip,https://nsearchives.nseindia.com/content/historical/EQUITIES/2020/JAN/cm22JAN2020bhav.csv.zip,2020-01-22,362dc20a888a86465a966098bf6ec8ad3112a380a9e78d08b6b9d5246794410a,70046,historical NSE legacy equity bhavcopy,NSE download manifest
data/raw/bhavcopy_legacy/cm22JAN2021bhav.csv.zip,https://nsearchives.nseindia.com/content/historical/EQUITIES/2021/JAN/cm22JAN2021bhav.csv.zip,2021-01-22,94c085d2eefc7b02a8d42f653ada1d0da23aedf70d44445ec27ffb6491ee6740,74564,historical NSE legacy equity bhavcopy,NSE download manifest
data/raw/bhavcopy_legacy/cm22JUL2013bhav.csv.zip,https://nsearchives.nseindia.com/content/historical/EQUITIES/2013/JUL/cm22JUL2013bhav.csv.zip,2013-07-22,d76bc99fec45f040521974b679720feb7917e01520f9f8c95235bfc481efb51d,48005,historical NSE legacy equity bhavcopy,NSE download manifest
data/raw/bhavcopy_legacy/cm22JUL2014bhav.csv.zip,https://nsearchives.nseindia.com/content/historical/EQUITIES/2014/JUL/cm22JUL2014bhav.csv.zip,2014-07-22,97438de169c06a875f0448b20b54f7f6e83e5c2498705210a675f51ec41e9ed7,57939,historical NSE legacy equity bhavcopy,NSE download manifest
data/raw/bhavcopy_legacy/cm22JUL2015bhav.csv.zip,https://nsearchives.nseindia.com/content/historical/EQUITIES/2015/JUL/cm22JUL2015bhav.csv.zip,2015-07-22,92b5fb0ac46c5984226d0113ddf47ae78b2130dd4f560eacdd972fc900727938,57031,historical NSE legacy equity bhavcopy,NSE download manifest
data/raw/bhavcopy_legacy/cm22JUL2016bhav.csv.zip,https://nsearchives.nseindia.com/content/historical/EQUITIES/2016/JUL/cm22JUL2016bhav.csv.zip,2016-07-22,6c3140286ea31be1fcb809efaf4731b78584a9e0160067c9485fc79be962c9aa,61185,historical NSE legacy equity bhavcopy,NSE download manifest
data/raw/bhavcopy_legacy/cm22JUL2019bhav.csv.zip,https://nsearchives.nseindia.com/content/historical/EQUITIES/2019/JUL/cm22JUL2019bhav.csv.zip,2019-07-22,696c3b291f3d4418969ac13d07e70b516ef75fa404b454089bde47e66f26cef2,68081,historical NSE legacy equity bhavcopy,NSE download manifest
data/raw/bhavcopy_legacy/cm22JUL2020bhav.csv.zip,https://nsearchives.nseindia.com/content/historical/EQUITIES/2020/JUL/cm22JUL2020bhav.csv.zip,2020-07-22,330eeb64bb453939285e6ad0bdbb865a152baf3e2155fefd26ef84a151d0b338,70399,historical NSE legacy equity bhavcopy,NSE download manifest
data/raw/bhavcopy_legacy/cm22JUL2021bhav.csv.zip,https://nsearchives.nseindia.com/content/historical/EQUITIES/2021/JUL/cm22JUL2021bhav.csv.zip,2021-07-22,1ad2a446a18e3c9a772b12914f6ec12dea77aae67f6ed96c4583160e0f5fc5be,77891,historical NSE legacy equity bhavcopy,NSE download manifest
data/raw/bhavcopy_legacy/cm22JUL2022bhav.csv.zip,https://nsearchives.nseindia.com/content/historical/EQUITIES/2022/JUL/cm22JUL2022bhav.csv.zip,2022-07-22,808c619eec11baed29ea66a4b857b96dd720d3276eb99ccd656f4ffd0a41322a,83105,historical NSE legacy equity bhavcopy,NSE download manifest
data/raw/bhavcopy_legacy/cm22JUN2015bhav.csv.zip,https://nsearchives.nseindia.com/content/historical/EQUITIES/2015/JUN/cm22JUN2015bhav.csv.zip,2015-06-22,03c7c538cf81fe3bc53584dcac9b4e472f8059223b868781afe0412309ffe790,56553,historical NSE legacy equity bhavcopy,NSE download manifest
data/raw/bhavcopy_legacy/cm22JUN2016bhav.csv.zip,https://nsearchives.nseindia.com/content/historical/EQUITIES/2016/JUN/cm22JUN2016bhav.csv.zip,2016-06-22,231686a0392a01a0592cacf1693067dfc9bee8c176e45e80973636af0ccc59e7,59992,historical NSE legacy equity bhavcopy,NSE download manifest
data/raw/bhavcopy_legacy/cm22JUN2017bhav.csv.zip,https://nsearchives.nseindia.com/content/historical/EQUITIES/2017/JUN/cm22JUN2017bhav.csv.zip,2017-06-22,57ec6421e0c342328b3f72bfee22de741b7d1902e898747316c259a202e57257,64740,historical NSE legacy equity bhavcopy,NSE download manifest
data/raw/bhavcopy_legacy/cm22JUN2018bhav.csv.zip,https://nsearchives.nseindia.com/content/historical/EQUITIES/2018/JUN/cm22JUN2018bhav.csv.zip,2018-06-22,d817ebabd8d78ea0b963b4fdca0b49a47cedbe54a4d6ed044cdd310286ac066b,67604,historical NSE legacy equity bhavcopy,NSE download manifest
data/raw/bhavcopy_legacy/cm22JUN2020bhav.csv.zip,https://nsearchives.nseindia.com/content/historical/EQUITIES/2020/JUN/cm22JUN2020bhav.csv.zip,2020-06-22,ba7d8674bc7750118fe1bb8d0c153358e9136ad74e74335406801f7e1cae6acf,71735,historical NSE legacy equity bhavcopy,NSE download manifest
data/raw/bhavcopy_legacy/cm22JUN2021bhav.csv.zip,https://nsearchives.nseindia.com/content/historical/EQUITIES/2021/JUN/cm22JUN2021bhav.csv.zip,2021-06-22,2b95d3abe5b8199bd02e42e47a580e8793664c1bd743409c4ac88daceeb4c495,77386,historical NSE legacy equity bhavcopy,NSE download manifest
data/raw/bhavcopy_legacy/cm22JUN2022bhav.csv.zip,https://nsearchives.nseindia.com/content/historical/EQUITIES/2022/JUN/cm22JUN2022bhav.csv.zip,2022-06-22,a6b36ac702b7dd3738a0ce89ac1c55d7aa5b7885bc6591808f0a4fd00961beff,81786,historical NSE legacy equity bhavcopy,NSE download manifest
data/raw/bhavcopy_legacy/cm22JUN2023bhav.csv.zip,https://nsearchives.nseindia.com/content/historical/EQUITIES/2023/JUN/cm22JUN2023bhav.csv.zip,2023-06-22,8db3eb79b2981edaaeab93e566413b47708254f2421e0bf991fdf98fba7e8920,91486,historical NSE legacy equity bhavcopy,NSE download manifest
data/raw/bhavcopy_legacy/cm22MAR2013bhav.csv.zip,https://nsearchives.nseindia.com/content/historical/EQUITIES/2013/MAR/cm22MAR2013bhav.csv.zip,2013-03-22,f104e19d4ae12567a24bfbae8dd73bf0963f7c56ca55cc3eaf9602900b6dcbfd,54669,historical NSE legacy equity bhavcopy,NSE download manifest
data/raw/bhavcopy_legacy/cm22MAR2014bhav.csv.zip,https://nsearchives.nseindia.com/content/historical/EQUITIES/2014/MAR/cm22MAR2014bhav.csv.zip,2014-03-22,a83a1b9924ccc4b2c396fca69235027fced18f210f6c009dc5f22a324f7e9410,45943,historical NSE legacy equity bhavcopy,NSE official URL reconstructed from special-session downloader filename rule
data/raw/bhavcopy_legacy/cm22MAR2016bhav.csv.zip,https://nsearchives.nseindia.com/content/historical/EQUITIES/2016/MAR/cm22MAR2016bhav.csv.zip,2016-03-22,f521ec956a5b38c9c7eff61572d70a4a1f0dcb57b4751290964a43dfe1cbb498,59025,historical NSE legacy equity bhavcopy,NSE download manifest
data/raw/bhavcopy_legacy/cm22MAR2017bhav.csv.zip,https://nsearchives.nseindia.com/content/historical/EQUITIES/2017/MAR/cm22MAR2017bhav.csv.zip,2017-03-22,5438ae2b5ed4613c9c73fa748ca21413c063d22d61adb6e6016343cfcaaa363b,64041,historical NSE legacy equity bhavcopy,NSE download manifest
data/raw/bhavcopy_legacy/cm22MAR2018bhav.csv.zip,https://nsearchives.nseindia.com/content/historical/EQUITIES/2018/MAR/cm22MAR2018bhav.csv.zip,2018-03-22,3004e7c93a3ded92c6c227ac8a676ea7cd2545d21fdb5e9163f4b080a538efb0,68802,historical NSE legacy equity bhavcopy,NSE download manifest
data/raw/bhavcopy_legacy/cm22MAR2019bhav.csv.zip,https://nsearchives.nseindia.com/content/historical/EQUITIES/2019/MAR/cm22MAR2019bhav.csv.zip,2019-03-22,aee5ce4fb07a583134bf349f695762ffa2fa1f5498630f805064594ef6917bf0,69886,historical NSE legacy equity bhavcopy,NSE download manifest
data/raw/bhavcopy_legacy/cm22MAR2021bhav.csv.zip,https://nsearchives.nseindia.com/content/historical/EQUITIES/2021/MAR/cm22MAR2021bhav.csv.zip,2021-03-22,7773ee77dcdfb2ac506f5405633ec55164079610180ff172a3f05489734e2939,76161,historical NSE legacy equity bhavcopy,NSE download manifest
data/raw/bhavcopy_legacy/cm22MAR2022bhav.csv.zip,https://nsearchives.nseindia.com/content/historical/EQUITIES/2022/MAR/cm22MAR2022bhav.csv.zip,2022-03-22,586b9238abaddc1346562605a86271ab061a7dc19bd44e92e3eed12ba40adf47,82579,historical NSE legacy equity bhavcopy,NSE download manifest
data/raw/bhavcopy_legacy/cm22MAR2023bhav.csv.zip,https://nsearchives.nseindia.com/content/historical/EQUITIES/2023/MAR/cm22MAR2023bhav.csv.zip,2023-03-22,81a64b58f7ba6352fc3ec10597ec25b40499edd83ae21dbd6c1115269da9869e,87575,historical NSE legacy equity bhavcopy,NSE download manifest
data/raw/bhavcopy_legacy/cm22MAR2024bhav.csv.zip,https://nsearchives.nseindia.com/content/historical/EQUITIES/2024/MAR/cm22MAR2024bhav.csv.zip,2024-03-22,3c546681808707196081da9a5aa9b523a1aa2f0784ceeb9a957bee672c03fd47,101739,historical NSE legacy equity bhavcopy,NSE download manifest
data/raw/bhavcopy_legacy/cm22MAY2013bhav.csv.zip,https://nsearchives.nseindia.com/content/historical/EQUITIES/2013/MAY/cm22MAY2013bhav.csv.zip,2013-05-22,fc9d9eb5fbb6890755050f395490ab2ec36c3ab9a432fe8869af3d3f2fee1da2,51219,historical NSE legacy equity bhavcopy,NSE download manifest
data/raw/bhavcopy_legacy/cm22MAY2014bhav.csv.zip,https://nsearchives.nseindia.com/content/historical/EQUITIES/2014/MAY/cm22MAY2014bhav.csv.zip,2014-05-22,77438e263b31c6e5f521986973eae46460a34df83db6aef11156909c5c183d0f,57942,historical NSE legacy equity bhavcopy,NSE download manifest
data/raw/bhavcopy_legacy/cm22MAY2015bhav.csv.zip,https://nsearchives.nseindia.com/content/historical/EQUITIES/2015/MAY/cm22MAY2015bhav.csv.zip,2015-05-22,d6f85025538269fd1fbd752a1e4aec1ace5afa0acc40ed8608ebc9bfc557eae3,56144,historical NSE legacy equity bhavcopy,NSE download manifest
data/raw/bhavcopy_legacy/cm22MAY2017bhav.csv.zip,https://nsearchives.nseindia.com/content/historical/EQUITIES/2017/MAY/cm22MAY2017bhav.csv.zip,2017-05-22,22f5f25d4f872efbb9b7b764a0ca0239303c3945231a779016885166f358e8f0,64985,historical NSE legacy equity bhavcopy,NSE download manifest
data/raw/bhavcopy_legacy/cm22MAY2018bhav.csv.zip,https://nsearchives.nseindia.com/content/historical/EQUITIES/2018/MAY/cm22MAY2018bhav.csv.zip,2018-05-22,ba6cb6a2fb03de1810e99de5557e583ad158af51f81d058983dca3bc972019e8,68255,historical NSE legacy equity bhavcopy,NSE download manifest
data/raw/bhavcopy_legacy/cm22MAY2019bhav.csv.zip,https://nsearchives.nseindia.com/content/historical/EQUITIES/2019/MAY/cm22MAY2019bhav.csv.zip,2019-05-22,2dba3770d8a8cf26b2b404c6ff44556474b8e26618239aa29111836889988029,68084,historical NSE legacy equity bhavcopy,NSE download manifest
data/raw/bhavcopy_legacy/cm22MAY2020bhav.csv.zip,https://nsearchives.nseindia.com/content/historical/EQUITIES/2020/MAY/cm22MAY2020bhav.csv.zip,2020-05-22,cfb6dc3068c3333ba688237866bb637b2a908e06d185c330975815ed7cc72fca,66457,historical NSE legacy equity bhavcopy,NSE download manifest
data/raw/bhavcopy_legacy/cm22MAY2023bhav.csv.zip,https://nsearchives.nseindia.com/content/historical/EQUITIES/2023/MAY/cm22MAY2023bhav.csv.zip,2023-05-22,d30f158d975de07f3194c0addf7e5669787df800593d98c967bda7b4e1588c25,90708,historical NSE legacy equity bhavcopy,NSE download manifest
data/raw/bhavcopy_legacy/cm22MAY2024bhav.csv.zip,https://nsearchives.nseindia.com/content/historical/EQUITIES/2024/MAY/cm22MAY2024bhav.csv.zip,2024-05-22,7889854e695811f2163b2c75a435f4bd277f58d4317555675e5b839cf54ee744,103502,historical NSE legacy equity bhavcopy,NSE download manifest
data/raw/bhavcopy_legacy/cm22NOV2013bhav.csv.zip,https://nsearchives.nseindia.com/content/historical/EQUITIES/2013/NOV/cm22NOV2013bhav.csv.zip,2013-11-22,8182b6dd884ad6fa8540c3ab76468b1cc764e48bc8b39ca8e2c5d881af1570eb,49290,historical NSE legacy equity bhavcopy,NSE download manifest
data/raw/bhavcopy_legacy/cm22NOV2016bhav.csv.zip,https://nsearchives.nseindia.com/content/historical/EQUITIES/2016/NOV/cm22NOV2016bhav.csv.zip,2016-11-22,d52e8739412d7984f9c5dc4afb08681069cc3fd6b1633d0ccaa5b19dacd31275,61530,historical NSE legacy equity bhavcopy,NSE download manifest
data/raw/bhavcopy_legacy/cm22NOV2017bhav.csv.zip,https://nsearchives.nseindia.com/content/historical/EQUITIES/2017/NOV/cm22NOV2017bhav.csv.zip,2017-11-22,87ff74958db5c0acb6b2cd7b0f939456d893d98f9bad145ff52b45baa829f7b2,67534,historical NSE legacy equity bhavcopy,NSE download manifest
data/raw/bhavcopy_legacy/cm22NOV2018bhav.csv.zip,https://nsearchives.nseindia.com/content/historical/EQUITIES/2018/NOV/cm22NOV2018bhav.csv.zip,2018-11-22,64887684e95990be6d7db4ce63387cc591828bedf2625f2fadf74082ba3f0239,67258,historical NSE legacy equity bhavcopy,NSE download manifest
data/raw/bhavcopy_legacy/cm22NOV2019bhav.csv.zip,https://nsearchives.nseindia.com/content/historical/EQUITIES/2019/NOV/cm22NOV2019bhav.csv.zip,2019-11-22,6b1544404180bc799f8f9f270f7757237d76b5c12dc7dab3143e07fc75b51d47,68604,historical NSE legacy equity bhavcopy,NSE download manifest
data/raw/bhavcopy_legacy/cm22NOV2021bhav.csv.zip,https://nsearchives.nseindia.com/content/historical/EQUITIES/2021/NOV/cm22NOV2021bhav.csv.zip,2021-11-22,9a5a7dc66d180b18f9c59c30d253b00db2894ecbcbb5f8807e01b5866baac744,81368,historical NSE legacy equity bhavcopy,NSE download manifest
data/raw/bhavcopy_legacy/cm22NOV2022bhav.csv.zip,https://nsearchives.nseindia.com/content/historical/EQUITIES/2022/NOV/cm22NOV2022bhav.csv.zip,2022-11-22,22dc08eab84d1c7d02d023e9c0a82932916a0bb9e9fc6f3743369bf2b7e35ae5,87016,historical NSE legacy equity bhavcopy,NSE download manifest
data/raw/bhavcopy_legacy/cm22NOV2023bhav.csv.zip,https://nsearchives.nseindia.com/content/historical/EQUITIES/2023/NOV/cm22NOV2023bhav.csv.zip,2023-11-22,6e51e2aca10ec2b82a9824965f8e67066d479086a118c7a00947030e650aa58f,97255,historical NSE legacy equity bhavcopy,NSE download manifest
data/raw/bhavcopy_legacy/cm22OCT2013bhav.csv.zip,https://nsearchives.nseindia.com/content/historical/EQUITIES/2013/OCT/cm22OCT2013bhav.csv.zip,2013-10-22,0d206c84f17c8e54be8d2dfbf562c647e064726cdfff1f708d3a993f92160c4b,50434,historical NSE legacy equity bhavcopy,NSE download manifest
data/raw/bhavcopy_legacy/cm22OCT2014bhav.csv.zip,https://nsearchives.nseindia.com/content/historical/EQUITIES/2014/OCT/cm22OCT2014bhav.csv.zip,2014-10-22,b11cb18cdf8256e06ce3a72ad8fc8a2c2723a5f32ce26659c372c431c408332f,56591,historical NSE legacy equity bhavcopy,NSE download manifest
data/raw/bhavcopy_legacy/cm22OCT2018bhav.csv.zip,https://nsearchives.nseindia.com/content/historical/EQUITIES/2018/OCT/cm22OCT2018bhav.csv.zip,2018-10-22,3f8905b986a628a09fd655f89e08987a6ec5fd3461335451904c82a24566c24f,68640,historical NSE legacy equity bhavcopy,NSE download manifest
data/raw/bhavcopy_legacy/cm22OCT2019bhav.csv.zip,https://nsearchives.nseindia.com/content/historical/EQUITIES/2019/OCT/cm22OCT2019bhav.csv.zip,2019-10-22,86c38a24d05bab1f8900b591b085842c6ea632f8335c5a5e56959d8fc9ec5509,69863,historical NSE legacy equity bhavcopy,NSE download manifest
data/raw/bhavcopy_legacy/cm22OCT2020bhav.csv.zip,https://nsearchives.nseindia.com/content/historical/EQUITIES/2020/OCT/cm22OCT2020bhav.csv.zip,2020-10-22,65bd6089a3f22ace504a20e0793f1c21255825758c36f4b571f709abdd880b43,71042,historical NSE legacy equity bhavcopy,NSE download manifest
data/raw/bhavcopy_legacy/cm22OCT2021bhav.csv.zip,https://nsearchives.nseindia.com/content/historical/EQUITIES/2021/OCT/cm22OCT2021bhav.csv.zip,2021-10-22,8873e89054545d988efcfa3d6c4dae70fd91c06ca5d81dfb22e49c0b23ec38bd,79669,historical NSE legacy equity bhavcopy,NSE download manifest
data/raw/bhavcopy_legacy/cm22SEP2014bhav.csv.zip,https://nsearchives.nseindia.com/content/historical/EQUITIES/2014/SEP/cm22SEP2014bhav.csv.zip,2014-09-22,ce51783c801e3af18b68bbb386b6cb895b3b502de03cd22e3277eae26bc592a7,58348,historical NSE legacy equity bhavcopy,NSE download manifest
data/raw/bhavcopy_legacy/cm22SEP2015bhav.csv.zip,https://nsearchives.nseindia.com/content/historical/EQUITIES/2015/SEP/cm22SEP2015bhav.csv.zip,2015-09-22,09a7be8ad14062a115b629b3df0ef8f453e411db07af6d126375c53baabeb746,56767,historical NSE legacy equity bhavcopy,NSE download manifest
data/raw/bhavcopy_legacy/cm22SEP2016bhav.csv.zip,https://nsearchives.nseindia.com/content/historical/EQUITIES/2016/SEP/cm22SEP2016bhav.csv.zip,2016-09-22,812b7c71170441054dced47477e53e2e76aec2962b94f7308185f0b0a8b13874,62414,historical NSE legacy equity bhavcopy,NSE download manifest
data/raw/bhavcopy_legacy/cm22SEP2017bhav.csv.zip,https://nsearchives.nseindia.com/content/historical/EQUITIES/2017/SEP/cm22SEP2017bhav.csv.zip,2017-09-22,43506eb93dc119273a58ef9c6f8c37899aeb877b5cf4b79b2820f20e3c45595c,65203,historical NSE legacy equity bhavcopy,NSE download manifest
data/raw/bhavcopy_legacy/cm22SEP2020bhav.csv.zip,https://nsearchives.nseindia.com/content/historical/EQUITIES/2020/SEP/cm22SEP2020bhav.csv.zip,2020-09-22,92936ee2475222d3d52b9c39f325d498f196c4abbe2eb9d6495923053006dd4d,70987,historical NSE legacy equity bhavcopy,NSE download manifest
data/raw/bhavcopy_legacy/cm22SEP2021bhav.csv.zip,https://nsearchives.nseindia.com/content/historical/EQUITIES/2021/SEP/cm22SEP2021bhav.csv.zip,2021-09-22,60634f87679ebda37e8e0933858988838e830eb4d699eab7112c40cb99f6f61a,78478,historical NSE legacy equity bhavcopy,NSE download manifest
data/raw/bhavcopy_legacy/cm22SEP2022bhav.csv.zip,https://nsearchives.nseindia.com/content/historical/EQUITIES/2022/SEP/cm22SEP2022bhav.csv.zip,2022-09-22,a3cbad89e045256098ae7eec0b67354c5275a56ff3a83a23cea32b7cbad345bf,85787,historical NSE legacy equity bhavcopy,NSE download manifest
data/raw/bhavcopy_legacy/cm22SEP2023bhav.csv.zip,https://nsearchives.nseindia.com/content/historical/EQUITIES/2023/SEP/cm22SEP2023bhav.csv.zip,2023-09-22,65f89fc5f61340e61a0d89a9436ae223d5c2456d3a444c230a51eea4b1406801,93632,historical NSE legacy equity bhavcopy,NSE download manifest
data/raw/bhavcopy_legacy/cm23APR2013bhav.csv.zip,https://nsearchives.nseindia.com/content/historical/EQUITIES/2013/APR/cm23APR2013bhav.csv.zip,2013-04-23,24169b040f78b6be97d44a7e9e0e3aeed07394b4bf8b05d87e7894bff46f4e05,50708,historical NSE legacy equity bhavcopy,NSE download manifest
data/raw/bhavcopy_legacy/cm23APR2014bhav.csv.zip,https://nsearchives.nseindia.com/content/historical/EQUITIES/2014/APR/cm23APR2014bhav.csv.zip,2014-04-23,8c3ea5cf029daae615299282979ae48f4e788ad8a68b498346895ef491fe5fc5,56331,historical NSE legacy equity bhavcopy,NSE download manifest
data/raw/bhavcopy_legacy/cm23APR2015bhav.csv.zip,https://nsearchives.nseindia.com/content/historical/EQUITIES/2015/APR/cm23APR2015bhav.csv.zip,2015-04-23,328a5e54c7d28747edd88a953a564bffd0624e0ffcc8b727f96920a0155daf5f,56768,historical NSE legacy equity bhavcopy,NSE download manifest
data/raw/bhavcopy_legacy/cm23APR2018bhav.csv.zip,https://nsearchives.nseindia.com/content/historical/EQUITIES/2018/APR/cm23APR2018bhav.csv.zip,2018-04-23,2202b26e45cec2375af2078b663535096d1f5ad9a1a9897eb56d8ede30be595a,68977,historical NSE legacy equity bhavcopy,NSE download manifest
data/raw/bhavcopy_legacy/cm23APR2019bhav.csv.zip,https://nsearchives.nseindia.com/content/historical/EQUITIES/2019/APR/cm23APR2019bhav.csv.zip,2019-04-23,5783418c132bfa72661a7e34a76cecc88c1f5654d9321e5bec0f5a5355f84b7e,68445,historical NSE legacy equity bhavcopy,NSE download manifest
data/raw/bhavcopy_legacy/cm23APR2020bhav.csv.zip,https://nsearchives.nseindia.com/content/historical/EQUITIES/2020/APR/cm23APR2020bhav.csv.zip,2020-04-23,94ae703f60ac60de1db4b8ff4a765cd2c324f7c1780005eba1d725d75a44e535,68064,historical NSE legacy equity bhavcopy,NSE download manifest
data/raw/bhavcopy_legacy/cm23APR2021bhav.csv.zip,https://nsearchives.nseindia.com/content/historical/EQUITIES/2021/APR/cm23APR2021bhav.csv.zip,2021-04-23,842730ff2e3399da59e858114177c4a67dda8c40bf1fa292033eee1a95a2955c,74122,historical NSE legacy equity bhavcopy,NSE download manifest
data/raw/bhavcopy_legacy/cm23APR2024bhav.csv.zip,https://nsearchives.nseindia.com/content/historical/EQUITIES/2024/APR/cm23APR2024bhav.csv.zip,2024-04-23,6360898d8d7397859e90f25c35221baa779fdd82fe38634ee6aec59038d77422,103098,historical NSE legacy equity bhavcopy,NSE download manifest
data/raw/bhavcopy_legacy/cm23AUG2013bhav.csv.zip,https://nsearchives.nseindia.com/content/historical/EQUITIES/2013/AUG/cm23AUG2013bhav.csv.zip,2013-08-23,523b029f21d6b632eeb19551442a0903e14c9e0d5571489cecd89afbb4066972,47499,historical NSE legacy equity bhavcopy,NSE download manifest
data/raw/bhavcopy_legacy/cm23AUG2016bhav.csv.zip,https://nsearchives.nseindia.com/content/historical/EQUITIES/2016/AUG/cm23AUG2016bhav.csv.zip,2016-08-23,bdcaf7cc103a0bf25da76a322cd7434d211cc1e5c0a529bdfec4b483b44bf7e4,61530,historical NSE legacy equity bhavcopy,NSE download manifest
data/raw/bhavcopy_legacy/cm23AUG2017bhav.csv.zip,https://nsearchives.nseindia.com/content/historical/EQUITIES/2017/AUG/cm23AUG2017bhav.csv.zip,2017-08-23,c8321b1e57afddb152a8803ce640d92ed5c4399d2dbea5bf6b62711ef0665307,64065,historical NSE legacy equity bhavcopy,NSE download manifest
data/raw/bhavcopy_legacy/cm23AUG2018bhav.csv.zip,https://nsearchives.nseindia.com/content/historical/EQUITIES/2018/AUG/cm23AUG2018bhav.csv.zip,2018-08-23,a767e7024036c6389a70bd8923bbc4f1907c63076414c4c85c648d0ce4f2604e,69163,historical NSE legacy equity bhavcopy,NSE download manifest
data/raw/bhavcopy_legacy/cm23AUG2019bhav.csv.zip,https://nsearchives.nseindia.com/content/historical/EQUITIES/2019/AUG/cm23AUG2019bhav.csv.zip,2019-08-23,0fcf307e5b738af4a7a516b52747d52c2ffec5a62f9db8a6ea34294202ded43b,68466,historical NSE legacy equity bhavcopy,NSE download manifest
data/raw/bhavcopy_legacy/cm23AUG2021bhav.csv.zip,https://nsearchives.nseindia.com/content/historical/EQUITIES/2021/AUG/cm23AUG2021bhav.csv.zip,2021-08-23,eb0096fe7a7bcc8f4d029f0dd9f2a7ec2017bf14f50b8028b45a53f78e077f5e,79369,historical NSE legacy equity bhavcopy,NSE download manifest
data/raw/bhavcopy_legacy/cm23AUG2022bhav.csv.zip,https://nsearchives.nseindia.com/content/historical/EQUITIES/2022/AUG/cm23AUG2022bhav.csv.zip,2022-08-23,aaf4fccbde162e33505660f05bb1ea4f358faf9ef93e449072f64b4aeaf99276,84121,historical NSE legacy equity bhavcopy,NSE download manifest
data/raw/bhavcopy_legacy/cm23AUG2023bhav.csv.zip,https://nsearchives.nseindia.com/content/historical/EQUITIES/2023/AUG/cm23AUG2023bhav.csv.zip,2023-08-23,dd80a57131cdb5403f5074ddd6783727303e5e029509f8adc56744f6905f181f,93117,historical NSE legacy equity bhavcopy,NSE download manifest
data/raw/bhavcopy_legacy/cm23DEC2013bhav.csv.zip,https://nsearchives.nseindia.com/content/historical/EQUITIES/2013/DEC/cm23DEC2013bhav.csv.zip,2013-12-23,46f22079653c8c4b6e2eddda2bd8852f1b225b3ddfccd738714ef908ce5d9862,50606,historical NSE legacy equity bhavcopy,NSE download manifest
data/raw/bhavcopy_legacy/cm23DEC2014bhav.csv.zip,https://nsearchives.nseindia.com/content/historical/EQUITIES/2014/DEC/cm23DEC2014bhav.csv.zip,2014-12-23,d1e0d34e29aa605f1616dd43a76fb5c21b28b6537dddb9e6f9689a746b961abc,56997,historical NSE legacy equity bhavcopy,NSE download manifest
data/raw/bhavcopy_legacy/cm23DEC2015bhav.csv.zip,https://nsearchives.nseindia.com/content/historical/EQUITIES/2015/DEC/cm23DEC2015bhav.csv.zip,2015-12-23,b8fcb53fa298ae8e445111c5def003a2eb983ddc4f382e30d0ba1acea82b71d6,58987,historical NSE legacy equity bhavcopy,NSE download manifest
data/raw/bhavcopy_legacy/cm23DEC2016bhav.csv.zip,https://nsearchives.nseindia.com/content/historical/EQUITIES/2016/DEC/cm23DEC2016bhav.csv.zip,2016-12-23,0a0444d33afbc881de677e02c990d09cfcf875543bb0fe7fe793fa2eb44e775e,61267,historical NSE legacy equity bhavcopy,NSE download manifest
data/raw/bhavcopy_legacy/cm23DEC2019bhav.csv.zip,https://nsearchives.nseindia.com/content/historical/EQUITIES/2019/DEC/cm23DEC2019bhav.csv.zip,2019-12-23,9914c24d3667ec21962f182e2cc658ebb75f7930ec05b513ad5f6494af4c11ee,69035,historical NSE legacy equity bhavcopy,NSE download manifest
data/raw/bhavcopy_legacy/cm23DEC2020bhav.csv.zip,https://nsearchives.nseindia.com/content/historical/EQUITIES/2020/DEC/cm23DEC2020bhav.csv.zip,2020-12-23,5ce13007455d20b97fccfc2254392bb207f3e9635823b252b923dc417cc90608,73524,historical NSE legacy equity bhavcopy,NSE download manifest
data/raw/bhavcopy_legacy/cm23DEC2021bhav.csv.zip,https://nsearchives.nseindia.com/content/historical/EQUITIES/2021/DEC/cm23DEC2021bhav.csv.zip,2021-12-23,4a4cc83684bd6f35cf2fa3912ac37704cf68b63f7115636fc84ee57a80e06624,80659,historical NSE legacy equity bhavcopy,NSE download manifest
data/raw/bhavcopy_legacy/cm23DEC2022bhav.csv.zip,https://nsearchives.nseindia.com/content/historical/EQUITIES/2022/DEC/cm23DEC2022bhav.csv.zip,2022-12-23,ac08f485f8b2c7a0bc294c2fef80715bacec5f0f43c6c63d50f1f16b2efd01b7,88890,historical NSE legacy equity bhavcopy,NSE download manifest
data/raw/bhavcopy_legacy/cm23FEB2015bhav.csv.zip,https://nsearchives.nseindia.com/content/historical/EQUITIES/2015/FEB/cm23FEB2015bhav.csv.zip,2015-02-23,7bcf1fe1de6a05e053fd40067e9c0f5cd49d0bd7e652d35d9032029e0cc91c0f,57338,historical NSE legacy equity bhavcopy,NSE download manifest
data/raw/bhavcopy_legacy/cm23FEB2016bhav.csv.zip,https://nsearchives.nseindia.com/content/historical/EQUITIES/2016/FEB/cm23FEB2016bhav.csv.zip,2016-02-23,502841dcaf89f5dd31d3865b66104d637166a942174135c532fd6ec266d5fe08,57304,historical NSE legacy equity bhavcopy,NSE download manifest
data/raw/bhavcopy_legacy/cm23FEB2017bhav.csv.zip,https://nsearchives.nseindia.com/content/historical/EQUITIES/2017/FEB/cm23FEB2017bhav.csv.zip,2017-02-23,2bf8a01fb55a9b52f41829835e1f79cef7f193373a00ed7ca07b60e039951e02,63015,historical NSE legacy equity bhavcopy,NSE download manifest
data/raw/bhavcopy_legacy/cm23FEB2018bhav.csv.zip,https://nsearchives.nseindia.com/content/historical/EQUITIES/2018/FEB/cm23FEB2018bhav.csv.zip,2018-02-23,c0618104d498d8b984796d0a4c46eccfff2b7b5f6bfaaccaa8d4cdbf6b55081a,68035,historical NSE legacy equity bhavcopy,NSE download manifest
data/raw/bhavcopy_legacy/cm23FEB2021bhav.csv.zip,https://nsearchives.nseindia.com/content/historical/EQUITIES/2021/FEB/cm23FEB2021bhav.csv.zip,2021-02-23,940e7213ed8f181b6b160ff61b44f4e71d555226d19d55ec10fcc84a233eb4f9,74059,historical NSE legacy equity bhavcopy,NSE download manifest
data/raw/bhavcopy_legacy/cm23FEB2022bhav.csv.zip,https://nsearchives.nseindia.com/content/historical/EQUITIES/2022/FEB/cm23FEB2022bhav.csv.zip,2022-02-23,d43efb5dc6231f19df1e9b645ee4b36af668b41cba26425dd966e8975f3e684a,81604,historical NSE legacy equity bhavcopy,NSE download manifest
data/raw/bhavcopy_legacy/cm23FEB2023bhav.csv.zip,https://nsearchives.nseindia.com/content/historical/EQUITIES/2023/FEB/cm23FEB2023bhav.csv.zip,2023-02-23,f753ce71992d0ec39244522e9a9cb96ca193284eafae8283e38d260f9497e9e7,86934,historical NSE legacy equity bhavcopy,NSE download manifest
data/raw/bhavcopy_legacy/cm23FEB2024bhav.csv.zip,https://nsearchives.nseindia.com/content/historical/EQUITIES/2024/FEB/cm23FEB2024bhav.csv.zip,2024-02-23,b711d892a0183f4b4c165783e637b0f632673e8057a0ef890bbc32121fd2d431,100795,historical NSE legacy equity bhavcopy,NSE download manifest
data/raw/bhavcopy_legacy/cm23JAN2013bhav.csv.zip,https://nsearchives.nseindia.com/content/historical/EQUITIES/2013/JAN/cm23JAN2013bhav.csv.zip,2013-01-23,6a9cf3bcfe9efaa4f78a31d1398b98910cde2ef5c496a34503e21bfceae3d99a,56224,historical NSE legacy equity bhavcopy,NSE download manifest
data/raw/bhavcopy_legacy/cm23JAN2014bhav.csv.zip,https://nsearchives.nseindia.com/content/historical/EQUITIES/2014/JAN/cm23JAN2014bhav.csv.zip,2014-01-23,b78a6a69b03405bbc8e0d6be24820e9fc1eb9a67d7404dff2f5af367baf4668a,52920,historical NSE legacy equity bhavcopy,NSE download manifest
data/raw/bhavcopy_legacy/cm23JAN2015bhav.csv.zip,https://nsearchives.nseindia.com/content/historical/EQUITIES/2015/JAN/cm23JAN2015bhav.csv.zip,2015-01-23,ad05330799be64d71d35a361f18f694310aeeb7bc9bdb20eacedd9862477d6fa,58883,historical NSE legacy equity bhavcopy,NSE download manifest
data/raw/bhavcopy_legacy/cm23JAN2017bhav.csv.zip,https://nsearchives.nseindia.com/content/historical/EQUITIES/2017/JAN/cm23JAN2017bhav.csv.zip,2017-01-23,86d2a2bdd1fe383eec9130d38a4deafb387ba57ef87b991c5d855337c06ac6d8,62993,historical NSE legacy equity bhavcopy,NSE download manifest
data/raw/bhavcopy_legacy/cm23JAN2018bhav.csv.zip,https://nsearchives.nseindia.com/content/historical/EQUITIES/2018/JAN/cm23JAN2018bhav.csv.zip,2018-01-23,23c36bddecc6e73c032921b032683c26c44549eddc9098eee63c2a0fb22281f7,69191,historical NSE legacy equity bhavcopy,NSE download manifest
data/raw/bhavcopy_legacy/cm23JAN2019bhav.csv.zip,https://nsearchives.nseindia.com/content/historical/EQUITIES/2019/JAN/cm23JAN2019bhav.csv.zip,2019-01-23,ab0a06b0eb151ed19c4aeaf387a636eedd77fa13e8ef196261aa466344aae358,66538,historical NSE legacy equity bhavcopy,NSE download manifest
data/raw/bhavcopy_legacy/cm23JAN2020bhav.csv.zip,https://nsearchives.nseindia.com/content/historical/EQUITIES/2020/JAN/cm23JAN2020bhav.csv.zip,2020-01-23,f5c093f32503e2538a368c36080d9c9f2090e59b13daf9b3447243005f17508b,69821,historical NSE legacy equity bhavcopy,NSE download manifest
data/raw/bhavcopy_legacy/cm23JAN2023bhav.csv.zip,https://nsearchives.nseindia.com/content/historical/EQUITIES/2023/JAN/cm23JAN2023bhav.csv.zip,2023-01-23,ae83c92fc31f95b3cfdcd0546daed2d346e89555662d168fba42ec7147820e88,88998,historical NSE legacy equity bhavcopy,NSE download manifest
data/raw/bhavcopy_legacy/cm23JAN2024bhav.csv.zip,https://nsearchives.nseindia.com/content/historical/EQUITIES/2024/JAN/cm23JAN2024bhav.csv.zip,2024-01-23,2f999c85b32f5b982466e2717b6885ee1c63325cd10b6c0e77b34b84cdda3d1a,101857,historical NSE legacy equity bhavcopy,NSE download manifest
data/raw/bhavcopy_legacy/cm23JUL2013bhav.csv.zip,https://nsearchives.nseindia.com/content/historical/EQUITIES/2013/JUL/cm23JUL2013bhav.csv.zip,2013-07-23,df1879d2c3a0c2b4a29831371351b542998ac32848b3c2fbf79b1b95199da490,48465,historical NSE legacy equity bhavcopy,NSE download manifest
data/raw/bhavcopy_legacy/cm23JUL2014bhav.csv.zip,https://nsearchives.nseindia.com/content/historical/EQUITIES/2014/JUL/cm23JUL2014bhav.csv.zip,2014-07-23,63beb315705932728bbb887780d46d23536db9ee59c16968e9776e5c2a68212e,57565,historical NSE legacy equity bhavcopy,NSE download manifest
data/raw/bhavcopy_legacy/cm23JUL2015bhav.csv.zip,https://nsearchives.nseindia.com/content/historical/EQUITIES/2015/JUL/cm23JUL2015bhav.csv.zip,2015-07-23,04a506984cc6115e8d2fe555d00380278b4238aa592cc30f1f27d2563fdb7dc9,57139,historical NSE legacy equity bhavcopy,NSE download manifest
data/raw/bhavcopy_legacy/cm23JUL2018bhav.csv.zip,https://nsearchives.nseindia.com/content/historical/EQUITIES/2018/JUL/cm23JUL2018bhav.csv.zip,2018-07-23,ef29b1709ff9373af34291ec2994598c8ed2a56ec863e0240232ff14a25ac077,67295,historical NSE legacy equity bhavcopy,NSE download manifest
data/raw/bhavcopy_legacy/cm23JUL2019bhav.csv.zip,https://nsearchives.nseindia.com/content/historical/EQUITIES/2019/JUL/cm23JUL2019bhav.csv.zip,2019-07-23,d8b3d5d458823ad695b14681a341a6d9b66023d60e181b9fd011f74bd34e986b,68301,historical NSE legacy equity bhavcopy,NSE download manifest
data/raw/bhavcopy_legacy/cm23JUL2020bhav.csv.zip,https://nsearchives.nseindia.com/content/historical/EQUITIES/2020/JUL/cm23JUL2020bhav.csv.zip,2020-07-23,fc22c556d33606305313267434405b645095e33e38928ed67c7520ad93bd38ff,70037,historical NSE legacy equity bhavcopy,NSE download manifest
data/raw/bhavcopy_legacy/cm23JUL2021bhav.csv.zip,https://nsearchives.nseindia.com/content/historical/EQUITIES/2021/JUL/cm23JUL2021bhav.csv.zip,2021-07-23,71b8ac34db617ff6073ef9c7ccb7dbd4fe0742db69da978eabab8c25a96adbb9,77916,historical NSE legacy equity bhavcopy,NSE download manifest
data/raw/bhavcopy_legacy/cm23JUN2014bhav.csv.zip,https://nsearchives.nseindia.com/content/historical/EQUITIES/2014/JUN/cm23JUN2014bhav.csv.zip,2014-06-23,74da6476f055a97946205de495f88acad02602ab4d57c9b61fe68e885d259ddb,56899,historical NSE legacy equity bhavcopy,NSE download manifest
data/raw/bhavcopy_legacy/cm23JUN2015bhav.csv.zip,https://nsearchives.nseindia.com/content/historical/EQUITIES/2015/JUN/cm23JUN2015bhav.csv.zip,2015-06-23,9efccf9e6aeefb940cc60128d6f2ed75142650e35bb3dd2ba43495898281077b,56095,historical NSE legacy equity bhavcopy,NSE download manifest
data/raw/bhavcopy_legacy/cm23JUN2016bhav.csv.zip,https://nsearchives.nseindia.com/content/historical/EQUITIES/2016/JUN/cm23JUN2016bhav.csv.zip,2016-06-23,f8fe37943be92f5d5befa1a354f86f9a761ee4ee9509ed7c75c1a62ea87d8141,59591,historical NSE legacy equity bhavcopy,NSE download manifest
data/raw/bhavcopy_legacy/cm23JUN2017bhav.csv.zip,https://nsearchives.nseindia.com/content/historical/EQUITIES/2017/JUN/cm23JUN2017bhav.csv.zip,2017-06-23,6e59b08fca9444e9506dcdfced7614ba1c0bf093ed311bdc8b272c6db8f9024e,64979,historical NSE legacy equity bhavcopy,NSE download manifest
data/raw/bhavcopy_legacy/cm23JUN2020bhav.csv.zip,https://nsearchives.nseindia.com/content/historical/EQUITIES/2020/JUN/cm23JUN2020bhav.csv.zip,2020-06-23,dfc175559e6c2f5301db18b83b2db87e5f4ab765ace248dce243513238a66e18,70067,historical NSE legacy equity bhavcopy,NSE download manifest
data/raw/bhavcopy_legacy/cm23JUN2021bhav.csv.zip,https://nsearchives.nseindia.com/content/historical/EQUITIES/2021/JUN/cm23JUN2021bhav.csv.zip,2021-06-23,112709de737f07eafe8d8454e1b266b927a27033d007dba233934c19ade5257e,76785,historical NSE legacy equity bhavcopy,NSE download manifest
data/raw/bhavcopy_legacy/cm23JUN2022bhav.csv.zip,https://nsearchives.nseindia.com/content/historical/EQUITIES/2022/JUN/cm23JUN2022bhav.csv.zip,2022-06-23,5d2cf258404f38cdef22a1fa18b5c6ced5c623a1f5b85587ab22eaa4e6c69263,81689,historical NSE legacy equity bhavcopy,NSE download manifest
data/raw/bhavcopy_legacy/cm23JUN2023bhav.csv.zip,https://nsearchives.nseindia.com/content/historical/EQUITIES/2023/JUN/cm23JUN2023bhav.csv.zip,2023-06-23,698f1c085535a90582c36bbffe7f06f31c7538e09347547286ece5a768bfbab6,91000,historical NSE legacy equity bhavcopy,NSE download manifest
data/raw/bhavcopy_legacy/cm23MAR2015bhav.csv.zip,https://nsearchives.nseindia.com/content/historical/EQUITIES/2015/MAR/cm23MAR2015bhav.csv.zip,2015-03-23,0e0bf3ba4fbd4e51385f3d91f3f816a2478385cd06d1fd79edf2b6108be5d5a3,57168,historical NSE legacy equity bhavcopy,NSE download manifest
data/raw/bhavcopy_legacy/cm23MAR2016bhav.csv.zip,https://nsearchives.nseindia.com/content/historical/EQUITIES/2016/MAR/cm23MAR2016bhav.csv.zip,2016-03-23,a5e6833029c9de60de57083a9a95560c12d15caba108d6ee849d53e1059c8de3,58701,historical NSE legacy equity bhavcopy,NSE download manifest
data/raw/bhavcopy_legacy/cm23MAR2017bhav.csv.zip,https://nsearchives.nseindia.com/content/historical/EQUITIES/2017/MAR/cm23MAR2017bhav.csv.zip,2017-03-23,b36c395ed33107d3d19273e5ddf3f0f3a9054dbb1104143b5b16f3945b5b6fb1,64054,historical NSE legacy equity bhavcopy,NSE download manifest
data/raw/bhavcopy_legacy/cm23MAR2018bhav.csv.zip,https://nsearchives.nseindia.com/content/historical/EQUITIES/2018/MAR/cm23MAR2018bhav.csv.zip,2018-03-23,a6acfb10e85f27bd665ebd3b6050d853d770d3afaae72dfda3fd0a4cb2268d29,69263,historical NSE legacy equity bhavcopy,NSE download manifest
data/raw/bhavcopy_legacy/cm23MAR2020bhav.csv.zip,https://nsearchives.nseindia.com/content/historical/EQUITIES/2020/MAR/cm23MAR2020bhav.csv.zip,2020-03-23,2806459732d60d63adf7d3340307aa257d3677593dc5f27d118f5af89e1a7d32,66967,historical NSE legacy equity bhavcopy,NSE download manifest
data/raw/bhavcopy_legacy/cm23MAR2021bhav.csv.zip,https://nsearchives.nseindia.com/content/historical/EQUITIES/2021/MAR/cm23MAR2021bhav.csv.zip,2021-03-23,e05fc570039575453b8d184ce1ec5bfac05c6deae4b791ed31dcf85413942868,74935,historical NSE legacy equity bhavcopy,NSE download manifest
data/raw/bhavcopy_legacy/cm23MAR2022bhav.csv.zip,https://nsearchives.nseindia.com/content/historical/EQUITIES/2022/MAR/cm23MAR2022bhav.csv.zip,2022-03-23,99c6e589fc8fc6f8eb5c19ff65401d5cdf5983c2c6fe6b4c9297bbe1f3f94eb9,82242,historical NSE legacy equity bhavcopy,NSE download manifest
data/raw/bhavcopy_legacy/cm23MAR2023bhav.csv.zip,https://nsearchives.nseindia.com/content/historical/EQUITIES/2023/MAR/cm23MAR2023bhav.csv.zip,2023-03-23,e0434aa2b92c160e2ed4c071979888851a1a1ca66d55d1f94866594f8f0a0ef3,87731,historical NSE legacy equity bhavcopy,NSE download manifest
data/raw/bhavcopy_legacy/cm23MAY2013bhav.csv.zip,https://nsearchives.nseindia.com/content/historical/EQUITIES/2013/MAY/cm23MAY2013bhav.csv.zip,2013-05-23,c88f0315d3fac1e7623b2e66e4794bb87c779d5f9d8f32ff64d3ad6c852b88b6,50926,historical NSE legacy equity bhavcopy,NSE download manifest
data/raw/bhavcopy_legacy/cm23MAY2014bhav.csv.zip,https://nsearchives.nseindia.com/content/historical/EQUITIES/2014/MAY/cm23MAY2014bhav.csv.zip,2014-05-23,3c081e0cf323d8343be0fd906052c0fb99f6eb8ab597bf48aba3a3a71f31579b,58130,historical NSE legacy equity bhavcopy,NSE download manifest
data/raw/bhavcopy_legacy/cm23MAY2016bhav.csv.zip,https://nsearchives.nseindia.com/content/historical/EQUITIES/2016/MAY/cm23MAY2016bhav.csv.zip,2016-05-23,4b768c61ddb4832712b5926831b3581808d5766f4c20afbc482775a8b27b88d3,59144,historical NSE legacy equity bhavcopy,NSE download manifest
data/raw/bhavcopy_legacy/cm23MAY2017bhav.csv.zip,https://nsearchives.nseindia.com/content/historical/EQUITIES/2017/MAY/cm23MAY2017bhav.csv.zip,2017-05-23,0c9373cd4d0c1b1a580fadaaf01f2eacaa8d40d7017565aeb25bf16e3bd13839,64453,historical NSE legacy equity bhavcopy,NSE download manifest
data/raw/bhavcopy_legacy/cm23MAY2018bhav.csv.zip,https://nsearchives.nseindia.com/content/historical/EQUITIES/2018/MAY/cm23MAY2018bhav.csv.zip,2018-05-23,a6e9ebeb1d09b2ba1195e155b4227ce2179c06331450240de3dc7dd86009c40a,68391,historical NSE legacy equity bhavcopy,NSE download manifest
data/raw/bhavcopy_legacy/cm23MAY2019bhav.csv.zip,https://nsearchives.nseindia.com/content/historical/EQUITIES/2019/MAY/cm23MAY2019bhav.csv.zip,2019-05-23,b5e8e3389527683b1337e40505430a95bc904511a2ddd13e255c165d38378f38,68254,historical NSE legacy equity bhavcopy,NSE download manifest
data/raw/bhavcopy_legacy/cm23MAY2022bhav.csv.zip,https://nsearchives.nseindia.com/content/historical/EQUITIES/2022/MAY/cm23MAY2022bhav.csv.zip,2022-05-23,41b6712dfee798a53b7507e3d7212ba0b1b6a2ac3dee3759aa37222189a10576,83721,historical NSE legacy equity bhavcopy,NSE download manifest
data/raw/bhavcopy_legacy/cm23MAY2023bhav.csv.zip,https://nsearchives.nseindia.com/content/historical/EQUITIES/2023/MAY/cm23MAY2023bhav.csv.zip,2023-05-23,faf609f88bca80a6a840598c577bf31a56193c0d600e9b95cd69b43433c73fb7,88864,historical NSE legacy equity bhavcopy,NSE download manifest
data/raw/bhavcopy_legacy/cm23MAY2024bhav.csv.zip,https://nsearchives.nseindia.com/content/historical/EQUITIES/2024/MAY/cm23MAY2024bhav.csv.zip,2024-05-23,4a8e6801baefacedc24bd664341efda3a4dc921288d8aedc5932aa72e2c8814e,103442,historical NSE legacy equity bhavcopy,NSE download manifest
data/raw/bhavcopy_legacy/cm23NOV2015bhav.csv.zip,https://nsearchives.nseindia.com/content/historical/EQUITIES/2015/NOV/cm23NOV2015bhav.csv.zip,2015-11-23,0332d5c2429cf12b6b911812dfea52b20b3ccdf69b009f9aeeeee105095fc008,58206,historical NSE legacy equity bhavcopy,NSE download manifest
data/raw/bhavcopy_legacy/cm23NOV2016bhav.csv.zip,https://nsearchives.nseindia.com/content/historical/EQUITIES/2016/NOV/cm23NOV2016bhav.csv.zip,2016-11-23,186140a15f0b27bcb72c75d38e0eb591f05b6875c80d6db21b96082708384ba1,61156,historical NSE legacy equity bhavcopy,NSE download manifest
data/raw/bhavcopy_legacy/cm23NOV2017bhav.csv.zip,https://nsearchives.nseindia.com/content/historical/EQUITIES/2017/NOV/cm23NOV2017bhav.csv.zip,2017-11-23,f30921d61e010d4359e18a676483ee36d390c96f8b4472ffd4f5f61b0eb535cd,66892,historical NSE legacy equity bhavcopy,NSE download manifest
data/raw/bhavcopy_legacy/cm23NOV2020bhav.csv.zip,https://nsearchives.nseindia.com/content/historical/EQUITIES/2020/NOV/cm23NOV2020bhav.csv.zip,2020-11-23,cc4265f965f26d4652dc235f9f9804bb7ed73dee0807fe74909b16b476795b42,73865,historical NSE legacy equity bhavcopy,NSE download manifest
data/raw/bhavcopy_legacy/cm23NOV2021bhav.csv.zip,https://nsearchives.nseindia.com/content/historical/EQUITIES/2021/NOV/cm23NOV2021bhav.csv.zip,2021-11-23,0984add4250806a0dd1f81024cc505c9ae99ce0e689ba4aebc3d08b099e39588,79674,historical NSE legacy equity bhavcopy,NSE download manifest
data/raw/bhavcopy_legacy/cm23NOV2022bhav.csv.zip,https://nsearchives.nseindia.com/content/historical/EQUITIES/2022/NOV/cm23NOV2022bhav.csv.zip,2022-11-23,805fcca58e984b9b5192739ba69965b5f87e9ca81d154f2e01d8cf4db5785333,86262,historical NSE legacy equity bhavcopy,NSE download manifest
data/raw/bhavcopy_legacy/cm23NOV2023bhav.csv.zip,https://nsearchives.nseindia.com/content/historical/EQUITIES/2023/NOV/cm23NOV2023bhav.csv.zip,2023-11-23,99d9709a8bdcf30a69263cff3e7730169c214b66dba26f2e7ced3e82222601a4,96230,historical NSE legacy equity bhavcopy,NSE download manifest
data/raw/bhavcopy_legacy/cm23OCT2013bhav.csv.zip,https://nsearchives.nseindia.com/content/historical/EQUITIES/2013/OCT/cm23OCT2013bhav.csv.zip,2013-10-23,99c39829b1c6042b314e7224bf4dcdc3dc8fe4c16e164c7b7de601b6942cb64d,49584,historical NSE legacy equity bhavcopy,NSE download manifest
data/raw/bhavcopy_legacy/cm23OCT2014bhav.csv.zip,https://nsearchives.nseindia.com/content/historical/EQUITIES/2014/OCT/cm23OCT2014bhav.csv.zip,2014-10-23,c9725de9c1ad27c4f5b90211ac8842e66a9615aa615fd337e625a4624850ea50,52618,historical NSE legacy equity bhavcopy,NSE download manifest
data/raw/bhavcopy_legacy/cm23OCT2015bhav.csv.zip,https://nsearchives.nseindia.com/content/historical/EQUITIES/2015/OCT/cm23OCT2015bhav.csv.zip,2015-10-23,0fa9fd55279a8a704f3e822955ce57d9ad1bb8fbe8bac2be6e3805a5ea430c6a,57831,historical NSE legacy equity bhavcopy,NSE download manifest
data/raw/bhavcopy_legacy/cm23OCT2017bhav.csv.zip,https://nsearchives.nseindia.com/content/historical/EQUITIES/2017/OCT/cm23OCT2017bhav.csv.zip,2017-10-23,6749a46e99603f9712cdd87a708cd9da0b3a95db48d805b8d56543fc61f934df,67172,historical NSE legacy equity bhavcopy,NSE download manifest
data/raw/bhavcopy_legacy/cm23OCT2018bhav.csv.zip,https://nsearchives.nseindia.com/content/historical/EQUITIES/2018/OCT/cm23OCT2018bhav.csv.zip,2018-10-23,5662af919bc9d99e27aed65ce5f69a0da88e5e10538c55f6aba52873883a8ec5,68060,historical NSE legacy equity bhavcopy,NSE download manifest
data/raw/bhavcopy_legacy/cm23OCT2019bhav.csv.zip,https://nsearchives.nseindia.com/content/historical/EQUITIES/2019/OCT/cm23OCT2019bhav.csv.zip,2019-10-23,3fbfeee1bb406f7df657580fdb90c496f97ad5643af8069bf7c0cd2d3d5719b8,68531,historical NSE legacy equity bhavcopy,NSE download manifest
data/raw/bhavcopy_legacy/cm23OCT2020bhav.csv.zip,https://nsearchives.nseindia.com/content/historical/EQUITIES/2020/OCT/cm23OCT2020bhav.csv.zip,2020-10-23,69361992a36188b5449567a3e48c662ca2dbcee5793e7ce1096561e80b2f47d4,71463,historical NSE legacy equity bhavcopy,NSE download manifest
data/raw/bhavcopy_legacy/cm23OCT2023bhav.csv.zip,https://nsearchives.nseindia.com/content/historical/EQUITIES/2023/OCT/cm23OCT2023bhav.csv.zip,2023-10-23,3ca6672b978c34506cd34c7abed6b65b9ef53d1c8b66c6cae83e1a1e6b92d960,97426,historical NSE legacy equity bhavcopy,NSE download manifest
data/raw/bhavcopy_legacy/cm23SEP2013bhav.csv.zip,https://nsearchives.nseindia.com/content/historical/EQUITIES/2013/SEP/cm23SEP2013bhav.csv.zip,2013-09-23,05de5ea67216b8e3c5b4dcdc808c8cacd7159a139ba580e33654aa245a29a3ef,48097,historical NSE legacy equity bhavcopy,NSE download manifest
data/raw/bhavcopy_legacy/cm23SEP2014bhav.csv.zip,https://nsearchives.nseindia.com/content/historical/EQUITIES/2014/SEP/cm23SEP2014bhav.csv.zip,2014-09-23,3feeed375fac819d8c3b37731f47abda0e9870d5e9dc3ba4d2d0adb19baba212,58913,historical NSE legacy equity bhavcopy,NSE download manifest
data/raw/bhavcopy_legacy/cm23SEP2015bhav.csv.zip,https://nsearchives.nseindia.com/content/historical/EQUITIES/2015/SEP/cm23SEP2015bhav.csv.zip,2015-09-23,bfa14b43753970a561528da8062c5ea3df648d237fac768d6b47dfde96462033,56120,historical NSE legacy equity bhavcopy,NSE download manifest
data/raw/bhavcopy_legacy/cm23SEP2016bhav.csv.zip,https://nsearchives.nseindia.com/content/historical/EQUITIES/2016/SEP/cm23SEP2016bhav.csv.zip,2016-09-23,3f9d6bbecdbd40b078aaad05e5f5b2cfdee4f13b8ab08941ec299941b088bb7d,62318,historical NSE legacy equity bhavcopy,NSE download manifest
data/raw/bhavcopy_legacy/cm23SEP2019bhav.csv.zip,https://nsearchives.nseindia.com/content/historical/EQUITIES/2019/SEP/cm23SEP2019bhav.csv.zip,2019-09-23,e591dfdde748f0b855ba3840508d4716b29cb833f7df0b248cb8a50597f99676,70352,historical NSE legacy equity bhavcopy,NSE download manifest
data/raw/bhavcopy_legacy/cm23SEP2020bhav.csv.zip,https://nsearchives.nseindia.com/content/historical/EQUITIES/2020/SEP/cm23SEP2020bhav.csv.zip,2020-09-23,84dfcf43727fd7880e518fbd7b3e3faf45ff5a6f4f17d0fe1049a0bd7b3ba052,70811,historical NSE legacy equity bhavcopy,NSE download manifest
data/raw/bhavcopy_legacy/cm23SEP2021bhav.csv.zip,https://nsearchives.nseindia.com/content/historical/EQUITIES/2021/SEP/cm23SEP2021bhav.csv.zip,2021-09-23,2c601888c784630fb0710a0347aa9da65f5db4a981b62296b708344ebf72634c,79271,historical NSE legacy equity bhavcopy,NSE download manifest
data/raw/bhavcopy_legacy/cm23SEP2022bhav.csv.zip,https://nsearchives.nseindia.com/content/historical/EQUITIES/2022/SEP/cm23SEP2022bhav.csv.zip,2022-09-23,ec87c6032296b7d1c5ae5ea43f09ab7c6929c59654e8e59166205ae7266a33bc,85763,historical NSE legacy equity bhavcopy,NSE download manifest
data/raw/bhavcopy_legacy/cm24APR2015bhav.csv.zip,https://nsearchives.nseindia.com/content/historical/EQUITIES/2015/APR/cm24APR2015bhav.csv.zip,2015-04-24,661fbff79cf4f037228cd5270f2ff7f8cc8854ba6c440bfaddc4e6467e7af0bf,56912,historical NSE legacy equity bhavcopy,NSE download manifest
data/raw/bhavcopy_legacy/cm24APR2017bhav.csv.zip,https://nsearchives.nseindia.com/content/historical/EQUITIES/2017/APR/cm24APR2017bhav.csv.zip,2017-04-24,6dfcadbdce05e8ff8f2cf4e48072789923c3f94637e4b7f29f05ed4b09f3d71a,65784,historical NSE legacy equity bhavcopy,NSE download manifest
data/raw/bhavcopy_legacy/cm24APR2018bhav.csv.zip,https://nsearchives.nseindia.com/content/historical/EQUITIES/2018/APR/cm24APR2018bhav.csv.zip,2018-04-24,91f5c4f1e2852d5aebcc1d2972a28eb31628058c2b3b0d2b957874d6b0b096a9,68794,historical NSE legacy equity bhavcopy,NSE download manifest
data/raw/bhavcopy_legacy/cm24APR2019bhav.csv.zip,https://nsearchives.nseindia.com/content/historical/EQUITIES/2019/APR/cm24APR2019bhav.csv.zip,2019-04-24,4087b51670a7d9bb77b3d326485e5f30174b4b0b5747bd2a48b5a8ee3fb8c4e4,67930,historical NSE legacy equity bhavcopy,NSE download manifest
data/raw/bhavcopy_legacy/cm24APR2020bhav.csv.zip,https://nsearchives.nseindia.com/content/historical/EQUITIES/2020/APR/cm24APR2020bhav.csv.zip,2020-04-24,eba780c3b4084809b6723d29950f03b33cc223fa60fd59b0d9169c6c349309a0,68245,historical NSE legacy equity bhavcopy,NSE download manifest
data/raw/bhavcopy_legacy/cm24APR2023bhav.csv.zip,https://nsearchives.nseindia.com/content/historical/EQUITIES/2023/APR/cm24APR2023bhav.csv.zip,2023-04-24,b959615b836c8213da0176d83d6c31b351863c44d0fc9fc0d6e4700bfed1bd56,89493,historical NSE legacy equity bhavcopy,NSE download manifest
data/raw/bhavcopy_legacy/cm24APR2024bhav.csv.zip,https://nsearchives.nseindia.com/content/historical/EQUITIES/2024/APR/cm24APR2024bhav.csv.zip,2024-04-24,2e5f0def8b6637f22399154b569005ce0cd1f62c59ffe63ede993f2f55d483b6,102357,historical NSE legacy equity bhavcopy,NSE download manifest
data/raw/bhavcopy_legacy/cm24AUG2015bhav.csv.zip,https://nsearchives.nseindia.com/content/historical/EQUITIES/2015/AUG/cm24AUG2015bhav.csv.zip,2015-08-24,084ff4da8286b23b66fcc3a7b6d77d61d42866406e9bbac7d033bb23bac8e9f9,58258,historical NSE legacy equity bhavcopy,NSE download manifest
data/raw/bhavcopy_legacy/cm24AUG2016bhav.csv.zip,https://nsearchives.nseindia.com/content/historical/EQUITIES/2016/AUG/cm24AUG2016bhav.csv.zip,2016-08-24,bbc305c8f8eefe2daccbeca64572b8686faa06f506342fe5a126020db6214d93,61339,historical NSE legacy equity bhavcopy,NSE download manifest
data/raw/bhavcopy_legacy/cm24AUG2017bhav.csv.zip,https://nsearchives.nseindia.com/content/historical/EQUITIES/2017/AUG/cm24AUG2017bhav.csv.zip,2017-08-24,43c5010b41f79bb761521a4861cc30d09b270f6b04687cb589d91f7e18a75881,64274,historical NSE legacy equity bhavcopy,NSE download manifest
data/raw/bhavcopy_legacy/cm24AUG2018bhav.csv.zip,https://nsearchives.nseindia.com/content/historical/EQUITIES/2018/AUG/cm24AUG2018bhav.csv.zip,2018-08-24,ca7cb61c5e67ad28768816858e94077fbf6300c114340ffebd1f20415911dae3,69037,historical NSE legacy equity bhavcopy,NSE download manifest
data/raw/bhavcopy_legacy/cm24AUG2020bhav.csv.zip,https://nsearchives.nseindia.com/content/historical/EQUITIES/2020/AUG/cm24AUG2020bhav.csv.zip,2020-08-24,09c9d1d9797c0fc0a613f8299e08ca6524685a94a708f24dc268b8f208291a0b,73240,historical NSE legacy equity bhavcopy,NSE download manifest
data/raw/bhavcopy_legacy/cm24AUG2021bhav.csv.zip,https://nsearchives.nseindia.com/content/historical/EQUITIES/2021/AUG/cm24AUG2021bhav.csv.zip,2021-08-24,93ff9f076a8a79141aae990a727435cf069fe747f190a6f7c65f801991d5f070,77411,historical NSE legacy equity bhavcopy,NSE download manifest
data/raw/bhavcopy_legacy/cm24AUG2022bhav.csv.zip,https://nsearchives.nseindia.com/content/historical/EQUITIES/2022/AUG/cm24AUG2022bhav.csv.zip,2022-08-24,710cdc0ac312a06e0ca403c5afae72ae1b38d02d0b918d17d94e47015de97af8,84704,historical NSE legacy equity bhavcopy,NSE download manifest
data/raw/bhavcopy_legacy/cm24AUG2023bhav.csv.zip,https://nsearchives.nseindia.com/content/historical/EQUITIES/2023/AUG/cm24AUG2023bhav.csv.zip,2023-08-24,08ca173cbf4a2f2feab658b75c3aae698142329c419ba87b96d1e3c3a647bf86,92924,historical NSE legacy equity bhavcopy,NSE download manifest
data/raw/bhavcopy_legacy/cm24DEC2013bhav.csv.zip,https://nsearchives.nseindia.com/content/historical/EQUITIES/2013/DEC/cm24DEC2013bhav.csv.zip,2013-12-24,db072a84c0224cc2b83799159156e72cb7a7329243bfdb1cc3842dd7b29bea9a,50712,historical NSE legacy equity bhavcopy,NSE download manifest
data/raw/bhavcopy_legacy/cm24DEC2014bhav.csv.zip,https://nsearchives.nseindia.com/content/historical/EQUITIES/2014/DEC/cm24DEC2014bhav.csv.zip,2014-12-24,a30137c88782f2f68b30b2a0983566416df469450d6182f881635fd215db38ee,56501,historical NSE legacy equity bhavcopy,NSE download manifest
data/raw/bhavcopy_legacy/cm24DEC2015bhav.csv.zip,https://nsearchives.nseindia.com/content/historical/EQUITIES/2015/DEC/cm24DEC2015bhav.csv.zip,2015-12-24,17c2c70f134f6a39d6ea7b663bbfb673a9555a2e22ff4dce348454e6c1c60ec8,58698,historical NSE legacy equity bhavcopy,NSE download manifest
data/raw/bhavcopy_legacy/cm24DEC2018bhav.csv.zip,https://nsearchives.nseindia.com/content/historical/EQUITIES/2018/DEC/cm24DEC2018bhav.csv.zip,2018-12-24,9d53bd55c90f726077e33db992fea56d4eaf7be5a07768b0c007876a9d0437bd,67179,historical NSE legacy equity bhavcopy,NSE download manifest
data/raw/bhavcopy_legacy/cm24DEC2019bhav.csv.zip,https://nsearchives.nseindia.com/content/historical/EQUITIES/2019/DEC/cm24DEC2019bhav.csv.zip,2019-12-24,e4a56446016a013471f9e63e95d65670110c473c78342bd323dac6621b26d7cd,68869,historical NSE legacy equity bhavcopy,NSE download manifest
data/raw/bhavcopy_legacy/cm24DEC2020bhav.csv.zip,https://nsearchives.nseindia.com/content/historical/EQUITIES/2020/DEC/cm24DEC2020bhav.csv.zip,2020-12-24,48b5a1e41d62160dcee368040f24a49a4dfb35a80ee84d578a4f29de4b4d6019,74012,historical NSE legacy equity bhavcopy,NSE download manifest
data/raw/bhavcopy_legacy/cm24DEC2021bhav.csv.zip,https://nsearchives.nseindia.com/content/historical/EQUITIES/2021/DEC/cm24DEC2021bhav.csv.zip,2021-12-24,c9a642fb0bf77cab3d4a40a733311281bb9619ea14e25c8e79d79656553f1afc,80537,historical NSE legacy equity bhavcopy,NSE download manifest
data/raw/bhavcopy_legacy/cm24FEB2014bhav.csv.zip,https://nsearchives.nseindia.com/content/historical/EQUITIES/2014/FEB/cm24FEB2014bhav.csv.zip,2014-02-24,23626c3b06320bb3fc2df4c12313928190b1cbcb679b9e850a53853b50372e7d,52516,historical NSE legacy equity bhavcopy,NSE download manifest
data/raw/bhavcopy_legacy/cm24FEB2015bhav.csv.zip,https://nsearchives.nseindia.com/content/historical/EQUITIES/2015/FEB/cm24FEB2015bhav.csv.zip,2015-02-24,4906edc10a6ee8d8bd9ff3afe9a354379cfd0048a269ce29624f9b6b14787207,56603,historical NSE legacy equity bhavcopy,NSE download manifest
data/raw/bhavcopy_legacy/cm24FEB2016bhav.csv.zip,https://nsearchives.nseindia.com/content/historical/EQUITIES/2016/FEB/cm24FEB2016bhav.csv.zip,2016-02-24,858eb5a9a72914e84fd0dcf1f0e42d3c47d6fd06f596429704339c00f28ba581,57187,historical NSE legacy equity bhavcopy,NSE download manifest
data/raw/bhavcopy_legacy/cm24FEB2020bhav.csv.zip,https://nsearchives.nseindia.com/content/historical/EQUITIES/2020/FEB/cm24FEB2020bhav.csv.zip,2020-02-24,e10c4cc8ac02f1f02006bc3b77ca6026fd7212ee1590a3686fc45682548c88b5,70376,historical NSE legacy equity bhavcopy,NSE download manifest
data/raw/bhavcopy_legacy/cm24FEB2021bhav.csv.zip,https://nsearchives.nseindia.com/content/historical/EQUITIES/2021/FEB/cm24FEB2021bhav.csv.zip,2021-02-24,6ea1ecba808c0623658fec5a9f6ec16aecf451c04a5f8e16518296af3ef10179,70714,historical NSE legacy equity bhavcopy,NSE download manifest
data/raw/bhavcopy_legacy/cm24FEB2022bhav.csv.zip,https://nsearchives.nseindia.com/content/historical/EQUITIES/2022/FEB/cm24FEB2022bhav.csv.zip,2022-02-24,aed861bc8761faedd5543bdd6fa39b708804807dccfaae68893cfdd0c6402cdd,83269,historical NSE legacy equity bhavcopy,NSE download manifest
data/raw/bhavcopy_legacy/cm24FEB2023bhav.csv.zip,https://nsearchives.nseindia.com/content/historical/EQUITIES/2023/FEB/cm24FEB2023bhav.csv.zip,2023-02-24,647421b5f488737e5a9e2c7190abf6505f6b49a20281ecbc74fe085a4edfa542,87461,historical NSE legacy equity bhavcopy,NSE download manifest
data/raw/bhavcopy_legacy/cm24JAN2013bhav.csv.zip,https://nsearchives.nseindia.com/content/historical/EQUITIES/2013/JAN/cm24JAN2013bhav.csv.zip,2013-01-24,24f16b613dd48221892347f42dfa97d88bd8fc9341e19a80ad6922f93d490ed3,56106,historical NSE legacy equity bhavcopy,NSE download manifest
data/raw/bhavcopy_legacy/cm24JAN2014bhav.csv.zip,https://nsearchives.nseindia.com/content/historical/EQUITIES/2014/JAN/cm24JAN2014bhav.csv.zip,2014-01-24,876cc6c86d386ba17533f6cd5a5f51c12db48a0ca4ddc13c271d1ec886a3a0a0,52945,historical NSE legacy equity bhavcopy,NSE download manifest
data/raw/bhavcopy_legacy/cm24JAN2017bhav.csv.zip,https://nsearchives.nseindia.com/content/historical/EQUITIES/2017/JAN/cm24JAN2017bhav.csv.zip,2017-01-24,5dc397bdf4fbdc7d766c00bedfbac89d48e9eeb20fe18eb0d8ed30ef9b2996e6,62545,historical NSE legacy equity bhavcopy,NSE download manifest
data/raw/bhavcopy_legacy/cm24JAN2018bhav.csv.zip,https://nsearchives.nseindia.com/content/historical/EQUITIES/2018/JAN/cm24JAN2018bhav.csv.zip,2018-01-24,744ab4c3d06f70572f12939e09588b70b8c35e75dca2e72c9421dfbb9c25b5c7,69034,historical NSE legacy equity bhavcopy,NSE download manifest
data/raw/bhavcopy_legacy/cm24JAN2019bhav.csv.zip,https://nsearchives.nseindia.com/content/historical/EQUITIES/2019/JAN/cm24JAN2019bhav.csv.zip,2019-01-24,9b3e49b526352b42a819fbebb66c65a6cfb36b95f54b90f49ff41b0b6f1b90f3,66493,historical NSE legacy equity bhavcopy,NSE download manifest
data/raw/bhavcopy_legacy/cm24JAN2020bhav.csv.zip,https://nsearchives.nseindia.com/content/historical/EQUITIES/2020/JAN/cm24JAN2020bhav.csv.zip,2020-01-24,7010bb9c2a859cf5ff083ab006bb95f8d7ac8e10c154d1f38907ae0528f6b0b0,69682,historical NSE legacy equity bhavcopy,NSE download manifest
data/raw/bhavcopy_legacy/cm24JAN2022bhav.csv.zip,https://nsearchives.nseindia.com/content/historical/EQUITIES/2022/JAN/cm24JAN2022bhav.csv.zip,2022-01-24,10e030edb11388e42c608eed0b7c3d7cc2c7044f8f14ec76652cf96e149bf9fc,83925,historical NSE legacy equity bhavcopy,NSE download manifest
data/raw/bhavcopy_legacy/cm24JAN2023bhav.csv.zip,https://nsearchives.nseindia.com/content/historical/EQUITIES/2023/JAN/cm24JAN2023bhav.csv.zip,2023-01-24,1f0f78c382d0fe7aaf915702b5acdd93969ede0a33bb78a993925d26a5aed33b,87554,historical NSE legacy equity bhavcopy,NSE download manifest
data/raw/bhavcopy_legacy/cm24JAN2024bhav.csv.zip,https://nsearchives.nseindia.com/content/historical/EQUITIES/2024/JAN/cm24JAN2024bhav.csv.zip,2024-01-24,d4738ffbedc1f545c8164d098726e6a957d1b9ad40ca5a887d4beb72ecd5913b,100107,historical NSE legacy equity bhavcopy,NSE download manifest
data/raw/bhavcopy_legacy/cm24JUL2013bhav.csv.zip,https://nsearchives.nseindia.com/content/historical/EQUITIES/2013/JUL/cm24JUL2013bhav.csv.zip,2013-07-24,09574923c05023b10b9b2169b6046829daa28acfbdcb23ba29e699bc395c5dd4,48310,historical NSE legacy equity bhavcopy,NSE download manifest
data/raw/bhavcopy_legacy/cm24JUL2014bhav.csv.zip,https://nsearchives.nseindia.com/content/historical/EQUITIES/2014/JUL/cm24JUL2014bhav.csv.zip,2014-07-24,db9211b65edb627acca3adb2ba5159a345ca6fd62a6fee4635ba4622f2829e1c,57065,historical NSE legacy equity bhavcopy,NSE download manifest
data/raw/bhavcopy_legacy/cm24JUL2015bhav.csv.zip,https://nsearchives.nseindia.com/content/historical/EQUITIES/2015/JUL/cm24JUL2015bhav.csv.zip,2015-07-24,f2f484ee1bc86f943f8c302d146fd90b03fb277ba5c72bde316a62e09ee6faeb,57439,historical NSE legacy equity bhavcopy,NSE download manifest
data/raw/bhavcopy_legacy/cm24JUL2017bhav.csv.zip,https://nsearchives.nseindia.com/content/historical/EQUITIES/2017/JUL/cm24JUL2017bhav.csv.zip,2017-07-24,20992b835ac798caf2ccd1888df18fc041703c66093fd8d51a18930e8419e5a1,65345,historical NSE legacy equity bhavcopy,NSE download manifest
data/raw/bhavcopy_legacy/cm24JUL2018bhav.csv.zip,https://nsearchives.nseindia.com/content/historical/EQUITIES/2018/JUL/cm24JUL2018bhav.csv.zip,2018-07-24,9ad3c9b4e811395a9009fa6e55e6fac5f66deeb4db0b8edd2f1f5c490a0b9df1,68486,historical NSE legacy equity bhavcopy,NSE download manifest
data/raw/bhavcopy_legacy/cm24JUL2019bhav.csv.zip,https://nsearchives.nseindia.com/content/historical/EQUITIES/2019/JUL/cm24JUL2019bhav.csv.zip,2019-07-24,e9952bde09930c75a0cf42c00b1d2db9a1586da67121154567b8185661e4288c,68082,historical NSE legacy equity bhavcopy,NSE download manifest
data/raw/bhavcopy_legacy/cm24JUL2020bhav.csv.zip,https://nsearchives.nseindia.com/content/historical/EQUITIES/2020/JUL/cm24JUL2020bhav.csv.zip,2020-07-24,a35acac3a6f957c53e54fe0f102924292e6805156c9e958d4d498a5f5a63940b,70329,historical NSE legacy equity bhavcopy,NSE download manifest
data/raw/bhavcopy_legacy/cm24JUL2023bhav.csv.zip,https://nsearchives.nseindia.com/content/historical/EQUITIES/2023/JUL/cm24JUL2023bhav.csv.zip,2023-07-24,49952ffbb9b28f3ee26e7fbbddc30938e44c039f33f410780c83c1c440e63f47,93256,historical NSE legacy equity bhavcopy,NSE download manifest
data/raw/bhavcopy_legacy/cm24JUN2013bhav.csv.zip,https://nsearchives.nseindia.com/content/historical/EQUITIES/2013/JUN/cm24JUN2013bhav.csv.zip,2013-06-24,b6b8e6662eb356d2ac50996cbb8359e0f42192e9c9312cb7a69e0a9b093991ae,49960,historical NSE legacy equity bhavcopy,NSE download manifest
data/raw/bhavcopy_legacy/cm24JUN2014bhav.csv.zip,https://nsearchives.nseindia.com/content/historical/EQUITIES/2014/JUN/cm24JUN2014bhav.csv.zip,2014-06-24,54c40642196ac65c41c0c78279b14edfb8383f7526cb1dec8408ed6094c163e8,56894,historical NSE legacy equity bhavcopy,NSE download manifest
data/raw/bhavcopy_legacy/cm24JUN2015bhav.csv.zip,https://nsearchives.nseindia.com/content/historical/EQUITIES/2015/JUN/cm24JUN2015bhav.csv.zip,2015-06-24,026ad1fb0e79862a920673858613050bb3405b79e593bf4607662d0c2b7be20b,56199,historical NSE legacy equity bhavcopy,NSE download manifest
data/raw/bhavcopy_legacy/cm24JUN2016bhav.csv.zip,https://nsearchives.nseindia.com/content/historical/EQUITIES/2016/JUN/cm24JUN2016bhav.csv.zip,2016-06-24,c88487ce332223fc9e9a8d3486ece80335895257a70dd7e4106b58287cd186b6,59851,historical NSE legacy equity bhavcopy,NSE download manifest
data/raw/bhavcopy_legacy/cm24JUN2019bhav.csv.zip,https://nsearchives.nseindia.com/content/historical/EQUITIES/2019/JUN/cm24JUN2019bhav.csv.zip,2019-06-24,6f518ab2305a055281ed173ff808cfc7233c418a9984542e3d47cf61680c6a8f,67622,historical NSE legacy equity bhavcopy,NSE download manifest
data/raw/bhavcopy_legacy/cm24JUN2020bhav.csv.zip,https://nsearchives.nseindia.com/content/historical/EQUITIES/2020/JUN/cm24JUN2020bhav.csv.zip,2020-06-24,2b6ac86b4290db3c8a01253a79381102ea3287d190662704859c76284be110b7,70625,historical NSE legacy equity bhavcopy,NSE download manifest
data/raw/bhavcopy_legacy/cm24JUN2021bhav.csv.zip,https://nsearchives.nseindia.com/content/historical/EQUITIES/2021/JUN/cm24JUN2021bhav.csv.zip,2021-06-24,bcf8900f73abfecc18a162ecb720f2bf42e8755b33dcb7adac02ce9df1729144,76303,historical NSE legacy equity bhavcopy,NSE download manifest
data/raw/bhavcopy_legacy/cm24JUN2022bhav.csv.zip,https://nsearchives.nseindia.com/content/historical/EQUITIES/2022/JUN/cm24JUN2022bhav.csv.zip,2022-06-24,e46f622d289b69d02f8544136e9c8c4f072f92ae251ea6a4211276948675000e,81848,historical NSE legacy equity bhavcopy,NSE download manifest
data/raw/bhavcopy_legacy/cm24JUN2024bhav.csv.zip,https://nsearchives.nseindia.com/content/historical/EQUITIES/2024/JUN/cm24JUN2024bhav.csv.zip,2024-06-24,59106c79a3f6314d3d913b64966b48acce93ea2a7be8211fd4623f97e29379b0,108966,historical NSE legacy equity bhavcopy,NSE download manifest
data/raw/bhavcopy_legacy/cm24MAR2014bhav.csv.zip,https://nsearchives.nseindia.com/content/historical/EQUITIES/2014/MAR/cm24MAR2014bhav.csv.zip,2014-03-24,db2222a71cbc76b3e42adf3c934f1f32cb8eef7de694a49c2b1481a51a43c36d,54700,historical NSE legacy equity bhavcopy,NSE download manifest
data/raw/bhavcopy_legacy/cm24MAR2015bhav.csv.zip,https://nsearchives.nseindia.com/content/historical/EQUITIES/2015/MAR/cm24MAR2015bhav.csv.zip,2015-03-24,e00842664aa3ecb5c37faa3720d42080849c74c61a5d41f5a31120e19843154b,55980,historical NSE legacy equity bhavcopy,NSE download manifest
data/raw/bhavcopy_legacy/cm24MAR2017bhav.csv.zip,https://nsearchives.nseindia.com/content/historical/EQUITIES/2017/MAR/cm24MAR2017bhav.csv.zip,2017-03-24,b88dc45ad521cfb26218afa50246c8c76c7bf7ae409e1ef04dc7e2792da2b207,64071,historical NSE legacy equity bhavcopy,NSE download manifest
data/raw/bhavcopy_legacy/cm24MAR2020bhav.csv.zip,https://nsearchives.nseindia.com/content/historical/EQUITIES/2020/MAR/cm24MAR2020bhav.csv.zip,2020-03-24,ff601937cd8a1163081edc57d11e400a851e6f837bb0c1a7f3e2c02728a64c65,66598,historical NSE legacy equity bhavcopy,NSE download manifest
data/raw/bhavcopy_legacy/cm24MAR2021bhav.csv.zip,https://nsearchives.nseindia.com/content/historical/EQUITIES/2021/MAR/cm24MAR2021bhav.csv.zip,2021-03-24,9e452ce0c48843a471e8ba14161b51e84078fc29a10b4a6b73ead951592aef3d,74272,historical NSE legacy equity bhavcopy,NSE download manifest
data/raw/bhavcopy_legacy/cm24MAR2022bhav.csv.zip,https://nsearchives.nseindia.com/content/historical/EQUITIES/2022/MAR/cm24MAR2022bhav.csv.zip,2022-03-24,a52b1ab3f86b1dabf00d83d2c373dac20b9ee0982b7378500235a3c4b41ba518,82514,historical NSE legacy equity bhavcopy,NSE download manifest
data/raw/bhavcopy_legacy/cm24MAR2023bhav.csv.zip,https://nsearchives.nseindia.com/content/historical/EQUITIES/2023/MAR/cm24MAR2023bhav.csv.zip,2023-03-24,9db2eaa6825f1096353997613fbe9e9a39ef18018cde68d6d3c698376f5aabe3,89314,historical NSE legacy equity bhavcopy,NSE download manifest
data/raw/bhavcopy_legacy/cm24MAY2013bhav.csv.zip,https://nsearchives.nseindia.com/content/historical/EQUITIES/2013/MAY/cm24MAY2013bhav.csv.zip,2013-05-24,37cfbda71032db2f0e991c0a17d6a7f610c2cc4ede647cc34a734e0bfced6f90,49959,historical NSE legacy equity bhavcopy,NSE download manifest
data/raw/bhavcopy_legacy/cm24MAY2016bhav.csv.zip,https://nsearchives.nseindia.com/content/historical/EQUITIES/2016/MAY/cm24MAY2016bhav.csv.zip,2016-05-24,07da5d92282b01bdcc8d0ecc049911b467c0e09380fcf7e7141f1da1e3d49452,58732,historical NSE legacy equity bhavcopy,NSE download manifest
data/raw/bhavcopy_legacy/cm24MAY2017bhav.csv.zip,https://nsearchives.nseindia.com/content/historical/EQUITIES/2017/MAY/cm24MAY2017bhav.csv.zip,2017-05-24,c67e2d0517ebe9c7c23959ef89da2451c3bb0426f98ac76cdcbc1b45d94ae363,64130,historical NSE legacy equity bhavcopy,NSE download manifest
data/raw/bhavcopy_legacy/cm24MAY2018bhav.csv.zip,https://nsearchives.nseindia.com/content/historical/EQUITIES/2018/MAY/cm24MAY2018bhav.csv.zip,2018-05-24,0c4ce72d83b7dbe15c4a2c5d981dca7f883dc64974b401e03b9894f6d58b3fcb,67938,historical NSE legacy equity bhavcopy,NSE download manifest
data/raw/bhavcopy_legacy/cm24MAY2019bhav.csv.zip,https://nsearchives.nseindia.com/content/historical/EQUITIES/2019/MAY/cm24MAY2019bhav.csv.zip,2019-05-24,fec4384d93fa2242b19ee25d5703f1c8713dd45837b6551872f713f2f96adbbf,68805,historical NSE legacy equity bhavcopy,NSE download manifest
data/raw/bhavcopy_legacy/cm24MAY2021bhav.csv.zip,https://nsearchives.nseindia.com/content/historical/EQUITIES/2021/MAY/cm24MAY2021bhav.csv.zip,2021-05-24,9915f095f44d75432fa9be6a3e820fa58e9719400313808ac0a3ac8d417a791d,77899,historical NSE legacy equity bhavcopy,NSE download manifest
data/raw/bhavcopy_legacy/cm24MAY2022bhav.csv.zip,https://nsearchives.nseindia.com/content/historical/EQUITIES/2022/MAY/cm24MAY2022bhav.csv.zip,2022-05-24,f06295b9678f363c9fadcdc5b52efbd2c853d00d24ba5c207850bcf6513e190d,82560,historical NSE legacy equity bhavcopy,NSE download manifest
data/raw/bhavcopy_legacy/cm24MAY2023bhav.csv.zip,https://nsearchives.nseindia.com/content/historical/EQUITIES/2023/MAY/cm24MAY2023bhav.csv.zip,2023-05-24,cdbd6dc78172985e76cc7933ef6d7a8274612b7c9ebdffb641ac2ab34c6074ca,88968,historical NSE legacy equity bhavcopy,NSE download manifest
data/raw/bhavcopy_legacy/cm24MAY2024bhav.csv.zip,https://nsearchives.nseindia.com/content/historical/EQUITIES/2024/MAY/cm24MAY2024bhav.csv.zip,2024-05-24,094920e821f0a20d7b0c1054c5a4125548a883aa07a0d516aa5f326289b9440b,104088,historical NSE legacy equity bhavcopy,NSE download manifest
data/raw/bhavcopy_legacy/cm24NOV2014bhav.csv.zip,https://nsearchives.nseindia.com/content/historical/EQUITIES/2014/NOV/cm24NOV2014bhav.csv.zip,2014-11-24,45491af35f2b0edff1483772cb5d8741f394a62fa86beab070c44abc58819340,58704,historical NSE legacy equity bhavcopy,NSE download manifest
data/raw/bhavcopy_legacy/cm24NOV2015bhav.csv.zip,https://nsearchives.nseindia.com/content/historical/EQUITIES/2015/NOV/cm24NOV2015bhav.csv.zip,2015-11-24,c39f16e6667f6530ad89a7eeecf1ad259eb0c66413fca8b7a92811f9c98abbac,57998,historical NSE legacy equity bhavcopy,NSE download manifest
data/raw/bhavcopy_legacy/cm24NOV2016bhav.csv.zip,https://nsearchives.nseindia.com/content/historical/EQUITIES/2016/NOV/cm24NOV2016bhav.csv.zip,2016-11-24,47d82e6bbeb93f884447560180773b80d2bdbdab7ec5917c71641cee27c11c18,60688,historical NSE legacy equity bhavcopy,NSE download manifest
data/raw/bhavcopy_legacy/cm24NOV2017bhav.csv.zip,https://nsearchives.nseindia.com/content/historical/EQUITIES/2017/NOV/cm24NOV2017bhav.csv.zip,2017-11-24,255a82531e69369d10806ad9a36c796bf3e8efa8972f97fba05786009c55130e,67939,historical NSE legacy equity bhavcopy,NSE download manifest
data/raw/bhavcopy_legacy/cm24NOV2020bhav.csv.zip,https://nsearchives.nseindia.com/content/historical/EQUITIES/2020/NOV/cm24NOV2020bhav.csv.zip,2020-11-24,4aeeae6c42e60c1dc372dd0d0fe69d38712d6630d3948daec409395ba86d04ab,73481,historical NSE legacy equity bhavcopy,NSE download manifest
data/raw/bhavcopy_legacy/cm24NOV2021bhav.csv.zip,https://nsearchives.nseindia.com/content/historical/EQUITIES/2021/NOV/cm24NOV2021bhav.csv.zip,2021-11-24,b8584e70b1688ca3effbb2609836457a54a07191381083c13fd7b172e0757921,79216,historical NSE legacy equity bhavcopy,NSE download manifest
data/raw/bhavcopy_legacy/cm24NOV2022bhav.csv.zip,https://nsearchives.nseindia.com/content/historical/EQUITIES/2022/NOV/cm24NOV2022bhav.csv.zip,2022-11-24,7967fa0bd5efd3512ab1a55e4a443f3577a55af6e739b5f270ce1957d8226144,86719,historical NSE legacy equity bhavcopy,NSE download manifest
data/raw/bhavcopy_legacy/cm24NOV2023bhav.csv.zip,https://nsearchives.nseindia.com/content/historical/EQUITIES/2023/NOV/cm24NOV2023bhav.csv.zip,2023-11-24,6eb840b7502daf2b41464056a2dd4bf744da3252a10d20fdb0ba3afe19bd0130,96274,historical NSE legacy equity bhavcopy,NSE download manifest
data/raw/bhavcopy_legacy/cm24OCT2013bhav.csv.zip,https://nsearchives.nseindia.com/content/historical/EQUITIES/2013/OCT/cm24OCT2013bhav.csv.zip,2013-10-24,e41fafb939ec09f7068b3d3c9437460fd4e0f311c3c65822fde0dd8cb3a19bc8,49990,historical NSE legacy equity bhavcopy,NSE download manifest
data/raw/bhavcopy_legacy/cm24OCT2016bhav.csv.zip,https://nsearchives.nseindia.com/content/historical/EQUITIES/2016/OCT/cm24OCT2016bhav.csv.zip,2016-10-24,26d2842b529d321489f7616ba2a41eade7ad292b9710b1e7c6e25edad0e9b746,63494,historical NSE legacy equity bhavcopy,NSE download manifest
data/raw/bhavcopy_legacy/cm24OCT2017bhav.csv.zip,https://nsearchives.nseindia.com/content/historical/EQUITIES/2017/OCT/cm24OCT2017bhav.csv.zip,2017-10-24,3407e444c3c9c02cb7f20df4e45dd48cbea63968e4b542ee4ac0a51385c9424a,66720,historical NSE legacy equity bhavcopy,NSE download manifest
data/raw/bhavcopy_legacy/cm24OCT2018bhav.csv.zip,https://nsearchives.nseindia.com/content/historical/EQUITIES/2018/OCT/cm24OCT2018bhav.csv.zip,2018-10-24,01f1020aa85fe7c5b3cbacdf783f8db91c7d1ccb5dffa41e05e245e4286660a9,68203,historical NSE legacy equity bhavcopy,NSE download manifest
data/raw/bhavcopy_legacy/cm24OCT2019bhav.csv.zip,https://nsearchives.nseindia.com/content/historical/EQUITIES/2019/OCT/cm24OCT2019bhav.csv.zip,2019-10-24,354f9df2996fc7e6ab2329bfb0d7b6ffc3a625b14dcb5fafa9805d76d9e325ea,67722,historical NSE legacy equity bhavcopy,NSE download manifest
data/raw/bhavcopy_legacy/cm24OCT2022bhav.csv.zip,https://nsearchives.nseindia.com/content/historical/EQUITIES/2022/OCT/cm24OCT2022bhav.csv.zip,2022-10-24,c8aa044e671cdb4dd8d2f312d3894a30a3201d8bc17287963a88c937fcb8c208,82307,historical NSE legacy equity bhavcopy,NSE download manifest
data/raw/bhavcopy_legacy/cm24SEP2013bhav.csv.zip,https://nsearchives.nseindia.com/content/historical/EQUITIES/2013/SEP/cm24SEP2013bhav.csv.zip,2013-09-24,f469d6c83b2b3f7eb49de8e41739eafb20196f28757b63792921ab3a71993608,47578,historical NSE legacy equity bhavcopy,NSE download manifest
data/raw/bhavcopy_legacy/cm24SEP2014bhav.csv.zip,https://nsearchives.nseindia.com/content/historical/EQUITIES/2014/SEP/cm24SEP2014bhav.csv.zip,2014-09-24,76aad9f3eed2fda8c137f7ca0e3ad5bc37525d5e36fbdd6823a0ce57feef3486,58212,historical NSE legacy equity bhavcopy,NSE download manifest
data/raw/bhavcopy_legacy/cm24SEP2015bhav.csv.zip,https://nsearchives.nseindia.com/content/historical/EQUITIES/2015/SEP/cm24SEP2015bhav.csv.zip,2015-09-24,1f4b6fb607a5b3085f26b37cdaa0fc6fdca0a2657d876ba90dae23dc4cc7ed48,56442,historical NSE legacy equity bhavcopy,NSE download manifest
data/raw/bhavcopy_legacy/cm24SEP2018bhav.csv.zip,https://nsearchives.nseindia.com/content/historical/EQUITIES/2018/SEP/cm24SEP2018bhav.csv.zip,2018-09-24,c81f47763a1d42e6ff6d74f9a3fda809531c1e25ce5a2c4f0d5118dbaad4cb84,70894,historical NSE legacy equity bhavcopy,NSE download manifest
data/raw/bhavcopy_legacy/cm24SEP2019bhav.csv.zip,https://nsearchives.nseindia.com/content/historical/EQUITIES/2019/SEP/cm24SEP2019bhav.csv.zip,2019-09-24,bacfb8dd2c17ae39a77fd73996f7964b549d62bec8f329a0d159de69c108c5a8,69147,historical NSE legacy equity bhavcopy,NSE download manifest
data/raw/bhavcopy_legacy/cm24SEP2020bhav.csv.zip,https://nsearchives.nseindia.com/content/historical/EQUITIES/2020/SEP/cm24SEP2020bhav.csv.zip,2020-09-24,6888cf10e6efe0a8288e178a8ebfca19e66edfb88ae408a82692bcfe59db14a7,70252,historical NSE legacy equity bhavcopy,NSE download manifest
data/raw/bhavcopy_legacy/cm24SEP2021bhav.csv.zip,https://nsearchives.nseindia.com/content/historical/EQUITIES/2021/SEP/cm24SEP2021bhav.csv.zip,2021-09-24,e439be3737f756c2e24ca9ad7a4a2af50cc911636411ae1a3c7f24746f44f019,79372,historical NSE legacy equity bhavcopy,NSE download manifest
data/raw/bhavcopy_legacy/cm25APR2013bhav.csv.zip,https://nsearchives.nseindia.com/content/historical/EQUITIES/2013/APR/cm25APR2013bhav.csv.zip,2013-04-25,9255b592b3745116f079d370d054c49b586ac8b6a583b4ba36aa33b7127734f7,51146,historical NSE legacy equity bhavcopy,NSE download manifest
data/raw/bhavcopy_legacy/cm25APR2014bhav.csv.zip,https://nsearchives.nseindia.com/content/historical/EQUITIES/2014/APR/cm25APR2014bhav.csv.zip,2014-04-25,904e3a059c1a425a8aa70aaf1fe28b7d064a82a87177b31bb4b8a3cd886cdbb0,55903,historical NSE legacy equity bhavcopy,NSE download manifest
data/raw/bhavcopy_legacy/cm25APR2016bhav.csv.zip,https://nsearchives.nseindia.com/content/historical/EQUITIES/2016/APR/cm25APR2016bhav.csv.zip,2016-04-25,ee65a872fab80bdaa8bd15eeef4fc8a9666a3fbf105e05239d8eac3da6c3c78d,58842,historical NSE legacy equity bhavcopy,NSE download manifest
data/raw/bhavcopy_legacy/cm25APR2017bhav.csv.zip,https://nsearchives.nseindia.com/content/historical/EQUITIES/2017/APR/cm25APR2017bhav.csv.zip,2017-04-25,e9690cd627c163808624037fa847e6cca76077a0fa0ad03dc3578515a83ce3cb,65849,historical NSE legacy equity bhavcopy,NSE download manifest
data/raw/bhavcopy_legacy/cm25APR2018bhav.csv.zip,https://nsearchives.nseindia.com/content/historical/EQUITIES/2018/APR/cm25APR2018bhav.csv.zip,2018-04-25,2c1bba907be7866dfccaa6e6380b60341d18547ff389f4100526043d0b541dc1,68981,historical NSE legacy equity bhavcopy,NSE download manifest
data/raw/bhavcopy_legacy/cm25APR2019bhav.csv.zip,https://nsearchives.nseindia.com/content/historical/EQUITIES/2019/APR/cm25APR2019bhav.csv.zip,2019-04-25,48dc0abc74091da5c05c93535588759790d685f0e9ef242b0f33c7a94490489e,68190,historical NSE legacy equity bhavcopy,NSE download manifest
data/raw/bhavcopy_legacy/cm25APR2022bhav.csv.zip,https://nsearchives.nseindia.com/content/historical/EQUITIES/2022/APR/cm25APR2022bhav.csv.zip,2022-04-25,02485767935d3b9a5d9cbf9ab6737e09dc7c3c97bd0ddc86be774a34a3f9a1e2,84027,historical NSE legacy equity bhavcopy,NSE download manifest
data/raw/bhavcopy_legacy/cm25APR2023bhav.csv.zip,https://nsearchives.nseindia.com/content/historical/EQUITIES/2023/APR/cm25APR2023bhav.csv.zip,2023-04-25,86222de6bdfd2d739992727751d8af29998edea1b49ad1c0f7dbc37175c85a44,88195,historical NSE legacy equity bhavcopy,NSE download manifest
data/raw/bhavcopy_legacy/cm25APR2024bhav.csv.zip,https://nsearchives.nseindia.com/content/historical/EQUITIES/2024/APR/cm25APR2024bhav.csv.zip,2024-04-25,6be514a710087dcc33b1b35eb4183c3749440c8756cec13685f73537a61a7841,102139,historical NSE legacy equity bhavcopy,NSE download manifest
data/raw/bhavcopy_legacy/cm25AUG2014bhav.csv.zip,https://nsearchives.nseindia.com/content/historical/EQUITIES/2014/AUG/cm25AUG2014bhav.csv.zip,2014-08-25,69926e499d71bd7c7a0f9e13cb429079ae621cac025ef63b99e99079cbe7ef4c,58099,historical NSE legacy equity bhavcopy,NSE download manifest
data/raw/bhavcopy_legacy/cm25AUG2015bhav.csv.zip,https://nsearchives.nseindia.com/content/historical/EQUITIES/2015/AUG/cm25AUG2015bhav.csv.zip,2015-08-25,ab4a5ded832ffd018316a40e613e5cf42735d192b338df5d72e6d7c37f6669c8,57878,historical NSE legacy equity bhavcopy,NSE download manifest
data/raw/bhavcopy_legacy/cm25AUG2016bhav.csv.zip,https://nsearchives.nseindia.com/content/historical/EQUITIES/2016/AUG/cm25AUG2016bhav.csv.zip,2016-08-25,31cfe5bf67f48c1730e148dff5a5fe0a506923c5f39293849d6c169706ae365d,61089,historical NSE legacy equity bhavcopy,NSE download manifest
data/raw/bhavcopy_legacy/cm25AUG2020bhav.csv.zip,https://nsearchives.nseindia.com/content/historical/EQUITIES/2020/AUG/cm25AUG2020bhav.csv.zip,2020-08-25,efd2ebbef22f1fcd9c5e3d77804c498f87579fa235154e32b1698fab81cd815f,72311,historical NSE legacy equity bhavcopy,NSE download manifest
data/raw/bhavcopy_legacy/cm25AUG2021bhav.csv.zip,https://nsearchives.nseindia.com/content/historical/EQUITIES/2021/AUG/cm25AUG2021bhav.csv.zip,2021-08-25,400cbaa8a06506bbcb07c7646d25517b2326068109ae4b16881bb4db3862a207,77195,historical NSE legacy equity bhavcopy,NSE download manifest
data/raw/bhavcopy_legacy/cm25AUG2022bhav.csv.zip,https://nsearchives.nseindia.com/content/historical/EQUITIES/2022/AUG/cm25AUG2022bhav.csv.zip,2022-08-25,a73cfa149cd63ae274cac6adfe303298622c0d8c6535680a4d036f059dd61fb5,84740,historical NSE legacy equity bhavcopy,NSE download manifest
data/raw/bhavcopy_legacy/cm25AUG2023bhav.csv.zip,https://nsearchives.nseindia.com/content/historical/EQUITIES/2023/AUG/cm25AUG2023bhav.csv.zip,2023-08-25,c184c7dbcf22298092cbc23b6cbb6588b004051716a2c1c03d1e41a279d00b82,93329,historical NSE legacy equity bhavcopy,NSE download manifest
data/raw/bhavcopy_legacy/cm25FEB2013bhav.csv.zip,https://nsearchives.nseindia.com/content/historical/EQUITIES/2013/FEB/cm25FEB2013bhav.csv.zip,2013-02-25,ded5a2851a1c5e4914d7880c23c812bc584e5370f6cafa25691239db1d009992,54800,historical NSE legacy equity bhavcopy,NSE download manifest
data/raw/bhavcopy_legacy/cm25FEB2014bhav.csv.zip,https://nsearchives.nseindia.com/content/historical/EQUITIES/2014/FEB/cm25FEB2014bhav.csv.zip,2014-02-25,8ccee772385118dca0df1de56549c45bb8cbf9ac5d70dd9be2e273ccc7e8210c,52299,historical NSE legacy equity bhavcopy,NSE download manifest
data/raw/bhavcopy_legacy/cm25FEB2015bhav.csv.zip,https://nsearchives.nseindia.com/content/historical/EQUITIES/2015/FEB/cm25FEB2015bhav.csv.zip,2015-02-25,a1a534d3a994cea4d4ea3a9103c590bafb323424daa4f69e6bcd20b3bad6a85a,56989,historical NSE legacy equity bhavcopy,NSE download manifest
data/raw/bhavcopy_legacy/cm25FEB2016bhav.csv.zip,https://nsearchives.nseindia.com/content/historical/EQUITIES/2016/FEB/cm25FEB2016bhav.csv.zip,2016-02-25,480ba89819d53746ebd724a9e4807717a132b7819282b6967c710e26edcaeec4,57025,historical NSE legacy equity bhavcopy,NSE download manifest
data/raw/bhavcopy_legacy/cm25FEB2019bhav.csv.zip,https://nsearchives.nseindia.com/content/historical/EQUITIES/2019/FEB/cm25FEB2019bhav.csv.zip,2019-02-25,257626790adcfce3693456413970d67367160c85dcae4fa5fc41e17d52b4f578,68863,historical NSE legacy equity bhavcopy,NSE download manifest
data/raw/bhavcopy_legacy/cm25FEB2020bhav.csv.zip,https://nsearchives.nseindia.com/content/historical/EQUITIES/2020/FEB/cm25FEB2020bhav.csv.zip,2020-02-25,a0c584c9f77f8a2e2f05b1645671a438c7397ab5c7f24d4f68897a10447eb5b5,69483,historical NSE legacy equity bhavcopy,NSE download manifest
data/raw/bhavcopy_legacy/cm25FEB2021bhav.csv.zip,https://nsearchives.nseindia.com/content/historical/EQUITIES/2021/FEB/cm25FEB2021bhav.csv.zip,2021-02-25,e26fcdb9258b6624c0565ef1d13805bf50ac1a7cf0f784f945b18cc5e9d04d44,74894,historical NSE legacy equity bhavcopy,NSE download manifest
data/raw/bhavcopy_legacy/cm25FEB2022bhav.csv.zip,https://nsearchives.nseindia.com/content/historical/EQUITIES/2022/FEB/cm25FEB2022bhav.csv.zip,2022-02-25,9499ade216d1fd37f8c42bca4ad1d024464cceb7537c457c19d3b39914e6d34d,81912,historical NSE legacy equity bhavcopy,NSE download manifest
data/raw/bhavcopy_legacy/cm25JAN2013bhav.csv.zip,https://nsearchives.nseindia.com/content/historical/EQUITIES/2013/JAN/cm25JAN2013bhav.csv.zip,2013-01-25,b6f03acc96cd09c7d018c6d180df7adadb352b7a0fa2f3a1d9dafdc821aacc4b,55824,historical NSE legacy equity bhavcopy,NSE download manifest
data/raw/bhavcopy_legacy/cm25JAN2016bhav.csv.zip,https://nsearchives.nseindia.com/content/historical/EQUITIES/2016/JAN/cm25JAN2016bhav.csv.zip,2016-01-25,49fa3e6d131db92d0df8a22f0fc2b87ff66076a5a12b7b033bc5eac246bc8424,59065,historical NSE legacy equity bhavcopy,NSE download manifest
data/raw/bhavcopy_legacy/cm25JAN2017bhav.csv.zip,https://nsearchives.nseindia.com/content/historical/EQUITIES/2017/JAN/cm25JAN2017bhav.csv.zip,2017-01-25,e004fb02e5931c59701d81e34a0290eb821920180ce4c4c0062a4d740e74ecc9,63133,historical NSE legacy equity bhavcopy,NSE download manifest
data/raw/bhavcopy_legacy/cm25JAN2018bhav.csv.zip,https://nsearchives.nseindia.com/content/historical/EQUITIES/2018/JAN/cm25JAN2018bhav.csv.zip,2018-01-25,6fc0f8c22a83f3bc423dbb0dc2a2a59d3adf402cc56351173a805a113b64d9a5,69002,historical NSE legacy equity bhavcopy,NSE download manifest
data/raw/bhavcopy_legacy/cm25JAN2019bhav.csv.zip,https://nsearchives.nseindia.com/content/historical/EQUITIES/2019/JAN/cm25JAN2019bhav.csv.zip,2019-01-25,2f7192f53b16b53caa2d071f0159282d086bd443639b77b177a9571fb12fd6aa,67675,historical NSE legacy equity bhavcopy,NSE download manifest
data/raw/bhavcopy_legacy/cm25JAN2021bhav.csv.zip,https://nsearchives.nseindia.com/content/historical/EQUITIES/2021/JAN/cm25JAN2021bhav.csv.zip,2021-01-25,a90f2b2d629d6541121582762c0352f5fa1388fb017b65e8c115c385c1b2cabe,74401,historical NSE legacy equity bhavcopy,NSE download manifest
data/raw/bhavcopy_legacy/cm25JAN2022bhav.csv.zip,https://nsearchives.nseindia.com/content/historical/EQUITIES/2022/JAN/cm25JAN2022bhav.csv.zip,2022-01-25,359eb8a931034b9ef2c13cd7ef96467d0060e5643b468496665b8c2c0cb7263a,82583,historical NSE legacy equity bhavcopy,NSE download manifest
data/raw/bhavcopy_legacy/cm25JAN2023bhav.csv.zip,https://nsearchives.nseindia.com/content/historical/EQUITIES/2023/JAN/cm25JAN2023bhav.csv.zip,2023-01-25,a3e23e51a9bb39294dc26dcd18a3d9c160ce17948178b5a50a78001943c59513,87738,historical NSE legacy equity bhavcopy,NSE download manifest
data/raw/bhavcopy_legacy/cm25JAN2024bhav.csv.zip,https://nsearchives.nseindia.com/content/historical/EQUITIES/2024/JAN/cm25JAN2024bhav.csv.zip,2024-01-25,a0b694c76b65600db9a0d950e796046ddd4a246dd2d72dcbf833bae85891db94,100629,historical NSE legacy equity bhavcopy,NSE download manifest
data/raw/bhavcopy_legacy/cm25JUL2013bhav.csv.zip,https://nsearchives.nseindia.com/content/historical/EQUITIES/2013/JUL/cm25JUL2013bhav.csv.zip,2013-07-25,b32f842a4b78144a80b40124f5f47d16ea77dd29a49a991350b7ef396efb2f37,47923,historical NSE legacy equity bhavcopy,NSE download manifest
data/raw/bhavcopy_legacy/cm25JUL2014bhav.csv.zip,https://nsearchives.nseindia.com/content/historical/EQUITIES/2014/JUL/cm25JUL2014bhav.csv.zip,2014-07-25,cbd26cb2ea9ddb7de47b62ba99b8f4da8ecfb69ea381c05ffad5360e686fa4ca,57186,historical NSE legacy equity bhavcopy,NSE download manifest
data/raw/bhavcopy_legacy/cm25JUL2016bhav.csv.zip,https://nsearchives.nseindia.com/content/historical/EQUITIES/2016/JUL/cm25JUL2016bhav.csv.zip,2016-07-25,1ba015ede14694e15b0c98c14b06efa8d1f59d1b5b7071aec12866a143913efd,61868,historical NSE legacy equity bhavcopy,NSE download manifest
data/raw/bhavcopy_legacy/cm25JUL2017bhav.csv.zip,https://nsearchives.nseindia.com/content/historical/EQUITIES/2017/JUL/cm25JUL2017bhav.csv.zip,2017-07-25,d226440ff70f96adb38104f910d2cedf4363d0e251fe2f627e7d2adc1c557540,65599,historical NSE legacy equity bhavcopy,NSE download manifest
data/raw/bhavcopy_legacy/cm25JUL2018bhav.csv.zip,https://nsearchives.nseindia.com/content/historical/EQUITIES/2018/JUL/cm25JUL2018bhav.csv.zip,2018-07-25,053f78d30de16a07e8607d0a234274e2ab57a5dd9eba503b621abe511919021c,68362,historical NSE legacy equity bhavcopy,NSE download manifest
data/raw/bhavcopy_legacy/cm25JUL2019bhav.csv.zip,https://nsearchives.nseindia.com/content/historical/EQUITIES/2019/JUL/cm25JUL2019bhav.csv.zip,2019-07-25,aa1ba2ff2f1076353875bbf40f116ca83f2c224c31eb0f7418db408e19b21122,68236,historical NSE legacy equity bhavcopy,NSE download manifest
data/raw/bhavcopy_legacy/cm25JUL2022bhav.csv.zip,https://nsearchives.nseindia.com/content/historical/EQUITIES/2022/JUL/cm25JUL2022bhav.csv.zip,2022-07-25,b9dc5118980f023fba6b442451ed4e945f23c61e4bc00232bb102c64e2b22d70,86878,historical NSE legacy equity bhavcopy,NSE download manifest
data/raw/bhavcopy_legacy/cm25JUL2023bhav.csv.zip,https://nsearchives.nseindia.com/content/historical/EQUITIES/2023/JUL/cm25JUL2023bhav.csv.zip,2023-07-25,0552deeb5fdeb9cb8ee1b237c56837f54b158cb3c063ccbc657ed6dde0d54f4c,92238,historical NSE legacy equity bhavcopy,NSE download manifest
data/raw/bhavcopy_legacy/cm25JUN2013bhav.csv.zip,https://nsearchives.nseindia.com/content/historical/EQUITIES/2013/JUN/cm25JUN2013bhav.csv.zip,2013-06-25,4d511370fad738058034a4ff4e4645c34717e9b7484d1c991f31c7646479b475,49281,historical NSE legacy equity bhavcopy,NSE download manifest
data/raw/bhavcopy_legacy/cm25JUN2014bhav.csv.zip,https://nsearchives.nseindia.com/content/historical/EQUITIES/2014/JUN/cm25JUN2014bhav.csv.zip,2014-06-25,d200b2fce65fcf48dca0efaa25ec5c9646d7815ab6b55e06e293ba5b588c5506,57454,historical NSE legacy equity bhavcopy,NSE download manifest
data/raw/bhavcopy_legacy/cm25JUN2015bhav.csv.zip,https://nsearchives.nseindia.com/content/historical/EQUITIES/2015/JUN/cm25JUN2015bhav.csv.zip,2015-06-25,c39b7c1dbf2a29380d203316d0476b36274f270b55d0da6302a73b650d1a3a84,56006,historical NSE legacy equity bhavcopy,NSE download manifest
data/raw/bhavcopy_legacy/cm25JUN2018bhav.csv.zip,https://nsearchives.nseindia.com/content/historical/EQUITIES/2018/JUN/cm25JUN2018bhav.csv.zip,2018-06-25,29a2689f443ce7e7d1e19550cb06f6e6d6c45998efb92a84262dfc001fbddc86,67643,historical NSE legacy equity bhavcopy,NSE download manifest
data/raw/bhavcopy_legacy/cm25JUN2019bhav.csv.zip,https://nsearchives.nseindia.com/content/historical/EQUITIES/2019/JUN/cm25JUN2019bhav.csv.zip,2019-06-25,fd16138cccb1ed9c6d5c3abbad54798c34dd7ce45e4b4d95c2de06e47b4003b6,67295,historical NSE legacy equity bhavcopy,NSE download manifest
data/raw/bhavcopy_legacy/cm25JUN2020bhav.csv.zip,https://nsearchives.nseindia.com/content/historical/EQUITIES/2020/JUN/cm25JUN2020bhav.csv.zip,2020-06-25,34462d17255efc60a5a2766b6fc2bd1aadadeb5c43ec2ac247dd8be2c1e8c24c,69685,historical NSE legacy equity bhavcopy,NSE download manifest
data/raw/bhavcopy_legacy/cm25JUN2021bhav.csv.zip,https://nsearchives.nseindia.com/content/historical/EQUITIES/2021/JUN/cm25JUN2021bhav.csv.zip,2021-06-25,1358428b39f7a80d0c9cf021bdbded00e1e5508bde2d15afef948b380392ab3f,76666,historical NSE legacy equity bhavcopy,NSE download manifest
data/raw/bhavcopy_legacy/cm25JUN2024bhav.csv.zip,https://nsearchives.nseindia.com/content/historical/EQUITIES/2024/JUN/cm25JUN2024bhav.csv.zip,2024-06-25,599659b98cf9259aabbd6345b2cfca346751a7c59248f3688978b21917db8ce6,107959,historical NSE legacy equity bhavcopy,NSE download manifest
data/raw/bhavcopy_legacy/cm25MAR2013bhav.csv.zip,https://nsearchives.nseindia.com/content/historical/EQUITIES/2013/MAR/cm25MAR2013bhav.csv.zip,2013-03-25,6aacd3c916aa2fab1ff1498e283aea1a8735f6172c3497958ce68b19fcb8aaeb,55644,historical NSE legacy equity bhavcopy,NSE download manifest
data/raw/bhavcopy_legacy/cm25MAR2014bhav.csv.zip,https://nsearchives.nseindia.com/content/historical/EQUITIES/2014/MAR/cm25MAR2014bhav.csv.zip,2014-03-25,c8143d910531dbbb6a6516a0aece6f100d5a4684be668707ba4647102f7e8fa3,55038,historical NSE legacy equity bhavcopy,NSE download manifest
data/raw/bhavcopy_legacy/cm25MAR2015bhav.csv.zip,https://nsearchives.nseindia.com/content/historical/EQUITIES/2015/MAR/cm25MAR2015bhav.csv.zip,2015-03-25,9dac7fd78a0daa7f65c8df40a78d4d522e6063ba9ec79ff9c2f301ddd78e3b1b,56774,historical NSE legacy equity bhavcopy,NSE download manifest
data/raw/bhavcopy_legacy/cm25MAR2019bhav.csv.zip,https://nsearchives.nseindia.com/content/historical/EQUITIES/2019/MAR/cm25MAR2019bhav.csv.zip,2019-03-25,74b9e5ed523cd4163b155d323d14c38b434fa42ce097659aee4e7bd070ef2961,69862,historical NSE legacy equity bhavcopy,NSE download manifest
data/raw/bhavcopy_legacy/cm25MAR2020bhav.csv.zip,https://nsearchives.nseindia.com/content/historical/EQUITIES/2020/MAR/cm25MAR2020bhav.csv.zip,2020-03-25,83227df529d7d7ff2c2ceab8a891ddc55e66ccab2fce2cdecd1ba80ad0add243,65820,historical NSE legacy equity bhavcopy,NSE download manifest
data/raw/bhavcopy_legacy/cm25MAR2021bhav.csv.zip,https://nsearchives.nseindia.com/content/historical/EQUITIES/2021/MAR/cm25MAR2021bhav.csv.zip,2021-03-25,7d020a53a7ca04e57ed8ee66339faa4dfc0c4bc5889f8a0122df425305ba2225,75096,historical NSE legacy equity bhavcopy,NSE download manifest
data/raw/bhavcopy_legacy/cm25MAR2022bhav.csv.zip,https://nsearchives.nseindia.com/content/historical/EQUITIES/2022/MAR/cm25MAR2022bhav.csv.zip,2022-03-25,0c3aacf172359a5b7868b25f703c7392ad60c2b87b49ac2f8d8f38c749ac28af,82569,historical NSE legacy equity bhavcopy,NSE download manifest
data/raw/bhavcopy_legacy/cm25MAY2015bhav.csv.zip,https://nsearchives.nseindia.com/content/historical/EQUITIES/2015/MAY/cm25MAY2015bhav.csv.zip,2015-05-25,b52f17ae3f4ca90db2358524d8f4016286121351fd89c495814c0290713de184,55951,historical NSE legacy equity bhavcopy,NSE download manifest
data/raw/bhavcopy_legacy/cm25MAY2016bhav.csv.zip,https://nsearchives.nseindia.com/content/historical/EQUITIES/2016/MAY/cm25MAY2016bhav.csv.zip,2016-05-25,499dc3b612dd3aa395c8780d7927ad3ee2ecce42cdbbeb590dc99ed8c687c688,58571,historical NSE legacy equity bhavcopy,NSE download manifest
data/raw/bhavcopy_legacy/cm25MAY2017bhav.csv.zip,https://nsearchives.nseindia.com/content/historical/EQUITIES/2017/MAY/cm25MAY2017bhav.csv.zip,2017-05-25,9351a451d15027bee02b40d2587281c3877c1c3bebc13fab8fb1db6340a8a3f7,64262,historical NSE legacy equity bhavcopy,NSE download manifest
data/raw/bhavcopy_legacy/cm25MAY2018bhav.csv.zip,https://nsearchives.nseindia.com/content/historical/EQUITIES/2018/MAY/cm25MAY2018bhav.csv.zip,2018-05-25,89fab3a7084a6f5853327b8377fca35b22b9b33b4cc3f5ab2daab51e05c40c57,68000,historical NSE legacy equity bhavcopy,NSE download manifest
data/raw/bhavcopy_legacy/cm25MAY2021bhav.csv.zip,https://nsearchives.nseindia.com/content/historical/EQUITIES/2021/MAY/cm25MAY2021bhav.csv.zip,2021-05-25,1e0869e670704c0ab91280db222985027dfbd12ad4860cdfe63b35e0945ae5e2,76827,historical NSE legacy equity bhavcopy,NSE download manifest
data/raw/bhavcopy_legacy/cm25MAY2022bhav.csv.zip,https://nsearchives.nseindia.com/content/historical/EQUITIES/2022/MAY/cm25MAY2022bhav.csv.zip,2022-05-25,2bf5e04bf40066c3b461bc6425df901556383382bd12c14e5446cb02d87650f5,82561,historical NSE legacy equity bhavcopy,NSE download manifest
data/raw/bhavcopy_legacy/cm25MAY2023bhav.csv.zip,https://nsearchives.nseindia.com/content/historical/EQUITIES/2023/MAY/cm25MAY2023bhav.csv.zip,2023-05-25,92660b1c64b278f407eb0bc363609dd95bf8b3bc7c1bfd8a655f3805aa245a6d,88222,historical NSE legacy equity bhavcopy,NSE download manifest
data/raw/bhavcopy_legacy/cm25NOV2013bhav.csv.zip,https://nsearchives.nseindia.com/content/historical/EQUITIES/2013/NOV/cm25NOV2013bhav.csv.zip,2013-11-25,f7122482d8a74b312d30c4fd02eee15e749128b6f0de106d4b8d92618bbeaa7e,49954,historical NSE legacy equity bhavcopy,NSE download manifest
data/raw/bhavcopy_legacy/cm25NOV2014bhav.csv.zip,https://nsearchives.nseindia.com/content/historical/EQUITIES/2014/NOV/cm25NOV2014bhav.csv.zip,2014-11-25,9e4c61399beac053d7664aa652607d5533d20fe341a44710280a22aea9eb7f41,58572,historical NSE legacy equity bhavcopy,NSE download manifest
data/raw/bhavcopy_legacy/cm25NOV2016bhav.csv.zip,https://nsearchives.nseindia.com/content/historical/EQUITIES/2016/NOV/cm25NOV2016bhav.csv.zip,2016-11-25,767743b799fb6a52bd047744aaf55cd6fdb801e285f1b20274c20de50a01f6be,61810,historical NSE legacy equity bhavcopy,NSE download manifest
data/raw/bhavcopy_legacy/cm25NOV2019bhav.csv.zip,https://nsearchives.nseindia.com/content/historical/EQUITIES/2019/NOV/cm25NOV2019bhav.csv.zip,2019-11-25,b48d7d431072f447fd35152a8d2e2fb2df1fd71993e6f0618af6a4140cf0bdaf,70000,historical NSE legacy equity bhavcopy,NSE download manifest
data/raw/bhavcopy_legacy/cm25NOV2020bhav.csv.zip,https://nsearchives.nseindia.com/content/historical/EQUITIES/2020/NOV/cm25NOV2020bhav.csv.zip,2020-11-25,c4c906315d113f9267d11360668326c2b3e4960d478350b5ca9ce23382c55e76,73256,historical NSE legacy equity bhavcopy,NSE download manifest
data/raw/bhavcopy_legacy/cm25NOV2021bhav.csv.zip,https://nsearchives.nseindia.com/content/historical/EQUITIES/2021/NOV/cm25NOV2021bhav.csv.zip,2021-11-25,cccc6d62dc9fe2ed49676f378011807da9e7291b8aca8b41a0cc387a75f7bd09,79219,historical NSE legacy equity bhavcopy,NSE download manifest
data/raw/bhavcopy_legacy/cm25NOV2022bhav.csv.zip,https://nsearchives.nseindia.com/content/historical/EQUITIES/2022/NOV/cm25NOV2022bhav.csv.zip,2022-11-25,a459912efdb496d3231b956af449df37ab4a8f3617c4ce94d6d3887164fd145c,87033,historical NSE legacy equity bhavcopy,NSE download manifest
data/raw/bhavcopy_legacy/cm25OCT2013bhav.csv.zip,https://nsearchives.nseindia.com/content/historical/EQUITIES/2013/OCT/cm25OCT2013bhav.csv.zip,2013-10-25,675ea7f44dd1f755f56bfee28e7e823398b2888e5f1eb12ac4b7a171d0c05525,49515,historical NSE legacy equity bhavcopy,NSE download manifest
data/raw/bhavcopy_legacy/cm25OCT2016bhav.csv.zip,https://nsearchives.nseindia.com/content/historical/EQUITIES/2016/OCT/cm25OCT2016bhav.csv.zip,2016-10-25,2141aecb42800247d89641960f7ea5690c57d95b6c8c1840eb8e846e1ec1599c,63045,historical NSE legacy equity bhavcopy,NSE download manifest
data/raw/bhavcopy_legacy/cm25OCT2017bhav.csv.zip,https://nsearchives.nseindia.com/content/historical/EQUITIES/2017/OCT/cm25OCT2017bhav.csv.zip,2017-10-25,429bbebb88cc1df9869dc90e63402666cdf6a5d62bd1fa60daae567f1ff8192c,66556,historical NSE legacy equity bhavcopy,NSE download manifest
data/raw/bhavcopy_legacy/cm25OCT2018bhav.csv.zip,https://nsearchives.nseindia.com/content/historical/EQUITIES/2018/OCT/cm25OCT2018bhav.csv.zip,2018-10-25,4c3e51e2f046f7bc2a107b447c0bd1793beab54e32cfc1d2820eb810ca1c9b0a,67022,historical NSE legacy equity bhavcopy,NSE download manifest
data/raw/bhavcopy_legacy/cm25OCT2019bhav.csv.zip,https://nsearchives.nseindia.com/content/historical/EQUITIES/2019/OCT/cm25OCT2019bhav.csv.zip,2019-10-25,afbdd9171f8af0a3f82b39d4457ad9e2b3d6e32bc30608c5ac988ab405f2663d,68158,historical NSE legacy equity bhavcopy,NSE download manifest
data/raw/bhavcopy_legacy/cm25OCT2021bhav.csv.zip,https://nsearchives.nseindia.com/content/historical/EQUITIES/2021/OCT/cm25OCT2021bhav.csv.zip,2021-10-25,2d9edf4959bbcb85490828ee1d5ba96ded646eb9c1fdd34c11abd3a5f428b383,80125,historical NSE legacy equity bhavcopy,NSE download manifest
data/raw/bhavcopy_legacy/cm25OCT2022bhav.csv.zip,https://nsearchives.nseindia.com/content/historical/EQUITIES/2022/OCT/cm25OCT2022bhav.csv.zip,2022-10-25,af3ef1c5db2ac337e4f16d5e8fe01425e9f239f448f9b583d74a72198f633981,85535,historical NSE legacy equity bhavcopy,NSE download manifest
data/raw/bhavcopy_legacy/cm25OCT2023bhav.csv.zip,https://nsearchives.nseindia.com/content/historical/EQUITIES/2023/OCT/cm25OCT2023bhav.csv.zip,2023-10-25,bb1dd5998a6a6c3b54509debd8815fa0ad588bc6d1eaac5f63ed93b3f4b441e9,96095,historical NSE legacy equity bhavcopy,NSE download manifest
data/raw/bhavcopy_legacy/cm25SEP2013bhav.csv.zip,https://nsearchives.nseindia.com/content/historical/EQUITIES/2013/SEP/cm25SEP2013bhav.csv.zip,2013-09-25,fea3fbbcb3650ac1e4e19c0ee97e2c6a3840cdef0c5f71e84e8fa6f3ef6981bf,47677,historical NSE legacy equity bhavcopy,NSE download manifest
data/raw/bhavcopy_legacy/cm25SEP2014bhav.csv.zip,https://nsearchives.nseindia.com/content/historical/EQUITIES/2014/SEP/cm25SEP2014bhav.csv.zip,2014-09-25,d2119564fa5b8790868eac8d16589a79468bb20717dd40440b67df2c2cd59f2b,58336,historical NSE legacy equity bhavcopy,NSE download manifest
data/raw/bhavcopy_legacy/cm25SEP2017bhav.csv.zip,https://nsearchives.nseindia.com/content/historical/EQUITIES/2017/SEP/cm25SEP2017bhav.csv.zip,2017-09-25,df71ca8c9788a5daf4190a2449f9aeb22787d2a56bd58f411b72c02689120abc,65486,historical NSE legacy equity bhavcopy,NSE download manifest
data/raw/bhavcopy_legacy/cm25SEP2018bhav.csv.zip,https://nsearchives.nseindia.com/content/historical/EQUITIES/2018/SEP/cm25SEP2018bhav.csv.zip,2018-09-25,aab7494b3280e7ef4ce77ea2944c554c77ecf5be7cc1f327c23e9b07df5ef392,69586,historical NSE legacy equity bhavcopy,NSE download manifest
data/raw/bhavcopy_legacy/cm25SEP2019bhav.csv.zip,https://nsearchives.nseindia.com/content/historical/EQUITIES/2019/SEP/cm25SEP2019bhav.csv.zip,2019-09-25,7a81f46c5448e5bb3f7e43fe606107d5fe05de47fcba3a5861584b4f30f4833e,68491,historical NSE legacy equity bhavcopy,NSE download manifest
data/raw/bhavcopy_legacy/cm25SEP2020bhav.csv.zip,https://nsearchives.nseindia.com/content/historical/EQUITIES/2020/SEP/cm25SEP2020bhav.csv.zip,2020-09-25,579148b2c647823c4b6681d55c93ac6042f0982e39fe067c3d7eb23a17eac2f9,70725,historical NSE legacy equity bhavcopy,NSE download manifest
data/raw/bhavcopy_legacy/cm25SEP2023bhav.csv.zip,https://nsearchives.nseindia.com/content/historical/EQUITIES/2023/SEP/cm25SEP2023bhav.csv.zip,2023-09-25,a4ed5ca27fd61560cd3c47247c8f759c8e689f4dcaf0e9055ac120ae6da64334,95243,historical NSE legacy equity bhavcopy,NSE download manifest
data/raw/bhavcopy_legacy/cm26APR2013bhav.csv.zip,https://nsearchives.nseindia.com/content/historical/EQUITIES/2013/APR/cm26APR2013bhav.csv.zip,2013-04-26,d3218184843686dd088e96a5aa16e15e1e68fa9ed16946ac90a288d61a6c1979,50416,historical NSE legacy equity bhavcopy,NSE download manifest
data/raw/bhavcopy_legacy/cm26APR2016bhav.csv.zip,https://nsearchives.nseindia.com/content/historical/EQUITIES/2016/APR/cm26APR2016bhav.csv.zip,2016-04-26,a1278941bcfd12b00630688d30eb97b77b41b7552cbb7219b27a6795a11d8c1e,59096,historical NSE legacy equity bhavcopy,NSE download manifest
data/raw/bhavcopy_legacy/cm26APR2017bhav.csv.zip,https://nsearchives.nseindia.com/content/historical/EQUITIES/2017/APR/cm26APR2017bhav.csv.zip,2017-04-26,1fc00962ed16a04bcde39c006ff6583d1d5cd689e96c0715acee707af335d832,65780,historical NSE legacy equity bhavcopy,NSE download manifest
data/raw/bhavcopy_legacy/cm26APR2018bhav.csv.zip,https://nsearchives.nseindia.com/content/historical/EQUITIES/2018/APR/cm26APR2018bhav.csv.zip,2018-04-26,1c29705c1138d2852db6f0eb0bfd25d61d649e57711b818c57fa033326b2d6cb,68056,historical NSE legacy equity bhavcopy,NSE download manifest
data/raw/bhavcopy_legacy/cm26APR2019bhav.csv.zip,https://nsearchives.nseindia.com/content/historical/EQUITIES/2019/APR/cm26APR2019bhav.csv.zip,2019-04-26,5068c1fe32971ec3b04343e3f03800a20c47dea2f5f04117d26cfc3e5d57b11b,67970,historical NSE legacy equity bhavcopy,NSE download manifest
data/raw/bhavcopy_legacy/cm26APR2021bhav.csv.zip,https://nsearchives.nseindia.com/content/historical/EQUITIES/2021/APR/cm26APR2021bhav.csv.zip,2021-04-26,d1c6e995593355da6394c402b1ddcbb485c40c20b05b78fa70bc4100abfd2a90,75123,historical NSE legacy equity bhavcopy,NSE download manifest
data/raw/bhavcopy_legacy/cm26APR2022bhav.csv.zip,https://nsearchives.nseindia.com/content/historical/EQUITIES/2022/APR/cm26APR2022bhav.csv.zip,2022-04-26,4aab570be1c73dc96a857328f9b0ee0336e7a7ff3a1e86923d61272fe27f2db2,83653,historical NSE legacy equity bhavcopy,NSE download manifest
data/raw/bhavcopy_legacy/cm26APR2023bhav.csv.zip,https://nsearchives.nseindia.com/content/historical/EQUITIES/2023/APR/cm26APR2023bhav.csv.zip,2023-04-26,290cefa5af1f70a91ff1d25fa29c5402d32450b837e9bc8046fb2a66d9961312,88308,historical NSE legacy equity bhavcopy,NSE download manifest
data/raw/bhavcopy_legacy/cm26APR2024bhav.csv.zip,https://nsearchives.nseindia.com/content/historical/EQUITIES/2024/APR/cm26APR2024bhav.csv.zip,2024-04-26,5d90f74befcb4c15cefc1c0b39c6ee57f9280698436af49b737d5a8311af5dd0,102664,historical NSE legacy equity bhavcopy,NSE download manifest
data/raw/bhavcopy_legacy/cm26AUG2013bhav.csv.zip,https://nsearchives.nseindia.com/content/historical/EQUITIES/2013/AUG/cm26AUG2013bhav.csv.zip,2013-08-26,01e9b951de8a36d20b0f85eb57387d2cdbdbcb7d8d324a4ac7dc20e0a6146e03,48266,historical NSE legacy equity bhavcopy,NSE download manifest
data/raw/bhavcopy_legacy/cm26AUG2014bhav.csv.zip,https://nsearchives.nseindia.com/content/historical/EQUITIES/2014/AUG/cm26AUG2014bhav.csv.zip,2014-08-26,c0f801234e7a66eb6575afe81af0566855d6d142e5354dda2bebc5f2852ea66f,57441,historical NSE legacy equity bhavcopy,NSE download manifest
data/raw/bhavcopy_legacy/cm26AUG2015bhav.csv.zip,https://nsearchives.nseindia.com/content/historical/EQUITIES/2015/AUG/cm26AUG2015bhav.csv.zip,2015-08-26,18ea36635956e890ad5cb04e81e1846cef48db0623e94e2f67267e1d35c90627,56502,historical NSE legacy equity bhavcopy,NSE download manifest
data/raw/bhavcopy_legacy/cm26AUG2016bhav.csv.zip,https://nsearchives.nseindia.com/content/historical/EQUITIES/2016/AUG/cm26AUG2016bhav.csv.zip,2016-08-26,630a48fc982ba8833e9826f06be94135093a8878f09b8b904d0bb10dcea227c0,61131,historical NSE legacy equity bhavcopy,NSE download manifest
data/raw/bhavcopy_legacy/cm26AUG2019bhav.csv.zip,https://nsearchives.nseindia.com/content/historical/EQUITIES/2019/AUG/cm26AUG2019bhav.csv.zip,2019-08-26,46eef8c7e267def3d1108e17efd0017650d6804e06200e3e443b5f6f5be7637e,68577,historical NSE legacy equity bhavcopy,NSE download manifest
data/raw/bhavcopy_legacy/cm26AUG2020bhav.csv.zip,https://nsearchives.nseindia.com/content/historical/EQUITIES/2020/AUG/cm26AUG2020bhav.csv.zip,2020-08-26,e8e6c28c5e319569e4af7a2d7675c3be6f96a6270e8c3b5511fa254a8efef284,72381,historical NSE legacy equity bhavcopy,NSE download manifest
data/raw/bhavcopy_legacy/cm26AUG2021bhav.csv.zip,https://nsearchives.nseindia.com/content/historical/EQUITIES/2021/AUG/cm26AUG2021bhav.csv.zip,2021-08-26,00f0204a0eca812500a33f19638edd84b3dfc4d9a1391f003caa56a3b1b17d8f,77269,historical NSE legacy equity bhavcopy,NSE download manifest
data/raw/bhavcopy_legacy/cm26AUG2022bhav.csv.zip,https://nsearchives.nseindia.com/content/historical/EQUITIES/2022/AUG/cm26AUG2022bhav.csv.zip,2022-08-26,e8f48dc4aa65b12d420cd3754d50d09ad267873e80f2d0e3c30f6194c0dacd79,85156,historical NSE legacy equity bhavcopy,NSE download manifest
data/raw/bhavcopy_legacy/cm26DEC2013bhav.csv.zip,https://nsearchives.nseindia.com/content/historical/EQUITIES/2013/DEC/cm26DEC2013bhav.csv.zip,2013-12-26,688ec5558f539cbac3240bcd60db1d9811b54150c46d5aee91d9684e8335895d,50985,historical NSE legacy equity bhavcopy,NSE download manifest
data/raw/bhavcopy_legacy/cm26DEC2014bhav.csv.zip,https://nsearchives.nseindia.com/content/historical/EQUITIES/2014/DEC/cm26DEC2014bhav.csv.zip,2014-12-26,0a8c3d945145a14bb29697ba72ffb4aee48c6781226add2a00f71ed7a526bcd8,56817,historical NSE legacy equity bhavcopy,NSE download manifest
data/raw/bhavcopy_legacy/cm26DEC2016bhav.csv.zip,https://nsearchives.nseindia.com/content/historical/EQUITIES/2016/DEC/cm26DEC2016bhav.csv.zip,2016-12-26,e7b6e561e62a3fb9973f8087f690233d4e26aece20107200626f8075aa424d8c,61267,historical NSE legacy equity bhavcopy,NSE download manifest
data/raw/bhavcopy_legacy/cm26DEC2017bhav.csv.zip,https://nsearchives.nseindia.com/content/historical/EQUITIES/2017/DEC/cm26DEC2017bhav.csv.zip,2017-12-26,69c9472a52f960d57cbe6dcb943f364226ca24a2b50f3d824b0e21fd84f01c5a,69304,historical NSE legacy equity bhavcopy,NSE download manifest
data/raw/bhavcopy_legacy/cm26DEC2018bhav.csv.zip,https://nsearchives.nseindia.com/content/historical/EQUITIES/2018/DEC/cm26DEC2018bhav.csv.zip,2018-12-26,ea032ae8989904932b3fb7f385c8555447d77936bdecb6beed11c143edebe557,66959,historical NSE legacy equity bhavcopy,NSE download manifest
data/raw/bhavcopy_legacy/cm26DEC2019bhav.csv.zip,https://nsearchives.nseindia.com/content/historical/EQUITIES/2019/DEC/cm26DEC2019bhav.csv.zip,2019-12-26,fc0cbe32bbac9ed44f450bf93d69b8ad58145d0104c79b6a576f1744b9041661,69073,historical NSE legacy equity bhavcopy,NSE download manifest
data/raw/bhavcopy_legacy/cm26DEC2022bhav.csv.zip,https://nsearchives.nseindia.com/content/historical/EQUITIES/2022/DEC/cm26DEC2022bhav.csv.zip,2022-12-26,ed12da25d8a33eb09fc0d708e282b6227aaecae6e5ce94481c301fdb79105981,89441,historical NSE legacy equity bhavcopy,NSE download manifest
data/raw/bhavcopy_legacy/cm26DEC2023bhav.csv.zip,https://nsearchives.nseindia.com/content/historical/EQUITIES/2023/DEC/cm26DEC2023bhav.csv.zip,2023-12-26,39502d2033a536decdabcfdceb17f075a404f9ea07b17ecb175c03a8414f6421,99499,historical NSE legacy equity bhavcopy,NSE download manifest
data/raw/bhavcopy_legacy/cm26FEB2013bhav.csv.zip,https://nsearchives.nseindia.com/content/historical/EQUITIES/2013/FEB/cm26FEB2013bhav.csv.zip,2013-02-26,0ebef6812853b920a11c371271343470c792b0bdbbfd53f7cc2ff82df7a6e4ed,55106,historical NSE legacy equity bhavcopy,NSE download manifest
data/raw/bhavcopy_legacy/cm26FEB2014bhav.csv.zip,https://nsearchives.nseindia.com/content/historical/EQUITIES/2014/FEB/cm26FEB2014bhav.csv.zip,2014-02-26,eafd50b1c958cd962f925204cc44886226f0db33803e4d454cef4c2f94c9ed70,52709,historical NSE legacy equity bhavcopy,NSE download manifest
data/raw/bhavcopy_legacy/cm26FEB2015bhav.csv.zip,https://nsearchives.nseindia.com/content/historical/EQUITIES/2015/FEB/cm26FEB2015bhav.csv.zip,2015-02-26,37f58871023a8149ff945dc93d31bc3f07388e77c6b92b270c00eacb1e69057a,55991,historical NSE legacy equity bhavcopy,NSE download manifest
data/raw/bhavcopy_legacy/cm26FEB2016bhav.csv.zip,https://nsearchives.nseindia.com/content/historical/EQUITIES/2016/FEB/cm26FEB2016bhav.csv.zip,2016-02-26,cc452aeb83cd5a88db625b3b04564b676bd9a88d3b5a58b81d1088171ba600b5,56831,historical NSE legacy equity bhavcopy,NSE download manifest
data/raw/bhavcopy_legacy/cm26FEB2018bhav.csv.zip,https://nsearchives.nseindia.com/content/historical/EQUITIES/2018/FEB/cm26FEB2018bhav.csv.zip,2018-02-26,5d527251440aeb7c12aa353f0ca37943a73e0ee9fd951ff375d6a30ae2afc145,69024,historical NSE legacy equity bhavcopy,NSE download manifest
data/raw/bhavcopy_legacy/cm26FEB2019bhav.csv.zip,https://nsearchives.nseindia.com/content/historical/EQUITIES/2019/FEB/cm26FEB2019bhav.csv.zip,2019-02-26,c3f1f8b96ccfe394ba9ea97b90938d73c9c2c579704d4f209136e99e80547f03,67577,historical NSE legacy equity bhavcopy,NSE download manifest
data/raw/bhavcopy_legacy/cm26FEB2020bhav.csv.zip,https://nsearchives.nseindia.com/content/historical/EQUITIES/2020/FEB/cm26FEB2020bhav.csv.zip,2020-02-26,f7a61068c896f15ebcd56eaa9f29f8551b2fa2ae960828c635fcfaa567f8487b,69371,historical NSE legacy equity bhavcopy,NSE download manifest
data/raw/bhavcopy_legacy/cm26FEB2021bhav.csv.zip,https://nsearchives.nseindia.com/content/historical/EQUITIES/2021/FEB/cm26FEB2021bhav.csv.zip,2021-02-26,326de9e840c8c198db0acb22f353370c447f0aecd77964b9fa328e02bc3f13e8,75111,historical NSE legacy equity bhavcopy,NSE download manifest
data/raw/bhavcopy_legacy/cm26FEB2024bhav.csv.zip,https://nsearchives.nseindia.com/content/historical/EQUITIES/2024/FEB/cm26FEB2024bhav.csv.zip,2024-02-26,ce9e8e510b8507ff5a29b7d9d7f4c133c1fdfca3d4a4b49b43bc6b0e7ccc2a51,102207,historical NSE legacy equity bhavcopy,NSE download manifest
data/raw/bhavcopy_legacy/cm26JUL2013bhav.csv.zip,https://nsearchives.nseindia.com/content/historical/EQUITIES/2013/JUL/cm26JUL2013bhav.csv.zip,2013-07-26,f4b3f98e6672861bf9859eaac869b1231e1e26dab216241bf720236dfdbb34ac,48104,historical NSE legacy equity bhavcopy,NSE download manifest
data/raw/bhavcopy_legacy/cm26JUL2016bhav.csv.zip,https://nsearchives.nseindia.com/content/historical/EQUITIES/2016/JUL/cm26JUL2016bhav.csv.zip,2016-07-26,174272d9d6da83a78a3f3f7ec049151786c93f13ea4faa20842339005edc565e,61736,historical NSE legacy equity bhavcopy,NSE download manifest
data/raw/bhavcopy_legacy/cm26JUL2017bhav.csv.zip,https://nsearchives.nseindia.com/content/historical/EQUITIES/2017/JUL/cm26JUL2017bhav.csv.zip,2017-07-26,e637465f0fb1072ebd7f4e2bcea016d6ce34030a67721b0af0d9d4c168a30bc5,65048,historical NSE legacy equity bhavcopy,NSE download manifest
data/raw/bhavcopy_legacy/cm26JUL2018bhav.csv.zip,https://nsearchives.nseindia.com/content/historical/EQUITIES/2018/JUL/cm26JUL2018bhav.csv.zip,2018-07-26,5307302e524ae31f68535a5d5e0cb671e2926a3d13bae6e78e36a78190381a67,68127,historical NSE legacy equity bhavcopy,NSE download manifest
data/raw/bhavcopy_legacy/cm26JUL2019bhav.csv.zip,https://nsearchives.nseindia.com/content/historical/EQUITIES/2019/JUL/cm26JUL2019bhav.csv.zip,2019-07-26,9552581a250ce30d1ec5ebd4e9acc58906b691da980f1216f4c38ca33365c900,67488,historical NSE legacy equity bhavcopy,NSE download manifest
data/raw/bhavcopy_legacy/cm26JUL2021bhav.csv.zip,https://nsearchives.nseindia.com/content/historical/EQUITIES/2021/JUL/cm26JUL2021bhav.csv.zip,2021-07-26,49cee95036bcc20012030434ec3b2f0a85e0ca0972fd6fa70f50e6b782d3c645,79179,historical NSE legacy equity bhavcopy,NSE download manifest
data/raw/bhavcopy_legacy/cm26JUL2022bhav.csv.zip,https://nsearchives.nseindia.com/content/historical/EQUITIES/2022/JUL/cm26JUL2022bhav.csv.zip,2022-07-26,8a5e2adbf767065552791d7d3ebb85fdb8bb0537be26e42f4cb1ff42fa5af1fc,82524,historical NSE legacy equity bhavcopy,NSE download manifest
data/raw/bhavcopy_legacy/cm26JUL2023bhav.csv.zip,https://nsearchives.nseindia.com/content/historical/EQUITIES/2023/JUL/cm26JUL2023bhav.csv.zip,2023-07-26,92e9edc15875e938b539fa14a9660e783d96ea963bec37ed58376a8c7ee82256,92300,historical NSE legacy equity bhavcopy,NSE download manifest
data/raw/bhavcopy_legacy/cm26JUN2013bhav.csv.zip,https://nsearchives.nseindia.com/content/historical/EQUITIES/2013/JUN/cm26JUN2013bhav.csv.zip,2013-06-26,16d7591077bd0c317c78a3e9c2a0971f84c10ba97e3c7e9c7192da5355651a07,49767,historical NSE legacy equity bhavcopy,NSE download manifest
data/raw/bhavcopy_legacy/cm26JUN2014bhav.csv.zip,https://nsearchives.nseindia.com/content/historical/EQUITIES/2014/JUN/cm26JUN2014bhav.csv.zip,2014-06-26,0205e01ff6c8637d44de952a42a79ea0b26f2bb51e7dd9895a287eb232a4217f,57099,historical NSE legacy equity bhavcopy,NSE download manifest
data/raw/bhavcopy_legacy/cm26JUN2015bhav.csv.zip,https://nsearchives.nseindia.com/content/historical/EQUITIES/2015/JUN/cm26JUN2015bhav.csv.zip,2015-06-26,e3e32fab2e49e88f1046a04dda7bcee8cdbdcbb702e648c49a4857de4bcf1d8c,56157,historical NSE legacy equity bhavcopy,NSE download manifest
data/raw/bhavcopy_legacy/cm26JUN2018bhav.csv.zip,https://nsearchives.nseindia.com/content/historical/EQUITIES/2018/JUN/cm26JUN2018bhav.csv.zip,2018-06-26,3ae4acc80be11b1d92e49422e62030650e9dc9813c9131cf673846bd1ea98eee,67668,historical NSE legacy equity bhavcopy,NSE download manifest
data/raw/bhavcopy_legacy/cm26JUN2019bhav.csv.zip,https://nsearchives.nseindia.com/content/historical/EQUITIES/2019/JUN/cm26JUN2019bhav.csv.zip,2019-06-26,13597c7e5724d375977a5a929eb967ed8bbdb6823687f8ce005c8db2aa95f459,67692,historical NSE legacy equity bhavcopy,NSE download manifest
data/raw/bhavcopy_legacy/cm26JUN2020bhav.csv.zip,https://nsearchives.nseindia.com/content/historical/EQUITIES/2020/JUN/cm26JUN2020bhav.csv.zip,2020-06-26,c4c1f555bc63ccffc102e3d265ac77edcea2d15e87feae995429e9d2613f19eb,69845,historical NSE legacy equity bhavcopy,NSE download manifest
data/raw/bhavcopy_legacy/cm26JUN2023bhav.csv.zip,https://nsearchives.nseindia.com/content/historical/EQUITIES/2023/JUN/cm26JUN2023bhav.csv.zip,2023-06-26,7e5a867fa39df36d86a25833193110bd93b9dc1ec837454884b285a24601f24b,91613,historical NSE legacy equity bhavcopy,NSE download manifest
data/raw/bhavcopy_legacy/cm26JUN2024bhav.csv.zip,https://nsearchives.nseindia.com/content/historical/EQUITIES/2024/JUN/cm26JUN2024bhav.csv.zip,2024-06-26,c65ace6a30d27c837ed03c50ac786a4e4a40953cbe294ab0dae9a5c924832532,107708,historical NSE legacy equity bhavcopy,NSE download manifest
data/raw/bhavcopy_legacy/cm26MAR2013bhav.csv.zip,https://nsearchives.nseindia.com/content/historical/EQUITIES/2013/MAR/cm26MAR2013bhav.csv.zip,2013-03-26,13c61fc9558daf8bd20ec6c93ea71e69c6556213ea506229f37b3939694e5fce,54367,historical NSE legacy equity bhavcopy,NSE download manifest
data/raw/bhavcopy_legacy/cm26MAR2014bhav.csv.zip,https://nsearchives.nseindia.com/content/historical/EQUITIES/2014/MAR/cm26MAR2014bhav.csv.zip,2014-03-26,dd14e19656d9f3c20e906c55818d7d62d222295338b9381ed72463830052bf41,55171,historical NSE legacy equity bhavcopy,NSE download manifest
data/raw/bhavcopy_legacy/cm26MAR2015bhav.csv.zip,https://nsearchives.nseindia.com/content/historical/EQUITIES/2015/MAR/cm26MAR2015bhav.csv.zip,2015-03-26,013ec672fa7e9b30f6a8ce858fc38ad1d6de4bafd4ca551503e4f8c7292f15c6,56569,historical NSE legacy equity bhavcopy,NSE download manifest
data/raw/bhavcopy_legacy/cm26MAR2018bhav.csv.zip,https://nsearchives.nseindia.com/content/historical/EQUITIES/2018/MAR/cm26MAR2018bhav.csv.zip,2018-03-26,5a3179ce14cc4a822da35b279edd311cddb9d6e3f0d4dfd1c92de65ba246853c,70221,historical NSE legacy equity bhavcopy,NSE download manifest
data/raw/bhavcopy_legacy/cm26MAR2019bhav.csv.zip,https://nsearchives.nseindia.com/content/historical/EQUITIES/2019/MAR/cm26MAR2019bhav.csv.zip,2019-03-26,82a7f504a36f9bde4a2486062db2600512d97f5895ce3f90232236fec7325f95,69915,historical NSE legacy equity bhavcopy,NSE download manifest
data/raw/bhavcopy_legacy/cm26MAR2020bhav.csv.zip,https://nsearchives.nseindia.com/content/historical/EQUITIES/2020/MAR/cm26MAR2020bhav.csv.zip,2020-03-26,db295579e5c9088f8f40416e0ff426eb882de647d0cce410c431391acba99b95,67483,historical NSE legacy equity bhavcopy,NSE download manifest
data/raw/bhavcopy_legacy/cm26MAR2021bhav.csv.zip,https://nsearchives.nseindia.com/content/historical/EQUITIES/2021/MAR/cm26MAR2021bhav.csv.zip,2021-03-26,44247a94485b5d034ed83562a643fb362782257cc1c5978aefc94c987edaac53,74632,historical NSE legacy equity bhavcopy,NSE download manifest
data/raw/bhavcopy_legacy/cm26MAR2024bhav.csv.zip,https://nsearchives.nseindia.com/content/historical/EQUITIES/2024/MAR/cm26MAR2024bhav.csv.zip,2024-03-26,786508c66bd6ac9cf7f1d614b30f19b89fd40e92817f473d225b31f2487caf5b,103053,historical NSE legacy equity bhavcopy,NSE download manifest
data/raw/bhavcopy_legacy/cm26MAY2014bhav.csv.zip,https://nsearchives.nseindia.com/content/historical/EQUITIES/2014/MAY/cm26MAY2014bhav.csv.zip,2014-05-26,191b91827fb4ab2d1be233f7fd063feacad2ab816598f8819799cfdccbc1cb32,58731,historical NSE legacy equity bhavcopy,NSE download manifest
data/raw/bhavcopy_legacy/cm26MAY2015bhav.csv.zip,https://nsearchives.nseindia.com/content/historical/EQUITIES/2015/MAY/cm26MAY2015bhav.csv.zip,2015-05-26,7aeb2580282f367d3162673eb7bee4d921c7820acb1658977d6d23389e85c846,55877,historical NSE legacy equity bhavcopy,NSE download manifest
data/raw/bhavcopy_legacy/cm26MAY2016bhav.csv.zip,https://nsearchives.nseindia.com/content/historical/EQUITIES/2016/MAY/cm26MAY2016bhav.csv.zip,2016-05-26,04a5efc8adb835610d8d6eb76b54645ddf3819f2f757789d705f94f558d8d9a8,58865,historical NSE legacy equity bhavcopy,NSE download manifest
data/raw/bhavcopy_legacy/cm26MAY2017bhav.csv.zip,https://nsearchives.nseindia.com/content/historical/EQUITIES/2017/MAY/cm26MAY2017bhav.csv.zip,2017-05-26,bebac522191c82537a7e607b2bbee2338006cb85fe51da00ea6ba26cdd34192a,64476,historical NSE legacy equity bhavcopy,NSE download manifest
data/raw/bhavcopy_legacy/cm26MAY2020bhav.csv.zip,https://nsearchives.nseindia.com/content/historical/EQUITIES/2020/MAY/cm26MAY2020bhav.csv.zip,2020-05-26,05f0057ffdbadbe6df0b754b73f13692f46573fcb4380c71f0e87c1cec01431d,68112,historical NSE legacy equity bhavcopy,NSE download manifest
data/raw/bhavcopy_legacy/cm26MAY2021bhav.csv.zip,https://nsearchives.nseindia.com/content/historical/EQUITIES/2021/MAY/cm26MAY2021bhav.csv.zip,2021-05-26,193a55b2de3ab4284fbc9485654b9eab4666c88d58b7ff588455d5c8e31c43ff,76851,historical NSE legacy equity bhavcopy,NSE download manifest
data/raw/bhavcopy_legacy/cm26MAY2022bhav.csv.zip,https://nsearchives.nseindia.com/content/historical/EQUITIES/2022/MAY/cm26MAY2022bhav.csv.zip,2022-05-26,7ddeb9d6e16ea7dcde3a29833ad1acfd2252b479686976cde9d9478b49a0b232,82924,historical NSE legacy equity bhavcopy,NSE download manifest
data/raw/bhavcopy_legacy/cm26MAY2023bhav.csv.zip,https://nsearchives.nseindia.com/content/historical/EQUITIES/2023/MAY/cm26MAY2023bhav.csv.zip,2023-05-26,c2fbfe39dc68b40e933f147f8b3b6aa25d5e308157a3ddd0caf7eede6798bded,88804,historical NSE legacy equity bhavcopy,NSE download manifest
data/raw/bhavcopy_legacy/cm26NOV2013bhav.csv.zip,https://nsearchives.nseindia.com/content/historical/EQUITIES/2013/NOV/cm26NOV2013bhav.csv.zip,2013-11-26,47015c8cdf1cd0eb27825e82fdd3c837163480528f7b64e4fd7382e4f8117b6e,49624,historical NSE legacy equity bhavcopy,NSE download manifest
data/raw/bhavcopy_legacy/cm26NOV2014bhav.csv.zip,https://nsearchives.nseindia.com/content/historical/EQUITIES/2014/NOV/cm26NOV2014bhav.csv.zip,2014-11-26,c594ce0d57c863d602246068b41ecfeed444a6455631d5b9c9f4da81fd6d0ece,57195,historical NSE legacy equity bhavcopy,NSE download manifest
data/raw/bhavcopy_legacy/cm26NOV2015bhav.csv.zip,https://nsearchives.nseindia.com/content/historical/EQUITIES/2015/NOV/cm26NOV2015bhav.csv.zip,2015-11-26,9107181b9fad0d1155000e5e8af1350fdaaa2468182413c9dd962d89bef157aa,58387,historical NSE legacy equity bhavcopy,NSE download manifest
data/raw/bhavcopy_legacy/cm26NOV2018bhav.csv.zip,https://nsearchives.nseindia.com/content/historical/EQUITIES/2018/NOV/cm26NOV2018bhav.csv.zip,2018-11-26,b0062ba4624c95303d079db51e079696f5b5482d954828e99867a783756ae816,67603,historical NSE legacy equity bhavcopy,NSE download manifest
data/raw/bhavcopy_legacy/cm26NOV2019bhav.csv.zip,https://nsearchives.nseindia.com/content/historical/EQUITIES/2019/NOV/cm26NOV2019bhav.csv.zip,2019-11-26,84a37092e9826ffcd5c42511142acdaff9344e49bd3ecf0c3cff994a90c4a99b,69416,historical NSE legacy equity bhavcopy,NSE download manifest
data/raw/bhavcopy_legacy/cm26NOV2020bhav.csv.zip,https://nsearchives.nseindia.com/content/historical/EQUITIES/2020/NOV/cm26NOV2020bhav.csv.zip,2020-11-26,ec81d2620eea738bb1a565c45952a0153fd5b26f7e85a85c0affbfcaea07726e,72947,historical NSE legacy equity bhavcopy,NSE download manifest
data/raw/bhavcopy_legacy/cm26NOV2021bhav.csv.zip,https://nsearchives.nseindia.com/content/historical/EQUITIES/2021/NOV/cm26NOV2021bhav.csv.zip,2021-11-26,fb100b10f984a0d6576edf8b15308fb46788a688a4903d303549d09fe7d9b674,80567,historical NSE legacy equity bhavcopy,NSE download manifest
data/raw/bhavcopy_legacy/cm26OCT2015bhav.csv.zip,https://nsearchives.nseindia.com/content/historical/EQUITIES/2015/OCT/cm26OCT2015bhav.csv.zip,2015-10-26,b12212a55135af6ad531f40edf4065bf639426fdfeeebda68352267ed7f3e9ba,57735,historical NSE legacy equity bhavcopy,NSE download manifest
data/raw/bhavcopy_legacy/cm26OCT2016bhav.csv.zip,https://nsearchives.nseindia.com/content/historical/EQUITIES/2016/OCT/cm26OCT2016bhav.csv.zip,2016-10-26,606e4bc8ea9bcc78e7183e5c5a66bae8cf0aa499c2af18001f47bda4302a97d8,63285,historical NSE legacy equity bhavcopy,NSE download manifest
data/raw/bhavcopy_legacy/cm26OCT2017bhav.csv.zip,https://nsearchives.nseindia.com/content/historical/EQUITIES/2017/OCT/cm26OCT2017bhav.csv.zip,2017-10-26,1e6a4526f1902080933f0410a8d70c333be24f6902cc1e89b68ec319d9f9f5f1,66356,historical NSE legacy equity bhavcopy,NSE download manifest
data/raw/bhavcopy_legacy/cm26OCT2018bhav.csv.zip,https://nsearchives.nseindia.com/content/historical/EQUITIES/2018/OCT/cm26OCT2018bhav.csv.zip,2018-10-26,2328fadf60d037d90e289dd253077f8f22699a65fec750b1983ed785ca254152,67538,historical NSE legacy equity bhavcopy,NSE download manifest
data/raw/bhavcopy_legacy/cm26OCT2020bhav.csv.zip,https://nsearchives.nseindia.com/content/historical/EQUITIES/2020/OCT/cm26OCT2020bhav.csv.zip,2020-10-26,ba480203094fdb48f208f29423e415c5a6e971c6073a35dfee6056dd88a8188a,72101,historical NSE legacy equity bhavcopy,NSE download manifest
data/raw/bhavcopy_legacy/cm26OCT2021bhav.csv.zip,https://nsearchives.nseindia.com/content/historical/EQUITIES/2021/OCT/cm26OCT2021bhav.csv.zip,2021-10-26,57d07e46734e5a957c0226517f6ffad09705ea6c0df8874ad428a6915e26aae3,79180,historical NSE legacy equity bhavcopy,NSE download manifest
data/raw/bhavcopy_legacy/cm26OCT2023bhav.csv.zip,https://nsearchives.nseindia.com/content/historical/EQUITIES/2023/OCT/cm26OCT2023bhav.csv.zip,2023-10-26,82a58957be35542c637ef5ac557738b75c661833523c8bf44acb04fdad82105e,96536,historical NSE legacy equity bhavcopy,NSE download manifest
data/raw/bhavcopy_legacy/cm26SEP2013bhav.csv.zip,https://nsearchives.nseindia.com/content/historical/EQUITIES/2013/SEP/cm26SEP2013bhav.csv.zip,2013-09-26,fa6d8bf5a91e7eae872929af81570cc8cbae3c3c73328c894fbafbc999c6bb4f,47554,historical NSE legacy equity bhavcopy,NSE download manifest
data/raw/bhavcopy_legacy/cm26SEP2014bhav.csv.zip,https://nsearchives.nseindia.com/content/historical/EQUITIES/2014/SEP/cm26SEP2014bhav.csv.zip,2014-09-26,173d17836896b581283169f11d0af9a8c31e614c94270ed2a2515c15a2263a2e,57979,historical NSE legacy equity bhavcopy,NSE download manifest
data/raw/bhavcopy_legacy/cm26SEP2016bhav.csv.zip,https://nsearchives.nseindia.com/content/historical/EQUITIES/2016/SEP/cm26SEP2016bhav.csv.zip,2016-09-26,d9008ba069e3a9c5695ea25c026429a9a81c90122bf8dcada48b57c4d175bfe2,61828,historical NSE legacy equity bhavcopy,NSE download manifest
data/raw/bhavcopy_legacy/cm26SEP2017bhav.csv.zip,https://nsearchives.nseindia.com/content/historical/EQUITIES/2017/SEP/cm26SEP2017bhav.csv.zip,2017-09-26,dd421c322d6e24d892a4a23e32f7082ea61fd62c149ce85d408f712f1e78194e,64672,historical NSE legacy equity bhavcopy,NSE download manifest
data/raw/bhavcopy_legacy/cm26SEP2018bhav.csv.zip,https://nsearchives.nseindia.com/content/historical/EQUITIES/2018/SEP/cm26SEP2018bhav.csv.zip,2018-09-26,0efe2f0d4b84a6e800ad67d19041c5a4700b6b58ae95fb44d3b0ce3db5b57f98,69261,historical NSE legacy equity bhavcopy,NSE download manifest
data/raw/bhavcopy_legacy/cm26SEP2019bhav.csv.zip,https://nsearchives.nseindia.com/content/historical/EQUITIES/2019/SEP/cm26SEP2019bhav.csv.zip,2019-09-26,3110aef5493d02bd6a55aecbe48c146ec5294cf8d66598a0340d8321e2c68cb2,68620,historical NSE legacy equity bhavcopy,NSE download manifest
data/raw/bhavcopy_legacy/cm26SEP2022bhav.csv.zip,https://nsearchives.nseindia.com/content/historical/EQUITIES/2022/SEP/cm26SEP2022bhav.csv.zip,2022-09-26,ce346600399a5be3b47ee5a2f94ec533f58114942b088cff86161734dfb4051d,86922,historical NSE legacy equity bhavcopy,NSE download manifest
data/raw/bhavcopy_legacy/cm26SEP2023bhav.csv.zip,https://nsearchives.nseindia.com/content/historical/EQUITIES/2023/SEP/cm26SEP2023bhav.csv.zip,2023-09-26,1273124cd434c44253e819f096f6d5dd6b652e274776870a4c20d5cea83f6ff6,94422,historical NSE legacy equity bhavcopy,NSE download manifest
data/raw/bhavcopy_legacy/cm27APR2015bhav.csv.zip,https://nsearchives.nseindia.com/content/historical/EQUITIES/2015/APR/cm27APR2015bhav.csv.zip,2015-04-27,ef9c289094bf14c15a3986eb1324545bfd89d97a2268233d348def6e6cd8808c,56900,historical NSE legacy equity bhavcopy,NSE download manifest
data/raw/bhavcopy_legacy/cm27APR2016bhav.csv.zip,https://nsearchives.nseindia.com/content/historical/EQUITIES/2016/APR/cm27APR2016bhav.csv.zip,2016-04-27,dc1aa3a4a32ff3359ff19f70bb424c64fd40b803ff35373ae7cc46ff07276516,58996,historical NSE legacy equity bhavcopy,NSE download manifest
data/raw/bhavcopy_legacy/cm27APR2017bhav.csv.zip,https://nsearchives.nseindia.com/content/historical/EQUITIES/2017/APR/cm27APR2017bhav.csv.zip,2017-04-27,4c55f61cdc3055c86e008727bceceffc65e0602ceb2df0bb58e7e8dac8f0a574,64838,historical NSE legacy equity bhavcopy,NSE download manifest
data/raw/bhavcopy_legacy/cm27APR2018bhav.csv.zip,https://nsearchives.nseindia.com/content/historical/EQUITIES/2018/APR/cm27APR2018bhav.csv.zip,2018-04-27,2129a3da48655a77c187d2e9f381d30b803ddc58e0b3d598b57a8db7319caccb,68798,historical NSE legacy equity bhavcopy,NSE download manifest
data/raw/bhavcopy_legacy/cm27APR2020bhav.csv.zip,https://nsearchives.nseindia.com/content/historical/EQUITIES/2020/APR/cm27APR2020bhav.csv.zip,2020-04-27,f6b5d9a8e69ef58073c1e88eb3898ad2e2e45a1c1a9da577f4095788b8bc4929,68897,historical NSE legacy equity bhavcopy,NSE download manifest
data/raw/bhavcopy_legacy/cm27APR2021bhav.csv.zip,https://nsearchives.nseindia.com/content/historical/EQUITIES/2021/APR/cm27APR2021bhav.csv.zip,2021-04-27,7136dcd4a7312d9a36fb6446368d8f2aecbd05a1fa6a9bc6dd47ce2392e8e8f8,74266,historical NSE legacy equity bhavcopy,NSE download manifest
data/raw/bhavcopy_legacy/cm27APR2022bhav.csv.zip,https://nsearchives.nseindia.com/content/historical/EQUITIES/2022/APR/cm27APR2022bhav.csv.zip,2022-04-27,ad064d1476b77fb967e6054be6e6602061b170300f462633ad518855e641c182,83454,historical NSE legacy equity bhavcopy,NSE download manifest
data/raw/bhavcopy_legacy/cm27APR2023bhav.csv.zip,https://nsearchives.nseindia.com/content/historical/EQUITIES/2023/APR/cm27APR2023bhav.csv.zip,2023-04-27,7c3073a8ad6341affa25dab40a734f19bda7b587bbbc6f8cedd1464dee028530,88679,historical NSE legacy equity bhavcopy,NSE download manifest
data/raw/bhavcopy_legacy/cm27AUG2013bhav.csv.zip,https://nsearchives.nseindia.com/content/historical/EQUITIES/2013/AUG/cm27AUG2013bhav.csv.zip,2013-08-27,1362497847c81508ff5f39f60d140c796ac828acb2533f1464636008471cd95f,47400,historical NSE legacy equity bhavcopy,NSE download manifest
data/raw/bhavcopy_legacy/cm27AUG2014bhav.csv.zip,https://nsearchives.nseindia.com/content/historical/EQUITIES/2014/AUG/cm27AUG2014bhav.csv.zip,2014-08-27,b738ab0b88d29cb78613f2bfefc09872348b0a5f2888d61d900600dfa4a8bbe7,57610,historical NSE legacy equity bhavcopy,NSE download manifest
data/raw/bhavcopy_legacy/cm27AUG2015bhav.csv.zip,https://nsearchives.nseindia.com/content/historical/EQUITIES/2015/AUG/cm27AUG2015bhav.csv.zip,2015-08-27,548261925740b68f2807686ecf60646a17a5945a260b6791d518d4427c4d3a4f,56558,historical NSE legacy equity bhavcopy,NSE download manifest
data/raw/bhavcopy_legacy/cm27AUG2018bhav.csv.zip,https://nsearchives.nseindia.com/content/historical/EQUITIES/2018/AUG/cm27AUG2018bhav.csv.zip,2018-08-27,f696f201b730592f28aef592abba1246e2cecb036509c494d7767ade5880574c,69410,historical NSE legacy equity bhavcopy,NSE download manifest
data/raw/bhavcopy_legacy/cm27AUG2019bhav.csv.zip,https://nsearchives.nseindia.com/content/historical/EQUITIES/2019/AUG/cm27AUG2019bhav.csv.zip,2019-08-27,4f787441f8e9f1ce5b20169be10c7a5a7da1389b376794cc55c12b9736220707,68256,historical NSE legacy equity bhavcopy,NSE download manifest
data/raw/bhavcopy_legacy/cm27AUG2020bhav.csv.zip,https://nsearchives.nseindia.com/content/historical/EQUITIES/2020/AUG/cm27AUG2020bhav.csv.zip,2020-08-27,6c368b50845b1ef92a3357b2d4738d1c8d04f5a1f59d84b8faada028bf430003,71980,historical NSE legacy equity bhavcopy,NSE download manifest
data/raw/bhavcopy_legacy/cm27AUG2021bhav.csv.zip,https://nsearchives.nseindia.com/content/historical/EQUITIES/2021/AUG/cm27AUG2021bhav.csv.zip,2021-08-27,9031f2a4a0005b94078c799df0a040cfdcdf213d3cbf74280427aabfe8569efd,77563,historical NSE legacy equity bhavcopy,NSE download manifest
data/raw/bhavcopy_legacy/cm27DEC2013bhav.csv.zip,https://nsearchives.nseindia.com/content/historical/EQUITIES/2013/DEC/cm27DEC2013bhav.csv.zip,2013-12-27,fcc8287f62087753b965a1cec459065260f809d22ba26d7a7231bd3fc1430a2e,51017,historical NSE legacy equity bhavcopy,NSE download manifest
data/raw/bhavcopy_legacy/cm27DEC2016bhav.csv.zip,https://nsearchives.nseindia.com/content/historical/EQUITIES/2016/DEC/cm27DEC2016bhav.csv.zip,2016-12-27,23262e93fd8adfae0bc11d5ca5e38766b64eaaca27fb333e11f96de15b8dc972,61179,historical NSE legacy equity bhavcopy,NSE download manifest
data/raw/bhavcopy_legacy/cm27DEC2017bhav.csv.zip,https://nsearchives.nseindia.com/content/historical/EQUITIES/2017/DEC/cm27DEC2017bhav.csv.zip,2017-12-27,93707fd81bb52e1605d23f12487a2c54ddb4726b291a835becefaa88ec4e913d,69121,historical NSE legacy equity bhavcopy,NSE download manifest
data/raw/bhavcopy_legacy/cm27DEC2018bhav.csv.zip,https://nsearchives.nseindia.com/content/historical/EQUITIES/2018/DEC/cm27DEC2018bhav.csv.zip,2018-12-27,241034778c6fa17831dc98f403da9ee8cea4ca5594a102ab2a31f282168b8fc5,67056,historical NSE legacy equity bhavcopy,NSE download manifest
data/raw/bhavcopy_legacy/cm27DEC2019bhav.csv.zip,https://nsearchives.nseindia.com/content/historical/EQUITIES/2019/DEC/cm27DEC2019bhav.csv.zip,2019-12-27,bfff98fd90e3d1eeb87c61a1f2145850c95c36943a63328b0d08ba95fcfa6fad,69427,historical NSE legacy equity bhavcopy,NSE download manifest
data/raw/bhavcopy_legacy/cm27DEC2021bhav.csv.zip,https://nsearchives.nseindia.com/content/historical/EQUITIES/2021/DEC/cm27DEC2021bhav.csv.zip,2021-12-27,8b06a363354e731017da2dbed6fcbf94a2eade06064bfd1e99e014ac13c30548,81375,historical NSE legacy equity bhavcopy,NSE download manifest
data/raw/bhavcopy_legacy/cm27DEC2022bhav.csv.zip,https://nsearchives.nseindia.com/content/historical/EQUITIES/2022/DEC/cm27DEC2022bhav.csv.zip,2022-12-27,af0993e19789ded0afe529c32a501fa8fbb3d1e5ccdbe478fd5902d36ffae6f2,87904,historical NSE legacy equity bhavcopy,NSE download manifest
data/raw/bhavcopy_legacy/cm27DEC2023bhav.csv.zip,https://nsearchives.nseindia.com/content/historical/EQUITIES/2023/DEC/cm27DEC2023bhav.csv.zip,2023-12-27,3b92bdf70454148037b653ba4bcedee25ae97e511db27c63800582d2832bbfeb,99138,historical NSE legacy equity bhavcopy,NSE download manifest
data/raw/bhavcopy_legacy/cm27FEB2013bhav.csv.zip,https://nsearchives.nseindia.com/content/historical/EQUITIES/2013/FEB/cm27FEB2013bhav.csv.zip,2013-02-27,c8eb12a0213826f9d6ac0ecbbe8b5ec6bacce329305899e8562601b433314f3d,55508,historical NSE legacy equity bhavcopy,NSE download manifest
data/raw/bhavcopy_legacy/cm27FEB2015bhav.csv.zip,https://nsearchives.nseindia.com/content/historical/EQUITIES/2015/FEB/cm27FEB2015bhav.csv.zip,2015-02-27,e73483faf31a4b756ae3ef444cff5c2448da69b2dca499675b87eb3e6cb7dd6e,57177,historical NSE legacy equity bhavcopy,NSE download manifest
data/raw/bhavcopy_legacy/cm27FEB2017bhav.csv.zip,https://nsearchives.nseindia.com/content/historical/EQUITIES/2017/FEB/cm27FEB2017bhav.csv.zip,2017-02-27,e2b954e288f11e7e106ea94fd8d55b4c7eab2662876ff6297fd1c16e7ede77e7,63972,historical NSE legacy equity bhavcopy,NSE download manifest
data/raw/bhavcopy_legacy/cm27FEB2018bhav.csv.zip,https://nsearchives.nseindia.com/content/historical/EQUITIES/2018/FEB/cm27FEB2018bhav.csv.zip,2018-02-27,1ff9303c3bb03467b47e44198c3ee942394a9effbcd8e380decbba262029738d,68314,historical NSE legacy equity bhavcopy,NSE download manifest
data/raw/bhavcopy_legacy/cm27FEB2019bhav.csv.zip,https://nsearchives.nseindia.com/content/historical/EQUITIES/2019/FEB/cm27FEB2019bhav.csv.zip,2019-02-27,9612981e3f1a96fac7db694120c69b4021781d27a9f14ac78d528a02ca24f7e8,67630,historical NSE legacy equity bhavcopy,NSE download manifest
data/raw/bhavcopy_legacy/cm27FEB2020bhav.csv.zip,https://nsearchives.nseindia.com/content/historical/EQUITIES/2020/FEB/cm27FEB2020bhav.csv.zip,2020-02-27,d38498ec2924be491b34297faf2475bb4f882aeef4a03760b67c3c5eada0b357,69397,historical NSE legacy equity bhavcopy,NSE download manifest
data/raw/bhavcopy_legacy/cm27FEB2023bhav.csv.zip,https://nsearchives.nseindia.com/content/historical/EQUITIES/2023/FEB/cm27FEB2023bhav.csv.zip,2023-02-27,75349c3467d2bac2862d272153713e3265fb36920a215e2569d2333f17c74c6c,88932,historical NSE legacy equity bhavcopy,NSE download manifest
data/raw/bhavcopy_legacy/cm27FEB2024bhav.csv.zip,https://nsearchives.nseindia.com/content/historical/EQUITIES/2024/FEB/cm27FEB2024bhav.csv.zip,2024-02-27,46acecac3fc2419f19ae99c70a3dad7bb1ca9a7f972aa8d1c925c04bb03a0fee,100720,historical NSE legacy equity bhavcopy,NSE download manifest
data/raw/bhavcopy_legacy/cm27JAN2014bhav.csv.zip,https://nsearchives.nseindia.com/content/historical/EQUITIES/2014/JAN/cm27JAN2014bhav.csv.zip,2014-01-27,332b99e72a686dbf4b55b781751acd32feedfaa6771a3e153ef6363bbdcd504c,51496,historical NSE legacy equity bhavcopy,NSE download manifest
data/raw/bhavcopy_legacy/cm27JAN2015bhav.csv.zip,https://nsearchives.nseindia.com/content/historical/EQUITIES/2015/JAN/cm27JAN2015bhav.csv.zip,2015-01-27,26aef3bb92d2bd2159b1c3dc0f47b45fe2a6711dc03c99a8f697fec7c5add8bd,57972,historical NSE legacy equity bhavcopy,NSE download manifest
data/raw/bhavcopy_legacy/cm27JAN2016bhav.csv.zip,https://nsearchives.nseindia.com/content/historical/EQUITIES/2016/JAN/cm27JAN2016bhav.csv.zip,2016-01-27,82c6ad0228a96ebb6c572fe91fc7e0d6d058efed5d273c03e5bd38dfcbde7444,58159,historical NSE legacy equity bhavcopy,NSE download manifest
data/raw/bhavcopy_legacy/cm27JAN2017bhav.csv.zip,https://nsearchives.nseindia.com/content/historical/EQUITIES/2017/JAN/cm27JAN2017bhav.csv.zip,2017-01-27,357c306907e815573a00edbc21b9be4609d71443b383fc1838356ef3ee3c0508,63465,historical NSE legacy equity bhavcopy,NSE download manifest
data/raw/bhavcopy_legacy/cm27JAN2020bhav.csv.zip,https://nsearchives.nseindia.com/content/historical/EQUITIES/2020/JAN/cm27JAN2020bhav.csv.zip,2020-01-27,0ee8c79582037997bbd0116116153bc3f24781d6a8e7dd8d9a79c5c222384de6,69983,historical NSE legacy equity bhavcopy,NSE download manifest
data/raw/bhavcopy_legacy/cm27JAN2021bhav.csv.zip,https://nsearchives.nseindia.com/content/historical/EQUITIES/2021/JAN/cm27JAN2021bhav.csv.zip,2021-01-27,c4424fa1771dbc3db635fa89d71f621f1c6ce5687b0d86714d35b9fa4eb39b45,73537,historical NSE legacy equity bhavcopy,NSE download manifest
data/raw/bhavcopy_legacy/cm27JAN2022bhav.csv.zip,https://nsearchives.nseindia.com/content/historical/EQUITIES/2022/JAN/cm27JAN2022bhav.csv.zip,2022-01-27,6557251c4a4b8962b46668501f460f1975a0358cf2c131f6f2265c588d42f7c9,82355,historical NSE legacy equity bhavcopy,NSE download manifest
data/raw/bhavcopy_legacy/cm27JAN2023bhav.csv.zip,https://nsearchives.nseindia.com/content/historical/EQUITIES/2023/JAN/cm27JAN2023bhav.csv.zip,2023-01-27,911527e670ad0beb772b3780f3f9ae774b75e1631c31d3ecda9b1348361bbd6f,89088,historical NSE legacy equity bhavcopy,NSE download manifest
data/raw/bhavcopy_legacy/cm27JUL2015bhav.csv.zip,https://nsearchives.nseindia.com/content/historical/EQUITIES/2015/JUL/cm27JUL2015bhav.csv.zip,2015-07-27,d7885225b8040064e0f991111d97e958b8023be47ce72ff70fcb756a73a17d6e,57704,historical NSE legacy equity bhavcopy,NSE download manifest
data/raw/bhavcopy_legacy/cm27JUL2016bhav.csv.zip,https://nsearchives.nseindia.com/content/historical/EQUITIES/2016/JUL/cm27JUL2016bhav.csv.zip,2016-07-27,86df17587d8f11487ee415a05e4fc1f4a54860ac81332d4e01643c6868b1f739,61658,historical NSE legacy equity bhavcopy,NSE download manifest
data/raw/bhavcopy_legacy/cm27JUL2017bhav.csv.zip,https://nsearchives.nseindia.com/content/historical/EQUITIES/2017/JUL/cm27JUL2017bhav.csv.zip,2017-07-27,8254065eb7e114676dc5b20660ba396c168296c1f874701d9bddad89468f2107,65213,historical NSE legacy equity bhavcopy,NSE download manifest
data/raw/bhavcopy_legacy/cm27JUL2018bhav.csv.zip,https://nsearchives.nseindia.com/content/historical/EQUITIES/2018/JUL/cm27JUL2018bhav.csv.zip,2018-07-27,8bfe8f5bdf5fbe988bf8894fcdf4c7a879be97aae6f3dc5648a4cfc4a5a9ac80,67669,historical NSE legacy equity bhavcopy,NSE download manifest
data/raw/bhavcopy_legacy/cm27JUL2020bhav.csv.zip,https://nsearchives.nseindia.com/content/historical/EQUITIES/2020/JUL/cm27JUL2020bhav.csv.zip,2020-07-27,eb5a20533b946a47b811cfa9dfa9b29266923d7dbac76ab92f77b7ac49f46a85,70766,historical NSE legacy equity bhavcopy,NSE download manifest
data/raw/bhavcopy_legacy/cm27JUL2021bhav.csv.zip,https://nsearchives.nseindia.com/content/historical/EQUITIES/2021/JUL/cm27JUL2021bhav.csv.zip,2021-07-27,eb737e1f15dc6031389656c253f63cff99ea30bb624439387c5f9108852d589e,78379,historical NSE legacy equity bhavcopy,NSE download manifest
data/raw/bhavcopy_legacy/cm27JUL2022bhav.csv.zip,https://nsearchives.nseindia.com/content/historical/EQUITIES/2022/JUL/cm27JUL2022bhav.csv.zip,2022-07-27,728a2f0076c6332524ddaf25ebb966db505742b9f742d58e83d9748ff69ff52f,82762,historical NSE legacy equity bhavcopy,NSE download manifest
data/raw/bhavcopy_legacy/cm27JUL2023bhav.csv.zip,https://nsearchives.nseindia.com/content/historical/EQUITIES/2023/JUL/cm27JUL2023bhav.csv.zip,2023-07-27,be5e42a10d8326c66a5753e6e5ddcbc89d5df386e5a786ea3e9a04d1cd6f8192,91617,historical NSE legacy equity bhavcopy,NSE download manifest
data/raw/bhavcopy_legacy/cm27JUN2013bhav.csv.zip,https://nsearchives.nseindia.com/content/historical/EQUITIES/2013/JUN/cm27JUN2013bhav.csv.zip,2013-06-27,77999a7e5f7932b347fb54568eb5fd378b258ed2ff5514d4b5ad350d339d24bb,49494,historical NSE legacy equity bhavcopy,NSE download manifest
data/raw/bhavcopy_legacy/cm27JUN2014bhav.csv.zip,https://nsearchives.nseindia.com/content/historical/EQUITIES/2014/JUN/cm27JUN2014bhav.csv.zip,2014-06-27,58f84398ec16042d261e92a19676508b6891d8b96c2aeb9cf893de20a90667e6,57259,historical NSE legacy equity bhavcopy,NSE download manifest
data/raw/bhavcopy_legacy/cm27JUN2016bhav.csv.zip,https://nsearchives.nseindia.com/content/historical/EQUITIES/2016/JUN/cm27JUN2016bhav.csv.zip,2016-06-27,f40e289293f2efe89ff9c07bb8ef8fa636b3a417e77084ce1c8db7570a16d30e,59104,historical NSE legacy equity bhavcopy,NSE download manifest
data/raw/bhavcopy_legacy/cm27JUN2017bhav.csv.zip,https://nsearchives.nseindia.com/content/historical/EQUITIES/2017/JUN/cm27JUN2017bhav.csv.zip,2017-06-27,b43eb357484bfad91d4425cde94c25a5b9c07bfbc9979c8411da328076e993b9,64589,historical NSE legacy equity bhavcopy,NSE download manifest
data/raw/bhavcopy_legacy/cm27JUN2018bhav.csv.zip,https://nsearchives.nseindia.com/content/historical/EQUITIES/2018/JUN/cm27JUN2018bhav.csv.zip,2018-06-27,bacde5135ee497adc4493b8ef8f4fdeb871e160255949b107a1645642cf39b86,68789,historical NSE legacy equity bhavcopy,NSE download manifest
data/raw/bhavcopy_legacy/cm27JUN2019bhav.csv.zip,https://nsearchives.nseindia.com/content/historical/EQUITIES/2019/JUN/cm27JUN2019bhav.csv.zip,2019-06-27,8459488378940eb462c4dda8f06e5b56d25ef3dde7a16f6fa7a2bc1176dc96eb,67764,historical NSE legacy equity bhavcopy,NSE download manifest
data/raw/bhavcopy_legacy/cm27JUN2022bhav.csv.zip,https://nsearchives.nseindia.com/content/historical/EQUITIES/2022/JUN/cm27JUN2022bhav.csv.zip,2022-06-27,09ff1c03e26c1e2297d0462536764f1ac1cc94f097e1d001fa68ba771314b3c8,82693,historical NSE legacy equity bhavcopy,NSE download manifest
data/raw/bhavcopy_legacy/cm27JUN2023bhav.csv.zip,https://nsearchives.nseindia.com/content/historical/EQUITIES/2023/JUN/cm27JUN2023bhav.csv.zip,2023-06-27,66ed54b29632cbd7bc5f366bac0cf9052b714a6c883f215a0e5600454e16e953,90325,historical NSE legacy equity bhavcopy,NSE download manifest
data/raw/bhavcopy_legacy/cm27JUN2024bhav.csv.zip,https://nsearchives.nseindia.com/content/historical/EQUITIES/2024/JUN/cm27JUN2024bhav.csv.zip,2024-06-27,e85ac080ae9eef66b64e0965c292bd5d7e4dde8665de9bbf76c211ac386f5e49,108337,historical NSE legacy equity bhavcopy,NSE download manifest
data/raw/bhavcopy_legacy/cm27MAR2014bhav.csv.zip,https://nsearchives.nseindia.com/content/historical/EQUITIES/2014/MAR/cm27MAR2014bhav.csv.zip,2014-03-27,e358a567a92fd4f1cff3825fdf2278b683270a093ebce3e88461a62e4a5e4b71,54703,historical NSE legacy equity bhavcopy,NSE download manifest
data/raw/bhavcopy_legacy/cm27MAR2015bhav.csv.zip,https://nsearchives.nseindia.com/content/historical/EQUITIES/2015/MAR/cm27MAR2015bhav.csv.zip,2015-03-27,5ec6a39cd8b5070d314f4a3a5dc198ef3b5d18c6cf18c0644c021f35b6fce096,56865,historical NSE legacy equity bhavcopy,NSE download manifest
data/raw/bhavcopy_legacy/cm27MAR2017bhav.csv.zip,https://nsearchives.nseindia.com/content/historical/EQUITIES/2017/MAR/cm27MAR2017bhav.csv.zip,2017-03-27,d2675a1866c4d6c82ed05b2d972e6162f5d79ec862bd00580e4d8c625351b267,64590,historical NSE legacy equity bhavcopy,NSE download manifest
data/raw/bhavcopy_legacy/cm27MAR2018bhav.csv.zip,https://nsearchives.nseindia.com/content/historical/EQUITIES/2018/MAR/cm27MAR2018bhav.csv.zip,2018-03-27,9975d803ed79dad291348ff937f4e618abbb09dfaac458a211a1bbbb1438ea78,68336,historical NSE legacy equity bhavcopy,NSE download manifest
data/raw/bhavcopy_legacy/cm27MAR2019bhav.csv.zip,https://nsearchives.nseindia.com/content/historical/EQUITIES/2019/MAR/cm27MAR2019bhav.csv.zip,2019-03-27,47feb0f53171019bc2d8f9b1983cb2c9f85edcc599e12cd787b99f0ca5c0859f,69895,historical NSE legacy equity bhavcopy,NSE download manifest
data/raw/bhavcopy_legacy/cm27MAR2020bhav.csv.zip,https://nsearchives.nseindia.com/content/historical/EQUITIES/2020/MAR/cm27MAR2020bhav.csv.zip,2020-03-27,f68e1c9c7b4d935282508238eca0c9b171691994640acdec2505513998d86385,67934,historical NSE legacy equity bhavcopy,NSE download manifest
data/raw/bhavcopy_legacy/cm27MAR2023bhav.csv.zip,https://nsearchives.nseindia.com/content/historical/EQUITIES/2023/MAR/cm27MAR2023bhav.csv.zip,2023-03-27,3dbc307ed566898d914c504aa226a98a8309c69bac9031e8a734a6fa38bfd038,89740,historical NSE legacy equity bhavcopy,NSE download manifest
data/raw/bhavcopy_legacy/cm27MAR2024bhav.csv.zip,https://nsearchives.nseindia.com/content/historical/EQUITIES/2024/MAR/cm27MAR2024bhav.csv.zip,2024-03-27,6ed4d4efc36e53926d0756b2aefbfd4e3e08d1174af4ad83793d6bc099b615a5,103064,historical NSE legacy equity bhavcopy,NSE download manifest
data/raw/bhavcopy_legacy/cm27MAY2013bhav.csv.zip,https://nsearchives.nseindia.com/content/historical/EQUITIES/2013/MAY/cm27MAY2013bhav.csv.zip,2013-05-27,fe594f0d5a14b6a5af192314de8bb224230373ad3e94af02f13eb2dc13616b87,50127,historical NSE legacy equity bhavcopy,NSE download manifest
data/raw/bhavcopy_legacy/cm27MAY2014bhav.csv.zip,https://nsearchives.nseindia.com/content/historical/EQUITIES/2014/MAY/cm27MAY2014bhav.csv.zip,2014-05-27,543c1f4ce95cb120a01c6723fa60b40d15f123312ab5c7dbdd7b2a22e38fadd8,57465,historical NSE legacy equity bhavcopy,NSE download manifest
data/raw/bhavcopy_legacy/cm27MAY2015bhav.csv.zip,https://nsearchives.nseindia.com/content/historical/EQUITIES/2015/MAY/cm27MAY2015bhav.csv.zip,2015-05-27,4b999329741fbf8dc2801640e1fbf642412d1eceb6ab289342e865ca654a2849,55936,historical NSE legacy equity bhavcopy,NSE download manifest
data/raw/bhavcopy_legacy/cm27MAY2016bhav.csv.zip,https://nsearchives.nseindia.com/content/historical/EQUITIES/2016/MAY/cm27MAY2016bhav.csv.zip,2016-05-27,eeec2b406671bc36102e58ac251ccb3953ddd9d99358b80e096a56e841c2bd75,59104,historical NSE legacy equity bhavcopy,NSE download manifest
data/raw/bhavcopy_legacy/cm27MAY2019bhav.csv.zip,https://nsearchives.nseindia.com/content/historical/EQUITIES/2019/MAY/cm27MAY2019bhav.csv.zip,2019-05-27,cae6982808fb813f283e4c2523328949ae0e4e51d9a72a594726e57fb4454ab9,69865,historical NSE legacy equity bhavcopy,NSE download manifest
data/raw/bhavcopy_legacy/cm27MAY2020bhav.csv.zip,https://nsearchives.nseindia.com/content/historical/EQUITIES/2020/MAY/cm27MAY2020bhav.csv.zip,2020-05-27,a47362c8700a9719f226472cf604ac3956e59002f99eed5bf9957550811de753,67085,historical NSE legacy equity bhavcopy,NSE download manifest
data/raw/bhavcopy_legacy/cm27MAY2021bhav.csv.zip,https://nsearchives.nseindia.com/content/historical/EQUITIES/2021/MAY/cm27MAY2021bhav.csv.zip,2021-05-27,6aa6e743326009342355029962a25e04246260150f16263a338a48252eaf3f6a,76588,historical NSE legacy equity bhavcopy,NSE download manifest
data/raw/bhavcopy_legacy/cm27MAY2022bhav.csv.zip,https://nsearchives.nseindia.com/content/historical/EQUITIES/2022/MAY/cm27MAY2022bhav.csv.zip,2022-05-27,e4c4b0e3cc99cf7c8ac46db018f16f1da87d7db6156270435378fcf3f0362498,82636,historical NSE legacy equity bhavcopy,NSE download manifest
data/raw/bhavcopy_legacy/cm27MAY2024bhav.csv.zip,https://nsearchives.nseindia.com/content/historical/EQUITIES/2024/MAY/cm27MAY2024bhav.csv.zip,2024-05-27,51f0b1baed581146e0365b8e52faa8e2c4b4f5e2fdb18abc47711ed35dc706c8,105050,historical NSE legacy equity bhavcopy,NSE download manifest
data/raw/bhavcopy_legacy/cm27NOV2013bhav.csv.zip,https://nsearchives.nseindia.com/content/historical/EQUITIES/2013/NOV/cm27NOV2013bhav.csv.zip,2013-11-27,7932d78d4e5fcef0eb9ca641e233c1917ec1a5e0fba39dd50c32939ff4f65c14,49394,historical NSE legacy equity bhavcopy,NSE download manifest
data/raw/bhavcopy_legacy/cm27NOV2014bhav.csv.zip,https://nsearchives.nseindia.com/content/historical/EQUITIES/2014/NOV/cm27NOV2014bhav.csv.zip,2014-11-27,10d4bf5eb19c335a575bfa02429c508848aaa74a4c1baa118c0cd5d731a00876,57736,historical NSE legacy equity bhavcopy,NSE download manifest
data/raw/bhavcopy_legacy/cm27NOV2015bhav.csv.zip,https://nsearchives.nseindia.com/content/historical/EQUITIES/2015/NOV/cm27NOV2015bhav.csv.zip,2015-11-27,0fa7564e64931170ab47912e08a28a29e838416ef6f8d319e164e03ccafd5d35,58252,historical NSE legacy equity bhavcopy,NSE download manifest
data/raw/bhavcopy_legacy/cm27NOV2017bhav.csv.zip,https://nsearchives.nseindia.com/content/historical/EQUITIES/2017/NOV/cm27NOV2017bhav.csv.zip,2017-11-27,7e23fef1d70c7fb58ce574eb4790105ad497be8a8b7c10bbbb41b15d07903242,67938,historical NSE legacy equity bhavcopy,NSE download manifest
data/raw/bhavcopy_legacy/cm27NOV2018bhav.csv.zip,https://nsearchives.nseindia.com/content/historical/EQUITIES/2018/NOV/cm27NOV2018bhav.csv.zip,2018-11-27,8815fce41880b0443b55cc756579c4c0143ab787426354f5bda3f0f1af2da2d4,67566,historical NSE legacy equity bhavcopy,NSE download manifest
data/raw/bhavcopy_legacy/cm27NOV2019bhav.csv.zip,https://nsearchives.nseindia.com/content/historical/EQUITIES/2019/NOV/cm27NOV2019bhav.csv.zip,2019-11-27,65d7e7682c5406456a31f2047c54ffc9911e3bad1447ecc9623ef0a47eccf49c,68681,historical NSE legacy equity bhavcopy,NSE download manifest
data/raw/bhavcopy_legacy/cm27NOV2020bhav.csv.zip,https://nsearchives.nseindia.com/content/historical/EQUITIES/2020/NOV/cm27NOV2020bhav.csv.zip,2020-11-27,e1a86e5623bd5bd8f7ed8e8e7356fd6a2306e58b05c0304058cf60a4bcbe811d,73941,historical NSE legacy equity bhavcopy,NSE download manifest
data/raw/bhavcopy_legacy/cm27OCT2014bhav.csv.zip,https://nsearchives.nseindia.com/content/historical/EQUITIES/2014/OCT/cm27OCT2014bhav.csv.zip,2014-10-27,9bd948ddb4a97d51046a216986568abf46f6e43e799bd83e3305965547f485eb,57639,historical NSE legacy equity bhavcopy,NSE download manifest
data/raw/bhavcopy_legacy/cm27OCT2015bhav.csv.zip,https://nsearchives.nseindia.com/content/historical/EQUITIES/2015/OCT/cm27OCT2015bhav.csv.zip,2015-10-27,988270f7a39666561b525604fdfd9dcbf8cf7d8c62bb10cf4f53a6c1bf83092a,57208,historical NSE legacy equity bhavcopy,NSE download manifest
data/raw/bhavcopy_legacy/cm27OCT2016bhav.csv.zip,https://nsearchives.nseindia.com/content/historical/EQUITIES/2016/OCT/cm27OCT2016bhav.csv.zip,2016-10-27,aedef70a1898341759d6d0edbf2c8ef642110618ebffcf3db9576c9cc7f7ca1f,62534,historical NSE legacy equity bhavcopy,NSE download manifest
data/raw/bhavcopy_legacy/cm27OCT2017bhav.csv.zip,https://nsearchives.nseindia.com/content/historical/EQUITIES/2017/OCT/cm27OCT2017bhav.csv.zip,2017-10-27,5f7237bccb04504891497de9a140502d51c3114d10c544d7165988d91f64a295,67093,historical NSE legacy equity bhavcopy,NSE download manifest
data/raw/bhavcopy_legacy/cm27OCT2019bhav.csv.zip,https://nsearchives.nseindia.com/content/historical/EQUITIES/2019/OCT/cm27OCT2019bhav.csv.zip,2019-10-27,b881a41ca300bb9c91d3e532e85cfa6e4f0b79b52840bfee5b921f19e6b38481,62064,historical NSE legacy equity bhavcopy,NSE official URL reconstructed from special-session downloader filename rule
data/raw/bhavcopy_legacy/cm27OCT2020bhav.csv.zip,https://nsearchives.nseindia.com/content/historical/EQUITIES/2020/OCT/cm27OCT2020bhav.csv.zip,2020-10-27,0f019d41f6417584eb4748cecaa2fd3797bbd9de9de1f02c11af9e1a71c76ce0,70881,historical NSE legacy equity bhavcopy,NSE download manifest
data/raw/bhavcopy_legacy/cm27OCT2021bhav.csv.zip,https://nsearchives.nseindia.com/content/historical/EQUITIES/2021/OCT/cm27OCT2021bhav.csv.zip,2021-10-27,6f3d3973606a39ddc4cbcba965ddaba82a29b4333711f60927f30c1d58c7ceed,79137,historical NSE legacy equity bhavcopy,NSE download manifest
data/raw/bhavcopy_legacy/cm27OCT2022bhav.csv.zip,https://nsearchives.nseindia.com/content/historical/EQUITIES/2022/OCT/cm27OCT2022bhav.csv.zip,2022-10-27,88dbda5b67fa48debc25fcdf11f0fbf79b2cf642ed08c992c1ab46215e8fe935,85916,historical NSE legacy equity bhavcopy,NSE download manifest
data/raw/bhavcopy_legacy/cm27OCT2023bhav.csv.zip,https://nsearchives.nseindia.com/content/historical/EQUITIES/2023/OCT/cm27OCT2023bhav.csv.zip,2023-10-27,41c5631210b31acbac4d3fb2228fd2b719fab2d338f12e99e5219b20c4cbb7bf,94574,historical NSE legacy equity bhavcopy,NSE download manifest
data/raw/bhavcopy_legacy/cm27SEP2013bhav.csv.zip,https://nsearchives.nseindia.com/content/historical/EQUITIES/2013/SEP/cm27SEP2013bhav.csv.zip,2013-09-27,33470fd6ca590bccc258452014e55dc7ca014922f17d6b86ea2ff2ac14b93d74,47878,historical NSE legacy equity bhavcopy,NSE download manifest
data/raw/bhavcopy_legacy/cm27SEP2016bhav.csv.zip,https://nsearchives.nseindia.com/content/historical/EQUITIES/2016/SEP/cm27SEP2016bhav.csv.zip,2016-09-27,e9e7c38705b660759dfcb9ed33d09afed6ac6acf67da8d47c882ab215a0a0efd,62026,historical NSE legacy equity bhavcopy,NSE download manifest
data/raw/bhavcopy_legacy/cm27SEP2017bhav.csv.zip,https://nsearchives.nseindia.com/content/historical/EQUITIES/2017/SEP/cm27SEP2017bhav.csv.zip,2017-09-27,b425926194cccfd0bc9a8c6ae39885ad6bac167e3eefe1787291d8c09e0650cf,65003,historical NSE legacy equity bhavcopy,NSE download manifest
data/raw/bhavcopy_legacy/cm27SEP2018bhav.csv.zip,https://nsearchives.nseindia.com/content/historical/EQUITIES/2018/SEP/cm27SEP2018bhav.csv.zip,2018-09-27,f01bbe8d46330da4f319ec4c9eed3c4550a478fafe853eaf4dc2d71bed2fbcd7,69423,historical NSE legacy equity bhavcopy,NSE download manifest
data/raw/bhavcopy_legacy/cm27SEP2019bhav.csv.zip,https://nsearchives.nseindia.com/content/historical/EQUITIES/2019/SEP/cm27SEP2019bhav.csv.zip,2019-09-27,9de66cc4931b269fc1c66242ba443520f1d8ea82f9bc761575b8e666b73d7f07,68644,historical NSE legacy equity bhavcopy,NSE download manifest
data/raw/bhavcopy_legacy/cm27SEP2021bhav.csv.zip,https://nsearchives.nseindia.com/content/historical/EQUITIES/2021/SEP/cm27SEP2021bhav.csv.zip,2021-09-27,a625e56d1a5c4ed3b0e0555c1cba63550fe59461e52f3d80e9ff9ad4c4eab6cd,80083,historical NSE legacy equity bhavcopy,NSE download manifest
data/raw/bhavcopy_legacy/cm27SEP2022bhav.csv.zip,https://nsearchives.nseindia.com/content/historical/EQUITIES/2022/SEP/cm27SEP2022bhav.csv.zip,2022-09-27,685510e920832d032b9998d8011255b15a62b981420461ed7158dc0aad0c19a2,85109,historical NSE legacy equity bhavcopy,NSE download manifest
data/raw/bhavcopy_legacy/cm27SEP2023bhav.csv.zip,https://nsearchives.nseindia.com/content/historical/EQUITIES/2023/SEP/cm27SEP2023bhav.csv.zip,2023-09-27,21d0d727a80f7d0e6eb61d7c654ae601e279419fb314fe59f994324cbb161838,93656,historical NSE legacy equity bhavcopy,NSE download manifest
data/raw/bhavcopy_legacy/cm28APR2014bhav.csv.zip,https://nsearchives.nseindia.com/content/historical/EQUITIES/2014/APR/cm28APR2014bhav.csv.zip,2014-04-28,5f21dc7a167659a1b8ca685f3c320b46f9cd47c9f8542f87f7f9f95370a1cc4a,54694,historical NSE legacy equity bhavcopy,NSE download manifest
data/raw/bhavcopy_legacy/cm28APR2015bhav.csv.zip,https://nsearchives.nseindia.com/content/historical/EQUITIES/2015/APR/cm28APR2015bhav.csv.zip,2015-04-28,aab74e7d59ff4fe3761f7e7f56241f49cbac46c3a84945d2e7465c2e4bb6c1a6,56530,historical NSE legacy equity bhavcopy,NSE download manifest
data/raw/bhavcopy_legacy/cm28APR2016bhav.csv.zip,https://nsearchives.nseindia.com/content/historical/EQUITIES/2016/APR/cm28APR2016bhav.csv.zip,2016-04-28,50fe65610865df30ab70a6319cf9af017de9a1cdba806f79efa44894f278e126,58734,historical NSE legacy equity bhavcopy,NSE download manifest
data/raw/bhavcopy_legacy/cm28APR2017bhav.csv.zip,https://nsearchives.nseindia.com/content/historical/EQUITIES/2017/APR/cm28APR2017bhav.csv.zip,2017-04-28,db8efa7f4bbef0e1ec3af099e063ef798e5b3ab29889b80b415de2c0f0e5907c,64863,historical NSE legacy equity bhavcopy,NSE download manifest
data/raw/bhavcopy_legacy/cm28APR2020bhav.csv.zip,https://nsearchives.nseindia.com/content/historical/EQUITIES/2020/APR/cm28APR2020bhav.csv.zip,2020-04-28,22a10ea04c3a3811729573a413b63cce7d821a8b1a37d4f6608b7f764c96bb94,67668,historical NSE legacy equity bhavcopy,NSE download manifest
data/raw/bhavcopy_legacy/cm28APR2021bhav.csv.zip,https://nsearchives.nseindia.com/content/historical/EQUITIES/2021/APR/cm28APR2021bhav.csv.zip,2021-04-28,5af348f86a30e8bf047e8840d6ae61f3e4d937376bb6762d845cd043a0bba059,74807,historical NSE legacy equity bhavcopy,NSE download manifest
data/raw/bhavcopy_legacy/cm28APR2022bhav.csv.zip,https://nsearchives.nseindia.com/content/historical/EQUITIES/2022/APR/cm28APR2022bhav.csv.zip,2022-04-28,dc139762d23b67ceafd064b2bd7347b0ed2f9f40f70c74493a84288e16015ea2,83259,historical NSE legacy equity bhavcopy,NSE download manifest
data/raw/bhavcopy_legacy/cm28APR2023bhav.csv.zip,https://nsearchives.nseindia.com/content/historical/EQUITIES/2023/APR/cm28APR2023bhav.csv.zip,2023-04-28,d4d4dba1f056b704d98b6e78faf1b46910b1544262df3a30d2dee246d231a804,89102,historical NSE legacy equity bhavcopy,NSE download manifest
data/raw/bhavcopy_legacy/cm28AUG2013bhav.csv.zip,https://nsearchives.nseindia.com/content/historical/EQUITIES/2013/AUG/cm28AUG2013bhav.csv.zip,2013-08-28,bcc4ac30498c84b2b0b8d68e574a06a1f6efd1cab2d8a8a07e0ae7a536b1ad8e,47737,historical NSE legacy equity bhavcopy,NSE download manifest
data/raw/bhavcopy_legacy/cm28AUG2014bhav.csv.zip,https://nsearchives.nseindia.com/content/historical/EQUITIES/2014/AUG/cm28AUG2014bhav.csv.zip,2014-08-28,f0c26e6f8ffcaaf173772716507404f3c98e63b4ed77dd2d3951a0fd60c51260,57326,historical NSE legacy equity bhavcopy,NSE download manifest
data/raw/bhavcopy_legacy/cm28AUG2015bhav.csv.zip,https://nsearchives.nseindia.com/content/historical/EQUITIES/2015/AUG/cm28AUG2015bhav.csv.zip,2015-08-28,41f9a0030c6cb03c46a8ef464bbfd241eb01690450a3295a98ce2ded3e6c03fb,57196,historical NSE legacy equity bhavcopy,NSE download manifest
data/raw/bhavcopy_legacy/cm28AUG2017bhav.csv.zip,https://nsearchives.nseindia.com/content/historical/EQUITIES/2017/AUG/cm28AUG2017bhav.csv.zip,2017-08-28,ddee2fa460c13b1b7a311942810e6176556aa1c4999c7230d45066fa9098418e,64257,historical NSE legacy equity bhavcopy,NSE download manifest
data/raw/bhavcopy_legacy/cm28AUG2018bhav.csv.zip,https://nsearchives.nseindia.com/content/historical/EQUITIES/2018/AUG/cm28AUG2018bhav.csv.zip,2018-08-28,a13830b051b98abbc1146d9322c41c8dfea3e89b57d353d0336a066232cf259f,68836,historical NSE legacy equity bhavcopy,NSE download manifest
data/raw/bhavcopy_legacy/cm28AUG2019bhav.csv.zip,https://nsearchives.nseindia.com/content/historical/EQUITIES/2019/AUG/cm28AUG2019bhav.csv.zip,2019-08-28,0d60ee31692b354065b98ac9565830f4d863762708159b4c4478c384f7ea61ed,68159,historical NSE legacy equity bhavcopy,NSE download manifest
data/raw/bhavcopy_legacy/cm28AUG2020bhav.csv.zip,https://nsearchives.nseindia.com/content/historical/EQUITIES/2020/AUG/cm28AUG2020bhav.csv.zip,2020-08-28,41b39156241706d503d44171d3a83516fdeb33ed231fbc229dbbd7c120711f95,72653,historical NSE legacy equity bhavcopy,NSE download manifest
data/raw/bhavcopy_legacy/cm28AUG2023bhav.csv.zip,https://nsearchives.nseindia.com/content/historical/EQUITIES/2023/AUG/cm28AUG2023bhav.csv.zip,2023-08-28,a01b27da21f92c9a61b44de9664c17b35423e0e99248b95d35511550be335e80,94662,historical NSE legacy equity bhavcopy,NSE download manifest
data/raw/bhavcopy_legacy/cm28DEC2015bhav.csv.zip,https://nsearchives.nseindia.com/content/historical/EQUITIES/2015/DEC/cm28DEC2015bhav.csv.zip,2015-12-28,b5c07fd7c040f52a335962cc1a9e561503277d026d39e15e166c8a9d5d398a65,59295,historical NSE legacy equity bhavcopy,NSE download manifest
data/raw/bhavcopy_legacy/cm28DEC2016bhav.csv.zip,https://nsearchives.nseindia.com/content/historical/EQUITIES/2016/DEC/cm28DEC2016bhav.csv.zip,2016-12-28,d7dfc2bb811b55132a7ed8a2a4fc40076c32e43ffd10d793da69a19adeabb62f,60891,historical NSE legacy equity bhavcopy,NSE download manifest
data/raw/bhavcopy_legacy/cm28DEC2017bhav.csv.zip,https://nsearchives.nseindia.com/content/historical/EQUITIES/2017/DEC/cm28DEC2017bhav.csv.zip,2017-12-28,e9fe0eee981d510d3a011ea1dbd6488fb7ad9de53719d69299c74b0c4fe6e235,68606,historical NSE legacy equity bhavcopy,NSE download manifest
data/raw/bhavcopy_legacy/cm28DEC2018bhav.csv.zip,https://nsearchives.nseindia.com/content/historical/EQUITIES/2018/DEC/cm28DEC2018bhav.csv.zip,2018-12-28,cb4d13b9f09d28655e75490a7bd52f25cc101b13ac72a8aea20fdbd5acd51968,67924,historical NSE legacy equity bhavcopy,NSE download manifest
data/raw/bhavcopy_legacy/cm28DEC2020bhav.csv.zip,https://nsearchives.nseindia.com/content/historical/EQUITIES/2020/DEC/cm28DEC2020bhav.csv.zip,2020-12-28,ea1429bb018c76f7517820ae9be82f34a9e8c2a0165f8eda3ae8b5aa799fb0a2,74754,historical NSE legacy equity bhavcopy,NSE download manifest
data/raw/bhavcopy_legacy/cm28DEC2021bhav.csv.zip,https://nsearchives.nseindia.com/content/historical/EQUITIES/2021/DEC/cm28DEC2021bhav.csv.zip,2021-12-28,08d84ab6c2a6c55aadd4beab96958d18bdbfd94eec5bef30d643d133edc8a77e,80535,historical NSE legacy equity bhavcopy,NSE download manifest
data/raw/bhavcopy_legacy/cm28DEC2022bhav.csv.zip,https://nsearchives.nseindia.com/content/historical/EQUITIES/2022/DEC/cm28DEC2022bhav.csv.zip,2022-12-28,ab012fec0e0993e5ef9cbc3b4ff0a05716f9e3d2b0540c7acda827d0d609d1a3,87142,historical NSE legacy equity bhavcopy,NSE download manifest
data/raw/bhavcopy_legacy/cm28DEC2023bhav.csv.zip,https://nsearchives.nseindia.com/content/historical/EQUITIES/2023/DEC/cm28DEC2023bhav.csv.zip,2023-12-28,8c296c0a66cf4008a98b1b5b8d2683c05834cd706b8778df4b375018de2ba9ca,99469,historical NSE legacy equity bhavcopy,NSE download manifest
data/raw/bhavcopy_legacy/cm28FEB2013bhav.csv.zip,https://nsearchives.nseindia.com/content/historical/EQUITIES/2013/FEB/cm28FEB2013bhav.csv.zip,2013-02-28,7e496fb2c79905d9b100ab2631c2c833fe0239eaf378064e53a845c915e7513e,54931,historical NSE legacy equity bhavcopy,NSE download manifest
data/raw/bhavcopy_legacy/cm28FEB2014bhav.csv.zip,https://nsearchives.nseindia.com/content/historical/EQUITIES/2014/FEB/cm28FEB2014bhav.csv.zip,2014-02-28,5d448fb2cf5ca042a9f744d435cc6fbc4affe1946fb53578bab59ebac4e9dfd4,53343,historical NSE legacy equity bhavcopy,NSE download manifest
data/raw/bhavcopy_legacy/cm28FEB2015bhav.csv.zip,https://nsearchives.nseindia.com/content/historical/EQUITIES/2015/FEB/cm28FEB2015bhav.csv.zip,2015-02-28,17741347f64e1ec11d188da503f5aa8ee48ebd45661b383e560f68519f08fb55,55728,historical NSE legacy equity bhavcopy,NSE official URL reconstructed from special-session downloader filename rule
data/raw/bhavcopy_legacy/cm28FEB2017bhav.csv.zip,https://nsearchives.nseindia.com/content/historical/EQUITIES/2017/FEB/cm28FEB2017bhav.csv.zip,2017-02-28,517b130be24b304054ac3c1b1cc017d150103085ef7206312dece39027ac00cd,63636,historical NSE legacy equity bhavcopy,NSE download manifest
data/raw/bhavcopy_legacy/cm28FEB2018bhav.csv.zip,https://nsearchives.nseindia.com/content/historical/EQUITIES/2018/FEB/cm28FEB2018bhav.csv.zip,2018-02-28,7bf309c1e55f5dd4bb66265c0ce5e1f2a0b304baa11d1bda04cc189a8a4ff298,67984,historical NSE legacy equity bhavcopy,NSE download manifest
data/raw/bhavcopy_legacy/cm28FEB2019bhav.csv.zip,https://nsearchives.nseindia.com/content/historical/EQUITIES/2019/FEB/cm28FEB2019bhav.csv.zip,2019-02-28,b2398108f047f88996af2d2e078ae1d975403d4abade15c265932c6791077139,66835,historical NSE legacy equity bhavcopy,NSE download manifest
data/raw/bhavcopy_legacy/cm28FEB2020bhav.csv.zip,https://nsearchives.nseindia.com/content/historical/EQUITIES/2020/FEB/cm28FEB2020bhav.csv.zip,2020-02-28,2c5b8348dec6e64e0064bb8a77abe5811a2cc4eb1f720ac001ff923d6ae86b33,70237,historical NSE legacy equity bhavcopy,NSE download manifest
data/raw/bhavcopy_legacy/cm28FEB2022bhav.csv.zip,https://nsearchives.nseindia.com/content/historical/EQUITIES/2022/FEB/cm28FEB2022bhav.csv.zip,2022-02-28,9af2ce776477d87eb188d948f8101bee3aec78026d2de06bf4640d5575a96fe6,82749,historical NSE legacy equity bhavcopy,NSE download manifest
data/raw/bhavcopy_legacy/cm28FEB2023bhav.csv.zip,https://nsearchives.nseindia.com/content/historical/EQUITIES/2023/FEB/cm28FEB2023bhav.csv.zip,2023-02-28,06cefb1cd835b12bf5e8f5c36a14cd1b7b02e9a7209b1e96609ed36be5e79efd,88011,historical NSE legacy equity bhavcopy,NSE download manifest
data/raw/bhavcopy_legacy/cm28FEB2024bhav.csv.zip,https://nsearchives.nseindia.com/content/historical/EQUITIES/2024/FEB/cm28FEB2024bhav.csv.zip,2024-02-28,b94650bd6a5548a231fd1d02d04cf3f4d091a3c2d55b269345d392076c538b94,101162,historical NSE legacy equity bhavcopy,NSE download manifest
data/raw/bhavcopy_legacy/cm28JAN2013bhav.csv.zip,https://nsearchives.nseindia.com/content/historical/EQUITIES/2013/JAN/cm28JAN2013bhav.csv.zip,2013-01-28,3bf904343c09cf976825b231abe5e32bc9f535ab0f27ac52370c2203c47e8b36,54988,historical NSE legacy equity bhavcopy,NSE download manifest
data/raw/bhavcopy_legacy/cm28JAN2014bhav.csv.zip,https://nsearchives.nseindia.com/content/historical/EQUITIES/2014/JAN/cm28JAN2014bhav.csv.zip,2014-01-28,2c4c55e5f9336268cb6217d59c7d21d129e7147ef951551c42ea6dcb1b3cb2c5,51086,historical NSE legacy equity bhavcopy,NSE download manifest
data/raw/bhavcopy_legacy/cm28JAN2015bhav.csv.zip,https://nsearchives.nseindia.com/content/historical/EQUITIES/2015/JAN/cm28JAN2015bhav.csv.zip,2015-01-28,1b1534937197de655f21e3fffb28bfc72d1f82f770f8006fec63002956bf0f74,58098,historical NSE legacy equity bhavcopy,NSE download manifest
data/raw/bhavcopy_legacy/cm28JAN2016bhav.csv.zip,https://nsearchives.nseindia.com/content/historical/EQUITIES/2016/JAN/cm28JAN2016bhav.csv.zip,2016-01-28,acd4832f8e050bb6c6f35f765214fb0266f43230c19bea371a766fc981011002,57820,historical NSE legacy equity bhavcopy,NSE download manifest
data/raw/bhavcopy_legacy/cm28JAN2019bhav.csv.zip,https://nsearchives.nseindia.com/content/historical/EQUITIES/2019/JAN/cm28JAN2019bhav.csv.zip,2019-01-28,fa4241c91d632db7402ce13dcce48bbda08fc262ee76cf848540fe5552afcb60,68133,historical NSE legacy equity bhavcopy,NSE download manifest
data/raw/bhavcopy_legacy/cm28JAN2020bhav.csv.zip,https://nsearchives.nseindia.com/content/historical/EQUITIES/2020/JAN/cm28JAN2020bhav.csv.zip,2020-01-28,a3f0377e90d21d7762700c8ecf3d63347a17a40af2928a410393278ca5bb4271,69679,historical NSE legacy equity bhavcopy,NSE download manifest
data/raw/bhavcopy_legacy/cm28JAN2021bhav.csv.zip,https://nsearchives.nseindia.com/content/historical/EQUITIES/2021/JAN/cm28JAN2021bhav.csv.zip,2021-01-28,c0cb0926513baedc49d978d04819be0e4a378b6ba2c14c4614ec6bd3ba29623e,73225,historical NSE legacy equity bhavcopy,NSE download manifest
data/raw/bhavcopy_legacy/cm28JAN2022bhav.csv.zip,https://nsearchives.nseindia.com/content/historical/EQUITIES/2022/JAN/cm28JAN2022bhav.csv.zip,2022-01-28,3fd908a6a8157e059a596dcd1f4bd5a0d61ae065b2b8a17a9be8bb7bf69a4650,82273,historical NSE legacy equity bhavcopy,NSE download manifest
data/raw/bhavcopy_legacy/cm28JUL2014bhav.csv.zip,https://nsearchives.nseindia.com/content/historical/EQUITIES/2014/JUL/cm28JUL2014bhav.csv.zip,2014-07-28,bb022bee958ea103a31aff329bd4aea7c64f8f95937a04d56ae19b2bf6f312c3,56585,historical NSE legacy equity bhavcopy,NSE download manifest
data/raw/bhavcopy_legacy/cm28JUL2015bhav.csv.zip,https://nsearchives.nseindia.com/content/historical/EQUITIES/2015/JUL/cm28JUL2015bhav.csv.zip,2015-07-28,8e55bb824f4acfbdc2ef18b1f7a262de941c74e2a03ebb05801f97918acbb691,56939,historical NSE legacy equity bhavcopy,NSE download manifest
data/raw/bhavcopy_legacy/cm28JUL2016bhav.csv.zip,https://nsearchives.nseindia.com/content/historical/EQUITIES/2016/JUL/cm28JUL2016bhav.csv.zip,2016-07-28,8afd75777514814954f3eda690559470dd71297bdf72cbbe0298c4126b13421e,61391,historical NSE legacy equity bhavcopy,NSE download manifest
data/raw/bhavcopy_legacy/cm28JUL2017bhav.csv.zip,https://nsearchives.nseindia.com/content/historical/EQUITIES/2017/JUL/cm28JUL2017bhav.csv.zip,2017-07-28,5b5505d1e0bc94617eacc362020530530cf6d76e9ff39990b10c13b2107c5cad,64537,historical NSE legacy equity bhavcopy,NSE download manifest
data/raw/bhavcopy_legacy/cm28JUL2020bhav.csv.zip,https://nsearchives.nseindia.com/content/historical/EQUITIES/2020/JUL/cm28JUL2020bhav.csv.zip,2020-07-28,347766aaeb77efdaf9fe1fc50f4618dcc8756feffcc8b470f7767bd68174e9a5,70618,historical NSE legacy equity bhavcopy,NSE download manifest
data/raw/bhavcopy_legacy/cm28JUL2021bhav.csv.zip,https://nsearchives.nseindia.com/content/historical/EQUITIES/2021/JUL/cm28JUL2021bhav.csv.zip,2021-07-28,45df82bf52b6714a3f146a3959a9729491abcd7b21b956286290788a92c60186,77476,historical NSE legacy equity bhavcopy,NSE download manifest
data/raw/bhavcopy_legacy/cm28JUL2022bhav.csv.zip,https://nsearchives.nseindia.com/content/historical/EQUITIES/2022/JUL/cm28JUL2022bhav.csv.zip,2022-07-28,6efdacccfe775d2b21201eeb0e4531c0355de4d81b7eccdc170415bfd0dc36fe,83253,historical NSE legacy equity bhavcopy,NSE download manifest
data/raw/bhavcopy_legacy/cm28JUL2023bhav.csv.zip,https://nsearchives.nseindia.com/content/historical/EQUITIES/2023/JUL/cm28JUL2023bhav.csv.zip,2023-07-28,c2a856c8e3e0baad8d8c34c1ffe836abc94e44e16d2f4503003c0c47223a7677,92697,historical NSE legacy equity bhavcopy,NSE download manifest
data/raw/bhavcopy_legacy/cm28JUN2013bhav.csv.zip,https://nsearchives.nseindia.com/content/historical/EQUITIES/2013/JUN/cm28JUN2013bhav.csv.zip,2013-06-28,b98b41df1e3f4839b90456a4b8d61341b2a89bc2fec96077873622b8fbb67a15,50028,historical NSE legacy equity bhavcopy,NSE download manifest
data/raw/bhavcopy_legacy/cm28JUN2016bhav.csv.zip,https://nsearchives.nseindia.com/content/historical/EQUITIES/2016/JUN/cm28JUN2016bhav.csv.zip,2016-06-28,4fd5bc0a7f23c771d87776048396907e448176eaa4def263bc3b5ce029b80210,59805,historical NSE legacy equity bhavcopy,NSE download manifest
data/raw/bhavcopy_legacy/cm28JUN2017bhav.csv.zip,https://nsearchives.nseindia.com/content/historical/EQUITIES/2017/JUN/cm28JUN2017bhav.csv.zip,2017-06-28,798e1e8c9aeb0c7ab77fd0beab06a20062645553e6de9d7f60a01baf991aa020,63865,historical NSE legacy equity bhavcopy,NSE download manifest
data/raw/bhavcopy_legacy/cm28JUN2018bhav.csv.zip,https://nsearchives.nseindia.com/content/historical/EQUITIES/2018/JUN/cm28JUN2018bhav.csv.zip,2018-06-28,dfd4761614867ded9b42f818ba43b180df133531bcfcd9bbb65960d8451c3217,67537,historical NSE legacy equity bhavcopy,NSE download manifest
data/raw/bhavcopy_legacy/cm28JUN2019bhav.csv.zip,https://nsearchives.nseindia.com/content/historical/EQUITIES/2019/JUN/cm28JUN2019bhav.csv.zip,2019-06-28,1c4ea040b39742827eec88755db0d8567cb66b7b8258b41a1e881a7c18e454ce,67547,historical NSE legacy equity bhavcopy,NSE download manifest
data/raw/bhavcopy_legacy/cm28JUN2021bhav.csv.zip,https://nsearchives.nseindia.com/content/historical/EQUITIES/2021/JUN/cm28JUN2021bhav.csv.zip,2021-06-28,08f1e5e1a089da475fb8d06fa77e9564fdbc1e30d664e505f3c509e7f9294ff9,77675,historical NSE legacy equity bhavcopy,NSE download manifest
data/raw/bhavcopy_legacy/cm28JUN2022bhav.csv.zip,https://nsearchives.nseindia.com/content/historical/EQUITIES/2022/JUN/cm28JUN2022bhav.csv.zip,2022-06-28,e43d739723f3266f70f2c745c7678d89088a1e10ca6b764f236285c328915411,81821,historical NSE legacy equity bhavcopy,NSE download manifest
data/raw/bhavcopy_legacy/cm28JUN2023bhav.csv.zip,https://nsearchives.nseindia.com/content/historical/EQUITIES/2023/JUN/cm28JUN2023bhav.csv.zip,2023-06-28,d0ed857239f3e79e3bdb0f18f0c224846e69dea0119753c1fe4699beaef97fed,91088,historical NSE legacy equity bhavcopy,NSE download manifest
data/raw/bhavcopy_legacy/cm28JUN2024bhav.csv.zip,https://nsearchives.nseindia.com/content/historical/EQUITIES/2024/JUN/cm28JUN2024bhav.csv.zip,2024-06-28,b5b084ce09183c70fa58dd171391f0773806e71a00d86d28058194ba9dc12f8b,108230,historical NSE legacy equity bhavcopy,NSE download manifest
data/raw/bhavcopy_legacy/cm28MAR2013bhav.csv.zip,https://nsearchives.nseindia.com/content/historical/EQUITIES/2013/MAR/cm28MAR2013bhav.csv.zip,2013-03-28,0fa5588023e905746768438528fc03c20eb89d0f7087eb155d80ab4f91564bb0,54545,historical NSE legacy equity bhavcopy,NSE download manifest
data/raw/bhavcopy_legacy/cm28MAR2014bhav.csv.zip,https://nsearchives.nseindia.com/content/historical/EQUITIES/2014/MAR/cm28MAR2014bhav.csv.zip,2014-03-28,c9d496e42562d09024cfeb2b301fc6ae9318b51572301f6824ed3403aa4b4641,54994,historical NSE legacy equity bhavcopy,NSE download manifest
data/raw/bhavcopy_legacy/cm28MAR2016bhav.csv.zip,https://nsearchives.nseindia.com/content/historical/EQUITIES/2016/MAR/cm28MAR2016bhav.csv.zip,2016-03-28,94784bfa04162a132c5c8c8c4ec060ba5c6580af469336073986747e5883ada7,59463,historical NSE legacy equity bhavcopy,NSE download manifest
data/raw/bhavcopy_legacy/cm28MAR2017bhav.csv.zip,https://nsearchives.nseindia.com/content/historical/EQUITIES/2017/MAR/cm28MAR2017bhav.csv.zip,2017-03-28,b2008a50d431d1bdb291dc8eb56097acf61ddbac1e333b2c246d9e43fba591d1,64498,historical NSE legacy equity bhavcopy,NSE download manifest
data/raw/bhavcopy_legacy/cm28MAR2018bhav.csv.zip,https://nsearchives.nseindia.com/content/historical/EQUITIES/2018/MAR/cm28MAR2018bhav.csv.zip,2018-03-28,ed7c76452a9282138581af72b1a2bc11c18cd543127d40ac2ccbcdd0eebf7eb0,68894,historical NSE legacy equity bhavcopy,NSE download manifest
data/raw/bhavcopy_legacy/cm28MAR2019bhav.csv.zip,https://nsearchives.nseindia.com/content/historical/EQUITIES/2019/MAR/cm28MAR2019bhav.csv.zip,2019-03-28,dd21850e5111977412a8aeda694294982aa780847735c292822fb163908a133c,69022,historical NSE legacy equity bhavcopy,NSE download manifest
data/raw/bhavcopy_legacy/cm28MAR2022bhav.csv.zip,https://nsearchives.nseindia.com/content/historical/EQUITIES/2022/MAR/cm28MAR2022bhav.csv.zip,2022-03-28,c71a0e5feac54cd8ef7d6641b49c323d8b3da0b61502a08053f2c56ebb526922,83947,historical NSE legacy equity bhavcopy,NSE download manifest
data/raw/bhavcopy_legacy/cm28MAR2023bhav.csv.zip,https://nsearchives.nseindia.com/content/historical/EQUITIES/2023/MAR/cm28MAR2023bhav.csv.zip,2023-03-28,4794e2b06eadfa5b79348eacb87ebe93959a61151f1a3f53c26328bb62a1fcba,88985,historical NSE legacy equity bhavcopy,NSE download manifest
data/raw/bhavcopy_legacy/cm28MAR2024bhav.csv.zip,https://nsearchives.nseindia.com/content/historical/EQUITIES/2024/MAR/cm28MAR2024bhav.csv.zip,2024-03-28,dbe875a7a1667b448f3f4a4b6a7a16be18f25c776daad387246fe890f2451cd5,102751,historical NSE legacy equity bhavcopy,NSE download manifest
data/raw/bhavcopy_legacy/cm28MAY2013bhav.csv.zip,https://nsearchives.nseindia.com/content/historical/EQUITIES/2013/MAY/cm28MAY2013bhav.csv.zip,2013-05-28,6965d961b152b286793249b64f85475a08c773cfe83b6cc57092dcbd2b66172d,50982,historical NSE legacy equity bhavcopy,NSE download manifest
data/raw/bhavcopy_legacy/cm28MAY2014bhav.csv.zip,https://nsearchives.nseindia.com/content/historical/EQUITIES/2014/MAY/cm28MAY2014bhav.csv.zip,2014-05-28,c301e3494a682feb33ce8e510eefbd7fd531bb41acc9709cce0f1960b463ebb4,57598,historical NSE legacy equity bhavcopy,NSE download manifest
data/raw/bhavcopy_legacy/cm28MAY2015bhav.csv.zip,https://nsearchives.nseindia.com/content/historical/EQUITIES/2015/MAY/cm28MAY2015bhav.csv.zip,2015-05-28,01290017c65a07573416a6205e37fd1419e765bd5b65399c481e499f87d1d6e2,55634,historical NSE legacy equity bhavcopy,NSE download manifest
data/raw/bhavcopy_legacy/cm28MAY2018bhav.csv.zip,https://nsearchives.nseindia.com/content/historical/EQUITIES/2018/MAY/cm28MAY2018bhav.csv.zip,2018-05-28,d6882e98d8673968eaad3d2b4860ee98a9f8187bb6d475932864fc082975f6e9,68190,historical NSE legacy equity bhavcopy,NSE download manifest
data/raw/bhavcopy_legacy/cm28MAY2019bhav.csv.zip,https://nsearchives.nseindia.com/content/historical/EQUITIES/2019/MAY/cm28MAY2019bhav.csv.zip,2019-05-28,6e5543037bd3bed10c6cd19db47cb051705c8a5d9582e80bf0646b08d7e75ce8,69161,historical NSE legacy equity bhavcopy,NSE download manifest
data/raw/bhavcopy_legacy/cm28MAY2020bhav.csv.zip,https://nsearchives.nseindia.com/content/historical/EQUITIES/2020/MAY/cm28MAY2020bhav.csv.zip,2020-05-28,2303d94cd565b19005b49ed6043a049190ee0054a5d1ed7fd0bc73b39267fe68,67785,historical NSE legacy equity bhavcopy,NSE download manifest
data/raw/bhavcopy_legacy/cm28MAY2021bhav.csv.zip,https://nsearchives.nseindia.com/content/historical/EQUITIES/2021/MAY/cm28MAY2021bhav.csv.zip,2021-05-28,2fc84ce06e0060a4868cb3765b5871c62306047c5a0de1b62924119e7bb90512,76903,historical NSE legacy equity bhavcopy,NSE download manifest
data/raw/bhavcopy_legacy/cm28MAY2024bhav.csv.zip,https://nsearchives.nseindia.com/content/historical/EQUITIES/2024/MAY/cm28MAY2024bhav.csv.zip,2024-05-28,ebec1e043722c19dd715f6e6808b54eb617fa18481798c5b6b05d12ccbe7cdf9,103025,historical NSE legacy equity bhavcopy,NSE download manifest
data/raw/bhavcopy_legacy/cm28NOV2013bhav.csv.zip,https://nsearchives.nseindia.com/content/historical/EQUITIES/2013/NOV/cm28NOV2013bhav.csv.zip,2013-11-28,a566dc97c232f2974fda2f6e65dc0c1d49a191526a4274a99eb9da408c8d8322,49459,historical NSE legacy equity bhavcopy,NSE download manifest
data/raw/bhavcopy_legacy/cm28NOV2014bhav.csv.zip,https://nsearchives.nseindia.com/content/historical/EQUITIES/2014/NOV/cm28NOV2014bhav.csv.zip,2014-11-28,49c4a929e410ff427852024a72c9140165083c00607430eb65e060afe6e548aa,58576,historical NSE legacy equity bhavcopy,NSE download manifest
data/raw/bhavcopy_legacy/cm28NOV2016bhav.csv.zip,https://nsearchives.nseindia.com/content/historical/EQUITIES/2016/NOV/cm28NOV2016bhav.csv.zip,2016-11-28,7c3c3a10cbb0345e41aa6fd73ca277c3fce8c67b4609c0bc7e4a932f4cf4b475,61566,historical NSE legacy equity bhavcopy,NSE download manifest
data/raw/bhavcopy_legacy/cm28NOV2017bhav.csv.zip,https://nsearchives.nseindia.com/content/historical/EQUITIES/2017/NOV/cm28NOV2017bhav.csv.zip,2017-11-28,070526b478a9dadfcdc2d1b53d4bba3feec171abae941f52166cb93a1b807bc4,68094,historical NSE legacy equity bhavcopy,NSE download manifest
data/raw/bhavcopy_legacy/cm28NOV2018bhav.csv.zip,https://nsearchives.nseindia.com/content/historical/EQUITIES/2018/NOV/cm28NOV2018bhav.csv.zip,2018-11-28,07263849f7695f94fd3af7a18d60126c235cd778ba39e20367505a9f372eda5f,67339,historical NSE legacy equity bhavcopy,NSE download manifest
data/raw/bhavcopy_legacy/cm28NOV2019bhav.csv.zip,https://nsearchives.nseindia.com/content/historical/EQUITIES/2019/NOV/cm28NOV2019bhav.csv.zip,2019-11-28,4702c6ff6063ff102cb0764a585074ef0d983fd06feab449cfa0b406f6c6e9e5,68961,historical NSE legacy equity bhavcopy,NSE download manifest
data/raw/bhavcopy_legacy/cm28NOV2022bhav.csv.zip,https://nsearchives.nseindia.com/content/historical/EQUITIES/2022/NOV/cm28NOV2022bhav.csv.zip,2022-11-28,32fcd9fbbde55e176370c0405f9c9adfc61d0d08bf9b563a98b1a5359f070be6,88980,historical NSE legacy equity bhavcopy,NSE download manifest
data/raw/bhavcopy_legacy/cm28NOV2023bhav.csv.zip,https://nsearchives.nseindia.com/content/historical/EQUITIES/2023/NOV/cm28NOV2023bhav.csv.zip,2023-11-28,9b12ecf5c6ab96e578e92b44db52f10038f5ded81c651a2df75db39126209dfc,98476,historical NSE legacy equity bhavcopy,NSE download manifest
data/raw/bhavcopy_legacy/cm28OCT2013bhav.csv.zip,https://nsearchives.nseindia.com/content/historical/EQUITIES/2013/OCT/cm28OCT2013bhav.csv.zip,2013-10-28,a12659c2b6d0a45129129770817c415488ce96da37a342b7cb901cea456c89be,48873,historical NSE legacy equity bhavcopy,NSE download manifest
data/raw/bhavcopy_legacy/cm28OCT2014bhav.csv.zip,https://nsearchives.nseindia.com/content/historical/EQUITIES/2014/OCT/cm28OCT2014bhav.csv.zip,2014-10-28,bd771f684d47123e63e44d5ec4b31bf1fb1d8c08041ec4c18c0bd84d443f8827,57191,historical NSE legacy equity bhavcopy,NSE download manifest
data/raw/bhavcopy_legacy/cm28OCT2015bhav.csv.zip,https://nsearchives.nseindia.com/content/historical/EQUITIES/2015/OCT/cm28OCT2015bhav.csv.zip,2015-10-28,099c5be36d829e55851d4af9824d3d98f075c654446cc4f6309e44348ad9eca6,57035,historical NSE legacy equity bhavcopy,NSE download manifest
data/raw/bhavcopy_legacy/cm28OCT2016bhav.csv.zip,https://nsearchives.nseindia.com/content/historical/EQUITIES/2016/OCT/cm28OCT2016bhav.csv.zip,2016-10-28,584d2bb77728bd3937adf0badcaf7dc696a9974592bc755d13fc5a12bd289d1f,62981,historical NSE legacy equity bhavcopy,NSE download manifest
data/raw/bhavcopy_legacy/cm28OCT2020bhav.csv.zip,https://nsearchives.nseindia.com/content/historical/EQUITIES/2020/OCT/cm28OCT2020bhav.csv.zip,2020-10-28,71c7f9aba10aa02df27875d582e29604206f194ece351320f59700959f896fa7,70795,historical NSE legacy equity bhavcopy,NSE download manifest
data/raw/bhavcopy_legacy/cm28OCT2021bhav.csv.zip,https://nsearchives.nseindia.com/content/historical/EQUITIES/2021/OCT/cm28OCT2021bhav.csv.zip,2021-10-28,4ef8e39bff8fd3a7777e34ea08fea7041784118916c7d9bc17a78a1208510725,79048,historical NSE legacy equity bhavcopy,NSE download manifest
data/raw/bhavcopy_legacy/cm28OCT2022bhav.csv.zip,https://nsearchives.nseindia.com/content/historical/EQUITIES/2022/OCT/cm28OCT2022bhav.csv.zip,2022-10-28,ae1d7faf0084321fb7bde6af9fe27d17d8d1ca5898070c9673eba7f165e1b234,85594,historical NSE legacy equity bhavcopy,NSE download manifest
data/raw/bhavcopy_legacy/cm28SEP2015bhav.csv.zip,https://nsearchives.nseindia.com/content/historical/EQUITIES/2015/SEP/cm28SEP2015bhav.csv.zip,2015-09-28,3991b0c15f3d11e9eef4cad0dd70c906f9ccbda84cf8078270e40b9338862443,56547,historical NSE legacy equity bhavcopy,NSE download manifest
data/raw/bhavcopy_legacy/cm28SEP2016bhav.csv.zip,https://nsearchives.nseindia.com/content/historical/EQUITIES/2016/SEP/cm28SEP2016bhav.csv.zip,2016-09-28,7566bc00b368a31388c4de4c16861f54f2090245b1bc0bc573e093b6c4e2f1b2,62534,historical NSE legacy equity bhavcopy,NSE download manifest
data/raw/bhavcopy_legacy/cm28SEP2017bhav.csv.zip,https://nsearchives.nseindia.com/content/historical/EQUITIES/2017/SEP/cm28SEP2017bhav.csv.zip,2017-09-28,6b0674cbb36cdaf4c18bfb82b82046fdc19458daf72a4c3251a05094d207061f,64675,historical NSE legacy equity bhavcopy,NSE download manifest
data/raw/bhavcopy_legacy/cm28SEP2018bhav.csv.zip,https://nsearchives.nseindia.com/content/historical/EQUITIES/2018/SEP/cm28SEP2018bhav.csv.zip,2018-09-28,57a874ce0a52a392cb7f615be8778a3f508180a87e864aadc604fa935a12384b,70749,historical NSE legacy equity bhavcopy,NSE download manifest
data/raw/bhavcopy_legacy/cm28SEP2020bhav.csv.zip,https://nsearchives.nseindia.com/content/historical/EQUITIES/2020/SEP/cm28SEP2020bhav.csv.zip,2020-09-28,7c0d4d4082c3ee308c78c57325270c0efce4aff9807ed633ae3e822294bb363b,71596,historical NSE legacy equity bhavcopy,NSE download manifest
data/raw/bhavcopy_legacy/cm28SEP2021bhav.csv.zip,https://nsearchives.nseindia.com/content/historical/EQUITIES/2021/SEP/cm28SEP2021bhav.csv.zip,2021-09-28,9dfa928e68d85ccb146e83abdeb2336977ff9df7a8879579f5a30e54cd64ea32,79488,historical NSE legacy equity bhavcopy,NSE download manifest
data/raw/bhavcopy_legacy/cm28SEP2022bhav.csv.zip,https://nsearchives.nseindia.com/content/historical/EQUITIES/2022/SEP/cm28SEP2022bhav.csv.zip,2022-09-28,6b82644af83eca19c598e3839960b1c8ec242dee940ef992b228e1a67eadca61,84480,historical NSE legacy equity bhavcopy,NSE download manifest
data/raw/bhavcopy_legacy/cm28SEP2023bhav.csv.zip,https://nsearchives.nseindia.com/content/historical/EQUITIES/2023/SEP/cm28SEP2023bhav.csv.zip,2023-09-28,11ace8e5eb4bb96fbb9093ab871c4191f6d7a954f6d3e86363eee8c227806045,94592,historical NSE legacy equity bhavcopy,NSE download manifest
data/raw/bhavcopy_legacy/cm29APR2013bhav.csv.zip,https://nsearchives.nseindia.com/content/historical/EQUITIES/2013/APR/cm29APR2013bhav.csv.zip,2013-04-29,d34ff3ff13b6d59e0809f5876b8df918c9179f0f3c955a26a7f9e44556949542,49990,historical NSE legacy equity bhavcopy,NSE download manifest
data/raw/bhavcopy_legacy/cm29APR2014bhav.csv.zip,https://nsearchives.nseindia.com/content/historical/EQUITIES/2014/APR/cm29APR2014bhav.csv.zip,2014-04-29,c88578f1235fdc2c2a4bafa7021196e0bdd26b7be78126ccb6bb1f98db5309a0,54976,historical NSE legacy equity bhavcopy,NSE download manifest
data/raw/bhavcopy_legacy/cm29APR2015bhav.csv.zip,https://nsearchives.nseindia.com/content/historical/EQUITIES/2015/APR/cm29APR2015bhav.csv.zip,2015-04-29,ec74a68afad9a4ba4f58c3aaac72dee2ce609c0cf680a313975d43f2235691f9,56277,historical NSE legacy equity bhavcopy,NSE download manifest
data/raw/bhavcopy_legacy/cm29APR2016bhav.csv.zip,https://nsearchives.nseindia.com/content/historical/EQUITIES/2016/APR/cm29APR2016bhav.csv.zip,2016-04-29,e5f0321ed7dc911f93d5d392e5c649dc087e26e3981a91a2635354bd19ceb981,58584,historical NSE legacy equity bhavcopy,NSE download manifest
data/raw/bhavcopy_legacy/cm29APR2020bhav.csv.zip,https://nsearchives.nseindia.com/content/historical/EQUITIES/2020/APR/cm29APR2020bhav.csv.zip,2020-04-29,2270de6be7fe66ca79f44933f634db9cf431b61d8358f9ac9efd706b046270f0,68500,historical NSE legacy equity bhavcopy,NSE download manifest
data/raw/bhavcopy_legacy/cm29APR2021bhav.csv.zip,https://nsearchives.nseindia.com/content/historical/EQUITIES/2021/APR/cm29APR2021bhav.csv.zip,2021-04-29,42b6274f42be6635314029c79e3ea4d52b8f4c0888b0851c4b3b4c30629c6c24,74743,historical NSE legacy equity bhavcopy,NSE download manifest
data/raw/bhavcopy_legacy/cm29APR2022bhav.csv.zip,https://nsearchives.nseindia.com/content/historical/EQUITIES/2022/APR/cm29APR2022bhav.csv.zip,2022-04-29,efa14de50769f42f787d6062300913696b85dfa02c7c04794c66b52d0c692fef,83030,historical NSE legacy equity bhavcopy,NSE download manifest
data/raw/bhavcopy_legacy/cm29APR2024bhav.csv.zip,https://nsearchives.nseindia.com/content/historical/EQUITIES/2024/APR/cm29APR2024bhav.csv.zip,2024-04-29,d92af2ffe28229d345de37d761b0994adf1f57a5ba872dbf76359c8eff303336,103884,historical NSE legacy equity bhavcopy,NSE download manifest
data/raw/bhavcopy_legacy/cm29AUG2013bhav.csv.zip,https://nsearchives.nseindia.com/content/historical/EQUITIES/2013/AUG/cm29AUG2013bhav.csv.zip,2013-08-29,a48bbdafd04522c3d571b56560de13af97ec190f6d7f9abdd90b84696e4a8b87,47517,historical NSE legacy equity bhavcopy,NSE download manifest
data/raw/bhavcopy_legacy/cm29AUG2016bhav.csv.zip,https://nsearchives.nseindia.com/content/historical/EQUITIES/2016/AUG/cm29AUG2016bhav.csv.zip,2016-08-29,e2da0cfe5b401d9efc8092172047015ded4a003f0c3c4563a08f4fcaa9b85c81,61261,historical NSE legacy equity bhavcopy,NSE download manifest
data/raw/bhavcopy_legacy/cm29AUG2017bhav.csv.zip,https://nsearchives.nseindia.com/content/historical/EQUITIES/2017/AUG/cm29AUG2017bhav.csv.zip,2017-08-29,2d4028bc9f86c4cf0de2c60393e5ba2a945353c87e5fe3856e2a92f4c55af661,63936,historical NSE legacy equity bhavcopy,NSE download manifest
data/raw/bhavcopy_legacy/cm29AUG2018bhav.csv.zip,https://nsearchives.nseindia.com/content/historical/EQUITIES/2018/AUG/cm29AUG2018bhav.csv.zip,2018-08-29,7ddf0e574c12b2c4ca28c0ad2eb5a9e7af57a0d58abf46ddaf8b526677d54483,68760,historical NSE legacy equity bhavcopy,NSE download manifest
data/raw/bhavcopy_legacy/cm29AUG2019bhav.csv.zip,https://nsearchives.nseindia.com/content/historical/EQUITIES/2019/AUG/cm29AUG2019bhav.csv.zip,2019-08-29,c114cdcba4c8cedc9f11e699c867402ca9fd43068d9ae2112be4a40bf51cffea,67632,historical NSE legacy equity bhavcopy,NSE download manifest
data/raw/bhavcopy_legacy/cm29AUG2022bhav.csv.zip,https://nsearchives.nseindia.com/content/historical/EQUITIES/2022/AUG/cm29AUG2022bhav.csv.zip,2022-08-29,a3f840b3121574feeb89489273b76bc64a1c1563fab5bab4e8470f340e17efb0,86424,historical NSE legacy equity bhavcopy,NSE download manifest
data/raw/bhavcopy_legacy/cm29AUG2023bhav.csv.zip,https://nsearchives.nseindia.com/content/historical/EQUITIES/2023/AUG/cm29AUG2023bhav.csv.zip,2023-08-29,2feb7d3c674f602183e83d0baac9a95ac08f3cd3a9413414fac2275a51e98a0d,93579,historical NSE legacy equity bhavcopy,NSE download manifest
data/raw/bhavcopy_legacy/cm29DEC2014bhav.csv.zip,https://nsearchives.nseindia.com/content/historical/EQUITIES/2014/DEC/cm29DEC2014bhav.csv.zip,2014-12-29,e0329193a4f73c9bbbf44200e470fc8d3058b8d83ef408466a507d4bbd012476,57256,historical NSE legacy equity bhavcopy,NSE download manifest
data/raw/bhavcopy_legacy/cm29DEC2015bhav.csv.zip,https://nsearchives.nseindia.com/content/historical/EQUITIES/2015/DEC/cm29DEC2015bhav.csv.zip,2015-12-29,59ab196ab80ee5438fb461db43a07649a3a76e10169e4bff30cfb79e33b4216a,59415,historical NSE legacy equity bhavcopy,NSE download manifest
data/raw/bhavcopy_legacy/cm29DEC2016bhav.csv.zip,https://nsearchives.nseindia.com/content/historical/EQUITIES/2016/DEC/cm29DEC2016bhav.csv.zip,2016-12-29,bbee0cc359537cdd83c821c639fe4467822a51e126bf395d7e9fc92d02347e0b,60618,historical NSE legacy equity bhavcopy,NSE download manifest
data/raw/bhavcopy_legacy/cm29DEC2017bhav.csv.zip,https://nsearchives.nseindia.com/content/historical/EQUITIES/2017/DEC/cm29DEC2017bhav.csv.zip,2017-12-29,f8842b24a4a02b84a8645f73d5891fd1165fbedcd2957b85684b1bb5c66d6816,69258,historical NSE legacy equity bhavcopy,NSE download manifest
data/raw/bhavcopy_legacy/cm29DEC2020bhav.csv.zip,https://nsearchives.nseindia.com/content/historical/EQUITIES/2020/DEC/cm29DEC2020bhav.csv.zip,2020-12-29,875a45aa6ec1c0878962730156a5e04f109ac08b70985bee836b41784901ace8,74805,historical NSE legacy equity bhavcopy,NSE download manifest
data/raw/bhavcopy_legacy/cm29DEC2021bhav.csv.zip,https://nsearchives.nseindia.com/content/historical/EQUITIES/2021/DEC/cm29DEC2021bhav.csv.zip,2021-12-29,f3e4f470fad4d9e5734572c2301de27cd4a850bc9886c02cd7b57c1fd1d713c8,80901,historical NSE legacy equity bhavcopy,NSE download manifest
data/raw/bhavcopy_legacy/cm29DEC2022bhav.csv.zip,https://nsearchives.nseindia.com/content/historical/EQUITIES/2022/DEC/cm29DEC2022bhav.csv.zip,2022-12-29,6bc286f299ad88b84dce650595a0c0284c56c33e33b9410b148e89e32f7cf27c,86746,historical NSE legacy equity bhavcopy,NSE download manifest
data/raw/bhavcopy_legacy/cm29DEC2023bhav.csv.zip,https://nsearchives.nseindia.com/content/historical/EQUITIES/2023/DEC/cm29DEC2023bhav.csv.zip,2023-12-29,ba5c7e44708ea3df65a022cdf842eb3fd341421bbf4498c0ea06b3843f8a7cc3,99885,historical NSE legacy equity bhavcopy,NSE download manifest
data/raw/bhavcopy_legacy/cm29FEB2016bhav.csv.zip,https://nsearchives.nseindia.com/content/historical/EQUITIES/2016/FEB/cm29FEB2016bhav.csv.zip,2016-02-29,57657af8d7c3fa8e82f73522ae53db65d1eee0fab36569830c247c321d970fd1,57050,historical NSE legacy equity bhavcopy,NSE download manifest
data/raw/bhavcopy_legacy/cm29FEB2024bhav.csv.zip,https://nsearchives.nseindia.com/content/historical/EQUITIES/2024/FEB/cm29FEB2024bhav.csv.zip,2024-02-29,846b495d589e8187db786fa081955ed63562f8ccc1ed10327780a1cf6c0c416d,100235,historical NSE legacy equity bhavcopy,NSE download manifest
data/raw/bhavcopy_legacy/cm29JAN2013bhav.csv.zip,https://nsearchives.nseindia.com/content/historical/EQUITIES/2013/JAN/cm29JAN2013bhav.csv.zip,2013-01-29,5f16c2f585aa46f0e5516f43d4da9456d8c47901df44f59dc1d9f50a97b83157,55328,historical NSE legacy equity bhavcopy,NSE download manifest
data/raw/bhavcopy_legacy/cm29JAN2014bhav.csv.zip,https://nsearchives.nseindia.com/content/historical/EQUITIES/2014/JAN/cm29JAN2014bhav.csv.zip,2014-01-29,a888c4922fa3b3a725fd7d31033904a98537c5a9099c4064e76f3d48a91b51cf,51790,historical NSE legacy equity bhavcopy,NSE download manifest
data/raw/bhavcopy_legacy/cm29JAN2015bhav.csv.zip,https://nsearchives.nseindia.com/content/historical/EQUITIES/2015/JAN/cm29JAN2015bhav.csv.zip,2015-01-29,2384376aae9c4e66c4709e0f0aa32234a0a0ed2cff2c6419d3cf0fc72f83f075,58226,historical NSE legacy equity bhavcopy,NSE download manifest
data/raw/bhavcopy_legacy/cm29JAN2016bhav.csv.zip,https://nsearchives.nseindia.com/content/historical/EQUITIES/2016/JAN/cm29JAN2016bhav.csv.zip,2016-01-29,150dda3cee1aa92aaa41244ce74d1c0c6282e9b412011d0db89500181095fdd2,58804,historical NSE legacy equity bhavcopy,NSE download manifest
data/raw/bhavcopy_legacy/cm29JAN2018bhav.csv.zip,https://nsearchives.nseindia.com/content/historical/EQUITIES/2018/JAN/cm29JAN2018bhav.csv.zip,2018-01-29,3d4bdaf400be0eb6a5c7fbe2ab9aed06a7d364c47d76944ca2f02de15c90acbe,69350,historical NSE legacy equity bhavcopy,NSE download manifest
data/raw/bhavcopy_legacy/cm29JAN2019bhav.csv.zip,https://nsearchives.nseindia.com/content/historical/EQUITIES/2019/JAN/cm29JAN2019bhav.csv.zip,2019-01-29,8b6e539fb5e07291b1e3a3674eb70bfb9ab310da2e13ad6be2782446e51284b1,67296,historical NSE legacy equity bhavcopy,NSE download manifest
data/raw/bhavcopy_legacy/cm29JAN2020bhav.csv.zip,https://nsearchives.nseindia.com/content/historical/EQUITIES/2020/JAN/cm29JAN2020bhav.csv.zip,2020-01-29,0a26ed139b25bc0a57531d673465405040de26d75b13eff070908908b72a8d24,69822,historical NSE legacy equity bhavcopy,NSE download manifest
data/raw/bhavcopy_legacy/cm29JAN2021bhav.csv.zip,https://nsearchives.nseindia.com/content/historical/EQUITIES/2021/JAN/cm29JAN2021bhav.csv.zip,2021-01-29,8ef7c9e4d6f6de463ecd7c10add4167bb261a4ace018fbea4e29f04605ed38ad,73088,historical NSE legacy equity bhavcopy,NSE download manifest
data/raw/bhavcopy_legacy/cm29JAN2024bhav.csv.zip,https://nsearchives.nseindia.com/content/historical/EQUITIES/2024/JAN/cm29JAN2024bhav.csv.zip,2024-01-29,8cdb18d71830090545160ef9ea94e5655f29276fad44aa7e31a2f7ed0a1b8be9,101590,historical NSE legacy equity bhavcopy,NSE download manifest
data/raw/bhavcopy_legacy/cm29JUL2013bhav.csv.zip,https://nsearchives.nseindia.com/content/historical/EQUITIES/2013/JUL/cm29JUL2013bhav.csv.zip,2013-07-29,9e706854fa17c81446033b0ce3b8f9743f8369bf22dbca68174cff661cabe3c8,48096,historical NSE legacy equity bhavcopy,NSE download manifest
data/raw/bhavcopy_legacy/cm29JUL2015bhav.csv.zip,https://nsearchives.nseindia.com/content/historical/EQUITIES/2015/JUL/cm29JUL2015bhav.csv.zip,2015-07-29,70ce9792f94b565681081a3d098a4bb2f4d7fd67555921ad6a26a8a446ae0a69,57399,historical NSE legacy equity bhavcopy,NSE download manifest
data/raw/bhavcopy_legacy/cm29JUL2016bhav.csv.zip,https://nsearchives.nseindia.com/content/historical/EQUITIES/2016/JUL/cm29JUL2016bhav.csv.zip,2016-07-29,cf836e611e66f1ced1032517044a8e4d14e84cdd3a652a4af1505d66a002c9c4,62101,historical NSE legacy equity bhavcopy,NSE download manifest
data/raw/bhavcopy_legacy/cm29JUL2019bhav.csv.zip,https://nsearchives.nseindia.com/content/historical/EQUITIES/2019/JUL/cm29JUL2019bhav.csv.zip,2019-07-29,b36a19fd71a00e0765ebcf88c31b647f5c7986c39586144da9b5ed1874efd5d2,67913,historical NSE legacy equity bhavcopy,NSE download manifest
data/raw/bhavcopy_legacy/cm29JUL2020bhav.csv.zip,https://nsearchives.nseindia.com/content/historical/EQUITIES/2020/JUL/cm29JUL2020bhav.csv.zip,2020-07-29,ecdc9fe5656887029729026695e216bd375b09d2c9edb5f7c879def7be776ba3,70662,historical NSE legacy equity bhavcopy,NSE download manifest
data/raw/bhavcopy_legacy/cm29JUL2021bhav.csv.zip,https://nsearchives.nseindia.com/content/historical/EQUITIES/2021/JUL/cm29JUL2021bhav.csv.zip,2021-07-29,e3bda6b8b9e09c8db13daeac62f5c975074f020987660638680d88f9a259d317,77215,historical NSE legacy equity bhavcopy,NSE download manifest
data/raw/bhavcopy_legacy/cm29JUL2022bhav.csv.zip,https://nsearchives.nseindia.com/content/historical/EQUITIES/2022/JUL/cm29JUL2022bhav.csv.zip,2022-07-29,7f00f0d28da46e6d0a9bf9c708b0360d1d5af5685879b815bb3f3066a235cd52,83676,historical NSE legacy equity bhavcopy,NSE download manifest
data/raw/bhavcopy_legacy/cm29JUN2015bhav.csv.zip,https://nsearchives.nseindia.com/content/historical/EQUITIES/2015/JUN/cm29JUN2015bhav.csv.zip,2015-06-29,10396774d3c892d8b942cd07057e271bc8ff888cf16ee711bbb3f554c8a7a08c,55822,historical NSE legacy equity bhavcopy,NSE download manifest
data/raw/bhavcopy_legacy/cm29JUN2016bhav.csv.zip,https://nsearchives.nseindia.com/content/historical/EQUITIES/2016/JUN/cm29JUN2016bhav.csv.zip,2016-06-29,fc5487232963103b530788b482d70146477598b0a174005745e80e9c7e999c0e,60287,historical NSE legacy equity bhavcopy,NSE download manifest
data/raw/bhavcopy_legacy/cm29JUN2017bhav.csv.zip,https://nsearchives.nseindia.com/content/historical/EQUITIES/2017/JUN/cm29JUN2017bhav.csv.zip,2017-06-29,0ccf3aafe7b973eb42d947a20737ac4e4bc4ebecb4ba9e4144224cacd6dde45d,63825,historical NSE legacy equity bhavcopy,NSE download manifest
data/raw/bhavcopy_legacy/cm29JUN2018bhav.csv.zip,https://nsearchives.nseindia.com/content/historical/EQUITIES/2018/JUN/cm29JUN2018bhav.csv.zip,2018-06-29,aa795d0ce670f06140837f43c89794fec9a3d551c7ee4f265fcc5acac468fb9f,68329,historical NSE legacy equity bhavcopy,NSE download manifest
data/raw/bhavcopy_legacy/cm29JUN2020bhav.csv.zip,https://nsearchives.nseindia.com/content/historical/EQUITIES/2020/JUN/cm29JUN2020bhav.csv.zip,2020-06-29,6fe2fd48c21cf919170df1ca800be6cc37a051e3151b076971bf628e1ad857cf,70281,historical NSE legacy equity bhavcopy,NSE download manifest
data/raw/bhavcopy_legacy/cm29JUN2021bhav.csv.zip,https://nsearchives.nseindia.com/content/historical/EQUITIES/2021/JUN/cm29JUN2021bhav.csv.zip,2021-06-29,952908fc8cafe56d2c6f5905bf2b1b5d5da9477f7a7ce6a6a4e4b07d80324f9b,76824,historical NSE legacy equity bhavcopy,NSE download manifest
data/raw/bhavcopy_legacy/cm29JUN2022bhav.csv.zip,https://nsearchives.nseindia.com/content/historical/EQUITIES/2022/JUN/cm29JUN2022bhav.csv.zip,2022-06-29,6ba5f6428bd7a5ee284e0ce39fa3392f387f7ed234da2195240b25805d7a4305,81752,historical NSE legacy equity bhavcopy,NSE download manifest
data/raw/bhavcopy_legacy/cm29MAR2016bhav.csv.zip,https://nsearchives.nseindia.com/content/historical/EQUITIES/2016/MAR/cm29MAR2016bhav.csv.zip,2016-03-29,dd64638601067275adf00c42750723da789072b5a8a5918252c60206e67ee2a7,59046,historical NSE legacy equity bhavcopy,NSE download manifest
data/raw/bhavcopy_legacy/cm29MAR2017bhav.csv.zip,https://nsearchives.nseindia.com/content/historical/EQUITIES/2017/MAR/cm29MAR2017bhav.csv.zip,2017-03-29,b9427b3e38c724ce53a9db8951a03443a53f1eb2c3930a9a533209330447458b,65173,historical NSE legacy equity bhavcopy,NSE download manifest
data/raw/bhavcopy_legacy/cm29MAR2019bhav.csv.zip,https://nsearchives.nseindia.com/content/historical/EQUITIES/2019/MAR/cm29MAR2019bhav.csv.zip,2019-03-29,bc4f1c5a82dfc96d24061f8a7a11d72482988813feffcb776af804e1960ac9a9,69539,historical NSE legacy equity bhavcopy,NSE download manifest
data/raw/bhavcopy_legacy/cm29MAR2022bhav.csv.zip,https://nsearchives.nseindia.com/content/historical/EQUITIES/2022/MAR/cm29MAR2022bhav.csv.zip,2022-03-29,6008ced4d474862680c2cb42cde263a2c89844cf9c1aa7ff87a9687f181bb2e6,83790,historical NSE legacy equity bhavcopy,NSE download manifest
data/raw/bhavcopy_legacy/cm29MAR2023bhav.csv.zip,https://nsearchives.nseindia.com/content/historical/EQUITIES/2023/MAR/cm29MAR2023bhav.csv.zip,2023-03-29,69af4bdac3c3fcaedc9387969b60ff2bcc9a2a80d64e8a604ea4bcac92471cae,89182,historical NSE legacy equity bhavcopy,NSE download manifest
data/raw/bhavcopy_legacy/cm29MAY2013bhav.csv.zip,https://nsearchives.nseindia.com/content/historical/EQUITIES/2013/MAY/cm29MAY2013bhav.csv.zip,2013-05-29,066eeebc2c9e0db37d0008d4f07f01883b773cf5b8a65c6a56ac8976e1991881,50390,historical NSE legacy equity bhavcopy,NSE download manifest
data/raw/bhavcopy_legacy/cm29MAY2014bhav.csv.zip,https://nsearchives.nseindia.com/content/historical/EQUITIES/2014/MAY/cm29MAY2014bhav.csv.zip,2014-05-29,757507b46eedb5b1b7f35bbdd4b92c8b5eed3c5609562d0ae78edfd6110bbc07,57468,historical NSE legacy equity bhavcopy,NSE download manifest
data/raw/bhavcopy_legacy/cm29MAY2015bhav.csv.zip,https://nsearchives.nseindia.com/content/historical/EQUITIES/2015/MAY/cm29MAY2015bhav.csv.zip,2015-05-29,4d075216a51305306ef46f9681c8d07f07cd6839cad0ba89bd375ebe53d4f76a,56320,historical NSE legacy equity bhavcopy,NSE download manifest
data/raw/bhavcopy_legacy/cm29MAY2017bhav.csv.zip,https://nsearchives.nseindia.com/content/historical/EQUITIES/2017/MAY/cm29MAY2017bhav.csv.zip,2017-05-29,4358ec2c46a04e932839090dfe66d54c992fa166958d06b4db5ff378bb626f0b,64579,historical NSE legacy equity bhavcopy,NSE download manifest
data/raw/bhavcopy_legacy/cm29MAY2018bhav.csv.zip,https://nsearchives.nseindia.com/content/historical/EQUITIES/2018/MAY/cm29MAY2018bhav.csv.zip,2018-05-29,17303f71d1d964158b9b6a895a3493f1fe32c9aa8efd30bb461b894c9b1f8612,68129,historical NSE legacy equity bhavcopy,NSE download manifest
data/raw/bhavcopy_legacy/cm29MAY2019bhav.csv.zip,https://nsearchives.nseindia.com/content/historical/EQUITIES/2019/MAY/cm29MAY2019bhav.csv.zip,2019-05-29,969a2ef26b42b64d8225dc2a02938a3e170d0af83a7268e617c43a20c96e9700,68209,historical NSE legacy equity bhavcopy,NSE download manifest
data/raw/bhavcopy_legacy/cm29MAY2020bhav.csv.zip,https://nsearchives.nseindia.com/content/historical/EQUITIES/2020/MAY/cm29MAY2020bhav.csv.zip,2020-05-29,3a0b1a004796e9466237122ef7cd7f492849250049a5a67e78ca2f2e515aecbb,68116,historical NSE legacy equity bhavcopy,NSE download manifest
data/raw/bhavcopy_legacy/cm29MAY2023bhav.csv.zip,https://nsearchives.nseindia.com/content/historical/EQUITIES/2023/MAY/cm29MAY2023bhav.csv.zip,2023-05-29,45c0885f3521d1900d0cfb665d6284369351f8bdaeae1429bcfa4f402fcf12e1,91034,historical NSE legacy equity bhavcopy,NSE download manifest
data/raw/bhavcopy_legacy/cm29MAY2024bhav.csv.zip,https://nsearchives.nseindia.com/content/historical/EQUITIES/2024/MAY/cm29MAY2024bhav.csv.zip,2024-05-29,021a91f76231f84ec8452f93bc80d4326792f689ae236c8dfe95874f204ce194,102770,historical NSE legacy equity bhavcopy,NSE download manifest
data/raw/bhavcopy_legacy/cm29NOV2013bhav.csv.zip,https://nsearchives.nseindia.com/content/historical/EQUITIES/2013/NOV/cm29NOV2013bhav.csv.zip,2013-11-29,7de648c9a82b80eb4b3a74dc10b56172a51def0ffea089d8c1e0787c678993a6,50367,historical NSE legacy equity bhavcopy,NSE download manifest
data/raw/bhavcopy_legacy/cm29NOV2016bhav.csv.zip,https://nsearchives.nseindia.com/content/historical/EQUITIES/2016/NOV/cm29NOV2016bhav.csv.zip,2016-11-29,7f78c18f80a1e391bfd13d23ece13a5c9b62f248190133c161c20fd18e6ee4c8,61500,historical NSE legacy equity bhavcopy,NSE download manifest
data/raw/bhavcopy_legacy/cm29NOV2017bhav.csv.zip,https://nsearchives.nseindia.com/content/historical/EQUITIES/2017/NOV/cm29NOV2017bhav.csv.zip,2017-11-29,68e86b1bc202f44c9e517a12bb432822fe27d2a1be59976c19d6f2803f31d0d7,67625,historical NSE legacy equity bhavcopy,NSE download manifest
data/raw/bhavcopy_legacy/cm29NOV2018bhav.csv.zip,https://nsearchives.nseindia.com/content/historical/EQUITIES/2018/NOV/cm29NOV2018bhav.csv.zip,2018-11-29,23340d72242691ac1add66c525d869be5b4cdb3f68ab424404fb717049b7354a,67913,historical NSE legacy equity bhavcopy,NSE download manifest
data/raw/bhavcopy_legacy/cm29NOV2019bhav.csv.zip,https://nsearchives.nseindia.com/content/historical/EQUITIES/2019/NOV/cm29NOV2019bhav.csv.zip,2019-11-29,3e11ef33f014d03bb9baf8318eca9de25cb58293f05d52231b20ca77c41b2a10,68866,historical NSE legacy equity bhavcopy,NSE download manifest
data/raw/bhavcopy_legacy/cm29NOV2021bhav.csv.zip,https://nsearchives.nseindia.com/content/historical/EQUITIES/2021/NOV/cm29NOV2021bhav.csv.zip,2021-11-29,abff306449de62d56128c71b0319e095ddfed552e851ed863e9557452863f4cc,81411,historical NSE legacy equity bhavcopy,NSE download manifest
data/raw/bhavcopy_legacy/cm29NOV2022bhav.csv.zip,https://nsearchives.nseindia.com/content/historical/EQUITIES/2022/NOV/cm29NOV2022bhav.csv.zip,2022-11-29,4f784ef46e3d5f0fcf4a59bfc5e1b63cfbea47147ac2a93927079150b657dc40,87319,historical NSE legacy equity bhavcopy,NSE download manifest
data/raw/bhavcopy_legacy/cm29NOV2023bhav.csv.zip,https://nsearchives.nseindia.com/content/historical/EQUITIES/2023/NOV/cm29NOV2023bhav.csv.zip,2023-11-29,dccb2de342e28bde9fff21b031dec36cd43beffabefcddcb5a723749631c8764,98116,historical NSE legacy equity bhavcopy,NSE download manifest
data/raw/bhavcopy_legacy/cm29OCT2013bhav.csv.zip,https://nsearchives.nseindia.com/content/historical/EQUITIES/2013/OCT/cm29OCT2013bhav.csv.zip,2013-10-29,bff3567fade862d8fe935e9526d5b9e5622f7259749701999336946404bad60d,49225,historical NSE legacy equity bhavcopy,NSE download manifest
data/raw/bhavcopy_legacy/cm29OCT2014bhav.csv.zip,https://nsearchives.nseindia.com/content/historical/EQUITIES/2014/OCT/cm29OCT2014bhav.csv.zip,2014-10-29,aacb3abbcc9b0c5897d242a6ddd012cded39b0471ea5100513e4614b86459f0f,57849,historical NSE legacy equity bhavcopy,NSE download manifest
data/raw/bhavcopy_legacy/cm29OCT2015bhav.csv.zip,https://nsearchives.nseindia.com/content/historical/EQUITIES/2015/OCT/cm29OCT2015bhav.csv.zip,2015-10-29,5e914ebf0883018ff32c219704de6c8d234a815952c49134d1f9d549ee9be4b3,56885,historical NSE legacy equity bhavcopy,NSE download manifest
data/raw/bhavcopy_legacy/cm29OCT2018bhav.csv.zip,https://nsearchives.nseindia.com/content/historical/EQUITIES/2018/OCT/cm29OCT2018bhav.csv.zip,2018-10-29,da5c0c5a8bdcbc35ce688a182aec1e479eb5cbc845b518a8d893d3df2ed8693c,68337,historical NSE legacy equity bhavcopy,NSE download manifest
data/raw/bhavcopy_legacy/cm29OCT2019bhav.csv.zip,https://nsearchives.nseindia.com/content/historical/EQUITIES/2019/OCT/cm29OCT2019bhav.csv.zip,2019-10-29,59a9bbdd00b25d5ce2e208312813b5418e76118c5a6fc009f26c84e076638109,68937,historical NSE legacy equity bhavcopy,NSE download manifest
data/raw/bhavcopy_legacy/cm29OCT2020bhav.csv.zip,https://nsearchives.nseindia.com/content/historical/EQUITIES/2020/OCT/cm29OCT2020bhav.csv.zip,2020-10-29,18601b772dcefb420182e26e4ddf881656ba2207564309f6cc482a30678a13b1,71052,historical NSE legacy equity bhavcopy,NSE download manifest
data/raw/bhavcopy_legacy/cm29OCT2021bhav.csv.zip,https://nsearchives.nseindia.com/content/historical/EQUITIES/2021/OCT/cm29OCT2021bhav.csv.zip,2021-10-29,080ef0394d7ea605402147cc7d0cea083b50d668da008166504999d3a59d6bad,79183,historical NSE legacy equity bhavcopy,NSE download manifest
data/raw/bhavcopy_legacy/cm29SEP2014bhav.csv.zip,https://nsearchives.nseindia.com/content/historical/EQUITIES/2014/SEP/cm29SEP2014bhav.csv.zip,2014-09-29,569b85f892439d5ae8cd732547b9ecbe69be1a210bcb2b0ee105c14a527365f8,57277,historical NSE legacy equity bhavcopy,NSE download manifest
data/raw/bhavcopy_legacy/cm29SEP2015bhav.csv.zip,https://nsearchives.nseindia.com/content/historical/EQUITIES/2015/SEP/cm29SEP2015bhav.csv.zip,2015-09-29,188c3e7b20f7802ab2eeab873046f8cbf06698588279e4998731c6e3d89b1347,56697,historical NSE legacy equity bhavcopy,NSE download manifest
data/raw/bhavcopy_legacy/cm29SEP2016bhav.csv.zip,https://nsearchives.nseindia.com/content/historical/EQUITIES/2016/SEP/cm29SEP2016bhav.csv.zip,2016-09-29,2a34507ab7f126abdf139f54a23ddcf479e2f15563c6fe9f539a10635c506c5d,63784,historical NSE legacy equity bhavcopy,NSE download manifest
data/raw/bhavcopy_legacy/cm29SEP2017bhav.csv.zip,https://nsearchives.nseindia.com/content/historical/EQUITIES/2017/SEP/cm29SEP2017bhav.csv.zip,2017-09-29,02c7a906d55e08a0d3fde86d440577b23a47f21cd09581ef953e90ccc79f752e,64841,historical NSE legacy equity bhavcopy,NSE download manifest
data/raw/bhavcopy_legacy/cm29SEP2020bhav.csv.zip,https://nsearchives.nseindia.com/content/historical/EQUITIES/2020/SEP/cm29SEP2020bhav.csv.zip,2020-09-29,a1650cc9d10bd122839a533a81f8a0c24ed1d64b27754512b91212460387ed52,70681,historical NSE legacy equity bhavcopy,NSE download manifest
data/raw/bhavcopy_legacy/cm29SEP2021bhav.csv.zip,https://nsearchives.nseindia.com/content/historical/EQUITIES/2021/SEP/cm29SEP2021bhav.csv.zip,2021-09-29,3f595837486e9e75c205bea86a7c6e31e754a29552c8aeb87f72be33f595d0bb,79388,historical NSE legacy equity bhavcopy,NSE download manifest
data/raw/bhavcopy_legacy/cm29SEP2022bhav.csv.zip,https://nsearchives.nseindia.com/content/historical/EQUITIES/2022/SEP/cm29SEP2022bhav.csv.zip,2022-09-29,20427665e257bf14611804eceb86064e1dba3bd269f46d56005d9c8d051e334d,85040,historical NSE legacy equity bhavcopy,NSE download manifest
data/raw/bhavcopy_legacy/cm29SEP2023bhav.csv.zip,https://nsearchives.nseindia.com/content/historical/EQUITIES/2023/SEP/cm29SEP2023bhav.csv.zip,2023-09-29,93a73164dd27a671b30e1080b36d05982a78193497c92a4cf867f14ed14fad81,94151,historical NSE legacy equity bhavcopy,NSE download manifest
data/raw/bhavcopy_legacy/cm30APR2013bhav.csv.zip,https://nsearchives.nseindia.com/content/historical/EQUITIES/2013/APR/cm30APR2013bhav.csv.zip,2013-04-30,f1b2872a03f12a9a712f15788497a63d5cb46b8fb5a5c6eb8a8e1de3e2f4ae29,49805,historical NSE legacy equity bhavcopy,NSE download manifest
data/raw/bhavcopy_legacy/cm30APR2014bhav.csv.zip,https://nsearchives.nseindia.com/content/historical/EQUITIES/2014/APR/cm30APR2014bhav.csv.zip,2014-04-30,54a29536e0bef4a9657db623034857be4803248baa3b773b8d6650585a35dd82,55490,historical NSE legacy equity bhavcopy,NSE download manifest
data/raw/bhavcopy_legacy/cm30APR2015bhav.csv.zip,https://nsearchives.nseindia.com/content/historical/EQUITIES/2015/APR/cm30APR2015bhav.csv.zip,2015-04-30,eb5977a5dbd9b1a214ef9d7bb91a3ac1dc2a563a6f1919e05b38bb67cf5bc039,56028,historical NSE legacy equity bhavcopy,NSE download manifest
data/raw/bhavcopy_legacy/cm30APR2018bhav.csv.zip,https://nsearchives.nseindia.com/content/historical/EQUITIES/2018/APR/cm30APR2018bhav.csv.zip,2018-04-30,e451746b210aac30886cb9d28074e347e51dedaf89e0596607c7e8305320f34f,68980,historical NSE legacy equity bhavcopy,NSE download manifest
data/raw/bhavcopy_legacy/cm30APR2019bhav.csv.zip,https://nsearchives.nseindia.com/content/historical/EQUITIES/2019/APR/cm30APR2019bhav.csv.zip,2019-04-30,6a4fe3a7b2bdd0d823a58adbcdcaf32c8481583da7c2eb9d376258976c75719f,69496,historical NSE legacy equity bhavcopy,NSE download manifest
data/raw/bhavcopy_legacy/cm30APR2020bhav.csv.zip,https://nsearchives.nseindia.com/content/historical/EQUITIES/2020/APR/cm30APR2020bhav.csv.zip,2020-04-30,eb52be9f2bf529e5a5019fab90ebee4da8b3e9adac6e5ab6fb3fa5b088110814,68733,historical NSE legacy equity bhavcopy,NSE download manifest
data/raw/bhavcopy_legacy/cm30APR2021bhav.csv.zip,https://nsearchives.nseindia.com/content/historical/EQUITIES/2021/APR/cm30APR2021bhav.csv.zip,2021-04-30,f79db7a67734e44f46bc3e2966b23d62c1d5caa5f01d0664aa7c8f4db13f0329,74356,historical NSE legacy equity bhavcopy,NSE download manifest
data/raw/bhavcopy_legacy/cm30APR2024bhav.csv.zip,https://nsearchives.nseindia.com/content/historical/EQUITIES/2024/APR/cm30APR2024bhav.csv.zip,2024-04-30,e4d2898c59ca8a79e7264f66a7c783965b48c18dc6d6494e610ae6dc83250966,103783,historical NSE legacy equity bhavcopy,NSE download manifest
data/raw/bhavcopy_legacy/cm30AUG2013bhav.csv.zip,https://nsearchives.nseindia.com/content/historical/EQUITIES/2013/AUG/cm30AUG2013bhav.csv.zip,2013-08-30,e3b016c407e46fd1b65b0452c6eb472116079ba162dcbb01b17cea0c5117b85e,47664,historical NSE legacy equity bhavcopy,NSE download manifest
data/raw/bhavcopy_legacy/cm30AUG2016bhav.csv.zip,https://nsearchives.nseindia.com/content/historical/EQUITIES/2016/AUG/cm30AUG2016bhav.csv.zip,2016-08-30,18d1be13fe0eaf904f441a9e53c3af19bdfae7e523ef027ba4429cd519cf511b,61629,historical NSE legacy equity bhavcopy,NSE download manifest
data/raw/bhavcopy_legacy/cm30AUG2017bhav.csv.zip,https://nsearchives.nseindia.com/content/historical/EQUITIES/2017/AUG/cm30AUG2017bhav.csv.zip,2017-08-30,6f30dc2f1a1d5ff7c803c90fbbb8cc249d8ea877e4cc40f7f6252d3af7cd6af9,63838,historical NSE legacy equity bhavcopy,NSE download manifest
data/raw/bhavcopy_legacy/cm30AUG2018bhav.csv.zip,https://nsearchives.nseindia.com/content/historical/EQUITIES/2018/AUG/cm30AUG2018bhav.csv.zip,2018-08-30,495e02b43adec2eedbd35b2d4d3c2f7d147a4d20537eb201b9fc0b1c578a3317,68949,historical NSE legacy equity bhavcopy,NSE download manifest
data/raw/bhavcopy_legacy/cm30AUG2019bhav.csv.zip,https://nsearchives.nseindia.com/content/historical/EQUITIES/2019/AUG/cm30AUG2019bhav.csv.zip,2019-08-30,b06e3e3de2e6c26038c51d95d20b2c2a65357d19a156867d3957007f5056ac8c,67801,historical NSE legacy equity bhavcopy,NSE download manifest
data/raw/bhavcopy_legacy/cm30AUG2021bhav.csv.zip,https://nsearchives.nseindia.com/content/historical/EQUITIES/2021/AUG/cm30AUG2021bhav.csv.zip,2021-08-30,a885917fa2ff8cec248fb327aa65a4ab6000f0f19ad435ecea70fcd31473ca6f,79085,historical NSE legacy equity bhavcopy,NSE download manifest
data/raw/bhavcopy_legacy/cm30AUG2022bhav.csv.zip,https://nsearchives.nseindia.com/content/historical/EQUITIES/2022/AUG/cm30AUG2022bhav.csv.zip,2022-08-30,8ad7cbe878fd317ba7891edb71cf84e61994c169479a7900a6cb2c45c13bc535,85865,historical NSE legacy equity bhavcopy,NSE download manifest
data/raw/bhavcopy_legacy/cm30AUG2023bhav.csv.zip,https://nsearchives.nseindia.com/content/historical/EQUITIES/2023/AUG/cm30AUG2023bhav.csv.zip,2023-08-30,e4d6261bd76c6472700406c4b0fee64354bc6d7ea9a1cb891c85108cdb9ca4f3,93481,historical NSE legacy equity bhavcopy,NSE download manifest
data/raw/bhavcopy_legacy/cm30DEC2013bhav.csv.zip,https://nsearchives.nseindia.com/content/historical/EQUITIES/2013/DEC/cm30DEC2013bhav.csv.zip,2013-12-30,e382dcf9411fc31ae1023441de6b935e25de981ceac321acf9dfca1b7262689e,50940,historical NSE legacy equity bhavcopy,NSE download manifest
data/raw/bhavcopy_legacy/cm30DEC2014bhav.csv.zip,https://nsearchives.nseindia.com/content/historical/EQUITIES/2014/DEC/cm30DEC2014bhav.csv.zip,2014-12-30,7fcd5b412a6c61e77125793b265b9baf74be729fb7a156872702e5fe12d1bad6,57094,historical NSE legacy equity bhavcopy,NSE download manifest
data/raw/bhavcopy_legacy/cm30DEC2015bhav.csv.zip,https://nsearchives.nseindia.com/content/historical/EQUITIES/2015/DEC/cm30DEC2015bhav.csv.zip,2015-12-30,66ce11336c53162254f44b32aeaf1f2aade4e8dd411f0c646adff8188f7387ea,59381,historical NSE legacy equity bhavcopy,NSE download manifest
data/raw/bhavcopy_legacy/cm30DEC2016bhav.csv.zip,https://nsearchives.nseindia.com/content/historical/EQUITIES/2016/DEC/cm30DEC2016bhav.csv.zip,2016-12-30,c96736c70bf09c724ffc47eb4764da155f300c15970f90661eb43b64543e9175,61159,historical NSE legacy equity bhavcopy,NSE download manifest
data/raw/bhavcopy_legacy/cm30DEC2019bhav.csv.zip,https://nsearchives.nseindia.com/content/historical/EQUITIES/2019/DEC/cm30DEC2019bhav.csv.zip,2019-12-30,8e16bd8e12bcd86b4ce3cc38dca40848164368c73695abb327ddac65945683f7,69795,historical NSE legacy equity bhavcopy,NSE download manifest
data/raw/bhavcopy_legacy/cm30DEC2020bhav.csv.zip,https://nsearchives.nseindia.com/content/historical/EQUITIES/2020/DEC/cm30DEC2020bhav.csv.zip,2020-12-30,57e9c6386b6e62a253b525b2c03c09c41a6855f67255f30b77edac3223c7fd5f,73838,historical NSE legacy equity bhavcopy,NSE download manifest
data/raw/bhavcopy_legacy/cm30DEC2021bhav.csv.zip,https://nsearchives.nseindia.com/content/historical/EQUITIES/2021/DEC/cm30DEC2021bhav.csv.zip,2021-12-30,e255569491d79ca9fc6b6ae5df1d54aa98fda93650e59c0d481b22738f52d165,81224,historical NSE legacy equity bhavcopy,NSE download manifest
data/raw/bhavcopy_legacy/cm30DEC2022bhav.csv.zip,https://nsearchives.nseindia.com/content/historical/EQUITIES/2022/DEC/cm30DEC2022bhav.csv.zip,2022-12-30,636cb895992d40dfbf92dfe4b634d4e4000be6f218f6075c30631402683e19e7,87662,historical NSE legacy equity bhavcopy,NSE download manifest
data/raw/bhavcopy_legacy/cm30JAN2013bhav.csv.zip,https://nsearchives.nseindia.com/content/historical/EQUITIES/2013/JAN/cm30JAN2013bhav.csv.zip,2013-01-30,94b43138d1181c2563c2c0dc839f2246883842d507d3a24fe092c64984585665,55538,historical NSE legacy equity bhavcopy,NSE download manifest
data/raw/bhavcopy_legacy/cm30JAN2014bhav.csv.zip,https://nsearchives.nseindia.com/content/historical/EQUITIES/2014/JAN/cm30JAN2014bhav.csv.zip,2014-01-30,0d738ccb78b35be2f618f3d38594035faa79f30c2248dc3ef190b160c7ca3c3c,51327,historical NSE legacy equity bhavcopy,NSE download manifest
data/raw/bhavcopy_legacy/cm30JAN2015bhav.csv.zip,https://nsearchives.nseindia.com/content/historical/EQUITIES/2015/JAN/cm30JAN2015bhav.csv.zip,2015-01-30,226f73b58789ed154adbe5dce6ba799c8d74b1bb3b3e8c15b049d837bb06c5d6,57132,historical NSE legacy equity bhavcopy,NSE download manifest
data/raw/bhavcopy_legacy/cm30JAN2017bhav.csv.zip,https://nsearchives.nseindia.com/content/historical/EQUITIES/2017/JAN/cm30JAN2017bhav.csv.zip,2017-01-30,517570351ca131473af23cf4f66de74c35632b30e8c0afbd488dc3623628c56c,63563,historical NSE legacy equity bhavcopy,NSE download manifest
data/raw/bhavcopy_legacy/cm30JAN2018bhav.csv.zip,https://nsearchives.nseindia.com/content/historical/EQUITIES/2018/JAN/cm30JAN2018bhav.csv.zip,2018-01-30,bb54e012306f6e57c31bcfcf2a386a62016f66734afe4d68f8e7307c8921af95,68930,historical NSE legacy equity bhavcopy,NSE download manifest
data/raw/bhavcopy_legacy/cm30JAN2019bhav.csv.zip,https://nsearchives.nseindia.com/content/historical/EQUITIES/2019/JAN/cm30JAN2019bhav.csv.zip,2019-01-30,9508db0e23e1a6873b06edfaaef03b40be1cefcba991ca9dbdaaaa55f9afe6de,67796,historical NSE legacy equity bhavcopy,NSE download manifest
data/raw/bhavcopy_legacy/cm30JAN2020bhav.csv.zip,https://nsearchives.nseindia.com/content/historical/EQUITIES/2020/JAN/cm30JAN2020bhav.csv.zip,2020-01-30,3f904bbc3d535e9fbd7826399a15bc4d1cce548e79832f36087d947ebdfee0e4,68948,historical NSE legacy equity bhavcopy,NSE download manifest
data/raw/bhavcopy_legacy/cm30JAN2023bhav.csv.zip,https://nsearchives.nseindia.com/content/historical/EQUITIES/2023/JAN/cm30JAN2023bhav.csv.zip,2023-01-30,bd27539b502a7cbde490869bb38e1f13f85717ba8f3ee2522db4fc1ee4c0afee,89464,historical NSE legacy equity bhavcopy,NSE download manifest
data/raw/bhavcopy_legacy/cm30JAN2024bhav.csv.zip,https://nsearchives.nseindia.com/content/historical/EQUITIES/2024/JAN/cm30JAN2024bhav.csv.zip,2024-01-30,381624b569360ce4bb8074b9f6e12da8683290b06f037ef7e8ea49d6da52456f,100525,historical NSE legacy equity bhavcopy,NSE download manifest
data/raw/bhavcopy_legacy/cm30JUL2013bhav.csv.zip,https://nsearchives.nseindia.com/content/historical/EQUITIES/2013/JUL/cm30JUL2013bhav.csv.zip,2013-07-30,b0460e89b0886c28a66a7154d9474e2fa6511c77207c892213b161a2bf1ceda6,47925,historical NSE legacy equity bhavcopy,NSE download manifest
data/raw/bhavcopy_legacy/cm30JUL2014bhav.csv.zip,https://nsearchives.nseindia.com/content/historical/EQUITIES/2014/JUL/cm30JUL2014bhav.csv.zip,2014-07-30,8ce8dc9394b6c1363b47c2de80b339eb2a9ac65f498c8a1c39b28e6b63b193cb,57108,historical NSE legacy equity bhavcopy,NSE download manifest
data/raw/bhavcopy_legacy/cm30JUL2015bhav.csv.zip,https://nsearchives.nseindia.com/content/historical/EQUITIES/2015/JUL/cm30JUL2015bhav.csv.zip,2015-07-30,02b47aaa4b78dea11211604880deab68b80f27823e45e36896ce5cfb07fda877,57316,historical NSE legacy equity bhavcopy,NSE download manifest
data/raw/bhavcopy_legacy/cm30JUL2018bhav.csv.zip,https://nsearchives.nseindia.com/content/historical/EQUITIES/2018/JUL/cm30JUL2018bhav.csv.zip,2018-07-30,59278e376f5358b183068d5d5b5f23750c3a49e3602bd9da64460cd05fef43f9,68449,historical NSE legacy equity bhavcopy,NSE download manifest
data/raw/bhavcopy_legacy/cm30JUL2019bhav.csv.zip,https://nsearchives.nseindia.com/content/historical/EQUITIES/2019/JUL/cm30JUL2019bhav.csv.zip,2019-07-30,7fa36d3683f85f70ca7affc0220b8bece88ab2de99e05f72da1e7627cda8cf55,68240,historical NSE legacy equity bhavcopy,NSE download manifest
data/raw/bhavcopy_legacy/cm30JUL2020bhav.csv.zip,https://nsearchives.nseindia.com/content/historical/EQUITIES/2020/JUL/cm30JUL2020bhav.csv.zip,2020-07-30,deaf20da275be89cf6a0343ac9938f5a23e3493c0978c3930e875ae207ff8af3,70597,historical NSE legacy equity bhavcopy,NSE download manifest
data/raw/bhavcopy_legacy/cm30JUL2021bhav.csv.zip,https://nsearchives.nseindia.com/content/historical/EQUITIES/2021/JUL/cm30JUL2021bhav.csv.zip,2021-07-30,9f2c2a4e1ab2ddbcc5b591a425815cb3095b058a2c19c099cb6d57f12f3dc0cb,77241,historical NSE legacy equity bhavcopy,NSE download manifest
data/raw/bhavcopy_legacy/cm30JUN2014bhav.csv.zip,https://nsearchives.nseindia.com/content/historical/EQUITIES/2014/JUN/cm30JUN2014bhav.csv.zip,2014-06-30,5225133812f0e89b1cf9e4ae4b9f2a0c637f0b3fb9ce92046e7e02d3141d7edd,57339,historical NSE legacy equity bhavcopy,NSE download manifest
data/raw/bhavcopy_legacy/cm30JUN2015bhav.csv.zip,https://nsearchives.nseindia.com/content/historical/EQUITIES/2015/JUN/cm30JUN2015bhav.csv.zip,2015-06-30,48da12067fb52d251863221ef45d63d6c1e26aa521323427f7227d2eab6517b1,56380,historical NSE legacy equity bhavcopy,NSE download manifest
data/raw/bhavcopy_legacy/cm30JUN2016bhav.csv.zip,https://nsearchives.nseindia.com/content/historical/EQUITIES/2016/JUN/cm30JUN2016bhav.csv.zip,2016-06-30,c19e7bb6b9e3cd17cfffb61071e695578f7ab685f4ab190420060fae334f59d7,60379,historical NSE legacy equity bhavcopy,NSE download manifest
data/raw/bhavcopy_legacy/cm30JUN2017bhav.csv.zip,https://nsearchives.nseindia.com/content/historical/EQUITIES/2017/JUN/cm30JUN2017bhav.csv.zip,2017-06-30,dd3bf785d7a4c0a839c582fdfdc075f8a8526f2155683bb954b86d93b5c80816,63817,historical NSE legacy equity bhavcopy,NSE download manifest
data/raw/bhavcopy_legacy/cm30JUN2020bhav.csv.zip,https://nsearchives.nseindia.com/content/historical/EQUITIES/2020/JUN/cm30JUN2020bhav.csv.zip,2020-06-30,d6a645a82bbd70903edbffaf541809682d9268d73548de5fcacdea70c7c0858a,69383,historical NSE legacy equity bhavcopy,NSE download manifest
data/raw/bhavcopy_legacy/cm30JUN2021bhav.csv.zip,https://nsearchives.nseindia.com/content/historical/EQUITIES/2021/JUN/cm30JUN2021bhav.csv.zip,2021-06-30,7e68a73d14449bfad0d879d91eccaa8db57b512a778013c0a4237687f905d841,77177,historical NSE legacy equity bhavcopy,NSE download manifest
data/raw/bhavcopy_legacy/cm30JUN2022bhav.csv.zip,https://nsearchives.nseindia.com/content/historical/EQUITIES/2022/JUN/cm30JUN2022bhav.csv.zip,2022-06-30,8c74bedb2c84f5007b6d4b203ee5f375c534f0612ac1f730a7d377f72d4024b2,81471,historical NSE legacy equity bhavcopy,NSE download manifest
data/raw/bhavcopy_legacy/cm30JUN2023bhav.csv.zip,https://nsearchives.nseindia.com/content/historical/EQUITIES/2023/JUN/cm30JUN2023bhav.csv.zip,2023-06-30,1acccdd8e92e6ff7ee57548bc83ccbe485edf4a097dcaa2db233f46b1e07d59d,92419,historical NSE legacy equity bhavcopy,NSE download manifest
data/raw/bhavcopy_legacy/cm30MAR2015bhav.csv.zip,https://nsearchives.nseindia.com/content/historical/EQUITIES/2015/MAR/cm30MAR2015bhav.csv.zip,2015-03-30,735e9b0dea5e537fa132147f7d122b4eabc5023e436ac180f35087299449089d,56018,historical NSE legacy equity bhavcopy,NSE download manifest
data/raw/bhavcopy_legacy/cm30MAR2016bhav.csv.zip,https://nsearchives.nseindia.com/content/historical/EQUITIES/2016/MAR/cm30MAR2016bhav.csv.zip,2016-03-30,898a4ea60faa46b36f97a8ddc28f8827ab41348720afd629fd5c80c767dbc05e,58493,historical NSE legacy equity bhavcopy,NSE download manifest
data/raw/bhavcopy_legacy/cm30MAR2017bhav.csv.zip,https://nsearchives.nseindia.com/content/historical/EQUITIES/2017/MAR/cm30MAR2017bhav.csv.zip,2017-03-30,01946e83f08788fb57a4a7cb06caecf9e13f5e04542fc78dd73b77875cc8cb85,63526,historical NSE legacy equity bhavcopy,NSE download manifest
data/raw/bhavcopy_legacy/cm30MAR2020bhav.csv.zip,https://nsearchives.nseindia.com/content/historical/EQUITIES/2020/MAR/cm30MAR2020bhav.csv.zip,2020-03-30,cda8e74f9cf7b0bae9f4c5e47f7aee8d108b74bae936633987069d68a8e853bf,67551,historical NSE legacy equity bhavcopy,NSE download manifest
data/raw/bhavcopy_legacy/cm30MAR2021bhav.csv.zip,https://nsearchives.nseindia.com/content/historical/EQUITIES/2021/MAR/cm30MAR2021bhav.csv.zip,2021-03-30,70440fd6727dc031d34fe01b90827c6a12262c69564f70873c8f03a37b2bfa27,75725,historical NSE legacy equity bhavcopy,NSE download manifest
data/raw/bhavcopy_legacy/cm30MAR2022bhav.csv.zip,https://nsearchives.nseindia.com/content/historical/EQUITIES/2022/MAR/cm30MAR2022bhav.csv.zip,2022-03-30,ac777e3f4574593e3a3ffcc46c3980e5eff9df4f39dc3f83c8c378a4ec1c2f88,82698,historical NSE legacy equity bhavcopy,NSE download manifest
data/raw/bhavcopy_legacy/cm30MAY2013bhav.csv.zip,https://nsearchives.nseindia.com/content/historical/EQUITIES/2013/MAY/cm30MAY2013bhav.csv.zip,2013-05-30,53503cfcf86aea4b78ba59a4af499f79eca8b7a9f3c502d01ef89c3ec7f9e380,50203,historical NSE legacy equity bhavcopy,NSE download manifest
data/raw/bhavcopy_legacy/cm30MAY2014bhav.csv.zip,https://nsearchives.nseindia.com/content/historical/EQUITIES/2014/MAY/cm30MAY2014bhav.csv.zip,2014-05-30,4352f0b5f0a5c3568f0b4b39e4f4902e3a037def6b25a203e03fe5ab3c0c3dfd,57119,historical NSE legacy equity bhavcopy,NSE download manifest
data/raw/bhavcopy_legacy/cm30MAY2016bhav.csv.zip,https://nsearchives.nseindia.com/content/historical/EQUITIES/2016/MAY/cm30MAY2016bhav.csv.zip,2016-05-30,84c744941e50999fa91c9c224cd722a7c87cd2adbfb520258a4a63a06c99c390,59382,historical NSE legacy equity bhavcopy,NSE download manifest
data/raw/bhavcopy_legacy/cm30MAY2017bhav.csv.zip,https://nsearchives.nseindia.com/content/historical/EQUITIES/2017/MAY/cm30MAY2017bhav.csv.zip,2017-05-30,fc4a55e06f6012be4a186f392350214ac95f9858d462e9b036d55ffdd6ad5dca,64143,historical NSE legacy equity bhavcopy,NSE download manifest
data/raw/bhavcopy_legacy/cm30MAY2018bhav.csv.zip,https://nsearchives.nseindia.com/content/historical/EQUITIES/2018/MAY/cm30MAY2018bhav.csv.zip,2018-05-30,812d9d641277f6081a2448c0805232045d1b57e7017897b70c6849f943abec20,67802,historical NSE legacy equity bhavcopy,NSE download manifest
data/raw/bhavcopy_legacy/cm30MAY2019bhav.csv.zip,https://nsearchives.nseindia.com/content/historical/EQUITIES/2019/MAY/cm30MAY2019bhav.csv.zip,2019-05-30,86b6b648f1a1cd66d45c637f226db3c616216a9a66a22327e38bceef8b56bf65,68811,historical NSE legacy equity bhavcopy,NSE download manifest
data/raw/bhavcopy_legacy/cm30MAY2022bhav.csv.zip,https://nsearchives.nseindia.com/content/historical/EQUITIES/2022/MAY/cm30MAY2022bhav.csv.zip,2022-05-30,8ea8c4cd27055d2ca6cba179f0a7e51c8722a3ce93405621f769406625506a0c,83739,historical NSE legacy equity bhavcopy,NSE download manifest
data/raw/bhavcopy_legacy/cm30MAY2023bhav.csv.zip,https://nsearchives.nseindia.com/content/historical/EQUITIES/2023/MAY/cm30MAY2023bhav.csv.zip,2023-05-30,ffa2819fa465c221224047cb8af1f5c646628aa9bee255856e96f1a88d74036e,89571,historical NSE legacy equity bhavcopy,NSE download manifest
data/raw/bhavcopy_legacy/cm30MAY2024bhav.csv.zip,https://nsearchives.nseindia.com/content/historical/EQUITIES/2024/MAY/cm30MAY2024bhav.csv.zip,2024-05-30,97ee6510f373236eaf2e71c251549a5f19bd8a285cfb8cd7d32ecf7537eb07ab,102502,historical NSE legacy equity bhavcopy,NSE download manifest
data/raw/bhavcopy_legacy/cm30NOV2015bhav.csv.zip,https://nsearchives.nseindia.com/content/historical/EQUITIES/2015/NOV/cm30NOV2015bhav.csv.zip,2015-11-30,140c9e1ed848793d3310348f87b0561d527f69c2e8f23bbdb9a3ec31ea18b6ed,58384,historical NSE legacy equity bhavcopy,NSE download manifest
data/raw/bhavcopy_legacy/cm30NOV2016bhav.csv.zip,https://nsearchives.nseindia.com/content/historical/EQUITIES/2016/NOV/cm30NOV2016bhav.csv.zip,2016-11-30,7ed6faf0c8641b46256b77f5bf534e04ea2e83dc4284cd78905a288549ddf1af,61020,historical NSE legacy equity bhavcopy,NSE download manifest
data/raw/bhavcopy_legacy/cm30NOV2017bhav.csv.zip,https://nsearchives.nseindia.com/content/historical/EQUITIES/2017/NOV/cm30NOV2017bhav.csv.zip,2017-11-30,b8939be095a9fd561e6769102c03083b0a8f007a19f551dff29757ab76039e7f,67404,historical NSE legacy equity bhavcopy,NSE download manifest
data/raw/bhavcopy_legacy/cm30NOV2018bhav.csv.zip,https://nsearchives.nseindia.com/content/historical/EQUITIES/2018/NOV/cm30NOV2018bhav.csv.zip,2018-11-30,9868d0d1d80775cd91efa1af909babaf0af15d4b8c6ca42d7b95d337916728a4,67853,historical NSE legacy equity bhavcopy,NSE download manifest
data/raw/bhavcopy_legacy/cm30NOV2021bhav.csv.zip,https://nsearchives.nseindia.com/content/historical/EQUITIES/2021/NOV/cm30NOV2021bhav.csv.zip,2021-11-30,e83321531754a6e0f0e847ac02f5937bf4352302f98c0bfa2ecc0d248ef7710c,80176,historical NSE legacy equity bhavcopy,NSE download manifest
data/raw/bhavcopy_legacy/cm30NOV2022bhav.csv.zip,https://nsearchives.nseindia.com/content/historical/EQUITIES/2022/NOV/cm30NOV2022bhav.csv.zip,2022-11-30,a22eae912813c7d49b7c027c4cf6948510e24699774bb024c0ec5db8ddbb2925,87163,historical NSE legacy equity bhavcopy,NSE download manifest
data/raw/bhavcopy_legacy/cm30NOV2023bhav.csv.zip,https://nsearchives.nseindia.com/content/historical/EQUITIES/2023/NOV/cm30NOV2023bhav.csv.zip,2023-11-30,a7bcd60a1cab39363ec4beaab83a7a3ffdb91c543a9eeb7235af17e4629484a7,98402,historical NSE legacy equity bhavcopy,NSE download manifest
data/raw/bhavcopy_legacy/cm30OCT2013bhav.csv.zip,https://nsearchives.nseindia.com/content/historical/EQUITIES/2013/OCT/cm30OCT2013bhav.csv.zip,2013-10-30,60115208e16a2995b1102034fa29a479fb6765067c0c2f485bd0bb66fc629819,49341,historical NSE legacy equity bhavcopy,NSE download manifest
data/raw/bhavcopy_legacy/cm30OCT2014bhav.csv.zip,https://nsearchives.nseindia.com/content/historical/EQUITIES/2014/OCT/cm30OCT2014bhav.csv.zip,2014-10-30,56da57d534f44024b07f3d2475de493f2da58a3134195d69ef7dae30d17aca43,57606,historical NSE legacy equity bhavcopy,NSE download manifest
data/raw/bhavcopy_legacy/cm30OCT2015bhav.csv.zip,https://nsearchives.nseindia.com/content/historical/EQUITIES/2015/OCT/cm30OCT2015bhav.csv.zip,2015-10-30,e5247758462e8cb490202599ecb79fb9896d9838ad089c9f122843836c5c654a,57600,historical NSE legacy equity bhavcopy,NSE download manifest
data/raw/bhavcopy_legacy/cm30OCT2016bhav.csv.zip,https://nsearchives.nseindia.com/content/historical/EQUITIES/2016/OCT/cm30OCT2016bhav.csv.zip,2016-10-30,c2c0d671d8d4bbc8d20dbd5e18ebcb57267c603c3db8c8c69746fc73e86c624c,58677,historical NSE legacy equity bhavcopy,NSE official URL reconstructed from special-session downloader filename rule
data/raw/bhavcopy_legacy/cm30OCT2017bhav.csv.zip,https://nsearchives.nseindia.com/content/historical/EQUITIES/2017/OCT/cm30OCT2017bhav.csv.zip,2017-10-30,a2ae5c25e6355a4039ee1bd894212109db8071f7fc62eef701ad6d68ebe5b040,67340,historical NSE legacy equity bhavcopy,NSE download manifest
data/raw/bhavcopy_legacy/cm30OCT2018bhav.csv.zip,https://nsearchives.nseindia.com/content/historical/EQUITIES/2018/OCT/cm30OCT2018bhav.csv.zip,2018-10-30,fb0c68ebfd241937104dc3ab59cb2a8088a1eefc9062475f723cd9e18f16f037,67533,historical NSE legacy equity bhavcopy,NSE download manifest
data/raw/bhavcopy_legacy/cm30OCT2019bhav.csv.zip,https://nsearchives.nseindia.com/content/historical/EQUITIES/2019/OCT/cm30OCT2019bhav.csv.zip,2019-10-30,8561ed874189b67467ab717a7d19bd157793c7c8a3164c81bda52fb51da97700,68853,historical NSE legacy equity bhavcopy,NSE download manifest
data/raw/bhavcopy_legacy/cm30OCT2020bhav.csv.zip,https://nsearchives.nseindia.com/content/historical/EQUITIES/2020/OCT/cm30OCT2020bhav.csv.zip,2020-10-30,8fb825502782f77fc4ad871b6aab326c4783d6f6e948d3415a54172a130af3bb,70907,historical NSE legacy equity bhavcopy,NSE download manifest
data/raw/bhavcopy_legacy/cm30OCT2023bhav.csv.zip,https://nsearchives.nseindia.com/content/historical/EQUITIES/2023/OCT/cm30OCT2023bhav.csv.zip,2023-10-30,40f0f88b5c2deb4b637c9a6692d3c023b9ca6943df3ec0de063dd20095e62de8,96401,historical NSE legacy equity bhavcopy,NSE download manifest
data/raw/bhavcopy_legacy/cm30SEP2013bhav.csv.zip,https://nsearchives.nseindia.com/content/historical/EQUITIES/2013/SEP/cm30SEP2013bhav.csv.zip,2013-09-30,acfd69a9fe6a9c304135c7fabe8a104044b1f769e6730d6f87dfe1b26c6b7455,47751,historical NSE legacy equity bhavcopy,NSE download manifest
data/raw/bhavcopy_legacy/cm30SEP2014bhav.csv.zip,https://nsearchives.nseindia.com/content/historical/EQUITIES/2014/SEP/cm30SEP2014bhav.csv.zip,2014-09-30,6b53586aba8a92cd39a378065b59f42d447c6a6c91042903da0b0c04a5f0d5bc,57780,historical NSE legacy equity bhavcopy,NSE download manifest
data/raw/bhavcopy_legacy/cm30SEP2015bhav.csv.zip,https://nsearchives.nseindia.com/content/historical/EQUITIES/2015/SEP/cm30SEP2015bhav.csv.zip,2015-09-30,0edb19494cca035a830f027eaeddf76ec40c718c77c47e3b2b8d98629d4bc707,56606,historical NSE legacy equity bhavcopy,NSE download manifest
data/raw/bhavcopy_legacy/cm30SEP2016bhav.csv.zip,https://nsearchives.nseindia.com/content/historical/EQUITIES/2016/SEP/cm30SEP2016bhav.csv.zip,2016-09-30,85d073115ed588f5a00e0e511f852c9259eef2d305cdc55196b566637fce6b57,61896,historical NSE legacy equity bhavcopy,NSE download manifest
data/raw/bhavcopy_legacy/cm30SEP2019bhav.csv.zip,https://nsearchives.nseindia.com/content/historical/EQUITIES/2019/SEP/cm30SEP2019bhav.csv.zip,2019-09-30,ff9496580483dbbc47f0d600d4a5effdb775c526c6749dd68efe623c07abc69c,69497,historical NSE legacy equity bhavcopy,NSE download manifest
data/raw/bhavcopy_legacy/cm30SEP2020bhav.csv.zip,https://nsearchives.nseindia.com/content/historical/EQUITIES/2020/SEP/cm30SEP2020bhav.csv.zip,2020-09-30,704313e2d8578e815d9f069e73e4e9a8a655f583dec0dd52e643132ef3d65c42,70123,historical NSE legacy equity bhavcopy,NSE download manifest
data/raw/bhavcopy_legacy/cm30SEP2021bhav.csv.zip,https://nsearchives.nseindia.com/content/historical/EQUITIES/2021/SEP/cm30SEP2021bhav.csv.zip,2021-09-30,cca157b9d316bedfad1a86650a22227ef3a4a21ae910574991902f9f7f37f17d,79438,historical NSE legacy equity bhavcopy,NSE download manifest
data/raw/bhavcopy_legacy/cm30SEP2022bhav.csv.zip,https://nsearchives.nseindia.com/content/historical/EQUITIES/2022/SEP/cm30SEP2022bhav.csv.zip,2022-09-30,a3254e0523e7b3701e231f52c0a38e3390d3d8d0460c55678f96a48e70e3a34f,85487,historical NSE legacy equity bhavcopy,NSE download manifest
data/raw/bhavcopy_legacy/cm31AUG2015bhav.csv.zip,https://nsearchives.nseindia.com/content/historical/EQUITIES/2015/AUG/cm31AUG2015bhav.csv.zip,2015-08-31,faf561966db3b27caa0b46606e59f5ccee2f886138137e91b9b4fb77f39e398a,56564,historical NSE legacy equity bhavcopy,NSE download manifest
data/raw/bhavcopy_legacy/cm31AUG2016bhav.csv.zip,https://nsearchives.nseindia.com/content/historical/EQUITIES/2016/AUG/cm31AUG2016bhav.csv.zip,2016-08-31,d4001670774a28bc58d30945032588ffac900a69f2e994bf1bfe58111a914920,61891,historical NSE legacy equity bhavcopy,NSE download manifest
data/raw/bhavcopy_legacy/cm31AUG2017bhav.csv.zip,https://nsearchives.nseindia.com/content/historical/EQUITIES/2017/AUG/cm31AUG2017bhav.csv.zip,2017-08-31,359070efd5103d8276f5d8f5abfff7060715662b0b7934760e6e1f67d9be14dc,64721,historical NSE legacy equity bhavcopy,NSE download manifest
data/raw/bhavcopy_legacy/cm31AUG2018bhav.csv.zip,https://nsearchives.nseindia.com/content/historical/EQUITIES/2018/AUG/cm31AUG2018bhav.csv.zip,2018-08-31,7a7534810ce967cce81e78600d57dd5a2bae5ca1a4ee49930f3e9310cf6a49b3,69252,historical NSE legacy equity bhavcopy,NSE download manifest
data/raw/bhavcopy_legacy/cm31AUG2020bhav.csv.zip,https://nsearchives.nseindia.com/content/historical/EQUITIES/2020/AUG/cm31AUG2020bhav.csv.zip,2020-08-31,8140b9f8cea524172bf603fa274ba8a5f21b91584c54a2c0eb4dfa975f805204,73310,historical NSE legacy equity bhavcopy,NSE download manifest
data/raw/bhavcopy_legacy/cm31AUG2021bhav.csv.zip,https://nsearchives.nseindia.com/content/historical/EQUITIES/2021/AUG/cm31AUG2021bhav.csv.zip,2021-08-31,9e92e85c046ea43d0be096dd5244554b24e6244a0ee4c9783e22ea6eba22eac8,77965,historical NSE legacy equity bhavcopy,NSE download manifest
data/raw/bhavcopy_legacy/cm31AUG2023bhav.csv.zip,https://nsearchives.nseindia.com/content/historical/EQUITIES/2023/AUG/cm31AUG2023bhav.csv.zip,2023-08-31,7123bca37df56d0ccf2a59c39d93f6edcb8de674ab2b0c84debb8a3e81659793,93037,historical NSE legacy equity bhavcopy,NSE download manifest
data/raw/bhavcopy_legacy/cm31DEC2013bhav.csv.zip,https://nsearchives.nseindia.com/content/historical/EQUITIES/2013/DEC/cm31DEC2013bhav.csv.zip,2013-12-31,b34d9ccf442ec505bc869451f4ae572e08039a56e2241d83c7f424e892b101a5,51042,historical NSE legacy equity bhavcopy,NSE download manifest
data/raw/bhavcopy_legacy/cm31DEC2014bhav.csv.zip,https://nsearchives.nseindia.com/content/historical/EQUITIES/2014/DEC/cm31DEC2014bhav.csv.zip,2014-12-31,1d1913c40499b1af92c4680ca66434b6cf3404f4366542bb6a4bf00afbf9a3d7,56916,historical NSE legacy equity bhavcopy,NSE download manifest
data/raw/bhavcopy_legacy/cm31DEC2015bhav.csv.zip,https://nsearchives.nseindia.com/content/historical/EQUITIES/2015/DEC/cm31DEC2015bhav.csv.zip,2015-12-31,7362dbf580a6fa45c23159312ec4b5dab07fd1220762b7656e775cbf4fca2c18,58880,historical NSE legacy equity bhavcopy,NSE download manifest
data/raw/bhavcopy_legacy/cm31DEC2018bhav.csv.zip,https://nsearchives.nseindia.com/content/historical/EQUITIES/2018/DEC/cm31DEC2018bhav.csv.zip,2018-12-31,0c53d3195aed4e2fc1af6aa8296359897b7c7d47ce28ce10367e33e55e036837,68212,historical NSE legacy equity bhavcopy,NSE download manifest
data/raw/bhavcopy_legacy/cm31DEC2019bhav.csv.zip,https://nsearchives.nseindia.com/content/historical/EQUITIES/2019/DEC/cm31DEC2019bhav.csv.zip,2019-12-31,2eee01afd56a8afc38c90b550155089ce64ae42973210c496c0405d7fe620a4b,69270,historical NSE legacy equity bhavcopy,NSE download manifest
data/raw/bhavcopy_legacy/cm31DEC2020bhav.csv.zip,https://nsearchives.nseindia.com/content/historical/EQUITIES/2020/DEC/cm31DEC2020bhav.csv.zip,2020-12-31,913177f995de74ace4fe2fe527481a6d7b85ef65231af306e8230301d3fe1d66,73974,historical NSE legacy equity bhavcopy,NSE download manifest
data/raw/bhavcopy_legacy/cm31DEC2021bhav.csv.zip,https://nsearchives.nseindia.com/content/historical/EQUITIES/2021/DEC/cm31DEC2021bhav.csv.zip,2021-12-31,2fe78bf6119e569626dc046d05dfe979ccf8047c4d0178fad2615d3a33366604,81661,historical NSE legacy equity bhavcopy,NSE download manifest
data/raw/bhavcopy_legacy/cm31JAN2013bhav.csv.zip,https://nsearchives.nseindia.com/content/historical/EQUITIES/2013/JAN/cm31JAN2013bhav.csv.zip,2013-01-31,924e2e81d84d624ab7feab69f1a46cd551702e9400b6b8d1436b09ac71bac7f6,55054,historical NSE legacy equity bhavcopy,NSE download manifest
data/raw/bhavcopy_legacy/cm31JAN2014bhav.csv.zip,https://nsearchives.nseindia.com/content/historical/EQUITIES/2014/JAN/cm31JAN2014bhav.csv.zip,2014-01-31,2ced14986cb68798465e2c27a7b31912d24f08452cad05f48f00c681b85062f3,51327,historical NSE legacy equity bhavcopy,NSE download manifest
data/raw/bhavcopy_legacy/cm31JAN2017bhav.csv.zip,https://nsearchives.nseindia.com/content/historical/EQUITIES/2017/JAN/cm31JAN2017bhav.csv.zip,2017-01-31,5c6e6a7614e58bfc1d4781c05a6ff94fe9552c28f4f6f4f7669c862bc16c657f,62911,historical NSE legacy equity bhavcopy,NSE download manifest
data/raw/bhavcopy_legacy/cm31JAN2018bhav.csv.zip,https://nsearchives.nseindia.com/content/historical/EQUITIES/2018/JAN/cm31JAN2018bhav.csv.zip,2018-01-31,0a1f4347b287ec8700f531bc09c2a15bcf37b84ea6453d30639cde5e01a14509,69669,historical NSE legacy equity bhavcopy,NSE download manifest
data/raw/bhavcopy_legacy/cm31JAN2019bhav.csv.zip,https://nsearchives.nseindia.com/content/historical/EQUITIES/2019/JAN/cm31JAN2019bhav.csv.zip,2019-01-31,6c0a43c204e5fb5896bf8db01af4203b48a25f2027c35f1a9a07e40e1a536fb3,67824,historical NSE legacy equity bhavcopy,NSE download manifest
data/raw/bhavcopy_legacy/cm31JAN2020bhav.csv.zip,https://nsearchives.nseindia.com/content/historical/EQUITIES/2020/JAN/cm31JAN2020bhav.csv.zip,2020-01-31,13c2069e482a6e90b789c5de61415c1b389bd2ac543a941ffa7fb1e06d103439,68577,historical NSE legacy equity bhavcopy,NSE download manifest
data/raw/bhavcopy_legacy/cm31JAN2022bhav.csv.zip,https://nsearchives.nseindia.com/content/historical/EQUITIES/2022/JAN/cm31JAN2022bhav.csv.zip,2022-01-31,b5d28220ecdeaac597bed9b3495f16c8cf29d886fc213633917c7536bc6111c4,83448,historical NSE legacy equity bhavcopy,NSE download manifest
data/raw/bhavcopy_legacy/cm31JAN2023bhav.csv.zip,https://nsearchives.nseindia.com/content/historical/EQUITIES/2023/JAN/cm31JAN2023bhav.csv.zip,2023-01-31,1b70f6059df69751d6545911469d5fb851c08caed34e68fc25f19ed93bcacecb,88080,historical NSE legacy equity bhavcopy,NSE download manifest
data/raw/bhavcopy_legacy/cm31JAN2024bhav.csv.zip,https://nsearchives.nseindia.com/content/historical/EQUITIES/2024/JAN/cm31JAN2024bhav.csv.zip,2024-01-31,c4dfb9c8e6cbb8790a2400fe6b983207ed02d125c2084681582bec6f50f2de62,100413,historical NSE legacy equity bhavcopy,NSE download manifest
data/raw/bhavcopy_legacy/cm31JUL2013bhav.csv.zip,https://nsearchives.nseindia.com/content/historical/EQUITIES/2013/JUL/cm31JUL2013bhav.csv.zip,2013-07-31,9778789873d928516930d62920ef966d4c81a8db6f5aef125ee0411a89c5c083,48090,historical NSE legacy equity bhavcopy,NSE download manifest
data/raw/bhavcopy_legacy/cm31JUL2014bhav.csv.zip,https://nsearchives.nseindia.com/content/historical/EQUITIES/2014/JUL/cm31JUL2014bhav.csv.zip,2014-07-31,02a0f23f83be7cba9b067223a14e1b5763ca7906536b09d9efa82fed389b8c5c,56402,historical NSE legacy equity bhavcopy,NSE download manifest
data/raw/bhavcopy_legacy/cm31JUL2015bhav.csv.zip,https://nsearchives.nseindia.com/content/historical/EQUITIES/2015/JUL/cm31JUL2015bhav.csv.zip,2015-07-31,876dd3fb2667294c6599f836e0e226d843d619f1a8ca0e4952402d90d095cbb0,57516,historical NSE legacy equity bhavcopy,NSE download manifest
data/raw/bhavcopy_legacy/cm31JUL2017bhav.csv.zip,https://nsearchives.nseindia.com/content/historical/EQUITIES/2017/JUL/cm31JUL2017bhav.csv.zip,2017-07-31,b54657b91665e2e449674be78efcca437206806e77a03332bcd8933f7368920a,65598,historical NSE legacy equity bhavcopy,NSE download manifest
data/raw/bhavcopy_legacy/cm31JUL2018bhav.csv.zip,https://nsearchives.nseindia.com/content/historical/EQUITIES/2018/JUL/cm31JUL2018bhav.csv.zip,2018-07-31,684b93cd146bd6eeb7adda597d70c908b3f2f4d3f67ce0eabc22fd04c7898f3e,67896,historical NSE legacy equity bhavcopy,NSE download manifest
data/raw/bhavcopy_legacy/cm31JUL2019bhav.csv.zip,https://nsearchives.nseindia.com/content/historical/EQUITIES/2019/JUL/cm31JUL2019bhav.csv.zip,2019-07-31,c4608ba0d1eb0797c6d4dd6b192151cca53d7f3a4cbfbd8884679615ad6af8e9,68773,historical NSE legacy equity bhavcopy,NSE download manifest
data/raw/bhavcopy_legacy/cm31JUL2020bhav.csv.zip,https://nsearchives.nseindia.com/content/historical/EQUITIES/2020/JUL/cm31JUL2020bhav.csv.zip,2020-07-31,26cbb9286efe0123d66c0e988f90107e32b6f3ea8a2e63701ec97d73a20dd306,69395,historical NSE legacy equity bhavcopy,NSE download manifest
data/raw/bhavcopy_legacy/cm31JUL2023bhav.csv.zip,https://nsearchives.nseindia.com/content/historical/EQUITIES/2023/JUL/cm31JUL2023bhav.csv.zip,2023-07-31,a837e7849d4c555ac9e9d7598c616d01b77d198721704a5c8e9a75dc22ed36e5,94296,historical NSE legacy equity bhavcopy,NSE download manifest
data/raw/bhavcopy_legacy/cm31MAR2014bhav.csv.zip,https://nsearchives.nseindia.com/content/historical/EQUITIES/2014/MAR/cm31MAR2014bhav.csv.zip,2014-03-31,61ebcc46d3d4b8964f83151b803d39ba994dc0fe9a4dbc55814f425fe3da463f,54807,historical NSE legacy equity bhavcopy,NSE download manifest
data/raw/bhavcopy_legacy/cm31MAR2015bhav.csv.zip,https://nsearchives.nseindia.com/content/historical/EQUITIES/2015/MAR/cm31MAR2015bhav.csv.zip,2015-03-31,d3684ed91c5bac6edadcd14f41a47664098c37a26286eb3923447c8d0ab2790c,56565,historical NSE legacy equity bhavcopy,NSE download manifest
data/raw/bhavcopy_legacy/cm31MAR2016bhav.csv.zip,https://nsearchives.nseindia.com/content/historical/EQUITIES/2016/MAR/cm31MAR2016bhav.csv.zip,2016-03-31,7ceed6c172bb81581999046ab83edd70bdc6a8c4580dfae285a70854da53d01f,58891,historical NSE legacy equity bhavcopy,NSE download manifest
data/raw/bhavcopy_legacy/cm31MAR2017bhav.csv.zip,https://nsearchives.nseindia.com/content/historical/EQUITIES/2017/MAR/cm31MAR2017bhav.csv.zip,2017-03-31,857aa015bb4ff716e97d8d745d1cca05e3b22150dcac2ef1cbda3f9b6337b909,64159,historical NSE legacy equity bhavcopy,NSE download manifest
data/raw/bhavcopy_legacy/cm31MAR2020bhav.csv.zip,https://nsearchives.nseindia.com/content/historical/EQUITIES/2020/MAR/cm31MAR2020bhav.csv.zip,2020-03-31,4c0db14d6cf4fe218dff20074d086886d93ba85a8c3ad803412fb1275a8b891b,67328,historical NSE legacy equity bhavcopy,NSE download manifest
data/raw/bhavcopy_legacy/cm31MAR2021bhav.csv.zip,https://nsearchives.nseindia.com/content/historical/EQUITIES/2021/MAR/cm31MAR2021bhav.csv.zip,2021-03-31,797314c384df3fc90d1d34afaba423e3876e292df0e7a5a4d3f1a0968c7622e8,74219,historical NSE legacy equity bhavcopy,NSE download manifest
data/raw/bhavcopy_legacy/cm31MAR2022bhav.csv.zip,https://nsearchives.nseindia.com/content/historical/EQUITIES/2022/MAR/cm31MAR2022bhav.csv.zip,2022-03-31,68cf87ac7f8b8823893a474b38844cf72922c2e5daacf8568dfdff177fab2c4e,82161,historical NSE legacy equity bhavcopy,NSE download manifest
data/raw/bhavcopy_legacy/cm31MAR2023bhav.csv.zip,https://nsearchives.nseindia.com/content/historical/EQUITIES/2023/MAR/cm31MAR2023bhav.csv.zip,2023-03-31,adfaa4e4804d205e786f71fb6871f85d8031053778b639722418d08209b125d9,89736,historical NSE legacy equity bhavcopy,NSE download manifest
data/raw/bhavcopy_legacy/cm31MAY2013bhav.csv.zip,https://nsearchives.nseindia.com/content/historical/EQUITIES/2013/MAY/cm31MAY2013bhav.csv.zip,2013-05-31,bc20c6dcbcd059da82fd13395071e82961bdf26ee87bc47492e6fe2c707e0f8b,51017,historical NSE legacy equity bhavcopy,NSE download manifest
data/raw/bhavcopy_legacy/cm31MAY2016bhav.csv.zip,https://nsearchives.nseindia.com/content/historical/EQUITIES/2016/MAY/cm31MAY2016bhav.csv.zip,2016-05-31,e71d9bd46c7906e68c1a248c0543646ce4161a41abe4944bbbd06f9ff0171cb0,59230,historical NSE legacy equity bhavcopy,NSE download manifest
data/raw/bhavcopy_legacy/cm31MAY2017bhav.csv.zip,https://nsearchives.nseindia.com/content/historical/EQUITIES/2017/MAY/cm31MAY2017bhav.csv.zip,2017-05-31,b1905d14351cdb6ad9aabce024b6ca17f6f06dd3f0e653ab844491ef8c7f425d,64169,historical NSE legacy equity bhavcopy,NSE download manifest
data/raw/bhavcopy_legacy/cm31MAY2018bhav.csv.zip,https://nsearchives.nseindia.com/content/historical/EQUITIES/2018/MAY/cm31MAY2018bhav.csv.zip,2018-05-31,99d58a092e6e4113db992403ce1a79a1cf396e12427cc6bd13cc35c34843f182,67898,historical NSE legacy equity bhavcopy,NSE download manifest
data/raw/bhavcopy_legacy/cm31MAY2019bhav.csv.zip,https://nsearchives.nseindia.com/content/historical/EQUITIES/2019/MAY/cm31MAY2019bhav.csv.zip,2019-05-31,ab3763e924c2da9f2b94d5000f90531dc77384fec74df74f57c9cc46ec65484c,69316,historical NSE legacy equity bhavcopy,NSE download manifest
data/raw/bhavcopy_legacy/cm31MAY2021bhav.csv.zip,https://nsearchives.nseindia.com/content/historical/EQUITIES/2021/MAY/cm31MAY2021bhav.csv.zip,2021-05-31,8deaba936c84e196948296a63a7dc64f5c729fa7dff1c91fa1f95c6f3804e28b,78063,historical NSE legacy equity bhavcopy,NSE download manifest
data/raw/bhavcopy_legacy/cm31MAY2022bhav.csv.zip,https://nsearchives.nseindia.com/content/historical/EQUITIES/2022/MAY/cm31MAY2022bhav.csv.zip,2022-05-31,33fe7238531f99d5631b2fb0cedc34c9142f4c7de4d45bb5a4e91efe940d0294,82709,historical NSE legacy equity bhavcopy,NSE download manifest
data/raw/bhavcopy_legacy/cm31MAY2023bhav.csv.zip,https://nsearchives.nseindia.com/content/historical/EQUITIES/2023/MAY/cm31MAY2023bhav.csv.zip,2023-05-31,b6507d65479b2fafb8a4d74da9c3149a931a470434d23dcb1632001979f3278c,89272,historical NSE legacy equity bhavcopy,NSE download manifest
data/raw/bhavcopy_legacy/cm31MAY2024bhav.csv.zip,https://nsearchives.nseindia.com/content/historical/EQUITIES/2024/MAY/cm31MAY2024bhav.csv.zip,2024-05-31,485b460621f7af3733a2ea22b296fbd1597d462fdc75a08c4e4bad30a3dfaf1e,103574,historical NSE legacy equity bhavcopy,NSE download manifest
data/raw/bhavcopy_legacy/cm31OCT2013bhav.csv.zip,https://nsearchives.nseindia.com/content/historical/EQUITIES/2013/OCT/cm31OCT2013bhav.csv.zip,2013-10-31,e46c0e79d40119fae76e44c00387f0264df3c262d478c7d3560c01c875d124b1,49594,historical NSE legacy equity bhavcopy,NSE download manifest
data/raw/bhavcopy_legacy/cm31OCT2014bhav.csv.zip,https://nsearchives.nseindia.com/content/historical/EQUITIES/2014/OCT/cm31OCT2014bhav.csv.zip,2014-10-31,247364f5d5126f78b2832251305aed18c3576802ac56b22a30b8af355247a58e,58522,historical NSE legacy equity bhavcopy,NSE download manifest
data/raw/bhavcopy_legacy/cm31OCT2017bhav.csv.zip,https://nsearchives.nseindia.com/content/historical/EQUITIES/2017/OCT/cm31OCT2017bhav.csv.zip,2017-10-31,cafa4211c8a6cae844228b72d6c91a0eb83a07e058ce170fe5510b065e0f5981,67338,historical NSE legacy equity bhavcopy,NSE download manifest
data/raw/bhavcopy_legacy/cm31OCT2018bhav.csv.zip,https://nsearchives.nseindia.com/content/historical/EQUITIES/2018/OCT/cm31OCT2018bhav.csv.zip,2018-10-31,d97117dae7cda519b102025a7767d3738ba02b151fde21b6c6f54953beb37668,68166,historical NSE legacy equity bhavcopy,NSE download manifest
data/raw/bhavcopy_legacy/cm31OCT2019bhav.csv.zip,https://nsearchives.nseindia.com/content/historical/EQUITIES/2019/OCT/cm31OCT2019bhav.csv.zip,2019-10-31,c4327f4b639fc4824d37476b504664d983a5544ab7379c757a68f2272f47c350,69168,historical NSE legacy equity bhavcopy,NSE download manifest
data/raw/bhavcopy_legacy/cm31OCT2022bhav.csv.zip,https://nsearchives.nseindia.com/content/historical/EQUITIES/2022/OCT/cm31OCT2022bhav.csv.zip,2022-10-31,a6e9f494b69e249c08952b9fa173d01106b7b9801059dec7ffcaf3eb449bdf60,87892,historical NSE legacy equity bhavcopy,NSE download manifest
data/raw/bhavcopy_legacy/cm31OCT2023bhav.csv.zip,https://nsearchives.nseindia.com/content/historical/EQUITIES/2023/OCT/cm31OCT2023bhav.csv.zip,2023-10-31,c704c1aa27c5ac0467ffab7db71ebcbc1f71d23d712dcf744e4fa18917f96d07,95308,historical NSE legacy equity bhavcopy,NSE download manifest
data/raw/bhavcopy_udiff/BhavCopy_NSE_CM_0_0_0_20240708_F_0000.csv.zip,https://nsearchives.nseindia.com/content/cm/BhavCopy_NSE_CM_0_0_0_20240708_F_0000.csv.zip,2024-07-08,0ef55b77c30c8a57d5451cd371424242ad515f708630736ea6dc44c38d6e1e85,166236,historical NSE UDIFF equity bhavcopy,NSE download manifest
data/raw/bhavcopy_udiff/BhavCopy_NSE_CM_0_0_0_20240709_F_0000.csv.zip,https://nsearchives.nseindia.com/content/cm/BhavCopy_NSE_CM_0_0_0_20240709_F_0000.csv.zip,2024-07-09,dc4ccdcf21a9d8164966d6ad481855ad2c592c25a744adc069c85709bd2e6afe,164847,historical NSE UDIFF equity bhavcopy,NSE download manifest
data/raw/bhavcopy_udiff/BhavCopy_NSE_CM_0_0_0_20240710_F_0000.csv.zip,https://nsearchives.nseindia.com/content/cm/BhavCopy_NSE_CM_0_0_0_20240710_F_0000.csv.zip,2024-07-10,9745085de77cd8be9cdeb4892a4f731c102157949c8e39a33bb1b2106c5bd2b5,166222,historical NSE UDIFF equity bhavcopy,NSE download manifest
data/raw/bhavcopy_udiff/BhavCopy_NSE_CM_0_0_0_20240711_F_0000.csv.zip,https://nsearchives.nseindia.com/content/cm/BhavCopy_NSE_CM_0_0_0_20240711_F_0000.csv.zip,2024-07-11,3c61374a25b90ad2161a339e6a71150c90c05a6b196d5394e2b82bdbdfaeb6e1,163400,historical NSE UDIFF equity bhavcopy,NSE download manifest
data/raw/bhavcopy_udiff/BhavCopy_NSE_CM_0_0_0_20240712_F_0000.csv.zip,https://nsearchives.nseindia.com/content/cm/BhavCopy_NSE_CM_0_0_0_20240712_F_0000.csv.zip,2024-07-12,621facc18c8be9854bec19658725c923e0288b0336f8aee8706b279815ae1023,163668,historical NSE UDIFF equity bhavcopy,NSE download manifest
data/raw/bhavcopy_udiff/BhavCopy_NSE_CM_0_0_0_20240715_F_0000.csv.zip,https://nsearchives.nseindia.com/content/cm/BhavCopy_NSE_CM_0_0_0_20240715_F_0000.csv.zip,2024-07-15,0b1644a626251c5f104f392745ef1ad1019c62099d53b7d1645c5902ad145f22,166742,historical NSE UDIFF equity bhavcopy,NSE download manifest
data/raw/bhavcopy_udiff/BhavCopy_NSE_CM_0_0_0_20240716_F_0000.csv.zip,https://nsearchives.nseindia.com/content/cm/BhavCopy_NSE_CM_0_0_0_20240716_F_0000.csv.zip,2024-07-16,aeb983164d83d827e9c50aa79a83e2653d16f3e6ebc5d556c752a36fa2898f04,163666,historical NSE UDIFF equity bhavcopy,NSE download manifest
data/raw/bhavcopy_udiff/BhavCopy_NSE_CM_0_0_0_20240718_F_0000.csv.zip,https://nsearchives.nseindia.com/content/cm/BhavCopy_NSE_CM_0_0_0_20240718_F_0000.csv.zip,2024-07-18,1d99c67f30c7294a932d66fd9b6b4a5e20b4e96b4f05d722001d044631067964,164896,historical NSE UDIFF equity bhavcopy,NSE download manifest
data/raw/bhavcopy_udiff/BhavCopy_NSE_CM_0_0_0_20240719_F_0000.csv.zip,https://nsearchives.nseindia.com/content/cm/BhavCopy_NSE_CM_0_0_0_20240719_F_0000.csv.zip,2024-07-19,944bd6756ef7b41315cb2c82f1eaa582388fa2b07d44d17cf8a12fbadb54b245,163712,historical NSE UDIFF equity bhavcopy,NSE download manifest
data/raw/bhavcopy_udiff/BhavCopy_NSE_CM_0_0_0_20240722_F_0000.csv.zip,https://nsearchives.nseindia.com/content/cm/BhavCopy_NSE_CM_0_0_0_20240722_F_0000.csv.zip,2024-07-22,3e6939885bb3791e8a912d08b4b7ced676e2cbb382369520e9790ad69a89a425,165689,historical NSE UDIFF equity bhavcopy,NSE download manifest
data/raw/bhavcopy_udiff/BhavCopy_NSE_CM_0_0_0_20240723_F_0000.csv.zip,https://nsearchives.nseindia.com/content/cm/BhavCopy_NSE_CM_0_0_0_20240723_F_0000.csv.zip,2024-07-23,6e7b99b88b177c13b381f3e1653722e44fad75c3d1d5c987c75701196dbf5d7a,165041,historical NSE UDIFF equity bhavcopy,NSE download manifest
data/raw/bhavcopy_udiff/BhavCopy_NSE_CM_0_0_0_20240724_F_0000.csv.zip,https://nsearchives.nseindia.com/content/cm/BhavCopy_NSE_CM_0_0_0_20240724_F_0000.csv.zip,2024-07-24,f122b216dc1f8b9d621d2657c6e27d52619dc12ae0024d46c1b23bc831b1f0b7,163018,historical NSE UDIFF equity bhavcopy,NSE download manifest
data/raw/bhavcopy_udiff/BhavCopy_NSE_CM_0_0_0_20240725_F_0000.csv.zip,https://nsearchives.nseindia.com/content/cm/BhavCopy_NSE_CM_0_0_0_20240725_F_0000.csv.zip,2024-07-25,0436e50418b5b373d05c02d15e48ed4438238b70b3641a894b24f2aa2ea5f51a,163358,historical NSE UDIFF equity bhavcopy,NSE download manifest
data/raw/bhavcopy_udiff/BhavCopy_NSE_CM_0_0_0_20240726_F_0000.csv.zip,https://nsearchives.nseindia.com/content/cm/BhavCopy_NSE_CM_0_0_0_20240726_F_0000.csv.zip,2024-07-26,d2efcdc5c292ff75c473a365f42b3e86554662b5cb89164a480b0d5d388d9e0f,163900,historical NSE UDIFF equity bhavcopy,NSE download manifest
data/raw/bhavcopy_udiff/BhavCopy_NSE_CM_0_0_0_20240729_F_0000.csv.zip,https://nsearchives.nseindia.com/content/cm/BhavCopy_NSE_CM_0_0_0_20240729_F_0000.csv.zip,2024-07-29,68685c0f743e8ce4e1bd146c5ae410bd7ab4df4e28641097fc7b57d4d490d636,166928,historical NSE UDIFF equity bhavcopy,NSE download manifest
data/raw/bhavcopy_udiff/BhavCopy_NSE_CM_0_0_0_20240730_F_0000.csv.zip,https://nsearchives.nseindia.com/content/cm/BhavCopy_NSE_CM_0_0_0_20240730_F_0000.csv.zip,2024-07-30,ef641445c5068ef92d423698c9a2a62e20aa33ad351411f92f7a5214b7c168f7,164868,historical NSE UDIFF equity bhavcopy,NSE download manifest
data/raw/bhavcopy_udiff/BhavCopy_NSE_CM_0_0_0_20240731_F_0000.csv.zip,https://nsearchives.nseindia.com/content/cm/BhavCopy_NSE_CM_0_0_0_20240731_F_0000.csv.zip,2024-07-31,be2413d5fe01b3475816e3bb54bc746395d8463f611aa35b0f0ec2236973b7dd,165268,historical NSE UDIFF equity bhavcopy,NSE download manifest
data/raw/bhavcopy_udiff/BhavCopy_NSE_CM_0_0_0_20240801_F_0000.csv.zip,https://nsearchives.nseindia.com/content/cm/BhavCopy_NSE_CM_0_0_0_20240801_F_0000.csv.zip,2024-08-01,5021dabff197d0e8c3939eff10e2a09e540c7c3e60e61164a34293ab970ac94c,165750,historical NSE UDIFF equity bhavcopy,NSE download manifest
data/raw/bhavcopy_udiff/BhavCopy_NSE_CM_0_0_0_20240802_F_0000.csv.zip,https://nsearchives.nseindia.com/content/cm/BhavCopy_NSE_CM_0_0_0_20240802_F_0000.csv.zip,2024-08-02,3edd242d6adead08a5d4407b35082f118af4a9359a29365a8e697a5fd4a19cfb,163928,historical NSE UDIFF equity bhavcopy,NSE download manifest
data/raw/bhavcopy_udiff/BhavCopy_NSE_CM_0_0_0_20240805_F_0000.csv.zip,https://nsearchives.nseindia.com/content/cm/BhavCopy_NSE_CM_0_0_0_20240805_F_0000.csv.zip,2024-08-05,1a0bf2364ca81c4ca493495f2472dc7c77e7a5e35b339dcf90326fade6462597,168785,historical NSE UDIFF equity bhavcopy,NSE download manifest
data/raw/bhavcopy_udiff/BhavCopy_NSE_CM_0_0_0_20240806_F_0000.csv.zip,https://nsearchives.nseindia.com/content/cm/BhavCopy_NSE_CM_0_0_0_20240806_F_0000.csv.zip,2024-08-06,dd92b5bd414c4245c033b071c185c679ec9403efa586071552d489f30a8ef463,166738,historical NSE UDIFF equity bhavcopy,NSE download manifest
data/raw/bhavcopy_udiff/BhavCopy_NSE_CM_0_0_0_20240807_F_0000.csv.zip,https://nsearchives.nseindia.com/content/cm/BhavCopy_NSE_CM_0_0_0_20240807_F_0000.csv.zip,2024-08-07,74f5be6991a727fb66132c92331391ab4af31f36ed307a65202fcaeb3a1fdd6f,165818,historical NSE UDIFF equity bhavcopy,NSE download manifest
data/raw/bhavcopy_udiff/BhavCopy_NSE_CM_0_0_0_20240808_F_0000.csv.zip,https://nsearchives.nseindia.com/content/cm/BhavCopy_NSE_CM_0_0_0_20240808_F_0000.csv.zip,2024-08-08,0fc4c45394f7ae6b59012c9345403c4284fd41321741bcc54972836e0e6c6954,164413,historical NSE UDIFF equity bhavcopy,NSE download manifest
data/raw/bhavcopy_udiff/BhavCopy_NSE_CM_0_0_0_20240809_F_0000.csv.zip,https://nsearchives.nseindia.com/content/cm/BhavCopy_NSE_CM_0_0_0_20240809_F_0000.csv.zip,2024-08-09,c1701538dd88007f00d132843dcd672d0212c5de3e4d5492a8cf62be0d9e5a44,164032,historical NSE UDIFF equity bhavcopy,NSE download manifest
data/raw/bhavcopy_udiff/BhavCopy_NSE_CM_0_0_0_20240812_F_0000.csv.zip,https://nsearchives.nseindia.com/content/cm/BhavCopy_NSE_CM_0_0_0_20240812_F_0000.csv.zip,2024-08-12,f1d6243d432e58fd72ab6b96233cca9e2098ee846ee149ec2d8408703f91aef2,166879,historical NSE UDIFF equity bhavcopy,NSE download manifest
data/raw/bhavcopy_udiff/BhavCopy_NSE_CM_0_0_0_20240813_F_0000.csv.zip,https://nsearchives.nseindia.com/content/cm/BhavCopy_NSE_CM_0_0_0_20240813_F_0000.csv.zip,2024-08-13,f06a67d8dc03ce1db107a4e1a5fe0d06cd7d6fba2ee183f643407a0ca5f7f928,166042,historical NSE UDIFF equity bhavcopy,NSE download manifest
data/raw/bhavcopy_udiff/BhavCopy_NSE_CM_0_0_0_20240814_F_0000.csv.zip,https://nsearchives.nseindia.com/content/cm/BhavCopy_NSE_CM_0_0_0_20240814_F_0000.csv.zip,2024-08-14,caa78c6402e1a036504aab6a8018155b762ffb3ccce4d4c1c4e92bcc4997ac7f,164863,historical NSE UDIFF equity bhavcopy,NSE download manifest
data/raw/bhavcopy_udiff/BhavCopy_NSE_CM_0_0_0_20240816_F_0000.csv.zip,https://nsearchives.nseindia.com/content/cm/BhavCopy_NSE_CM_0_0_0_20240816_F_0000.csv.zip,2024-08-16,f9a66a429c2100410827687df8514c157093557de3e07a183ccfebb8134fe84a,164712,historical NSE UDIFF equity bhavcopy,NSE download manifest
data/raw/bhavcopy_udiff/BhavCopy_NSE_CM_0_0_0_20240819_F_0000.csv.zip,https://nsearchives.nseindia.com/content/cm/BhavCopy_NSE_CM_0_0_0_20240819_F_0000.csv.zip,2024-08-19,f4d760d28163e9af3c8a917ded7c6fe23b05039e045f81fe005f089be9d5979e,166699,historical NSE UDIFF equity bhavcopy,NSE download manifest
data/raw/bhavcopy_udiff/BhavCopy_NSE_CM_0_0_0_20240820_F_0000.csv.zip,https://nsearchives.nseindia.com/content/cm/BhavCopy_NSE_CM_0_0_0_20240820_F_0000.csv.zip,2024-08-20,e7dadd5db6e4669d5f501c7979e8c1b2a0dcaeed64e1d2f689621965a2b1feb5,165485,historical NSE UDIFF equity bhavcopy,NSE download manifest
data/raw/bhavcopy_udiff/BhavCopy_NSE_CM_0_0_0_20240821_F_0000.csv.zip,https://nsearchives.nseindia.com/content/cm/BhavCopy_NSE_CM_0_0_0_20240821_F_0000.csv.zip,2024-08-21,9cd053e6f1ba37fd833085a083b53c4fba6525da716cd27400d0f5552904b309,165365,historical NSE UDIFF equity bhavcopy,NSE download manifest
data/raw/bhavcopy_udiff/BhavCopy_NSE_CM_0_0_0_20240822_F_0000.csv.zip,https://nsearchives.nseindia.com/content/cm/BhavCopy_NSE_CM_0_0_0_20240822_F_0000.csv.zip,2024-08-22,c4f48844842cf92d5de87ca6683df86e14c165ab1e056be75e93e6a57b2482f8,167088,historical NSE UDIFF equity bhavcopy,NSE download manifest
data/raw/bhavcopy_udiff/BhavCopy_NSE_CM_0_0_0_20240823_F_0000.csv.zip,https://nsearchives.nseindia.com/content/cm/BhavCopy_NSE_CM_0_0_0_20240823_F_0000.csv.zip,2024-08-23,b0187c27c6fb8a0ad77a67a56a294e718f2ab1cdd10c6c40e9ed58b0b523b27c,165512,historical NSE UDIFF equity bhavcopy,NSE download manifest
data/raw/bhavcopy_udiff/BhavCopy_NSE_CM_0_0_0_20240826_F_0000.csv.zip,https://nsearchives.nseindia.com/content/cm/BhavCopy_NSE_CM_0_0_0_20240826_F_0000.csv.zip,2024-08-26,6516e9919865f65944b369777fe625307c6f2b08eee2cc60d05374f40238e29c,169361,historical NSE UDIFF equity bhavcopy,NSE download manifest
data/raw/bhavcopy_udiff/BhavCopy_NSE_CM_0_0_0_20240827_F_0000.csv.zip,https://nsearchives.nseindia.com/content/cm/BhavCopy_NSE_CM_0_0_0_20240827_F_0000.csv.zip,2024-08-27,d9901d06d9468c17a64a28bb617c2314dfed2d9d9d2c1c27494ed46b72caaf93,166448,historical NSE UDIFF equity bhavcopy,NSE download manifest
data/raw/bhavcopy_udiff/BhavCopy_NSE_CM_0_0_0_20240828_F_0000.csv.zip,https://nsearchives.nseindia.com/content/cm/BhavCopy_NSE_CM_0_0_0_20240828_F_0000.csv.zip,2024-08-28,9908e92fe5e6ccd0167ec88a6d3b6a399d3522297d17431fe81dd1e86b5bb7a3,166319,historical NSE UDIFF equity bhavcopy,NSE download manifest
data/raw/bhavcopy_udiff/BhavCopy_NSE_CM_0_0_0_20240829_F_0000.csv.zip,https://nsearchives.nseindia.com/content/cm/BhavCopy_NSE_CM_0_0_0_20240829_F_0000.csv.zip,2024-08-29,50882bac240cdb00e1dd1ce79d36d9b8fdb24ae311de4ace474445fad72aed48,166394,historical NSE UDIFF equity bhavcopy,NSE download manifest
data/raw/bhavcopy_udiff/BhavCopy_NSE_CM_0_0_0_20240830_F_0000.csv.zip,https://nsearchives.nseindia.com/content/cm/BhavCopy_NSE_CM_0_0_0_20240830_F_0000.csv.zip,2024-08-30,99f6af5496f4b6f4ba746b55e28e26635e91e88338f93a3c0bda43bfc1c16926,165834,historical NSE UDIFF equity bhavcopy,NSE download manifest
data/raw/bhavcopy_udiff/BhavCopy_NSE_CM_0_0_0_20240902_F_0000.csv.zip,https://nsearchives.nseindia.com/content/cm/BhavCopy_NSE_CM_0_0_0_20240902_F_0000.csv.zip,2024-09-02,7e2772ff4c1ff3fe8ac0a75588a8137eb53d19bb790fe2dc375891039976164e,169761,historical NSE UDIFF equity bhavcopy,NSE download manifest
data/raw/bhavcopy_udiff/BhavCopy_NSE_CM_0_0_0_20240903_F_0000.csv.zip,https://nsearchives.nseindia.com/content/cm/BhavCopy_NSE_CM_0_0_0_20240903_F_0000.csv.zip,2024-09-03,15a89fea16effac5eea84be6e536b576aaee7b5b6a0ee33f7c0d6ea86d15f0ce,166857,historical NSE UDIFF equity bhavcopy,NSE download manifest
data/raw/bhavcopy_udiff/BhavCopy_NSE_CM_0_0_0_20240904_F_0000.csv.zip,https://nsearchives.nseindia.com/content/cm/BhavCopy_NSE_CM_0_0_0_20240904_F_0000.csv.zip,2024-09-04,fd0874cecdf4ed64be04c97d506db21a39232a726070455c1d27355410d78f34,165765,historical NSE UDIFF equity bhavcopy,NSE download manifest
data/raw/bhavcopy_udiff/BhavCopy_NSE_CM_0_0_0_20240905_F_0000.csv.zip,https://nsearchives.nseindia.com/content/cm/BhavCopy_NSE_CM_0_0_0_20240905_F_0000.csv.zip,2024-09-05,36b862afb94e46c925155f1d798b324183b16b9ad6497b74b018c8206c4aec3e,165683,historical NSE UDIFF equity bhavcopy,NSE download manifest
data/raw/bhavcopy_udiff/BhavCopy_NSE_CM_0_0_0_20240906_F_0000.csv.zip,https://nsearchives.nseindia.com/content/cm/BhavCopy_NSE_CM_0_0_0_20240906_F_0000.csv.zip,2024-09-06,e496e85fce15c9f5c1d5b1e55e9bb03f643c6a8099c3bc3e66e883b93c4d5752,166933,historical NSE UDIFF equity bhavcopy,NSE download manifest
data/raw/bhavcopy_udiff/BhavCopy_NSE_CM_0_0_0_20240909_F_0000.csv.zip,https://nsearchives.nseindia.com/content/cm/BhavCopy_NSE_CM_0_0_0_20240909_F_0000.csv.zip,2024-09-09,b6e7494a4dcd37a4773ad96662fa9042c2874f89715fb48672dfb5498d483ca9,168988,historical NSE UDIFF equity bhavcopy,NSE download manifest
data/raw/bhavcopy_udiff/BhavCopy_NSE_CM_0_0_0_20240910_F_0000.csv.zip,https://nsearchives.nseindia.com/content/cm/BhavCopy_NSE_CM_0_0_0_20240910_F_0000.csv.zip,2024-09-10,4e9c285e5ab2c6060bde4b836cf5f91b4ff5f8091f516fbcd4492821a8fe82b1,166370,historical NSE UDIFF equity bhavcopy,NSE download manifest
data/raw/bhavcopy_udiff/BhavCopy_NSE_CM_0_0_0_20240911_F_0000.csv.zip,https://nsearchives.nseindia.com/content/cm/BhavCopy_NSE_CM_0_0_0_20240911_F_0000.csv.zip,2024-09-11,be1ba213b1a938366dd947f8ed245c40ec4645699d2c19cea4b3d1634a873cf8,167062,historical NSE UDIFF equity bhavcopy,NSE download manifest
data/raw/bhavcopy_udiff/BhavCopy_NSE_CM_0_0_0_20240912_F_0000.csv.zip,https://nsearchives.nseindia.com/content/cm/BhavCopy_NSE_CM_0_0_0_20240912_F_0000.csv.zip,2024-09-12,3915bf76b91a93cf4a9df5ea27c0dae9bdc358934934fa9d9ccd46b62ed740fd,166290,historical NSE UDIFF equity bhavcopy,NSE download manifest
data/raw/bhavcopy_udiff/BhavCopy_NSE_CM_0_0_0_20240913_F_0000.csv.zip,https://nsearchives.nseindia.com/content/cm/BhavCopy_NSE_CM_0_0_0_20240913_F_0000.csv.zip,2024-09-13,3f487c9b93a5cd050099ed77b6d089bd8fe32f5413da11f3f152d737627c4d0c,169027,historical NSE UDIFF equity bhavcopy,NSE download manifest
data/raw/bhavcopy_udiff/BhavCopy_NSE_CM_0_0_0_20240916_F_0000.csv.zip,https://nsearchives.nseindia.com/content/cm/BhavCopy_NSE_CM_0_0_0_20240916_F_0000.csv.zip,2024-09-16,c0ee951905d113af74f36e3bb95f6777f3463b9e593760038a9f05c783131742,170322,historical NSE UDIFF equity bhavcopy,NSE download manifest
data/raw/bhavcopy_udiff/BhavCopy_NSE_CM_0_0_0_20240917_F_0000.csv.zip,https://nsearchives.nseindia.com/content/cm/BhavCopy_NSE_CM_0_0_0_20240917_F_0000.csv.zip,2024-09-17,e637a4aeb1120ef0336be3dbb61fbb8fa2639916782ac913cb2012d8c8b99967,168796,historical NSE UDIFF equity bhavcopy,NSE download manifest
data/raw/bhavcopy_udiff/BhavCopy_NSE_CM_0_0_0_20240918_F_0000.csv.zip,https://nsearchives.nseindia.com/content/cm/BhavCopy_NSE_CM_0_0_0_20240918_F_0000.csv.zip,2024-09-18,e82bcb5e22ac2866e7ad40495785356c57754be712f677086bbbade0ec394c1d,168803,historical NSE UDIFF equity bhavcopy,NSE download manifest
data/raw/bhavcopy_udiff/BhavCopy_NSE_CM_0_0_0_20240919_F_0000.csv.zip,https://nsearchives.nseindia.com/content/cm/BhavCopy_NSE_CM_0_0_0_20240919_F_0000.csv.zip,2024-09-19,87d7dbeb7c484a77889059edd7c832a1129b040ee75362a8a287f17aad3c8b6e,169908,historical NSE UDIFF equity bhavcopy,NSE download manifest
data/raw/bhavcopy_udiff/BhavCopy_NSE_CM_0_0_0_20240920_F_0000.csv.zip,https://nsearchives.nseindia.com/content/cm/BhavCopy_NSE_CM_0_0_0_20240920_F_0000.csv.zip,2024-09-20,5184cd9d0c8f8e2da0499a79f92605b37dbd60a6f76379c9f7dbfdf26857513e,168504,historical NSE UDIFF equity bhavcopy,NSE download manifest
data/raw/bhavcopy_udiff/BhavCopy_NSE_CM_0_0_0_20240923_F_0000.csv.zip,https://nsearchives.nseindia.com/content/cm/BhavCopy_NSE_CM_0_0_0_20240923_F_0000.csv.zip,2024-09-23,261270296e3bf67bd3232aa9f125c888f03de86fb92e5ebf24573d5f876a3b69,170602,historical NSE UDIFF equity bhavcopy,NSE download manifest
data/raw/bhavcopy_udiff/BhavCopy_NSE_CM_0_0_0_20240924_F_0000.csv.zip,https://nsearchives.nseindia.com/content/cm/BhavCopy_NSE_CM_0_0_0_20240924_F_0000.csv.zip,2024-09-24,03dcf23a63f910923c55586748c5a13f81547afff21235f02f7bcec8987deb8c,169536,historical NSE UDIFF equity bhavcopy,NSE download manifest
data/raw/bhavcopy_udiff/BhavCopy_NSE_CM_0_0_0_20240925_F_0000.csv.zip,https://nsearchives.nseindia.com/content/cm/BhavCopy_NSE_CM_0_0_0_20240925_F_0000.csv.zip,2024-09-25,5a9fb7f1213bf48428a02f666a2de7635b7526ee68310a920f3d2df457d7422d,169830,historical NSE UDIFF equity bhavcopy,NSE download manifest
data/raw/bhavcopy_udiff/BhavCopy_NSE_CM_0_0_0_20240926_F_0000.csv.zip,https://nsearchives.nseindia.com/content/cm/BhavCopy_NSE_CM_0_0_0_20240926_F_0000.csv.zip,2024-09-26,e02ef2a07c34dcd41e9d68167b2a9fb332dd78728ee14e38a3d3df6e5629bcf3,168759,historical NSE UDIFF equity bhavcopy,NSE download manifest
data/raw/bhavcopy_udiff/BhavCopy_NSE_CM_0_0_0_20240927_F_0000.csv.zip,https://nsearchives.nseindia.com/content/cm/BhavCopy_NSE_CM_0_0_0_20240927_F_0000.csv.zip,2024-09-27,62e1791bfbee9efa0e3960ce2a686e915e0bc8a0e0495bc51ee5a7e1f06f26c6,170616,historical NSE UDIFF equity bhavcopy,NSE download manifest
data/raw/bhavcopy_udiff/BhavCopy_NSE_CM_0_0_0_20240930_F_0000.csv.zip,https://nsearchives.nseindia.com/content/cm/BhavCopy_NSE_CM_0_0_0_20240930_F_0000.csv.zip,2024-09-30,15f46efae1d939cdac21ea5597f0df1b5b9efff439ba0148ed91c7127e29f607,170547,historical NSE UDIFF equity bhavcopy,NSE download manifest
data/raw/bhavcopy_udiff/BhavCopy_NSE_CM_0_0_0_20241001_F_0000.csv.zip,https://nsearchives.nseindia.com/content/cm/BhavCopy_NSE_CM_0_0_0_20241001_F_0000.csv.zip,2024-10-01,e35adb046b3f9257bd8fa6868431313f1e70b5ec89d786a61676375272dbd8ae,169301,historical NSE UDIFF equity bhavcopy,NSE download manifest
data/raw/bhavcopy_udiff/BhavCopy_NSE_CM_0_0_0_20241003_F_0000.csv.zip,https://nsearchives.nseindia.com/content/cm/BhavCopy_NSE_CM_0_0_0_20241003_F_0000.csv.zip,2024-10-03,fb36f9606ea447e372e69bad7a95888c778cbea843fdf36d11b8a05e71b17e31,171813,historical NSE UDIFF equity bhavcopy,NSE download manifest
data/raw/bhavcopy_udiff/BhavCopy_NSE_CM_0_0_0_20241004_F_0000.csv.zip,https://nsearchives.nseindia.com/content/cm/BhavCopy_NSE_CM_0_0_0_20241004_F_0000.csv.zip,2024-10-04,76aee8dca2672e2f63584964481c43d164e410da8188cee514e3887119c00119,172009,historical NSE UDIFF equity bhavcopy,NSE download manifest
data/raw/bhavcopy_udiff/BhavCopy_NSE_CM_0_0_0_20241007_F_0000.csv.zip,https://nsearchives.nseindia.com/content/cm/BhavCopy_NSE_CM_0_0_0_20241007_F_0000.csv.zip,2024-10-07,91f2bf17ccc38ef765ae81d7455a85fc1645a0e3451a0b2c09bc65457b921757,173090,historical NSE UDIFF equity bhavcopy,NSE download manifest
data/raw/bhavcopy_udiff/BhavCopy_NSE_CM_0_0_0_20241008_F_0000.csv.zip,https://nsearchives.nseindia.com/content/cm/BhavCopy_NSE_CM_0_0_0_20241008_F_0000.csv.zip,2024-10-08,f27803106117bb9839a6b91c8cb230c24dcd10145819ec1680e6b0be57fb4f3d,169530,historical NSE UDIFF equity bhavcopy,NSE download manifest
data/raw/bhavcopy_udiff/BhavCopy_NSE_CM_0_0_0_20241009_F_0000.csv.zip,https://nsearchives.nseindia.com/content/cm/BhavCopy_NSE_CM_0_0_0_20241009_F_0000.csv.zip,2024-10-09,526f5d8b287dc2e6cf85ab164699aeb92c56bd780502609d9905d3681c2eb365,168471,historical NSE UDIFF equity bhavcopy,NSE download manifest
data/raw/bhavcopy_udiff/BhavCopy_NSE_CM_0_0_0_20241010_F_0000.csv.zip,https://nsearchives.nseindia.com/content/cm/BhavCopy_NSE_CM_0_0_0_20241010_F_0000.csv.zip,2024-10-10,85f776a901c09998c4387fbaba71e11cbc1332985c91515de2a789cb4f34a62b,168315,historical NSE UDIFF equity bhavcopy,NSE download manifest
data/raw/bhavcopy_udiff/BhavCopy_NSE_CM_0_0_0_20241011_F_0000.csv.zip,https://nsearchives.nseindia.com/content/cm/BhavCopy_NSE_CM_0_0_0_20241011_F_0000.csv.zip,2024-10-11,f6cafdb525f9b8762bd5c2e94d298886b8f0ab16b18097e0239c87b56945f8e2,167168,historical NSE UDIFF equity bhavcopy,NSE download manifest
data/raw/bhavcopy_udiff/BhavCopy_NSE_CM_0_0_0_20241014_F_0000.csv.zip,https://nsearchives.nseindia.com/content/cm/BhavCopy_NSE_CM_0_0_0_20241014_F_0000.csv.zip,2024-10-14,f39810acd875898f578bbd17197b625c13a7376ec9a6cf57470f912343544e40,169562,historical NSE UDIFF equity bhavcopy,NSE download manifest
data/raw/bhavcopy_udiff/BhavCopy_NSE_CM_0_0_0_20241015_F_0000.csv.zip,https://nsearchives.nseindia.com/content/cm/BhavCopy_NSE_CM_0_0_0_20241015_F_0000.csv.zip,2024-10-15,4e788e8eb4ec0a75909e05695de5df7c2003b1f065a3da4791d0e31e8fffc751,168575,historical NSE UDIFF equity bhavcopy,NSE download manifest
data/raw/bhavcopy_udiff/BhavCopy_NSE_CM_0_0_0_20241016_F_0000.csv.zip,https://nsearchives.nseindia.com/content/cm/BhavCopy_NSE_CM_0_0_0_20241016_F_0000.csv.zip,2024-10-16,70cab964ca3d23cff12428b0e6221c62df17ab2dce37deba2f126624a30d0d4c,168773,historical NSE UDIFF equity bhavcopy,NSE download manifest
data/raw/bhavcopy_udiff/BhavCopy_NSE_CM_0_0_0_20241017_F_0000.csv.zip,https://nsearchives.nseindia.com/content/cm/BhavCopy_NSE_CM_0_0_0_20241017_F_0000.csv.zip,2024-10-17,65ab38dcbe62f183da1e613f21c57341b3fe71e99db86e4e73ae93e61f1622c0,166879,historical NSE UDIFF equity bhavcopy,NSE download manifest
data/raw/bhavcopy_udiff/BhavCopy_NSE_CM_0_0_0_20241018_F_0000.csv.zip,https://nsearchives.nseindia.com/content/cm/BhavCopy_NSE_CM_0_0_0_20241018_F_0000.csv.zip,2024-10-18,e4c841fe34ecbd4e2c2b498c9bbc0c6a54f397e2f1c7c3aea458a1ece73af4ed,167701,historical NSE UDIFF equity bhavcopy,NSE download manifest
data/raw/bhavcopy_udiff/BhavCopy_NSE_CM_0_0_0_20241021_F_0000.csv.zip,https://nsearchives.nseindia.com/content/cm/BhavCopy_NSE_CM_0_0_0_20241021_F_0000.csv.zip,2024-10-21,7a1e6997df731cf1411fd5d120ca50fbdcd4ce39ba9a8d4d91c067f02f43a607,170586,historical NSE UDIFF equity bhavcopy,NSE download manifest
data/raw/bhavcopy_udiff/BhavCopy_NSE_CM_0_0_0_20241022_F_0000.csv.zip,https://nsearchives.nseindia.com/content/cm/BhavCopy_NSE_CM_0_0_0_20241022_F_0000.csv.zip,2024-10-22,7c1a8f7930268522dbea1dc6290ee497e0674513f1bb8ad7fb0fb7f5429057bb,171414,historical NSE UDIFF equity bhavcopy,NSE download manifest
data/raw/bhavcopy_udiff/BhavCopy_NSE_CM_0_0_0_20241023_F_0000.csv.zip,https://nsearchives.nseindia.com/content/cm/BhavCopy_NSE_CM_0_0_0_20241023_F_0000.csv.zip,2024-10-23,c9b6fb5523f6ae1c06f6dd6fba67705455a70d520fa274fef1778f54029f4ed2,168555,historical NSE UDIFF equity bhavcopy,NSE download manifest
data/raw/bhavcopy_udiff/BhavCopy_NSE_CM_0_0_0_20241024_F_0000.csv.zip,https://nsearchives.nseindia.com/content/cm/BhavCopy_NSE_CM_0_0_0_20241024_F_0000.csv.zip,2024-10-24,5405dd47601b592ecd3d1d7612dafed7a8ed133684669753ab89dcacda89fdd3,166413,historical NSE UDIFF equity bhavcopy,NSE download manifest
data/raw/bhavcopy_udiff/BhavCopy_NSE_CM_0_0_0_20241025_F_0000.csv.zip,https://nsearchives.nseindia.com/content/cm/BhavCopy_NSE_CM_0_0_0_20241025_F_0000.csv.zip,2024-10-25,1bffc104f8ab173eac972d0ef4a14dd609eb3e54138dac547817d8a6659b7e6c,170963,historical NSE UDIFF equity bhavcopy,NSE download manifest
data/raw/bhavcopy_udiff/BhavCopy_NSE_CM_0_0_0_20241028_F_0000.csv.zip,https://nsearchives.nseindia.com/content/cm/BhavCopy_NSE_CM_0_0_0_20241028_F_0000.csv.zip,2024-10-28,d7864c97d02bdbbcf25c7d33cdaa3bf1575808ebaa3d5b64a25b9cff05320c37,171202,historical NSE UDIFF equity bhavcopy,NSE download manifest
data/raw/bhavcopy_udiff/BhavCopy_NSE_CM_0_0_0_20241029_F_0000.csv.zip,https://nsearchives.nseindia.com/content/cm/BhavCopy_NSE_CM_0_0_0_20241029_F_0000.csv.zip,2024-10-29,c3ad7971fc38c210c8dcbb26ee754b2ea894e1885d1db9ca07bdea9943e7ef7f,168072,historical NSE UDIFF equity bhavcopy,NSE download manifest
data/raw/bhavcopy_udiff/BhavCopy_NSE_CM_0_0_0_20241030_F_0000.csv.zip,https://nsearchives.nseindia.com/content/cm/BhavCopy_NSE_CM_0_0_0_20241030_F_0000.csv.zip,2024-10-30,f77cb6942f893fdc2c7e91f071388106beeec278796da7829a9ab50422ff25ac,167203,historical NSE UDIFF equity bhavcopy,NSE download manifest
data/raw/bhavcopy_udiff/BhavCopy_NSE_CM_0_0_0_20241031_F_0000.csv.zip,https://nsearchives.nseindia.com/content/cm/BhavCopy_NSE_CM_0_0_0_20241031_F_0000.csv.zip,2024-10-31,5572961ed0c4d71249d91153cf4acac0d452eecc4950d18fee72ddb8fa5101dd,166973,historical NSE UDIFF equity bhavcopy,NSE download manifest
data/raw/bhavcopy_udiff/BhavCopy_NSE_CM_0_0_0_20241101_F_0000.csv.zip,https://nsearchives.nseindia.com/content/cm/BhavCopy_NSE_CM_0_0_0_20241101_F_0000.csv.zip,2024-11-01,f45f1ee610a8b1f823682e0c19bb2a51286d11175eb4b0f1194318394cde9b7c,158887,historical NSE UDIFF equity bhavcopy,NSE download manifest
data/raw/bhavcopy_udiff/BhavCopy_NSE_CM_0_0_0_20241104_F_0000.csv.zip,https://nsearchives.nseindia.com/content/cm/BhavCopy_NSE_CM_0_0_0_20241104_F_0000.csv.zip,2024-11-04,605646b0caf2629b12f616d026da107be028382b2901e0ffed3050004ac30500,172289,historical NSE UDIFF equity bhavcopy,NSE download manifest
data/raw/bhavcopy_udiff/BhavCopy_NSE_CM_0_0_0_20241105_F_0000.csv.zip,https://nsearchives.nseindia.com/content/cm/BhavCopy_NSE_CM_0_0_0_20241105_F_0000.csv.zip,2024-11-05,b0f654f2e95d972bab274b329d455c0710dae094279e824746fd885c0d9c33e4,169802,historical NSE UDIFF equity bhavcopy,NSE download manifest
data/raw/bhavcopy_udiff/BhavCopy_NSE_CM_0_0_0_20241106_F_0000.csv.zip,https://nsearchives.nseindia.com/content/cm/BhavCopy_NSE_CM_0_0_0_20241106_F_0000.csv.zip,2024-11-06,e61cd61ab38e8766a652ddeb106c1d413dbe9a486fdbd26c7a6fe435caab869f,171573,historical NSE UDIFF equity bhavcopy,NSE download manifest
data/raw/bhavcopy_udiff/BhavCopy_NSE_CM_0_0_0_20241107_F_0000.csv.zip,https://nsearchives.nseindia.com/content/cm/BhavCopy_NSE_CM_0_0_0_20241107_F_0000.csv.zip,2024-11-07,c3c5a69556cab1863e0b4d6667783cfd129cebdd93fb58159360982ba9105c32,170340,historical NSE UDIFF equity bhavcopy,NSE download manifest
data/raw/bhavcopy_udiff/BhavCopy_NSE_CM_0_0_0_20241108_F_0000.csv.zip,https://nsearchives.nseindia.com/content/cm/BhavCopy_NSE_CM_0_0_0_20241108_F_0000.csv.zip,2024-11-08,732fb78e91a8e1744e6724be2c8c9ff4e71b25ad0b98ec8e4edadef757d50120,168487,historical NSE UDIFF equity bhavcopy,NSE download manifest
data/raw/bhavcopy_udiff/BhavCopy_NSE_CM_0_0_0_20241111_F_0000.csv.zip,https://nsearchives.nseindia.com/content/cm/BhavCopy_NSE_CM_0_0_0_20241111_F_0000.csv.zip,2024-11-11,523d3166dee574e26b2a7b873ca8b1bb9fa541c2804dfb13e487b69d3c1df829,171189,historical NSE UDIFF equity bhavcopy,NSE download manifest
data/raw/bhavcopy_udiff/BhavCopy_NSE_CM_0_0_0_20241112_F_0000.csv.zip,https://nsearchives.nseindia.com/content/cm/BhavCopy_NSE_CM_0_0_0_20241112_F_0000.csv.zip,2024-11-12,dacb107fc5c075997da4387ee5965d1053b701e9cb033a977afc113621d53f19,169144,historical NSE UDIFF equity bhavcopy,NSE download manifest
data/raw/bhavcopy_udiff/BhavCopy_NSE_CM_0_0_0_20241113_F_0000.csv.zip,https://nsearchives.nseindia.com/content/cm/BhavCopy_NSE_CM_0_0_0_20241113_F_0000.csv.zip,2024-11-13,f651d2bf8bdd052aa5ccd4bfe9b8dabd58a4fb2d8e02158167b856030b1ad4d9,169333,historical NSE UDIFF equity bhavcopy,NSE download manifest
data/raw/bhavcopy_udiff/BhavCopy_NSE_CM_0_0_0_20241114_F_0000.csv.zip,https://nsearchives.nseindia.com/content/cm/BhavCopy_NSE_CM_0_0_0_20241114_F_0000.csv.zip,2024-11-14,9418320c4a66269cc2ec6743d71226e4f55c6b72d53c140d9e2b4b7400fba1bd,169491,historical NSE UDIFF equity bhavcopy,NSE download manifest
data/raw/bhavcopy_udiff/BhavCopy_NSE_CM_0_0_0_20241118_F_0000.csv.zip,https://nsearchives.nseindia.com/content/cm/BhavCopy_NSE_CM_0_0_0_20241118_F_0000.csv.zip,2024-11-18,ef3f8bb00e3bdf0f9cd1c4781d6195687b7d85847b83fc0cf6bc431e4fd0daf6,172276,historical NSE UDIFF equity bhavcopy,NSE download manifest
data/raw/bhavcopy_udiff/BhavCopy_NSE_CM_0_0_0_20241119_F_0000.csv.zip,https://nsearchives.nseindia.com/content/cm/BhavCopy_NSE_CM_0_0_0_20241119_F_0000.csv.zip,2024-11-19,4e8173e21820169f5ed88e352c95f288d891caad3b07480f1337660ab048e7b5,169737,historical NSE UDIFF equity bhavcopy,NSE download manifest
data/raw/bhavcopy_udiff/BhavCopy_NSE_CM_0_0_0_20241121_F_0000.csv.zip,https://nsearchives.nseindia.com/content/cm/BhavCopy_NSE_CM_0_0_0_20241121_F_0000.csv.zip,2024-11-21,2dcc93cce6d1a34523817a78a26bf098fd46f5889f8f63457ed09c27bb7190e8,169822,historical NSE UDIFF equity bhavcopy,NSE download manifest
data/raw/bhavcopy_udiff/BhavCopy_NSE_CM_0_0_0_20241122_F_0000.csv.zip,https://nsearchives.nseindia.com/content/cm/BhavCopy_NSE_CM_0_0_0_20241122_F_0000.csv.zip,2024-11-22,164019d48aa4ae0ebbed5460470222bebbda2f6383fa4a8cb1e8268d134f1ccf,168953,historical NSE UDIFF equity bhavcopy,NSE download manifest
data/raw/bhavcopy_udiff/BhavCopy_NSE_CM_0_0_0_20241125_F_0000.csv.zip,https://nsearchives.nseindia.com/content/cm/BhavCopy_NSE_CM_0_0_0_20241125_F_0000.csv.zip,2024-11-25,11db5897db9ac33c970c4e7a78b3b1a7b4352e58a50f14022f61c06e62514a80,171368,historical NSE UDIFF equity bhavcopy,NSE download manifest
data/raw/bhavcopy_udiff/BhavCopy_NSE_CM_0_0_0_20241126_F_0000.csv.zip,https://nsearchives.nseindia.com/content/cm/BhavCopy_NSE_CM_0_0_0_20241126_F_0000.csv.zip,2024-11-26,230062f201485107ba9b1b9625228e1573c5cb15aaac33688d8dfc1b3d5c6afb,168718,historical NSE UDIFF equity bhavcopy,NSE download manifest
data/raw/bhavcopy_udiff/BhavCopy_NSE_CM_0_0_0_20241127_F_0000.csv.zip,https://nsearchives.nseindia.com/content/cm/BhavCopy_NSE_CM_0_0_0_20241127_F_0000.csv.zip,2024-11-27,fb65c9550fb664218f3b6d7b791fea62517b52893aa2d6a629e1f435e7b91990,169122,historical NSE UDIFF equity bhavcopy,NSE download manifest
data/raw/bhavcopy_udiff/BhavCopy_NSE_CM_0_0_0_20241128_F_0000.csv.zip,https://nsearchives.nseindia.com/content/cm/BhavCopy_NSE_CM_0_0_0_20241128_F_0000.csv.zip,2024-11-28,d9c0dce6fa57dfde1b7a4d7571bbee3a9b85f6d68dde8a769da878f983a8e079,169185,historical NSE UDIFF equity bhavcopy,NSE download manifest
data/raw/bhavcopy_udiff/BhavCopy_NSE_CM_0_0_0_20241129_F_0000.csv.zip,https://nsearchives.nseindia.com/content/cm/BhavCopy_NSE_CM_0_0_0_20241129_F_0000.csv.zip,2024-11-29,baf536a29884e35f8a02bf920ff22fad9ad0ef33102ef665662bd22245226a80,169458,historical NSE UDIFF equity bhavcopy,NSE download manifest
data/raw/bhavcopy_udiff/BhavCopy_NSE_CM_0_0_0_20241202_F_0000.csv.zip,https://nsearchives.nseindia.com/content/cm/BhavCopy_NSE_CM_0_0_0_20241202_F_0000.csv.zip,2024-12-02,d242e63a5ff881a0c55e0cb0b5e7074968cfe8fad2ceeb524760e577c37e1a11,171827,historical NSE UDIFF equity bhavcopy,NSE download manifest
data/raw/bhavcopy_udiff/BhavCopy_NSE_CM_0_0_0_20241203_F_0000.csv.zip,https://nsearchives.nseindia.com/content/cm/BhavCopy_NSE_CM_0_0_0_20241203_F_0000.csv.zip,2024-12-03,0446376b72da06500a17c661e9c6348e882db32d8f21e06a108361054d7eefaa,170576,historical NSE UDIFF equity bhavcopy,NSE download manifest
data/raw/bhavcopy_udiff/BhavCopy_NSE_CM_0_0_0_20241204_F_0000.csv.zip,https://nsearchives.nseindia.com/content/cm/BhavCopy_NSE_CM_0_0_0_20241204_F_0000.csv.zip,2024-12-04,874fdde17e4a61375b081950befb2dc51dbc5ba3b2045467155e4f8bf84d191d,169851,historical NSE UDIFF equity bhavcopy,NSE download manifest
data/raw/bhavcopy_udiff/BhavCopy_NSE_CM_0_0_0_20241205_F_0000.csv.zip,https://nsearchives.nseindia.com/content/cm/BhavCopy_NSE_CM_0_0_0_20241205_F_0000.csv.zip,2024-12-05,b53d8d39153c16aec028e9781f23505cdb069052fab8cf09e3a21ae2ffca0c14,169425,historical NSE UDIFF equity bhavcopy,NSE download manifest
data/raw/bhavcopy_udiff/BhavCopy_NSE_CM_0_0_0_20241206_F_0000.csv.zip,https://nsearchives.nseindia.com/content/cm/BhavCopy_NSE_CM_0_0_0_20241206_F_0000.csv.zip,2024-12-06,ae4eff2154d4260cbb7fa8946554eb67ae7270c5a1e62fb8cbbf8cceca1c9ed8,170880,historical NSE UDIFF equity bhavcopy,NSE download manifest
data/raw/bhavcopy_udiff/BhavCopy_NSE_CM_0_0_0_20241209_F_0000.csv.zip,https://nsearchives.nseindia.com/content/cm/BhavCopy_NSE_CM_0_0_0_20241209_F_0000.csv.zip,2024-12-09,fb215dee09646926df138814f67ccb68d8e8759f48eb2a324b63ef5eba0c16f7,173028,historical NSE UDIFF equity bhavcopy,NSE download manifest
data/raw/bhavcopy_udiff/BhavCopy_NSE_CM_0_0_0_20241210_F_0000.csv.zip,https://nsearchives.nseindia.com/content/cm/BhavCopy_NSE_CM_0_0_0_20241210_F_0000.csv.zip,2024-12-10,2d95d48e53c3d08170ce709818840a0cd927f1968c50d843362aff967b00a7cd,170816,historical NSE UDIFF equity bhavcopy,NSE download manifest
data/raw/bhavcopy_udiff/BhavCopy_NSE_CM_0_0_0_20241211_F_0000.csv.zip,https://nsearchives.nseindia.com/content/cm/BhavCopy_NSE_CM_0_0_0_20241211_F_0000.csv.zip,2024-12-11,74fc56a679ee53297f3c01527c4da24afa276bebbe9579833497a13bea3c9aaf,170437,historical NSE UDIFF equity bhavcopy,NSE download manifest
data/raw/bhavcopy_udiff/BhavCopy_NSE_CM_0_0_0_20241212_F_0000.csv.zip,https://nsearchives.nseindia.com/content/cm/BhavCopy_NSE_CM_0_0_0_20241212_F_0000.csv.zip,2024-12-12,1d0dbe08f4085da81a8a6fd1d5f8ee25a12b5e1c2f2016f12594ac092e49046a,169885,historical NSE UDIFF equity bhavcopy,NSE download manifest
data/raw/bhavcopy_udiff/BhavCopy_NSE_CM_0_0_0_20241213_F_0000.csv.zip,https://nsearchives.nseindia.com/content/cm/BhavCopy_NSE_CM_0_0_0_20241213_F_0000.csv.zip,2024-12-13,886ee2d73af26a170a7050da1fb1294d0e658d40333ba40da8b03797519cbf8f,169568,historical NSE UDIFF equity bhavcopy,NSE download manifest
data/raw/bhavcopy_udiff/BhavCopy_NSE_CM_0_0_0_20241216_F_0000.csv.zip,https://nsearchives.nseindia.com/content/cm/BhavCopy_NSE_CM_0_0_0_20241216_F_0000.csv.zip,2024-12-16,76937364ca3ba29a9e3c3cd559a89bc655162cefcad6da7a6889bd6bfa09879d,171598,historical NSE UDIFF equity bhavcopy,NSE download manifest
data/raw/bhavcopy_udiff/BhavCopy_NSE_CM_0_0_0_20241217_F_0000.csv.zip,https://nsearchives.nseindia.com/content/cm/BhavCopy_NSE_CM_0_0_0_20241217_F_0000.csv.zip,2024-12-17,901b6bf89a8b8ff0fac8e7168ab0ee830daf18bc74d75d4bc94faa6b195c4b38,170475,historical NSE UDIFF equity bhavcopy,NSE download manifest
data/raw/bhavcopy_udiff/BhavCopy_NSE_CM_0_0_0_20241218_F_0000.csv.zip,https://nsearchives.nseindia.com/content/cm/BhavCopy_NSE_CM_0_0_0_20241218_F_0000.csv.zip,2024-12-18,4bc44c7095dcfcee1bb2635be4dc18fda16335e510f18ca059227f7682b008df,170364,historical NSE UDIFF equity bhavcopy,NSE download manifest
data/raw/bhavcopy_udiff/BhavCopy_NSE_CM_0_0_0_20241219_F_0000.csv.zip,https://nsearchives.nseindia.com/content/cm/BhavCopy_NSE_CM_0_0_0_20241219_F_0000.csv.zip,2024-12-19,2b73f736e730d57c99fd369c204ee20c054f53b7147a6d81db72b07773182f49,170105,historical NSE UDIFF equity bhavcopy,NSE download manifest
data/raw/bhavcopy_udiff/BhavCopy_NSE_CM_0_0_0_20241220_F_0000.csv.zip,https://nsearchives.nseindia.com/content/cm/BhavCopy_NSE_CM_0_0_0_20241220_F_0000.csv.zip,2024-12-20,29be1ec4253b3bd2c5c8f0d9e9d5e97f83a0f0887532a5895daecdcff9f43610,171269,historical NSE UDIFF equity bhavcopy,NSE download manifest
data/raw/bhavcopy_udiff/BhavCopy_NSE_CM_0_0_0_20241223_F_0000.csv.zip,https://nsearchives.nseindia.com/content/cm/BhavCopy_NSE_CM_0_0_0_20241223_F_0000.csv.zip,2024-12-23,7c4ed6095bef960be895eaecb3037ebc2586da6a947f6db50ebb41aef99759f8,172354,historical NSE UDIFF equity bhavcopy,NSE download manifest
data/raw/bhavcopy_udiff/BhavCopy_NSE_CM_0_0_0_20241224_F_0000.csv.zip,https://nsearchives.nseindia.com/content/cm/BhavCopy_NSE_CM_0_0_0_20241224_F_0000.csv.zip,2024-12-24,636ac0c3f8a2c136a8568a3f12db3a0fe3070e910cda2fde23a6a8fe1af09d59,169654,historical NSE UDIFF equity bhavcopy,NSE download manifest
data/raw/bhavcopy_udiff/BhavCopy_NSE_CM_0_0_0_20241226_F_0000.csv.zip,https://nsearchives.nseindia.com/content/cm/BhavCopy_NSE_CM_0_0_0_20241226_F_0000.csv.zip,2024-12-26,35555bc03b035637322b68c84a71b6d677f3cf45e26ed2ef2ba35b94fb1740dc,171238,historical NSE UDIFF equity bhavcopy,NSE download manifest
data/raw/bhavcopy_udiff/BhavCopy_NSE_CM_0_0_0_20241227_F_0000.csv.zip,https://nsearchives.nseindia.com/content/cm/BhavCopy_NSE_CM_0_0_0_20241227_F_0000.csv.zip,2024-12-27,518879909b5747569a74ff1d98b200965bcc88254c74d092610a85621fcc094b,170198,historical NSE UDIFF equity bhavcopy,NSE download manifest
data/raw/bhavcopy_udiff/BhavCopy_NSE_CM_0_0_0_20241230_F_0000.csv.zip,https://nsearchives.nseindia.com/content/cm/BhavCopy_NSE_CM_0_0_0_20241230_F_0000.csv.zip,2024-12-30,d0ef4f2ed0a910d65273da37a0794bd66f978352cfcd9a9939e7c4b7204cbf66,173143,historical NSE UDIFF equity bhavcopy,NSE download manifest
data/raw/bhavcopy_udiff/BhavCopy_NSE_CM_0_0_0_20241231_F_0000.csv.zip,https://nsearchives.nseindia.com/content/cm/BhavCopy_NSE_CM_0_0_0_20241231_F_0000.csv.zip,2024-12-31,ce708924888c4ba8310c4f057e6135876275b99f08ab5e365ca0ebce8c4dcce6,170831,historical NSE UDIFF equity bhavcopy,NSE download manifest
data/raw/bhavcopy_udiff/BhavCopy_NSE_CM_0_0_0_20250101_F_0000.csv.zip,https://nsearchives.nseindia.com/content/cm/BhavCopy_NSE_CM_0_0_0_20250101_F_0000.csv.zip,2025-01-01,4e08e127ee357cd7e843945b0d345236856a46bab4a133c6f33331eccc80c140,170002,historical NSE UDIFF equity bhavcopy,NSE download manifest
data/raw/bhavcopy_udiff/BhavCopy_NSE_CM_0_0_0_20250102_F_0000.csv.zip,https://nsearchives.nseindia.com/content/cm/BhavCopy_NSE_CM_0_0_0_20250102_F_0000.csv.zip,2025-01-02,4a4b668c477ea6182d7c3e4f6bd963486c266849dacc91d4afc7d3735ea5a07f,171515,historical NSE UDIFF equity bhavcopy,NSE download manifest
data/raw/bhavcopy_udiff/BhavCopy_NSE_CM_0_0_0_20250103_F_0000.csv.zip,https://nsearchives.nseindia.com/content/cm/BhavCopy_NSE_CM_0_0_0_20250103_F_0000.csv.zip,2025-01-03,b7953f44c6c50ec038b0453d96bc6b9f9e6d4b98536e9b25078b7078b9a3db70,171293,historical NSE UDIFF equity bhavcopy,NSE download manifest
data/raw/bhavcopy_udiff/BhavCopy_NSE_CM_0_0_0_20250106_F_0000.csv.zip,https://nsearchives.nseindia.com/content/cm/BhavCopy_NSE_CM_0_0_0_20250106_F_0000.csv.zip,2025-01-06,556ae083551e24d01177bfddf62f02da8bf1c1cb5e422a0b1d78b2aa5cfb0c29,174811,historical NSE UDIFF equity bhavcopy,NSE download manifest
data/raw/bhavcopy_udiff/BhavCopy_NSE_CM_0_0_0_20250107_F_0000.csv.zip,https://nsearchives.nseindia.com/content/cm/BhavCopy_NSE_CM_0_0_0_20250107_F_0000.csv.zip,2025-01-07,500c82eaff32883fab52fcaf7f7a37e523f78ec880f82d8a9b2228b3fa658794,170990,historical NSE UDIFF equity bhavcopy,NSE download manifest
data/raw/bhavcopy_udiff/BhavCopy_NSE_CM_0_0_0_20250108_F_0000.csv.zip,https://nsearchives.nseindia.com/content/cm/BhavCopy_NSE_CM_0_0_0_20250108_F_0000.csv.zip,2025-01-08,4e55041e4c46a8d62341d2965b4c484efc7ac8ea633cfec08550429cd1a061c1,171714,historical NSE UDIFF equity bhavcopy,NSE download manifest
data/raw/bhavcopy_udiff/BhavCopy_NSE_CM_0_0_0_20250109_F_0000.csv.zip,https://nsearchives.nseindia.com/content/cm/BhavCopy_NSE_CM_0_0_0_20250109_F_0000.csv.zip,2025-01-09,9840babcdaf22bc0b2f1d21c8881a07a90cb1ad916f2c62afa0b3fe48e3e056b,170218,historical NSE UDIFF equity bhavcopy,NSE download manifest
data/raw/bhavcopy_udiff/BhavCopy_NSE_CM_0_0_0_20250110_F_0000.csv.zip,https://nsearchives.nseindia.com/content/cm/BhavCopy_NSE_CM_0_0_0_20250110_F_0000.csv.zip,2025-01-10,ed539f272b210b93878d2afea6afbf340a0da40b5d325c32b172ac11e42909a6,172135,historical NSE UDIFF equity bhavcopy,NSE download manifest
data/raw/bhavcopy_udiff/BhavCopy_NSE_CM_0_0_0_20250113_F_0000.csv.zip,https://nsearchives.nseindia.com/content/cm/BhavCopy_NSE_CM_0_0_0_20250113_F_0000.csv.zip,2025-01-13,de4adcf5f2d8a7cc8398d5d88371a3b2984a9eddd4887b1ea47c5eee976d7378,174199,historical NSE UDIFF equity bhavcopy,NSE download manifest
data/raw/bhavcopy_udiff/BhavCopy_NSE_CM_0_0_0_20250114_F_0000.csv.zip,https://nsearchives.nseindia.com/content/cm/BhavCopy_NSE_CM_0_0_0_20250114_F_0000.csv.zip,2025-01-14,e3c1599f43296fd8d06ae12d11d1428b162178df292e3e0409d4bcfde5761bfd,170060,historical NSE UDIFF equity bhavcopy,NSE download manifest
data/raw/bhavcopy_udiff/BhavCopy_NSE_CM_0_0_0_20250115_F_0000.csv.zip,https://nsearchives.nseindia.com/content/cm/BhavCopy_NSE_CM_0_0_0_20250115_F_0000.csv.zip,2025-01-15,1bf23f3496d273ec56ef2cd6f923e1ca039e605abb515be5fdb65ca277c8aa94,170322,historical NSE UDIFF equity bhavcopy,NSE download manifest
data/raw/bhavcopy_udiff/BhavCopy_NSE_CM_0_0_0_20250116_F_0000.csv.zip,https://nsearchives.nseindia.com/content/cm/BhavCopy_NSE_CM_0_0_0_20250116_F_0000.csv.zip,2025-01-16,2c9f59641b0859f6167d892b73c43aed42fbdf895c828fdc2861967209e9531c,168362,historical NSE UDIFF equity bhavcopy,NSE download manifest
data/raw/bhavcopy_udiff/BhavCopy_NSE_CM_0_0_0_20250117_F_0000.csv.zip,https://nsearchives.nseindia.com/content/cm/BhavCopy_NSE_CM_0_0_0_20250117_F_0000.csv.zip,2025-01-17,a225896561a17c17c10f0697eeac1dab08b3b8dd4024c8b38ab991190ddd494d,170308,historical NSE UDIFF equity bhavcopy,NSE download manifest
data/raw/bhavcopy_udiff/BhavCopy_NSE_CM_0_0_0_20250120_F_0000.csv.zip,https://nsearchives.nseindia.com/content/cm/BhavCopy_NSE_CM_0_0_0_20250120_F_0000.csv.zip,2025-01-20,ae02b4c79723949ee820c177920a3e20bb2e1964a93dea11c35d8fed89d04760,173114,historical NSE UDIFF equity bhavcopy,NSE download manifest
data/raw/bhavcopy_udiff/BhavCopy_NSE_CM_0_0_0_20250121_F_0000.csv.zip,https://nsearchives.nseindia.com/content/cm/BhavCopy_NSE_CM_0_0_0_20250121_F_0000.csv.zip,2025-01-21,cfcd06dc73e69bc78d76036c37c6214441124f16c00dd082a5715979d1bda376,170491,historical NSE UDIFF equity bhavcopy,NSE download manifest
data/raw/bhavcopy_udiff/BhavCopy_NSE_CM_0_0_0_20250122_F_0000.csv.zip,https://nsearchives.nseindia.com/content/cm/BhavCopy_NSE_CM_0_0_0_20250122_F_0000.csv.zip,2025-01-22,c371d670bd1abc868539bca4290994ec313f99d82bdf760c10ffe3aebe28f74b,170772,historical NSE UDIFF equity bhavcopy,NSE download manifest
data/raw/bhavcopy_udiff/BhavCopy_NSE_CM_0_0_0_20250123_F_0000.csv.zip,https://nsearchives.nseindia.com/content/cm/BhavCopy_NSE_CM_0_0_0_20250123_F_0000.csv.zip,2025-01-23,649259c68421eddda0f6c7698c0e4305dcfea308870e3cbfc6958402d366fe6c,170956,historical NSE UDIFF equity bhavcopy,NSE download manifest
data/raw/bhavcopy_udiff/BhavCopy_NSE_CM_0_0_0_20250124_F_0000.csv.zip,https://nsearchives.nseindia.com/content/cm/BhavCopy_NSE_CM_0_0_0_20250124_F_0000.csv.zip,2025-01-24,a43719006dbac688347d3e7d0244a8978909bc876b7e9a84062478df56afb64c,170348,historical NSE UDIFF equity bhavcopy,NSE download manifest
data/raw/bhavcopy_udiff/BhavCopy_NSE_CM_0_0_0_20250127_F_0000.csv.zip,https://nsearchives.nseindia.com/content/cm/BhavCopy_NSE_CM_0_0_0_20250127_F_0000.csv.zip,2025-01-27,9513cb9510858cd02b29e272c0600f531d83b9fdc2f5aed6d9f9565137561d6c,173348,historical NSE UDIFF equity bhavcopy,NSE download manifest
data/raw/bhavcopy_udiff/BhavCopy_NSE_CM_0_0_0_20250128_F_0000.csv.zip,https://nsearchives.nseindia.com/content/cm/BhavCopy_NSE_CM_0_0_0_20250128_F_0000.csv.zip,2025-01-28,b8ffe01db6a4a2982660b4218844e233446c3017bdf845b751f64623bd7c0ce2,173903,historical NSE UDIFF equity bhavcopy,NSE download manifest
data/raw/bhavcopy_udiff/BhavCopy_NSE_CM_0_0_0_20250129_F_0000.csv.zip,https://nsearchives.nseindia.com/content/cm/BhavCopy_NSE_CM_0_0_0_20250129_F_0000.csv.zip,2025-01-29,445198e44a24a31c9a0de1b47f5a7d364e58bbbc62039a4ac9a5560a2bc04834,170520,historical NSE UDIFF equity bhavcopy,NSE download manifest
data/raw/bhavcopy_udiff/BhavCopy_NSE_CM_0_0_0_20250130_F_0000.csv.zip,https://nsearchives.nseindia.com/content/cm/BhavCopy_NSE_CM_0_0_0_20250130_F_0000.csv.zip,2025-01-30,2f14d24fea2caa6c693a1278eb5e48b18d7df2fdda11fd3e830606bc4f8bfa37,170356,historical NSE UDIFF equity bhavcopy,NSE download manifest
data/raw/bhavcopy_udiff/BhavCopy_NSE_CM_0_0_0_20250131_F_0000.csv.zip,https://nsearchives.nseindia.com/content/cm/BhavCopy_NSE_CM_0_0_0_20250131_F_0000.csv.zip,2025-01-31,482e70225923c2de88522a54c09b097a4e6a448f0c66737b36cb20567d9303ca,171225,historical NSE UDIFF equity bhavcopy,NSE download manifest
data/raw/bhavcopy_udiff/BhavCopy_NSE_CM_0_0_0_20250201_F_0000.csv.zip,https://nsearchives.nseindia.com/content/cm/BhavCopy_NSE_CM_0_0_0_20250201_F_0000.csv.zip,2025-02-01,a0ed7f8fb660762f47607945c6f98909a22eb538ced9e215860eaeebb12fa959,167634,historical NSE UDIFF equity bhavcopy,NSE official URL reconstructed from special-session downloader filename rule
data/raw/bhavcopy_udiff/BhavCopy_NSE_CM_0_0_0_20250203_F_0000.csv.zip,https://nsearchives.nseindia.com/content/cm/BhavCopy_NSE_CM_0_0_0_20250203_F_0000.csv.zip,2025-02-03,b4f78f71a61d9a56516c41c0e56966e5ff22129f3a7eb646622d2d2ffe9a70c4,171701,historical NSE UDIFF equity bhavcopy,NSE download manifest
data/raw/bhavcopy_udiff/BhavCopy_NSE_CM_0_0_0_20250204_F_0000.csv.zip,https://nsearchives.nseindia.com/content/cm/BhavCopy_NSE_CM_0_0_0_20250204_F_0000.csv.zip,2025-02-04,d17de63708a63607aad6f67c69cb0ef5c0995ad1241558ef9f9dc8fa54b2e4d4,170203,historical NSE UDIFF equity bhavcopy,NSE download manifest
data/raw/bhavcopy_udiff/BhavCopy_NSE_CM_0_0_0_20250205_F_0000.csv.zip,https://nsearchives.nseindia.com/content/cm/BhavCopy_NSE_CM_0_0_0_20250205_F_0000.csv.zip,2025-02-05,5ee331b06fef6545a7ab06c40f249579e42aa25e6290d7bba2c67cc5f4b98b3e,171049,historical NSE UDIFF equity bhavcopy,NSE download manifest
data/raw/bhavcopy_udiff/BhavCopy_NSE_CM_0_0_0_20250206_F_0000.csv.zip,https://nsearchives.nseindia.com/content/cm/BhavCopy_NSE_CM_0_0_0_20250206_F_0000.csv.zip,2025-02-06,6dc4ec3572f8ef92ed9e0f65ccb89e8cb4ea55933583d91acf2b6d72d226ee8b,170253,historical NSE UDIFF equity bhavcopy,NSE download manifest
data/raw/bhavcopy_udiff/BhavCopy_NSE_CM_0_0_0_20250207_F_0000.csv.zip,https://nsearchives.nseindia.com/content/cm/BhavCopy_NSE_CM_0_0_0_20250207_F_0000.csv.zip,2025-02-07,a85dccef4950519b34a2bc7eebc58aa7fb40708b3e0ff1e623b1c187b5629684,170054,historical NSE UDIFF equity bhavcopy,NSE download manifest
data/raw/bhavcopy_udiff/BhavCopy_NSE_CM_0_0_0_20250210_F_0000.csv.zip,https://nsearchives.nseindia.com/content/cm/BhavCopy_NSE_CM_0_0_0_20250210_F_0000.csv.zip,2025-02-10,6148b7af5662e36fa7a75ddb933ac5157a422389738f023093119c4e17eaa464,173125,historical NSE UDIFF equity bhavcopy,NSE download manifest
data/raw/bhavcopy_udiff/BhavCopy_NSE_CM_0_0_0_20250211_F_0000.csv.zip,https://nsearchives.nseindia.com/content/cm/BhavCopy_NSE_CM_0_0_0_20250211_F_0000.csv.zip,2025-02-11,b87595c4e3581e629f8946180b017d60965c5411b67c77bdc74d3088552b8595,171784,historical NSE UDIFF equity bhavcopy,NSE download manifest
data/raw/bhavcopy_udiff/BhavCopy_NSE_CM_0_0_0_20250212_F_0000.csv.zip,https://nsearchives.nseindia.com/content/cm/BhavCopy_NSE_CM_0_0_0_20250212_F_0000.csv.zip,2025-02-12,22b1c63c9c8e07ee7d2c385b7c6517e38bb187f926200694bcbbc8a37baf884b,172455,historical NSE UDIFF equity bhavcopy,NSE download manifest
data/raw/bhavcopy_udiff/BhavCopy_NSE_CM_0_0_0_20250213_F_0000.csv.zip,https://nsearchives.nseindia.com/content/cm/BhavCopy_NSE_CM_0_0_0_20250213_F_0000.csv.zip,2025-02-13,4607be88489187665ab2d693eb9ff947d2cbd5a376efae5ce414db3ab9e86207,170142,historical NSE UDIFF equity bhavcopy,NSE download manifest
data/raw/bhavcopy_udiff/BhavCopy_NSE_CM_0_0_0_20250214_F_0000.csv.zip,https://nsearchives.nseindia.com/content/cm/BhavCopy_NSE_CM_0_0_0_20250214_F_0000.csv.zip,2025-02-14,56976a8059ab61fcd54729b85655c1ff201286f3063563cfed165988fd34b91e,166627,historical NSE UDIFF equity bhavcopy,NSE download manifest
data/raw/bhavcopy_udiff/BhavCopy_NSE_CM_0_0_0_20250217_F_0000.csv.zip,https://nsearchives.nseindia.com/content/cm/BhavCopy_NSE_CM_0_0_0_20250217_F_0000.csv.zip,2025-02-17,82de9c61d28c39dbb30ac7d92b92c8012b0b4ad455bd53c282870a5bc6b0fd87,167593,historical NSE UDIFF equity bhavcopy,NSE download manifest
data/raw/bhavcopy_udiff/BhavCopy_NSE_CM_0_0_0_20250218_F_0000.csv.zip,https://nsearchives.nseindia.com/content/cm/BhavCopy_NSE_CM_0_0_0_20250218_F_0000.csv.zip,2025-02-18,23402682838aea0602b88172aa2aafa9fbdb1ed10ff570ee558d0353f37fdf2f,165657,historical NSE UDIFF equity bhavcopy,NSE download manifest
data/raw/bhavcopy_udiff/BhavCopy_NSE_CM_0_0_0_20250219_F_0000.csv.zip,https://nsearchives.nseindia.com/content/cm/BhavCopy_NSE_CM_0_0_0_20250219_F_0000.csv.zip,2025-02-19,bd3ed35b04ff2e4b5c37f191894a71a718c9d00477c3e9c8eec0ee798d679c9e,165896,historical NSE UDIFF equity bhavcopy,NSE download manifest
data/raw/bhavcopy_udiff/BhavCopy_NSE_CM_0_0_0_20250220_F_0000.csv.zip,https://nsearchives.nseindia.com/content/cm/BhavCopy_NSE_CM_0_0_0_20250220_F_0000.csv.zip,2025-02-20,76bed5b95eff851b68b2c861919bc8300b44d4a5a6f02af400a7a43a9da3aa9e,164313,historical NSE UDIFF equity bhavcopy,NSE download manifest
data/raw/bhavcopy_udiff/BhavCopy_NSE_CM_0_0_0_20250221_F_0000.csv.zip,https://nsearchives.nseindia.com/content/cm/BhavCopy_NSE_CM_0_0_0_20250221_F_0000.csv.zip,2025-02-21,362005e826a89cec9b7c337b9e67afcc12848d687ddfa962908720e424934866,165203,historical NSE UDIFF equity bhavcopy,NSE download manifest
data/raw/bhavcopy_udiff/BhavCopy_NSE_CM_0_0_0_20250224_F_0000.csv.zip,https://nsearchives.nseindia.com/content/cm/BhavCopy_NSE_CM_0_0_0_20250224_F_0000.csv.zip,2025-02-24,bab72c7c3543476871f3d263c39fb1c4f9392fc806b04d7a11cf75615d04e0db,167013,historical NSE UDIFF equity bhavcopy,NSE download manifest
data/raw/bhavcopy_udiff/BhavCopy_NSE_CM_0_0_0_20250225_F_0000.csv.zip,https://nsearchives.nseindia.com/content/cm/BhavCopy_NSE_CM_0_0_0_20250225_F_0000.csv.zip,2025-02-25,405b2966341a41602ac4775460541e11abb86245e777bbabab6f56bb836a64d3,164617,historical NSE UDIFF equity bhavcopy,NSE download manifest
data/raw/bhavcopy_udiff/BhavCopy_NSE_CM_0_0_0_20250227_F_0000.csv.zip,https://nsearchives.nseindia.com/content/cm/BhavCopy_NSE_CM_0_0_0_20250227_F_0000.csv.zip,2025-02-27,e0f8d2b6eb79a24e66e2560210357410b129465f8346ae039f979539c7cd7b01,165586,historical NSE UDIFF equity bhavcopy,NSE download manifest
data/raw/bhavcopy_udiff/BhavCopy_NSE_CM_0_0_0_20250228_F_0000.csv.zip,https://nsearchives.nseindia.com/content/cm/BhavCopy_NSE_CM_0_0_0_20250228_F_0000.csv.zip,2025-02-28,9b32219ea32ccac0952c6d54cbfdd9b89c2f0d552cb6be2bc76103585ff18235,168357,historical NSE UDIFF equity bhavcopy,NSE download manifest
data/raw/bhavcopy_udiff/BhavCopy_NSE_CM_0_0_0_20250303_F_0000.csv.zip,https://nsearchives.nseindia.com/content/cm/BhavCopy_NSE_CM_0_0_0_20250303_F_0000.csv.zip,2025-03-03,93a0440415cd0f0f82cc4ef85609f0c7cb85205a7bc6171c9c8bed7d82ed6ffb,171090,historical NSE UDIFF equity bhavcopy,NSE download manifest
data/raw/bhavcopy_udiff/BhavCopy_NSE_CM_0_0_0_20250304_F_0000.csv.zip,https://nsearchives.nseindia.com/content/cm/BhavCopy_NSE_CM_0_0_0_20250304_F_0000.csv.zip,2025-03-04,3f14166ddb10b07674abcd4933e5fbb473cbe2d8bf6b4d3f39565b630299121d,167811,historical NSE UDIFF equity bhavcopy,NSE download manifest
data/raw/bhavcopy_udiff/BhavCopy_NSE_CM_0_0_0_20250305_F_0000.csv.zip,https://nsearchives.nseindia.com/content/cm/BhavCopy_NSE_CM_0_0_0_20250305_F_0000.csv.zip,2025-03-05,1ff445859b0c1f42658a16b0a018fa5a9dbf0e6cdbc9feacc5fc0daf0e92b47f,167296,historical NSE UDIFF equity bhavcopy,NSE download manifest
data/raw/bhavcopy_udiff/BhavCopy_NSE_CM_0_0_0_20250306_F_0000.csv.zip,https://nsearchives.nseindia.com/content/cm/BhavCopy_NSE_CM_0_0_0_20250306_F_0000.csv.zip,2025-03-06,f6e8e7302ac3ec1a4610fc82b38d513b46be29247485363e44bfd0aadaaad41e,169351,historical NSE UDIFF equity bhavcopy,NSE download manifest
data/raw/bhavcopy_udiff/BhavCopy_NSE_CM_0_0_0_20250307_F_0000.csv.zip,https://nsearchives.nseindia.com/content/cm/BhavCopy_NSE_CM_0_0_0_20250307_F_0000.csv.zip,2025-03-07,a008582c34c0493fc108b60fa556ffa420a2adcd864757382d12987ee2a616f0,169010,historical NSE UDIFF equity bhavcopy,NSE download manifest
data/raw/bhavcopy_udiff/BhavCopy_NSE_CM_0_0_0_20250310_F_0000.csv.zip,https://nsearchives.nseindia.com/content/cm/BhavCopy_NSE_CM_0_0_0_20250310_F_0000.csv.zip,2025-03-10,195d3b7a33036fd5162a01965144fc03e4e73f1b2e59e5691b893e984eeebe79,174996,historical NSE UDIFF equity bhavcopy,NSE download manifest
data/raw/bhavcopy_udiff/BhavCopy_NSE_CM_0_0_0_20250311_F_0000.csv.zip,https://nsearchives.nseindia.com/content/cm/BhavCopy_NSE_CM_0_0_0_20250311_F_0000.csv.zip,2025-03-11,370b4fdf2db0270549f9ada15dd412b1e325f12e7cd83d76d12fc4f2e9b3c2fc,173634,historical NSE UDIFF equity bhavcopy,NSE download manifest
data/raw/bhavcopy_udiff/BhavCopy_NSE_CM_0_0_0_20250312_F_0000.csv.zip,https://nsearchives.nseindia.com/content/cm/BhavCopy_NSE_CM_0_0_0_20250312_F_0000.csv.zip,2025-03-12,0484270368667f3a76f332057c155da921a957b4aca2e79f64dac45df75dd42f,174040,historical NSE UDIFF equity bhavcopy,NSE download manifest
data/raw/bhavcopy_udiff/BhavCopy_NSE_CM_0_0_0_20250313_F_0000.csv.zip,https://nsearchives.nseindia.com/content/cm/BhavCopy_NSE_CM_0_0_0_20250313_F_0000.csv.zip,2025-03-13,cd5b05410f0449f1f1ba7beae55dcd0138838af008fd8b7506b400d398fa3345,173363,historical NSE UDIFF equity bhavcopy,NSE download manifest
data/raw/bhavcopy_udiff/BhavCopy_NSE_CM_0_0_0_20250317_F_0000.csv.zip,https://nsearchives.nseindia.com/content/cm/BhavCopy_NSE_CM_0_0_0_20250317_F_0000.csv.zip,2025-03-17,88ae7a29601d21a47ed7cacbb8df332a117857f608900bb91674d884b5fd977f,169010,historical NSE UDIFF equity bhavcopy,NSE download manifest
data/raw/bhavcopy_udiff/BhavCopy_NSE_CM_0_0_0_20250318_F_0000.csv.zip,https://nsearchives.nseindia.com/content/cm/BhavCopy_NSE_CM_0_0_0_20250318_F_0000.csv.zip,2025-03-18,e311ccec13a8a0c800fa7edbfbebcb706cb344f518113c7736d1ab563437a12d,170727,historical NSE UDIFF equity bhavcopy,NSE download manifest
data/raw/bhavcopy_udiff/BhavCopy_NSE_CM_0_0_0_20250319_F_0000.csv.zip,https://nsearchives.nseindia.com/content/cm/BhavCopy_NSE_CM_0_0_0_20250319_F_0000.csv.zip,2025-03-19,2560013ac727735acdd0c18e641fec76fafb7a716b6110dbf4dbf3f32a403854,169286,historical NSE UDIFF equity bhavcopy,NSE download manifest
data/raw/bhavcopy_udiff/BhavCopy_NSE_CM_0_0_0_20250320_F_0000.csv.zip,https://nsearchives.nseindia.com/content/cm/BhavCopy_NSE_CM_0_0_0_20250320_F_0000.csv.zip,2025-03-20,77f86ce645d9e7168ac628421e1fe0179019ac97bcbcedd39909e927f403de1a,169513,historical NSE UDIFF equity bhavcopy,NSE download manifest
data/raw/bhavcopy_udiff/BhavCopy_NSE_CM_0_0_0_20250321_F_0000.csv.zip,https://nsearchives.nseindia.com/content/cm/BhavCopy_NSE_CM_0_0_0_20250321_F_0000.csv.zip,2025-03-21,376501e3c7c7614f3b6c316599dd5f76a5e0912551cc2bbd530f934b7e57b3c0,170108,historical NSE UDIFF equity bhavcopy,NSE download manifest
data/raw/bhavcopy_udiff/BhavCopy_NSE_CM_0_0_0_20250324_F_0000.csv.zip,https://nsearchives.nseindia.com/content/cm/BhavCopy_NSE_CM_0_0_0_20250324_F_0000.csv.zip,2025-03-24,a57a363935a2d6ac83b43062387e4a056af2988fd46d308745e5157a9a408718,172249,historical NSE UDIFF equity bhavcopy,NSE download manifest
data/raw/bhavcopy_udiff/BhavCopy_NSE_CM_0_0_0_20250325_F_0000.csv.zip,https://nsearchives.nseindia.com/content/cm/BhavCopy_NSE_CM_0_0_0_20250325_F_0000.csv.zip,2025-03-25,8b1078244bc0873c3e69ccaa272f8ffe8ee019f75c900d5a4aa2d6bbff17f8e8,170724,historical NSE UDIFF equity bhavcopy,NSE download manifest
data/raw/bhavcopy_udiff/BhavCopy_NSE_CM_0_0_0_20250326_F_0000.csv.zip,https://nsearchives.nseindia.com/content/cm/BhavCopy_NSE_CM_0_0_0_20250326_F_0000.csv.zip,2025-03-26,b599101e4074cc7efec3db0ae921910df334b8c04d9fe88c7ecc024748c22877,170487,historical NSE UDIFF equity bhavcopy,NSE download manifest
data/raw/bhavcopy_udiff/BhavCopy_NSE_CM_0_0_0_20250327_F_0000.csv.zip,https://nsearchives.nseindia.com/content/cm/BhavCopy_NSE_CM_0_0_0_20250327_F_0000.csv.zip,2025-03-27,119b7b130a661c9402d4f95c721d3e9ea06c707fde625e0fe0a633859fe0ff2c,170821,historical NSE UDIFF equity bhavcopy,NSE download manifest
data/raw/bhavcopy_udiff/BhavCopy_NSE_CM_0_0_0_20250328_F_0000.csv.zip,https://nsearchives.nseindia.com/content/cm/BhavCopy_NSE_CM_0_0_0_20250328_F_0000.csv.zip,2025-03-28,410d265f4a8deaf43151dce73a4812afc7a4358b2561af0098bfb506edd8dbd9,170152,historical NSE UDIFF equity bhavcopy,NSE download manifest
data/raw/bhavcopy_udiff/BhavCopy_NSE_CM_0_0_0_20250401_F_0000.csv.zip,https://nsearchives.nseindia.com/content/cm/BhavCopy_NSE_CM_0_0_0_20250401_F_0000.csv.zip,2025-04-01,dbc55010eebb48e66cf7f5ce7b0cdf0fc9854f059310c038e09b226d45da49ba,168950,historical NSE UDIFF equity bhavcopy,NSE download manifest
data/raw/bhavcopy_udiff/BhavCopy_NSE_CM_0_0_0_20250402_F_0000.csv.zip,https://nsearchives.nseindia.com/content/cm/BhavCopy_NSE_CM_0_0_0_20250402_F_0000.csv.zip,2025-04-02,4d11f2798c438575327ffc5e725f91e75e4278ad8767dd0af2057e9aa36ba667,167875,historical NSE UDIFF equity bhavcopy,NSE download manifest
data/raw/bhavcopy_udiff/BhavCopy_NSE_CM_0_0_0_20250403_F_0000.csv.zip,https://nsearchives.nseindia.com/content/cm/BhavCopy_NSE_CM_0_0_0_20250403_F_0000.csv.zip,2025-04-03,937c9c4dfeef2eb75e0b8796f551d5964e58c7c39003a504aed7077c34dc5292,167802,historical NSE UDIFF equity bhavcopy,NSE download manifest
data/raw/bhavcopy_udiff/BhavCopy_NSE_CM_0_0_0_20250404_F_0000.csv.zip,https://nsearchives.nseindia.com/content/cm/BhavCopy_NSE_CM_0_0_0_20250404_F_0000.csv.zip,2025-04-04,234a2a78180fe207b981b24db33fab7295e4faf105a45c2cba9be56688ff1108,167100,historical NSE UDIFF equity bhavcopy,NSE download manifest
data/raw/bhavcopy_udiff/BhavCopy_NSE_CM_0_0_0_20250407_F_0000.csv.zip,https://nsearchives.nseindia.com/content/cm/BhavCopy_NSE_CM_0_0_0_20250407_F_0000.csv.zip,2025-04-07,16aeacbb3b3c1ca82021b27afc00d97de2d2c5a409fd51d1b70dff8cd94786d7,170992,historical NSE UDIFF equity bhavcopy,NSE download manifest
data/raw/bhavcopy_udiff/BhavCopy_NSE_CM_0_0_0_20250408_F_0000.csv.zip,https://nsearchives.nseindia.com/content/cm/BhavCopy_NSE_CM_0_0_0_20250408_F_0000.csv.zip,2025-04-08,05e7abeacc4377cb3cc83d59ee0634da5dc793bb3189cb00ec6628c342814726,167285,historical NSE UDIFF equity bhavcopy,NSE download manifest
data/raw/bhavcopy_udiff/BhavCopy_NSE_CM_0_0_0_20250409_F_0000.csv.zip,https://nsearchives.nseindia.com/content/cm/BhavCopy_NSE_CM_0_0_0_20250409_F_0000.csv.zip,2025-04-09,a39d4aa652b071391c654a060099e640a3fd9f0c3554dc799ad497bc454392bf,164738,historical NSE UDIFF equity bhavcopy,NSE download manifest
data/raw/bhavcopy_udiff/BhavCopy_NSE_CM_0_0_0_20250411_F_0000.csv.zip,https://nsearchives.nseindia.com/content/cm/BhavCopy_NSE_CM_0_0_0_20250411_F_0000.csv.zip,2025-04-11,8fe4d4a8f00d3497395f8429b2efc08fbb0fdaeb3f062bfc10c349ddbbf02a3d,167674,historical NSE UDIFF equity bhavcopy,NSE download manifest
data/raw/bhavcopy_udiff/BhavCopy_NSE_CM_0_0_0_20250415_F_0000.csv.zip,https://nsearchives.nseindia.com/content/cm/BhavCopy_NSE_CM_0_0_0_20250415_F_0000.csv.zip,2025-04-15,7f7df38f44300f0bec0ca9668d1270f11c8b3715e6a8bf09f5fc9ccfffba0705,170660,historical NSE UDIFF equity bhavcopy,NSE download manifest
data/raw/bhavcopy_udiff/BhavCopy_NSE_CM_0_0_0_20250416_F_0000.csv.zip,https://nsearchives.nseindia.com/content/cm/BhavCopy_NSE_CM_0_0_0_20250416_F_0000.csv.zip,2025-04-16,7614752dcd3da52041fd73f14c49bca7557f61590215bdedb76c6d8601d95bf0,168214,historical NSE UDIFF equity bhavcopy,NSE download manifest
data/raw/bhavcopy_udiff/BhavCopy_NSE_CM_0_0_0_20250417_F_0000.csv.zip,https://nsearchives.nseindia.com/content/cm/BhavCopy_NSE_CM_0_0_0_20250417_F_0000.csv.zip,2025-04-17,940de5e4d8b7a32684d8388bb06769b38f330abcc1b063b309ea898ebebd800a,168968,historical NSE UDIFF equity bhavcopy,NSE download manifest
data/raw/bhavcopy_udiff/BhavCopy_NSE_CM_0_0_0_20250421_F_0000.csv.zip,https://nsearchives.nseindia.com/content/cm/BhavCopy_NSE_CM_0_0_0_20250421_F_0000.csv.zip,2025-04-21,a9f296db958315fee6d95ccd75d44a2d0fed5909a5c0ccb977151aabd224f8f4,171327,historical NSE UDIFF equity bhavcopy,NSE download manifest
data/raw/bhavcopy_udiff/BhavCopy_NSE_CM_0_0_0_20250422_F_0000.csv.zip,https://nsearchives.nseindia.com/content/cm/BhavCopy_NSE_CM_0_0_0_20250422_F_0000.csv.zip,2025-04-22,1cdd368030f3f86ba7f3061549ba242ac93d1f54f63d1437cc02e8f51af029d3,170069,historical NSE UDIFF equity bhavcopy,NSE download manifest
data/raw/bhavcopy_udiff/BhavCopy_NSE_CM_0_0_0_20250423_F_0000.csv.zip,https://nsearchives.nseindia.com/content/cm/BhavCopy_NSE_CM_0_0_0_20250423_F_0000.csv.zip,2025-04-23,35045892bbe90ed37f497bb0ec31458fb489b8b3c9c48593122e910470f09ddc,167772,historical NSE UDIFF equity bhavcopy,NSE download manifest
data/raw/bhavcopy_udiff/BhavCopy_NSE_CM_0_0_0_20250424_F_0000.csv.zip,https://nsearchives.nseindia.com/content/cm/BhavCopy_NSE_CM_0_0_0_20250424_F_0000.csv.zip,2025-04-24,e95dfa2dd4e4c3eced2743cbbd0f8a35c649132a7484ed74bda72ad90b583564,167016,historical NSE UDIFF equity bhavcopy,NSE download manifest
data/raw/bhavcopy_udiff/BhavCopy_NSE_CM_0_0_0_20250425_F_0000.csv.zip,https://nsearchives.nseindia.com/content/cm/BhavCopy_NSE_CM_0_0_0_20250425_F_0000.csv.zip,2025-04-25,43fd595dd093008b2b24aa5f5ca9bcdc4611063163dcd077357eeb9985f3c1b0,168743,historical NSE UDIFF equity bhavcopy,NSE download manifest
data/raw/bhavcopy_udiff/BhavCopy_NSE_CM_0_0_0_20250428_F_0000.csv.zip,https://nsearchives.nseindia.com/content/cm/BhavCopy_NSE_CM_0_0_0_20250428_F_0000.csv.zip,2025-04-28,dacfe0ad756466e02e7a84f5db6f45f2bd81e471cc8dfab749ee658bc244abf3,169307,historical NSE UDIFF equity bhavcopy,NSE download manifest
data/raw/bhavcopy_udiff/BhavCopy_NSE_CM_0_0_0_20250429_F_0000.csv.zip,https://nsearchives.nseindia.com/content/cm/BhavCopy_NSE_CM_0_0_0_20250429_F_0000.csv.zip,2025-04-29,4f3810669cd4933f466e76575bf5051c9bfcc5fddeac7e19650a5a47e66d944c,166427,historical NSE UDIFF equity bhavcopy,NSE download manifest
data/raw/bhavcopy_udiff/BhavCopy_NSE_CM_0_0_0_20250430_F_0000.csv.zip,https://nsearchives.nseindia.com/content/cm/BhavCopy_NSE_CM_0_0_0_20250430_F_0000.csv.zip,2025-04-30,a48baf6e9d044fcd99a5ed143964ed814ca28e2fd376229a1f0becac51714e3d,166210,historical NSE UDIFF equity bhavcopy,NSE download manifest
data/raw/bhavcopy_udiff/BhavCopy_NSE_CM_0_0_0_20250502_F_0000.csv.zip,https://nsearchives.nseindia.com/content/cm/BhavCopy_NSE_CM_0_0_0_20250502_F_0000.csv.zip,2025-05-02,f1aa250670d4f24b3c37e56273d6a2e73790a80691dfa7ba7a8b82a45893d6cc,166880,historical NSE UDIFF equity bhavcopy,NSE download manifest
data/raw/bhavcopy_udiff/BhavCopy_NSE_CM_0_0_0_20250505_F_0000.csv.zip,https://nsearchives.nseindia.com/content/cm/BhavCopy_NSE_CM_0_0_0_20250505_F_0000.csv.zip,2025-05-05,e1043255e9792d2c4ee89e186523ed809a8657b6d6f29e511e00d895a614e2bb,168359,historical NSE UDIFF equity bhavcopy,NSE download manifest
data/raw/bhavcopy_udiff/BhavCopy_NSE_CM_0_0_0_20250506_F_0000.csv.zip,https://nsearchives.nseindia.com/content/cm/BhavCopy_NSE_CM_0_0_0_20250506_F_0000.csv.zip,2025-05-06,0f23d0905a3a6c1639a46b9e3b46b0c195185b31bc773d1cc919f5c945a996c9,166844,historical NSE UDIFF equity bhavcopy,NSE download manifest
data/raw/bhavcopy_udiff/BhavCopy_NSE_CM_0_0_0_20250507_F_0000.csv.zip,https://nsearchives.nseindia.com/content/cm/BhavCopy_NSE_CM_0_0_0_20250507_F_0000.csv.zip,2025-05-07,c86f9ecdf9adc8284dda9175ac2d09e238ac11b1118a3b1922dab64e016592c0,164858,historical NSE UDIFF equity bhavcopy,NSE download manifest
data/raw/bhavcopy_udiff/BhavCopy_NSE_CM_0_0_0_20250508_F_0000.csv.zip,https://nsearchives.nseindia.com/content/cm/BhavCopy_NSE_CM_0_0_0_20250508_F_0000.csv.zip,2025-05-08,5845751418568ea4d0c8a8d1d322930f5865cfeb39ebba6195c4871acec5a17d,166449,historical NSE UDIFF equity bhavcopy,NSE download manifest
data/raw/bhavcopy_udiff/BhavCopy_NSE_CM_0_0_0_20250509_F_0000.csv.zip,https://nsearchives.nseindia.com/content/cm/BhavCopy_NSE_CM_0_0_0_20250509_F_0000.csv.zip,2025-05-09,1879fb3c7f08c38790808e6e6206cef9ceef7f0ecf3b76d95071a19c41c2b468,163598,historical NSE UDIFF equity bhavcopy,NSE download manifest
data/raw/bhavcopy_udiff/BhavCopy_NSE_CM_0_0_0_20250512_F_0000.csv.zip,https://nsearchives.nseindia.com/content/cm/BhavCopy_NSE_CM_0_0_0_20250512_F_0000.csv.zip,2025-05-12,5fb5b189d4c1c6dfcbbe1586dfd2fa77c8533ac8fed580a23df9456afebbaa6e,169742,historical NSE UDIFF equity bhavcopy,NSE download manifest
data/raw/bhavcopy_udiff/BhavCopy_NSE_CM_0_0_0_20250513_F_0000.csv.zip,https://nsearchives.nseindia.com/content/cm/BhavCopy_NSE_CM_0_0_0_20250513_F_0000.csv.zip,2025-05-13,2513d6007efb47cd89023421d302e203819545e3002476576d4f8f8c9135bde9,167534,historical NSE UDIFF equity bhavcopy,NSE download manifest
data/raw/bhavcopy_udiff/BhavCopy_NSE_CM_0_0_0_20250514_F_0000.csv.zip,https://nsearchives.nseindia.com/content/cm/BhavCopy_NSE_CM_0_0_0_20250514_F_0000.csv.zip,2025-05-14,709c59a4a0c1e5e06f4d4004d81c77cb936450228f71aa646da3e462788a0a1b,168189,historical NSE UDIFF equity bhavcopy,NSE download manifest
data/raw/bhavcopy_udiff/BhavCopy_NSE_CM_0_0_0_20250515_F_0000.csv.zip,https://nsearchives.nseindia.com/content/cm/BhavCopy_NSE_CM_0_0_0_20250515_F_0000.csv.zip,2025-05-15,1984f493139070fc3aac9a0693a9de5b16204374fb78381ac585f76d76a7d2e8,167356,historical NSE UDIFF equity bhavcopy,NSE download manifest
data/raw/bhavcopy_udiff/BhavCopy_NSE_CM_0_0_0_20250516_F_0000.csv.zip,https://nsearchives.nseindia.com/content/cm/BhavCopy_NSE_CM_0_0_0_20250516_F_0000.csv.zip,2025-05-16,00fca29de658994cc514c6056f0e2590dcafa29c52580cbeea3720496ce20c7d,168458,historical NSE UDIFF equity bhavcopy,NSE download manifest
data/raw/bhavcopy_udiff/BhavCopy_NSE_CM_0_0_0_20250519_F_0000.csv.zip,https://nsearchives.nseindia.com/content/cm/BhavCopy_NSE_CM_0_0_0_20250519_F_0000.csv.zip,2025-05-19,89ff900a697f329f4c23ee2b8eac286af7e98334824fdd8399d01c1ed1d106c8,170493,historical NSE UDIFF equity bhavcopy,NSE download manifest
data/raw/bhavcopy_udiff/BhavCopy_NSE_CM_0_0_0_20250520_F_0000.csv.zip,https://nsearchives.nseindia.com/content/cm/BhavCopy_NSE_CM_0_0_0_20250520_F_0000.csv.zip,2025-05-20,7de01773af773daae0e4c268dc90f8d480aeec3d5097f18704ec112fa963ac4b,168861,historical NSE UDIFF equity bhavcopy,NSE download manifest
data/raw/bhavcopy_udiff/BhavCopy_NSE_CM_0_0_0_20250521_F_0000.csv.zip,https://nsearchives.nseindia.com/content/cm/BhavCopy_NSE_CM_0_0_0_20250521_F_0000.csv.zip,2025-05-21,b68f134d6d228a3de695b4df1849483f38f764fa572255c392772b85d7985e5c,167533,historical NSE UDIFF equity bhavcopy,NSE download manifest
data/raw/bhavcopy_udiff/BhavCopy_NSE_CM_0_0_0_20250522_F_0000.csv.zip,https://nsearchives.nseindia.com/content/cm/BhavCopy_NSE_CM_0_0_0_20250522_F_0000.csv.zip,2025-05-22,9ab10607b3f8b2de2d3ea127caf91c045d4bf6da301d2195b4010fe3eee2fa36,166682,historical NSE UDIFF equity bhavcopy,NSE download manifest
data/raw/bhavcopy_udiff/BhavCopy_NSE_CM_0_0_0_20250523_F_0000.csv.zip,https://nsearchives.nseindia.com/content/cm/BhavCopy_NSE_CM_0_0_0_20250523_F_0000.csv.zip,2025-05-23,9580ec818994186ee58b8a7afcd04423993071748c2d25436b8dbbce08965654,167032,historical NSE UDIFF equity bhavcopy,NSE download manifest
data/raw/bhavcopy_udiff/BhavCopy_NSE_CM_0_0_0_20250526_F_0000.csv.zip,https://nsearchives.nseindia.com/content/cm/BhavCopy_NSE_CM_0_0_0_20250526_F_0000.csv.zip,2025-05-26,aaedbfc6ad96f917cac9ce53c459eddebac0f8ae7033e98a36cdfe7bd83a0467,169448,historical NSE UDIFF equity bhavcopy,NSE download manifest
data/raw/bhavcopy_udiff/BhavCopy_NSE_CM_0_0_0_20250527_F_0000.csv.zip,https://nsearchives.nseindia.com/content/cm/BhavCopy_NSE_CM_0_0_0_20250527_F_0000.csv.zip,2025-05-27,17c5eef2ff74043ff29ab12f06c11ce4740299564e2402ce3572ed8a6c3225ab,167712,historical NSE UDIFF equity bhavcopy,NSE download manifest
data/raw/bhavcopy_udiff/BhavCopy_NSE_CM_0_0_0_20250528_F_0000.csv.zip,https://nsearchives.nseindia.com/content/cm/BhavCopy_NSE_CM_0_0_0_20250528_F_0000.csv.zip,2025-05-28,ec5d344d586e2b20c55ce485af7f6db795b49e4602df4bcaf70858e1f575e67c,167227,historical NSE UDIFF equity bhavcopy,NSE download manifest
data/raw/bhavcopy_udiff/BhavCopy_NSE_CM_0_0_0_20250529_F_0000.csv.zip,https://nsearchives.nseindia.com/content/cm/BhavCopy_NSE_CM_0_0_0_20250529_F_0000.csv.zip,2025-05-29,425401a3d2310f47495141acc6a04ff38db45e8c088bea8967ef1d252f94af71,168047,historical NSE UDIFF equity bhavcopy,NSE download manifest
data/raw/bhavcopy_udiff/BhavCopy_NSE_CM_0_0_0_20250530_F_0000.csv.zip,https://nsearchives.nseindia.com/content/cm/BhavCopy_NSE_CM_0_0_0_20250530_F_0000.csv.zip,2025-05-30,8324a7a658a52542f705445573e5a9a8af53602788efaaf3ced1be9249727973,168840,historical NSE UDIFF equity bhavcopy,NSE download manifest
data/raw/bhavcopy_udiff/BhavCopy_NSE_CM_0_0_0_20250602_F_0000.csv.zip,https://nsearchives.nseindia.com/content/cm/BhavCopy_NSE_CM_0_0_0_20250602_F_0000.csv.zip,2025-06-02,637e6ecc13879f1642e26a6341c944faa0e64da60d83c16924dd7b90377d4fb0,171042,historical NSE UDIFF equity bhavcopy,NSE download manifest
data/raw/bhavcopy_udiff/BhavCopy_NSE_CM_0_0_0_20250603_F_0000.csv.zip,https://nsearchives.nseindia.com/content/cm/BhavCopy_NSE_CM_0_0_0_20250603_F_0000.csv.zip,2025-06-03,0ce7189eb283bb0a66071de15527f7a0fd461d9165d4015c40caf89dcc5eb527,169941,historical NSE UDIFF equity bhavcopy,NSE download manifest
data/raw/bhavcopy_udiff/BhavCopy_NSE_CM_0_0_0_20250604_F_0000.csv.zip,https://nsearchives.nseindia.com/content/cm/BhavCopy_NSE_CM_0_0_0_20250604_F_0000.csv.zip,2025-06-04,a23d80a6658d947f842a802d25497c93853e37641b1a0d555cd2103656233d17,168696,historical NSE UDIFF equity bhavcopy,NSE download manifest
data/raw/bhavcopy_udiff/BhavCopy_NSE_CM_0_0_0_20250605_F_0000.csv.zip,https://nsearchives.nseindia.com/content/cm/BhavCopy_NSE_CM_0_0_0_20250605_F_0000.csv.zip,2025-06-05,a3022836761fde07166912c54023b56e15fb176827ebc4ee22c8ffea04522b60,168519,historical NSE UDIFF equity bhavcopy,NSE download manifest
data/raw/bhavcopy_udiff/BhavCopy_NSE_CM_0_0_0_20250606_F_0000.csv.zip,https://nsearchives.nseindia.com/content/cm/BhavCopy_NSE_CM_0_0_0_20250606_F_0000.csv.zip,2025-06-06,f500b653322b96072c8c2283f5074cfbee74ed528f3df2dcbbb906cda778234c,170144,historical NSE UDIFF equity bhavcopy,NSE download manifest
data/raw/bhavcopy_udiff/BhavCopy_NSE_CM_0_0_0_20250609_F_0000.csv.zip,https://nsearchives.nseindia.com/content/cm/BhavCopy_NSE_CM_0_0_0_20250609_F_0000.csv.zip,2025-06-09,48625c345d3762b41ae36a463321a440627700fa78294eb2232fe4e4afe066c6,172976,historical NSE UDIFF equity bhavcopy,NSE download manifest
data/raw/bhavcopy_udiff/BhavCopy_NSE_CM_0_0_0_20250610_F_0000.csv.zip,https://nsearchives.nseindia.com/content/cm/BhavCopy_NSE_CM_0_0_0_20250610_F_0000.csv.zip,2025-06-10,cef8e25f056ce6e6d8b9a703bd2327780d767f4f49251233b0f3832cfe857240,170185,historical NSE UDIFF equity bhavcopy,NSE download manifest
data/raw/bhavcopy_udiff/BhavCopy_NSE_CM_0_0_0_20250611_F_0000.csv.zip,https://nsearchives.nseindia.com/content/cm/BhavCopy_NSE_CM_0_0_0_20250611_F_0000.csv.zip,2025-06-11,080d472d2d54ca7b97b2f924f5ab4ad010992ffae800b80a2f8e571b4bd927d4,171000,historical NSE UDIFF equity bhavcopy,NSE download manifest
data/raw/bhavcopy_udiff/BhavCopy_NSE_CM_0_0_0_20250612_F_0000.csv.zip,https://nsearchives.nseindia.com/content/cm/BhavCopy_NSE_CM_0_0_0_20250612_F_0000.csv.zip,2025-06-12,d4e003a7df6ee69ebce83f4e46f59107f2a998fbbe9639b802053c3694621817,169124,historical NSE UDIFF equity bhavcopy,NSE download manifest
data/raw/bhavcopy_udiff/BhavCopy_NSE_CM_0_0_0_20250613_F_0000.csv.zip,https://nsearchives.nseindia.com/content/cm/BhavCopy_NSE_CM_0_0_0_20250613_F_0000.csv.zip,2025-06-13,381fc9d384cf646bc892367cde51dc33ce3f3865bdcd65376476dd049e71053a,168603,historical NSE UDIFF equity bhavcopy,NSE download manifest
data/raw/bhavcopy_udiff/BhavCopy_NSE_CM_0_0_0_20250616_F_0000.csv.zip,https://nsearchives.nseindia.com/content/cm/BhavCopy_NSE_CM_0_0_0_20250616_F_0000.csv.zip,2025-06-16,cea6ea73f3a7c61cf1f5ec6656c9fca54a43451a7acac2afbf164f21a752c66e,171313,historical NSE UDIFF equity bhavcopy,NSE download manifest
data/raw/bhavcopy_udiff/BhavCopy_NSE_CM_0_0_0_20250617_F_0000.csv.zip,https://nsearchives.nseindia.com/content/cm/BhavCopy_NSE_CM_0_0_0_20250617_F_0000.csv.zip,2025-06-17,b8153256388d63c0665fe3cf5d025bed6dca6a473169156ca84c55353194f890,167921,historical NSE UDIFF equity bhavcopy,NSE download manifest
data/raw/bhavcopy_udiff/BhavCopy_NSE_CM_0_0_0_20250618_F_0000.csv.zip,https://nsearchives.nseindia.com/content/cm/BhavCopy_NSE_CM_0_0_0_20250618_F_0000.csv.zip,2025-06-18,816ba29ff95fc68583234eda2df07b911d1f12fbef25c87359971fe0f299d0a7,168134,historical NSE UDIFF equity bhavcopy,NSE download manifest
data/raw/bhavcopy_udiff/BhavCopy_NSE_CM_0_0_0_20250619_F_0000.csv.zip,https://nsearchives.nseindia.com/content/cm/BhavCopy_NSE_CM_0_0_0_20250619_F_0000.csv.zip,2025-06-19,557b9cb818d8cb8b8862670b3822ec2a3a477b891156b0b30d0d882ae2e66355,168542,historical NSE UDIFF equity bhavcopy,NSE download manifest
data/raw/bhavcopy_udiff/BhavCopy_NSE_CM_0_0_0_20250620_F_0000.csv.zip,https://nsearchives.nseindia.com/content/cm/BhavCopy_NSE_CM_0_0_0_20250620_F_0000.csv.zip,2025-06-20,55b6c94ef3501548491848fecbd085504c52981054d5232d30ee6fd5db8f05a9,168377,historical NSE UDIFF equity bhavcopy,NSE download manifest
data/raw/bhavcopy_udiff/BhavCopy_NSE_CM_0_0_0_20250623_F_0000.csv.zip,https://nsearchives.nseindia.com/content/cm/BhavCopy_NSE_CM_0_0_0_20250623_F_0000.csv.zip,2025-06-23,2a3b643f066d662272e9f0d460da14c702a66aa225b1c93e24cd5455c278c8fa,169404,historical NSE UDIFF equity bhavcopy,NSE download manifest
data/raw/bhavcopy_udiff/BhavCopy_NSE_CM_0_0_0_20250624_F_0000.csv.zip,https://nsearchives.nseindia.com/content/cm/BhavCopy_NSE_CM_0_0_0_20250624_F_0000.csv.zip,2025-06-24,2ebe87ff969889b9d99ff3e3a188ab5ead766affc7ea967dbc634faa50e99763,168875,historical NSE UDIFF equity bhavcopy,NSE download manifest
data/raw/bhavcopy_udiff/BhavCopy_NSE_CM_0_0_0_20250625_F_0000.csv.zip,https://nsearchives.nseindia.com/content/cm/BhavCopy_NSE_CM_0_0_0_20250625_F_0000.csv.zip,2025-06-25,66700ce9f9142266154f39eb0cbeb7a84d5467f002ade06bae26e934f3099682,169623,historical NSE UDIFF equity bhavcopy,NSE download manifest
data/raw/bhavcopy_udiff/BhavCopy_NSE_CM_0_0_0_20250626_F_0000.csv.zip,https://nsearchives.nseindia.com/content/cm/BhavCopy_NSE_CM_0_0_0_20250626_F_0000.csv.zip,2025-06-26,dedde1f447b5d97f1c387ec171ae8086d18eda0175a32bf48798082cf0fc2058,169107,historical NSE UDIFF equity bhavcopy,NSE download manifest
data/raw/bhavcopy_udiff/BhavCopy_NSE_CM_0_0_0_20250627_F_0000.csv.zip,https://nsearchives.nseindia.com/content/cm/BhavCopy_NSE_CM_0_0_0_20250627_F_0000.csv.zip,2025-06-27,312c318a7c5951771031dbfcfbee56acad02e26f38fd0b63c2c29e9983d8517c,169533,historical NSE UDIFF equity bhavcopy,NSE download manifest
data/raw/bhavcopy_udiff/BhavCopy_NSE_CM_0_0_0_20250630_F_0000.csv.zip,https://nsearchives.nseindia.com/content/cm/BhavCopy_NSE_CM_0_0_0_20250630_F_0000.csv.zip,2025-06-30,dd770f376622ae73d95354e235d24bf2fcc8a4166fcdf423793cf3b8196b2da9,172340,historical NSE UDIFF equity bhavcopy,NSE download manifest
data/raw/bhavcopy_udiff/BhavCopy_NSE_CM_0_0_0_20250701_F_0000.csv.zip,https://nsearchives.nseindia.com/content/cm/BhavCopy_NSE_CM_0_0_0_20250701_F_0000.csv.zip,2025-07-01,93ac2319d794bd70e2970be504bd09fdf06924fb891b57f508ec660c91491db8,171001,historical NSE UDIFF equity bhavcopy,NSE download manifest
data/raw/bhavcopy_udiff/BhavCopy_NSE_CM_0_0_0_20250702_F_0000.csv.zip,https://nsearchives.nseindia.com/content/cm/BhavCopy_NSE_CM_0_0_0_20250702_F_0000.csv.zip,2025-07-02,486173965266b4a91de7a9e777a2de777b190197aebfb9f80691ad7306cec7c7,171294,historical NSE UDIFF equity bhavcopy,NSE download manifest
data/raw/bhavcopy_udiff/BhavCopy_NSE_CM_0_0_0_20250703_F_0000.csv.zip,https://nsearchives.nseindia.com/content/cm/BhavCopy_NSE_CM_0_0_0_20250703_F_0000.csv.zip,2025-07-03,01fd171a2a212c24470efc6b63a17fc41ad166ccf2ecaa3086f71e3c5e7c5bf8,171220,historical NSE UDIFF equity bhavcopy,NSE download manifest
data/raw/bhavcopy_udiff/BhavCopy_NSE_CM_0_0_0_20250704_F_0000.csv.zip,https://nsearchives.nseindia.com/content/cm/BhavCopy_NSE_CM_0_0_0_20250704_F_0000.csv.zip,2025-07-04,c192a96cb9788cbdbdebd250161be4f2c69378bf2b38c6754d024057eea97bcc,170555,historical NSE UDIFF equity bhavcopy,NSE download manifest
data/raw/bhavcopy_udiff/BhavCopy_NSE_CM_0_0_0_20250707_F_0000.csv.zip,https://nsearchives.nseindia.com/content/cm/BhavCopy_NSE_CM_0_0_0_20250707_F_0000.csv.zip,2025-07-07,7a591125471e7975e0cf2e4a6dedcb271f0d6f228e50b6edc50007f1646823ff,172171,historical NSE UDIFF equity bhavcopy,NSE download manifest
data/raw/bhavcopy_udiff/BhavCopy_NSE_CM_0_0_0_20250708_F_0000.csv.zip,https://nsearchives.nseindia.com/content/cm/BhavCopy_NSE_CM_0_0_0_20250708_F_0000.csv.zip,2025-07-08,a1e2fe5e7df07598235f0cd9fd988efbb2cdb0da626b27a29182286cf102d409,170947,historical NSE UDIFF equity bhavcopy,NSE download manifest
data/raw/bhavcopy_udiff/BhavCopy_NSE_CM_0_0_0_20250709_F_0000.csv.zip,https://nsearchives.nseindia.com/content/cm/BhavCopy_NSE_CM_0_0_0_20250709_F_0000.csv.zip,2025-07-09,d9c4090f0ce103892b544acb5321bbb5eb6be25e2f080d0ec72be459b7697f52,170830,historical NSE UDIFF equity bhavcopy,NSE download manifest
data/raw/bhavcopy_udiff/BhavCopy_NSE_CM_0_0_0_20250710_F_0000.csv.zip,https://nsearchives.nseindia.com/content/cm/BhavCopy_NSE_CM_0_0_0_20250710_F_0000.csv.zip,2025-07-10,d33f3a30466ba5700a9ca3ff6dd0619885553a125754886a95c10d48d99673ba,170173,historical NSE UDIFF equity bhavcopy,NSE download manifest
data/raw/bhavcopy_udiff/BhavCopy_NSE_CM_0_0_0_20250711_F_0000.csv.zip,https://nsearchives.nseindia.com/content/cm/BhavCopy_NSE_CM_0_0_0_20250711_F_0000.csv.zip,2025-07-11,26e6924aeaaca52abf259b8bb9c30047e6e8bda81162be82d195e5697a7ba3cd,170226,historical NSE UDIFF equity bhavcopy,NSE download manifest
data/raw/bhavcopy_udiff/BhavCopy_NSE_CM_0_0_0_20250714_F_0000.csv.zip,https://nsearchives.nseindia.com/content/cm/BhavCopy_NSE_CM_0_0_0_20250714_F_0000.csv.zip,2025-07-14,79c31432479a16ec493c351dd928b51b67912b9020be74872c34e91ef987cbc1,174071,historical NSE UDIFF equity bhavcopy,NSE download manifest
data/raw/bhavcopy_udiff/BhavCopy_NSE_CM_0_0_0_20250715_F_0000.csv.zip,https://nsearchives.nseindia.com/content/cm/BhavCopy_NSE_CM_0_0_0_20250715_F_0000.csv.zip,2025-07-15,034656aaea60ac3769919f9d82ecd0e1ab0ebe6deb2a2e0fa2c639ac17c8fc8c,170821,historical NSE UDIFF equity bhavcopy,NSE download manifest
data/raw/bhavcopy_udiff/BhavCopy_NSE_CM_0_0_0_20250716_F_0000.csv.zip,https://nsearchives.nseindia.com/content/cm/BhavCopy_NSE_CM_0_0_0_20250716_F_0000.csv.zip,2025-07-16,5b4942c73e4461933a7e1f73b63861ef47d205ffea20e8b9146864cf0abd6083,170566,historical NSE UDIFF equity bhavcopy,NSE download manifest
data/raw/bhavcopy_udiff/BhavCopy_NSE_CM_0_0_0_20250717_F_0000.csv.zip,https://nsearchives.nseindia.com/content/cm/BhavCopy_NSE_CM_0_0_0_20250717_F_0000.csv.zip,2025-07-17,b93d485b848874836d870e124d797d0bba47d58a90535382913c0c3052e02252,171292,historical NSE UDIFF equity bhavcopy,NSE download manifest
data/raw/bhavcopy_udiff/BhavCopy_NSE_CM_0_0_0_20250718_F_0000.csv.zip,https://nsearchives.nseindia.com/content/cm/BhavCopy_NSE_CM_0_0_0_20250718_F_0000.csv.zip,2025-07-18,518138a846d3ba28c3ecbbf5839840cf0261cbbb95fd9f62f434a6066e070c5e,171893,historical NSE UDIFF equity bhavcopy,NSE download manifest
data/raw/bhavcopy_udiff/BhavCopy_NSE_CM_0_0_0_20250721_F_0000.csv.zip,https://nsearchives.nseindia.com/content/cm/BhavCopy_NSE_CM_0_0_0_20250721_F_0000.csv.zip,2025-07-21,ac8e43038b333c924dc39c82265738fbadd697fcf51e33d242a876d738e6ac24,173373,historical NSE UDIFF equity bhavcopy,NSE download manifest
data/raw/bhavcopy_udiff/BhavCopy_NSE_CM_0_0_0_20250722_F_0000.csv.zip,https://nsearchives.nseindia.com/content/cm/BhavCopy_NSE_CM_0_0_0_20250722_F_0000.csv.zip,2025-07-22,a7288542357477a7fdcd57b5b8d71dac5c4100a3a326a2628d27e2e03f2cf00b,171506,historical NSE UDIFF equity bhavcopy,NSE download manifest
data/raw/bhavcopy_udiff/BhavCopy_NSE_CM_0_0_0_20250723_F_0000.csv.zip,https://nsearchives.nseindia.com/content/cm/BhavCopy_NSE_CM_0_0_0_20250723_F_0000.csv.zip,2025-07-23,3199d46523941014f74155784fb0b8d65db68a97b146ec8554f51f386b333c78,172597,historical NSE UDIFF equity bhavcopy,NSE download manifest
data/raw/bhavcopy_udiff/BhavCopy_NSE_CM_0_0_0_20250724_F_0000.csv.zip,https://nsearchives.nseindia.com/content/cm/BhavCopy_NSE_CM_0_0_0_20250724_F_0000.csv.zip,2025-07-24,91112dff0fe18034313fc87c6df2f3604c28dabe32a0235f376da1a372e52afe,172128,historical NSE UDIFF equity bhavcopy,NSE download manifest
data/raw/bhavcopy_udiff/BhavCopy_NSE_CM_0_0_0_20250725_F_0000.csv.zip,https://nsearchives.nseindia.com/content/cm/BhavCopy_NSE_CM_0_0_0_20250725_F_0000.csv.zip,2025-07-25,bfcfb21d7b3efad91121def0228c3489fa11d1714b41fbee9df151ee8147d9a4,171093,historical NSE UDIFF equity bhavcopy,NSE download manifest
data/raw/bhavcopy_udiff/BhavCopy_NSE_CM_0_0_0_20250728_F_0000.csv.zip,https://nsearchives.nseindia.com/content/cm/BhavCopy_NSE_CM_0_0_0_20250728_F_0000.csv.zip,2025-07-28,4a33c4c362a91f66f1995a83c5a1ad791786591187b73373b78c7f5a2df66eba,174460,historical NSE UDIFF equity bhavcopy,NSE download manifest
data/raw/bhavcopy_udiff/BhavCopy_NSE_CM_0_0_0_20250729_F_0000.csv.zip,https://nsearchives.nseindia.com/content/cm/BhavCopy_NSE_CM_0_0_0_20250729_F_0000.csv.zip,2025-07-29,10db138b56dc381e05ab91615e9a05c25f7aadafe690da1559426b6c63ec90d2,171685,historical NSE UDIFF equity bhavcopy,NSE download manifest
data/raw/bhavcopy_udiff/BhavCopy_NSE_CM_0_0_0_20250730_F_0000.csv.zip,https://nsearchives.nseindia.com/content/cm/BhavCopy_NSE_CM_0_0_0_20250730_F_0000.csv.zip,2025-07-30,5547b8873a3e0f5c17a42aa3a56649133189f412f67b81628c556c96f909fd50,171596,historical NSE UDIFF equity bhavcopy,NSE download manifest
data/raw/bhavcopy_udiff/BhavCopy_NSE_CM_0_0_0_20250731_F_0000.csv.zip,https://nsearchives.nseindia.com/content/cm/BhavCopy_NSE_CM_0_0_0_20250731_F_0000.csv.zip,2025-07-31,abec14218c0813a9b4fc67422f16404c76b519bbfcf495ebd51d769e4fea8fd0,172076,historical NSE UDIFF equity bhavcopy,NSE download manifest
data/raw/bhavcopy_udiff/BhavCopy_NSE_CM_0_0_0_20250801_F_0000.csv.zip,https://nsearchives.nseindia.com/content/cm/BhavCopy_NSE_CM_0_0_0_20250801_F_0000.csv.zip,2025-08-01,fa2ce11a7dc299537cd43ae2cf1b6d910375adfd55a4eb2468afe6636e1f6179,171451,historical NSE UDIFF equity bhavcopy,NSE download manifest
data/raw/bhavcopy_udiff/BhavCopy_NSE_CM_0_0_0_20250804_F_0000.csv.zip,https://nsearchives.nseindia.com/content/cm/BhavCopy_NSE_CM_0_0_0_20250804_F_0000.csv.zip,2025-08-04,3b10ddfff05391de0fb376a5fa5e55085b4caeee1654cf58fbff30816af4d009,174596,historical NSE UDIFF equity bhavcopy,NSE download manifest
data/raw/bhavcopy_udiff/BhavCopy_NSE_CM_0_0_0_20250805_F_0000.csv.zip,https://nsearchives.nseindia.com/content/cm/BhavCopy_NSE_CM_0_0_0_20250805_F_0000.csv.zip,2025-08-05,9a73f7b8862202ad8647303694c8baf67ac61efa4b72fb142c30b0e8c51c818f,172307,historical NSE UDIFF equity bhavcopy,NSE download manifest
data/raw/bhavcopy_udiff/BhavCopy_NSE_CM_0_0_0_20250806_F_0000.csv.zip,https://nsearchives.nseindia.com/content/cm/BhavCopy_NSE_CM_0_0_0_20250806_F_0000.csv.zip,2025-08-06,8529e5e09b42c341f5c2fcc368d92f28cbf48a71bb086aadaddce4c75a5833ee,173161,historical NSE UDIFF equity bhavcopy,NSE download manifest
data/raw/bhavcopy_udiff/BhavCopy_NSE_CM_0_0_0_20250807_F_0000.csv.zip,https://nsearchives.nseindia.com/content/cm/BhavCopy_NSE_CM_0_0_0_20250807_F_0000.csv.zip,2025-08-07,311f03121a53c3cbabe2328ca53cc0f072281b45d6785ca65f03144f5967fcd9,173214,historical NSE UDIFF equity bhavcopy,NSE download manifest
data/raw/bhavcopy_udiff/BhavCopy_NSE_CM_0_0_0_20250808_F_0000.csv.zip,https://nsearchives.nseindia.com/content/cm/BhavCopy_NSE_CM_0_0_0_20250808_F_0000.csv.zip,2025-08-08,2b0be2dce576a2757741655f88889a7b1ab01c4ef3b20be70fa952812c3c5768,171666,historical NSE UDIFF equity bhavcopy,NSE download manifest
data/raw/bhavcopy_udiff/BhavCopy_NSE_CM_0_0_0_20250811_F_0000.csv.zip,https://nsearchives.nseindia.com/content/cm/BhavCopy_NSE_CM_0_0_0_20250811_F_0000.csv.zip,2025-08-11,ebc9577d2a2d023c4535243350b77610ab461ab035e15163bb33e9df1e72b1d2,174166,historical NSE UDIFF equity bhavcopy,NSE download manifest
data/raw/bhavcopy_udiff/BhavCopy_NSE_CM_0_0_0_20250812_F_0000.csv.zip,https://nsearchives.nseindia.com/content/cm/BhavCopy_NSE_CM_0_0_0_20250812_F_0000.csv.zip,2025-08-12,154c7772308b7f12183935ba2b03e7796b96ed4afc3013ddb811ec3f8c6f838d,172337,historical NSE UDIFF equity bhavcopy,NSE download manifest
data/raw/bhavcopy_udiff/BhavCopy_NSE_CM_0_0_0_20250813_F_0000.csv.zip,https://nsearchives.nseindia.com/content/cm/BhavCopy_NSE_CM_0_0_0_20250813_F_0000.csv.zip,2025-08-13,5b2a005ee3028bf418ade16d18ef9f13adb5a0b48dc47ed2c170b3e28f179e31,172536,historical NSE UDIFF equity bhavcopy,NSE download manifest
data/raw/bhavcopy_udiff/BhavCopy_NSE_CM_0_0_0_20250814_F_0000.csv.zip,https://nsearchives.nseindia.com/content/cm/BhavCopy_NSE_CM_0_0_0_20250814_F_0000.csv.zip,2025-08-14,ec5057b55adafdf30bdc1fa575793c37a63e62723866f70e732f13d3dc62b689,171243,historical NSE UDIFF equity bhavcopy,NSE download manifest
data/raw/bhavcopy_udiff/BhavCopy_NSE_CM_0_0_0_20250818_F_0000.csv.zip,https://nsearchives.nseindia.com/content/cm/BhavCopy_NSE_CM_0_0_0_20250818_F_0000.csv.zip,2025-08-18,50fef8cf7ea0f72b1ffc976a82b2e551f9eeae72793131ff13a1559d5ea4ac6b,177182,historical NSE UDIFF equity bhavcopy,NSE download manifest
data/raw/bhavcopy_udiff/BhavCopy_NSE_CM_0_0_0_20250819_F_0000.csv.zip,https://nsearchives.nseindia.com/content/cm/BhavCopy_NSE_CM_0_0_0_20250819_F_0000.csv.zip,2025-08-19,9f6f90261b9516b3049ec15e93a21abffe05a7611dcb245bb3912f23fb4e2b41,173618,historical NSE UDIFF equity bhavcopy,NSE download manifest
data/raw/bhavcopy_udiff/BhavCopy_NSE_CM_0_0_0_20250820_F_0000.csv.zip,https://nsearchives.nseindia.com/content/cm/BhavCopy_NSE_CM_0_0_0_20250820_F_0000.csv.zip,2025-08-20,63bcb1909f74376402f8c41ba6e0f3d20e9f6528a2d7adf3a25c162ea86b79bf,173224,historical NSE UDIFF equity bhavcopy,NSE download manifest
data/raw/bhavcopy_udiff/BhavCopy_NSE_CM_0_0_0_20250821_F_0000.csv.zip,https://nsearchives.nseindia.com/content/cm/BhavCopy_NSE_CM_0_0_0_20250821_F_0000.csv.zip,2025-08-21,cfb28d13d2dc26f2dbd627e27b1108302d641532ff2b2858b87121b7892eeded,172901,historical NSE UDIFF equity bhavcopy,NSE download manifest
data/raw/bhavcopy_udiff/BhavCopy_NSE_CM_0_0_0_20250822_F_0000.csv.zip,https://nsearchives.nseindia.com/content/cm/BhavCopy_NSE_CM_0_0_0_20250822_F_0000.csv.zip,2025-08-22,dab23ff3f470d0a06721b68e638b42a82fd9c19629812fc291d775715b7f5d0e,171936,historical NSE UDIFF equity bhavcopy,NSE download manifest
data/raw/bhavcopy_udiff/BhavCopy_NSE_CM_0_0_0_20250825_F_0000.csv.zip,https://nsearchives.nseindia.com/content/cm/BhavCopy_NSE_CM_0_0_0_20250825_F_0000.csv.zip,2025-08-25,577b4a03a8c51bd7b8633ab142dc66ab88df29b4bd2bcf0f6ae2913fb20f0be4,175079,historical NSE UDIFF equity bhavcopy,NSE download manifest
data/raw/bhavcopy_udiff/BhavCopy_NSE_CM_0_0_0_20250826_F_0000.csv.zip,https://nsearchives.nseindia.com/content/cm/BhavCopy_NSE_CM_0_0_0_20250826_F_0000.csv.zip,2025-08-26,fea96c131d1eea45452d257884764e4fffd4fc635e0fb0d02903980b2c77bf50,173812,historical NSE UDIFF equity bhavcopy,NSE download manifest
data/raw/bhavcopy_udiff/BhavCopy_NSE_CM_0_0_0_20250828_F_0000.csv.zip,https://nsearchives.nseindia.com/content/cm/BhavCopy_NSE_CM_0_0_0_20250828_F_0000.csv.zip,2025-08-28,6463738ec98f62a856f45583c279d69f965ecda337e615403e04a26d905b2028,173305,historical NSE UDIFF equity bhavcopy,NSE download manifest
data/raw/bhavcopy_udiff/BhavCopy_NSE_CM_0_0_0_20250829_F_0000.csv.zip,https://nsearchives.nseindia.com/content/cm/BhavCopy_NSE_CM_0_0_0_20250829_F_0000.csv.zip,2025-08-29,d44b60a7ef467b9b8604c3905e853e0f2f6ede8a3ef34e5f811f215cf48abb4b,174370,historical NSE UDIFF equity bhavcopy,NSE download manifest
data/raw/bhavcopy_udiff/BhavCopy_NSE_CM_0_0_0_20250901_F_0000.csv.zip,https://nsearchives.nseindia.com/content/cm/BhavCopy_NSE_CM_0_0_0_20250901_F_0000.csv.zip,2025-09-01,c6966b72a7c8f102cef4241ba24fc6c49e322f31407554196eed934b844bf633,177047,historical NSE UDIFF equity bhavcopy,NSE download manifest
data/raw/bhavcopy_udiff/BhavCopy_NSE_CM_0_0_0_20250902_F_0000.csv.zip,https://nsearchives.nseindia.com/content/cm/BhavCopy_NSE_CM_0_0_0_20250902_F_0000.csv.zip,2025-09-02,1c19ba591721477b024e47cdb04847e1127d8edea2e1bbca21ed1a6993c95532,176702,historical NSE UDIFF equity bhavcopy,NSE download manifest
data/raw/bhavcopy_udiff/BhavCopy_NSE_CM_0_0_0_20250903_F_0000.csv.zip,https://nsearchives.nseindia.com/content/cm/BhavCopy_NSE_CM_0_0_0_20250903_F_0000.csv.zip,2025-09-03,af211638842b021ded7bf9b5cc9308e5e650fba1444095d398ab7bd13b46705a,176604,historical NSE UDIFF equity bhavcopy,NSE download manifest
data/raw/bhavcopy_udiff/BhavCopy_NSE_CM_0_0_0_20250904_F_0000.csv.zip,https://nsearchives.nseindia.com/content/cm/BhavCopy_NSE_CM_0_0_0_20250904_F_0000.csv.zip,2025-09-04,46e8030af876a64f6481c44d3a4daaa3062cfc6cc9d33d803c76ba3452469621,177071,historical NSE UDIFF equity bhavcopy,NSE download manifest
data/raw/bhavcopy_udiff/BhavCopy_NSE_CM_0_0_0_20250905_F_0000.csv.zip,https://nsearchives.nseindia.com/content/cm/BhavCopy_NSE_CM_0_0_0_20250905_F_0000.csv.zip,2025-09-05,9a4d8e6750e4022f9e91f5cc196028c013fb067ba92434a6eb4a3ea30727d4cb,175996,historical NSE UDIFF equity bhavcopy,NSE download manifest
data/raw/bhavcopy_udiff/BhavCopy_NSE_CM_0_0_0_20250908_F_0000.csv.zip,https://nsearchives.nseindia.com/content/cm/BhavCopy_NSE_CM_0_0_0_20250908_F_0000.csv.zip,2025-09-08,2e857737b3a84ef91059094eaa5724f3e2569bde36f1fd097daead650dd2a58f,177035,historical NSE UDIFF equity bhavcopy,NSE download manifest
data/raw/bhavcopy_udiff/BhavCopy_NSE_CM_0_0_0_20250909_F_0000.csv.zip,https://nsearchives.nseindia.com/content/cm/BhavCopy_NSE_CM_0_0_0_20250909_F_0000.csv.zip,2025-09-09,6ba58d150213bd1339fbebb5da199efdd94fe04c3f7edd0aee54d1f806dc992b,175348,historical NSE UDIFF equity bhavcopy,NSE download manifest
data/raw/bhavcopy_udiff/BhavCopy_NSE_CM_0_0_0_20250910_F_0000.csv.zip,https://nsearchives.nseindia.com/content/cm/BhavCopy_NSE_CM_0_0_0_20250910_F_0000.csv.zip,2025-09-10,9fc93a160d5cf28a4b3045aaf795e4b2e78b5ad8a8e2e380a51639e4632e02df,176580,historical NSE UDIFF equity bhavcopy,NSE download manifest
data/raw/bhavcopy_udiff/BhavCopy_NSE_CM_0_0_0_20250911_F_0000.csv.zip,https://nsearchives.nseindia.com/content/cm/BhavCopy_NSE_CM_0_0_0_20250911_F_0000.csv.zip,2025-09-11,7c73e05ee27db67cb824ec51269590fdc790e7df137d02169bf81ea15edb9d75,177059,historical NSE UDIFF equity bhavcopy,NSE download manifest
data/raw/bhavcopy_udiff/BhavCopy_NSE_CM_0_0_0_20250912_F_0000.csv.zip,https://nsearchives.nseindia.com/content/cm/BhavCopy_NSE_CM_0_0_0_20250912_F_0000.csv.zip,2025-09-12,fbfd8d424d5cb8db9d6f4ac7d3fff900b34e4fb5a18a38803a006e23a9b6af5b,177112,historical NSE UDIFF equity bhavcopy,NSE download manifest
data/raw/bhavcopy_udiff/BhavCopy_NSE_CM_0_0_0_20250915_F_0000.csv.zip,https://nsearchives.nseindia.com/content/cm/BhavCopy_NSE_CM_0_0_0_20250915_F_0000.csv.zip,2025-09-15,7fade0a40d5c94574e0f9fea41d24ff1a1ece2b131e60d333cceaf4072c80e28,178399,historical NSE UDIFF equity bhavcopy,NSE download manifest
data/raw/bhavcopy_udiff/BhavCopy_NSE_CM_0_0_0_20250916_F_0000.csv.zip,https://nsearchives.nseindia.com/content/cm/BhavCopy_NSE_CM_0_0_0_20250916_F_0000.csv.zip,2025-09-16,690c67ca800b828b943dd6fddad261db4d0bfd3fdb78f342a17fac3d193be91c,177616,historical NSE UDIFF equity bhavcopy,NSE download manifest
data/raw/bhavcopy_udiff/BhavCopy_NSE_CM_0_0_0_20250917_F_0000.csv.zip,https://nsearchives.nseindia.com/content/cm/BhavCopy_NSE_CM_0_0_0_20250917_F_0000.csv.zip,2025-09-17,42f74170ec7e1bd3c9fd80d267351b0ed27cdff68b02005f9021fdc0fc21f10a,179185,historical NSE UDIFF equity bhavcopy,NSE download manifest
data/raw/bhavcopy_udiff/BhavCopy_NSE_CM_0_0_0_20250918_F_0000.csv.zip,https://nsearchives.nseindia.com/content/cm/BhavCopy_NSE_CM_0_0_0_20250918_F_0000.csv.zip,2025-09-18,9ab4c5cfc930a18a6a5864eab4528a777bee66a3681f1c7cea7cfac503e3b8f4,183831,historical NSE UDIFF equity bhavcopy,NSE download manifest
data/raw/bhavcopy_udiff/BhavCopy_NSE_CM_0_0_0_20250919_F_0000.csv.zip,https://nsearchives.nseindia.com/content/cm/BhavCopy_NSE_CM_0_0_0_20250919_F_0000.csv.zip,2025-09-19,082cdbde89ba1bf28633be126645b353c10b0e0e31190e7b43193917b9858d89,176597,historical NSE UDIFF equity bhavcopy,NSE download manifest
data/raw/bhavcopy_udiff/BhavCopy_NSE_CM_0_0_0_20250922_F_0000.csv.zip,https://nsearchives.nseindia.com/content/cm/BhavCopy_NSE_CM_0_0_0_20250922_F_0000.csv.zip,2025-09-22,317ca34ae71af34a77848368be9b6c54a3e54c8e52763f63c3fa43cd17f3f2f6,179967,historical NSE UDIFF equity bhavcopy,NSE download manifest
data/raw/bhavcopy_udiff/BhavCopy_NSE_CM_0_0_0_20250923_F_0000.csv.zip,https://nsearchives.nseindia.com/content/cm/BhavCopy_NSE_CM_0_0_0_20250923_F_0000.csv.zip,2025-09-23,9c25bc8800a0d9c565a9ecbe69e04e2d3959c6ee08221e7d4e0e3425e95deb58,176417,historical NSE UDIFF equity bhavcopy,NSE download manifest
data/raw/bhavcopy_udiff/BhavCopy_NSE_CM_0_0_0_20250924_F_0000.csv.zip,https://nsearchives.nseindia.com/content/cm/BhavCopy_NSE_CM_0_0_0_20250924_F_0000.csv.zip,2025-09-24,c17ae9e3a2bd57683757a6c4741661dd5c6a6e5f4151cf2daca76e99d68f051d,176393,historical NSE UDIFF equity bhavcopy,NSE download manifest
data/raw/bhavcopy_udiff/BhavCopy_NSE_CM_0_0_0_20250925_F_0000.csv.zip,https://nsearchives.nseindia.com/content/cm/BhavCopy_NSE_CM_0_0_0_20250925_F_0000.csv.zip,2025-09-25,e12f33fa82cb39f355decd3d6a4d7ca9921fd0bf2b9062dc26a98a7f103954ec,176121,historical NSE UDIFF equity bhavcopy,NSE download manifest
data/raw/bhavcopy_udiff/BhavCopy_NSE_CM_0_0_0_20250926_F_0000.csv.zip,https://nsearchives.nseindia.com/content/cm/BhavCopy_NSE_CM_0_0_0_20250926_F_0000.csv.zip,2025-09-26,e1ce4b59be6c3da7325f21be31818ea93ec27331fb6d130c0063dd2a5e7f90d5,177333,historical NSE UDIFF equity bhavcopy,NSE download manifest
data/raw/bhavcopy_udiff/BhavCopy_NSE_CM_0_0_0_20250929_F_0000.csv.zip,https://nsearchives.nseindia.com/content/cm/BhavCopy_NSE_CM_0_0_0_20250929_F_0000.csv.zip,2025-09-29,8b8606fcf448c08c84ad2ebe270ac18375b46867325d1b48f27aabe2998cc746,178582,historical NSE UDIFF equity bhavcopy,NSE download manifest
data/raw/bhavcopy_udiff/BhavCopy_NSE_CM_0_0_0_20250930_F_0000.csv.zip,https://nsearchives.nseindia.com/content/cm/BhavCopy_NSE_CM_0_0_0_20250930_F_0000.csv.zip,2025-09-30,74106e2890f573b3f98e8b775f803ca0223e0878536386a30c4fedb35b2c64f9,175937,historical NSE UDIFF equity bhavcopy,NSE download manifest
data/raw/bhavcopy_udiff/BhavCopy_NSE_CM_0_0_0_20251001_F_0000.csv.zip,https://nsearchives.nseindia.com/content/cm/BhavCopy_NSE_CM_0_0_0_20251001_F_0000.csv.zip,2025-10-01,abc637d3e093f2c37eecaebcf8f19243f5916294eeb4a655e91a7eb45922a820,177223,historical NSE UDIFF equity bhavcopy,NSE download manifest
data/raw/bhavcopy_udiff/BhavCopy_NSE_CM_0_0_0_20251003_F_0000.csv.zip,https://nsearchives.nseindia.com/content/cm/BhavCopy_NSE_CM_0_0_0_20251003_F_0000.csv.zip,2025-10-03,e2d47ee53d5dc52fba83bb9eac8d091a4c8da2af0548dfaa233ce09c94354e51,179272,historical NSE UDIFF equity bhavcopy,NSE download manifest
data/raw/bhavcopy_udiff/BhavCopy_NSE_CM_0_0_0_20251006_F_0000.csv.zip,https://nsearchives.nseindia.com/content/cm/BhavCopy_NSE_CM_0_0_0_20251006_F_0000.csv.zip,2025-10-06,43231c4a643f94e09248e3d3642739e2268f80a67d5bdfd768ae7f6cf0477bc9,180835,historical NSE UDIFF equity bhavcopy,NSE download manifest
data/raw/bhavcopy_udiff/BhavCopy_NSE_CM_0_0_0_20251007_F_0000.csv.zip,https://nsearchives.nseindia.com/content/cm/BhavCopy_NSE_CM_0_0_0_20251007_F_0000.csv.zip,2025-10-07,e48a47a07acfb89def6a3467b78a8e0fd3d37dd9592e98fc653503b53a3bd2ee,179702,historical NSE UDIFF equity bhavcopy,NSE download manifest
data/raw/bhavcopy_udiff/BhavCopy_NSE_CM_0_0_0_20251008_F_0000.csv.zip,https://nsearchives.nseindia.com/content/cm/BhavCopy_NSE_CM_0_0_0_20251008_F_0000.csv.zip,2025-10-08,f27504c5ac8e548ab425e5d3471868c2b2abe8c5203b99ddccd3bc1eb7862e8c,180066,historical NSE UDIFF equity bhavcopy,NSE download manifest
data/raw/bhavcopy_udiff/BhavCopy_NSE_CM_0_0_0_20251009_F_0000.csv.zip,https://nsearchives.nseindia.com/content/cm/BhavCopy_NSE_CM_0_0_0_20251009_F_0000.csv.zip,2025-10-09,324dc3286f7e536a50779b89682d3180a31d2ff3329398843cfcb3edaff8cdcb,179308,historical NSE UDIFF equity bhavcopy,NSE download manifest
data/raw/bhavcopy_udiff/BhavCopy_NSE_CM_0_0_0_20251010_F_0000.csv.zip,https://nsearchives.nseindia.com/content/cm/BhavCopy_NSE_CM_0_0_0_20251010_F_0000.csv.zip,2025-10-10,6974916ea0d25ba926b9f54ea2048b03fcbf8de25802baba89012e1f4c1ee8c2,178546,historical NSE UDIFF equity bhavcopy,NSE download manifest
data/raw/bhavcopy_udiff/BhavCopy_NSE_CM_0_0_0_20251013_F_0000.csv.zip,https://nsearchives.nseindia.com/content/cm/BhavCopy_NSE_CM_0_0_0_20251013_F_0000.csv.zip,2025-10-13,b2041ef799e831432238f2add4249502abc69cb60a76f3c686f5bbef2aeabe58,179804,historical NSE UDIFF equity bhavcopy,NSE download manifest
data/raw/bhavcopy_udiff/BhavCopy_NSE_CM_0_0_0_20251014_F_0000.csv.zip,https://nsearchives.nseindia.com/content/cm/BhavCopy_NSE_CM_0_0_0_20251014_F_0000.csv.zip,2025-10-14,5bd4f7e4243e8744fc1dfdf7c774eb0b1109c2e6c16e743cd335492973410ed9,180274,historical NSE UDIFF equity bhavcopy,NSE download manifest
data/raw/bhavcopy_udiff/BhavCopy_NSE_CM_0_0_0_20251015_F_0000.csv.zip,https://nsearchives.nseindia.com/content/cm/BhavCopy_NSE_CM_0_0_0_20251015_F_0000.csv.zip,2025-10-15,183148681357378c3e3c617e5487e287c53d8a9d2c91e7ef8b100c2721f5a4fe,179173,historical NSE UDIFF equity bhavcopy,NSE download manifest
data/raw/bhavcopy_udiff/BhavCopy_NSE_CM_0_0_0_20251016_F_0000.csv.zip,https://nsearchives.nseindia.com/content/cm/BhavCopy_NSE_CM_0_0_0_20251016_F_0000.csv.zip,2025-10-16,793dbd5fb5a6d9056f9aa440d3d497e0ee5921cd5052ad65f578547c2b7e3c66,179700,historical NSE UDIFF equity bhavcopy,NSE download manifest
data/raw/bhavcopy_udiff/BhavCopy_NSE_CM_0_0_0_20251017_F_0000.csv.zip,https://nsearchives.nseindia.com/content/cm/BhavCopy_NSE_CM_0_0_0_20251017_F_0000.csv.zip,2025-10-17,8fa1328466662888d3a0c186809f0a9ed08418ce0ca2289eca3f839f8e6db670,178052,historical NSE UDIFF equity bhavcopy,NSE download manifest
data/raw/bhavcopy_udiff/BhavCopy_NSE_CM_0_0_0_20251020_F_0000.csv.zip,https://nsearchives.nseindia.com/content/cm/BhavCopy_NSE_CM_0_0_0_20251020_F_0000.csv.zip,2025-10-20,6a42d7a22418104712706f2587c437de012e9aabd6a5b95874e8f52808d4ee3d,181436,historical NSE UDIFF equity bhavcopy,NSE download manifest
data/raw/bhavcopy_udiff/BhavCopy_NSE_CM_0_0_0_20251021_F_0000.csv.zip,https://nsearchives.nseindia.com/content/cm/BhavCopy_NSE_CM_0_0_0_20251021_F_0000.csv.zip,2025-10-21,729f028f4dfde2d7dca1abca7b0277a87c4ca950dd0fd5d180ba8fc48c0b6456,168246,historical NSE UDIFF equity bhavcopy,NSE download manifest
data/raw/bhavcopy_udiff/BhavCopy_NSE_CM_0_0_0_20251023_F_0000.csv.zip,https://nsearchives.nseindia.com/content/cm/BhavCopy_NSE_CM_0_0_0_20251023_F_0000.csv.zip,2025-10-23,f06c74027d8b576d1b3ce7419bdb86472c153f7ac2ce687ed5dc949f2e00a105,180544,historical NSE UDIFF equity bhavcopy,NSE download manifest
data/raw/bhavcopy_udiff/BhavCopy_NSE_CM_0_0_0_20251024_F_0000.csv.zip,https://nsearchives.nseindia.com/content/cm/BhavCopy_NSE_CM_0_0_0_20251024_F_0000.csv.zip,2025-10-24,3f4408e0e4271cfe8863320e2ddb67027f464bc6b622bfb08a3dca1371e8f76e,178412,historical NSE UDIFF equity bhavcopy,NSE download manifest
data/raw/bhavcopy_udiff/BhavCopy_NSE_CM_0_0_0_20251027_F_0000.csv.zip,https://nsearchives.nseindia.com/content/cm/BhavCopy_NSE_CM_0_0_0_20251027_F_0000.csv.zip,2025-10-27,84df9bc9f0963d27daff5f15ec3a824820bd230e25633387daa6823d9a7dadea,181905,historical NSE UDIFF equity bhavcopy,NSE download manifest
data/raw/bhavcopy_udiff/BhavCopy_NSE_CM_0_0_0_20251028_F_0000.csv.zip,https://nsearchives.nseindia.com/content/cm/BhavCopy_NSE_CM_0_0_0_20251028_F_0000.csv.zip,2025-10-28,1f6f87b2df8e466364d1e89749b003493e9fbad122bbc1ec4baea5d83bb4d767,181222,historical NSE UDIFF equity bhavcopy,NSE download manifest
data/raw/bhavcopy_udiff/BhavCopy_NSE_CM_0_0_0_20251029_F_0000.csv.zip,https://nsearchives.nseindia.com/content/cm/BhavCopy_NSE_CM_0_0_0_20251029_F_0000.csv.zip,2025-10-29,3c690e3e50cd8c6d054f37672711d9db8c12d533c970cc3a7b383f93ca5fdb9b,179862,historical NSE UDIFF equity bhavcopy,NSE download manifest
data/raw/bhavcopy_udiff/BhavCopy_NSE_CM_0_0_0_20251030_F_0000.csv.zip,https://nsearchives.nseindia.com/content/cm/BhavCopy_NSE_CM_0_0_0_20251030_F_0000.csv.zip,2025-10-30,81906e2b0cdb6e9a2308277acea22e7a42d85947fdd9e651e957418826262428,178296,historical NSE UDIFF equity bhavcopy,NSE download manifest
data/raw/bhavcopy_udiff/BhavCopy_NSE_CM_0_0_0_20251031_F_0000.csv.zip,https://nsearchives.nseindia.com/content/cm/BhavCopy_NSE_CM_0_0_0_20251031_F_0000.csv.zip,2025-10-31,713089e3ac89fd7533d9d5580c30c9feea997b895df25d2b60b0a306cd119f95,178902,historical NSE UDIFF equity bhavcopy,NSE download manifest
data/raw/bhavcopy_udiff/BhavCopy_NSE_CM_0_0_0_20251103_F_0000.csv.zip,https://nsearchives.nseindia.com/content/cm/BhavCopy_NSE_CM_0_0_0_20251103_F_0000.csv.zip,2025-11-03,9cd6fb6e79271de0c77ea69e4a8e8d2d941922bb0e07528cc8ae79799da7a3c0,180608,historical NSE UDIFF equity bhavcopy,NSE download manifest
data/raw/bhavcopy_udiff/BhavCopy_NSE_CM_0_0_0_20251104_F_0000.csv.zip,https://nsearchives.nseindia.com/content/cm/BhavCopy_NSE_CM_0_0_0_20251104_F_0000.csv.zip,2025-11-04,55ec6e57cc1e27250a4c7f0a5832149f2a81e080577ca9ee50c158ed15b0ef8d,178597,historical NSE UDIFF equity bhavcopy,NSE download manifest
data/raw/bhavcopy_udiff/BhavCopy_NSE_CM_0_0_0_20251106_F_0000.csv.zip,https://nsearchives.nseindia.com/content/cm/BhavCopy_NSE_CM_0_0_0_20251106_F_0000.csv.zip,2025-11-06,1bb84ab3914109bcbea8982d5e93f60b25f9dc8581b2228d50e97687e51ca3c4,179682,historical NSE UDIFF equity bhavcopy,NSE download manifest
data/raw/bhavcopy_udiff/BhavCopy_NSE_CM_0_0_0_20251107_F_0000.csv.zip,https://nsearchives.nseindia.com/content/cm/BhavCopy_NSE_CM_0_0_0_20251107_F_0000.csv.zip,2025-11-07,5729a934f876299e23d7c659c250b6769d307c19f09ce7e5b4d6bc6f5d8ef2ac,180274,historical NSE UDIFF equity bhavcopy,NSE download manifest
data/raw/bhavcopy_udiff/BhavCopy_NSE_CM_0_0_0_20251110_F_0000.csv.zip,https://nsearchives.nseindia.com/content/cm/BhavCopy_NSE_CM_0_0_0_20251110_F_0000.csv.zip,2025-11-10,d6ea410699d619d7a7108b8594d9a1bc161e2ac1fa5e986203e8a054fce26db3,181759,historical NSE UDIFF equity bhavcopy,NSE download manifest
data/raw/bhavcopy_udiff/BhavCopy_NSE_CM_0_0_0_20251111_F_0000.csv.zip,https://nsearchives.nseindia.com/content/cm/BhavCopy_NSE_CM_0_0_0_20251111_F_0000.csv.zip,2025-11-11,68b42e2bedaf42945c12ba7c359bf4864bc9ff85e9e749ff98de7b8d38e40fe4,180125,historical NSE UDIFF equity bhavcopy,NSE download manifest
data/raw/bhavcopy_udiff/BhavCopy_NSE_CM_0_0_0_20251112_F_0000.csv.zip,https://nsearchives.nseindia.com/content/cm/BhavCopy_NSE_CM_0_0_0_20251112_F_0000.csv.zip,2025-11-12,5c31fdc8b7854274df265613336eeb700d329448d9b89cce0fd46a59e84b47a8,180073,historical NSE UDIFF equity bhavcopy,NSE download manifest
data/raw/bhavcopy_udiff/BhavCopy_NSE_CM_0_0_0_20251113_F_0000.csv.zip,https://nsearchives.nseindia.com/content/cm/BhavCopy_NSE_CM_0_0_0_20251113_F_0000.csv.zip,2025-11-13,81b0de3f12159455b415a50ae2dbaadb8f6cf9680b63150f26a164065c5a7490,179753,historical NSE UDIFF equity bhavcopy,NSE download manifest
data/raw/bhavcopy_udiff/BhavCopy_NSE_CM_0_0_0_20251114_F_0000.csv.zip,https://nsearchives.nseindia.com/content/cm/BhavCopy_NSE_CM_0_0_0_20251114_F_0000.csv.zip,2025-11-14,e7cb2f64103d3872b44da124dc0a0c76541d39ed6e709877757e4f269356976d,179520,historical NSE UDIFF equity bhavcopy,NSE download manifest
data/raw/bhavcopy_udiff/BhavCopy_NSE_CM_0_0_0_20251117_F_0000.csv.zip,https://nsearchives.nseindia.com/content/cm/BhavCopy_NSE_CM_0_0_0_20251117_F_0000.csv.zip,2025-11-17,9f62ec56cbcf09e4652e3f126fdcc69f5b3543e07bf2dede874d0287d5f88345,182894,historical NSE UDIFF equity bhavcopy,NSE download manifest
data/raw/bhavcopy_udiff/BhavCopy_NSE_CM_0_0_0_20251118_F_0000.csv.zip,https://nsearchives.nseindia.com/content/cm/BhavCopy_NSE_CM_0_0_0_20251118_F_0000.csv.zip,2025-11-18,cc357b1ca8f13325561564cb0e4e18249bc280f3130d1cf47465cf4ad01bffb4,181039,historical NSE UDIFF equity bhavcopy,NSE download manifest
data/raw/bhavcopy_udiff/BhavCopy_NSE_CM_0_0_0_20251119_F_0000.csv.zip,https://nsearchives.nseindia.com/content/cm/BhavCopy_NSE_CM_0_0_0_20251119_F_0000.csv.zip,2025-11-19,65f7826a17d3d06b3f067b377d8763e6921f9d1c12e15d9c5d53c29925c17a54,180767,historical NSE UDIFF equity bhavcopy,NSE download manifest
data/raw/bhavcopy_udiff/BhavCopy_NSE_CM_0_0_0_20251120_F_0000.csv.zip,https://nsearchives.nseindia.com/content/cm/BhavCopy_NSE_CM_0_0_0_20251120_F_0000.csv.zip,2025-11-20,b76fd850d1a114d77b1d82a7373f601f00fa8c547071d24ec64b84e36b681eca,179790,historical NSE UDIFF equity bhavcopy,NSE download manifest
data/raw/bhavcopy_udiff/BhavCopy_NSE_CM_0_0_0_20251121_F_0000.csv.zip,https://nsearchives.nseindia.com/content/cm/BhavCopy_NSE_CM_0_0_0_20251121_F_0000.csv.zip,2025-11-21,4d77da5bd66f043fa2e7bb930d2e96f5528bb5b87c2e0caa85391c410c169649,178405,historical NSE UDIFF equity bhavcopy,NSE download manifest
data/raw/bhavcopy_udiff/BhavCopy_NSE_CM_0_0_0_20251124_F_0000.csv.zip,https://nsearchives.nseindia.com/content/cm/BhavCopy_NSE_CM_0_0_0_20251124_F_0000.csv.zip,2025-11-24,f973734b374c982061f8aaa1adc9e91d6a31039e5e6b83323d47850d5a0760d8,180983,historical NSE UDIFF equity bhavcopy,NSE download manifest
data/raw/bhavcopy_udiff/BhavCopy_NSE_CM_0_0_0_20251125_F_0000.csv.zip,https://nsearchives.nseindia.com/content/cm/BhavCopy_NSE_CM_0_0_0_20251125_F_0000.csv.zip,2025-11-25,0ed39af88c2f2d1f06935f3806fe0028505c4cfcf439f5649efb95b8f15e6ff3,180014,historical NSE UDIFF equity bhavcopy,NSE download manifest
data/raw/bhavcopy_udiff/BhavCopy_NSE_CM_0_0_0_20251126_F_0000.csv.zip,https://nsearchives.nseindia.com/content/cm/BhavCopy_NSE_CM_0_0_0_20251126_F_0000.csv.zip,2025-11-26,e3c26d54e36edba1498ac55a9592f865f67dabce3ba4b93ac86207ddb26080c5,178947,historical NSE UDIFF equity bhavcopy,NSE download manifest
data/raw/bhavcopy_udiff/BhavCopy_NSE_CM_0_0_0_20251127_F_0000.csv.zip,https://nsearchives.nseindia.com/content/cm/BhavCopy_NSE_CM_0_0_0_20251127_F_0000.csv.zip,2025-11-27,50cbae105af994e5e386bc0fe2f2b7e49a49edfe0cca582818fea37076923015,179446,historical NSE UDIFF equity bhavcopy,NSE download manifest
data/raw/bhavcopy_udiff/BhavCopy_NSE_CM_0_0_0_20251128_F_0000.csv.zip,https://nsearchives.nseindia.com/content/cm/BhavCopy_NSE_CM_0_0_0_20251128_F_0000.csv.zip,2025-11-28,08a8a50ed9e38ae1ef10c4f6512f05a7127c71b3c22f5215302b8bc80b53e32d,178829,historical NSE UDIFF equity bhavcopy,NSE download manifest
data/raw/bhavcopy_udiff/BhavCopy_NSE_CM_0_0_0_20251201_F_0000.csv.zip,https://nsearchives.nseindia.com/content/cm/BhavCopy_NSE_CM_0_0_0_20251201_F_0000.csv.zip,2025-12-01,da33465392856db9ceb4bc64f58212e19c4c2b6cc26118f3511676dae008b79f,181133,historical NSE UDIFF equity bhavcopy,NSE download manifest
data/raw/bhavcopy_udiff/BhavCopy_NSE_CM_0_0_0_20251202_F_0000.csv.zip,https://nsearchives.nseindia.com/content/cm/BhavCopy_NSE_CM_0_0_0_20251202_F_0000.csv.zip,2025-12-02,8bfeafadb8eecb0e80ffc613a8dc7c70967b9b0ddf19dfbf8e4bbf9cb14b3d08,179747,historical NSE UDIFF equity bhavcopy,NSE download manifest
data/raw/bhavcopy_udiff/BhavCopy_NSE_CM_0_0_0_20251203_F_0000.csv.zip,https://nsearchives.nseindia.com/content/cm/BhavCopy_NSE_CM_0_0_0_20251203_F_0000.csv.zip,2025-12-03,046048b28ddc557dc364dd852bd16fe608d10e011c6bbf8379dc31b41c4f823d,180396,historical NSE UDIFF equity bhavcopy,NSE download manifest
data/raw/bhavcopy_udiff/BhavCopy_NSE_CM_0_0_0_20251204_F_0000.csv.zip,https://nsearchives.nseindia.com/content/cm/BhavCopy_NSE_CM_0_0_0_20251204_F_0000.csv.zip,2025-12-04,4b0ba95cdb731fbff6e757d9cd8ad0a0ac16fb2ac3928ec75bc92aa836464500,180169,historical NSE UDIFF equity bhavcopy,NSE download manifest
data/raw/bhavcopy_udiff/BhavCopy_NSE_CM_0_0_0_20251205_F_0000.csv.zip,https://nsearchives.nseindia.com/content/cm/BhavCopy_NSE_CM_0_0_0_20251205_F_0000.csv.zip,2025-12-05,c133b68f3ed22dbfad65f3a99266e0839b06c930d0261fdbbb585aa0c5c44268,179322,historical NSE UDIFF equity bhavcopy,NSE download manifest
data/raw/bhavcopy_udiff/BhavCopy_NSE_CM_0_0_0_20251208_F_0000.csv.zip,https://nsearchives.nseindia.com/content/cm/BhavCopy_NSE_CM_0_0_0_20251208_F_0000.csv.zip,2025-12-08,93712b8b65bfb0aafcaf2aeaa51c2eef3db887d8efdef51e3034b0f6ac0b647a,182528,historical NSE UDIFF equity bhavcopy,NSE download manifest
data/raw/bhavcopy_udiff/BhavCopy_NSE_CM_0_0_0_20251209_F_0000.csv.zip,https://nsearchives.nseindia.com/content/cm/BhavCopy_NSE_CM_0_0_0_20251209_F_0000.csv.zip,2025-12-09,7f9a116488efbe96e044d901783dfbc099103c1dffb23c109416483753d56f0a,181459,historical NSE UDIFF equity bhavcopy,NSE download manifest
data/raw/bhavcopy_udiff/BhavCopy_NSE_CM_0_0_0_20251210_F_0000.csv.zip,https://nsearchives.nseindia.com/content/cm/BhavCopy_NSE_CM_0_0_0_20251210_F_0000.csv.zip,2025-12-10,d11039d9c3fad475f92ea83a13bf7b28298892c3f0894872ee59afc20c001646,180557,historical NSE UDIFF equity bhavcopy,NSE download manifest
data/raw/bhavcopy_udiff/BhavCopy_NSE_CM_0_0_0_20251211_F_0000.csv.zip,https://nsearchives.nseindia.com/content/cm/BhavCopy_NSE_CM_0_0_0_20251211_F_0000.csv.zip,2025-12-11,2bf08bf740513f47ecdef5cb8b8d888e5126fe6f5f63ce4315f19db0cf186b2d,179779,historical NSE UDIFF equity bhavcopy,NSE download manifest
data/raw/bhavcopy_udiff/BhavCopy_NSE_CM_0_0_0_20251212_F_0000.csv.zip,https://nsearchives.nseindia.com/content/cm/BhavCopy_NSE_CM_0_0_0_20251212_F_0000.csv.zip,2025-12-12,d65c59235f1a40922f5c16cb7113b9d020506fe7dcc7b4d3aeddb10115c2ea1b,179283,historical NSE UDIFF equity bhavcopy,NSE download manifest
data/raw/bhavcopy_udiff/BhavCopy_NSE_CM_0_0_0_20251215_F_0000.csv.zip,https://nsearchives.nseindia.com/content/cm/BhavCopy_NSE_CM_0_0_0_20251215_F_0000.csv.zip,2025-12-15,8f207df71f7d418874d3aa56362969150f55f137c8ce261ed145e901808768b7,181177,historical NSE UDIFF equity bhavcopy,NSE download manifest
data/raw/bhavcopy_udiff/BhavCopy_NSE_CM_0_0_0_20251216_F_0000.csv.zip,https://nsearchives.nseindia.com/content/cm/BhavCopy_NSE_CM_0_0_0_20251216_F_0000.csv.zip,2025-12-16,bac41607be0fbe0e6b7f044cbaafa108d73a1c7a8d77d951221afdb7baaadef0,179276,historical NSE UDIFF equity bhavcopy,NSE download manifest
data/raw/bhavcopy_udiff/BhavCopy_NSE_CM_0_0_0_20251217_F_0000.csv.zip,https://nsearchives.nseindia.com/content/cm/BhavCopy_NSE_CM_0_0_0_20251217_F_0000.csv.zip,2025-12-17,bad62b21d714349e59e9002c4079b667ac7ef26964e0c901bf7cfef5ee62801d,180510,historical NSE UDIFF equity bhavcopy,NSE download manifest
data/raw/bhavcopy_udiff/BhavCopy_NSE_CM_0_0_0_20251218_F_0000.csv.zip,https://nsearchives.nseindia.com/content/cm/BhavCopy_NSE_CM_0_0_0_20251218_F_0000.csv.zip,2025-12-18,4c094a0e178f1a36f927f55aea170b249025c5e895006f6a332903e51cf43e3c,179960,historical NSE UDIFF equity bhavcopy,NSE download manifest
data/raw/bhavcopy_udiff/BhavCopy_NSE_CM_0_0_0_20251219_F_0000.csv.zip,https://nsearchives.nseindia.com/content/cm/BhavCopy_NSE_CM_0_0_0_20251219_F_0000.csv.zip,2025-12-19,d4086c80f981ce3eb676c9ec9dcac35e8409a339c4ef2b2dfe654a3b68cfab7d,180317,historical NSE UDIFF equity bhavcopy,NSE download manifest
data/raw/bhavcopy_udiff/BhavCopy_NSE_CM_0_0_0_20251222_F_0000.csv.zip,https://nsearchives.nseindia.com/content/cm/BhavCopy_NSE_CM_0_0_0_20251222_F_0000.csv.zip,2025-12-22,3a3db21f294c795599e12de1d3fe6b2ad5046acc45e7779031c208b979385650,183687,historical NSE UDIFF equity bhavcopy,NSE download manifest
data/raw/bhavcopy_udiff/BhavCopy_NSE_CM_0_0_0_20251223_F_0000.csv.zip,https://nsearchives.nseindia.com/content/cm/BhavCopy_NSE_CM_0_0_0_20251223_F_0000.csv.zip,2025-12-23,94b69ac1a69662a461220eee8942857571fef1c9888008c05eb92591556277eb,182581,historical NSE UDIFF equity bhavcopy,NSE download manifest
data/raw/bhavcopy_udiff/BhavCopy_NSE_CM_0_0_0_20251224_F_0000.csv.zip,https://nsearchives.nseindia.com/content/cm/BhavCopy_NSE_CM_0_0_0_20251224_F_0000.csv.zip,2025-12-24,274f1fe90f21ecd7e5ea511a9c999e68e3416c5021ca568a409e59bc6ce13ff7,181842,historical NSE UDIFF equity bhavcopy,NSE download manifest
data/raw/bhavcopy_udiff/BhavCopy_NSE_CM_0_0_0_20251226_F_0000.csv.zip,https://nsearchives.nseindia.com/content/cm/BhavCopy_NSE_CM_0_0_0_20251226_F_0000.csv.zip,2025-12-26,3a50ba4e3036f15e7a99965bc229f5e4b7db1afe1b3451054875f4dec79dc47b,181892,historical NSE UDIFF equity bhavcopy,NSE download manifest
data/raw/bhavcopy_udiff/BhavCopy_NSE_CM_0_0_0_20251229_F_0000.csv.zip,https://nsearchives.nseindia.com/content/cm/BhavCopy_NSE_CM_0_0_0_20251229_F_0000.csv.zip,2025-12-29,0bf951f37114da306060e13225093c0f3a9fa8207f4bf9dd2e381a1b014761ac,184722,historical NSE UDIFF equity bhavcopy,NSE download manifest
data/raw/bhavcopy_udiff/BhavCopy_NSE_CM_0_0_0_20251230_F_0000.csv.zip,https://nsearchives.nseindia.com/content/cm/BhavCopy_NSE_CM_0_0_0_20251230_F_0000.csv.zip,2025-12-30,a459264659a24d8bac8d5ea3316cb8b46d0eb2ff42d00693cf9dda4016a49216,181669,historical NSE UDIFF equity bhavcopy,NSE download manifest
data/raw/bhavcopy_udiff/BhavCopy_NSE_CM_0_0_0_20251231_F_0000.csv.zip,https://nsearchives.nseindia.com/content/cm/BhavCopy_NSE_CM_0_0_0_20251231_F_0000.csv.zip,2025-12-31,05a2124e2234fbfe6ed9f9e13293768b1270331980e6836d975adfda07c8b678,181894,historical NSE UDIFF equity bhavcopy,NSE download manifest
data/raw/bhavcopy_udiff/BhavCopy_NSE_CM_0_0_0_20260101_F_0000.csv.zip,https://nsearchives.nseindia.com/content/cm/BhavCopy_NSE_CM_0_0_0_20260101_F_0000.csv.zip,2026-01-01,d979b040fd3d80b9a26748568e01db002a95752c42b82ef6bd835d9bbb004825,179766,historical NSE UDIFF equity bhavcopy,NSE download manifest
data/raw/bhavcopy_udiff/BhavCopy_NSE_CM_0_0_0_20260102_F_0000.csv.zip,https://nsearchives.nseindia.com/content/cm/BhavCopy_NSE_CM_0_0_0_20260102_F_0000.csv.zip,2026-01-02,a92ed16c3f93acb86dcf04af43fc627584ac6d9fe93ae4e49891f134fd137490,182111,historical NSE UDIFF equity bhavcopy,NSE download manifest
data/raw/bhavcopy_udiff/BhavCopy_NSE_CM_0_0_0_20260105_F_0000.csv.zip,https://nsearchives.nseindia.com/content/cm/BhavCopy_NSE_CM_0_0_0_20260105_F_0000.csv.zip,2026-01-05,52efb7619a802e13158e3093823f71486207cabb56882b0a0f69898ad3b372ae,182924,historical NSE UDIFF equity bhavcopy,NSE download manifest
data/raw/bhavcopy_udiff/BhavCopy_NSE_CM_0_0_0_20260106_F_0000.csv.zip,https://nsearchives.nseindia.com/content/cm/BhavCopy_NSE_CM_0_0_0_20260106_F_0000.csv.zip,2026-01-06,f405c7c6624069d1df96fbe53971996f23267f67dcbd92c13151f16579caf657,181443,historical NSE UDIFF equity bhavcopy,NSE download manifest
data/raw/bhavcopy_udiff/BhavCopy_NSE_CM_0_0_0_20260107_F_0000.csv.zip,https://nsearchives.nseindia.com/content/cm/BhavCopy_NSE_CM_0_0_0_20260107_F_0000.csv.zip,2026-01-07,77c021ea4cb82459469dd3b4fe65a4c013829198ddc7d731b5a203496ddff0dc,181839,historical NSE UDIFF equity bhavcopy,NSE download manifest
data/raw/bhavcopy_udiff/BhavCopy_NSE_CM_0_0_0_20260108_F_0000.csv.zip,https://nsearchives.nseindia.com/content/cm/BhavCopy_NSE_CM_0_0_0_20260108_F_0000.csv.zip,2026-01-08,3a43e5ee308fb99927284ded6497a6705592c46eb45e1d5ba1d6b7d8b6d95953,182123,historical NSE UDIFF equity bhavcopy,NSE download manifest
data/raw/bhavcopy_udiff/BhavCopy_NSE_CM_0_0_0_20260109_F_0000.csv.zip,https://nsearchives.nseindia.com/content/cm/BhavCopy_NSE_CM_0_0_0_20260109_F_0000.csv.zip,2026-01-09,61c5eacc1709a0f0291669380bd7caa28245f5458f82e6c69961a1d38ad1311d,182355,historical NSE UDIFF equity bhavcopy,NSE download manifest
data/raw/bhavcopy_udiff/BhavCopy_NSE_CM_0_0_0_20260112_F_0000.csv.zip,https://nsearchives.nseindia.com/content/cm/BhavCopy_NSE_CM_0_0_0_20260112_F_0000.csv.zip,2026-01-12,8b8b5df452d36e50bc9981b5c9ecd740ad07f8d502740f2d712c1c53b747122d,182465,historical NSE UDIFF equity bhavcopy,NSE download manifest
data/raw/bhavcopy_udiff/BhavCopy_NSE_CM_0_0_0_20260113_F_0000.csv.zip,https://nsearchives.nseindia.com/content/cm/BhavCopy_NSE_CM_0_0_0_20260113_F_0000.csv.zip,2026-01-13,ba560bc4cf93db0093bd175b0529efd25bd61f5c5a449a446baf8f15bbd81c9f,182018,historical NSE UDIFF equity bhavcopy,NSE download manifest
data/raw/bhavcopy_udiff/BhavCopy_NSE_CM_0_0_0_20260114_F_0000.csv.zip,https://nsearchives.nseindia.com/content/cm/BhavCopy_NSE_CM_0_0_0_20260114_F_0000.csv.zip,2026-01-14,34406201a0ca21719df49b03bbd501a3a9bac82766cf1570a5b3886aac268c06,181452,historical NSE UDIFF equity bhavcopy,NSE download manifest
data/raw/bhavcopy_udiff/BhavCopy_NSE_CM_0_0_0_20260116_F_0000.csv.zip,https://nsearchives.nseindia.com/content/cm/BhavCopy_NSE_CM_0_0_0_20260116_F_0000.csv.zip,2026-01-16,0e3cdf3275a5bd9d4303257f79ae5942996636b52709b3618b70cf6f1d7ce8c7,183408,historical NSE UDIFF equity bhavcopy,NSE download manifest
data/raw/bhavcopy_udiff/BhavCopy_NSE_CM_0_0_0_20260119_F_0000.csv.zip,https://nsearchives.nseindia.com/content/cm/BhavCopy_NSE_CM_0_0_0_20260119_F_0000.csv.zip,2026-01-19,e8b0dc0bcc0ddf443abe4281b4911eac34b988f82bfec3344c7f53c85e5877d6,183732,historical NSE UDIFF equity bhavcopy,NSE download manifest
data/raw/bhavcopy_udiff/BhavCopy_NSE_CM_0_0_0_20260120_F_0000.csv.zip,https://nsearchives.nseindia.com/content/cm/BhavCopy_NSE_CM_0_0_0_20260120_F_0000.csv.zip,2026-01-20,4caaac91d480d420252d5c3c4ec00eb22f94402960c1fab3d0e7c8967d7cf9fd,185846,historical NSE UDIFF equity bhavcopy,NSE download manifest
data/raw/bhavcopy_udiff/BhavCopy_NSE_CM_0_0_0_20260121_F_0000.csv.zip,https://nsearchives.nseindia.com/content/cm/BhavCopy_NSE_CM_0_0_0_20260121_F_0000.csv.zip,2026-01-21,e3346677409ee50bdd31067e279a37e49a58c6590f563cacea8c2773dad79421,186160,historical NSE UDIFF equity bhavcopy,NSE download manifest
data/raw/bhavcopy_udiff/BhavCopy_NSE_CM_0_0_0_20260122_F_0000.csv.zip,https://nsearchives.nseindia.com/content/cm/BhavCopy_NSE_CM_0_0_0_20260122_F_0000.csv.zip,2026-01-22,8fab74871aac85ab335bc364a3afad72ed4d850529dca3407eda1aba204f2f60,182856,historical NSE UDIFF equity bhavcopy,NSE download manifest
data/raw/bhavcopy_udiff/BhavCopy_NSE_CM_0_0_0_20260123_F_0000.csv.zip,https://nsearchives.nseindia.com/content/cm/BhavCopy_NSE_CM_0_0_0_20260123_F_0000.csv.zip,2026-01-23,6a2f8634a15787d7fd7dbd02dff8c4b78e5a339010291f4a58de27923ac5ffe5,182501,historical NSE UDIFF equity bhavcopy,NSE download manifest
data/raw/bhavcopy_udiff/BhavCopy_NSE_CM_0_0_0_20260127_F_0000.csv.zip,https://nsearchives.nseindia.com/content/cm/BhavCopy_NSE_CM_0_0_0_20260127_F_0000.csv.zip,2026-01-27,30ab8f923630a1e7666530a8038a862544990aa464870752daf129f6125c2d3f,185735,historical NSE UDIFF equity bhavcopy,NSE download manifest
data/raw/bhavcopy_udiff/BhavCopy_NSE_CM_0_0_0_20260128_F_0000.csv.zip,https://nsearchives.nseindia.com/content/cm/BhavCopy_NSE_CM_0_0_0_20260128_F_0000.csv.zip,2026-01-28,c280516f53f39f091413283fbcf9e352e8af93d395f0676678cd3f283356c1bf,183639,historical NSE UDIFF equity bhavcopy,NSE download manifest
data/raw/bhavcopy_udiff/BhavCopy_NSE_CM_0_0_0_20260129_F_0000.csv.zip,https://nsearchives.nseindia.com/content/cm/BhavCopy_NSE_CM_0_0_0_20260129_F_0000.csv.zip,2026-01-29,ce70afc5581a58ff38943fed83c2afa1fcf3de5a19f1d30cacd876aa6f7f37ab,185059,historical NSE UDIFF equity bhavcopy,NSE download manifest
data/raw/bhavcopy_udiff/BhavCopy_NSE_CM_0_0_0_20260130_F_0000.csv.zip,https://nsearchives.nseindia.com/content/cm/BhavCopy_NSE_CM_0_0_0_20260130_F_0000.csv.zip,2026-01-30,1d5fb06c393e07f37a7b79e400b2a1dada05a71b4fecef6a245af300dd717386,183505,historical NSE UDIFF equity bhavcopy,NSE download manifest
data/raw/bhavcopy_udiff/BhavCopy_NSE_CM_0_0_0_20260201_F_0000.csv.zip,https://nsearchives.nseindia.com/content/cm/BhavCopy_NSE_CM_0_0_0_20260201_F_0000.csv.zip,2026-02-01,af5502e5c696c95895b92a6c6e00907c87064547c408e9cd9fe03649d565ac47,180592,historical NSE UDIFF equity bhavcopy,NSE official URL reconstructed from special-session downloader filename rule
data/raw/bhavcopy_udiff/BhavCopy_NSE_CM_0_0_0_20260202_F_0000.csv.zip,https://nsearchives.nseindia.com/content/cm/BhavCopy_NSE_CM_0_0_0_20260202_F_0000.csv.zip,2026-02-02,8e1d0968af15889e786655cbb14bf044c57c1e2c8e137e914d9289c0d72c867b,183920,historical NSE UDIFF equity bhavcopy,NSE download manifest
data/raw/bhavcopy_udiff/BhavCopy_NSE_CM_0_0_0_20260203_F_0000.csv.zip,https://nsearchives.nseindia.com/content/cm/BhavCopy_NSE_CM_0_0_0_20260203_F_0000.csv.zip,2026-02-03,f292e463a3098127ee0ac9c44d05da1822faba738cb2c55441f222f845acf7b4,186387,historical NSE UDIFF equity bhavcopy,NSE download manifest
data/raw/bhavcopy_udiff/BhavCopy_NSE_CM_0_0_0_20260204_F_0000.csv.zip,https://nsearchives.nseindia.com/content/cm/BhavCopy_NSE_CM_0_0_0_20260204_F_0000.csv.zip,2026-02-04,ac6692f9d79c1194100119835f87e96ce55b5cca2c79aad94b047f3688002583,184767,historical NSE UDIFF equity bhavcopy,NSE download manifest
data/raw/bhavcopy_udiff/BhavCopy_NSE_CM_0_0_0_20260205_F_0000.csv.zip,https://nsearchives.nseindia.com/content/cm/BhavCopy_NSE_CM_0_0_0_20260205_F_0000.csv.zip,2026-02-05,3300e6473092d11b487973c7dbff937882acf167e0984a78a9454617f7e8b37c,181713,historical NSE UDIFF equity bhavcopy,NSE download manifest
data/raw/bhavcopy_udiff/BhavCopy_NSE_CM_0_0_0_20260206_F_0000.csv.zip,https://nsearchives.nseindia.com/content/cm/BhavCopy_NSE_CM_0_0_0_20260206_F_0000.csv.zip,2026-02-06,276323eb7ed42514171ae7f0d47731895583befc4df3ad346076c0233bf81785,181220,historical NSE UDIFF equity bhavcopy,NSE download manifest
data/raw/bhavcopy_udiff/BhavCopy_NSE_CM_0_0_0_20260209_F_0000.csv.zip,https://nsearchives.nseindia.com/content/cm/BhavCopy_NSE_CM_0_0_0_20260209_F_0000.csv.zip,2026-02-09,079eb57ade308c8ccb1276b4e579f70bfdf543f2ec9681ce665c51bb15727235,185819,historical NSE UDIFF equity bhavcopy,NSE download manifest
data/raw/bhavcopy_udiff/BhavCopy_NSE_CM_0_0_0_20260210_F_0000.csv.zip,https://nsearchives.nseindia.com/content/cm/BhavCopy_NSE_CM_0_0_0_20260210_F_0000.csv.zip,2026-02-10,da754502d213d27c6adf8fb33fa39c539f645b02a3ad43c2206be7143bf8cc93,183756,historical NSE UDIFF equity bhavcopy,NSE download manifest
data/raw/bhavcopy_udiff/BhavCopy_NSE_CM_0_0_0_20260211_F_0000.csv.zip,https://nsearchives.nseindia.com/content/cm/BhavCopy_NSE_CM_0_0_0_20260211_F_0000.csv.zip,2026-02-11,0f7b9ef100c96585c38b127ce855c9ea5a1d10cf2daf8be81b6f25501e1622a9,182496,historical NSE UDIFF equity bhavcopy,NSE download manifest
data/raw/bhavcopy_udiff/BhavCopy_NSE_CM_0_0_0_20260212_F_0000.csv.zip,https://nsearchives.nseindia.com/content/cm/BhavCopy_NSE_CM_0_0_0_20260212_F_0000.csv.zip,2026-02-12,59c604e6aa4f4ef174a3cf7667f297946be3dc28d85d4789536c96d192e80909,182597,historical NSE UDIFF equity bhavcopy,NSE download manifest
data/raw/bhavcopy_udiff/BhavCopy_NSE_CM_0_0_0_20260213_F_0000.csv.zip,https://nsearchives.nseindia.com/content/cm/BhavCopy_NSE_CM_0_0_0_20260213_F_0000.csv.zip,2026-02-13,3dc35df878a1867886a8696b699fc04b9f808b1caa3264475a5eff4fa7bcf72f,182130,historical NSE UDIFF equity bhavcopy,NSE download manifest
data/raw/bhavcopy_udiff/BhavCopy_NSE_CM_0_0_0_20260216_F_0000.csv.zip,https://nsearchives.nseindia.com/content/cm/BhavCopy_NSE_CM_0_0_0_20260216_F_0000.csv.zip,2026-02-16,16fbbc93a1b4c63d18fe365d58386073f6b50757638731d3db696464ce8fffe8,182989,historical NSE UDIFF equity bhavcopy,NSE download manifest
data/raw/bhavcopy_udiff/BhavCopy_NSE_CM_0_0_0_20260217_F_0000.csv.zip,https://nsearchives.nseindia.com/content/cm/BhavCopy_NSE_CM_0_0_0_20260217_F_0000.csv.zip,2026-02-17,b5151c8f8de8dcf62d544a761e8c8618e2eca53fd638ac266c7de5b1b6161a62,181865,historical NSE UDIFF equity bhavcopy,NSE download manifest
data/raw/bhavcopy_udiff/BhavCopy_NSE_CM_0_0_0_20260218_F_0000.csv.zip,https://nsearchives.nseindia.com/content/cm/BhavCopy_NSE_CM_0_0_0_20260218_F_0000.csv.zip,2026-02-18,648ee3e84f6635cc87ea2d7c0e6573dff1a2a6e557bbd1a53b617fb3a5188da6,183380,historical NSE UDIFF equity bhavcopy,NSE download manifest
data/raw/bhavcopy_udiff/BhavCopy_NSE_CM_0_0_0_20260219_F_0000.csv.zip,https://nsearchives.nseindia.com/content/cm/BhavCopy_NSE_CM_0_0_0_20260219_F_0000.csv.zip,2026-02-19,2c483149d4e553cb6c88b607533d2ad7afdcce2b1bfde13f1673a871449704f0,182237,historical NSE UDIFF equity bhavcopy,NSE download manifest
data/raw/bhavcopy_udiff/BhavCopy_NSE_CM_0_0_0_20260220_F_0000.csv.zip,https://nsearchives.nseindia.com/content/cm/BhavCopy_NSE_CM_0_0_0_20260220_F_0000.csv.zip,2026-02-20,6a58ae2022e31b6c1d73c3211ec8656bbaea034d2498f72c98b6287a48a63e4d,181947,historical NSE UDIFF equity bhavcopy,NSE download manifest
data/raw/bhavcopy_udiff/BhavCopy_NSE_CM_0_0_0_20260223_F_0000.csv.zip,https://nsearchives.nseindia.com/content/cm/BhavCopy_NSE_CM_0_0_0_20260223_F_0000.csv.zip,2026-02-23,1676aa725cce9da67b588ad93fda010285ad3b6f4faaecc80401e65dca301f3d,183854,historical NSE UDIFF equity bhavcopy,NSE download manifest
data/raw/bhavcopy_udiff/BhavCopy_NSE_CM_0_0_0_20260224_F_0000.csv.zip,https://nsearchives.nseindia.com/content/cm/BhavCopy_NSE_CM_0_0_0_20260224_F_0000.csv.zip,2026-02-24,9fe5354859fa2c910f1e2ef1e8bb8b9196e1ece4281726d91a7e67560f48f769,183024,historical NSE UDIFF equity bhavcopy,NSE download manifest
data/raw/bhavcopy_udiff/BhavCopy_NSE_CM_0_0_0_20260225_F_0000.csv.zip,https://nsearchives.nseindia.com/content/cm/BhavCopy_NSE_CM_0_0_0_20260225_F_0000.csv.zip,2026-02-25,04a291404dedf78753085a7cfd951d608e2fe176db0dd653e26339a9b2a86a9f,183972,historical NSE UDIFF equity bhavcopy,NSE download manifest
data/raw/bhavcopy_udiff/BhavCopy_NSE_CM_0_0_0_20260226_F_0000.csv.zip,https://nsearchives.nseindia.com/content/cm/BhavCopy_NSE_CM_0_0_0_20260226_F_0000.csv.zip,2026-02-26,8ef7902a0ae594af7e432d4beb72050e2ae712a7fac5638849f61b71822d06b5,182525,historical NSE UDIFF equity bhavcopy,NSE download manifest
data/raw/bhavcopy_udiff/BhavCopy_NSE_CM_0_0_0_20260227_F_0000.csv.zip,https://nsearchives.nseindia.com/content/cm/BhavCopy_NSE_CM_0_0_0_20260227_F_0000.csv.zip,2026-02-27,64d4c291413416453c97a00196d8f18f772a1daac58328a76a99145137ff710b,181455,historical NSE UDIFF equity bhavcopy,NSE download manifest
data/raw/bhavcopy_udiff/BhavCopy_NSE_CM_0_0_0_20260302_F_0000.csv.zip,https://nsearchives.nseindia.com/content/cm/BhavCopy_NSE_CM_0_0_0_20260302_F_0000.csv.zip,2026-03-02,ac19f69b7083679dab612e666a9e1192182934f823dc68cae23c3448a724f704,185707,historical NSE UDIFF equity bhavcopy,NSE download manifest
data/raw/bhavcopy_udiff/BhavCopy_NSE_CM_0_0_0_20260304_F_0000.csv.zip,https://nsearchives.nseindia.com/content/cm/BhavCopy_NSE_CM_0_0_0_20260304_F_0000.csv.zip,2026-03-04,e70cb29527fec254e31203cc3175a2984599d108f26a8f09037be0c6d535183b,187306,historical NSE UDIFF equity bhavcopy,NSE download manifest
data/raw/bhavcopy_udiff/BhavCopy_NSE_CM_0_0_0_20260305_F_0000.csv.zip,https://nsearchives.nseindia.com/content/cm/BhavCopy_NSE_CM_0_0_0_20260305_F_0000.csv.zip,2026-03-05,dc020265bb5b5f718c1981ff55227a88f55dbea13538210d18e5da670210ab51,186683,historical NSE UDIFF equity bhavcopy,NSE download manifest
data/raw/bhavcopy_udiff/BhavCopy_NSE_CM_0_0_0_20260306_F_0000.csv.zip,https://nsearchives.nseindia.com/content/cm/BhavCopy_NSE_CM_0_0_0_20260306_F_0000.csv.zip,2026-03-06,8fd5043d946e418d905be64731baccec041111de48ff3f87ff880ed1c658aafd,184579,historical NSE UDIFF equity bhavcopy,NSE download manifest
data/raw/bhavcopy_udiff/BhavCopy_NSE_CM_0_0_0_20260309_F_0000.csv.zip,https://nsearchives.nseindia.com/content/cm/BhavCopy_NSE_CM_0_0_0_20260309_F_0000.csv.zip,2026-03-09,1c8fd7e416f5f3522fe03066857431af44a7740b676c64d0314fcb4181cc1b6f,188225,historical NSE UDIFF equity bhavcopy,NSE download manifest
data/raw/bhavcopy_udiff/BhavCopy_NSE_CM_0_0_0_20260310_F_0000.csv.zip,https://nsearchives.nseindia.com/content/cm/BhavCopy_NSE_CM_0_0_0_20260310_F_0000.csv.zip,2026-03-10,e8bf3c7996af5b3a823c4d97538b7562a140fe73d0eaf317bdb1ab1e38d4bede,185478,historical NSE UDIFF equity bhavcopy,NSE download manifest
data/raw/bhavcopy_udiff/BhavCopy_NSE_CM_0_0_0_20260311_F_0000.csv.zip,https://nsearchives.nseindia.com/content/cm/BhavCopy_NSE_CM_0_0_0_20260311_F_0000.csv.zip,2026-03-11,5dc159d135e32d725a6cd49fa180664b234059485d2abb465f019ae69b22816a,185083,historical NSE UDIFF equity bhavcopy,NSE download manifest
data/raw/bhavcopy_udiff/BhavCopy_NSE_CM_0_0_0_20260312_F_0000.csv.zip,https://nsearchives.nseindia.com/content/cm/BhavCopy_NSE_CM_0_0_0_20260312_F_0000.csv.zip,2026-03-12,0b0c21fbd9bc1310216eeab84bd2a9f86ece9deef27a2046f4cf7593fc60e758,185931,historical NSE UDIFF equity bhavcopy,NSE download manifest
data/raw/bhavcopy_udiff/BhavCopy_NSE_CM_0_0_0_20260313_F_0000.csv.zip,https://nsearchives.nseindia.com/content/cm/BhavCopy_NSE_CM_0_0_0_20260313_F_0000.csv.zip,2026-03-13,32c807ada1e194eba9bc9b824275d9a2acd4bd40f827021800178e1ce9122590,186645,historical NSE UDIFF equity bhavcopy,NSE download manifest
data/raw/bhavcopy_udiff/BhavCopy_NSE_CM_0_0_0_20260316_F_0000.csv.zip,https://nsearchives.nseindia.com/content/cm/BhavCopy_NSE_CM_0_0_0_20260316_F_0000.csv.zip,2026-03-16,c264b50b2530d9ed8a8c0ea253e6fd0db0fd6ca925a79c0ee962d68a4abccd7c,189674,historical NSE UDIFF equity bhavcopy,NSE download manifest
data/raw/bhavcopy_udiff/BhavCopy_NSE_CM_0_0_0_20260317_F_0000.csv.zip,https://nsearchives.nseindia.com/content/cm/BhavCopy_NSE_CM_0_0_0_20260317_F_0000.csv.zip,2026-03-17,13793860287546bfaf96fe566f8a90fc0bd60fe9f4c550529a07accf02cbd6b2,186702,historical NSE UDIFF equity bhavcopy,NSE download manifest
data/raw/bhavcopy_udiff/BhavCopy_NSE_CM_0_0_0_20260318_F_0000.csv.zip,https://nsearchives.nseindia.com/content/cm/BhavCopy_NSE_CM_0_0_0_20260318_F_0000.csv.zip,2026-03-18,42fe0c0a4889aa2b4edc0a5fe72c1ea18360245d45d95d2444b75b35f88e2777,187172,historical NSE UDIFF equity bhavcopy,NSE download manifest
data/raw/bhavcopy_udiff/BhavCopy_NSE_CM_0_0_0_20260319_F_0000.csv.zip,https://nsearchives.nseindia.com/content/cm/BhavCopy_NSE_CM_0_0_0_20260319_F_0000.csv.zip,2026-03-19,b0c85978871cb68dad3c3d0973139431a19bc18c4f8d312236ee4c223596f931,185811,historical NSE UDIFF equity bhavcopy,NSE download manifest
data/raw/bhavcopy_udiff/BhavCopy_NSE_CM_0_0_0_20260320_F_0000.csv.zip,https://nsearchives.nseindia.com/content/cm/BhavCopy_NSE_CM_0_0_0_20260320_F_0000.csv.zip,2026-03-20,85f954f309c57d96f82c6d5724b8573968ce7160e44468db3303a2875098b217,186495,historical NSE UDIFF equity bhavcopy,NSE download manifest
data/raw/bhavcopy_udiff/BhavCopy_NSE_CM_0_0_0_20260323_F_0000.csv.zip,https://nsearchives.nseindia.com/content/cm/BhavCopy_NSE_CM_0_0_0_20260323_F_0000.csv.zip,2026-03-23,264afd3deddc5f190c6399be914280a88f6782a4b24d73da6d72b5bd611facce,191743,historical NSE UDIFF equity bhavcopy,NSE download manifest
data/raw/bhavcopy_udiff/BhavCopy_NSE_CM_0_0_0_20260324_F_0000.csv.zip,https://nsearchives.nseindia.com/content/cm/BhavCopy_NSE_CM_0_0_0_20260324_F_0000.csv.zip,2026-03-24,5283531732eed8eff2bbeca4678349e5252e3ae82e6e58e99e0ee5216938a86f,190009,historical NSE UDIFF equity bhavcopy,NSE download manifest
data/raw/bhavcopy_udiff/BhavCopy_NSE_CM_0_0_0_20260325_F_0000.csv.zip,https://nsearchives.nseindia.com/content/cm/BhavCopy_NSE_CM_0_0_0_20260325_F_0000.csv.zip,2026-03-25,a35a62eb3ebd66f252da7c37bdb94c3ea182100663d2653899a162959cae2673,189830,historical NSE UDIFF equity bhavcopy,NSE download manifest
data/raw/bhavcopy_udiff/BhavCopy_NSE_CM_0_0_0_20260327_F_0000.csv.zip,https://nsearchives.nseindia.com/content/cm/BhavCopy_NSE_CM_0_0_0_20260327_F_0000.csv.zip,2026-03-27,64e83ff8fb9d3b0692631532165d3fb15ebc0b53d257395cdf96ad6f9f447aaa,191112,historical NSE UDIFF equity bhavcopy,NSE download manifest
data/raw/bhavcopy_udiff/BhavCopy_NSE_CM_0_0_0_20260330_F_0000.csv.zip,https://nsearchives.nseindia.com/content/cm/BhavCopy_NSE_CM_0_0_0_20260330_F_0000.csv.zip,2026-03-30,8dc55f1ff96817c4d7d328abd83bdb08bcf8378f5582318e07b5bf43f2ffc0ca,192223,historical NSE UDIFF equity bhavcopy,NSE download manifest
data/raw/membership/index_membership_history.csv,,,75ebfac3b5d1fb2285d7efadd264df239cf228f6de7dd7e2f84d853546e01152,805068,rejected third-party membership reconstruction,source URL not in retained manifest; derived or rejected source
