isin,symbol,first_seen,last_seen,observations
IN9110D01011,GUJNREDVR,2013-01-01,2018-02-09,1186
IN9155A01020,TATAMTRDVR,2013-01-01,2024-08-29,2887
IN9175A01010,JISLDVREQS,2013-01-01,2026-03-30,3001
IN9623B01058,PRETAILDVR,2013-01-01,2013-04-10,70
IN9623B01058,FRLDVR,2013-04-11,2016-05-10,757
IN9623B01058,FELDVR,2016-05-25,2023-02-21,1544
INE001A01036,HDFC,2013-01-01,2023-07-12,2606
INE001B01026,KRBL,2013-01-01,2026-03-30,3280
INE002A01018,RELIANCE,2013-01-01,2026-03-30,3280
INE002L01015,SJVN,2013-01-01,2026-03-30,3280
INE002S01010,MGL,2016-07-01,2026-03-30,2415
INE003A01024,SIEMENS,2013-01-01,2026-03-30,3280
INE004A01022,PROTEAN,2025-02-06,2026-03-30,282
INE004H01019,SRICHAMUND,2013-01-04,2015-01-23,80
INE004I01017,ABHISHEK,2013-01-01,2013-06-04,39
INE005B01027,AVANTEL,2024-07-31,2026-03-30,414
INE005D01015,RAMSARUP,2013-01-01,2014-01-02,199
INE005I01014,AMDIND,2013-01-01,2026-03-30,2947
INE006I01020,ASTRAL,2013-01-01,2013-09-05,172
INE006I01038,ASTRAL,2013-09-06,2014-09-25,261
INE006I01046,ASTRAL,2014-09-26,2026-03-30,2847
INE006Z01016,ARVEE,2021-03-22,2026-03-30,664
INE007A01025,CRISIL,2013-01-01,2026-03-30,3280
INE007B01023,GEOJITBNPP,2013-01-01,2017-03-01,1004
INE007B01023,GEOJITFSL,2017-03-02,2026-03-30,2250
INE007N01010,FEDFINA,2023-11-30,2026-03-30,579
INE008A01015,IDBI,2013-01-01,2026-03-30,3280
INE008I01026,COX&KINGS,2013-01-01,2019-12-24,1714
INE008Z01012,SRPL,2020-09-23,2023-05-18,383
INE008Z01020,SRPL,2023-05-19,2024-10-22,71
INE009A01021,INFY,2013-01-01,2026-03-30,3280
INE00CA01015,TREJHARA,2019-01-11,2026-03-30,1314
INE00CE01017,SVLL,2023-04-21,2026-03-30,354
INE00E101023,BIKAJI,2022-11-16,2026-03-30,837
INE00EM01016,MEGASTAR,2022-02-16,2026-03-30,837
INE00EV01017,HARIOMPIPE,2022-04-29,2026-03-30,973
INE00F201020,PRUDENT,2022-05-20,2026-03-30,959
INE00FF01017,AMIORG,2021-09-14,2025-04-24,896
INE00FF01025,AMIORG,2025-04-25,2025-05-30,25
INE00FF01025,ACUTAAS,2025-06-02,2026-03-30,207
INE00H001014,SWIGGY,2024-11-13,2026-03-30,341
INE00IK01011,OSWALSEEDS,2023-02-28,2023-08-17,115
INE00IK01029,OSWALSEEDS,2023-08-18,2026-03-30,368
INE00IN01015,STOVEKRAFT,2021-02-05,2026-03-30,1276
INE00KV01014,RAJMET,2021-02-16,2022-11-29,333
INE00KV01022,RAJMET,2022-11-30,2026-03-30,494
INE00LM01011,SONAMCLOCK,2022-04-07,2023-10-25,384
INE00LM01011,SONAMLTD,2024-01-29,2024-05-09,69
INE00LM01029,SONAMLTD,2024-05-10,2026-03-30,383
INE00LO01017,CRAFTSMAN,2021-03-25,2026-03-30,1243
INE00M201021,SWSOLAR,2019-08-20,2026-03-30,1585
INE00M901018,INTERARCH,2024-08-26,2026-03-30,339
INE00OQ01016,DHARMAJ,2022-12-08,2026-03-30,757
INE00PV01013,AHLADA,2021-01-28,2026-03-30,1162
INE00Q601028,STUDDS,2025-11-07,2026-03-30,98
INE00QT01015,SGIL,2021-07-28,2026-03-30,994
INE00R701025,DALBHARAT,2019-02-05,2026-03-30,1772
INE00RL01028,HILINFRA,2025-08-28,2026-03-30,146
INE00S901012,NILASPACES,2019-01-11,2026-03-30,999
INE00SW01015,BCPL,2026-03-27,2026-03-30,2
INE00SZ01018,MARSHALL,2021-11-22,2024-11-14,476
INE00U401027,UNIECOM,2024-08-13,2026-03-30,405
INE00VM01010,MANORAMA,2022-07-01,2024-03-06,360
INE00VM01036,MANORAMA,2024-03-07,2026-03-30,452
INE00WC01019,AFFLE,2019-08-08,2021-10-07,419
INE00WC01027,AFFLE,2021-10-08,2026-03-30,1110
INE00XB01019,SEDEMAC,2026-03-11,2026-03-30,13
INE00Y201027,FLAIR,2023-12-01,2026-03-30,578
INE00Y801016,AKG,2021-02-16,2026-03-30,1146
INE00YB01017,ABINFRA,2025-01-13,2025-10-16,114
INE00YB01025,ABINFRA,2025-10-17,2026-03-30,111
INE00YJ01010,JARO,2025-09-30,2026-03-30,123
INE00Z501011,KRITIKA,2022-05-04,2022-08-29,82
INE00Z501029,KRITIKA,2022-08-30,2026-03-30,507
INE00ZE01026,AHL,2022-12-23,2025-01-29,522
INE00ZE01026,AFSL,2025-05-05,2026-03-30,227
INE010601016,ENTERO,2024-02-16,2026-03-30,525
INE010A01011,PRISMCEM,2013-01-01,2018-05-03,1294
INE010A01011,PRSMJOHNSN,2018-05-04,2026-03-30,1960
INE010B01019,CADILAHC,2013-01-01,2015-10-06,684
INE010B01027,CADILAHC,2015-10-07,2022-03-04,1587
INE010B01027,ZYDUSLIFE,2022-03-07,2026-03-30,1009
INE010J01012,TEJASNET,2017-06-27,2026-03-30,2035
INE010V01017,LTTS,2016-09-23,2026-03-30,2359
INE011A01019,ESSAROIL,2013-01-01,2016-02-09,758
INE011E01029,BALUFORGE,2024-04-29,2026-03-30,420
INE011H01014,RAJVIR,2013-01-01,2018-03-16,705
INE011K01018,TEGA,2021-12-13,2026-03-30,1067
INE012A01025,ACC,2013-01-01,2026-03-30,3280
INE012Q01021,RNBDENIMS,2025-09-04,2026-02-23,118
INE013801019,KSHITIJPOL,2022-07-27,2022-08-24,19
INE013801027,KSHITIJPOL,2022-12-06,2026-02-23,401
INE013A01015,RELCAPITAL,2013-01-01,2022-05-24,2164
INE013E01017,PANCARBON,2013-01-01,2014-12-26,367
INE013P01021,ONESOURCE,2025-02-06,2026-03-30,282
INE014B01011,TECILCHEM,2024-06-03,2026-03-30,163
INE014E01015,KLRF,2013-01-01,2015-01-28,199
INE015A01028,RANBAXY,2013-01-01,2015-04-01,557
INE015C01016,TINNARUBR,2025-04-17,2026-03-30,237
INE015D01022,MANAKSIA,2013-01-01,2026-03-30,3177
INE016A01026,DABUR,2013-01-01,2026-03-30,3280
INE016M01021,DNAMEDIA,2017-12-26,2026-03-30,1329
INE016Q01014,CEINSYS,2026-02-19,2026-03-30,26
INE017A01032,GESHIP,2013-01-01,2026-03-30,3280
INE017D01010,ANGIND,2013-01-01,2018-03-16,902
INE017W01010,SMLT,2021-11-25,2026-03-30,952
INE018401013,SUVIDHAA,2021-04-16,2026-03-30,938
INE018A01030,LT,2013-01-01,2026-03-30,3280
INE018B01012,UPERGANGES,2013-01-01,2017-03-22,916
INE018E01016,SBICARD,2020-03-16,2026-03-30,1500
INE018I01017,MINDTREE,2013-01-01,2022-11-22,2448
INE019A01020,JSWSTEEL,2013-01-01,2017-01-04,992
INE019A01038,JSWSTEEL,2017-01-05,2026-03-30,2288
INE019C01026,HCIL,2013-01-01,2016-08-12,895
INE019C01026,HSCL,2016-08-16,2026-03-30,2316
INE019J01013,MICROSEC,2013-01-01,2016-11-21,867
INE019J01013,SASTASUNDR,2016-11-22,2026-03-30,2096
INE01A001028,STANLEY,2024-06-28,2026-03-30,436
INE01BK01022,AWHCL,2021-01-01,2026-03-30,1300
INE01C001018,AARTECH,2023-07-10,2024-04-23,118
INE01C001026,AARTECH,2024-08-12,2026-03-30,343
INE01EA01019,VMM,2024-12-18,2026-03-30,318
INE01EE01011,BBTCL,2022-11-23,2026-03-30,832
INE01EG01016,RITCO,2022-04-12,2026-03-30,871
INE01EO01010,SPECTRUM,2025-03-28,2026-03-30,248
INE01FR01028,STYLEBAAZA,2024-09-06,2026-03-30,388
INE01GN01017,IRISDOREME,2021-02-22,2023-08-10,515
INE01GN01025,IRISDOREME,2023-08-11,2026-03-30,590
INE01II01013,SILGO,2021-03-03,2026-03-30,1003
INE01IU01018,SKYGOLD,2023-01-06,2026-03-30,408
INE01JE01010,MARINE,2020-12-02,2021-02-19,56
INE01JE01028,MARINE,2021-02-22,2026-03-30,888
INE01KI01019,VINNY,2022-11-28,2023-01-11,33
INE01KI01027,VINNY,2023-05-23,2026-03-30,256
INE01NE01012,SRD,2024-10-09,2026-03-30,241
INE01P501012,XELPMOC,2019-02-18,2026-03-30,1286
INE01QM01018,EMUDHRA,2022-06-01,2026-03-30,951
INE01R501028,VIKRAN,2025-09-03,2026-03-30,142
INE01TY01017,CANHLIFE,2025-10-17,2026-03-30,111
INE020801028,SPENCERS,2019-02-08,2026-03-30,1769
INE020B01018,RECLTD,2013-01-01,2026-03-30,3280
INE020D01022,BAIDFIN,2023-01-20,2026-03-30,638
INE020G01017,AFL,2013-01-01,2018-10-11,1192
INE020G01017,INSPIRISYS,2018-10-12,2026-02-23,1201
INE020J01029,GOKUL,2013-01-01,2026-03-30,2812
INE021A01018,ASIANPAINT,2013-01-01,2013-07-30,147
INE021A01026,ASIANPAINT,2013-07-31,2026-03-30,3133
INE021O01019,DODLA,2021-06-28,2026-03-30,1181
INE022B01014,MUKANDENGG,2013-01-01,2021-04-06,1979
INE022C01012,EUROTEXIND,2013-01-01,2026-03-30,2062
INE022I01019,ASIANTILES,2013-01-01,2026-03-30,3149
INE022Q01012,IEX,2017-10-23,2018-10-19,247
INE022Q01020,IEX,2018-10-22,2026-03-30,1845
INE023A01030,NSIL,2013-01-01,2026-03-30,3181
INE023B01012,IFGLREFRAC,2013-01-01,2017-09-13,1088
INE023H01027,NECLIFE,2013-01-01,2026-03-30,3053
INE023M01027,PRAKASHCON,2013-01-01,2019-07-29,1452
INE023M01027,SETUINFRA,2019-07-30,2022-11-16,379
INE023S01016,JIYAECO,2019-08-19,2020-11-23,316
INE024001021,AEROFLEX,2023-08-31,2026-03-30,640
INE024D01016,PRUDMOULI,2024-03-11,2026-03-30,285
INE024F01011,SHILCTECH,2025-11-24,2026-03-30,87
INE024L01027,GRAVITA,2013-01-01,2026-03-30,3218
INE025A01027,CONSOFINVT,2013-01-01,2026-02-23,3067
INE025B01017,GOLDIAM,2013-01-01,2022-03-28,2267
INE025B01025,GOLDIAM,2022-03-29,2026-03-30,994
INE025I01012,INDUSFILA,2013-01-01,2014-06-05,174
INE025R01013,ARTEMISMED,2020-02-06,2021-09-23,331
INE025R01021,ARTEMISMED,2021-09-24,2026-03-30,1120
INE026A01025,GSFC,2013-01-01,2026-03-30,3280
INE026B01049,JIKIND,2013-01-01,2017-03-23,417
INE027A01015,RCF,2013-01-01,2026-03-30,3280
INE027H01010,MAXHEALTH,2020-09-04,2026-03-30,1382
INE027T01023,RUDRA,2025-12-19,2026-03-30,68
INE028A01013,BANKBARODA,2013-01-01,2015-01-22,510
INE028A01039,BANKBARODA,2015-01-23,2026-03-30,2770
INE028B01011,SHARONBIO,2013-01-01,2014-02-20,287
INE028B01029,SHARONBIO,2014-02-21,2017-09-13,876
INE028D01025,RAINBOWPAP,2013-01-01,2018-07-04,1254
INE029A01011,BPCL,2013-01-01,2026-03-30,3280
INE029L01018,KICL,2013-01-01,2026-03-30,3166
INE02A801020,ROSSARI,2020-07-23,2026-03-30,1413
INE02AR01019,ANMOL,2021-06-04,2026-03-30,1047
INE02EZ01014,AXITA,2022-06-21,2022-10-20,84
INE02EZ01022,AXITA,2022-10-21,2025-12-10,716
INE02H701025,NOVAAGRI,2024-02-14,2026-03-30,462
INE02ID01020,RAYMONDLSL,2024-09-19,2026-03-30,379
INE02IJ01035,AZAD,2023-12-28,2026-03-30,560
INE02L001032,BOROSCI,2024-06-24,2026-03-30,440
INE02NC01014,FINOPB,2021-11-12,2026-03-30,1087
INE02PY01013,BOROLTD,2020-11-24,2026-03-30,1259
INE02RE01045,FIRSTCRY,2024-08-13,2026-03-30,405
INE02WG01016,WFL,2022-01-17,2023-01-03,151
INE02WG01016,WEL,2023-01-04,2024-11-11,325
INE02WG01024,WEL,2024-11-12,2026-03-30,342
INE02YR01019,EMIL,2022-10-17,2026-03-30,836
INE02ZQ01018,CORONA,2025-12-15,2026-03-30,72
INE030A01027,HINDUNILVR,2013-01-01,2026-03-30,3280
INE031A01017,HUDCO,2017-05-19,2026-03-30,2198
INE031B01031,AJANTPHARM,2013-01-01,2015-03-20,549
INE031B01049,AJANTPHARM,2015-03-23,2026-03-30,2731
INE032A01023,BOMDYEING,2013-01-01,2026-03-30,3202
INE032B01021,PRIMESECU,2013-01-01,2026-03-30,2990
INE032G01012,VARUN,2013-03-01,2014-09-23,290
INE032Z01012,BSHSL,2020-10-28,2022-09-23,311
INE032Z01020,BSHSL,2022-09-26,2026-03-30,640
INE033B01011,QUINTEGRA,2013-01-01,2019-05-31,517
INE033C01019,ELNET,2013-01-01,2014-09-24,330
INE034A01011,ARVIND,2013-01-01,2026-03-30,3280
INE034D01031,PTL,2013-01-01,2021-12-23,2062
INE034D01049,PTL,2021-12-24,2026-03-30,1058
INE034H01016,STOREONE,2013-03-01,2017-01-09,952
INE034H01016,SORILINFRA,2017-01-10,2022-08-17,1290
INE034S01021,ARVINFRA,2015-09-09,2016-12-02,283
INE034S01021,ARVSMART,2016-12-05,2026-03-30,2254
INE035801013,SAH,2023-01-27,2025-06-02,517
INE035801013,AERONEU,2025-09-08,2026-03-30,139
INE035D01012,SOTL,2013-01-01,2022-09-01,2393
INE035D01020,SOTL,2022-09-02,2026-03-30,887
INE036A01016,RELINFRA,2013-01-01,2025-06-04,2752
INE036B01022,GAEL,2013-01-01,2020-10-01,1918
INE036B01030,GAEL,2020-10-05,2026-03-30,1362
INE036D01010,KARURVYSYA,2013-01-01,2016-11-17,958
INE036D01028,KARURVYSYA,2016-11-18,2026-03-30,2322
INE037A01022,UNIENTER,2013-01-01,2026-03-30,3193
INE037Z01029,CEWATER,2024-12-27,2026-03-30,312
INE038A01020,HINDALCO,2013-01-01,2026-03-30,3280
INE038F01029,TVTODAY,2013-01-01,2026-03-30,3280
INE039A01010,IFCI,2013-01-01,2026-03-30,3280
INE039B01026,CINEVISTA,2013-01-01,2026-03-30,2215
INE039C01016,JAMNAAUTO,2013-01-01,2015-12-03,666
INE039C01024,JAMNAAUTO,2015-12-04,2017-10-05,455
INE039C01032,JAMNAAUTO,2017-10-06,2026-03-30,2102
INE039E01020,ERAINFRA,2013-01-01,2015-12-24,667
INE039O01011,JASH,2019-10-30,2024-10-29,1191
INE039O01029,JASH,2024-10-30,2026-03-30,351
INE03CC01015,JUBLCPL,2025-03-03,2026-03-30,209
INE03DD01011,RETAIL,2024-07-10,2026-03-30,340
INE03EI01018,MAXESTATES,2023-11-13,2026-03-30,590
INE03HW01020,VLEGOV,2023-08-29,2026-03-30,345
INE03JI01017,DGCONTENT,2019-07-02,2026-03-30,1013
INE03JT01014,GODIGIT,2024-05-23,2026-03-30,461
INE03NU01014,BRIGHOTEL,2025-07-31,2026-03-30,164
INE03Q201024,GLS,2021-08-06,2025-01-17,857
INE03Q201024,ALIVUS,2025-01-20,2026-03-30,296
INE03QK01018,SUVENPHAR,2020-03-24,2025-05-16,1277
INE03QK01018,COHANCE,2025-05-19,2026-03-30,217
INE03RS01019,DRCSYSTEMS,2021-03-25,2021-10-13,67
INE03RS01027,DRCSYSTEMS,2022-08-08,2026-03-30,564
INE03V001013,UNIVPHOTO,2020-03-02,2026-02-20,1293
INE03YM01018,CHEMCON,2020-10-01,2026-03-30,1363
INE040A01026,HDFCBANK,2013-01-01,2019-09-19,1660
INE040A01034,HDFCBANK,2019-09-20,2026-03-30,1620
INE040D01012,MAYURUNIQ,2013-01-01,2013-09-25,185
INE040D01038,MAYURUNIQ,2013-09-26,2026-03-30,3095
INE040H01021,SUZLON,2013-01-01,2026-03-30,3058
INE040M01013,TREEHOUSE,2013-01-01,2026-03-05,2552
INE041A01016,DHAMPURSUG,2013-01-01,2026-03-30,3211
INE042A01014,ESCORTS,2013-01-01,2026-03-30,3280
INE043A01012,GTL,2013-01-01,2026-03-30,2843
INE043C01018,IVP,2013-01-02,2026-03-30,2695
INE043D01016,IDFC,2013-01-01,2024-10-09,2915
INE043K01011,BSLIMITED,2013-01-01,2014-01-21,265
INE043K01029,BSLIMITED,2014-01-22,2018-02-21,967
INE043W01024,VIJAYA,2021-09-14,2026-03-30,1128
INE044A01036,SUNPHARMA,2013-01-01,2026-03-30,3280
INE045601015,PARAS,2021-10-18,2025-07-03,865
INE045601023,PARAS,2025-07-04,2026-03-30,183
INE045A01017,ADORWELD,2013-01-01,2025-04-09,3003
INE045A01017,ADOR,2025-04-11,2026-03-30,240
INE045B01015,NELCO,2013-01-01,2026-03-30,2989
INE045J01018,FCL,2015-01-15,2015-06-11,100
INE045J01026,FCL,2015-06-12,2025-10-30,2574
INE045J01034,FCL,2025-10-31,2026-03-30,102
INE046A01015,RIIL,2013-01-01,2026-03-30,3280
INE046W01019,MUTHOOTMF,2023-12-26,2026-03-30,562
INE047A01013,GRASIM,2013-01-01,2016-10-06,931
INE047A01021,GRASIM,2016-10-07,2026-03-30,2349
INE047B01011,GILLANDERS,2013-03-01,2026-03-30,2866
INE047O01014,NIBL,2013-05-02,2026-03-30,2441
INE048A01011,HOCL,2013-01-01,2017-08-16,1006
INE048B01027,JAGSNPHARM,2013-01-01,2025-01-07,2899
INE048B01035,JAGSNPHARM,2025-01-08,2026-03-30,304
INE048C01017,VICEROY,2013-01-01,2018-12-21,1478
INE048G01018,NAVINFLUOR,2013-01-01,2017-07-19,1099
INE048G01026,NAVINFLUOR,2017-07-20,2026-03-30,2155
INE049A01027,HIMATSEIDE,2013-01-01,2026-03-30,3218
INE049B01025,WOCKPHARMA,2013-03-01,2026-03-30,3122
INE049I01012,NAHARCAP,2013-01-01,2026-03-30,3142
INE04AK01010,SBC,2021-11-23,2022-01-12,37
INE04AK01028,SBC,2022-03-29,2026-03-30,867
INE04I401011,KPITTECH,2019-05-08,2026-03-30,1712
INE04LG01015,PAR,2021-09-16,2026-03-30,871
INE04TZ01018,ETHOSLTD,2022-05-30,2026-03-30,953
INE04VU01023,STYL,2025-09-30,2026-03-30,123
INE050001010,PPL,2019-08-23,2026-03-30,1638
INE050401020,ELIN,2022-12-30,2026-03-30,741
INE050A01025,BBTC,2013-01-01,2026-03-30,3280
INE050B01023,IVC,2013-01-01,2026-03-30,2828
INE050E01027,BALAMINES,2013-01-01,2026-03-30,3280
INE050H01012,RML,2013-01-01,2026-03-30,3241
INE050M01012,VSSL,2013-01-01,2026-03-30,3116
INE051B01021,VAKRANSOFT,2013-01-01,2013-11-26,226
INE051B01021,VAKRANGEE,2013-11-27,2026-03-30,2952
INE052A01021,WINDMACHIN,2013-01-01,2026-03-30,3065
INE052I01032,CAMLINFINE,2015-01-20,2026-03-30,2715
INE052T01013,BESTAGRO,2021-02-22,2026-01-14,961
INE052T01021,BESTAGRO,2026-01-16,2026-01-21,4
INE053A01029,INDHOTEL,2013-01-01,2026-03-30,3280
INE053F01010,IRFC,2021-01-29,2026-03-30,1281
INE054301028,ODIGMA,2024-12-27,2026-03-30,76
INE054A01027,VIPIND,2013-01-01,2026-03-30,3280
INE054C01015,WATERBASE,2019-08-19,2023-10-25,1039
INE055A01016,CENTURYTEX,2013-01-01,2024-10-09,2915
INE055A01016,ABREL,2024-10-10,2026-03-30,365
INE055C01020,KEEPLEARN,2024-03-18,2026-03-30,225
INE055L01013,ACROPETAL,2013-01-01,2016-05-20,667
INE055S01018,CYIENTDLM,2023-07-10,2026-03-30,677
INE056801025,IVALUE,2025-09-25,2026-03-30,126
INE056C01010,TATAMETALI,2013-01-01,2024-02-05,2686
INE056I01017,REFEX,2013-03-04,2024-03-21,2275
INE056I01025,REFEX,2024-03-22,2026-03-30,407
INE057B01010,POLARIND,2013-01-01,2013-08-20,138
INE058A01010,SANOFI,2013-01-01,2026-03-30,3270
INE058B01018,ZENITHEXPO,2013-01-01,2026-03-30,1615
INE059901020,IEL,2023-01-10,2025-10-27,322
INE059A01026,CIPLA,2013-01-01,2026-03-30,3280
INE059B01024,SIMPLEXINF,2013-01-01,2026-03-30,2899
INE059D01012,LAOPALA,2013-01-01,2014-09-24,432
INE059D01020,LAOPALA,2014-09-25,2026-03-30,2848
INE05AN01011,SHIL,2020-01-09,2022-06-20,495
INE05AN01011,HINDWAREAP,2022-06-21,2026-03-30,937
INE05CZ01011,RATNAVEER,2023-09-26,2026-03-30,558
INE05HV01027,CMPDI,2026-03-30,2026-03-30,1
INE05J901018,IGCL,2025-07-17,2026-03-30,174
INE05ST01010,SBGLP,2023-02-10,2024-04-16,291
INE05ST01028,SBGLP,2024-04-18,2026-03-30,378
INE05X901010,HPIL,2022-11-07,2026-03-30,644
INE05XR01022,BHARATCOAL,2026-01-19,2026-03-30,49
INE060901019,LIKHITHA,2020-10-29,2022-12-01,519
INE060901027,LIKHITHA,2022-12-02,2026-03-30,825
INE060A01024,NAVNETPUBL,2013-01-01,2013-09-18,180
INE060A01024,NAVNETEDUL,2013-09-19,2026-03-30,3100
INE060B01014,KHANDSE,2013-01-01,2026-03-30,1945
INE060J01017,FLEXITUFF,2013-01-01,2026-03-30,2356
INE060X01018,DEVIT,2022-02-15,2022-11-24,160
INE060X01026,DEVIT,2022-11-25,2025-08-20,562
INE060X01034,DEVIT,2025-08-21,2026-03-30,150
INE061A01014,INDIANCARD,2013-01-01,2026-03-30,2961
INE061F01013,FORTIS,2013-01-01,2026-03-30,3280
INE062A01012,SBIN,2013-01-01,2014-11-20,466
INE062A01020,SBIN,2014-11-21,2026-03-30,2814
INE062D01024,ALICON,2013-01-01,2026-03-30,3153
INE063E01038,PONDYOXIDE,2013-01-01,2015-01-07,454
INE063E01046,POCL,2023-03-06,2024-10-15,399
INE063E01053,POCL,2024-10-16,2026-03-30,361
INE063J01011,EUROMULTI,2013-01-01,2020-12-24,561
INE063P01018,EQUITASBNK,2020-11-02,2026-03-30,1342
INE064C01014,TRIDENT,2013-01-01,2019-12-13,1717
INE064C01022,TRIDENT,2019-12-16,2026-03-30,1502
INE065B01013,INDLMETER,2013-01-01,2022-04-20,1839
INE065D01027,SATINDLTD,2022-11-21,2025-06-24,644
INE065D01027,AEROENTER,2025-06-25,2026-03-30,190
INE065J01016,GISOLUTION,2013-01-01,2023-04-06,533
INE065J01024,TPHQ,2024-06-10,2026-03-30,226
INE065X01017,INDGN,2024-05-13,2026-03-30,469
INE066A01013,EICHERMOT,2013-01-01,2020-08-24,1890
INE066A01021,EICHERMOT,2020-08-25,2026-03-30,1390
INE066F01012,HAL,2018-03-28,2023-09-27,1363
INE066F01020,HAL,2023-09-28,2026-03-30,621
INE066O01014,WONDERLA,2014-05-23,2026-03-30,2934
INE066P01011,INOXWIND,2015-04-09,2026-03-30,2720
INE067A01029,CROMPGREAV,2013-01-01,2017-03-07,1034
INE067A01029,CGPOWER,2017-03-08,2026-03-30,2062
INE067D01015,VIMALOIL,2013-05-21,2017-04-10,960
INE067H01016,ABGSHIP,2013-01-01,2017-01-23,1005
INE068D01021,AMTEKINDIA,2013-01-01,2015-06-08,575
INE068D01021,CASTEXTECH,2015-07-07,2020-10-20,922
INE068L01016,CANTABIL,2013-01-01,2023-11-01,2538
INE068L01024,CANTABIL,2023-11-02,2026-03-30,598
INE068V01023,GLAND,2020-11-20,2026-03-30,1328
INE069A01017,ABIRLANUVO,2013-01-01,2017-07-04,1114
INE069I01010,IBREALEST,2013-01-01,2024-07-05,2850
INE069I01010,EMBDL,2024-07-08,2025-12-15,359
INE06H201014,GENSOL,2023-07-03,2025-03-18,369
INE06HJ01020,ECOSMOBLTY,2024-09-04,2026-03-30,390
INE06IR01013,OSIAHYPER,2022-12-01,2023-03-10,70
INE06IR01021,OSIAHYPER,2023-03-13,2026-03-30,290
INE06ST01018,INDIQUBE,2025-07-30,2026-03-30,165
INE06WU01026,LAXMIINDIA,2025-08-05,2026-03-30,161
INE06XZ01023,GEMAROMA,2025-08-26,2026-03-11,135
INE06ZD01017,SHANTIGOLD,2025-08-01,2026-03-30,163
INE070A01015,SHREECEM,2013-01-01,2026-03-30,3280
INE070C01029,COMPUAGE,2013-01-01,2015-01-29,425
INE070C01029,COMPINFO,2016-07-07,2017-02-16,154
INE070C01037,COMPINFO,2017-02-17,2023-10-27,1657
INE070D01027,JAICORPLTD,2013-01-01,2026-03-30,3280
INE070I01018,INSECTICID,2013-01-01,2026-03-30,3280
INE071A01013,BINANIIND,2013-01-01,2025-04-17,1684
INE071A01013,BILVYAPAR,2025-09-15,2025-11-25,49
INE071D01025,MENONBE,2015-03-09,2015-04-09,22
INE071D01033,MENONBE,2015-04-10,2026-03-30,2662
INE071E01023,UGARSUGAR,2013-01-01,2026-03-30,2791
INE071F01012,APCL,2017-04-10,2026-03-30,2159
INE071N01016,MFL,2021-09-02,2023-09-08,502
INE071N01016,EPIGRAL,2023-09-11,2026-03-30,633
INE072P01019,WELENTRP,2014-07-25,2015-06-03,207
INE073D01013,SUNDRMBRAK,2013-01-01,2026-03-30,3007
INE073G01016,ASALCBR,2020-02-12,2026-03-30,1521
INE073K01018,SONACOMS,2021-06-24,2026-03-30,1183
INE073V01015,COMSYN,2024-01-23,2026-03-30,392
INE074A01025,PRAJIND,2013-01-01,2026-03-30,3151
INE074B01023,PARACABLES,2013-03-01,2026-03-30,2555
INE075A01022,WIPRO,2013-01-01,2026-03-30,3280
INE075B01012,SICAL,2013-01-01,2022-12-28,2120
INE075B01020,SICALLOG,2023-10-27,2023-10-30,2
INE075D01018,GMBREW,2013-01-01,2026-03-30,3259
INE075I01017,HCG,2016-03-30,2026-03-30,2479
INE076B01010,SIYSIL,2013-01-01,2017-10-25,1179
INE076B01028,SIYSIL,2017-10-26,2026-03-30,2089
INE076C01018,IFBAGRO,2013-01-01,2026-03-30,3012
INE076H01025,EON,2013-01-01,2020-02-26,1577
INE077A01010,DENABANK,2013-01-01,2019-03-07,1530
INE077B01018,ZODJRDMKJ,2013-01-01,2021-09-20,1592
INE077F01027,GULFOILCOR,2013-01-01,2014-06-03,354
INE077F01035,GULFCORP,2014-07-10,2015-11-09,327
INE077F01035,GOCLCORP,2015-11-10,2026-03-30,2573
INE078A01026,EMCO,2013-01-01,2019-06-28,1374
INE078V01014,VIKRAMSOLR,2025-08-26,2026-03-30,147
INE079A01024,AMBUJACEM,2013-01-01,2026-03-30,3280
INE079J01017,GATEWAY,2022-04-05,2026-03-30,989
INE07K301024,ZAGGLE,2023-09-22,2026-03-30,568
INE07O001018,EASEMYTRIP,2021-03-19,2022-11-21,357
INE07O001026,EASEMYTRIP,2022-11-22,2026-03-30,833
INE07OG01012,NDRAUTO,2020-08-13,2026-03-30,1177
INE07RO01027,SUPRIYA,2021-12-28,2026-03-30,1056
INE07S101020,PAVNAIND,2023-06-01,2025-08-29,440
INE07S101038,PAVNAIND,2025-09-01,2026-03-30,144
INE07T201019,BURGERKING,2020-12-14,2022-02-16,293
INE07T201019,RBA,2022-02-17,2026-03-30,1020
INE07U701015,IRMENERGY,2023-10-26,2026-03-30,603
INE07Y701011,POWERINDIA,2020-04-17,2026-03-30,1480
INE080A01014,WEIZMANIND,2013-01-01,2026-03-30,2853
INE080B01012,KOHINOOR,2013-01-01,2026-03-30,2403
INE080I01025,LLOYDSENT,2024-10-17,2026-03-30,360
INE081A01012,TATASTEEL,2013-01-01,2022-07-28,2371
INE081A01020,TATASTEEL,2022-07-29,2026-03-30,909
INE082A01010,KOPRAN,2013-01-01,2026-03-30,3146
INE082W01014,WEWIN,2022-06-15,2026-03-30,496
INE083A01026,MOREPENLAB,2013-01-01,2026-03-30,3126
INE083B01016,THEMISMED,2013-01-01,2023-10-09,1911
INE083B01024,THEMISMED,2023-10-10,2026-03-30,614
INE083C01022,PLASTIBLEN,2013-01-01,2026-03-30,3169
INE083D01012,BALPHARMA,2013-01-01,2026-03-30,2982
INE084A01016,BANKINDIA,2013-01-01,2026-03-30,3280
INE084K01015,AMANTA,2025-09-23,2026-03-30,128
INE084Q01012,RACE,2023-05-09,2026-03-30,720
INE085001019,WEWORK,2025-10-10,2026-03-30,116
INE085A01013,CHAMBLFERT,2013-01-01,2026-03-30,3280
INE085J01014,THANGAMAYL,2013-03-01,2026-03-30,3144
INE086A01029,ELECTCAST,2013-01-01,2026-03-30,3280
INE087A01019,KESORAMIND,2013-01-01,2026-03-30,2917
INE087B01017,ANIKINDS,2013-01-01,2026-03-30,1832
INE087H01022,RENUKA,2013-01-01,2026-03-30,3211
INE087J01010,MANDHANA,2013-01-01,2019-02-13,1256
INE087J01028,MIL,2019-06-21,2019-06-28,6
INE087J01028,GBGLOBAL,2020-03-11,2021-05-19,138
INE087Z01016,AAKASH,2020-09-29,2022-02-03,281
INE087Z01024,AAKASH,2022-02-04,2026-03-10,689
INE088B01015,NATNLSTEEL,2013-01-01,2022-01-10,959
INE088F01024,PARADEEP,2022-05-27,2026-03-30,954
INE089A01023,DRREDDY,2013-01-01,2024-10-25,2927
INE089A01031,DRREDDY,2024-10-28,2026-03-30,353
INE089C01029,STRTECH,2013-01-01,2020-10-28,1900
INE089C01029,STLTECH,2020-10-29,2026-03-30,1334
INE08KJ01020,MUFIN,2023-11-07,2026-03-30,595
INE08KP01019,DCMNVL,2019-07-30,2026-03-30,1511
INE08LI01020,KRSNAA,2021-08-16,2026-03-30,1147
INE08N601015,MBEL,2025-08-06,2026-03-30,160
INE08NE01025,SANSTAR,2024-07-26,2026-03-30,417
INE08PH01015,ABCOTS,2025-09-24,2026-03-30,127
INE08U801020,SAMHI,2023-09-22,2026-03-30,625
INE08ZM01014,GREENPANEL,2019-11-06,2026-03-30,1485
INE090501011,SCODATUBES,2025-06-18,2026-03-30,195
INE090A01013,ICICIBANK,2013-01-01,2014-12-04,476
INE090A01021,ICICIBANK,2014-12-05,2026-03-30,2804
INE090B01011,OMAXAUTO,2013-01-01,2026-03-30,2767
INE090C01019,STINDIA,2013-03-01,2020-08-21,842
INE091C01017,SUPER,2013-01-01,2015-01-28,355
INE091G01018,JAIBALAJI,2013-01-01,2025-01-16,2253
INE091G01026,JAIBALAJI,2025-01-17,2026-03-30,297
INE092A01019,TATACHEM,2013-01-01,2026-03-30,3280
INE092B01017,INDNIPPON,2013-01-01,2018-03-21,1288
INE092B01025,INDNIPPON,2018-03-22,2026-03-30,1988
INE092T01019,IDFCBANK,2015-11-23,2019-01-15,779
INE092T01019,IDFCFIRSTB,2019-01-16,2026-03-30,1786
INE093A01033,HEXAWARE,2013-01-01,2020-10-30,1938
INE093A01041,HEXT,2025-02-19,2026-03-30,273
INE093B01015,ALPSINDUS,2013-01-01,2025-12-15,1525
INE093I01010,OBEROIRLTY,2013-01-01,2026-03-30,3280
INE093R01011,LSIL,2016-08-01,2023-08-09,1341
INE093R01011,LLOYDSENGG,2023-11-12,2026-03-30,569
INE094A01015,HINDPETRO,2013-01-01,2026-03-30,3280
INE094I01018,KOLTEPATIL,2013-01-01,2026-03-30,3280
INE094J01016,UTIAMC,2020-10-12,2026-03-30,1357
INE095A01012,INDUSINDBK,2013-01-01,2026-03-30,3280
INE095I01015,PPAP,2013-01-01,2026-03-30,3091
INE095N01015,NBCC,2013-01-01,2016-06-02,845
INE095N01023,NBCC,2016-06-03,2018-04-25,470
INE095N01031,NBCC,2018-04-26,2026-03-30,1965
INE096B01018,NUCLEUS,2013-01-01,2026-03-30,3202
INE096L01017,KTIL,2013-01-01,2016-08-11,683
INE096L01025,KTIL,2016-08-12,2019-12-30,833
INE096T01010,PNEUMATIC,2015-10-06,2017-05-19,374
INE098201028,VCL,2022-04-19,2023-02-14,185
INE098201036,VCL,2023-02-15,2026-03-30,301
INE098F01023,AMRUTANJAN,2013-01-01,2018-04-13,1273
INE098F01031,AMRUTANJAN,2018-04-16,2026-03-30,1973
INE099F01013,SREEL,2014-01-01,2026-03-30,2750
INE099J01015,JPINFRATEC,2013-01-01,2022-05-24,2067
INE099Z01011,MIDHANI,2018-04-04,2026-03-30,1981
INE09E501017,RVHL,2021-01-04,2026-03-30,936
INE09EO01013,AARTISURF,2020-11-24,2026-03-30,1198
INE09KD01013,ATAM,2023-05-10,2026-03-30,602
INE09N301011,FLUOROCHEM,2019-10-31,2026-03-30,1532
INE09VQ01012,INDIGOPNTS,2021-02-02,2026-03-30,1279
INE09XN01023,AKUMS,2024-08-06,2026-03-30,410
INE0A0S01010,SIGMA,2023-06-09,2025-10-03,485
INE0A0S01028,SIGMA,2025-10-06,2026-03-30,56
INE0A1101019,DCI,2022-10-19,2026-03-30,510
INE0ADB01012,INNOVISION,2026-03-23,2026-03-30,5
INE0AE001013,VPRPL,2023-09-05,2026-03-30,637
INE0AEJ01013,BIRLATYRE,2020-02-25,2022-05-24,531
INE0AG901020,CEIGALL,2024-08-08,2026-03-30,408
INE0AJG01018,HEMIPROP,2020-11-05,2026-03-30,1284
INE0ALI01010,ADVAIT,2026-01-20,2026-03-30,48
INE0ALR01011,ATALREAL,2023-05-12,2023-09-14,88
INE0ALR01029,ATALREAL,2024-01-29,2026-03-30,286
INE0APB01016,MGEL,2020-12-23,2022-08-18,369
INE0APB01024,MGEL,2022-08-19,2025-03-03,449
INE0APB01032,MGEL,2025-03-04,2026-03-30,265
INE0AQ201015,THELEELA,2025-06-02,2026-03-30,207
INE0ATZ01017,KRONOX,2024-06-25,2026-03-30,439
INE0B1K01014,DJML,2022-12-05,2026-02-06,580
INE0B9K01025,BANSALWIRE,2024-07-10,2026-03-30,428
INE0BJS01011,GOCOLORS,2021-11-30,2026-03-30,1076
INE0BS701011,PREMIERENE,2024-09-03,2026-03-30,391
INE0BTI01029,KAMOPAINTS,2023-02-08,2024-06-14,278
INE0BTI01037,KAMOPAINTS,2024-06-18,2026-03-30,239
INE0BTM01013,SECMARK,2023-10-16,2026-03-30,413
INE0BV301023,MAPMYINDIA,2021-12-21,2026-03-30,1061
INE0BWX01014,AETHER,2022-06-03,2026-03-30,949
INE0BX301013,PROSTARM,2025-06-17,2026-03-30,196
INE0BY001018,JUBLINGREA,2021-04-06,2026-03-30,1237
INE0BYP01024,OSWALPUMPS,2025-06-20,2026-03-30,193
INE0CAZ01013,URBANCO,2025-09-17,2026-03-30,132
INE0CG401037,MUKKA,2024-03-22,2026-03-30,500
INE0CG601016,MAXIND,2020-09-11,2026-03-30,1322
INE0CHO01012,ADL,2024-03-11,2026-03-30,374
INE0CJD01011,KMEW,2024-11-14,2025-12-19,273
INE0CJD01029,KMEW,2025-12-22,2026-03-30,67
INE0CJF01024,WCIL,2024-09-24,2026-03-30,376
INE0CLI01024,RATEGAIN,2021-12-17,2026-03-30,1063
INE0CT101020,MOL,2021-09-02,2026-03-30,1135
INE0CU601026,GMRP&UI,2022-04-06,2026-03-30,988
INE0CZ201020,ANTHEM,2025-07-21,2026-03-30,172
INE0D0K01014,SIGACHI,2021-11-30,2023-10-06,461
INE0D0K01022,SIGACHI,2023-10-09,2026-03-30,615
INE0D0U01013,AAATECH,2022-11-28,2026-03-30,628
INE0D6701023,IPL,2021-07-05,2026-03-30,1176
INE0D6I01015,KSOLVES,2022-09-23,2025-02-05,525
INE0D6I01023,KSOLVES,2025-02-06,2026-03-30,282
INE0DAB01012,REVATHIEQU,2024-09-25,2024-10-30,25
INE0DAB01012,RVTH,2025-02-01,2026-03-30,186
INE0DD101019,RAILTEL,2021-02-26,2026-03-30,1261
INE0DK501011,PPLPHARMA,2022-11-03,2026-03-30,845
INE0DNW01011,FAIRCHEMOR,2021-01-08,2026-03-30,1295
INE0DSF01015,NURECA,2021-03-12,2026-03-30,1060
INE0DUT01020,INNOVACAP,2023-12-29,2026-03-30,559
INE0DYJ01015,SYRMA,2022-08-26,2026-03-30,891
INE0E7301029,WAKEFIT,2025-12-15,2026-03-30,72
INE0ECP01016,HMAAGRO,2023-07-04,2023-12-28,122
INE0ECP01024,HMAAGRO,2023-12-29,2026-03-30,559
INE0EEJ01015,BTML,2023-02-15,2024-04-04,215
INE0EEJ01023,BTML,2024-04-05,2026-03-30,364
INE0EK901012,TARC,2021-01-04,2026-03-30,1122
INE0FFK01017,NPST,2025-04-30,2026-03-30,229
INE0FHS01016,DEEPINDS,2021-05-11,2023-04-06,475
INE0FHS01024,DEEPINDS,2023-04-10,2026-03-30,739
INE0FLR01028,IWEL,2021-06-25,2025-06-19,658
INE0FRK01012,MOTISONS,2024-01-09,2024-10-07,185
INE0FRK01020,MOTISONS,2024-12-31,2026-03-30,310
INE0FS801015,MSUMI,2022-04-11,2026-03-30,985
INE0FW001016,MARKOLINES,2025-10-14,2026-03-30,114
INE0G1L01017,LEMERITE,2025-12-12,2026-03-30,73
INE0G5901015,EPACK,2024-01-30,2026-03-30,481
INE0GFE01018,EXXARO,2021-08-31,2024-12-12,816
INE0GFE01026,EXXARO,2024-12-13,2026-03-30,187
INE0GGO01015,KRISHIVAL,2025-10-20,2026-03-30,110
INE0GIU01018,UMAEXPORTS,2022-04-25,2026-03-30,657
INE0GK401011,TATVA,2021-07-29,2026-03-30,1159
INE0GSL01016,HPAL,2022-01-10,2023-11-08,454
INE0GSL01024,HPAL,2023-11-09,2026-03-30,593
INE0GV601021,ALLTIME,2025-08-14,2026-03-30,154
INE0H5O01029,WINDLAS,2021-08-16,2026-03-30,1147
INE0H9P01028,ARISINFRA,2025-06-25,2026-02-06,156
INE0H9P01028,ARIS,2026-02-09,2026-03-30,34
INE0HF201011,FABTECH,2025-10-23,2026-03-30,108
INE0HLU01028,MOBIKWIK,2024-12-18,2026-03-30,318
INE0HMF01019,TRACXN,2022-10-20,2026-03-30,854
INE0HOQ01053,GROWW,2025-11-12,2026-03-30,95
INE0HR601026,DDEVPLSTIK,2025-01-15,2026-03-30,299
INE0HV901016,IXIGO,2024-06-18,2026-03-30,444
INE0I0M01023,PRABHA,2025-04-03,2026-03-30,245
INE0I3401014,DBOL,2022-09-22,2026-03-30,786
INE0I7C01011,LATENTVIEW,2021-11-23,2026-03-30,1023
INE0ILV01024,CAPILLARY,2025-11-21,2026-03-30,88
INE0INJ01017,PLAZACABLE,2023-10-27,2026-03-30,536
INE0INX01018,AEGISVOPAK,2025-06-02,2026-03-30,207
INE0IQ001011,VERANDA,2022-04-27,2026-03-30,918
INE0IX101010,DATAPATTNS,2021-12-24,2026-03-30,1058
INE0J0B01017,KOTYARK,2026-03-12,2026-03-30,12
INE0J1F01024,RPTECH,2024-02-14,2026-03-30,527
INE0J1Y01017,LICI,2022-05-17,2026-03-30,962
INE0J5401028,HONASA,2023-11-07,2026-03-30,595
INE0J5601015,KRISHNADEF,2025-12-30,2026-03-30,62
INE0J5801029,JSLL,2025-08-11,2026-03-30,157
INE0JA001018,VENUSPIPES,2022-06-07,2026-03-30,947
INE0JM501013,NRL,2023-01-12,2026-03-30,668
INE0JO301016,YATHARTH,2023-08-07,2026-03-30,657
INE0JPD01013,SANATHAN,2024-12-27,2026-03-30,312
INE0JR601024,YATRA,2023-09-28,2026-03-30,621
INE0JS101016,DREAMFOLKS,2022-09-06,2026-03-30,822
INE0JSX01015,GSLSU,2023-04-11,2026-03-30,680
INE0JUS01029,HARSHA,2022-09-26,2026-03-30,871
INE0JVO01026,GARUDA,2024-10-15,2026-03-30,362
INE0JWS01017,VALIANTLAB,2023-10-20,2026-03-30,566
INE0JYY01011,MWL,2025-09-18,2026-03-30,131
INE0KBH01020,BLUEJET,2023-11-01,2026-03-30,599
INE0KCE01017,EUREKAFORB,2024-09-11,2026-03-30,385
INE0KGZ01021,SIGNPOST,2024-02-28,2026-03-30,458
INE0KKN01029,RHETAN,2025-09-26,2026-03-30,125
INE0KL801015,DCXINDIA,2022-11-11,2026-03-30,783
INE0KNT01012,MVGJL,2023-10-03,2026-03-30,619
INE0KNW01016,KNAGRI,2025-12-09,2026-03-30,76
INE0KQN01018,BAJEL,2024-01-03,2026-03-30,498
INE0L0L01012,MODIS,2025-11-14,2026-03-30,93
INE0L4K01016,VITAL,2026-03-11,2026-03-30,13
INE0L9R01028,GOPAL,2024-03-14,2026-03-30,506
INE0LCL01028,AVALON,2023-04-18,2026-03-30,734
INE0LEZ01016,ATHERENERG,2025-05-06,2026-03-30,226
INE0LGX01024,INA,2026-03-09,2026-03-30,15
INE0LLY01014,EIEL,2024-11-29,2026-03-30,331
INE0LMW01024,CELLO,2023-11-06,2026-03-30,596
INE0LOJ01019,IKIO,2023-06-16,2026-03-30,692
INE0LP301011,PWL,2025-11-18,2026-03-30,91
INE0LQS01015,TIPSFILMS,2022-10-20,2026-03-30,626
INE0LRU01027,AARTIPHARM,2023-02-13,2026-03-30,775
INE0LRY01011,QUADFUTURE,2025-01-14,2026-03-30,300
INE0LXG01040,OLAELEC,2024-08-09,2026-03-30,350
INE0LXT01019,REDTAPE,2023-08-28,2026-03-30,643
INE0M4D01010,SGLTL,2025-01-13,2026-01-16,194
INE0M4D01010,SETL,2026-01-19,2026-03-30,49
INE0MB501011,JGCHEM,2024-03-13,2026-03-30,507
INE0MHO01029,REGAAL,2025-08-20,2026-03-30,151
INE0MIS01010,PYRAMID,2023-09-12,2026-03-30,632
INE0MLS01022,EPACKPEB,2025-10-01,2026-03-30,122
INE0MWH01014,TRUALT,2025-10-03,2026-03-30,121
INE0N0Y01013,USK,2023-04-20,2026-03-05,564
INE0N2P01017,RISHABH,2023-09-11,2026-03-30,576
INE0N7W01012,BLAL,2023-05-04,2026-03-30,723
INE0NAZ01010,SMARTWORKS,2025-07-17,2026-03-30,174
INE0NLT01010,BLSE,2024-02-06,2026-03-30,475
INE0NN701020,ATL,2023-08-25,2026-03-30,644
INE0NNS01018,NSLNISP,2023-03-06,2026-03-30,760
INE0NQ801033,RKSWAMY,2024-03-12,2026-03-30,508
INE0NT901020,NETWEB,2023-07-27,2026-03-30,658
INE0O3901029,TREL,2023-08-25,2026-03-30,644
INE0O6601022,KROSS,2024-09-16,2026-03-30,382
INE0O9T01021,BAJAJINDEF,2025-03-10,2026-03-30,261
INE0OAF01028,JNKINDIA,2024-04-30,2026-03-30,420
INE0OFM01015,DSFCL,2026-03-04,2026-03-30,18
INE0OJW01016,ROSSTECH,2024-12-23,2026-03-30,229
INE0ONG01011,NTPCGREEN,2024-11-27,2026-03-30,333
INE0OPA01019,DBEIL,2024-10-28,2026-03-30,353
INE0OU201013,DCMSIL,2026-03-04,2026-03-19,12
INE0OV601013,EMSLIMITED,2023-09-21,2026-03-30,626
INE0P6P01016,CPEDU,2025-09-19,2026-03-30,130
INE0P8B01020,GAUDIUMIVF,2026-03-16,2026-03-30,10
INE0PA801013,GHCLTEXTIL,2023-06-26,2026-03-30,686
INE0PB301013,SCILAL,2024-04-04,2026-03-30,493
INE0PEQ01016,RBZJEWEL,2024-01-10,2026-03-30,342
INE0PK601023,OCCLLTD,2024-11-13,2026-03-30,271
INE0PKD01011,MEIL,2025-08-28,2026-03-30,146
INE0PPK01015,ORIENTTECH,2024-09-11,2026-03-30,385
INE0PQ101010,SSDL,2024-09-03,2026-03-30,391
INE0PSC01024,DIGIDRIVE,2024-01-24,2026-03-30,377
INE0PT501018,PLATIND,2024-03-20,2026-03-30,502
INE0Q3J01015,KRN,2024-10-03,2026-03-30,370
INE0Q3R01026,SUNCLAY,2024-01-12,2026-03-30,549
INE0Q9301021,IGIL,2024-12-20,2026-03-30,316
INE0QN801017,KRYSTAL,2024-03-21,2026-03-30,435
INE0QPI01025,SUDEEPPHRM,2025-11-28,2026-03-30,83
INE0QRL01017,ARKADE,2024-09-24,2026-03-30,376
INE0QTF01015,VSTL,2024-03-05,2026-03-30,423
INE0R4L01018,DENTA,2025-02-11,2026-03-30,279
INE0R6Z01013,SRM,2024-04-19,2026-03-30,354
INE0R8B01010,PATELRMART,2025-09-10,2026-03-30,137
INE0RB801010,SENORES,2024-12-30,2026-03-30,311
INE0RE001014,GALAPREC,2024-09-23,2026-03-30,377
INE0RWQ01014,TOLINS,2024-09-30,2026-03-30,310
INE0RYC01010,STALLION,2025-02-05,2026-03-30,159
INE0S2G01011,BALAJEE,2024-09-26,2026-03-30,374
INE0S2V01010,VRAJ,2024-07-18,2026-03-30,423
INE0S3G01027,PACEDIGITK,2025-10-06,2026-03-30,120
INE0S4R01014,CRIZAC,2025-07-09,2026-03-30,180
INE0SII01026,QPOWER,2025-02-24,2026-03-30,270
INE0SJA01013,VMSTMT,2025-10-09,2026-03-30,117
INE0TGX01019,CHEMBONDCH,2025-08-06,2026-03-30,160
INE0TO701015,MAMATA,2025-01-10,2026-03-30,302
INE0TQE01026,GLOTTIS,2025-10-07,2026-03-30,119
INE0TY101024,SOLARWORLD,2025-09-30,2026-03-30,123
INE0U3I01011,UNIMECH,2024-12-31,2026-03-30,252
INE0U4101014,BLUSPRING,2025-06-25,2026-03-30,190
INE0U4701011,DIGITIDE,2025-06-25,2026-03-30,190
INE0UH301010,OMNI,2026-03-05,2026-03-30,17
INE0UIZ01018,BLACKBUCK,2024-11-22,2026-03-30,336
INE0UOS01011,SANOFICONR,2024-09-27,2026-03-30,373
INE0URU01010,GLOBALE,2024-09-10,2026-03-30,164
INE0US801024,MFML,2024-09-10,2026-03-30,144
INE0V0W01025,GKSL,2025-12-30,2026-03-30,62
INE0V3U01015,GLOBECIVIL,2025-07-15,2026-03-30,176
INE0V6F01027,HYUNDAI,2024-10-22,2026-03-30,357
INE0V7W01012,CARRARO,2024-12-30,2026-03-30,311
INE0V9Q01010,LOTUSDEV,2025-08-06,2026-03-30,160
INE0VDM01015,MEESHO,2025-12-10,2026-03-30,75
INE0VOV01021,DEVX,2025-10-01,2026-03-30,122
INE0W2G01015,SAGILITY,2024-11-12,2026-03-30,306
INE0WO601020,LAXMIDENTL,2025-01-20,2026-03-30,296
INE0XAD01024,MIDWESTLTD,2025-10-24,2026-03-30,107
INE0Y8W01017,AHCL,2025-09-17,2026-03-30,69
INE0YD401026,JAINREC,2025-10-01,2026-03-30,122
INE0Z4F01028,ATLANTAELE,2025-09-29,2026-03-30,124
INE100A01010,ATUL,2013-01-01,2026-03-30,3280
INE100D01014,WSI,2013-01-01,2026-03-30,1688
INE101A01026,M&M,2013-01-01,2026-03-30,3280
INE101D01012,GRANULES,2013-01-01,2015-03-23,550
INE101D01020,GRANULES,2015-03-24,2026-03-30,2730
INE101I01011,AFCONS,2024-11-04,2026-03-30,348
INE102A01024,HOTELEELA,2013-01-01,2020-01-07,1722
INE102A01024,HLVLTD,2020-01-08,2026-03-30,1398
INE102B01014,CHOICEIN,2022-04-08,2026-03-30,986
INE102D01028,GODREJCP,2013-01-01,2026-03-30,3280
INE102I01027,ADSL,2013-01-01,2026-03-30,2888
INE103A01014,MRPL,2013-01-01,2026-03-30,3280
INE103C01036,SMCGLOBAL,2021-03-10,2026-03-30,1253
INE103V01028,TRAVELFOOD,2025-07-14,2026-03-30,177
INE104E01014,SAVERA,2013-01-01,2015-01-29,462
INE104F01011,BODHTREE,2013-01-14,2013-02-21,6
INE105A01035,SUNCLAYLTD,2013-01-01,2023-08-09,2599
INE105A01035,TVSHLTD,2023-08-10,2026-03-30,620
INE105C01023,PDUMJEIND,2013-01-02,2018-05-03,839
INE105C01023,3PLAND,2018-05-04,2026-03-30,1351
INE105I01012,SELMCL,2013-01-01,2020-03-26,1655
INE105I01020,SELMC,2021-11-12,2026-03-30,391
INE105J01010,RPGLIFE,2013-01-01,2026-03-30,3280
INE106I01010,ANKITMETAL,2013-03-14,2024-05-07,1542
INE106T01017,HITECH,2018-05-07,2023-03-16,1207
INE106T01025,HITECH,2023-03-17,2026-03-30,752
INE107A01015,TNPL,2013-01-01,2026-03-30,3280
INE107F01022,WANBURY,2013-01-01,2026-02-25,484
INE108E01023,SUNDARAM,2013-03-01,2026-03-30,2860
INE108V01019,AWFIS,2024-05-30,2026-03-30,456
INE109A01011,SCI,2013-01-01,2026-03-30,3270
INE109C01017,ARMANFIN,2016-06-14,2026-03-30,2327
INE110A01019,BPL,2013-01-01,2026-03-30,3001
INE110B01017,MINDTECK,2016-08-02,2026-03-30,1983
INE110D01013,GUJNRECOKE,2013-01-01,2018-02-09,1197
INE111A01017,CONCOR,2013-01-01,2018-06-26,1358
INE111A01025,CONCOR,2018-06-27,2026-03-30,1922
INE111B01023,FINANTECH,2013-01-01,2017-01-18,1002
INE111B01023,63MOONS,2017-01-19,2026-03-30,1980
INE111F01024,PAUSHAKLTD,2025-12-01,2026-03-30,82
INE111Q01013,PDSMFL,2014-11-07,2022-02-16,1802
INE111Q01013,PDSL,2022-02-17,2022-08-26,130
INE111Q01021,PDSL,2022-08-29,2026-03-30,890
INE112A01015,CORPBANK,2013-01-01,2015-01-22,510
INE112A01023,CORPBANK,2015-01-23,2020-03-19,1274
INE112D01035,MHLXMIRU,2022-01-27,2026-03-30,825
INE112F01014,LAMBODHARA,2015-02-04,2015-10-15,174
INE112F01022,LAMBODHARA,2015-10-16,2026-03-30,2398
INE112L01020,METROPOLIS,2019-04-15,2026-03-30,1725
INE112X01017,SIKKO,2021-10-22,2025-10-27,728
INE112X01025,SIKKO,2026-02-01,2026-03-30,40
INE113A01013,GNFC,2013-01-01,2026-03-30,3280
INE113O01014,BLUEBLENDS,2015-08-24,2019-06-17,846
INE114A01011,SAIL,2013-01-01,2026-03-30,3280
INE115A01026,LICHSGFIN,2013-01-01,2026-03-30,3280
INE115Q01022,IKS,2024-12-19,2026-03-30,317
INE115S01010,HALDER,2026-02-24,2026-03-30,23
INE116A01016,APCOTEXIND,2013-01-01,2013-08-14,157
INE116A01024,APCOTEXIND,2013-08-16,2019-07-04,1452
INE116A01032,APCOTEXIND,2019-07-05,2026-03-30,1671
INE116D01028,BAGFILMS,2013-03-01,2026-03-30,2354
INE116G01013,VARDHACRLC,2013-01-01,2026-03-30,3280
INE117A01022,ABB,2013-01-01,2026-03-30,3270
INE117B01012,CURATECH,2013-01-01,2017-12-29,545
INE117B01020,CURAA,2025-04-08,2025-04-11,3
INE117Z01011,NARMADA,2022-10-27,2026-03-30,561
INE118A01012,BAJAJHLDNG,2013-01-01,2026-03-30,3280
INE118D01016,NUVOCO,2021-08-23,2026-03-30,1143
INE118H01025,BSE,2017-02-03,2026-03-30,2268
INE119201023,PARKHOSPS,2025-12-17,2026-03-30,70
INE119A01028,BALRAMCHIN,2013-01-01,2026-03-30,3280
INE119G01025,VTXIND,2013-01-01,2014-01-10,88
INE120A01034,CARBORUNIV,2013-01-01,2026-03-30,3280
INE120D01012,HITECHPLAS,2013-01-01,2017-05-22,995
INE120D01012,HITECHCORP,2017-05-23,2026-03-30,2077
INE121A01016,CHOLAFIN,2013-01-01,2019-06-14,1595
INE121A01024,CHOLAFIN,2019-06-17,2026-03-30,1685
INE121E01018,JSWENERGY,2013-01-01,2026-03-30,3098
INE121J01017,INFRATEL,2013-01-01,2020-12-17,1971
INE121J01017,INDUSTOWER,2020-12-18,2026-03-30,1309
INE121N01019,THEJO,2023-10-10,2026-03-30,614
INE121R01077,AMAGI,2026-01-21,2026-03-30,47
INE122H01027,TULIP,2013-01-01,2014-07-08,280
INE122J01015,PIRLIFE,2013-03-01,2013-09-13,134
INE122J01015,PIRPHYTO,2013-11-29,2017-04-06,790
INE122M01019,ESSARSHPNG,2013-01-01,2026-03-30,2570
INE122R01018,MANPASAND,2015-07-09,2019-09-23,1039
INE123B01028,NAGREEKEXP,2013-01-01,2026-03-30,2810
INE123C01018,TAINWALCHM,2013-01-01,2026-03-30,2704
INE123F01029,MMTC,2013-01-01,2026-03-30,3269
INE123W01016,SBILIFE,2017-10-03,2026-03-30,2105
INE124E01020,STEELCAS,2021-11-23,2025-08-28,936
INE124E01038,STEELCAS,2025-08-29,2026-03-30,145
INE124G01033,DELTACORP,2013-01-01,2026-03-30,3280
INE124Y01010,PASHUPATI,2025-07-17,2026-03-30,174
INE126A01031,EIDPARRY,2013-01-01,2026-03-30,3280
INE126J01016,APOLLOPIPE,2019-11-11,2026-03-30,1587
INE126M01010,IBWSL,2013-03-01,2017-04-17,967
INE126M01010,SORILHOLD,2017-04-18,2018-04-30,168
INE126M01010,IBULISL,2018-10-31,2020-12-07,478
INE126M01010,YAARII,2020-12-08,2021-12-14,187
INE126M01010,YAARI,2021-12-15,2025-05-28,468
INE126M01010,IBULLSLTD,2025-12-09,2026-03-30,76
INE127B01011,HITECHGEAR,2013-01-01,2024-09-03,2761
INE127D01025,HDFCAMC,2018-08-06,2026-03-30,1894
INE127I01024,GOODLUCK,2015-01-08,2026-03-30,2664
INE127T01021,KPEL,2024-11-14,2026-03-30,340
INE128A01029,EVEREADY,2013-01-01,2026-03-30,3162
INE128S01021,FIVESTAR,2022-11-21,2026-03-30,834
INE128X01021,ACI,2022-11-21,2026-03-30,834
INE129A01019,GAIL,2013-01-01,2026-03-30,3280
INE129Z01016,SINTERCOM,2020-10-07,2026-03-30,1297
INE12NJ01018,SAMBHV,2025-07-02,2026-03-30,185
INE12UN01015,SHADOWFAX,2026-01-28,2026-03-30,43
INE12UR01024,UTLSOLAR,2025-11-20,2026-03-30,89
INE130B01023,SURANAT&P,2013-01-01,2014-11-25,327
INE130B01031,SURANAT&P,2014-11-26,2026-03-30,2541
INE130C01021,AMTEKAUTO,2013-01-01,2018-03-28,1238
INE131A01031,GMDCLTD,2013-01-01,2026-03-30,3280
INE131B01021,RELAXO,2013-01-01,2013-11-22,224
INE131B01039,RELAXO,2013-11-25,2026-03-30,3056
INE132B01011,CHETTINAD,2013-01-01,2013-05-30,104
INE132H01018,AURIONPRO,2013-01-01,2026-03-30,2923
INE133A01011,AKZOINDIA,2013-01-01,2026-03-30,3280
INE133B01019,KESARENT,2013-01-01,2019-12-30,1242
INE133E01013,TI,2013-01-01,2026-03-30,3058
INE133Y01011,IFGLEXPOR,2017-11-28,2026-03-30,2066
INE134B01017,KECL,2013-01-01,2026-03-30,3053
INE134E01011,PFC,2013-01-01,2026-03-30,3280
INE135B01014,AGRODUTCH,2013-01-01,2016-09-26,785
INE136A01022,JSWISPAT,2013-01-01,2013-06-10,111
INE136B01020,INFOTECENT,2013-01-01,2014-05-21,345
INE136B01020,CYIENT,2014-05-22,2026-03-30,2935
INE136S01016,NEOGEN,2019-05-22,2026-03-30,1649
INE137C01018,ALPHAGEO,2013-01-01,2026-03-30,2941
INE137I01015,GRPLTD,2015-02-12,2026-03-30,2503
INE138A01028,PENINLAND,2013-01-01,2026-03-30,2835
INE138C01024,KANORICHEM,2013-01-01,2026-03-30,3212
INE138Y01010,KFINTECH,2022-12-29,2026-03-30,806
INE139A01034,NATIONALUM,2013-01-01,2026-03-30,3280
INE139B01016,UCALFUEL,2013-01-01,2023-07-25,2551
INE139B01016,UCAL,2023-07-26,2026-03-30,537
INE139I01011,BVCL,2013-01-01,2026-03-30,1373
INE139R01012,FUSION,2022-11-15,2026-03-30,838
INE13B501022,SAATVIKGL,2025-09-26,2026-03-30,125
INE140A01024,PEL,2013-01-01,2025-09-22,3152
INE141A01014,ORIENTBANK,2013-01-01,2020-03-20,1785
INE141B01020,MVLIND,2013-01-01,2014-06-03,110
INE141B01020,NOESISIND,2014-06-04,2017-03-23,199
INE141D01018,TNTELE,2023-11-22,2026-03-30,293
INE141K01013,TEXMOPIPES,2013-01-01,2026-03-30,3146
INE142A01012,OSWALAGRO,2018-05-02,2026-03-30,1882
INE142I01023,TAKE,2013-01-01,2025-10-14,2973
INE142K01011,LYPSAGEMS,2013-11-05,2026-03-30,2649
INE142M01025,TATATECH,2023-11-30,2026-03-30,579
INE142Q01026,SULA,2022-12-22,2026-03-30,811
INE142Z01019,ORIENTELEC,2018-05-28,2026-03-30,1944
INE143A01010,BINDALAGRO,2013-01-01,2023-05-18,2487
INE143A01010,OSWALGREEN,2023-05-19,2026-03-30,712
INE143H01015,KSK,2013-01-01,2020-11-27,1623
INE144D01012,CUBEXTUB,2013-01-01,2026-03-30,1411
INE144J01019,20MICRONS,2013-01-01,2013-01-28,20
INE144J01027,20MICRONS,2013-01-29,2026-03-30,3089
INE144Z01023,TARSONS,2021-11-26,2026-03-30,1078
INE146L01010,KIRLOSENG,2013-01-01,2026-03-30,3280
INE147A01011,SPIC,2013-01-01,2026-03-30,3250
INE147B01019,KITPLYIND,2013-01-01,2013-06-20,112
INE147P01019,JPOLYINVST,2013-11-26,2026-03-30,2663
INE148A01019,TNPETRO,2013-01-01,2026-03-30,3146
INE148I01020,IBULHSGFIN,2013-08-06,2024-07-25,2712
INE148I01020,SAMMAANCAP,2024-07-26,2026-03-30,417
INE148O01028,DELHIVERY,2022-05-24,2026-03-30,957
INE149A01025,TUBEINVEST,2013-01-01,2017-08-23,1149
INE149A01033,TIFIN,2017-10-10,2019-04-08,371
INE149A01033,CHOLAHLDNG,2019-04-09,2026-03-30,1729
INE149K01016,SANDUMA,2023-09-07,2026-03-30,635
INE149O01018,NIBE,2025-02-07,2026-03-30,281
INE14LE01019,ABLBL,2025-07-07,2026-03-30,182
INE14UN01029,VIDYAWIRES,2025-12-10,2026-03-30,75
INE150B01013,ALKYLAMINE,2013-01-01,2014-09-08,362
INE150B01021,ALKYLAMINE,2014-09-09,2021-05-11,1647
INE150B01039,ALKYLAMINE,2021-05-12,2026-03-30,1213
INE150G01012,LUXIND,2015-12-15,2016-06-06,117
INE150G01020,LUXIND,2016-06-07,2026-03-30,2433
INE151A01013,TATACOMM,2013-01-01,2026-03-30,3270
INE151G01010,SHAILY,2022-04-04,2023-11-22,407
INE151G01028,SHAILY,2023-11-23,2026-03-30,524
INE152A01029,THERMAX,2013-01-01,2026-03-30,3280
INE152B01027,GATI,2013-01-01,2023-11-29,2675
INE152B01027,ACLGATI,2023-11-30,2025-11-11,484
INE152C01025,UYFINCORP,2024-10-03,2026-03-30,303
INE152M01016,TRITURBINE,2013-01-01,2026-03-30,3280
INE153A01019,MTNL,2013-01-01,2026-03-30,3240
INE153T01019,BLS,2016-11-22,2017-04-26,107
INE153T01027,BLS,2017-04-27,2026-03-30,2149
INE153U01017,MAXINDIA,2016-07-28,2020-06-11,955
INE154A01025,ITC,2013-01-01,2026-03-30,3280
INE154U01015,MAXVIL,2016-07-07,2023-08-10,1759
INE155A01022,TATAMOTORS,2013-01-01,2025-10-23,3173
INE155A01022,TMPV,2025-10-24,2026-03-30,107
INE155B01012,HINDSYNTEX,2013-06-14,2019-09-09,778
INE155C01010,ALBERTDAVD,2016-06-14,2026-03-30,2296
INE155G01029,NDTV,2013-01-01,2026-03-30,2997
INE155Z01011,MACPOWER,2020-08-19,2026-03-30,963
INE156A01020,INDORAMA,2013-01-01,2026-03-30,3019
INE156C01018,PIONEEREMB,2013-01-01,2026-03-30,2869
INE157H01023,KMSUGAR,2013-01-01,2026-03-30,3019
INE158A01026,HEROMOTOCO,2013-01-01,2026-03-30,3280
INE158B01016,EIMCOELECO,2013-03-01,2026-03-30,2106
INE158F01017,ELFORGE,2013-01-01,2014-11-21,194
INE159A01016,GLAXO,2013-01-01,2026-03-30,3280
INE159N01019,VIJIFIN,2016-07-11,2016-10-25,72
INE159N01027,VIJIFIN,2016-10-26,2026-03-18,1277
INE15B701018,PINELABS,2025-11-14,2026-03-30,93
INE160A01014,PNB,2013-01-01,2014-12-18,486
INE160A01022,PNB,2014-12-19,2026-03-30,2794
INE160H01019,PBAINFRA,2013-01-01,2022-08-23,1479
INE161A01038,NIITLTD,2013-01-01,2026-03-30,3244
INE161G01027,MORARJEE,2013-03-04,2024-01-30,2503
INE161L01027,VIKASMCORP,2019-05-22,2021-05-05,364
INE161L01027,VIKASLIFE,2021-05-06,2026-03-30,1004
INE162A01010,GIPCL,2013-01-01,2026-03-30,3280
INE162B01018,LUMAXIND,2013-01-01,2026-03-30,3269
INE162C01024,PARASPETRO,2013-03-01,2026-02-03,329
INE163A01018,NOCIL,2013-01-01,2026-03-30,3280
INE164A01016,BALMLAWRIE,2013-01-01,2026-03-30,3280
INE164B01022,KELLTONTEC,2016-03-02,2025-07-24,2094
INE164B01030,KELLTONTEC,2025-07-25,2026-03-30,168
INE165B01011,RSSOFTWARE,2013-01-01,2015-01-21,509
INE165B01029,RSSOFTWARE,2015-01-22,2026-03-30,2170
INE166A01011,INGVYSYABK,2013-01-01,2015-04-15,564
INE168A01017,J&KBANK,2013-01-01,2014-09-04,418
INE168A01041,J&KBANK,2014-09-05,2026-03-30,2862
INE168P01015,EMCURE,2024-07-10,2026-03-30,428
INE169A01031,COROMANDEL,2013-01-01,2026-03-30,3280
INE16NZ01023,ORKLAINDIA,2025-11-06,2026-03-30,99
INE16SF01016,BORANA,2025-06-10,2025-12-01,120
INE170E01015,SATIA,2019-07-17,2019-10-15,59
INE170E01023,SATIA,2019-10-16,2026-03-30,1604
INE170I01016,HGS,2013-01-01,2026-03-30,3174
INE170V01019,SALASAR,2017-08-08,2022-06-27,1151
INE170V01027,SALASAR,2022-06-28,2026-03-30,932
INE171A01011,FEDERALBNK,2013-01-01,2013-10-17,199
INE171A01029,FEDERALBNK,2013-10-18,2026-03-30,3081
INE171Z01018,BDL,2018-03-23,2024-05-24,1528
INE171Z01026,BDL,2024-05-27,2026-03-30,459
INE172A01019,CASTROL,2013-01-01,2014-02-26,291
INE172A01027,CASTROLIND,2014-03-28,2026-03-30,2969
INE172H01014,RMCL,2013-03-01,2021-02-19,1358
INE172I01012,DECOLIGHT,2013-01-01,2015-04-23,345
INE172N01012,ADLABS,2015-04-06,2020-04-21,1105
INE172N01012,IMAGICAA,2020-04-22,2026-03-30,1216
INE173A01025,SIL,2024-03-11,2026-03-30,444
INE174A01015,LLOYDFIN,2013-01-01,2014-03-27,171
INE175A01038,JISLJALEQS,2013-01-01,2026-03-30,3199
INE176A01010,BATAINDIA,2013-01-01,2015-10-07,685
INE176A01028,BATAINDIA,2015-10-08,2026-03-30,2595
INE176B01026,HAVELLS,2013-01-01,2014-08-26,412
INE176B01034,HAVELLS,2014-08-27,2026-03-30,2868
INE176C01016,SATHAISPAT,2013-01-01,2020-05-18,1548
INE176J01011,SICAGEN,2013-01-01,2021-07-20,1999
INE177A01018,INGERRAND,2013-01-01,2026-03-30,3280
INE177F01017,KOVAI,2021-08-05,2023-10-25,551
INE177H01013,GPIL,2013-01-01,2021-10-26,2047
INE177H01021,GPIL,2021-10-27,2024-10-03,725
INE177H01039,GPIL,2024-10-04,2026-03-30,369
INE178A01016,CHENNPETRO,2013-01-01,2026-03-30,3280
INE178C01020,SMARTLINK,2013-01-01,2026-03-30,3022
INE178D01010,KALINDEE,2013-01-01,2017-02-08,990
INE179A01014,PGHH,2013-01-01,2026-03-30,3280
INE179G01011,DAVANGERE,2024-01-25,2024-05-30,85
INE179G01029,DAVANGERE,2024-05-31,2026-03-30,455
INE180A01020,MAX,2013-01-01,2016-02-25,771
INE180A01020,MFSL,2016-02-26,2026-03-30,2499
INE180C01018,MMFSL,2013-03-01,2013-08-02,91
INE180C01018,CGCL,2013-08-13,2016-11-23,771
INE180C01026,CGCL,2016-11-24,2024-03-04,1806
INE180C01042,CGCL,2024-03-05,2026-03-30,512
INE180G01019,EDL,2013-01-01,2019-02-27,1451
INE180K01011,SKSMICRO,2013-01-01,2016-06-30,865
INE180K01011,BHARATFIN,2016-07-01,2019-07-02,742
INE181G01025,GAMMNINFRA,2013-01-01,2021-07-19,1989
INE181G01025,AJRINFRA,2021-10-12,2023-01-20,220
INE182A01018,PFIZER,2013-01-01,2026-03-30,3280
INE182D01012,MARATHON,2016-09-29,2018-04-05,376
INE182D01020,MARATHON,2018-04-06,2026-03-30,1979
INE183A01016,FINPIPE,2013-01-01,2021-04-16,2051
INE183A01024,FINPIPE,2021-04-19,2026-03-30,1229
INE183H01011,XLENERGY,2013-03-01,2018-03-16,969
INE184C01028,CIMMCO,2013-01-01,2020-10-21,1600
INE184H01027,EKC,2013-01-01,2026-03-30,3084
INE184O01015,DIFFNKG,2024-10-18,2026-03-30,298
INE185E01013,FILATFASH,2024-05-06,2024-08-08,67
INE185E01021,FILATFASH,2024-08-09,2026-03-30,201
INE185H01016,CELEBRITY,2013-01-01,2026-03-30,2746
INE186A01019,GUJALKALI,2013-01-01,2026-03-30,3280
INE186H01014,BASML,2013-01-01,2021-02-12,1935
INE186H01022,BASML,2021-02-15,2026-03-30,1169
INE187A01017,JBFIND,2013-01-01,2023-01-20,1988
INE187D01011,TALBROAUTO,2013-01-01,2023-10-26,2669
INE187D01029,TALBROAUTO,2023-10-27,2026-03-30,520
INE188A01015,FACT,2013-01-01,2026-03-30,3221
INE188B01013,IGARASHI,2013-01-01,2026-03-30,3267
INE188Y01015,VERTOZ,2020-05-14,2024-06-27,803
INE188Y01023,VERTOZ,2024-07-08,2025-01-29,131
INE188Y01031,VERTOZ,2025-07-14,2026-03-30,177
INE189B01011,STYABS,2013-01-01,2016-04-01,804
INE189B01011,INEOSSTYRO,2016-04-04,2023-01-19,1686
INE189B01011,STYRENIX,2023-01-20,2026-03-30,790
INE189I01024,NELCAST,2013-01-01,2026-03-30,3254
INE18JU01028,EBGNG,2025-07-30,2026-03-30,165
INE190H01016,SAKUMA,2013-01-01,2018-11-12,1336
INE190H01024,SAKUMA,2018-11-13,2026-03-30,1421
INE191A01019,ORCHIDCHEM,2013-01-01,2015-12-18,694
INE191A01019,ORCHIDPHAR,2015-12-21,2017-09-27,439
INE191A01027,ORCHPHARMA,2021-05-05,2026-03-30,753
INE191B01025,WELCORP,2013-01-01,2026-03-30,3270
INE191H01014,PVR,2013-01-01,2023-05-11,2563
INE191H01014,PVRINOX,2023-05-12,2026-03-30,717
INE191I01012,HDIL,2013-01-01,2019-11-21,1701
INE192A01025,TATAGLOBAL,2013-01-01,2020-02-26,1769
INE192A01025,TATACONSUM,2020-02-27,2026-03-30,1511
INE192B01023,WELSPUNIND,2013-01-01,2016-03-21,771
INE192B01031,WELSPUNIND,2016-03-22,2023-12-13,1914
INE192B01031,WELSPUNLIV,2023-12-14,2026-03-30,569
INE192H01020,GRMOVER,2022-09-07,2026-03-30,884
INE192R01011,DMART,2017-03-21,2026-03-30,2185
INE193B01039,WELSYNTEX,2015-08-14,2016-02-02,115
INE193B01039,AYMSYNTEX,2016-02-03,2026-03-30,2382
INE193E01025,BAJAJELEC,2013-01-01,2026-03-30,3270
INE194B01029,PANORAMUNI,2013-01-01,2018-05-21,1292
INE195A01028,SUPREMEIND,2013-01-01,2026-03-30,3280
INE195J01011,PNCINFRA,2015-05-26,2016-08-12,304
INE195J01029,PNCINFRA,2016-08-16,2026-03-30,2385
INE195N01013,PROZONECSC,2013-01-01,2014-10-01,389
INE195N01013,PROZONINTU,2014-10-07,2023-08-03,1983
INE195N01013,PROZONER,2023-08-04,2026-03-30,471
INE195Y01010,SECURCRED,2022-10-17,2024-06-21,410
INE196A01026,MARICO,2013-01-01,2026-03-30,3270
INE196B01016,SHIRPUR-G,2013-03-01,2020-11-23,1695
INE196J01019,OISL,2013-01-01,2020-11-27,1396
INE196Y01018,WORTH,2020-08-04,2025-10-09,1289
INE196Y01018,WORTHPERI,2025-10-10,2026-03-30,116
INE197A01024,JYOTISTRUC,2013-01-01,2026-03-30,1670
INE197D01010,JINDALPOLY,2013-01-01,2026-03-30,3260
INE197J01017,LPDC,2013-03-01,2026-03-30,2521
INE198501012,EUROPRATIK,2025-09-23,2026-03-30,128
INE198H01019,AAREYDRUGS,2021-08-06,2026-03-30,698
INE199A01012,MERCK,2013-01-01,2019-06-10,1591
INE199A01012,PGHL,2019-06-11,2026-03-30,1689
INE199C01026,ADVANIHOTR,2013-01-01,2026-03-30,3102
INE199G01027,JAGRAN,2013-01-01,2026-03-30,3280
INE199P01028,GCSL,2025-09-04,2026-03-30,51
INE19GK01015,SRTL,2026-03-17,2026-03-30,9
INE19RI01016,TENNIND,2025-11-19,2026-03-30,90
INE1AG301022,GKENERGY,2025-09-26,2026-03-30,125
INE1B0W01010,ADVANCE,2025-10-24,2026-03-30,107
INE1B3L01017,SHRINGARMS,2025-09-17,2026-03-30,132
INE1B6101010,SHREEJISPG,2025-08-26,2026-03-30,147
INE1BZC01019,OMFREIGHT,2025-10-24,2026-03-30,107
INE1C6T01020,EMMVEE,2025-11-18,2026-03-30,91
INE1FF001016,JKIPL,2025-10-17,2026-03-30,111
INE1NPP01017,ENRIN,2025-07-03,2026-03-30,184
INE1RDG01013,PNGSREVA,2026-03-04,2026-03-30,18
INE1SPP01016,KSR,2025-12-11,2026-01-07,19
INE1SY401010,RAYMONDREL,2025-07-15,2026-03-30,176
INE1TAE01010,TMCV,2025-11-26,2026-03-30,85
INE1VXE01018,STLNETWORK,2025-09-18,2026-03-30,131
INE200A01026,ALSTOMT&D,2013-01-01,2016-09-12,914
INE200A01026,GET&D,2016-09-14,2023-09-29,1688
INE200A01026,GVT&D,2025-01-06,2026-03-30,300
INE200D01020,MMWL,2014-03-26,2015-01-29,93
INE200F01017,SHRINATRAJ,2013-01-02,2014-05-21,69
INE200F01017,DALMIAREF,2014-05-22,2015-01-29,114
INE200M01013,VBL,2016-11-08,2023-06-14,1636
INE200M01021,VBL,2023-06-15,2024-09-11,309
INE200M01039,VBL,2024-09-12,2026-03-30,384
INE201A01024,MANALIPETC,2013-01-01,2026-03-30,3189
INE201J01017,LGBFORGE,2013-01-01,2024-06-25,1733
INE201K01015,THINKSOFT,2013-01-01,2014-09-29,371
INE201K01015,SQSBFSI,2014-09-30,2019-04-30,1125
INE201K01015,EXPLEOSOL,2019-05-02,2026-03-30,1650
INE201M01011,CLEDUCATE,2017-04-18,2021-09-30,1073
INE201M01029,CLEDUCATE,2021-10-01,2026-03-18,936
INE201P01022,GRINFRA,2021-07-19,2026-03-30,1166
INE202B01012,DHFL,2013-01-01,2021-06-11,2089
INE202B01038,PIRAMALFIN,2025-11-21,2026-03-30,88
INE202C01010,SIRPAPER,2013-01-01,2015-07-10,388
INE202E01016,IREDA,2023-11-29,2026-03-30,580
INE202H01019,KERNEX,2013-01-01,2026-03-30,748
INE202Z01029,SUNDARMHLD,2018-07-24,2025-10-15,1791
INE202Z01029,TSFINV,2025-10-16,2026-03-30,112
INE203A01020,ASTRAZEN,2013-01-01,2026-03-30,3280
INE203G01019,IGL,2013-01-01,2017-11-09,1202
INE203G01027,IGL,2017-11-10,2026-03-30,2078
INE203Y01012,SILLYMONKS,2020-07-08,2026-03-30,982
INE204A01010,IGPL,2013-01-01,2026-03-30,3235
INE204E01012,AGARIND,2014-05-26,2026-03-30,2586
INE205A01025,SESAGOA,2013-01-01,2013-10-03,190
INE205A01025,SSLT,2013-10-04,2015-05-06,388
INE205A01025,VEDL,2015-05-07,2026-03-30,2702
INE205B01023,ELECON,2013-01-01,2024-07-18,2858
INE205B01031,ELECON,2024-07-19,2026-03-30,422
INE205C01013,POLYMED,2013-01-01,2015-02-02,516
INE205C01021,POLYMED,2015-02-03,2026-03-30,2764
INE206B01013,ZODIACLOTH,2013-01-01,2026-03-30,3077
INE206F01022,AIIL,2024-04-23,2026-03-30,482
INE206N01018,RELTD,2024-07-30,2026-03-30,300
INE207E01023,RAMRAT,2022-07-29,2026-03-30,909
INE208A01029,ASHOKLEY,2013-01-01,2026-03-30,3280
INE208C01017,AEGISCHEM,2013-01-01,2015-09-16,673
INE208C01025,AEGISCHEM,2015-09-18,2024-06-06,2157
INE208C01025,AEGISLOG,2024-06-07,2026-03-30,450
INE209A01019,ATFL,2013-01-01,2025-03-27,3032
INE209A01019,SUNDROP,2025-03-28,2026-03-30,248
INE209B01025,RICOAUTO,2013-01-01,2026-03-30,3240
INE209L01016,CEBBCO,2013-01-01,2022-06-17,2011
INE209L01016,JWL,2022-06-20,2026-03-30,881
INE210A01017,WILLAMAGOR,2013-01-01,2026-03-30,2732
INE210C01013,AROGRANITE,2013-01-01,2026-03-30,3094
INE211B01039,PHOENIXLTD,2013-01-01,2026-03-30,3280
INE211C01037,ARVINDREM,2013-01-01,2015-09-24,678
INE211R01019,POWERMECH,2015-08-26,2026-03-30,2622
INE212H01026,AIAENG,2013-01-01,2026-03-30,3280
INE212I01016,SPAL,2016-08-29,2026-03-30,2376
INE212S01015,FRACTAL,2026-02-16,2026-03-30,29
INE213A01029,ONGC,2013-01-01,2026-03-30,3280
INE213C01025,BANCOINDIA,2013-01-01,2026-03-30,3280
INE213M01024,VKSPL,2013-03-01,2016-12-21,696
INE214A01019,CYBERTECH,2013-01-01,2026-03-30,2986
INE214T01019,LTI,2016-07-21,2022-12-02,1578
INE214T01019,LTIM,2022-12-05,2026-02-26,804
INE214T01019,LTM,2026-02-27,2026-03-30,20
INE215B01022,ORCHASP,2025-02-07,2026-03-30,167
INE215D01010,MAHEPC,2020-02-14,2026-03-30,1411
INE215F01023,WIPL,2024-04-22,2026-03-30,392
INE215G01021,SMPL,2013-03-01,2019-08-30,1090
INE215I01019,MAANALU,2013-01-01,2023-06-08,2302
INE215I01027,MAANALU,2023-10-30,2026-03-30,348
INE216A01022,BRITANNIA,2013-01-01,2018-11-29,1462
INE216A01030,BRITANNIA,2018-11-30,2026-03-30,1818
INE216D01018,KSERASERA,2013-03-01,2015-03-30,481
INE216D01026,KSERASERA,2015-03-31,2020-08-21,676
INE216G01011,SUJANAUNI,2013-01-01,2020-11-23,1208
INE216H01027,EDUCOMP,2013-01-01,2017-09-22,1045
INE216P01012,AAVAS,2018-10-08,2026-03-30,1854
INE217A01012,ZUARIGLOB,2013-01-01,2022-07-01,2228
INE217A01012,ZUARIIND,2022-07-04,2026-03-30,928
INE217B01028,KAJARIACER,2013-01-01,2016-10-04,929
INE217B01036,KAJARIACER,2016-10-05,2026-03-30,2351
INE217C01018,CHESLINTEX,2013-03-01,2015-05-20,372
INE217G01027,GREENFIRE,2013-03-01,2017-03-22,686
INE217G01027,PROSEED,2018-10-16,2020-12-17,283
INE217G01035,PROINDIA,2021-06-03,2021-11-29,38
INE217G01035,EQUIPPP,2021-11-30,2022-05-24,120
INE217K01011,RHFL,2017-10-09,2025-09-23,1210
INE217L01019,SHRIRAMPPS,2021-12-20,2026-03-30,1062
INE218C01016,AUSOMENT,2013-01-01,2026-01-21,2326
INE218G01017,FOURSOFT,2013-01-01,2013-08-01,149
INE218G01017,PALRED,2014-03-03,2015-07-07,330
INE218G01025,PALREDTECH,2015-10-21,2016-04-25,123
INE218G01033,PALREDTEC,2016-05-09,2026-03-30,1720
INE218I01013,CRAMC,2025-10-16,2026-03-30,112
INE219H01039,SRSLTD,2013-01-01,2018-08-21,1290
INE219Y01018,RMDRIP,2025-07-30,2025-09-25,40
INE219Y01026,RMDRIP,2025-09-26,2026-03-30,125
INE220B01022,KALPATPOWR,2013-01-01,2023-06-05,2580
INE220B01022,KPIL,2023-06-06,2026-03-30,700
INE220G01021,JSL,2013-01-01,2026-03-30,3270
INE220J01017,FUTUREVENT,2013-01-01,2013-06-20,119
INE220J01025,FVIL,2013-07-18,2013-10-15,60
INE220J01025,FCEL,2013-10-17,2016-10-24,743
INE220J01025,FCONSUMER,2016-10-25,2024-05-15,1573
INE220Q01020,MUFTI,2023-12-27,2026-03-30,561
INE221B01012,DYNAMATECH,2013-01-01,2026-03-30,3058
INE221H01019,GTLINFRA,2013-01-01,2026-03-30,2866
INE221I01017,CELESTIAL,2013-01-01,2019-09-09,1610
INE221J01015,SHARDACROP,2014-09-23,2026-03-30,2850
INE222F01029,VTMLTD,2013-01-01,2015-01-29,343
INE222J01013,RANEENGINE,2013-01-01,2025-04-21,2532
INE223G01017,EXCELCROP,2013-01-01,2019-08-28,1521
INE224A01026,GREAVESCOT,2013-01-01,2026-03-30,3280
INE224B01024,BIRLAPOWER,2013-01-01,2013-08-22,147
INE224E01028,STAMPEDE,2016-07-25,2020-06-18,682
INE224E01028,GATECH,2023-12-12,2026-03-30,262
INE224E01036,SCAPDVR,2017-10-10,2023-06-06,912
INE224E01036,GATECHDVR,2023-12-11,2026-03-30,230
INE224M01013,BGLOBAL,2013-01-01,2014-01-10,190
INE225C01029,UDAICEMENT,2021-12-23,2025-08-22,790
INE225D01027,SYMPHONY,2013-01-01,2026-03-30,3280
INE225I01026,ZYLOG,2013-01-01,2018-03-16,1092
INE226A01021,VOLTAS,2013-01-01,2026-03-30,3280
INE226H01026,SADBHAV,2013-01-01,2026-02-27,2853
INE227C01017,MMFL,2013-01-01,2026-03-30,3280
INE227G01018,INDOWIND,2013-01-01,2026-03-30,1605
INE227J01012,KALPATARU,2025-07-01,2026-03-30,186
INE227W01023,CLEAN,2021-07-19,2026-03-30,1166
INE228A01035,USHAMART,2013-01-01,2026-03-30,3280
INE228I01012,ASAHISONG,2013-01-01,2026-03-30,3137
INE229A01017,ONWARDTEC,2013-01-01,2026-03-30,3061
INE229C01013,SAGCEM,2013-01-01,2021-08-18,2022
INE229C01021,SAGCEM,2021-08-20,2026-03-30,1144
INE229H01012,NITINSPIN,2013-01-01,2026-03-30,3123
INE230A01023,EIHOTEL,2013-01-01,2026-03-30,3280
INE230B01021,CREATIVEYE,2013-01-01,2026-03-30,2175
INE230R01019,RAMASTEEL,2015-09-07,2016-03-14,127
INE230R01027,RAMASTEEL,2016-03-15,2022-08-25,1353
INE230R01035,RAMASTEEL,2022-08-26,2026-03-30,891
INE231C01019,SHREYANIND,2013-01-01,2026-03-30,2737
INE231F01020,SASKEN,2013-01-01,2026-03-30,3280
INE231G01010,ORBTEXP,2013-11-05,2026-03-30,2873
INE232A01011,SHREDIGCEM,2019-08-19,2026-03-30,1642
INE232I01014,SPARC,2013-01-01,2026-03-30,3172
INE233A01035,GODREJIND,2013-01-01,2026-03-30,3280
INE233B01017,BLUEDART,2013-01-01,2026-03-30,3280
INE234A01025,NOVARTIND,2020-10-05,2023-10-25,759
INE234I01010,KAUSHALYA,2013-01-01,2023-10-06,1930
INE234I01028,KAUSHALYA,2024-03-02,2026-03-30,386
INE235A01022,FINCABLES,2013-01-01,2026-03-30,3280
INE235C01010,SUMEETINDS,2013-01-01,2024-07-23,2120
INE235C01028,SUMEETINDS,2025-07-03,2025-07-04,2
INE235C01036,SUMEETINDS,2025-10-06,2026-03-30,62
INE235G01011,USHERAGRO,2013-01-01,2018-09-21,1258
INE236A01020,HCL-INSYS,2013-01-01,2026-03-30,2938
INE236E01022,ELLEN,2025-07-01,2026-03-30,186
INE236G01019,TVSELECT,2013-01-01,2026-03-30,2754
INE236Y01012,NGIL,2021-08-20,2026-03-30,915
INE237A01028,KOTAKBANK,2013-01-01,2026-01-13,3229
INE237A01036,KOTAKBANK,2026-01-14,2026-03-30,51
INE238A01026,AXISBANK,2013-01-01,2014-07-28,393
INE238A01034,AXISBANK,2014-07-30,2026-03-30,2887
INE238D01012,ANKURDRUGS,2013-01-01,2013-08-22,162
INE239A01016,NESTLEIND,2013-01-01,2024-01-04,2726
INE239A01024,NESTLEIND,2024-01-05,2026-03-30,554
INE239C01020,STYLAMIND,2021-08-02,2026-03-30,1157
INE239D01028,OMMETALS,2013-01-01,2021-02-09,1891
INE239D01028,OMINFRAL,2021-02-10,2026-03-30,1049
INE240C01028,UMESLTD,2013-03-01,2026-03-18,1800
INE241C01026,NICCO,2013-01-01,2016-01-04,362
INE242A01010,IOC,2013-01-01,2026-03-30,3280
INE242C01024,ANANTRAJ,2013-01-01,2026-03-30,3174
INE243A01018,SABERORGAN,2013-01-01,2015-01-15,477
INE243D01012,BFUTILITIE,2013-01-01,2025-10-24,3047
INE244A01016,DENORA,2013-03-01,2026-03-30,3056
INE244B01030,PATELENG,2013-01-01,2026-03-30,3138
INE244J01017,RBL,2013-01-01,2025-04-21,2863
INE244O01017,UNIPARTS,2022-12-12,2026-03-30,819
INE245A01021,TATAPOWER,2013-01-01,2026-03-30,3280
INE245C01019,LLOYDELENG,2013-01-01,2017-06-16,1077
INE245C01019,LEEL,2017-06-19,2019-05-21,475
INE245I01016,NAGREEKCAP,2013-01-01,2026-03-30,2328
INE246B01019,RAMCOSYS,2013-01-01,2026-03-30,2958
INE246F01010,GSPL,2013-01-01,2026-03-30,3280
INE247D01013,JINDWORLD,2013-01-01,2017-12-26,1198
INE247D01021,JINDWORLD,2017-12-27,2018-10-31,209
INE247D01039,JINDWORLD,2018-11-01,2026-03-30,1756
INE247G01024,COREEDUTEC,2013-01-01,2015-09-24,632
INE247M01014,SPECIALITY,2013-01-01,2026-03-30,3240
INE248A01017,ITI,2013-01-01,2026-03-30,3218
INE248H01012,ROHITFERRO,2013-01-01,2022-04-07,1336
INE249C01011,FEDDERLOYD,2013-01-01,2017-06-12,1099
INE249C01011,FEDDERELEC,2017-06-13,2018-09-24,319
INE249G01020,SURYAPHARM,2013-01-01,2014-09-23,184
INE249Z01012,MAZDOCK,2020-10-12,2024-12-26,1045
INE249Z01020,MAZDOCK,2024-12-27,2026-03-30,312
INE24OJ01011,BUILDPRO,2026-01-27,2026-03-30,44
INE250A01039,KIRLOSIND,2013-01-01,2026-03-30,3255
INE250B01029,VINYLINDIA,2013-01-01,2026-03-30,3027
INE250K01012,DLINKINDIA,2013-01-01,2026-03-30,3182
INE250Z01010,INDOUS,2024-09-27,2026-03-30,290
INE251B01027,ZENTEC,2015-03-30,2026-03-30,2625
INE251C01017,ABMINTLTD,2019-01-22,2021-07-26,130
INE251C01025,ABMINTLLTD,2021-09-27,2026-02-13,459
INE251H01024,GVKPIL,2013-01-01,2024-07-19,2130
INE253A01025,HINDMOTORS,2013-01-01,2025-10-01,2642
INE253B01015,21STCENMGM,2018-04-10,2026-03-30,1642
INE254N01018,HNDFDS,2019-08-19,2022-07-21,607
INE254N01026,HNDFDS,2022-07-22,2026-03-30,855
INE255A01020,ESSELPACK,2013-01-01,2020-10-16,1928
INE255A01020,EPL,2020-10-19,2026-03-30,1352
INE255D01016,GULPOLY,2015-01-28,2016-12-27,474
INE255D01024,GULPOLY,2016-12-28,2026-03-30,2121
INE255X01014,MSTCLTD,2019-04-12,2026-03-30,1726
INE255Z01019,E2E,2022-04-12,2026-02-23,510
INE256A01028,ZEEL,2013-01-01,2026-03-30,3280
INE256C01024,TRIVENI,2013-01-01,2026-03-30,3211
INE256H01015,DYNPRO,2017-07-19,2026-03-30,1998
INE256Z01017,AKSHAR,2022-05-23,2023-06-07,147
INE256Z01025,AKSHAR,2023-10-09,2026-03-30,245
INE257A01026,BHEL,2013-01-01,2026-03-30,3280
INE258A01016,BEML,2013-01-01,2025-10-31,3143
INE258A01024,BEML,2025-11-03,2026-03-30,101
INE258B01022,FDC,2013-01-01,2026-03-30,3280
INE258G01013,SUMICHEM,2020-02-07,2026-03-30,1524
INE258Y01016,LGHL,2024-01-31,2026-03-30,355
INE259A01022,COLPAL,2013-01-01,2026-03-30,3280
INE259B01020,GAMMONIND,2013-01-01,2017-09-22,1112
INE260B01010,GODFRYPHLP,2013-01-01,2014-11-28,472
INE260B01028,GODFRYPHLP,2014-12-01,2026-03-30,2808
INE260D01016,GOLDINFRA,2013-01-01,2018-07-25,1264
INE260D01016,OLECTRA,2018-07-26,2026-03-30,1727
INE262A01018,HMT,2013-01-01,2016-05-20,836
INE262H01013,PERSISTENT,2013-01-01,2024-03-27,2783
INE262H01021,PERSISTENT,2024-03-28,2026-03-30,497
INE262Z01023,LATTEYS,2023-05-23,2026-03-30,232
INE263A01016,BEL,2013-01-01,2017-03-16,1040
INE263A01024,BEL,2017-03-17,2026-03-30,2240
INE263B01022,JDORGOCHEM,2013-06-19,2013-12-12,12
INE263L01013,SANGHVIFOR,2013-01-01,2021-04-30,1590
INE263M01029,RUSTOMJEE,2022-11-24,2026-03-30,831
INE263W01010,MAHESHWARI,2019-04-15,2026-03-30,1589
INE264A01014,GSKCONS,2013-01-01,2020-04-15,1799
INE264B01020,JCTEL,2013-01-01,2016-05-19,647
INE264T01014,CAPACITE,2017-09-25,2026-03-30,2110
INE265D01015,GKB,2013-01-01,2015-01-29,252
INE265F01028,ENIL,2013-01-01,2026-03-30,3280
INE266D01021,GRAUWEIL,2021-08-05,2023-10-25,551
INE266F01018,APTECHT,2013-01-01,2026-03-30,3217
INE266Y01019,DPABHUSHAN,2020-11-03,2026-03-30,1341
INE267A01025,HINDZINC,2013-01-01,2026-03-30,3280
INE267B01015,KINETICMOT,2013-01-01,2013-03-21,58
INE267I01010,ARSSINFRA,2013-01-01,2022-05-24,1835
INE268A01049,STER,2013-01-01,2013-08-26,164
INE268B01013,KREBSBIO,2018-08-23,2026-03-30,1577
INE268C01029,EASUNREYRL,2013-01-01,2019-09-23,1389
INE268H01036,NAVKARURB,2025-01-17,2025-05-08,8
INE268H01044,NAVKARURB,2025-05-09,2026-03-30,93
INE268L01012,SPYL,2013-03-01,2013-04-11,28
INE268L01020,SPYL,2013-04-12,2023-11-20,1181
INE268L01046,SHEKHAWATI,2025-08-11,2026-03-30,157
INE269A01021,SONATSOFTW,2013-01-01,2026-03-30,3234
INE269B01029,LAXMIMACH,2013-01-01,2024-10-09,2915
INE269B01029,LMW,2024-10-10,2026-03-30,365
INE270A01011,ALOKTEXT,2013-01-01,2019-12-09,1511
INE270A01029,ALOKINDS,2020-03-05,2026-03-30,1258
INE270C01017,SIMBHSUGAR,2013-01-01,2015-11-23,573
INE270I01014,VISHNU,2015-03-05,2023-01-12,1676
INE270I01022,VISHNU,2023-01-13,2026-03-30,795
INE271B01025,MAHSEAMLES,2013-01-01,2026-03-30,3280
INE271C01023,DLF,2013-01-01,2026-03-30,3280
INE272B01015,MALWACOTT,2013-01-01,2013-10-08,91
INE272L01014,SURANAVEL,2013-01-01,2014-11-18,282
INE272L01014,SURANASOL,2014-11-19,2014-11-25,5
INE272L01022,SURANASOL,2014-11-26,2026-03-30,2222
INE273A01015,APLAB,2013-01-01,2013-08-27,44
INE273D01019,AARVEEDEN,2013-01-01,2024-08-02,2698
INE273D01019,VGL,2025-12-01,2026-02-27,63
INE273D01027,VGL,2026-03-02,2026-03-30,19
INE274B01011,MONSANTO,2013-01-01,2019-09-26,1665
INE274C01019,WENDT,2013-01-01,2026-03-30,3242
INE274F01020,WESTLIFE,2019-08-19,2026-03-30,1642
INE274G01010,IBSEC,2013-01-01,2015-03-31,556
INE274G01010,IBVENTURES,2015-04-01,2020-10-27,1288
INE274G01010,DHANI,2020-10-28,2025-10-27,1184
INE274J01014,OIL,2013-01-01,2026-03-30,3280
INE274V01019,SHANKARA,2017-04-05,2026-03-20,2213
INE274Y01021,AJAXENGG,2025-02-17,2026-03-30,275
INE275A01028,SATYAMCOMP,2013-01-01,2013-07-03,128
INE275B01026,PAPERPROD,2013-01-01,2020-11-25,1956
INE275B01026,HUHTAMAKI,2020-11-26,2026-03-30,1324
INE275D01022,AMNPLST,2023-11-10,2026-03-30,592
INE275F01019,HOTELRUGBY,2013-01-01,2022-11-18,888
INE275F01019,UNIVAFOODS,2023-09-18,2023-12-18,7
INE276A01018,GARWALLROP,2013-01-01,2018-08-10,1359
INE276A01018,GARFIBRES,2018-08-13,2026-03-30,1889
INE276C01014,EIHAHOTELS,2013-01-01,2026-03-30,3268
INE276G01015,ASIANENE,2021-12-09,2026-03-30,974
INE277A01016,SWARAJENG,2013-01-01,2026-03-30,3280
INE277B01014,PUNJABCHEM,2013-01-01,2026-03-30,3142
INE277C01012,REGENCERAM,2013-01-02,2026-03-30,312
INE278B01020,RAMANEWS,2013-01-01,2026-03-30,3048
INE278G01037,CYBERMEDIA,2013-01-01,2026-03-30,1383
INE278H01035,SANDHAR,2018-04-02,2026-03-30,1983
INE278M01019,NAVKARCORP,2015-09-09,2026-03-30,2613
INE278R01018,KARDA,2018-04-16,2020-05-26,519
INE278R01026,KARDA,2020-11-10,2021-06-08,142
INE278R01034,KARDA,2021-09-13,2021-12-15,65
INE278R01034,KBCGLOBAL,2021-12-16,2025-06-20,545
INE278Y01022,CAMPUS,2022-05-09,2026-03-30,968
INE279A01012,UNIVCABLES,2013-01-01,2026-03-30,2694
INE280A01028,TITAN,2013-01-01,2026-03-30,3280
INE280H01015,SAHYADRI,2023-04-06,2026-03-30,740
INE281A01026,CENTEXT,2013-01-01,2026-03-30,2633
INE281B01032,LLOYDSME,2023-07-17,2026-03-30,672
INE282A01024,ESSARPORTS,2013-01-01,2015-12-23,737
INE283A01014,PRECOT,2013-01-01,2026-02-13,2697
INE283H01019,ROHLTD,2013-01-01,2026-03-30,3129
INE284A01012,ESABINDIA,2013-01-01,2026-03-30,3253
INE284H01025,DAMCAPITAL,2024-12-27,2026-03-30,312
INE284S01014,SJS,2021-11-15,2026-03-30,1086
INE285A01027,ELGIEQUIP,2013-01-01,2026-03-30,3280
INE285B01017,SPICEJET,2019-08-19,2023-04-28,917
INE285H01022,ATLANTA,2013-01-01,2023-12-13,2282
INE285H01022,ATLANTAA,2024-03-18,2026-03-30,192
INE285J01010,SIS,2017-08-10,2020-01-15,599
INE285J01028,SIS,2020-01-16,2026-03-30,1541
INE285K01026,TECHNOE,2018-12-18,2026-03-30,1743
INE286H01012,VISASTEEL,2013-01-01,2026-03-30,2153
INE286K01024,TECHNO,2013-01-01,2018-08-07,1388
INE287A01015,BECREL,2013-01-01,2013-11-20,98
INE287B01021,SUBROS,2013-01-01,2026-03-30,3254
INE287C01029,MIC,2013-03-01,2021-05-14,1387
INE287C01037,MICEL,2022-01-03,2026-03-30,595
INE287Z01012,GAYAHWS,2018-08-23,2026-03-30,555
INE288A01013,MAHSCOOTER,2013-01-01,2026-03-30,3256
INE288B01011,DEEPAKNTR,2013-01-01,2014-06-20,327
INE288B01029,DEEPAKNTR,2014-06-23,2026-03-30,2913
INE289A01011,NAHARINDUS,2013-01-01,2026-03-30,3113
INE289B01019,GICHSGFIN,2013-01-01,2026-03-30,3280
INE289C01025,TIMESGTY,2013-01-01,2025-07-31,2397
INE289C01025,TEAMGTY,2025-11-17,2026-03-30,92
INE28GN01010,ADVENTHTL,2025-11-27,2026-03-30,84
INE290A01027,NAHARSPING,2013-01-01,2026-03-30,3033
INE290B01025,OCL,2013-01-01,2018-10-24,1438
INE290S01011,CARTRADE,2021-08-20,2026-03-30,1144
INE291A01017,GRWRHITECH,2022-02-03,2026-03-30,1030
INE291D01011,KDDL,2016-03-23,2026-03-30,2363
INE291F01016,HINDUJAFO,2013-01-01,2017-06-05,957
INE291W01011,GLOBAL,2020-12-07,2022-10-18,406
INE291W01029,GLOBAL,2022-10-19,2024-12-09,392
INE291W01037,GLOBAL,2024-12-10,2026-03-30,196
INE292A01015,LLOYDSTEEL,2013-01-01,2013-04-26,80
INE292A01015,UTTAMVALUE,2013-04-29,2016-03-23,719
INE292A01023,UVSL,2016-07-11,2020-11-20,534
INE292B01021,HBLPOWER,2013-01-01,2024-12-20,2965
INE292B01021,HBLENGINE,2024-12-23,2026-03-30,315
INE292D01019,KANDAGIRI,2013-01-02,2015-01-23,153
INE293A01013,ROLTA,2013-01-01,2022-08-22,1953
INE293B01029,HAVISHA,2024-04-23,2026-03-30,368
INE294A01037,BALLARPUR,2013-01-01,2020-11-27,1796
INE294B01019,SMLISUZU,2013-01-01,2025-11-07,3136
INE294B01019,SMLMAH,2025-11-10,2026-03-30,97
INE294G01018,RAJOIL,2013-01-01,2017-11-21,667
INE294G01026,ROML,2020-11-03,2026-03-30,882
INE294Z01018,ANUP,2019-03-18,2026-03-30,1744
INE295A01018,EVERESTIND,2013-01-01,2026-03-30,3122
INE295D01020,NAGAAGRI,2017-04-07,2017-09-28,120
INE295D01020,NACLIND,2017-09-29,2026-03-30,1944
INE295F01017,BUTTERFLY,2014-04-28,2026-03-30,2691
INE296A01016,BAJFINANCE,2013-01-01,2016-09-08,912
INE296A01024,BAJFINANCE,2016-09-09,2025-06-13,2171
INE296A01032,BAJFINANCE,2025-06-16,2026-03-30,197
INE296C01020,FIBERWEB,2022-02-16,2026-02-23,936
INE296D01010,NOL,2013-01-01,2015-01-29,231
INE296E01026,RAJPALAYAM,2013-01-01,2015-01-29,508
INE296G01013,MUTHOOTCAP,2015-08-24,2026-03-30,2625
INE296H01011,EMKAY,2013-01-01,2026-03-30,2691
INE296Q01012,MONEYBOXX,2025-10-15,2026-03-30,113
INE297H01019,GALLANTT,2013-01-01,2026-03-30,2921
INE298A01020,CUMMINSIND,2013-01-01,2026-03-30,3280
INE298G01027,AJMERA,2013-01-01,2026-01-13,3098
INE298G01035,AJMERA,2026-01-14,2026-03-30,51
INE298I01015,ARIES,2013-01-01,2026-03-30,3156
INE298J01013,RNAM,2017-11-06,2020-01-22,546
INE298J01013,NAM-INDIA,2020-01-23,2026-03-30,1536
INE299C01024,KGL,2013-01-01,2017-07-19,951
INE299N01021,WAAREERTL,2025-04-09,2026-03-30,241
INE299U01018,CROMPTON,2016-05-27,2026-03-30,2440
INE2J8701016,SKFINDUS,2025-12-19,2026-03-30,68
INE2KCE01013,KWIL,2026-03-02,2026-03-30,19
INE301A01014,RAYMOND,2013-01-01,2026-03-30,3260
INE301D01026,RUBYMILLS,2013-01-01,2026-03-30,3224
INE302A01020,EXIDEIND,2013-01-01,2026-03-30,3280
INE302E01014,SAKTHIFIN,2014-05-23,2014-12-04,130
INE302H01017,GTNTEX,2013-01-01,2022-01-03,1669
INE302M01033,PRABHAT,2015-09-21,2021-04-22,1380
INE303A01010,DICIND,2013-01-01,2026-03-30,3215
INE303D01014,NIVINFRA,2013-06-20,2013-07-17,18
INE303R01014,KALYANKJIL,2021-03-26,2026-03-30,1242
INE304A01026,MUKANDLTD,2013-01-01,2026-03-30,3004
INE304D01012,SAMBANDAM,2013-01-01,2015-01-29,266
INE304W01038,BLUESTONE,2025-08-19,2026-03-30,152
INE305A01015,TFCILTD,2013-01-01,2025-09-18,3139
INE305A01023,TFCILTD,2025-09-19,2026-03-30,130
INE305C01011,PANAMAPET,2013-01-01,2014-09-19,351
INE305C01029,PANAMAPET,2014-09-22,2026-03-30,2848
INE305H01010,SUNILHITEC,2013-01-01,2016-12-01,957
INE305H01028,SUNILHITEC,2016-12-02,2018-08-16,426
INE306A01021,BAJAJHIND,2013-01-01,2026-03-30,3208
INE306B01029,ICSA,2013-01-01,2018-01-03,1110
INE306C01019,ENERGYDEV,2013-01-01,2026-03-30,2598
INE306L01010,QUICKHEAL,2016-02-18,2026-03-30,2505
INE306R01017,INTELLECT,2015-01-02,2026-03-30,2785
INE308A01027,NAHARPOLY,2013-01-01,2026-03-30,3025
INE308E01029,SVPGLOB,2021-07-14,2026-03-30,740
INE308H01022,PRATIBHA,2013-01-01,2018-09-24,1301
INE309M01012,PREMIERPOL,2014-06-12,2024-10-17,1938
INE309M01020,PREMIERPOL,2025-02-24,2026-03-30,270
INE310A01015,NILKAMAL,2013-01-01,2026-03-30,3280
INE310C01011,HINDCOMPOS,2013-01-01,2017-05-25,943
INE310C01029,HINDCOMPOS,2017-05-26,2026-03-30,2193
INE311H01018,MUDRA,2013-03-01,2015-03-12,313
INE311H01018,ELAND,2015-03-13,2019-09-23,956
INE312C01025,SYNCOMF,2022-11-18,2026-03-30,722
INE312H01016,INOXLEISUR,2013-01-01,2023-02-16,2509
INE312J01012,COROENGG,2013-03-01,2015-01-29,209
INE313D01013,RAIREKMOH,2013-01-28,2017-07-31,818
INE313D01013,MOHOTAMILL,2017-08-01,2017-12-22,100
INE313D01013,MOHOTAIND,2017-12-26,2021-11-18,736
INE313L01016,RSL,2026-03-19,2026-03-30,7
INE314A01017,CMC,2013-01-01,2015-09-29,680
INE314C01013,SOMATEX,2013-01-01,2025-07-15,1760
INE314G01014,KALYANIFRG,2024-02-22,2026-03-30,329
INE314T01025,GOKULAGRO,2016-03-29,2025-10-13,2108
INE314T01033,GOKULAGRO,2025-10-14,2026-03-30,114
INE315J01015,FIRSTWIN,2013-01-01,2018-02-20,355
INE316G01019,PANCHSHEEL,2014-02-25,2015-01-29,114
INE316L01019,BHARATWIRE,2016-04-20,2026-03-30,2270
INE317A01028,SHASUNPHAR,2013-01-01,2015-11-17,712
INE317F01027,NESCO,2013-01-01,2017-09-15,1165
INE317F01035,NESCO,2017-09-18,2026-03-30,2115
INE317I01021,METROBRAND,2021-12-22,2026-03-30,1060
INE317J01011,BRANDHOUSE,2013-01-01,2015-03-30,392
INE318A01026,PIDILITIND,2013-01-01,2026-03-30,3280
INE318C01014,SAYAJIHOTL,2013-01-01,2014-01-10,110
INE318D01020,ZENITHBIR,2013-01-01,2020-06-15,999
INE318D01020,ZENITHSTL,2021-01-11,2026-03-30,589
INE318J01027,NUTEK,2013-01-01,2019-03-29,1357
INE319B01014,THEBYKE,2013-01-01,2015-01-29,514
INE319B01014,BYKE,2015-04-15,2026-03-30,2306
INE319Y01016,TIRUPATIFL,2020-08-04,2020-11-09,69
INE319Y01024,TIRUPATIFL,2022-01-04,2026-03-23,552
INE319Z01013,SUPREMEENG,2020-12-04,2022-03-03,276
INE319Z01021,SUPREMEENG,2022-03-04,2024-05-14,242
INE320B01020,CENTUM,2013-01-01,2026-03-30,3073
INE320D01018,MANJEERA,2013-01-04,2015-01-23,185
INE320J01015,RITES,2018-07-02,2026-03-30,1919
INE320L01011,DHUNINV,2013-01-01,2026-03-30,3088
INE320X01016,SMSLIFE,2017-09-01,2025-11-25,1872
INE320X01016,HALEOSLABS,2025-11-26,2026-03-30,27
INE321D01016,OCCL,2016-01-27,2025-06-11,2246
INE321T01012,DOMS,2023-12-20,2026-03-30,565
INE322A01010,GILLETTE,2013-01-01,2026-03-30,3280
INE323A01026,BOSCHLTD,2013-01-01,2026-03-30,3280
INE323B01016,AVONMORE,2023-01-04,2024-06-18,297
INE323B01024,AVONMORE,2024-11-11,2026-03-30,216
INE323C01030,INDIANHUME,2013-01-01,2026-03-30,3280
INE323I01011,PURVA,2013-01-01,2026-03-30,3164
INE323J01019,SOMICONVEY,2016-07-18,2026-03-30,1922
INE324A01024,JINDALSAW,2013-01-01,2024-10-08,2904
INE324A01032,JINDALSAW,2024-10-09,2026-03-30,366
INE324C01038,STERLINBIO,2013-01-01,2018-02-21,1115
INE324D01010,LGEINDIA,2025-10-14,2026-03-30,114
INE324L01013,RPPINFRA,2013-01-01,2026-03-30,2861
INE324X01018,SARVESHWAR,2022-12-08,2023-08-07,165
INE324X01026,SARVESHWAR,2024-01-01,2026-03-30,496
INE325A01013,TIMKEN,2013-01-01,2026-03-30,3280
INE325C01027,DOLLAR,2017-05-30,2017-08-31,65
INE325C01035,DOLLAR,2017-09-01,2026-03-30,2126
INE325D01025,SINDHUTRAD,2023-06-20,2026-03-30,634
INE326A01037,LUPIN,2013-01-01,2026-03-30,3280
INE326B01027,ALMONDZ,2013-01-01,2024-07-22,2370
INE326B01035,ALMONDZ,2024-07-23,2026-03-30,296
INE326T01011,NIRAJISPAT,2024-09-04,2026-02-10,110
INE328C01013,UBENGG,2013-01-01,2014-09-23,259
INE330H01018,RCOM,2013-01-01,2022-05-24,2076
INE330T01021,HAPPYFORGE,2023-12-27,2026-03-30,561
INE331A01037,MADRASCEM,2013-01-01,2013-09-27,187
INE331A01037,RAMCOCEM,2013-09-30,2026-03-30,3093
INE332A01027,THOMASCOOK,2013-01-01,2026-03-30,3214
INE332G01032,POCHIRAJU,2013-01-01,2018-11-19,1292
INE332H01014,INDOTECH,2013-01-01,2026-03-30,2761
INE333I01028,SUJANATOW,2013-03-01,2013-08-06,109
INE333I01036,SUJANATWR,2013-09-11,2017-02-16,763
INE333I01036,NTL,2017-02-17,2021-12-01,544
INE334A01015,STERTOOLS,2013-01-01,2017-01-09,872
INE334A01023,STERTOOLS,2017-01-10,2026-03-30,2285
INE334L01012,UJJIVAN,2016-05-10,2024-05-02,1978
INE335A01012,SURYAROSNI,2013-01-01,2023-10-05,2664
INE335A01020,SURYAROSNI,2023-10-06,2026-03-30,616
INE335K01011,COFFEEDAY,2015-11-02,2026-03-30,1967
INE335W01016,GANGESSECU,2018-02-07,2026-03-30,1959
INE335Y01012,IRCTC,2019-10-14,2021-10-28,510
INE335Y01020,IRCTC,2021-10-29,2026-03-30,1096
INE336H01015,GAYAPROJ,2013-01-01,2017-02-10,981
INE336H01023,GAYAPROJ,2017-02-13,2022-10-19,1326
INE336X01012,TOTAL,2020-08-28,2026-03-30,1195
INE337A01034,LGBBROSLTD,2013-01-01,2026-03-30,3272
INE337M01013,INDOTHAI,2013-01-01,2024-12-11,2361
INE337M01021,INDOTHAI,2025-09-15,2026-03-30,82
INE338A01016,TIRUMALCHM,2013-01-01,2018-08-14,1393
INE338A01024,TIRUMALCHM,2018-08-16,2026-03-30,1887
INE338D01028,BODALCHEM,2013-01-01,2026-03-30,2984
INE338H01029,CONCORDBIO,2023-08-18,2026-03-30,649
INE338I01027,MOTILALOFS,2013-01-01,2026-03-30,3254
INE340A01012,BIRLACORPN,2013-01-01,2026-03-30,3280
INE341R01014,DTIL,2015-02-04,2026-03-30,2721
INE342A01018,PREMIER,2013-01-01,2022-05-24,1757
INE342G01023,NIITMTS,2023-08-23,2026-03-30,646
INE342J01019,WABCOINDIA,2013-01-01,2022-03-31,2289
INE342J01019,ZFCVINDIA,2022-04-01,2026-03-30,991
INE343B01030,RAJESHEXPO,2013-01-01,2025-12-24,3216
INE343D01010,JAIHINDPRO,2013-01-01,2018-09-05,977
INE343G01021,BHARTIHEXA,2024-04-12,2026-03-30,488
INE343H01011,SOLARINDS,2013-01-01,2016-07-13,847
INE343H01029,SOLARINDS,2016-07-14,2026-03-30,2407
INE344S01016,INFOBEAN,2019-07-15,2026-03-30,1528
INE344T01014,BELLACASA,2025-07-18,2026-03-30,173
INE345A01011,HINDOILEXP,2013-01-01,2026-03-30,3219
INE345B01019,CEREBRAINT,2013-06-26,2024-08-07,2212
INE345H01024,CIFL,2025-04-17,2026-03-30,237
INE346A01027,ICICIAMC,2025-12-19,2026-03-30,68
INE346H01014,GITANJALI,2013-01-01,2018-04-26,1316
INE346L01016,TIMBOR,2013-01-01,2015-09-24,521
INE346W01013,APEX,2017-09-18,2026-03-30,2115
INE347A01017,MANGLMCEM,2013-01-01,2026-03-30,3280
INE347G01014,PETRONET,2013-01-01,2026-03-30,3280
INE347W01011,MAGADSUGAR,2017-11-22,2026-03-30,2014
INE348A01023,ASHAPURMIN,2013-03-01,2026-03-30,2952
INE348B01021,CENTURYPLY,2013-01-01,2026-03-30,3270
INE348L01012,MASFIN,2017-10-18,2026-03-30,2094
INE349A01021,NRBBEARING,2013-01-01,2026-03-30,3280
INE349W01017,AVADHSUGAR,2017-11-22,2026-03-30,2070
INE349Y01013,IDEAFORGE,2023-07-07,2026-03-30,678
INE350C01017,OPTIEMUS,2017-08-08,2026-03-30,1655
INE350H01032,BLKASHYAP,2013-01-01,2026-03-30,3010
INE350Z01018,GLOSTERLTD,2024-04-26,2026-03-30,479
INE351A01035,UNICHEMLAB,2013-01-01,2026-03-30,3280
INE351F01018,JPPOWER,2013-01-01,2026-03-30,3189
INE351Y01019,BETA,2025-11-24,2026-03-30,87
INE352A01017,VALUEIND,2013-01-01,2017-12-06,1176
INE353A01023,HINDUJAVEN,2013-01-01,2019-11-08,1693
INE353A01023,NXTDIGITAL,2019-11-11,2023-05-08,805
INE353A01023,NDLVENTURE,2023-05-09,2026-03-30,467
INE353B01021,PARRYSUGAR,2013-01-01,2017-05-24,917
INE353G01020,DISHMAN,2013-01-01,2017-05-29,1089
INE353H01010,SGL,2013-01-01,2026-03-30,2366
INE353K01014,ITDC,2016-12-30,2026-03-30,2292
INE354C01019,BHAGERIA,2016-03-02,2016-10-26,159
INE354C01027,BHAGERIA,2016-10-27,2026-03-30,2273
INE355A01028,SOMANYCERA,2013-03-01,2026-03-30,3169
INE356A01018,MPHASIS,2013-01-01,2026-03-30,3280
INE356B01024,SYSTMTXC,2025-10-06,2026-03-30,120
INE357D01010,SURANACORP,2013-01-01,2017-06-27,728
INE358A01014,ABBOTINDIA,2013-01-01,2026-03-30,3280
INE358B01012,MICROTECH,2013-01-01,2014-06-16,291
INE358U01012,ZOTA,2019-08-19,2026-03-30,1642
INE359U01010,LANCER,2022-05-10,2022-12-15,152
INE359U01028,LANCER,2022-12-16,2023-04-28,90
INE360B01026,SPANCO,2013-01-01,2013-07-18,96
INE360C01024,DPSCLTD,2013-01-01,2026-03-30,3279
INE360L01017,FMNL,2013-01-01,2026-03-30,2617
INE361B01024,DIVISLAB,2013-01-01,2026-03-30,3280
INE361M01021,HIGHGROUND,2016-11-24,2019-09-23,700
INE362A01016,PVP,2013-03-01,2026-03-30,2080
INE363A01022,ASIANHOTNR,2013-01-01,2026-03-30,2785
INE363M01019,SHEMAROO,2014-10-21,2026-03-30,2503
INE363W01018,BHAGYAPROP,2017-08-23,2022-12-09,1251
INE364A01020,JAYSREETEA,2013-03-01,2026-03-30,3166
INE364U01010,ADANIGREEN,2018-07-02,2026-03-30,1854
INE364Z01019,REPL,2020-12-14,2026-03-30,1234
INE365B01017,DATAMATICS,2013-01-01,2026-03-30,3266
INE365D01013,ASHIANA,2013-01-01,2013-10-24,204
INE365D01021,ASHIANA,2013-10-25,2026-03-30,3076
INE365I01012,NBIFIN,2017-05-30,2017-12-07,133
INE365I01020,NBIFIN,2017-12-08,2026-03-30,1923
INE366A01033,DWARKESH,2013-01-01,2017-08-10,1063
INE366A01041,DWARKESH,2017-08-11,2026-03-30,2083
INE366I01010,VRLLOG,2015-04-30,2026-03-30,2706
INE367G01038,PFOCUS,2013-01-01,2026-03-30,3164
INE368I01016,NIRAJ,2020-10-01,2026-03-30,1089
INE368U01011,UNITEDPOLY,2021-12-31,2025-04-30,544
INE368U01029,UNITEDPOLY,2025-05-02,2026-03-30,96
INE369A01029,EXCELINDUS,2013-01-01,2026-03-30,3232
INE369C01017,NORBTEAEXP,2013-01-01,2024-09-11,1584
INE369I01014,IL&FSENGG,2013-01-01,2018-10-15,1362
INE370D01013,MANORG,2021-11-02,2026-03-30,865
INE370E01029,VIVIDHA,2013-05-21,2026-03-30,2471
INE371A01025,GRAPHITE,2013-01-01,2026-03-30,3280
INE371C01013,PODDARMENT,2016-11-22,2026-03-30,2320
INE371D01029,GEODESIC,2013-01-01,2013-12-09,202
INE371P01015,AMBER,2018-01-30,2026-03-30,2023
INE372A01015,APARINDS,2013-01-01,2026-03-30,3280
INE372C01011,PRECWIRE,2013-01-01,2016-03-21,732
INE372C01029,PRECWIRE,2016-03-22,2021-12-22,1424
INE372C01037,PRECWIRE,2021-12-23,2026-03-30,996
INE373A01013,BASF,2013-01-01,2026-03-30,3280
INE374A01029,GUJRATGAS,2013-01-01,2015-05-26,592
INE374B01019,MUKTAARTS,2013-01-01,2026-03-30,2936
INE375Y01018,RELIABLE,2024-07-10,2026-03-30,239
INE376A01032,SRGINFOTEC,2013-01-01,2013-08-29,124
INE376C01020,SPENTEX,2013-01-01,2018-09-26,1141
INE376G01013,BIOCON,2013-01-01,2026-03-30,3280
INE377E01016,COASTCORP,2021-10-08,2025-03-03,845
INE377E01024,COASTCORP,2025-03-04,2026-03-30,201
INE377N01017,WAAREEENER,2024-10-28,2026-03-30,353
INE377Y01014,BAJAJHFL,2024-09-16,2026-03-30,382
INE378A01012,WYETH,2013-01-01,2014-12-09,479
INE378D01032,MADHUCON,2013-01-01,2026-03-30,2428
INE378J01013,CMAHENDRA,2013-01-01,2015-09-24,678
INE379A01028,ITCHOTELS,2025-02-11,2026-03-30,279
INE381A01016,SAMTEL,2013-01-01,2017-11-21,575
INE382M01027,BARBEQUE,2021-04-07,2025-10-10,1121
INE382M01027,UFBL,2025-10-13,2026-03-30,115
INE382T01022,4THDIM,2022-09-22,2022-12-05,50
INE382T01030,GVPTECH,2024-03-26,2026-03-30,485
INE382Z01011,GRSE,2018-10-10,2026-03-30,1852
INE383A01012,INDIACEM,2013-01-01,2026-03-30,3280
INE383H01017,MALUPAPER,2013-01-01,2026-03-30,2788
INE384A01010,RANEHOLDIN,2013-01-01,2026-03-30,3243
INE384C01016,YUKEN,2021-09-02,2026-03-30,1135
INE384L01017,SUDAR,2013-01-01,2016-08-22,869
INE385B01031,REIAGROLTD,2013-01-01,2017-08-07,1087
INE385C01013,SARDAEN,2013-01-01,2023-08-03,2560
INE385C01021,SARDAEN,2023-08-04,2026-03-30,658
INE385F01024,SGMART,2025-09-12,2026-03-30,135
INE385I01010,ALPA,2013-03-01,2026-03-30,2040
INE385W01011,DCAL,2017-10-06,2026-03-30,2044
INE386A01015,VESUVIUS,2013-01-01,2025-06-09,3078
INE386A01023,VESUVIUS,2025-06-10,2026-03-30,201
INE386C01029,ASTRAMICRO,2013-01-01,2026-03-30,3280
INE386D01027,SBCL,2021-06-24,2026-03-30,1183
INE387A01021,SUNDRMFAST,2013-01-01,2026-03-30,3280
INE387I01016,MAGNUM,2013-01-01,2026-03-30,2552
INE388A01029,GANESHBE,2021-09-16,2026-03-30,1126
INE388G01018,TANTIACONS,2013-01-01,2017-02-15,1009
INE388G01026,TCLCONS,2023-10-31,2025-02-06,121
INE388G01026,TICL,2025-02-07,2026-03-30,126
INE388Y01029,NYKAA,2021-11-10,2026-03-30,1089
INE389C01015,MALLCOM,2022-02-02,2026-03-30,966
INE389H01022,KEC,2013-01-01,2026-03-30,3280
INE389K01018,WELINV,2013-01-01,2026-03-30,2673
INE390G01014,GPTINFRA,2016-07-11,2026-03-30,2143
INE390H01012,KIL,2013-01-01,2016-03-17,794
INE390H01012,KAMDHENU,2016-03-18,2025-01-07,2017
INE390H01020,KAMDHENU,2025-01-08,2026-03-30,304
INE391D01019,TRF,2013-01-01,2026-03-30,2762
INE391J01024,JTLINFRA,2021-12-23,2022-11-18,225
INE391J01024,JTLIND,2022-11-21,2024-11-13,494
INE391J01032,JTLIND,2024-11-14,2026-03-30,340
INE391Z01012,CKFSL,2019-04-30,2020-02-20,154
INE392A01013,VISAKAIND,2013-01-01,2023-05-12,2538
INE392A01021,VISAKAIND,2023-05-15,2026-03-30,652
INE392B01011,PNC,2013-03-01,2026-03-30,2604
INE393A01011,DELTAMAGNT,2013-01-03,2026-03-30,2166
INE393P01035,DIAMONDYD,2017-10-05,2026-03-30,2103
INE395A01016,BSELINFRA,2013-01-01,2021-07-12,1772
INE395H01011,STEELCITY,2019-06-27,2026-03-30,1677
INE395N01027,TVSSCS,2023-08-23,2026-02-23,623
INE395U01014,NINSYS,2023-02-21,2026-03-30,673
INE397D01024,BHARTIARTL,2013-01-01,2026-03-30,3280
INE397H01017,LOKESHMACH,2013-01-01,2026-03-30,2867
INE398A01010,VENKEYS,2013-01-01,2026-03-30,3280
INE398B01018,MRO-TEK,2013-01-01,2025-04-11,2248
INE398B01018,UMIYA-MRO,2025-04-15,2026-03-30,239
INE398R01022,SYNGENE,2015-08-11,2026-03-30,2634
INE399C01030,SUPRAJIT,2013-01-01,2026-03-30,3280
INE399G01015,RKFORGE,2013-01-01,2022-03-14,2028
INE399G01023,RKFORGE,2022-03-15,2026-03-30,1003
INE399K01017,IBPOW,2013-01-01,2014-11-19,434
INE399K01017,RTNPOWER,2014-11-20,2026-03-30,2547
INE399L01023,ADANIGAS,2018-11-20,2021-01-12,533
INE399L01023,ATGL,2021-01-13,2026-03-30,1114
INE400H01019,ADHUNIK,2013-01-01,2019-08-22,1455
INE401H01017,KKCL,2013-01-01,2026-03-30,3278
INE403Y01018,INNOVANA,2024-12-17,2026-03-30,259
INE404A01024,ABSLAMC,2021-10-11,2026-03-30,1109
INE405C01035,LINCOLN,2015-12-17,2026-03-30,2548
INE405E01015,MINDAIND,2013-01-01,2016-09-12,846
INE405E01023,MINDAIND,2016-09-14,2022-08-04,1462
INE405E01023,UNOMINDA,2022-08-05,2026-03-30,904
INE406A01037,AUROPHARMA,2013-01-01,2026-03-30,3280
INE406H01016,DHANUS,2013-01-01,2013-07-18,96
INE406I01014,KOUTONS,2013-01-01,2013-09-16,178
INE406M01024,ERIS,2017-06-29,2026-03-30,2170
INE408H01012,GLORY,2013-01-01,2014-05-16,202
INE409A01015,THIRUSUGAR,2013-01-02,2019-05-27,1296
INE409B01013,SWELECTES,2013-01-01,2026-03-30,3090
INE409C01011,KRISHNAENG,2013-01-01,2015-02-09,197
INE409H01028,SPECTACLE,2013-01-01,2016-03-22,133
INE410B01029,VINATIORGA,2013-01-01,2020-02-05,1755
INE410B01037,VINATIORGA,2020-02-06,2026-03-30,1525
INE410P01011,NH,2016-01-06,2026-03-30,2535
INE411B01019,VENUSREM,2013-01-01,2026-03-30,2920
INE411C01017,SURYAJYOTI,2013-01-01,2016-05-20,666
INE411D01015,SKMEGGPROD,2013-01-01,2026-01-09,2957
INE411D01023,SKMEGGPROD,2026-01-12,2026-03-30,53
INE411H01024,RSYSTEMS,2013-01-01,2014-02-26,283
INE411H01032,RSYSTEMS,2014-02-28,2026-03-30,2989
INE411U01027,BAJAJHCARE,2021-11-25,2026-03-30,1079
INE411Y01011,DIL,2022-03-31,2025-12-24,700
INE412C01015,JMA,2015-03-30,2019-05-14,1009
INE412C01023,JMA,2019-05-15,2026-03-30,1642
INE412G01016,BCLIND,2021-03-04,2023-10-26,535
INE412G01024,BCLIND,2023-10-27,2026-03-30,602
INE412U01017,BIGBLOC,2016-09-20,2021-11-15,1099
INE412U01025,BIGBLOC,2021-11-16,2026-03-30,997
INE413B01023,RUCHINFRA,2013-01-01,2026-03-30,732
INE413D01011,ARIHANT,2013-01-01,2022-02-03,1403
INE413G01014,TPLPLASTEH,2015-05-20,2022-10-19,1831
INE413G01022,TPLPLASTEH,2022-10-20,2026-03-30,722
INE414A01015,MADRASFERT,2013-01-01,2026-03-30,3165
INE414B01021,ANTGRAPHIC,2013-03-01,2026-03-30,942
INE414D01019,BHAGCHEM,2021-10-18,2024-04-30,629
INE414D01027,BHAGCHEM,2024-05-02,2026-03-30,476
INE414G01012,MUTHOOTFIN,2013-01-01,2026-03-30,3280
INE415A01038,HSIL,2013-01-01,2022-05-10,2258
INE415A01038,AGI,2022-05-11,2026-03-30,966
INE415B01044,MARSONS,2026-03-13,2026-03-30,11
INE415D01024,BHARATSE,2025-03-24,2026-03-30,186
INE415G01027,RVNL,2019-04-11,2026-03-30,1727
INE415I01015,KIRIINDUS,2013-01-01,2026-03-30,3044
INE416A01036,SABTN,2013-01-01,2021-06-17,1634
INE416A01044,SABTNL,2024-04-18,2025-12-11,60
INE416A01044,AQYLON,2026-02-23,2026-03-04,7
INE416A01051,AQYLON,2026-03-05,2026-03-30,17
INE416D01022,BLISSGVS,2013-01-01,2026-03-30,3280
INE416L01017,EROSMEDIA,2013-01-01,2024-10-24,2749
INE417B01040,DSSL,2013-01-01,2026-03-30,2873
INE417C01014,PILANIINVS,2015-12-23,2026-03-30,1778
INE417T01026,POLICYBZR,2021-11-15,2026-03-30,1086
INE418H01029,ALLCARGO,2013-01-01,2026-03-30,3259
INE418L01021,NAZARA,2021-03-30,2025-09-25,1059
INE418L01047,NAZARA,2025-09-26,2026-03-30,125
INE418N01027,INTEGRA,2013-10-01,2021-02-24,418
INE418N01035,ESSENTIA,2022-06-21,2026-03-30,508
INE419A01022,KOTARISUG,2013-01-01,2026-03-30,3142
INE419D01026,CLSEL,2021-05-12,2026-03-30,1213
INE419M01019,TDPOWERSYS,2013-01-01,2022-10-31,2431
INE419M01027,TDPOWERSYS,2022-11-01,2026-03-30,847
INE419U01012,HAPPSTMNDS,2020-09-17,2026-03-30,1304
INE420B01028,ARIHANTCAP,2021-06-15,2022-04-12,207
INE420B01036,ARIHANTCAP,2022-04-13,2026-03-30,983
INE420C01042,SEINV,2013-01-01,2018-01-23,1250
INE420C01042,PAISALO,2018-01-24,2022-06-30,1097
INE420C01059,PAISALO,2022-07-01,2026-03-30,929
INE421A01028,ABAN,2013-01-01,2025-09-04,2641
INE421C01016,TVSSRICHAK,2013-01-01,2026-03-30,3243
INE421D01014,CCL,2013-01-01,2013-08-19,159
INE421D01022,CCL,2013-08-20,2026-03-30,3121
INE422C01014,TINPLATE,2013-01-01,2024-01-18,2672
INE423A01024,ADANIENT,2013-01-01,2026-03-30,3280
INE423Y01016,SBFC,2023-08-16,2026-03-30,651
INE424C01010,GINNIFILA,2013-03-01,2026-03-30,2822
INE424H01027,SUNTV,2013-01-01,2026-03-30,3280
INE425A01011,AHMEDFORGE,2013-01-01,2015-05-29,595
INE425A01011,METALFORGE,2015-06-01,2021-02-24,1076
INE425B01027,LYCOS,2015-05-08,2018-10-05,687
INE425B01027,BCG,2018-10-08,2026-02-23,1180
INE425Y01011,CESCVENT,2019-02-08,2021-01-29,489
INE425Y01011,RPSGVENT,2021-02-01,2026-03-30,1280
INE426A01027,ALEMBICLTD,2013-01-01,2026-03-30,3270
INE426D01013,GOACARBON,2013-01-01,2026-03-30,3099
INE426Z01016,OBCL,2022-04-07,2026-03-30,987
INE427F01016,CHALET,2019-02-07,2026-03-30,1770
INE428A01015,ALBK,2013-01-01,2020-03-19,1784
INE428O01016,AIFL,2015-12-02,2019-02-21,800
INE428Q01011,SURYODAY,2021-03-26,2026-03-30,1242
INE428V01029,NEPHROPLUS,2025-12-17,2026-03-30,70
INE429C01035,SINTEX,2013-01-01,2022-03-21,1960
INE429E01023,SAFARI,2019-09-12,2026-03-30,1626
INE429F01012,HORIZONINF,2013-01-01,2014-03-22,303
INE429F01012,SKIL,2014-03-24,2021-11-18,1321
INE429I01024,CCCL,2013-01-01,2026-03-30,1468
INE430G01026,JVLAGRO,2013-01-01,2018-09-24,1376
INE430N01014,VISHWARAJ,2019-10-31,2021-10-21,493
INE430N01022,VISHWARAJ,2021-10-22,2026-03-30,1101
INE431F01018,PERIATEA,2013-01-01,2014-01-10,161
INE431F01018,PKTEA,2015-10-20,2026-03-30,818
INE431L01016,SERVALL,2013-01-01,2017-08-22,857
INE432P01015,MAKE,2014-07-15,2015-05-25,208
INE434A01013,ANDHRABANK,2013-01-01,2020-03-19,1784
INE435A01028,APPAPER,2013-01-01,2014-01-20,264
INE435A01028,IPAPPM,2014-01-21,2020-01-21,1479
INE435A01028,ANDPAPER,2020-01-22,2020-03-04,31
INE435A01028,ANDHRAPAP,2020-03-05,2024-09-10,1121
INE435A01051,ANDHRAPAP,2024-09-11,2026-03-30,385
INE435C01024,TEXINFRA,2013-01-01,2026-03-30,3280
INE435G01025,DHANUKA,2013-01-01,2026-03-30,3280
INE435H01015,MANJUSHREE,2013-01-01,2015-03-16,545
INE436A01026,ANSALAPI,2013-01-01,2022-09-21,2187
INE436N01029,AMTL,2013-01-01,2017-04-21,926
INE437A01024,APOLLOHOSP,2013-01-01,2026-03-30,3280
INE437B01014,KAKATCEM,2013-01-01,2026-03-30,3208
INE438A01022,APOLLOTYRE,2013-01-01,2026-03-30,3280
INE438H01019,KFA,2013-01-01,2014-09-23,329
INE438K01021,KALAMANDIR,2023-09-27,2026-03-30,622
INE439A01020,ASAHIINDIA,2013-01-01,2026-03-30,3280
INE439E01022,SKIPPER,2015-05-27,2026-03-30,2688
INE439L01019,DALMIABEL,2013-01-01,2013-01-08,6
INE439L01019,DALMIABHA,2013-01-09,2018-11-28,1429
INE439T01012,NITIRAJ,2021-04-22,2026-03-30,949
INE440A01010,ASHIMASYN,2013-01-01,2026-03-30,2656
INE440L01017,TIJARIA,2013-01-01,2026-02-09,2108
INE441A01026,ASIANELEC,2013-06-17,2013-10-24,89
INE442A01024,ASSAMCO,2013-01-01,2019-02-27,1364
INE442H01011,ASHOKA,2013-01-01,2013-07-03,128
INE442H01029,ASHOKA,2013-07-04,2026-03-30,3152
INE442P01014,SUYOG,2024-08-20,2026-03-30,309
INE445C01015,XPROINDIA,2013-01-01,2026-03-30,2828
INE445K01018,RBN,2013-01-01,2014-03-20,206
INE446A01017,ATLASCYCLE,2013-01-01,2017-01-18,1002
INE446A01025,ATLASCYCLE,2025-01-03,2026-03-30,153
INE446C01013,GLOBOFFS,2013-01-01,2021-03-12,1697
INE448A01013,AUTOLITIND,2013-01-01,2021-01-22,1716
INE448G01010,NATHBIOGEN,2015-02-23,2026-03-30,2631
INE449A01011,AUTOAXLES,2013-01-01,2026-03-30,3280
INE449C01025,ANDREWYU,2021-08-05,2023-10-25,551
INE449G01018,AGRITECH,2015-02-23,2026-03-30,2152
INE450D01013,PITTILAM,2013-01-01,2015-04-16,486
INE450D01021,PITTILAM,2015-04-17,2018-06-05,778
INE450D01021,PITTIENG,2018-06-06,2026-03-30,1937
INE450E01011,SUKHJITS,2022-11-07,2024-10-24,489
INE450E01029,SUKHJITS,2024-10-25,2026-03-30,354
INE450G01024,MAXWELL,2013-03-01,2016-12-20,910
INE450G01024,VIPCLOTHNG,2016-12-21,2026-03-30,1869
INE450U01017,ROUTE,2020-09-21,2026-03-30,1371
INE451A01017,FORCEMOT,2019-08-19,2026-03-30,1566
INE451D01011,RAJRATAN,2020-05-22,2022-02-02,295
INE451D01029,RAJRATAN,2022-03-28,2026-03-30,978
INE451F01016,APOLSINHOT,2016-02-22,2018-10-12,477
INE451F01024,APOLSINHOT,2018-10-15,2026-03-30,1710
INE451L01014,MAHASTEEL,2016-07-01,2026-03-17,1789
INE452L01012,ADHUNIKIND,2016-07-01,2021-05-19,1019
INE452L01012,INCREDIBLE,2021-05-20,2026-03-30,812
INE452O01016,FLFL,2013-10-17,2023-03-31,2194
INE453B01029,COMPUSOFT,2013-01-01,2026-03-30,3023
INE453D01017,SARLAPOLY,2013-01-02,2015-10-29,496
INE453D01025,SARLAPOLY,2015-10-30,2026-03-30,2392
INE453M01018,NAGAROIL,2013-01-01,2019-08-22,1568
INE454M01024,NAGAFERT,2017-02-22,2026-03-30,1679
INE454P01035,TRANSRAILL,2024-12-27,2026-03-30,312
INE455B01016,HALONIX,2013-01-01,2013-10-29,197
INE455B01016,PHOENIXLL,2013-10-30,2017-09-11,884
INE455F01025,JPASSOCIAT,2013-01-01,2024-06-05,2764
INE455I01011,KSCL,2013-01-01,2014-01-27,269
INE455I01029,KSCL,2014-01-28,2026-03-30,3011
INE455J01027,AUSTRAL,2013-02-22,2017-05-19,876
INE455K01017,POLYCAB,2019-04-16,2026-03-30,1724
INE455O01019,PENPEBS,2015-09-28,2019-06-06,911
INE455T01018,JSLHISAR,2016-02-11,2023-03-08,1752
INE456C01012,DFMFOODS,2016-12-29,2018-11-01,457
INE456C01020,DFMFOODS,2018-11-02,2023-03-27,1091
INE456Z01021,MEDIASSIST,2024-01-23,2026-03-30,542
INE457A01014,MAHABANK,2013-01-01,2026-03-30,3280
INE457F01013,SALZERELEC,2015-12-02,2026-03-30,2559
INE457L01011,PGEL,2013-01-01,2024-07-09,2714
INE457L01029,PGEL,2024-07-10,2026-03-30,428
INE458B01028,BHAGYNAGAR,2013-01-01,2017-03-09,1009
INE458B01036,BHAGYANGR,2017-05-31,2026-03-30,1896
INE458F01011,UNITEDTEA,2013-01-01,2026-03-30,3011
INE459A01010,BANARISUG,2013-01-01,2026-03-30,3241
INE460B01016,NOVOPANIND,2013-01-01,2014-10-31,319
INE460C01014,GANESHHOUC,2013-01-01,2025-09-12,3056
INE460C01014,GANESHHOU,2025-09-15,2026-03-30,134
INE460H01021,STARCEMENT,2017-07-03,2026-03-30,2168
INE460N01011,CINEMAXIN,2013-03-01,2014-03-06,253
INE461B01014,REPRO,2013-01-01,2026-03-30,3280
INE461C01020,GREENPLY,2013-01-01,2016-01-06,736
INE461C01038,GREENPLY,2016-01-07,2026-03-30,2524
INE461D01010,HLEGLAS,2021-02-22,2022-10-18,410
INE461D01028,HLEGLAS,2022-10-19,2026-03-30,855
INE462A01022,BAYERCROP,2013-01-01,2026-03-30,3280
INE463A01020,BERGEPAINT,2013-01-01,2015-01-08,500
INE463A01038,BERGEPAINT,2015-01-09,2026-03-30,2780
INE463D01016,TULSYAN,2013-01-01,2014-01-10,91
INE463V01026,ANANDRATHI,2021-12-14,2026-03-30,1066
INE464A01028,BBL,2013-01-01,2024-04-23,2749
INE464A01036,BBL,2024-04-24,2026-03-30,481
INE465A01025,BHARATFORG,2013-01-01,2026-03-30,3280
INE466H01028,UNITY,2013-01-01,2018-08-29,1332
INE466L01020,IIFLWAM,2019-10-04,2023-01-20,822
INE466L01020,360ONE,2023-01-23,2023-03-01,27
INE466L01038,360ONE,2023-03-02,2026-03-30,762
INE467B01029,TCS,2013-01-01,2026-03-30,3280
INE469A01019,BIMETAL,2013-01-01,2015-01-29,405
INE469B01017,OSWALMIN,2013-01-01,2015-01-29,126
INE470A01017,3MINDIA,2013-01-01,2026-03-30,3280
INE470Y01017,NIACL,2017-11-13,2026-03-30,2077
INE471A01023,DIGJAM,2013-01-01,2016-03-29,785
INE471W01019,PALASHSECU,2018-02-07,2026-03-30,1538
INE472A01039,BLUESTARCO,2013-01-01,2026-03-30,3280
INE472B01011,BLUECOAST,2013-01-01,2026-03-30,590
INE472M01018,MTEDUCARE,2013-01-01,2022-12-23,2406
INE473A01011,BOC,2013-01-01,2013-04-09,69
INE473A01011,LINDEINDIA,2013-04-10,2026-03-30,3211
INE473B01035,HATSUN,2014-06-20,2026-03-30,2914
INE473D01015,HYDROS&S,2013-01-01,2015-01-29,311
INE473D01015,KINGFA,2016-11-15,2026-03-30,2156
INE474B01017,PSL,2013-01-01,2020-08-17,1606
INE474C01015,REMSONSIND,2013-01-01,2024-07-04,2029
INE474C01023,REMSONSIND,2024-07-05,2026-03-30,431
INE474E01029,BHANDARI,2017-01-30,2026-03-30,2009
INE474I01012,TULSI,2013-01-01,2018-03-16,1263
INE474L01016,OMKARCHEM,2013-01-01,2022-11-02,2026
INE474Q01031,MEDANTA,2022-11-16,2026-03-30,837
INE475B01014,HIKAL,2013-01-01,2015-02-28,535
INE475B01022,HIKAL,2015-03-02,2026-03-30,2745
INE475E01018,CAPLIPOINT,2014-06-23,2016-10-19,571
INE475E01026,CAPLIPOINT,2016-10-20,2026-03-30,2342
INE476A01014,CANBK,2013-01-01,2024-05-14,2813
INE476A01022,CANBK,2024-05-15,2026-03-30,467
INE477A01012,CANFINHOME,2013-03-01,2017-10-12,1140
INE477A01020,CANFINHOME,2017-10-13,2026-03-30,2097
INE477B01010,DPTL,2013-01-01,2014-11-11,449
INE477B01010,DPL,2014-11-12,2019-01-01,984
INE477B01010,DVL,2019-01-02,2026-03-30,1744
INE479D01038,KRITIIND,2013-01-01,2015-01-29,278
INE479D01038,KRITI,2021-11-01,2026-03-30,965
INE479E01028,CHEMFALKAL,2013-01-01,2017-05-24,1085
INE480C01012,SDBL,2014-04-01,2020-10-15,1356
INE480C01020,SDBL,2020-10-16,2024-05-24,804
INE480C01038,SDBL,2024-05-27,2026-03-30,459
INE480M01011,THOMASCOTT,2013-01-01,2026-03-30,308
INE481G01011,ULTRACEMCO,2013-01-01,2026-03-30,3280
INE481K01013,ESL,2013-01-01,2018-04-26,1246
INE481N01025,HOMEFIRST,2021-02-03,2026-03-30,1278
INE481Y01014,GICRE,2017-10-25,2026-03-30,2090
INE481Z01011,UNIINFO,2022-01-12,2026-03-30,741
INE482A01020,CEATLTD,2013-01-01,2026-03-30,3280
INE482B01010,TERASOFT,2016-12-29,2026-03-30,1655
INE482D01024,ACRYSIL,2021-01-14,2022-11-17,456
INE482D01024,CARYSIL,2022-11-18,2026-03-30,835
INE482J01013,GAL,2013-06-14,2016-10-13,767
INE482J01021,GAL,2016-10-14,2023-06-30,1272
INE482J01021,SHAH,2023-07-03,2026-03-30,460
INE483A01010,CENTRALBK,2013-01-01,2026-03-30,3280
INE483B01018,ICIL,2013-03-01,2016-11-11,833
INE483B01026,ICIL,2016-11-15,2026-03-30,2325
INE483C01032,TANLA,2013-01-01,2026-03-30,2928
INE483S01012,INFIBEAM,2016-04-04,2017-08-31,350
INE483S01020,INFIBEAM,2017-09-01,2026-02-02,2068
INE483S01020,CCAVENUE,2026-02-03,2026-03-30,38
INE484C01014,TIDEWATER,2013-01-01,2016-03-16,794
INE484C01022,TIDEWATER,2016-03-17,2021-07-14,1318
INE484C01030,TIDEWATER,2021-10-18,2024-10-08,739
INE484C01030,VEEDOL,2024-10-09,2026-03-30,366
INE484D01012,AMARJOTHI,2013-01-02,2015-01-29,401
INE484I01029,PRECAM,2016-02-08,2026-03-30,2453
INE484J01019,GODREJPROP,2013-01-01,2013-11-21,223
INE484J01027,GODREJPROP,2013-11-22,2026-03-30,3057
INE485A01015,CENTENKA,2013-01-01,2026-03-30,3280
INE485C01011,IOLCP,2013-01-01,2025-03-10,2709
INE485C01029,IOLCP,2025-03-11,2026-03-30,260
INE486A01013,CESC,2013-01-01,2021-09-17,2156
INE486A01021,CESC,2021-09-20,2026-03-30,1124
INE486J01014,INFINITE,2013-01-01,2018-12-13,1472
INE486R01017,GPTHEALTH,2024-02-29,2026-03-30,516
INE486Y01013,TOUCHWOOD,2020-01-21,2026-03-30,1051
INE488A01050,CHEMPLASTS,2021-08-24,2026-03-30,1142
INE488B01017,TASTYBITE,2017-03-23,2026-03-30,2236
INE488D01021,AVTNPL,2013-01-01,2026-03-30,3280
INE488V01015,PSPPROJECT,2017-06-12,2026-03-30,2182
INE489G01022,ANUHPHR,2024-12-20,2026-03-30,316
INE489H01020,NITINFIRE,2013-01-01,2019-08-28,1512
INE489L01022,IIFLSEC,2019-10-07,2024-12-02,1281
INE489L01022,IIFLCAPS,2024-12-03,2026-03-30,329
INE490G01020,MOIL,2013-01-01,2026-03-30,3280
INE491A01021,CUB,2013-01-01,2026-03-30,3280
INE491H01018,PLETHICO,2013-01-01,2015-08-21,554
INE491J01022,ASKAUTOLTD,2023-11-15,2026-03-30,589
INE491V01019,CROWN,2022-02-08,2026-03-30,608
INE492A01029,CLNINDIA,2013-01-01,2023-03-09,2523
INE492A01029,HEUBACHIND,2023-03-10,2026-01-19,709
INE492A01029,SUDARCOLOR,2026-01-20,2026-03-30,48
INE492B01019,FIRSTLEASE,2013-01-01,2013-12-09,235
INE493A01019,TATACOFFEE,2013-01-01,2015-01-23,511
INE493A01027,TATACOFFEE,2015-01-27,2024-01-12,2221
INE494B01023,TVSMOTOR,2013-01-01,2026-03-30,3280
INE495A01022,DALMIASUG,2013-01-01,2026-03-30,3209
INE495B01038,SUVEN,2013-01-01,2026-03-30,3157
INE495C01010,SANGAMIND,2013-01-01,2026-03-30,3135
INE495J01015,PRADIP,2013-01-01,2021-10-14,1093
INE495P01012,BECTORFOOD,2020-12-24,2025-12-11,1232
INE495P01020,BECTORFOOD,2025-12-12,2026-03-30,73
INE495S01016,HPL,2016-10-04,2026-03-30,2333
INE497B01018,SEAMECLTD,2013-01-01,2026-03-30,3056
INE497D01014,DAMODARIND,2016-07-04,2018-10-25,571
INE497D01022,DAMODARIND,2018-10-26,2026-03-30,1784
INE497S01012,GODAVARIB,2024-10-30,2026-03-30,232
INE498A01018,DCM,2013-01-01,2026-03-30,2999
INE498B01024,SHOPERSTOP,2013-01-01,2026-03-30,3280
INE498E01010,SALONACOT,2013-03-04,2015-01-29,174
INE498E01010,SALONA,2016-06-16,2026-03-30,2311
INE498L01015,L&TFH,2013-03-01,2024-04-22,2755
INE498L01015,LTF,2024-04-23,2026-03-30,482
INE498Q01014,VINCOFE,2024-10-18,2026-03-30,359
INE499A01024,DCMSRMCONS,2013-01-01,2014-03-12,300
INE499A01024,DCMSHRIRAM,2014-03-13,2026-03-30,2980
INE500A01029,DCW,2013-01-01,2026-03-30,3164
INE500L01026,SHK,2015-11-16,2026-03-30,2570
INE500X01013,LEXUS,2023-03-13,2026-02-23,596
INE501A01019,DEEPAKFERT,2013-01-01,2026-03-30,3217
INE501G01024,HTMEDIA,2013-01-01,2026-03-30,3079
INE501W01021,SPTL,2017-08-23,2023-03-02,1049
INE501X01029,AYE,2026-02-16,2026-03-30,29
INE501Y01019,SCPL,2022-11-22,2026-02-06,669
INE502A01017,DENSO,2013-01-01,2013-10-28,92
INE502K01016,TALWALKARS,2013-01-01,2020-02-20,1748
INE503A01015,DCB,2013-01-01,2014-01-14,260
INE503A01015,DCBBANK,2014-01-15,2026-03-30,3020
INE503B01013,STEELXIND,2017-07-20,2022-07-12,1031
INE503B01021,STEELXIND,2022-07-13,2026-03-30,921
INE504B01011,BLUESTINFO,2013-01-01,2016-06-01,844
INE505A01010,DHARAMSI,2021-12-01,2022-11-01,229
INE505A01010,DMCC,2022-11-02,2026-03-30,780
INE505C01016,PRAENG,2013-03-01,2026-03-30,2668
INE505V01016,EUROBOND,2025-08-01,2026-03-30,163
INE505Y01010,VINEETLAB,2021-06-29,2026-03-30,986
INE506A01018,DREDGECORP,2013-01-01,2026-03-30,3168
INE506V01022,RUBICON,2025-10-16,2026-03-30,112
INE506W01012,KRISHANA,2019-08-22,2026-03-30,1342
INE506Z01015,DHRUV,2021-11-25,2026-03-30,779
INE508A01014,DUNCANSIND,2013-03-01,2013-05-22,55
INE508A01022,DUNCANSLTD,2013-07-19,2014-06-05,216
INE508G01029,TIMETECHNO,2013-01-01,2026-03-30,3280
INE508K01013,RHL,2023-05-10,2026-03-30,541
INE509F01011,CUPID,2016-09-16,2023-12-12,1794
INE509F01029,CUPID,2024-10-28,2026-03-30,353
INE509K01011,TECHNOFAB,2013-01-01,2020-11-27,1741
INE510A01028,ENGINERSIN,2013-01-01,2026-03-30,3280
INE510K01019,SHILPI,2013-01-01,2018-08-16,1242
INE510W01014,INOXGREEN,2022-11-23,2026-03-30,719
INE511C01022,MAGMA,2013-01-01,2021-06-08,2086
INE511C01022,POONAWALLA,2021-09-13,2026-03-30,1122
INE511Y01018,MMP,2020-01-09,2026-03-30,1382
INE512B01022,FCSSOFT,2013-03-01,2026-03-30,2209
INE513A01014,FAGBEARING,2013-01-01,2017-07-31,1133
INE513A01014,SCHAEFFLER,2017-08-01,2022-02-08,1121
INE513A01022,SCHAEFFLER,2022-02-09,2026-03-30,1026
INE514G01019,CREWBOS,2013-01-01,2013-09-16,178
INE514Y01012,MOKSH,2021-05-21,2021-07-14,39
INE514Y01020,MOKSH,2021-07-15,2026-03-30,931
INE516A01017,UFLEX,2013-01-01,2026-03-30,3280
INE516K01024,GOENKA,2013-01-01,2014-09-23,431
INE517B01013,TTML,2013-01-01,2026-03-30,2725
INE517C01011,IOLN,2013-01-01,2013-01-22,16
INE517F01014,GPPL,2013-01-01,2026-03-30,3280
INE517H01010,ADVANTA,2013-01-01,2013-07-05,130
INE517H01028,ADVANTA,2013-07-08,2016-07-29,729
INE517U01013,AGLSL,2017-08-03,2019-10-23,546
INE518E01015,ZIMLAB,2022-11-25,2026-03-30,830
INE519A01011,FOSECOIND,2013-01-01,2026-03-30,3278
INE519C01017,SUMMITSEC,2013-01-01,2026-03-30,3223
INE520A01019,ZENSARTECH,2013-01-01,2018-09-07,1409
INE520A01027,ZENSARTECH,2018-09-10,2026-03-30,1871
INE520H01014,BEARDSELL,2014-05-23,2017-03-29,431
INE520H01022,BEARDSELL,2017-05-30,2026-03-30,1821
INE520Y01019,ICEMAKE,2020-10-12,2026-03-30,1243
INE521J01018,CAREERP,2013-01-01,2025-03-19,2732
INE521J01018,CPCAP,2025-03-20,2026-03-30,244
INE522D01027,MANAPPURAM,2013-01-01,2026-03-30,3280
INE522F01014,COALINDIA,2013-01-01,2026-03-30,3280
INE523B01011,AKSHOPTFBR,2013-01-01,2026-03-30,2718
INE524A01029,GABRIEL,2013-01-01,2026-03-30,3280
INE524B01027,GANDHITUBE,2013-01-01,2026-03-30,3233
INE524L01026,KRIDHANINF,2015-12-11,2026-03-30,1710
INE526A01016,GARDENSILK,2013-01-01,2021-01-25,1798
INE526B01014,CALSOFT,2013-01-01,2026-03-30,1760
INE526E01018,SHRIPISTON,2023-05-22,2026-03-30,650
INE526G01013,VIVIMEDLAB,2013-01-01,2016-04-06,807
INE526G01021,VIVIMEDLAB,2016-04-07,2026-03-30,1595
INE527H01019,UFO,2015-05-14,2026-03-30,2631
INE528A01020,GKWLIMITED,2013-01-01,2026-03-30,2862
INE528G01019,YESBANK,2013-01-01,2017-09-21,1169
INE528G01027,YESBANK,2017-09-22,2020-03-13,611
INE528G01035,YESBANK,2020-03-16,2026-03-30,1500
INE528K01011,GALLISPAT,2013-01-01,2018-08-07,1286
INE528K01029,GALLISPAT,2018-08-08,2022-06-03,944
INE529A01010,FMGOETZE,2013-01-01,2026-03-30,3279
INE529D01014,PATINTLOG,2013-01-01,2026-03-30,3169
INE529F01019,SIGNETIND,2013-01-01,2015-01-29,514
INE529F01019,SIGNET,2015-03-13,2015-08-18,109
INE529F01027,SIGNET,2015-08-19,2018-08-10,676
INE529F01035,SIGIND,2018-08-29,2026-03-30,1680
INE529I01013,KUANTUM,2019-10-23,2020-07-14,181
INE529I01021,KUANTUM,2020-07-15,2026-03-30,1419
INE530B01024,INDIAINFO,2013-01-01,2014-03-12,300
INE530B01024,IIFL,2014-03-13,2026-03-30,2861
INE531A01016,KANSAINER,2013-01-01,2015-03-26,553
INE531A01024,KANSAINER,2015-03-27,2026-03-30,2727
INE531E01026,HINDCOPPER,2013-01-01,2026-03-30,3280
INE531F01015,NUVAMA,2023-10-11,2025-12-24,549
INE531F01023,NUVAMA,2025-12-26,2026-03-30,64
INE532F01054,EDELWEISS,2013-01-01,2026-03-30,3244
INE533A01012,GOODYEAR,2020-10-05,2023-10-25,759
INE533D01016,RAJRAYON,2013-01-01,2013-03-04,44
INE533D01024,RAJRAYON,2013-03-05,2017-12-06,1012
INE533D01032,RAJRILTD,2022-04-01,2022-04-29,19
INE534A01028,GFSTEELS,2020-04-13,2022-09-20,205
INE535D01029,ROTO,2022-04-21,2024-11-07,635
INE535D01037,ROTO,2024-11-08,2026-03-30,344
INE535F01024,RAJOOENG,2025-05-29,2026-03-30,209
INE536A01023,GRINDWELL,2013-01-01,2026-03-30,3279
INE536H01010,MAHINDFORG,2013-01-01,2013-12-16,240
INE536H01010,MAHINDCIE,2013-12-17,2023-06-16,2349
INE536H01010,CIEINDIA,2023-06-19,2026-03-30,691
INE537A01013,GTNIND,2013-01-01,2021-03-12,1612
INE537F01012,MODINATUR,2025-12-11,2026-03-30,74
INE538A01037,GUJFLUORO,2013-01-01,2019-07-24,1623
INE538A01037,GFLLIMITED,2019-07-25,2026-03-30,1610
INE538H01024,SHREEASHTA,2013-03-01,2014-06-19,174
INE539A01019,GHCL,2013-01-01,2026-03-30,3270
INE539B01017,VIRINCHI,2023-05-03,2026-03-30,530
INE540A01017,GLFL,2013-01-01,2026-02-24,1044
INE540B01015,RELMEDIA,2013-03-01,2014-04-28,258
INE540G01014,AMBIKCO,2013-01-01,2026-03-30,3244
INE540H01012,VOLTAMP,2013-01-01,2026-03-30,3280
INE540L01014,ALKEM,2015-12-23,2026-03-30,2544
INE541A01023,GMMPFAUDLR,2018-03-05,2026-03-30,2001
INE542A01013,GUJSIDHCEM,2013-01-01,2013-02-21,38
INE542A01039,GSCLCEMENT,2013-05-29,2023-04-20,2400
INE542B01011,AKSHARCHEM,2017-03-28,2026-03-30,2205
INE542C01019,NKIND,2016-07-04,2026-03-30,1565
INE542F01012,PIPAVAVDOC,2013-01-01,2016-03-17,784
INE542F01012,RDEL,2016-03-18,2017-09-15,370
INE542F01012,RNAVAL,2017-09-18,2021-01-22,641
INE542W01017,KPIGLOBAL,2021-07-27,2022-04-26,186
INE542W01017,KPIGREEN,2022-04-27,2024-07-16,552
INE542W01025,KPIGREEN,2024-07-18,2026-03-30,358
INE542Z01010,KAPSTON,2020-05-27,2024-06-20,590
INE542Z01028,KAPSTON,2024-09-30,2026-01-27,329
INE543V01017,ACEINTEG,2022-11-04,2026-03-30,699
INE544A01019,HARRMALAYA,2013-01-01,2026-03-30,3150
INE544H01014,JHS,2013-01-01,2026-03-30,2393
INE544K01026,AQUA,2013-01-01,2013-12-09,235
INE544R01013,GREENLAM,2015-03-17,2022-02-10,1711
INE544R01021,GREENLAM,2022-02-11,2026-03-30,1024
INE545A01016,HEG,2013-01-01,2024-10-17,2921
INE545A01024,HEG,2024-10-18,2026-03-30,359
INE545H01011,TIIL,2013-01-01,2026-03-30,3204
INE545L01039,MANCREDIT,2024-08-16,2026-03-30,403
INE545U01014,BANDHANBNK,2018-03-27,2026-03-30,1985
INE546C01010,PICCADIL,2025-07-02,2026-03-30,185
INE546V01010,EIFFL,2021-10-12,2026-03-30,982
INE546Y01022,PRAXIS,2018-02-15,2026-03-30,1114
INE547B01028,XTGLOBAL,2024-09-16,2026-03-30,382
INE547E01014,IMPAL,2013-01-01,2026-03-30,3270
INE547G01019,LUMAXAUTO,2013-01-01,2016-05-20,642
INE548A01028,HFCL,2013-01-01,2026-03-30,3206
INE548C01032,EMAMILTD,2013-01-01,2026-03-30,3280
INE548Z01017,LAGNAM,2021-09-30,2026-03-30,947
INE549A01026,HCC,2013-01-01,2026-03-30,3211
INE549H01021,ARSSBL,2025-09-30,2026-03-30,123
INE549I01011,INNOIND,2013-01-01,2015-09-24,550
INE550B01014,HBSTOCK,2013-01-01,2018-03-08,1109
INE550B01022,HBSL,2018-08-09,2026-03-30,1340
INE550C01020,URJA,2017-03-28,2026-03-30,1469
INE550H01011,SUPREMEINF,2013-01-01,2023-06-07,1727
INE551A01022,HINDDORROL,2013-01-01,2018-05-21,969
INE551D01018,PAKKA,2023-07-11,2026-03-30,676
INE551W01018,UJJIVANSFB,2019-12-12,2026-03-30,1565
INE552D01024,CONFIPET,2019-06-13,2026-03-30,1687
INE552Z01027,ABDL,2024-07-02,2026-03-30,434
INE553C01016,NECCLTD,2016-03-02,2026-03-30,2331
INE553E01012,NET4,2013-01-01,2017-03-23,712
INE553K01019,SGJHL,2013-01-01,2016-11-21,927
INE555B01013,AXIS-IT&T,2013-01-01,2014-10-07,372
INE555B01013,AXISCADES,2014-10-08,2026-03-30,2436
INE555Z01012,TARACHAND,2024-04-16,2024-12-04,101
INE555Z01020,TARACHAND,2024-12-05,2026-03-30,208
INE557A01011,HIL,2013-01-01,2025-04-08,3013
INE557A01011,BIRLANU,2025-04-09,2026-03-30,241
INE557B01019,LIBERTSHOE,2013-01-01,2026-03-30,3066
INE557Z01018,PIGL,2023-05-17,2026-03-30,161
INE558A01019,IPRINGLTD,2013-01-01,2015-01-29,344
INE558B01017,MANGCHEFER,2013-01-01,2025-10-30,3178
INE558D01013,CORALFINAC,2017-06-29,2017-08-03,25
INE558D01021,CORALFINAC,2017-08-04,2026-03-30,1981
INE558R01013,HECPROJECT,2021-12-30,2026-03-30,740
INE559A01017,IFBIND,2013-01-01,2026-03-30,3280
INE559B01023,NAKODA,2013-03-14,2018-02-21,1032
INE559D01011,SHARRESLTD,2013-01-02,2014-10-01,335
INE559D01011,CREST,2014-11-17,2026-03-30,2604
INE559N01010,SRGHFL,2023-08-21,2026-03-30,647
INE559R01029,LANDMARK,2022-12-23,2026-03-30,810
INE560A01015,INDIAGLYCO,2013-01-01,2025-08-11,3124
INE560A01023,INDIAGLYCO,2025-08-12,2026-03-30,156
INE560K01014,PFS,2013-01-01,2026-03-30,3178
INE561C01019,BHARATGEAR,2013-01-01,2026-03-30,3094
INE561H01026,PARSVNATH,2013-01-01,2026-03-30,2605
INE561M01018,ISHANCH,2025-03-24,2026-03-30,159
INE562A01011,INDIANB,2013-01-01,2026-03-30,3280
INE562B01019,RAJSREESUG,2013-01-01,2026-03-30,2871
INE562X01013,UNIVASTU,2020-06-22,2026-03-30,1200
INE563J01010,ASTEC,2013-01-01,2026-03-30,3187
INE565A01014,IOB,2013-01-01,2026-03-30,3280
INE565L01011,ZEELEARN,2013-01-01,2026-03-30,2875
INE565V01010,VALIANTORG,2020-10-05,2026-03-30,1267
INE566K01011,ISFT,2013-01-01,2026-03-30,2935
INE567A01010,NIPPOBATRY,2013-01-01,2021-10-28,2151
INE567A01028,NIPPOBATRY,2021-10-29,2026-03-30,992
INE568Z01015,URAVI,2023-07-05,2025-01-15,247
INE568Z01015,URAVIDEF,2025-01-16,2026-03-30,206
INE569C01020,ORIENTABRA,2013-01-01,2023-07-12,2553
INE569C01020,ORIENTCER,2023-10-16,2026-03-30,610
INE570A01014,IONEXCHANG,2022-02-22,2023-06-09,321
INE570A01022,IONEXCHANG,2023-06-12,2026-03-30,696
INE570D01018,ARROWCOAT,2015-05-21,2016-05-10,240
INE570D01018,ARROWGREEN,2016-05-11,2026-03-30,1932
INE570L01029,SAILIFE,2024-12-18,2026-03-30,318
INE571A01020,IPCALAB,2013-01-01,2022-01-10,2234
INE571A01038,IPCALAB,2022-01-11,2026-03-30,1046
INE571B01028,JAYBARMARU,2013-01-01,2023-10-25,2611
INE571B01036,JAYBARMARU,2023-10-26,2026-03-30,540
INE572A01028,JBCHEPHARM,2013-01-01,2023-09-15,2652
INE572A01036,JBCHEPHARM,2023-09-18,2026-03-30,628
INE572E01012,PNBHOUSING,2016-11-07,2026-03-30,2267
INE572G01025,LANCORHOL,2024-04-23,2025-11-12,388
INE572J01011,SPANDANA,2019-08-19,2026-03-30,1585
INE573A01034,JKTYRE,2013-01-01,2014-12-18,486
INE573A01042,JKTYRE,2014-12-19,2026-03-30,2794
INE573I01011,HIRAFERRO,2013-01-02,2014-08-01,211
INE573K01017,RUSHIL,2013-01-01,2024-08-08,2804
INE573K01025,RUSHIL,2024-08-09,2026-03-30,407
INE573R01012,SEYAIND,2019-07-11,2023-05-22,649
INE574I01027,ARCOTECH,2014-04-16,2017-06-22,785
INE574I01035,ARCOTECH,2017-06-23,2020-12-16,494
INE575C01027,INTLCONV,2021-09-16,2026-03-30,1126
INE575G01010,FKONCO,2013-01-01,2014-01-02,252
INE575P01011,STARHEALTH,2021-12-10,2026-03-30,1068
INE576I01014,JKIL,2013-01-01,2015-12-10,728
INE576I01022,JKIL,2015-12-11,2026-03-30,2549
INE576O01020,LXCHEM,2021-03-25,2026-03-30,1243
INE577A01027,MUNJALSHOW,2013-01-01,2026-03-30,3280
INE577F01018,AMLSTEEL,2013-01-01,2014-11-12,122
INE577L01016,STEL,2013-01-01,2026-03-30,2496
INE578A01017,HEIDELBERG,2013-01-01,2026-03-30,3269
INE579C01029,VIMTALABS,2013-01-01,2026-03-30,3123
INE580B01029,GRUH,2013-01-01,2019-10-15,1676
INE581X01013,GLOBE,2020-10-07,2021-02-01,81
INE581X01021,GLOBE,2021-10-12,2026-03-30,779
INE583B01015,SANDESH,2013-01-01,2026-03-30,3198
INE583C01013,DECCANCE,2013-01-01,2017-09-11,1034
INE583C01021,DECCANCE,2017-09-12,2026-03-30,2119
INE583D01011,UGROCAP,2021-08-11,2026-03-30,1150
INE583L01014,AGSTRA,2022-01-31,2025-01-29,690
INE583R01029,PRITIKAUTO,2021-08-10,2026-03-30,1005
INE583V01013,RADHIKAJWE,2022-07-18,2023-05-25,211
INE583V01021,RADHIKAJWE,2023-05-26,2026-03-30,646
INE584A01023,NMDC,2013-01-01,2026-03-30,3280
INE584F01014,MANGALAM,2013-03-01,2026-03-05,2707
INE585B01010,MARUTI,2013-01-01,2026-03-30,3280
INE586B01026,TAJGVK,2013-01-01,2026-03-30,3280
INE586G01017,SAHPETRO,2013-01-01,2015-05-05,477
INE586G01017,GULFPETRO,2015-05-06,2026-03-30,2637
INE586V01016,TCIEXP,2016-12-29,2026-03-30,2293
INE586X01012,KEERTI,2020-11-13,2023-06-21,425
INE586X01012,GTECJAINX,2023-12-26,2026-03-30,212
INE587G01015,KAYA,2015-08-28,2026-03-30,2323
INE588A01016,NEPCMICON,2013-01-01,2014-06-12,361
INE588B01014,ECEIND,2013-01-01,2019-05-09,1537
INE589A01014,NEYVELILIG,2013-01-01,2016-08-03,888
INE589A01014,NLCINDIA,2016-08-04,2026-03-30,2392
INE589G01011,BRFL,2013-01-01,2022-04-01,1814
INE590L01019,VASWANI,2013-01-01,2026-03-30,2614
INE591A01010,OILCOUNTUB,2013-01-01,2026-03-30,2376
INE591D01014,DIAMINESQ,2023-09-25,2026-03-30,624
INE591G01017,NIITTECH,2013-01-01,2020-08-19,1887
INE591G01017,COFORGE,2020-08-20,2025-06-03,1188
INE591G01025,COFORGE,2025-06-04,2026-03-30,205
INE591Q01016,SUULD,2020-10-19,2024-07-02,664
INE592A01026,ORIENTPPR,2013-01-01,2026-03-30,3235
INE592B01016,TTL,2013-03-01,2024-12-11,2826
INE592B01024,TTL,2025-03-17,2026-02-23,167
INE592I01029,METKORE,2013-01-01,2018-08-27,1265
INE593W01010,FOCUS,2021-11-24,2023-10-05,386
INE593W01028,FOCUS,2023-10-06,2026-03-30,460
INE594A01014,OUDHSUG,2013-01-01,2017-03-22,992
INE594B01012,BSL,2013-01-01,2026-03-30,2964
INE594H01019,THYROCARE,2016-05-09,2026-03-30,2454
INE596F01018,PTCIL,2023-06-09,2026-03-30,640
INE596H01014,HOVS,2013-01-01,2025-06-12,2537
INE596H01014,HGM,2025-12-02,2026-03-30,81
INE596I01012,CAMS,2020-10-05,2025-12-04,1284
INE596I01020,CAMS,2025-12-05,2026-03-30,78
INE597I01010,SHARDAMOTR,2015-09-03,2021-04-16,1370
INE597I01028,SHARDAMOTR,2021-04-19,2026-03-30,1165
INE597J01018,SHALBY,2017-12-15,2026-03-30,2053
INE597L01014,LOVABLE,2013-01-01,2026-03-30,3083
INE598B01013,ZENITHCOMP,2013-01-01,2016-03-10,489
INE598C01011,HISARMETAL,2017-01-05,2026-03-30,2166
INE598D01035,ALGOQUANT,2026-01-06,2026-03-30,57
INE599B01011,GEINDSYS,2013-03-01,2016-02-19,655
INE599M01018,JUSTDIAL,2013-06-05,2026-03-30,3173
INE600A01019,PEACOCKIND,2013-01-01,2013-07-05,65
INE600A01027,PILIND,2013-10-31,2015-09-02,287
INE600A01027,PILITA,2015-09-03,2016-08-24,239
INE600A01035,PILITA,2016-08-25,2026-03-30,1850
INE600K01018,GALAXYSURF,2018-02-08,2026-03-30,2016
INE600L01024,LALPATHLAB,2015-12-23,2026-03-30,2544
INE600Y01019,DYCL,2022-07-27,2026-03-30,848
INE602A01015,PHILIPCARB,2013-01-01,2018-04-19,1311
INE602A01023,PHILIPCARB,2018-04-20,2022-01-12,925
INE602A01023,PCBL,2022-01-13,2022-04-11,60
INE602A01031,PCBL,2022-04-12,2026-03-30,984
INE602G01020,KITEX,2013-01-01,2026-03-30,3165
INE602K01014,SYNCOM,2013-01-01,2020-09-25,1476
INE602W01019,SENCO,2023-07-14,2025-01-30,386
INE602W01027,SENCO,2025-01-31,2026-03-30,287
INE603A01013,PRAKASH,2013-01-01,2026-03-30,3204
INE603J01022,PIIND,2013-01-01,2013-04-12,72
INE603J01030,PIIND,2013-04-15,2026-03-30,3208
INE605A01026,PRICOL,2013-01-01,2016-12-02,969
INE605B01016,ABCIL,2013-01-01,2016-01-13,690
INE606A01024,PDUMJEPULP,2013-01-01,2018-01-18,1169
INE606A01024,AMJLAND,2018-01-19,2026-03-30,1964
INE606N01019,EXCELSOFT,2025-11-26,2026-03-30,85
INE607A01022,PRIMO,2025-04-22,2026-03-30,235
INE607D01018,ORIENTBELL,2013-01-01,2026-03-30,3179
INE607L01011,BILENERGY,2013-03-01,2013-03-26,18
INE607L01029,BILENERGY,2013-03-28,2020-11-27,1265
INE608A01012,PSB,2013-01-01,2026-03-30,3280
INE609C01024,ORIENTLTD,2013-03-01,2026-03-30,2536
INE610B01024,GUJRAFFIA,2024-04-29,2026-03-30,259
INE610C01014,ARENTERP,2018-01-12,2026-03-30,1216
INE611A01016,RSWM,2013-01-01,2026-03-30,3197
INE611L01013,INDTERRAIN,2013-01-01,2015-12-21,560
INE611L01021,INDTERRAIN,2015-12-22,2026-03-30,2478
INE612J01015,REPCOHOME,2013-04-01,2026-03-30,3218
INE613A01020,RALLIS,2013-01-01,2026-03-30,3280
INE613B01010,ICDSLTD,2024-10-21,2026-03-18,168
INE613C01026,MCLOUD,2025-02-07,2026-03-30,281
INE614A01028,RAMCOIND,2013-01-01,2026-03-30,3269
INE614B01018,KTKBANK,2013-01-01,2026-03-30,3280
INE614G01033,RPOWER,2013-01-01,2026-03-30,2875
INE615H01012,TWL,2013-01-01,2015-04-23,519
INE615H01020,TWL,2015-04-24,2023-06-16,1962
INE615H01020,TITAGARH,2023-06-19,2026-03-30,691
INE615I01010,GLOBUSSPR,2013-01-01,2026-03-30,3152
INE615P01015,QUESS,2016-07-12,2026-03-30,2399
INE615R01029,DHANVARSHA,2022-05-10,2022-08-30,79
INE615R01029,TRU,2022-09-01,2026-03-30,618
INE616N01034,INOXINDIA,2023-12-21,2026-03-30,564
INE616Z01012,YASHO,2023-08-21,2026-03-30,648
INE617A01013,REVATHI,2013-03-01,2023-07-04,2391
INE617A01013,SEMAC,2024-01-15,2026-03-30,211
INE618H01016,PARABDRUGS,2013-01-01,2018-09-21,1153
INE618L01018,5PAISA,2017-11-30,2026-03-30,1965
INE618N01014,ANANDAMRUB,2015-12-15,2017-06-05,170
INE618N01014,BALAXI,2019-03-19,2024-05-29,1005
INE618N01022,BALAXI,2024-05-30,2026-03-30,456
INE618R01015,SGFIN,2025-08-05,2026-03-30,161
INE619A01027,RUCHISOYA,2013-01-01,2019-11-13,1605
INE619A01035,RUCHI,2020-02-07,2022-05-24,382
INE619A01035,PATANJALI,2023-11-01,2026-03-30,599
INE619B01017,NEWGEN,2018-01-29,2026-03-30,1892
INE619C01015,RANKLIN,2013-01-01,2015-01-29,176
INE619I01012,A2ZMES,2013-01-01,2014-12-30,372
INE619I01012,A2ZINFRA,2014-12-31,2026-03-05,2194
INE620C01013,PARAL,2013-01-01,2014-05-22,269
INE621B01021,PRITHVISOF,2013-01-04,2015-01-29,151
INE621H01010,RELIGARE,2013-01-01,2026-03-30,3280
INE621L01012,TEXRAIL,2013-01-01,2026-03-30,3277
INE622H01018,INDOFARM,2025-01-07,2026-03-30,237
INE622W01025,ACMESOLAR,2024-11-13,2026-03-30,341
INE623A01011,SAKHTISUG,2013-01-01,2026-03-30,2829
INE623B01027,PANTALOONR,2013-01-01,2013-04-10,70
INE623B01027,FRL,2013-04-11,2016-05-10,758
INE623B01027,FEL,2016-05-25,2023-01-20,1592
INE624C01015,VALECHAENG,2013-01-01,2016-09-26,822
INE624Z01016,SOLARA,2018-07-11,2026-03-30,1855
INE625B01014,RANASUG,2013-01-01,2026-03-30,2831
INE625G01013,WELPROJ,2013-01-01,2015-06-23,530
INE625G01013,WELENT,2015-06-24,2026-03-30,2668
INE625X01018,SILVERTUC,2022-05-12,2026-03-05,892
INE625X01026,SILVERTUC,2026-03-06,2026-03-30,16
INE626A01014,SAURASHCEM,2024-02-27,2026-03-30,518
INE626Z01011,HARDWYN,2022-04-12,2023-06-02,251
INE626Z01029,HARDWYN,2023-06-05,2026-01-08,515
INE627H01017,CTE,2013-01-01,2026-03-30,2523
INE627Z01019,TALWGYM,2018-07-13,2020-02-20,396
INE628A01036,UNIPHOS,2013-01-01,2013-10-22,202
INE628A01036,UPL,2013-10-23,2026-03-30,3078
INE628H01015,ORBITCORP,2013-01-01,2017-02-15,1015
INE629D01012,BANSWRAS,2013-01-01,2022-09-08,2170
INE629D01020,BANSWRAS,2022-09-09,2026-03-30,882
INE630A01016,SESHAPAPER,2013-01-01,2019-08-19,1578
INE630A01024,SESHAPAPER,2019-08-20,2026-03-30,1641
INE630Y01016,MEDICO,2022-05-26,2023-03-15,86
INE630Y01024,MEDICO,2023-03-16,2026-03-30,569
INE631A01022,SHANTIGEAR,2013-01-01,2026-03-30,3280
INE632C01026,VIDHIDYE,2016-03-02,2017-02-28,245
INE632C01026,VIDHIING,2017-03-01,2026-03-30,2251
INE632X01022,SHRENIK,2019-08-02,2020-10-08,282
INE632X01030,SHRENIK,2020-10-09,2026-01-01,975
INE633A01028,SHRENUJ,2013-01-01,2017-01-23,981
INE633B01018,POLYPLEX,2013-01-01,2026-03-30,3280
INE634A01018,HONDAPOWER,2013-01-01,2026-03-30,3254
INE634I01011,KNRCON,2013-01-01,2016-12-13,919
INE634I01029,KNRCON,2016-12-14,2026-03-30,2304
INE634S01028,MANKIND,2023-05-09,2026-03-30,720
INE635A01023,SHYAMTEL,2013-01-01,2026-03-30,1948
INE635Q01029,GULFOILLUB,2014-08-14,2026-03-30,2876
INE636A01039,MAWANASUG,2013-01-01,2026-03-30,2957
INE637C01017,POKARNA,2016-07-07,2017-10-19,320
INE637C01025,POKARNA,2017-10-23,2026-03-30,1996
INE637H01016,SHIVAMAUTO,2013-01-01,2014-10-30,335
INE637H01024,SHIVAMAUTO,2014-10-31,2026-03-30,2549
INE638A01035,SINGERIND,2026-03-19,2026-03-30,7
INE639B01015,TANFACIND,2013-01-01,2014-12-26,198
INE639K01016,NITESHEST,2013-01-01,2019-10-30,1477
INE640A01023,SKFINDIA,2013-01-01,2026-03-30,3269
INE640C01011,SHAHALLOYS,2013-01-01,2026-03-30,2237
INE641C01019,KAVVERITEL,2013-01-01,2024-05-29,1964
INE641C01019,KAVDEFENCE,2025-09-09,2026-02-23,43
INE642C01025,RUBFILA,2024-08-08,2026-03-30,408
INE642Y01011,HINDCON,2021-07-05,2023-08-11,493
INE642Y01029,HINDCON,2023-11-20,2026-03-30,365
INE642Z01018,AKI,2023-04-06,2023-05-22,30
INE642Z01026,AKI,2024-04-23,2026-03-30,292
INE643A01035,SONASTEER,2013-01-01,2018-04-20,1248
INE643A01035,JTEKTINDIA,2018-04-23,2026-03-30,1968
INE643K01018,ARIHANTSUP,2017-03-28,2026-03-30,2015
INE644Y01017,SHIVAMILLS,2018-03-13,2026-03-30,1855
INE645H01019,SUTLEJTEX,2013-03-01,2017-09-26,1083
INE645H01027,SUTLEJTEX,2017-09-27,2026-03-30,2030
INE645L01011,JUBLINDS,2013-01-01,2024-10-25,2784
INE645S01016,ROLEXRINGS,2021-08-09,2025-10-16,1041
INE645S01024,ROLEXRINGS,2025-10-17,2026-03-30,111
INE645W01026,AIRAN,2019-05-03,2026-03-30,1407
INE646B01010,MEDICAMEQ,2021-10-27,2026-03-30,1098
INE646C01018,GROBTEA,2016-11-22,2026-03-30,1861
INE646H01017,CAPITALSFB,2024-02-14,2026-03-30,527
INE646L01027,INDIGO,2015-11-10,2026-03-30,2573
INE646X01014,ASTRON,2018-01-12,2026-03-30,1764
INE647A01010,SRF,2013-01-01,2026-03-30,3280
INE647O01011,PFRL,2013-07-31,2016-01-28,614
INE647O01011,ABFRL,2016-01-29,2026-03-30,2519
INE647U01026,CLEANMAX,2026-03-02,2026-03-30,19
INE648A01026,SBBJ,2013-01-01,2017-03-15,1039
INE648H01013,HANUNG,2013-01-01,2017-08-02,982
INE648Z01015,ACCURACY,2020-12-11,2023-02-14,541
INE648Z01023,ACCURACY,2023-02-15,2026-03-30,487
INE649H01011,EUROCERA,2013-01-01,2018-06-22,975
INE650K01013,8KMILES,2014-01-29,2016-10-10,662
INE650K01021,8KMILES,2016-10-13,2020-09-23,702
INE650K01021,SECURKLOUD,2021-02-02,2026-03-30,979
INE650L01011,BROOKS,2013-03-01,2026-03-30,2637
INE651A01020,MYSOREBANK,2013-01-01,2017-03-15,1039
INE651C01018,LAKPRE,2013-01-01,2018-09-24,1281
INE651G01027,SUPREMETEX,2015-02-23,2018-03-16,658
INE652F01027,CCHHL,2015-02-03,2026-03-30,2042
INE652V01016,GANESHCP,2025-09-29,2026-03-30,124
INE652Z01017,AVROIND,2022-04-07,2026-03-30,781
INE653D01012,SAMINDUS,2013-02-26,2014-12-09,62
INE654A01024,SBT,2013-01-01,2017-03-15,1039
INE655A01013,STCINDIA,2013-01-01,2026-03-30,3113
INE655B01011,BANARBEADS,2013-06-28,2026-03-30,2819
INE655I01024,BIRLACOT,2013-01-01,2017-03-08,620
INE656K01010,DQE,2013-01-01,2021-01-01,1664
INE657B01025,BLUECHIP,2013-01-01,2026-02-20,614
INE658D01011,SIMPLEXCAS,2013-01-02,2015-01-07,321
INE658G01014,SALSTEEL,2013-01-01,2026-03-30,2319
INE658T01017,WEALTH,2021-01-21,2026-03-30,771
INE659A01015,SUDARSCHEM,2013-01-01,2014-10-01,408
INE659A01023,SUDARSCHEM,2014-10-07,2026-03-30,2843
INE659D01019,SURANAIND,2013-01-01,2018-03-16,943
INE660A01013,SUNDARMFIN,2013-01-01,2026-03-30,3270
INE660C01027,CENTRUM,2018-04-04,2026-03-30,1923
INE661I01014,BGRENERGY,2013-01-01,2026-02-23,2788
INE662A01027,SUPERSPIN,2013-01-01,2026-03-30,2485
INE662C01015,CHROMATIC,2013-01-01,2020-12-16,1506
INE662L01016,TCIDEVELOP,2013-01-01,2022-11-10,2127
INE663A01017,SUPPETRO,2013-01-01,2022-04-06,2228
INE663A01025,SPLPETRO,2022-06-07,2023-01-05,147
INE663A01033,SPLPETRO,2023-01-06,2026-03-30,800
INE663B01015,CONTROLPR,2016-06-24,2026-03-30,2420
INE663F01024,NAUKRI,2013-01-01,2025-05-06,3055
INE663F01032,NAUKRI,2025-05-07,2026-03-30,225
INE664A01015,WINSOMEDJ,2013-01-01,2015-03-23,550
INE665A01020,SWANENERGY,2013-01-01,2014-02-03,274
INE665A01038,SWANENERGY,2014-02-04,2025-09-03,2865
INE665A01038,SWANCORP,2025-09-04,2026-03-30,141
INE665J01013,VMART,2013-03-06,2026-03-30,3172
INE665L01035,VARROC,2018-07-06,2026-03-30,1915
INE666D01022,BOROSIL,2018-05-25,2020-02-19,430
INE666D01022,BORORENEW,2020-02-20,2026-03-30,1381
INE666E01012,ANDHRACEMT,2013-01-01,2023-03-02,1917
INE666E01020,ACL,2023-05-24,2026-03-30,606
INE667A01018,SYNDIBANK,2013-01-01,2020-03-19,1784
INE667G01015,SAKSOFT,2013-01-01,2022-09-23,2297
INE667G01023,SAKSOFT,2022-09-26,2026-03-30,807
INE668A01016,TMB,2022-09-21,2026-03-30,874
INE668D01028,DONEAR,2013-03-01,2026-03-30,2901
INE668F01031,JYOTHYLAB,2013-01-01,2026-03-30,3280
INE668G01021,ELDEHSG,2022-04-12,2026-03-30,984
INE669A01022,INFOMEDIA,2013-01-01,2026-03-30,1386
INE669C01028,TECHM,2013-01-01,2015-03-19,548
INE669C01036,TECHM,2015-03-20,2026-03-30,2732
INE669E01016,IDEA,2013-01-01,2026-03-30,3280
INE669X01016,GEEKAYWIRE,2020-03-06,2023-06-06,690
INE669X01024,GEEKAYWIRE,2024-02-12,2025-10-29,362
INE669X01032,GEEKAYWIRE,2025-10-30,2026-03-30,103
INE670A01012,TATAELXSI,2013-01-01,2026-03-30,3280
INE670B01028,GANGOTRI,2013-01-01,2017-05-22,349
INE670K01029,LODHA,2021-04-19,2026-03-30,1229
INE670X01014,LASA,2018-02-22,2026-03-30,1519
INE671A01010,HONAUT,2013-01-01,2026-03-30,3280
INE671H01015,SOBHA,2013-01-01,2026-03-30,3280
INE672A01018,TATAINVEST,2013-01-01,2025-10-13,3104
INE672A01026,TATAINVEST,2025-10-14,2026-03-30,114
INE672B01032,MUNJALAU,2013-01-01,2026-03-30,3280
INE672K01017,CILNOVA,2013-01-01,2013-12-04,205
INE672K01025,CNOVAPETRO,2014-02-03,2021-02-24,1388
INE673G01013,BHARTISHIP,2013-01-01,2014-12-24,297
INE673G01013,BHARATIDIL,2016-03-14,2017-09-27,317
INE673O01025,TBOTEK,2024-05-15,2026-03-30,467
INE674A01014,TATASPONGE,2013-01-01,2019-08-30,1648
INE674A01014,TATASTLLP,2019-09-03,2023-11-16,980
INE674B01012,HELIOSMATH,2013-01-01,2015-08-21,655
INE674K01013,ABCAPITAL,2017-09-15,2026-03-30,2114
INE675C01017,CIGNITITEC,2014-10-13,2026-03-30,2722
INE675G01018,PINCON,2016-06-15,2018-05-21,475
INE676A01019,AGCNET,2013-01-01,2021-12-02,1799
INE676A01019,BBOX,2021-12-03,2022-05-16,111
INE676A01027,BBOX,2022-05-17,2026-03-30,789
INE677D01037,MASTERTR,2024-11-12,2026-03-30,342
INE677H01012,DEEPIND,2013-01-01,2020-09-29,1916
INE677H01012,DEEPENR,2020-09-30,2024-09-04,740
INE678H01010,EVERONN,2013-01-01,2016-11-03,875
INE679A01013,CSBBANK,2019-12-04,2026-03-30,1571
INE679V01027,AVL,2024-11-06,2026-03-30,346
INE680A01011,DHANBANK,2013-01-01,2026-03-30,3121
INE680Z01018,AVG,2023-05-12,2026-03-30,636
INE681B01017,INDRAMEDCO,2013-01-01,2026-03-30,2966
INE681C01015,KEYCORPSER,2013-01-01,2019-04-30,425
INE681C01015,KEYFINSERV,2019-05-03,2026-03-30,1271
INE682M01012,JLHL,2023-09-18,2026-03-30,628
INE683A01023,SOUTHBANK,2013-01-01,2026-03-30,3280
INE683C01011,MAITHANALL,2013-01-01,2026-03-30,3093
INE684F01012,FSL,2013-01-01,2026-03-30,3280
INE685A01028,TORNTPHARM,2013-01-01,2026-03-30,3280
INE686A01018,ITDCEM,2013-01-01,2015-08-21,545
INE686A01026,ITDCEM,2015-08-24,2025-09-16,2493
INE686A01026,CEMPRO,2025-09-17,2026-03-30,132
INE686F01025,UBL,2013-01-01,2026-03-30,3280
INE686I01011,SITASHREE,2013-01-01,2018-03-16,646
INE686Y01026,FINEORG,2018-07-02,2026-03-30,1919
INE688A01022,TCI,2013-01-01,2026-03-30,3270
INE688D01026,RESPONIND,2013-01-01,2026-03-30,3248
INE688E01024,HERCULES,2013-01-01,2026-01-01,3080
INE688I01017,CAPF,2013-01-01,2018-12-27,1481
INE688J01015,EXCELINFO,2013-01-01,2015-05-04,473
INE688J01015,EXCEL,2015-05-05,2022-09-27,1345
INE688J01023,EXCEL,2022-09-28,2026-03-30,354
INE688Y01014,DANGEE,2020-11-13,2022-09-06,397
INE688Y01022,DANGEE,2022-09-07,2026-03-30,713
INE689W01016,PRINCEPIPE,2019-12-30,2026-03-30,1554
INE690A01010,TTKPRESTIG,2013-01-01,2021-12-14,2215
INE690A01028,TTKPRESTIG,2021-12-15,2026-03-30,1065
INE691A01018,UCOBANK,2013-01-01,2026-03-30,3280
INE691G01015,IMPEXFERRO,2013-01-01,2024-01-18,1337
INE691Z01015,GANGAFORGE,2021-07-06,2021-09-13,47
INE691Z01023,GANGAFORGE,2021-09-14,2026-03-30,803
INE692A01016,UNIONBANK,2013-01-01,2026-03-30,3280
INE692B01014,MURUDCERA,2013-01-01,2026-03-30,2963
INE692G01013,XCHANGING,2013-01-01,2026-03-30,3227
INE692Z01013,AFFORDABLE,2024-10-23,2026-03-30,356
INE694A01020,UNITECH,2013-01-01,2026-03-30,1714
INE694C01018,LAKSHVILAS,2013-01-01,2020-11-25,1956
INE694D01016,VADILALIND,2013-01-01,2026-03-30,3280
INE694E01014,KANPRPLA,2021-01-01,2026-03-30,1233
INE694N01015,HERANBA,2021-03-05,2026-03-30,1180
INE695A01019,UNITEDBNK,2013-01-01,2020-03-20,1785
INE695B01025,COUNCODOS,2013-01-02,2026-03-30,2458
INE696A01025,UBHOLDINGS,2013-01-01,2017-05-19,1055
INE696F01016,JUNIPER,2024-02-28,2026-03-30,517
INE696K01016,PRAKASHSTL,2013-01-01,2016-03-03,786
INE696K01024,PRAKASHSTL,2016-03-04,2026-03-30,1621
INE696V01013,JAIPURKURT,2021-09-02,2026-03-30,970
INE697V01011,PANSARI,2021-10-19,2026-03-30,648
INE698H01018,BROADCAST,2013-01-01,2016-05-09,408
INE699A01011,UTTAMSTL,2013-01-01,2022-05-24,1964
INE699B01027,SAMBHAAV,2013-03-01,2026-03-30,2126
INE699D01015,JUMBO,2013-01-01,2014-04-11,124
INE699H01024,AWL,2022-02-08,2026-03-30,956
INE700A01033,JUBILANT,2013-01-01,2021-02-03,2003
INE700A01033,JUBLPHARMA,2021-02-18,2026-03-30,1267
INE700C01013,PRITHVI,2014-11-24,2014-12-24,23
INE701A01023,VHL,2013-01-01,2026-03-30,3056
INE701B01021,PUNJLLOYD,2013-01-01,2019-09-23,1569
INE702A01013,VARUNSHIP,2013-01-01,2015-07-10,546
INE702C01019,APLAPOLLO,2013-01-01,2020-12-15,1968
INE702C01027,APLAPOLLO,2020-12-16,2026-03-30,1311
INE702L01010,PARAPRINT,2013-01-01,2016-05-20,245
INE703A01011,VIDEOIND,2013-01-01,2018-05-21,1332
INE703B01027,RATNAMANI,2013-01-01,2026-03-30,3280
INE703H01016,HUBTOWN,2013-01-01,2026-03-30,2649
INE704B01017,RACLGEAR,2024-11-27,2026-03-30,333
INE704H01022,CINEPRO,2013-03-01,2013-08-21,117
INE704H01022,CINELINE,2013-08-23,2026-03-30,2811
INE704P01017,COCHINSHIP,2017-08-11,2024-01-09,1588
INE704P01025,COCHINSHIP,2024-01-10,2026-03-30,487
INE705A01016,VIJAYABANK,2013-01-01,2019-03-07,1530
INE705C01012,SHIVTEX,2013-01-01,2017-11-02,1137
INE705C01020,SHIVATEX,2018-01-09,2026-03-30,1957
INE705X01018,GOYALALUM,2022-11-04,2023-03-09,87
INE705X01026,GOYALALUM,2023-05-23,2026-01-09,383
INE706A01022,VIKASWSP,2019-08-19,2022-04-22,615
INE707A01012,VINDHYATEL,2013-01-01,2026-03-30,3156
INE707C01018,CAPTRUST,2017-01-16,2026-03-05,1930
INE709A01018,VLSFINANCE,2013-01-01,2026-03-30,3205
INE710A01016,VSTIND,2013-01-01,2026-03-30,3280
INE711A01022,WALCHANNAG,2013-01-01,2026-03-30,2890
INE712B01010,SUPERHOUSE,2014-09-26,2026-03-30,2847
INE712K01011,SHREEPUSHK,2015-09-28,2026-03-30,2539
INE713B01026,SURYALAXMI,2013-01-01,2026-03-30,3059
INE713C01016,SURAJLTD,2024-08-29,2026-03-30,293
INE713R01022,GSPCROP,2026-03-24,2026-03-30,4
INE713T01010,APOLLO,2018-02-06,2023-05-03,1214
INE713T01028,APOLLO,2023-05-04,2026-03-30,633
INE714F01033,ASHCONIUL,2013-01-01,2013-07-18,63
INE715A01015,WHEELS,2013-01-01,2026-03-30,3280
INE715B01013,ANDHRSUGAR,2013-01-01,2021-12-30,2226
INE715B01021,ANDHRSUGAR,2021-12-31,2026-03-30,1053
INE715Y01015,SHRADHA,2020-10-22,2023-01-19,454
INE715Y01023,SHRADHA,2023-01-20,2024-06-24,223
INE715Y01031,SHRADHA,2025-05-12,2026-03-30,222
INE716A01013,WHIRLPOOL,2013-01-01,2026-03-30,3269
INE716B01011,TIPSINDLTD,2013-01-01,2023-04-20,2030
INE716B01029,TIPSINDLTD,2023-04-21,2024-09-27,359
INE716B01029,TIPSMUSIC,2024-09-30,2026-03-30,372
INE717A01029,KENNAMET,2019-08-19,2023-10-25,1039
INE717W01049,GANDHAR,2023-11-30,2026-03-30,579
INE718F01018,CSLFINANCE,2022-07-21,2026-03-30,915
INE718H01014,AUTOIND,2013-01-01,2026-03-30,2881
INE718I01012,JSWCEMENT,2025-08-14,2026-03-30,154
INE719A01017,ZANDUREALT,2013-01-01,2018-05-23,1292
INE719F01016,SHIVAUM,2025-11-14,2026-03-30,81
INE720A01015,KOTHARIPET,2013-01-01,2026-03-30,3243
INE721A01013,SRTRANSFIN,2013-01-01,2022-12-19,2467
INE721A01013,SHRIRAMFIN,2022-12-20,2025-01-09,511
INE721A01047,SHRIRAMFIN,2025-01-10,2026-03-30,302
INE721Z01010,AARON,2020-11-06,2026-03-30,1172
INE722A01011,SHRIRAMCIT,2013-01-01,2022-11-28,2452
INE722H01016,RJL,2013-01-01,2019-04-05,1550
INE722H01016,RGL,2019-04-08,2022-07-19,814
INE722H01024,RGL,2022-07-20,2026-03-30,916
INE722J01012,RKDL,2013-01-01,2026-03-30,2489
INE725A01022,NBVENTURES,2013-01-01,2022-07-28,2371
INE725A01022,NAVA,2022-07-29,2025-01-17,613
INE725A01030,NAVA,2025-01-20,2026-03-30,296
INE725E01024,ORISSAMINE,2013-01-01,2026-03-30,3129
INE725G01011,ICRA,2013-01-01,2026-03-30,3280
INE725L01011,KARMAENG,2013-01-01,2026-03-30,2103
INE726G01019,ICICIPRULI,2016-09-29,2026-03-30,2355
INE726L01019,WEIZFOREX,2013-01-01,2020-02-26,1622
INE726L01019,EBIXFOREX,2020-05-27,2021-08-31,318
INE726L01019,DELPHIFX,2021-09-01,2026-02-12,807
INE726L01027,DELPHIFX,2026-02-13,2026-03-30,30
INE726V01018,PRICOLLTD,2017-02-27,2026-03-30,2231
INE727B01026,GENESYS,2013-01-01,2026-03-30,3019
INE727D01022,KSOILS,2013-01-01,2013-06-20,76
INE727F01019,KARURKCP,2013-01-01,2015-01-29,297
INE727S01012,BRNL,2017-09-18,2026-03-30,1906
INE728Z01015,SOFTTECH,2022-02-25,2026-03-30,727
INE729D01010,KILITCH,2013-01-01,2026-03-30,2751
INE730A01022,ORICONENT,2015-07-24,2026-03-30,2449
INE731A01020,ARCHIES,2013-01-01,2026-03-30,2790
INE731C01018,KHAITANLTD,2013-03-04,2026-03-30,1320
INE731H01025,ACE,2013-01-01,2026-03-30,3264
INE731U01010,DIGJAMLTD,2016-07-27,2019-08-28,667
INE731U01028,DIGJAMLMTD,2021-11-01,2026-03-30,181
INE732A01036,KIRLOSBROS,2013-01-01,2026-03-30,3194
INE732C01016,NCLIND,2013-01-01,2026-03-30,3274
INE732F01019,ISMTLTD,2013-01-01,2024-08-05,2407
INE732I01013,ANGELBRKG,2020-10-05,2021-11-10,274
INE732I01013,ANGELONE,2021-11-11,2026-02-25,1067
INE732I01021,ANGELONE,2026-02-26,2026-03-30,21
INE732S01012,SAKAR,2019-04-11,2026-03-30,1430
INE733A01018,STARPAPER,2013-01-01,2026-03-30,3004
INE733E01010,NTPC,2013-01-01,2026-03-30,3280
INE734I01027,FINKURVE,2025-10-01,2026-03-30,122
INE734N01019,SNOWMAN,2014-09-26,2026-03-30,2847
INE735M01018,SEPOWER,2013-01-01,2023-06-14,2042
INE735M01018,SAMPANN,2023-10-30,2026-03-30,372
INE735W01017,UTKARSHBNK,2023-07-21,2026-03-30,668
INE736A01011,CDSL,2017-06-30,2026-03-30,2105
INE737B01033,SPHEREGSL,2015-10-13,2018-04-18,622
INE737B01033,ADROITINFO,2018-04-19,2026-03-30,1081
INE737D01021,MODISNME,2021-05-03,2022-08-12,321
INE737D01021,MODISONLTD,2022-08-16,2026-03-30,715
INE737H01014,FIEMIND,2013-01-01,2026-03-30,3280
INE737W01013,AKASH,2019-10-11,2026-03-30,1194
INE738I01010,ECLERX,2013-01-01,2026-03-30,3217
INE738V01013,ARTNIRMAN,2021-10-20,2026-03-30,623
INE739A01015,MOSERBAER,2013-03-01,2018-06-06,1187
INE739E01017,CERA,2013-01-01,2026-03-30,3280
INE740D01017,NRAIL,2017-04-05,2026-03-30,2162
INE740V01019,AGROPHOS,2019-03-08,2026-03-30,1577
INE740X01015,LAL,2023-04-10,2024-02-07,75
INE740X01023,LAL,2024-05-13,2026-03-30,267
INE741K01010,CREDITACC,2018-08-23,2026-03-30,1883
INE741L01018,DYNATECH,2013-01-01,2016-05-10,396
INE741L01018,DUCON,2016-05-11,2026-03-30,1841
INE742A01019,PETRONENGG,2013-01-01,2019-03-22,1296
INE742B01025,GUFICBIO,2013-01-01,2026-03-30,3245
INE742C01031,JINDRILL,2013-01-01,2026-03-30,3237
INE742F01042,ADANIPORTS,2013-01-01,2026-03-30,3280
INE743C01013,MONNETISPA,2013-01-01,2018-07-31,1350
INE743C01021,AIONJSW,2018-11-01,2020-10-09,451
INE743C01021,JSWISPL,2020-10-12,2023-08-09,638
INE743M01012,ORIENTREF,2013-01-01,2021-07-20,2050
INE743M01012,RHIM,2021-07-22,2026-03-30,1164
INE744I01034,MVL,2013-01-01,2019-08-16,1215
INE745B01028,KHAICHEM,2020-10-30,2026-03-30,1280
INE745G01035,MCX,2013-01-01,2026-01-01,3221
INE745G01043,MCX,2026-01-02,2026-03-30,59
INE746A01010,KOPDRUGS,2013-01-01,2013-08-12,62
INE747B01016,NEXTMEDIA,2013-03-01,2026-03-30,2267
INE747K01017,TARAPUR,2013-01-01,2026-03-30,1764
INE748A01016,MBECL,2013-01-01,2024-08-08,1227
INE748C01020,3IINFOTECH,2013-03-01,2021-06-08,1910
INE748C01038,3IINFOLTD,2021-11-08,2026-03-30,1091
INE748E01018,PIRGLASS,2013-01-01,2014-07-18,387
INE748T01016,SIMBHALS,2016-03-30,2024-06-26,1712
INE748Z01013,SUMIT,2019-07-30,2026-03-30,844
INE749A01030,JINDALSTEL,2013-01-01,2026-03-30,3280
INE749B01012,ORTINLABSS,2015-09-02,2021-01-11,1160
INE749B01020,ORTINLAB,2021-04-15,2024-09-02,762
INE749B01020,ORTINGLOBE,2024-09-03,2025-12-10,191
INE750A01020,ORIENTHOT,2013-01-01,2026-03-30,3219
INE750C01026,MARKSANS,2013-06-14,2026-03-30,3166
INE750D01016,RELCHEMQ,2022-05-25,2026-03-30,889
INE750M01017,HEXATRADEX,2013-01-01,2026-03-30,2168
INE750R01016,AARNAV,2026-02-25,2026-03-30,22
INE751B01018,PIXTRANS,2022-04-28,2026-03-30,974
INE752E01010,POWERGRID,2013-01-01,2026-03-30,3280
INE752G01015,MSPL,2013-01-01,2026-03-30,2792
INE752H01013,CARERATING,2013-01-01,2026-03-30,3280
INE752P01024,FRETAIL,2016-09-14,2022-07-22,1443
INE753K01015,EMMBI,2013-01-01,2026-03-30,3280
INE753U01022,DIVGIITTS,2023-03-14,2026-03-30,755
INE753W01010,SANGINITA,2019-07-15,2026-02-25,1382
INE754A01014,SUBEX,2013-01-01,2020-10-21,1788
INE754A01055,SUBEXLTD,2020-11-19,2026-03-30,1271
INE754X01016,AARVI,2020-06-24,2026-03-30,1433
INE755Q01025,VISHAL,2019-08-21,2023-12-29,840
INE756B01017,SHIV-VANI,2013-01-01,2015-10-21,500
INE756B01017,SVOGL,2015-10-23,2016-09-26,105
INE756C01015,NDGL,2016-09-15,2026-03-30,1974
INE756I01012,HDBFS,2025-07-02,2026-03-30,185
INE757A01017,COSMOFILMS,2013-01-01,2022-07-22,2367
INE757A01017,COSMOFIRST,2022-07-25,2026-03-30,913
INE757B01015,SHREYAS,2013-01-01,2024-10-22,2690
INE757B01015,TRANSWORLD,2024-10-23,2026-03-30,356
INE757T01025,AEPL,2026-03-12,2026-03-30,12
INE758C01029,AHLUCONT,2013-01-01,2026-03-30,3160
INE758E01017,JIOFIN,2023-09-04,2026-03-30,638
INE758T01015,ZOMATO,2021-07-23,2025-04-08,922
INE758T01015,ETERNAL,2025-04-09,2026-03-30,241
INE759A01021,MASTEK,2013-01-01,2026-03-30,3270
INE759V01019,TMRVL,2016-12-28,2022-07-15,1221
INE759V01019,HEADSUP,2022-07-18,2026-03-30,785
INE760A01029,KOKUYOCMLN,2013-01-01,2026-03-30,3159
INE760F01028,INDOAMIN,2022-04-29,2026-03-30,973
INE760L01018,TBZ,2013-01-01,2026-03-30,3280
INE760W01015,RPPL,2021-11-26,2024-09-16,637
INE760W01023,RPPL,2024-09-17,2026-03-30,381
INE760Y01011,ASHOKAMET,2023-06-27,2026-03-30,460
INE761A01019,KHAITANELE,2013-03-04,2017-03-20,736
INE761H01022,PAGEIND,2013-01-01,2026-03-30,3280
INE761Y01019,ZODIAC,2021-12-14,2026-03-30,470
INE763A01023,POLARIS,2013-01-01,2018-07-24,1368
INE763G01038,ISEC,2018-04-04,2025-03-21,1729
INE763I01018,TRIL,2013-01-01,2017-09-28,1058
INE763I01026,TRIL,2017-09-29,2024-05-13,1545
INE763I01026,TARIL,2025-02-01,2026-03-30,286
INE764D01017,VSTTILLERS,2013-01-01,2026-03-30,3254
INE764L01010,SADBHIN,2015-09-16,2026-03-30,2248
INE765G01017,ICICIGI,2017-09-27,2026-03-30,2108
INE766A01018,PAEL,2013-01-01,2022-04-08,1124
INE766P01016,MAHLOG,2017-11-10,2026-03-30,2078
INE767A01016,AARTIDRUGS,2013-03-01,2026-03-30,3237
INE767B01022,VIKASPROP,2019-08-19,2022-08-22,672
INE768C01010,ZYDUSWELL,2013-01-01,2025-09-17,3149
INE768C01028,ZYDUSWELL,2025-09-18,2026-03-30,131
INE769A01020,AARTIIND,2013-01-01,2026-03-30,3270
INE771A01026,MIRZAINT,2013-03-01,2026-03-30,3113
INE771B01032,TRICOM,2013-01-01,2017-03-23,808
INE771F01025,FISCHER,2025-07-10,2025-09-11,44
INE771F01041,FISCHER,2025-09-12,2026-03-30,135
INE772A01016,SKUMARSYNF,2013-01-01,2015-03-30,409
INE772T01024,PVSL,2024-03-19,2026-03-30,503
INE773I01017,ALKALI,2013-01-01,2026-03-30,3067
INE774A01012,CRESTANI,2013-01-01,2014-05-22,235
INE774D01016,M&MFIN,2013-01-01,2013-02-15,34
INE774D01024,M&MFIN,2013-02-18,2026-03-30,3246
INE774I01031,RMMIL,2013-01-01,2016-05-20,648
INE775A01035,MOTHERSUMI,2013-01-01,2022-06-08,2335
INE775A01035,MOTHERSON,2022-06-09,2026-03-30,945
INE775B01025,KWALITY,2013-01-01,2021-02-23,1861
INE776C01039,GMRINFRA,2013-01-01,2024-12-10,2957
INE776C01039,GMRAIRPORT,2024-12-11,2026-03-30,323
INE776I01010,MEP,2015-05-06,2024-03-19,2003
INE777F01014,EXICOM,2024-03-05,2026-03-30,455
INE777K01022,RRKABEL,2023-09-20,2026-03-30,627
INE778A01021,NATHSEED,2013-01-01,2014-02-28,144
INE778A01021,TECHIN,2015-02-23,2023-08-10,1141
INE778B01029,ESTER,2013-01-01,2026-03-30,3113
INE778K01012,EMAMIINFRA,2013-01-01,2018-11-14,1218
INE778K01012,EMAMIREAL,2018-11-15,2026-03-30,1423
INE778U01029,TCNSBRANDS,2018-07-30,2024-09-02,1508
INE779B01019,CLUTCHAUTO,2013-01-01,2015-02-20,452
INE780C01023,JMFINANCIL,2013-01-01,2026-03-30,3280
INE781A01025,INTENTECH,2017-03-23,2026-03-30,1952
INE781B01015,NOIDATOLL,2013-01-01,2026-03-30,2574
INE781S01027,VENTIVE,2024-12-30,2026-03-30,311
INE782A01015,HITACHIHOM,2013-01-01,2016-09-09,864
INE782A01015,JCHAC,2016-09-12,2025-12-23,2302
INE782A01015,BOSCH-HCIL,2025-12-24,2026-03-30,65
INE782E01017,HESTERBIO,2015-03-13,2026-03-30,2737
INE782L01012,SANCO,2016-11-22,2022-10-04,1318
INE782X01017,SERVOTECH,2021-09-02,2023-02-02,247
INE782X01025,SERVOTECH,2023-02-03,2023-06-12,19
INE782X01033,SERVOTECH,2023-09-25,2026-03-30,507
INE783B01029,TWILITAKA,2013-01-01,2014-08-22,268
INE783X01023,CHEMFAB,2018-07-24,2026-03-30,1853
INE784B01035,WINSOME,2013-01-01,2023-11-12,1310
INE784R01023,ARFIN,2025-07-22,2026-03-30,105
INE784W01015,MANOMAY,2023-01-18,2026-03-30,542
INE785A01026,JAYAGROGN,2013-01-01,2026-03-30,3258
INE785C01048,LITL,2013-01-01,2018-09-12,1221
INE785M01013,PCJEWELLER,2013-01-01,2024-10-07,2827
INE785M01021,PCJEWELLER,2024-12-31,2026-03-30,310
INE786A01032,JKLAKSHMI,2013-01-01,2026-03-30,3280
INE786F01031,UTTAMSUGAR,2013-01-01,2026-03-30,2996
INE786W01010,RKEC,2020-12-18,2026-03-30,1244
INE787A01022,GSLNOVA,2013-01-01,2015-04-13,81
INE787D01026,BALKRISIND,2013-01-01,2026-03-30,3270
INE787G01011,AMAR,2013-01-01,2013-08-01,149
INE788B01028,INDSWFTLTD,2013-01-01,2025-08-13,1494
INE788H01017,HILTON,2013-01-02,2026-03-30,2614
INE788J01021,SHIVALIK,2021-12-09,2026-03-30,1069
INE789E01012,JKPAPER,2013-01-01,2026-03-30,3280
INE790B01024,KCPSUGIND,2013-01-01,2026-03-30,3141
INE790C01014,PATSPINLTD,2013-01-01,2022-01-03,1774
INE790G01023,SHILPAMED,2013-01-01,2015-11-06,705
INE790G01031,SHILPAMED,2015-11-09,2026-03-30,2516
INE791A01024,BLBLIMITED,2013-03-01,2026-02-24,2241
INE791I01019,BRIGADE,2013-01-01,2026-03-30,3280
INE792B01012,AMBICAAGAR,2021-04-29,2026-03-30,1040
INE792H01019,GLOBALVECT,2013-03-01,2026-03-30,2415
INE792I01017,CORDSCABLE,2013-01-01,2026-03-30,2915
INE792Z01011,SIRCA,2019-07-22,2026-03-30,1534
INE793A01012,ACCELYA,2013-03-01,2026-03-30,3237
INE794A01010,NEULANDLAB,2013-01-01,2026-03-30,3215
INE794B01026,BALAJITELE,2013-01-01,2026-03-30,3059
INE794W01014,MODTHREAD,2025-02-24,2026-03-30,270
INE795G01014,HDFCLIFE,2017-11-17,2026-03-30,2073
INE796A01023,AFTEK,2013-01-01,2014-05-22,263
INE796G01012,JINDALPHOT,2013-01-01,2026-03-30,2723
INE797A01021,GEOMETRIC,2013-01-01,2017-03-10,1037
INE797F01012,JUBLFOOD,2013-01-01,2022-04-19,2300
INE797F01020,JUBLFOOD,2022-04-20,2026-03-30,980
INE797H01018,BHAGWATIHO,2013-01-01,2013-05-30,103
INE797H01018,TGBHOTELS,2013-05-31,2026-03-30,2870
INE798K01010,KRITINUT,2022-10-07,2026-03-30,706
INE799A01019,KLGSYSTEL,2013-03-01,2013-08-21,98
INE799L01016,TARAJEWELS,2013-01-01,2018-08-16,1393
INE800A01015,BIRLAERIC,2013-03-01,2014-01-10,174
INE800A01015,BIRLACABLE,2016-11-22,2026-03-30,2055
INE800H01010,OMAXE,2013-01-01,2026-03-30,3223
INE801L01010,AIROLAM,2021-10-13,2026-03-30,1036
INE801V01019,LAXMICOT,2021-11-12,2026-02-16,1059
INE802B01019,LINCPEN,2015-03-09,2021-12-17,1615
INE802B01019,LINC,2021-12-20,2024-12-19,746
INE802B01027,LINC,2024-12-20,2026-03-30,252
INE802C01017,SSWL,2013-01-01,2021-09-06,2148
INE802C01025,SSWL,2021-12-06,2022-11-10,232
INE802C01033,SSWL,2022-11-11,2026-03-30,840
INE802G01018,JETAIRWAYS,2013-01-01,2019-06-27,1604
INE802W01023,BOHRAIND,2022-11-11,2026-02-16,240
INE803A01027,ATNINTER,2013-01-01,2017-02-01,453
INE803D01021,INDOBORAX,2022-03-29,2026-03-30,873
INE803H01014,RUCHIRA,2013-01-01,2026-03-30,3170
INE804D01011,INFODRIVE,2013-03-01,2014-12-24,214
INE804D01029,INFODRIVE,2014-12-26,2015-01-29,24
INE804H01012,TFL,2013-01-01,2026-03-30,1867
INE804L01022,MEDPLUS,2021-12-23,2026-03-30,1059
INE805A01014,GOLDTECH,2013-01-01,2026-03-30,2413
INE805B01012,MANGTIMBER,2013-01-01,2022-01-04,1747
INE805C01028,KCP,2013-01-01,2026-03-30,3280
INE805D01026,SUNTECK,2013-01-01,2017-07-25,1129
INE805D01034,SUNTECK,2017-07-26,2026-03-30,2151
INE806A01012,VIKASGLOB,2013-01-01,2014-02-28,291
INE806A01020,VIKASGLOB,2014-06-13,2015-12-18,373
INE806A01020,VIKASECO,2015-12-21,2026-03-30,2309
INE806B01028,MURLIIND,2013-01-01,2013-09-26,142
INE806C01018,TIL,2013-01-01,2026-03-30,2638
INE806F01011,VIJSHAN,2013-01-01,2018-12-21,1477
INE806T01012,SAPPHIRE,2021-11-18,2024-09-04,694
INE806T01020,SAPPHIRE,2024-09-05,2026-03-30,389
INE807F01027,SEQUENT,2016-03-10,2026-01-22,2379
INE807F01027,VIYASH,2026-01-23,2026-03-30,45
INE807K01035,SCHAND,2017-05-09,2026-03-30,2055
INE808B01016,OPTOCIRCUI,2013-01-01,2021-02-19,1776
INE809A01024,RAMAPHO,2022-08-05,2025-02-06,623
INE809A01032,RAMAPHO,2025-02-07,2026-03-30,183
INE809I01019,ONMOBILE,2013-01-01,2026-03-30,3280
INE810G01011,SHYAMMETL,2021-06-24,2026-03-30,1183
INE810H01019,OMNITECH,2013-01-01,2016-11-17,796
INE811A01020,KIRLPNU,2023-04-26,2026-03-30,728
INE811K01011,PRESTIGE,2013-01-01,2026-03-30,3280
INE812G01017,SMSPHARMA,2013-01-01,2015-12-17,714
INE812G01025,SMSPHARMA,2015-12-18,2026-03-30,2537
INE813A01018,MAHLIFE,2013-01-01,2026-03-30,3280
INE813H01021,TORNTPOWER,2013-01-01,2026-03-30,3280
INE813V01022,MCL,2020-08-19,2026-01-05,985
INE814H01011,ADANIPOWER,2013-01-01,2025-09-19,2945
INE814H01029,ADANIPOWER,2025-09-22,2026-03-30,129
INE816B01019,FILATEX,2013-01-01,2018-06-27,1145
INE816B01027,FILATEX,2018-06-28,2022-12-27,1114
INE816B01035,FILATEX,2022-12-28,2026-03-30,807
INE817A01019,MELSTAR,2013-01-01,2017-05-05,366
INE817H01014,BURNPUR,2013-01-01,2025-01-29,2074
INE818A01017,SELAN,2013-01-01,2025-09-19,3092
INE818A01017,ANTELOPUS,2025-09-22,2026-03-30,129
INE818B01023,PASUPTAC,2021-10-12,2026-03-30,958
INE818H01012,DAAWAT,2013-01-01,2017-02-07,1015
INE818H01020,DAAWAT,2017-02-08,2023-11-03,1669
INE818H01020,LTFOODS,2023-11-06,2026-03-30,596
INE818W01011,ESAFSFB,2023-11-10,2026-03-30,592
INE819B01021,JENSONICOL,2013-01-01,2017-11-08,1116
INE819L01012,ELGIRUBCO,2013-01-01,2026-03-30,2740
INE819V01029,CPPLUS,2025-08-05,2026-03-30,161
INE820Y01013,AJOONI,2021-05-07,2022-10-06,310
INE820Y01021,AJOONI,2022-10-07,2026-03-30,666
INE821I01014,IRB,2013-01-01,2023-02-21,2512
INE821I01022,IRB,2023-02-22,2026-03-30,768
INE822C01015,TCPLPACK,2017-10-17,2026-03-30,2095
INE822E01011,SUPREME,2025-02-03,2026-03-30,285
INE822G01016,ELECTHERM,2013-03-01,2026-03-30,2501
INE823A01017,KOTHARIPRO,2013-01-01,2026-03-30,2971
INE823G01014,JKCEMENT,2013-01-01,2026-03-30,3280
INE824B01021,BHUSANSTL,2013-01-01,2018-12-07,1468
INE824B01021,TATASTLBSL,2018-12-10,2021-08-05,601
INE824G01012,JINDALSWHL,2013-01-01,2013-07-29,146
INE824G01012,JSWHL,2013-07-30,2026-03-30,2992
INE824Q01011,MANAKSTEEL,2015-04-16,2026-03-30,2425
INE825A01012,VTL,2013-01-01,2022-03-24,2284
INE825A01020,VTL,2022-03-25,2026-03-30,996
INE825H01017,ESSDEE,2013-01-01,2019-05-27,1190
INE825V01034,MANYAVAR,2022-02-16,2026-03-30,1021
INE826A01028,ENTEGRA,2013-03-01,2013-08-14,51
INE826C01016,GUJAPOLLO,2013-01-01,2026-03-30,3038
INE828A01016,BIL,2013-03-01,2026-03-30,2646
INE828O01033,MITCON,2022-03-17,2026-03-30,889
INE829A01014,BIOFILCHEM,2019-11-22,2026-03-30,1258
INE830C01026,EMAMIPAP,2019-05-30,2026-03-30,1696
INE830Q01018,MANAKCOAT,2015-04-16,2026-03-30,2285
INE831A01028,MIRCELECTR,2013-01-01,2026-03-30,2701
INE831Q01016,MANAKINDST,2015-04-16,2017-11-22,482
INE831Q01016,BKMINDST,2017-11-23,2021-05-21,674
INE832A01018,MODIRUBBER,2024-03-11,2026-03-30,320
INE834I01025,KHADIM,2017-11-14,2026-03-30,1965
INE834M01019,IBIPL,2013-01-01,2014-11-19,361
INE834M01019,RTNINFRA,2014-11-20,2021-04-06,1364
INE834M01019,RTNINDIA,2021-04-07,2026-03-30,1150
INE835A01011,VARDMNPOLY,2013-01-01,2024-05-16,2159
INE835A01029,VARDMNPOLY,2024-05-17,2026-03-02,323
INE835B01035,MOLDTECH,2016-07-07,2026-03-30,2256
INE835D01023,HIRECT,2013-01-01,2026-03-30,3084
INE835G01018,ALLSEC,2013-03-01,2024-09-26,2662
INE835G01018,ALLDIGI,2024-09-27,2026-03-30,373
INE836A01035,KPIT,2013-01-01,2019-02-25,1523
INE836A01035,BSOFT,2019-02-26,2026-03-30,1757
INE836B01017,SATIN,2015-09-10,2026-03-30,2555
INE836F01026,DISHTV,2013-01-01,2026-03-30,3157
INE836H01014,MCDHOLDING,2013-01-01,2021-09-22,2009
INE837H01012,ADVENZYMES,2016-08-01,2017-05-25,202
INE837H01020,ADVENZYMES,2017-05-26,2026-03-30,2193
INE838B01013,BHARATRAS,2013-01-02,2025-12-11,3070
INE838B01021,BHARATRAS,2025-12-12,2026-03-30,73
INE838E01017,PONNIERODE,2013-03-01,2026-03-30,2999
INE839G01010,JOCIL,2013-01-01,2026-03-30,3241
INE839M01018,SCHNEIDER,2013-01-01,2026-02-23,3127
INE840D01015,ALPINEHOU,2013-01-01,2014-01-10,71
INE840M01016,ZUARI,2013-01-01,2026-03-30,3201
INE840Y01011,ONEPOINT,2019-05-09,2022-01-18,463
INE840Y01029,ONEPOINT,2022-01-19,2026-03-30,798
INE841B01017,INDBANK,2013-01-01,2026-03-30,2973
INE841C01015,PANASONIC,2013-01-01,2015-01-29,297
INE841L01016,DEEDEV,2024-06-26,2026-03-30,438
INE842C01013,MINDACORP,2013-03-01,2013-11-21,27
INE842C01021,MINDACORP,2015-01-06,2026-03-30,2783
INE843B01013,MAHAPEXLTD,2022-02-22,2026-03-30,840
INE843D01027,DCMSRIND,2021-12-24,2026-03-30,1048
INE843S01025,SURAJEST,2023-12-26,2026-03-30,505
INE844A01013,PEARLPOLY,2013-01-01,2026-03-30,2480
INE844K01012,BEDMUTHA,2013-01-01,2026-02-23,2784
INE844O01022,GUJGASLTD,2015-10-01,2019-01-15,813
INE844O01030,GUJGASLTD,2019-01-16,2026-03-30,1786
INE845C01016,SUBCAPCITY,2022-09-13,2023-01-04,48
INE845D01014,GANECOS,2015-03-09,2026-03-30,2741
INE846D01012,LORDSCHLO,2023-08-28,2026-03-30,399
INE846H01039,NCOPPER,2013-01-01,2015-10-19,529
INE847C01020,ROSSELLIND,2013-01-01,2026-03-30,2851
INE848A01014,LOGIXMICRO,2013-01-01,2015-05-14,484
INE848A01014,IZMO,2015-05-15,2026-02-23,2150
INE848E01016,NHPC,2013-01-01,2026-03-30,3280
INE849A01012,TRENT,2013-01-01,2016-09-12,914
INE849A01020,TRENT,2016-09-14,2026-03-30,2366
INE849C01026,SHALPAINTS,2013-01-01,2026-03-30,3157
INE849J01021,REISIXTEN,2013-01-01,2016-11-07,710
INE849L01019,ORTEL,2015-04-06,2019-09-23,949
INE850A01010,MAHINDUGIN,2013-01-01,2014-12-22,440
INE850D01014,GODREJAGRO,2017-10-16,2026-03-30,2096
INE850E01012,LFIC,2019-05-22,2026-03-30,1521
INE850M01015,NORTHARC,2024-09-24,2026-03-30,376
INE851B01016,SHLAKSHMI,2013-01-01,2015-07-10,391
INE851C01014,NEOCORP,2013-01-01,2014-06-12,360
INE851I01011,UDS,2023-10-04,2026-03-30,618
INE852F01015,GDL,2013-01-01,2022-01-04,2166
INE852O01025,APTUS,2021-08-24,2026-03-30,1142
INE854B01010,JAYNECOIND,2013-01-01,2026-03-30,2730
INE854D01016,MCDOWELL-N,2013-01-01,2018-06-15,1351
INE854D01024,MCDOWELL-N,2018-06-18,2024-06-06,1479
INE854D01024,UNITDSPR,2024-06-07,2026-03-30,450
INE854S01022,GENCON,2021-02-16,2026-03-30,1009
INE855B01025,RAINCOM,2013-01-01,2013-08-22,162
INE855B01025,RAIN,2013-08-23,2026-03-30,3040
INE855C01015,WEBELSOLAR,2013-01-01,2025-11-13,2655
INE855C01023,WEBELSOLAR,2025-11-14,2026-03-30,93
INE855F01034,BARTRONICS,2013-01-01,2019-09-09,1398
INE855F01042,ASMS,2023-03-01,2026-03-30,497
INE855R01021,RADIANTCMS,2023-01-04,2026-03-30,802
INE858B01029,ISGEC,2021-05-05,2026-03-30,1218
INE858F01012,NITCO,2013-01-01,2026-03-30,2901
INE859A01011,PNBGILTS,2013-01-01,2026-03-30,3280
INE859Q01017,MANAKALUCO,2015-04-16,2026-01-19,2264
INE860A01027,HCLTECH,2013-01-01,2026-03-30,3280
INE860T01019,SABEVENTS,2016-09-29,2023-05-03,886
INE861A01058,VISESHINFO,2013-03-01,2023-09-14,1268
INE861B01015,MOTOGENFIN,2013-01-01,2020-06-17,806
INE861B01023,MOTOGENFIN,2020-08-18,2026-03-30,1067
INE862A01015,LML,2013-01-01,2018-05-14,1288
INE862Y01015,BANKA,2020-10-29,2026-03-30,1110
INE863A01013,SOFTTECHGR,2013-01-01,2017-06-20,182
INE863B01011,PREMEXPLN,2016-06-17,2024-06-20,1719
INE863B01029,PREMEXPLN,2024-06-21,2026-03-30,379
INE863I01016,BANG,2013-01-01,2026-03-30,2618
INE863T01013,JITFINFRA,2023-11-22,2026-02-23,277
INE864B01027,UMANGDAIRY,2015-12-02,2025-06-26,2201
INE864I01014,MTARTECH,2021-03-15,2026-03-30,1251
INE864K01010,IRIS,2021-11-08,2026-03-30,708
INE864X01013,DPWIRES,2020-01-17,2026-03-30,1479
INE865C01022,BIRLAMONEY,2013-01-01,2026-03-30,2821
INE865T01018,PDMJEPAPER,2016-08-23,2026-03-30,2312
INE866K01015,INDOSOLAR,2013-01-01,2019-05-21,1220
INE866K01023,WAAREEINDO,2026-01-01,2026-01-05,3
INE866R01028,MATRIMONY,2017-09-21,2026-03-30,2112
INE867A01022,MANUGRAPH,2013-01-01,2026-03-30,2851
INE868B01028,NCC,2013-01-01,2026-03-30,3280
INE869I01013,GTPL,2017-07-04,2026-03-30,2167
INE869Y01010,TEMBO,2021-04-23,2026-03-30,840
INE870D01012,NFL,2013-01-01,2026-03-30,3280
INE870H01013,NETWORK18,2013-01-01,2026-03-30,3128
INE871B01014,ZICOM,2013-01-01,2020-11-27,1618
INE871C01012,AVANTI,2013-01-01,2015-01-29,391
INE871C01012,AVANTIFEED,2015-04-15,2015-11-26,155
INE871C01020,AVANTIFEED,2015-11-27,2018-06-26,640
INE871C01038,AVANTIFEED,2018-06-27,2026-03-30,1922
INE871H01011,GSS,2013-01-01,2026-03-30,2936
INE871K01015,HMVL,2013-01-01,2026-03-30,3213
INE871L01013,TVVISION,2016-09-29,2026-03-30,1118
INE872A01014,SREINFRA,2013-01-01,2022-05-24,2235
INE872H01019,LUMAXTECH,2013-01-01,2018-06-07,1344
INE872H01027,LUMAXTECH,2018-06-08,2026-03-30,1935
INE872J01023,DEVYANI,2021-08-16,2026-03-30,1147
INE873D01024,INDOCO,2013-01-01,2026-03-30,3280
INE874D01022,NEHAINT,2013-01-01,2015-01-29,403
INE874F01027,RADAAN,2013-01-01,2026-03-30,1804
INE874H01015,CANDC,2013-01-01,2019-02-25,1251
INE874I01013,RAMKY,2013-01-01,2026-03-30,3119
INE875A01025,IVRCLINFRA,2013-01-01,2019-06-06,1500
INE875G01030,NANDANEXIM,2013-01-01,2013-11-20,222
INE875G01030,NDL,2013-11-21,2024-09-10,2537
INE875G01048,NDL,2024-12-31,2026-03-30,310
INE875R01011,NIRVIKARA,2015-08-11,2016-09-02,263
INE875R01011,BALKRISHNA,2016-09-06,2026-03-30,1861
INE876N01018,ORIENTCEM,2013-07-26,2026-03-30,3136
INE877F01012,PTC,2013-01-01,2026-03-30,3238
INE877I01016,ARCHIDPLY,2013-01-01,2026-03-30,2770
INE877V01027,SURAKSHA,2024-12-06,2026-03-30,326
INE878A01011,AIL,2013-01-01,2016-09-12,914
INE878A01011,GEPIL,2016-09-14,2025-08-26,2163
INE878A01011,GVPIL,2025-08-28,2026-02-23,123
INE878B01027,KEI,2013-01-01,2026-03-30,3280
INE878C01033,GEMINI,2013-01-01,2018-02-06,914
INE878E01021,SETCO,2016-07-01,2026-03-30,1853
INE878H01016,INVENTURE,2013-01-01,2021-06-24,1903
INE878H01024,INVENTURE,2021-06-25,2026-03-30,1091
INE878I01014,BAFNAPHARM,2013-01-01,2019-05-31,1534
INE878I01022,BAFNAPH,2020-03-17,2026-03-30,412
INE878K01010,BFINVEST,2013-01-01,2026-03-30,3264
INE879A01019,SHREERAMA,2013-01-01,2026-03-30,2011
INE879E01037,KANANIIND,2013-01-01,2026-03-30,2662
INE879I01012,DBREALTY,2013-01-01,2026-03-30,2860
INE880B01015,ANSALHSG,2013-01-01,2022-10-12,2224
INE880J01026,JSWINFRA,2023-10-03,2026-03-30,619
INE880L01014,KIOCL,2017-03-01,2026-03-30,2201
INE880Y01017,SOLEX,2025-10-08,2026-03-30,118
INE881D01027,OFSS,2013-01-01,2026-03-30,3280
INE882A01013,MARALOVER,2013-01-01,2026-03-30,3193
INE883A01011,MRF,2013-01-01,2026-03-30,3280
INE883F01010,AADHARHFC,2024-05-15,2026-03-30,467
INE883G01018,SGFL,2013-01-02,2014-02-28,46
INE883N01014,PARAGMILK,2016-05-19,2026-03-30,2446
INE884A01019,VAIBHAVGBL,2013-03-01,2021-05-07,1966
INE884A01027,VAIBHAVGBL,2021-05-10,2026-03-30,1215
INE884B01025,KIRLFER,2019-11-13,2023-10-25,983
INE885A01032,AMARAJABAT,2013-01-01,2023-10-26,2678
INE885A01032,ARE&M,2023-10-27,2026-03-30,602
INE885E01034,MAZDA,2016-11-01,2025-01-20,1971
INE885E01042,MAZDA,2025-05-19,2026-03-30,217
INE885F01015,MASKINVEST,2024-04-08,2026-03-30,131
INE885H01011,SPORTKING,2022-08-24,2024-09-12,510
INE885H01029,SPORTKING,2024-09-13,2026-03-30,383
INE886A01014,IITL,2013-01-01,2026-03-30,2110
INE886D01026,EFCIL,2025-08-20,2026-03-30,151
INE886G01011,FAME,2013-01-01,2013-06-26,97
INE886H01027,TV18BRDCST,2013-01-01,2024-10-15,2853
INE887D01016,TCC,2026-02-25,2026-03-30,22
INE887E01022,NGLFINE,2022-07-08,2026-03-30,830
INE887G01027,GOKEX,2013-01-01,2026-03-30,3158
INE888B01018,PODDARHOUS,2017-04-10,2023-10-27,1336
INE888C01040,SADHNANIQ,2023-05-05,2026-03-30,527
INE889E01010,PIONDIST,2013-03-01,2023-01-05,1963
INE889I01011,TAKSHEEL,2013-01-01,2013-08-22,162
INE889J01019,EDSERV,2013-01-01,2013-12-09,235
INE890A01016,JMCPROJECT,2013-01-01,2018-10-04,1414
INE890A01024,JMCPROJECT,2018-10-05,2023-01-10,1058
INE890C01046,SANWARIA,2013-01-01,2020-09-11,1764
INE890I01035,FARMAXIND,2013-01-01,2017-03-06,647
INE891A01014,DSKULKARNI,2013-01-01,2018-03-20,1128
INE891B01012,DCMFINSERV,2018-06-22,2026-03-16,722
INE891D01026,REDINGTON,2013-01-01,2026-03-30,3279
INE892H01017,GTOFFSHORE,2013-01-01,2017-06-21,1106
INE893I01013,VASCONEQ,2013-01-01,2026-03-30,3175
INE893J01011,MOLDTKPAC,2015-02-23,2016-02-17,246
INE893J01029,MOLDTKPAC,2016-02-18,2026-03-30,2505
INE894F01025,INDIABULLS,2013-01-01,2013-03-18,55
INE894V01022,BELRISE,2025-05-28,2026-03-30,210
INE895B01021,RUPA,2013-01-01,2026-03-30,3164
INE895W01019,PANACHE,2020-01-06,2026-02-23,892
INE896L01010,INDOSTAR,2018-05-21,2026-03-30,1578
INE898F01018,SIMPLEX,2013-01-01,2018-09-24,1279
INE898S01029,MAJESCO,2015-09-02,2021-10-21,1462
INE898S01029,AURUM,2021-10-22,2026-03-30,859
INE899A01017,ZENITHINFO,2013-01-01,2014-11-20,291
INE899L01022,MBSWITCH,2013-01-01,2013-09-20,182
INE899L01022,UJAAS,2013-09-23,2023-11-02,1964
INE899L01030,UEL,2026-02-01,2026-03-30,40
INE900B01029,KABRAEXTRU,2013-01-01,2026-03-30,3216
INE900C01027,ASAL,2013-01-01,2026-03-30,2795
INE900K01012,ASTERSILI,2013-06-17,2013-08-21,36
INE900K01012,SHRIASTER,2014-02-24,2016-05-19,449
INE900L01010,MBAPL,2019-08-22,2026-03-30,1092
INE901L01018,APLLTD,2013-01-01,2026-03-30,3280
INE902B01017,S&SPOWER,2020-04-07,2026-02-19,414
INE903A01025,JAYKAY,2025-12-03,2026-03-30,80
INE903D01011,MONARCH,2022-01-06,2026-03-30,1049
INE903U01023,SIGNATURE,2023-09-27,2026-03-30,622
INE904D01019,PDPL,2013-03-01,2021-10-28,1507
INE904G01020,RASOYPR,2013-03-01,2013-03-21,15
INE904G01038,RASOYPR,2013-03-22,2017-08-07,929
INE904H01010,TECPRO,2013-01-01,2015-02-20,434
INE904J01016,JINDCOT,2013-01-01,2019-09-09,1409
INE905P01028,BCP,2019-08-19,2023-04-28,769
INE906O01029,TIGERLOGS,2025-09-18,2026-03-30,131
INE907A01026,KSL,2013-01-01,2026-03-30,3269
INE908D01010,SHAKTIPUMP,2013-01-01,2026-03-30,2903
INE908V01012,LIBAS,2019-07-23,2026-03-30,1472
INE910C01018,TTKHEALTH,2013-01-01,2014-12-23,489
INE910C01018,TTKHLTCARE,2015-12-02,2026-03-30,2558
INE910H01017,CAIRN,2013-01-01,2017-04-25,1066
INE911B01018,TCIFINANCE,2013-01-01,2026-03-30,2159
INE912H01013,MBLINFRA,2013-01-01,2026-03-30,2743
INE912L01015,ONELIFECAP,2013-01-01,2026-03-30,2399
INE912T01018,RPEL,2024-08-08,2026-03-30,408
INE913H01037,ENDURANCE,2016-10-19,2026-03-30,2343
INE914E01024,ALANKIT,2015-06-30,2015-09-23,61
INE914E01032,ALANKIT,2015-09-24,2016-12-15,301
INE914E01040,ALANKIT,2016-12-16,2026-03-30,2134
INE914M01019,ASTERDM,2018-02-26,2026-03-30,2005
INE915B01019,INDSWFTLAB,2013-01-01,2026-03-30,2902
INE915K01010,AHLWEST,2013-01-01,2021-10-22,1998
INE916G01016,GEECEE,2013-01-01,2026-03-30,3198
INE916U01025,SFL,2016-12-09,2026-03-30,2307
INE916Y01019,AFIL,2024-07-10,2025-04-16,191
INE916Y01027,AFIL,2025-04-17,2026-03-05,221
INE917H01012,SRHHYPOLTD,2013-03-01,2026-03-30,3122
INE917I01010,BAJAJ-AUTO,2013-01-01,2026-03-30,3280
INE917M01012,DBL,2016-08-11,2026-03-30,2387
INE918I01018,BAJAJFINSV,2013-01-01,2022-09-13,2401
INE918I01026,BAJAJFINSV,2022-09-14,2026-03-30,879
INE918N01018,VETO,2015-04-29,2026-03-30,2609
INE918Z01012,KAYNES,2022-11-22,2026-03-30,833
INE919H01018,IMFA,2013-01-01,2026-03-30,3218
INE919I01016,RADIOCITY,2017-03-17,2019-02-20,480
INE919I01024,RADIOCITY,2019-02-21,2026-03-30,1637
INE920A01011,DOLPHINOFF,2013-01-01,2019-08-22,1642
INE920A01029,DOLPHIN,2023-09-04,2023-09-06,3
INE920A01037,DOLPHIN,2024-04-15,2026-03-30,225
INE920K01010,KBIL,2013-01-01,2015-07-08,532
INE921B01025,DBSTOCKBRO,2013-01-01,2026-03-30,2642
INE922A01025,BEPL,2013-01-02,2026-03-30,3166
INE922B01023,PANACEABIO,2013-01-01,2026-03-30,3213
INE922K01024,INDIASHLTR,2023-12-20,2026-03-30,565
INE923A01015,SILINV,2013-01-01,2026-03-30,2770
INE924A01013,SALORAINTL,2013-01-01,2019-04-16,1029
INE924D01017,FORTUNEFIN,2017-08-02,2018-07-24,244
INE924D01017,THEINVEST,2018-07-25,2026-03-30,1707
INE924H01018,TARMAT,2013-01-01,2026-03-05,2810
INE925C01016,MADHAV,2013-01-01,2026-03-30,2991
INE925R01014,CMSINFO,2021-12-31,2026-03-30,1053
INE925Y01010,GODHA,2020-12-24,2022-01-27,96
INE925Y01036,GODHA,2022-06-21,2025-10-16,358
INE925Y01036,AURIGROW,2025-10-17,2026-03-30,49
INE926K01017,AHLEAST,2013-01-01,2026-03-30,3117
INE926X01010,HGINFRA,2018-03-09,2026-03-30,1997
INE927A01040,ROLLT,2016-11-22,2026-01-12,1188
INE927C01020,SMOBILITY,2013-01-01,2014-08-18,379
INE927C01020,SPICEMOBI,2014-08-19,2019-06-06,1162
INE927C01020,DIGISPICE,2019-09-17,2026-03-30,1140
INE927D01010,JBMA,2013-01-01,2014-09-08,290
INE927D01028,JBMA,2014-11-13,2022-02-21,1803
INE927D01044,JBMA,2022-02-22,2025-01-30,667
INE927D01051,JBMA,2025-01-31,2026-03-30,287
INE928B01012,EMPEESUG,2013-01-01,2014-11-03,267
INE928K01013,AANJANEYA,2013-01-01,2013-08-30,168
INE928K01013,DRDATSONS,2013-09-02,2015-05-21,370
INE930H01015,KPRMILL,2013-01-01,2016-11-29,940
INE930H01023,KPRMILL,2016-11-30,2021-09-24,1195
INE930H01031,KPRMILL,2021-09-27,2026-03-30,1119
INE930P01018,ANURAS,2021-03-24,2026-03-30,1244
INE931S01010,ADANITRANS,2015-08-14,2023-08-23,1801
INE931S01010,ADANIENSOL,2023-08-24,2026-03-30,645
INE932A01024,PENIND,2013-01-01,2026-03-30,3264
INE932C01012,TOKYOPLAST,2013-01-01,2026-03-30,3014
INE932G01021,GLODYNE,2013-01-01,2014-11-05,416
INE932X01018,SHAREINDIA,2020-09-21,2024-06-26,934
INE932X01026,SHAREINDIA,2024-06-27,2026-03-30,437
INE933A01014,LYKALABS,2013-01-01,2026-03-30,2989
INE933B01012,MEGASOFT,2013-01-01,2025-11-06,2293
INE933B01012,SIGMAADV,2026-02-09,2026-03-24,31
INE933J01015,ARROWTEX,2013-01-01,2020-01-01,1580
INE933K01021,BAJAJCORP,2013-01-01,2019-01-14,1493
INE933K01021,BAJAJCON,2019-01-15,2026-03-30,1787
INE933S01016,INDIAMART,2019-07-04,2026-03-30,1672
INE933X01016,SHANTI,2021-09-16,2026-03-30,758
INE934B01028,MERCATOR,2013-01-01,2022-05-24,1906
INE934S01014,GNA,2016-10-10,2026-03-30,2348
INE935A01035,GLENMARK,2013-01-01,2026-03-30,3280
INE935B01025,MOSCHIP,2025-02-05,2026-03-30,283
INE935N01012,DIXON,2017-09-18,2021-03-18,868
INE935N01020,DIXON,2021-03-19,2026-03-30,1247
INE935O01010,SFCL,2013-11-07,2017-03-30,767
INE935Q01015,FSC,2017-12-18,2022-11-21,1139
INE936B01015,NATCAPSUQ,2025-02-14,2026-03-30,236
INE937A01023,SPMLINFRA,2013-01-01,2026-03-30,2497
INE937C01029,NILAINFRA,2015-05-21,2026-03-30,2437
INE938A01021,LCCINFOTEC,2013-01-01,2026-03-12,1080
INE938C01019,LAKSHMIMIL,2013-03-01,2015-01-29,356
INE939A01011,STAR,2013-01-01,2026-03-30,3270
INE939D01015,HARITASEAT,2013-01-01,2021-04-09,1881
INE939X01013,MANBA,2024-10-15,2026-03-30,362
INE940H01014,PGIL,2013-01-01,2023-10-20,2596
INE940H01022,PGIL,2024-01-20,2026-03-30,535
INE941E01019,MARG,2013-01-01,2015-01-29,409
INE942C01045,GUJTHEM,2025-02-25,2026-03-30,269
INE942G01012,MCLEODRUSS,2013-01-01,2026-03-30,2755
INE943B01011,SOUISPAT,2013-06-14,2014-09-08,194
INE943B01029,SOUISPAT,2014-10-10,2015-01-29,55
INE943C01027,LANCOIN,2013-01-01,2014-12-16,473
INE943C01027,SRIPIPES,2014-12-17,2022-01-12,1752
INE943D01017,MPSLTD,2013-03-01,2026-03-30,3237
INE943P01029,AGARWALEYE,2025-02-04,2026-03-30,284
INE944B01019,TODAYS,2013-01-01,2018-02-06,580
INE944F01028,RADICO,2013-01-01,2026-03-30,3280
INE945H01013,V2RETAIL,2013-03-01,2026-03-24,2331
INE945H01021,V2RETAIL,2026-03-25,2026-03-30,3
INE946H01037,VIPUL,2013-01-01,2015-01-29,355
INE946H01037,VIPULLTD,2015-04-23,2026-01-05,2158
INE947A01014,SUNFLAG,2013-01-01,2026-03-30,3221
INE947I01017,LOTUSEYE,2013-01-01,2026-03-30,2689
INE947J01015,DEN,2013-01-01,2026-03-30,3224
INE947N01017,AEQUS,2025-12-10,2026-03-30,75
INE947Q01010,LAURUSLABS,2016-12-19,2020-09-29,937
INE947Q01028,LAURUSLABS,2020-09-30,2026-03-30,1364
INE947T01022,GICL,2026-03-23,2026-03-30,5
INE948A01012,TRIGYN,2013-01-01,2026-03-30,3027
INE949H01015,MANINFRA,2013-01-01,2014-08-28,414
INE949H01023,MANINFRA,2014-09-01,2026-03-30,2866
INE949L01017,AUBANK,2017-07-10,2026-03-30,2163
INE949P01018,GENUSPAPER,2015-03-02,2026-03-30,2607
INE950G01015,UNIPLY,2013-01-01,2018-06-25,1015
INE950G01023,UNIPLY,2018-06-26,2020-09-11,491
INE950I01011,DBCORP,2013-01-01,2026-03-30,3221
INE950M01013,MONTECARLO,2014-12-19,2026-03-30,2794
INE951D01010,ATULAUTO,2013-06-26,2014-09-12,238
INE951D01028,ATULAUTO,2014-09-15,2026-03-30,2799
INE951I01019,VGUARD,2013-01-01,2016-08-30,906
INE951I01027,VGUARD,2016-08-31,2026-03-30,2374
INE952A01022,HINDNATGLS,2013-01-01,2025-09-02,1981
INE952D01018,BILPOWER,2013-01-01,2018-05-17,863
INE952H01019,RAJTV,2013-01-01,2014-03-25,256
INE952H01027,RAJTV,2014-03-26,2026-03-30,2213
INE953C01018,NRC,2013-01-01,2013-12-10,131
INE953E01014,KSE,2013-01-01,2014-01-10,152
INE953L01027,JSFB,2024-02-14,2026-03-30,527
INE953O01021,SANSERA,2021-09-24,2026-03-30,1120
INE953R01016,PNGJL,2024-09-17,2026-03-30,381
INE954E01012,MOHITIND,2013-03-14,2026-03-30,2728
INE955D01029,GENUSPOWER,2013-01-01,2026-03-30,3152
INE955I01036,SEZAL,2013-01-01,2017-12-01,604
INE955I01044,SEJALLTD,2022-04-05,2026-03-30,189
INE955V01021,ARVINDFASN,2019-03-25,2026-03-30,1740
INE956G01038,WABAG,2013-01-01,2026-03-30,3254
INE956O01016,LENSKART,2025-11-10,2026-03-30,97
INE959A01019,ADI,2015-05-08,2017-01-18,423
INE959A01019,FAIRCHEM,2017-01-19,2020-10-13,913
INE959A01019,PRIVISCL,2020-10-14,2026-03-30,1355
INE959C01023,OAL,2019-07-11,2026-03-30,1667
INE961D01019,UNIDT,2020-09-25,2026-03-30,1367
INE961O01016,RAINBOW,2022-05-10,2026-03-30,967
INE962C01027,EASTSILK,2013-03-01,2022-06-14,1558
INE962Y01013,IRCON,2018-09-28,2020-04-07,374
INE962Y01021,IRCON,2020-04-08,2026-03-30,1485
INE963C01033,FAZE3Q,2022-11-18,2026-02-23,812
INE964B01033,ALCHEM,2013-01-01,2020-12-16,1336
INE964H01014,SHRIRAMEPC,2013-01-01,2022-03-08,2171
INE964H01014,SEPC,2022-03-09,2026-03-30,1007
INE964W01013,MKPL,2023-06-13,2023-11-09,103
INE964W01021,MKPL,2023-11-10,2026-03-30,275
INE965A01016,VISUINTL,2013-01-01,2017-04-10,500
INE965B01022,HYBRIDFIN,2022-12-13,2026-03-30,275
INE965H01011,SITICABLE,2013-01-01,2016-08-16,870
INE965H01011,SITINET,2016-08-17,2023-06-06,1230
INE965W01036,BMWVENTLTD,2025-10-16,2026-03-30,112
INE966A01022,DOLAT,2019-08-19,2021-12-17,580
INE966A01022,DOLATALGO,2021-12-20,2026-03-30,1062
INE966H01019,ZEENEWS,2013-03-01,2013-07-29,103
INE966H01019,ZEEMEDIA,2013-07-30,2026-02-23,2743
INE967C01018,KAMATHOTEL,2013-01-01,2026-03-30,3026
INE967H01017,KIMS,2021-06-28,2024-09-12,798
INE967H01025,KIMS,2024-09-13,2026-03-30,383
INE968D01022,ARSHIYA,2013-01-01,2023-12-13,2205
INE968G01033,PROVOGE,2013-01-01,2019-10-24,1458
INE970D01010,LOYALTEX,2022-08-11,2026-02-11,677
INE970N01019,NGCT,2013-11-28,2016-08-24,552
INE970N01027,SPCENET,2017-01-24,2026-03-30,809
INE970X01018,LEMONTREE,2018-04-09,2026-03-30,1978
INE972X01014,VAISHALI,2020-01-15,2024-10-14,1071
INE972X01022,VAISHALI,2024-10-15,2026-03-30,294
INE973A01010,GOLDENTOBC,2013-01-01,2022-06-14,1566
INE974B01016,CHEVIOT,2022-06-20,2026-03-30,938
INE974C01022,JUMPNET,2019-08-19,2021-12-21,582
INE974C01022,WINPRO,2021-12-22,2023-04-28,315
INE974H01013,MEGH,2013-01-01,2021-05-17,1995
INE974X01010,TIINDIA,2017-11-16,2026-03-30,2074
INE974Z01015,PRITI,2022-03-02,2026-03-30,873
INE975A01015,ELDERPHARM,2013-01-01,2015-11-20,654
INE975G01012,IL&FSTRANS,2013-01-01,2019-03-29,1545
INE976A01021,WSTCSTPAPR,2013-01-01,2026-03-30,3250
INE976E01023,FOODSIN,2021-11-16,2026-03-30,963
INE976G01028,RBLBANK,2016-08-31,2026-03-30,2374
INE976I01016,TATACAP,2025-10-13,2026-03-30,115
INE976R01017,AGIIL,2024-07-15,2025-02-06,144
INE976R01025,AGIIL,2025-02-07,2025-10-09,165
INE976R01033,AGIIL,2025-10-10,2026-03-30,116
INE976T01013,SAGARDEEP,2019-01-25,2026-03-30,1140
INE977Y01011,BCONCEPTS,2022-01-11,2026-03-30,613
INE978A01019,HERITGFOOD,2013-03-01,2017-10-10,1138
INE978A01027,HERITGFOOD,2017-10-11,2026-03-30,2099
INE978G01016,SPLIL,2013-01-01,2026-03-30,3017
INE979A01017,SAREGAMA,2013-01-01,2022-04-26,2072
INE979A01025,SAREGAMA,2022-04-27,2026-03-30,965
INE979R01011,SHYAMCENT,2015-08-11,2026-03-30,2156
INE980A01023,NUCENT,2013-06-14,2013-09-10,58
INE980A01023,PRESSMN,2013-09-11,2023-06-06,2298
INE980O01024,JYOTICNC,2024-01-16,2026-03-30,547
INE980Y01015,SOUTHWEST,2019-04-18,2026-03-30,1280
INE981B01011,CMICABLES,2016-11-29,2023-04-19,1432
INE982B01019,ADFFOODS,2013-01-01,2023-09-08,2647
INE982B01027,ADFFOODS,2023-09-11,2026-03-30,633
INE982F01028,HATHWAY,2013-01-01,2015-01-06,498
INE982F01036,HATHWAY,2015-01-07,2026-03-30,2706
INE982J01020,PAYTM,2021-11-18,2026-03-30,1083
INE982V01017,JETFREIGHT,2021-12-21,2022-05-19,102
INE982V01025,JETFREIGHT,2022-05-20,2026-03-30,708
INE985A01022,SINCLAIR,2024-04-10,2026-03-30,489
INE985S01024,TEAMLEASE,2016-02-12,2026-03-30,2509
INE985W01018,CREATIVE,2019-08-05,2025-12-09,1412
INE985W01018,CNL,2025-12-10,2026-03-30,75
INE987B01018,NATCOPHARM,2013-01-01,2015-11-26,692
INE987B01026,NATCOPHARM,2015-11-27,2026-03-30,2562
INE987C01024,CLASSIC,2013-03-01,2014-01-16,124
INE987S01020,KSHINTL,2025-12-23,2026-03-30,66
INE988A01026,ASIL,2013-01-03,2017-08-02,196
INE988C01014,DHARSUGAR,2013-01-01,2022-05-24,1822
INE988E01010,JMTAUTOLTD,2013-01-01,2015-06-25,439
INE988E01028,JMTAUTOLTD,2015-06-26,2016-09-21,306
INE988E01036,JMTAUTOLTD,2016-09-22,2021-10-22,982
INE988K01017,EQUITAS,2016-04-21,2023-02-02,1685
INE988S01028,PARKHOTELS,2024-02-12,2026-03-30,529
INE989A01024,SANGHVIMOV,2013-01-01,2024-09-26,2820
INE989A01032,SANGHVIMOV,2024-09-27,2026-03-30,373
INE989C01012,DIAPOWER,2013-01-01,2018-04-30,1296
INE989C01020,DIACABS,2023-10-04,2024-10-03,5
INE989C01038,DIACABS,2025-01-13,2026-03-30,257
INE990B01012,KEMROCK,2013-03-01,2016-05-20,630
INE991I01015,ASPINWALL,2017-08-23,2026-03-30,2130
INE992B01026,LAKSHMIEFL,2013-01-01,2018-08-16,1310
INE992I01013,STARTECK,2022-05-04,2026-03-30,733
INE993A01026,MANINDS,2013-01-01,2026-03-30,3208
INE995D01025,CHEMBOND,2019-11-20,2026-03-30,1506
INE995S01015,NIVABUPA,2024-11-14,2026-03-30,340
INE997Y01019,MITTAL,2020-04-29,2023-10-31,710
INE997Y01027,MITTAL,2023-11-01,2026-03-30,527
INE998H01012,ORIENTALTL,2013-01-01,2026-03-30,2254
INE998I01010,MHRIL,2013-01-01,2026-03-30,3280
INE999A01015,KSBPUMPS,2013-01-01,2018-10-22,1436
INE999A01015,KSB,2018-10-23,2024-07-24,1426
INE999A01023,KSB,2024-07-25,2026-03-30,418
INE999B01013,SANGHIIND,2013-01-01,2026-03-30,2984
INE999K01014,GREENPOWER,2013-01-01,2026-03-30,2826
INF082J01010,QGOLDHALF,2013-01-01,2021-12-16,2217
INF082J01028,QNIFTY,2013-01-01,2026-02-12,2777
INF082J01408,QGOLDHALF,2021-12-17,2026-03-30,1063
INF082J01499,QNIFTY,2026-02-13,2026-03-30,30
INF0QA701714,BANKBETF,2024-01-29,2026-03-30,539
INF0QA701722,NIFTYBETF,2024-01-29,2026-03-30,539
INF0QA701854,LIQUIDBETF,2024-06-03,2026-03-30,453
INF0R8F01034,LIQUIDCASE,2024-01-24,2026-03-30,541
INF0R8F01042,GOLDCASE,2024-03-01,2026-03-30,515
INF0R8F01059,MID150CASE,2024-06-19,2026-03-30,443
INF0R8F01067,TOP100CASE,2024-06-19,2026-03-30,443
INF0R8F01091,SILVERCASE,2025-03-26,2026-03-30,250
INF0R8F01133,LTGILTCASE,2025-08-20,2026-03-30,151
INF0R8F01141,SML100CASE,2025-09-12,2026-03-30,135
INF0R8F01166,NIFTYCASE,2025-10-20,2026-03-30,110
INF109K012R6,NIFETF,2013-04-05,2014-05-02,213
INF109K012R6,INIFTY,2014-05-05,2016-07-22,547
INF109K012R6,NIFTYIWIN,2016-07-25,2018-04-09,423
INF109K012R6,ICICINIFTY,2018-04-10,2023-12-19,1412
INF109K012R6,NIFTYIETF,2023-12-20,2026-03-30,565
INF109K01FV4,IPGETF,2013-01-01,2014-05-02,332
INF109K01FV4,IGOLD,2014-05-05,2016-06-09,518
INF109K1A021,CASHIETF,2025-03-19,2026-03-30,254
INF109K1A153,EVIETF,2025-04-15,2026-03-30,239
INF109K1A344,TOP15IETF,2025-07-02,2026-03-30,185
INF109KA1962,ICCNX100,2013-08-27,2014-05-02,80
INF109KA1962,ICNX100,2014-05-05,2016-07-22,516
INF109KA1962,NIF100IWIN,2016-07-25,2018-04-09,423
INF109KA1962,ICICINF100,2018-04-10,2023-12-19,1411
INF109KA1962,NIF100IETF,2023-12-20,2024-05-09,95
INF109KB10T8,LOWVOLIWIN,2017-07-11,2018-04-09,81
INF109KB10T8,ICICILOVOL,2018-04-10,2023-12-19,1410
INF109KB10T8,LOWVOLIETF,2023-12-20,2024-02-29,50
INF109KB15Y7,BHARATIWIN,2017-11-28,2018-04-18,96
INF109KB15Y7,ICICIB22,2018-04-19,2026-03-30,1970
INF109KB1WF4,IGOLD,2016-06-10,2016-07-22,30
INF109KB1WF4,GOLDIWIN,2016-07-25,2018-04-09,423
INF109KB1WF4,ICICIGOLD,2018-04-10,2018-11-15,150
INF109KB1WY5,INV20,2016-06-28,2016-07-11,4
INF109KB1WY5,NV20IWIN,2016-07-26,2018-04-09,302
INF109KB1WY5,ICICINV20,2018-04-10,2023-12-19,1412
INF109KB1WY5,NV20IETF,2023-12-20,2024-02-29,50
INF109KB1XT3,IMIDCAP,2016-07-11,2016-07-22,9
INF109KB1XT3,MIDCAPIWIN,2016-07-25,2018-04-09,420
INF109KB1XT3,ICICIMCAP,2018-04-10,2023-12-19,1412
INF109KB1XT3,MIDSELIETF,2023-12-20,2024-05-09,95
INF109KC10S8,PSUBANKICI,2023-03-21,2023-12-19,185
INF109KC10S8,PSUBNKIETF,2023-12-20,2026-03-30,565
INF109KC10V2,AUTOIETF,2024-03-01,2026-03-30,515
INF109KC10W0,MIDSELIETF,2024-05-10,2026-03-30,470
INF109KC11V0,NV20IETF,2024-03-01,2026-03-30,515
INF109KC11W8,MIDCAPIETF,2024-05-10,2026-03-30,470
INF109KC14A8,ICICI5GSEC,2022-03-10,2023-12-19,436
INF109KC14A8,GSEC5IETF,2023-12-20,2026-03-30,562
INF109KC15I8,ICICIBANKN,2022-09-02,2023-12-19,322
INF109KC15I8,BANKIETF,2023-12-20,2026-03-30,565
INF109KC15T5,ICICIQTY30,2023-08-10,2023-12-19,88
INF109KC15T5,QUAL30IETF,2023-12-20,2024-05-09,95
INF109KC16E5,ICICIINFRA,2022-08-23,2023-12-19,329
INF109KC16E5,INFRAIETF,2023-12-20,2026-03-30,565
INF109KC16I6,ICICITECH,2022-09-02,2023-12-19,322
INF109KC16I6,ITIETF,2023-12-20,2026-03-30,565
INF109KC16V9,NIF100IETF,2024-05-10,2026-03-30,470
INF109KC16X5,VAL30IETF,2024-10-22,2026-03-30,357
INF109KC17C7,ICICIMOM30,2022-08-10,2023-12-19,337
INF109KC17C7,MOM30IETF,2023-12-20,2026-03-30,565
INF109KC17L8,ICICIFIN,2022-11-30,2023-12-19,262
INF109KC17L8,FINIETF,2023-12-20,2026-03-30,565
INF109KC17V7,ALPL30IETF,2024-05-10,2026-03-30,470
INF109KC18O0,ICICI10GS,2022-12-19,2023-12-19,181
INF109KC18O0,GSEC10IETF,2023-12-20,2026-03-30,528
INF109KC18U7,PVTBANIETF,2024-03-01,2026-03-30,515
INF109KC18V5,QUAL30IETF,2024-05-10,2026-03-30,470
INF109KC18W3,OILIETF,2024-07-24,2026-03-30,419
INF109KC19O8,ICICICOMMO,2022-12-21,2023-12-19,246
INF109KC19O8,COMMOIETF,2023-12-20,2026-03-30,565
INF109KC19U5,LOWVOLIETF,2024-03-01,2026-03-30,515
INF109KC19V3,FMCGIETF,2024-05-10,2026-03-30,470
INF109KC19W1,METALIETF,2024-08-20,2026-03-30,401
INF109KC1CZ3,ICICI500,2018-05-16,2021-10-28,855
INF109KC1E27,IPRU5008,2019-07-15,2019-07-18,4
INF109KC1E27,ICICIBANKN,2019-07-19,2022-09-01,774
INF109KC1E35,ICICIBANKP,2019-08-14,2023-12-19,1079
INF109KC1E35,PVTBANIETF,2023-12-20,2024-02-29,50
INF109KC1G82,ICICIM150,2020-01-28,2023-12-19,968
INF109KC1G82,MIDCAPIETF,2023-12-20,2024-05-09,95
INF109KC1JI4,ICICINXT50,2018-08-31,2018-11-14,46
INF109KC1KT9,ICICILIQ,2018-09-26,2023-12-19,1277
INF109KC1KT9,LIQUIDIETF,2023-12-20,2026-03-30,565
INF109KC1N59,ICICIALPLV,2020-08-18,2023-12-19,830
INF109KC1N59,ALPL30IETF,2023-12-20,2024-05-09,95
INF109KC1N67,ICICITECH,2020-08-20,2022-09-01,506
INF109KC1NS5,ICICINXT50,2018-11-16,2023-12-19,1262
INF109KC1NS5,NEXT50IETF,2023-12-20,2026-03-30,565
INF109KC1NT3,ICICIGOLD,2018-11-16,2023-12-19,1262
INF109KC1NT3,GOLDIETF,2023-12-20,2026-03-30,565
INF109KC1Q72,ICICIPHARM,2021-05-25,2023-12-19,640
INF109KC1Q72,HEALTHIETF,2023-12-20,2026-03-30,565
INF109KC1R48,ICICIFMCG,2021-08-10,2023-12-19,586
INF109KC1R48,FMCGIETF,2023-12-20,2024-05-09,95
INF109KC1V42,ICICICONSU,2021-11-02,2023-12-19,529
INF109KC1V42,CONSUMIETF,2023-12-20,2026-03-30,565
INF109KC1V59,ICICI500,2021-10-29,2023-12-19,531
INF109KC1V59,BSE500IETF,2023-12-20,2026-03-30,565
INF109KC1Y49,ICICIAUTO,2022-01-18,2023-12-19,476
INF109KC1Y49,AUTOIETF,2023-12-20,2024-02-29,50
INF109KC1Y56,ICICISILVE,2022-01-31,2023-12-19,468
INF109KC1Y56,SILVERIETF,2023-12-20,2026-03-30,565
INF174K014P6,KOTAKNIFTY,2017-07-28,2024-03-19,1647
INF174K014P6,NIFTY1,2024-03-20,2026-03-30,502
INF174K01518,KOTAKNIFTY,2013-01-01,2017-07-27,1130
INF174K01F59,KOTAKBKETF,2014-12-11,2024-03-19,2298
INF174K01F59,BANKNIFTY1,2024-03-20,2026-02-26,482
INF174K01Z71,KTKNV20ETF,2015-12-09,2015-12-18,8
INF174K01Z71,KOTAKNV20,2015-12-21,2024-03-19,1956
INF174K01Z71,NV20,2024-03-20,2026-02-26,482
INF174KA1GC5,KOTAKIT,2021-03-05,2024-03-19,754
INF174KA1GC5,IT,2024-03-20,2026-03-30,502
INF174KA1HJ8,KOTAKGOLD,2021-07-23,2024-04-15,677
INF174KA1HJ8,GOLD1,2024-04-16,2026-03-30,486
INF174KA1IA5,KOTAKALPHA,2021-12-29,2024-03-19,553
INF174KA1IA5,ALPHA,2024-03-20,2026-03-30,502
INF174KA1IB3,KOTAKMID50,2022-02-04,2024-03-19,527
INF174KA1IB3,MIDCAP,2024-03-20,2026-02-26,482
INF174KA1IY5,KOTAKLOVOL,2022-03-29,2024-03-19,492
INF174KA1IY5,LOWVOL1,2024-03-20,2026-03-30,502
INF174KA1JE5,KOTAKCONS,2022-08-04,2024-03-19,389
INF174KA1JE5,CONS,2024-03-20,2026-02-26,482
INF174KA1JF2,KOTAKMNC,2022-08-16,2024-03-19,397
INF174KA1JF2,MNC,2024-03-20,2026-03-30,502
INF174KA1KU9,KOTAKSILVE,2022-12-14,2024-04-15,329
INF174KA1KU9,SILVER1,2024-04-16,2026-02-26,466
INF174KA1LV5,KOTAKLIQ,2023-02-01,2024-03-19,222
INF174KA1LV5,LIQUID1,2024-03-20,2026-03-30,502
INF174KA1UW4,NIFTY100EW,2025-03-04,2026-03-30,265
INF174KA1VD2,MSCIINDIA,2025-02-27,2026-03-30,268
INF174KA1VW2,MID150,2025-03-28,2026-03-30,248
INF174KA1WT6,QUALITY,2025-07-18,2025-07-18,1
INF174KA1WT6,QUALITY30,2025-07-21,2026-03-30,172
INF174KA1XS6,MOMENTUM30,2025-10-17,2026-03-30,111
INF174KA1XV0,CHEMICAL,2025-11-19,2026-03-30,90
INF174KA1YO3,NEXT50ETF,2026-01-14,2026-03-30,51
INF174KA1ZB7,BANKNIFTY1,2026-02-27,2026-03-30,20
INF174KA1ZC5,MIDCAP,2026-02-27,2026-03-30,20
INF174KA1ZD3,SILVER1,2026-02-27,2026-03-30,20
INF174KA1ZE1,NV20,2026-02-27,2026-03-30,20
INF174KA1ZF8,CONS,2026-02-27,2026-03-30,20
INF179K01CN1,HDFCMFGETF,2013-01-01,2021-02-18,2014
INF179KB1KP3,HDFCNIFETF,2015-12-16,2021-02-18,1282
INF179KB1KQ1,HDFCSENETF,2015-12-16,2021-02-18,1023
INF179KC1965,HDFCNIFETF,2021-02-19,2023-06-15,574
INF179KC1965,HDFCNIFTY,2023-06-16,2026-03-30,692
INF179KC1973,HDFCSENETF,2021-02-19,2023-06-15,574
INF179KC1973,HDFCSENSEX,2023-06-16,2024-02-01,157
INF179KC1981,HDFCMFGETF,2021-02-19,2023-06-15,574
INF179KC1981,HDFCGOLD,2023-06-16,2026-03-30,692
INF179KC1AN8,HBANKETF,2020-08-28,2023-06-15,695
INF179KC1AN8,HDFCNIFBAN,2023-06-16,2024-02-01,157
INF179KC1DA9,HDFCNEXT50,2022-08-11,2023-10-19,294
INF179KC1DB7,HDFCNIF100,2022-08-11,2023-10-19,294
INF179KC1DI2,HDFCSILVER,2022-09-07,2026-03-30,884
INF179KC1DJ0,HDFCGROWTH,2022-09-29,2026-03-30,868
INF179KC1DK8,HDFCVALUE,2022-09-29,2026-03-30,867
INF179KC1DL6,HDFCQUAL,2022-09-29,2026-03-30,867
INF179KC1DM4,HDFCMOMENT,2022-10-17,2023-10-19,249
INF179KC1DN2,HDFCLOWVOL,2022-10-17,2023-10-19,241
INF179KC1DW3,HDFCPVTBAN,2022-11-22,2024-02-01,296
INF179KC1DX1,HDFCNIFIT,2022-11-22,2024-02-01,298
INF179KC1EZ4,HDFCBSE500,2023-02-21,2026-03-30,769
INF179KC1FA4,HDFCMID150,2023-02-21,2023-10-19,163
INF179KC1FB2,HDFCSML250,2023-02-21,2026-03-30,769
INF179KC1HE2,HDFCLIQUID,2023-08-31,2025-02-27,369
INF179KC1HR4,HDFCNIF100,2023-10-20,2026-03-30,606
INF179KC1HS2,HDFCNEXT50,2023-10-20,2026-03-30,606
INF179KC1HT0,HDFCMID150,2023-10-20,2026-03-30,606
INF179KC1HU8,HDFCLOWVOL,2023-10-20,2026-03-30,606
INF179KC1HV6,HDFCMOMENT,2023-10-20,2026-03-30,606
INF179KC1HW4,HDFCPSUBK,2024-02-07,2026-03-30,532
INF179KC1HX2,HDFCSENSEX,2024-02-02,2026-03-30,535
INF179KC1HY0,HDFCNIFBAN,2024-02-02,2026-03-30,535
INF179KC1HZ7,HDFCPVTBAN,2024-02-02,2026-03-30,535
INF179KC1IA8,HDFCNIFIT,2024-02-02,2026-03-30,535
INF179KC1JG3,HDFCLIQUID,2025-02-28,2026-03-30,267
INF194KA1U07,IDFNIFTYET,2016-10-18,2026-03-30,2235
INF194KB1KI9,SILVERBND,2025-12-12,2026-03-30,73
INF194KB1KJ7,GOLDBND,2025-12-12,2026-03-30,73
INF1J2R01015,AONETOTAL,2025-03-05,2026-03-30,264
INF1J2R01056,AONELIQUID,2025-03-28,2026-03-30,248
INF1J2R01064,AONENIFTY,2025-05-28,2026-03-30,210
INF1J2R01114,AONEGOLD,2025-09-10,2026-03-30,137
INF1J2R01148,AONETMMQ50,2025-11-27,2026-03-30,84
INF1J2R01171,AONESILVER,2026-03-02,2026-03-30,19
INF200K01099,SBIGETS,2013-01-01,2015-11-23,716
INF200K01099,SETFGOLD,2015-11-24,2022-01-06,1516
INF200KA13Z8,LIQUIDSBI,2023-11-02,2026-03-30,596
INF200KA1580,SETFBANK,2015-03-25,2015-11-23,148
INF200KA1580,SETFNIFBK,2015-11-24,2026-03-30,2560
INF200KA1598,SETFNIFJR,2015-03-27,2015-11-23,106
INF200KA1598,SETFNN50,2015-11-26,2026-03-30,2539
INF200KA16D8,SETFGOLD,2022-01-07,2026-03-30,1048
INF200KA1FS1,SETFNIFTY,2015-07-27,2015-11-23,78
INF200KA1FS1,SETFNIF50,2015-11-24,2026-03-30,2564
INF200KA1JT1,SETF10GILT,2016-06-23,2026-03-30,1959
INF200KA1S14,SBIETFIT,2020-10-22,2026-03-30,1349
INF200KA1S22,SBIETFPB,2020-10-22,2026-03-30,1349
INF200KA1WX6,SBIETFQLTY,2018-12-17,2026-03-30,1807
INF200KA1X17,SBIETFCON,2021-07-29,2026-03-30,1159
INF200KB1217,SBISILVER,2024-07-08,2026-03-30,430
INF200KB1282,SBINEQWETF,2024-07-23,2026-03-30,420
INF200KB1712,SBIBPB,2025-03-27,2026-03-30,249
INF200KB1969,SBILIQETF,2025-08-13,2026-03-30,153
INF200KB1AJ0,SBIMIDMOM,2026-03-06,2026-03-30,16
INF204K014N5,RELCNX100,2013-03-28,2019-10-29,1470
INF204K014N5,NETFNIF100,2019-10-30,2022-05-09,627
INF204K014N5,NIF100BEES,2022-05-10,2026-03-30,967
INF204KA17D8,RELNV20,2015-06-24,2019-10-29,695
INF204KA17D8,NETFNV20,2019-10-30,2019-12-19,36
INF204KA1EU6,RELNIFTY,2013-11-27,2016-11-02,657
INF204KA1LD7,RELCONS,2014-04-22,2019-10-29,1232
INF204KA1LD7,NETFCONSUM,2019-10-30,2022-05-09,628
INF204KA1LD7,CONSUMBEES,2022-05-10,2026-03-30,967
INF204KA1MS3,RELDIVOPP,2014-05-22,2019-10-29,1106
INF204KA1MS3,NETFDIVOPP,2019-10-30,2022-05-09,628
INF204KA1MS3,DIVOPPBEES,2022-05-10,2026-03-30,967
INF204KB14I2,NIFTYBEES,2019-12-20,2026-03-30,1559
INF204KB15I9,BANKBEES,2019-12-20,2026-03-30,1559
INF204KB15V2,NETFIT,2020-07-01,2022-05-09,462
INF204KB15V2,ITBEES,2022-05-10,2026-03-30,967
INF204KB16I7,PSUBNKBEES,2019-12-20,2026-03-30,1559
INF204KB17I5,GOLDBEES,2019-12-20,2026-03-30,1559
INF204KB1882,RRSLGETF,2016-07-14,2019-10-29,607
INF204KB1882,NETFLTGILT,2019-10-30,2022-05-09,628
INF204KB1882,LTGILTBEES,2022-05-10,2026-03-30,967
INF204KB18I3,NETFNV20,2019-12-20,2022-05-09,592
INF204KB18I3,NV20BEES,2022-05-10,2026-03-30,967
INF204KB18W4,NCPSESDL24,2020-11-18,2022-05-09,361
INF204KB18W4,SDL24BEES,2022-05-10,2024-09-25,589
INF204KB19I1,HNGSNGBEES,2019-12-20,2026-03-30,1558
INF204KB1V68,RETFMID150,2019-02-04,2019-10-29,175
INF204KB1V68,NETFMID150,2019-10-30,2022-05-09,628
INF204KB1V68,MID150BEES,2022-05-10,2026-03-30,967
INF204KC1022,NETFSDL26,2021-03-31,2022-05-09,270
INF204KC1022,SDL26BEES,2022-05-10,2026-03-30,960
INF204KC1030,NETFGILT5Y,2021-04-08,2022-05-09,264
INF204KC1030,GILT5YBEES,2022-05-10,2026-03-30,967
INF204KC1089,NETFPHARMA,2021-07-07,2022-05-09,207
INF204KC1089,PHARMABEES,2022-05-10,2026-03-30,967
INF204KC1337,NETFAUTO,2022-01-25,2022-05-09,69
INF204KC1337,AUTOBEES,2022-05-10,2026-03-30,967
INF204KC1402,NETFSILVER,2022-02-07,2022-05-09,61
INF204KC1402,SILVERBEES,2022-05-10,2026-03-30,967
INF204KC1EZ3,SNXT30BEES,2025-06-13,2026-03-30,198
INF204KC1FU1,LIQGRWBEES,2025-07-25,2026-03-30,168
INF204KC1GH6,MANUFGBEES,2025-08-29,2026-03-30,145
INF205K01361,RELIGAREGO,2013-01-01,2016-06-22,854
INF205K01361,IVZINGOLD,2016-06-23,2026-03-30,2328
INF205K01DA9,RELGRNIFTY,2013-01-01,2016-06-22,483
INF205K01DA9,IVZINNIFTY,2016-06-23,2026-03-30,1782
INF209K01HT2,BSLGOLDETF,2013-01-01,2021-11-25,2171
INF209K01IR4,BSLNIFTY,2013-01-01,2021-11-25,2048
INF209KB10C2,HEALTHY,2021-10-28,2026-03-30,1097
INF209KB10E8,BSLSENETFG,2021-11-26,2026-03-30,1078
INF209KB1119,BSLSENETFG,2021-10-06,2021-11-25,34
INF209KB11D8,TECH,2021-11-03,2026-03-30,1093
INF209KB14K7,MOMENTUM,2022-08-19,2026-03-30,896
INF209KB15K4,NIFTYQLITY,2022-08-19,2026-03-30,896
INF209KB16D7,ABSLNN50ET,2021-11-26,2026-03-30,1078
INF209KB17D5,ABSLBANETF,2021-11-26,2026-03-30,1078
INF209KB18D3,BSLGOLDETF,2021-11-26,2026-03-30,1078
INF209KB18T9,ABSLLIQUID,2023-03-16,2026-03-30,733
INF209KB19D1,BSLNIFTY,2021-11-26,2026-03-30,1078
INF209KB19F6,SILVER,2022-02-03,2026-03-30,1030
INF209KB19Z4,ABSLPSE,2024-05-23,2026-03-30,461
INF209KB1B87,ABSLNN50ET,2018-12-27,2021-11-25,661
INF209KB1O58,ABSLBANETF,2019-10-30,2021-11-25,502
INF209KC1134,ABGSEC,2024-07-10,2026-03-30,407
INF209KC1142,GSEC10ABSL,2024-08-19,2026-03-27,287
INF209KC1662,ABSLMSCIN,2026-02-20,2026-03-30,25
INF209KC1670,ABSL10BANK,2026-03-04,2026-03-30,18
INF247L01015,M50,2013-01-01,2014-10-16,444
INF247L01023,M100,2013-01-01,2021-06-15,2091
INF247L01023,MOM100,2021-06-16,2026-03-30,1189
INF247L01031,N100,2013-01-01,2021-06-15,2090
INF247L01031,MON100,2021-06-16,2021-06-17,2
INF247L01072,MGOLD,2013-01-01,2015-03-25,552
INF247L01536,M50,2014-10-17,2021-06-15,1647
INF247L01536,MOM50,2021-06-16,2026-03-30,1189
INF247L01AK4,G5,2020-12-16,2021-06-15,122
INF247L01AK4,MOGSEC,2021-06-16,2026-03-30,1189
INF247L01AP3,MON100,2021-06-18,2026-03-30,1187
INF247L01AU3,MONQ50,2021-12-29,2026-03-30,1055
INF247L01AX7,MOMOMENTUM,2022-02-17,2022-08-11,120
INF247L01BA3,MOLOWVOL,2022-03-30,2022-08-11,92
INF247L01BB1,MOHEALTH,2022-08-04,2026-03-30,905
INF247L01BE5,MOVALUE,2022-08-26,2026-03-30,887
INF247L01BH8,MOQUALITY,2022-08-26,2026-03-30,846
INF247L01BK2,MOMOMENTUM,2022-08-12,2026-03-30,900
INF247L01BL0,MOLOWVOL,2022-08-12,2026-03-30,900
INF247L01BU1,MONIFTY500,2023-10-06,2026-03-30,616
INF247L01CH6,MOSMALL250,2024-03-21,2026-03-30,501
INF247L01CI4,MOREALTY,2024-03-21,2026-03-30,501
INF247L01DJ0,MODEFENCE,2024-08-27,2026-03-30,396
INF247L01DK8,MOMENTUM50,2024-09-30,2026-03-30,372
INF247L01EV3,MOCAPITAL,2025-03-13,2026-03-30,258
INF247L01FC0,MON50EQUAL,2025-05-07,2026-03-30,224
INF247L01FD8,MONEXT50,2025-05-14,2026-03-30,220
INF247L01FK3,MOMGF,2025-05-28,2026-03-30,208
INF247L01FL1,MOINFRA,2025-05-21,2026-03-30,215
INF247L01FO5,MOPSE,2025-06-05,2026-03-30,201
INF247L01FP2,MOTOUR,2025-06-12,2026-03-30,199
INF247L01FQ0,MOMIDMTM,2025-07-03,2026-03-30,184
INF247L01FR8,MOALPHA50,2025-07-10,2026-03-30,179
INF247L01FY4,MOGOLD,2025-07-31,2026-03-30,164
INF247L01FZ1,MOSILVER,2025-08-14,2026-03-30,153
INF247L01GG9,MONIFTY100,2025-10-16,2026-03-30,112
INF247L01GH7,MOENERGY,2025-10-16,2026-03-30,112
INF247L01GI5,MOIPO,2025-11-20,2026-03-30,88
INF247L01GJ3,MOSERVICE,2025-11-27,2026-03-30,84
INF247L01GK1,MOMNC,2025-12-04,2026-03-30,78
INF251K01SU9,BBNPPGOLD,2023-12-19,2026-03-30,564
INF251K01TL6,BBNPNBETF,2024-06-24,2026-03-30,440
INF277K010X4,NPBET,2019-09-09,2026-03-30,1623
INF277K015R5,NETF,2019-01-07,2026-03-30,1730
INF277KA1364,TNIDETF,2022-04-08,2026-03-30,986
INF277KA1976,TATAGOLD,2024-01-17,2026-03-30,546
INF277KA1984,TATSILV,2024-01-17,2026-03-30,546
INF2F0001370,TWCGOLDETF,2026-01-02,2026-03-30,59
INF2KCX01012,CHOICEGOLD,2025-11-10,2026-03-30,97
INF336L01RX2,HSBCGOLD,2026-03-27,2026-03-30,2
INF346A01034,SPICE,2014-07-30,2014-08-12,6
INF346A01034,ISENSEX,2014-08-18,2016-07-20,167
INF346A01034,SENSEXIWIN,2016-07-25,2018-04-09,345
INF346A01034,ICICISENSX,2018-04-10,2023-12-19,1412
INF346A01034,SENSEXIETF,2023-12-20,2026-03-30,565
INF373I01015,KOTAKGOLD,2013-01-01,2015-04-13,563
INF373I01023,KOTAKPSUBK,2013-01-01,2024-03-19,2777
INF373I01023,PSUBANK,2024-03-20,2026-03-30,502
INF373I01049,KOTAKGOLD,2015-04-15,2021-07-22,1554
INF397L01554,IDBIGOLD,2013-01-01,2023-07-28,2601
INF397L01554,LICMFGOLD,2023-07-31,2026-03-05,646
INF457M01133,CPSEETF,2014-04-04,2026-03-30,2964
INF579M01019,IIFLNIFTY,2013-01-01,2015-07-22,631
INF579M01BB5,GOLD360,2025-03-17,2026-03-30,257
INF579M01BC3,SILVER360,2025-04-04,2026-03-30,244
INF582M01KS4,UNIONGOLD,2025-02-21,2026-03-30,271
INF666M01FS5,IBMFNIFTY,2019-05-08,2023-10-25,1107
INF666M01IH2,GROWEV,2024-08-12,2024-08-22,8
INF666M01IH2,GROWWEV,2024-08-23,2026-03-30,398
INF666M01IO8,GROWWDEFNC,2024-10-11,2026-03-30,364
INF666M01IP5,GROWWLIQID,2024-09-26,2026-03-30,374
INF666M01IW1,GROWWGOLD,2024-10-24,2026-02-05,320
INF666M01JJ6,GROWWRAIL,2025-02-07,2026-03-30,281
INF666M01JV1,GROWWN200,2025-02-28,2026-03-30,267
INF666M01KJ4,GROWWMOM50,2025-04-24,2026-03-30,233
INF666M01LA1,GROWWSLVR,2025-05-23,2026-02-05,178
INF666M01LB9,GROWWLOVOL,2025-06-17,2026-03-30,196
INF666M01LI4,GROWWNET,2025-07-03,2026-03-30,184
INF666M01LL8,GROWWNIFTY,2025-07-22,2026-03-30,171
INF666M01LM6,GROWWPOWER,2025-08-07,2026-03-30,159
INF666M01LZ8,GROWWNXT50,2025-08-26,2026-03-30,147
INF666M01MM4,GROWWCAPM,2025-12-04,2026-03-30,79
INF666M01MN2,GROWWRLTY,2025-10-09,2026-03-30,117
INF666M01MO0,GROWWSC250,2025-10-30,2026-03-30,103
INF666M01MV5,GROWWMC150,2025-11-17,2026-03-30,92
INF666M01NI0,GROWWMETAL,2025-12-23,2026-03-30,66
INF666M01NP5,GROWWCHEM,2026-01-16,2026-03-30,50
INF666M01NQ3,GROWWPSE,2026-02-11,2026-03-30,32
INF666M01OD9,GROWWHOSPI,2026-03-05,2026-03-30,17
INF666M01OE7,GROWWGOLD,2026-02-06,2026-03-30,35
INF666M01OF4,GROWWSLVR,2026-02-06,2026-03-30,35
INF666M01OG2,GROWWPSUBK,2026-03-27,2026-03-30,2
INF680P01422,LIQUIDSHRI,2024-07-09,2026-03-30,429
INF732E01011,NIFTYBEES,2013-01-01,2019-12-19,1721
INF732E01037,LIQUIDBEES,2013-01-01,2026-03-30,3280
INF732E01045,JUNIORBEES,2013-01-01,2026-03-30,3280
INF732E01078,BANKBEES,2013-01-01,2019-12-19,1721
INF732E01102,GOLDBEES,2013-01-01,2019-12-19,1721
INF732E01110,PSUBNKBEES,2013-01-01,2019-12-19,1721
INF732E01128,SHARIABEES,2013-01-01,2026-03-30,3047
INF732E01227,HNGSNGBEES,2013-01-01,2019-12-19,1623
INF732E01268,INFRABEES,2013-01-01,2026-03-30,3270
INF733I01010,RELGOLD,2013-01-01,2016-11-02,948
INF733I01028,RELBANK,2013-01-01,2016-11-02,930
INF740KA1CL0,DSPN50ETF,2021-12-30,2024-02-14,527
INF740KA1CL0,NIFTY50ADD,2024-02-15,2025-12-12,454
INF740KA1CL0,NIFTYADD,2025-12-15,2026-03-30,72
INF740KA1EU7,LIQUIDETF,2018-03-20,2026-03-30,1989
INF740KA1QK2,DSPNEWETF,2021-11-12,2024-02-14,561
INF740KA1QK2,EQUAL50ADD,2024-02-15,2026-03-30,526
INF740KA1QL0,DSPQ50ETF,2021-12-30,2024-02-14,528
INF740KA1QL0,MIDQ50ADD,2024-02-15,2026-03-30,526
INF740KA1RE3,DSPSILVETF,2022-08-25,2024-02-14,365
INF740KA1RE3,SILVERADD,2024-02-15,2026-03-30,526
INF740KA1RX3,DSPBANKETF,2023-01-06,2024-02-14,274
INF740KA1RX3,BANKETFADD,2024-02-15,2025-12-12,454
INF740KA1RX3,BANKADD,2025-12-15,2026-03-30,72
INF740KA1SW3,DSPGOLDETF,2023-05-05,2024-02-14,196
INF740KA1SW3,GOLDETFADD,2024-02-15,2025-12-12,454
INF740KA1SW3,GOLDADD,2025-12-15,2026-03-30,72
INF740KA1SX1,DSPITETF,2023-07-13,2024-02-14,148
INF740KA1SX1,ITETFADD,2024-02-15,2025-12-12,454
INF740KA1SX1,ITADD,2025-12-15,2026-03-30,72
INF740KA1SY9,DSPPSBKETF,2023-08-02,2024-02-14,134
INF740KA1SY9,PSUBANKADD,2024-02-15,2026-03-30,526
INF740KA1SZ6,DSPSENXETF,2023-08-02,2024-02-14,131
INF740KA1SZ6,SENSEXADD,2024-02-15,2026-03-30,526
INF740KA1TA7,DSPPVBKETF,2023-08-02,2024-02-14,134
INF740KA1TA7,PVTBANKADD,2024-02-15,2026-03-30,526
INF740KA1UF4,HEALTHADD,2024-02-07,2026-03-30,531
INF740KA1UM0,LIQUIDADD,2024-04-03,2026-03-30,494
INF740KA1UR9,TOP10ADD,2024-09-11,2026-03-30,385
INF740KA1VE5,NEXT30ADD,2025-02-05,2026-03-30,283
INF740KA1WU9,FLEXIADD,2025-10-16,2026-03-30,112
INF740KA1WV7,MSCIADD,2025-12-01,2026-03-30,82
INF740KA1WW5,MIDCAPADD,2025-12-18,2026-03-30,69
INF740KA1WX3,SMALLADD,2025-12-18,2026-03-30,69
INF740KA1XU7,NEXT50ADD,2026-01-09,2026-03-30,54
INF740KA1YH2,BANK10ADD,2026-03-12,2026-03-30,12
INF754K01EK3,NIFTYEES,2015-05-14,2021-09-29,875
INF754K01EL1,EBANK,2015-12-21,2023-08-01,870
INF754K01EM9,EQ30,2016-05-30,2021-09-30,1137
INF754K01KN4,EBBETF0423,2020-01-02,2023-04-11,814
INF754K01KO2,EBBETF0430,2020-01-02,2026-03-30,1551
INF754K01LD3,EBBETF0425,2020-07-29,2025-04-08,1168
INF754K01LE1,EBBETF0431,2020-07-29,2026-03-30,1409
INF754K01OB1,BBETF0432,2021-12-17,2026-03-30,1063
INF754K01QX0,EBBETF0433,2022-12-16,2026-03-30,815
INF754K01SE6,EGOLD,2023-11-10,2026-03-30,592
INF754K01SF3,ESILVER,2023-11-24,2026-03-30,582
INF754K01TE4,EBANKNIFTY,2024-09-16,2026-03-30,382
INF754K01TF1,EMULTIMQ,2024-11-07,2026-03-30,345
INF754K01TX4,ECAPINSURE,2025-01-06,2026-03-30,306
INF754K01VV4,ELM250,2025-09-09,2026-03-30,138
INF754K01VW2,ELIQUID,2025-10-10,2026-03-30,100
INF754K01VX0,ENIFTY,2025-11-27,2026-03-30,84
INF754K01VY8,ESENSEX,2025-11-27,2026-03-30,83
INF760K01BR1,CRMFGETF,2013-01-02,2019-11-06,1059
INF767K01MV5,LICNMFET,2015-01-01,2015-12-29,220
INF767K01MV5,LICNETFGSC,2015-12-30,2026-03-30,2473
INF767K01OS7,LICNFENGP,2015-12-07,2015-12-23,2
INF767K01OS7,LICNETFN50,2016-01-15,2026-03-30,2338
INF767K01OT5,LICNETFSEN,2016-08-03,2026-03-30,1854
INF767K01PC8,LICNFNHGP,2016-05-26,2026-03-30,2026
INF767K01RN1,LICNMID100,2024-02-19,2026-03-30,524
INF767K01SM1,LICMFGOLD,2026-03-06,2026-03-30,16
INF769K01EG9,MAN50ETF,2018-11-28,2023-08-31,1160
INF769K01EG9,NIFTYETF,2023-09-01,2026-03-30,639
INF769K01FN2,MANXT50,2020-01-31,2023-08-31,891
INF769K01FN2,NEXT50,2023-09-01,2026-03-30,639
INF769K01GS9,MAESGETF,2020-11-24,2023-08-31,687
INF769K01GS9,ESG,2023-09-01,2026-03-30,639
INF769K01HF4,MAFANG,2021-05-14,2026-03-30,1212
INF769K01HI8,MAFSETF,2021-08-05,2023-08-31,515
INF769K01HI8,BFSI,2023-09-01,2026-03-30,639
INF769K01HP3,MASPTOP50,2021-09-24,2026-03-30,1120
INF769K01HS7,MAHKTECH,2021-12-10,2026-03-30,1068
INF769K01IB1,MAMFGETF,2022-02-02,2023-08-31,392
INF769K01IB1,MAKEINDIA,2023-09-01,2026-03-30,639
INF769K01IC9,MAM150ETF,2022-03-15,2023-08-31,364
INF769K01IC9,MIDCAPETF,2023-09-01,2026-03-30,639
INF769K01JP9,MAGOLDETF,2023-02-24,2023-08-31,127
INF769K01JP9,GOLDETF,2023-09-01,2026-03-30,639
INF769K01JU9,MANV30F,2023-03-31,2023-08-31,96
INF769K01JU9,LOWVOL,2023-09-01,2026-03-30,633
INF769K01KF8,MAGS813ETF,2023-04-10,2023-08-30,75
INF769K01KF8,GSEC10YEAR,2023-09-04,2026-03-30,626
INF769K01KG6,MASILVER,2023-06-15,2023-08-31,54
INF769K01KG6,SILVRETF,2023-09-01,2025-09-12,505
INF769K01KG6,SILVERAG,2025-09-15,2026-03-30,134
INF769K01KR3,BANKETF,2023-07-26,2026-03-30,665
INF769K01KS1,LIQUID,2023-07-31,2026-03-30,662
INF769K01KT9,SENSEXETF,2023-10-06,2026-03-30,616
INF769K01KU7,ALPHAETF,2023-10-27,2026-03-30,602
INF769K01KV5,ITETF,2023-10-27,2026-03-30,602
INF769K01LC3,SMALLCAP,2024-02-29,2026-03-30,516
INF769K01LJ8,MIDSMALL,2024-05-28,2026-03-30,458
INF769K01LQ3,EVINDIA,2024-07-16,2026-03-30,424
INF769K01LX9,MULTICAP,2024-09-05,2026-03-30,389
INF769K01LY7,METAL,2024-10-09,2026-03-30,366
INF769K01LZ4,BANKPSU,2024-10-08,2026-03-30,367
INF769K01MY5,LIQUIDPLUS,2024-11-13,2026-03-30,341
INF769K01NS5,CONSUMER,2025-01-01,2026-03-30,309
INF769K01OA1,EQUAL200,2025-03-17,2026-03-30,257
INF769K01ON4,SELECTIPO,2025-03-17,2026-03-30,257
INF769K01OO2,EQUAL50,2025-05-15,2026-03-30,216
INF769K01PB6,INTERNET,2025-07-08,2026-03-30,181
INF769K01PQ4,SMALL250,2025-11-13,2026-03-30,94
INF769K01PR2,ENERGY,2025-11-13,2026-03-30,94
INF769K01PY8,DIVIDEND,2025-12-19,2026-03-30,68
INF769K01PZ5,TOP20,2025-12-19,2026-03-30,68
INF769K01QA6,HEALTHCARE,2026-02-16,2026-03-30,29
INF769K01QB4,INFRA,2026-02-18,2026-03-30,27
INF769K01QC2,DEFENCE,2026-02-19,2026-03-30,26
INF769K01QV2,VALUE,2026-03-27,2026-03-30,2
INF789F01059,GOLDSHARE,2013-01-01,2021-03-25,2038
INF789F1AHR6,UTISXN50,2019-03-13,2021-02-18,392
INF789F1AUN8,UTIBANKETF,2020-09-04,2021-02-18,116
INF789F1AUU3,UTISXN50,2021-02-19,2025-12-23,1201
INF789F1AUU3,SNXT50BETA,2025-12-24,2026-03-30,65
INF789F1AUV1,UTIBANKETF,2021-02-19,2025-12-23,1201
INF789F1AUV1,BANKBETA,2025-12-24,2026-03-30,65
INF789F1AUW9,UTINEXT50,2021-03-26,2025-12-23,1177
INF789F1AUW9,NEXT50BETA,2025-12-24,2026-03-30,65
INF789F1AUX7,GOLDSHARE,2021-03-26,2025-12-23,1177
INF789F1AUX7,GOLDBETA,2025-12-24,2026-03-30,65
INF789F1AYK6,SILVERETF,2023-04-20,2025-12-23,667
INF789F1AYK6,SILVERBETA,2025-12-24,2026-03-30,65
INF789F1AYX9,NIFMID150,2023-09-05,2025-12-23,571
INF789F1AYX9,MIDCAPBETA,2025-12-24,2026-03-30,65
INF789F1AZC0,UTINIFTETF,2023-09-25,2025-12-23,559
INF789F1AZC0,NIFTYBETA,2025-12-24,2026-03-30,65
INF789F1AZD8,NIFITETF,2024-02-01,2025-12-23,470
INF789F1AZD8,ITBETA,2025-12-24,2026-03-30,65
INF789F1AZE6,NIF5GETF,2024-02-05,2025-12-23,447
INF789F1AZE6,GILT5BETA,2025-12-24,2026-03-30,64
INF789F1AZF3,NIF10GETF,2024-02-05,2025-12-23,465
INF789F1AZF3,GILT10BETA,2025-12-24,2026-03-30,65
INF789FB1X41,UTINIFTETF,2015-09-03,2023-09-22,1956
INF789FB1X58,UTISENSETF,2015-09-03,2025-12-23,2449
INF789FB1X58,SENSEXBETA,2025-12-24,2026-03-30,65
INF789FC1N82,UTINEXT50,2017-08-08,2021-03-25,898
INF846K010Q0,AXSENSEX,2023-03-29,2026-03-30,744
INF846K011K1,AXISILVER,2022-09-27,2026-03-30,870
INF846K01347,AXISGOLD,2013-01-01,2020-07-23,1868
INF846K016C7,AXISCETF,2021-09-23,2026-03-30,1121
INF846K01W80,AXISGOLD,2020-07-27,2026-03-30,1411
INF846K01W98,AXISNIFTY,2020-07-27,2026-03-30,1411
INF846K01X63,AXISBNKETF,2020-11-09,2026-03-30,1337
INF846K01Y96,AXISTECETF,2021-03-31,2026-03-30,1240
INF846K01Z04,AXISBPSETF,2021-05-18,2026-03-30,1210
INF846K01Z12,AXISHCETF,2021-05-21,2026-03-30,1207
INF846K01ZL0,AXISNIFTY,2017-07-10,2020-07-23,736
INF846KA1119,AXISVALUE,2025-03-20,2026-03-30,254
INF959L01HI3,NAVINIFTY,2023-09-25,2024-11-28,292
