identity_id,canonical_symbol,canonical_rule,alias_symbol,is_membership_symbol,is_current_nse_symbol,first_seen,last_seen,observed_isins,all_aliases
ID_002a63361f67,805NMC29,lexicographic_fallback,0503260317,False,False,,,,0503260317;805NMC29
ID_002a63361f67,805NMC29,lexicographic_fallback,805NMC29,False,False,,,,0503260317;805NMC29
ID_003b3e2c7f45,JUBLINGREA,unique_current_nse_symbol,JUBLINGREA,True,True,2021-04-06,2026-03-30,INE0BY001018,JUBLINGREA
ID_00475ea131ca,DYCL,unique_current_nse_symbol,DYCL,False,True,2022-07-27,2026-03-30,INE600Y01019,DYCL
ID_005de3d888bd,TANLA,unique_current_nse_symbol,TANLA,True,True,2013-01-01,2026-03-30,INE483C01032,TANLA
ID_006128f954aa,ABCOTS,unique_current_nse_symbol,ABCOTS,False,True,2025-09-24,2026-03-30,INE08PH01015,ABCOTS
ID_006e30d4478e,INDIAMART,unique_current_nse_symbol,INDIAMART,True,True,2019-07-04,2026-03-30,INE933S01016,INDIAMART
ID_006f0c34c8bd,HTMT,lexicographic_fallback,HINDUJAFIN,False,False,,,,HINDUJAFIN;HTMT
ID_006f0c34c8bd,HTMT,lexicographic_fallback,HTMT,False,False,,,,HINDUJAFIN;HTMT
ID_007403030c12,MADHAVIPL,unique_current_nse_symbol,MADHAVIPL,False,True,,,,MADHAVIPL
ID_008148113b5a,ESILVER,latest_observed_symbol,ESILVER,False,False,2023-11-24,2026-03-30,INF754K01SF3,ESILVER
ID_008170f1b80b,MADHAV,unique_current_nse_symbol,MADHAV,False,True,2013-01-01,2026-03-30,INE925C01016,MADHAV
ID_009be05039a9,AVANTIFEED,unique_current_nse_symbol,AVANTI,False,False,2013-01-01,2015-01-29,INE871C01012,AVANTI;AVANTIFEED
ID_009be05039a9,AVANTIFEED,unique_current_nse_symbol,AVANTIFEED,True,True,2015-04-15,2026-03-30,INE871C01012;INE871C01020;INE871C01038,AVANTI;AVANTIFEED
ID_00ac0e4fb738,CSLFINANCE,unique_current_nse_symbol,CSLFINANCE,False,True,2022-07-21,2026-03-30,INE718F01018,CSLFINANCE
ID_00ba7b71d570,SGL,unique_current_nse_symbol,SGL,False,True,2013-01-01,2026-03-30,INE353H01010,SGL
ID_00c886408ac6,THANGAMAYL,unique_current_nse_symbol,THANGAMAYL,False,True,2013-03-01,2026-03-30,INE085J01014,THANGAMAYL
ID_00e4486a61d7,SOMATEX,unique_current_nse_symbol,SOMATEX,False,True,2013-01-01,2025-07-15,INE314C01013,SOMATEX
ID_00f3420bdf04,SKYWAYS,unique_current_nse_symbol,SKYWAYS,False,True,,,,SKYWAYS
ID_00f3f0bbb9fb,PSUBNKIETF,latest_observed_symbol,PSUBANKICI,False,False,2023-03-21,2023-12-19,INF109KC10S8,PSUBANKICI;PSUBNKIETF
ID_00f3f0bbb9fb,PSUBNKIETF,latest_observed_symbol,PSUBNKIETF,False,False,2023-12-20,2026-03-30,INF109KC10S8,PSUBANKICI;PSUBNKIETF
ID_01159a50848d,SIMPLEX,latest_observed_symbol,SIMPLEX,False,False,2013-01-01,2018-09-24,INE898F01018,SIMPLEX
ID_01194c6b4816,CSBBANK,unique_current_nse_symbol,CSBBANK,True,True,2019-12-04,2026-03-30,INE679A01013,CSBBANK
ID_012b95dee6e6,MOMOMENTUM,latest_observed_symbol,MOMOMENTUM,False,False,2022-02-17,2026-03-30,INF247L01AX7;INF247L01BK2,MOMOMENTUM
ID_013d73e53028,ROUTE,unique_current_nse_symbol,ROUTE,True,True,2020-09-21,2026-03-30,INE450U01017,ROUTE
ID_0182b3ca90a5,ZFSTEERING,unique_current_nse_symbol,ZFSTEERING,False,True,,,,ZFSTEERING
ID_0184f2288b8e,SAREGAMA,unique_current_nse_symbol,GRAMOPHONE,False,False,,,,GRAMOPHONE;SAREGAMA
ID_0184f2288b8e,SAREGAMA,unique_current_nse_symbol,SAREGAMA,True,True,2013-01-01,2026-03-30,INE979A01017;INE979A01025,GRAMOPHONE;SAREGAMA
ID_0185fc49fcfd,SOLEX,unique_current_nse_symbol,SOLEX,False,True,2025-10-08,2026-03-30,INE880Y01017,SOLEX
ID_0188ab2adba0,MAHLIFE,unique_current_nse_symbol,GESCOCORP,False,False,,,,GESCOCORP;MAHLIFE
ID_0188ab2adba0,MAHLIFE,unique_current_nse_symbol,MAHLIFE,True,True,2013-01-01,2026-03-30,INE813A01018,GESCOCORP;MAHLIFE
ID_019c86d99b18,GATECHDVR,unique_current_nse_symbol,GATECHDVR,False,True,2023-12-11,2026-03-30,INE224E01036,GATECHDVR;SCAPDVR
ID_019c86d99b18,GATECHDVR,unique_current_nse_symbol,SCAPDVR,False,False,2017-10-10,2023-06-06,INE224E01036,GATECHDVR;SCAPDVR
ID_01d86b397825,DCMSHRIRAM,unique_current_nse_symbol,DCMSHRIRAM,True,True,2014-03-13,2026-03-30,INE499A01024,DCMSHRIRAM;DCMSRMCONS
ID_01d86b397825,DCMSHRIRAM,unique_current_nse_symbol,DCMSRMCONS,False,False,2013-01-01,2014-03-12,INE499A01024,DCMSHRIRAM;DCMSRMCONS
ID_01ff7eeaad80,SHBAJRG,unique_current_nse_symbol,SHBAJRG,False,True,,,,SHBAJRG
ID_02115d62f5f3,KABRAEXTRU,unique_current_nse_symbol,KABRAEXTRU,False,True,2013-01-01,2026-03-30,INE900B01029,KABRAEXTRU
ID_0254fd37aacd,HDFCMID150,latest_observed_symbol,HDFCMID150,False,False,2023-02-21,2026-03-30,INF179KC1FA4;INF179KC1HT0,HDFCMID150
ID_02623b0ccd56,SILGO,unique_current_nse_symbol,SILGO,False,True,2021-03-03,2026-03-30,INE01II01013,SILGO
ID_0271544e4907,NAHARCAP,unique_current_nse_symbol,NAHARCAP,False,True,2013-01-01,2026-03-30,INE049I01012,NAHARCAP
ID_027f22d2e39e,QNIFTY,latest_observed_symbol,QNIFTY,False,False,2013-01-01,2026-03-30,INF082J01028;INF082J01499,QNIFTY
ID_028134450f56,JIKIND,latest_observed_symbol,JIKIND,False,False,2013-01-01,2017-03-23,INE026B01049,JIKIND
ID_028d6c150d12,HEALTHX,unique_current_nse_symbol,HEALTHX,False,True,,,,HEALTHX;MICROSEC;SASTASUNDR
ID_028d6c150d12,HEALTHX,unique_current_nse_symbol,MICROSEC,False,False,2013-01-01,2016-11-21,INE019J01013,HEALTHX;MICROSEC;SASTASUNDR
ID_028d6c150d12,HEALTHX,unique_current_nse_symbol,SASTASUNDR,False,False,2016-11-22,2026-03-30,INE019J01013,HEALTHX;MICROSEC;SASTASUNDR
ID_029e8d236be9,MARSONS,unique_current_nse_symbol,MARSONS,False,True,2026-03-13,2026-03-30,INE415B01044,MARSONS
ID_02b03fd4cb06,AXISHCETF,latest_observed_symbol,AXISHCETF,False,False,2021-05-21,2026-03-30,INF846K01Z12,AXISHCETF;HEALTHAXIS
ID_02b03fd4cb06,AXISHCETF,latest_observed_symbol,HEALTHAXIS,False,False,,,,AXISHCETF;HEALTHAXIS
ID_02bfbff2c010,RMFINQADP1,lexicographic_fallback,NMFINQADP1,False,False,,,,NMFINQADP1;RMFINQADP1
ID_02bfbff2c010,RMFINQADP1,lexicographic_fallback,RMFINQADP1,False,False,,,,NMFINQADP1;RMFINQADP1
ID_02c088748b8c,PARRYSCON,lexicographic_fallback,LOTTEINDIA,False,False,,,,LOTTEINDIA;PARRYSCON
ID_02c088748b8c,PARRYSCON,lexicographic_fallback,PARRYSCON,False,False,,,,LOTTEINDIA;PARRYSCON
ID_02e41a5bf5a6,BOROLTD,unique_current_nse_symbol,BOROLTD,False,True,2020-11-24,2026-03-30,INE02PY01013,BOROLTD
ID_02e7ad59b75b,NOVARTIND,unique_current_nse_symbol,NOVARTIND,False,True,2020-10-05,2023-10-25,INE234A01025,NOVARTIND
ID_02eeeedda75b,NRL,unique_current_nse_symbol,NRL,False,True,2023-01-12,2026-03-30,INE0JM501013,NRL
ID_02fb2d797147,SHARIABEES,latest_observed_symbol,SHARIABEES,False,False,2013-01-01,2026-03-30,INF732E01128,SHARIABEES
ID_030c8692c9ca,ESCORTS,unique_current_nse_symbol,ESCORTS,True,True,2013-01-01,2026-03-30,INE042A01014,ESCORTS
ID_030dcd7fa668,TENNIND,unique_current_nse_symbol,TENNIND,True,True,2025-11-19,2026-03-30,INE19RI01016,TENNIND
ID_03171943bac1,AMNPLST,unique_current_nse_symbol,AMNPLST,False,True,2023-11-10,2026-03-30,INE275D01022,AMNPLST
ID_0329f7e376e7,SILVERIETF,latest_observed_symbol,ICICISILVE,False,False,2022-01-31,2023-12-19,INF109KC1Y56,ICICISILVE;SILVERIETF
ID_0329f7e376e7,SILVERIETF,latest_observed_symbol,SILVERIETF,False,False,2023-12-20,2026-03-30,INF109KC1Y56,ICICISILVE;SILVERIETF
ID_033891f7cdda,ELPROINTL,unique_current_nse_symbol,ELPROINTL,False,True,,,,ELPROINTL
ID_0340acb3449d,ORIENTHOT,unique_current_nse_symbol,ORIENTHOT,False,True,2013-01-01,2026-03-30,INE750A01020,ORIENTHOT
ID_03596c1cb340,IPL,unique_current_nse_symbol,IPL,False,True,2021-07-05,2026-03-30,INE0D6701023,IPL
ID_037b2e77b2d6,MOMENTUM50,latest_observed_symbol,MOMENTUM50,False,False,2024-09-30,2026-03-30,INF247L01DK8,MOMENTUM50
ID_0381fa301ec5,GOLD1,latest_observed_symbol,GOLD1,False,False,2024-04-16,2026-03-30,INF174KA1HJ8,GOLD1;KOTAKGOLD
ID_0381fa301ec5,GOLD1,latest_observed_symbol,KOTAKGOLD,False,False,2013-01-01,2024-04-15,INF174KA1HJ8;INF373I01015;INF373I01049,GOLD1;KOTAKGOLD
ID_038ef635793f,REIAGROLTD,latest_observed_symbol,REIAGROLTD,True,False,2013-01-01,2017-08-07,INE385B01031,REIAGROLTD
ID_03a18d7986f3,CENTENKA,unique_current_nse_symbol,CENTENKA,False,True,2013-01-01,2026-03-30,INE485A01015,CENTENKA
ID_03c26d3f4926,DELTAMAGNT,unique_current_nse_symbol,DELTAMAGNT,False,True,2013-01-03,2026-03-30,INE393A01011,DELTAMAGNT;GPELECT
ID_03c26d3f4926,DELTAMAGNT,unique_current_nse_symbol,GPELECT,False,False,,,,DELTAMAGNT;GPELECT
ID_03d19f882339,SUNLOC,unique_current_nse_symbol,SUNLOC,False,True,,,,SUNLOC
ID_03d2fab9ab22,GOLD360,latest_observed_symbol,GOLD360,False,False,2025-03-17,2026-03-30,INF579M01BB5,GOLD360
ID_03d6b88a3213,ORIENTELEC,unique_current_nse_symbol,ORIENTELEC,True,True,2018-05-28,2026-03-30,INE142Z01019,ORIENTELEC
ID_03deeb44b0df,PGIMACD2D,lexicographic_fallback,DPRMACD2,False,False,,,,DPRMACD2;PGIMACD2D
ID_03deeb44b0df,PGIMACD2D,lexicographic_fallback,PGIMACD2D,False,False,,,,DPRMACD2;PGIMACD2D
ID_041632e487e6,MVL,latest_observed_symbol,MVL,False,False,2013-01-01,2019-08-16,INE744I01034,MVL
ID_042809739c2b,DHARMAJ,unique_current_nse_symbol,DHARMAJ,False,True,2022-12-08,2026-03-30,INE00OQ01016,DHARMAJ
ID_042fd6b0ead3,AXISBNKETF,latest_observed_symbol,AXISBNKETF,False,False,2020-11-09,2026-03-30,INF846K01X63,AXISBNKETF;BNKETFAXIS
ID_042fd6b0ead3,AXISBNKETF,latest_observed_symbol,BNKETFAXIS,False,False,,,,AXISBNKETF;BNKETFAXIS
ID_043acf7ff933,TIL,unique_current_nse_symbol,TIL,False,True,2013-01-01,2026-03-30,INE806C01018,TIL
ID_045e9cc50b30,GROWWNIFTY,latest_observed_symbol,GROWWNIFTY,False,False,2025-07-22,2026-03-30,INF666M01LL8,GROWWNIFTY
ID_04659f04e3a7,OISL,latest_observed_symbol,OISL,False,False,2013-01-01,2020-11-27,INE196J01019,OISL
ID_0465e4147182,DMART,unique_current_nse_symbol,DMART,True,True,2017-03-21,2026-03-30,INE192R01011,DMART
ID_047de87f08c9,DIAMONDYD,unique_current_nse_symbol,DIAMONDYD,False,True,2017-10-05,2026-03-30,INE393P01035,DIAMONDYD
ID_04807f76b9df,DHABRIYA,unique_current_nse_symbol,DHABRIYA,False,True,,,,DHABRIYA
ID_04941baa916f,GITANJALI,latest_observed_symbol,GITANJALI,False,False,2013-01-01,2018-04-26,INE346H01014,GITANJALI
ID_04ace81a4a32,VENUSREM,unique_current_nse_symbol,VENUSREM,False,True,2013-01-01,2026-03-30,INE411B01019,VENUSREM
ID_04c634538b31,DPSCLTD,unique_current_nse_symbol,DPSCLTD,False,True,2013-01-01,2026-03-30,INE360C01024,DPSCLTD
ID_04ca0a50fd5e,PNGSREVA,unique_current_nse_symbol,PNGSREVA,False,True,2026-03-04,2026-03-30,INE1RDG01013,PNGSREVA
ID_0502383e7e27,GSEC10ABSL,latest_observed_symbol,GSEC10ABSL,False,False,2024-08-19,2026-03-27,INF209KC1142,GSEC10ABSL
ID_05096473b5dc,JUBLFOOD,unique_current_nse_symbol,JUBLFOOD,True,True,2013-01-01,2026-03-30,INE797F01012;INE797F01020,JUBLFOOD
ID_0538c578a030,SBIETFIT,latest_observed_symbol,SBIETFIT,False,False,2020-10-22,2026-03-30,INF200KA1S14,SBIETFIT
ID_0570a95a85bf,UPL,unique_current_nse_symbol,UNIPHOS,False,False,2013-01-01,2013-10-22,INE628A01036,UNIPHOS;UPL
ID_0570a95a85bf,UPL,unique_current_nse_symbol,UPL,True,True,2013-10-23,2026-03-30,INE628A01036,UNIPHOS;UPL
ID_0575d9f022b3,RUPA,unique_current_nse_symbol,RUPA,True,True,2013-01-01,2026-03-30,INE895B01021,RUPA
ID_058d1589feaa,PREMIER,unique_current_nse_symbol,PREMAUTO,False,False,,,,PREMAUTO;PREMIER
ID_058d1589feaa,PREMIER,unique_current_nse_symbol,PREMIER,False,True,2013-01-01,2022-05-24,INE342A01018,PREMAUTO;PREMIER
ID_059f07809c68,EXICOM,unique_current_nse_symbol,EXICOM,False,True,2024-03-05,2026-03-30,INE777F01014,EXICOM
ID_05a0ca830ac1,INDLMETER,latest_observed_symbol,INDLMETER,False,False,2013-01-01,2022-04-20,INE065B01013,INDLMETER
ID_05ada637bb58,SMARTLINK,unique_current_nse_symbol,D-LINK,False,False,,,,D-LINK;SMARTLINK
ID_05ada637bb58,SMARTLINK,unique_current_nse_symbol,SMARTLINK,False,True,2013-01-01,2026-03-30,INE178C01020,D-LINK;SMARTLINK
ID_05dfd7d4f4e6,JINDWORLD,unique_current_nse_symbol,JINDWORLD,True,True,2013-01-01,2026-03-30,INE247D01013;INE247D01021;INE247D01039,JINDWORLD
ID_05e4070350c9,EBANK,latest_observed_symbol,EBANK,False,False,2015-12-21,2023-08-01,INF754K01EL1,EBANK
ID_05f66f4db6b5,DEVX,unique_current_nse_symbol,DEVX,False,True,2025-10-01,2026-03-30,INE0VOV01021,DEVX
ID_05fc90479a16,CARBORUNIV,unique_current_nse_symbol,CARBORUNIV,True,True,2013-01-01,2026-03-30,INE120A01034,CARBORUNIV
ID_061a130ca5dc,RDAXDDDD,lexicographic_fallback,NDAXDDDD,False,False,,,,NDAXDDDD;RDAXDDDD
ID_061a130ca5dc,RDAXDDDD,lexicographic_fallback,RDAXDDDD,False,False,,,,NDAXDDDD;RDAXDDDD
ID_061f687f4b6e,WINDSOR,lexicographic_fallback,DGPWINDSOR,False,False,,,,DGPWINDSOR;WINDSOR
ID_061f687f4b6e,WINDSOR,lexicographic_fallback,WINDSOR,False,False,,,,DGPWINDSOR;WINDSOR
ID_063aadea02d1,RATEGAIN,unique_current_nse_symbol,RATEGAIN,False,True,2021-12-17,2026-03-30,INE0CLI01024,RATEGAIN
ID_0650426bad3f,SOMICONVEY,unique_current_nse_symbol,SOMICONVEY,False,True,2016-07-18,2026-03-30,INE323J01019,SOMICONVEY
ID_065abb3881df,RNPL,lexicographic_fallback,RENOL,False,False,,,,RENOL;RNPL
ID_065abb3881df,RNPL,lexicographic_fallback,RNPL,False,False,,,,RENOL;RNPL
ID_065d76b19c1b,GLODYNE,latest_observed_symbol,GLODYNE,False,False,2013-01-01,2014-11-05,INE932G01021,GLODYNE;PARADYNE
ID_065d76b19c1b,GLODYNE,latest_observed_symbol,PARADYNE,False,False,,,,GLODYNE;PARADYNE
ID_06614e39f247,TAKE,unique_current_nse_symbol,TAKE,True,True,2013-01-01,2025-10-14,INE142I01023,TAKE
ID_066c49695bbd,MHRIL,unique_current_nse_symbol,MHRIL,True,True,2013-01-01,2026-03-30,INE998I01010,MHRIL
ID_06855a7b3a21,FUTUREVENT,latest_observed_symbol,FUTUREVENT,False,False,2013-01-01,2013-06-20,INE220J01017,FUTUREVENT
ID_0687b5a320a7,ASHIMASYN,unique_current_nse_symbol,ASHIMASYN,False,True,2013-01-01,2026-03-30,INE440A01010,ASHIMASYN
ID_0688c7188eb9,VGL,unique_current_nse_symbol,AARVEEDEN,False,False,2013-01-01,2024-08-02,INE273D01019,AARVEEDEN;VGL
ID_0688c7188eb9,VGL,unique_current_nse_symbol,VGL,False,True,2025-12-01,2026-03-30,INE273D01019;INE273D01027,AARVEEDEN;VGL
ID_068a1e26404c,LAKSHMIMIL,unique_current_nse_symbol,LAKSHMIMIL,False,True,2013-03-01,2015-01-29,INE938C01019,LAKSHMIMIL
ID_069d03ebd8c6,UNIONBANK,unique_current_nse_symbol,UNIONBANK,True,True,2013-01-01,2026-03-30,INE692A01016,UNIONBANK
ID_06a8556c3613,SUPERSPIN,unique_current_nse_symbol,SUPERSPIN,False,True,2013-01-01,2026-03-30,INE662A01027,SUPERSPIN
ID_06dfce5824c5,SABERORGAN,latest_observed_symbol,SABERORGAN,False,False,2013-01-01,2015-01-15,INE243A01018,SABERORGAN
ID_06e116c447bb,GFLLIMITED,unique_current_nse_symbol,GFLLIMITED,False,True,2019-07-25,2026-03-30,INE538A01037,GFLLIMITED;GUJFLUORO
ID_06e116c447bb,GFLLIMITED,unique_current_nse_symbol,GUJFLUORO,True,False,2013-01-01,2019-07-24,INE538A01037,GFLLIMITED;GUJFLUORO
ID_06e239c29110,SRGINFOTEC,latest_observed_symbol,SRGINFOTEC,False,False,2013-01-01,2013-08-29,INE376A01032,SRGINFOTEC
ID_06e54b250a89,RAMRAT,unique_current_nse_symbol,RAMRAT,False,True,2022-07-29,2026-03-30,INE207E01023,RAMRAT
ID_06e7458f869a,MIRZAINT,unique_current_nse_symbol,MIRZAINT,False,True,2013-03-01,2026-03-30,INE771A01026,MIRZAINT;MIRZATAN
ID_06e7458f869a,MIRZAINT,unique_current_nse_symbol,MIRZATAN,False,False,,,,MIRZAINT;MIRZATAN
ID_07009110be10,HONASA,unique_current_nse_symbol,HONASA,True,True,2023-11-07,2026-03-30,INE0J5401028,HONASA
ID_07056fe679c9,NINSYS,unique_current_nse_symbol,NINSYS,False,True,2023-02-21,2026-03-30,INE395U01014,NINSYS
ID_0730d4639821,AEGISLOG,unique_current_nse_symbol,AEGISCHEM,False,False,2013-01-01,2024-06-06,INE208C01017;INE208C01025,AEGISCHEM;AEGISLOG
ID_0730d4639821,AEGISLOG,unique_current_nse_symbol,AEGISLOG,True,True,2024-06-07,2026-03-30,INE208C01025,AEGISCHEM;AEGISLOG
ID_07402b89695c,SWARAJ,unique_current_nse_symbol,SWARAJ,False,True,,,,SWARAJ
ID_07419cd2b22b,RNBDENIMS,unique_current_nse_symbol,RNBDENIMS,False,True,2025-09-04,2026-02-23,INE012Q01021,RNBDENIMS
ID_07445845e1e7,DENTA,unique_current_nse_symbol,DENTA,False,True,2025-02-11,2026-03-30,INE0R4L01018,DENTA
ID_07563d40524f,TEXINFRA,unique_current_nse_symbol,TEXINFRA,False,True,2013-01-01,2026-03-30,INE435C01024,TEXINFRA;TEXMACOLTD
ID_07563d40524f,TEXINFRA,unique_current_nse_symbol,TEXMACOLTD,False,False,,,,TEXINFRA;TEXMACOLTD
ID_075cad2e4abb,REGENCERAM,unique_current_nse_symbol,REGENCERAM,False,True,2013-01-02,2026-03-30,INE277C01012,REGENCERAM
ID_078bf790f740,NIFTYBEES,latest_observed_symbol,NIFTYBEES,False,False,2013-01-01,2026-03-30,INF204KB14I2;INF732E01011,NIFTYBEES
ID_07ac0c3661ce,SILVER360,latest_observed_symbol,SILVER360,False,False,2025-04-04,2026-03-30,INF579M01BC3,SILVER360
ID_07ad1e8dda24,AIROLAM,unique_current_nse_symbol,AIROLAM,False,True,2021-10-13,2026-03-30,INE801L01010,AIROLAM
ID_07c16b97972e,XPROINDIA,unique_current_nse_symbol,XPROINDIA,False,True,2013-01-01,2026-03-30,INE445C01015,XPROINDIA
ID_07c2d32386a6,SAHYADRI,unique_current_nse_symbol,SAHYADRI,False,True,2023-04-06,2026-03-30,INE280H01015,SAHYADRI
ID_07ca1a34b15f,HINDUNILVR,unique_current_nse_symbol,HINDLEVER,False,False,,,,HINDLEVER;HINDUNILVR
ID_07ca1a34b15f,HINDUNILVR,unique_current_nse_symbol,HINDUNILVR,True,True,2013-01-01,2026-03-30,INE030A01027,HINDLEVER;HINDUNILVR
ID_07d51f0919a6,MAXVIL,latest_observed_symbol,MAXVIL,False,False,2016-07-07,2023-08-10,INE154U01015,MAXVIL
ID_07e7b60739b9,MASTERTR,unique_current_nse_symbol,MASTERTR,False,True,2024-11-12,2026-03-30,INE677D01037,MASTERTR
ID_07e7da6a7d2e,RSYSTEMS,unique_current_nse_symbol,RSYSTEMS,False,True,2013-01-01,2026-03-30,INE411H01024;INE411H01032,RSYSTEMS
ID_0806e59ffc9c,SELMCL,latest_observed_symbol,SELMCL,False,False,2013-01-01,2020-03-26,INE105I01012,SELMCL
ID_080ab843669b,FOSECOIND,unique_current_nse_symbol,FOSECOIND,False,True,2013-01-01,2026-03-30,INE519A01011,FOSECOIND
ID_0846732d0976,GUJENERGY,unique_current_nse_symbol,GUJENERGY,False,True,,,,GUJENERGY;GUJGASLTD
ID_0846732d0976,GUJENERGY,unique_current_nse_symbol,GUJGASLTD,True,False,2015-10-01,2026-03-30,INE844O01022;INE844O01030,GUJENERGY;GUJGASLTD
ID_084920000516,RDAXIIADG,lexicographic_fallback,NDAXIIADG,False,False,,,,NDAXIIADG;RDAXIIADG
ID_084920000516,RDAXIIADG,lexicographic_fallback,RDAXIIADG,False,False,,,,NDAXIIADG;RDAXIIADG
ID_084979212b9c,NAHARINDUS,unique_current_nse_symbol,NAHARINDUS,False,True,2013-01-01,2026-03-30,INE289A01011,NAHARINDUS
ID_087c1b3412e7,LAHOTIOV,unique_current_nse_symbol,LAHOTIOV,False,True,,,,LAHOTIOV
ID_087fece74d2c,BIOCON,unique_current_nse_symbol,BIOCON,True,True,2013-01-01,2026-03-30,INE376G01013,BIOCON
ID_08829af2272d,LICHSGFIN,unique_current_nse_symbol,LICHSGFIN,True,True,2013-01-01,2026-03-30,INE115A01026,LICHSGFIN
ID_08837ef38750,MAGADSUGAR,unique_current_nse_symbol,MAGADSUGAR,False,True,2017-11-22,2026-03-30,INE347W01011,MAGADSUGAR
ID_08b148ca8564,CHEMCON,unique_current_nse_symbol,CHEMCON,False,True,2020-10-01,2026-03-30,INE03YM01018,CHEMCON
ID_08b1f90078cc,DOLATALGO,unique_current_nse_symbol,DOLAT,False,False,2019-08-19,2021-12-17,INE966A01022,DOLAT;DOLATALGO
ID_08b1f90078cc,DOLATALGO,unique_current_nse_symbol,DOLATALGO,False,True,2021-12-20,2026-03-30,INE966A01022,DOLAT;DOLATALGO
ID_08b480aadf56,RMFINAIDR1,lexicographic_fallback,NMFINAIDR1,False,False,,,,NMFINAIDR1;RMFINAIDR1
ID_08b480aadf56,RMFINAIDR1,lexicographic_fallback,RMFINAIDR1,False,False,,,,NMFINAIDR1;RMFINAIDR1
ID_08b5c4844c9b,IVZINGOLD,latest_observed_symbol,IVZINGOLD,False,False,2016-06-23,2026-03-30,INF205K01361,IVZINGOLD;RELIGAREGO
ID_08b5c4844c9b,IVZINGOLD,latest_observed_symbol,RELIGAREGO,False,False,2013-01-01,2016-06-22,INF205K01361,IVZINGOLD;RELIGAREGO
ID_08c52d5c5cab,SIMBHSUGAR,latest_observed_symbol,SIMBHSUGAR,False,False,2013-01-01,2015-11-23,INE270C01017,SIMBHSUGAR
ID_08c6f61541b1,MAGNUM,unique_current_nse_symbol,MAGNUM,False,True,2013-01-01,2026-03-30,INE387I01016,MAGNUM
ID_08da6fa7b6b0,MOENERGY,latest_observed_symbol,MOENERGY,False,False,2025-10-16,2026-03-30,INF247L01GH7,MOENERGY
ID_08dbc45ea8a2,TURTLEMINT,unique_current_nse_symbol,TURTLEMINT,False,True,,,,TURTLEMINT
ID_08e3bb6bab9d,TNIDETF,latest_observed_symbol,TNIDETF,False,False,2022-04-08,2026-03-30,INF277KA1364,TNIDETF
ID_08f5137fc33c,DHANI,latest_observed_symbol,DHANI,True,False,2020-10-28,2025-10-27,INE274G01010,DHANI;IBSEC;IBVENTURES
ID_08f5137fc33c,DHANI,latest_observed_symbol,IBSEC,False,False,2013-01-01,2015-03-31,INE274G01010,DHANI;IBSEC;IBVENTURES
ID_08f5137fc33c,DHANI,latest_observed_symbol,IBVENTURES,False,False,2015-04-01,2020-10-27,INE274G01010,DHANI;IBSEC;IBVENTURES
ID_09036d9cb1f1,ADANIGREEN,unique_current_nse_symbol,ADANIGREEN,True,True,2018-07-02,2026-03-30,INE364U01010,ADANIGREEN
ID_092448b1cc27,JSLHISAR,latest_observed_symbol,JSLHISAR,True,False,2016-02-11,2023-03-08,INE455T01018,JSLHISAR
ID_0936704e2819,PRICOLLTD,unique_current_nse_symbol,PRICOLLTD,False,True,2017-02-27,2026-03-30,INE726V01018,PRICOLLTD
ID_0945fee273f3,AARTIPHARM,unique_current_nse_symbol,AARTIPHARM,False,True,2023-02-13,2026-03-30,INE0LRU01027,AARTIPHARM
ID_096645907a0a,MOM30IETF,latest_observed_symbol,ICICIMOM30,False,False,2022-08-10,2023-12-19,INF109KC17C7,ICICIMOM30;MOM30IETF
ID_096645907a0a,MOM30IETF,latest_observed_symbol,MOM30IETF,False,False,2023-12-20,2026-03-30,INF109KC17C7,ICICIMOM30;MOM30IETF
ID_0988c1d0d74e,COMPINFO,unique_current_nse_symbol,COMPINFO,False,True,2016-07-07,2023-10-27,INE070C01029;INE070C01037,COMPINFO;COMPUAGE
ID_0988c1d0d74e,COMPINFO,unique_current_nse_symbol,COMPUAGE,False,False,2013-01-01,2015-01-29,INE070C01029,COMPINFO;COMPUAGE
ID_09a469e62512,KANCOTEA,unique_current_nse_symbol,KANCOTEA,False,True,,,,KANCOTEA
ID_09bbcc52643a,RESPONIND,unique_current_nse_symbol,RESPONIND,True,True,2013-01-01,2026-03-30,INE688D01026,RESPONIND
ID_09be5d452cd1,SKIL,latest_observed_symbol,HORIZONBAT,False,False,,,,HORIZONBAT;HORIZONINF;SKIL
ID_09be5d452cd1,SKIL,latest_observed_symbol,HORIZONINF,False,False,2013-01-01,2014-03-22,INE429F01012,HORIZONBAT;HORIZONINF;SKIL
ID_09be5d452cd1,SKIL,latest_observed_symbol,SKIL,False,False,2014-03-24,2021-11-18,INE429F01012,HORIZONBAT;HORIZONINF;SKIL
ID_09d513cc914e,NIACL,unique_current_nse_symbol,NIACL,True,True,2017-11-13,2026-03-30,INE470Y01017,NIACL
ID_09d9c81407e4,ALUFLUOR,unique_current_nse_symbol,ALUFLUOR,False,True,,,,ALUFLUOR
ID_09dc9024bc62,ISTLTD,unique_current_nse_symbol,ISTLTD,False,True,,,,ISTLTD
ID_09f9973c8ead,REPCOHOME,unique_current_nse_symbol,REPCOHOME,True,True,2013-04-01,2026-03-30,INE612J01015,REPCOHOME
ID_0a0ca4c1ef00,GTL,unique_current_nse_symbol,GLOBALTELE,False,False,,,,GLOBALTELE;GTL
ID_0a0ca4c1ef00,GTL,unique_current_nse_symbol,GTL,False,True,2013-01-01,2026-03-30,INE043A01012,GLOBALTELE;GTL
ID_0a0fae7589b8,BANKBEES,latest_observed_symbol,BANKBEES,False,False,2013-01-01,2026-03-30,INF204KB15I9;INF732E01078,BANKBEES
ID_0a20343316fc,AGRITECH,unique_current_nse_symbol,AGRITECH,False,True,2015-02-23,2026-03-30,INE449G01018,AGRITECH
ID_0a210d705605,BANG,unique_current_nse_symbol,BANG,False,True,2013-01-01,2026-03-30,INE863I01016,BANG
ID_0a28c8458d4f,ANANDRATHI,unique_current_nse_symbol,ANANDRATHI,True,True,2021-12-14,2026-03-30,INE463V01026,ANANDRATHI
ID_0a2b5560ffdc,MONEXT50,latest_observed_symbol,MONEXT50,False,False,2025-05-14,2026-03-30,INF247L01FD8,MONEXT50
ID_0a4f70572601,VITAL,unique_current_nse_symbol,VITAL,False,True,2026-03-11,2026-03-30,INE0L4K01016,VITAL
ID_0a526d644aef,PARKHOTELS,unique_current_nse_symbol,PARKHOTELS,False,True,2024-02-12,2026-03-30,INE988S01028,PARKHOTELS
ID_0a5546424b23,WIPRO,unique_current_nse_symbol,WIPRO,True,True,2013-01-01,2026-03-30,INE075A01022,WIPRO
ID_0a653f48b131,MONIFTY500,latest_observed_symbol,MONIFTY500,False,False,2023-10-06,2026-03-30,INF247L01BU1,MONIFTY500
ID_0a6a61ae8041,MITCON,unique_current_nse_symbol,MITCON,False,True,2022-03-17,2026-03-30,INE828O01033,MITCON
ID_0a878ca600e2,JNPR,unique_current_nse_symbol,JNPR,False,True,,,,JNPR
ID_0a9b1857c5e1,TARIL,unique_current_nse_symbol,TARIL,True,True,2025-02-01,2026-03-30,INE763I01026,TARIL;TRIL
ID_0a9b1857c5e1,TARIL,unique_current_nse_symbol,TRIL,False,False,2013-01-01,2024-05-13,INE763I01018;INE763I01026,TARIL;TRIL
ID_0a9fab71171b,MONNETISPA,latest_observed_symbol,MONNETISPA,True,False,2013-01-01,2018-07-31,INE743C01013,MONNETISPA
ID_0aab6d4a3ab2,BHAGCHEM,unique_current_nse_symbol,BHAGCHEM,False,True,2021-10-18,2026-03-30,INE414D01019;INE414D01027,BHAGCHEM
ID_0ab0e8779203,SICAGEN,unique_current_nse_symbol,SICAGEN,False,True,2013-01-01,2021-07-20,INE176J01011,SICAGEN
ID_0ad38ba6c61b,ODIGMA,unique_current_nse_symbol,ODIGMA,False,True,2024-12-27,2026-03-30,INE054301028,ODIGMA
ID_0ae4921b3f94,CENTURYPLY,unique_current_nse_symbol,CENTURYPLY,True,True,2013-01-01,2026-03-30,INE348B01021,CENTURYPLY
ID_0ae9146b6611,ISFT,unique_current_nse_symbol,ISFT,False,True,2013-01-01,2026-03-30,INE566K01011,ISFT
ID_0af30d1f36c4,DANGEE,unique_current_nse_symbol,DANGEE,False,True,2020-11-13,2026-03-30,INE688Y01014;INE688Y01022,DANGEE
ID_0af66591c217,RDAVIIPCDG,lexicographic_fallback,NDAVIIPCDG,False,False,,,,NDAVIIPCDG;RDAVIIPCDG
ID_0af66591c217,RDAVIIPCDG,lexicographic_fallback,RDAVIIPCDG,False,False,,,,NDAVIIPCDG;RDAVIIPCDG
ID_0b0367c286ea,STEL,unique_current_nse_symbol,SENTINEL,False,False,,,,SENTINEL;STEL
ID_0b0367c286ea,STEL,unique_current_nse_symbol,STEL,False,True,2013-01-01,2026-03-30,INE577L01016,SENTINEL;STEL
ID_0b17430634f8,RDAXIBDDD,lexicographic_fallback,NDAXIBDDD,False,False,,,,NDAXIBDDD;RDAXIBDDD
ID_0b17430634f8,RDAXIBDDD,lexicographic_fallback,RDAXIBDDD,False,False,,,,NDAXIBDDD;RDAXIBDDD
ID_0b2b2ec128a4,NAGREEKEXP,unique_current_nse_symbol,NAGREEKEXP,False,True,2013-01-01,2026-03-30,INE123B01028,NAGREEKEXP
ID_0b507a5080bf,PGIMABQDD,lexicographic_fallback,DPRMABQD,False,False,,,,DPRMABQD;PGIMABQDD
ID_0b507a5080bf,PGIMABQDD,lexicographic_fallback,PGIMABQDD,False,False,,,,DPRMABQD;PGIMABQDD
ID_0b55c11fec4e,TECHNOCRAF,unique_current_nse_symbol,TECHNOCRAF,False,True,,,,TECHNOCRAF
ID_0b72675cc8bb,YATRA,unique_current_nse_symbol,YATRA,False,True,2023-09-28,2026-03-30,INE0JR601024,YATRA
ID_0bcc17cbcb11,IMPAL,unique_current_nse_symbol,IMPAL,False,True,2013-01-01,2026-03-30,INE547E01014,IMPAL
ID_0bddde13b6db,MSUMI,unique_current_nse_symbol,MSUMI,False,True,2022-04-11,2026-03-30,INE0FS801015,MSUMI
ID_0bdde9780598,PGIMDAQDD,lexicographic_fallback,DPRMDAQD,False,False,,,,DPRMDAQD;PGIMDAQDD
ID_0bdde9780598,PGIMDAQDD,lexicographic_fallback,PGIMDAQDD,False,False,,,,DPRMDAQD;PGIMDAQDD
ID_0bf7e5285f08,EVEREADY,unique_current_nse_symbol,EVEREADY,True,True,2013-01-01,2026-03-30,INE128A01029,EVEREADY
ID_0c2d57245a05,TANAA,unique_current_nse_symbol,TANAA,False,True,,,,TANAA
ID_0c34f5fd5eda,SAYAJIHOTL,unique_current_nse_symbol,SAYAJIHOTL,False,True,2013-01-01,2014-01-10,INE318C01014,SAYAJIHOTL
ID_0c4adb0d8374,DFMFOODS,latest_observed_symbol,DFMFOODS,False,False,2016-12-29,2023-03-27,INE456C01012;INE456C01020,DFMFOODS
ID_0c52be72205e,ATAM,unique_current_nse_symbol,ATAM,False,True,2023-05-10,2026-03-30,INE09KD01013,ATAM
ID_0c725ba46e2b,PUNJABCHEM,unique_current_nse_symbol,PUNJABCHEM,False,True,2013-01-01,2026-03-30,INE277B01014,PUNJABCHEM
ID_0c7b803e61e1,SCODATUBES,unique_current_nse_symbol,SCODATUBES,False,True,2025-06-18,2026-03-30,INE090501011,SCODATUBES
ID_0c87d560d357,APOLSINHOT,unique_current_nse_symbol,APOLSINHOT,False,True,2016-02-22,2026-03-30,INE451F01016;INE451F01024,APOLSINHOT
ID_0ca09b4f6e23,ADANIPOWER,unique_current_nse_symbol,ADANIPOWER,True,True,2013-01-01,2026-03-30,INE814H01011;INE814H01029,ADANIPOWER
ID_0ca1bfb6d07b,VAML,unique_current_nse_symbol,VAML,False,True,,,,VAML
ID_0cc270aaea36,WAAREEINDO,unique_current_nse_symbol,INDOSOLAR,False,False,2013-01-01,2019-05-21,INE866K01015,INDOSOLAR;WAAREEINDO
ID_0cc270aaea36,WAAREEINDO,unique_current_nse_symbol,WAAREEINDO,False,True,2026-01-01,2026-01-05,INE866K01023,INDOSOLAR;WAAREEINDO
ID_0ccaf3cc0801,SHREEPUSHK,unique_current_nse_symbol,SHREEPUSHK,False,True,2015-09-28,2026-03-30,INE712K01011,SHREEPUSHK
ID_0cd38c42e13b,HIRECT,unique_current_nse_symbol,HIRECT,False,True,2013-01-01,2026-03-30,INE835D01023,HIRECT
ID_0cede64ab3d4,PANSARI,unique_current_nse_symbol,PANSARI,False,True,2021-10-19,2026-03-30,INE697V01011,PANSARI
ID_0cfa02571012,PGIMBCD1G,lexicographic_fallback,DPRMBCD1G,False,False,,,,DPRMBCD1G;PGIMBCD1G
ID_0cfa02571012,PGIMBCD1G,lexicographic_fallback,PGIMBCD1G,False,False,,,,DPRMBCD1G;PGIMBCD1G
ID_0d178e7d636a,TVSMOTOR,unique_current_nse_symbol,TVS-SUZUKI,False,False,,,,TVS-SUZUKI;TVSMOTOR
ID_0d178e7d636a,TVSMOTOR,unique_current_nse_symbol,TVSMOTOR,True,True,2013-01-01,2026-03-30,INE494B01023,TVS-SUZUKI;TVSMOTOR
ID_0d1a9723cbfc,ONEPOINT,unique_current_nse_symbol,ONEPOINT,False,True,2019-05-09,2026-03-30,INE840Y01011;INE840Y01029,ONEPOINT
ID_0d25b8445a90,HINDALCO,unique_current_nse_symbol,HINDALC0,False,False,,,,HINDALC0;HINDALCO
ID_0d25b8445a90,HINDALCO,unique_current_nse_symbol,HINDALCO,True,True,2013-01-01,2026-03-30,INE038A01020,HINDALC0;HINDALCO
ID_0d442201697c,BSLIMITED,latest_observed_symbol,BSLIMITED,False,False,2013-01-01,2018-02-21,INE043K01011;INE043K01029,BSLIMITED;BSTRANSCOM
ID_0d442201697c,BSLIMITED,latest_observed_symbol,BSTRANSCOM,False,False,,,,BSLIMITED;BSTRANSCOM
ID_0d4f08552a9c,JP37D,lexicographic_fallback,E37D,False,False,,,,E37D;JP37D
ID_0d4f08552a9c,JP37D,lexicographic_fallback,JP37D,False,False,,,,E37D;JP37D
ID_0d5cf1239433,MBLINFRA,unique_current_nse_symbol,MBLINFRA,False,True,2013-01-01,2026-03-30,INE912H01013,MBLINFRA
ID_0d5deca75ba5,ORIENTCEM,unique_current_nse_symbol,ORIENTCEM,True,True,2013-07-26,2026-03-30,INE876N01018,ORIENTCEM
ID_0d7b103188a2,LAGNAM,unique_current_nse_symbol,LAGNAM,False,True,2021-09-30,2026-03-30,INE548Z01017,LAGNAM
ID_0db1fa4cb70b,MIDCAP,latest_observed_symbol,KOTAKMID50,False,False,2022-02-04,2024-03-19,INF174KA1IB3,KOTAKMID50;MIDCAP
ID_0db1fa4cb70b,MIDCAP,latest_observed_symbol,MIDCAP,False,False,2024-03-20,2026-03-30,INF174KA1IB3;INF174KA1ZC5,KOTAKMID50;MIDCAP
ID_0db4708c66e1,INDOMIM,unique_current_nse_symbol,INDOMIM,False,True,,,,INDOMIM
ID_0dbe014e6822,CMSINFO,unique_current_nse_symbol,CMSINFO,False,True,2021-12-31,2026-03-30,INE925R01014,CMSINFO
ID_0de363d9b0c3,SANGAMIND,unique_current_nse_symbol,SANGAMIND,False,True,2013-01-01,2026-03-30,INE495C01010,SANGAMIND
ID_0e00faba2210,PGIMDAD3D,lexicographic_fallback,DPRMDAD3,False,False,,,,DPRMDAD3;PGIMDAD3D
ID_0e00faba2210,PGIMDAD3D,lexicographic_fallback,PGIMDAD3D,False,False,,,,DPRMDAD3;PGIMDAD3D
ID_0e0f591668fb,ABMINTLLTD,unique_current_nse_symbol,ABMINTLLTD,False,True,2021-09-27,2026-02-13,INE251C01025,ABMINTLLTD
ID_0e11deab3722,ERIS,unique_current_nse_symbol,ERIS,True,True,2017-06-29,2026-03-30,INE406M01024,ERIS
ID_0e1474223d81,PGIMAGD1G,lexicographic_fallback,DPRMAGD1,False,False,,,,DPRMAGD1;PGIMAGD1G
ID_0e1474223d81,PGIMAGD1G,lexicographic_fallback,PGIMAGD1G,False,False,,,,DPRMAGD1;PGIMAGD1G
ID_0e3fd563c139,INDOKEM,unique_current_nse_symbol,INDOKEM,False,True,,,,INDOKEM
ID_0e6080dfc5ca,SAMHI,unique_current_nse_symbol,SAMHI,False,True,2023-09-22,2026-03-30,INE08U801020,SAMHI
ID_0e71664b5a44,FCONSUMER,latest_observed_symbol,FCEL,True,False,2013-10-17,2016-10-24,INE220J01025,FCEL;FCONSUMER;FVIL
ID_0e71664b5a44,FCONSUMER,latest_observed_symbol,FCONSUMER,False,False,2016-10-25,2024-05-15,INE220J01025,FCEL;FCONSUMER;FVIL
ID_0e71664b5a44,FCONSUMER,latest_observed_symbol,FVIL,False,False,2013-07-18,2013-10-15,INE220J01025,FCEL;FCONSUMER;FVIL
ID_0eaf24cc844b,WESTLIFE,unique_current_nse_symbol,WESTLIFE,True,True,2019-08-19,2026-03-30,INE274F01020,WESTLIFE
ID_0ecff0b331f3,FREDUN,unique_current_nse_symbol,FREDUN,False,True,,,,FREDUN
ID_0ee4f6932dea,HLEGLAS,unique_current_nse_symbol,HLEGLAS,True,True,2021-02-22,2026-03-30,INE461D01010;INE461D01028,HLEGLAS
ID_0eefe4737b38,JSWSTEEL,unique_current_nse_symbol,JSWSTEEL,True,True,2013-01-01,2026-03-30,INE019A01020;INE019A01038,JSWSTEEL;JSWSTL
ID_0eefe4737b38,JSWSTEEL,unique_current_nse_symbol,JSWSTL,False,False,,,,JSWSTEEL;JSWSTL
ID_0f141a5062bd,MIDCAPIETF,latest_observed_symbol,ICICIM150,False,False,2020-01-28,2023-12-19,INF109KC1G82,ICICIM150;MIDCAPIETF
ID_0f141a5062bd,MIDCAPIETF,latest_observed_symbol,MIDCAPIETF,False,False,2023-12-20,2026-03-30,INF109KC11W8;INF109KC1G82,ICICIM150;MIDCAPIETF
ID_0f14b3f81ca3,TWCGOLDETF,latest_observed_symbol,TWCGOLDETF,False,False,2026-01-02,2026-03-30,INF2F0001370,TWCGOLDETF
ID_0f25694f1272,KTIL,latest_observed_symbol,KTIL,False,False,2013-01-01,2019-12-30,INE096L01017;INE096L01025,KTIL
ID_0f67dafe5317,OPTIFIN,unique_current_nse_symbol,OPTIFIN,False,True,,,,OPTIFIN
ID_0f698982caf7,GEMAROMA,unique_current_nse_symbol,GEMAROMA,False,True,2025-08-26,2026-03-11,INE06XZ01023,GEMAROMA
ID_0f9ccf9b0ed7,TECHIN,latest_observed_symbol,NATHSEED,False,False,2013-01-01,2014-02-28,INE778A01021,NATHSEED;TECHIN
ID_0f9ccf9b0ed7,TECHIN,latest_observed_symbol,TECHIN,False,False,2015-02-23,2023-08-10,INE778A01021,NATHSEED;TECHIN
ID_0fa1a1026cd0,NDLVENTURE,unique_current_nse_symbol,HINDUJATMT,False,False,,,,HINDUJATMT;HINDUJAVEN;NDLVENTURE;NXTDIGITAL
ID_0fa1a1026cd0,NDLVENTURE,unique_current_nse_symbol,HINDUJAVEN,False,False,2013-01-01,2019-11-08,INE353A01023,HINDUJATMT;HINDUJAVEN;NDLVENTURE;NXTDIGITAL
ID_0fa1a1026cd0,NDLVENTURE,unique_current_nse_symbol,NDLVENTURE,False,True,2023-05-09,2026-03-30,INE353A01023,HINDUJATMT;HINDUJAVEN;NDLVENTURE;NXTDIGITAL
ID_0fa1a1026cd0,NDLVENTURE,unique_current_nse_symbol,NXTDIGITAL,False,False,2019-11-11,2023-05-08,INE353A01023,HINDUJATMT;HINDUJAVEN;NDLVENTURE;NXTDIGITAL
ID_0faa26b94552,UTKARSHBNK,unique_current_nse_symbol,UTKARSHBNK,False,True,2023-07-21,2026-03-30,INE735W01017,UTKARSHBNK
ID_0fc378d99177,INDOAMIN,unique_current_nse_symbol,INDOAMIN,False,True,2022-04-29,2026-03-30,INE760F01028,INDOAMIN
ID_0febccd18a49,GROWWDEFNC,latest_observed_symbol,GROWWDEFNC,False,False,2024-10-11,2026-03-30,INF666M01IO8,GROWWDEFNC
ID_0ff803bf3fa5,JINDRILL,unique_current_nse_symbol,JINDRILL,False,True,2013-01-01,2026-03-30,INE742C01031,JINDRILL
ID_103bfe955484,JARO,unique_current_nse_symbol,JARO,False,True,2025-09-30,2026-03-30,INE00YJ01010,JARO
ID_105545e01d13,RDAXBDD,lexicographic_fallback,NDAXBDD,False,False,,,,NDAXBDD;RDAXBDD
ID_105545e01d13,RDAXBDD,lexicographic_fallback,RDAXBDD,False,False,,,,NDAXBDD;RDAXBDD
ID_106a1c63dbda,VINNY,unique_current_nse_symbol,VINNY,False,True,2022-11-28,2026-03-30,INE01KI01019;INE01KI01027,VINNY
ID_10768eb884e8,INDNIPPON,unique_current_nse_symbol,INDNIPPON,False,True,2013-01-01,2026-03-30,INE092B01017;INE092B01025,INDNIPPON
ID_108739e29980,RIMFAI1BRG,lexicographic_fallback,IVZINA1BRG,False,False,,,,IVZINA1BRG;RIMFAI1BRG
ID_108739e29980,RIMFAI1BRG,lexicographic_fallback,RIMFAI1BRG,False,False,,,,IVZINA1BRG;RIMFAI1BRG
ID_108bef9d9d66,SURAJEST,unique_current_nse_symbol,SURAJEST,False,True,2023-12-26,2026-03-30,INE843S01025,SURAJEST
ID_109003e93803,SECURCRED,latest_observed_symbol,SECURCRED,False,False,2022-10-17,2024-06-21,INE195Y01010,SECURCRED
ID_1099336d36bc,BURNPUR,unique_current_nse_symbol,BURNPUR,False,True,2013-01-01,2025-01-29,INE817H01014,BURNPUR
ID_10aa6767b7a9,STANLEY,unique_current_nse_symbol,STANLEY,False,True,2024-06-28,2026-03-30,INE01A001028,STANLEY
ID_10b8953bb786,ATGL,unique_current_nse_symbol,ADANIGAS,False,False,2018-11-20,2021-01-12,INE399L01023,ADANIGAS;ATGL
ID_10b8953bb786,ATGL,unique_current_nse_symbol,ATGL,True,True,2021-01-13,2026-03-30,INE399L01023,ADANIGAS;ATGL
ID_10c86b9e6687,GSKCONS,latest_observed_symbol,GSKCONS,False,False,2013-01-01,2020-04-15,INE264A01014,GSKCONS;SMITKLBECH
ID_10c86b9e6687,GSKCONS,latest_observed_symbol,SMITKLBECH,False,False,,,,GSKCONS;SMITKLBECH
ID_10cec8a9f116,ABSLPSE,latest_observed_symbol,ABSLPSE,False,False,2024-05-23,2026-03-30,INF209KB19Z4,ABSLPSE
ID_10ee255dbb99,KANSAINER,unique_current_nse_symbol,GOODLASNER,False,False,,,,GOODLASNER;KANSAINER
ID_10ee255dbb99,KANSAINER,unique_current_nse_symbol,KANSAINER,True,True,2013-01-01,2026-03-30,INE531A01016;INE531A01024,GOODLASNER;KANSAINER
ID_10eee3a9cbc0,PGIMFAD1G,lexicographic_fallback,DPRMFAD1,False,False,,,,DPRMFAD1;PGIMFAD1G
ID_10eee3a9cbc0,PGIMFAD1G,lexicographic_fallback,PGIMFAD1G,False,False,,,,DPRMFAD1;PGIMFAD1G
ID_110424dae006,BANKINDIA,unique_current_nse_symbol,BANKINDIA,True,True,2013-01-01,2026-03-30,INE084A01016,BANKINDIA
ID_112ac62ccda1,MOBIKWIK,unique_current_nse_symbol,MOBIKWIK,False,True,2024-12-18,2026-03-30,INE0HLU01028,MOBIKWIK
ID_112c85920f23,KITEX,unique_current_nse_symbol,KITEX,True,True,2013-01-01,2026-03-30,INE602G01020,KITEX
ID_1132bdad82b2,CIFL,unique_current_nse_symbol,CIFL,False,True,2025-04-17,2026-03-30,INE345H01024,CIFL
ID_113f2af1a8ac,MOMENTUM30,latest_observed_symbol,MOMENTUM30,False,False,2025-10-17,2026-03-30,INF174KA1XS6,MOMENTUM30
ID_1151fab7723f,ZYDUSWELL,unique_current_nse_symbol,ZYDUSWELL,True,True,2013-01-01,2026-03-30,INE768C01010;INE768C01028,ZYDUSWELL
ID_1159c3e755c6,MCX,unique_current_nse_symbol,MCX,True,True,2013-01-01,2026-03-30,INE745G01035;INE745G01043,MCX
ID_1159d1e5da8b,GENUSPOWER,unique_current_nse_symbol,GENUSOVERE,False,False,,,,GENUSOVERE;GENUSPOWER
ID_1159d1e5da8b,GENUSPOWER,unique_current_nse_symbol,GENUSPOWER,False,True,2013-01-01,2026-03-30,INE955D01029,GENUSOVERE;GENUSPOWER
ID_117814eeb215,RANEHOLDIN,unique_current_nse_symbol,RANEHOLDIN,False,True,2013-01-01,2026-03-30,INE384A01010,RANEHOLDIN;RANEMADRAS
ID_117814eeb215,RANEHOLDIN,unique_current_nse_symbol,RANEMADRAS,False,False,,,,RANEHOLDIN;RANEMADRAS
ID_117e9d7e0eca,BPL,unique_current_nse_symbol,BPL,False,True,2013-01-01,2026-03-30,INE110A01019,BPL
ID_11935e1e2233,NFL,unique_current_nse_symbol,NFL,True,True,2013-01-01,2026-03-30,INE870D01012,NFL
ID_11a997823326,FKONCO,latest_observed_symbol,DABURPHARM,False,False,,,,DABURPHARM;FKONCO
ID_11a997823326,FKONCO,latest_observed_symbol,FKONCO,False,False,2013-01-01,2014-01-02,INE575G01010,DABURPHARM;FKONCO
ID_11b7881d7ee5,BELRISE,unique_current_nse_symbol,BELRISE,True,True,2025-05-28,2026-03-30,INE894V01022,BELRISE
ID_11ba4162376d,RADICO,unique_current_nse_symbol,RADICO,True,True,2013-01-01,2026-03-30,INE944F01028,RADICO
ID_11c6c47815a7,RDAXCDG,lexicographic_fallback,NDAXCDG,False,False,,,,NDAXCDG;RDAXCDG
ID_11c6c47815a7,RDAXCDG,lexicographic_fallback,RDAXCDG,False,False,,,,NDAXCDG;RDAXCDG
ID_11de33f88e0a,ARTNIRMAN,unique_current_nse_symbol,ARTNIRMAN,False,True,2021-10-20,2026-03-30,INE738V01013,ARTNIRMAN
ID_120a452cdaae,RITCO,unique_current_nse_symbol,RITCO,False,True,2022-04-12,2026-03-30,INE01EG01016,RITCO
ID_1213c332db9c,TATASTEEL,unique_current_nse_symbol,TATASTEEL,True,True,2013-01-01,2026-03-30,INE081A01012;INE081A01020,TATASTEEL;TISCO
ID_1213c332db9c,TATASTEEL,unique_current_nse_symbol,TISCO,False,False,,,,TATASTEEL;TISCO
ID_1217cc6c371f,ACLGATI,latest_observed_symbol,ACLGATI,False,False,2023-11-30,2025-11-11,INE152B01027,ACLGATI;GATI
ID_1217cc6c371f,ACLGATI,latest_observed_symbol,GATI,True,False,2013-01-01,2023-11-29,INE152B01027,ACLGATI;GATI
ID_121b3a95ad4c,VALIANTLAB,unique_current_nse_symbol,VALIANTLAB,False,True,2023-10-20,2026-03-30,INE0JWS01017,VALIANTLAB
ID_121b666e1af1,SOFTTECHGR,latest_observed_symbol,SOFTTECHGR,False,False,2013-01-01,2017-06-20,INE863A01013,SOFTTECHGR
ID_121e282ee83d,MIDCAPETF,latest_observed_symbol,MAM150ETF,False,False,2022-03-15,2023-08-31,INF769K01IC9,MAM150ETF;MIDCAPETF
ID_121e282ee83d,MIDCAPETF,latest_observed_symbol,MIDCAPETF,False,False,2023-09-01,2026-03-30,INF769K01IC9,MAM150ETF;MIDCAPETF
ID_1235864d56e4,RAJOIL,latest_observed_symbol,RAJOIL,False,False,2013-01-01,2017-11-21,INE294G01018,RAJOIL
ID_126cf90e7e45,CYBERTECH,unique_current_nse_symbol,CYBERTECH,False,True,2013-01-01,2026-03-30,INE214A01019,CYBERTECH
ID_127277108bbf,PGIMAED4D,lexicographic_fallback,DPRMAED4,False,False,,,,DPRMAED4;PGIMAED4D
ID_127277108bbf,PGIMAED4D,lexicographic_fallback,PGIMAED4D,False,False,,,,DPRMAED4;PGIMAED4D
ID_127617924feb,SILVERBND,latest_observed_symbol,SILVERBND,False,False,2025-12-12,2026-03-30,INF194KB1KI9,SILVERBND
ID_127664754194,SREEL,unique_current_nse_symbol,SREEL,False,True,2014-01-01,2026-03-30,INE099F01013,SREEL
ID_12789d49512f,SBIETFQLTY,latest_observed_symbol,SBIETFQLTY,False,False,2018-12-17,2026-03-30,INF200KA1WX6,SBIETFQLTY
ID_12996cc9004a,COFFEEDAY,unique_current_nse_symbol,COFFEEDAY,True,True,2015-11-02,2026-03-30,INE335K01011,COFFEEDAY
ID_12e2dfb4eb5f,UMESLTD,unique_current_nse_symbol,UMESLTD,False,True,2013-03-01,2026-03-18,INE240C01028,UMESLTD
ID_12f5610b2d96,PAEL,latest_observed_symbol,PAEL,False,False,2013-01-01,2022-04-08,INE766A01018,PAEL;PREMAUTOEL
ID_12f5610b2d96,PAEL,latest_observed_symbol,PREMAUTOEL,False,False,,,,PAEL;PREMAUTOEL
ID_1304b3ee6e51,ISMTLTD,latest_observed_symbol,ISMTLTD,False,False,2013-01-01,2024-08-05,INE732F01019,ISMTLTD
ID_130cfdd7befa,PGIMC6D1G,lexicographic_fallback,DWSLCFS2DG,False,False,,,,DWSLCFS2DG;PGIMC6D1G
ID_130cfdd7befa,PGIMC6D1G,lexicographic_fallback,PGIMC6D1G,False,False,,,,DWSLCFS2DG;PGIMC6D1G
ID_1333128dfb9f,PBMPOLY,unique_current_nse_symbol,PBMPOLY,False,True,,,,PBMPOLY
ID_133eac626806,DSSL,unique_current_nse_symbol,DSSL,False,True,2013-01-01,2026-03-30,INE417B01040,DSSL
ID_13592c9eb54b,GMDCLTD,unique_current_nse_symbol,GMDCLTD,True,True,2013-01-01,2026-03-30,INE131A01031,GMDCLTD
ID_135c93dc6255,PATSPINLTD,latest_observed_symbol,PATSPINLTD,False,False,2013-01-01,2022-01-03,INE790C01014,PATSPINLTD
ID_13676eb2f9b1,JKCEMENT,unique_current_nse_symbol,JKCEMENT,True,True,2013-01-01,2026-03-30,INE823G01014,JKCEMENT
ID_1368deff382d,INDGN,unique_current_nse_symbol,INDGN,True,True,2024-05-13,2026-03-30,INE065X01017,INDGN
ID_1371a94648fa,TORNTPHARM,unique_current_nse_symbol,TORNTPHARM,True,True,2013-01-01,2026-03-30,INE685A01028,TORNTPHARM
ID_13b34cede44b,JP38D,lexicographic_fallback,E38D,False,False,,,,E38D;JP38D
ID_13b34cede44b,JP38D,lexicographic_fallback,JP38D,False,False,,,,E38D;JP38D
ID_13b3952c4ebf,ASTRON,unique_current_nse_symbol,ASTRON,False,True,2018-01-12,2026-03-30,INE646X01014,ASTRON
ID_13b70880ff18,ALBK,latest_observed_symbol,ALBK,True,False,2013-01-01,2020-03-19,INE428A01015,ALBK
ID_13ce926eaa50,VGUARD,unique_current_nse_symbol,VGUARD,True,True,2013-01-01,2026-03-30,INE951I01019;INE951I01027,VGUARD
ID_13d17e93b403,DISHTV,unique_current_nse_symbol,DISHTV,True,True,2013-01-01,2026-03-30,INE836F01026,DISHTV
ID_13d87d50dd91,SATHAISPAT,latest_observed_symbol,SATHAISPAT,False,False,2013-01-01,2020-05-18,INE176C01016,SATHAISPAT;SATHVANISP
ID_13d87d50dd91,SATHAISPAT,latest_observed_symbol,SATHVANISP,False,False,,,,SATHAISPAT;SATHVANISP
ID_13dcaf499c02,M&MFIN,unique_current_nse_symbol,M&MFIN,True,True,2013-01-01,2026-03-30,INE774D01016;INE774D01024,M&MFIN
ID_13e64d4a5c88,PRM1SGP,lexicographic_fallback,PGIM1SGPG,False,False,,,,PGIM1SGPG;PRM1SGP
ID_13e64d4a5c88,PRM1SGP,lexicographic_fallback,PRM1SGP,False,False,,,,PGIM1SGPG;PRM1SGP
ID_1403505249bb,JKPAPER,unique_current_nse_symbol,JKPAPER,True,True,2013-01-01,2026-03-30,INE789E01012,JKPAPER
ID_1415e8cb9130,HDFCNEXT50,latest_observed_symbol,HDFCNEXT50,False,False,2022-08-11,2026-03-30,INF179KC1DA9;INF179KC1HS2,HDFCNEXT50
ID_142a92f7b61f,PIRAMALFIN,unique_current_nse_symbol,PIRAMALFIN,True,True,2025-11-21,2026-03-30,INE202B01038,PIRAMALFIN
ID_142acae0db8b,RHL,unique_current_nse_symbol,RHL,False,True,2023-05-10,2026-03-30,INE508K01013,RHL
ID_1432ce911b1c,TVSSRICHAK,unique_current_nse_symbol,SRICHAKTYR,False,False,,,,SRICHAKTYR;TVSSRICHAK
ID_1432ce911b1c,TVSSRICHAK,unique_current_nse_symbol,TVSSRICHAK,True,True,2013-01-01,2026-03-30,INE421C01016,SRICHAKTYR;TVSSRICHAK
ID_14448bf901e1,MIIL,unique_current_nse_symbol,MIIL,False,True,,,,MIIL
ID_145dd73721b2,NIFTY100EW,latest_observed_symbol,NIFTY100EW,False,False,2025-03-04,2026-03-30,INF174KA1UW4,NIFTY100EW
ID_145eec3c05bb,BSLNIFTY,latest_observed_symbol,BSLNIFTY,False,False,2013-01-01,2026-03-30,INF209K01IR4;INF209KB19D1,BSLNIFTY
ID_145efe56f1d4,BCPL,unique_current_nse_symbol,BCPL,False,True,2026-03-27,2026-03-30,INE00SW01015,BCPL
ID_14751f0031ab,HUGHESSOFT,lexicographic_fallback,FSS,False,False,,,,FSS;HUGHESSOFT
ID_14751f0031ab,HUGHESSOFT,lexicographic_fallback,HUGHESSOFT,False,False,,,,FSS;HUGHESSOFT
ID_14a402815b39,RELBANK,latest_observed_symbol,RELBANK,False,False,2013-01-01,2016-11-02,INF733I01028,RELBANK
ID_14c00ebc7bc7,HDFCGOLD,latest_observed_symbol,HDFCGOLD,False,False,2023-06-16,2026-03-30,INF179KC1981,HDFCGOLD;HDFCMFGETF
ID_14c00ebc7bc7,HDFCGOLD,latest_observed_symbol,HDFCMFGETF,False,False,2013-01-01,2023-06-15,INF179K01CN1;INF179KC1981,HDFCGOLD;HDFCMFGETF
ID_14c9f99bcf93,PIGL,unique_current_nse_symbol,PIGL,False,True,2023-05-17,2026-03-30,INE557Z01018,PIGL
ID_14cd29914328,PEACOCKIND,latest_observed_symbol,PEACOCKIND,False,False,2013-01-01,2013-07-05,INE600A01019,PEACOCKIND
ID_14d26336c67e,PARAL,latest_observed_symbol,PARAL,False,False,2013-01-01,2014-05-22,INE620C01013,PARAL
ID_15010539315b,PFOCUS,unique_current_nse_symbol,PFOCUS,True,True,2013-01-01,2026-03-30,INE367G01038,PFOCUS
ID_151dfd9eb205,GHCLTEXTIL,unique_current_nse_symbol,GHCLTEXTIL,False,True,2023-06-26,2026-03-30,INE0PA801013,GHCLTEXTIL
ID_1522b02fdcef,VIYASH,unique_current_nse_symbol,SEQUENT,True,False,2016-03-10,2026-01-22,INE807F01027,SEQUENT;VIYASH
ID_1522b02fdcef,VIYASH,unique_current_nse_symbol,VIYASH,False,True,2026-01-23,2026-03-30,INE807F01027,SEQUENT;VIYASH
ID_1564acbc4080,LINCOLN,unique_current_nse_symbol,LINCOLN,False,True,2015-12-17,2026-03-30,INE405C01035,LINCOLN
ID_156625d35587,GLFL,unique_current_nse_symbol,GLFL,False,True,2013-01-01,2026-02-24,INE540A01017,GLFL
ID_156a9f4a27c4,TRANSRAILL,unique_current_nse_symbol,TRANSRAILL,False,True,2024-12-27,2026-03-30,INE454P01035,TRANSRAILL
ID_157f81bc08ca,SURANAIND,latest_observed_symbol,SURANAIND,False,False,2013-01-01,2018-03-16,INE659D01019,SURANAIND
ID_15baa1dd8401,KPIL,unique_current_nse_symbol,KALPATPOWR,False,False,2013-01-01,2023-06-05,INE220B01022,KALPATPOWR;KPIL
ID_15baa1dd8401,KPIL,unique_current_nse_symbol,KPIL,True,True,2023-06-06,2026-03-30,INE220B01022,KALPATPOWR;KPIL
ID_15bda97156e4,SAKAR,unique_current_nse_symbol,SAKAR,False,True,2019-04-11,2026-03-30,INE732S01012,SAKAR
ID_15d5f3e6293d,PGIMC6DPD,lexicographic_fallback,DWSLCFS2RD,False,False,,,,DWSLCFS2RD;PGIMC6DPD
ID_15d5f3e6293d,PGIMC6DPD,lexicographic_fallback,PGIMC6DPD,False,False,,,,DWSLCFS2RD;PGIMC6DPD
ID_15d6de035abf,GALAXYSURF,unique_current_nse_symbol,GALAXYSURF,True,True,2018-02-08,2026-03-30,INE600K01018,GALAXYSURF
ID_15d80144616f,VIMALOIL,latest_observed_symbol,VIMALOIL,False,False,2013-05-21,2017-04-10,INE067D01015,VIMALOIL
ID_15d9551d1cf1,SPCENET,unique_current_nse_symbol,SPCENET,False,True,2017-01-24,2026-03-30,INE970N01027,SPCENET
ID_16146ad8e559,NIFTYIETF,latest_observed_symbol,ICICINIFTY,False,False,2018-04-10,2023-12-19,INF109K012R6,ICICINIFTY;INIFTY;NIFETF;NIFTYIETF;NIFTYIWIN
ID_16146ad8e559,NIFTYIETF,latest_observed_symbol,INIFTY,False,False,2014-05-05,2016-07-22,INF109K012R6,ICICINIFTY;INIFTY;NIFETF;NIFTYIETF;NIFTYIWIN
ID_16146ad8e559,NIFTYIETF,latest_observed_symbol,NIFETF,False,False,2013-04-05,2014-05-02,INF109K012R6,ICICINIFTY;INIFTY;NIFETF;NIFTYIETF;NIFTYIWIN
ID_16146ad8e559,NIFTYIETF,latest_observed_symbol,NIFTYIETF,False,False,2023-12-20,2026-03-30,INF109K012R6,ICICINIFTY;INIFTY;NIFETF;NIFTYIETF;NIFTYIWIN
ID_16146ad8e559,NIFTYIETF,latest_observed_symbol,NIFTYIWIN,False,False,2016-07-25,2018-04-09,INF109K012R6,ICICINIFTY;INIFTY;NIFETF;NIFTYIETF;NIFTYIWIN
ID_1617fcef23fb,ESTER,unique_current_nse_symbol,ESTER,False,True,2013-01-01,2026-03-30,INE778B01029,ESTER
ID_161e6cece7a4,FINCABLES,unique_current_nse_symbol,FINCABLES,True,True,2013-01-01,2026-03-30,INE235A01022,FINCABLES
ID_162df4077e37,WELSPLSOL,unique_current_nse_symbol,WELSPLSOL,False,True,,,,WELSPLSOL
ID_16333fbf45ab,BEPL,unique_current_nse_symbol,BEPL,False,True,2013-01-02,2026-03-30,INE922A01025,BEPL;BHANSALENG
ID_16333fbf45ab,BEPL,unique_current_nse_symbol,BHANSALENG,False,False,,,,BEPL;BHANSALENG
ID_164034a2bf2f,MHLXMIRU,unique_current_nse_symbol,MHLXMIRU,False,True,2022-01-27,2026-03-30,INE112D01035,MHLXMIRU
ID_164614fee2c1,IRMENERGY,unique_current_nse_symbol,IRMENERGY,False,True,2023-10-26,2026-03-30,INE07U701015,IRMENERGY
ID_1652af63ab08,TTKHLTCARE,unique_current_nse_symbol,TTKHEALTH,False,False,2013-01-01,2014-12-23,INE910C01018,TTKHEALTH;TTKHLTCARE
ID_1652af63ab08,TTKHLTCARE,unique_current_nse_symbol,TTKHLTCARE,False,True,2015-12-02,2026-03-30,INE910C01018,TTKHEALTH;TTKHLTCARE
ID_166453d145dc,ISGEC,unique_current_nse_symbol,ISGEC,False,True,2021-05-05,2026-03-30,INE858B01029,ISGEC
ID_168a1f1ba467,JP37G,lexicographic_fallback,E37G,False,False,,,,E37G;JP37G
ID_168a1f1ba467,JP37G,lexicographic_fallback,JP37G,False,False,,,,E37G;JP37G
ID_169969005eae,TCC,unique_current_nse_symbol,TCC,False,True,2026-02-25,2026-03-30,INE887D01016,TCC
ID_16a6145586b4,GNA,unique_current_nse_symbol,GNA,False,True,2016-10-10,2026-03-30,INE934S01014,GNA
ID_16c62348fbb8,TIMKEN,unique_current_nse_symbol,TATATIMKEN,False,False,,,,TATATIMKEN;TIMKEN
ID_16c62348fbb8,TIMKEN,unique_current_nse_symbol,TIMKEN,True,True,2013-01-01,2026-03-30,INE325A01013,TATATIMKEN;TIMKEN
ID_16d546272503,AAVAS,unique_current_nse_symbol,AAVAS,True,True,2018-10-08,2026-03-30,INE216P01012,AAVAS
ID_16f76138dc6a,E2E,unique_current_nse_symbol,E2E,False,True,2022-04-12,2026-02-23,INE255Z01019,E2E
ID_16f7d297e135,LAKSHVILAS,latest_observed_symbol,LAKSHVILAS,True,False,2013-01-01,2020-11-25,INE694C01018,LAKSHVILAS
ID_17075f71b63d,MONIFTY100,latest_observed_symbol,MONIFTY100,False,False,2025-10-16,2026-03-30,INF247L01GG9,MONIFTY100
ID_17231be0dc5f,RDAIIIARG,lexicographic_fallback,NDAIIIARG,False,False,,,,NDAIIIARG;RDAIIIARG
ID_17231be0dc5f,RDAIIIARG,lexicographic_fallback,RDAIIIARG,False,False,,,,NDAIIIARG;RDAIIIARG
ID_173a7b6897f6,VARUNSHIP,latest_observed_symbol,VARUNSHIP,False,False,2013-01-01,2015-07-10,INE702A01013,VARUNSHIP
ID_1744e7464d03,HISARMETAL,unique_current_nse_symbol,HISARMETAL,False,True,2017-01-05,2026-03-30,INE598C01011,HISARMETAL
ID_1753cd77f4f5,ANTHEM,unique_current_nse_symbol,ANTHEM,True,True,2025-07-21,2026-03-30,INE0CZ201020,ANTHEM
ID_175c372cddb0,GVPTECH,unique_current_nse_symbol,4THDIM,False,False,2022-09-22,2022-12-05,INE382T01022,4THDIM;GVPTECH
ID_175c372cddb0,GVPTECH,unique_current_nse_symbol,GVPTECH,False,True,2024-03-26,2026-03-30,INE382T01030,4THDIM;GVPTECH
ID_175df276cacd,HDFCPSUBK,latest_observed_symbol,HDFCPSUBK,False,False,2024-02-07,2026-03-30,INF179KC1HW4,HDFCPSUBK
ID_17921b580952,KRITI,unique_current_nse_symbol,KRITI,False,True,2021-11-01,2026-03-30,INE479D01038,KRITI;KRITIIND
ID_17921b580952,KRITI,unique_current_nse_symbol,KRITIIND,False,False,2013-01-01,2015-01-29,INE479D01038,KRITI;KRITIIND
ID_17e0f0004d3c,PGIMBAD1G,lexicographic_fallback,DPRMBAD1G,False,False,,,,DPRMBAD1G;PGIMBAD1G
ID_17e0f0004d3c,PGIMBAD1G,lexicographic_fallback,PGIMBAD1G,False,False,,,,DPRMBAD1G;PGIMBAD1G
ID_17e396c1547a,ARVIND,unique_current_nse_symbol,ARVIND,True,True,2013-01-01,2026-03-30,INE034A01011,ARVIND;ARVINDMILL
ID_17e396c1547a,ARVIND,unique_current_nse_symbol,ARVINDMILL,False,False,,,,ARVIND;ARVINDMILL
ID_17e459cdbea8,KIMS,unique_current_nse_symbol,KIMS,True,True,2021-06-28,2026-03-30,INE967H01017;INE967H01025,KIMS
ID_17f303527a3a,PGIMACDPD,lexicographic_fallback,DPRMACDP,False,False,,,,DPRMACDP;PGIMACDPD
ID_17f303527a3a,PGIMACDPD,lexicographic_fallback,PGIMACDPD,False,False,,,,DPRMACDP;PGIMACDPD
ID_181c5c8e545f,HBSTOCK,latest_observed_symbol,HBSTOCK,False,False,2013-01-01,2018-03-08,INE550B01014,HBSTOCK
ID_1824b90d44cd,TULIP,latest_observed_symbol,TULIP,True,False,2013-01-01,2014-07-08,INE122H01027,TULIP
ID_183d35c51f74,TASTYBITE,unique_current_nse_symbol,TASTYBITE,True,True,2017-03-23,2026-03-30,INE488B01017,TASTYBITE
ID_184e208bf762,BODHTREE,latest_observed_symbol,BODHTREE,False,False,2013-01-14,2013-02-21,INE104F01011,BODHTREE
ID_1851ae7c23fb,ONELIFECAP,unique_current_nse_symbol,ONELIFECAP,False,True,2013-01-01,2026-03-30,INE912L01015,ONELIFECAP
ID_185f5bd8e728,USHAMART,unique_current_nse_symbol,USHABEL,False,False,,,,USHABEL;USHAMART
ID_185f5bd8e728,USHAMART,unique_current_nse_symbol,USHAMART,True,True,2013-01-01,2026-03-30,INE228A01035,USHABEL;USHAMART
ID_186f052aeade,TAINWALCHM,unique_current_nse_symbol,TAINWALCHM,False,True,2013-01-01,2026-03-30,INE123C01018,TAINWALCHM
ID_18860cefaff3,BBNPNBETF,latest_observed_symbol,BBNPNBETF,False,False,2024-06-24,2026-03-30,INF251K01TL6,BBNPNBETF
ID_188ae5e5177b,NAZARA,unique_current_nse_symbol,NAZARA,True,True,2021-03-30,2026-03-30,INE418L01021;INE418L01047,NAZARA
ID_188f8f86aa92,GREAVESCOT,unique_current_nse_symbol,GREAVES,False,False,,,,GREAVES;GREAVESCOT
ID_188f8f86aa92,GREAVESCOT,unique_current_nse_symbol,GREAVESCOT,True,True,2013-01-01,2026-03-30,INE224A01026,GREAVES;GREAVESCOT
ID_18991d70f54e,ABSLAMC,unique_current_nse_symbol,ABSLAMC,True,True,2021-10-11,2026-03-30,INE404A01024,ABSLAMC
ID_189aea14b630,RDAFTFIVCG,lexicographic_fallback,NDAFTFIVCG,False,False,,,,NDAFTFIVCG;RDAFTFIVCG
ID_189aea14b630,RDAFTFIVCG,lexicographic_fallback,RDAFTFIVCG,False,False,,,,NDAFTFIVCG;RDAFTFIVCG
ID_18ccfa93b112,MFML,unique_current_nse_symbol,MFML,False,True,2024-09-10,2026-03-30,INE0US801024,MFML
ID_18d25a33a06d,RDAXIEDD,lexicographic_fallback,NDAXIEDD,False,False,,,,NDAXIEDD;RDAXIEDD
ID_18d25a33a06d,RDAXIEDD,lexicographic_fallback,RDAXIEDD,False,False,,,,NDAXIEDD;RDAXIEDD
ID_18d4ae13595a,MBECL,unique_current_nse_symbol,MBECL,False,True,2013-01-01,2024-08-08,INE748A01016,MBECL
ID_18fa8c3c0889,NACLIND,unique_current_nse_symbol,NACLIND,False,True,2017-09-29,2026-03-30,INE295D01020,NACLIND;NAGAAGRI
ID_18fa8c3c0889,NACLIND,unique_current_nse_symbol,NAGAAGRI,False,False,2017-04-07,2017-09-28,INE295D01020,NACLIND;NAGAAGRI
ID_18fd7832d15f,KUNDANMM,lexicographic_fallback,EASTSUGIND,False,False,,,,EASTSUGIND;KUNDANMM
ID_18fd7832d15f,KUNDANMM,lexicographic_fallback,KUNDANMM,False,False,,,,EASTSUGIND;KUNDANMM
ID_191a444fb407,HAPPYFORGE,unique_current_nse_symbol,HAPPYFORGE,True,True,2023-12-27,2026-03-30,INE330T01021,HAPPYFORGE
ID_1930a66423b7,SONAHISONA,lexicographic_fallback,GOLDKART,False,False,,,,GOLDKART;SONAHISONA
ID_1930a66423b7,SONAHISONA,lexicographic_fallback,SONAHISONA,False,False,,,,GOLDKART;SONAHISONA
ID_1961737d2738,HINDSYNTEX,latest_observed_symbol,HINDSYNTEX,False,False,2013-06-14,2019-09-09,INE155B01012,HINDSYNTEX
ID_196c0767fc36,AARVI,unique_current_nse_symbol,AARVI,False,True,2020-06-24,2026-03-30,INE754X01016,AARVI
ID_198859bd6417,ANNU,unique_current_nse_symbol,ANNU,False,True,,,,ANNU
ID_1994d0a66f00,ASHCONIUL,latest_observed_symbol,ASHCONIUL,False,False,2013-01-01,2013-07-18,INE714F01033,ASHCONIUL
ID_19a959a8fb38,ITBETA,latest_observed_symbol,ITBETA,False,False,2025-12-24,2026-03-30,INF789F1AZD8,ITBETA;NIFITETF
ID_19a959a8fb38,ITBETA,latest_observed_symbol,NIFITETF,False,False,2024-02-01,2025-12-23,INF789F1AZD8,ITBETA;NIFITETF
ID_19ade96d63ed,DHOOTTRANS,unique_current_nse_symbol,DHOOTTRANS,False,True,,,,DHOOTTRANS
ID_19ba0953226c,SILVERAG,latest_observed_symbol,MASILVER,False,False,2023-06-15,2023-08-31,INF769K01KG6,MASILVER;SILVERAG;SILVRETF
ID_19ba0953226c,SILVERAG,latest_observed_symbol,SILVERAG,False,False,2025-09-15,2026-03-30,INF769K01KG6,MASILVER;SILVERAG;SILVRETF
ID_19ba0953226c,SILVERAG,latest_observed_symbol,SILVRETF,False,False,2023-09-01,2025-09-12,INF769K01KG6,MASILVER;SILVERAG;SILVRETF
ID_19d8f334f422,KAVDEFENCE,unique_current_nse_symbol,KAVDEFENCE,False,True,2025-09-09,2026-02-23,INE641C01019,KAVDEFENCE;KAVVERITEL
ID_19d8f334f422,KAVDEFENCE,unique_current_nse_symbol,KAVVERITEL,False,False,2013-01-01,2024-05-29,INE641C01019,KAVDEFENCE;KAVVERITEL
ID_19f268f256bc,CPSEETF,latest_observed_symbol,CPSEETF,False,False,2014-04-04,2026-03-30,INF457M01133,CPSEETF
ID_1a05820e47ac,IGCL,unique_current_nse_symbol,IGCL,False,True,2025-07-17,2026-03-30,INE05J901018,IGCL
ID_1a06a73e45f4,AVATAR,lexicographic_fallback,ASLIND,False,False,,,,ASLIND;AVATAR
ID_1a06a73e45f4,AVATAR,lexicographic_fallback,AVATAR,False,False,,,,ASLIND;AVATAR
ID_1a21a9feaf8c,BAJAJELEC,unique_current_nse_symbol,BAJAJELEC,True,True,2013-01-01,2026-03-30,INE193E01025,BAJAJELEC
ID_1a372e8320d2,ZIMLAB,unique_current_nse_symbol,ZIMLAB,False,True,2022-11-25,2026-03-30,INE518E01015,ZIMLAB
ID_1a431416e1e9,RDAXIEDDD,lexicographic_fallback,NDAXIEDDD,False,False,,,,NDAXIEDDD;RDAXIEDDD
ID_1a431416e1e9,RDAXIEDDD,lexicographic_fallback,RDAXIEDDD,False,False,,,,NDAXIEDDD;RDAXIEDDD
ID_1a50ef40486a,PGIMAZGPG,lexicographic_fallback,DPRMAZGPG,False,False,,,,DPRMAZGPG;PGIMAZGPG
ID_1a50ef40486a,PGIMAZGPG,lexicographic_fallback,PGIMAZGPG,False,False,,,,DPRMAZGPG;PGIMAZGPG
ID_1a56f553131e,GROWWRLTY,latest_observed_symbol,GROWWRLTY,False,False,2025-10-09,2026-03-30,INF666M01MN2,GROWWRLTY
ID_1a61bd28a5bf,RMFINARDR1,lexicographic_fallback,NMFINARDR1,False,False,,,,NMFINARDR1;RMFINARDR1
ID_1a61bd28a5bf,RMFINARDR1,lexicographic_fallback,RMFINARDR1,False,False,,,,NMFINARDR1;RMFINARDR1
ID_1a669e32c460,PGIMFAADD,lexicographic_fallback,DPRMFAAD,False,False,,,,DPRMFAAD;PGIMFAADD
ID_1a669e32c460,PGIMFAADD,lexicographic_fallback,PGIMFAADD,False,False,,,,DPRMFAAD;PGIMFAADD
ID_1a814c039cd6,PGIMAZDPD,lexicographic_fallback,DPRMAZDPD,False,False,,,,DPRMAZDPD;PGIMAZDPD
ID_1a814c039cd6,PGIMAZDPD,lexicographic_fallback,PGIMAZDPD,False,False,,,,DPRMAZDPD;PGIMAZDPD
ID_1a8f971c1237,NRAIL,unique_current_nse_symbol,NRAIL,False,True,2017-04-05,2026-03-30,INE740D01017,NRAIL
ID_1a9a69ef2ff9,21STCENMGM,unique_current_nse_symbol,21STCENMGM,False,True,2018-04-10,2026-03-30,INE253B01015,21STCENMGM
ID_1aa23c488bcc,MUKANDLTD,unique_current_nse_symbol,MUKANDLTD,False,True,2013-01-01,2026-03-30,INE304A01026,MUKANDLTD
ID_1aa7b21c306b,XLENERGY,latest_observed_symbol,XLENERGY,False,False,2013-03-01,2018-03-16,INE183H01011,XLENERGY;XLTELENE;XLTL
ID_1aa7b21c306b,XLENERGY,latest_observed_symbol,XLTELENE,False,False,,,,XLENERGY;XLTELENE;XLTL
ID_1aa7b21c306b,XLENERGY,latest_observed_symbol,XLTL,False,False,,,,XLENERGY;XLTELENE;XLTL
ID_1ab8a809147e,SHRADDHA,unique_current_nse_symbol,SHRADDHA,False,True,,,,SHRADDHA
ID_1ac68232d43c,RIIL,unique_current_nse_symbol,RIIL,True,True,2013-01-01,2026-03-30,INE046A01015,RIIL
ID_1ad0494692e5,APTUS,unique_current_nse_symbol,APTUS,True,True,2021-08-24,2026-03-30,INE852O01025,APTUS
ID_1ad1666de70f,OPTOCIRCUI,latest_observed_symbol,OPTOCIRCUI,False,False,2013-01-01,2021-02-19,INE808B01016,OPTOCIRCUI
ID_1b03ac3ca5fc,VIKASECO,unique_current_nse_symbol,VIKASECO,False,True,2015-12-21,2026-03-30,INE806A01020,VIKASECO;VIKASGLOB
ID_1b03ac3ca5fc,VIKASECO,unique_current_nse_symbol,VIKASGLOB,False,False,2013-01-01,2015-12-18,INE806A01012;INE806A01020,VIKASECO;VIKASGLOB
ID_1b03bb3e649a,PNBGILTS,unique_current_nse_symbol,PNBGILTS,False,True,2013-01-01,2026-03-30,INE859A01011,PNBGILTS
ID_1b198cdda930,ABINFRA,unique_current_nse_symbol,ABINFRA,False,True,2025-01-13,2026-03-30,INE00YB01017;INE00YB01025,ABINFRA
ID_1b1b66d1755a,HATSUN,unique_current_nse_symbol,HATSUN,True,True,2014-06-20,2026-03-30,INE473B01035,HATSUN
ID_1b38d024fbc6,CEMPRO,unique_current_nse_symbol,CEMPRO,True,True,2025-09-17,2026-03-30,INE686A01026,CEMPRO;ITDCEM;TRAFALHSE
ID_1b38d024fbc6,CEMPRO,unique_current_nse_symbol,ITDCEM,True,False,2013-01-01,2025-09-16,INE686A01018;INE686A01026,CEMPRO;ITDCEM;TRAFALHSE
ID_1b38d024fbc6,CEMPRO,unique_current_nse_symbol,TRAFALHSE,False,False,,,,CEMPRO;ITDCEM;TRAFALHSE
ID_1b50ffef48bf,BAFNAPHARM,latest_observed_symbol,BAFNAPHARM,False,False,2013-01-01,2019-05-31,INE878I01014,BAFNAPHARM
ID_1b64b2437075,ELECTHERM,unique_current_nse_symbol,ELECTHERM,False,True,2013-03-01,2026-03-30,INE822G01016,ELECTHERM
ID_1b7d132345d5,GREENPANEL,unique_current_nse_symbol,GREENPANEL,True,True,2019-11-06,2026-03-30,INE08ZM01014,GREENPANEL
ID_1b821765d452,ESDS,unique_current_nse_symbol,ESDS,False,True,,,,ESDS
ID_1b99ddd6c416,LIQGRWBEES,latest_observed_symbol,LIQGRWBEES,False,False,2025-07-25,2026-03-30,INF204KC1FU1,LIQGRWBEES
ID_1ba5e99bb324,GBGLOBAL,latest_observed_symbol,GBGLOBAL,False,False,2020-03-11,2021-05-19,INE087J01028,GBGLOBAL;MIL
ID_1ba5e99bb324,GBGLOBAL,latest_observed_symbol,MIL,False,False,2019-06-21,2019-06-28,INE087J01028,GBGLOBAL;MIL
ID_1baba3b9d2ce,HDFCQUAL,latest_observed_symbol,HDFCQUAL,False,False,2022-09-29,2026-03-30,INF179KC1DL6,HDFCQUAL
ID_1bc40f96adc1,RRKABEL,unique_current_nse_symbol,RRKABEL,True,True,2023-09-20,2026-03-30,INE777K01022,RRKABEL
ID_1be65134aac9,NUVOCO,unique_current_nse_symbol,NUVOCO,True,True,2021-08-23,2026-03-30,INE118D01016,NUVOCO
ID_1be6c6148b6b,LOTUSCHO,unique_current_nse_symbol,LOTUSCHO,False,True,,,,LOTUSCHO
ID_1be8774130f2,PGIMBBQDD,lexicographic_fallback,DPRMBBQDD,False,False,,,,DPRMBBQDD;PGIMBBQDD
ID_1be8774130f2,PGIMBBQDD,lexicographic_fallback,PGIMBBQDD,False,False,,,,DPRMBBQDD;PGIMBBQDD
ID_1befc067101a,JITFINFRA,unique_current_nse_symbol,JITFINFRA,False,True,2023-11-22,2026-02-23,INE863T01013,JITFINFRA
ID_1c1596e8778d,ANKURDRUGS,latest_observed_symbol,ANKURDRUGS,False,False,2013-01-01,2013-08-22,INE238D01012,ANKURDRUGS
ID_1c348f4c6053,KNAGRI,unique_current_nse_symbol,KNAGRI,False,True,2025-12-09,2026-03-30,INE0KNW01016,KNAGRI
ID_1c39bdc1e837,LAMBODHARA,unique_current_nse_symbol,LAMBODHARA,False,True,2015-02-04,2026-03-30,INE112F01014;INE112F01022,LAMBODHARA
ID_1c4a3d7a11ec,GLOBOFFS,latest_observed_symbol,GARWOFFS,False,False,,,,GARWOFFS;GLOBOFFS
ID_1c4a3d7a11ec,GLOBOFFS,latest_observed_symbol,GLOBOFFS,False,False,2013-01-01,2021-03-12,INE446C01013,GARWOFFS;GLOBOFFS
ID_1c5cbc41a0b5,GKWLIMITED,unique_current_nse_symbol,GKWLIMITED,False,True,2013-01-01,2026-03-30,INE528A01020,GKWLIMITED
ID_1c6fe50675b6,POLYPLEX,unique_current_nse_symbol,POLYPLEX,True,True,2013-01-01,2026-03-30,INE633B01018,POLYPLEX
ID_1c99e19efe06,SRF,unique_current_nse_symbol,SRF,True,True,2013-01-01,2026-03-30,INE647A01010,SRF
ID_1ca28506c631,BFSI,latest_observed_symbol,BFSI,False,False,2023-09-01,2026-03-30,INF769K01HI8,BFSI;MAFSETF
ID_1ca28506c631,BFSI,latest_observed_symbol,MAFSETF,False,False,2021-08-05,2023-08-31,INF769K01HI8,BFSI;MAFSETF
ID_1cb565e3ed33,PVTBANKADD,latest_observed_symbol,DSPPVBKETF,False,False,2023-08-02,2024-02-14,INF740KA1TA7,DSPPVBKETF;PVTBANKADD
ID_1cb565e3ed33,PVTBANKADD,latest_observed_symbol,PVTBANKADD,False,False,2024-02-15,2026-03-30,INF740KA1TA7,DSPPVBKETF;PVTBANKADD
ID_1cb75e543ff6,HITECH,unique_current_nse_symbol,HITECH,False,True,2018-05-07,2026-03-30,INE106T01017;INE106T01025,HITECH
ID_1cc852cb4a82,IFCI,unique_current_nse_symbol,IFCI,True,True,2013-01-01,2026-03-30,INE039A01010,IFCI
ID_1cd7bb84fe66,BSOFT,unique_current_nse_symbol,BSOFT,True,True,2019-02-26,2026-03-30,INE836A01035,BSOFT;KPIT
ID_1cd7bb84fe66,BSOFT,unique_current_nse_symbol,KPIT,True,False,2013-01-01,2019-02-25,INE836A01035,BSOFT;KPIT
ID_1d0581e8787b,SEMAC,unique_current_nse_symbol,REVATHI,False,False,2013-03-01,2023-07-04,INE617A01013,REVATHI;SEMAC
ID_1d0581e8787b,SEMAC,unique_current_nse_symbol,SEMAC,False,True,2024-01-15,2026-03-30,INE617A01013,REVATHI;SEMAC
ID_1d0639c65ad5,HARITASEAT,latest_observed_symbol,HARITASEAT,False,False,2013-01-01,2021-04-09,INE939D01015,HARITASEAT
ID_1d0931e48fdc,BOSCHLTD,unique_current_nse_symbol,BOSCHLTD,True,True,2013-01-01,2026-03-30,INE323A01026,BOSCHLTD;MICO
ID_1d0931e48fdc,BOSCHLTD,unique_current_nse_symbol,MICO,False,False,,,,BOSCHLTD;MICO
ID_1d613a5b636f,ALPL30IETF,latest_observed_symbol,ALPL30IETF,False,False,2023-12-20,2026-03-30,INF109KC17V7;INF109KC1N59,ALPL30IETF;ICICIALPLV
ID_1d613a5b636f,ALPL30IETF,latest_observed_symbol,ICICIALPLV,False,False,2020-08-18,2023-12-19,INF109KC1N59,ALPL30IETF;ICICIALPLV
ID_1d81b6229932,DENORA,unique_current_nse_symbol,DENORA,False,True,2013-03-01,2026-03-30,INE244A01016,DENORA;TITANOCOMP
ID_1d81b6229932,DENORA,unique_current_nse_symbol,TITANOCOMP,False,False,,,,DENORA;TITANOCOMP
ID_1d995e6f3591,PFIZER,unique_current_nse_symbol,PFIZER,True,True,2013-01-01,2026-03-30,INE182A01018,PFIZER
ID_1dbabc132937,FINIETF,latest_observed_symbol,FINIETF,False,False,2023-12-20,2026-03-30,INF109KC17L8,FINIETF;ICICIFIN
ID_1dbabc132937,FINIETF,latest_observed_symbol,ICICIFIN,False,False,2022-11-30,2023-12-19,INF109KC17L8,FINIETF;ICICIFIN
ID_1df44c662c96,PIONDIST,latest_observed_symbol,PIONDIST,False,False,2013-03-01,2023-01-05,INE889E01010,PIONDIST
ID_1e1749876f47,ORCHASP,unique_current_nse_symbol,ORCHASP,False,True,2025-02-07,2026-03-30,INE215B01022,ORCHASP
ID_1e1d366aa98e,AXISVALUE,latest_observed_symbol,AXISVALUE,False,False,2025-03-20,2026-03-30,INF846KA1119,AXISVALUE;VALUEAXIS
ID_1e1d366aa98e,AXISVALUE,latest_observed_symbol,VALUEAXIS,False,False,,,,AXISVALUE;VALUEAXIS
ID_1e1f4d7cd3e3,JKIL,unique_current_nse_symbol,JKIL,True,True,2013-01-01,2026-03-30,INE576I01014;INE576I01022,JKIL
ID_1e2589edb46e,MUKESHB,unique_current_nse_symbol,MUKESHB,False,True,,,,MUKESHB
ID_1e2834760dc7,KPEL,unique_current_nse_symbol,KPEL,False,True,2024-11-14,2026-03-30,INE127T01021,KPEL
ID_1e2ea3076215,GLAND,unique_current_nse_symbol,GLAND,True,True,2020-11-20,2026-03-30,INE068V01023,GLAND
ID_1e3b89fc7958,KHAITANLTD,unique_current_nse_symbol,KHAITANLTD,False,True,2013-03-04,2026-03-30,INE731C01018,KHAITANLTD
ID_1e4498583d1a,10157PCP27,lexicographic_fallback,10157PCP24,False,False,,,,10157PCP24;10157PCP27
ID_1e4498583d1a,10157PCP27,lexicographic_fallback,10157PCP27,False,False,,,,10157PCP24;10157PCP27
ID_1e58205b6b44,AYMSYNTEX,unique_current_nse_symbol,AYMSYNTEX,False,True,2016-02-03,2026-03-30,INE193B01039,AYMSYNTEX;WELSYNTEX
ID_1e58205b6b44,AYMSYNTEX,unique_current_nse_symbol,WELSYNTEX,False,False,2015-08-14,2016-02-02,INE193B01039,AYMSYNTEX;WELSYNTEX
ID_1e67090bb420,JSWCEMENT,unique_current_nse_symbol,JSWCEMENT,True,True,2025-08-14,2026-03-30,INE718I01012,JSWCEMENT
ID_1e68987bde4b,AWHCL,unique_current_nse_symbol,AWHCL,False,True,2021-01-01,2026-03-30,INE01BK01022,AWHCL
ID_1e68c794cac1,HEG,unique_current_nse_symbol,HEG,True,True,2013-01-01,2026-03-30,INE545A01016;INE545A01024,HEG
ID_1e822fce89fd,AVG,unique_current_nse_symbol,AVG,False,True,2023-05-12,2026-03-30,INE680Z01018,AVG
ID_1ead7b64dea7,GKSL,unique_current_nse_symbol,GKSL,False,True,2025-12-30,2026-03-30,INE0V0W01025,GKSL
ID_1eb8d019375a,JP40D,lexicographic_fallback,E40D,False,False,,,,E40D;JP40D
ID_1eb8d019375a,JP40D,lexicographic_fallback,JP40D,False,False,,,,E40D;JP40D
ID_1ee8902c464d,SIS,unique_current_nse_symbol,SIS,True,True,2017-08-10,2026-03-30,INE285J01010;INE285J01028,SIS
ID_1ef4f24f47e4,DIGISPICE,unique_current_nse_symbol,DIGISPICE,False,True,2019-09-17,2026-03-30,INE927C01020,DIGISPICE;SMOBILITY;SPICEMOBI;SPICEMOBIL
ID_1ef4f24f47e4,DIGISPICE,unique_current_nse_symbol,SMOBILITY,False,False,2013-01-01,2014-08-18,INE927C01020,DIGISPICE;SMOBILITY;SPICEMOBI;SPICEMOBIL
ID_1ef4f24f47e4,DIGISPICE,unique_current_nse_symbol,SPICEMOBI,False,False,2014-08-19,2019-06-06,INE927C01020,DIGISPICE;SMOBILITY;SPICEMOBI;SPICEMOBIL
ID_1ef4f24f47e4,DIGISPICE,unique_current_nse_symbol,SPICEMOBIL,False,False,,,,DIGISPICE;SMOBILITY;SPICEMOBI;SPICEMOBIL
ID_1eff4dcb2302,AQUA,latest_observed_symbol,AQUA,False,False,2013-01-01,2013-12-09,INE544K01026,AQUA
ID_1f16adbda671,CREST,unique_current_nse_symbol,CREST,False,True,2014-11-17,2026-03-30,INE559D01011,CREST;SHARRESLTD;SHARYANRES
ID_1f16adbda671,CREST,unique_current_nse_symbol,SHARRESLTD,False,False,2013-01-02,2014-10-01,INE559D01011,CREST;SHARRESLTD;SHARYANRES
ID_1f16adbda671,CREST,unique_current_nse_symbol,SHARYANRES,False,False,,,,CREST;SHARRESLTD;SHARYANRES
ID_1f16bc411e09,DELPHIFX,unique_current_nse_symbol,DELPHIFX,False,True,2021-09-01,2026-03-30,INE726L01019;INE726L01027,DELPHIFX;EBIXFOREX;WEIZFOREX
ID_1f16bc411e09,DELPHIFX,unique_current_nse_symbol,EBIXFOREX,False,False,2020-05-27,2021-08-31,INE726L01019,DELPHIFX;EBIXFOREX;WEIZFOREX
ID_1f16bc411e09,DELPHIFX,unique_current_nse_symbol,WEIZFOREX,False,False,2013-01-01,2020-02-26,INE726L01019,DELPHIFX;EBIXFOREX;WEIZFOREX
ID_1f341e8deecc,PTCIL,unique_current_nse_symbol,PTCIL,True,True,2023-06-09,2026-03-30,INE596F01018,PTCIL
ID_1f35be7ec9db,MCDHOLDING,latest_observed_symbol,MCDHOLDING,False,False,2013-01-01,2021-09-22,INE836H01014,MCDHOLDING
ID_1f37a16ae21c,NECLIFE,unique_current_nse_symbol,NECLIFE,False,True,2013-01-01,2026-03-30,INE023H01027,NECLIFE
ID_1f38b536cb8a,SHINDL,unique_current_nse_symbol,SHINDL,False,True,,,,SHINDL
ID_1f46fa520af3,NCLIND,unique_current_nse_symbol,NCLIND,False,True,2013-01-01,2026-03-30,INE732C01016,NCLIND
ID_1f74542cf968,ICRA,unique_current_nse_symbol,ICRA,True,True,2013-01-01,2026-03-30,INE725G01011,ICRA
ID_1f8ec353a88a,SURANACORP,latest_observed_symbol,SURANACORP,False,False,2013-01-01,2017-06-27,INE357D01010,SURANACORP
ID_1f94233f12b8,QUALITY30,latest_observed_symbol,QUALITY,False,False,2025-07-18,2025-07-18,INF174KA1WT6,QUALITY;QUALITY30
ID_1f94233f12b8,QUALITY30,latest_observed_symbol,QUALITY30,False,False,2025-07-21,2026-03-30,INF174KA1WT6,QUALITY;QUALITY30
ID_1f9e8e7561ea,CYIENTDLM,unique_current_nse_symbol,CYIENTDLM,False,True,2023-07-10,2026-03-30,INE055S01018,CYIENTDLM
ID_1fa06bf9ce88,AMAL,unique_current_nse_symbol,AMAL,False,True,,,,AMAL
ID_1fe1a88673f9,LIQUIDBEES,latest_observed_symbol,LIQUIDBEES,False,False,2013-01-01,2026-03-30,INF732E01037,LIQUIDBEES
ID_1ff8762616a7,GRAVISSHO,unique_current_nse_symbol,GRAVISSHO,False,True,,,,GRAVISSHO
ID_200cde40bfc3,SILVERADD,latest_observed_symbol,DSPSILVETF,False,False,2022-08-25,2024-02-14,INF740KA1RE3,DSPSILVETF;SILVERADD
ID_200cde40bfc3,SILVERADD,latest_observed_symbol,SILVERADD,False,False,2024-02-15,2026-03-30,INF740KA1RE3,DSPSILVETF;SILVERADD
ID_2023b66ea85c,ITBEES,latest_observed_symbol,ITBEES,False,False,2022-05-10,2026-03-30,INF204KB15V2,ITBEES;NETFIT
ID_2023b66ea85c,ITBEES,latest_observed_symbol,NETFIT,False,False,2020-07-01,2022-05-09,INF204KB15V2,ITBEES;NETFIT
ID_202b5c4a843b,RMDRIP,unique_current_nse_symbol,RMDRIP,False,True,2025-07-30,2026-03-30,INE219Y01018;INE219Y01026,RMDRIP
ID_20328ca7656f,FILATFASH,unique_current_nse_symbol,FILATFASH,False,True,2024-05-06,2026-03-30,INE185E01013;INE185E01021,FILATFASH
ID_2051bba29c02,SUPTANERY,unique_current_nse_symbol,SUPTANERY,False,True,,,,SUPTANERY
ID_20604d13f112,AONELIQUID,latest_observed_symbol,AONELIQUID,False,False,2025-03-28,2026-03-30,INF1J2R01056,AONELIQUID
ID_20648489b827,GULPOLY,unique_current_nse_symbol,GULPOLY,False,True,2015-01-28,2026-03-30,INE255D01016;INE255D01024,GULPOLY
ID_2069e1b27b04,IVRPRIME,lexicographic_fallback,IVRCLAH,False,False,,,,IVRCLAH;IVRPRIME
ID_2069e1b27b04,IVRPRIME,lexicographic_fallback,IVRPRIME,False,False,,,,IVRCLAH;IVRPRIME
ID_206eacd139f2,EKC,unique_current_nse_symbol,EKC,False,True,2013-01-01,2026-03-30,INE184H01027,EKC
ID_20885aa4a107,VINATIORGA,unique_current_nse_symbol,VINATIORGA,True,True,2013-01-01,2026-03-30,INE410B01029;INE410B01037,VINATIORGA
ID_2094a345060e,BALPHARMA,unique_current_nse_symbol,BALPHARMA,False,True,2013-01-01,2026-03-30,INE083D01012,BALPHARMA
ID_20ae4dff51d5,THEINVEST,unique_current_nse_symbol,FORTUNEFIN,False,False,2017-08-02,2018-07-24,INE924D01017,FORTUNEFIN;THEINVEST
ID_20ae4dff51d5,THEINVEST,unique_current_nse_symbol,THEINVEST,False,True,2018-07-25,2026-03-30,INE924D01017,FORTUNEFIN;THEINVEST
ID_20bcc5a41f6b,SICAL,latest_observed_symbol,SICAL,False,False,2013-01-01,2022-12-28,INE075B01012,SICAL
ID_21001dd759eb,PTC,unique_current_nse_symbol,PTC,True,True,2013-01-01,2026-03-30,INE877F01012,PTC
ID_21285d32c371,RDAXIADG,lexicographic_fallback,NDAXIADG,False,False,,,,NDAXIADG;RDAXIADG
ID_21285d32c371,RDAXIADG,lexicographic_fallback,RDAXIADG,False,False,,,,NDAXIADG;RDAXIADG
ID_212babc1824f,GATECH,unique_current_nse_symbol,GATECH,False,True,2023-12-12,2026-03-30,INE224E01028,GATECH;STAMPEDE
ID_212babc1824f,GATECH,unique_current_nse_symbol,STAMPEDE,False,False,2016-07-25,2020-06-18,INE224E01028,GATECH;STAMPEDE
ID_21415ec46459,GRANULES,unique_current_nse_symbol,GRANULES,True,True,2013-01-01,2026-03-30,INE101D01012;INE101D01020,GRANULES
ID_2153424d21f4,EPIGRAL,unique_current_nse_symbol,EPIGRAL,True,True,2023-09-11,2026-03-30,INE071N01016,EPIGRAL;MFL
ID_2153424d21f4,EPIGRAL,unique_current_nse_symbol,MFL,True,False,2021-09-02,2023-09-08,INE071N01016,EPIGRAL;MFL
ID_2155b209ed7d,VEDPOWER,unique_current_nse_symbol,VEDPOWER,False,True,,,,VEDPOWER;VPL
ID_2155b209ed7d,VEDPOWER,unique_current_nse_symbol,VPL,False,False,,,,VEDPOWER;VPL
ID_216d523292ee,RDAXIADDD,lexicographic_fallback,NDAXIADDD,False,False,,,,NDAXIADDD;RDAXIADDD
ID_216d523292ee,RDAXIADDD,lexicographic_fallback,RDAXIADDD,False,False,,,,NDAXIADDD;RDAXIADDD
ID_217762c49a97,RIMFAI1BDG,lexicographic_fallback,IVZINA1BDG,False,False,,,,IVZINA1BDG;RIMFAI1BDG
ID_217762c49a97,RIMFAI1BDG,lexicographic_fallback,RIMFAI1BDG,False,False,,,,IVZINA1BDG;RIMFAI1BDG
ID_217816d3de00,ANSALBU,unique_current_nse_symbol,ANSALBU,False,True,,,,ANSALBU
ID_217bf0ec6ed5,SPECTACLE,latest_observed_symbol,SPECTACLE,False,False,2013-01-01,2016-03-22,INE409H01028,SPECTACLE
ID_2192865e4097,EASTSILK,unique_current_nse_symbol,EASTSILK,False,True,2013-03-01,2022-06-14,INE962C01027,EASTSILK
ID_219f4832f876,SIKA,unique_current_nse_symbol,SIKA,False,True,,,,SIKA
ID_219fdb7ae87c,ORTEL,latest_observed_symbol,ORTEL,False,False,2015-04-06,2019-09-23,INE849L01019,ORTEL
ID_21a3d1996fd6,MEGH,latest_observed_symbol,MEGH,False,False,2013-01-01,2021-05-17,INE974H01013,MEGH
ID_21a6c5dac4c4,SGJHL,latest_observed_symbol,SGJHL,False,False,2013-01-01,2016-11-21,INE553K01019,SGJHL
ID_21a9b0f2a72e,TATATECH,unique_current_nse_symbol,TATATECH,True,True,2023-11-30,2026-03-30,INE142M01025,TATATECH
ID_21c8391d5908,GSEC10YEAR,latest_observed_symbol,GSEC10YEAR,False,False,2023-09-04,2026-03-30,INF769K01KF8,GSEC10YEAR;MAGS813ETF
ID_21c8391d5908,GSEC10YEAR,latest_observed_symbol,MAGS813ETF,False,False,2023-04-10,2023-08-30,INF769K01KF8,GSEC10YEAR;MAGS813ETF
ID_223d76b17c01,MEDICAPQ,unique_current_nse_symbol,MEDICAPQ,False,True,,,,MEDICAPQ
ID_22401fbe5c39,DEFENCE,latest_observed_symbol,DEFENCE,False,False,2026-02-19,2026-03-30,INF769K01QC2,DEFENCE
ID_22403b5bed3e,DELTACORP,unique_current_nse_symbol,ARROWGROUP,False,False,,,,ARROWGROUP;DELTACORP
ID_22403b5bed3e,DELTACORP,unique_current_nse_symbol,DELTACORP,True,True,2013-01-01,2026-03-30,INE124G01033,ARROWGROUP;DELTACORP
ID_22602029d5d8,RAJRILTD,unique_current_nse_symbol,RAJRILTD,False,True,2022-04-01,2022-04-29,INE533D01032,RAJRILTD
ID_22674137c369,GROWWPSUBK,latest_observed_symbol,GROWWPSUBK,False,False,2026-03-27,2026-03-30,INF666M01OG2,GROWWPSUBK
ID_2286ed3e58ad,VINCOFE,unique_current_nse_symbol,VINCOFE,False,True,2024-10-18,2026-03-30,INE498Q01014,VINCOFE
ID_228d0759799c,LODHA,unique_current_nse_symbol,LODHA,True,True,2021-04-19,2026-03-30,INE670K01029,LODHA
ID_22bcbb78b4fd,LGEINDIA,unique_current_nse_symbol,LGEINDIA,True,True,2025-10-14,2026-03-30,INE324D01010,LGEINDIA
ID_22e93dfac563,BANKIETF,latest_observed_symbol,BANKIETF,False,False,2023-12-20,2026-03-30,INF109KC15I8,BANKIETF;ICICIBANKN;IPRU5008
ID_22e93dfac563,BANKIETF,latest_observed_symbol,ICICIBANKN,False,False,2019-07-19,2023-12-19,INF109KC15I8;INF109KC1E27,BANKIETF;ICICIBANKN;IPRU5008
ID_22e93dfac563,BANKIETF,latest_observed_symbol,IPRU5008,False,False,2019-07-15,2019-07-18,INF109KC1E27,BANKIETF;ICICIBANKN;IPRU5008
ID_2303a3869130,ZENTEC,unique_current_nse_symbol,ZENTEC,True,True,2015-03-30,2026-03-30,INE251B01027,ZENTEC
ID_231b059bdb20,SETFNN50,latest_observed_symbol,SETFNIFJR,False,False,2015-03-27,2015-11-23,INF200KA1598,SETFNIFJR;SETFNN50
ID_231b059bdb20,SETFNN50,latest_observed_symbol,SETFNN50,False,False,2015-11-26,2026-03-30,INF200KA1598,SETFNIFJR;SETFNN50
ID_232ab370557d,GOLDETF,latest_observed_symbol,GOLDETF,False,False,2023-09-01,2026-03-30,INF769K01JP9,GOLDETF;MAGOLDETF
ID_232ab370557d,GOLDETF,latest_observed_symbol,MAGOLDETF,False,False,2023-02-24,2023-08-31,INF769K01JP9,GOLDETF;MAGOLDETF
ID_234276c14b1d,GREENPOWER,unique_current_nse_symbol,GREENPOWER,False,True,2013-01-01,2026-03-30,INE999K01014,GREENPOWER
ID_23476e342a56,RATNAINFRA,lexicographic_fallback,AVENTUS,False,False,,,,AVENTUS;RATNAINFRA
ID_23476e342a56,RATNAINFRA,lexicographic_fallback,RATNAINFRA,False,False,,,,AVENTUS;RATNAINFRA
ID_235e273c412c,LEMERITE,unique_current_nse_symbol,LEMERITE,False,True,2025-12-12,2026-03-30,INE0G1L01017,LEMERITE
ID_2372ece6452a,YUKEN,unique_current_nse_symbol,YUKEN,False,True,2021-09-02,2026-03-30,INE384C01016,YUKEN
ID_237fc973a444,ASIL,latest_observed_symbol,ASIL,False,False,2013-01-03,2017-08-02,INE988A01026,ASIL
ID_238c3ef9bbee,MBEL,unique_current_nse_symbol,MBEL,False,True,2025-08-06,2026-03-30,INE08N601015,MBEL
ID_23a196b8380a,CUB,unique_current_nse_symbol,CUB,True,True,2013-01-01,2026-03-30,INE491A01021,CUB
ID_23b46797232b,EXCELINDUS,unique_current_nse_symbol,EXCELINDUS,False,True,2013-01-01,2026-03-30,INE369A01029,EXCELINDUS
ID_23ce83334ac0,RICOAUTO,unique_current_nse_symbol,RICOAUTO,True,True,2013-01-01,2026-03-30,INE209B01025,RICOAUTO
ID_23ce9610dc54,TATAMETALI,latest_observed_symbol,TATAMETALI,False,False,2013-01-01,2024-02-05,INE056C01010,TATAMETALI
ID_23f981f539b4,DECNGOLD,unique_current_nse_symbol,DECNGOLD,False,True,,,,DECNGOLD
ID_241a079ff7bb,SFL,unique_current_nse_symbol,SFL,True,True,2016-12-09,2026-03-30,INE916U01025,SFL
ID_2425d609d513,EXXARO,unique_current_nse_symbol,EXXARO,False,True,2021-08-31,2026-03-30,INE0GFE01018;INE0GFE01026,EXXARO
ID_2429a0f434d4,CLSEL,unique_current_nse_symbol,CLSEL,False,True,2021-05-12,2026-03-30,INE419D01026,CLSEL
ID_242f48e6ff35,PALRED,latest_observed_symbol,FOURSOFT,False,False,2013-01-01,2013-08-01,INE218G01017,FOURSOFT;PALRED
ID_242f48e6ff35,PALRED,latest_observed_symbol,PALRED,False,False,2014-03-03,2015-07-07,INE218G01017,FOURSOFT;PALRED
ID_242f9f0dce79,EKI,unique_current_nse_symbol,EKI,False,True,,,,EKI
ID_2448539242b1,MVELECTRO,unique_current_nse_symbol,MVELECTRO,False,True,,,,MVELECTRO
ID_244d5faa178b,RDAFTIVCDD,lexicographic_fallback,NDAFTIVCDD,False,False,,,,NDAFTIVCDD;RDAFTIVCDD
ID_244d5faa178b,RDAFTIVCDD,lexicographic_fallback,RDAFTIVCDD,False,False,,,,NDAFTIVCDD;RDAFTIVCDD
ID_24555a9c06a6,PROSTARM,unique_current_nse_symbol,PROSTARM,False,True,2025-06-17,2026-03-30,INE0BX301013,PROSTARM
ID_245d111f3dc9,PGIMAZD1G,lexicographic_fallback,DPRMAZD1G,False,False,,,,DPRMAZD1G;PGIMAZD1G
ID_245d111f3dc9,PGIMAZD1G,lexicographic_fallback,PGIMAZD1G,False,False,,,,DPRMAZD1G;PGIMAZD1G
ID_247854a61048,J&KBANK,unique_current_nse_symbol,J&KBANK,True,True,2013-01-01,2026-03-30,INE168A01017;INE168A01041,J&KBANK
ID_24c414d7a9cf,RDAXFDD,lexicographic_fallback,NDAXFDD,False,False,,,,NDAXFDD;RDAXFDD
ID_24c414d7a9cf,RDAXFDD,lexicographic_fallback,RDAXFDD,False,False,,,,NDAXFDD;RDAXFDD
ID_24c57d005f08,SENCO,unique_current_nse_symbol,SENCO,False,True,2023-07-14,2026-03-30,INE602W01019;INE602W01027,SENCO
ID_24e0505dad1d,SUDARSCHEM,unique_current_nse_symbol,SUDARSCHEM,True,True,2013-01-01,2026-03-30,INE659A01015;INE659A01023,SUDARSCHEM
ID_25210be63e5b,BLIL,unique_current_nse_symbol,BLIL,False,True,,,,BLIL
ID_25218c8007df,VESUVIUS,unique_current_nse_symbol,VESUVIUS,True,True,2013-01-01,2026-03-30,INE386A01015;INE386A01023,VESUVIUS
ID_252674182d23,MINALIND,unique_current_nse_symbol,MINALIND,False,True,,,,MINALIND
ID_2535af614af4,HEALTHY,latest_observed_symbol,HEALTHY,False,False,2021-10-28,2026-03-30,INF209KB10C2,HEALTHY
ID_253a230914b9,SAPPL,unique_current_nse_symbol,SAPPL,False,True,,,,SAPPL
ID_2561524d6781,SHIVAUM,unique_current_nse_symbol,SHIVAUM,False,True,2025-11-14,2026-03-30,INE719F01016,SHIVAUM
ID_256b544bc832,WARTSILA,lexicographic_fallback,WARTDEISEL,False,False,,,,WARTDEISEL;WARTSILA
ID_256b544bc832,WARTSILA,lexicographic_fallback,WARTSILA,False,False,,,,WARTDEISEL;WARTSILA
ID_258394649071,UDAYJEW,unique_current_nse_symbol,UDAYJEW,False,True,,,,UDAYJEW
ID_25850d188012,EUREKAFORB,unique_current_nse_symbol,EUREKAFORB,False,True,2024-09-11,2026-03-30,INE0KCE01017,EUREKAFORB
ID_25bd1deae1b7,CGPOWER,unique_current_nse_symbol,CGPOWER,True,True,2017-03-08,2026-03-30,INE067A01029,CGPOWER;CROMPGREAV
ID_25bd1deae1b7,CGPOWER,unique_current_nse_symbol,CROMPGREAV,True,False,2013-01-01,2017-03-07,INE067A01029,CGPOWER;CROMPGREAV
ID_25cfb5e0e737,SPAL,unique_current_nse_symbol,SPAL,False,True,2016-08-29,2026-03-30,INE212I01016,SPAL
ID_25e8128aba2e,VASCONEQ,unique_current_nse_symbol,VASCONEQ,False,True,2013-01-01,2026-03-30,INE893I01013,VASCONEQ
ID_2605546dd92c,AAKASH,unique_current_nse_symbol,AAKASH,False,True,2020-09-29,2026-03-10,INE087Z01016;INE087Z01024,AAKASH
ID_2615c054d1f0,SPECIALITY,unique_current_nse_symbol,SPECIALITY,False,True,2013-01-01,2026-03-30,INE247M01014,SPECIALITY
ID_262a303c4676,BBNPPGOLD,latest_observed_symbol,BBNPPGOLD,False,False,2023-12-19,2026-03-30,INF251K01SU9,BBNPPGOLD
ID_26314222f9b3,GUJTHEM,unique_current_nse_symbol,GUJTHEM,False,True,2025-02-25,2026-03-30,INE942C01045,GUJTHEM
ID_263fc1adeb6e,WCIL,unique_current_nse_symbol,WCIL,False,True,2024-09-24,2026-03-30,INE0CJF01024,WCIL
ID_264072aba25b,BILPOWER,latest_observed_symbol,BILPOWER,False,False,2013-01-01,2018-05-17,INE952D01018,BILPOWER
ID_265c2a2d5c49,BILVYAPAR,unique_current_nse_symbol,BILVYAPAR,False,True,2025-09-15,2025-11-25,INE071A01013,BILVYAPAR;BINANIIND
ID_265c2a2d5c49,BILVYAPAR,unique_current_nse_symbol,BINANIIND,False,False,2013-01-01,2025-04-17,INE071A01013,BILVYAPAR;BINANIIND
ID_265fc4e88e0d,PERNIASPOP,unique_current_nse_symbol,PERNIASPOP,False,True,,,,PERNIASPOP
ID_26805976fa7c,BLUESTARCO,unique_current_nse_symbol,BLUESTARCO,True,True,2013-01-01,2026-03-30,INE472A01039,BLUESTARCO
ID_26813ba3f52a,KAPSTON,unique_current_nse_symbol,KAPSTON,False,True,2020-05-27,2026-01-27,INE542Z01010;INE542Z01028,KAPSTON
ID_268e74d99fec,ZAGGLE,unique_current_nse_symbol,ZAGGLE,False,True,2023-09-22,2026-03-30,INE07K301024,ZAGGLE
ID_2690e545b916,CENTRALBK,unique_current_nse_symbol,CENTRALBK,True,True,2013-01-01,2026-03-30,INE483A01010,CENTRALBK
ID_26ac25edfd8a,LICNETFN50,latest_observed_symbol,LICNETFN50,False,False,2016-01-15,2026-03-30,INF767K01OS7,LICNETFN50;LICNFENGP
ID_26ac25edfd8a,LICNETFN50,latest_observed_symbol,LICNFENGP,False,False,2015-12-07,2015-12-23,INF767K01OS7,LICNETFN50;LICNFENGP
ID_26ba5e3d24d1,GVT&D,unique_current_nse_symbol,ALSTOMT&D,False,False,2013-01-01,2016-09-12,INE200A01026,ALSTOMT&D;AREVA;AREVAT&D;GECALSTHOM;GET&D;GVT&D
ID_26ba5e3d24d1,GVT&D,unique_current_nse_symbol,AREVA,False,False,,,,ALSTOMT&D;AREVA;AREVAT&D;GECALSTHOM;GET&D;GVT&D
ID_26ba5e3d24d1,GVT&D,unique_current_nse_symbol,AREVAT&D,False,False,,,,ALSTOMT&D;AREVA;AREVAT&D;GECALSTHOM;GET&D;GVT&D
ID_26ba5e3d24d1,GVT&D,unique_current_nse_symbol,GECALSTHOM,False,False,,,,ALSTOMT&D;AREVA;AREVAT&D;GECALSTHOM;GET&D;GVT&D
ID_26ba5e3d24d1,GVT&D,unique_current_nse_symbol,GET&D,True,False,2016-09-14,2023-09-29,INE200A01026,ALSTOMT&D;AREVA;AREVAT&D;GECALSTHOM;GET&D;GVT&D
ID_26ba5e3d24d1,GVT&D,unique_current_nse_symbol,GVT&D,True,True,2025-01-06,2026-03-30,INE200A01026,ALSTOMT&D;AREVA;AREVAT&D;GECALSTHOM;GET&D;GVT&D
ID_26e8145afb7c,MAHASTEEL,unique_current_nse_symbol,MAHASTEEL,False,True,2016-07-01,2026-03-17,INE451L01014,MAHASTEEL
ID_26e8f31d0b13,TNTELE,unique_current_nse_symbol,TNTELE,False,True,2023-11-22,2026-03-30,INE141D01018,TNTELE
ID_26ef4c1b652e,BIL,unique_current_nse_symbol,BIL,False,True,2013-03-01,2026-03-30,INE828A01016,BIL
ID_27078eb7eb3b,PGIMAQD1G,lexicographic_fallback,DPRMAQD1G,False,False,,,,DPRMAQD1G;PGIMAQD1G
ID_27078eb7eb3b,PGIMAQD1G,lexicographic_fallback,PGIMAQD1G,False,False,,,,DPRMAQD1G;PGIMAQD1G
ID_273f2b97c164,DIVOPPBEES,latest_observed_symbol,DIVOPPBEES,False,False,2022-05-10,2026-03-30,INF204KA1MS3,DIVOPPBEES;NETFDIVOPP;RELDIVOPP
ID_273f2b97c164,DIVOPPBEES,latest_observed_symbol,NETFDIVOPP,False,False,2019-10-30,2022-05-09,INF204KA1MS3,DIVOPPBEES;NETFDIVOPP;RELDIVOPP
ID_273f2b97c164,DIVOPPBEES,latest_observed_symbol,RELDIVOPP,False,False,2014-05-22,2019-10-29,INF204KA1MS3,DIVOPPBEES;NETFDIVOPP;RELDIVOPP
ID_2750b5bae425,DEVYANI,unique_current_nse_symbol,DEVYANI,True,True,2021-08-16,2026-03-30,INE872J01023,DEVYANI
ID_2755681a118d,PONNIERODE,unique_current_nse_symbol,PONNIERODE,False,True,2013-03-01,2026-03-30,INE838E01017,PONNIERODE
ID_2757724f510b,GANGESSECU,unique_current_nse_symbol,GANGESSECU,False,True,2018-02-07,2026-03-30,INE335W01016,GANGESSECU
ID_275febd45304,NECCLTD,unique_current_nse_symbol,NECCLTD,False,True,2016-03-02,2026-03-30,INE553C01016,NECCLTD
ID_277694ddc221,PGIMRAGPG,lexicographic_fallback,DPRMARGPG,False,False,,,,DPRMARGPG;PGIMRAGPG
ID_277694ddc221,PGIMRAGPG,lexicographic_fallback,PGIMRAGPG,False,False,,,,DPRMARGPG;PGIMRAGPG
ID_277700452551,COALINDIA,unique_current_nse_symbol,COALINDIA,True,True,2013-01-01,2026-03-30,INE522F01014,COALINDIA
ID_277efb8ef86c,TARSONS,unique_current_nse_symbol,TARSONS,False,True,2021-11-26,2026-03-30,INE144Z01023,TARSONS
ID_278af69152df,MOL,unique_current_nse_symbol,MOL,False,True,2021-09-02,2026-03-30,INE0CT101020,MOL
ID_2795346bb0b7,NAUKRI,unique_current_nse_symbol,NAUKRI,True,True,2013-01-01,2026-03-30,INE663F01024;INE663F01032,NAUKRI
ID_279bc6f24e23,THOMASCOTT,unique_current_nse_symbol,THOMASCOTT,False,True,2013-01-01,2026-03-30,INE480M01011,THOMASCOTT
ID_27be0a743b16,DHUNINV,unique_current_nse_symbol,DHUNINV,False,True,2013-01-01,2026-03-30,INE320L01011,DHUNINV
ID_27de299d471b,KELLTONTEC,unique_current_nse_symbol,KELLTONTEC,False,True,2016-03-02,2026-03-30,INE164B01022;INE164B01030,KELLTONTEC
ID_27e650535372,PGIMRADPD,lexicographic_fallback,DPRMARDPD,False,False,,,,DPRMARDPD;PGIMRADPD
ID_27e650535372,PGIMRADPD,lexicographic_fallback,PGIMRADPD,False,False,,,,DPRMARDPD;PGIMRADPD
ID_27ff26bfe122,VIVIANA,unique_current_nse_symbol,VIVIANA,False,True,,,,VIVIANA
ID_2801cf8d15cc,GICHSGFIN,unique_current_nse_symbol,GICHSGFIN,False,True,2013-01-01,2026-03-30,INE289B01019,GICHSGFIN
ID_282bcd8872f7,DCI,unique_current_nse_symbol,DCI,False,True,2022-10-19,2026-03-30,INE0A1101019,DCI
ID_2830e2aa9f7f,SKFINDUS,unique_current_nse_symbol,SKFINDUS,False,True,2025-12-19,2026-03-30,INE2J8701016,SKFINDUS
ID_283c17dc9a5f,LICNETFGSC,latest_observed_symbol,LICNETFGSC,False,False,2015-12-30,2026-03-30,INF767K01MV5,LICNETFGSC;LICNMFET
ID_283c17dc9a5f,LICNETFGSC,latest_observed_symbol,LICNMFET,False,False,2015-01-01,2015-12-29,INF767K01MV5,LICNETFGSC;LICNMFET
ID_284a818d9cbb,955SFIL26,lexicographic_fallback,955ICCL26,False,False,,,,955ICCL26;955SFIL26
ID_284a818d9cbb,955SFIL26,lexicographic_fallback,955SFIL26,False,False,,,,955ICCL26;955SFIL26
ID_284f0d4f43cb,AVANCE,unique_current_nse_symbol,AVANCE,False,True,,,,AVANCE
ID_2851bba5b2b1,ATLANTAA,unique_current_nse_symbol,ATLANTA,False,False,2013-01-01,2023-12-13,INE285H01022,ATLANTA;ATLANTAA
ID_2851bba5b2b1,ATLANTAA,unique_current_nse_symbol,ATLANTAA,False,True,2024-03-18,2026-03-30,INE285H01022,ATLANTA;ATLANTAA
ID_2853d1f1c7fb,IDEA,unique_current_nse_symbol,IDEA,True,True,2013-01-01,2026-03-30,INE669E01016,IDEA
ID_285d40a4313d,NV20BEES,latest_observed_symbol,NETFNV20,False,False,2019-10-30,2022-05-09,INF204KA17D8;INF204KB18I3,NETFNV20;NV20BEES;RELNV20
ID_285d40a4313d,NV20BEES,latest_observed_symbol,NV20BEES,False,False,2022-05-10,2026-03-30,INF204KB18I3,NETFNV20;NV20BEES;RELNV20
ID_285d40a4313d,NV20BEES,latest_observed_symbol,RELNV20,False,False,2015-06-24,2019-10-29,INF204KA17D8,NETFNV20;NV20BEES;RELNV20
ID_287838ff6fe2,WILLAMAGOR,unique_current_nse_symbol,WILLAMAGOR,False,True,2013-01-01,2026-03-30,INE210A01017,WILLAMAGOR
ID_287a7639931e,GROWWMC150,latest_observed_symbol,GROWWMC150,False,False,2025-11-17,2026-03-30,INF666M01MV5,GROWWMC150
ID_288598d61064,SYNCOMF,unique_current_nse_symbol,SYNCOMF,False,True,2022-11-18,2026-03-30,INE312C01025,SYNCOMF
ID_289019e89ef4,MANAKSIA,unique_current_nse_symbol,MANAKSIA,False,True,2013-01-01,2026-03-30,INE015D01022,MANAKSIA
ID_28a03d36e2fe,SMSPHARMA,unique_current_nse_symbol,SMSPHARMA,False,True,2013-01-01,2026-03-30,INE812G01017;INE812G01025,SMSPHARMA
ID_28b7099b684e,PNGJL,unique_current_nse_symbol,PNGJL,False,True,2024-09-17,2026-03-30,INE953R01016,PNGJL
ID_28d6304dd6d0,BETA,unique_current_nse_symbol,BETA,False,True,2025-11-24,2026-03-30,INE351Y01019,BETA
ID_28fcb16f1ae3,TARAPUR,unique_current_nse_symbol,TARAPUR,False,True,2013-01-01,2026-03-30,INE747K01017,TARAPUR
ID_290776a12c8e,HCL-INSYS,unique_current_nse_symbol,HCL-HP,False,False,,,,HCL-HP;HCL-INSYS
ID_290776a12c8e,HCL-INSYS,unique_current_nse_symbol,HCL-INSYS,True,True,2013-01-01,2026-03-30,INE236A01020,HCL-HP;HCL-INSYS
ID_2943583bac8a,GROWWGOLD,latest_observed_symbol,GROWWGOLD,False,False,2024-10-24,2026-03-30,INF666M01IW1;INF666M01OE7,GROWWGOLD
ID_294b71fce25b,MOPSE,latest_observed_symbol,MOPSE,False,False,2025-06-05,2026-03-30,INF247L01FO5,MOPSE
ID_29553c0c412f,STYLEBAAZA,unique_current_nse_symbol,STYLEBAAZA,False,True,2024-09-06,2026-03-30,INE01FR01028,STYLEBAAZA
ID_296be9212286,SDBL,unique_current_nse_symbol,SDBL,False,True,2014-04-01,2026-03-30,INE480C01012;INE480C01020;INE480C01038,SDBL
ID_296f4579859e,GUJALKALI,unique_current_nse_symbol,GUJALKALI,True,True,2013-01-01,2026-03-30,INE186A01019,GUJALKALI
ID_297af4a7367a,TOYAMSL,unique_current_nse_symbol,TOYAMSL,False,True,,,,TOYAMSL
ID_298763b2a125,PNBHOUSING,unique_current_nse_symbol,PNBHOUSING,True,True,2016-11-07,2026-03-30,INE572E01012,PNBHOUSING
ID_29a6fd520ac5,ANTELOPUS,unique_current_nse_symbol,ANTELOPUS,False,True,2025-09-22,2026-03-30,INE818A01017,ANTELOPUS;SELAN
ID_29a6fd520ac5,ANTELOPUS,unique_current_nse_symbol,SELAN,False,False,2013-01-01,2025-09-19,INE818A01017,ANTELOPUS;SELAN
ID_29a71b5924f1,BRIGADE,unique_current_nse_symbol,BRIGADE,True,True,2013-01-01,2026-03-30,INE791I01019,BRIGADE
ID_29a937797f05,SUNTECK,unique_current_nse_symbol,SUNTECK,True,True,2013-01-01,2026-03-30,INE805D01026;INE805D01034,SUNTECK
ID_29bf4f70e1da,DIAMINESQ,unique_current_nse_symbol,DIAMINESQ,False,True,2023-09-25,2026-03-30,INE591D01014,DIAMINESQ
ID_29c77a0b6f92,JASH,unique_current_nse_symbol,JASH,False,True,2019-10-30,2026-03-30,INE039O01011;INE039O01029,JASH
ID_29cbd4faa414,ASAHIINDIA,unique_current_nse_symbol,ASAHIINDIA,True,True,2013-01-01,2026-03-30,INE439A01020,ASAHIINDIA
ID_29ee5a745494,CAIRN,latest_observed_symbol,CAIRN,False,False,2013-01-01,2017-04-25,INE910H01017,CAIRN
ID_2a0084ec474e,AXISNIFTY,latest_observed_symbol,AXISNIFTY,False,False,2017-07-10,2026-03-30,INF846K01W98;INF846K01ZL0,AXISNIFTY;NIFTYAXIS
ID_2a0084ec474e,AXISNIFTY,latest_observed_symbol,NIFTYAXIS,False,False,,,,AXISNIFTY;NIFTYAXIS
ID_2a1ede441986,HINDZINC,unique_current_nse_symbol,HINDZINC,True,True,2013-01-01,2026-03-30,INE267A01025,HINDZINC
ID_2a3066015f10,PNCINFRA,unique_current_nse_symbol,PNCINFRA,True,True,2015-05-26,2026-03-30,INE195J01011;INE195J01029,PNCINFRA
ID_2a7568e47522,VIPULLTD,unique_current_nse_symbol,VIPUL,False,False,2013-01-01,2015-01-29,INE946H01037,VIPUL;VIPULLTD
ID_2a7568e47522,VIPULLTD,unique_current_nse_symbol,VIPULLTD,False,True,2015-04-23,2026-01-05,INE946H01037,VIPUL;VIPULLTD
ID_2a7c8e5f99d1,AHLUCONT,unique_current_nse_symbol,AHLUCONT,True,True,2013-01-01,2026-03-30,INE758C01029,AHLUCONT
ID_2a883f726604,SHK,unique_current_nse_symbol,SHK,True,True,2015-11-16,2026-03-30,INE500L01026,SHK
ID_2a8e3654b7c0,BVCL,unique_current_nse_symbol,BVCL,False,True,2013-01-01,2026-03-30,INE139I01011,BVCL
ID_2a9103b630f4,TEGA,unique_current_nse_symbol,TEGA,True,True,2021-12-13,2026-03-30,INE011K01018,TEGA
ID_2aa25dc5d5ae,KIRLOSIND,unique_current_nse_symbol,KIRLOSIND,False,True,2013-01-01,2026-03-30,INE250A01039,KIRLOSIND
ID_2aa5a228d6aa,ARYAMAN,unique_current_nse_symbol,ARYAMAN,False,True,,,,ARYAMAN
ID_2ab54260bd0e,SANWARIA,unique_current_nse_symbol,SANWARIA,False,True,2013-01-01,2020-09-11,INE890C01046,SANWARIA
ID_2ab56bae7572,RUCHISOYA,latest_observed_symbol,RUCHISOYA,True,False,2013-01-01,2019-11-13,INE619A01027,RUCHISOYA
ID_2ab983eeebe1,LCCINFOTEC,unique_current_nse_symbol,LCCINFOTEC,False,True,2013-01-01,2026-03-12,INE938A01021,LCCINFOTEC
ID_2abc99a911fc,GLOBE,unique_current_nse_symbol,GLOBE,False,True,2020-10-07,2026-03-30,INE581X01013;INE581X01021,GLOBE
ID_2ac50d251ab0,BANDHANBNK,unique_current_nse_symbol,BANDHANBNK,True,True,2018-03-27,2026-03-30,INE545U01014,BANDHANBNK
ID_2ad84831d38b,ARSSBL,unique_current_nse_symbol,ARSSBL,False,True,2025-09-30,2026-03-30,INE549H01021,ARSSBL
ID_2b03d5359339,DCMSIL,unique_current_nse_symbol,DCMSIL,False,True,2026-03-04,2026-03-19,INE0OU201013,DCMSIL
ID_2b12c1dd9715,RKDL,unique_current_nse_symbol,RKDL,False,True,2013-01-01,2026-03-30,INE722J01012,RKDL
ID_2b1d24c79b46,EMCO,latest_observed_symbol,EMCO,False,False,2013-01-01,2019-06-28,INE078A01026,EMCO
ID_2b32a427a46f,SKIPPER,unique_current_nse_symbol,SKIPPER,False,True,2015-05-27,2026-03-30,INE439E01022,SKIPPER
ID_2b37ee87fd85,TATSILV,latest_observed_symbol,TATSILV,False,False,2024-01-17,2026-03-30,INF277KA1984,TATSILV
ID_2b50c60b46c7,AVANTEL,unique_current_nse_symbol,AVANTEL,False,True,2024-07-31,2026-03-30,INE005B01027,AVANTEL
ID_2b5f3dc4b5de,KRISHNADEF,unique_current_nse_symbol,KRISHNADEF,False,True,2025-12-30,2026-03-30,INE0J5601015,KRISHNADEF
ID_2b63703803d3,VTXIND,latest_observed_symbol,VIJAYTEX,False,False,,,,VIJAYTEX;VTXIND
ID_2b63703803d3,VTXIND,latest_observed_symbol,VTXIND,False,False,2013-01-01,2014-01-10,INE119G01025,VIJAYTEX;VTXIND
ID_2b67b9d6d059,SPANDANA,unique_current_nse_symbol,SPANDANA,True,True,2019-08-19,2026-03-30,INE572J01011,SPANDANA
ID_2b73557c4072,GICL,unique_current_nse_symbol,GICL,False,True,2026-03-23,2026-03-30,INE947T01022,GICL
ID_2b7d45ca88e6,SML100CASE,latest_observed_symbol,SML100CASE,False,False,2025-09-12,2026-03-30,INF0R8F01141,SML100CASE
ID_2b896184ec36,KOUTONS,latest_observed_symbol,KOUTONS,False,False,2013-01-01,2013-09-16,INE406I01014,KOUTONS
ID_2ba1ee66fdcf,SIL,unique_current_nse_symbol,SIL,False,True,2024-03-11,2026-03-30,INE173A01025,SIL
ID_2bc20dded12c,ARCOTECH,latest_observed_symbol,ARCOTECH,False,False,2014-04-16,2020-12-16,INE574I01027;INE574I01035,ARCOTECH
ID_2bc579de325b,ARIHANTSUP,unique_current_nse_symbol,ARIHANTSUP,False,True,2017-03-28,2026-03-30,INE643K01018,ARIHANTSUP
ID_2bfecab8b07c,ASTEC,unique_current_nse_symbol,ASTEC,False,True,2013-01-01,2026-03-30,INE563J01010,ASTEC
ID_2c0f91871354,MCLOUD,unique_current_nse_symbol,MCLOUD,False,True,2025-02-07,2026-03-30,INE613C01026,MCLOUD
ID_2c13e706f67d,NIITMTS,unique_current_nse_symbol,NIITMTS,False,True,2023-08-23,2026-03-30,INE342G01023,NIITMTS
ID_2c1eeaa49e5b,SAKUMA,unique_current_nse_symbol,SAKUMA,False,True,2013-01-01,2026-03-30,INE190H01016;INE190H01024,SAKUMA
ID_2c20264c8db5,INSECTICID,unique_current_nse_symbol,IILTD,False,False,,,,IILTD;INSECTICID
ID_2c20264c8db5,INSECTICID,unique_current_nse_symbol,INSECTICID,False,True,2013-01-01,2026-03-30,INE070I01018,IILTD;INSECTICID
ID_2c357162166b,ARVEE,unique_current_nse_symbol,ARVEE,False,True,2021-03-22,2026-03-30,INE006Z01016,ARVEE
ID_2c36e90f0cf6,ADVANCE,unique_current_nse_symbol,ADVANCE,False,True,2025-10-24,2026-03-30,INE1B0W01010,ADVANCE
ID_2c497fdbb339,MEDICAMEQ,unique_current_nse_symbol,MEDICAMEQ,False,True,2021-10-27,2026-03-30,INE646B01010,MEDICAMEQ
ID_2c4f2473722b,JD38G,lexicographic_fallback,ED38G,False,False,,,,ED38G;JD38G
ID_2c4f2473722b,JD38G,lexicographic_fallback,JD38G,False,False,,,,ED38G;JD38G
ID_2c570c48c1a3,SCHAEFFLER,unique_current_nse_symbol,FAGBEARING,False,False,2013-01-01,2017-07-31,INE513A01014,FAGBEARING;FAGPRECISN;SCHAEFFLER
ID_2c570c48c1a3,SCHAEFFLER,unique_current_nse_symbol,FAGPRECISN,False,False,,,,FAGBEARING;FAGPRECISN;SCHAEFFLER
ID_2c570c48c1a3,SCHAEFFLER,unique_current_nse_symbol,SCHAEFFLER,True,True,2017-08-01,2026-03-30,INE513A01014;INE513A01022,FAGBEARING;FAGPRECISN;SCHAEFFLER
ID_2c5886262220,SYRMA,unique_current_nse_symbol,SYRMA,True,True,2022-08-26,2026-03-30,INE0DYJ01015,SYRMA
ID_2c5b63ce58e6,KIRLOSENG,unique_current_nse_symbol,KIRLOSENG,True,True,2013-01-01,2026-03-30,INE146L01010,KIRLOSENG
ID_2c6d53a4684e,ULTRAMAR,unique_current_nse_symbol,ULTRAMAR,False,True,,,,ULTRAMAR
ID_2c6d8f0cb49a,AZAD,unique_current_nse_symbol,AZAD,False,True,2023-12-28,2026-03-30,INE02IJ01035,AZAD
ID_2c72f3daaa0c,JUNIORBEES,latest_observed_symbol,JUNIORBEES,False,False,2013-01-01,2026-03-30,INF732E01045,JUNIORBEES
ID_2c8786b57edb,KPIGREEN,unique_current_nse_symbol,KPIGLOBAL,False,False,2021-07-27,2022-04-26,INE542W01017,KPIGLOBAL;KPIGREEN
ID_2c8786b57edb,KPIGREEN,unique_current_nse_symbol,KPIGREEN,False,True,2022-04-27,2026-03-30,INE542W01017;INE542W01025,KPIGLOBAL;KPIGREEN
ID_2c9511e4bf63,TPHQ,unique_current_nse_symbol,GISOLUTION,False,False,2013-01-01,2023-04-06,INE065J01016,GISOLUTION;TPHQ
ID_2c9511e4bf63,TPHQ,unique_current_nse_symbol,TPHQ,False,True,2024-06-10,2026-03-30,INE065J01024,GISOLUTION;TPHQ
ID_2c9d32eab49f,TRACXN,unique_current_nse_symbol,TRACXN,False,True,2022-10-20,2026-03-30,INE0HMF01019,TRACXN
ID_2c9ee3fc8f32,FISCHER,unique_current_nse_symbol,FISCHER,False,True,2025-07-10,2026-03-30,INE771F01025;INE771F01041,FISCHER
ID_2caf39d44830,RDAIXDG,lexicographic_fallback,NDAIXDG,False,False,,,,NDAIXDG;RDAIXDG
ID_2caf39d44830,RDAIXDG,lexicographic_fallback,RDAIXDG,False,False,,,,NDAIXDG;RDAIXDG
ID_2cc1175823a5,ACROPETAL,latest_observed_symbol,ACROPETAL,False,False,2013-01-01,2016-05-20,INE055L01013,ACROPETAL
ID_2ccd88b8564f,EVERESTIND,unique_current_nse_symbol,ETERNEVRST,False,False,,,,ETERNEVRST;EVERESTIND
ID_2ccd88b8564f,EVERESTIND,unique_current_nse_symbol,EVERESTIND,False,True,2013-01-01,2026-03-30,INE295A01018,ETERNEVRST;EVERESTIND
ID_2cd26a56a6dc,DHAMPURSUG,unique_current_nse_symbol,DHAMPURSUG,False,True,2013-01-01,2026-03-30,INE041A01016,DHAMPURSUG
ID_2cd72c158fcc,PAVNAIND,unique_current_nse_symbol,PAVNAIND,False,True,2023-06-01,2026-03-30,INE07S101020;INE07S101038,PAVNAIND
ID_2ce8132ad0ca,CASTROLIND,unique_current_nse_symbol,CASTROLIND,True,True,2014-03-28,2026-03-30,INE172A01027,CASTROLIND
ID_2ce8c282bb67,SBFC,unique_current_nse_symbol,SBFC,True,True,2023-08-16,2026-03-30,INE423Y01016,SBFC
ID_2d042d82e024,MONQ50,latest_observed_symbol,MONQ50,False,False,2021-12-29,2026-03-30,INF247L01AU3,MONQ50
ID_2d20d08150a5,BALAXI,unique_current_nse_symbol,ANANDAMRUB,False,False,2015-12-15,2017-06-05,INE618N01014,ANANDAMRUB;BALAXI
ID_2d20d08150a5,BALAXI,unique_current_nse_symbol,BALAXI,False,True,2019-03-19,2026-03-30,INE618N01014;INE618N01022,ANANDAMRUB;BALAXI
ID_2d2ac73539c0,ECEIND,latest_observed_symbol,ECEIND,False,False,2013-01-01,2019-05-09,INE588B01014,ECEIND
ID_2d2b9f030c8a,CMAHENDRA,latest_observed_symbol,CMAHENDRA,False,False,2013-01-01,2015-09-24,INE378J01013,CMAHENDRA
ID_2d30084573c6,NETWEB,unique_current_nse_symbol,NETWEB,True,True,2023-07-27,2026-03-30,INE0NT901020,NETWEB
ID_2d34879c69cc,MARUTI,unique_current_nse_symbol,MARUTI,True,True,2013-01-01,2026-03-30,INE585B01010,MARUTI
ID_2d3b9f5a86e5,UNOMINDA,unique_current_nse_symbol,MINDAIND,False,False,2013-01-01,2022-08-04,INE405E01015;INE405E01023,MINDAIND;UNOMINDA
ID_2d3b9f5a86e5,UNOMINDA,unique_current_nse_symbol,UNOMINDA,True,True,2022-08-05,2026-03-30,INE405E01023,MINDAIND;UNOMINDA
ID_2d443ea72405,SALONA,unique_current_nse_symbol,SALONA,False,True,2016-06-16,2026-03-30,INE498E01010,SALONA;SALONACOT
ID_2d443ea72405,SALONA,unique_current_nse_symbol,SALONACOT,False,False,2013-03-04,2015-01-29,INE498E01010,SALONA;SALONACOT
ID_2d5306cf7ad7,SBGLP,unique_current_nse_symbol,SBGLP,False,True,2023-02-10,2026-03-30,INE05ST01010;INE05ST01028,SBGLP
ID_2d5e2ec7827a,OMFREIGHT,unique_current_nse_symbol,OMFREIGHT,False,True,2025-10-24,2026-03-30,INE1BZC01019,OMFREIGHT
ID_2d648285ea79,GODFRYPHLP,unique_current_nse_symbol,GODFRYPHLP,True,True,2013-01-01,2026-03-30,INE260B01010;INE260B01028,GODFRYPHLP
ID_2d6500157c9a,INDOWIND,unique_current_nse_symbol,INDOWIND,False,True,2013-01-01,2026-03-30,INE227G01018,INDOWIND
ID_2d6d383c2766,UNIENTER,unique_current_nse_symbol,UNIENTER,False,True,2013-01-01,2026-03-30,INE037A01022,UNIENTER
ID_2d6dc5776227,ECOSMOBLTY,unique_current_nse_symbol,ECOSMOBLTY,False,True,2024-09-04,2026-03-30,INE06HJ01020,ECOSMOBLTY
ID_2d6fc43762a5,INDOUS,unique_current_nse_symbol,INDOUS,False,True,2024-09-27,2026-03-30,INE250Z01010,INDOUS
ID_2d722850befb,ELANTAS,unique_current_nse_symbol,ELANTAS,False,True,,,,ELANTAS
ID_2d765ccf6e24,NICCOPAR,unique_current_nse_symbol,NICCOPAR,False,True,,,,NICCOPAR
ID_2d8dc02c20bf,SUBCAPCITY,latest_observed_symbol,SUBCAPCITY,False,False,2022-09-13,2023-01-04,INE845C01016,SUBCAPCITY
ID_2d9325537d26,ANKITMETAL,unique_current_nse_symbol,ANKITMETAL,False,True,2013-03-14,2024-05-07,INE106I01010,ANKITMETAL
ID_2d9a4ef0e0af,BHANDARI,unique_current_nse_symbol,BHANDARI,False,True,2017-01-30,2026-03-30,INE474E01029,BHANDARI
ID_2dc9b378cc15,FCL,unique_current_nse_symbol,FCL,False,True,2015-01-15,2026-03-30,INE045J01018;INE045J01026;INE045J01034,FCL
ID_2dd54ad46329,KOTAKBANK,unique_current_nse_symbol,KOTAKBANK,True,True,2013-01-01,2026-03-30,INE237A01028;INE237A01036,KOTAKBANK;KOTAKMAH
ID_2dd54ad46329,KOTAKBANK,unique_current_nse_symbol,KOTAKMAH,False,False,,,,KOTAKBANK;KOTAKMAH
ID_2dd75d3c584c,SBCL,unique_current_nse_symbol,SBCL,False,True,2021-06-24,2026-03-30,INE386D01027,SBCL
ID_2de210da6a45,ELGIEQUIP,unique_current_nse_symbol,ELGIEQUIP,True,True,2013-01-01,2026-03-30,INE285A01027,ELGIEQUIP
ID_2dfc993e853a,AFFORDABLE,unique_current_nse_symbol,AFFORDABLE,False,True,2024-10-23,2026-03-30,INE692Z01013,AFFORDABLE
ID_2e02972e6944,ICICIB22,latest_observed_symbol,BHARATIWIN,False,False,2017-11-28,2018-04-18,INF109KB15Y7,BHARATIWIN;ICICIB22
ID_2e02972e6944,ICICIB22,latest_observed_symbol,ICICIB22,False,False,2018-04-19,2026-03-30,INF109KB15Y7,BHARATIWIN;ICICIB22
ID_2e15a8db131d,LLOYDSENT,unique_current_nse_symbol,LLOYDSENT,False,True,2024-10-17,2026-03-30,INE080I01025,LLOYDSENT
ID_2e2ccf6b910c,AXISTECETF,latest_observed_symbol,AXISTECETF,False,False,2021-03-31,2026-03-30,INF846K01Y96,AXISTECETF;ITAXIS
ID_2e2ccf6b910c,AXISTECETF,latest_observed_symbol,ITAXIS,False,False,,,,AXISTECETF;ITAXIS
ID_2e32d70aee20,POWERICA,unique_current_nse_symbol,POWERICA,False,True,,,,POWERICA
ID_2e3ca91d8182,INDHOTEL,unique_current_nse_symbol,INDHOTEL,True,True,2013-01-01,2026-03-30,INE053A01029,INDHOTEL
ID_2e5c2bad0050,SUKHJITS,unique_current_nse_symbol,SUKHJITS,False,True,2022-11-07,2026-03-30,INE450E01011;INE450E01029,SUKHJITS
ID_2e5e8d2ffd35,J502D,lexicographic_fallback,E502D,False,False,,,,E502D;J502D
ID_2e5e8d2ffd35,J502D,lexicographic_fallback,J502D,False,False,,,,E502D;J502D
ID_2e7cba201f57,SHREEASHTA,latest_observed_symbol,SHREEASHTA,True,False,2013-03-01,2014-06-19,INE538H01024,SHREEASHTA
ID_2e82bfc0d934,INDSWFTLTD,latest_observed_symbol,INDSWFTLTD,False,False,2013-01-01,2025-08-13,INE788B01028,INDSWFTLTD
ID_2e864c184988,TARACHAND,unique_current_nse_symbol,TARACHAND,False,True,2024-04-16,2026-03-30,INE555Z01012;INE555Z01020,TARACHAND
ID_2e93b0a17d08,CYIENT,unique_current_nse_symbol,CYIENT,True,True,2014-05-22,2026-03-30,INE136B01020,CYIENT;INFOTECENT
ID_2e93b0a17d08,CYIENT,unique_current_nse_symbol,INFOTECENT,False,False,2013-01-01,2014-05-21,INE136B01020,CYIENT;INFOTECENT
ID_2e95d26f49fa,GANGAFORGE,unique_current_nse_symbol,GANGAFORGE,False,True,2021-07-06,2026-03-30,INE691Z01015;INE691Z01023,GANGAFORGE
ID_2ea4ab7374af,TNPL,unique_current_nse_symbol,TNPL,True,True,2013-01-01,2026-03-30,INE107A01015,TNPL
ID_2ea6cc456e2a,RSSOFTWARE,unique_current_nse_symbol,RSSOFTWARE,False,True,2013-01-01,2026-03-30,INE165B01011;INE165B01029,RSSOFTWARE
ID_2eacf47b03c9,BLUECHIP,latest_observed_symbol,BLUECHIP,False,False,2013-01-01,2026-02-20,INE657B01025,BLUECHIP
ID_2eb1f985e372,SILINV,unique_current_nse_symbol,SILINV,False,True,2013-01-01,2026-03-30,INE923A01015,SILINV;SUTLEJINDS
ID_2eb1f985e372,SILINV,unique_current_nse_symbol,SUTLEJINDS,False,False,,,,SILINV;SUTLEJINDS
ID_2ebc51af9df1,IDFNIFTYET,latest_observed_symbol,IDFNIFTYET,False,False,2016-10-18,2026-03-30,INF194KA1U07,IDFNIFTYET
ID_2efc09b20d15,ATHERENERG,unique_current_nse_symbol,ATHERENERG,True,True,2025-05-06,2026-03-30,INE0LEZ01016,ATHERENERG
ID_2f1d10a53893,TIINDIA,unique_current_nse_symbol,TIINDIA,True,True,2017-11-16,2026-03-30,INE974X01010,TIINDIA
ID_2f1f353e38ba,ROML,unique_current_nse_symbol,ROML,False,True,2020-11-03,2026-03-30,INE294G01026,ROML
ID_2f3d2737147b,CLEAN,unique_current_nse_symbol,CLEAN,True,True,2021-07-19,2026-03-30,INE227W01023,CLEAN
ID_2f4838364c87,MANAKSTEEL,unique_current_nse_symbol,MANAKSTEEL,False,True,2015-04-16,2026-03-30,INE824Q01011,MANAKSTEEL
ID_2f534c44e50b,GTNIND,latest_observed_symbol,GTNIND,False,False,2013-01-01,2021-03-12,INE537A01013,GTNIND;GTNTEXT
ID_2f534c44e50b,GTNIND,latest_observed_symbol,GTNTEXT,False,False,,,,GTNIND;GTNTEXT
ID_2f65fa0de6c3,980SFIL29,lexicographic_fallback,980ICCL29,False,False,,,,980ICCL29;980SFIL29
ID_2f65fa0de6c3,980SFIL29,lexicographic_fallback,980SFIL29,False,False,,,,980ICCL29;980SFIL29
ID_2f7c19698709,SUNDRMFAST,unique_current_nse_symbol,SUNDRMFAST,True,True,2013-01-01,2026-03-30,INE387A01021,SUNDRMFAST
ID_2f812845965a,IMAGICAA,unique_current_nse_symbol,ADLABS,True,False,2015-04-06,2020-04-21,INE172N01012,ADLABS;IMAGICAA
ID_2f812845965a,IMAGICAA,unique_current_nse_symbol,IMAGICAA,False,True,2020-04-22,2026-03-30,INE172N01012,ADLABS;IMAGICAA
ID_2f88434db63a,MODTHREAD,unique_current_nse_symbol,MODTHREAD,False,True,2025-02-24,2026-03-30,INE794W01014,MODTHREAD
ID_2f8d13afa59d,TORRENTAEC,lexicographic_fallback,AHMEDELEC,False,False,,,,AHMEDELEC;TORRENTAEC
ID_2f8d13afa59d,TORRENTAEC,lexicographic_fallback,TORRENTAEC,False,False,,,,AHMEDELEC;TORRENTAEC
ID_2f929f232dde,VIPIND,unique_current_nse_symbol,VIPIND,True,True,2013-01-01,2026-03-30,INE054A01027,VIPIND
ID_2f9cd64433c4,CANTABIL,unique_current_nse_symbol,CANTABIL,False,True,2013-01-01,2026-03-30,INE068L01016;INE068L01024,CANTABIL
ID_2fa47a28a32c,TRITONV,unique_current_nse_symbol,TRITONV,False,True,,,,TRITONV
ID_2fa49256481f,MARG,latest_observed_symbol,MARG,False,False,2013-01-01,2015-01-29,INE941E01019,MARG
ID_2fb833762c5f,KECL,unique_current_nse_symbol,KECL,False,True,2013-01-01,2026-03-30,INE134B01017,KECL;KIRELECTRI
ID_2fb833762c5f,KECL,unique_current_nse_symbol,KIRELECTRI,False,False,,,,KECL;KIRELECTRI
ID_2fc1068ca254,SWSOLAR,unique_current_nse_symbol,SWSOLAR,True,True,2019-08-20,2026-03-30,INE00M201021,SWSOLAR
ID_2fc8f7b7120e,RML,unique_current_nse_symbol,RML,False,True,2013-01-01,2026-03-30,INE050H01012,RML
ID_30266bb1a9bb,ALBERTDAVD,unique_current_nse_symbol,ALBERTDAVD,False,True,2016-06-14,2026-03-30,INE155C01010,ALBERTDAVD
ID_302a89464b6b,FIRSTCRY,unique_current_nse_symbol,FIRSTCRY,True,True,2024-08-13,2026-03-30,INE02RE01045,FIRSTCRY
ID_3039ba0f33ea,JAMNAAUTO,unique_current_nse_symbol,JAMNAAUTO,True,True,2013-01-01,2026-03-30,INE039C01016;INE039C01024;INE039C01032,JAMNAAUTO
ID_3045e804d3a4,NPBET,latest_observed_symbol,NPBET,False,False,2019-09-09,2026-03-30,INF277K010X4,NPBET
ID_30578089f8b0,SURYODAY,unique_current_nse_symbol,SURYODAY,False,True,2021-03-26,2026-03-30,INE428Q01011,SURYODAY
ID_3058f5d9d614,AARTECH,unique_current_nse_symbol,AARTECH,False,True,2023-07-10,2026-03-30,INE01C001018;INE01C001026,AARTECH
ID_30735f95dfb4,AKI,unique_current_nse_symbol,AKI,False,True,2023-04-06,2026-03-30,INE642Z01018;INE642Z01026,AKI
ID_30a0269adfc5,PITTIENG,unique_current_nse_symbol,PITTIENG,False,True,2018-06-06,2026-03-30,INE450D01021,PITTIENG;PITTILAM
ID_30a0269adfc5,PITTIENG,unique_current_nse_symbol,PITTILAM,False,False,2013-01-01,2018-06-05,INE450D01013;INE450D01021,PITTIENG;PITTILAM
ID_30d0d09a4f44,JBFIND,latest_observed_symbol,JBFIND,True,False,2013-01-01,2023-01-20,INE187A01017,JBFIND
ID_310aca907b35,ICICIAMC,unique_current_nse_symbol,ICICIAMC,True,True,2025-12-19,2026-03-30,INE346A01027,ICICIAMC
ID_31124d908faf,GOCOLORS,unique_current_nse_symbol,GOCOLORS,True,True,2021-11-30,2026-03-30,INE0BJS01011,GOCOLORS
ID_311b4cc556b7,ASMS,unique_current_nse_symbol,ASMS,False,True,2023-03-01,2026-03-30,INE855F01042,ASMS
ID_31487fce0b17,GROWWLIQID,latest_observed_symbol,GROWWLIQID,False,False,2024-09-26,2026-03-30,INF666M01IP5,GROWWLIQID
ID_3150e166314c,MARKOLINES,unique_current_nse_symbol,MARKOLINES,False,True,2025-10-14,2026-03-30,INE0FW001016,MARKOLINES
ID_315f62c6f19b,AXISCADES,unique_current_nse_symbol,AXIS-IT&T,False,False,2013-01-01,2014-10-07,INE555B01013,AXIS-IT&T;AXISCADES;IT&T
ID_315f62c6f19b,AXISCADES,unique_current_nse_symbol,AXISCADES,False,True,2014-10-08,2026-03-30,INE555B01013,AXIS-IT&T;AXISCADES;IT&T
ID_315f62c6f19b,AXISCADES,unique_current_nse_symbol,IT&T,False,False,,,,AXIS-IT&T;AXISCADES;IT&T
ID_315f80e9e4af,URBANCO,unique_current_nse_symbol,URBANCO,True,True,2025-09-17,2026-03-30,INE0CAZ01013,URBANCO
ID_3181e0b32c40,TUBEINVEST,latest_observed_symbol,TUBEINVEST,True,False,2013-01-01,2017-08-23,INE149A01025,TUBEINVEST
ID_31a27af9db12,AFTEK,latest_observed_symbol,AFTEK,False,False,2013-01-01,2014-05-22,INE796A01023,AFTEK;AFTEKINFO
ID_31a27af9db12,AFTEK,latest_observed_symbol,AFTEKINFO,False,False,,,,AFTEK;AFTEKINFO
ID_31a4c984e953,ROSSARI,unique_current_nse_symbol,ROSSARI,True,True,2020-07-23,2026-03-30,INE02A801020,ROSSARI
ID_31a830834f5e,SANOFICONR,unique_current_nse_symbol,SANOFICONR,False,True,2024-09-27,2026-03-30,INE0UOS01011,SANOFICONR
ID_31dbbb40c47a,RDAIIIADG,lexicographic_fallback,NDAIIIADG,False,False,,,,NDAIIIADG;RDAIIIADG
ID_31dbbb40c47a,RDAIIIADG,lexicographic_fallback,RDAIIIADG,False,False,,,,NDAIIIADG;RDAIIIADG
ID_31dee3d33a71,MBAPL,unique_current_nse_symbol,MBAPL,False,True,2019-08-22,2026-03-30,INE900L01010,MBAPL
ID_31f3a65243af,ANDHRABANK,latest_observed_symbol,ANDHRABANK,True,False,2013-01-01,2020-03-19,INE434A01013,ANDHRABANK
ID_31fa7ea22df9,PGIMAAQDD,lexicographic_fallback,DPRMAAQD,False,False,,,,DPRMAAQD;PGIMAAQDD
ID_31fa7ea22df9,PGIMAAQDD,lexicographic_fallback,PGIMAAQDD,False,False,,,,DPRMAAQD;PGIMAAQDD
ID_320b606d2fc9,TATASTLBSL,latest_observed_symbol,BHUSANSTL,True,False,2013-01-01,2018-12-07,INE824B01021,BHUSANSTL;TATASTLBSL
ID_320b606d2fc9,TATASTLBSL,latest_observed_symbol,TATASTLBSL,True,False,2018-12-10,2021-08-05,INE824B01021,BHUSANSTL;TATASTLBSL
ID_3218b24adc94,TRIGYN,unique_current_nse_symbol,LEADEDSYS,False,False,,,,LEADEDSYS;TRIGYN
ID_3218b24adc94,TRIGYN,unique_current_nse_symbol,TRIGYN,False,True,2013-01-01,2026-03-30,INE948A01012,LEADEDSYS;TRIGYN
ID_32198f411e75,MUFIN,unique_current_nse_symbol,MUFIN,False,True,2023-11-07,2026-03-30,INE08KJ01020,MUFIN
ID_322a155dced6,ENIFTY,latest_observed_symbol,ENIFTY,False,False,2025-11-27,2026-03-30,INF754K01VX0,ENIFTY
ID_322f73e671a3,THYROCARE,unique_current_nse_symbol,THYROCARE,True,True,2016-05-09,2026-03-30,INE594H01019,THYROCARE
ID_324926fca882,ZYDUSLIFE,unique_current_nse_symbol,CADILAHC,False,False,2013-01-01,2022-03-04,INE010B01019;INE010B01027,CADILAHC;ZYDUSLIFE
ID_324926fca882,ZYDUSLIFE,unique_current_nse_symbol,ZYDUSLIFE,True,True,2022-03-07,2026-03-30,INE010B01027,CADILAHC;ZYDUSLIFE
ID_32508b636a30,CINELINE,unique_current_nse_symbol,CINELINE,False,True,2013-08-23,2026-03-30,INE704H01022,CINELINE;CINEPRO
ID_32508b636a30,CINELINE,unique_current_nse_symbol,CINEPRO,False,False,2013-03-01,2013-08-21,INE704H01022,CINELINE;CINEPRO
ID_325e085b2065,RETAIL,unique_current_nse_symbol,RETAIL,False,True,2024-07-10,2026-03-30,INE03DD01011,RETAIL
ID_326d72d4be9f,EMCURE,unique_current_nse_symbol,EMCURE,True,True,2024-07-10,2026-03-30,INE168P01015,EMCURE
ID_3281ca0e3def,TBOTEK,unique_current_nse_symbol,TBOTEK,True,True,2024-05-15,2026-03-30,INE673O01025,TBOTEK
ID_328ab982d1d2,SOFTTECH,unique_current_nse_symbol,SOFTTECH,False,True,2022-02-25,2026-03-30,INE728Z01015,SOFTTECH
ID_328c3d7240e5,GPTHEALTH,unique_current_nse_symbol,GPTHEALTH,False,True,2024-02-29,2026-03-30,INE486R01017,GPTHEALTH
ID_328e0f1c29fc,MID150BEES,latest_observed_symbol,MID150BEES,False,False,2022-05-10,2026-03-30,INF204KB1V68,MID150BEES;NETFMID150;RETFMID150
ID_328e0f1c29fc,MID150BEES,latest_observed_symbol,NETFMID150,False,False,2019-10-30,2022-05-09,INF204KB1V68,MID150BEES;NETFMID150;RETFMID150
ID_328e0f1c29fc,MID150BEES,latest_observed_symbol,RETFMID150,False,False,2019-02-04,2019-10-29,INF204KB1V68,MID150BEES;NETFMID150;RETFMID150
ID_32a5b57f6549,BANKA,unique_current_nse_symbol,BANKA,False,True,2020-10-29,2026-03-30,INE862Y01015,BANKA
ID_32b85d9b2652,SVOGL,latest_observed_symbol,SHIV-VANI,False,False,2013-01-01,2015-10-21,INE756B01017,SHIV-VANI;SVOGL
ID_32b85d9b2652,SVOGL,latest_observed_symbol,SVOGL,False,False,2015-10-23,2016-09-26,INE756B01017,SHIV-VANI;SVOGL
ID_32bae21a1c2f,NAGREKAEXP,lexicographic_fallback,NAGREEKA,False,False,,,,NAGREEKA;NAGREKAEXP
ID_32bae21a1c2f,NAGREKAEXP,lexicographic_fallback,NAGREKAEXP,False,False,,,,NAGREEKA;NAGREKAEXP
ID_32cfcf1750a9,KRONOX,unique_current_nse_symbol,KRONOX,False,True,2024-06-25,2026-03-30,INE0ATZ01017,KRONOX
ID_32cfd46aec1b,EMAMIPAP,unique_current_nse_symbol,EMAMIPAP,False,True,2019-05-30,2026-03-30,INE830C01026,EMAMIPAP
ID_32da3ac10227,360ONE,unique_current_nse_symbol,360ONE,True,True,2023-01-23,2026-03-30,INE466L01020;INE466L01038,360ONE;IIFLWAM
ID_32da3ac10227,360ONE,unique_current_nse_symbol,IIFLWAM,True,False,2019-10-04,2023-01-20,INE466L01020,360ONE;IIFLWAM
ID_32f330d0af56,ENTEGRA,latest_observed_symbol,ENTEGRA,False,False,2013-03-01,2013-08-14,INE826A01028,ENTEGRA;INDUJENERT
ID_32f330d0af56,ENTEGRA,latest_observed_symbol,INDUJENERT,False,False,,,,ENTEGRA;INDUJENERT
ID_32f3ea7117f1,HMVL,unique_current_nse_symbol,HMVL,True,True,2013-01-01,2026-03-30,INE871K01015,HMVL
ID_32f4736cc106,PENINLAND,unique_current_nse_symbol,MORAREALTY,False,False,,,,MORAREALTY;MORARJESPG;PENINLAND
ID_32f4736cc106,PENINLAND,unique_current_nse_symbol,MORARJESPG,False,False,,,,MORAREALTY;MORARJESPG;PENINLAND
ID_32f4736cc106,PENINLAND,unique_current_nse_symbol,PENINLAND,False,True,2013-01-01,2026-03-30,INE138A01028,MORAREALTY;MORARJESPG;PENINLAND
ID_33061a21af93,PHARMACIA,lexicographic_fallback,ABBOTTLAB,False,False,,,,ABBOTTLAB;PHARMACIA
ID_33061a21af93,PHARMACIA,lexicographic_fallback,PHARMACIA,False,False,,,,ABBOTTLAB;PHARMACIA
ID_3325d2a867aa,DLFCEMENT,lexicographic_fallback,AMBUJARAJN,False,False,,,,AMBUJARAJN;DLFCEMENT
ID_3325d2a867aa,DLFCEMENT,lexicographic_fallback,DLFCEMENT,False,False,,,,AMBUJARAJN;DLFCEMENT
ID_3331983dc0b4,3IINFOLTD,unique_current_nse_symbol,3IINFOLTD,False,True,2021-11-08,2026-03-30,INE748C01038,3IINFOLTD
ID_333350a3c96c,LIQUIDSBI,latest_observed_symbol,LIQUIDSBI,False,False,2023-11-02,2026-03-30,INF200KA13Z8,LIQUIDSBI
ID_337c34effa0b,PHOENIXLTD,unique_current_nse_symbol,PHOENIXLTD,True,True,2013-01-01,2026-03-30,INE211B01039,PHOENIXLTD
ID_33976af01c7e,SGMART,unique_current_nse_symbol,SGMART,False,True,2025-09-12,2026-03-30,INE385F01024,SGMART
ID_33e80e448127,SRM,unique_current_nse_symbol,SRM,False,True,2024-04-19,2026-03-30,INE0R6Z01013,SRM
ID_33eefd0ea48c,RAYMOND,unique_current_nse_symbol,RAYMOND,True,True,2013-01-01,2026-03-30,INE301A01014,RAYMOND
ID_33f38d37d159,WOCKPHARMA,unique_current_nse_symbol,WOCKPHARMA,True,True,2013-03-01,2026-03-30,INE049B01025,WOCKPHARMA
ID_33fc85be4fc0,TMPV,unique_current_nse_symbol,TATAMOTORS,False,False,2013-01-01,2025-10-23,INE155A01022,TATAMOTORS;TELCO;TMPV
ID_33fc85be4fc0,TMPV,unique_current_nse_symbol,TELCO,False,False,,,,TATAMOTORS;TELCO;TMPV
ID_33fc85be4fc0,TMPV,unique_current_nse_symbol,TMPV,True,True,2025-10-24,2026-03-30,INE155A01022,TATAMOTORS;TELCO;TMPV
ID_3401818784ac,LIBERTSHOE,unique_current_nse_symbol,LIBERTSHOE,False,True,2013-01-01,2026-03-30,INE557B01019,LIBERTSHOE
ID_342228112a1d,CHETTINAD,latest_observed_symbol,CHETNADCEM,False,False,,,,CHETNADCEM;CHETTINAD
ID_342228112a1d,CHETTINAD,latest_observed_symbol,CHETTINAD,False,False,2013-01-01,2013-05-30,INE132B01011,CHETNADCEM;CHETTINAD
ID_342cdd40ee1f,CNL,unique_current_nse_symbol,CNL,False,True,2025-12-10,2026-03-30,INE985W01018,CNL;CREATIVE
ID_342cdd40ee1f,CNL,unique_current_nse_symbol,CREATIVE,False,False,2019-08-05,2025-12-09,INE985W01018,CNL;CREATIVE
ID_343f78dddd8e,RACLGEAR,unique_current_nse_symbol,RACLGEAR,False,True,2024-11-27,2026-03-30,INE704B01017,RACLGEAR
ID_344a10d8ea21,RMFINQRAG1,lexicographic_fallback,NMFINQRAG1,False,False,,,,NMFINQRAG1;RMFINQRAG1
ID_344a10d8ea21,RMFINQRAG1,lexicographic_fallback,RMFINQRAG1,False,False,,,,NMFINQRAG1;RMFINQRAG1
ID_34578fb64f96,PINCON,latest_observed_symbol,PINCON,False,False,2016-06-15,2018-05-21,INE675G01018,PINCON
ID_34610c10721e,DCBBANK,unique_current_nse_symbol,DCB,False,False,2013-01-01,2014-01-14,INE503A01015,DCB;DCBBANK
ID_34610c10721e,DCBBANK,unique_current_nse_symbol,DCBBANK,True,True,2014-01-15,2026-03-30,INE503A01015,DCB;DCBBANK
ID_3461d2701863,FINPIPE,unique_current_nse_symbol,FINPIPE,True,True,2013-01-01,2026-03-30,INE183A01016;INE183A01024,FINPIPE
ID_34650da618f8,CASTROL,latest_observed_symbol,CASTROL,True,False,2013-01-01,2014-02-26,INE172A01019,CASTROL
ID_347e517e5a12,ELECTCAST,unique_current_nse_symbol,ELECTCAST,False,True,2013-01-01,2026-03-30,INE086A01029,ELECTCAST
ID_34832d38a649,KIRIINDUS,unique_current_nse_symbol,KIRIDYES,False,False,,,,KIRIDYES;KIRIINDUS
ID_34832d38a649,KIRIINDUS,unique_current_nse_symbol,KIRIINDUS,False,True,2013-01-01,2026-03-30,INE415I01015,KIRIDYES;KIRIINDUS
ID_3489c40075c9,GSS,unique_current_nse_symbol,GSS,False,True,2013-01-01,2026-03-30,INE871H01011,GSS;GSSAMERICA
ID_3489c40075c9,GSS,unique_current_nse_symbol,GSSAMERICA,False,False,,,,GSS;GSSAMERICA
ID_348a550cc897,AXISBANK,unique_current_nse_symbol,AXISBANK,True,True,2013-01-01,2026-03-30,INE238A01026;INE238A01034,AXISBANK;UTIBANK
ID_348a550cc897,AXISBANK,unique_current_nse_symbol,UTIBANK,False,False,,,,AXISBANK;UTIBANK
ID_348ed10e52a4,PGHL,unique_current_nse_symbol,EMERCK,False,False,,,,EMERCK;MERCK;PGHL
ID_348ed10e52a4,PGHL,unique_current_nse_symbol,MERCK,False,False,2013-01-01,2019-06-10,INE199A01012,EMERCK;MERCK;PGHL
ID_348ed10e52a4,PGHL,unique_current_nse_symbol,PGHL,True,True,2019-06-11,2026-03-30,INE199A01012,EMERCK;MERCK;PGHL
ID_349e14807241,JSWISPAT,latest_observed_symbol,ISPATIND,False,False,,,,ISPATIND;JSWISPAT
ID_349e14807241,JSWISPAT,latest_observed_symbol,JSWISPAT,False,False,2013-01-01,2013-06-10,INE136A01022,ISPATIND;JSWISPAT
ID_34a88cfb97e8,GAEL,unique_current_nse_symbol,GAEL,True,True,2013-01-01,2026-03-30,INE036B01022;INE036B01030,GAEL
ID_34c30e1f64ae,PRITHVISOF,latest_observed_symbol,PRITHVISOF,False,False,2013-01-04,2015-01-29,INE621B01021,PRITHVISOF
ID_34cf0fb2c223,TVSSCS,unique_current_nse_symbol,TVSSCS,True,True,2023-08-23,2026-02-23,INE395N01027,TVSSCS
ID_34dad13216e4,ABSL10BANK,latest_observed_symbol,ABSL10BANK,False,False,2026-03-04,2026-03-30,INF209KC1670,ABSL10BANK
ID_34e0a86a1bef,ALPHAETF,latest_observed_symbol,ALPHAETF,False,False,2023-10-27,2026-03-30,INF769K01KU7,ALPHAETF
ID_34f5e45210b7,MAHSEAMLES,unique_current_nse_symbol,MAHSEAMLES,True,True,2013-01-01,2026-03-30,INE271B01025,MAHSEAMLES
ID_353620d1606f,PGIMAHD4D,lexicographic_fallback,DPRMAHD4,False,False,,,,DPRMAHD4;PGIMAHD4D
ID_353620d1606f,PGIMAHD4D,lexicographic_fallback,PGIMAHD4D,False,False,,,,DPRMAHD4;PGIMAHD4D
ID_354232a0fc61,APTECHT,unique_current_nse_symbol,APTECHT,True,True,2013-01-01,2026-03-30,INE266F01018,APTECHT
ID_355838d72351,DRL,lexicographic_fallback,DIRL,False,False,,,,DIRL;DRL
ID_355838d72351,DRL,lexicographic_fallback,DRL,False,False,,,,DIRL;DRL
ID_3561b93f661d,TECHNOE,unique_current_nse_symbol,TECHNOE,True,True,2018-12-18,2026-03-30,INE285K01026,TECHNOE
ID_3568bdc0273c,TATACOFFEE,latest_observed_symbol,CONSCOFFEE,False,False,,,,CONSCOFFEE;TATACOFFEE
ID_3568bdc0273c,TATACOFFEE,latest_observed_symbol,TATACOFFEE,True,False,2013-01-01,2024-01-12,INE493A01019;INE493A01027,CONSCOFFEE;TATACOFFEE
ID_3568d9876f92,JAICORPLTD,unique_current_nse_symbol,JAICORPLTD,True,True,2013-01-01,2026-03-30,INE070D01027,JAICORPLTD
ID_356faab90137,TCIEXP,unique_current_nse_symbol,TCIEXP,True,True,2016-12-29,2026-03-30,INE586V01016,TCIEXP
ID_35718b0f6cc9,ELM250,latest_observed_symbol,ELM250,False,False,2025-09-09,2026-03-30,INF754K01VV4,ELM250
ID_357c20adbccd,ZUARIIND,unique_current_nse_symbol,ZUARIAGRO,False,False,,,,ZUARIAGRO;ZUARIGLOB;ZUARIIND
ID_357c20adbccd,ZUARIIND,unique_current_nse_symbol,ZUARIGLOB,False,False,2013-01-01,2022-07-01,INE217A01012,ZUARIAGRO;ZUARIGLOB;ZUARIIND
ID_357c20adbccd,ZUARIIND,unique_current_nse_symbol,ZUARIIND,False,True,2022-07-04,2026-03-30,INE217A01012,ZUARIAGRO;ZUARIGLOB;ZUARIIND
ID_35eacfef7cc8,PGIMDAADD,lexicographic_fallback,DPRMDAAD,False,False,,,,DPRMDAAD;PGIMDAADD
ID_35eacfef7cc8,PGIMDAADD,lexicographic_fallback,PGIMDAADD,False,False,,,,DPRMDAAD;PGIMDAADD
ID_35f23ecd3ee9,KHADIM,unique_current_nse_symbol,KHADIM,False,True,2017-11-14,2026-03-30,INE834I01025,KHADIM
ID_36175db01fbe,UGROCAP,unique_current_nse_symbol,UGROCAP,False,True,2021-08-11,2026-03-30,INE583D01011,UGROCAP
ID_361d9ddc59b9,NAVKARCORP,unique_current_nse_symbol,NAVKARCORP,True,True,2015-09-09,2026-03-30,INE278M01019,NAVKARCORP
ID_361dec20967d,NEOGEN,unique_current_nse_symbol,NEOGEN,False,True,2019-05-22,2026-03-30,INE136S01016,NEOGEN
ID_3629788332f9,PURVA,unique_current_nse_symbol,PURVA,False,True,2013-01-01,2026-03-30,INE323I01011,PURVA
ID_36432c4ff1aa,SHEMAROO,unique_current_nse_symbol,SHEMAROO,False,True,2014-10-21,2026-03-30,INE363M01019,SHEMAROO
ID_3652e387c12c,JYOTHYLAB,unique_current_nse_symbol,JYOTHYLAB,True,True,2013-01-01,2026-03-30,INE668F01031,JYOTHYLAB
ID_3662be46bb8a,GROWWLOVOL,latest_observed_symbol,GROWWLOVOL,False,False,2025-06-17,2026-03-30,INF666M01LB9,GROWWLOVOL
ID_3680e912ff24,LTGILTCASE,latest_observed_symbol,LTGILTCASE,False,False,2025-08-20,2026-03-30,INF0R8F01133,LTGILTCASE
ID_3685f210b40c,HDFCAMC,unique_current_nse_symbol,HDFCAMC,True,True,2018-08-06,2026-03-30,INE127D01025,HDFCAMC
ID_36d6dab2e584,SHOPERSTOP,unique_current_nse_symbol,SHOPERSTOP,True,True,2013-01-01,2026-03-30,INE498B01024,SHOPERSTOP
ID_36e0f501ebf5,NEOCORP,latest_observed_symbol,NEOCORP,False,False,2013-01-01,2014-06-12,INE851C01014,NEOCORP
ID_36e28d167967,ARENTERP,unique_current_nse_symbol,ARENTERP,False,True,2018-01-12,2026-03-30,INE610C01014,ARENTERP
ID_36e96e177ba9,NBIFIN,unique_current_nse_symbol,NBIFIN,False,True,2017-05-30,2026-03-30,INE365I01012;INE365I01020,NBIFIN
ID_36f619d124c0,620MH2029,lexicographic_fallback,620GS2029,False,False,,,,620GS2029;620MH2029
ID_36f619d124c0,620MH2029,lexicographic_fallback,620MH2029,False,False,,,,620GS2029;620MH2029
ID_371253e8ee00,SVGLOBAL,unique_current_nse_symbol,SVGLOBAL,False,True,,,,SVGLOBAL
ID_3727885a62d2,PGIMACD4D,lexicographic_fallback,DPRMACD4,False,False,,,,DPRMACD4;PGIMACD4D
ID_3727885a62d2,PGIMACD4D,lexicographic_fallback,PGIMACD4D,False,False,,,,DPRMACD4;PGIMACD4D
ID_3729b3e6ff28,LKPSEC,unique_current_nse_symbol,LKPSEC,False,True,,,,LKPSEC
ID_373422a67d44,GANDHAR,unique_current_nse_symbol,GANDHAR,False,True,2023-11-30,2026-03-30,INE717W01049,GANDHAR
ID_373a35c796fd,ZYLOG,latest_observed_symbol,ZYLOG,False,False,2013-01-01,2018-03-16,INE225I01026,ZYLOG
ID_373dfe7a8665,GMRAIRPORT,unique_current_nse_symbol,GMRAIRPORT,True,True,2024-12-11,2026-03-30,INE776C01039,GMRAIRPORT;GMRINFRA
ID_373dfe7a8665,GMRAIRPORT,unique_current_nse_symbol,GMRINFRA,False,False,2013-01-01,2024-12-10,INE776C01039,GMRAIRPORT;GMRINFRA
ID_37439ef71762,SIGNATURE,unique_current_nse_symbol,SIGNATURE,True,True,2023-09-27,2026-03-30,INE903U01023,SIGNATURE
ID_374fcc1f8ef5,DENSO,latest_observed_symbol,DENSO,False,False,2013-01-01,2013-10-28,INE502A01017,DENSO
ID_375166da9005,ASTRAL,unique_current_nse_symbol,ASTRAL,True,True,2013-01-01,2026-03-30,INE006I01020;INE006I01038;INE006I01046,ASTRAL
ID_377ced0f605c,OSWALAGRO,unique_current_nse_symbol,OSWALAGRO,False,True,2018-05-02,2026-03-30,INE142A01012,OSWALAGRO
ID_377e0b80a061,JD14G,lexicographic_fallback,ED14G,False,False,,,,ED14G;JD14G
ID_377e0b80a061,JD14G,lexicographic_fallback,JD14G,False,False,,,,ED14G;JD14G
ID_379004870da7,NATNLSTEEL,latest_observed_symbol,NATNLSTEEL,False,False,2013-01-01,2022-01-10,INE088B01015,NATNLSTEEL
ID_37a326ca5822,657MH2033,lexicographic_fallback,657GS2033A,False,False,,,,657GS2033A;657MH2033
ID_37a326ca5822,657MH2033,lexicographic_fallback,657MH2033,False,False,,,,657GS2033A;657MH2033
ID_37a62472038e,BANKADD,latest_observed_symbol,BANKADD,False,False,2025-12-15,2026-03-30,INF740KA1RX3,BANKADD;BANKETFADD;DSPBANKETF
ID_37a62472038e,BANKADD,latest_observed_symbol,BANKETFADD,False,False,2024-02-15,2025-12-12,INF740KA1RX3,BANKADD;BANKETFADD;DSPBANKETF
ID_37a62472038e,BANKADD,latest_observed_symbol,DSPBANKETF,False,False,2023-01-06,2024-02-14,INF740KA1RX3,BANKADD;BANKETFADD;DSPBANKETF
ID_37c00f63ba61,POKARNA,unique_current_nse_symbol,POKARNA,False,True,2016-07-07,2026-03-30,INE637C01017;INE637C01025,POKARNA
ID_37df44fe1efc,KPITTECH,unique_current_nse_symbol,KPITTECH,True,True,2019-05-08,2026-03-30,INE04I401011,KPITTECH
ID_37e828150ea6,EQUAL50ADD,latest_observed_symbol,DSPNEWETF,False,False,2021-11-12,2024-02-14,INF740KA1QK2,DSPNEWETF;EQUAL50ADD
ID_37e828150ea6,EQUAL50ADD,latest_observed_symbol,EQUAL50ADD,False,False,2024-02-15,2026-03-30,INF740KA1QK2,DSPNEWETF;EQUAL50ADD
ID_37f773740d85,ARVINDREM,latest_observed_symbol,ARVINDREM,False,False,2013-01-01,2015-09-24,INE211C01037,ARVINDREM
ID_380027507aff,PRADIP,latest_observed_symbol,PRADIP,False,False,2013-01-01,2021-10-14,INE495J01015,PRADIP
ID_38329a5f59fa,LICNFNHGP,latest_observed_symbol,LICNFNHGP,False,False,2016-05-26,2026-03-30,INF767K01PC8,LICNFNHGP
ID_387f477acfb1,DALBHARAT,unique_current_nse_symbol,DALBHARAT,True,True,2019-02-05,2026-03-30,INE00R701025,DALBHARAT
ID_38889a31825d,FSC,latest_observed_symbol,FSC,True,False,2017-12-18,2022-11-21,INE935Q01015,FSC
ID_388a4db49d02,PHARMABEES,latest_observed_symbol,NETFPHARMA,False,False,2021-07-07,2022-05-09,INF204KC1089,NETFPHARMA;PHARMABEES
ID_388a4db49d02,PHARMABEES,latest_observed_symbol,PHARMABEES,False,False,2022-05-10,2026-03-30,INF204KC1089,NETFPHARMA;PHARMABEES
ID_389650a7d2c8,ASAL,unique_current_nse_symbol,ASAL,False,True,2013-01-01,2026-03-30,INE900C01027,ASAL;JBMT
ID_389650a7d2c8,ASAL,unique_current_nse_symbol,JBMT,False,False,,,,ASAL;JBMT
ID_3899f8a77bd2,MGL,unique_current_nse_symbol,MGL,True,True,2016-07-01,2026-03-30,INE002S01010,MGL
ID_38c41a763811,VASUPRADA,unique_current_nse_symbol,VASUPRADA,False,True,,,,VASUPRADA
ID_38d71649e6f5,SHTV,lexicographic_fallback,SHTV,True,False,,,,SHTV
ID_38e3b565b0ce,TANFACIND,latest_observed_symbol,TANFACIND,False,False,2013-01-01,2014-12-26,INE639B01015,TANFACIND
ID_38e980fd267b,BALUFORGE,unique_current_nse_symbol,BALUFORGE,False,True,2024-04-29,2026-03-30,INE011E01029,BALUFORGE
ID_38f168016810,AKCAPIT,unique_current_nse_symbol,AKCAPIT,False,True,,,,AKCAPIT
ID_38f5b032c2c3,XTRANET,unique_current_nse_symbol,XTRANET,False,True,,,,XTRANET
ID_39085ff7eeb7,NIFTYQLITY,latest_observed_symbol,NIFTYQLITY,False,False,2022-08-19,2026-03-30,INF209KB15K4,NIFTYQLITY
ID_391a586c4336,SBISILVER,latest_observed_symbol,SBISILVER,False,False,2024-07-08,2026-03-30,INF200KB1217,SBISILVER
ID_391cf24d3f8e,PSB,unique_current_nse_symbol,PSB,False,True,2013-01-01,2026-03-30,INE608A01012,PSB
ID_3937c54767f2,PARAPRINT,latest_observed_symbol,PARAPRINT,False,False,2013-01-01,2016-05-20,INE702L01010,PARAPRINT
ID_393de4d659a6,BANSWRAS,unique_current_nse_symbol,BANSWRAS,False,True,2013-01-01,2026-03-30,INE629D01012;INE629D01020,BANSWRAS
ID_393fd74aaa94,TAMBOLIIN,unique_current_nse_symbol,TAMBOLIIN,False,True,,,,TAMBOLIIN
ID_395760482884,IONEXCHANG,unique_current_nse_symbol,IONEXCHANG,False,True,2022-02-22,2026-03-30,INE570A01014;INE570A01022,IONEXCHANG
ID_395f0e7facbb,VIKRAN,unique_current_nse_symbol,VIKRAN,False,True,2025-09-03,2026-03-30,INE01R501028,VIKRAN
ID_395fe9d2980e,VITLINFO,lexicographic_fallback,CORALHUB,False,False,,,,CORALHUB;VITLINFO
ID_395fe9d2980e,VITLINFO,lexicographic_fallback,VITLINFO,False,False,,,,CORALHUB;VITLINFO
ID_396804d6a6e9,SJS,unique_current_nse_symbol,SJS,False,True,2021-11-15,2026-03-30,INE284S01014,SJS
ID_396a7a368310,LITL,latest_observed_symbol,LITL,True,False,2013-01-01,2018-09-12,INE785C01048,LITL
ID_397224a16e04,NH,unique_current_nse_symbol,NH,True,True,2016-01-06,2026-03-30,INE410P01011,NH
ID_3984a54cbe87,INNOVANA,unique_current_nse_symbol,INNOVANA,False,True,2024-12-17,2026-03-30,INE403Y01018,INNOVANA
ID_398501fe0b17,MAHKTECH,latest_observed_symbol,MAHKTECH,False,False,2021-12-10,2026-03-30,INF769K01HS7,MAHKTECH
ID_39ad3f25c49d,GODREJCP,unique_current_nse_symbol,GODREJCP,True,True,2013-01-01,2026-03-30,INE102D01028,GODREJCP
ID_39bd2da11ebb,ENDURANCE,unique_current_nse_symbol,ENDURANCE,True,True,2016-10-19,2026-03-30,INE913H01037,ENDURANCE
ID_39c2167e0612,GROWWCAPM,latest_observed_symbol,GROWWCAPM,False,False,2025-12-04,2026-03-30,INF666M01MM4,GROWWCAPM
ID_39e9583ed9c8,PRAVEG,unique_current_nse_symbol,PRAVEG,False,True,,,,PRAVEG
ID_39eb10ac6f36,MID150CASE,latest_observed_symbol,MID150CASE,False,False,2024-06-19,2026-03-30,INF0R8F01059,MID150CASE
ID_39ed6d39b4b3,ANUP,unique_current_nse_symbol,ANUP,False,True,2019-03-18,2026-03-30,INE294Z01018,ANUP
ID_39fdbde06a98,FIVESTAR,unique_current_nse_symbol,FIVESTAR,True,True,2022-11-21,2026-03-30,INE128S01021,FIVESTAR
ID_3a1c7bfaf7c8,SUPREME,unique_current_nse_symbol,SUPREME,False,True,2025-02-03,2026-03-30,INE822E01011,SUPREME
ID_3a28aee245a5,DAVANGERE,unique_current_nse_symbol,DAVANGERE,False,True,2024-01-25,2026-03-30,INE179G01011;INE179G01029,DAVANGERE
ID_3a3339ec9957,BATAINDIA,unique_current_nse_symbol,BATAINDIA,True,True,2013-01-01,2026-03-30,INE176A01010;INE176A01028,BATAINDIA
ID_3a3d01778fbe,BBTC,unique_current_nse_symbol,BBTC,True,True,2013-01-01,2026-03-30,INE050A01025,BBTC
ID_3a50277ebad0,PAYTM,unique_current_nse_symbol,PAYTM,True,True,2021-11-18,2026-03-30,INE982J01020,PAYTM
ID_3a593c71afe4,FMCGIETF,latest_observed_symbol,FMCGIETF,False,False,2023-12-20,2026-03-30,INF109KC19V3;INF109KC1R48,FMCGIETF;ICICIFMCG
ID_3a593c71afe4,FMCGIETF,latest_observed_symbol,ICICIFMCG,False,False,2021-08-10,2023-12-19,INF109KC1R48,FMCGIETF;ICICIFMCG
ID_3a616cce170b,INDIASHLTR,unique_current_nse_symbol,INDIASHLTR,False,True,2023-12-20,2026-03-30,INE922K01024,INDIASHLTR
ID_3a6585d509f6,RAINBOWPAP,latest_observed_symbol,RAINBOWPAP,False,False,2013-01-01,2018-07-04,INE028D01025,RAINBOWPAP
ID_3a698d27b9c8,ATULAUTO,unique_current_nse_symbol,ATULAUTO,False,True,2013-06-26,2026-03-30,INE951D01010;INE951D01028,ATULAUTO
ID_3a8c021ae72f,AHCL,unique_current_nse_symbol,AHCL,False,True,2025-09-17,2026-03-30,INE0Y8W01017,AHCL
ID_3a96f8289719,PGIMABDPD,lexicographic_fallback,DPRMABDP,False,False,,,,DPRMABDP;PGIMABDPD
ID_3a96f8289719,PGIMABDPD,lexicographic_fallback,PGIMABDPD,False,False,,,,DPRMABDP;PGIMABDPD
ID_3ab96e047f06,SADBHAV,unique_current_nse_symbol,SADBHAV,True,True,2013-01-01,2026-02-27,INE226H01026,SADBHAV
ID_3ad38e7af9c6,ANANTRAJ,unique_current_nse_symbol,ANANTRAJ,True,True,2013-01-01,2026-03-30,INE242C01024,ANANTRAJ
ID_3adcc2ce3fd1,BHARATIDIL,latest_observed_symbol,BHARATIDIL,False,False,2016-03-14,2017-09-27,INE673G01013,BHARATIDIL;BHARTISHIP
ID_3adcc2ce3fd1,BHARATIDIL,latest_observed_symbol,BHARTISHIP,False,False,2013-01-01,2014-12-24,INE673G01013,BHARATIDIL;BHARTISHIP
ID_3add67a9acd8,WELENTRP,latest_observed_symbol,WELENTRP,False,False,2014-07-25,2015-06-03,INE072P01019,WELENTRP
ID_3ae2be9719b2,RANBAXY,latest_observed_symbol,RANBAXY,False,False,2013-01-01,2015-04-01,INE015A01028,RANBAXY
ID_3ae8c7f08960,KDGREEN,unique_current_nse_symbol,KDGREEN,False,True,,,,KDGREEN;MANBRO
ID_3ae8c7f08960,KDGREEN,unique_current_nse_symbol,MANBRO,False,False,,,,KDGREEN;MANBRO
ID_3af8f6461956,SONAL,unique_current_nse_symbol,SONAL,False,True,,,,SONAL
ID_3afaf0ebfa64,RAMASTEEL,unique_current_nse_symbol,RAMASTEEL,False,True,2015-09-07,2026-03-30,INE230R01019;INE230R01027;INE230R01035,RAMASTEEL
ID_3b0a11debd30,SHANKESH,unique_current_nse_symbol,SHANKESH,False,True,,,,SHANKESH
ID_3b17265e4e3c,HTEL,unique_current_nse_symbol,HTEL,False,True,,,,HTEL
ID_3b3cf7789048,ASIANTILES,unique_current_nse_symbol,ASIANTILES,False,True,2013-01-01,2026-03-30,INE022I01019,ASIANTILES
ID_3b3fc92363aa,NDTV,unique_current_nse_symbol,NDTV,True,True,2013-01-01,2026-03-30,INE155G01029,NDTV
ID_3b5509b34072,GRAVITA,unique_current_nse_symbol,GRAVITA,True,True,2013-01-01,2026-03-30,INE024L01027,GRAVITA
ID_3b5547ab485b,KOHINOOR,unique_current_nse_symbol,KOHINOOR,False,True,2013-01-01,2026-03-30,INE080B01012,KOHINOOR;SATNAMOVER
ID_3b5547ab485b,KOHINOOR,unique_current_nse_symbol,SATNAMOVER,False,False,,,,KOHINOOR;SATNAMOVER
ID_3b664c46cbc7,UNIVAFOODS,latest_observed_symbol,HOTELRUGBY,False,False,2013-01-01,2022-11-18,INE275F01019,HOTELRUGBY;UNIVAFOODS
ID_3b664c46cbc7,UNIVAFOODS,latest_observed_symbol,UNIVAFOODS,False,False,2023-09-18,2023-12-18,INE275F01019,HOTELRUGBY;UNIVAFOODS
ID_3b7155d2a4af,ANNAPURNA,unique_current_nse_symbol,ANNAPURNA,False,True,,,,ANNAPURNA
ID_3b71996627c7,KOTHARIPRO,unique_current_nse_symbol,KOTHARIPRO,False,True,2013-01-01,2026-03-30,INE823A01017,KOTHARIPRO
ID_3b73b1539c74,KOTIC,unique_current_nse_symbol,KOTIC,False,True,,,,KOTIC
ID_3b949d02345b,MEGASTAR,unique_current_nse_symbol,MEGASTAR,False,True,2022-02-16,2026-03-30,INE00EM01016,MEGASTAR
ID_3bade5b9ed80,BIRLACOT,latest_observed_symbol,BIRLACOT,False,False,2013-01-01,2017-03-08,INE655I01024,BIRLACOT
ID_3bbaa01d5dac,NAGREEKCAP,unique_current_nse_symbol,NAGREEKCAP,False,True,2013-01-01,2026-03-30,INE245I01016,NAGREEKCAP
ID_3bca2eab8315,SSWL,unique_current_nse_symbol,SSWL,False,True,2013-01-01,2026-03-30,INE802C01017;INE802C01025;INE802C01033,SSWL
ID_3bd1d1ca0015,DBREALTY,unique_current_nse_symbol,DBREALTY,True,True,2013-01-01,2026-03-30,INE879I01012,DBREALTY
ID_3be49e437b66,MOCAPITAL,latest_observed_symbol,MOCAPITAL,False,False,2025-03-13,2026-03-30,INF247L01EV3,MOCAPITAL
ID_3bf0d977ec9d,PGIMACQDD,lexicographic_fallback,DPRMACQD,False,False,,,,DPRMACQD;PGIMACQDD
ID_3bf0d977ec9d,PGIMACQDD,lexicographic_fallback,PGIMACQDD,False,False,,,,DPRMACQD;PGIMACQDD
ID_3c36ab8fc7da,UCAL,unique_current_nse_symbol,UCAL,False,True,2023-07-26,2026-03-30,INE139B01016,UCAL;UCALFUEL
ID_3c36ab8fc7da,UCAL,unique_current_nse_symbol,UCALFUEL,False,False,2013-01-01,2023-07-25,INE139B01016,UCAL;UCALFUEL
ID_3c3ff2b41f16,CHOICEIN,unique_current_nse_symbol,CHOICEIN,True,True,2022-04-08,2026-03-30,INE102B01014,CHOICEIN
ID_3c40ecb9a2c8,NUTEK,latest_observed_symbol,NUTEK,False,False,2013-01-01,2019-03-29,INE318J01027,NUTEK
ID_3c5b43264f8b,HAL,unique_current_nse_symbol,HAL,True,True,2018-03-28,2026-03-30,INE066F01012;INE066F01020,HAL
ID_3c83b174dde0,SOLARINDS,unique_current_nse_symbol,SOLAREX,False,False,,,,SOLAREX;SOLARINDS
ID_3c83b174dde0,SOLARINDS,unique_current_nse_symbol,SOLARINDS,True,True,2013-01-01,2026-03-30,INE343H01011;INE343H01029,SOLAREX;SOLARINDS
ID_3c95441852ad,SANSERA,unique_current_nse_symbol,SANSERA,False,True,2021-09-24,2026-03-30,INE953O01021,SANSERA
ID_3cb702356b71,CLEDUCATE,unique_current_nse_symbol,CLEDUCATE,False,True,2017-04-18,2026-03-18,INE201M01011;INE201M01029,CLEDUCATE
ID_3cc401e8ce2b,DRREDDY,unique_current_nse_symbol,DRREDDY,True,True,2013-01-01,2026-03-30,INE089A01023;INE089A01031,DRREDDY
ID_3cd94208fc82,PGIMAUGPG,lexicographic_fallback,DPRMAUGPG,False,False,,,,DPRMAUGPG;PGIMAUGPG
ID_3cd94208fc82,PGIMAUGPG,lexicographic_fallback,PGIMAUGPG,False,False,,,,DPRMAUGPG;PGIMAUGPG
ID_3ce30b282666,MUNJALSHOW,unique_current_nse_symbol,MUNJALSHOW,True,True,2013-01-01,2026-03-30,INE577A01027,MUNJALSHOW
ID_3ce42c886db7,TRENT,unique_current_nse_symbol,LAKME,False,False,,,,LAKME;TRENT
ID_3ce42c886db7,TRENT,unique_current_nse_symbol,TRENT,True,True,2013-01-01,2026-03-30,INE849A01012;INE849A01020,LAKME;TRENT
ID_3ce60d101560,CENTBOP,lexicographic_fallback,CENBNK,False,False,,,,CENBNK;CENTBOP
ID_3ce60d101560,CENTBOP,lexicographic_fallback,CENTBOP,False,False,,,,CENBNK;CENTBOP
ID_3ceaaf81f09f,MOGOLD,latest_observed_symbol,MOGOLD,False,False,2025-07-31,2026-03-30,INF247L01FY4,MOGOLD
ID_3cf7a551674a,WELINV,unique_current_nse_symbol,WELINV,False,True,2013-01-01,2026-03-30,INE389K01018,WELINV
ID_3cfafcd48882,RELCAPITAL,latest_observed_symbol,RELCAPITAL,True,False,2013-01-01,2022-05-24,INE013A01015,RELCAPITAL
ID_3d0c597f7dde,NAVKARURB,unique_current_nse_symbol,NAVKARURB,False,True,2025-01-17,2026-03-30,INE268H01036;INE268H01044,NAVKARURB
ID_3d1d3fc70659,COMPEAU,unique_current_nse_symbol,COMPEAU,False,True,,,,COMPEAU
ID_3d2e358a1730,VHL,unique_current_nse_symbol,VHL,False,True,2013-01-01,2026-03-30,INE701A01023,VHL;VSGML
ID_3d2e358a1730,VHL,unique_current_nse_symbol,VSGML,False,False,,,,VHL;VSGML
ID_3d32141b3cc3,LUPIN,unique_current_nse_symbol,LUPIN,True,True,2013-01-01,2026-03-30,INE326A01037,LUPIN
ID_3d5d87c9b6b7,STLSTRINF,unique_current_nse_symbol,STLSTRINF,False,True,,,,STLSTRINF
ID_3d61db27cf64,ACCURACY,unique_current_nse_symbol,ACCURACY,False,True,2020-12-11,2026-03-30,INE648Z01015;INE648Z01023,ACCURACY
ID_3d67b464c6ae,MANAPPURAM,unique_current_nse_symbol,MANAPPURAM,True,True,2013-01-01,2026-03-30,INE522D01027,MANAPPURAM
ID_3d82226309d6,TATASTLLP,latest_observed_symbol,IPITATASPO,False,False,,,,IPITATASPO;TATASPONGE;TATASTLLP
ID_3d82226309d6,TATASTLLP,latest_observed_symbol,TATASPONGE,True,False,2013-01-01,2019-08-30,INE674A01014,IPITATASPO;TATASPONGE;TATASTLLP
ID_3d82226309d6,TATASTLLP,latest_observed_symbol,TATASTLLP,True,False,2019-09-03,2023-11-16,INE674A01014,IPITATASPO;TATASPONGE;TATASTLLP
ID_3d8631e4d9e9,BCP,latest_observed_symbol,BCP,False,False,2019-08-19,2023-04-28,INE905P01028,BCP
ID_3d87c0209adb,VIJSHAN,latest_observed_symbol,VIJSHAN,False,False,2013-01-01,2018-12-21,INE806F01011,VIJSHAN
ID_3dac72ad1bd1,MANALIPETC,unique_current_nse_symbol,MANALIPETC,False,True,2013-01-01,2026-03-30,INE201A01024,MANALIPETC
ID_3dd5984ba529,NITINSPIN,unique_current_nse_symbol,NITINSPIN,False,True,2013-01-01,2026-03-30,INE229H01012,NITINSPIN
ID_3de2dd2c9cc9,RDAIXFDG,lexicographic_fallback,NDAIXFDG,False,False,,,,NDAIXFDG;RDAIXFDG
ID_3de2dd2c9cc9,RDAIXFDG,lexicographic_fallback,RDAIXFDG,False,False,,,,NDAIXFDG;RDAIXFDG
ID_3e0c016aac51,EUROBOND,unique_current_nse_symbol,EUROBOND,False,True,2025-08-01,2026-03-30,INE505V01016,EUROBOND
ID_3e1d0c667ba9,725NBFID40,lexicographic_fallback,725NBFI40,False,False,,,,725NBFI40;725NBFID40
ID_3e1d0c667ba9,725NBFID40,lexicographic_fallback,725NBFID40,False,False,,,,725NBFI40;725NBFID40
ID_3e2c0fbf2d18,TIJARIA,unique_current_nse_symbol,TIJARIA,False,True,2013-01-01,2026-02-09,INE440L01017,TIJARIA
ID_3e77e953519e,OCCLLTD,unique_current_nse_symbol,OCCLLTD,False,True,2024-11-13,2026-03-30,INE0PK601023,OCCLLTD
ID_3e95352c8795,KICL,unique_current_nse_symbol,KICL,False,True,2013-01-01,2026-03-30,INE029L01018,KICL
ID_3eb0948e9a3e,UTIAMC,unique_current_nse_symbol,UTIAMC,True,True,2020-10-12,2026-03-30,INE094J01016,UTIAMC
ID_3eb53b24c5ae,PRESSMAN,lexicographic_fallback,NUCENTFIN,False,False,,,,NUCENTFIN;PRESSMAN
ID_3eb53b24c5ae,PRESSMAN,lexicographic_fallback,PRESSMAN,False,False,,,,NUCENTFIN;PRESSMAN
ID_3ebabd8865df,HESTERBIO,unique_current_nse_symbol,HESTERBIO,False,True,2015-03-13,2026-03-30,INE782E01017,HESTERBIO
ID_3ed078f600aa,PILANIINVS,unique_current_nse_symbol,PILANIINVS,False,True,2015-12-23,2026-03-30,INE417C01014,PILANIINVS
ID_3ed317c1798d,TOP10ADD,latest_observed_symbol,TOP10ADD,False,False,2024-09-11,2026-03-30,INF740KA1UR9,TOP10ADD
ID_3ed5c0b6a57c,VLSFINANCE,unique_current_nse_symbol,VLSFINANCE,False,True,2013-01-01,2026-03-30,INE709A01018,VLSFINANCE
ID_3eef4241e503,DCXINDIA,unique_current_nse_symbol,DCXINDIA,False,True,2022-11-11,2026-03-30,INE0KL801015,DCXINDIA
ID_3ef88ac62d66,NV20IETF,latest_observed_symbol,ICICINV20,False,False,2018-04-10,2023-12-19,INF109KB1WY5,ICICINV20;INV20;NV20IETF;NV20IWIN
ID_3ef88ac62d66,NV20IETF,latest_observed_symbol,INV20,False,False,2016-06-28,2016-07-11,INF109KB1WY5,ICICINV20;INV20;NV20IETF;NV20IWIN
ID_3ef88ac62d66,NV20IETF,latest_observed_symbol,NV20IETF,False,False,2023-12-20,2026-03-30,INF109KB1WY5;INF109KC11V0,ICICINV20;INV20;NV20IETF;NV20IWIN
ID_3ef88ac62d66,NV20IETF,latest_observed_symbol,NV20IWIN,False,False,2016-07-26,2018-04-09,INF109KB1WY5,ICICINV20;INV20;NV20IETF;NV20IWIN
ID_3f08cc0b3077,ACL,unique_current_nse_symbol,ACL,False,True,2023-05-24,2026-03-30,INE666E01020,ACL
ID_3f21dd56ae37,STUDDS,unique_current_nse_symbol,STUDDS,False,True,2025-11-07,2026-03-30,INE00Q601028,STUDDS
ID_3f281cfcbae6,JSWHL,unique_current_nse_symbol,JINDALSWHL,False,False,2013-01-01,2013-07-29,INE824G01012,JINDALSWHL;JSWHL
ID_3f281cfcbae6,JSWHL,unique_current_nse_symbol,JSWHL,True,True,2013-07-30,2026-03-30,INE824G01012,JINDALSWHL;JSWHL
ID_3f33ea3b5a90,FSL,unique_current_nse_symbol,FSL,True,True,2013-01-01,2026-03-30,INE684F01012,FSL
ID_3f35844b064d,PAUSHAKLTD,unique_current_nse_symbol,PAUSHAKLTD,False,True,2025-12-01,2026-03-30,INE111F01024,PAUSHAKLTD
ID_3f371afd5d1c,ASIANELEC,latest_observed_symbol,ASIANELEC,False,False,2013-06-17,2013-10-24,INE441A01026,ASIANELEC
ID_3f37697d52d9,MOMIDMTM,latest_observed_symbol,MOMIDMTM,False,False,2025-07-03,2026-03-30,INF247L01FQ0,MOMIDMTM
ID_3f3d4fa75307,REDTAPE,unique_current_nse_symbol,REDTAPE,False,True,2023-08-28,2026-03-30,INE0LXT01019,REDTAPE
ID_3f5639762eea,PRAENG,unique_current_nse_symbol,PRAENG,False,True,2013-03-01,2026-03-30,INE505C01016,PRAENG
ID_3f65da469c5d,KARURKCP,latest_observed_symbol,KARURKCP,False,False,2013-01-01,2015-01-29,INE727F01019,KARURKCP
ID_3f84cb96a96b,SHIVALIK,unique_current_nse_symbol,SHIVALIK,False,True,2021-12-09,2026-03-30,INE788J01021,SHIVALIK
ID_3f8e3a461213,INDIANHUME,unique_current_nse_symbol,INDIANHUME,False,True,2013-01-01,2026-03-30,INE323C01030,INDIANHUME
ID_3f98c4a5f7e0,CASTEXTECH,latest_observed_symbol,AMTEKINDIA,False,False,2013-01-01,2015-06-08,INE068D01021,AMTEKINDIA;CASTEXTECH
ID_3f98c4a5f7e0,CASTEXTECH,latest_observed_symbol,CASTEXTECH,False,False,2015-07-07,2020-10-20,INE068D01021,AMTEKINDIA;CASTEXTECH
ID_3fb1151b6a43,HARIOMPIPE,unique_current_nse_symbol,HARIOMPIPE,False,True,2022-04-29,2026-03-30,INE00EV01017,HARIOMPIPE
ID_3fd566546a80,DEEPAKFERT,unique_current_nse_symbol,DEEPAKFERT,True,True,2013-01-01,2026-03-30,INE501A01019,DEEPAKFERT
ID_3fe1c79b7d8a,GMRVASAVI,lexicographic_fallback,GMRINDSTRS,False,False,,,,GMRINDSTRS;GMRVASAVI
ID_3fe1c79b7d8a,GMRVASAVI,lexicographic_fallback,GMRVASAVI,False,False,,,,GMRINDSTRS;GMRVASAVI
ID_4006ba799536,PGIMAPGPG,lexicographic_fallback,DPRMAPGPG,False,False,,,,DPRMAPGPG;PGIMAPGPG
ID_4006ba799536,PGIMAPGPG,lexicographic_fallback,PGIMAPGPG,False,False,,,,DPRMAPGPG;PGIMAPGPG
ID_4021277d3e03,SHEKHAWATI,unique_current_nse_symbol,SHEKHAWATI,False,True,2025-08-11,2026-03-30,INE268L01046,SHEKHAWATI;SPYL
ID_4021277d3e03,SHEKHAWATI,unique_current_nse_symbol,SPYL,False,False,2013-03-01,2023-11-20,INE268L01012;INE268L01020,SHEKHAWATI;SPYL
ID_402d4fb3ea4e,ODYCORP,unique_current_nse_symbol,ODYCORP,False,True,,,,ODYCORP
ID_403e976ad5e6,SUNDARMFIN,unique_current_nse_symbol,SUNDARMFIN,True,True,2013-01-01,2026-03-30,INE660A01013,SUNDARMFIN
ID_4046a25cc4c7,DOMS,unique_current_nse_symbol,DOMS,True,True,2023-12-20,2026-03-30,INE321T01012,DOMS
ID_405ac9f040a6,APARINDS,unique_current_nse_symbol,APARINDS,True,True,2013-01-01,2026-03-30,INE372A01015,APARINDS
ID_407691e6bc48,RMC,unique_current_nse_symbol,RMC,False,True,,,,RMC
ID_407b5689be0f,RELINFRA,unique_current_nse_symbol,BSES,False,False,,,,BSES;REL;RELINFRA
ID_407b5689be0f,RELINFRA,unique_current_nse_symbol,REL,False,False,,,,BSES;REL;RELINFRA
ID_407b5689be0f,RELINFRA,unique_current_nse_symbol,RELINFRA,True,True,2013-01-01,2025-06-04,INE036A01016,BSES;REL;RELINFRA
ID_40879feb0fc3,JETAIRWAYS,latest_observed_symbol,JETAIRWAYS,True,False,2013-01-01,2019-06-27,INE802G01018,JETAIRWAYS
ID_408fe0ac7695,NGIL,unique_current_nse_symbol,NGIL,False,True,2021-08-20,2026-03-30,INE236Y01012,NGIL
ID_409e6d0df8ea,VEDAVAAG,unique_current_nse_symbol,VEDAVAAG,False,True,,,,VEDAVAAG
ID_40ae7a1223e6,NV20,latest_observed_symbol,KOTAKNV20,False,False,2015-12-21,2024-03-19,INF174K01Z71,KOTAKNV20;KTKNV20ETF;NV20
ID_40ae7a1223e6,NV20,latest_observed_symbol,KTKNV20ETF,False,False,2015-12-09,2015-12-18,INF174K01Z71,KOTAKNV20;KTKNV20ETF;NV20
ID_40ae7a1223e6,NV20,latest_observed_symbol,NV20,False,False,2024-03-20,2026-03-30,INF174K01Z71;INF174KA1ZE1,KOTAKNV20;KTKNV20ETF;NV20
ID_40cb651c0710,EMMBI,unique_current_nse_symbol,EMMBI,False,True,2013-01-01,2026-03-30,INE753K01015,EMMBI
ID_40d9217efd8b,BSE,unique_current_nse_symbol,BSE,True,True,2017-02-03,2026-03-30,INE118H01025,BSE
ID_40e4f56ab1c1,EXPLEOSOL,unique_current_nse_symbol,EXPLEOSOL,False,True,2019-05-02,2026-03-30,INE201K01015,EXPLEOSOL;SQSBFSI;THINKSOFT
ID_40e4f56ab1c1,EXPLEOSOL,unique_current_nse_symbol,SQSBFSI,False,False,2014-09-30,2019-04-30,INE201K01015,EXPLEOSOL;SQSBFSI;THINKSOFT
ID_40e4f56ab1c1,EXPLEOSOL,unique_current_nse_symbol,THINKSOFT,False,False,2013-01-01,2014-09-29,INE201K01015,EXPLEOSOL;SQSBFSI;THINKSOFT
ID_4113c7de2f5f,BENARAS,unique_current_nse_symbol,BENARAS,False,True,,,,BENARAS
ID_4115ac4875cd,ALPHAGEO,unique_current_nse_symbol,ALPHAGEO,False,True,2013-01-01,2026-03-30,INE137C01018,ALPHAGEO
ID_41363fced51c,DEEPA,unique_current_nse_symbol,DEEPA,False,True,,,,DEEPA
ID_4146c18e837e,BOHRAIND,unique_current_nse_symbol,BOHRAIND,False,True,2022-11-11,2026-02-16,INE802W01023,BOHRAIND
ID_414b0905964d,PANORAMUNI,latest_observed_symbol,PANORAMUNI,False,False,2013-01-01,2018-05-21,INE194B01029,PANORAMUNI
ID_414ddd4706f0,LATTEYS,unique_current_nse_symbol,LATTEYS,False,True,2023-05-23,2026-03-30,INE262Z01023,LATTEYS
ID_41515fbc83ec,WEALTH,unique_current_nse_symbol,WEALTH,False,True,2021-01-21,2026-03-30,INE658T01017,WEALTH
ID_41763add32fe,NEXT50ETF,latest_observed_symbol,NEXT50ETF,False,False,2026-01-14,2026-03-30,INF174KA1YO3,NEXT50ETF
ID_41a882d50bf0,DEEPAKNTR,unique_current_nse_symbol,DEEPAKNTR,True,True,2013-01-01,2026-03-30,INE288B01011;INE288B01029,DEEPAKNTR
ID_41b62ab682cb,PROZONER,unique_current_nse_symbol,PROZONE,False,False,,,,PROZONE;PROZONECSC;PROZONER;PROZONINTU
ID_41b62ab682cb,PROZONER,unique_current_nse_symbol,PROZONECSC,False,False,2013-01-01,2014-10-01,INE195N01013,PROZONE;PROZONECSC;PROZONER;PROZONINTU
ID_41b62ab682cb,PROZONER,unique_current_nse_symbol,PROZONER,False,True,2023-08-04,2026-03-30,INE195N01013,PROZONE;PROZONECSC;PROZONER;PROZONINTU
ID_41b62ab682cb,PROZONER,unique_current_nse_symbol,PROZONINTU,False,False,2014-10-07,2023-08-03,INE195N01013,PROZONE;PROZONECSC;PROZONER;PROZONINTU
ID_41b670a39859,SUPREMEIND,unique_current_nse_symbol,SUPREMEIND,True,True,2013-01-01,2026-03-30,INE195A01028,SUPREMEIND
ID_41b9099393c7,PGIMAHGPG,lexicographic_fallback,DPRMAHGP,False,False,,,,DPRMAHGP;PGIMAHGPG
ID_41b9099393c7,PGIMAHGPG,lexicographic_fallback,PGIMAHGPG,False,False,,,,DPRMAHGP;PGIMAHGPG
ID_41bad6dbd7ea,NMDC,unique_current_nse_symbol,NMDC,True,True,2013-01-01,2026-03-30,INE584A01023,NMDC
ID_41c9b85255f8,PCBL,unique_current_nse_symbol,PCBL,True,True,2022-01-13,2026-03-30,INE602A01023;INE602A01031,PCBL;PHILIPCARB
ID_41c9b85255f8,PCBL,unique_current_nse_symbol,PHILIPCARB,True,False,2013-01-01,2022-01-12,INE602A01015;INE602A01023,PCBL;PHILIPCARB
ID_41debb5dbb81,POLARIND,latest_observed_symbol,POLARIND,False,False,2013-01-01,2013-08-20,INE057B01010,POLARIND
ID_41f63662db5f,DDEVPLSTIK,unique_current_nse_symbol,DDEVPLSTIK,False,True,2025-01-15,2026-03-30,INE0HR601026,DDEVPLSTIK
ID_4201b9730de3,RDAXBDDD,lexicographic_fallback,NDAXBDDD,False,False,,,,NDAXBDDD;RDAXBDDD
ID_4201b9730de3,RDAXBDDD,lexicographic_fallback,RDAXBDDD,False,False,,,,NDAXBDDD;RDAXBDDD
ID_4201f4b15faf,LOWVOL1,latest_observed_symbol,KOTAKLOVOL,False,False,2022-03-29,2024-03-19,INF174KA1IY5,KOTAKLOVOL;LOWVOL1
ID_4201f4b15faf,LOWVOL1,latest_observed_symbol,LOWVOL1,False,False,2024-03-20,2026-03-30,INF174KA1IY5,KOTAKLOVOL;LOWVOL1
ID_4208d75243f9,DREAMFOLKS,unique_current_nse_symbol,DREAMFOLKS,False,True,2022-09-06,2026-03-30,INE0JS101016,DREAMFOLKS
ID_4210abd2c59d,LICMFGOLD,latest_observed_symbol,IDBIGOLD,False,False,2013-01-01,2023-07-28,INF397L01554,IDBIGOLD;LICMFGOLD
ID_4210abd2c59d,LICMFGOLD,latest_observed_symbol,LICMFGOLD,False,False,2023-07-31,2026-03-30,INF397L01554;INF767K01SM1,IDBIGOLD;LICMFGOLD
ID_4226da0d3e72,FLFL,unique_current_nse_symbol,FLFL,True,True,2013-10-17,2023-03-31,INE452O01016,FLFL
ID_423d1f691f4b,IL&FSENGG,unique_current_nse_symbol,IL&FSENGG,True,True,2013-01-01,2018-10-15,INE369I01014,IL&FSENGG;MAYTASINFR
ID_423d1f691f4b,IL&FSENGG,unique_current_nse_symbol,MAYTASINFR,False,False,,,,IL&FSENGG;MAYTASINFR
ID_425fd18d8582,HDFCVALUE,latest_observed_symbol,HDFCVALUE,False,False,2022-09-29,2026-03-30,INF179KC1DK8,HDFCVALUE
ID_428e58f931fa,CARYSIL,unique_current_nse_symbol,1201210518,False,False,,,,1201210518;ACRYSIL;CARYSIL
ID_428e58f931fa,CARYSIL,unique_current_nse_symbol,ACRYSIL,False,False,2021-01-14,2022-11-17,INE482D01024,1201210518;ACRYSIL;CARYSIL
ID_428e58f931fa,CARYSIL,unique_current_nse_symbol,CARYSIL,False,True,2022-11-18,2026-03-30,INE482D01024,1201210518;ACRYSIL;CARYSIL
ID_4290318c1d5a,SUMICHEM,unique_current_nse_symbol,SUMICHEM,True,True,2020-02-07,2026-03-30,INE258G01013,SUMICHEM
ID_4297175d0fa5,JSL,unique_current_nse_symbol,JSL,True,True,2013-01-01,2026-03-30,INE220G01021,JSL;JSTAINLESS
ID_4297175d0fa5,JSL,unique_current_nse_symbol,JSTAINLESS,False,False,,,,JSL;JSTAINLESS
ID_429f4cb0efab,SUNDARAM,unique_current_nse_symbol,SUNDARAM,False,True,2013-03-01,2026-03-30,INE108E01023,SUNDARAM
ID_42aea8bf0621,ASSAMENT,unique_current_nse_symbol,ASSAMENT,False,True,,,,ASSAMENT
ID_42be1337928a,KAMDHENU,unique_current_nse_symbol,KAMDHENU,False,True,2016-03-18,2026-03-30,INE390H01012;INE390H01020,KAMDHENU;KIL
ID_42be1337928a,KAMDHENU,unique_current_nse_symbol,KIL,False,False,2013-01-01,2016-03-17,INE390H01012,KAMDHENU;KIL
ID_42cc1909f403,SUPPETRO,latest_observed_symbol,SUPPETRO,True,False,2013-01-01,2022-04-06,INE663A01017,SUPPETRO
ID_42d1669a0785,BARTRONICS,latest_observed_symbol,BARTRONICS,False,False,2013-01-01,2019-09-09,INE855F01034,BARTRONICS
ID_42e7d6fac366,IT,latest_observed_symbol,IT,False,False,2024-03-20,2026-03-30,INF174KA1GC5,IT;KOTAKIT
ID_42e7d6fac366,IT,latest_observed_symbol,KOTAKIT,False,False,2021-03-05,2024-03-19,INF174KA1GC5,IT;KOTAKIT
ID_42fa02b011d9,AEGISVOPAK,unique_current_nse_symbol,AEGISVOPAK,True,True,2025-06-02,2026-03-30,INE0INX01018,AEGISVOPAK
ID_42fbd8cafd27,KOPRAN,unique_current_nse_symbol,KOPRAN,False,True,2013-01-01,2026-03-30,INE082A01010,KOPRAN
ID_4316185db6a5,BLUEJET,unique_current_nse_symbol,BLUEJET,True,True,2023-11-01,2026-03-30,INE0KBH01020,BLUEJET
ID_43188cde87cf,JKIPL,unique_current_nse_symbol,JKIPL,False,True,2025-10-17,2026-03-30,INE1FF001016,JKIPL
ID_43266758facf,ANGIND,latest_observed_symbol,ANGAUTO,False,False,,,,ANGAUTO;ANGIND
ID_43266758facf,ANGIND,latest_observed_symbol,ANGIND,False,False,2013-01-01,2018-03-16,INE017D01010,ANGAUTO;ANGIND
ID_432f42f4e757,FDC,unique_current_nse_symbol,FDC,True,True,2013-01-01,2026-03-30,INE258B01022,FDC
ID_433e30f960b7,VISACHROME,unique_current_nse_symbol,VISACHROME,False,True,,,,VISACHROME;VISASTEEL
ID_433e30f960b7,VISACHROME,unique_current_nse_symbol,VISASTEEL,False,False,2013-01-01,2026-03-30,INE286H01012,VISACHROME;VISASTEEL
ID_433ee580d94f,TECHM,unique_current_nse_symbol,TECHM,True,True,2013-01-01,2026-03-30,INE669C01028;INE669C01036,TECHM
ID_43408e099fca,GROWWSLVR,latest_observed_symbol,GROWWSLVR,False,False,2025-05-23,2026-03-30,INF666M01LA1;INF666M01OF4,GROWWSLVR
ID_4362d6df228b,RDAIXFDD,lexicographic_fallback,NDAIXFDD,False,False,,,,NDAIXFDD;RDAIXFDD
ID_4362d6df228b,RDAIXFDD,lexicographic_fallback,RDAIXFDD,False,False,,,,NDAIXFDD;RDAIXFDD
ID_436a0eea5935,SUVIDHAA,unique_current_nse_symbol,SUVIDHAA,False,True,2021-04-16,2026-03-30,INE018401013,SUVIDHAA
ID_439b4620f01e,MIC,latest_observed_symbol,MIC,False,False,2013-03-01,2021-05-14,INE287C01029,MIC
ID_43ae2b95e4f2,ADFFOODS,unique_current_nse_symbol,ADFFOODS,False,True,2013-01-01,2026-03-30,INE982B01019;INE982B01027,ADFFOODS
ID_440ab99599ff,GROWWPSE,latest_observed_symbol,GROWWPSE,False,False,2026-02-11,2026-03-30,INF666M01NQ3,GROWWPSE
ID_4419da46b431,GOLDBND,latest_observed_symbol,GOLDBND,False,False,2025-12-12,2026-03-30,INF194KB1KJ7,GOLDBND
ID_44531651418c,SESHAPAPER,unique_current_nse_symbol,SESHAPAPER,False,True,2013-01-01,2026-03-30,INE630A01016;INE630A01024,SESHAPAPER
ID_44767657f656,WENDT,unique_current_nse_symbol,WENDT,False,True,2013-01-01,2026-03-30,INE274C01019,WENDT;WENDTINDIA
ID_44767657f656,WENDT,unique_current_nse_symbol,WENDTINDIA,False,False,,,,WENDT;WENDTINDIA
ID_44828e1adb67,DLINKINDIA,unique_current_nse_symbol,DLINKINDIA,False,True,2013-01-01,2026-03-30,INE250K01012,DLINKINDIA
ID_448eb700c366,ARIES,unique_current_nse_symbol,ARIES,False,True,2013-01-01,2026-03-30,INE298I01015,ARIES
ID_448f91129708,TIRUPATIFL,unique_current_nse_symbol,FORGE,False,False,,,,FORGE;TIRUPATIFL
ID_448f91129708,TIRUPATIFL,unique_current_nse_symbol,TIRUPATIFL,False,True,2020-08-04,2026-03-23,INE319Y01016;INE319Y01024,FORGE;TIRUPATIFL
ID_4496553c61e8,POWERGRID,unique_current_nse_symbol,POWERGRID,True,True,2013-01-01,2026-03-30,INE752E01010,POWERGRID
ID_44e049a83ca3,JD20D,lexicographic_fallback,ED20D,False,False,,,,ED20D;JD20D
ID_44e049a83ca3,JD20D,lexicographic_fallback,JD20D,False,False,,,,ED20D;JD20D
ID_44f5659550f9,GOLDADD,latest_observed_symbol,DSPGOLDETF,False,False,2023-05-05,2024-02-14,INF740KA1SW3,DSPGOLDETF;GOLDADD;GOLDETFADD
ID_44f5659550f9,GOLDADD,latest_observed_symbol,GOLDADD,False,False,2025-12-15,2026-03-30,INF740KA1SW3,DSPGOLDETF;GOLDADD;GOLDETFADD
ID_44f5659550f9,GOLDADD,latest_observed_symbol,GOLDETFADD,False,False,2024-02-15,2025-12-12,INF740KA1SW3,DSPGOLDETF;GOLDADD;GOLDETFADD
ID_44ffa9bc78f5,METAL,latest_observed_symbol,METAL,False,False,2024-10-09,2026-03-30,INF769K01LY7,METAL
ID_45017ad08a4b,SINTERCOM,unique_current_nse_symbol,SINTERCOM,False,True,2020-10-07,2026-03-30,INE129Z01016,SINTERCOM
ID_45316243c598,ATNINT,lexicographic_fallback,ARIHANTCRE,False,False,,,,ARIHANTCRE;ATNINT
ID_45316243c598,ATNINT,lexicographic_fallback,ATNINT,False,False,,,,ARIHANTCRE;ATNINT
ID_453fe5194be8,KSK,latest_observed_symbol,KSK,False,False,2013-01-01,2020-11-27,INE143H01015,KSK
ID_4579d1fa2bd2,MOMGF,latest_observed_symbol,MOMGF,False,False,2025-05-28,2026-03-30,INF247L01FK3,MOMGF
ID_45a71296c687,FLEXIADD,latest_observed_symbol,FLEXIADD,False,False,2025-10-16,2026-03-30,INF740KA1WU9,FLEXIADD
ID_45b6e7c62f1e,DIAPOWER,latest_observed_symbol,DIAPOWER,False,False,2013-01-01,2018-04-30,INE989C01012,DIAPOWER
ID_45b9969c0c23,APOLLO,unique_current_nse_symbol,APOLLO,False,True,2018-02-06,2026-03-30,INE713T01010;INE713T01028,APOLLO
ID_45bccf9efc85,GSFC,unique_current_nse_symbol,GSFC,True,True,2013-01-01,2026-03-30,INE026A01025,GSFC
ID_45bd40dc66a4,TBZ,unique_current_nse_symbol,TBZ,False,True,2013-01-01,2026-03-30,INE760L01018,TBZ
ID_45bf8640dc8f,PACEDIGITK,unique_current_nse_symbol,PACEDIGITK,False,True,2025-10-06,2026-03-30,INE0S3G01027,PACEDIGITK
ID_45c3ade935cc,FINKURVE,unique_current_nse_symbol,FINKURVE,False,True,2025-10-01,2026-03-30,INE734I01027,FINKURVE
ID_45c6dfa5c332,BIRLAPREC,unique_current_nse_symbol,BIRLAPREC,False,True,,,,BIRLAPREC
ID_45c82381a5da,SUMEETINDS,unique_current_nse_symbol,SUMEETINDS,False,True,2013-01-01,2026-03-30,INE235C01010;INE235C01028;INE235C01036,SUMEETINDS
ID_45c917c740be,IFBAGRO,unique_current_nse_symbol,IFBAGRO,False,True,2013-01-01,2026-03-30,INE076C01018,IFBAGRO
ID_45d0b6b58512,ZICOM,latest_observed_symbol,ZICOM,False,False,2013-01-01,2020-11-27,INE871B01014,ZICOM
ID_45eeba721723,PGIMBAGPG,lexicographic_fallback,DPRMBAGPG,False,False,,,,DPRMBAGPG;PGIMBAGPG
ID_45eeba721723,PGIMBAGPG,lexicographic_fallback,PGIMBAGPG,False,False,,,,DPRMBAGPG;PGIMBAGPG
ID_46095d815911,ASPINWALL,unique_current_nse_symbol,ASPINWALL,False,True,2017-08-23,2026-03-30,INE991I01015,ASPINWALL
ID_461af695762e,METROBRAND,unique_current_nse_symbol,METROBRAND,True,True,2021-12-22,2026-03-30,INE317I01021,METROBRAND
ID_4625c041b0fe,DHARAN,unique_current_nse_symbol,DHARAN,False,True,,,,DHARAN;KARDA;KBCGLOBAL
ID_4625c041b0fe,DHARAN,unique_current_nse_symbol,KARDA,False,False,2018-04-16,2021-12-15,INE278R01018;INE278R01026;INE278R01034,DHARAN;KARDA;KBCGLOBAL
ID_4625c041b0fe,DHARAN,unique_current_nse_symbol,KBCGLOBAL,False,False,2021-12-16,2025-06-20,INE278R01034,DHARAN;KARDA;KBCGLOBAL
ID_4628e36e5eb6,BECREL,latest_observed_symbol,BECREL,False,False,2013-01-01,2013-11-20,INE287A01015,BECREL
ID_462e8399a432,SILVER,latest_observed_symbol,SILVER,False,False,2022-02-03,2026-03-30,INF209KB19F6,SILVER
ID_465c9455863f,COLPAL,unique_current_nse_symbol,COLPAL,True,True,2013-01-01,2026-03-30,INE259A01022,COLPAL
ID_46b63c45c347,AONEGOLD,latest_observed_symbol,AONEGOLD,False,False,2025-09-10,2026-03-30,INF1J2R01114,AONEGOLD
ID_46bbf2dcd94a,KREBSBIO,unique_current_nse_symbol,KREBSBIO,False,True,2018-08-23,2026-03-30,INE268B01013,KREBSBIO
ID_46c33d940698,SRPL,latest_observed_symbol,SRPL,False,False,2020-09-23,2024-10-22,INE008Z01012;INE008Z01020,SRPL
ID_46c7722eb166,ESSARPORTS,latest_observed_symbol,ESSARPORTS,False,False,2013-01-01,2015-12-23,INE282A01024,ESSARPORTS
ID_46d4a4b809a9,GOKEX,unique_current_nse_symbol,GOKEX,False,True,2013-01-01,2026-03-30,INE887G01027,GOKEX
ID_46d548b91e69,CANDC,latest_observed_symbol,CANDC,False,False,2013-01-01,2019-02-25,INE874H01015,CANDC
ID_46e79ee5af01,J501D,lexicographic_fallback,E501D,False,False,,,,E501D;J501D
ID_46e79ee5af01,J501D,lexicographic_fallback,J501D,False,False,,,,E501D;J501D
ID_46f4f40d6eae,RPTECH,unique_current_nse_symbol,RPTECH,False,True,2024-02-14,2026-03-30,INE0J1F01024,RPTECH
ID_4713dd32597e,PCPL27,lexicographic_fallback,975PCPL27A,False,False,,,,975PCPL27A;PCPL27
ID_4713dd32597e,PCPL27,lexicographic_fallback,PCPL27,False,False,,,,975PCPL27A;PCPL27
ID_473919d6bc82,COFORGE,unique_current_nse_symbol,COFORGE,True,True,2020-08-20,2026-03-30,INE591G01017;INE591G01025,COFORGE;NIITTECH
ID_473919d6bc82,COFORGE,unique_current_nse_symbol,NIITTECH,False,False,2013-01-01,2020-08-19,INE591G01017,COFORGE;NIITTECH
ID_47576ec2bb30,CHEMCRUX,unique_current_nse_symbol,CHEMCRUX,False,True,,,,CHEMCRUX
ID_476c2aef62a0,RAMBHAJO,unique_current_nse_symbol,RAMBHAJO,False,True,,,,RAMBHAJO
ID_477302e3396c,PALREDTECH,latest_observed_symbol,PALREDTECH,False,False,2015-10-21,2016-04-25,INE218G01025,PALREDTECH
ID_47913bb44586,RDAXIBDDG,lexicographic_fallback,NDAXIBDDG,False,False,,,,NDAXIBDDG;RDAXIBDDG
ID_47913bb44586,RDAXIBDDG,lexicographic_fallback,RDAXIBDDG,False,False,,,,NDAXIBDDG;RDAXIBDDG
ID_47a5ed110d5e,BCLIND,unique_current_nse_symbol,BCLIND,False,True,2021-03-04,2026-03-30,INE412G01016;INE412G01024,BCLIND
ID_47b889ed2ed0,RACE,unique_current_nse_symbol,RACE,False,True,2023-05-09,2026-03-30,INE084Q01012,RACE
ID_47bbc1023268,SHANTIGOLD,unique_current_nse_symbol,SHANTIGOLD,False,True,2025-08-01,2026-03-30,INE06ZD01017,SHANTIGOLD
ID_47c9148a889d,BLUSPRING,unique_current_nse_symbol,BLUSPRING,False,True,2025-06-25,2026-03-30,INE0U4101014,BLUSPRING
ID_48034e1a3312,RDAXEDDG,lexicographic_fallback,NDAXEDDG,False,False,,,,NDAXEDDG;RDAXEDDG
ID_48034e1a3312,RDAXEDDG,lexicographic_fallback,RDAXEDDG,False,False,,,,NDAXEDDG;RDAXEDDG
ID_48111ab1fcb3,GSEC10IETF,latest_observed_symbol,GSEC10IETF,False,False,2023-12-20,2026-03-30,INF109KC18O0,GSEC10IETF;ICICI10GS
ID_48111ab1fcb3,GSEC10IETF,latest_observed_symbol,ICICI10GS,False,False,2022-12-19,2023-12-19,INF109KC18O0,GSEC10IETF;ICICI10GS
ID_48327cbf0db8,AUSTENG,unique_current_nse_symbol,AUSTENG,False,True,,,,AUSTENG
ID_48356ffcd28b,RDAIXDDG,lexicographic_fallback,NDAIXDDG,False,False,,,,NDAIXDDG;RDAIXDDG
ID_48356ffcd28b,RDAIXDDG,lexicographic_fallback,RDAIXDDG,False,False,,,,NDAIXDDG;RDAIXDDG
ID_483c23b89c48,FLEXITUFF,unique_current_nse_symbol,FLEXITUFF,False,True,2013-01-01,2026-03-30,INE060J01017,FLEXITUFF
ID_484e3ad6b88b,GODAVARIB,unique_current_nse_symbol,GODAVARIB,False,True,2024-10-30,2026-03-30,INE497S01012,GODAVARIB
ID_48568c1b119e,KROSS,unique_current_nse_symbol,KROSS,False,True,2024-09-16,2026-03-30,INE0O6601022,KROSS
ID_48adbdde3f28,GULFPETRO,unique_current_nse_symbol,GULFPETRO,False,True,2015-05-06,2026-03-30,INE586G01017,GULFPETRO;SAHPETRO
ID_48adbdde3f28,GULFPETRO,unique_current_nse_symbol,SAHPETRO,False,False,2013-01-01,2015-05-05,INE586G01017,GULFPETRO;SAHPETRO
ID_48af17e952b2,DALMIASUG,unique_current_nse_symbol,DALMIACEM,False,False,,,,DALMIACEM;DALMIASUG
ID_48af17e952b2,DALMIASUG,unique_current_nse_symbol,DALMIASUG,False,True,2013-01-01,2026-03-30,INE495A01022,DALMIACEM;DALMIASUG
ID_48f013f5074f,DIFFNKG,unique_current_nse_symbol,DIFFNKG,False,True,2024-10-18,2026-03-30,INE184O01015,DIFFNKG
ID_48ff032e17e6,VISAKAIND,unique_current_nse_symbol,VISAKAIND,False,True,2013-01-01,2026-03-30,INE392A01013;INE392A01021,VISAKAIND
ID_490bbebbbba3,TATAINVEST,unique_current_nse_symbol,INVESTCORP,False,False,,,,INVESTCORP;TATAINVEST
ID_490bbebbbba3,TATAINVEST,unique_current_nse_symbol,TATAINVEST,True,True,2013-01-01,2026-03-30,INE672A01018;INE672A01026,INVESTCORP;TATAINVEST
ID_490bc35f0b33,ICICIBANK,unique_current_nse_symbol,ICICIBANK,True,True,2013-01-01,2026-03-30,INE090A01013;INE090A01021,ICICIBANK
ID_490e0c14f69e,MEDPLUS,unique_current_nse_symbol,MEDPLUS,True,True,2021-12-23,2026-03-30,INE804L01022,MEDPLUS
ID_49139185237c,PHOENXINTL,unique_current_nse_symbol,PHOENXINTL,False,True,,,,PHOENXINTL
ID_49234de7d5d7,DOLPHIN,unique_current_nse_symbol,DOLPHIN,False,True,2023-09-04,2026-03-30,INE920A01029;INE920A01037,DOLPHIN
ID_4928dc9ff039,BLBLIMITED,unique_current_nse_symbol,BLBLIMITED,False,True,2013-03-01,2026-02-24,INE791A01024,BLBLIMITED
ID_493ab2533271,KAMAHOLD,unique_current_nse_symbol,KAMAHOLD,False,True,,,,KAMAHOLD
ID_494339a114fe,SUNSHIEL,unique_current_nse_symbol,SUNSHIEL,False,True,,,,SUNSHIEL
ID_4946b5918c4a,AWFIS,unique_current_nse_symbol,AWFIS,False,True,2024-05-30,2026-03-30,INE108V01019,AWFIS
ID_49660b29a0f2,NARMADA,unique_current_nse_symbol,NARMADA,False,True,2022-10-27,2026-03-30,INE117Z01011,NARMADA
ID_498562bb2d82,NIFTYBETF,latest_observed_symbol,NIFTYBETF,False,False,2024-01-29,2026-03-30,INF0QA701722,NIFTYBETF
ID_4996b2c55c8b,MTNL,unique_current_nse_symbol,MTNL,True,True,2013-01-01,2026-03-30,INE153A01019,MTNL
ID_49a8ec6100f4,CHEMICAL,latest_observed_symbol,CHEMICAL,False,False,2025-11-19,2026-03-30,INF174KA1XV0,CHEMICAL
ID_49d7db342974,INOXWIND,unique_current_nse_symbol,INOXWIND,True,True,2015-04-09,2026-03-30,INE066P01011,INOXWIND
ID_49f487aac18f,VISESHINFO,latest_observed_symbol,VISESHINFO,False,False,2013-03-01,2023-09-14,INE861A01058,VISESHINFO
ID_49fcca5156d5,ABB,unique_current_nse_symbol,ABB,True,True,2013-01-01,2026-03-30,INE117A01022,ABB
ID_4a08587dcce3,ANDHRSUGAR,unique_current_nse_symbol,ANDHRSUGAR,False,True,2013-01-01,2026-03-30,INE715B01013;INE715B01021,ANDHRSUGAR
ID_4a0efb0b9c60,HIGHGROUND,latest_observed_symbol,HIGHGROUND,False,False,2016-11-24,2019-09-23,INE361M01021,HIGHGROUND
ID_4a38c11f13cf,CCHHL,unique_current_nse_symbol,CCHHL,False,True,2015-02-03,2026-03-30,INE652F01027,CCHHL
ID_4a411347b740,NLCINDIA,unique_current_nse_symbol,NEYVELILIG,False,False,2013-01-01,2016-08-03,INE589A01014,NEYVELILIG;NLCINDIA
ID_4a411347b740,NLCINDIA,unique_current_nse_symbol,NLCINDIA,True,True,2016-08-04,2026-03-30,INE589A01014,NEYVELILIG;NLCINDIA
ID_4a46257a9c81,MKEXIM,unique_current_nse_symbol,MKEXIM,False,True,,,,MKEXIM
ID_4a463bc4f4d5,SKYGOLD,unique_current_nse_symbol,SKYGOLD,False,True,2023-01-06,2026-03-30,INE01IU01018,SKYGOLD
ID_4a60fca048bd,GAUDIUMIVF,unique_current_nse_symbol,GAUDIUMIVF,False,True,2026-03-16,2026-03-30,INE0P8B01020,GAUDIUMIVF
ID_4a6e7f228c81,PAISALO,unique_current_nse_symbol,PAISALO,False,True,2018-01-24,2026-03-30,INE420C01042;INE420C01059,PAISALO;SEINV
ID_4a6e7f228c81,PAISALO,unique_current_nse_symbol,SEINV,False,False,2013-01-01,2018-01-23,INE420C01042,PAISALO;SEINV
ID_4a742c4b3f0a,GPPL,unique_current_nse_symbol,GPPL,True,True,2013-01-01,2026-03-30,INE517F01014,GPPL
ID_4a7f4e310c8a,GIPCL,unique_current_nse_symbol,GIPCL,False,True,2013-01-01,2026-03-30,INE162A01010,GIPCL
ID_4a8de2432ae9,LATENTVIEW,unique_current_nse_symbol,LATENTVIEW,True,True,2021-11-23,2026-03-30,INE0I7C01011,LATENTVIEW
ID_4aa17ab0c8e6,DLF,unique_current_nse_symbol,DLF,True,True,2013-01-01,2026-03-30,INE271C01023,DLF
ID_4ab7278bec20,AURIGROW,latest_observed_symbol,AURIGROW,False,False,2025-10-17,2026-03-30,INE925Y01036,AURIGROW;GODHA
ID_4ab7278bec20,AURIGROW,latest_observed_symbol,GODHA,False,False,2020-12-24,2025-10-16,INE925Y01010;INE925Y01036,AURIGROW;GODHA
ID_4abd1c0f16ed,AGROPHOS,unique_current_nse_symbol,AGROPHOS,False,True,2019-03-08,2026-03-30,INE740V01019,AGROPHOS
ID_4ac314e00e0c,ORIENTLTD,unique_current_nse_symbol,ORIENTLTD,False,True,2013-03-01,2026-03-30,INE609C01024,ORIENTLTD
ID_4acc9e73091a,LLOYDFIN,latest_observed_symbol,LLOYDFIN,False,False,2013-01-01,2014-03-27,INE174A01015,LLOYDFIN
ID_4ad37590d21f,POWERINDIA,unique_current_nse_symbol,POWERINDIA,True,True,2020-04-17,2026-03-30,INE07Y701011,POWERINDIA
ID_4ae4822be2b5,VIJAYABANK,latest_observed_symbol,VIJAYABANK,True,False,2013-01-01,2019-03-07,INE705A01016,VIJAYABANK
ID_4aeae5e7baf1,ZSARACOM,unique_current_nse_symbol,ZSARACOM,False,True,,,,ZSARACOM
ID_4aef0cac028d,SHIPROCKET,unique_current_nse_symbol,SHIPROCKET,False,True,,,,SHIPROCKET
ID_4afc4c6c8bfc,DICIND,unique_current_nse_symbol,COATESIND,False,False,,,,COATESIND;DICIND
ID_4afc4c6c8bfc,DICIND,unique_current_nse_symbol,DICIND,False,True,2013-01-01,2026-03-30,INE303A01010,COATESIND;DICIND
ID_4b12dc602356,MEESHO,unique_current_nse_symbol,MEESHO,True,True,2025-12-10,2026-03-30,INE0VDM01015,MEESHO
ID_4b2187271f43,SIGMA,unique_current_nse_symbol,SIGMA,False,True,2023-06-09,2026-03-30,INE0A0S01010;INE0A0S01028,SIGMA
ID_4b29ab4a6dce,POWERMECH,unique_current_nse_symbol,POWERMECH,False,True,2015-08-26,2026-03-30,INE211R01019,POWERMECH
ID_4b3c989af02b,PRECOT,unique_current_nse_symbol,PRECOT,False,True,2013-01-01,2026-02-13,INE283A01014,PRECOT;PRECOTMILL
ID_4b3c989af02b,PRECOT,unique_current_nse_symbol,PRECOTMILL,False,False,,,,PRECOT;PRECOTMILL
ID_4b3ee4ff96bb,SHRADHA,unique_current_nse_symbol,SHRADHA,False,True,2020-10-22,2026-03-30,INE715Y01015;INE715Y01023;INE715Y01031,SHRADHA
ID_4b5569c8b206,UNIVCABLES,unique_current_nse_symbol,UNIVCABLES,False,True,2013-01-01,2026-03-30,INE279A01012,UNIVCABLES
ID_4b58e98f4e9f,PANCHSHEEL,latest_observed_symbol,PANCHSHEEL,False,False,2014-02-25,2015-01-29,INE316G01019,PANCHSHEEL
ID_4bafca82e2a1,MNC,latest_observed_symbol,KOTAKMNC,False,False,2022-08-16,2024-03-19,INF174KA1JF2,KOTAKMNC;MNC
ID_4bafca82e2a1,MNC,latest_observed_symbol,MNC,False,False,2024-03-20,2026-03-30,INF174KA1JF2,KOTAKMNC;MNC
ID_4bc4ba842f48,PGIMBAQDD,lexicographic_fallback,DPRMBAQDD,False,False,,,,DPRMBAQDD;PGIMBAQDD
ID_4bc4ba842f48,PGIMBAQDD,lexicographic_fallback,PGIMBAQDD,False,False,,,,DPRMBAQDD;PGIMBAQDD
ID_4bcd462913ca,RANASUG,unique_current_nse_symbol,RANASUG,False,True,2013-01-01,2026-03-30,INE625B01014,RANASUG
ID_4c043f7b5de0,VERTOZ,unique_current_nse_symbol,VERTOZ,False,True,2020-05-14,2026-03-30,INE188Y01015;INE188Y01023;INE188Y01031,VERTOZ
ID_4c0b88242541,SPLPETRO,unique_current_nse_symbol,SPLPETRO,True,True,2022-06-07,2026-03-30,INE663A01025;INE663A01033,SPLPETRO
ID_4c1623f8d425,POLYSPIN,unique_current_nse_symbol,POLYSPIN,False,True,,,,POLYSPIN
ID_4c237a7426e6,SHAHALLOYS,unique_current_nse_symbol,SHAHALLOYS,False,True,2013-01-01,2026-03-30,INE640C01011,SHAHALLOYS
ID_4c25e901cf9a,AMBANIORGO,lexicographic_fallback,AMBANIORG,False,False,,,,AMBANIORG;AMBANIORGO
ID_4c25e901cf9a,AMBANIORGO,lexicographic_fallback,AMBANIORGO,False,False,,,,AMBANIORG;AMBANIORGO
ID_4c40d6219922,TATAELXSI,unique_current_nse_symbol,TATAELXSI,True,True,2013-01-01,2026-03-30,INE670A01012,TATAELXSI
ID_4c4ecaad9246,ALPSINDUS,latest_observed_symbol,ALPSINDUS,False,False,2013-01-01,2025-12-15,INE093B01015,ALPSINDUS
ID_4c6427aaff00,BHEL,unique_current_nse_symbol,BHEL,True,True,2013-01-01,2026-03-30,INE257A01026,BHEL
ID_4c654091d3e2,SPENTEX,latest_observed_symbol,CLCIND,False,False,,,,CLCIND;SPENTEX;SPENTXIND
ID_4c654091d3e2,SPENTEX,latest_observed_symbol,SPENTEX,False,False,2013-01-01,2018-09-26,INE376C01020,CLCIND;SPENTEX;SPENTXIND
ID_4c654091d3e2,SPENTEX,latest_observed_symbol,SPENTXIND,False,False,,,,CLCIND;SPENTEX;SPENTXIND
ID_4c6af097c7f8,BSL,unique_current_nse_symbol,BSL,False,True,2013-01-01,2026-03-30,INE594B01012,BSL
ID_4c6bb8364730,GSPL,latest_observed_symbol,GSPL,True,False,2013-01-01,2026-03-30,INE246F01010,GSPL
ID_4c95fac9e2e8,HEADSUP,unique_current_nse_symbol,HEADSUP,False,True,2022-07-18,2026-03-30,INE759V01019,HEADSUP;TMRVL
ID_4c95fac9e2e8,HEADSUP,unique_current_nse_symbol,TMRVL,False,False,2016-12-28,2022-07-15,INE759V01019,HEADSUP;TMRVL
ID_4c9864de2d51,OPTIEMUS,unique_current_nse_symbol,OPTIEMUS,False,True,2017-08-08,2026-03-30,INE350C01017,OPTIEMUS
ID_4caa20529773,MYSORPETRO,unique_current_nse_symbol,MYSORPETRO,False,True,,,,MYSORPETRO
ID_4caea0134ebb,ZENITHEXPO,unique_current_nse_symbol,ZENITHEXPO,False,True,2013-01-01,2026-03-30,INE058B01018,ZENITHEXPO
ID_4cc7912c7c03,SAGARDEEP,unique_current_nse_symbol,SAGARDEEP,False,True,2019-01-25,2026-03-30,INE976T01013,SAGARDEEP
ID_4cc93b34b494,INDIAGLYCO,unique_current_nse_symbol,INDIAGLYCO,True,True,2013-01-01,2026-03-30,INE560A01015;INE560A01023,INDIAGLYCO
ID_4cdc9f4388b5,RPOWER,unique_current_nse_symbol,RPOWER,True,True,2013-01-01,2026-03-30,INE614G01033,RPOWER
ID_4cde35538a16,GOODLUCK,unique_current_nse_symbol,GOODLUCK,False,True,2015-01-08,2026-03-30,INE127I01024,GOODLUCK
ID_4cdf6d476a3d,IVALUE,unique_current_nse_symbol,IVALUE,False,True,2025-09-25,2026-03-30,INE056801025,IVALUE
ID_4ceedd775a88,APOLLOPIPE,unique_current_nse_symbol,APOLLOPIPE,False,True,2019-11-11,2026-03-30,INE126J01016,APOLLOPIPE
ID_4d1a5a181b2f,AWL,unique_current_nse_symbol,AWL,True,True,2022-02-08,2026-03-30,INE699H01024,AWL
ID_4d208ba7e20c,WORTHPERI,unique_current_nse_symbol,WORTH,False,False,2020-08-04,2025-10-09,INE196Y01018,WORTH;WORTHPERI
ID_4d208ba7e20c,WORTHPERI,unique_current_nse_symbol,WORTHPERI,False,True,2025-10-10,2026-03-30,INE196Y01018,WORTH;WORTHPERI
ID_4d2695b0f334,BALAJEE,unique_current_nse_symbol,BALAJEE,False,True,2024-09-26,2026-03-30,INE0S2G01011,BALAJEE
ID_4d42e761a13c,VALUEIND,latest_observed_symbol,VALUEIND,False,False,2013-01-01,2017-12-06,INE352A01017,VALUEIND;VDOCONAPPL
ID_4d42e761a13c,VALUEIND,latest_observed_symbol,VDOCONAPPL,False,False,,,,VALUEIND;VDOCONAPPL
ID_4d58a7cef9e0,TICL,unique_current_nse_symbol,TCLCONS,False,False,2023-10-31,2025-02-06,INE388G01026,TCLCONS;TICL
ID_4d58a7cef9e0,TICL,unique_current_nse_symbol,TICL,False,True,2025-02-07,2026-03-30,INE388G01026,TCLCONS;TICL
ID_4d7cf167ffd9,GSLNOVA,latest_observed_symbol,GSLNOVA,False,False,2013-01-01,2015-04-13,INE787A01022,GSLNOVA;NOVA
ID_4d7cf167ffd9,GSLNOVA,latest_observed_symbol,NOVA,False,False,,,,GSLNOVA;NOVA
ID_4da18ea36fb0,MGOLD,latest_observed_symbol,MGOLD,False,False,2013-01-01,2015-03-25,INF247L01072,MGOLD
ID_4dadf53ccf9b,CREWBOS,latest_observed_symbol,CREWBOS,False,False,2013-01-01,2013-09-16,INE514G01019,CREWBOS
ID_4dc2f0271c10,VMSTMT,unique_current_nse_symbol,VMSTMT,False,True,2025-10-09,2026-03-30,INE0SJA01013,VMSTMT
ID_4dc84c38b2c5,NILASPACES,unique_current_nse_symbol,NILASPACES,False,True,2019-01-11,2026-03-30,INE00S901012,NILASPACES
ID_4dcf2700420c,PRAKASHSTL,unique_current_nse_symbol,PRAKASHSTL,False,True,2013-01-01,2026-03-30,INE696K01016;INE696K01024,PRAKASHSTL
ID_4df0b11faa9e,INFRA,latest_observed_symbol,INFRA,False,False,2026-02-18,2026-03-30,INF769K01QB4,INFRA
ID_4df52d7335f1,COREEDUTEC,latest_observed_symbol,COREEDUTEC,True,False,2013-01-01,2015-09-24,INE247G01024,COREEDUTEC;COREPROTEC
ID_4df52d7335f1,COREEDUTEC,latest_observed_symbol,COREPROTEC,False,False,,,,COREEDUTEC;COREPROTEC
ID_4e053c4a962d,DRCSYSTEMS,unique_current_nse_symbol,DRCSYSTEMS,False,True,2021-03-25,2026-03-30,INE03RS01019;INE03RS01027,DRCSYSTEMS
ID_4e33421124b8,RDAXICDDG,lexicographic_fallback,NDAXICDDG,False,False,,,,NDAXICDDG;RDAXICDDG
ID_4e33421124b8,RDAXICDDG,lexicographic_fallback,RDAXICDDG,False,False,,,,NDAXICDDG;RDAXICDDG
ID_4e4218cf0abc,ELGITYRE,lexicographic_fallback,ELGIRUBBER,False,False,,,,ELGIRUBBER;ELGITYRE
ID_4e4218cf0abc,ELGITYRE,lexicographic_fallback,ELGITYRE,False,False,,,,ELGIRUBBER;ELGITYRE
ID_4e706da2cf2e,AVONMORE,unique_current_nse_symbol,AVONMORE,False,True,2023-01-04,2026-03-30,INE323B01016;INE323B01024,AVONMORE
ID_4e74dfc817c3,GILT5BETA,latest_observed_symbol,GILT5BETA,False,False,2025-12-24,2026-03-30,INF789F1AZE6,GILT5BETA;NIF5GETF
ID_4e74dfc817c3,GILT5BETA,latest_observed_symbol,NIF5GETF,False,False,2024-02-05,2025-12-23,INF789F1AZE6,GILT5BETA;NIF5GETF
ID_4e7f132ef0f1,TATAMTRDVR,latest_observed_symbol,TATAMTRDVR,False,False,2013-01-01,2024-08-29,IN9155A01020,TATAMTRDVR
ID_4e8c3927da91,CORDSCABLE,unique_current_nse_symbol,CORDSCABLE,False,True,2013-01-01,2026-03-30,INE792I01017,CORDSCABLE
ID_4e8cb402b8b8,BRNL,unique_current_nse_symbol,BRNL,False,True,2017-09-18,2026-03-30,INE727S01012,BRNL
ID_4ec5a73919ea,HAWKINCOOK,unique_current_nse_symbol,HAWKINCOOK,False,True,,,,HAWKINCOOK
ID_4ecb73712de6,UDAICEMENT,latest_observed_symbol,UDAICEMENT,False,False,2021-12-23,2025-08-22,INE225C01029,UDAICEMENT
ID_4ed79aa4d80d,KHAICHEM,unique_current_nse_symbol,KHAICHEM,False,True,2020-10-30,2026-03-30,INE745B01028,KHAICHEM
ID_4efbf6a14661,AGARWALEYE,unique_current_nse_symbol,AGARWALEYE,True,True,2025-02-04,2026-03-30,INE943P01029,AGARWALEYE
ID_4f3892f80f6e,GEINDSYS,latest_observed_symbol,GEINDSYS,False,False,2013-03-01,2016-02-19,INE599B01011,GEINDSYS
ID_4f3d58287d4a,MKPL,unique_current_nse_symbol,MKPL,False,True,2023-06-13,2026-03-30,INE964W01013;INE964W01021,MKPL
ID_4f5d8b02c941,OAL,unique_current_nse_symbol,OAL,False,True,2019-07-11,2026-03-30,INE959C01023,OAL
ID_4f95a6301c94,RAJPALAYAM,unique_current_nse_symbol,RAJPALAYAM,False,True,2013-01-01,2015-01-29,INE296E01026,RAJPALAYAM
ID_4f993b7d57f1,GRAUWEIL,unique_current_nse_symbol,GRAUWEIL,False,True,2021-08-05,2023-10-25,INE266D01021,GRAUWEIL
ID_4fd12ca6f09a,MILKYMIST,unique_current_nse_symbol,MILKYMIST,False,True,,,,MILKYMIST
ID_4fe0bf46782a,JVLAGRO,latest_observed_symbol,JVLAGRO,False,False,2013-01-01,2018-09-24,INE430G01026,JVLAGRO
ID_4fe86e1ba165,VOGL,unique_current_nse_symbol,VOGL,False,True,,,,VOGL
ID_4ff011a036c9,MANJUSHREE,latest_observed_symbol,MANJUSHREE,False,False,2013-01-01,2015-03-16,INE435H01015,MANJUSHREE
ID_4ff05e92094e,EROSMEDIA,latest_observed_symbol,EROSMEDIA,True,False,2013-01-01,2024-10-24,INE416L01017,EROSMEDIA
ID_50007d3140f2,CAPACITE,unique_current_nse_symbol,CAPACITE,False,True,2017-09-25,2026-03-30,INE264T01014,CAPACITE
ID_5004e324326f,SUPER,latest_observed_symbol,SUPER,False,False,2013-01-01,2015-01-28,INE091C01017,SUPER
ID_501359e6ef5c,MVGJL,unique_current_nse_symbol,MVGJL,False,True,2023-10-03,2026-03-30,INE0KNT01012,MVGJL
ID_502d548bf4f5,PILITA,unique_current_nse_symbol,PILIND,False,False,2013-10-31,2015-09-02,INE600A01027,PILIND;PILITA
ID_502d548bf4f5,PILITA,unique_current_nse_symbol,PILITA,False,True,2015-09-03,2026-03-30,INE600A01027;INE600A01035,PILIND;PILITA
ID_5047bdc8c297,JP20G,lexicographic_fallback,E20G,False,False,,,,E20G;JP20G
ID_5047bdc8c297,JP20G,lexicographic_fallback,JP20G,False,False,,,,E20G;JP20G
ID_505a1e53c7c0,EMAMIREAL,unique_current_nse_symbol,EMAMIINFRA,False,False,2013-01-01,2018-11-14,INE778K01012,EMAMIINFRA;EMAMIREAL
ID_505a1e53c7c0,EMAMIREAL,unique_current_nse_symbol,EMAMIREAL,False,True,2018-11-15,2026-03-30,INE778K01012,EMAMIINFRA;EMAMIREAL
ID_50770ab10856,RDAXIEDG,lexicographic_fallback,NDAXIEDG,False,False,,,,NDAXIEDG;RDAXIEDG
ID_50770ab10856,RDAXIEDG,lexicographic_fallback,RDAXIEDG,False,False,,,,NDAXIEDG;RDAXIEDG
ID_50780c27c5ae,BSLSENETFG,latest_observed_symbol,BSLSENETFG,False,False,2021-10-06,2026-03-30,INF209KB10E8;INF209KB1119,BSLSENETFG
ID_5079437611b4,FRONTSP,unique_current_nse_symbol,FRONTSP,False,True,,,,FRONTSP
ID_50a529f0c97c,INDORAMA,unique_current_nse_symbol,INDORAMA,False,True,2013-01-01,2026-03-30,INE156A01020,INDORAMA
ID_50ac79ebc1c4,GLORY,latest_observed_symbol,GLORY,False,False,2013-01-01,2014-05-16,INE408H01012,GLORY
ID_50adade52d3c,DIVGIITTS,unique_current_nse_symbol,DIVGIITTS,False,True,2023-03-14,2026-03-30,INE753U01022,DIVGIITTS
ID_50b042717c7b,CENTRUM,unique_current_nse_symbol,CENTRUM,False,True,2018-04-04,2026-03-30,INE660C01027,CENTRUM
ID_50b74504e6cb,GMBREW,unique_current_nse_symbol,GMBREW,False,True,2013-01-01,2026-03-30,INE075D01018,GMBREW
ID_50b83ddeb88c,BIKAJI,unique_current_nse_symbol,BIKAJI,True,True,2022-11-16,2026-03-30,INE00E101023,BIKAJI
ID_50c20a34ec30,PICCADIL,unique_current_nse_symbol,PICCADIL,False,True,2025-07-02,2026-03-30,INE546C01010,PICCADIL
ID_50d00b5111ec,AXISILVER,latest_observed_symbol,AXISILVER,False,False,2022-09-27,2026-03-30,INF846K011K1,AXISILVER;SILVERAXIS
ID_50d00b5111ec,AXISILVER,latest_observed_symbol,SILVERAXIS,False,False,,,,AXISILVER;SILVERAXIS
ID_50efa89842af,ZODJRDMKJ,latest_observed_symbol,ZODJRDMKJ,False,False,2013-01-01,2021-09-20,INE077B01018,ZODJRDMKJ
ID_5100f2082761,GOODYEAR,unique_current_nse_symbol,GOODYEAR,False,True,2020-10-05,2023-10-25,INE533A01012,GOODYEAR
ID_510901eb5cb8,RTNINDIA,unique_current_nse_symbol,IBIPL,False,False,2013-01-01,2014-11-19,INE834M01019,IBIPL;RTNINDIA;RTNINFRA
ID_510901eb5cb8,RTNINDIA,unique_current_nse_symbol,RTNINDIA,True,True,2021-04-07,2026-03-30,INE834M01019,IBIPL;RTNINDIA;RTNINFRA
ID_510901eb5cb8,RTNINDIA,unique_current_nse_symbol,RTNINFRA,False,False,2014-11-20,2021-04-06,INE834M01019,IBIPL;RTNINDIA;RTNINFRA
ID_5123dd40d774,HGS,unique_current_nse_symbol,HGS,True,True,2013-01-01,2026-03-30,INE170I01016,HGS;HGSL;HTMTGLOBAL
ID_5123dd40d774,HGS,unique_current_nse_symbol,HGSL,False,False,,,,HGS;HGSL;HTMTGLOBAL
ID_5123dd40d774,HGS,unique_current_nse_symbol,HTMTGLOBAL,False,False,,,,HGS;HGSL;HTMTGLOBAL
ID_512959b23d7b,EVIETF,latest_observed_symbol,EVIETF,False,False,2025-04-15,2026-03-30,INF109K1A153,EVIETF
ID_512a58a3178b,MLKFOOD,unique_current_nse_symbol,MLKFOOD,False,True,,,,MLKFOOD
ID_512a9485e0c9,STEELXIND,unique_current_nse_symbol,STEELXIND,False,True,2017-07-20,2026-03-30,INE503B01013;INE503B01021,STEELXIND
ID_512c1faa0bc7,GFSTEELS,unique_current_nse_symbol,GFSTEELS,False,True,2020-04-13,2022-09-20,INE534A01028,GFSTEELS
ID_5137da78808c,CRESTANI,latest_observed_symbol,CRESTANI,False,False,2013-01-01,2014-05-22,INE774A01012,CRESTANI;CRESTCOMM
ID_5137da78808c,CRESTANI,latest_observed_symbol,CRESTCOMM,False,False,,,,CRESTANI;CRESTCOMM
ID_514cd1f19c33,NSLNISP,unique_current_nse_symbol,NSLNISP,True,True,2023-03-06,2026-03-30,INE0NNS01018,NSLNISP
ID_515f328bb07b,SETL,unique_current_nse_symbol,SETL,False,True,2026-01-19,2026-03-30,INE0M4D01010,SETL;SGLTL
ID_515f328bb07b,SETL,unique_current_nse_symbol,SGLTL,False,False,2025-01-13,2026-01-16,INE0M4D01010,SETL;SGLTL
ID_5160676092e1,PFS,unique_current_nse_symbol,PFS,True,True,2013-01-01,2026-03-30,INE560K01014,PFS
ID_5167c6a69ef6,KLBRENG-B,unique_current_nse_symbol,KLBRENG-B,False,True,,,,KLBRENG-B
ID_516f54191040,TALBROAUTO,unique_current_nse_symbol,TALBROAUTO,False,True,2013-01-01,2026-03-30,INE187D01011;INE187D01029,TALBROAUTO
ID_518895ae4d30,JBCHEPHARM,latest_observed_symbol,JBCHEPHARM,True,False,2013-01-01,2026-03-30,INE572A01028;INE572A01036,JBCHEPHARM
ID_5189d32a44aa,BPCL,unique_current_nse_symbol,BPCL,True,True,2013-01-01,2026-03-30,INE029A01011,BPCL
ID_51914d3f2c73,TOP15IETF,latest_observed_symbol,TOP15IETF,False,False,2025-07-02,2026-03-30,INF109K1A344,TOP15IETF
ID_51a32150a114,SMLMAH,unique_current_nse_symbol,SMLISUZU,True,False,2013-01-01,2025-11-07,INE294B01019,SMLISUZU;SMLMAH;SWARAJMAZD
ID_51a32150a114,SMLMAH,unique_current_nse_symbol,SMLMAH,False,True,2025-11-10,2026-03-30,INE294B01019,SMLISUZU;SMLMAH;SWARAJMAZD
ID_51a32150a114,SMLMAH,unique_current_nse_symbol,SWARAJMAZD,False,False,,,,SMLISUZU;SMLMAH;SWARAJMAZD
ID_51b918808cdd,INTERISE,lexicographic_fallback,INDINFR,False,False,,,,INDINFR;INTERISE
ID_51b918808cdd,INTERISE,lexicographic_fallback,INTERISE,False,False,,,,INDINFR;INTERISE
ID_522d39c19f9f,HERCULES,latest_observed_symbol,HERCULES,False,False,2013-01-01,2026-01-01,INE688E01024,HERCULES
ID_526258203fae,ORCHPHARMA,unique_current_nse_symbol,ORCHPHARMA,False,True,2021-05-05,2026-03-30,INE191A01027,ORCHPHARMA
ID_526e1b7d8bf0,ROLEXRINGS,unique_current_nse_symbol,ROLEXRINGS,False,True,2021-08-09,2026-03-30,INE645S01016;INE645S01024,ROLEXRINGS
ID_526f96bb5e0a,MONEYBOXX,unique_current_nse_symbol,MONEYBOXX,False,True,2025-10-15,2026-03-30,INE296Q01012,MONEYBOXX
ID_527f6707bc12,ADOR,unique_current_nse_symbol,ADOR,False,True,2025-04-11,2026-03-30,INE045A01017,ADOR;ADORWELD;ADVANIORLI
ID_527f6707bc12,ADOR,unique_current_nse_symbol,ADORWELD,False,False,2013-01-01,2025-04-09,INE045A01017,ADOR;ADORWELD;ADVANIORLI
ID_527f6707bc12,ADOR,unique_current_nse_symbol,ADVANIORLI,False,False,,,,ADOR;ADORWELD;ADVANIORLI
ID_529f2fb7dda4,CRAFTSMAN,unique_current_nse_symbol,CRAFTSMAN,True,True,2021-03-25,2026-03-30,INE00LO01017,CRAFTSMAN
ID_52a1811356b7,BYKE,unique_current_nse_symbol,BYKE,False,True,2015-04-15,2026-03-30,INE319B01014,BYKE;THEBYKE
ID_52a1811356b7,BYKE,unique_current_nse_symbol,THEBYKE,False,False,2013-01-01,2015-01-29,INE319B01014,BYKE;THEBYKE
ID_52a4c001071e,AGLSL,latest_observed_symbol,AGLSL,False,False,2017-08-03,2019-10-23,INE517U01013,AGLSL
ID_52af3ab89d17,AMBIKCO,unique_current_nse_symbol,AMBIKCO,False,True,2013-01-01,2026-03-30,INE540G01014,AMBIKCO
ID_52b80076d686,BAJAJHLDNG,unique_current_nse_symbol,BAJAJAUTO,False,False,,,,BAJAJAUTO;BAJAJHLDNG
ID_52b80076d686,BAJAJHLDNG,unique_current_nse_symbol,BAJAJHLDNG,True,True,2013-01-01,2026-03-30,INE118A01012,BAJAJAUTO;BAJAJHLDNG
ID_52c47f4e700e,UFO,unique_current_nse_symbol,UFO,False,True,2015-05-14,2026-03-30,INE527H01019,UFO
ID_52ca7c6e581e,MEDIASSIST,unique_current_nse_symbol,MEDIASSIST,False,True,2024-01-23,2026-03-30,INE456Z01021,MEDIASSIST
ID_52d52cd9df98,KSCL,unique_current_nse_symbol,KSCL,True,True,2013-01-01,2026-03-30,INE455I01011;INE455I01029,KSCL
ID_52dc955f314b,ANDHRAPAP,unique_current_nse_symbol,ANDHRAPAP,False,True,2020-03-05,2026-03-30,INE435A01028;INE435A01051,ANDHRAPAP;ANDPAPER;APPAPER;IPAPPM
ID_52dc955f314b,ANDHRAPAP,unique_current_nse_symbol,ANDPAPER,False,False,2020-01-22,2020-03-04,INE435A01028,ANDHRAPAP;ANDPAPER;APPAPER;IPAPPM
ID_52dc955f314b,ANDHRAPAP,unique_current_nse_symbol,APPAPER,False,False,2013-01-01,2014-01-20,INE435A01028,ANDHRAPAP;ANDPAPER;APPAPER;IPAPPM
ID_52dc955f314b,ANDHRAPAP,unique_current_nse_symbol,IPAPPM,True,False,2014-01-21,2020-01-21,INE435A01028,ANDHRAPAP;ANDPAPER;APPAPER;IPAPPM
ID_52e3db7a52b5,GAIL,unique_current_nse_symbol,GAIL,True,True,2013-01-01,2026-03-30,INE129A01019,GAIL
ID_5305789515dc,MMTC,unique_current_nse_symbol,MMTC,True,True,2013-01-01,2026-03-30,INE123F01029,MMTC
ID_5317ddf74e2f,TULSYAN,latest_observed_symbol,TULSYAN,False,False,2013-01-01,2014-01-10,INE463D01016,TULSYAN
ID_5320a2c0ccc5,ARIS,unique_current_nse_symbol,ARIS,False,True,2026-02-09,2026-03-30,INE0H9P01028,ARIS;ARISINFRA
ID_5320a2c0ccc5,ARIS,unique_current_nse_symbol,ARISINFRA,False,False,2025-06-25,2026-02-06,INE0H9P01028,ARIS;ARISINFRA
ID_533a9c5fe86f,STARTECK,unique_current_nse_symbol,STARTECK,False,True,2022-05-04,2026-03-30,INE992I01013,STARTECK
ID_5374da4c0547,RMCL,latest_observed_symbol,RMCL,False,False,2013-03-01,2021-02-19,INE172H01014,RMCL
ID_5385915729e2,RDAXIBDD,lexicographic_fallback,NDAXIBDD,False,False,,,,NDAXIBDD;RDAXIBDD
ID_5385915729e2,RDAXIBDD,lexicographic_fallback,RDAXIBDD,False,False,,,,NDAXIBDD;RDAXIBDD
ID_53a54801e9b8,MIDSELIETF,latest_observed_symbol,ICICIMCAP,False,False,2018-04-10,2023-12-19,INF109KB1XT3,ICICIMCAP;IMIDCAP;MIDCAPIWIN;MIDSELIETF
ID_53a54801e9b8,MIDSELIETF,latest_observed_symbol,IMIDCAP,False,False,2016-07-11,2016-07-22,INF109KB1XT3,ICICIMCAP;IMIDCAP;MIDCAPIWIN;MIDSELIETF
ID_53a54801e9b8,MIDSELIETF,latest_observed_symbol,MIDCAPIWIN,False,False,2016-07-25,2018-04-09,INF109KB1XT3,ICICIMCAP;IMIDCAP;MIDCAPIWIN;MIDSELIETF
ID_53a54801e9b8,MIDSELIETF,latest_observed_symbol,MIDSELIETF,False,False,2023-12-20,2026-03-30,INF109KB1XT3;INF109KC10W0,ICICIMCAP;IMIDCAP;MIDCAPIWIN;MIDSELIETF
ID_53b1dd88eddc,PFC,unique_current_nse_symbol,PFC,True,True,2013-01-01,2026-03-30,INE134E01011,PFC
ID_53b7f7bdde2b,CLASSIC,latest_observed_symbol,CLASSIC,False,False,2013-03-01,2014-01-16,INE987C01024,CLASSIC
ID_53c3ed067f02,BLUECOAST,unique_current_nse_symbol,BLUECOAST,False,True,2013-01-01,2026-03-30,INE472B01011,BLUECOAST;MOREPENHTL
ID_53c3ed067f02,BLUECOAST,unique_current_nse_symbol,MOREPENHTL,False,False,,,,BLUECOAST;MOREPENHTL
ID_53c8ef3ea6b6,DISHMAN,latest_observed_symbol,DISHMAN,True,False,2013-01-01,2017-05-29,INE353G01020,DISHMAN
ID_53cbbde07020,JMCPROJECT,latest_observed_symbol,JMCPROJECT,False,False,2013-01-01,2023-01-10,INE890A01016;INE890A01024,JMCPROJECT
ID_53d83139f2ea,RDAFTVHGR,lexicographic_fallback,NDAFTVHGR,False,False,,,,NDAFTVHGR;RDAFTVHGR
ID_53d83139f2ea,RDAFTVHGR,lexicographic_fallback,RDAFTVHGR,False,False,,,,NDAFTVHGR;RDAFTVHGR
ID_53e276f9ddcc,AMBUJACEM,unique_current_nse_symbol,AMBUJACEM,True,True,2013-01-01,2026-03-30,INE079A01024,AMBUJACEM;GUJAMBCEM
ID_53e276f9ddcc,AMBUJACEM,unique_current_nse_symbol,GUJAMBCEM,False,False,,,,AMBUJACEM;GUJAMBCEM
ID_540590981d7b,PREMEXPLN,unique_current_nse_symbol,PREMEXPLN,False,True,2016-06-17,2026-03-30,INE863B01011;INE863B01029,PREMEXPLN
ID_54079b60c3e7,PGIMBBGPG,lexicographic_fallback,DPRMBBGPG,False,False,,,,DPRMBBGPG;PGIMBBGPG
ID_54079b60c3e7,PGIMBBGPG,lexicographic_fallback,PGIMBBGPG,False,False,,,,DPRMBBGPG;PGIMBBGPG
ID_541778ad2ff5,USK,unique_current_nse_symbol,USK,False,True,2023-04-20,2026-03-05,INE0N0Y01013,USK
ID_5428ca939ce3,JUNIPER,unique_current_nse_symbol,JUNIPER,False,True,2024-02-28,2026-03-30,INE696F01016,JUNIPER
ID_542b6c65440c,CDSL,unique_current_nse_symbol,CDSL,True,True,2017-06-30,2026-03-30,INE736A01011,CDSL
ID_54373bae6485,RDAFVGDG,lexicographic_fallback,NDAFVGDG,False,False,,,,NDAFVGDG;RDAFVGDG
ID_54373bae6485,RDAFVGDG,lexicographic_fallback,RDAFVGDG,False,False,,,,NDAFVGDG;RDAFVGDG
ID_54546da7d864,BLACKBUCK,unique_current_nse_symbol,BLACKBUCK,False,True,2024-11-22,2026-03-30,INE0UIZ01018,BLACKBUCK
ID_545fa1ea1124,PGIMAHQDD,lexicographic_fallback,DPRMAHQD,False,False,,,,DPRMAHQD;PGIMAHQDD
ID_545fa1ea1124,PGIMAHQDD,lexicographic_fallback,PGIMAHQDD,False,False,,,,DPRMAHQD;PGIMAHQDD
ID_548d9daf2a61,TARAJEWELS,latest_observed_symbol,TARAJEWELS,False,False,2013-01-01,2018-08-16,INE799L01016,TARAJEWELS
ID_548dc635e42e,INOXLEISUR,latest_observed_symbol,INOXLEISUR,True,False,2013-01-01,2023-02-16,INE312H01016,INOXLEISUR
ID_54c3978b1202,PGIMBBDPD,lexicographic_fallback,DPRMBBDPD,False,False,,,,DPRMBBDPD;PGIMBBDPD
ID_54c3978b1202,PGIMBBDPD,lexicographic_fallback,PGIMBBDPD,False,False,,,,DPRMBBDPD;PGIMBBDPD
ID_54c8a0959866,LOTUSEYE,unique_current_nse_symbol,LOTUSEYE,False,True,2013-01-01,2026-03-30,INE947I01017,LOTUSEYE
ID_54cbb93c8b04,MAHSCOOTER,unique_current_nse_symbol,MAHSCOOTER,True,True,2013-01-01,2026-03-30,INE288A01013,MAHSCOOTER
ID_54f0656eaba1,GOLDTECH,unique_current_nse_symbol,GOLDTECH,False,True,2013-01-01,2026-03-30,INE805A01014,GOLDTECH
ID_54f466f48c8d,PARAS,unique_current_nse_symbol,PARAS,False,True,2021-10-18,2026-03-30,INE045601015;INE045601023,PARAS
ID_54fc07125069,799LTFL30,lexicographic_fallback,780LTFL30,False,False,,,,780LTFL30;799LTFL30
ID_54fc07125069,799LTFL30,lexicographic_fallback,799LTFL30,False,False,,,,780LTFL30;799LTFL30
ID_550e4c624052,UBENGG,latest_observed_symbol,UBENGG,False,False,2013-01-01,2014-09-23,INE328C01013,UBENGG
ID_55423a60b261,ASTRAMICRO,unique_current_nse_symbol,ASTRAMICRO,False,True,2013-01-01,2026-03-30,INE386C01029,ASTRAMICRO
ID_55455e1791af,PATELRMART,unique_current_nse_symbol,PATELRMART,False,True,2025-09-10,2026-03-30,INE0R8B01010,PATELRMART
ID_555a34b28ebc,GAYAHWS,unique_current_nse_symbol,GAYAHWS,False,True,2018-08-23,2026-03-30,INE287Z01012,GAYAHWS
ID_557011baf110,MAKEINDIA,latest_observed_symbol,MAKEINDIA,False,False,2023-09-01,2026-03-30,INF769K01IB1,MAKEINDIA;MAMFGETF
ID_557011baf110,MAKEINDIA,latest_observed_symbol,MAMFGETF,False,False,2022-02-02,2023-08-31,INF769K01IB1,MAKEINDIA;MAMFGETF
ID_55778f6d8812,TCIDEVELOP,latest_observed_symbol,TCIDEVELOP,False,False,2013-01-01,2022-11-10,INE662L01016,TCIDEVELOP
ID_559ea766726e,SATIA,unique_current_nse_symbol,SATIA,False,True,2019-07-17,2026-03-30,INE170E01015;INE170E01023,SATIA
ID_55bd11efe78c,HRYNSHP,unique_current_nse_symbol,HRYNSHP,False,True,,,,HRYNSHP
ID_55be1c9ede77,LUMAXIND,unique_current_nse_symbol,LUMAXIND,False,True,2013-01-01,2026-03-30,INE162B01018,LUMAXIND
ID_55dac6f6fe42,UYFINCORP,unique_current_nse_symbol,UYFINCORP,False,True,2024-10-03,2026-03-30,INE152C01025,UYFINCORP
ID_55dc73b5fbb0,RELTD,unique_current_nse_symbol,RELTD,False,True,2024-07-30,2026-03-30,INE206N01018,RELTD
ID_55e172df7934,AMBER,unique_current_nse_symbol,AMBER,True,True,2018-01-30,2026-03-30,INE371P01015,AMBER
ID_55e7a14154ba,GRAPHITE,unique_current_nse_symbol,CARBEVFLOW,False,False,,,,CARBEVFLOW;GRAPHITE
ID_55e7a14154ba,GRAPHITE,unique_current_nse_symbol,GRAPHITE,True,True,2013-01-01,2026-03-30,INE371A01025,CARBEVFLOW;GRAPHITE
ID_561c3615781a,MANORG,unique_current_nse_symbol,MANORG,False,True,2021-11-02,2026-03-30,INE370D01013,MANORG
ID_562aef2517c7,SRIPIPES,latest_observed_symbol,LANCOIN,False,False,2013-01-01,2014-12-16,INE943C01027,LANCOIN;LANCOIND;SRIPIPES
ID_562aef2517c7,SRIPIPES,latest_observed_symbol,LANCOIND,False,False,,,,LANCOIN;LANCOIND;SRIPIPES
ID_562aef2517c7,SRIPIPES,latest_observed_symbol,SRIPIPES,True,False,2014-12-17,2022-01-12,INE943C01027,LANCOIN;LANCOIND;SRIPIPES
ID_562c244bd950,TGBHOTELS,unique_current_nse_symbol,BHAGWATIHO,False,False,2013-01-01,2013-05-30,INE797H01018,BHAGWATIHO;TGBHOTELS
ID_562c244bd950,TGBHOTELS,unique_current_nse_symbol,TGBHOTELS,False,True,2013-05-31,2026-03-30,INE797H01018,BHAGWATIHO;TGBHOTELS
ID_56541e2f747f,MAHEPC,unique_current_nse_symbol,MAHEPC,False,True,2020-02-14,2026-03-30,INE215D01010,MAHEPC
ID_565ae16e11d4,GAMMONIND,latest_observed_symbol,GAMMONIND,True,False,2013-01-01,2017-09-22,INE259B01020,GAMMONIND
ID_5669ecabfd2c,PNEUMATIC,latest_observed_symbol,PNEUMATIC,False,False,2015-10-06,2017-05-19,INE096T01010,PNEUMATIC
ID_566fdf79418e,BGRENERGY,unique_current_nse_symbol,BGRENERGY,True,True,2013-01-01,2026-02-23,INE661I01014,BGRENERGY
ID_568295f226a2,IREDA,unique_current_nse_symbol,IREDA,True,True,2023-11-29,2026-03-30,INE202E01016,IREDA
ID_568ad7f0a1a8,HINDOILEXP,unique_current_nse_symbol,HINDOILEXP,True,True,2013-01-01,2026-03-30,INE345A01011,HINDOILEXP
ID_56a5cc80c083,DIGIDRIVE,unique_current_nse_symbol,DIGIDRIVE,False,True,2024-01-24,2026-03-30,INE0PSC01024,DIGIDRIVE
ID_56a6b0bb9a60,RAMKY,unique_current_nse_symbol,RAMKY,False,True,2013-01-01,2026-03-30,INE874I01013,RAMKY
ID_56b0dcdbee46,GANESHHOU,unique_current_nse_symbol,GANESHHOU,False,True,2025-09-15,2026-03-30,INE460C01014,GANESHHOU;GANESHHOUC;GANHSGFIN
ID_56b0dcdbee46,GANESHHOU,unique_current_nse_symbol,GANESHHOUC,False,False,2013-01-01,2025-09-12,INE460C01014,GANESHHOU;GANESHHOUC;GANHSGFIN
ID_56b0dcdbee46,GANESHHOU,unique_current_nse_symbol,GANHSGFIN,False,False,,,,GANESHHOU;GANESHHOUC;GANHSGFIN
ID_56bf2fe759e5,ARCHIDPLY,unique_current_nse_symbol,ARCHIDPLY,False,True,2013-01-01,2026-03-30,INE877I01016,ARCHIDPLY
ID_56c2b35a2d14,CRAMC,unique_current_nse_symbol,CRAMC,False,True,2025-10-16,2026-03-30,INE218I01013,CRAMC
ID_570a78b9792e,ZOTA,unique_current_nse_symbol,ZOTA,False,True,2019-08-19,2026-03-30,INE358U01012,ZOTA
ID_571052426a8a,AJMERA,unique_current_nse_symbol,AJMERA,False,True,2013-01-01,2026-03-30,INE298G01027;INE298G01035,AJMERA;SHREE
ID_571052426a8a,AJMERA,unique_current_nse_symbol,SHREE,False,False,,,,AJMERA;SHREE
ID_571b50383a38,GOLDIAM,unique_current_nse_symbol,GOLDIAM,False,True,2013-01-01,2026-03-30,INE025B01017;INE025B01025,GOLDIAM
ID_571e2d535f02,KSERASERA,latest_observed_symbol,KSERAPRO,False,False,,,,KSERAPRO;KSERASERA
ID_571e2d535f02,KSERASERA,latest_observed_symbol,KSERASERA,False,False,2013-03-01,2020-08-21,INE216D01018;INE216D01026,KSERAPRO;KSERASERA
ID_57369143fd31,LAL,unique_current_nse_symbol,LAL,False,True,2023-04-10,2026-03-30,INE740X01015;INE740X01023,LAL
ID_57adec6570cf,SAMTEL,latest_observed_symbol,SAMTEL,False,False,2013-01-01,2017-11-21,INE381A01016,SAMTEL
ID_57d6370c97a7,DELHIVERY,unique_current_nse_symbol,DELHIVERY,True,True,2022-05-24,2026-03-30,INE148O01028,DELHIVERY
ID_57e36a055816,PRAJIND,unique_current_nse_symbol,PRAJIND,True,True,2013-01-01,2026-03-30,INE074A01025,PRAJIND
ID_57f074b16354,GROWW,unique_current_nse_symbol,GROWW,True,True,2025-11-12,2026-03-30,INE0HOQ01053,GROWW
ID_5806e8e9120b,RANEENGINE,latest_observed_symbol,RANEENGINE,False,False,2013-01-01,2025-04-21,INE222J01013,RANEENGINE
ID_58504b490d22,CYBERMEDIA,unique_current_nse_symbol,CYBERMEDIA,False,True,2013-01-01,2026-03-30,INE278G01037,CYBERMEDIA
ID_5858e495095b,LAWSIKHO,lexicographic_fallback,ADDICTIVE,False,False,,,,ADDICTIVE;LAWSIKHO
ID_5858e495095b,LAWSIKHO,lexicographic_fallback,LAWSIKHO,False,False,,,,ADDICTIVE;LAWSIKHO
ID_585b5ffd6cdc,MAHESHWARI,unique_current_nse_symbol,MAHESHWARI,False,True,2019-04-15,2026-03-30,INE263W01010,MAHESHWARI
ID_588df346d372,HCG,unique_current_nse_symbol,HCG,False,True,2016-03-30,2026-03-30,INE075I01017,HCG
ID_58d6dddb30eb,RCF,unique_current_nse_symbol,RCF,True,True,2013-01-01,2026-03-30,INE027A01015,RCF
ID_58e2ba8682d5,MANDHANA,latest_observed_symbol,MANDHANA,True,False,2013-01-01,2019-02-13,INE087J01010,MANDHANA
ID_58fb27623a3b,WHBRADY,unique_current_nse_symbol,WHBRADY,False,True,,,,WHBRADY
ID_58fef29d28ff,BAJAJHFL,unique_current_nse_symbol,BAJAJHFL,True,True,2024-09-16,2026-03-30,INE377Y01014,BAJAJHFL
ID_593f124c2625,NEXT50BETA,latest_observed_symbol,NEXT50BETA,False,False,2025-12-24,2026-03-30,INF789F1AUW9,NEXT50BETA;UTINEXT50
ID_593f124c2625,NEXT50BETA,latest_observed_symbol,UTINEXT50,False,False,2017-08-08,2025-12-23,INF789F1AUW9;INF789FC1N82,NEXT50BETA;UTINEXT50
ID_5947af8664da,SGFIN,unique_current_nse_symbol,SGFIN,False,True,2025-08-05,2026-03-30,INE618R01015,SGFIN
ID_595d87607502,EQ30,latest_observed_symbol,EQ30,False,False,2016-05-30,2021-09-30,INF754K01EM9,EQ30
ID_59633b779ac5,SENSEXETF,latest_observed_symbol,SENSEXETF,False,False,2023-10-06,2026-03-30,INF769K01KT9,SENSEXETF
ID_59644932e34e,WHIRLPOOL,unique_current_nse_symbol,WHIRLPOOL,True,True,2013-01-01,2026-03-30,INE716A01013,WHIRLPOOL
ID_59666f271ec0,RNAVAL,latest_observed_symbol,PIPAVAVDOC,False,False,2013-01-01,2016-03-17,INE542F01012,PIPAVAVDOC;PIPAVAVYD;RDEL;RNAVAL
ID_59666f271ec0,RNAVAL,latest_observed_symbol,PIPAVAVYD,False,False,,,,PIPAVAVDOC;PIPAVAVYD;RDEL;RNAVAL
ID_59666f271ec0,RNAVAL,latest_observed_symbol,RDEL,False,False,2016-03-18,2017-09-15,INE542F01012,PIPAVAVDOC;PIPAVAVYD;RDEL;RNAVAL
ID_59666f271ec0,RNAVAL,latest_observed_symbol,RNAVAL,True,False,2017-09-18,2021-01-22,INE542F01012,PIPAVAVDOC;PIPAVAVYD;RDEL;RNAVAL
ID_597de4925038,VBL,unique_current_nse_symbol,VBL,True,True,2016-11-08,2026-03-30,INE200M01013;INE200M01021;INE200M01039,VBL
ID_5992b12974bf,ALPA,unique_current_nse_symbol,ALPA,False,True,2013-03-01,2026-03-30,INE385I01010,ALPA
ID_59bcab38a353,GOKULAGRO,unique_current_nse_symbol,GOKULAGRO,False,True,2016-03-29,2026-03-30,INE314T01025;INE314T01033,GOKULAGRO
ID_59bd82faeb1f,MMWL,unique_current_nse_symbol,MMWL,False,True,2014-03-26,2015-01-29,INE200D01020,MMWL
ID_59bfc6caa45f,MSCIINDIA,latest_observed_symbol,MSCIINDIA,False,False,2025-02-27,2026-03-30,INF174KA1VD2,MSCIINDIA
ID_5a02bc036013,SOLARA,unique_current_nse_symbol,SOLARA,True,True,2018-07-11,2026-03-30,INE624Z01016,SOLARA
ID_5a1e36d2a2a8,TREEHOUSE,unique_current_nse_symbol,TREEHOUSE,False,True,2013-01-01,2026-03-05,INE040M01013,TREEHOUSE
ID_5a207eae0d5d,DATAPATTNS,unique_current_nse_symbol,DATAPATTNS,True,True,2021-12-24,2026-03-30,INE0IX101010,DATAPATTNS
ID_5a2cc7af010d,EXCELCROP,latest_observed_symbol,EXCELCROP,True,False,2013-01-01,2019-08-28,INE223G01017,EXCELCROP
ID_5a35698d2aa1,PGIMFAGPG,lexicographic_fallback,DPRMFAGP,False,False,,,,DPRMFAGP;PGIMFAGPG
ID_5a35698d2aa1,PGIMFAGPG,lexicographic_fallback,PGIMFAGPG,False,False,,,,DPRMFAGP;PGIMFAGPG
ID_5a58dddb9f9d,NRC,latest_observed_symbol,NRC,False,False,2013-01-01,2013-12-10,INE953C01018,NRC
ID_5a5e4fd68956,CEATLTD,unique_current_nse_symbol,CEATLTD,True,True,2013-01-01,2026-03-30,INE482A01020,CEATLTD
ID_5a65843b2dae,USHERAGRO,latest_observed_symbol,USHERAGRO,False,False,2013-01-01,2018-09-21,INE235G01011,USHERAGRO
ID_5a72132f8944,GAYAPROJ,unique_current_nse_symbol,GAYAPROJ,True,True,2013-01-01,2022-10-19,INE336H01015;INE336H01023,GAYAPROJ
ID_5a7e52e40f8c,IPCALAB,unique_current_nse_symbol,IPCALAB,True,True,2013-01-01,2026-03-30,INE571A01020;INE571A01038,IPCALAB
ID_5a7ff9002b9e,JENBURPH,unique_current_nse_symbol,JENBURPH,False,True,,,,JENBURPH
ID_5a88fc24f8d4,WOPOLIN,lexicographic_fallback,BAJAJPLAST,False,False,,,,BAJAJPLAST;WOPOLIN
ID_5a88fc24f8d4,WOPOLIN,lexicographic_fallback,WOPOLIN,False,False,,,,BAJAJPLAST;WOPOLIN
ID_5a9f788cf5b9,SBIETFCON,latest_observed_symbol,SBIETFCON,False,False,2021-07-29,2026-03-30,INF200KA1X17,SBIETFCON
ID_5ac15d6ea854,GROWWEV,latest_observed_symbol,GROWEV,False,False,2024-08-12,2024-08-22,INF666M01IH2,GROWEV;GROWWEV
ID_5ac15d6ea854,GROWWEV,latest_observed_symbol,GROWWEV,False,False,2024-08-23,2026-03-30,INF666M01IH2,GROWEV;GROWWEV
ID_5acd2580c770,UNITDSPR,unique_current_nse_symbol,MCDOWELL-N,True,False,2013-01-01,2024-06-06,INE854D01016;INE854D01024,MCDOWELL-N;UNITDSPR
ID_5acd2580c770,UNITDSPR,unique_current_nse_symbol,UNITDSPR,True,True,2024-06-07,2026-03-30,INE854D01024,MCDOWELL-N;UNITDSPR
ID_5ad4899b431b,SANDUMA,unique_current_nse_symbol,SANDUMA,False,True,2023-09-07,2026-03-30,INE149K01016,SANDUMA
ID_5adc1e485b1f,PIONEEREMB,unique_current_nse_symbol,PIONEEREMB,False,True,2013-01-01,2026-03-30,INE156C01018,PIONEEREMB
ID_5ae1f740bad9,AKUMS,unique_current_nse_symbol,AKUMS,True,True,2024-08-06,2026-03-30,INE09XN01023,AKUMS
ID_5ae24794d46d,ORIENTPPR,unique_current_nse_symbol,ORIENTPPR,False,True,2013-01-01,2026-03-30,INE592A01026,ORIENTPPR
ID_5af3fffae010,NIBE,unique_current_nse_symbol,NIBE,False,True,2025-02-07,2026-03-30,INE149O01018,NIBE
ID_5b2a4d8cecbf,PARAMPARA,lexicographic_fallback,AMJUMBO,False,False,,,,AMJUMBO;PARAMPARA
ID_5b2a4d8cecbf,PARAMPARA,lexicographic_fallback,PARAMPARA,False,False,,,,AMJUMBO;PARAMPARA
ID_5b3908102030,PGIMABD1G,lexicographic_fallback,DPRMABD1,False,False,,,,DPRMABD1;PGIMABD1G
ID_5b3908102030,PGIMABD1G,lexicographic_fallback,PGIMABD1G,False,False,,,,DPRMABD1;PGIMABD1G
ID_5b3c6059f6e0,OIL,unique_current_nse_symbol,OIL,True,True,2013-01-01,2026-03-30,INE274J01014,OIL
ID_5b428d97efd1,KALYANI,unique_current_nse_symbol,KALYANI,False,True,,,,KALYANI
ID_5b4c9c3dd394,BOROSCI,unique_current_nse_symbol,BOROSCI,False,True,2024-06-24,2026-03-30,INE02L001032,BOROSCI
ID_5b9075cb03d7,COUNCODOS,unique_current_nse_symbol,COUNCODOS,False,True,2013-01-02,2026-03-30,INE695B01025,COUNCODOS;NEOCURE
ID_5b9075cb03d7,COUNCODOS,unique_current_nse_symbol,NEOCURE,False,False,,,,COUNCODOS;NEOCURE
ID_5ba2461d7d4c,ARSHIYA,unique_current_nse_symbol,ARSHIYA,False,True,2013-01-01,2023-12-13,INE968D01022,ARSHIYA
ID_5baf84bfc6ea,BENGALASM,unique_current_nse_symbol,BENGALASM,False,True,,,,BENGALASM
ID_5bc20bc6aa68,NIFTYADD,latest_observed_symbol,DSPN50ETF,False,False,2021-12-30,2024-02-14,INF740KA1CL0,DSPN50ETF;NIFTY50ADD;NIFTYADD
ID_5bc20bc6aa68,NIFTYADD,latest_observed_symbol,NIFTY50ADD,False,False,2024-02-15,2025-12-12,INF740KA1CL0,DSPN50ETF;NIFTY50ADD;NIFTYADD
ID_5bc20bc6aa68,NIFTYADD,latest_observed_symbol,NIFTYADD,False,False,2025-12-15,2026-03-30,INF740KA1CL0,DSPN50ETF;NIFTY50ADD;NIFTYADD
ID_5bc3f1f9ccdc,ALKALI,unique_current_nse_symbol,ALKALI,False,True,2013-01-01,2026-03-30,INE773I01017,ALKALI
ID_5be6d443ec70,POCHIRAJU,latest_observed_symbol,POCHIRAJU,False,False,2013-01-01,2018-11-19,INE332G01032,POCHIRAJU
ID_5bf9b6f720f6,DENABANK,latest_observed_symbol,DENABANK,True,False,2013-01-01,2019-03-07,INE077A01010,DENABANK
ID_5c03d736dfc3,LTFMPS6EG,lexicographic_fallback,FIFMPS6EG,False,False,,,,FIFMPS6EG;LTFMPS6EG
ID_5c03d736dfc3,LTFMPS6EG,lexicographic_fallback,LTFMPS6EG,False,False,,,,FIFMPS6EG;LTFMPS6EG
ID_5c1f3ff8ea88,ITC,unique_current_nse_symbol,ITC,True,True,2013-01-01,2026-03-30,INE154A01025,ITC
ID_5c5281bcdd96,SOTL,unique_current_nse_symbol,SAVITACHEM,False,False,,,,SAVITACHEM;SOTL
ID_5c5281bcdd96,SOTL,unique_current_nse_symbol,SOTL,False,True,2013-01-01,2026-03-30,INE035D01012;INE035D01020,SAVITACHEM;SOTL
ID_5c6505ae3c86,TOTAL,unique_current_nse_symbol,TOTAL,False,True,2020-08-28,2026-03-30,INE336X01012,TOTAL
ID_5c787a191270,DEEP,unique_current_nse_symbol,DEEP,False,True,,,,DEEP
ID_5ca4f6c87d3f,JAYBARMARU,unique_current_nse_symbol,JAYBARMARU,False,True,2013-01-01,2026-03-30,INE571B01028;INE571B01036,JAYBARMARU
ID_5cb17764ee10,GNFC,unique_current_nse_symbol,GNFC,True,True,2013-01-01,2026-03-30,INE113A01013,GNFC
ID_5cbaefd72ce5,RELGOLD,latest_observed_symbol,RELGOLD,False,False,2013-01-01,2016-11-02,INF733I01010,RELGOLD
ID_5cbc46d2f192,JD35G,lexicographic_fallback,ED35G,False,False,,,,ED35G;JD35G
ID_5cbc46d2f192,JD35G,lexicographic_fallback,JD35G,False,False,,,,ED35G;JD35G
ID_5cbfbd356116,768SIDBI27,lexicographic_fallback,768SID27,False,False,,,,768SID27;768SIDBI27
ID_5cbfbd356116,768SIDBI27,lexicographic_fallback,768SIDBI27,False,False,,,,768SID27;768SIDBI27
ID_5cc282bc59d4,JAGRAN,unique_current_nse_symbol,JAGRAN,True,True,2013-01-01,2026-03-30,INE199G01027,JAGRAN
ID_5ccb6b7456bd,SMLT,unique_current_nse_symbol,SMLT,False,True,2021-11-25,2026-03-30,INE017W01010,SMLT
ID_5ccbb9de8a51,PREMIERPOL,unique_current_nse_symbol,PREMIERPOL,False,True,2014-06-12,2026-03-30,INE309M01012;INE309M01020,PREMIERPOL
ID_5cd3064adef5,ATCOM,lexicographic_fallback,ATCOIND,False,False,,,,ATCOIND;ATCOM
ID_5cd3064adef5,ATCOM,lexicographic_fallback,ATCOM,False,False,,,,ATCOIND;ATCOM
ID_5cdf772787de,PGEL,unique_current_nse_symbol,PGEL,True,True,2013-01-01,2026-03-30,INE457L01011;INE457L01029,PGEL
ID_5d29db4f68d7,SUNRAKSHAK,unique_current_nse_symbol,SUNRAKSHAK,False,True,,,,SUNRAKSHAK
ID_5d3251efac02,EQUITASBNK,unique_current_nse_symbol,EQUITASBNK,True,True,2020-11-02,2026-03-30,INE063P01018,EQUITASBNK
ID_5d3a96cb4e16,PGIMFAD4D,lexicographic_fallback,DPRMFAD4,False,False,,,,DPRMFAD4;PGIMFAD4D
ID_5d3a96cb4e16,PGIMFAD4D,lexicographic_fallback,PGIMFAD4D,False,False,,,,DPRMFAD4;PGIMFAD4D
ID_5d487150f704,MOTOGENFIN,unique_current_nse_symbol,MOTOGENFIN,False,True,2013-01-01,2026-03-30,INE861B01015;INE861B01023,MOTOGENFIN
ID_5d52721843e9,ASTRAZEN,unique_current_nse_symbol,ASTRAIDL,False,False,,,,ASTRAIDL;ASTRAZEN
ID_5d52721843e9,ASTRAZEN,unique_current_nse_symbol,ASTRAZEN,True,True,2013-01-01,2026-03-30,INE203A01020,ASTRAIDL;ASTRAZEN
ID_5d5adc9030cb,VCL,unique_current_nse_symbol,VCL,False,True,2022-04-19,2026-03-30,INE098201028;INE098201036,VCL
ID_5d7e9ebdece4,SAELTD,lexicographic_fallback,RPGTLTD,False,False,,,,RPGTLTD;SAELTD
ID_5d7e9ebdece4,SAELTD,lexicographic_fallback,SAELTD,False,False,,,,RPGTLTD;SAELTD
ID_5d841a0d7020,LUMAXTECH,unique_current_nse_symbol,LUMAXTECH,False,True,2013-01-01,2026-03-30,INE872H01019;INE872H01027,LUMAXTECH
ID_5d8666f640c4,BTML,unique_current_nse_symbol,BTML,False,True,2023-02-15,2026-03-30,INE0EEJ01015;INE0EEJ01023,BTML
ID_5d8e1ead51b0,SASKEN,unique_current_nse_symbol,SASKEN,False,True,2013-01-01,2026-03-30,INE231F01020,SASKEN
ID_5db03f23b801,VOITHPAPR,unique_current_nse_symbol,VOITHPAPR,False,True,,,,VOITHPAPR
ID_5db18b5d5494,SIGROUPIND,lexicographic_fallback,HERDILCHEM,False,False,,,,HERDILCHEM;SCHENHERD;SIGROUPIND
ID_5db18b5d5494,SIGROUPIND,lexicographic_fallback,SCHENHERD,False,False,,,,HERDILCHEM;SCHENHERD;SIGROUPIND
ID_5db18b5d5494,SIGROUPIND,lexicographic_fallback,SIGROUPIND,False,False,,,,HERDILCHEM;SCHENHERD;SIGROUPIND
ID_5dbe595b5110,HCLTECH,unique_current_nse_symbol,HCLTECH,True,True,2013-01-01,2026-03-30,INE860A01027,HCLTECH
ID_5dc0e41bc703,NETVISTAIT,lexicographic_fallback,KRAFTIND,False,False,,,,KRAFTIND;NETVISTAIT
ID_5dc0e41bc703,NETVISTAIT,lexicographic_fallback,NETVISTAIT,False,False,,,,KRAFTIND;NETVISTAIT
ID_5dcbf669a1f3,SBT,latest_observed_symbol,SBT,False,False,2013-01-01,2017-03-15,INE654A01024,SBT
ID_5dcfd3389a32,MOSERBAER,latest_observed_symbol,MOSERBAER,False,False,2013-03-01,2018-06-06,INE739A01015,MOSERBAER
ID_5dd24685ebec,STINDIA,latest_observed_symbol,STINDIA,False,False,2013-03-01,2020-08-21,INE090C01019,STINDIA
ID_5de9cba54cdc,RDAIXDDD,lexicographic_fallback,NDAIXDDD,False,False,,,,NDAIXDDD;RDAIXDDD
ID_5de9cba54cdc,RDAIXDDD,lexicographic_fallback,RDAIXDDD,False,False,,,,NDAIXDDD;RDAIXDDD
ID_5e032674b153,IMFA,unique_current_nse_symbol,IMFA,True,True,2013-01-01,2026-03-30,INE919H01018,IMFA
ID_5e20f9be11bf,JTEKTINDIA,unique_current_nse_symbol,JTEKTINDIA,True,True,2018-04-23,2026-03-30,INE643A01035,JTEKTINDIA;SONASTEER
ID_5e20f9be11bf,JTEKTINDIA,unique_current_nse_symbol,SONASTEER,True,False,2013-01-01,2018-04-20,INE643A01035,JTEKTINDIA;SONASTEER
ID_5e2e1eac79c6,ISEC,latest_observed_symbol,ISEC,True,False,2018-04-04,2025-03-21,INE763G01038,ISEC
ID_5e3a0e433534,MICROTECH,latest_observed_symbol,MICROTECH,False,False,2013-01-01,2014-06-16,INE358B01012,MICROTECH
ID_5e3d98ff954e,WELSPUNLIV,unique_current_nse_symbol,WELSPUNIND,False,False,2013-01-01,2023-12-13,INE192B01023;INE192B01031,WELSPUNIND;WELSPUNLIV
ID_5e3d98ff954e,WELSPUNLIV,unique_current_nse_symbol,WELSPUNLIV,True,True,2023-12-14,2026-03-30,INE192B01031,WELSPUNIND;WELSPUNLIV
ID_5e4a424365b1,BEARDSELL,unique_current_nse_symbol,BEARDSELL,False,True,2014-05-23,2026-03-30,INE520H01014;INE520H01022,BEARDSELL
ID_5e6e955b0945,GROWWNXT50,latest_observed_symbol,GROWWNXT50,False,False,2025-08-26,2026-03-30,INF666M01LZ8,GROWWNXT50
ID_5e6f9aae4b97,HEALTHCARE,latest_observed_symbol,HEALTHCARE,False,False,2026-02-16,2026-03-30,INF769K01QA6,HEALTHCARE
ID_5e74568700d9,FLUOROCHEM,unique_current_nse_symbol,FLUOROCHEM,True,True,2019-10-31,2026-03-30,INE09N301011,FLUOROCHEM
ID_5e87c662f90a,ASSAMCO,latest_observed_symbol,ASSAMCO,False,False,2013-01-01,2019-02-27,INE442A01024,ASSAMCO
ID_5e8da71939c6,GHCL,unique_current_nse_symbol,GHCL,True,True,2013-01-01,2026-03-30,INE539A01019,GHCL
ID_5e9d1a047cf6,PRIORITY,unique_current_nse_symbol,PRIORITY,False,True,,,,PRIORITY
ID_5e9f14da6619,JAYAGROGN,unique_current_nse_symbol,JAYAGROGN,False,True,2013-01-01,2026-03-30,INE785A01026,JAYAGROGN
ID_5ea2f7f44064,COMFINTE,unique_current_nse_symbol,COMFINTE,False,True,,,,COMFINTE
ID_5eb014269ed3,MFSL,unique_current_nse_symbol,MAX,True,False,2013-01-01,2016-02-25,INE180A01020,MAX;MFSL
ID_5eb014269ed3,MFSL,unique_current_nse_symbol,MFSL,True,True,2016-02-26,2026-03-30,INE180A01020,MAX;MFSL
ID_5eb75cdad0b9,GOLDBETA,latest_observed_symbol,GOLDBETA,False,False,2025-12-24,2026-03-30,INF789F1AUX7,GOLDBETA;GOLDSHARE
ID_5eb75cdad0b9,GOLDBETA,latest_observed_symbol,GOLDSHARE,False,False,2013-01-01,2025-12-23,INF789F01059;INF789F1AUX7,GOLDBETA;GOLDSHARE
ID_5ec059120ebb,BROOKS,unique_current_nse_symbol,BROOKS,False,True,2013-03-01,2026-03-30,INE650L01011,BROOKS
ID_5ec50b0e3996,TV18BRDCST,latest_observed_symbol,GBN,False,False,,,,GBN;IBN18;TV18BRDCST
ID_5ec50b0e3996,TV18BRDCST,latest_observed_symbol,IBN18,False,False,,,,GBN;IBN18;TV18BRDCST
ID_5ec50b0e3996,TV18BRDCST,latest_observed_symbol,TV18BRDCST,True,False,2013-01-01,2024-10-15,INE886H01027,GBN;IBN18;TV18BRDCST
ID_5ee3ea387a98,AZADIND,unique_current_nse_symbol,AZADIND,False,True,,,,AZADIND
ID_5ee9a6c8f33e,AMAR,latest_observed_symbol,AMAR,False,False,2013-01-01,2013-08-01,INE787G01011,AMAR
ID_5ee9c643f9bf,FEDFINA,unique_current_nse_symbol,FEDFINA,False,True,2023-11-30,2026-03-30,INE007N01010,FEDFINA
ID_5f0d7024218c,PONDYOXIDE,latest_observed_symbol,PONDYOXIDE,False,False,2013-01-01,2015-01-07,INE063E01038,PONDYOXIDE
ID_5f0dcb04bdb3,PGIMAEADD,lexicographic_fallback,DPRMAEAD,False,False,,,,DPRMAEAD;PGIMAEADD
ID_5f0dcb04bdb3,PGIMAEADD,lexicographic_fallback,PGIMAEADD,False,False,,,,DPRMAEAD;PGIMAEADD
ID_5f1e8562e859,KRIDHANINF,unique_current_nse_symbol,KRIDHANINF,False,True,2015-12-11,2026-03-30,INE524L01026,KRIDHANINF
ID_5f242c8e2433,FIEMIND,unique_current_nse_symbol,FIEMIND,False,True,2013-01-01,2026-03-30,INE737H01014,FIEMIND
ID_5f2663820ff4,AFCONS,unique_current_nse_symbol,AFCONS,True,True,2024-11-04,2026-03-30,INE101I01011,AFCONS
ID_5f4395a75c71,MAKE,latest_observed_symbol,MAKE,False,False,2014-07-15,2015-05-25,INE432P01015,MAKE
ID_5f46b9666047,GODREJIND,unique_current_nse_symbol,GODREJIND,True,True,2013-01-01,2026-03-30,INE233A01035,GODREJIND
ID_5f4e60c1ecc4,CHALET,unique_current_nse_symbol,CHALET,True,True,2019-02-07,2026-03-30,INE427F01016,CHALET
ID_5f503d93510c,SWANDEF,unique_current_nse_symbol,SWANDEF,False,True,,,,SWANDEF
ID_5f7534e45fc6,AADHARHFC,unique_current_nse_symbol,AADHARHFC,True,True,2024-05-15,2026-03-30,INE883F01010,AADHARHFC
ID_5f81b0cbaf34,BRIGHOTEL,unique_current_nse_symbol,BRIGHOTEL,False,True,2025-07-31,2026-03-30,INE03NU01014,BRIGHOTEL
ID_5f86c11a64b4,APOORVA,unique_current_nse_symbol,APOORVA,False,True,,,,APOORVA
ID_5f886db249b1,HDFCSENSEX,latest_observed_symbol,HDFCSENETF,False,False,2015-12-16,2023-06-15,INF179KB1KQ1;INF179KC1973,HDFCSENETF;HDFCSENSEX
ID_5f886db249b1,HDFCSENSEX,latest_observed_symbol,HDFCSENSEX,False,False,2023-06-16,2026-03-30,INF179KC1973;INF179KC1HX2,HDFCSENETF;HDFCSENSEX
ID_5f8bceaad5a6,NIFTYEES,latest_observed_symbol,NIFTYEES,False,False,2015-05-14,2021-09-29,INF754K01EK3,NIFTYEES
ID_5fadcb64729c,CPEDU,unique_current_nse_symbol,CPEDU,False,True,2025-09-19,2026-03-30,INE0P6P01016,CPEDU
ID_5fb5272ed53e,WARDINMOBI,unique_current_nse_symbol,WARDINMOBI,False,True,,,,WARDINMOBI
ID_5fb658c1fbe0,GOCLCORP,unique_current_nse_symbol,GOCLCORP,False,True,2015-11-10,2026-03-30,INE077F01035,GOCLCORP;GULFCORP
ID_5fb658c1fbe0,GOCLCORP,unique_current_nse_symbol,GULFCORP,False,False,2014-07-10,2015-11-09,INE077F01035,GOCLCORP;GULFCORP
ID_5fbad57cad6d,RDAXIDDDG,lexicographic_fallback,NDAXIDDDG,False,False,,,,NDAXIDDDG;RDAXIDDDG
ID_5fbad57cad6d,RDAXIDDDG,lexicographic_fallback,RDAXIDDDG,False,False,,,,NDAXIDDDG;RDAXIDDDG
ID_5fbca15c2a33,GAJA,unique_current_nse_symbol,GAJA,False,True,,,,GAJA
ID_5fc86dbb00a6,LIQUIDCASE,latest_observed_symbol,LIQUIDCASE,False,False,2024-01-24,2026-03-30,INF0R8F01034,LIQUIDCASE
ID_6016a8141794,APOLLOHOSP,unique_current_nse_symbol,APOLLOHOSP,True,True,2013-01-01,2026-03-30,INE437A01024,APOLLOHOSP
ID_601e26718853,SPLIL,unique_current_nse_symbol,SPLIL,False,True,2013-01-01,2026-03-30,INE978G01016,SPLIL
ID_602b3187052c,BSELINFRA,latest_observed_symbol,BSELINFO,False,False,,,,BSELINFO;BSELINFRA
ID_602b3187052c,BSELINFRA,latest_observed_symbol,BSELINFRA,False,False,2013-01-01,2021-07-12,INE395A01016,BSELINFO;BSELINFRA
ID_6048787013ec,RADHIKAJWE,unique_current_nse_symbol,RADHIKAJWE,False,True,2022-07-18,2026-03-30,INE583V01013;INE583V01021,RADHIKAJWE
ID_6057374ac728,AMTL,latest_observed_symbol,AMTL,False,False,2013-01-01,2017-04-21,INE436N01029,AMTL
ID_6079dff6018c,SAB,unique_current_nse_symbol,SAB,False,True,,,,SAB
ID_60a3b0d92321,MAZDA,unique_current_nse_symbol,MAZDA,False,True,2016-11-01,2026-03-30,INE885E01034;INE885E01042,MAZDA
ID_60ae030ef1e8,PVTBANIETF,latest_observed_symbol,ICICIBANKP,False,False,2019-08-14,2023-12-19,INF109KC1E35,ICICIBANKP;PVTBANIETF
ID_60ae030ef1e8,PVTBANIETF,latest_observed_symbol,PVTBANIETF,False,False,2023-12-20,2026-03-30,INF109KC18U7;INF109KC1E35,ICICIBANKP;PVTBANIETF
ID_60c097dbe7b5,SHIRPUR-G,latest_observed_symbol,AGEEGOLD,False,False,,,,AGEEGOLD;SHIRPUR-G
ID_60c097dbe7b5,SHIRPUR-G,latest_observed_symbol,SHIRPUR-G,False,False,2013-03-01,2020-11-23,INE196B01016,AGEEGOLD;SHIRPUR-G
ID_60c86ea7a5af,NATHBIOGEN,unique_current_nse_symbol,NATHBIOGEN,False,True,2015-02-23,2026-03-30,INE448G01010,NATHBIOGEN
ID_60cbd1061ab6,RDAXFDDG,lexicographic_fallback,NDAXFDDG,False,False,,,,NDAXFDDG;RDAXFDDG
ID_60cbd1061ab6,RDAXFDDG,lexicographic_fallback,RDAXFDDG,False,False,,,,NDAXFDDG;RDAXFDDG
ID_60f02b197c79,BMWVENTLTD,unique_current_nse_symbol,BMWVENTLTD,False,True,2025-10-16,2026-03-30,INE965W01036,BMWVENTLTD
ID_611fad85af7e,FINOPB,unique_current_nse_symbol,FINOPB,False,True,2021-11-12,2026-03-30,INE02NC01014,FINOPB
ID_61247c772c74,LORDSCHLO,unique_current_nse_symbol,LORDSCHLO,False,True,2023-08-28,2026-03-30,INE846D01012,LORDSCHLO
ID_612f5a024485,KRISHIVAL,unique_current_nse_symbol,KRISHIVAL,False,True,2025-10-20,2026-03-30,INE0GGO01015,KRISHIVAL
ID_61303dd2e91e,PGIMAYGPG,lexicographic_fallback,DPRMAYGPG,False,False,,,,DPRMAYGPG;PGIMAYGPG
ID_61303dd2e91e,PGIMAYGPG,lexicographic_fallback,PGIMAYGPG,False,False,,,,DPRMAYGPG;PGIMAYGPG
ID_615ac9f8ce5c,DSKULKARNI,unique_current_nse_symbol,DSKULKARNI,False,True,2013-01-01,2018-03-20,INE891A01014,DSKULKARNI
ID_616ef5b41597,RDAXFDDD,lexicographic_fallback,NDAXFDDD,False,False,,,,NDAXFDDD;RDAXFDDD
ID_616ef5b41597,RDAXFDDD,lexicographic_fallback,RDAXFDDD,False,False,,,,NDAXFDDD;RDAXFDDD
ID_6171547de3cc,COASTCORP,unique_current_nse_symbol,COASTCORP,False,True,2021-10-08,2026-03-30,INE377E01016;INE377E01024,COASTCORP
ID_6171c87cc221,ATUL,unique_current_nse_symbol,ATUL,True,True,2013-01-01,2026-03-30,INE100A01010,ATUL;ATULPROD
ID_6171c87cc221,ATUL,unique_current_nse_symbol,ATULPROD,False,False,,,,ATUL;ATULPROD
ID_6171dc914549,PGIMACGPG,lexicographic_fallback,DPRMACGP,False,False,,,,DPRMACGP;PGIMACGPG
ID_6171dc914549,PGIMACGPG,lexicographic_fallback,PGIMACGPG,False,False,,,,DPRMACGP;PGIMACGPG
ID_61766fc8a83d,AZTECSOFT,lexicographic_fallback,AZTEC,False,False,,,,AZTEC;AZTECSOFT
ID_61766fc8a83d,AZTECSOFT,lexicographic_fallback,AZTECSOFT,False,False,,,,AZTEC;AZTECSOFT
ID_6187a9fc72ca,AXISBPSETF,latest_observed_symbol,AXISBPSETF,False,False,2021-05-18,2026-03-30,INF846K01Z04,AXISBPSETF
ID_6192a2952881,SBIETFPB,latest_observed_symbol,SBIETFPB,False,False,2020-10-22,2026-03-30,INF200KA1S22,SBIETFPB
ID_6193320cb05c,IITL,unique_current_nse_symbol,IITL,False,True,2013-01-01,2026-03-30,INE886A01014,IITL
ID_61b7e5ec9978,AARTIDRUGS,unique_current_nse_symbol,AARTIDRUGS,True,True,2013-03-01,2026-03-30,INE767A01016,AARTIDRUGS
ID_61bc2db67158,GROWWMETAL,latest_observed_symbol,GROWWMETAL,False,False,2025-12-23,2026-03-30,INF666M01NI0,GROWWMETAL
ID_61c848cb88d4,RDAXFDG,lexicographic_fallback,NDAXFDG,False,False,,,,NDAXFDG;RDAXFDG
ID_61c848cb88d4,RDAXFDG,lexicographic_fallback,RDAXFDG,False,False,,,,NDAXFDG;RDAXFDG
ID_61ced4b82a60,PWL,unique_current_nse_symbol,PWL,True,True,2025-11-18,2026-03-30,INE0LP301011,PWL
ID_61ef4ee8e184,VAISHALI,unique_current_nse_symbol,VAISHALI,False,True,2020-01-15,2026-03-30,INE972X01014;INE972X01022,VAISHALI
ID_6201548fbbc1,GLAXO,unique_current_nse_symbol,GLAXO,True,True,2013-01-01,2026-03-30,INE159A01016,GLAXO
ID_620fa89a404e,BHARATFORG,unique_current_nse_symbol,BHARATFORG,True,True,2013-01-01,2026-03-30,INE465A01025,BHARATFORG
ID_6212a11156b2,ATL,unique_current_nse_symbol,ATL,False,True,2023-08-25,2026-03-30,INE0NN701020,ATL
ID_62216aaf355a,PSPPROJECT,unique_current_nse_symbol,PSPPROJECT,True,True,2017-06-12,2026-03-30,INE488V01015,PSPPROJECT
ID_6228eef063e8,EMPEESUG,latest_observed_symbol,EMPEESUG,False,False,2013-01-01,2014-11-03,INE928B01012,EMPEESUG
ID_622ec74afb50,CONTROLPR,unique_current_nse_symbol,CONTROLPR,False,True,2016-06-24,2026-03-30,INE663B01015,CONTROLPR
ID_6238ca85ef8f,63MOONS,unique_current_nse_symbol,63MOONS,False,True,2017-01-19,2026-03-30,INE111B01023,63MOONS;FINANTECH
ID_6238ca85ef8f,63MOONS,unique_current_nse_symbol,FINANTECH,False,False,2013-01-01,2017-01-18,INE111B01023,63MOONS;FINANTECH
ID_629ef38db1ec,GRSE,unique_current_nse_symbol,GRSE,True,True,2018-10-10,2026-03-30,INE382Z01011,GRSE
ID_629f896559e4,SPICEJET,latest_observed_symbol,MODILUFT,False,False,,,,MODILUFT;SPICEJET
ID_629f896559e4,SPICEJET,latest_observed_symbol,SPICEJET,True,False,2019-08-19,2023-04-28,INE285B01017,MODILUFT;SPICEJET
ID_62c27a44b44a,IBULLSLTD,unique_current_nse_symbol,IBULISL,True,False,2018-10-31,2020-12-07,INE126M01010,IBULISL;IBULLSLTD;IBWSL;SORILHOLD;YAARI;YAARII
ID_62c27a44b44a,IBULLSLTD,unique_current_nse_symbol,IBULLSLTD,False,True,2025-12-09,2026-03-30,INE126M01010,IBULISL;IBULLSLTD;IBWSL;SORILHOLD;YAARI;YAARII
ID_62c27a44b44a,IBULLSLTD,unique_current_nse_symbol,IBWSL,False,False,2013-03-01,2017-04-17,INE126M01010,IBULISL;IBULLSLTD;IBWSL;SORILHOLD;YAARI;YAARII
ID_62c27a44b44a,IBULLSLTD,unique_current_nse_symbol,SORILHOLD,False,False,2017-04-18,2018-04-30,INE126M01010,IBULISL;IBULLSLTD;IBWSL;SORILHOLD;YAARI;YAARII
ID_62c27a44b44a,IBULLSLTD,unique_current_nse_symbol,YAARI,False,False,2021-12-15,2025-05-28,INE126M01010,IBULISL;IBULLSLTD;IBWSL;SORILHOLD;YAARI;YAARII
ID_62c27a44b44a,IBULLSLTD,unique_current_nse_symbol,YAARII,False,False,2020-12-08,2021-12-14,INE126M01010,IBULISL;IBULLSLTD;IBWSL;SORILHOLD;YAARI;YAARII
ID_62f94f57c7d4,HDFCLIFE,unique_current_nse_symbol,HDFCLIFE,True,True,2017-11-17,2026-03-30,INE795G01014,HDFCLIFE
ID_6305e1def98b,INDIACEM,unique_current_nse_symbol,INDIACEM,True,True,2013-01-01,2026-03-30,INE383A01012,INDIACEM
ID_63113444ab6b,CHAMBLFERT,unique_current_nse_symbol,CHAMBLFERT,True,True,2013-01-01,2026-03-30,INE085A01013,CHAMBLFERT
ID_631327641ac9,JMA,unique_current_nse_symbol,JMA,False,True,2015-03-30,2026-03-30,INE412C01015;INE412C01023,JMA
ID_6319ddf7f214,MANJEERA,latest_observed_symbol,MANJEERA,False,False,2013-01-04,2015-01-23,INE320D01018,MANJEERA
ID_633e24331b2a,SYMPHONY,unique_current_nse_symbol,SYMPHONY,True,True,2013-01-01,2026-03-30,INE225D01027,SYMPHONY
ID_63889e5a488a,MERCANTILE,unique_current_nse_symbol,MERCANTILE,False,True,,,,MERCANTILE
ID_638bf2f8069a,BSE500IETF,latest_observed_symbol,BSE500IETF,False,False,2023-12-20,2026-03-30,INF109KC1V59,BSE500IETF;ICICI500
ID_638bf2f8069a,BSE500IETF,latest_observed_symbol,ICICI500,False,False,2018-05-16,2023-12-19,INF109KC1CZ3;INF109KC1V59,BSE500IETF;ICICI500
ID_638c902c187c,THACKER,unique_current_nse_symbol,THACKER,False,True,,,,THACKER
ID_638d1db435b6,DIVIDEND,latest_observed_symbol,DIVIDEND,False,False,2025-12-19,2026-03-30,INF769K01PY8,DIVIDEND
ID_63951a6913a0,SEJALLTD,unique_current_nse_symbol,SEJALLTD,False,True,2022-04-05,2026-03-30,INE955I01044,SEJALLTD
ID_6396e9f170b3,VIRINCHI,unique_current_nse_symbol,VIRINCHI,False,True,2023-05-03,2026-03-30,INE539B01017,VIRINCHI
ID_63c22a8a573b,TREL,unique_current_nse_symbol,TREL,False,True,2023-08-25,2026-03-30,INE0O3901029,TREL
ID_63c234b858e7,LICI,unique_current_nse_symbol,LICI,True,True,2022-05-17,2026-03-30,INE0J1Y01017,LICI
ID_63db80170250,CANFINHOME,unique_current_nse_symbol,CANFINHOME,True,True,2013-03-01,2026-03-30,INE477A01012;INE477A01020,CANFINHOME
ID_63e32cb250b4,YOGI,unique_current_nse_symbol,YOGI,False,True,,,,YOGI
ID_63e5d84759bc,JWL,unique_current_nse_symbol,CEBBCO,False,False,2013-01-01,2022-06-17,INE209L01016,CEBBCO;JWL
ID_63e5d84759bc,JWL,unique_current_nse_symbol,JWL,True,True,2022-06-20,2026-03-30,INE209L01016,CEBBCO;JWL
ID_63f0122c5dfa,DEVIT,unique_current_nse_symbol,DEVIT,False,True,2022-02-15,2026-03-30,INE060X01018;INE060X01026;INE060X01034,DEVIT
ID_63f4e9ce0392,ARROWTEX,latest_observed_symbol,ARROWTEX,False,False,2013-01-01,2020-01-01,INE933J01015,ARROWTEX
ID_63fba827452e,BOSCH-HCIL,unique_current_nse_symbol,AMTREXAPPL,False,False,,,,AMTREXAPPL;BOSCH-HCIL;HITACHIHOM;JCHAC
ID_63fba827452e,BOSCH-HCIL,unique_current_nse_symbol,BOSCH-HCIL,False,True,2025-12-24,2026-03-30,INE782A01015,AMTREXAPPL;BOSCH-HCIL;HITACHIHOM;JCHAC
ID_63fba827452e,BOSCH-HCIL,unique_current_nse_symbol,HITACHIHOM,False,False,2013-01-01,2016-09-09,INE782A01015,AMTREXAPPL;BOSCH-HCIL;HITACHIHOM;JCHAC
ID_63fba827452e,BOSCH-HCIL,unique_current_nse_symbol,JCHAC,True,False,2016-09-12,2025-12-23,INE782A01015,AMTREXAPPL;BOSCH-HCIL;HITACHIHOM;JCHAC
ID_640cfe3b3ff5,NEXT50ADD,latest_observed_symbol,NEXT50ADD,False,False,2026-01-09,2026-03-30,INF740KA1XU7,NEXT50ADD
ID_641fddadc564,HINDUJAFO,latest_observed_symbol,ENNOREFO,False,False,,,,ENNOREFO;HINDUJAFO
ID_641fddadc564,HINDUJAFO,latest_observed_symbol,HINDUJAFO,False,False,2013-01-01,2017-06-05,INE291F01016,ENNOREFO;HINDUJAFO
ID_64422f9a0892,HDFCNIF100,latest_observed_symbol,HDFCNIF100,False,False,2022-08-11,2026-03-30,INF179KC1DB7;INF179KC1HR4,HDFCNIF100
ID_6460d343fe8c,GOLDCASE,latest_observed_symbol,GOLDCASE,False,False,2024-03-01,2026-03-30,INF0R8F01042,GOLDCASE
ID_64899106ff4a,CONS,latest_observed_symbol,CONS,False,False,2024-03-20,2026-03-30,INF174KA1JE5;INF174KA1ZF8,CONS;KOTAKCONS
ID_64899106ff4a,CONS,latest_observed_symbol,KOTAKCONS,False,False,2022-08-04,2024-03-19,INF174KA1JE5,CONS;KOTAKCONS
ID_64a676124e92,KOVAI,unique_current_nse_symbol,KOVAI,False,True,2021-08-05,2023-10-25,INE177F01017,KOVAI
ID_64aa4d58cf8e,XCHANGING,unique_current_nse_symbol,CAMBRIDGE,False,False,,,,CAMBRIDGE;SCANDENT;XCHANGING
ID_64aa4d58cf8e,XCHANGING,unique_current_nse_symbol,SCANDENT,False,False,,,,CAMBRIDGE;SCANDENT;XCHANGING
ID_64aa4d58cf8e,XCHANGING,unique_current_nse_symbol,XCHANGING,False,True,2013-01-01,2026-03-30,INE692G01013,CAMBRIDGE;SCANDENT;XCHANGING
ID_64b38dd4d9f3,WABAG,unique_current_nse_symbol,VATECH,False,False,,,,VATECH;WABAG
ID_64b38dd4d9f3,WABAG,unique_current_nse_symbol,WABAG,True,True,2013-01-01,2026-03-30,INE956G01038,VATECH;WABAG
ID_64bacbd30347,OLECTRA,unique_current_nse_symbol,GOLDINFRA,False,False,2013-01-01,2018-07-25,INE260D01016,GOLDINFRA;GOLDTELE;OLECTRA
ID_64bacbd30347,OLECTRA,unique_current_nse_symbol,GOLDTELE,False,False,,,,GOLDINFRA;GOLDTELE;OLECTRA
ID_64bacbd30347,OLECTRA,unique_current_nse_symbol,OLECTRA,True,True,2018-07-26,2026-03-30,INE260D01016,GOLDINFRA;GOLDTELE;OLECTRA
ID_650446a5b456,INTEGRA,latest_observed_symbol,INTEGRA,False,False,2013-10-01,2021-02-24,INE418N01027,INTEGRA
ID_65088d0310a4,INDPRUD,unique_current_nse_symbol,INDPRUD,False,True,,,,INDPRUD
ID_651bcdaf2780,KAMANWALA,unique_current_nse_symbol,KAMANWALA,False,True,,,,KAMANWALA
ID_652b742b1431,ROSSELLIND,unique_current_nse_symbol,ROSSELLIND,False,True,2013-01-01,2026-03-30,INE847C01020,ROSSELLIND
ID_6532279ce980,POLYCAB,unique_current_nse_symbol,POLYCAB,True,True,2019-04-16,2026-03-30,INE455K01017,POLYCAB
ID_6533393a1ee6,KALYANBRAK,lexicographic_fallback,BOSCHCHASY,False,False,,,,BOSCHCHASY;KALYANBRAK
ID_6533393a1ee6,KALYANBRAK,lexicographic_fallback,KALYANBRAK,False,False,,,,BOSCHCHASY;KALYANBRAK
ID_65492db310e5,YESBANK,unique_current_nse_symbol,YESBANK,True,True,2013-01-01,2026-03-30,INE528G01019;INE528G01027;INE528G01035,YESBANK
ID_655d2c3c2748,DYNPRO,unique_current_nse_symbol,DYNPRO,False,True,2017-07-19,2026-03-30,INE256H01015,DYNPRO
ID_655d7c17e5d4,PGIMBEGPG,lexicographic_fallback,DPRMBEGPG,False,False,,,,DPRMBEGPG;PGIMBEGPG
ID_655d7c17e5d4,PGIMBEGPG,lexicographic_fallback,PGIMBEGPG,False,False,,,,DPRMBEGPG;PGIMBEGPG
ID_6562ec55d7d9,UBL,unique_current_nse_symbol,UBL,True,True,2013-01-01,2026-03-30,INE686F01025,UBL
ID_65e9013f3fc1,VINYLINDIA,unique_current_nse_symbol,VINYLINDIA,False,True,2013-01-01,2026-03-30,INE250B01029,VINYLINDIA
ID_65e92206e35d,AROGRANITE,unique_current_nse_symbol,AROGRANITE,False,True,2013-01-01,2026-03-30,INE210C01013,AROGRANITE
ID_65ea1137b875,MOM50,latest_observed_symbol,M50,False,False,2013-01-01,2021-06-15,INF247L01015;INF247L01536,M50;MOM50
ID_65ea1137b875,MOM50,latest_observed_symbol,MOM50,False,False,2021-06-16,2026-03-30,INF247L01536,M50;MOM50
ID_65f8091f2d50,INDOTHAI,unique_current_nse_symbol,INDOTHAI,False,True,2013-01-01,2026-03-30,INE337M01013;INE337M01021,INDOTHAI
ID_660c0560f844,HGINFRA,unique_current_nse_symbol,HGINFRA,False,True,2018-03-09,2026-03-30,INE926X01010,HGINFRA
ID_66174b669919,VIVIMEDLAB,unique_current_nse_symbol,VIVIMEDLAB,False,True,2013-01-01,2026-03-30,INE526G01013;INE526G01021,VIVIMEDLAB
ID_66205197c002,EBIX,unique_current_nse_symbol,EBIX,False,True,,,,EBIX
ID_66208f7d211e,BILENERGY,latest_observed_symbol,BILENERGY,False,False,2013-03-01,2020-11-27,INE607L01011;INE607L01029,BILENERGY
ID_66314742f2ec,INDSWFTLAB,unique_current_nse_symbol,INDSWFTLAB,False,True,2013-01-01,2026-03-30,INE915B01019,INDSWFTLAB
ID_664c69197b8e,BIMETAL,unique_current_nse_symbol,BIMETAL,False,True,2013-01-01,2015-01-29,INE469A01019,BIMETAL
ID_664d835f9847,ARIHANT,unique_current_nse_symbol,ARIHANT,False,True,2013-01-01,2022-02-03,INE413D01011,ARIHANT
ID_665214513842,FEDERALBNK,unique_current_nse_symbol,FEDERALBNK,True,True,2013-01-01,2026-03-30,INE171A01011;INE171A01029,FEDERALBNK
ID_66536a186351,JIYAECO,latest_observed_symbol,JIYAECO,False,False,2019-08-19,2020-11-23,INE023S01016,JIYAECO
ID_6656e563884a,LMW,unique_current_nse_symbol,LAXMIMACH,True,False,2013-01-01,2024-10-09,INE269B01029,LAXMIMACH;LMW
ID_6656e563884a,LMW,unique_current_nse_symbol,LMW,False,True,2024-10-10,2026-03-30,INE269B01029,LAXMIMACH;LMW
ID_665aca21b1c8,INDRAMEDCO,unique_current_nse_symbol,INDRAMEDCO,True,True,2013-01-01,2026-03-30,INE681B01017,INDRAMEDCO
ID_6667a8e29187,OFSS,unique_current_nse_symbol,I-FLEX,False,False,,,,I-FLEX;OFSS
ID_6667a8e29187,OFSS,unique_current_nse_symbol,OFSS,True,True,2013-01-01,2026-03-30,INE881D01027,I-FLEX;OFSS
ID_669e69bb2492,RAYMONDLSL,unique_current_nse_symbol,RAYMONDLSL,True,True,2024-09-19,2026-03-30,INE02ID01020,RAYMONDLSL
ID_669ec589de0b,NCOPPER,latest_observed_symbol,NCOPPER,False,False,2013-01-01,2015-10-19,INE846H01039,NCOPPER
ID_66b2c85c19bf,ANDREWYU,unique_current_nse_symbol,ANDREWYU,False,True,2021-08-05,2023-10-25,INE449C01025,ANDREWYU
ID_66c9c9cf2068,MAHINDUGIN,latest_observed_symbol,MAHINDUGIN,True,False,2013-01-01,2014-12-22,INE850A01010,MAHINDUGIN
ID_66d0d792cba7,ABAN,unique_current_nse_symbol,ABAN,True,True,2013-01-01,2025-09-04,INE421A01028,ABAN;ABANLLOYD;ABANLOYD
ID_66d0d792cba7,ABAN,unique_current_nse_symbol,ABANLLOYD,False,False,,,,ABAN;ABANLLOYD;ABANLOYD
ID_66d0d792cba7,ABAN,unique_current_nse_symbol,ABANLOYD,False,False,,,,ABAN;ABANLLOYD;ABANLOYD
ID_67135905d24b,BSHSL,unique_current_nse_symbol,BSHSL,False,True,2020-10-28,2026-03-30,INE032Z01012;INE032Z01020,BSHSL
ID_67190653a2bf,HDFCNIFTY,latest_observed_symbol,HDFCNIFETF,False,False,2015-12-16,2023-06-15,INF179KB1KP3;INF179KC1965,HDFCNIFETF;HDFCNIFTY
ID_67190653a2bf,HDFCNIFTY,latest_observed_symbol,HDFCNIFTY,False,False,2023-06-16,2026-03-30,INF179KC1965,HDFCNIFETF;HDFCNIFTY
ID_672d6cf7f97e,AFIL,unique_current_nse_symbol,AFIL,False,True,2024-07-10,2026-03-05,INE916Y01019;INE916Y01027,AFIL
ID_67381d945154,HORIZONIND,unique_current_nse_symbol,HORIZONIND,False,True,,,,HORIZONIND
ID_674005bf020a,PGIMDAGPG,lexicographic_fallback,DPRMDAGP,False,False,,,,DPRMDAGP;PGIMDAGPG
ID_674005bf020a,PGIMDAGPG,lexicographic_fallback,PGIMDAGPG,False,False,,,,DPRMDAGP;PGIMDAGPG
ID_6763b34e7b56,SAURASHCEM,unique_current_nse_symbol,SAURASHCEM,False,True,2024-02-27,2026-03-30,INE626A01014,SAURASHCEM
ID_679de3c965a8,CANBK,unique_current_nse_symbol,CANBK,True,True,2013-01-01,2026-03-30,INE476A01014;INE476A01022,CANBK
ID_67a3ab6acf0c,GSEC5IETF,latest_observed_symbol,GSEC5IETF,False,False,2023-12-20,2026-03-30,INF109KC14A8,GSEC5IETF;ICICI5GSEC
ID_67a3ab6acf0c,GSEC5IETF,latest_observed_symbol,ICICI5GSEC,False,False,2022-03-10,2023-12-19,INF109KC14A8,GSEC5IETF;ICICI5GSEC
ID_67b7fb7c8480,PIRPHYTO,latest_observed_symbol,PIRLIFE,False,False,2013-03-01,2013-09-13,INE122J01015,PIRLIFE;PIRPHYTO
ID_67b7fb7c8480,PIRPHYTO,latest_observed_symbol,PIRPHYTO,False,False,2013-11-29,2017-04-06,INE122J01015,PIRLIFE;PIRPHYTO
ID_67de205d4831,VENKEYS,unique_current_nse_symbol,VENKEYS,True,True,2013-01-01,2026-03-30,INE398A01010,VENKEYS;WESTHATCH
ID_67de205d4831,VENKEYS,unique_current_nse_symbol,WESTHATCH,False,False,,,,VENKEYS;WESTHATCH
ID_67df1fc7a327,ALANKIT,unique_current_nse_symbol,ALANKIT,False,True,2015-06-30,2026-03-30,INE914E01024;INE914E01032;INE914E01040,ALANKIT
ID_67e6ec4b5ba3,RAJOOENG,unique_current_nse_symbol,RAJOOENG,False,True,2025-05-29,2026-03-30,INE535F01024,RAJOOENG
ID_67f14c31a5b7,SHUKRAPHAR,unique_current_nse_symbol,SHUKRAPHAR,False,True,,,,SHUKRAPHAR
ID_682bc46387c5,LFIC,unique_current_nse_symbol,LFIC,False,True,2019-05-22,2026-03-30,INE850E01012,LFIC
ID_684450f8d2fc,PUNJLLOYD,latest_observed_symbol,PUNJLLOYD,True,False,2013-01-01,2019-09-23,INE701B01021,PUNJLLOYD
ID_685b4247f18f,CELESTIAL,latest_observed_symbol,CELESTIAL,False,False,2013-01-01,2019-09-09,INE221I01017,CELESTIAL
ID_68619c1901cd,VIKASPROP,latest_observed_symbol,VIKASPROP,False,False,2019-08-19,2022-08-22,INE767B01022,VIKASPROP
ID_6871096756b5,EUROPRATIK,unique_current_nse_symbol,EUROPRATIK,False,True,2025-09-23,2026-03-30,INE198501012,EUROPRATIK
ID_687a5e736573,INFY,unique_current_nse_symbol,INFOSYSTCH,False,False,,,,INFOSYSTCH;INFY
ID_687a5e736573,INFY,unique_current_nse_symbol,INFY,True,True,2013-01-01,2026-03-30,INE009A01021,INFOSYSTCH;INFY
ID_688184e7494f,MOHITIND,unique_current_nse_symbol,MOHITIND,False,True,2013-03-14,2026-03-30,INE954E01012,MOHITIND
ID_6885b891adbb,PARADEEP,unique_current_nse_symbol,PARADEEP,True,True,2022-05-27,2026-03-30,INE088F01024,PARADEEP
ID_688bab46dc10,BLUESTONE,unique_current_nse_symbol,BLUESTONE,False,True,2025-08-19,2026-03-30,INE304W01038,BLUESTONE
ID_688c5abae520,PANORAMA,unique_current_nse_symbol,PANORAMA,False,True,,,,PANORAMA
ID_689673ad9afd,ARIHANTACA,lexicographic_fallback,AAL,False,False,,,,AAL;ARIHANTACA
ID_689673ad9afd,ARIHANTACA,lexicographic_fallback,ARIHANTACA,False,False,,,,AAL;ARIHANTACA
ID_689d24905e67,NIF100IETF,latest_observed_symbol,ICCNX100,False,False,2013-08-27,2014-05-02,INF109KA1962,ICCNX100;ICICINF100;ICNX100;NIF100IETF;NIF100IWIN
ID_689d24905e67,NIF100IETF,latest_observed_symbol,ICICINF100,False,False,2018-04-10,2023-12-19,INF109KA1962,ICCNX100;ICICINF100;ICNX100;NIF100IETF;NIF100IWIN
ID_689d24905e67,NIF100IETF,latest_observed_symbol,ICNX100,False,False,2014-05-05,2016-07-22,INF109KA1962,ICCNX100;ICICINF100;ICNX100;NIF100IETF;NIF100IWIN
ID_689d24905e67,NIF100IETF,latest_observed_symbol,NIF100IETF,False,False,2023-12-20,2026-03-30,INF109KA1962;INF109KC16V9,ICCNX100;ICICINF100;ICNX100;NIF100IETF;NIF100IWIN
ID_689d24905e67,NIF100IETF,latest_observed_symbol,NIF100IWIN,False,False,2016-07-25,2018-04-09,INF109KA1962,ICCNX100;ICICINF100;ICNX100;NIF100IETF;NIF100IWIN
ID_68d09095687a,HAMPTON,unique_current_nse_symbol,HAMPTON,False,True,,,,HAMPTON
ID_68e115d5cf90,KEMROCK,latest_observed_symbol,KEMROCK,False,False,2013-03-01,2016-05-20,INE990B01012,KEMROCK
ID_68ef2b7be15c,MOLBIO,unique_current_nse_symbol,MOLBIO,False,True,,,,MOLBIO
ID_691ec160977c,MMFL,unique_current_nse_symbol,MMFL,False,True,2013-01-01,2026-03-30,INE227C01017,MMFL;MMFORGINGS
ID_691ec160977c,MMFL,unique_current_nse_symbol,MMFORGINGS,False,False,,,,MMFL;MMFORGINGS
ID_697b27b26bd5,INDIGO,unique_current_nse_symbol,INDIGO,True,True,2015-11-10,2026-03-30,INE646L01027,INDIGO
ID_6989f9a22e0e,PINELABS,unique_current_nse_symbol,PINELABS,True,True,2025-11-14,2026-03-30,INE15B701018,PINELABS
ID_69a9db726db5,ISHANCH,unique_current_nse_symbol,ISHANCH,False,True,2025-03-24,2026-03-30,INE561M01018,ISHANCH
ID_69d01c2020d6,SITASHREE,latest_observed_symbol,SITASHREE,False,False,2013-01-01,2018-03-16,INE686I01011,SITASHREE
ID_69db633442b5,ERAINFRA,latest_observed_symbol,ERACONS,False,False,,,,ERACONS;ERAINFRA
ID_69db633442b5,ERAINFRA,latest_observed_symbol,ERAINFRA,True,False,2013-01-01,2015-12-24,INE039E01020,ERACONS;ERAINFRA
ID_69f036e933cf,DUNCANSLTD,latest_observed_symbol,DUNCANSLTD,False,False,2013-07-19,2014-06-05,INE508A01022,DUNCANSLTD
ID_69f1df9edd5c,NILKAMAL,unique_current_nse_symbol,NILKAMAL,True,True,2013-01-01,2026-03-30,INE310A01015,NILKAMAL;NILKAMPLST
ID_69f1df9edd5c,NILKAMAL,unique_current_nse_symbol,NILKAMPLST,False,False,,,,NILKAMAL;NILKAMPLST
ID_69fc1c07a118,TAJGVK,unique_current_nse_symbol,TAJGVK,False,True,2013-01-01,2026-03-30,INE586B01026,TAJGVK
ID_6a01136b7ba9,LAXMICOT,unique_current_nse_symbol,LAXMICOT,False,True,2021-11-12,2026-02-16,INE801V01019,LAXMICOT
ID_6a01a4016e79,BIRLANU,unique_current_nse_symbol,BIRLANU,False,True,2025-04-09,2026-03-30,INE557A01011,BIRLANU;HIL;HYDRBADIND
ID_6a01a4016e79,BIRLANU,unique_current_nse_symbol,HIL,False,False,2013-01-01,2025-04-08,INE557A01011,BIRLANU;HIL;HYDRBADIND
ID_6a01a4016e79,BIRLANU,unique_current_nse_symbol,HYDRBADIND,False,False,,,,BIRLANU;HIL;HYDRBADIND
ID_6a30e6744deb,INCREDIBLE,unique_current_nse_symbol,ADHUNIKIND,False,False,2016-07-01,2021-05-19,INE452L01012,ADHUNIKIND;INCREDIBLE
ID_6a30e6744deb,INCREDIBLE,unique_current_nse_symbol,INCREDIBLE,False,True,2021-05-20,2026-03-30,INE452L01012,ADHUNIKIND;INCREDIBLE
ID_6a360bf98119,JGCHEM,unique_current_nse_symbol,JGCHEM,False,True,2024-03-13,2026-03-30,INE0MB501011,JGCHEM
ID_6a44196a6edd,RELMEDIA,latest_observed_symbol,ADLABSFILM,False,False,,,,ADLABSFILM;RELMEDIA
ID_6a44196a6edd,RELMEDIA,latest_observed_symbol,RELMEDIA,False,False,2013-03-01,2014-04-28,INE540B01015,ADLABSFILM;RELMEDIA
ID_6a483e0a52af,RMMIL,latest_observed_symbol,RMMIL,False,False,2013-01-01,2016-05-20,INE774I01031,RMMIL
ID_6a6aabdbd763,WEL,unique_current_nse_symbol,WEL,False,True,2023-01-04,2026-03-30,INE02WG01016;INE02WG01024,WEL;WFL
ID_6a6aabdbd763,WEL,unique_current_nse_symbol,WFL,False,False,2022-01-17,2023-01-03,INE02WG01016,WEL;WFL
ID_6a8834093cc8,LADDERUP,unique_current_nse_symbol,LADDERUP,False,True,,,,LADDERUP
ID_6a8d239c22ab,RISHABH,unique_current_nse_symbol,RISHABH,False,True,2023-09-11,2026-03-30,INE0N2P01017,RISHABH
ID_6a9bd1b056fc,ARDEE,unique_current_nse_symbol,ARDEE,False,True,,,,ARDEE
ID_6aa1c75502ba,MODIS,unique_current_nse_symbol,MODIS,False,True,2025-11-14,2026-03-30,INE0L0L01012,MODIS
ID_6ac67d45b5ed,CEINSYS,unique_current_nse_symbol,CEINSYS,False,True,2026-02-19,2026-03-30,INE016Q01014,CEINSYS
ID_6ad852553d70,KANORICHEM,unique_current_nse_symbol,KANORICHEM,False,True,2013-01-01,2026-03-30,INE138C01024,KANORICHEM
ID_6af1b7d9961f,PGIMBEQDD,lexicographic_fallback,DPRMBEQDD,False,False,,,,DPRMBEQDD;PGIMBEQDD
ID_6af1b7d9961f,PGIMBEQDD,lexicographic_fallback,PGIMBEQDD,False,False,,,,DPRMBEQDD;PGIMBEQDD
ID_6af1c1d8c059,LML,latest_observed_symbol,LML,False,False,2013-01-01,2018-05-14,INE862A01015,LML
ID_6b0b8669e2b6,CHEMBOND,unique_current_nse_symbol,CHEMBOND,False,True,2019-11-20,2026-03-30,INE995D01025,CHEMBOND
ID_6b11943bb8ad,GUJAPOLLO,unique_current_nse_symbol,GUJAPOLEQP,False,False,,,,GUJAPOLEQP;GUJAPOLIND;GUJAPOLLO
ID_6b11943bb8ad,GUJAPOLLO,unique_current_nse_symbol,GUJAPOLIND,False,False,,,,GUJAPOLEQP;GUJAPOLIND;GUJAPOLLO
ID_6b11943bb8ad,GUJAPOLLO,unique_current_nse_symbol,GUJAPOLLO,False,True,2013-01-01,2026-03-30,INE826C01016,GUJAPOLEQP;GUJAPOLIND;GUJAPOLLO
ID_6b22dd3d89e5,EMAMILTD,unique_current_nse_symbol,EMAMILTD,True,True,2013-01-01,2026-03-30,INE548C01032,EMAMILTD
ID_6b2dd7a54d23,GUJRAFFIA,unique_current_nse_symbol,GUJRAFFIA,False,True,2024-04-29,2026-03-30,INE610B01024,GUJRAFFIA
ID_6b50642ae7fd,BTTL,unique_current_nse_symbol,BTTL,False,True,,,,BTTL
ID_6b5db44bb734,CREDITACC,unique_current_nse_symbol,CREDITACC,True,True,2018-08-23,2026-03-30,INE741K01010,CREDITACC
ID_6b62b1dfcf0e,PLATIND,unique_current_nse_symbol,PLATIND,False,True,2024-03-20,2026-03-30,INE0PT501018,PLATIND
ID_6b675c0e3ff3,KSR,unique_current_nse_symbol,KSR,False,True,2025-12-11,2026-01-07,INE1SPP01016,KSR
ID_6b8f8511dfbc,RDAXDDDG,lexicographic_fallback,NDAXDDDG,False,False,,,,NDAXDDDG;RDAXDDDG
ID_6b8f8511dfbc,RDAXDDDG,lexicographic_fallback,RDAXDDDG,False,False,,,,NDAXDDDG;RDAXDDDG
ID_6b91e4c776a8,PRITI,unique_current_nse_symbol,PRITI,False,True,2022-03-02,2026-03-30,INE974Z01015,PRITI
ID_6b92c0763869,TARMAT,unique_current_nse_symbol,ROMAN,False,False,,,,ROMAN;TARMAT
ID_6b92c0763869,TARMAT,unique_current_nse_symbol,TARMAT,False,True,2013-01-01,2026-03-05,INE924H01018,ROMAN;TARMAT
ID_6bd0b2047e78,MOLDTKPAC,unique_current_nse_symbol,MOLDTKPAC,False,True,2015-02-23,2026-03-30,INE893J01011;INE893J01029,MOLDTKPAC
ID_6bd1b81c40bb,MUTHOOTCAP,unique_current_nse_symbol,MUTHOOTCAP,False,True,2015-08-24,2026-03-30,INE296G01013,MUTHOOTCAP
ID_6bd4ac7119bc,LTFMPS6FD,lexicographic_fallback,FIFMPS6FD,False,False,,,,FIFMPS6FD;LTFMPS6FD
ID_6bd4ac7119bc,LTFMPS6FD,lexicographic_fallback,LTFMPS6FD,False,False,,,,FIFMPS6FD;LTFMPS6FD
ID_6be0cf55cbed,JINDALPOLY,unique_current_nse_symbol,JINDALPOLY,True,True,2013-01-01,2026-03-30,INE197D01010,JINDALPOLY
ID_6bfa23c7d1f8,RUCHIRA,unique_current_nse_symbol,RUCHIRA,False,True,2013-01-01,2026-03-30,INE803H01014,RUCHIRA
ID_6c0405b4420d,JD20G,lexicographic_fallback,ED20G,False,False,,,,ED20G;JD20G
ID_6c0405b4420d,JD20G,lexicographic_fallback,JD20G,False,False,,,,ED20G;JD20G
ID_6c1f56cb7263,RDAXIEDDG,lexicographic_fallback,NDAXIEDDG,False,False,,,,NDAXIEDDG;RDAXIEDDG
ID_6c1f56cb7263,RDAXIEDDG,lexicographic_fallback,RDAXIEDDG,False,False,,,,NDAXIEDDG;RDAXIEDDG
ID_6c3979b274d9,LIQUID,latest_observed_symbol,LIQUID,False,False,2023-07-31,2026-03-30,INF769K01KS1,LIQUID
ID_6c4260ec108b,EASEMYTRIP,unique_current_nse_symbol,EASEMYTRIP,True,True,2021-03-19,2026-03-30,INE07O001018;INE07O001026,EASEMYTRIP
ID_6c4e2fbd8fd5,INTERNET,latest_observed_symbol,INTERNET,False,False,2025-07-08,2026-03-30,INF769K01PB6,INTERNET
ID_6c57b963b702,RELIABLE,unique_current_nse_symbol,RELIABLE,False,True,2024-07-10,2026-03-30,INE375Y01018,RELIABLE
ID_6c5eb2df9175,MENONBE,unique_current_nse_symbol,MENONBE,False,True,2015-03-09,2026-03-30,INE071D01025;INE071D01033,MENONBE
ID_6c62fb7313eb,LT,unique_current_nse_symbol,LT,True,True,2013-01-01,2026-03-30,INE018A01030,LT
ID_6c7c315f0796,ACSTECH,unique_current_nse_symbol,ACSTECH,False,True,,,,ACSTECH
ID_6c8a4b26617e,PGIMABGPG,lexicographic_fallback,DPRMABGP,False,False,,,,DPRMABGP;PGIMABGPG
ID_6c8a4b26617e,PGIMABGPG,lexicographic_fallback,PGIMABGPG,False,False,,,,DPRMABGP;PGIMABGPG
ID_6c8b750c12e8,TIMETECHNO,unique_current_nse_symbol,TIMETECHNO,True,True,2013-01-01,2026-03-30,INE508G01029,TIMETECHNO
ID_6c9521454e43,SILVERBEES,latest_observed_symbol,NETFSILVER,False,False,2022-02-07,2022-05-09,INF204KC1402,NETFSILVER;SILVERBEES
ID_6c9521454e43,SILVERBEES,latest_observed_symbol,SILVERBEES,False,False,2022-05-10,2026-03-30,INF204KC1402,NETFSILVER;SILVERBEES
ID_6c9dcafa510d,IFBIND,unique_current_nse_symbol,IFBIND,True,True,2013-01-01,2026-03-30,INE559A01017,IFBIND
ID_6ca9e78a5355,CKFSL,latest_observed_symbol,CKFSL,False,False,2019-04-30,2020-02-20,INE391Z01012,CKFSL
ID_6cacf94e827c,SONATSOFTW,unique_current_nse_symbol,SONATSOFTW,True,True,2013-01-01,2026-03-30,INE269A01021,SONATSOFTW
ID_6cfbcd88b210,ADANIENT,unique_current_nse_symbol,ADANIENT,True,True,2013-01-01,2026-03-30,INE423A01024,ADANIENT;ADANIEXPO
ID_6cfbcd88b210,ADANIENT,unique_current_nse_symbol,ADANIEXPO,False,False,,,,ADANIENT;ADANIEXPO
ID_6d058f76f021,SINGERIND,unique_current_nse_symbol,SINGERIND,False,True,2026-03-19,2026-03-30,INE638A01035,SINGERIND
ID_6d6ccabada59,SENSEXIETF,latest_observed_symbol,ICICISENSX,False,False,2018-04-10,2023-12-19,INF346A01034,ICICISENSX;ISENSEX;SENSEXIETF;SENSEXIWIN;SPICE
ID_6d6ccabada59,SENSEXIETF,latest_observed_symbol,ISENSEX,False,False,2014-08-18,2016-07-20,INF346A01034,ICICISENSX;ISENSEX;SENSEXIETF;SENSEXIWIN;SPICE
ID_6d6ccabada59,SENSEXIETF,latest_observed_symbol,SENSEXIETF,False,False,2023-12-20,2026-03-30,INF346A01034,ICICISENSX;ISENSEX;SENSEXIETF;SENSEXIWIN;SPICE
ID_6d6ccabada59,SENSEXIETF,latest_observed_symbol,SENSEXIWIN,False,False,2016-07-25,2018-04-09,INF346A01034,ICICISENSX;ISENSEX;SENSEXIETF;SENSEXIWIN;SPICE
ID_6d6ccabada59,SENSEXIETF,latest_observed_symbol,SPICE,False,False,2014-07-30,2014-08-12,INF346A01034,ICICISENSX;ISENSEX;SENSEXIETF;SENSEXIWIN;SPICE
ID_6d7c796433ed,KCPSUGIND,unique_current_nse_symbol,KCPSUGIND,False,True,2013-01-01,2026-03-30,INE790B01024,KCPSUGIND
ID_6d81b715d3f2,SWISSMLTRY,unique_current_nse_symbol,SWISSMLTRY,False,True,,,,SWISSMLTRY
ID_6d97d76ae3dc,KITPLYIND,latest_observed_symbol,KITPLYIND,False,False,2013-01-01,2013-06-20,INE147B01019,KITPLYIND
ID_6db2e53d9466,ZENITHINFO,latest_observed_symbol,ZENITHINFO,False,False,2013-01-01,2014-11-20,INE899A01017,ZENITHINFO
ID_6de851d628ab,PERMAGN,unique_current_nse_symbol,PERMAGN,False,True,,,,PERMAGN
ID_6dff5ea7a180,PETRONET,unique_current_nse_symbol,PETRONET,True,True,2013-01-01,2026-03-30,INE347G01014,PETRONET
ID_6e0d0a860ddb,CASHIETF,latest_observed_symbol,CASHIETF,False,False,2025-03-19,2026-03-30,INF109K1A021,CASHIETF
ID_6e4738caed3a,BATLIBOI,unique_current_nse_symbol,BATLIBOI,False,True,,,,BATLIBOI
ID_6e67e0ff29f5,XELPMOC,unique_current_nse_symbol,XELPMOC,False,True,2019-02-18,2026-03-30,INE01P501012,XELPMOC
ID_6e760db62235,GARDENSILK,latest_observed_symbol,GARDENSILK,False,False,2013-01-01,2021-01-25,INE526A01016,GARDENSILK
ID_6e856c0118d3,MANGALAM,unique_current_nse_symbol,MANGALAM,False,True,2013-03-01,2026-03-05,INE584F01014,MANGALAM
ID_6e9144878ab6,AUTOBEES,latest_observed_symbol,AUTOBEES,False,False,2022-05-10,2026-03-30,INF204KC1337,AUTOBEES;NETFAUTO
ID_6e9144878ab6,AUTOBEES,latest_observed_symbol,NETFAUTO,False,False,2022-01-25,2022-05-09,INF204KC1337,AUTOBEES;NETFAUTO
ID_6eb064b6ae11,ORISSAMINE,unique_current_nse_symbol,ORISSAMINE,True,True,2013-01-01,2026-03-30,INE725E01024,ORISSAMINE
ID_6eb7747f0478,EXIDEIND,unique_current_nse_symbol,CHLORIDIND,False,False,,,,CHLORIDIND;EXIDEIND
ID_6eb7747f0478,EXIDEIND,unique_current_nse_symbol,EXIDEIND,True,True,2013-01-01,2026-03-30,INE302A01020,CHLORIDIND;EXIDEIND
ID_6ec677820923,SOMANYCERA,unique_current_nse_symbol,SOMANYCERA,True,True,2013-03-01,2026-03-30,INE355A01028,SOMANYCERA;SPLLTD
ID_6ec677820923,SOMANYCERA,unique_current_nse_symbol,SPLLTD,False,False,,,,SOMANYCERA;SPLLTD
ID_6ed13fe35db1,PANCHMAHQ,unique_current_nse_symbol,PANCHMAHQ,False,True,,,,PANCHMAHQ
ID_6ede434da552,MADRASFERT,unique_current_nse_symbol,MADRASFERT,False,True,2013-01-01,2026-03-30,INE414A01015,MADRASFERT
ID_6eea1b7380e6,CCAVENUE,unique_current_nse_symbol,CCAVENUE,False,True,2026-02-03,2026-03-30,INE483S01020,CCAVENUE;INFIBEAM
ID_6eea1b7380e6,CCAVENUE,unique_current_nse_symbol,INFIBEAM,True,False,2016-04-04,2026-02-02,INE483S01012;INE483S01020,CCAVENUE;INFIBEAM
ID_6f10d1894eb8,TEMBO,unique_current_nse_symbol,SAKETH,False,False,,,,SAKETH;TEMBO
ID_6f10d1894eb8,TEMBO,unique_current_nse_symbol,TEMBO,False,True,2021-04-23,2026-03-30,INE869Y01010,SAKETH;TEMBO
ID_6f118d7e8148,KEEPLEARN,unique_current_nse_symbol,KEEPLEARN,False,True,2024-03-18,2026-03-30,INE055C01020,KEEPLEARN
ID_6f25526ecf92,3BBLACKBIO,unique_current_nse_symbol,3BBLACKBIO,False,True,,,,3BBLACKBIO
ID_6f2dde50b5b4,DEEDEV,unique_current_nse_symbol,DEEDEV,False,True,2024-06-26,2026-03-30,INE841L01016,DEEDEV
ID_6f36f9a56539,SAFARI,unique_current_nse_symbol,SAFARI,True,True,2019-09-12,2026-03-30,INE429E01023,SAFARI
ID_6f3eb3e37c8f,EIHOTEL,unique_current_nse_symbol,EIHOTEL,True,True,2013-01-01,2026-03-30,INE230A01023,EIHOTEL
ID_6f46eddef2dc,WPIL,unique_current_nse_symbol,WPIL,False,True,,,,WPIL
ID_6f4765a77415,SPORTKING,unique_current_nse_symbol,SPORTKING,False,True,2022-08-24,2026-03-30,INE885H01011;INE885H01029,SPORTKING
ID_6f562d6a43d2,RVNL,unique_current_nse_symbol,RVNL,True,True,2019-04-11,2026-03-30,INE415G01027,RVNL
ID_6f8dc4e68847,NKIND,unique_current_nse_symbol,NKIND,False,True,2016-07-04,2026-03-30,INE542C01019,NKIND
ID_6f922bc7d58e,SHILGRAVQ,unique_current_nse_symbol,SHILGRAVQ,False,True,,,,SHILGRAVQ
ID_6f9338f103f8,MSL,unique_current_nse_symbol,MSL,False,True,,,,MSL
ID_6f97f0ffc6a8,VIJAYA,unique_current_nse_symbol,VIJAYA,True,True,2021-09-14,2026-03-30,INE043W01024,VIJAYA
ID_6f99f4709ef2,SUNDROP,unique_current_nse_symbol,ATFL,False,False,2013-01-01,2025-03-27,INE209A01019,ATFL;ITCAGRO;SUNDROP
ID_6f99f4709ef2,SUNDROP,unique_current_nse_symbol,ITCAGRO,False,False,,,,ATFL;ITCAGRO;SUNDROP
ID_6f99f4709ef2,SUNDROP,unique_current_nse_symbol,SUNDROP,False,True,2025-03-28,2026-03-30,INE209A01019,ATFL;ITCAGRO;SUNDROP
ID_6fb103c64950,EASUNREYRL,latest_observed_symbol,EASUNREYRL,False,False,2013-01-01,2019-09-23,INE268C01029,EASUNREYRL
ID_6fb750606db2,SAKSOFT,unique_current_nse_symbol,SAKSOFT,False,True,2013-01-01,2026-03-30,INE667G01015;INE667G01023,SAKSOFT
ID_6fe2680431fb,SIMPLXREA,unique_current_nse_symbol,SIMPLXREA,False,True,,,,SIMPLXREA
ID_6ff28d50487c,UNIPARTS,unique_current_nse_symbol,UNIPARTS,False,True,2022-12-12,2026-03-30,INE244O01017,UNIPARTS
ID_6ff2c659fd33,HINDCOPPER,unique_current_nse_symbol,HINDCOPPER,True,True,2013-01-01,2026-03-30,INE531E01026,HINDCOPPER
ID_6ffb7acbd452,VADILENT,unique_current_nse_symbol,VADILENT,False,True,,,,VADILENT
ID_701625af0e81,ITCHOTELS,unique_current_nse_symbol,ITCHOTELS,True,True,2025-02-11,2026-03-30,INE379A01028,ITCHOTELS
ID_703486804923,RASOYPR,latest_observed_symbol,RASOYPR,True,False,2013-03-01,2017-08-07,INE904G01020;INE904G01038,RASOYPR
ID_7038494a7448,PGIMATQDD,lexicographic_fallback,DPRMATQDD,False,False,,,,DPRMATQDD;PGIMATQDD
ID_7038494a7448,PGIMATQDD,lexicographic_fallback,PGIMATQDD,False,False,,,,DPRMATQDD;PGIMATQDD
ID_7042ada060c4,GREENPLY,unique_current_nse_symbol,GREENPLY,True,True,2013-01-01,2026-03-30,INE461C01020;INE461C01038,GREENPLY;MITTALLAMI
ID_7042ada060c4,GREENPLY,unique_current_nse_symbol,MITTALLAMI,False,False,,,,GREENPLY;MITTALLAMI
ID_7043cd05f501,NIRLON,unique_current_nse_symbol,NIRLON,False,True,,,,NIRLON
ID_706e3f8f6744,KNACK,unique_current_nse_symbol,KNACK,False,True,,,,KNACK
ID_706fbbfcc4c9,KSHITIJPOL,unique_current_nse_symbol,KSHITIJPOL,False,True,2022-07-27,2026-02-23,INE013801019;INE013801027,KSHITIJPOL
ID_7074cab60a1f,TI,unique_current_nse_symbol,TI,True,True,2013-01-01,2026-03-30,INE133E01013,TI
ID_7077608ce7b8,CIPLA,unique_current_nse_symbol,CIPLA,True,True,2013-01-01,2026-03-30,INE059A01026,CIPLA
ID_7079beddc9ab,ORBTEXP,unique_current_nse_symbol,ORBTEXP,False,True,2013-11-05,2026-03-30,INE231G01010,ORBTEXP
ID_707b5aef1cd2,TOP100CASE,latest_observed_symbol,TOP100CASE,False,False,2024-06-19,2026-03-30,INF0R8F01067,TOP100CASE
ID_70a37effdcd8,CMPDI,unique_current_nse_symbol,CMPDI,False,True,2026-03-30,2026-03-30,INE05HV01027,CMPDI
ID_70a740868c51,SMALL250,latest_observed_symbol,SMALL250,False,False,2025-11-13,2026-03-30,INF769K01PQ4,SMALL250
ID_70a9c11e1b3a,SYMBIOTEC,unique_current_nse_symbol,SYMBIOTEC,False,True,,,,SYMBIOTEC
ID_70b67ac674ed,GRINFRA,unique_current_nse_symbol,GRINFRA,True,True,2021-07-19,2026-03-30,INE201P01022,GRINFRA
ID_70c16e428ea7,ASIANENE,unique_current_nse_symbol,ASIANENE,False,True,2021-12-09,2026-03-30,INE276G01015,ASIANENE
ID_70eb9bf3d589,JAYKAY,unique_current_nse_symbol,JAYKAY,False,True,2025-12-03,2026-03-30,INE903A01025,JAYKAY
ID_71527fbdeba7,SUNPHARMA,unique_current_nse_symbol,SUNPHARMA,True,True,2013-01-01,2026-03-30,INE044A01036,SUNPHARMA
ID_71548e61643a,KSOILS,latest_observed_symbol,KSOILS,False,False,2013-01-01,2013-06-20,INE727D01022,KSOILS
ID_715db2518814,UFBL,unique_current_nse_symbol,BARBEQUE,False,False,2021-04-07,2025-10-10,INE382M01027,BARBEQUE;UFBL
ID_715db2518814,UFBL,unique_current_nse_symbol,UFBL,False,True,2025-10-13,2026-03-30,INE382M01027,BARBEQUE;UFBL
ID_718c07e3bb7c,PARABDRUGS,latest_observed_symbol,PARABDRUGS,False,False,2013-01-01,2018-09-21,INE618H01016,PARABDRUGS
ID_718da338c4d4,SAYAJIIND,unique_current_nse_symbol,SAYAJIIND,False,True,,,,SAYAJIIND
ID_71ba3694dab9,PIDILITIND,unique_current_nse_symbol,PIDILITIND,True,True,2013-01-01,2026-03-30,INE318A01026,PIDILITIND
ID_71c3fb657d4f,SONACOMS,unique_current_nse_symbol,SONACOMS,True,True,2021-06-24,2026-03-30,INE073K01018,SONACOMS
ID_71cb25f69e77,TARC,unique_current_nse_symbol,TARC,False,True,2021-01-04,2026-03-30,INE0EK901012,TARC
ID_71d97a134eef,CIGNITITEC,latest_observed_symbol,CIGNITITEC,False,False,2014-10-13,2026-03-30,INE675C01017,CIGNITITEC
ID_7208a7d75eed,ABMINTLTD,latest_observed_symbol,ABMINTLTD,False,False,2019-01-22,2021-07-26,INE251C01017,ABMINTLTD
ID_720be8968c8c,WINSOMEDJ,latest_observed_symbol,SURAJDIAMN,False,False,,,,SURAJDIAMN;WINSOMEDJ
ID_720be8968c8c,WINSOMEDJ,latest_observed_symbol,WINSOMEDJ,False,False,2013-01-01,2015-03-23,INE664A01015,SURAJDIAMN;WINSOMEDJ
ID_721ace7d8f50,SHARONBIO,latest_observed_symbol,SHARONBIO,False,False,2013-01-01,2017-09-13,INE028B01011;INE028B01029,SHARONBIO
ID_721b0769ad6d,SULA,unique_current_nse_symbol,SULA,False,True,2022-12-22,2026-03-30,INE142Q01026,SULA
ID_7237863739df,PGIMBADPD,lexicographic_fallback,DPRMBADPD,False,False,,,,DPRMBADPD;PGIMBADPD
ID_7237863739df,PGIMBADPD,lexicographic_fallback,PGIMBADPD,False,False,,,,DPRMBADPD;PGIMBADPD
ID_7256e1a138f1,TIPSFILMS,unique_current_nse_symbol,TIPSFILMS,False,True,2022-10-20,2026-03-30,INE0LQS01015,TIPSFILMS
ID_7291a1a5d510,GROWWCHEM,latest_observed_symbol,GROWWCHEM,False,False,2026-01-16,2026-03-30,INF666M01NP5,GROWWCHEM
ID_729b4af16b17,DHANUS,latest_observed_symbol,DHANUS,False,False,2013-01-01,2013-07-18,INE406H01016,DHANUS
ID_72a56a00f96d,OMAXAUTO,unique_current_nse_symbol,OMAXAUTO,False,True,2013-01-01,2026-03-30,INE090B01011,OMAXAUTO
ID_72a8300929d8,VAL30IETF,latest_observed_symbol,VAL30IETF,False,False,2024-10-22,2026-03-30,INF109KC16X5,VAL30IETF
ID_72b560577bc0,OBEROIRLTY,unique_current_nse_symbol,OBEROIREAL,False,False,,,,OBEROIREAL;OBEROIRLTY
ID_72b560577bc0,OBEROIRLTY,unique_current_nse_symbol,OBEROIRLTY,True,True,2013-01-01,2026-03-30,INE093I01010,OBEROIREAL;OBEROIRLTY
ID_72b6bba4ed5e,ELIN,unique_current_nse_symbol,ELIN,False,True,2022-12-30,2026-03-30,INE050401020,ELIN
ID_72e3b9f82b35,MUKKA,unique_current_nse_symbol,MUKKA,False,True,2024-03-22,2026-03-30,INE0CG401037,MUKKA
ID_72e92f712229,CMRGREEN,unique_current_nse_symbol,CMRGREEN,False,True,,,,CMRGREEN
ID_72fbd31c90cb,AQYLON,unique_current_nse_symbol,AQYLON,False,True,2026-02-23,2026-03-30,INE416A01044;INE416A01051,AQYLON;SABTNL
ID_72fbd31c90cb,AQYLON,unique_current_nse_symbol,SABTNL,False,False,2024-04-18,2025-12-11,INE416A01044,AQYLON;SABTNL
ID_730eb3147414,SHALPAINTS,unique_current_nse_symbol,SHALMPAINT,False,False,,,,SHALMPAINT;SHALPAINTS
ID_730eb3147414,SHALPAINTS,unique_current_nse_symbol,SHALPAINTS,False,True,2013-01-01,2026-03-30,INE849C01026,SHALMPAINT;SHALPAINTS
ID_730fc03710e9,ADHUNIK,latest_observed_symbol,ADHUNIK,False,False,2013-01-01,2019-08-22,INE400H01019,ADHUNIK
ID_73220722dcea,PENPEBS,latest_observed_symbol,PENPEBS,False,False,2015-09-28,2019-06-06,INE455O01019,PENPEBS
ID_733ac2b77f12,PGIMAQD2D,lexicographic_fallback,DPRMAQD2D,False,False,,,,DPRMAQD2D;PGIMAQD2D
ID_733ac2b77f12,PGIMAQD2D,lexicographic_fallback,PGIMAQD2D,False,False,,,,DPRMAQD2D;PGIMAQD2D
ID_733d4dd88ea6,PIXTRANS,unique_current_nse_symbol,PIXTRANS,False,True,2022-04-28,2026-03-30,INE751B01018,PIXTRANS
ID_734545f01664,AMDIND,unique_current_nse_symbol,AMDIND,False,True,2013-01-01,2026-03-30,INE005I01014,AMDIND;AMDMET
ID_734545f01664,AMDIND,unique_current_nse_symbol,AMDMET,False,False,,,,AMDIND;AMDMET
ID_7358cb4e5f7a,RDAXADDD,lexicographic_fallback,NDAXADDD,False,False,,,,NDAXADDD;RDAXADDD
ID_7358cb4e5f7a,RDAXADDD,lexicographic_fallback,RDAXADDD,False,False,,,,NDAXADDD;RDAXADDD
ID_735966a522c2,UNICHEMLAB,unique_current_nse_symbol,UNICHEMLAB,True,True,2013-01-01,2026-03-30,INE351A01035,UNICHEMLAB
ID_7375f01d05c9,RDAFTFVCD,lexicographic_fallback,NDAFTFVCD,False,False,,,,NDAFTFVCD;RDAFTFVCD
ID_7375f01d05c9,RDAFTFVCD,lexicographic_fallback,RDAFTFVCD,False,False,,,,NDAFTFVCD;RDAFTFVCD
ID_73775a59948e,REPL,unique_current_nse_symbol,REPL,False,True,2020-12-14,2026-03-30,INE364Z01019,REPL
ID_73b680eda0ae,KEYFINSERV,unique_current_nse_symbol,KEYCORPSER,False,False,2013-01-01,2019-04-30,INE681C01015,KEYCORPSER;KEYFINSERV
ID_73b680eda0ae,KEYFINSERV,unique_current_nse_symbol,KEYFINSERV,False,True,2019-05-03,2026-03-30,INE681C01015,KEYCORPSER;KEYFINSERV
ID_73c173e0a472,SURANAT&P,unique_current_nse_symbol,SURANAT&P,False,True,2013-01-01,2026-03-30,INE130B01023;INE130B01031,SURANAT&P;SURANATELE
ID_73c173e0a472,SURANAT&P,unique_current_nse_symbol,SURANATELE,False,False,,,,SURANAT&P;SURANATELE
ID_73ee0c7124c1,SAMBHAAV,unique_current_nse_symbol,PERLENGINF,False,False,,,,PERLENGINF;SAMBHAAV
ID_73ee0c7124c1,SAMBHAAV,unique_current_nse_symbol,SAMBHAAV,False,True,2013-03-01,2026-03-30,INE699B01027,PERLENGINF;SAMBHAAV
ID_73f83fdfe7e0,GOACARBON,unique_current_nse_symbol,GOACARBON,False,True,2013-01-01,2026-03-30,INE426D01013,GOACARBON
ID_74187da37632,NEXT30ADD,latest_observed_symbol,NEXT30ADD,False,False,2025-02-05,2026-03-30,INF740KA1VE5,NEXT30ADD
ID_741fded03720,MAHABANK,unique_current_nse_symbol,MAHABANK,True,True,2013-01-01,2026-03-30,INE457A01014,MAHABANK
ID_74224714f860,AVROIND,unique_current_nse_symbol,AVONMPL,False,False,,,,AVONMPL;AVROIND
ID_74224714f860,AVROIND,unique_current_nse_symbol,AVROIND,False,True,2022-04-07,2026-03-30,INE652Z01017,AVONMPL;AVROIND
ID_74534d9a39ad,GUJSIDHCEM,latest_observed_symbol,GUJSIDHCEM,False,False,2013-01-01,2013-02-21,INE542A01013,GUJSIDHCEM
ID_745a039708a6,IVP,unique_current_nse_symbol,IVP,False,True,2013-01-02,2026-03-30,INE043C01018,IVP
ID_7483ae52a4f9,KAYNES,unique_current_nse_symbol,KAYNES,True,True,2022-11-22,2026-03-30,INE918Z01012,KAYNES
ID_74a1a6c87adf,VAKRANGEE,unique_current_nse_symbol,VAKRANGEE,True,True,2013-11-27,2026-03-30,INE051B01021,VAKRANGEE;VAKRANSOFT
ID_74a1a6c87adf,VAKRANGEE,unique_current_nse_symbol,VAKRANSOFT,False,False,2013-01-01,2013-11-26,INE051B01021,VAKRANGEE;VAKRANSOFT
ID_74d41596c6b0,UBHOLDINGS,latest_observed_symbol,UBHOLDINGS,True,False,2013-01-01,2017-05-19,INE696A01025,UBHOLDINGS
ID_74d5943d4251,UDS,unique_current_nse_symbol,UDS,False,True,2023-10-04,2026-03-30,INE851I01011,UDS
ID_74dae29c086d,JSWINFRA,unique_current_nse_symbol,JSWINFRA,True,True,2023-10-03,2026-03-30,INE880J01026,JSWINFRA
ID_74e2202c93c3,ZFCVINDIA,unique_current_nse_symbol,WABCO-TVS,False,False,,,,WABCO-TVS;WABCOINDIA;ZFCVINDIA
ID_74e2202c93c3,ZFCVINDIA,unique_current_nse_symbol,WABCOINDIA,False,False,2013-01-01,2022-03-31,INE342J01019,WABCO-TVS;WABCOINDIA;ZFCVINDIA
ID_74e2202c93c3,ZFCVINDIA,unique_current_nse_symbol,ZFCVINDIA,True,True,2022-04-01,2026-03-30,INE342J01019,WABCO-TVS;WABCOINDIA;ZFCVINDIA
ID_74e6d1319a7f,PRAKASH,unique_current_nse_symbol,PRAKASH,False,True,2013-01-01,2026-03-30,INE603A01013,PRAKASH
ID_750c705030c0,DNAMEDIA,unique_current_nse_symbol,DNAMEDIA,False,True,2017-12-26,2026-03-30,INE016M01021,DNAMEDIA
ID_753b4f82c09a,WANBURY,unique_current_nse_symbol,WANBURY,False,True,2013-01-01,2026-02-25,INE107F01022,WANBURY
ID_753f2a8c5c90,NATIONALUM,unique_current_nse_symbol,NATIONALUM,True,True,2013-01-01,2026-03-30,INE139A01034,NATIONALUM
ID_754919afc77a,MACPOWER,unique_current_nse_symbol,MACPOWER,False,True,2020-08-19,2026-03-30,INE155Z01011,MACPOWER
ID_754b93eb9f05,CHESLINTEX,latest_observed_symbol,CHESLINTEX,False,False,2013-03-01,2015-05-20,INE217C01018,CHESLINTEX
ID_755437f3137c,POLYMED,unique_current_nse_symbol,POLYMED,True,True,2013-01-01,2026-03-30,INE205C01013;INE205C01021,POLYMED
ID_75627d4160af,BHAGYNAGAR,latest_observed_symbol,BAGYAMETAL,False,False,,,,BAGYAMETAL;BHAGYNAGAR
ID_75627d4160af,BHAGYNAGAR,latest_observed_symbol,BHAGYNAGAR,False,False,2013-01-01,2017-03-09,INE458B01028,BAGYAMETAL;BHAGYNAGAR
ID_75661a8fc498,CROMPTON,unique_current_nse_symbol,CROMPTON,True,True,2016-05-27,2026-03-30,INE299U01018,CROMPTON
ID_756b09b6a86d,PRADPME,unique_current_nse_symbol,PRADPME,False,True,,,,PRADPME
ID_75773654ff0b,SOUISPAT,latest_observed_symbol,SOUISPAT,False,False,2013-06-14,2015-01-29,INE943B01011;INE943B01029,SOUISPAT
ID_757eb3983382,MSTCLTD,unique_current_nse_symbol,MSTCLTD,False,True,2019-04-12,2026-03-30,INE255X01014,MSTCLTD
ID_758539d934fc,PGIMBEDPD,lexicographic_fallback,DPRMBEDPD,False,False,,,,DPRMBEDPD;PGIMBEDPD
ID_758539d934fc,PGIMBEDPD,lexicographic_fallback,PGIMBEDPD,False,False,,,,DPRMBEDPD;PGIMBEDPD
ID_75856eac9622,MOINFRA,latest_observed_symbol,MOINFRA,False,False,2025-05-21,2026-03-30,INF247L01FL1,MOINFRA
ID_7587f7ea6056,INOXGREEN,unique_current_nse_symbol,INOXGREEN,False,True,2022-11-23,2026-03-30,INE510W01014,INOXGREEN
ID_758d58fcffff,ADANIPORTS,unique_current_nse_symbol,ADANIPORTS,True,True,2013-01-01,2026-03-30,INE742F01042,ADANIPORTS;MUNDRAPORT
ID_758d58fcffff,ADANIPORTS,unique_current_nse_symbol,MUNDRAPORT,False,False,,,,ADANIPORTS;MUNDRAPORT
ID_759731234a0b,CANHLIFE,unique_current_nse_symbol,CANHLIFE,True,True,2025-10-17,2026-03-30,INE01TY01017,CANHLIFE
ID_75979d633e28,TIMEX,unique_current_nse_symbol,TIMEX,False,True,,,,TIMEX
ID_75c51c27fd36,JAYNECOIND,unique_current_nse_symbol,JAYNECOIND,False,True,2013-01-01,2026-03-30,INE854B01010,JAYNECOIND;NAGPURENG
ID_75c51c27fd36,JAYNECOIND,unique_current_nse_symbol,NAGPURENG,False,False,,,,JAYNECOIND;NAGPURENG
ID_75ca67978afc,THAKDEV,unique_current_nse_symbol,THAKDEV,False,True,,,,THAKDEV
ID_75d03e50ad1c,PGIMRAD1G,lexicographic_fallback,DPRMARD1G,False,False,,,,DPRMARD1G;PGIMRAD1G
ID_75d03e50ad1c,PGIMRAD1G,lexicographic_fallback,PGIMRAD1G,False,False,,,,DPRMARD1G;PGIMRAD1G
ID_75e0a9a57121,NIFTYBETA,latest_observed_symbol,NIFTYBETA,False,False,2025-12-24,2026-03-30,INF789F1AZC0,NIFTYBETA;UTINIFTETF
ID_75e0a9a57121,NIFTYBETA,latest_observed_symbol,UTINIFTETF,False,False,2015-09-03,2025-12-23,INF789F1AZC0;INF789FB1X41,NIFTYBETA;UTINIFTETF
ID_760e968b19ab,NEPCMICON,latest_observed_symbol,NEPCMICON,False,False,2013-01-01,2014-06-12,INE588A01016,NEPCMICON
ID_76763c15d33c,HSBCGOLD,latest_observed_symbol,HSBCGOLD,False,False,2026-03-27,2026-03-30,INF336L01RX2,HSBCGOLD
ID_76892178b436,CTE,unique_current_nse_symbol,CTE,False,True,2013-01-01,2026-03-30,INE627H01017,CTE
ID_7690b7ccb987,CORONA,unique_current_nse_symbol,CORONA,False,True,2025-12-15,2026-03-30,INE02ZQ01018,CORONA
ID_76a48405ae15,SHYAMTEL,unique_current_nse_symbol,SHYAMTEL,False,True,2013-01-01,2026-03-30,INE635A01023,SHYAMTEL
ID_76b13c09f3c9,UJJIVAN,latest_observed_symbol,UJJIVAN,True,False,2016-05-10,2024-05-02,INE334L01012,UJJIVAN
ID_76bd94ec800e,SAMINDUS,latest_observed_symbol,SAMINDUS,False,False,2013-02-26,2014-12-09,INE653D01012,SAMINDUS
ID_76be61e84d56,PEL,latest_observed_symbol,NICOLASPIR,False,False,,,,NICOLASPIR;PEL;PIRHEALTH
ID_76be61e84d56,PEL,latest_observed_symbol,PEL,True,False,2013-01-01,2025-09-22,INE140A01024,NICOLASPIR;PEL;PIRHEALTH
ID_76be61e84d56,PEL,latest_observed_symbol,PIRHEALTH,False,False,,,,NICOLASPIR;PEL;PIRHEALTH
ID_76dabfc9b191,HGM,unique_current_nse_symbol,HGM,False,True,2025-12-02,2026-03-30,INE596H01014,HGM;HOVS
ID_76dabfc9b191,HGM,unique_current_nse_symbol,HOVS,False,False,2013-01-01,2025-06-12,INE596H01014,HGM;HOVS
ID_76e30ac2560e,TERASOFT,unique_current_nse_symbol,TERASOFT,False,True,2016-12-29,2026-03-30,INE482B01010,TERASOFT
ID_770d3e8a6639,CRISIL,unique_current_nse_symbol,CRISIL,True,True,2013-01-01,2026-03-30,INE007A01025,CRISIL
ID_772b6db9a5dc,SETCO,unique_current_nse_symbol,SETCO,False,True,2016-07-01,2026-03-30,INE878E01021,SETCO
ID_777d8aa0be64,UNITECH,unique_current_nse_symbol,UNITECH,True,True,2013-01-01,2026-03-30,INE694A01020,UNITECH
ID_777f9d23fdf0,RDAIXEDDD,lexicographic_fallback,NDAIXEDDD,False,False,,,,NDAIXEDDD;RDAIXEDDD
ID_777f9d23fdf0,RDAIXEDDD,lexicographic_fallback,RDAIXEDDD,False,False,,,,NDAIXEDDD;RDAIXEDDD
ID_77860d0108e0,PRABHAT,latest_observed_symbol,PRABHAT,False,False,2015-09-21,2021-04-22,INE302M01033,PRABHAT
ID_77a754052db8,BHARATCOAL,unique_current_nse_symbol,BHARATCOAL,False,True,2026-01-19,2026-03-30,INE05XR01022,BHARATCOAL
ID_77b6215db7bf,RDAIIIARD,lexicographic_fallback,NDAIIIARD,False,False,,,,NDAIIIARD;RDAIIIARD
ID_77b6215db7bf,RDAIIIARD,lexicographic_fallback,RDAIIIARD,False,False,,,,NDAIIIARD;RDAIIIARD
ID_77bf6e36f0a0,UNIONGOLD,latest_observed_symbol,UNIONGOLD,False,False,2025-02-21,2026-03-30,INF582M01KS4,UNIONGOLD
ID_77d726895a1c,RDAXIBDG,lexicographic_fallback,NDAXIBDG,False,False,,,,NDAXIBDG;RDAXIBDG
ID_77d726895a1c,RDAXIBDG,lexicographic_fallback,RDAXIBDG,False,False,,,,NDAXIBDG;RDAXIBDG
ID_77e2475059b7,KLRF,latest_observed_symbol,KLRF,False,False,2013-01-01,2015-01-28,INE014E01015,KLRF
ID_77fbefd0b8d2,INGERRAND,unique_current_nse_symbol,INGERRAND,True,True,2013-01-01,2026-03-30,INE177A01018,INGERRAND
ID_781b7b3fb2cb,INFRAIETF,latest_observed_symbol,ICICIINFRA,False,False,2022-08-23,2023-12-19,INF109KC16E5,ICICIINFRA;INFRAIETF
ID_781b7b3fb2cb,INFRAIETF,latest_observed_symbol,INFRAIETF,False,False,2023-12-20,2026-03-30,INF109KC16E5,ICICIINFRA;INFRAIETF
ID_781dea757a3b,PGIMBCD2S,lexicographic_fallback,DPRMBCD2S,False,False,,,,DPRMBCD2S;PGIMBCD2S
ID_781dea757a3b,PGIMBCD2S,lexicographic_fallback,PGIMBCD2S,False,False,,,,DPRMBCD2S;PGIMBCD2S
ID_7831dd294a7b,TPLPLASTEH,unique_current_nse_symbol,TPLPLASTEH,False,True,2015-05-20,2026-03-30,INE413G01014;INE413G01022,TPLPLASTEH
ID_785d1cff766f,INTELLECT,unique_current_nse_symbol,INTELLECT,True,True,2015-01-02,2026-03-30,INE306R01017,INTELLECT
ID_78652adf8bdf,CAPF,latest_observed_symbol,CAPF,True,False,2013-01-01,2018-12-27,INE688I01017,CAPF;FCH
ID_78652adf8bdf,CAPF,latest_observed_symbol,FCH,False,False,,,,CAPF;FCH
ID_786b44872e63,PGIMAUQDD,lexicographic_fallback,DPRMAUQDD,False,False,,,,DPRMAUQDD;PGIMAUQDD
ID_786b44872e63,PGIMAUQDD,lexicographic_fallback,PGIMAUQDD,False,False,,,,DPRMAUQDD;PGIMAUQDD
ID_78845c05ca0b,EQUITAS,latest_observed_symbol,EQUITAS,True,False,2016-04-21,2023-02-02,INE988K01017,EQUITAS
ID_78946c16f5a1,MANINDS,unique_current_nse_symbol,MANALUMN,False,False,,,,MANALUMN;MANINDS
ID_78946c16f5a1,MANINDS,unique_current_nse_symbol,MANINDS,False,True,2013-01-01,2026-03-30,INE993A01026,MANALUMN;MANINDS
ID_78ba0fce0e41,SIEL,unique_current_nse_symbol,SIEL,False,True,,,,SIEL
ID_78bb6469f8ce,EICHERMOT,unique_current_nse_symbol,EICHERMOT,True,True,2013-01-01,2026-03-30,INE066A01013;INE066A01021,EICHERMOT
ID_78bda7c11b85,SYNCOM,latest_observed_symbol,SYNCOM,False,False,2013-01-01,2020-09-25,INE602K01014,SYNCOM
ID_78c259468989,IBVENTPP,lexicographic_fallback,DHANIPP,False,False,,,,DHANIPP;IBVENTPP
ID_78c259468989,IBVENTPP,lexicographic_fallback,IBVENTPP,False,False,,,,DHANIPP;IBVENTPP
ID_78c403661d06,OMKARCHEM,latest_observed_symbol,OMKARCHEM,False,False,2013-01-01,2022-11-02,INE474L01016,OMKARCHEM
ID_78d8efce258e,SSDL,unique_current_nse_symbol,SSDL,False,True,2024-09-03,2026-03-30,INE0PQ101010,SSDL
ID_78dd5cb08035,ZUARI,unique_current_nse_symbol,ZUARI,False,True,2013-01-01,2026-03-30,INE840M01016,ZUARI
ID_78e29a5d9138,THERMAX,unique_current_nse_symbol,THERMAX,True,True,2013-01-01,2026-03-30,INE152A01029,THERMAX
ID_78e3517aa05e,RDAXIIADDD,lexicographic_fallback,NDAXIIADDD,False,False,,,,NDAXIIADDD;RDAXIIADDD
ID_78e3517aa05e,RDAXIIADDD,lexicographic_fallback,RDAXIIADDD,False,False,,,,NDAXIIADDD;RDAXIIADDD
ID_78f35af13d69,LAXMIDENTL,unique_current_nse_symbol,LAXMIDENTL,False,True,2025-01-20,2026-03-30,INE0WO601020,LAXMIDENTL
ID_78f43d344e9e,IOLN,latest_observed_symbol,IOLB,False,False,,,,IOLB;IOLN
ID_78f43d344e9e,IOLN,latest_observed_symbol,IOLN,False,False,2013-01-01,2013-01-22,INE517C01011,IOLB;IOLN
ID_7900b5a0bfbe,WATERBASE,unique_current_nse_symbol,WATERBASE,False,True,2019-08-19,2023-10-25,INE054C01015,WATERBASE
ID_7917809cc184,MIDCAPADD,latest_observed_symbol,MIDCAPADD,False,False,2025-12-18,2026-03-30,INF740KA1WW5,MIDCAPADD
ID_79471e83f979,ORTINLABSS,latest_observed_symbol,ORTINLABSS,False,False,2015-09-02,2021-01-11,INE749B01012,ORTINLABSS
ID_7986b6685c0d,CARERATING,unique_current_nse_symbol,CARERATING,True,True,2013-01-01,2026-03-30,INE752H01013,CARERATING
ID_7994ff54bbbf,GENSOL,unique_current_nse_symbol,GENSOL,False,True,2023-07-03,2025-03-18,INE06H201014,GENSOL
ID_79a5affb8cb4,ATLASCYCLE,unique_current_nse_symbol,ATLASCYCLE,False,True,2013-01-01,2026-03-30,INE446A01017;INE446A01025,ATLASCYCLE
ID_79cb4a6d91ec,GOKUL,unique_current_nse_symbol,GOKUL,False,True,2013-01-01,2026-03-30,INE020J01029,GOKUL
ID_79d298cbd408,SORILINFRA,latest_observed_symbol,IBRETAILS,False,False,,,,IBRETAILS;PIRAMYDRET;SORILINFRA;STOREONE
ID_79d298cbd408,SORILINFRA,latest_observed_symbol,PIRAMYDRET,False,False,,,,IBRETAILS;PIRAMYDRET;SORILINFRA;STOREONE
ID_79d298cbd408,SORILINFRA,latest_observed_symbol,SORILINFRA,False,False,2017-01-10,2022-08-17,INE034H01016,IBRETAILS;PIRAMYDRET;SORILINFRA;STOREONE
ID_79d298cbd408,SORILINFRA,latest_observed_symbol,STOREONE,False,False,2013-03-01,2017-01-09,INE034H01016,IBRETAILS;PIRAMYDRET;SORILINFRA;STOREONE
ID_79d4cf8a3835,NAHARPOLY,unique_current_nse_symbol,NAHAREXPOT,False,False,,,,NAHAREXPOT;NAHARINVST;NAHARPOLY
ID_79d4cf8a3835,NAHARPOLY,unique_current_nse_symbol,NAHARINVST,False,False,,,,NAHAREXPOT;NAHARINVST;NAHARPOLY
ID_79d4cf8a3835,NAHARPOLY,unique_current_nse_symbol,NAHARPOLY,False,True,2013-01-01,2026-03-30,INE308A01027,NAHAREXPOT;NAHARINVST;NAHARPOLY
ID_79ed10512e5e,LIQUIDIETF,latest_observed_symbol,ICICILIQ,False,False,2018-09-26,2023-12-19,INF109KC1KT9,ICICILIQ;LIQUIDIETF
ID_79ed10512e5e,LIQUIDIETF,latest_observed_symbol,LIQUIDIETF,False,False,2023-12-20,2026-03-30,INF109KC1KT9,ICICILIQ;LIQUIDIETF
ID_7a09f67b3a25,SIGNPOST,unique_current_nse_symbol,SIGNPOST,False,True,2024-02-28,2026-03-30,INE0KGZ01021,SIGNPOST
ID_7a12bc2ad4e1,WAAREEENER,unique_current_nse_symbol,WAAREEENER,True,True,2024-10-28,2026-03-30,INE377N01017,WAAREEENER
ID_7a16369947c2,SHRJAGP,unique_current_nse_symbol,SHRJAGP,False,True,,,,SHRJAGP
ID_7a1743352916,UNIMECH,unique_current_nse_symbol,UNIMECH,False,True,2024-12-31,2026-03-30,INE0U3I01011,UNIMECH
ID_7a1aa90ddcc2,TECHNO,latest_observed_symbol,TECHNO,True,False,2013-01-01,2018-08-07,INE286K01024,TECHNO
ID_7a45b98e6601,BAJAJCON,unique_current_nse_symbol,BAJAJCON,True,True,2019-01-15,2026-03-30,INE933K01021,BAJAJCON;BAJAJCORP
ID_7a45b98e6601,BAJAJCON,unique_current_nse_symbol,BAJAJCORP,False,False,2013-01-01,2019-01-14,INE933K01021,BAJAJCON;BAJAJCORP
ID_7a60477e1bbf,RSWM,unique_current_nse_symbol,RAJASSPG,False,False,,,,RAJASSPG;RSWM
ID_7a60477e1bbf,RSWM,unique_current_nse_symbol,RSWM,False,True,2013-01-01,2026-03-30,INE611A01016,RAJASSPG;RSWM
ID_7a638e3be593,CESC,unique_current_nse_symbol,CESC,True,True,2013-01-01,2026-03-30,INE486A01013;INE486A01021,CESC
ID_7a6dc11e6c30,AMAGI,unique_current_nse_symbol,AMAGI,False,True,2026-01-21,2026-03-30,INE121R01077,AMAGI
ID_7a715cb319c3,PEARLPOLY,unique_current_nse_symbol,PEARLPOLY,False,True,2013-01-01,2026-03-30,INE844A01013,PEARLPOLY
ID_7a734a92cf2f,CHEMPLASTS,unique_current_nse_symbol,CHEMPLASTS,True,True,2021-08-24,2026-03-30,INE488A01050,CHEMPLASTS
ID_7a869c22f88c,HDFCSML250,latest_observed_symbol,HDFCSML250,False,False,2023-02-21,2026-03-30,INF179KC1FB2,HDFCSML250
ID_7a8b8cbea5f4,JYOTIRES,unique_current_nse_symbol,JYOTIRES,False,True,,,,JYOTIRES
ID_7ac27b683a56,NOVOPANIND,latest_observed_symbol,NOVOPANIND,False,False,2013-01-01,2014-10-31,INE460B01016,NOVOPANIND
ID_7ac43e3f6ae5,CHEMBONDCH,unique_current_nse_symbol,CHEMBONDCH,False,True,2025-08-06,2026-03-30,INE0TGX01019,CHEMBONDCH;CHEMBONDIN
ID_7ac43e3f6ae5,CHEMBONDCH,unique_current_nse_symbol,CHEMBONDIN,False,False,,,,CHEMBONDCH;CHEMBONDIN
ID_7ac4aa142bab,TIPSMUSIC,unique_current_nse_symbol,TIPSINDLTD,False,False,2013-01-01,2024-09-27,INE716B01011;INE716B01029,TIPSINDLTD;TIPSMUSIC
ID_7ac4aa142bab,TIPSMUSIC,unique_current_nse_symbol,TIPSMUSIC,False,True,2024-09-30,2026-03-30,INE716B01029,TIPSINDLTD;TIPSMUSIC
ID_7aca32cd86ff,GROBTEA,unique_current_nse_symbol,GROBTEA,False,True,2016-11-22,2026-03-30,INE646C01018,GROBTEA
ID_7ad7c3dd71c6,TORNTPOWER,unique_current_nse_symbol,TORNTPOWER,True,True,2013-01-01,2026-03-30,INE813H01021,TORNTPOWER
ID_7ae013cf040d,PGIMAHD1G,lexicographic_fallback,DPRMAHD1,False,False,,,,DPRMAHD1;PGIMAHD1G
ID_7ae013cf040d,PGIMAHD1G,lexicographic_fallback,PGIMAHD1G,False,False,,,,DPRMAHD1;PGIMAHD1G
ID_7ae845078cc2,UTTAMSTL,latest_observed_symbol,UTTAMSTL,False,False,2013-01-01,2022-05-24,INE699A01011,UTTAMSTL
ID_7af81f9894c1,ITL,unique_current_nse_symbol,ITL,False,True,,,,ITL
ID_7b180004ba91,CAPLIPOINT,unique_current_nse_symbol,CAPLIPOINT,True,True,2014-06-23,2026-03-30,INE475E01018;INE475E01026,CAPLIPOINT
ID_7b1c860829cd,EMMVEE,unique_current_nse_symbol,EMMVEE,True,True,2025-11-18,2026-03-30,INE1C6T01020,EMMVEE
ID_7b2447a9778f,EGOLD,latest_observed_symbol,EGOLD,False,False,2023-11-10,2026-03-30,INF754K01SE6,EGOLD
ID_7b41afd4334b,DGCONTENT,unique_current_nse_symbol,DGCONTENT,False,True,2019-07-02,2026-03-30,INE03JI01017,DGCONTENT
ID_7b655ee4b4b1,MODISONLTD,unique_current_nse_symbol,MODISNME,False,False,2021-05-03,2022-08-12,INE737D01021,MODISNME;MODISONLTD
ID_7b655ee4b4b1,MODISONLTD,unique_current_nse_symbol,MODISONLTD,False,True,2022-08-16,2026-03-30,INE737D01021,MODISNME;MODISONLTD
ID_7b98329be440,AEROFLEX,unique_current_nse_symbol,AEROFLEX,False,True,2023-08-31,2026-03-30,INE024001021,AEROFLEX
ID_7b9f31c1f4e7,NATCOPHARM,unique_current_nse_symbol,NATCOPHARM,True,True,2013-01-01,2026-03-30,INE987B01018;INE987B01026,NATCOPHARM
ID_7baff567ace4,BANKBARODA,unique_current_nse_symbol,BANKBARODA,True,True,2013-01-01,2026-03-30,INE028A01013;INE028A01039,BANKBARODA
ID_7bc5de759229,QPOWER,unique_current_nse_symbol,QPOWER,False,True,2025-02-24,2026-03-30,INE0SII01026,QPOWER
ID_7bc88e33072b,BUTTERFLY,unique_current_nse_symbol,BUTTERFLY,False,True,2014-04-28,2026-03-30,INE295F01017,BUTTERFLY
ID_7bc979b6eb42,HIRAFERRO,latest_observed_symbol,HIRAFERRO,False,False,2013-01-02,2014-08-01,INE573I01011,HIRAFERRO
ID_7bd5afbf5be5,HAZOOR,unique_current_nse_symbol,HAZOOR,False,True,,,,HAZOOR
ID_7bfb2ae718be,MIDWESTLTD,unique_current_nse_symbol,MIDWESTLTD,False,True,2025-10-24,2026-03-30,INE0XAD01024,MIDWESTLTD
ID_7bff10594c60,CREATIVEYE,unique_current_nse_symbol,CREATIVEYE,False,True,2013-01-01,2026-03-30,INE230B01021,CREATIVEYE
ID_7c132a529d94,AARTISURF,unique_current_nse_symbol,AARTISURF,False,True,2020-11-24,2026-03-30,INE09EO01013,AARTISURF
ID_7c1babcf3f00,AEPL,unique_current_nse_symbol,AEPL,False,True,2026-03-12,2026-03-30,INE757T01025,AEPL
ID_7c1c7ca2cbb0,MANUFGBEES,latest_observed_symbol,MANUFGBEES,False,False,2025-08-29,2026-03-30,INF204KC1GH6,MANUFGBEES
ID_7c3f149002e5,SHAH,unique_current_nse_symbol,GAL,False,False,2013-06-14,2023-06-30,INE482J01013;INE482J01021,GAL;SHAH
ID_7c3f149002e5,SHAH,unique_current_nse_symbol,SHAH,False,True,2023-07-03,2026-03-30,INE482J01021,GAL;SHAH
ID_7c75c4ea939f,DQE,latest_observed_symbol,DQE,False,False,2013-01-01,2021-01-01,INE656K01010,DQE
ID_7c827b2d23e0,CELLO,unique_current_nse_symbol,CELLO,True,True,2023-11-06,2026-03-30,INE0LMW01024,CELLO
ID_7c98696ff66c,MERCURYEV,unique_current_nse_symbol,MERCURYEV,False,True,,,,MERCURYEV
ID_7c9f17791709,SALORAINTL,latest_observed_symbol,SALORAINTL,False,False,2013-01-01,2019-04-16,INE924A01013,SALORAINTL
ID_7ca73a008e50,PROSEED,latest_observed_symbol,GREENFIRE,False,False,2013-03-01,2017-03-22,INE217G01027,GREENFIRE;PROSEED
ID_7ca73a008e50,PROSEED,latest_observed_symbol,PROSEED,False,False,2018-10-16,2020-12-17,INE217G01027,GREENFIRE;PROSEED
ID_7ca988a1bbb1,MAPMYINDIA,unique_current_nse_symbol,MAPMYINDIA,True,True,2021-12-21,2026-03-30,INE0BV301023,MAPMYINDIA
ID_7cbbb0bd0e38,PGHH,unique_current_nse_symbol,P&G,False,False,,,,P&G;PGHH
ID_7cbbb0bd0e38,PGHH,unique_current_nse_symbol,PGHH,True,True,2013-01-01,2026-03-30,INE179A01014,P&G;PGHH
ID_7cc010a00ed8,KALINDEE,latest_observed_symbol,KALINDEE,False,False,2013-01-01,2017-02-08,INE178D01010,KALINDEE
ID_7ccd590e8804,RAJMET,unique_current_nse_symbol,RAJMET,False,True,2021-02-16,2026-03-30,INE00KV01014;INE00KV01022,RAJMET
ID_7cdab9795f8d,SGFL,latest_observed_symbol,SGFL,False,False,2013-01-02,2014-02-28,INE883G01018,SGFL
ID_7cddb0138a67,MODEFENCE,latest_observed_symbol,MODEFENCE,False,False,2024-08-27,2026-03-30,INF247L01DJ0,MODEFENCE
ID_7cf99972106e,INSPIRISYS,unique_current_nse_symbol,AFL,False,False,2013-01-01,2018-10-11,INE020G01017,AFL;INSPIRISYS
ID_7cf99972106e,INSPIRISYS,unique_current_nse_symbol,INSPIRISYS,False,True,2018-10-12,2026-02-23,INE020G01017,AFL;INSPIRISYS
ID_7d0282f63813,ABBOTINDIA,unique_current_nse_symbol,ABBOTINDIA,True,True,2013-01-01,2026-03-30,INE358A01014,ABBOTINDIA
ID_7d06375c8f64,JDORGOCHEM,latest_observed_symbol,JDORGOCHEM,False,False,2013-06-19,2013-12-12,INE263B01022,JDORGOCHEM
ID_7d11a3883a39,SHALBY,unique_current_nse_symbol,SHALBY,False,True,2017-12-15,2026-03-30,INE597J01018,SHALBY
ID_7d13cc09a87c,MPSLTD,unique_current_nse_symbol,MACMILLAN,False,False,,,,MACMILLAN;MPSLTD
ID_7d13cc09a87c,MPSLTD,unique_current_nse_symbol,MPSLTD,False,True,2013-03-01,2026-03-30,INE943D01017,MACMILLAN;MPSLTD
ID_7d1cf43d7bd6,LASERPOWER,unique_current_nse_symbol,LASERPOWER,False,True,,,,LASERPOWER
ID_7d25833c9dec,PRSMJOHNSN,unique_current_nse_symbol,PRISMCEM,False,False,2013-01-01,2018-05-03,INE010A01011,PRISMCEM;PRSMJOHNSN
ID_7d25833c9dec,PRSMJOHNSN,unique_current_nse_symbol,PRSMJOHNSN,False,True,2018-05-04,2026-03-30,INE010A01011,PRISMCEM;PRSMJOHNSN
ID_7d25aa56bf1d,KPRMILL,unique_current_nse_symbol,KPRMILL,True,True,2013-01-01,2026-03-30,INE930H01015;INE930H01023;INE930H01031,KPRMILL
ID_7d2f6e8dcf8b,RKSWAMY,unique_current_nse_symbol,RKSWAMY,False,True,2024-03-12,2026-03-30,INE0NQ801033,RKSWAMY
ID_7d44eb36b8ec,VISL,unique_current_nse_symbol,VISL,False,True,,,,VISL
ID_7d4b07db6d06,MOALPHA50,latest_observed_symbol,MOALPHA50,False,False,2025-07-10,2026-03-30,INF247L01FR8,MOALPHA50
ID_7d89e742a208,MEP,unique_current_nse_symbol,MEP,False,True,2015-05-06,2024-03-19,INE776I01010,MEP
ID_7d8de1f75d4a,ONIXSOLAR,unique_current_nse_symbol,ONIXSOLAR,False,True,,,,ONIXSOLAR
ID_7d9a7013f098,RDAFTVHDR,lexicographic_fallback,NDAFTVHDR,False,False,,,,NDAFTVHDR;RDAFTVHDR
ID_7d9a7013f098,RDAFTVHDR,lexicographic_fallback,RDAFTVHDR,False,False,,,,NDAFTVHDR;RDAFTVHDR
ID_7da1830ae055,PGIMDAD1G,lexicographic_fallback,DPRMDAD1,False,False,,,,DPRMDAD1;PGIMDAD1G
ID_7da1830ae055,PGIMDAD1G,lexicographic_fallback,PGIMDAD1G,False,False,,,,DPRMDAD1;PGIMDAD1G
ID_7da25ae54780,PANASONIC,latest_observed_symbol,PANASONIC,False,False,2013-01-01,2015-01-29,INE841C01015,PANASONIC
ID_7da5907b2616,LEENEE,unique_current_nse_symbol,LEENEE,False,True,,,,LEENEE
ID_7dab8a94993a,VIRAT,unique_current_nse_symbol,VIRAT,False,True,,,,VIRAT
ID_7db0316cac7c,PALREDTEC,unique_current_nse_symbol,PALREDTEC,False,True,2016-05-09,2026-03-30,INE218G01033,PALREDTEC
ID_7db42d61bf45,VELJAN,unique_current_nse_symbol,VELJAN,False,True,,,,VELJAN
ID_7db725c5b511,LIQUIDBETF,latest_observed_symbol,LIQUIDBETF,False,False,2024-06-03,2026-03-30,INF0QA701854,LIQUIDBETF
ID_7dbb1adcb674,TULSI,latest_observed_symbol,TULSI,False,False,2013-01-01,2018-03-16,INE474I01012,TULSI
ID_7dc10180b878,VALUE,latest_observed_symbol,VALUE,False,False,2026-03-27,2026-03-30,INF769K01QV2,VALUE
ID_7dc2616f5fd9,KESARENT,latest_observed_symbol,KESARENT,False,False,2013-01-01,2019-12-30,INE133B01019,KESARENT;KESARENTER
ID_7dc2616f5fd9,KESARENT,latest_observed_symbol,KESARENTER,False,False,,,,KESARENT;KESARENTER
ID_7dc9bae90553,GILT10BETA,latest_observed_symbol,GILT10BETA,False,False,2025-12-24,2026-03-30,INF789F1AZF3,GILT10BETA;NIF10GETF
ID_7dc9bae90553,GILT10BETA,latest_observed_symbol,NIF10GETF,False,False,2024-02-05,2025-12-23,INF789F1AZF3,GILT10BETA;NIF10GETF
ID_7de77334dd26,SAILIFE,unique_current_nse_symbol,SAILIFE,True,True,2024-12-18,2026-03-30,INE570L01029,SAILIFE
ID_7deb8ad0942a,BIRLACABLE,unique_current_nse_symbol,BIRLACABLE,False,True,2016-11-22,2026-03-30,INE800A01015,BIRLACABLE;BIRLAERIC
ID_7deb8ad0942a,BIRLACABLE,unique_current_nse_symbol,BIRLAERIC,False,False,2013-03-01,2014-01-10,INE800A01015,BIRLACABLE;BIRLAERIC
ID_7dfdeac9e8fd,KOTARISUG,unique_current_nse_symbol,KOTARISUG,False,True,2013-01-01,2026-03-30,INE419A01022,KOTARISUG
ID_7e320533bb07,JINDALSAW,unique_current_nse_symbol,JINDALSAW,True,True,2013-01-01,2026-03-30,INE324A01024;INE324A01032,JINDALSAW;SAWPIPES
ID_7e320533bb07,JINDALSAW,unique_current_nse_symbol,SAWPIPES,False,False,,,,JINDALSAW;SAWPIPES
ID_7e9db0de97d0,CARRARO,unique_current_nse_symbol,CARRARO,False,True,2024-12-30,2026-03-30,INE0V7W01012,CARRARO
ID_7ea0308db896,OBCL,unique_current_nse_symbol,OBCL,False,True,2022-04-07,2026-03-30,INE426Z01016,OBCL
ID_7ea6b1724de5,JUBLPHARMA,unique_current_nse_symbol,JUBILANT,False,False,2013-01-01,2021-02-03,INE700A01033,JUBILANT;JUBLPHARMA;VAMORGANIC
ID_7ea6b1724de5,JUBLPHARMA,unique_current_nse_symbol,JUBLPHARMA,True,True,2021-02-18,2026-03-30,INE700A01033,JUBILANT;JUBLPHARMA;VAMORGANIC
ID_7ea6b1724de5,JUBLPHARMA,unique_current_nse_symbol,VAMORGANIC,False,False,,,,JUBILANT;JUBLPHARMA;VAMORGANIC
ID_7ebd6933e244,AARTIIND,unique_current_nse_symbol,AARTIIND,True,True,2013-01-01,2026-03-30,INE769A01020,AARTIIND
ID_7eed59d88887,IKIO,unique_current_nse_symbol,IKIO,False,True,2023-06-16,2026-03-30,INE0LOJ01019,IKIO
ID_7eef067d78bb,RAJSREESUG,unique_current_nse_symbol,RAJSREESUG,False,True,2013-01-01,2026-03-30,INE562B01019,RAJSREESUG
ID_7f00bfef772a,TATACHEM,unique_current_nse_symbol,TATACHEM,True,True,2013-01-01,2026-03-30,INE092A01019,TATACHEM
ID_7f0402e22caf,SERVALL,latest_observed_symbol,SERVALL,False,False,2013-01-01,2017-08-22,INE431L01016,SERVALL
ID_7f27239933e8,TOUCHWOOD,unique_current_nse_symbol,TOUCHWOOD,False,True,2020-01-21,2026-03-30,INE486Y01013,TOUCHWOOD
ID_7f4f6048c658,ABCIL,latest_observed_symbol,ABCIL,False,False,2013-01-01,2016-01-13,INE605B01016,ABCIL;BCCL;BIHARCAUST
ID_7f4f6048c658,ABCIL,latest_observed_symbol,BCCL,False,False,,,,ABCIL;BCCL;BIHARCAUST
ID_7f4f6048c658,ABCIL,latest_observed_symbol,BIHARCAUST,False,False,,,,ABCIL;BCCL;BIHARCAUST
ID_7f6f16dd6547,CLEANMAX,unique_current_nse_symbol,CLEANMAX,False,True,2026-03-02,2026-03-30,INE647U01026,CLEANMAX
ID_7fa57e0ad555,FAZE3Q,unique_current_nse_symbol,FAZE3Q,False,True,2022-11-18,2026-02-23,INE963C01033,FAZE3Q
ID_7fca6294e394,TEXRAIL,unique_current_nse_symbol,TEXRAIL,True,True,2013-01-01,2026-03-30,INE621L01012,TEXRAIL
ID_7fd8c7d6fae7,ACC,unique_current_nse_symbol,ACC,True,True,2013-01-01,2026-03-30,INE012A01025,ACC
ID_7fdda7e9c31d,PODDARHOUS,latest_observed_symbol,PODDARHOUS,False,False,2017-04-10,2023-10-27,INE888B01018,PODDARHOUS
ID_7feab727cde8,PGIMACD1G,lexicographic_fallback,DPRMACD1,False,False,,,,DPRMACD1;PGIMACD1G
ID_7feab727cde8,PGIMACD1G,lexicographic_fallback,PGIMACD1G,False,False,,,,DPRMACD1;PGIMACD1G
ID_7ff6c32d8361,RPGTELECOM,lexicographic_fallback,RPGCABLES,False,False,,,,RPGCABLES;RPGTELECOM
ID_7ff6c32d8361,RPGTELECOM,lexicographic_fallback,RPGTELECOM,False,False,,,,RPGCABLES;RPGTELECOM
ID_800ba1f8cd4c,EBBETF0433,latest_observed_symbol,EBBETF0433,False,False,2022-12-16,2026-03-30,INF754K01QX0,EBBETF0433
ID_8015c684cbff,PBAINFRA,latest_observed_symbol,PBAINFRA,False,False,2013-01-01,2022-08-23,INE160H01019,PBAINFRA
ID_8033e9872d58,AIIL,unique_current_nse_symbol,AIIL,True,True,2024-04-23,2026-03-30,INE206F01022,AIIL
ID_803f9462c692,HNDFDS,unique_current_nse_symbol,HNDFDS,False,True,2019-08-19,2026-03-30,INE254N01018;INE254N01026,HNDFDS
ID_80454fe86f1e,MWL,unique_current_nse_symbol,MWL,False,True,2025-09-18,2026-03-30,INE0JYY01011,MWL
ID_804c6c836ba5,TATACOMM,unique_current_nse_symbol,TATACOMM,True,True,2013-01-01,2026-03-30,INE151A01013,TATACOMM;VSNL
ID_804c6c836ba5,TATACOMM,unique_current_nse_symbol,VSNL,False,False,,,,TATACOMM;VSNL
ID_8077096bc4f5,TIMBOR,latest_observed_symbol,TIMBOR,False,False,2013-01-01,2015-09-24,INE346L01016,TIMBOR
ID_809e1f97025f,SYSTMTXC,unique_current_nse_symbol,SYSTMTXC,False,True,2025-10-06,2026-03-30,INE356B01024,SYSTMTXC
ID_809f0cfcd9c4,COSMOFIRST,unique_current_nse_symbol,COSMOFILMS,False,False,2013-01-01,2022-07-22,INE757A01017,COSMOFILMS;COSMOFIRST
ID_809f0cfcd9c4,COSMOFIRST,unique_current_nse_symbol,COSMOFIRST,False,True,2022-07-25,2026-03-30,INE757A01017,COSMOFILMS;COSMOFIRST
ID_80b1fd1b000e,PRESSMN,latest_observed_symbol,NUCENT,False,False,2013-06-14,2013-09-10,INE980A01023,NUCENT;PRESSMN
ID_80b1fd1b000e,PRESSMN,latest_observed_symbol,PRESSMN,False,False,2013-09-11,2023-06-06,INE980A01023,NUCENT;PRESSMN
ID_80b2d0889d57,SMALLCAP,latest_observed_symbol,SMALLCAP,False,False,2024-02-29,2026-03-30,INF769K01LC3,SMALLCAP
ID_80b3dd47bb3e,EMAPARTNER,lexicographic_fallback,EMAIN,False,False,,,,EMAIN;EMAPARTNER
ID_80b3dd47bb3e,EMAPARTNER,lexicographic_fallback,EMAPARTNER,False,False,,,,EMAIN;EMAPARTNER
ID_80c1ea1e7bcd,CRSL,unique_current_nse_symbol,CRSL,False,True,,,,CRSL
ID_80ce85984881,SUNDRMBRAK,unique_current_nse_symbol,SUNDRMBRAK,False,True,2013-01-01,2026-03-30,INE073D01013,SUNDRMBRAK
ID_80f2a6270098,KGL,latest_observed_symbol,KGL,True,False,2013-01-01,2017-07-19,INE299C01024,KGL;KNL
ID_80f2a6270098,KGL,latest_observed_symbol,KNL,False,False,,,,KGL;KNL
ID_80f98227c35c,BECTORFOOD,unique_current_nse_symbol,BECTORFOOD,False,True,2020-12-24,2026-03-30,INE495P01012;INE495P01020,BECTORFOOD
ID_81181b448f84,PGIMBCQDD,lexicographic_fallback,DPRMBCQDD,False,False,,,,DPRMBCQDD;PGIMBCQDD
ID_81181b448f84,PGIMBCQDD,lexicographic_fallback,PGIMBCQDD,False,False,,,,DPRMBCQDD;PGIMBCQDD
ID_8125e97418c6,DVL,latest_observed_symbol,DPL,False,False,2014-11-12,2019-01-01,INE477B01010,DPL;DPTL;DTIL;DVL
ID_8125e97418c6,DVL,latest_observed_symbol,DPTL,False,False,2013-01-01,2014-11-11,INE477B01010,DPL;DPTL;DTIL;DVL
ID_8125e97418c6,DVL,latest_observed_symbol,DTIL,False,True,2015-02-04,2026-03-30,INE341R01014,DPL;DPTL;DTIL;DVL
ID_8125e97418c6,DVL,latest_observed_symbol,DVL,False,True,2019-01-02,2026-03-30,INE477B01010,DPL;DPTL;DTIL;DVL
ID_812f6831ede0,LLOYDSENGG,unique_current_nse_symbol,LLOYDSENGG,False,True,2023-11-12,2026-03-30,INE093R01011,LLOYDSENGG;LSIL
ID_812f6831ede0,LLOYDSENGG,unique_current_nse_symbol,LSIL,False,False,2016-08-01,2023-08-09,INE093R01011,LLOYDSENGG;LSIL
ID_813599ac9d95,PRITIKAUTO,unique_current_nse_symbol,PRITIKAUTO,False,True,2021-08-10,2026-03-30,INE583R01029,PRITIKAUTO
ID_81400b9e2ae6,SABTN,latest_observed_symbol,SABTN,False,False,2013-01-01,2021-06-17,INE416A01036,SABTN
ID_815a8b7b977b,MURLIIND,latest_observed_symbol,MURLIIND,False,False,2013-01-01,2013-09-26,INE806B01028,MURLIIND
ID_8181fdc8fa2f,PRAXIS,unique_current_nse_symbol,PRAXIS,False,True,2018-02-15,2026-03-30,INE546Y01022,PRAXIS
ID_81ad49657524,AHLEAST,unique_current_nse_symbol,AHLEAST,False,True,2013-01-01,2026-03-30,INE926K01017,AHLEAST
ID_81b712d66c4b,TRIDENT,unique_current_nse_symbol,ABSHEKINDS,False,False,,,,ABSHEKINDS;TRIDENT
ID_81b712d66c4b,TRIDENT,unique_current_nse_symbol,TRIDENT,True,True,2013-01-01,2026-03-30,INE064C01014;INE064C01022,ABSHEKINDS;TRIDENT
ID_81bcd18c369e,ASHOKAMET,unique_current_nse_symbol,ASHOKAMET,False,True,2023-06-27,2026-03-30,INE760Y01011,ASHOKAMET
ID_81c19b9d82bb,ALOKTEXT,latest_observed_symbol,ALOKTEXT,True,False,2013-01-01,2019-12-09,INE270A01011,ALOKTEXT
ID_81d8c9644185,CORDELIA,unique_current_nse_symbol,CORDELIA,False,True,,,,CORDELIA
ID_820a1be27c2f,TDPOWERSYS,unique_current_nse_symbol,TDPOWERSYS,False,True,2013-01-01,2026-03-30,INE419M01019;INE419M01027,TDPOWERSYS
ID_8218a77753ce,RENUKA,unique_current_nse_symbol,RENUKA,True,True,2013-01-01,2026-03-30,INE087H01022,RENUKA
ID_822021f132bb,JCTEL,latest_observed_symbol,JCTEL,False,False,2013-01-01,2016-05-19,INE264B01020,JCTEL
ID_8224a3392da6,SUNILHITEC,latest_observed_symbol,SUNILHITEC,False,False,2013-01-01,2018-08-16,INE305H01010;INE305H01028,SUNILHITEC
ID_8226e1b3f988,BHAGYAPROP,latest_observed_symbol,BHAGYAPROP,False,False,2017-08-23,2022-12-09,INE363W01018,BHAGYAPROP
ID_822d3dea4ada,SUPERHOUSE,unique_current_nse_symbol,SUPERHOUSE,False,True,2014-09-26,2026-03-30,INE712B01010,SUPERHOUSE
ID_822e4e5d4c44,BAJAJINDEF,unique_current_nse_symbol,BAJAJINDEF,False,True,2025-03-10,2026-03-30,INE0O9T01021,BAJAJINDEF
ID_8264aec26172,KISSHT,unique_current_nse_symbol,KISSHT,False,True,,,,KISSHT
ID_8268095c6f07,RAIN,unique_current_nse_symbol,PRIYADCEM,False,False,,,,PRIYADCEM;RAIN;RAINCOM
ID_8268095c6f07,RAIN,unique_current_nse_symbol,RAIN,True,True,2013-08-23,2026-03-30,INE855B01025,PRIYADCEM;RAIN;RAINCOM
ID_8268095c6f07,RAIN,unique_current_nse_symbol,RAINCOM,False,False,2013-01-01,2013-08-22,INE855B01025,PRIYADCEM;RAIN;RAINCOM
ID_8283c681b251,HALEOSLABS,unique_current_nse_symbol,HALEOSLABS,False,True,2025-11-26,2026-03-30,INE320X01016,HALEOSLABS;SMSLIFE
ID_8283c681b251,HALEOSLABS,unique_current_nse_symbol,SMSLIFE,False,False,2017-09-01,2025-11-25,INE320X01016,HALEOSLABS;SMSLIFE
ID_82dba6416646,QUINTEGRA,latest_observed_symbol,QUINTEGRA,False,False,2013-01-01,2019-05-31,INE033B01011,QUINTEGRA;SOFFIASOFT
ID_82dba6416646,QUINTEGRA,latest_observed_symbol,SOFFIASOFT,False,False,,,,QUINTEGRA;SOFFIASOFT
ID_831ab15cc4fc,PGIMAAD1G,lexicographic_fallback,DPRMAAD1,False,False,,,,DPRMAAD1;PGIMAAD1G
ID_831ab15cc4fc,PGIMAAD1G,lexicographic_fallback,PGIMAAD1G,False,False,,,,DPRMAAD1;PGIMAAD1G
ID_834288606dc2,GREENLAM,unique_current_nse_symbol,GREENLAM,False,True,2015-03-17,2026-03-30,INE544R01013;INE544R01021,GREENLAM
ID_83517eae9240,TINPLATE,latest_observed_symbol,TINPLATE,True,False,2013-01-01,2024-01-18,INE422C01014,TINPLATE
ID_835d91c8d335,CURAA,unique_current_nse_symbol,CURAA,False,True,2025-04-08,2025-04-11,INE117B01020,CURAA
ID_836c7f38d51c,ONEGLOBAL,unique_current_nse_symbol,ONEGLOBAL,False,True,,,,ONEGLOBAL
ID_838b5070bdf7,ASTAR,unique_current_nse_symbol,ASTAR,False,True,,,,ASTAR
ID_8393d59262e1,JIOFIN,unique_current_nse_symbol,JIOFIN,True,True,2023-09-04,2026-03-30,INE758E01017,JIOFIN
ID_839477d3b5b2,LEEL,latest_observed_symbol,LEEL,False,False,2017-06-19,2019-05-21,INE245C01019,LEEL;LLOYDELENG
ID_839477d3b5b2,LEEL,latest_observed_symbol,LLOYDELENG,False,False,2013-01-01,2017-06-16,INE245C01019,LEEL;LLOYDELENG
ID_83989d252a20,A2ZINFRA,unique_current_nse_symbol,A2ZINFRA,False,True,2014-12-31,2026-03-05,INE619I01012,A2ZINFRA;A2ZMES
ID_83989d252a20,A2ZINFRA,unique_current_nse_symbol,A2ZMES,False,False,2013-01-01,2014-12-30,INE619I01012,A2ZINFRA;A2ZMES
ID_83ad59d88944,COMMOIETF,latest_observed_symbol,COMMOIETF,False,False,2023-12-20,2026-03-30,INF109KC19O8,COMMOIETF;ICICICOMMO
ID_83ad59d88944,COMMOIETF,latest_observed_symbol,ICICICOMMO,False,False,2022-12-21,2023-12-19,INF109KC19O8,COMMOIETF;ICICICOMMO
ID_83b2d63b95f3,HSCL,unique_current_nse_symbol,HCIL,False,False,2013-01-01,2016-08-12,INE019C01026,HCIL;HIMADCHEM;HSCL
ID_83b2d63b95f3,HSCL,unique_current_nse_symbol,HIMADCHEM,False,False,,,,HCIL;HIMADCHEM;HSCL
ID_83b2d63b95f3,HSCL,unique_current_nse_symbol,HSCL,True,True,2016-08-16,2026-03-30,INE019C01026,HCIL;HIMADCHEM;HSCL
ID_83c23851dda2,SHYAMMETL,unique_current_nse_symbol,SHYAMMETL,True,True,2021-06-24,2026-03-30,INE810G01011,SHYAMMETL
ID_83c23e08a828,RHIM,unique_current_nse_symbol,ORIENTREF,True,False,2013-01-01,2021-07-20,INE743M01012,ORIENTREF;RHIM
ID_83c23e08a828,RHIM,unique_current_nse_symbol,RHIM,True,True,2021-07-22,2026-03-30,INE743M01012,ORIENTREF;RHIM
ID_83de2b454d52,TATACAP,unique_current_nse_symbol,TATACAP,True,True,2025-10-13,2026-03-30,INE976I01016,TATACAP
ID_840781ee1e01,STALLION,unique_current_nse_symbol,STALLION,False,True,2025-02-05,2026-03-30,INE0RYC01010,STALLION
ID_8420f8de792a,BANARBEADS,unique_current_nse_symbol,BANARBEADS,False,True,2013-06-28,2026-03-30,INE655B01011,BANARBEADS
ID_843bd515ea6b,RKEC,unique_current_nse_symbol,RKEC,False,True,2020-12-18,2026-03-30,INE786W01010,RKEC
ID_843ce8622d73,STYLAMIND,unique_current_nse_symbol,STYLAMIND,False,True,2021-08-02,2026-03-30,INE239C01020,STYLAMIND
ID_844c590ba1ef,ADSL,unique_current_nse_symbol,ADSL,False,True,2013-01-01,2026-03-30,INE102I01027,ADSL
ID_845aa44a3730,SURYALA,unique_current_nse_symbol,SURYALA,False,True,,,,SURYALA
ID_845ca59da882,NCC,unique_current_nse_symbol,NAGARCONST,False,False,,,,NAGARCONST;NCC
ID_845ca59da882,NCC,unique_current_nse_symbol,NCC,True,True,2013-01-01,2026-03-30,INE868B01028,NAGARCONST;NCC
ID_84781458d0b9,SHRINGARMS,unique_current_nse_symbol,SHRINGARMS,False,True,2025-09-17,2026-03-30,INE1B3L01017,SHRINGARMS
ID_848d1c20e698,EBBETF0431,latest_observed_symbol,EBBETF0431,False,False,2020-07-29,2026-03-30,INF754K01LE1,EBBETF0431
ID_84b734cc6c1e,PROVOGE,latest_observed_symbol,PROVOGE,False,False,2013-01-01,2019-10-24,INE968G01033,PROVOGE
ID_84c828816d9a,TSFINV,unique_current_nse_symbol,SUNDARMHLD,False,False,2018-07-24,2025-10-15,INE202Z01029,SUNDARMHLD;TSFINV
ID_84c828816d9a,TSFINV,unique_current_nse_symbol,TSFINV,False,True,2025-10-16,2026-03-30,INE202Z01029,SUNDARMHLD;TSFINV
ID_84dd2f4e0f91,WEIZMANIND,unique_current_nse_symbol,WEIZMANIND,False,True,2013-01-01,2026-03-30,INE080A01014,WEIZMANIND
ID_84f737dab62c,SELECTIPO,latest_observed_symbol,SELECTIPO,False,False,2025-03-17,2026-03-30,INF769K01ON4,SELECTIPO
ID_84f861b94fcc,LIQUID1,latest_observed_symbol,KOTAKLIQ,False,False,2023-02-01,2024-03-19,INF174KA1LV5,KOTAKLIQ;LIQUID1
ID_84f861b94fcc,LIQUID1,latest_observed_symbol,LIQUID1,False,False,2024-03-20,2026-03-30,INF174KA1LV5,KOTAKLIQ;LIQUID1
ID_850b23d4e62d,CRIZAC,unique_current_nse_symbol,CRIZAC,False,True,2025-07-09,2026-03-30,INE0S4R01014,CRIZAC
ID_8524cde2aab6,LICNETFSEN,latest_observed_symbol,LICNETFSEN,False,False,2016-08-03,2026-03-30,INF767K01OT5,LICNETFSEN;LICNFESGP
ID_8524cde2aab6,LICNETFSEN,latest_observed_symbol,LICNFESGP,False,False,,,,LICNETFSEN;LICNFESGP
ID_85337e9baa36,VOEPL,unique_current_nse_symbol,VOEPL,False,True,,,,VOEPL
ID_853c2ad5574f,VETO,unique_current_nse_symbol,VETO,False,True,2015-04-29,2026-03-30,INE918N01018,VETO
ID_854e716cdacc,MANINFRA,unique_current_nse_symbol,MANINFRA,True,True,2013-01-01,2026-03-30,INE949H01015;INE949H01023,MANINFRA
ID_85543472d6e0,761ABCL35A,lexicographic_fallback,76100ABCL3,False,False,,,,76100ABCL3;761ABCL35A
ID_85543472d6e0,761ABCL35A,lexicographic_fallback,761ABCL35A,False,False,,,,76100ABCL3;761ABCL35A
ID_855fb66f7734,VEEDOL,unique_current_nse_symbol,TIDEWATER,True,False,2013-01-01,2024-10-08,INE484C01014;INE484C01022;INE484C01030,TIDEWATER;VEEDOL
ID_855fb66f7734,VEEDOL,unique_current_nse_symbol,VEEDOL,False,True,2024-10-09,2026-03-30,INE484C01030,TIDEWATER;VEEDOL
ID_8564a3c6f659,BRIGHTBR,unique_current_nse_symbol,BRIGHTBR,False,True,,,,BRIGHTBR
ID_8573f1b39bbb,HEALTHADD,latest_observed_symbol,HEALTHADD,False,False,2024-02-07,2026-03-30,INF740KA1UF4,HEALTHADD
ID_85958e7712e0,INDIANB,unique_current_nse_symbol,INDIANB,True,True,2013-01-01,2026-03-30,INE562A01011,INDIANB
ID_85960f0d1a56,VIRTUALG,unique_current_nse_symbol,VIRTUALG,False,True,,,,VIRTUALG
ID_85a90965d25f,ICEMAKE,unique_current_nse_symbol,ICEMAKE,False,True,2020-10-12,2026-03-30,INE520Y01019,ICEMAKE
ID_85b05788afdf,ASIANPAINT,unique_current_nse_symbol,ASIANPAINT,True,True,2013-01-01,2026-03-30,INE021A01018;INE021A01026,ASIANPAINT
ID_85bafa09ffc8,SONAMLTD,unique_current_nse_symbol,SONAMCLOCK,False,False,2022-04-07,2023-10-25,INE00LM01011,SONAMCLOCK;SONAMLTD
ID_85bafa09ffc8,SONAMLTD,unique_current_nse_symbol,SONAMLTD,False,True,2024-01-29,2026-03-30,INE00LM01011;INE00LM01029,SONAMCLOCK;SONAMLTD
ID_85cfbbdc272d,PKTEA,unique_current_nse_symbol,PERIATEA,False,False,2013-01-01,2014-01-10,INE431F01018,PERIATEA;PKTEA
ID_85cfbbdc272d,PKTEA,unique_current_nse_symbol,PKTEA,False,True,2015-10-20,2026-03-30,INE431F01018,PERIATEA;PKTEA
ID_85d940fc9237,SUMMITSEC,unique_current_nse_symbol,SUMMITSEC,False,True,2013-01-01,2026-03-30,INE519C01017,SUMMITSEC
ID_85e0e9136b7c,LEAPIND,unique_current_nse_symbol,LEAP,False,False,,,,LEAP;LEAPIND
ID_85e0e9136b7c,LEAPIND,unique_current_nse_symbol,LEAPIND,False,True,,,,LEAP;LEAPIND
ID_85e9a32e5cc6,SWELECTES,unique_current_nse_symbol,NUMERICPW,False,False,,,,NUMERICPW;SWELECTES
ID_85e9a32e5cc6,SWELECTES,unique_current_nse_symbol,SWELECTES,False,True,2013-01-01,2026-03-30,INE409B01013,NUMERICPW;SWELECTES
ID_85ffbd398786,RDAFVGDD,lexicographic_fallback,NDAFVGDD,False,False,,,,NDAFVGDD;RDAFVGDD
ID_85ffbd398786,RDAFVGDD,lexicographic_fallback,RDAFVGDD,False,False,,,,NDAFVGDD;RDAFVGDD
ID_8603ab5de2d2,OMPOWER,unique_current_nse_symbol,OMPOWER,False,True,,,,OMPOWER
ID_863a4be94f34,VRLLOG,unique_current_nse_symbol,VRLLOG,True,True,2015-04-30,2026-03-30,INE366I01010,VRLLOG
ID_8650605336a0,NILAINFRA,unique_current_nse_symbol,NILAINFRA,False,True,2015-05-21,2026-03-30,INE937C01029,NILAINFRA
ID_866046cf0599,JP40G,lexicographic_fallback,E40G,False,False,,,,E40G;JP40G
ID_866046cf0599,JP40G,lexicographic_fallback,JP40G,False,False,,,,E40G;JP40G
ID_867fcd118920,SURYALAXMI,unique_current_nse_symbol,SURYALAXMI,False,True,2013-01-01,2026-03-30,INE713B01026,SURYALAXMI
ID_86876259834b,ARTEMISMED,unique_current_nse_symbol,ARTEMISMED,False,True,2020-02-06,2026-03-30,INE025R01013;INE025R01021,ARTEMISMED
ID_86a8c21d80c3,APEX,unique_current_nse_symbol,APEX,False,True,2017-09-18,2026-03-30,INE346W01013,APEX
ID_86be15f9e588,MYSOREBANK,latest_observed_symbol,MYSOREBANK,False,False,2013-01-01,2017-03-15,INE651A01020,MYSOREBANK
ID_86caad397501,HITECHGEAR,unique_current_nse_symbol,HITECHGEAR,False,True,2013-01-01,2024-09-03,INE127B01011,HITECHGEAR
ID_86eb5529a131,RDAXCDD,lexicographic_fallback,NDAXCDD,False,False,,,,NDAXCDD;RDAXCDD
ID_86eb5529a131,RDAXCDD,lexicographic_fallback,RDAXCDD,False,False,,,,NDAXCDD;RDAXCDD
ID_870db211f6a7,SHARDUL,unique_current_nse_symbol,SHARDUL,False,True,,,,SHARDUL
ID_871aa158ce33,ZEEL,unique_current_nse_symbol,ZEEL,True,True,2013-01-01,2026-03-30,INE256A01028,ZEEL;ZEETELE
ID_871aa158ce33,ZEEL,unique_current_nse_symbol,ZEETELE,False,False,,,,ZEEL;ZEETELE
ID_875a0b7faea7,JD37G,lexicographic_fallback,ED37G,False,False,,,,ED37G;JD37G
ID_875a0b7faea7,JD37G,lexicographic_fallback,JD37G,False,False,,,,ED37G;JD37G
ID_875bd5b3daf6,MONARCH,unique_current_nse_symbol,MONARCH,False,True,2022-01-06,2026-03-30,INE903D01011,MONARCH
ID_8772d7857b6b,MOIPO,latest_observed_symbol,MOIPO,False,False,2025-11-20,2026-03-30,INF247L01GI5,MOIPO
ID_877c7cd32959,NORTHARC,unique_current_nse_symbol,NORTHARC,False,True,2024-09-24,2026-03-30,INE850M01015,NORTHARC
ID_878260dfb888,TTL,unique_current_nse_symbol,TTL,False,True,2013-03-01,2026-02-23,INE592B01016;INE592B01024,TTL
ID_87aa01621198,MANORAMA,unique_current_nse_symbol,MANORAMA,False,True,2022-07-01,2026-03-30,INE00VM01010;INE00VM01036,MANORAMA
ID_87b4f6fdc3e0,CUMMINSIND,unique_current_nse_symbol,CUMMINSIND,True,True,2013-01-01,2026-03-30,INE298A01020,CUMMINSIND;KIRLOSKCUM
ID_87b4f6fdc3e0,CUMMINSIND,unique_current_nse_symbol,KIRLOSKCUM,False,False,,,,CUMMINSIND;KIRLOSKCUM
ID_87c931a2575c,PGIMATGPG,lexicographic_fallback,DPRMATGPG,False,False,,,,DPRMATGPG;PGIMATGPG
ID_87c931a2575c,PGIMATGPG,lexicographic_fallback,PGIMATGPG,False,False,,,,DPRMATGPG;PGIMATGPG
ID_87dda9a6a83a,PGIMBBD1G,lexicographic_fallback,DPRMBBD1G,False,False,,,,DPRMBBD1G;PGIMBBD1G
ID_87dda9a6a83a,PGIMBBD1G,lexicographic_fallback,PGIMBBD1G,False,False,,,,DPRMBBD1G;PGIMBBD1G
ID_8802fef4c8f9,SBIBPB,latest_observed_symbol,SBIBPB,False,False,2025-03-27,2026-03-30,INF200KB1712,SBIBPB
ID_88069d22c439,SUTLEJTEX,unique_current_nse_symbol,SUTLEJTEX,False,True,2013-03-01,2026-03-30,INE645H01019;INE645H01027,SUTLEJTEX
ID_880914287ca0,LAKPRE,unique_current_nse_symbol,LAKPRE,False,True,2013-01-01,2018-09-24,INE651C01018,LAKPRE
ID_8824e520c0d9,ECAPINSURE,latest_observed_symbol,ECAPINSURE,False,False,2025-01-06,2026-03-30,INF754K01TX4,ECAPINSURE
ID_8831de2c3913,MIDSMALL,latest_observed_symbol,MIDSMALL,False,False,2024-05-28,2026-03-30,INF769K01LJ8,MIDSMALL
ID_883da8c71d31,AASTHA,unique_current_nse_symbol,AASTHA,False,True,,,,AASTHA
ID_8875ac9f306b,UMIYA-MRO,unique_current_nse_symbol,MRO-TEK,False,False,2013-01-01,2025-04-11,INE398B01018,MRO-TEK;UMIYA-MRO
ID_8875ac9f306b,UMIYA-MRO,unique_current_nse_symbol,UMIYA-MRO,False,True,2025-04-15,2026-03-30,INE398B01018,MRO-TEK;UMIYA-MRO
ID_88c0b0118299,EQUIPPP,unique_current_nse_symbol,EQUIPPP,False,True,2021-11-30,2022-05-24,INE217G01035,EQUIPPP;PROINDIA
ID_88c0b0118299,EQUIPPP,unique_current_nse_symbol,PROINDIA,False,False,2021-06-03,2021-11-29,INE217G01035,EQUIPPP;PROINDIA
ID_88d7d4aed188,VASWANI,unique_current_nse_symbol,VASWANI,False,True,2013-01-01,2026-03-30,INE590L01019,VASWANI
ID_88e1e06a6019,EFCIL,unique_current_nse_symbol,EFCIL,False,True,2025-08-20,2026-03-30,INE886D01026,EFCIL
ID_88f214b05a81,KPL,unique_current_nse_symbol,KPL,False,True,,,,KPL
ID_891d3b72a0b9,BCONCEPTS,unique_current_nse_symbol,BCONCEPTS,False,True,2022-01-11,2026-03-30,INE977Y01011,BCONCEPTS
ID_89400e6fcbdf,DUCON,unique_current_nse_symbol,DUCON,False,True,2016-05-11,2026-03-30,INE741L01018,DUCON;DYNATECH
ID_89400e6fcbdf,DUCON,unique_current_nse_symbol,DYNATECH,False,False,2013-01-01,2016-05-10,INE741L01018,DUCON;DYNATECH
ID_89560188fc8f,WINPRO,latest_observed_symbol,JUMPNET,False,False,2019-08-19,2021-12-21,INE974C01022,JUMPNET;WINPRO
ID_89560188fc8f,WINPRO,latest_observed_symbol,WINPRO,False,False,2021-12-22,2023-04-28,INE974C01022,JUMPNET;WINPRO
ID_8956c037a9bb,CONSUMER,latest_observed_symbol,CONSUMER,False,False,2025-01-01,2026-03-30,INF769K01NS5,CONSUMER
ID_896bc06175fa,MARKSANS,unique_current_nse_symbol,MARKSANS,True,True,2013-06-14,2026-03-30,INE750C01026,MARKSANS;TASCPHARMA
ID_896bc06175fa,MARKSANS,unique_current_nse_symbol,TASCPHARMA,False,False,,,,MARKSANS;TASCPHARMA
ID_89b0c8664fb9,SERVOTECH,unique_current_nse_symbol,SERVOTECH,False,True,2021-09-02,2026-03-30,INE782X01017;INE782X01025;INE782X01033,SERVOTECH
ID_89c9be6bc1a1,SREINFRA,latest_observed_symbol,SREINFRA,True,False,2013-01-01,2022-05-24,INE872A01014,SREINFRA;SREINTFIN
ID_89c9be6bc1a1,SREINFRA,latest_observed_symbol,SREINTFIN,False,False,,,,SREINFRA;SREINTFIN
ID_89e5c573288a,STEELCAS,unique_current_nse_symbol,STEELCAS,False,True,2021-11-23,2026-03-30,INE124E01020;INE124E01038,STEELCAS
ID_89eead792e90,ORCHIDPHAR,latest_observed_symbol,ORCHIDCHEM,True,False,2013-01-01,2015-12-18,INE191A01019,ORCHIDCHEM;ORCHIDPHAR
ID_89eead792e90,ORCHIDPHAR,latest_observed_symbol,ORCHIDPHAR,False,False,2015-12-21,2017-09-27,INE191A01019,ORCHIDCHEM;ORCHIDPHAR
ID_89fbeb9a69e2,AONETOTAL,latest_observed_symbol,AONETOTAL,False,False,2025-03-05,2026-03-30,INF1J2R01015,AONETOTAL
ID_8a1a6448f746,LAOPALA,unique_current_nse_symbol,LAOPALA,True,True,2013-01-01,2026-03-30,INE059D01012;INE059D01020,LAOPALA
ID_8a380968645f,VERANDA,unique_current_nse_symbol,VERANDA,False,True,2022-04-27,2026-03-30,INE0IQ001011,VERANDA
ID_8a412543e051,RECLTD,unique_current_nse_symbol,RECLTD,True,True,2013-01-01,2026-03-30,INE020B01018,RECLTD
ID_8a55ce11fd31,POEL,unique_current_nse_symbol,POEL,False,True,,,,POEL
ID_8a5b3ecb9857,TCIFINANCE,unique_current_nse_symbol,TCIFINANCE,False,True,2013-01-01,2026-03-30,INE911B01018,TCIFINANCE
ID_8a5d55dda01e,PGIMAEDPD,lexicographic_fallback,DPRMAEDP,False,False,,,,DPRMAEDP;PGIMAEDPD
ID_8a5d55dda01e,PGIMAEDPD,lexicographic_fallback,PGIMAEDPD,False,False,,,,DPRMAEDP;PGIMAEDPD
ID_8a62e1d84fa8,SHANTIGEAR,unique_current_nse_symbol,SHANTIGEAR,False,True,2013-01-01,2026-03-30,INE631A01022,SHANTIGEAR
ID_8a6610cf4abb,BBL,unique_current_nse_symbol,BARATBIJLE,False,False,,,,BARATBIJLE;BBL
ID_8a6610cf4abb,BBL,unique_current_nse_symbol,BBL,False,True,2013-01-01,2026-03-30,INE464A01028;INE464A01036,BARATBIJLE;BBL
ID_8a6b678e42ae,NAVINFLUOR,unique_current_nse_symbol,NAVINFLUOR,True,True,2013-01-01,2026-03-30,INE048G01018;INE048G01026,NAVINFLUOR
ID_8ab29a7bda3b,SHRIKRISH,unique_current_nse_symbol,SHRIKRISH,False,True,,,,SHRIKRISH
ID_8abb1e07f9b8,SHRIRAMPPS,unique_current_nse_symbol,SHRIRAMPPS,False,True,2021-12-20,2026-03-30,INE217L01019,SHRIRAMPPS
ID_8ac11499b59d,ARIHANTCAP,unique_current_nse_symbol,ARIHANTCAP,False,True,2021-06-15,2026-03-30,INE420B01028;INE420B01036,ARIHANTCAP
ID_8af17c122d0e,VADILALIND,unique_current_nse_symbol,VADILALIND,False,True,2013-01-01,2026-03-30,INE694D01016,VADILALIND
ID_8af680777f96,SANGHVIFOR,latest_observed_symbol,SANGHVIFOR,False,False,2013-01-01,2021-04-30,INE263L01013,SANGHVIFOR
ID_8afca9dba1cc,SCANSTL,unique_current_nse_symbol,SCANSTL,False,True,,,,SCANSTL
ID_8b0b5d0c6cec,AUSTRAL,latest_observed_symbol,AUSTRAL,False,False,2013-02-22,2017-05-19,INE455J01027,AUSTRAL
ID_8b13db149d67,BRFL,latest_observed_symbol,BRFL,True,False,2013-01-01,2022-04-01,INE589G01011,BRFL
ID_8b3d0a2d216d,ENRIN,unique_current_nse_symbol,ENRIN,True,True,2025-07-03,2026-03-30,INE1NPP01017,ENRIN
ID_8b53df9295b4,SADHNANIQ,unique_current_nse_symbol,SADHNANIQ,False,True,2023-05-05,2026-03-30,INE888C01040,SADHNANIQ
ID_8b59147c2cb3,BAGFILMS,unique_current_nse_symbol,BAGFILMS,False,True,2013-03-01,2026-03-30,INE116D01028,BAGFILMS
ID_8b5ceccd1b88,FLAIR,unique_current_nse_symbol,FLAIR,False,True,2023-12-01,2026-03-30,INE00Y201027,FLAIR
ID_8b609a3fcf4e,KANANIIND,unique_current_nse_symbol,KANANIIND,False,True,2013-01-01,2026-03-30,INE879E01037,KANANIIND
ID_8b6614d101ea,ESSAROIL,latest_observed_symbol,ESSAROIL,True,False,2013-01-01,2016-02-09,INE011A01019,ESSAROIL
ID_8ba653db8222,VHLTD,unique_current_nse_symbol,VHLTD,False,True,,,,VHLTD
ID_8bbbc0933921,UMANGDAIRY,latest_observed_symbol,UMANGDAIRY,False,False,2015-12-02,2025-06-26,INE864B01027,UMANGDAIRY
ID_8bc118bcaff0,EON,latest_observed_symbol,EON,False,False,2013-01-01,2020-02-26,INE076H01025,EON
ID_8bc1d97f9b31,SMARTWORKS,unique_current_nse_symbol,SMARTWORKS,False,True,2025-07-17,2026-03-30,INE0NAZ01010,SMARTWORKS
ID_8bca278fbdc1,LOTUSDEV,unique_current_nse_symbol,LOTUSDEV,False,True,2025-08-06,2026-03-30,INE0V9Q01010,LOTUSDEV
ID_8bccbb9881ff,DBCORP,unique_current_nse_symbol,DBCORP,True,True,2013-01-01,2026-03-30,INE950I01011,DBCORP
ID_8bcd4606c853,CNOVAPETRO,latest_observed_symbol,CNOVAPETRO,False,False,2014-02-03,2021-02-24,INE672K01025,CNOVAPETRO
ID_8bd538265d52,IBMFNIFTY,latest_observed_symbol,IBMFNIFTY,False,False,2019-05-08,2023-10-25,INF666M01FS5,IBMFNIFTY
ID_8bf42072f20f,PGIMAQGPG,lexicographic_fallback,DPRMAQGPG,False,False,,,,DPRMAQGPG;PGIMAQGPG
ID_8bf42072f20f,PGIMAQGPG,lexicographic_fallback,PGIMAQGPG,False,False,,,,DPRMAQGPG;PGIMAQGPG
ID_8bf79d17527f,SANOFI,unique_current_nse_symbol,AVENTIS,False,False,,,,AVENTIS;HOECHST;SANOFI
ID_8bf79d17527f,SANOFI,unique_current_nse_symbol,HOECHST,False,False,,,,AVENTIS;HOECHST;SANOFI
ID_8bf79d17527f,SANOFI,unique_current_nse_symbol,SANOFI,True,True,2013-01-01,2026-03-30,INE058A01010,AVENTIS;HOECHST;SANOFI
ID_8c07bc94c16f,ELGIRUBCO,unique_current_nse_symbol,ELGIRUBCO,False,True,2013-01-01,2026-03-30,INE819L01012,ELGIRUBCO
ID_8c08824c9971,INDTERRAIN,unique_current_nse_symbol,INDTERRAIN,False,True,2013-01-01,2026-03-30,INE611L01013;INE611L01021,INDTERRAIN
ID_8c0badb01ee6,MANAKALUCO,unique_current_nse_symbol,MANAKALUCO,False,True,2015-04-16,2026-01-19,INE859Q01017,MANAKALUCO
ID_8c2926608c0a,BEEKAY,unique_current_nse_symbol,BEEKAY,False,True,,,,BEEKAY
ID_8c2d3b8a910b,QUICKHEAL,unique_current_nse_symbol,QUICKHEAL,False,True,2016-02-18,2026-03-30,INE306L01010,QUICKHEAL
ID_8c466228b4cc,GEODESIC,latest_observed_symbol,GEODESIC,False,False,2013-01-01,2013-12-09,INE371D01029,GEODESIC;GEOINFO
ID_8c466228b4cc,GEODESIC,latest_observed_symbol,GEOINFO,False,False,,,,GEODESIC;GEOINFO
ID_8c523f3dfcd6,KEC,unique_current_nse_symbol,KEC,True,True,2013-01-01,2026-03-30,INE389H01022,KEC
ID_8c5f6dd135c6,HBSL,unique_current_nse_symbol,HBSL,False,True,2018-08-09,2026-03-30,INE550B01022,HBSL
ID_8c612a038e59,ESSARSHPNG,unique_current_nse_symbol,ESSARSHPNG,False,True,2013-01-01,2026-03-30,INE122M01019,ESSARSHPNG
ID_8c6df6c367eb,NIPPOBATRY,unique_current_nse_symbol,NIPPOBATRY,False,True,2013-01-01,2026-03-30,INE567A01010;INE567A01028,NIPPOBATRY
ID_8c6ee21f3724,ABGSHIP,latest_observed_symbol,ABGSHIP,False,False,2013-01-01,2017-01-23,INE067H01016,ABGSHIP
ID_8c8a023fda30,RUBYMILLS,unique_current_nse_symbol,RUBYMILLS,False,True,2013-01-01,2026-03-30,INE301D01026,RUBYMILLS
ID_8c9365478f79,SPENCERS,unique_current_nse_symbol,SPENCERS,False,True,2019-02-08,2026-03-30,INE020801028,SPENCERS
ID_8c9e63d113de,ALMONDZ,unique_current_nse_symbol,ALMONDZ,False,True,2013-01-01,2026-03-30,INE326B01027;INE326B01035,ALMONDZ
ID_8ca49f3aae3e,SYNDIBANK,latest_observed_symbol,SYNDIBANK,True,False,2013-01-01,2020-03-19,INE667A01018,SYNDIBANK
ID_8cbbf99a4d47,ORIENTCER,unique_current_nse_symbol,ORIENTABRA,False,False,2013-01-01,2023-07-12,INE569C01020,ORIENTABRA;ORIENTCER
ID_8cbbf99a4d47,ORIENTCER,unique_current_nse_symbol,ORIENTCER,False,True,2023-10-16,2026-03-30,INE569C01020,ORIENTABRA;ORIENTCER
ID_8cc34dcc63d7,DAICHI,unique_current_nse_symbol,DAICHI,False,True,,,,DAICHI
ID_8cca7276549d,PRUDMOULI,unique_current_nse_symbol,PRUDMOULI,False,True,2024-03-11,2026-03-30,INE024D01016,PRUDMOULI
ID_8ccf732180e6,DODLA,unique_current_nse_symbol,DODLA,False,True,2021-06-28,2026-03-30,INE021O01019,DODLA
ID_8cde3c06c9ed,HDFCBSE500,latest_observed_symbol,HDFCBSE500,False,False,2023-02-21,2026-03-30,INF179KC1EZ4,HDFCBSE500
ID_8ceb238c8656,BRITANNIA,unique_current_nse_symbol,BRITANNIA,True,True,2013-01-01,2026-03-30,INE216A01022;INE216A01030,BRITANNIA
ID_8cf0689122eb,MOHEALTH,latest_observed_symbol,MOHEALTH,False,False,2022-08-04,2026-03-30,INF247L01BB1,MOHEALTH
ID_8d074a15f965,AVL,unique_current_nse_symbol,AVL,False,True,2024-11-06,2026-03-30,INE679V01027,AVL
ID_8d0e350824e8,MAMATA,unique_current_nse_symbol,MAMATA,False,True,2025-01-10,2026-03-30,INE0TO701015,MAMATA
ID_8d27e7a9a937,KUSUMGAR,unique_current_nse_symbol,KUSUMGAR,False,True,,,,KUSUMGAR
ID_8d409c962cca,FOODSIN,unique_current_nse_symbol,FOODSIN,False,True,2021-11-16,2026-03-30,INE976E01023,FOODSIN
ID_8d7d4ba60c65,INTLCONV,unique_current_nse_symbol,INTLCONV,False,True,2021-09-16,2026-03-30,INE575C01027,INTLCONV
ID_8d85718658b8,ASAHISONG,unique_current_nse_symbol,ASAHISONG,False,True,2013-01-01,2026-03-30,INE228I01012,ASAHISONG
ID_8d983b8f10bd,CIEINDIA,unique_current_nse_symbol,CIEINDIA,True,True,2023-06-19,2026-03-30,INE536H01010,CIEINDIA;MAHINDCIE;MAHINDFORG
ID_8d983b8f10bd,CIEINDIA,unique_current_nse_symbol,MAHINDCIE,True,False,2013-12-17,2023-06-16,INE536H01010,CIEINDIA;MAHINDCIE;MAHINDFORG
ID_8d983b8f10bd,CIEINDIA,unique_current_nse_symbol,MAHINDFORG,False,False,2013-01-01,2013-12-16,INE536H01010,CIEINDIA;MAHINDCIE;MAHINDFORG
ID_8d99001e26c9,ASHOKLEY,unique_current_nse_symbol,ASHOKLEY,True,True,2013-01-01,2026-03-30,INE208A01029,ASHOKLEY
ID_8db808ef3dd4,MTARTECH,unique_current_nse_symbol,MTARTECH,True,True,2021-03-15,2026-03-30,INE864I01014,MTARTECH
ID_8dc2946e3723,INTERARCH,unique_current_nse_symbol,INTERARCH,False,True,2024-08-26,2026-03-30,INE00M901018,INTERARCH
ID_8dcae1e4bdf0,RAMCOSYS,unique_current_nse_symbol,RAMCOSYS,True,True,2013-01-01,2026-03-30,INE246B01019,RAMCOSYS
ID_8dcd08c12e94,MOSCHIP,unique_current_nse_symbol,MOSCHIP,False,True,2025-02-05,2026-03-30,INE935B01025,MOSCHIP
ID_8dd5eb4caba0,TVTODAY,unique_current_nse_symbol,TVTODAY,True,True,2013-01-01,2026-03-30,INE038F01029,TVTODAY
ID_8ddeb3fe6361,REDINGTON,unique_current_nse_symbol,REDINGTON,True,True,2013-01-01,2026-03-30,INE891D01026,REDINGTON
ID_8de9da0da100,CONFIPET,unique_current_nse_symbol,CONFIPET,False,True,2019-06-13,2026-03-30,INE552D01024,CONFIPET
ID_8dffd034a50f,ABSLBANETF,latest_observed_symbol,ABSLBANETF,False,False,2019-10-30,2026-03-30,INF209KB17D5;INF209KB1O58,ABSLBANETF
ID_8e410f2c15f6,ANTGRAPHIC,unique_current_nse_symbol,ANTGRAPHIC,False,True,2013-03-01,2026-03-30,INE414B01021,ANTGRAPHIC
ID_8e4a3f2d9ed7,SALASAR,unique_current_nse_symbol,SALASAR,False,True,2017-08-08,2026-03-30,INE170V01019;INE170V01027,SALASAR
ID_8e80798e4855,SHADOWFAX,unique_current_nse_symbol,SHADOWFAX,False,True,2026-01-28,2026-03-30,INE12UN01015,SHADOWFAX
ID_8e865f82ed52,DECCANCE,unique_current_nse_symbol,DECCANCE,False,True,2013-01-01,2026-03-30,INE583C01013;INE583C01021,DECCANCE;DECCANCEM
ID_8e865f82ed52,DECCANCE,unique_current_nse_symbol,DECCANCEM,False,False,,,,DECCANCE;DECCANCEM
ID_8eaaea471093,FAIRCHEMOR,unique_current_nse_symbol,FAIRCHEMOR,False,True,2021-01-08,2026-03-30,INE0DNW01011,FAIRCHEMOR
ID_8eb1f826af9c,LTFOODS,unique_current_nse_symbol,DAAWAT,False,False,2013-01-01,2023-11-03,INE818H01012;INE818H01020,DAAWAT;LTFOODS
ID_8eb1f826af9c,LTFOODS,unique_current_nse_symbol,LTFOODS,True,True,2023-11-06,2026-03-30,INE818H01020,DAAWAT;LTFOODS
ID_8ebd448e2dbf,BBOX,unique_current_nse_symbol,AGCNET,False,False,2013-01-01,2021-12-02,INE676A01019,AGCNET;AVAYAGCL;BBOX;TATATELECM
ID_8ebd448e2dbf,BBOX,unique_current_nse_symbol,AVAYAGCL,False,False,,,,AGCNET;AVAYAGCL;BBOX;TATATELECM
ID_8ebd448e2dbf,BBOX,unique_current_nse_symbol,BBOX,False,True,2021-12-03,2026-03-30,INE676A01019;INE676A01027,AGCNET;AVAYAGCL;BBOX;TATATELECM
ID_8ebd448e2dbf,BBOX,unique_current_nse_symbol,TATATELECM,False,False,,,,AGCNET;AVAYAGCL;BBOX;TATATELECM
ID_8ec90a6f3d3c,OSWALPUMPS,unique_current_nse_symbol,OSWALPUMPS,False,True,2025-06-20,2026-03-30,INE0BYP01024,OSWALPUMPS
ID_8ed3c9ab0ad7,PGIMAGGPG,lexicographic_fallback,DPRMAGGP,False,False,,,,DPRMAGGP;PGIMAGGPG
ID_8ed3c9ab0ad7,PGIMAGGPG,lexicographic_fallback,PGIMAGGPG,False,False,,,,DPRMAGGP;PGIMAGGPG
ID_8ef343850faf,MATRIMONY,unique_current_nse_symbol,MATRIMONY,False,True,2017-09-21,2026-03-30,INE866R01028,MATRIMONY
ID_8eff9eb2fb18,BORORENEW,unique_current_nse_symbol,BORORENEW,True,True,2020-02-20,2026-03-30,INE666D01022,BORORENEW;BOROSIL
ID_8eff9eb2fb18,BORORENEW,unique_current_nse_symbol,BOROSIL,False,False,2018-05-25,2020-02-19,INE666D01022,BORORENEW;BOROSIL
ID_8f001b6cbc3f,MARSHALL,latest_observed_symbol,MARSHALL,False,False,2021-11-22,2024-11-14,INE00SZ01018,MARSHALL
ID_8f055258107e,VIDEOIND,latest_observed_symbol,VDOLEASE,False,False,,,,VDOLEASE;VIDEOIND
ID_8f055258107e,VIDEOIND,latest_observed_symbol,VIDEOIND,False,False,2013-01-01,2018-05-21,INE703A01011,VDOLEASE;VIDEOIND
ID_8f0e988588fb,RDAXIDDD,lexicographic_fallback,NDAXIDDD,False,False,,,,NDAXIDDD;RDAXIDDD
ID_8f0e988588fb,RDAXIDDD,lexicographic_fallback,RDAXIDDD,False,False,,,,NDAXIDDD;RDAXIDDD
ID_8f14bef29909,GARFIBRES,unique_current_nse_symbol,GARFIBRES,True,True,2018-08-13,2026-03-30,INE276A01018,GARFIBRES;GARWALLROP
ID_8f14bef29909,GARFIBRES,unique_current_nse_symbol,GARWALLROP,False,False,2013-01-01,2018-08-10,INE276A01018,GARFIBRES;GARWALLROP
ID_8f3a80587746,PGIMC6GPG,lexicographic_fallback,DWSLCFS2RG,False,False,,,,DWSLCFS2RG;PGIMC6GPG
ID_8f3a80587746,PGIMC6GPG,lexicographic_fallback,PGIMC6GPG,False,False,,,,DWSLCFS2RG;PGIMC6GPG
ID_8f715708a2d9,CAMS,unique_current_nse_symbol,CAMS,True,True,2020-10-05,2026-03-30,INE596I01012;INE596I01020,CAMS
ID_8f73172cc287,DHANBANK,unique_current_nse_symbol,DHANBANK,False,True,2013-01-01,2026-03-30,INE680A01011,DHANBANK
ID_8f947f41d097,RMFINQIDP1,lexicographic_fallback,NMFINQIDP1,False,False,,,,NMFINQIDP1;RMFINQIDP1
ID_8f947f41d097,RMFINQIDP1,lexicographic_fallback,RMFINQIDP1,False,False,,,,NMFINQIDP1;RMFINQIDP1
ID_8f98bf6ad85d,ABREL,unique_current_nse_symbol,ABREL,True,True,2024-10-10,2026-03-30,INE055A01016,ABREL;CENTURYTEX
ID_8f98bf6ad85d,ABREL,unique_current_nse_symbol,CENTURYTEX,True,False,2013-01-01,2024-10-09,INE055A01016,ABREL;CENTURYTEX
ID_8faba8ef1058,FERMENTA,unique_current_nse_symbol,FERMENTA,False,True,,,,FERMENTA
ID_8fb0733cef23,SIGACHI,unique_current_nse_symbol,SIGACHI,False,True,2021-11-30,2026-03-30,INE0D0K01014;INE0D0K01022,SIGACHI
ID_8fd1d7fc268e,KCP,unique_current_nse_symbol,KCP,False,True,2013-01-01,2026-03-30,INE805C01028,KCP
ID_8fea270eed80,HIKAL,unique_current_nse_symbol,HIKAL,True,True,2013-01-01,2026-03-30,INE475B01014;INE475B01022,HIKAL
ID_8fec30119fbf,OMNITECH,latest_observed_symbol,OMNITECH,False,False,2013-01-01,2016-11-17,INE810H01019,OMNITECH
ID_8ff245c14aa2,JAIBALAJI,unique_current_nse_symbol,BALASPONGE,False,False,,,,BALASPONGE;JAIBALAJI
ID_8ff245c14aa2,JAIBALAJI,unique_current_nse_symbol,JAIBALAJI,True,True,2013-01-01,2026-03-30,INE091G01018;INE091G01026,BALASPONGE;JAIBALAJI
ID_900a7a29588d,NIRAJISPAT,unique_current_nse_symbol,NIRAJISPAT,False,True,2024-09-04,2026-02-10,INE326T01011,NIRAJISPAT
ID_900e16bf5de4,IRCTC,unique_current_nse_symbol,IRCTC,True,True,2019-10-14,2026-03-30,INE335Y01012;INE335Y01020,IRCTC
ID_9014c5b3d9cc,JISLDVREQS,unique_current_nse_symbol,JISLDVREQS,False,True,2013-01-01,2026-03-30,IN9175A01010,JISLDVREQS
ID_90161b5c12f4,SVLL,unique_current_nse_symbol,SVLL,False,True,2023-04-21,2026-03-30,INE00CE01017,SVLL
ID_90393512dd03,MAYURUNIQ,unique_current_nse_symbol,MAYURUNIQ,True,True,2013-01-01,2026-03-30,INE040D01012;INE040D01038,MAYURUNIQ
ID_903b58f380a8,DATAMATICS,unique_current_nse_symbol,DATAMATICS,False,True,2013-01-01,2026-03-30,INE365B01017,DATAMATICS;DATATECH
ID_903b58f380a8,DATAMATICS,unique_current_nse_symbol,DATATECH,False,False,,,,DATAMATICS;DATATECH
ID_90c347febee1,UNIVASTU,unique_current_nse_symbol,UNIVASTU,False,True,2020-06-22,2026-03-30,INE562X01013,UNIVASTU
ID_90fcde5dabb9,GANECOS,unique_current_nse_symbol,GANECOS,False,True,2015-03-09,2026-03-30,INE845D01014,GANECOS
ID_9114d343c624,BALMLAWRIE,unique_current_nse_symbol,BALMLAWRIE,True,True,2013-01-01,2026-03-30,INE164A01016,BALMLAWRIE
ID_9116b3ea4eae,KOTYARK,unique_current_nse_symbol,KOTYARK,False,True,2026-03-12,2026-03-30,INE0J0B01017,KOTYARK
ID_91276e27728d,MAHAPEXLTD,unique_current_nse_symbol,MAHAPEXLTD,False,True,2022-02-22,2026-03-30,INE843B01013,MAHAPEXLTD
ID_91414aed6185,SUZLON,unique_current_nse_symbol,SUZLON,True,True,2013-01-01,2026-03-30,INE040H01021,SUZLON
ID_9148a3a5d29e,MARINE,unique_current_nse_symbol,MARINE,False,True,2020-12-02,2026-03-30,INE01JE01010;INE01JE01028,MARINE
ID_915d1fdcc7ea,ROHLTD,unique_current_nse_symbol,ROHLTD,False,True,2013-01-01,2026-03-30,INE283H01019,ROHLTD
ID_9161aff83370,HONDAPOWER,unique_current_nse_symbol,HONDAPOWER,False,True,2013-01-01,2026-03-30,INE634A01018,HONDAPOWER;SHRMHONDA
ID_9161aff83370,HONDAPOWER,unique_current_nse_symbol,SHRMHONDA,False,False,,,,HONDAPOWER;SHRMHONDA
ID_916de4fe5046,DOLLAR,unique_current_nse_symbol,DOLLAR,False,True,2017-05-30,2026-03-30,INE325C01027;INE325C01035,DOLLAR
ID_91737d2a40c8,PGIMAHD3D,lexicographic_fallback,DPRMAHD3,False,False,,,,DPRMAHD3;PGIMAHD3D
ID_91737d2a40c8,PGIMAHD3D,lexicographic_fallback,PGIMAHD3D,False,False,,,,DPRMAHD3;PGIMAHD3D
ID_917abd43b1bb,FABTECH,unique_current_nse_symbol,FABTECH,False,True,2025-10-23,2026-03-30,INE0HF201011,FABTECH
ID_918f8c93d46a,TIRUMALCHM,unique_current_nse_symbol,TIRUMALCHM,False,True,2013-01-01,2026-03-30,INE338A01016;INE338A01024,TIRUMALCHM
ID_918fa201aae6,SYNGENE,unique_current_nse_symbol,SYNGENE,True,True,2015-08-11,2026-03-30,INE398R01022,SYNGENE
ID_91bc5ee8d023,CUBEXTUB,unique_current_nse_symbol,CUBEXTUB,False,True,2013-01-01,2026-03-30,INE144D01012,CUBEXTUB
ID_91d34dd9d840,HOMEFIRST,unique_current_nse_symbol,HOMEFIRST,True,True,2021-02-03,2026-03-30,INE481N01025,HOMEFIRST
ID_91e5e98abff2,DCAL,unique_current_nse_symbol,DCAL,True,True,2017-10-06,2026-03-30,INE385W01011,DCAL
ID_91e71a7a38d7,MASKINVEST,unique_current_nse_symbol,MASKINVEST,False,True,2024-04-08,2026-03-30,INE885F01015,MASKINVEST
ID_9245f295fb42,AMBICAAGAR,unique_current_nse_symbol,AMBICAAGAR,False,True,2021-04-29,2026-03-30,INE792B01012,AMBICAAGAR
ID_924fe8a674d6,OMAXE,unique_current_nse_symbol,OMAXE,True,True,2013-01-01,2026-03-30,INE800H01010,OMAXE
ID_92797aa2533b,MCCHRLS-B,unique_current_nse_symbol,MCCHRLS-B,False,True,,,,MCCHRLS-B
ID_92a6d037df18,PGIMACADD,lexicographic_fallback,DPRMACAD,False,False,,,,DPRMACAD;PGIMACADD
ID_92a6d037df18,PGIMACADD,lexicographic_fallback,PGIMACADD,False,False,,,,DPRMACAD;PGIMACADD
ID_92bf6252dd8f,GCSL,unique_current_nse_symbol,GCSL,False,True,2025-09-04,2026-03-30,INE199P01028,GCSL
ID_92c4ef60ad71,KALYANISTL,lexicographic_fallback,KALSTEELS,False,False,,,,KALSTEELS;KALYANISTL
ID_92c4ef60ad71,KALYANISTL,lexicographic_fallback,KALYANISTL,False,False,,,,KALSTEELS;KALYANISTL
ID_92dc21be7bef,PRESTIGE,unique_current_nse_symbol,PRESTIGE,True,True,2013-01-01,2026-03-30,INE811K01011,PRESTIGE
ID_92e59d77187b,GOPAL,unique_current_nse_symbol,GOPAL,False,True,2024-03-14,2026-03-30,INE0L9R01028,GOPAL
ID_92f549c503d0,PASHUPATI,unique_current_nse_symbol,PASHUPATI,False,True,2025-07-17,2026-03-30,INE124Y01010,PASHUPATI
ID_92ff2e671ef5,RTNPOWER,unique_current_nse_symbol,IBPOW,False,False,2013-01-01,2014-11-19,INE399K01017,IBPOW;RTNPOWER
ID_92ff2e671ef5,RTNPOWER,unique_current_nse_symbol,RTNPOWER,True,True,2014-11-20,2026-03-30,INE399K01017,IBPOW;RTNPOWER
ID_93086d324c07,ARCL,unique_current_nse_symbol,ARCL,False,True,,,,ARCL
ID_9314c0af129d,SEDEMAC,unique_current_nse_symbol,SEDEMAC,False,True,2026-03-11,2026-03-30,INE00XB01019,SEDEMAC
ID_9317448499dd,SCHNEIDER,unique_current_nse_symbol,SCHNEIDER,True,True,2013-01-01,2026-02-23,INE839M01018,SCHNEIDER
ID_9318c00979fe,SHILPI,latest_observed_symbol,SHILPI,True,False,2013-01-01,2018-08-16,INE510K01019,SHILPI
ID_932eea76c415,NTPCGREEN,unique_current_nse_symbol,NTPCGREEN,True,True,2024-11-27,2026-03-30,INE0ONG01011,NTPCGREEN
ID_9331cc9a96d2,KOTHARIPET,unique_current_nse_symbol,KOTHARIPET,False,True,2013-01-01,2026-03-30,INE720A01015,KOTHARIPET
ID_9345889d1f0a,KARMAENG,unique_current_nse_symbol,KARMAENG,False,True,2013-01-01,2026-03-30,INE725L01011,KARMAENG
ID_934f2d27f893,ELDEHSG,unique_current_nse_symbol,ELDEHSG,False,True,2022-04-12,2026-03-30,INE668G01021,ELDEHSG
ID_936e302bbf14,HELIOSMATH,latest_observed_symbol,HELIOSMATH,False,False,2013-01-01,2015-08-21,INE674B01012,HELIOSMATH
ID_93739d33e049,EMULTIMQ,latest_observed_symbol,EMULTIMQ,False,False,2024-11-07,2026-03-30,INF754K01TF1,EMULTIMQ
ID_93911d5a2441,SAMBANDAM,unique_current_nse_symbol,SAMBANDAM,False,True,2013-01-01,2015-01-29,INE304D01012,SAMBANDAM
ID_939af35e33eb,MANUGRAPH,unique_current_nse_symbol,MANUGRAPH,False,True,2013-01-01,2026-03-30,INE867A01022,MANUGRAPH
ID_939b4a048ded,JTLIND,unique_current_nse_symbol,JTLIND,False,True,2022-11-21,2026-03-30,INE391J01024;INE391J01032,JTLIND;JTLINFRA
ID_939b4a048ded,JTLIND,unique_current_nse_symbol,JTLINFRA,False,False,2021-12-23,2022-11-18,INE391J01024,JTLIND;JTLINFRA
ID_93b272028914,RHETAN,unique_current_nse_symbol,RHETAN,False,True,2025-09-26,2026-03-30,INE0KKN01029,RHETAN
ID_93bc96317bf7,ELLEN,unique_current_nse_symbol,ELLEN,False,True,2025-07-01,2026-03-30,INE236E01022,ELLEN
ID_93be1a2d98dc,UNIINFO,unique_current_nse_symbol,UNIINFO,False,True,2022-01-12,2026-03-30,INE481Z01011,UNIINFO
ID_93d9a5d27818,NEAGI,unique_current_nse_symbol,NEAGI,False,True,,,,NEAGI
ID_93eed7b104d1,HALDYNGL,unique_current_nse_symbol,HALDYNGL,False,True,,,,HALDYNGL
ID_93ff85d9dba9,AARNAV,unique_current_nse_symbol,AARNAV,False,True,2026-02-25,2026-03-30,INE750R01016,AARNAV
ID_940862003268,CONCORDBIO,unique_current_nse_symbol,CONCORDBIO,True,True,2023-08-18,2026-03-30,INE338H01029,CONCORDBIO
ID_941a2627402e,NYKAA,unique_current_nse_symbol,NYKAA,True,True,2021-11-10,2026-03-30,INE388Y01029,NYKAA
ID_9421bfe0cd73,GODIGIT,unique_current_nse_symbol,GODIGIT,True,True,2024-05-23,2026-03-30,INE03JT01014,GODIGIT
ID_94341af62ea3,ABIRLANUVO,latest_observed_symbol,ABIRLANUVO,True,False,2013-01-01,2017-07-04,INE069A01017,ABIRLANUVO;INDRAYON
ID_94341af62ea3,ABIRLANUVO,latest_observed_symbol,INDRAYON,False,False,,,,ABIRLANUVO;INDRAYON
ID_9452befd78b3,CORALFINAC,unique_current_nse_symbol,CORALFINAC,False,True,2017-06-29,2026-03-30,INE558D01013;INE558D01021,CORALFINAC
ID_945a6d60ed51,SBIN,unique_current_nse_symbol,SBIN,True,True,2013-01-01,2026-03-30,INE062A01012;INE062A01020,SBIN
ID_94680c03c922,MOM100,latest_observed_symbol,M100,False,False,2013-01-01,2021-06-15,INF247L01023,M100;MOM100
ID_94680c03c922,MOM100,latest_observed_symbol,MOM100,False,False,2021-06-16,2026-03-30,INF247L01023,M100;MOM100
ID_947f7e37a66c,GDL,latest_observed_symbol,GDL,True,False,2013-01-01,2022-01-04,INE852F01015,GDL
ID_94950bc598bd,ALEMBICLTD,unique_current_nse_symbol,ALEMBICLTD,True,True,2013-01-01,2026-03-30,INE426A01027,ALEMBICLTD;ALMBICHEM
ID_94950bc598bd,ALEMBICLTD,unique_current_nse_symbol,ALMBICHEM,False,False,,,,ALEMBICLTD;ALMBICHEM
ID_94c79c964e09,SILVERBETA,latest_observed_symbol,SILVERBETA,False,False,2025-12-24,2026-03-30,INF789F1AYK6,SILVERBETA;SILVERETF
ID_94c79c964e09,SILVERBETA,latest_observed_symbol,SILVERETF,False,False,2023-04-20,2025-12-23,INF789F1AYK6,SILVERBETA;SILVERETF
ID_94dd5f5a78a1,IDFC,latest_observed_symbol,IDFC,True,False,2013-01-01,2024-10-09,INE043D01016,IDFC
ID_94e6a0796c55,TOLINS,unique_current_nse_symbol,TOLINS,False,True,2024-09-30,2026-03-30,INE0RWQ01014,TOLINS
ID_95050bc2eb1a,GRWRHITECH,unique_current_nse_symbol,GRWRHITECH,False,True,2022-02-03,2026-03-30,INE291A01017,GRWRHITECH
ID_9517a75931d8,ASHOKA,unique_current_nse_symbol,ASHOKA,True,True,2013-01-01,2026-03-30,INE442H01011;INE442H01029,ASHOKA
ID_95279b45f45c,5PAISA,unique_current_nse_symbol,5PAISA,False,True,2017-11-30,2026-03-30,INE618L01018,5PAISA
ID_954669728f32,MAXINDIA,latest_observed_symbol,MAXINDIA,True,False,2016-07-28,2020-06-11,INE153U01017,MAXINDIA
ID_9546dbc0705b,INDUSINVIT,lexicographic_fallback,BHINVIT,False,False,,,,BHINVIT;INDUSINVIT
ID_9546dbc0705b,INDUSINVIT,lexicographic_fallback,INDUSINVIT,False,False,,,,BHINVIT;INDUSINVIT
ID_9554e179157a,MOTHERSON,unique_current_nse_symbol,MOTHERSON,True,True,2022-06-09,2026-03-30,INE775A01035,MOTHERSON;MOTHERSUMI
ID_9554e179157a,MOTHERSON,unique_current_nse_symbol,MOTHERSUMI,False,False,2013-01-01,2022-06-08,INE775A01035,MOTHERSON;MOTHERSUMI
ID_9560447a54fd,CPL,unique_current_nse_symbol,CPL,False,True,,,,CPL
ID_9563c6af6fd1,GRMOVER,unique_current_nse_symbol,GRMOVER,False,True,2022-09-07,2026-03-30,INE192H01020,GRMOVER
ID_956490b42aa7,BAYERCROP,unique_current_nse_symbol,BAYERCROP,True,True,2013-01-01,2026-03-30,INE462A01022,BAYERCROP
ID_957a3c46e64c,FRETAIL,latest_observed_symbol,FRETAIL,True,False,2016-09-14,2022-07-22,INE752P01024,FRETAIL
ID_9590ecac6eee,AMRUTANJAN,unique_current_nse_symbol,AMRUTANJAN,False,True,2013-01-01,2026-03-30,INE098F01023;INE098F01031,AMRUTANJAN
ID_95936972a4c4,LUMINO,unique_current_nse_symbol,LUMINO,False,True,,,,LUMINO
ID_95a8cb28093a,SINCLAIR,unique_current_nse_symbol,SINCLAIR,False,True,2024-04-10,2026-03-30,INE985A01022,SINCLAIR
ID_95d36ec1413a,ACEINTEG,unique_current_nse_symbol,ACEINTEG,False,True,2022-11-04,2026-03-30,INE543V01017,ACEINTEG
ID_95dfdce8b1b9,TRAVELFOOD,unique_current_nse_symbol,TRAVELFOOD,True,True,2025-07-14,2026-03-30,INE103V01028,TRAVELFOOD
ID_95f4f3f4cd40,DHRUV,unique_current_nse_symbol,DHRUV,False,True,2021-11-25,2026-03-30,INE506Z01015,DHRUV
ID_95f678851478,SEARLEIND,lexicographic_fallback,BRABOURNE,False,False,,,,BRABOURNE;RPGLS;SEARLEIND
ID_95f678851478,SEARLEIND,lexicographic_fallback,RPGLS,False,False,,,,BRABOURNE;RPGLS;SEARLEIND
ID_95f678851478,SEARLEIND,lexicographic_fallback,SEARLEIND,False,False,,,,BRABOURNE;RPGLS;SEARLEIND
ID_9615b76139ea,SBICARD,unique_current_nse_symbol,SBICARD,True,True,2020-03-16,2026-03-30,INE018E01016,SBICARD
ID_96183138c746,EBBETF0423,latest_observed_symbol,EBBETF0423,False,False,2020-01-02,2023-04-11,INF754K01KN4,EBBETF0423
ID_961a59c6f2f3,VENTIVE,unique_current_nse_symbol,VENTIVE,True,True,2024-12-30,2026-03-30,INE781S01027,VENTIVE
ID_962dda5f83d3,MOMNC,latest_observed_symbol,MOMNC,False,False,2025-12-04,2026-03-30,INF247L01GK1,MOMNC
ID_9643f8dd38e9,CINEVISTA,unique_current_nse_symbol,CINEVISTA,False,True,2013-01-01,2026-03-30,INE039B01026,CINEVISTA
ID_9647639e47b9,KNRCON,unique_current_nse_symbol,KNRCON,True,True,2013-01-01,2026-03-30,INE634I01011;INE634I01029,KNRCON
ID_968d4d01b106,SAKTHIFIN,latest_observed_symbol,SAKTHIFIN,False,False,2014-05-23,2014-12-04,INE302E01014,SAKTHIFIN
ID_96927c7dd114,TVVISION,unique_current_nse_symbol,TVVISION,False,True,2016-09-29,2026-03-30,INE871L01013,TVVISION
ID_969935982cd0,BHAGYANGR,unique_current_nse_symbol,BHAGYANGR,False,True,2017-05-31,2026-03-30,INE458B01036,BHAGYANGR
ID_96a84089eebd,IRCON,unique_current_nse_symbol,IRCON,True,True,2018-09-28,2026-03-30,INE962Y01013;INE962Y01021,IRCON
ID_96bc1703ba91,MOREPENLAB,unique_current_nse_symbol,MOREPENLAB,False,True,2013-01-01,2026-03-30,INE083A01026,MOREPENLAB
ID_96bccf040162,AIRAN,unique_current_nse_symbol,AIRAN,False,True,2019-05-03,2026-03-30,INE645W01026,AIRAN
ID_96c5952fbd0a,XTGLOBAL,unique_current_nse_symbol,XTGLOBAL,False,True,2024-09-16,2026-03-30,INE547B01028,XTGLOBAL
ID_96dabc83a5fd,LALPATHLAB,unique_current_nse_symbol,LALPATHLAB,True,True,2015-12-23,2026-03-30,INE600L01024,LALPATHLAB
ID_96e47115d79f,MSPL,unique_current_nse_symbol,MSPL,False,True,2013-01-01,2026-03-30,INE752G01015,MSPL
ID_970144fa3635,ANGELONE,unique_current_nse_symbol,ANGELBRKG,True,False,2020-10-05,2021-11-10,INE732I01013,ANGELBRKG;ANGELONE
ID_970144fa3635,ANGELONE,unique_current_nse_symbol,ANGELONE,True,True,2021-11-11,2026-03-30,INE732I01013;INE732I01021,ANGELBRKG;ANGELONE
ID_970df02360a8,NOIDATOLL,unique_current_nse_symbol,NOIDATOLL,False,True,2013-01-01,2026-03-30,INE781B01015,NOIDATOLL
ID_972290c34d2a,RDAIXFDDD,lexicographic_fallback,NDAIXFDDD,False,False,,,,NDAIXFDDD;RDAIXFDDD
ID_972290c34d2a,RDAIXFDDD,lexicographic_fallback,RDAIXFDDD,False,False,,,,NDAIXFDDD;RDAIXFDDD
ID_972a36cfd929,AEROENTER,unique_current_nse_symbol,AEROENTER,False,True,2025-06-25,2026-03-30,INE065D01027,AEROENTER;SATINDLTD
ID_972a36cfd929,AEROENTER,unique_current_nse_symbol,SATINDLTD,False,False,2022-11-21,2025-06-24,INE065D01027,AEROENTER;SATINDLTD
ID_9732ffea3d11,EMSLIMITED,unique_current_nse_symbol,EMSLIMITED,False,True,2023-09-21,2026-03-30,INE0OV601013,EMSLIMITED
ID_975d900340d5,AEQUS,unique_current_nse_symbol,AEQUS,False,True,2025-12-10,2026-03-30,INE947N01017,AEQUS
ID_976c9427d699,PODDARMENT,unique_current_nse_symbol,PODDARMENT,False,True,2016-11-22,2026-03-30,INE371C01013,PODDARMENT
ID_977a9e48947e,SHREERAMA,unique_current_nse_symbol,SHREERAMA,False,True,2013-01-01,2026-03-30,INE879A01019,SHREERAMA
ID_97a8061e3a74,IRB,unique_current_nse_symbol,IRB,True,True,2013-01-01,2026-03-30,INE821I01014;INE821I01022,IRB
ID_97bb99e22011,AYE,unique_current_nse_symbol,AYE,False,True,2026-02-16,2026-03-30,INE501X01029,AYE
ID_97cc58764666,MERCATOR,latest_observed_symbol,MERCATOR,False,False,2013-01-01,2022-05-24,INE934B01028,MERCATOR;MLL
ID_97cc58764666,MERCATOR,latest_observed_symbol,MLL,False,False,,,,MERCATOR;MLL
ID_97d080adb898,ZENITHSTL,unique_current_nse_symbol,ZENITHBIR,False,False,2013-01-01,2020-06-15,INE318D01020,ZENITHBIR;ZENITHSTL
ID_97d080adb898,ZENITHSTL,unique_current_nse_symbol,ZENITHSTL,False,True,2021-01-11,2026-03-30,INE318D01020,ZENITHBIR;ZENITHSTL
ID_97d2780a82d4,JUBLCPL,unique_current_nse_symbol,JACPL,False,False,,,,JACPL;JUBLCPL
ID_97d2780a82d4,JUBLCPL,unique_current_nse_symbol,JUBLCPL,False,True,2025-03-03,2026-03-30,INE03CC01015,JACPL;JUBLCPL
ID_97e06f537839,VTL,unique_current_nse_symbol,MAHAVIRSPG,False,False,,,,MAHAVIRSPG;VTL
ID_97e06f537839,VTL,unique_current_nse_symbol,VTL,True,True,2013-01-01,2026-03-30,INE825A01012;INE825A01020,MAHAVIRSPG;VTL
ID_97f0c8ec9d1d,VARUN,latest_observed_symbol,VARUN,False,False,2013-03-01,2014-09-23,INE032G01012,VARUN
ID_97f325fe9060,SGIL,unique_current_nse_symbol,SGIL,False,True,2021-07-28,2026-03-30,INE00QT01015,SGIL
ID_97fefe59929b,GOENKA,latest_observed_symbol,GOENKA,False,False,2013-01-01,2014-09-23,INE516K01024,GOENKA
ID_9801ada2bc04,JPPOWER,unique_current_nse_symbol,JPHYDRO,False,False,,,,JPHYDRO;JPPOWER
ID_9801ada2bc04,JPPOWER,unique_current_nse_symbol,JPPOWER,True,True,2013-01-01,2026-03-30,INE351F01018,JPHYDRO;JPPOWER
ID_980536b14156,KALPATARU,unique_current_nse_symbol,KALPATARU,False,True,2025-07-01,2026-03-30,INE227J01012,KALPATARU
ID_980cdff4bbc4,GUJRATGAS,latest_observed_symbol,GUJRATGAS,False,False,2013-01-01,2015-05-26,INE374A01029,GUJRATGAS
ID_981dce2a9ffc,INFODRIVE,latest_observed_symbol,INFODRIVE,False,False,2013-03-01,2015-01-29,INE804D01011;INE804D01029,INFODRIVE
ID_981e9af099cd,MRF,unique_current_nse_symbol,MRF,True,True,2013-01-01,2026-03-30,INE883A01011,MRF
ID_983d157ee9a6,VAIBHAVGBL,unique_current_nse_symbol,VAIBHAVGBL,True,True,2013-03-01,2026-03-30,INE884A01019;INE884A01027,VAIBHAVGBL;VAIBHAVGEM
ID_983d157ee9a6,VAIBHAVGBL,unique_current_nse_symbol,VAIBHAVGEM,False,False,,,,VAIBHAVGBL;VAIBHAVGEM
ID_985f118f3d6d,LTGILTBEES,latest_observed_symbol,LTGILTBEES,False,False,2022-05-10,2026-03-30,INF204KB1882,LTGILTBEES;NETFLTGILT;RRSLGETF
ID_985f118f3d6d,LTGILTBEES,latest_observed_symbol,NETFLTGILT,False,False,2019-10-30,2022-05-09,INF204KB1882,LTGILTBEES;NETFLTGILT;RRSLGETF
ID_985f118f3d6d,LTGILTBEES,latest_observed_symbol,RRSLGETF,False,False,2016-07-14,2019-10-29,INF204KB1882,LTGILTBEES;NETFLTGILT;RRSLGETF
ID_9896dc910fde,DPABHUSHAN,unique_current_nse_symbol,DPABHUSHAN,False,True,2020-11-03,2026-03-30,INE266Y01019,DPABHUSHAN
ID_98a1515bfe42,DSFCL,unique_current_nse_symbol,DSFCL,False,True,2026-03-04,2026-03-30,INE0OFM01015,DSFCL
ID_98a294f480fa,RAMSARUP,latest_observed_symbol,RAMSARUP,False,False,2013-01-01,2014-01-02,INE005D01015,RAMSARUP
ID_98ac93e39203,THEJO,unique_current_nse_symbol,THEJO,False,True,2023-10-10,2026-03-30,INE121N01019,THEJO
ID_98bfb60abfcb,VIMTALABS,unique_current_nse_symbol,VIMTALABS,False,True,2013-01-01,2026-03-30,INE579C01029,VIMTALABS
ID_98c15d30b752,HDFC,latest_observed_symbol,HDFC,True,False,2013-01-01,2023-07-12,INE001A01036,HDFC
ID_98d91ff4e3bb,DUNCANSIND,latest_observed_symbol,DUNCANSIND,False,False,2013-03-01,2013-05-22,INE508A01014,DUNCANSIND
ID_98db43424a77,ARVINDFASN,unique_current_nse_symbol,ARVINDFASN,True,True,2019-03-25,2026-03-30,INE955V01021,ARVINDFASN
ID_9907fd170155,CLUTCHAUTO,latest_observed_symbol,CLUTCHAUTO,False,False,2013-01-01,2015-02-20,INE779B01019,CLUTCHAUTO
ID_993d059be0f7,TFL,unique_current_nse_symbol,TFL,False,True,2013-01-01,2026-03-30,INE804H01012,TFL
ID_9945225f7ec1,PGIMATD1G,lexicographic_fallback,DPRMATD1G,False,False,,,,DPRMATD1G;PGIMATD1G
ID_9945225f7ec1,PGIMATD1G,lexicographic_fallback,PGIMATD1G,False,False,,,,DPRMATD1G;PGIMATD1G
ID_99491da94f00,AUTOIND,unique_current_nse_symbol,AUTOIND,False,True,2013-01-01,2026-03-30,INE718H01014,AUTOIND
ID_99531b610887,IMPEXFERRO,unique_current_nse_symbol,IMPEXFERRO,False,True,2013-01-01,2024-01-18,INE691G01015,IMPEXFERRO
ID_995495fe159c,OSWALSEEDS,unique_current_nse_symbol,OSWALSEEDS,False,True,2023-02-28,2026-03-30,INE00IK01011;INE00IK01029,OSWALSEEDS
ID_997a273c9e79,RBL,latest_observed_symbol,RBL,False,False,2013-01-01,2025-04-21,INE244J01017,RBL
ID_9992f6e76ac5,TAALTECH,unique_current_nse_symbol,TAALTECH,False,True,,,,TAALTECH
ID_99982a381a9d,PRM1SD1,lexicographic_fallback,PGIM1SD1G,False,False,,,,PGIM1SD1G;PRM1SD1
ID_99982a381a9d,PRM1SD1,lexicographic_fallback,PRM1SD1,False,False,,,,PGIM1SD1G;PRM1SD1
ID_999853c8fc2a,AGL,unique_current_nse_symbol,AGL,False,True,,,,AGL
ID_999a0acda4a9,ITI,unique_current_nse_symbol,ITI,True,True,2013-01-01,2026-03-30,INE248A01017,ITI
ID_99aa4e39c6a4,EPACKPEB,unique_current_nse_symbol,EPACKPEB,False,True,2025-10-01,2026-03-30,INE0MLS01022,EPACKPEB
ID_99c30c231d39,MOSILVER,latest_observed_symbol,MOSILVER,False,False,2025-08-14,2026-03-30,INF247L01FZ1,MOSILVER
ID_99ce4a99585b,GEOJITFSL,unique_current_nse_symbol,GEOJIT,False,False,,,,GEOJIT;GEOJITBNPP;GEOJITFSL
ID_99ce4a99585b,GEOJITFSL,unique_current_nse_symbol,GEOJITBNPP,False,False,2013-01-01,2017-03-01,INE007B01023,GEOJIT;GEOJITBNPP;GEOJITFSL
ID_99ce4a99585b,GEOJITFSL,unique_current_nse_symbol,GEOJITFSL,False,True,2017-03-02,2026-03-30,INE007B01023,GEOJIT;GEOJITBNPP;GEOJITFSL
ID_99dcad5e7042,EXCELSOFT,unique_current_nse_symbol,EXCELSOFT,False,True,2025-11-26,2026-03-30,INE606N01019,EXCELSOFT
ID_99f5083cdb7c,TMB,unique_current_nse_symbol,TMB,True,True,2022-09-21,2026-03-30,INE668A01016,TMB
ID_99f54c68ed4f,EVERONN,latest_observed_symbol,EVERONN,False,False,2013-01-01,2016-11-03,INE678H01010,EVERONN
ID_9a016661ff51,DAMODARIND,unique_current_nse_symbol,DAMODARIND,False,True,2016-07-04,2026-03-30,INE497D01014;INE497D01022,DAMODARIND
ID_9a2247efa349,ABMKNO,unique_current_nse_symbol,ABMKNO,False,True,,,,ABMKNO
ID_9a24fe5009d2,RHFL,unique_current_nse_symbol,RHFL,True,True,2017-10-09,2025-09-23,INE217K01011,RHFL
ID_9a448c7361d5,MODIRUBBER,unique_current_nse_symbol,MODIRUBBER,False,True,2024-03-11,2026-03-30,INE832A01018,MODIRUBBER
ID_9a68b2fd5102,KAMATHOTEL,unique_current_nse_symbol,KAMATHOTEL,False,True,2013-01-01,2026-03-30,INE967C01018,KAMATHOTEL
ID_9aab7ce7accf,GUFICBIO,unique_current_nse_symbol,GUFICBIO,False,True,2013-01-01,2026-03-30,INE742B01025,GUFICBIO
ID_9accd988c0ac,JSWDULUX,unique_current_nse_symbol,AKZOINDIA,True,False,2013-01-01,2026-03-30,INE133A01011,AKZOINDIA;ICI;JSWDULUX
ID_9accd988c0ac,JSWDULUX,unique_current_nse_symbol,ICI,False,False,,,,AKZOINDIA;ICI;JSWDULUX
ID_9accd988c0ac,JSWDULUX,unique_current_nse_symbol,JSWDULUX,True,True,,,,AKZOINDIA;ICI;JSWDULUX
ID_9adb47392ed1,BHARATGEAR,unique_current_nse_symbol,BHARATGEAR,False,True,2013-01-01,2026-03-30,INE561C01019,BHARATGEAR
ID_9b05339ab4ee,VICEROY,latest_observed_symbol,VICEROY,False,False,2013-01-01,2018-12-21,INE048C01017,VICEROY
ID_9b13ec164799,SUBEXLTD,unique_current_nse_symbol,SUBEXLTD,False,True,2020-11-19,2026-03-30,INE754A01055,SUBEXLTD
ID_9b5020cccb08,QMSMEDI,unique_current_nse_symbol,QMSMEDI,False,True,,,,QMSMEDI
ID_9b696ccc71bc,INTENTECH,unique_current_nse_symbol,INTENTECH,False,True,2017-03-23,2026-03-30,INE781A01025,INTENTECH
ID_9b87efdf6b96,EIMCOELECO,unique_current_nse_symbol,EIMCOELECO,False,True,2013-03-01,2026-03-30,INE158B01016,EIMCOELECO
ID_9b8a78f5d865,NHPC,unique_current_nse_symbol,NHPC,True,True,2013-01-01,2026-03-30,INE848E01016,NHPC
ID_9b9decedfadf,MANGCHEFER,latest_observed_symbol,MANGCHEFER,True,False,2013-01-01,2025-10-30,INE558B01017,MANGCHEFER
ID_9ba4cb18ea95,STCINDIA,unique_current_nse_symbol,STCINDIA,True,True,2013-01-01,2026-03-30,INE655A01013,STCINDIA
ID_9baa222f7905,JAYKAY-RE1,unique_current_nse_symbol,JAYKAY-RE1,False,True,,,,JAYKAY-RE1
ID_9bb76440fb9b,AJOONI,unique_current_nse_symbol,AJOONI,False,True,2021-05-07,2026-03-30,INE820Y01013;INE820Y01021,AJOONI
ID_9be4b22de430,VARDMNPOLY,unique_current_nse_symbol,VARDMNPOLY,False,True,2013-01-01,2026-03-02,INE835A01011;INE835A01029,VARDMNPOLY
ID_9c410275cb15,CHEMFALKAL,latest_observed_symbol,CHEMFALKAL,False,False,2013-01-01,2017-05-24,INE479E01028,CHEMFALKAL
ID_9c44c3f39097,PGIMAHADD,lexicographic_fallback,DPRMAHAD,False,False,,,,DPRMAHAD;PGIMAHADD
ID_9c44c3f39097,PGIMAHADD,lexicographic_fallback,PGIMAHADD,False,False,,,,DPRMAHAD;PGIMAHADD
ID_9c478c870fa2,TEJASNET,unique_current_nse_symbol,TEJASNET,True,True,2017-06-27,2026-03-30,INE010J01012,TEJASNET
ID_9c539cb42aa1,RPSGVENT,unique_current_nse_symbol,CESCVENT,False,False,2019-02-08,2021-01-29,INE425Y01011,CESCVENT;RPSGVENT
ID_9c539cb42aa1,RPSGVENT,unique_current_nse_symbol,RPSGVENT,False,True,2021-02-01,2026-03-30,INE425Y01011,CESCVENT;RPSGVENT
ID_9c612e31a845,RDAFTFVCG,lexicographic_fallback,NDAFTFVCG,False,False,,,,NDAFTFVCG;RDAFTFVCG
ID_9c612e31a845,RDAFTFVCG,lexicographic_fallback,RDAFTFVCG,False,False,,,,NDAFTFVCG;RDAFTFVCG
ID_9c77a5bcc9cb,ALGOQUANT,unique_current_nse_symbol,ALGOQUANT,False,True,2026-01-06,2026-03-30,INE598D01035,ALGOQUANT
ID_9c7e5fc2cf40,PARAGMILK,unique_current_nse_symbol,PARAGMILK,True,True,2016-05-19,2026-03-30,INE883N01014,PARAGMILK
ID_9c854bbbc2f4,STERLINBIO,latest_observed_symbol,STERLINBIO,False,False,2013-01-01,2018-02-21,INE324C01038,STERLINBIO;STERLINTEA
ID_9c854bbbc2f4,STERLINBIO,latest_observed_symbol,STERLINTEA,False,False,,,,STERLINBIO;STERLINTEA
ID_9c8eeb63bb9a,SWARNSAR,unique_current_nse_symbol,SWARNSAR,False,True,,,,SWARNSAR
ID_9c97dd13c533,AKG,unique_current_nse_symbol,AKG,False,True,2021-02-16,2026-03-30,INE00Y801016,AKG
ID_9cee71b8a921,INDIQUBE,unique_current_nse_symbol,INDIQUBE,False,True,2025-07-30,2026-03-30,INE06ST01018,INDIQUBE
ID_9cf3118d8bee,BANKNIFTY1,latest_observed_symbol,BANKNIFTY1,False,False,2024-03-20,2026-03-30,INF174K01F59;INF174KA1ZB7,BANKNIFTY1;KOTAKBKETF
ID_9cf3118d8bee,BANKNIFTY1,latest_observed_symbol,KOTAKBKETF,False,False,2014-12-11,2024-03-19,INF174K01F59,BANKNIFTY1;KOTAKBKETF
ID_9cf88504cc0d,KINGFA,unique_current_nse_symbol,HYDROS&S,False,False,2013-01-01,2015-01-29,INE473D01015,HYDROS&S;KINGFA
ID_9cf88504cc0d,KINGFA,unique_current_nse_symbol,KINGFA,False,True,2016-11-15,2026-03-30,INE473D01015,HYDROS&S;KINGFA
ID_9d073168c840,MALUPAPER,unique_current_nse_symbol,MALUPAPER,False,True,2013-01-01,2026-03-30,INE383H01017,MALUPAPER
ID_9d0ac5a5bf04,PRECWIRE,unique_current_nse_symbol,PRECWIRE,False,True,2013-01-01,2026-03-30,INE372C01011;INE372C01029;INE372C01037,PRECWIRE
ID_9d135bd3ccd6,VIJIFIN,unique_current_nse_symbol,VIJIFIN,False,True,2016-07-11,2026-03-18,INE159N01019;INE159N01027,VIJIFIN
ID_9d2d4936ca55,ETHOSLTD,unique_current_nse_symbol,ETHOSLTD,False,True,2022-05-30,2026-03-30,INE04TZ01018,ETHOSLTD
ID_9d3202d3b843,KSL,unique_current_nse_symbol,KSL,False,True,2013-01-01,2026-03-30,INE907A01026,KSL
ID_9d37dc2513cd,TRANSCOR,unique_current_nse_symbol,TRANSCOR,False,True,,,,TRANSCOR
ID_9d3e79df2dc1,SPIC,unique_current_nse_symbol,SPIC,False,True,2013-01-01,2026-03-30,INE147A01011,SPIC
ID_9d3eecacafaa,JP14G,lexicographic_fallback,E14G,False,False,,,,E14G;JP14G
ID_9d3eecacafaa,JP14G,lexicographic_fallback,JP14G,False,False,,,,E14G;JP14G
ID_9d3f49500b6a,LANDMARK,unique_current_nse_symbol,LANDMARK,False,True,2022-12-23,2026-03-30,INE559R01029,LANDMARK
ID_9d43d2239afc,ORIRAIL,unique_current_nse_symbol,ORIRAIL,False,True,,,,ORIRAIL
ID_9d5662778c1a,ELECON,unique_current_nse_symbol,ELECON,True,True,2013-01-01,2026-03-30,INE205B01023;INE205B01031,ELECON;ELECONENGG
ID_9d5662778c1a,ELECON,unique_current_nse_symbol,ELECONENGG,False,False,,,,ELECON;ELECONENGG
ID_9d6f73b71092,INOXINDIA,unique_current_nse_symbol,INOXINDIA,True,True,2023-12-21,2026-03-30,INE616N01034,INOXINDIA
ID_9d719f3f0fa5,EPL,unique_current_nse_symbol,EPL,True,True,2020-10-19,2026-03-30,INE255A01020,EPL;ESSELPACK
ID_9d719f3f0fa5,EPL,unique_current_nse_symbol,ESSELPACK,False,False,2013-01-01,2020-10-16,INE255A01020,EPL;ESSELPACK
ID_9d7b3443cbf4,SECURKLOUD,unique_current_nse_symbol,8KMILES,False,False,2014-01-29,2020-09-23,INE650K01013;INE650K01021,8KMILES;SECURKLOUD
ID_9d7b3443cbf4,SECURKLOUD,unique_current_nse_symbol,SECURKLOUD,False,True,2021-02-02,2026-03-30,INE650K01021,8KMILES;SECURKLOUD
ID_9da97e65c5b0,MORARJEE,latest_observed_symbol,MORARJEE,False,False,2013-03-04,2024-01-30,INE161G01027,MORARJEE
ID_9db95fafaed9,LANCER,unique_current_nse_symbol,LANCER,False,True,2022-05-10,2023-04-28,INE359U01010;INE359U01028,LANCER
ID_9dc6aa4eab0b,MASPTOP50,latest_observed_symbol,MASPTOP50,False,False,2021-09-24,2026-03-30,INF769K01HP3,MASPTOP50
ID_9dcfd13084e0,JAINREC,unique_current_nse_symbol,JAINREC,True,True,2025-10-01,2026-03-30,INE0YD401026,JAINREC
ID_9ddadec1b3de,CHOLAHLDNG,unique_current_nse_symbol,CHOLAHLDNG,True,True,2019-04-09,2026-03-30,INE149A01033,CHOLAHLDNG;TIFIN
ID_9ddadec1b3de,CHOLAHLDNG,unique_current_nse_symbol,TIFIN,True,False,2017-10-10,2019-04-08,INE149A01033,CHOLAHLDNG;TIFIN
ID_9dde95997918,TITAN,unique_current_nse_symbol,TITAN,True,True,2013-01-01,2026-03-30,INE280A01028,TITAN
ID_9e092a194fe1,HANUNG,latest_observed_symbol,HANUNG,False,False,2013-01-01,2017-08-02,INE648H01013,HANUNG
ID_9e2394d84f2e,DALMIABHA,latest_observed_symbol,DALMIABEL,False,False,2013-01-01,2013-01-08,INE439L01019,DALMIABEL;DALMIABHA
ID_9e2394d84f2e,DALMIABHA,latest_observed_symbol,DALMIABHA,False,False,2013-01-09,2018-11-28,INE439L01019,DALMIABEL;DALMIABHA
ID_9e57fac43f4d,LTFMPS6ED,lexicographic_fallback,FIFMPS6ED,False,False,,,,FIFMPS6ED;LTFMPS6ED
ID_9e57fac43f4d,LTFMPS6ED,lexicographic_fallback,LTFMPS6ED,False,False,,,,FIFMPS6ED;LTFMPS6ED
ID_9e661cb16f1c,ENIL,unique_current_nse_symbol,ENIL,False,True,2013-01-01,2026-03-30,INE265F01028,ENIL
ID_9e72a43d47a9,BANKBETF,latest_observed_symbol,BANKBETF,False,False,2024-01-29,2026-03-30,INF0QA701714,BANKBETF
ID_9e7323d860dd,KIRLOSBROS,unique_current_nse_symbol,KIRLOSBROS,True,True,2013-01-01,2026-03-30,INE732A01036,KIRLOSBROS
ID_9e7a59a49300,ELAND,latest_observed_symbol,ELAND,False,False,2015-03-13,2019-09-23,INE311H01018,ELAND;MUDRA
ID_9e7a59a49300,ELAND,latest_observed_symbol,MUDRA,False,False,2013-03-01,2015-03-12,INE311H01018,ELAND;MUDRA
ID_9e8a9140e825,NAKODA,latest_observed_symbol,NAKODA,False,False,2013-03-14,2018-02-21,INE559B01023,NAKODA
ID_9e9c59410508,NITTAGELA,unique_current_nse_symbol,NITTAGELA,False,True,,,,NITTAGELA
ID_9ea8c5ec7084,PRIVISCL,unique_current_nse_symbol,ADI,False,False,2015-05-08,2017-01-18,INE959A01019,ADI;FAIRCHEM;PRIVISCL
ID_9ea8c5ec7084,PRIVISCL,unique_current_nse_symbol,FAIRCHEM,False,False,2017-01-19,2020-10-13,INE959A01019,ADI;FAIRCHEM;PRIVISCL
ID_9ea8c5ec7084,PRIVISCL,unique_current_nse_symbol,PRIVISCL,True,True,2020-10-14,2026-03-30,INE959A01019,ADI;FAIRCHEM;PRIVISCL
ID_9eb2a41d6158,LCL,unique_current_nse_symbol,LCL,False,True,,,,LCL
ID_9ec5f29fb397,KERNEX,unique_current_nse_symbol,KERNEX,False,True,2013-01-01,2026-03-30,INE202H01019,KERNEX
ID_9ec9b38c164f,NAGAROIL,latest_observed_symbol,NAGAROIL,False,False,2013-01-01,2019-08-22,INE453M01018,NAGAROIL
ID_9ef373c558fa,AERONEU,unique_current_nse_symbol,AERONEU,False,True,2025-09-08,2026-03-30,INE035801013,AERONEU;SAH
ID_9ef373c558fa,AERONEU,unique_current_nse_symbol,SAH,False,False,2023-01-27,2025-06-02,INE035801013,AERONEU;SAH
ID_9f12223e6cfe,EDSERV,latest_observed_symbol,EDSERV,False,False,2013-01-01,2013-12-09,INE889J01019,EDSERV
ID_9f12db96a22c,GSPCROP,unique_current_nse_symbol,GSPCROP,False,True,2026-03-24,2026-03-30,INE713R01022,GSPCROP
ID_9f1352a671d1,JINDCOT,latest_observed_symbol,JINDCOT,False,False,2013-01-01,2019-09-09,INE904J01016,JINDCOT
ID_9f53dbe06804,CONSOFINVT,unique_current_nse_symbol,CONSOFINVT,False,True,2013-01-01,2026-02-23,INE025A01027,CONSOFINVT
ID_9f547ce1dfbd,WEWORK,unique_current_nse_symbol,WEWORK,False,True,2025-10-10,2026-03-30,INE085001019,WEWORK
ID_9f5b9a081eee,SCI,unique_current_nse_symbol,SCI,True,True,2013-01-01,2026-03-30,INE109A01011,SCI
ID_9f9dc0871ee5,KMSUGAR,unique_current_nse_symbol,KMSUGAR,False,True,2013-01-01,2026-03-30,INE157H01023,KMSUGAR
ID_9fd8ee6f117d,SATYAMCOMP,latest_observed_symbol,SATYAMCOMP,False,False,2013-01-01,2013-07-03,INE275A01028,SATYAMCOMP
ID_9fe46c138d1e,AFFLE,unique_current_nse_symbol,AFFLE,True,True,2019-08-08,2026-03-30,INE00WC01019;INE00WC01027,AFFLE
ID_a000aa7471cb,MASTEK,unique_current_nse_symbol,MASTEK,True,True,2013-01-01,2026-03-30,INE759A01021,MASTEK
ID_a028921d5b06,PNC,unique_current_nse_symbol,PNC,False,True,2013-03-01,2026-03-30,INE392B01011,PNC
ID_a064d0b99042,HDBFS,unique_current_nse_symbol,HDBFS,True,True,2025-07-02,2026-03-30,INE756I01012,HDBFS
ID_a0660a201510,SANATHAN,unique_current_nse_symbol,SANATHAN,False,True,2024-12-27,2026-03-30,INE0JPD01013,SANATHAN
ID_a067a9322f5c,MAXIND,unique_current_nse_symbol,MAXIND,False,True,2020-09-11,2026-03-30,INE0CG601016,MAXIND
ID_a0853d591bd3,HAVELLS,unique_current_nse_symbol,HAVELLS,True,True,2013-01-01,2026-03-30,INE176B01026;INE176B01034,HAVELLS
ID_a0b1a4b1c285,UMAEXPORTS,unique_current_nse_symbol,UMAEXPORTS,False,True,2022-04-25,2026-03-30,INE0GIU01018,UMAEXPORTS
ID_a0b9c597f17d,PGIMC6D2D,lexicographic_fallback,DWSLCFS2DD,False,False,,,,DWSLCFS2DD;PGIMC6D2D
ID_a0b9c597f17d,PGIMC6D2D,lexicographic_fallback,PGIMC6D2D,False,False,,,,DWSLCFS2DD;PGIMC6D2D
ID_a0d30a60aaa1,TRICOM,latest_observed_symbol,TRICOM,False,False,2013-01-01,2017-03-23,INE771B01032,TRICOM
ID_a0e184cdea57,CAPTRUST,unique_current_nse_symbol,CAPTRUST,False,True,2017-01-16,2026-03-05,INE707C01018,CAPTRUST
ID_a0e6458d566f,ONGC,unique_current_nse_symbol,ONGC,True,True,2013-01-01,2026-03-30,INE213A01029,ONGC
ID_a105ea880818,RAJVIR,latest_observed_symbol,RAJVIR,False,False,2013-01-01,2018-03-16,INE011H01014,RAJVIR
ID_a129e367fe09,SWIGGY,unique_current_nse_symbol,SWIGGY,True,True,2024-11-13,2026-03-30,INE00H001014,SWIGGY
ID_a144b0afb2b1,NIFTYCASE,latest_observed_symbol,NIFTYCASE,False,False,2025-10-20,2026-03-30,INF0R8F01166,NIFTYCASE
ID_a14acab764e4,DIXON,unique_current_nse_symbol,DIXON,True,True,2017-09-18,2026-03-30,INE935N01012;INE935N01020,DIXON
ID_a17e498d1d1b,SDL24BEES,latest_observed_symbol,NCPSESDL24,False,False,2020-11-18,2022-05-09,INF204KB18W4,NCPSESDL24;SDL24BEES
ID_a17e498d1d1b,SDL24BEES,latest_observed_symbol,SDL24BEES,False,False,2022-05-10,2024-09-25,INF204KB18W4,NCPSESDL24;SDL24BEES
ID_a19e2848b1a2,HMT,unique_current_nse_symbol,HMT,False,True,2013-01-01,2016-05-20,INE262A01018,HMT
ID_a1a64389b652,SHARDACROP,unique_current_nse_symbol,SHARDACROP,True,True,2014-09-23,2026-03-30,INE221J01015,SHARDACROP
ID_a1b02ec67ad4,JD40G,lexicographic_fallback,ED40G,False,False,,,,ED40G;JD40G
ID_a1b02ec67ad4,JD40G,lexicographic_fallback,JD40G,False,False,,,,ED40G;JD40G
ID_a1c7cbc7d8e4,PNB,unique_current_nse_symbol,PNB,True,True,2013-01-01,2026-03-30,INE160A01014;INE160A01022,PNB
ID_a1cb92b09c86,SBILIQETF,latest_observed_symbol,SBILIQETF,False,False,2025-08-13,2026-03-30,INF200KB1969,SBILIQETF
ID_a1cf41c5ef50,BFINVEST,unique_current_nse_symbol,BFINVEST,False,True,2013-01-01,2026-03-30,INE878K01010,BFINVEST
ID_a1e5169ef57a,ABCAPITAL,unique_current_nse_symbol,ABCAPITAL,True,True,2017-09-15,2026-03-30,INE674K01013,ABCAPITAL
ID_a208667c973d,TATAPOWER,unique_current_nse_symbol,TATAPOWER,True,True,2013-01-01,2026-03-30,INE245A01021,TATAPOWER
ID_a20efe40348d,PARRYSUGAR,latest_observed_symbol,GMRINDS,False,False,,,,GMRINDS;PARRYSUGAR
ID_a20efe40348d,PARRYSUGAR,latest_observed_symbol,PARRYSUGAR,False,False,2013-01-01,2017-05-24,INE353B01021,GMRINDS;PARRYSUGAR
ID_a22c3b6a8063,LOWVOLIETF,latest_observed_symbol,ICICILOVOL,False,False,2018-04-10,2023-12-19,INF109KB10T8,ICICILOVOL;LOWVOLIETF;LOWVOLIWIN
ID_a22c3b6a8063,LOWVOLIETF,latest_observed_symbol,LOWVOLIETF,False,False,2023-12-20,2026-03-30,INF109KB10T8;INF109KC19U5,ICICILOVOL;LOWVOLIETF;LOWVOLIWIN
ID_a22c3b6a8063,LOWVOLIETF,latest_observed_symbol,LOWVOLIWIN,False,False,2017-07-11,2018-04-09,INF109KB10T8,ICICILOVOL;LOWVOLIETF;LOWVOLIWIN
ID_a2441fcc102d,RAJRAYON,latest_observed_symbol,RAJRAYON,False,False,2013-01-01,2017-12-06,INE533D01016;INE533D01024,RAJRAYON
ID_a244edcd85d6,TIIL,unique_current_nse_symbol,TIIL,False,True,2013-01-01,2026-03-30,INE545H01011,TIIL
ID_a2702d9f25c4,TODAYS,latest_observed_symbol,TODAYS,False,False,2013-01-01,2018-02-06,INE944B01019,TODAYS
ID_a28415bd3581,PGIMDADPD,lexicographic_fallback,DPRMDADP,False,False,,,,DPRMDADP;PGIMDADPD
ID_a28415bd3581,PGIMDADPD,lexicographic_fallback,PGIMDADPD,False,False,,,,DPRMDADP;PGIMDADPD
ID_a291e145db63,SAGILITY,unique_current_nse_symbol,SAGILITY,True,True,2024-11-12,2026-03-30,INE0W2G01015,SAGILITY
ID_a2b014a60168,HARRMALAYA,unique_current_nse_symbol,HARRMALAYA,False,True,2013-01-01,2026-03-30,INE544A01019,HARRMALAYA
ID_a2b8c136f8de,SHIVATEX,unique_current_nse_symbol,SHIVATEX,False,True,2018-01-09,2026-03-30,INE705C01020,SHIVATEX
ID_a2ebfbe7395b,PANACHE,unique_current_nse_symbol,PANACHE,False,True,2020-01-06,2026-02-23,INE895W01019,PANACHE
ID_a2f6a84557d0,SUJANAUNI,latest_observed_symbol,SUJANAUNI,False,False,2013-01-01,2020-11-23,INE216G01011,SUJANAUNI
ID_a31ee5302d9e,KIRLFER,unique_current_nse_symbol,KIRLFER,True,True,2019-11-13,2023-10-25,INE884B01025,KIRLFER
ID_a33d7539e5dc,GNRL,unique_current_nse_symbol,GNRL,False,True,,,,GNRL
ID_a3520cc6bc3f,STAR,unique_current_nse_symbol,STAR,True,True,2013-01-01,2026-03-30,INE939A01011,STAR
ID_a35280900f5f,SUULD,latest_observed_symbol,SUULD,False,False,2020-10-19,2024-07-02,INE591Q01016,SUULD
ID_a39d5911eb5e,AUGMONT,unique_current_nse_symbol,AUGMONT,False,True,,,,AUGMONT
ID_a3a1cfc6abec,CAMPUS,unique_current_nse_symbol,CAMPUS,True,True,2022-05-09,2026-03-30,INE278Y01022,CAMPUS
ID_a3a9def8d206,ARVSMART,unique_current_nse_symbol,ARVINFRA,False,False,2015-09-09,2016-12-02,INE034S01021,ARVINFRA;ARVSMART
ID_a3a9def8d206,ARVSMART,unique_current_nse_symbol,ARVSMART,False,True,2016-12-05,2026-03-30,INE034S01021,ARVINFRA;ARVSMART
ID_a3b7e5d6e679,GROWWNET,latest_observed_symbol,GROWWNET,False,False,2025-07-03,2026-03-30,INF666M01LI4,GROWWNET
ID_a3bbaaa83644,ABGSEC,latest_observed_symbol,ABGSEC,False,False,2024-07-10,2026-03-30,INF209KC1134,ABGSEC
ID_a3beca99f04c,SBILIFE,unique_current_nse_symbol,SBILIFE,True,True,2017-10-03,2026-03-30,INE123W01016,SBILIFE
ID_a3c30af15440,VMM,unique_current_nse_symbol,VMM,True,True,2024-12-18,2026-03-30,INE01EA01019,VMM
ID_a3d3c3b51e38,TMCV,unique_current_nse_symbol,TMCV,True,True,2025-11-26,2026-03-30,INE1TAE01010,TMCV
ID_a3d4faca5916,RADIANTCMS,unique_current_nse_symbol,RADIANTCMS,False,True,2023-01-04,2026-03-30,INE855R01021,RADIANTCMS
ID_a43cfdb0572d,KALYANIFRG,unique_current_nse_symbol,KALYANIFRG,False,True,2024-02-22,2026-03-30,INE314G01014,KALYANIFRG
ID_a453f317c358,SBC,unique_current_nse_symbol,SBC,False,True,2021-11-23,2026-03-30,INE04AK01010;INE04AK01028,SBC
ID_a464b20cf5e3,VIVIDHA,unique_current_nse_symbol,VIVIDHA,False,True,2013-05-21,2026-03-30,INE370E01029,VIVIDHA
ID_a4798e84815c,JMFINANCIL,unique_current_nse_symbol,JMFINANCIL,True,True,2013-01-01,2026-03-30,INE780C01023,JMFINANCIL
ID_a4a09f0ebfab,ORKLAINDIA,unique_current_nse_symbol,ORKLAINDIA,False,True,2025-11-06,2026-03-30,INE16NZ01023,ORKLAINDIA
ID_a4ae82c1f1ae,UNITEDPOLY,unique_current_nse_symbol,UNITEDPOLY,False,True,2021-12-31,2026-03-30,INE368U01011;INE368U01029,UNITEDPOLY
ID_a4f527da7879,UNIPLY,latest_observed_symbol,UNIPLY,False,False,2013-01-01,2020-09-11,INE950G01015;INE950G01023,UNIPLY
ID_a5263814fe35,JP35D,lexicographic_fallback,E35D,False,False,,,,E35D;JP35D
ID_a5263814fe35,JP35D,lexicographic_fallback,JP35D,False,False,,,,E35D;JP35D
ID_a53830aa829a,LOYALTEX,unique_current_nse_symbol,LOYALTEX,False,True,2022-08-11,2026-02-11,INE970D01010,LOYALTEX
ID_a55015d1fdef,ADVENZYMES,unique_current_nse_symbol,ADVENZYMES,True,True,2016-08-01,2026-03-30,INE837H01012;INE837H01020,ADVENZYMES
ID_a554a248ce4f,HNGSNGBEES,latest_observed_symbol,HNGSNGBEES,False,False,2013-01-01,2026-03-30,INF204KB19I1;INF732E01227,HNGSNGBEES
ID_a56c95348ec2,JP20D,lexicographic_fallback,E20D,False,False,,,,E20D;JP20D
ID_a56c95348ec2,JP20D,lexicographic_fallback,JP20D,False,False,,,,E20D;JP20D
ID_a57d2f458bd3,AHLWEST,unique_current_nse_symbol,AHLWEST,False,True,2013-01-01,2021-10-22,INE915K01010,AHLWEST
ID_a5ba155095b9,KSOLVES,unique_current_nse_symbol,KSOLVES,False,True,2022-09-23,2026-03-30,INE0D6I01015;INE0D6I01023,KSOLVES
ID_a5c950e88bd7,NEXT50IETF,latest_observed_symbol,ICICINXT50,False,False,2018-08-31,2023-12-19,INF109KC1JI4;INF109KC1NS5,ICICINXT50;NEXT50IETF
ID_a5c950e88bd7,NEXT50IETF,latest_observed_symbol,NEXT50IETF,False,False,2023-12-20,2026-03-30,INF109KC1NS5,ICICINXT50;NEXT50IETF
ID_a5e258519ce5,TEAMLEASE,unique_current_nse_symbol,TEAMLEASE,True,True,2016-02-12,2026-03-30,INE985S01024,TEAMLEASE
ID_a5e7e44e0fb4,TRF,unique_current_nse_symbol,TRF,False,True,2013-01-01,2026-03-30,INE391D01019,TRF
ID_a5fee69f41d9,CONSUMBEES,latest_observed_symbol,CONSUMBEES,False,False,2022-05-10,2026-03-30,INF204KA1LD7,CONSUMBEES;NETFCONSUM;RELCONS
ID_a5fee69f41d9,CONSUMBEES,latest_observed_symbol,NETFCONSUM,False,False,2019-10-30,2022-05-09,INF204KA1LD7,CONSUMBEES;NETFCONSUM;RELCONS
ID_a5fee69f41d9,CONSUMBEES,latest_observed_symbol,RELCONS,False,False,2014-04-22,2019-10-29,INF204KA1LD7,CONSUMBEES;NETFCONSUM;RELCONS
ID_a61904b3345f,LEXUS,unique_current_nse_symbol,LEXUS,False,True,2023-03-13,2026-02-23,INE500X01013,LEXUS
ID_a61f2b0ea076,VSTTILLERS,unique_current_nse_symbol,VSTTILLERS,False,True,2013-01-01,2026-03-30,INE764D01017,VSTTILLERS
ID_a62b435b03e7,THELEELA,unique_current_nse_symbol,THELEELA,True,True,2025-06-02,2026-03-30,INE0AQ201015,THELEELA
ID_a647a6128d2f,SUVEN,unique_current_nse_symbol,SUVEN,True,True,2013-01-01,2026-03-30,INE495B01038,SUVEN
ID_a64e8c31ba01,GALLANTT,unique_current_nse_symbol,GALLANTT,True,True,2013-01-01,2026-03-30,INE297H01019,GALLANTT
ID_a65107f40bd6,PVP,unique_current_nse_symbol,PVP,False,True,2013-03-01,2026-03-30,INE362A01016,PVP;SOFTSOLINT
ID_a65107f40bd6,PVP,unique_current_nse_symbol,SOFTSOLINT,False,False,,,,PVP;SOFTSOLINT
ID_a6618e5668cd,DRAGARWQ,unique_current_nse_symbol,DRAGARWQ,False,True,,,,DRAGARWQ
ID_a66b969c20d2,BIRLACORPN,unique_current_nse_symbol,BIRLACORPN,True,True,2013-01-01,2026-03-30,INE340A01012,BIRLACORPN;BIRLAJUTE
ID_a66b969c20d2,BIRLACORPN,unique_current_nse_symbol,BIRLAJUTE,False,False,,,,BIRLACORPN;BIRLAJUTE
ID_a68bfc78009b,MUTHOOTFIN,unique_current_nse_symbol,MUTHOOTFIN,True,True,2013-01-01,2026-03-30,INE414G01012,MUTHOOTFIN
ID_a6906035b383,SHANKARA,unique_current_nse_symbol,SHANKARA,True,True,2017-04-05,2026-03-20,INE274V01019,SHANKARA
ID_a69e0873f10f,NAVA,unique_current_nse_symbol,NAVA,True,True,2022-07-29,2026-03-30,INE725A01022;INE725A01030,NAVA;NAVBARFERO;NBVENTURES
ID_a69e0873f10f,NAVA,unique_current_nse_symbol,NAVBARFERO,False,False,,,,NAVA;NAVBARFERO;NBVENTURES
ID_a69e0873f10f,NAVA,unique_current_nse_symbol,NBVENTURES,True,False,2013-01-01,2022-07-28,INE725A01022,NAVA;NAVBARFERO;NBVENTURES
ID_a6a3bee3e4fe,GLENMARK,unique_current_nse_symbol,GLENMARK,True,True,2013-01-01,2026-03-30,INE935A01035,GLENMARK
ID_a6a3fa7acff7,TANTIACONS,latest_observed_symbol,TANTIACONS,False,False,2013-01-01,2017-02-15,INE388G01018,TANTIACONS
ID_a6a8595baf8b,BGLOBAL,latest_observed_symbol,BGLOBAL,False,False,2013-01-01,2014-01-10,INE224M01013,BGLOBAL
ID_a6b9ef8b0244,GROWWRAIL,latest_observed_symbol,GROWWRAIL,False,False,2025-02-07,2026-03-30,INF666M01JJ6,GROWWRAIL
ID_a6c92f99decf,SGBJUN29IV,lexicographic_fallback,SGBJUL29IV,False,False,,,,SGBJUL29IV;SGBJUN29IV
ID_a6c92f99decf,SGBJUN29IV,lexicographic_fallback,SGBJUN29IV,False,False,,,,SGBJUL29IV;SGBJUN29IV
ID_a6e660f065ec,PREMIERENE,unique_current_nse_symbol,PREMIERENE,True,True,2024-09-03,2026-03-30,INE0BS701011,PREMIERENE
ID_a71233c8bc1f,IRIS,unique_current_nse_symbol,IRIS,False,True,2021-11-08,2026-03-30,INE864K01010,IRIS
ID_a745b70d1e70,PGIMAUD1G,lexicographic_fallback,DPRMAUD1G,False,False,,,,DPRMAUD1G;PGIMAUD1G
ID_a745b70d1e70,PGIMAUD1G,lexicographic_fallback,PGIMAUD1G,False,False,,,,DPRMAUD1G;PGIMAUD1G
ID_a75ee0782cfc,TRU,unique_current_nse_symbol,DHANVARSHA,False,False,2022-05-10,2022-08-30,INE615R01029,DHANVARSHA;TRU
ID_a75ee0782cfc,TRU,unique_current_nse_symbol,TRU,False,True,2022-09-01,2026-03-30,INE615R01029,DHANVARSHA;TRU
ID_a768054bc808,QUADFUTURE,unique_current_nse_symbol,QUADFUTURE,False,True,2025-01-14,2026-03-30,INE0LRY01011,QUADFUTURE
ID_a7a6cd76ac0b,BOMDYEING,unique_current_nse_symbol,BOMDYEING,True,True,2013-01-01,2026-03-30,INE032A01023,BOMDYEING
ID_a7a8cb56b6b6,PDSL,unique_current_nse_symbol,PDSL,False,True,2022-02-17,2026-03-30,INE111Q01013;INE111Q01021,PDSL;PDSMFL
ID_a7a8cb56b6b6,PDSL,unique_current_nse_symbol,PDSMFL,False,False,2014-11-07,2022-02-16,INE111Q01013,PDSL;PDSMFL
ID_a7cc1938430b,JPASSOCIAT,latest_observed_symbol,JPASSOCIAT,True,False,2013-01-01,2024-06-05,INE455F01025,JPASSOCIAT
ID_a7d3cccc7b0a,RELIGARE,unique_current_nse_symbol,RELIGARE,True,True,2013-01-01,2026-03-30,INE621H01010,RELIGARE
ID_a804a1991b64,EUROTEXIND,unique_current_nse_symbol,EUROTEXIND,False,True,2013-01-01,2026-03-30,INE022C01012,EUROTEXIND
ID_a811e2bfcf12,RBA,unique_current_nse_symbol,BURGERKING,False,False,2020-12-14,2022-02-16,INE07T201019,BURGERKING;RBA
ID_a811e2bfcf12,RBA,unique_current_nse_symbol,RBA,True,True,2022-02-17,2026-03-30,INE07T201019,BURGERKING;RBA
ID_a81703427d46,ANDHRACEMT,latest_observed_symbol,ANDHRACEMT,False,False,2013-01-01,2023-03-02,INE666E01012,ANDHRACEMT
ID_a819d17ad3dc,MIDHANI,unique_current_nse_symbol,MIDHANI,True,True,2018-04-04,2026-03-30,INE099Z01011,MIDHANI
ID_a81e208a176d,BALKRISHNA,unique_current_nse_symbol,BALKRISHNA,False,True,2016-09-06,2026-03-30,INE875R01011,BALKRISHNA;NIRVIKARA
ID_a81e208a176d,BALKRISHNA,unique_current_nse_symbol,NIRVIKARA,False,False,2015-08-11,2016-09-02,INE875R01011,BALKRISHNA;NIRVIKARA
ID_a81ebf0e4b61,VTMLTD,unique_current_nse_symbol,VTMLTD,False,True,2013-01-01,2015-01-29,INE222F01029,VTMLTD
ID_a82479f003d5,AURDIS,lexicographic_fallback,ALCODIS,False,False,,,,ALCODIS;AURDIS
ID_a82479f003d5,AURDIS,lexicographic_fallback,AURDIS,False,False,,,,ALCODIS;AURDIS
ID_a8389ba67bdf,HERANBA,unique_current_nse_symbol,HERANBA,False,True,2021-03-05,2026-03-30,INE694N01015,HERANBA
ID_a83f45c762a8,ACE,unique_current_nse_symbol,ACE,True,True,2013-01-01,2026-03-30,INE731H01025,ACE
ID_a840013fa8b0,ATLANTAELE,unique_current_nse_symbol,ATLANTAELE,False,True,2025-09-29,2026-03-30,INE0Z4F01028,ATLANTAELE
ID_a8436482d431,PACIFICI,unique_current_nse_symbol,PACIFICI,False,True,,,,PACIFICI
ID_a8545e0d5e27,SIKKO,unique_current_nse_symbol,SIKKO,False,True,2021-10-22,2026-03-30,INE112X01017;INE112X01025,SIKKO
ID_a85a758f9b92,SIGIND,unique_current_nse_symbol,SIGIND,False,True,2018-08-29,2026-03-30,INE529F01035,SIGIND
ID_a8608b229c19,IL&FSTRANS,unique_current_nse_symbol,IL&FSTRANS,True,True,2013-01-01,2019-03-29,INE975G01012,IL&FSTRANS;ILFSTRANS
ID_a8608b229c19,IL&FSTRANS,unique_current_nse_symbol,ILFSTRANS,False,False,,,,IL&FSTRANS;ILFSTRANS
ID_a86164a84766,AKSHOPTFBR,unique_current_nse_symbol,AKSHOPTFBR,False,True,2013-01-01,2026-03-30,INE523B01011,AKSHOPTFBR
ID_a873f6f22640,SHREYANIND,unique_current_nse_symbol,SHREYANIND,False,True,2013-01-01,2026-03-30,INE231C01019,SHREYANIND
ID_a87bcda9b28b,SURYAJYOTI,latest_observed_symbol,SURYAJYOTI,False,False,2013-01-01,2016-05-20,INE411C01017,SURYAJYOTI
ID_a8ea72432503,NAHARSPING,unique_current_nse_symbol,NAHARSPING,False,True,2013-01-01,2026-03-30,INE290A01027,NAHARSPING
ID_a923b1604c92,PAVCI,lexicographic_fallback,MTAL,False,False,,,,MTAL;PAVCI
ID_a923b1604c92,PAVCI,lexicographic_fallback,PAVCI,False,False,,,,MTAL;PAVCI
ID_a937de1cb725,BAFNAPH,unique_current_nse_symbol,BAFNAPH,False,True,2020-03-17,2026-03-30,INE878I01022,BAFNAPH
ID_a948e1e91dc6,RMFINQRDP1,lexicographic_fallback,NMFINQRDP1,False,False,,,,NMFINQRDP1;RMFINQRDP1
ID_a948e1e91dc6,RMFINQRDP1,lexicographic_fallback,RMFINQRDP1,False,False,,,,NMFINQRDP1;RMFINQRDP1
ID_a965e693eef7,DONEAR,unique_current_nse_symbol,DONEAR,False,True,2013-03-01,2026-03-30,INE668D01028,DONEAR
ID_a967cd9f5721,RDAIXDD,lexicographic_fallback,NDAIXDD,False,False,,,,NDAIXDD;RDAIXDD
ID_a967cd9f5721,RDAIXDD,lexicographic_fallback,RDAIXDD,False,False,,,,NDAIXDD;RDAIXDD
ID_a98b4cfbccde,VARROC,unique_current_nse_symbol,VARROC,True,True,2018-07-06,2026-03-30,INE665L01035,VARROC
ID_a998fb80e307,GANESHBE,unique_current_nse_symbol,GANESHBE,False,True,2021-09-16,2026-03-30,INE388A01029,GANESHBE
ID_a9a723d5a409,NTPC,unique_current_nse_symbol,NTPC,True,True,2013-01-01,2026-03-30,INE733E01010,NTPC
ID_a9b386da8f14,SHRIRAMCIT,latest_observed_symbol,SHRIRAMCIT,True,False,2013-01-01,2022-11-28,INE722A01011,SHRIRAMCIT
ID_a9bd23d3ed70,BEL,unique_current_nse_symbol,BEL,True,True,2013-01-01,2026-03-30,INE263A01016;INE263A01024,BEL
ID_a9c2f492dad1,EBBETF0425,latest_observed_symbol,EBBETF0425,False,False,2020-07-29,2025-04-08,INF754K01LD3,EBBETF0425
ID_a9daaccdaab3,ALPINEHOU,latest_observed_symbol,ALPINEHOU,False,False,2013-01-01,2014-01-10,INE840D01015,ALPINEHOU
ID_a9e13944a613,HEMIPROP,unique_current_nse_symbol,HEMIPROP,True,True,2020-11-05,2026-03-30,INE0AJG01018,HEMIPROP
ID_aa08fa16eced,PGIMBED1G,lexicographic_fallback,DPRMBED1G,False,False,,,,DPRMBED1G;PGIMBED1G
ID_aa08fa16eced,PGIMBED1G,lexicographic_fallback,PGIMBED1G,False,False,,,,DPRMBED1G;PGIMBED1G
ID_aa40c3dd555a,INDUSINDBK,unique_current_nse_symbol,INDUSINDBK,True,True,2013-01-01,2026-03-30,INE095A01012,INDUSINDBK
ID_aa57a05b9eb9,NITCO,unique_current_nse_symbol,NITCO,False,True,2013-01-01,2026-03-30,INE858F01012,NITCO
ID_aa6bde2b9ceb,GYFTR,unique_current_nse_symbol,GYFTR,False,True,,,,GYFTR
ID_aa8e8be75d97,ORTINGLOBE,unique_current_nse_symbol,ORTINGLOBE,False,True,2024-09-03,2025-12-10,INE749B01020,ORTINGLOBE;ORTINLAB
ID_aa8e8be75d97,ORTINGLOBE,unique_current_nse_symbol,ORTINLAB,False,False,2021-04-15,2024-09-02,INE749B01020,ORTINGLOBE;ORTINLAB
ID_aaa015ecfd2e,GTPL,unique_current_nse_symbol,GTPL,False,True,2017-07-04,2026-03-30,INE869I01013,GTPL
ID_aab3dabb6312,ASHIANA,unique_current_nse_symbol,ASHIANA,False,True,2013-01-01,2026-03-30,INE365D01013;INE365D01021,ASHIANA
ID_aab4fdc29edb,SURYAPHARM,latest_observed_symbol,SURYAPHARM,False,False,2013-01-01,2014-09-23,INE249G01020,SURYAPHARM
ID_aad70bcb4e6f,CIMMCO,latest_observed_symbol,CIMMCO,False,False,2013-01-01,2020-10-21,INE184C01028,CIMMCO
ID_aad8866cd46f,HERITGFOOD,unique_current_nse_symbol,HERITGFOOD,True,True,2013-03-01,2026-03-30,INE978A01019;INE978A01027,HERITGFOOD
ID_aaddd83a8ee5,PGIMAPD1G,lexicographic_fallback,DPRMAPD1G,False,False,,,,DPRMAPD1G;PGIMAPD1G
ID_aaddd83a8ee5,PGIMAPD1G,lexicographic_fallback,PGIMAPD1G,False,False,,,,DPRMAPD1G;PGIMAPD1G
ID_aaeaa7939bd4,NEHAINT,latest_observed_symbol,NEHAINT,False,False,2013-01-01,2015-01-29,INE874D01022,NEHAINT
ID_ab0c168fe99b,NOL,latest_observed_symbol,NOL,False,False,2013-01-01,2015-01-29,INE296D01010,NOL
ID_ab4730d2b9b8,SHAREINDIA,unique_current_nse_symbol,SHAREINDIA,False,True,2020-09-21,2026-03-30,INE932X01018;INE932X01026,SHAREINDIA
ID_ab481e0147b6,DRDATSONS,latest_observed_symbol,AANJANEYA,False,False,2013-01-01,2013-08-30,INE928K01013,AANJANEYA;DRDATSONS
ID_ab481e0147b6,DRDATSONS,latest_observed_symbol,DRDATSONS,True,False,2013-09-02,2015-05-21,INE928K01013,AANJANEYA;DRDATSONS
ID_ab4b566d1ffa,PIIND,unique_current_nse_symbol,PIIND,True,True,2013-01-01,2026-03-30,INE603J01022;INE603J01030,PIIND
ID_ab5d211963b8,MOLOWVOL,latest_observed_symbol,MOLOWVOL,False,False,2022-03-30,2026-03-30,INF247L01BA3;INF247L01BL0,MOLOWVOL
ID_ab64cc68e763,SANCO,latest_observed_symbol,SANCO,False,False,2016-11-22,2022-10-04,INE782L01012,SANCO
ID_ab68edc265ec,MOTISONS,unique_current_nse_symbol,MOTISONS,False,True,2024-01-09,2026-03-30,INE0FRK01012;INE0FRK01020,MOTISONS
ID_ab8b5a8c467c,AUTOIETF,latest_observed_symbol,AUTOIETF,False,False,2023-12-20,2026-03-30,INF109KC10V2;INF109KC1Y49,AUTOIETF;ICICIAUTO
ID_ab8b5a8c467c,AUTOIETF,latest_observed_symbol,ICICIAUTO,False,False,2022-01-18,2023-12-19,INF109KC1Y49,AUTOIETF;ICICIAUTO
ID_ab97c93f1c67,ONWARDTEC,unique_current_nse_symbol,ONWARDTEC,False,True,2013-01-01,2026-03-30,INE229A01017,ONWARDTEC
ID_ab9c86a43557,SAMPANN,unique_current_nse_symbol,SAMPANN,False,True,2023-10-30,2026-03-30,INE735M01018,SAMPANN;SEPOWER
ID_ab9c86a43557,SAMPANN,unique_current_nse_symbol,SEPOWER,False,False,2013-01-01,2023-06-14,INE735M01018,SAMPANN;SEPOWER
ID_aba3f9d147d9,RDAIXFDDG,lexicographic_fallback,NDAIXFDDG,False,False,,,,NDAIXFDDG;RDAIXFDDG
ID_aba3f9d147d9,RDAIXFDDG,lexicographic_fallback,RDAIXFDDG,False,False,,,,NDAIXFDDG;RDAIXFDDG
ID_abadff3cb6a4,TTML,unique_current_nse_symbol,HUGHESTELE,False,False,,,,HUGHESTELE;TATATELSER;TTML
ID_abadff3cb6a4,TTML,unique_current_nse_symbol,TATATELSER,False,False,,,,HUGHESTELE;TATATELSER;TTML
ID_abadff3cb6a4,TTML,unique_current_nse_symbol,TTML,True,True,2013-01-01,2026-03-30,INE517B01013,HUGHESTELE;TATATELSER;TTML
ID_abae62489396,KRBL,unique_current_nse_symbol,KRBL,True,True,2013-01-01,2026-03-30,INE001B01026,KRBL
ID_abb64d32f124,INDOFARM,unique_current_nse_symbol,INDOFARM,False,True,2025-01-07,2026-03-30,INE622H01018,INDOFARM
ID_abb6604cbe2d,MUFTI,unique_current_nse_symbol,MUFTI,False,True,2023-12-27,2026-03-30,INE220Q01020,MUFTI
ID_abcc6dfaf594,ALICON,unique_current_nse_symbol,ALICON,False,True,2013-01-01,2026-03-30,INE062D01024,ALICON;ENKEI
ID_abcc6dfaf594,ALICON,unique_current_nse_symbol,ENKEI,False,False,,,,ALICON;ENKEI
ID_abd8700c63bb,VRAJ,unique_current_nse_symbol,VRAJ,False,True,2024-07-18,2026-03-30,INE0S2V01010,VRAJ
ID_abdd5f6b5a7a,TNPETRO,unique_current_nse_symbol,TNPETRO,False,True,2013-01-01,2026-03-30,INE148A01019,TNPETRO
ID_abe62be98d93,SGLRES,unique_current_nse_symbol,SGLRES,False,True,,,,SGLRES
ID_abf6e828936c,SDL26BEES,latest_observed_symbol,NETFSDL26,False,False,2021-03-31,2022-05-09,INF204KC1022,NETFSDL26;SDL26BEES
ID_abf6e828936c,SDL26BEES,latest_observed_symbol,SDL26BEES,False,False,2022-05-10,2026-03-30,INF204KC1022,NETFSDL26;SDL26BEES
ID_ac017c76d491,UNITY,latest_observed_symbol,UNITY,False,False,2013-01-01,2018-08-29,INE466H01028,UNITY
ID_ac0fe58c9301,SIGMAADV,unique_current_nse_symbol,MEGASOFT,False,False,2013-01-01,2025-11-06,INE933B01012,MEGASOFT;SIGMAADV
ID_ac0fe58c9301,SIGMAADV,unique_current_nse_symbol,SIGMAADV,False,True,2026-02-09,2026-03-24,INE933B01012,MEGASOFT;SIGMAADV
ID_ac45ded5880c,JAIPURKURT,unique_current_nse_symbol,JAIPURKURT,False,True,2021-09-02,2026-03-30,INE696V01013,JAIPURKURT;NANDANI
ID_ac45ded5880c,JAIPURKURT,unique_current_nse_symbol,NANDANI,False,False,,,,JAIPURKURT;NANDANI
ID_ac587cb852ad,IWP,unique_current_nse_symbol,IWP,False,True,,,,IWP
ID_ac8a8bbcc6db,EBBETF0430,latest_observed_symbol,EBBETF0430,False,False,2020-01-02,2026-03-30,INF754K01KO2,EBBETF0430
ID_acaf9292c5af,ADVANTA,latest_observed_symbol,ADVANTA,True,False,2013-01-01,2016-07-29,INE517H01010;INE517H01028,ADVANTA
ID_ad0099ff542e,IWEL,latest_observed_symbol,IWEL,False,False,2021-06-25,2025-06-19,INE0FLR01028,IWEL
ID_ad0e9fbe5350,BAJFINANCE,unique_current_nse_symbol,BAJAUTOFIN,False,False,,,,BAJAUTOFIN;BAJFINANCE
ID_ad0e9fbe5350,BAJFINANCE,unique_current_nse_symbol,BAJFINANCE,True,True,2013-01-01,2026-03-30,INE296A01016;INE296A01024;INE296A01032,BAJAUTOFIN;BAJFINANCE
ID_ad198a5e24bd,SADBHIN,unique_current_nse_symbol,SADBHIN,True,True,2015-09-16,2026-03-30,INE764L01010,SADBHIN
ID_ad351a2f2314,ADVENTHTL,unique_current_nse_symbol,ADVENTHTL,False,True,2025-11-27,2026-03-30,INE28GN01010,ADVENTHTL
ID_ad4d2f4f2044,RRIL,unique_current_nse_symbol,RRIL,False,True,,,,RRIL
ID_ad5abd7a844d,CEWATER,unique_current_nse_symbol,CEWATER,False,True,2024-12-27,2026-03-30,INE037Z01029,CEWATER
ID_ad6846dc675f,ALCHEM,latest_observed_symbol,ALCHEM,False,False,2013-01-01,2020-12-16,INE964B01033,ALCHEM
ID_ad74f23862fa,FMNL,unique_current_nse_symbol,AGRE,False,False,,,,AGRE;FMNL
ID_ad74f23862fa,FMNL,unique_current_nse_symbol,FMNL,False,True,2013-01-01,2026-03-30,INE360L01017,AGRE;FMNL
ID_adac8236713e,QUINT,unique_current_nse_symbol,QUINT,False,True,,,,QUINT
ID_adb629f6bcb0,CMICABLES,latest_observed_symbol,CMICABLES,False,False,2016-11-29,2023-04-19,INE981B01011,CMICABLES
ID_adbe14d9bf53,COCHINSHIP,unique_current_nse_symbol,COCHINSHIP,True,True,2017-08-11,2026-03-30,INE704P01017;INE704P01025,COCHINSHIP
ID_adcdc76d0bcf,SIYSIL,unique_current_nse_symbol,SIYARSILK,False,False,,,,SIYARSILK;SIYSIL
ID_adcdc76d0bcf,SIYSIL,unique_current_nse_symbol,SIYSIL,False,True,2013-01-01,2026-03-30,INE076B01010;INE076B01028,SIYARSILK;SIYSIL
ID_addbc6ca2a7d,SAPPHIRE,unique_current_nse_symbol,SAPPHIRE,True,True,2021-11-18,2026-03-30,INE806T01012;INE806T01020,SAPPHIRE
ID_adf354d28461,BLS,unique_current_nse_symbol,BLS,True,True,2016-11-22,2026-03-30,INE153T01019;INE153T01027,BLS
ID_ae074b5a31a5,INVPRECQ,unique_current_nse_symbol,INVPRECQ,False,True,,,,INVPRECQ
ID_ae1ef1a35b14,NUCLEUS,unique_current_nse_symbol,NUCLEUS,False,True,2013-01-01,2026-03-30,INE096B01018,NUCLEUS
ID_ae37aa9225ac,KBIL,latest_observed_symbol,KBIL,False,False,2013-01-01,2015-07-08,INE920K01010,KBIL
ID_ae6af6ee2f5b,BEDMUTHA,unique_current_nse_symbol,BEDMUTHA,False,True,2013-01-01,2026-02-23,INE844K01012,BEDMUTHA
ID_ae75472f77c4,SHANTI,unique_current_nse_symbol,SHANTI,False,True,2021-09-16,2026-03-30,INE933X01016,SHANTI
ID_ae76eec73dc2,HILTON,unique_current_nse_symbol,HILTON,False,True,2013-01-02,2026-03-30,INE788H01017,HILTON
ID_ae856672a6f9,BLACKROSE,unique_current_nse_symbol,BLACKROSE,False,True,,,,BLACKROSE
ID_aeadd89e7fc8,BORANA,unique_current_nse_symbol,BORANA,False,True,2025-06-10,2025-12-01,INE16SF01016,BORANA
ID_aec8f5208d76,MEDANTA,unique_current_nse_symbol,MEDANTA,True,True,2022-11-16,2026-03-30,INE474Q01031,MEDANTA
ID_aed0972cc437,PYRAMID,unique_current_nse_symbol,PYRAMID,False,True,2023-09-12,2026-03-30,INE0MIS01010,PYRAMID
ID_af01c8e8a14a,MCLEODRUSS,unique_current_nse_symbol,MCLEODRUSS,True,True,2013-01-01,2026-03-30,INE942G01012,MCLEODRUSS
ID_af032e2e3c49,GILLANDERS,unique_current_nse_symbol,GILLANDERS,False,True,2013-03-01,2026-03-30,INE047B01011,GILLANDERS
ID_af232d104674,MAFANG,latest_observed_symbol,MAFANG,False,False,2021-05-14,2026-03-30,INF769K01HF4,MAFANG
ID_af2bd27a3766,LUXIND,unique_current_nse_symbol,LUXIND,True,True,2015-12-15,2026-03-30,INE150G01012;INE150G01020,LUXIND
ID_af3d9dd57ac7,NIVINFRA,latest_observed_symbol,NIVINFRA,False,False,2013-06-20,2013-07-17,INE303D01014,NIVINFRA
ID_af464421442a,AURUS,unique_current_nse_symbol,AURUS,False,True,,,,AURUS;LYPSAGEMS
ID_af464421442a,AURUS,unique_current_nse_symbol,LYPSAGEMS,False,False,2013-11-05,2026-03-30,INE142K01011,AURUS;LYPSAGEMS
ID_af51a4c2d963,SGBNOV23,lexicographic_fallback,GBNOV23,False,False,,,,GBNOV23;SBNOV23;SGBNOV23
ID_af51a4c2d963,SGBNOV23,lexicographic_fallback,SBNOV23,False,False,,,,GBNOV23;SBNOV23;SGBNOV23
ID_af51a4c2d963,SGBNOV23,lexicographic_fallback,SGBNOV23,False,False,,,,GBNOV23;SBNOV23;SGBNOV23
ID_af6b3737c9a3,SEIL,unique_current_nse_symbol,SEIL,False,True,,,,SEIL
ID_af6b6530a0f2,KOPDRUGS,latest_observed_symbol,KOPDRUGS,False,False,2013-01-01,2013-08-12,INE746A01010,KOPDRUGS
ID_af6cfbb24699,CARTRADE,unique_current_nse_symbol,CARTRADE,True,True,2021-08-20,2026-03-30,INE290S01011,CARTRADE
ID_af6dc4e3768f,MIDQ50ADD,latest_observed_symbol,DSPQ50ETF,False,False,2021-12-30,2024-02-14,INF740KA1QL0,DSPQ50ETF;MIDQ50ADD
ID_af6dc4e3768f,MIDQ50ADD,latest_observed_symbol,MIDQ50ADD,False,False,2024-02-15,2026-03-30,INF740KA1QL0,DSPQ50ETF;MIDQ50ADD
ID_af90585edd32,JAIHINDPRO,latest_observed_symbol,JAIHINDPRO,False,False,2013-01-01,2018-09-05,INE343D01010,JAIHINDPRO
ID_af90a6bf91ca,OMNI,unique_current_nse_symbol,OMNI,False,True,2026-03-05,2026-03-30,INE0UH301010,OMNI
ID_af91c50a6f05,CILNOVA,latest_observed_symbol,CILNOVA,False,False,2013-01-01,2013-12-04,INE672K01017,CILNOVA
ID_af99f1bddd07,VERTIS,lexicographic_fallback,HIGHWAYS,False,False,,,,HIGHWAYS;VERTIS
ID_af99f1bddd07,VERTIS,lexicographic_fallback,VERTIS,False,False,,,,HIGHWAYS;VERTIS
ID_afaf65fb9494,ADVAIT,unique_current_nse_symbol,ADVAIT,False,True,2026-01-20,2026-03-30,INE0ALI01010,ADVAIT
ID_afb56307f35e,TFCILTD,unique_current_nse_symbol,TFCILTD,False,True,2013-01-01,2026-03-30,INE305A01015;INE305A01023,TFCILTD
ID_afc99c010409,EASTWEST,unique_current_nse_symbol,EASTWEST,False,True,,,,EASTWEST
ID_afda22e81654,VSTIND,unique_current_nse_symbol,VSTIND,True,True,2013-01-01,2026-03-30,INE710A01016,VSTIND
ID_afe4eb8420b8,CHEVIOT,unique_current_nse_symbol,CHEVIOT,False,True,2022-06-20,2026-03-30,INE974B01016,CHEVIOT
ID_afe674a69dd3,LUMAXAUTO,latest_observed_symbol,LUMAXAUTO,False,False,2013-01-01,2016-05-20,INE547G01019,LUMAXAUTO
ID_afede001d6fb,CORPBANK,latest_observed_symbol,CORPBANK,True,False,2013-01-01,2020-03-19,INE112A01015;INE112A01023,CORPBANK
ID_afee163b3fef,MOMENTUM,latest_observed_symbol,MOMENTUM,False,False,2022-08-19,2026-03-30,INF209KB14K7,MOMENTUM
ID_aff7c0a7cc08,RPPINFRA,unique_current_nse_symbol,RPPINFRA,False,True,2013-01-01,2026-03-30,INE324L01013,RPPINFRA
ID_b018209b24de,KIRLPNU,unique_current_nse_symbol,KIRLPNU,False,True,2023-04-26,2026-03-30,INE811A01020,KIRLPNU
ID_b0242b1d16a2,TALWGYM,latest_observed_symbol,TALWGYM,False,False,2018-07-13,2020-02-20,INE627Z01019,TALWGYM
ID_b0247f19f33e,EMUDHRA,unique_current_nse_symbol,EMUDHRA,False,True,2022-06-01,2026-03-30,INE01QM01018,EMUDHRA
ID_b03084163e5d,DCMNVL,unique_current_nse_symbol,DCMNVL,False,True,2019-07-30,2026-03-30,INE08KP01019,DCMNVL
ID_b04206ee8c27,DIL,latest_observed_symbol,DIL,False,False,2022-03-31,2025-12-24,INE411Y01011,DIL
ID_b06c50ea97e6,PSUBNKBEES,latest_observed_symbol,PSUBNKBEES,False,False,2013-01-01,2026-03-30,INF204KB16I7;INF732E01110,PSUBNKBEES
ID_b096ee7bb9ef,AONENIFTY,latest_observed_symbol,AONENIFTY,False,False,2025-05-28,2026-03-30,INF1J2R01064,AONENIFTY
ID_b0c9eb3cee05,TOP20,latest_observed_symbol,TOP20,False,False,2025-12-19,2026-03-30,INF769K01PZ5,TOP20
ID_b0d09ed6af64,KDDL,unique_current_nse_symbol,KDDL,False,True,2016-03-23,2026-03-30,INE291D01011,KDDL
ID_b0d47425a2f1,ETERNAL,unique_current_nse_symbol,ETERNAL,True,True,2025-04-09,2026-03-30,INE758T01015,ETERNAL;ZOMATO
ID_b0d47425a2f1,ETERNAL,unique_current_nse_symbol,ZOMATO,False,False,2021-07-23,2025-04-08,INE758T01015,ETERNAL;ZOMATO
ID_b0d6a01b64ef,PRICOL,latest_observed_symbol,PREMINSTR,False,False,,,,PREMINSTR;PRICOL
ID_b0d6a01b64ef,PRICOL,latest_observed_symbol,PRICOL,False,False,2013-01-01,2016-12-02,INE605A01026,PREMINSTR;PRICOL
ID_b105c60667df,KILITCH,unique_current_nse_symbol,KILITCH,False,True,2013-01-01,2026-03-30,INE729D01010,KILITCH
ID_b109719b1700,HILINFRA,unique_current_nse_symbol,HILINFRA,False,True,2025-08-28,2026-03-30,INE00RL01028,HILINFRA
ID_b118d79f6bbc,VIDYAWIRES,unique_current_nse_symbol,VIDYAWIRES,False,True,2025-12-10,2026-03-30,INE14UN01029,VIDYAWIRES
ID_b11a86b18959,EPACK,unique_current_nse_symbol,EPACK,False,True,2024-01-30,2026-03-30,INE0G5901015,EPACK
ID_b1250c007024,BAJAJ-AUTO,unique_current_nse_symbol,BAJAJ-AUTO,True,True,2013-01-01,2026-03-30,INE917I01010,BAJAJ-AUTO
ID_b12cf4d0b6e0,JP14D,lexicographic_fallback,E14D,False,False,,,,E14D;JP14D
ID_b12cf4d0b6e0,JP14D,lexicographic_fallback,JP14D,False,False,,,,E14D;JP14D
ID_b133105c6d80,SARVESHWAR,unique_current_nse_symbol,SARVESHWAR,False,True,2022-12-08,2026-03-30,INE324X01018;INE324X01026,SARVESHWAR
ID_b1583836aec0,BKMINDST,latest_observed_symbol,BKMINDST,False,False,2017-11-23,2021-05-21,INE831Q01016,BKMINDST;MANAKINDST
ID_b1583836aec0,BKMINDST,latest_observed_symbol,MANAKINDST,False,False,2015-04-16,2017-11-22,INE831Q01016,BKMINDST;MANAKINDST
ID_b15922af4dcd,UNIVPHOTO,unique_current_nse_symbol,UNIVPHOTO,False,True,2020-03-02,2026-02-20,INE03V001013,UNIVPHOTO
ID_b15aaab3bff3,BANKBETA,latest_observed_symbol,BANKBETA,False,False,2025-12-24,2026-03-30,INF789F1AUV1,BANKBETA;UTIBANKETF
ID_b15aaab3bff3,BANKBETA,latest_observed_symbol,UTIBANKETF,False,False,2020-09-04,2025-12-23,INF789F1AUN8;INF789F1AUV1,BANKBETA;UTIBANKETF
ID_b196b3b9ea92,RGL,unique_current_nse_symbol,RGL,False,True,2019-04-08,2026-03-30,INE722H01016;INE722H01024,RGL;RJL
ID_b196b3b9ea92,RGL,unique_current_nse_symbol,RJL,False,False,2013-01-01,2019-04-05,INE722H01016,RGL;RJL
ID_b19e29610a5c,SAHLIBHFI,unique_current_nse_symbol,SAHLIBHFI,False,True,,,,SAHLIBHFI
ID_b1a411c409ff,TOKYOPLAST,unique_current_nse_symbol,TOKYOPLAST,False,True,2013-01-01,2026-03-30,INE932C01012,TOKYOPLAST
ID_b1b7b075744a,GLOBECIVIL,unique_current_nse_symbol,GLOBECIVIL,False,True,2025-07-15,2026-03-30,INE0V3U01015,GLOBECIVIL
ID_b1b87f2bf95d,METKORE,latest_observed_symbol,CRONIMET,False,False,,,,CRONIMET;GMRFER;METKORE
ID_b1b87f2bf95d,METKORE,latest_observed_symbol,GMRFER,False,False,,,,CRONIMET;GMRFER;METKORE
ID_b1b87f2bf95d,METKORE,latest_observed_symbol,METKORE,False,False,2013-01-01,2018-08-27,INE592I01029,CRONIMET;GMRFER;METKORE
ID_b1d33d6a9a6e,HINDDORROL,latest_observed_symbol,HINDDORROL,False,False,2013-01-01,2018-05-21,INE551A01022,HINDDORROL
ID_b1d4234f8939,RDAXICDDD,lexicographic_fallback,NDAXICDDD,False,False,,,,NDAXICDDD;RDAXICDDD
ID_b1d4234f8939,RDAXICDDD,lexicographic_fallback,RDAXICDDD,False,False,,,,NDAXICDDD;RDAXICDDD
ID_b20ee9d2efee,SEAMECLTD,unique_current_nse_symbol,PEERLESHIP,False,False,,,,PEERLESHIP;SEAMECLTD
ID_b20ee9d2efee,SEAMECLTD,unique_current_nse_symbol,SEAMECLTD,False,True,2013-01-01,2026-03-30,INE497B01018,PEERLESHIP;SEAMECLTD
ID_b21602e070ed,ITDC,unique_current_nse_symbol,ITDC,True,True,2016-12-30,2026-03-30,INE353K01014,ITDC
ID_b21cc1eeb546,SECMARK,unique_current_nse_symbol,SECMARK,False,True,2023-10-16,2026-03-30,INE0BTM01013,SECMARK
ID_b21fbda11fe7,ESSENTIA,unique_current_nse_symbol,ESSENTIA,False,True,2022-06-21,2026-03-30,INE418N01035,ESSENTIA
ID_b2243c4f7a68,INVSTSMART,lexicographic_fallback,HINVDIR,False,False,,,,HINVDIR;INVSTSMART
ID_b2243c4f7a68,INVSTSMART,lexicographic_fallback,INVSTSMART,False,False,,,,HINVDIR;INVSTSMART
ID_b22af8b44ed6,NOCIL,unique_current_nse_symbol,NOCIL,True,True,2013-01-01,2026-03-30,INE163A01018,NOCIL
ID_b23e2e4a7d49,TALWALKARS,latest_observed_symbol,TALWALKARS,False,False,2013-01-01,2020-02-20,INE502K01016,TALWALKARS
ID_b24ec2e282b8,SBIMIDMOM,latest_observed_symbol,SBIMIDMOM,False,False,2026-03-06,2026-03-30,INF200KB1AJ0,SBIMIDMOM
ID_b26a2afae61c,HONAUT,unique_current_nse_symbol,HONAUT,True,True,2013-01-01,2026-03-30,INE671A01010,HONAUT;TATAHONEY
ID_b26a2afae61c,HONAUT,unique_current_nse_symbol,TATAHONEY,False,False,,,,HONAUT;TATAHONEY
ID_b26daabfa744,SPECTRUM,unique_current_nse_symbol,SPECTRUM,False,True,2025-03-28,2026-03-30,INE01EO01010,SPECTRUM
ID_b276d452b603,NORBTEAEXP,unique_current_nse_symbol,NORBTEAEXP,False,True,2013-01-01,2024-09-11,INE369C01017,NORBTEAEXP
ID_b277b12a693d,COCKERILL,unique_current_nse_symbol,COCKERILL,False,True,,,,COCKERILL
ID_b27f971382a6,NELCAST,unique_current_nse_symbol,NELCAST,False,True,2013-01-01,2026-03-30,INE189I01024,NELCAST
ID_b2b23d1501f5,MICRO,lexicographic_fallback,HINDINKS,False,False,,,,HINDINKS;MICRO
ID_b2b23d1501f5,MICRO,lexicographic_fallback,MICRO,False,False,,,,HINDINKS;MICRO
ID_b2c01b7698ca,VIJSOLX,unique_current_nse_symbol,VIJSOLX,False,True,,,,VIJSOLX
ID_b2e85a89bc29,JSWENERGY,unique_current_nse_symbol,JSWENERGY,True,True,2013-01-01,2026-03-30,INE121E01018,JSWENERGY
ID_b2e95a3e6266,TATACONSUM,unique_current_nse_symbol,TATACONSUM,True,True,2020-02-27,2026-03-30,INE192A01025,TATACONSUM;TATAGLOBAL;TATATEA
ID_b2e95a3e6266,TATACONSUM,unique_current_nse_symbol,TATAGLOBAL,False,False,2013-01-01,2020-02-26,INE192A01025,TATACONSUM;TATAGLOBAL;TATATEA
ID_b2e95a3e6266,TATACONSUM,unique_current_nse_symbol,TATATEA,False,False,,,,TATACONSUM;TATAGLOBAL;TATATEA
ID_b2ed8120aa63,HLVLTD,unique_current_nse_symbol,HLVLTD,False,True,2020-01-08,2026-03-30,INE102A01024,HLVLTD;HOTELEELA
ID_b2ed8120aa63,HLVLTD,unique_current_nse_symbol,HOTELEELA,True,False,2013-01-01,2020-01-07,INE102A01024,HLVLTD;HOTELEELA
ID_b2f4e9980f83,WOCKLIFE,lexicographic_fallback,CAROLINFO,False,False,,,,CAROLINFO;WOCKLIFE
ID_b2f4e9980f83,WOCKLIFE,lexicographic_fallback,WOCKLIFE,False,False,,,,CAROLINFO;WOCKLIFE
ID_b2f8ff1d4923,SHRIRAMFIN,unique_current_nse_symbol,SHRIRAMFIN,True,True,2022-12-20,2026-03-30,INE721A01013;INE721A01047,SHRIRAMFIN;SRTRANSFIN
ID_b2f8ff1d4923,SHRIRAMFIN,unique_current_nse_symbol,SRTRANSFIN,False,False,2013-01-01,2022-12-19,INE721A01013,SHRIRAMFIN;SRTRANSFIN
ID_b305ea551332,ELDERPHARM,latest_observed_symbol,ELDERPHARM,True,False,2013-01-01,2015-11-20,INE975A01015,ELDERPHARM
ID_b307e28a18d4,DEEPINDS,unique_current_nse_symbol,DEEPINDS,False,True,2021-05-11,2026-03-30,INE0FHS01016;INE0FHS01024,DEEPINDS
ID_b3293db04154,SGRL,unique_current_nse_symbol,SGRL,False,True,,,,SGRL
ID_b330dc0ed87c,GRUH,latest_observed_symbol,GRUH,False,False,2013-01-01,2019-10-15,INE580B01029,GRUH
ID_b34140c49988,SELMC,latest_observed_symbol,SELMC,False,False,2021-11-12,2026-03-30,INE105I01020,SELMC
ID_b34a64656a4c,MAXESTATES,unique_current_nse_symbol,MAXESTATES,False,True,2023-11-13,2026-03-30,INE03EI01018,MAXESTATES
ID_b373a52386f3,GICRE,unique_current_nse_symbol,GICRE,True,True,2017-10-25,2026-03-30,INE481Y01014,GICRE
ID_b37e6e84dab3,MARICO,unique_current_nse_symbol,MARICO,True,True,2013-01-01,2026-03-30,INE196A01026,MARICO;MARICOIND
ID_b37e6e84dab3,MARICO,unique_current_nse_symbol,MARICOIND,False,False,,,,MARICO;MARICOIND
ID_b37e878d3cc9,BROADCAST,latest_observed_symbol,BROADCAST,False,False,2013-01-01,2016-05-09,INE698H01018,BROADCAST
ID_b39816bae150,ASHAPURMIN,unique_current_nse_symbol,ASHAPURMIN,False,True,2013-03-01,2026-03-30,INE348A01023,ASHAPURMIN
ID_b3c24ca121a8,RANKLIN,latest_observed_symbol,RANKLIN,False,False,2013-01-01,2015-01-29,INE619C01015,RANKLIN
ID_b3ccf7b0f788,AVADHSUGAR,unique_current_nse_symbol,AVADHSUGAR,False,True,2017-11-22,2026-03-30,INE349W01017,AVADHSUGAR
ID_b3dc620744f6,UPERGANGES,latest_observed_symbol,UPERGANGES,False,False,2013-01-01,2017-03-22,INE018B01012,UPERGANGES
ID_b3dc867b25a2,ARMANFIN,unique_current_nse_symbol,ARMANFIN,False,True,2016-06-14,2026-03-30,INE109C01017,ARMANFIN
ID_b3eb6065b291,ENERGY,latest_observed_symbol,ENERGY,False,False,2025-11-13,2026-03-30,INF769K01PR2,ENERGY
ID_b3f171520e0e,DHARSUGAR,latest_observed_symbol,DHARSUGAR,False,False,2013-01-01,2022-05-24,INE988C01014,DHARSUGAR
ID_b40cf5c55a32,SOLARWORLD,unique_current_nse_symbol,SOLARWORLD,False,True,2025-09-30,2026-03-30,INE0TY101024,SOLARWORLD
ID_b42034523df8,JETFREIGHT,unique_current_nse_symbol,JETFREIGHT,False,True,2021-12-21,2026-03-30,INE982V01017;INE982V01025,JETFREIGHT
ID_b4317e3d45cd,NURECA,unique_current_nse_symbol,NURECA,False,True,2021-03-12,2026-03-30,INE0DSF01015,NURECA
ID_b43389064a86,HINDMOTORS,latest_observed_symbol,HINDMOTORS,False,False,2013-01-01,2025-10-01,INE253A01025,HINDMOTORS
ID_b43bcf51a0e2,RDAXADG,lexicographic_fallback,NDAXADG,False,False,,,,NDAXADG;RDAXADG
ID_b43bcf51a0e2,RDAXADG,lexicographic_fallback,RDAXADG,False,False,,,,NDAXADG;RDAXADG
ID_b448163b3d86,SHREEJISPG,unique_current_nse_symbol,SHREEJISPG,False,True,2025-08-26,2026-03-30,INE1B6101010,SHREEJISPG
ID_b45c7ecc08fb,MENNPIS,unique_current_nse_symbol,MENNPIS,False,True,,,,MENNPIS
ID_b46b6fff866c,SHIVAMILLS,unique_current_nse_symbol,SHIVAMILLS,False,True,2018-03-13,2026-03-30,INE644Y01017,SHIVAMILLS
ID_b474069b780b,SAIPARENT,unique_current_nse_symbol,SAIPARENT,False,True,,,,SAIPARENT
ID_b4782eb614f4,JKLAKSHMI,unique_current_nse_symbol,JKLAKSHMI,True,True,2013-01-01,2026-03-30,INE786A01032,JKLAKSHMI
ID_b48bef915205,BBETF0432,latest_observed_symbol,BBETF0432,False,False,2021-12-17,2026-03-30,INF754K01OB1,BBETF0432
ID_b48cd828fd06,LIQUIDPLUS,latest_observed_symbol,LIQUIDPLUS,False,False,2024-11-13,2026-03-30,INF769K01MY5,LIQUIDPLUS
ID_b4923c15b784,NEWGEN,unique_current_nse_symbol,NEWGEN,True,True,2018-01-29,2026-03-30,INE619B01017,NEWGEN
ID_b49ec5587f3b,VINDHYATEL,unique_current_nse_symbol,VINDHYATEL,False,True,2013-01-01,2026-03-30,INE707A01012,VINDHYATEL
ID_b4b0cf0050f7,PPAP,unique_current_nse_symbol,PPAP,False,True,2013-01-01,2026-03-30,INE095I01015,PPAP
ID_b4bbf40c70e4,PETRONENGG,latest_observed_symbol,PETRONENGG,False,False,2013-01-01,2019-03-22,INE742A01019,PETRONENGG
ID_b4c1322a6e94,GEOMETRIC,latest_observed_symbol,GEOMETRIC,False,False,2013-01-01,2017-03-10,INE797A01021,GEOMETRIC
ID_b4e6540a221e,LIQUIDADD,latest_observed_symbol,LIQUIDADD,False,False,2024-04-03,2026-03-30,INF740KA1UM0,LIQUIDADD
ID_b4efa286d4a7,IIFLCAPS,unique_current_nse_symbol,IIFLCAPS,False,True,2024-12-03,2026-03-30,INE489L01022,IIFLCAPS;IIFLSEC
ID_b4efa286d4a7,IIFLCAPS,unique_current_nse_symbol,IIFLSEC,False,False,2019-10-07,2024-12-02,INE489L01022,IIFLCAPS;IIFLSEC
ID_b51d535da3c9,CONCOR,unique_current_nse_symbol,CONCOR,True,True,2013-01-01,2026-03-30,INE111A01017;INE111A01025,CONCOR
ID_b53a998201ab,BLEL,unique_current_nse_symbol,BLEL,False,True,,,,BLEL
ID_b53ee2c46bed,KRSNAA,unique_current_nse_symbol,KRSNAA,False,True,2021-08-16,2026-03-30,INE08LI01020,KRSNAA
ID_b56a2e97a338,RSL,unique_current_nse_symbol,RSL,False,True,2026-03-19,2026-03-30,INE313L01016,RSL
ID_b582e3ba0ec3,FIRSTWIN,latest_observed_symbol,FIRSTWIN,False,False,2013-01-01,2018-02-20,INE315J01015,FIRSTWIN
ID_b59c3a5319cc,BAIDFIN,unique_current_nse_symbol,BAIDFIN,False,True,2023-01-20,2026-03-30,INE020D01022,BAIDFIN
ID_b59dea111c22,TERAI,unique_current_nse_symbol,TERAI,False,True,,,,TERAI
ID_b5af133e5ac1,ASTERDM,unique_current_nse_symbol,ASTERDM,True,True,2018-02-26,2026-03-30,INE914M01019,ASTERDM
ID_b5bd93390c98,ZENITHCOMP,latest_observed_symbol,ZENITHCOMP,False,False,2013-01-01,2016-03-10,INE598B01013,ZENITHCOMP
ID_b5cbf2653ed3,APCL,unique_current_nse_symbol,APCL,False,True,2017-04-10,2026-03-30,INE071F01012,APCL
ID_b5dd8798bfad,SRSLTD,latest_observed_symbol,SRSLTD,False,False,2013-01-01,2018-08-21,INE219H01039,SRSLTD
ID_b5e903c2e2b6,EMKAY,unique_current_nse_symbol,EMKAY,False,True,2013-01-01,2026-03-30,INE296H01011,EMKAY
ID_b5ec66ec5f54,CHROMATIC,latest_observed_symbol,CHROMATIC,False,False,2013-01-01,2020-12-16,INE662C01015,CHROMATIC
ID_b5f581777dff,HINDALUMI,unique_current_nse_symbol,HINDALUMI,False,True,,,,HINDALUMI
ID_b60d88b2742f,BHARATFIN,latest_observed_symbol,BHARATFIN,True,False,2016-07-01,2019-07-02,INE180K01011,BHARATFIN;SKSMICRO
ID_b60d88b2742f,BHARATFIN,latest_observed_symbol,SKSMICRO,False,False,2013-01-01,2016-06-30,INE180K01011,BHARATFIN;SKSMICRO
ID_b6192678ccde,HECPROJECT,unique_current_nse_symbol,HECPROJECT,False,True,2021-12-30,2026-03-30,INE558R01013,HECPROJECT
ID_b621ad0fb751,KRISHNAENG,latest_observed_symbol,KRISHNAENG,False,False,2013-01-01,2015-02-09,INE409C01011,KRISHNAENG
ID_b623d8d68841,MANPASAND,latest_observed_symbol,MANPASAND,True,False,2015-07-09,2019-09-23,INE122R01018,MANPASAND
ID_b629feedb8f9,PENIND,unique_current_nse_symbol,PENIND,True,True,2013-01-01,2026-03-30,INE932A01024,PENIND
ID_b634af4468d7,RATNAVEER,unique_current_nse_symbol,RATNAVEER,False,True,2023-09-26,2026-03-30,INE05CZ01011,RATNAVEER
ID_b6502bf10c23,EUROMULTI,latest_observed_symbol,EUROMULTI,False,False,2013-01-01,2020-12-24,INE063J01011,EUROMULTI
ID_b68816218fac,MOMSBELIEF,unique_current_nse_symbol,MOMSBELIEF,False,True,,,,MOMSBELIEF
ID_b6992a95ac7c,VSSL,unique_current_nse_symbol,VSSL,False,True,2013-01-01,2026-03-30,INE050M01012,VSSL
ID_b69b0a7839d7,NIMBSPROJ,unique_current_nse_symbol,NIMBSPROJ,False,True,,,,NIMBSPROJ
ID_b6a03df9ed93,DCM,unique_current_nse_symbol,DCM,False,True,2013-01-01,2026-03-30,INE498A01018,DCM
ID_b6a6778ab91c,JAYSREETEA,unique_current_nse_symbol,JAYSREETEA,False,True,2013-03-01,2026-03-30,INE364A01020,JAYSREETEA
ID_b6b0f6278cb7,SAKHTISUG,unique_current_nse_symbol,SAKHTISUG,False,True,2013-01-01,2026-03-30,INE623A01011,SAKHTISUG
ID_b6bd17866404,GROWWSC250,latest_observed_symbol,GROWWSC250,False,False,2025-10-30,2026-03-30,INF666M01MO0,GROWWSC250
ID_b6dbe42054a5,JUSTDIAL,unique_current_nse_symbol,JUSTDIAL,True,True,2013-06-05,2026-03-30,INE599M01018,JUSTDIAL
ID_b6e930ca9893,UFLEX,unique_current_nse_symbol,FLEX,False,False,,,,FLEX;UFLEX
ID_b6e930ca9893,UFLEX,unique_current_nse_symbol,UFLEX,True,True,2013-01-01,2026-03-30,INE516A01017,FLEX;UFLEX
ID_b6eae5a87aa2,ABDL,unique_current_nse_symbol,ABDL,True,True,2024-07-02,2026-03-30,INE552Z01027,ABDL
ID_b7105d8cd507,DIVISLAB,unique_current_nse_symbol,DIVISLAB,True,True,2013-01-01,2026-03-30,INE361B01024,DIVISLAB
ID_b71acba28e46,VIKRAMSOLR,unique_current_nse_symbol,VIKRAMSOLR,False,True,2025-08-26,2026-03-30,INE078V01014,VIKRAMSOLR
ID_b72b0eb3f8b1,MOSMALL250,latest_observed_symbol,MOSMALL250,False,False,2024-03-21,2026-03-30,INF247L01CH6,MOSMALL250
ID_b7391794629b,ECORECO,unique_current_nse_symbol,ECORECO,False,True,,,,ECORECO
ID_b76647f1eda5,SHRENIK,unique_current_nse_symbol,SHRENIK,False,True,2019-08-02,2026-01-01,INE632X01022;INE632X01030,SHRENIK
ID_b769af26721c,TRIVENI,unique_current_nse_symbol,TRIVENI,True,True,2013-01-01,2026-03-30,INE256C01024,TRIVENI
ID_b76f495007ab,KALAMANDIR,unique_current_nse_symbol,KALAMANDIR,False,True,2023-09-27,2026-03-30,INE438K01021,KALAMANDIR
ID_b7713718465b,TREJHARA,unique_current_nse_symbol,TREJHARA,False,True,2019-01-11,2026-03-30,INE00CA01015,TREJHARA
ID_b7a627a5cbe0,GOLDBEES,latest_observed_symbol,GOLDBEES,False,False,2013-01-01,2026-03-30,INF204KB17I5;INF732E01102,GOLDBEES
ID_b7ad311cb487,TECHNOFAB,latest_observed_symbol,TECHNOFAB,False,False,2013-01-01,2020-11-27,INE509K01011,TECHNOFAB
ID_b7b8613bb8a9,ASHIKAG,unique_current_nse_symbol,ASHIKA,False,False,,,,ASHIKA;ASHIKAG
ID_b7b8613bb8a9,ASHIKAG,unique_current_nse_symbol,ASHIKAG,False,True,,,,ASHIKA;ASHIKAG
ID_b7d525ebc19b,TGVSL,unique_current_nse_symbol,TGVSL,False,True,,,,TGVSL
ID_b7d6124bdc11,SUJANATOW,latest_observed_symbol,SUJANATOW,False,False,2013-03-01,2013-08-06,INE333I01028,SUJANATOW
ID_b7e5b88c5719,IGL,unique_current_nse_symbol,IGL,True,True,2013-01-01,2026-03-30,INE203G01019;INE203G01027,IGL
ID_b8158673a13f,JUMBO,latest_observed_symbol,JUMBO,False,False,2013-01-01,2014-04-11,INE699D01015,JUMBO
ID_b819ad05df19,SWANCORP,unique_current_nse_symbol,SWANCORP,True,True,2025-09-04,2026-03-30,INE665A01038,SWANCORP;SWANENERGY
ID_b819ad05df19,SWANCORP,unique_current_nse_symbol,SWANENERGY,True,False,2013-01-01,2025-09-03,INE665A01020;INE665A01038,SWANCORP;SWANENERGY
ID_b83b16354de1,RVTH,unique_current_nse_symbol,REVATHIEQU,False,False,2024-09-25,2024-10-30,INE0DAB01012,REVATHIEQU;RVTH
ID_b83b16354de1,RVTH,unique_current_nse_symbol,RVTH,False,True,2025-02-01,2026-03-30,INE0DAB01012,REVATHIEQU;RVTH
ID_b83e44639af9,ENTERO,unique_current_nse_symbol,ENTERO,False,True,2024-02-16,2026-03-30,INE010601016,ENTERO
ID_b84820786159,BDL,unique_current_nse_symbol,BDL,True,True,2018-03-23,2026-03-30,INE171Z01018;INE171Z01026,BDL
ID_b8500e8662dd,BALKRISIND,unique_current_nse_symbol,BALKRISIND,True,True,2013-01-01,2026-03-30,INE787D01026,BALKRISIND
ID_b85030c8cdcf,ULTRACEMCO,unique_current_nse_symbol,ULTRACEMCO,True,True,2013-01-01,2026-03-30,INE481G01011,ULTRACEMCO
ID_b85324751375,CSM,unique_current_nse_symbol,CSM,False,True,,,,CSM
ID_b8720b31f532,KALYANKJIL,unique_current_nse_symbol,KALYANKJIL,True,True,2021-03-26,2026-03-30,INE303R01014,KALYANKJIL
ID_b88b1e4efbfe,SKML,lexicographic_fallback,BABAFOOD,False,False,,,,BABAFOOD;SKML
ID_b88b1e4efbfe,SKML,lexicographic_fallback,SKML,False,False,,,,BABAFOOD;SKML
ID_b88ba053f65d,ASIANHOTNR,unique_current_nse_symbol,ASIANHOTNR,False,True,2013-01-01,2026-03-30,INE363A01022,ASIANHOTNR
ID_b8e7ef26902c,OCL,latest_observed_symbol,OCL,True,False,2013-01-01,2018-10-24,INE290B01025,OCL;ORISSACEM
ID_b8e7ef26902c,OCL,latest_observed_symbol,ORISSACEM,False,False,,,,OCL;ORISSACEM
ID_b923542c587c,METALIETF,latest_observed_symbol,METALIETF,False,False,2024-08-20,2026-03-30,INF109KC19W1,METALIETF
ID_b93adf84c898,KSE,unique_current_nse_symbol,KSE,False,True,2013-01-01,2014-01-10,INE953E01014,KSE
ID_b94d1b2fae9f,AKSHAR,unique_current_nse_symbol,AKSHAR,False,True,2022-05-23,2026-03-30,INE256Z01017;INE256Z01025,AKSHAR
ID_b95d8e43d2a4,LEMONTREE,unique_current_nse_symbol,LEMONTREE,True,True,2018-04-09,2026-03-30,INE970X01018,LEMONTREE
ID_b98f99838cef,MSCIADD,latest_observed_symbol,MSCIADD,False,False,2025-12-01,2026-03-30,INF740KA1WV7,MSCIADD
ID_b99ae9895dae,APLLTD,unique_current_nse_symbol,APLLTD,True,True,2013-01-01,2026-03-30,INE901L01018,APLLTD
ID_b9ac60edb747,WALCHANNAG,unique_current_nse_symbol,WALCHANNAG,False,True,2013-01-01,2026-03-30,INE711A01022,WALCHANNAG
ID_b9d68b9db61a,MCL,unique_current_nse_symbol,MCL,False,True,2020-08-19,2026-01-05,INE813V01022,MCL
ID_b9ec1b85fb4c,POCL,unique_current_nse_symbol,POCL,False,True,2023-03-06,2026-03-30,INE063E01046;INE063E01053,POCL
ID_b9eea1180ef0,AURIONPRO,unique_current_nse_symbol,AURIONPRO,False,True,2013-01-01,2026-03-30,INE132H01018,AURIONPRO
ID_ba098f9e472b,SKMEGGPROD,unique_current_nse_symbol,SKMEGGPROD,False,True,2013-01-01,2026-03-30,INE411D01015;INE411D01023,SKMEGGPROD
ID_ba14df46eca4,INDIANCARD,unique_current_nse_symbol,INDIANCARD,False,True,2013-01-01,2026-03-30,INE061A01014,INDIANCARD
ID_ba16b682d405,ZEELEARN,unique_current_nse_symbol,ZEELEARN,True,True,2013-01-01,2026-03-30,INE565L01011,ZEELEARN
ID_ba4f8a6213c0,RUSTOMJEE,unique_current_nse_symbol,RUSTOMJEE,True,True,2022-11-24,2026-03-30,INE263M01029,RUSTOMJEE
ID_ba552a9b8e85,EDL,latest_observed_symbol,EDL,False,False,2013-01-01,2019-02-27,INE180G01019,EDL
ID_ba56d090b880,CAPILLARY,unique_current_nse_symbol,CAPILLARY,False,True,2025-11-21,2026-03-30,INE0ILV01024,CAPILLARY
ID_ba5df8d48d99,TECPRO,latest_observed_symbol,TECPRO,False,False,2013-01-01,2015-02-20,INE904H01010,TECPRO
ID_ba5e957fa51b,SENORES,unique_current_nse_symbol,SENORES,False,True,2024-12-30,2026-03-30,INE0RB801010,SENORES
ID_ba643af66f90,THEMISMED,unique_current_nse_symbol,THEMISMED,False,True,2013-01-01,2026-03-30,INE083B01016;INE083B01024,THEMISMED
ID_ba6f9fe3fa8f,DWARKESH,unique_current_nse_symbol,DWARKESH,False,True,2013-01-01,2026-03-30,INE366A01033;INE366A01041,DWARKESH
ID_ba77dc143574,MINDTECK,unique_current_nse_symbol,MINDTECK,False,True,2016-08-02,2026-03-30,INE110B01017,MINDTECK
ID_ba799aa6c6c4,GEECEE,unique_current_nse_symbol,GEECEE,False,True,2013-01-01,2026-03-30,INE916G01016,GEECEE;GWALCHEM
ID_ba799aa6c6c4,GEECEE,unique_current_nse_symbol,GWALCHEM,False,False,,,,GEECEE;GWALCHEM
ID_ba8a157d528a,UNITEDBNK,latest_observed_symbol,UNITEDBNK,True,False,2013-01-01,2020-03-20,INE695A01019,UNITEDBNK
ID_bab5f46d5c15,INDOBORAX,unique_current_nse_symbol,INDOBORAX,False,True,2022-03-29,2026-03-30,INE803D01021,INDOBORAX
ID_bab77d0a4e24,HINDWAREAP,unique_current_nse_symbol,HINDWAREAP,False,True,2022-06-21,2026-03-30,INE05AN01011,HINDWAREAP;SHIL
ID_bab77d0a4e24,HINDWAREAP,unique_current_nse_symbol,SHIL,False,False,2020-01-09,2022-06-20,INE05AN01011,HINDWAREAP;SHIL
ID_bacc36b2285c,CUPID,unique_current_nse_symbol,CUPID,False,True,2016-09-16,2026-03-30,INE509F01011;INE509F01029,CUPID
ID_bacc4bff54e8,INNOVISION,unique_current_nse_symbol,INNOVISION,False,True,2026-03-23,2026-03-30,INE0ADB01012,INNOVISION
ID_bace084c2c22,DIGITIDE,unique_current_nse_symbol,DIGITIDE,False,True,2025-06-25,2026-03-30,INE0U4701011,DIGITIDE
ID_baea21a1eab2,PRATIBHA,latest_observed_symbol,PRATIBHA,False,False,2013-01-01,2018-09-24,INE308H01022,PRATIBHA
ID_bafe5ec1c77b,JUBLINDS,latest_observed_symbol,JUBLINDS,False,False,2013-01-01,2024-10-25,INE645L01011,JUBLINDS
ID_bb007936fe29,BHARATSE,unique_current_nse_symbol,BHARATSE,False,True,2025-03-24,2026-03-30,INE415D01024,BHARATSE
ID_bb1a026f36b7,CROWN,unique_current_nse_symbol,CROWN,False,True,2022-02-08,2026-03-30,INE491V01019,CROWN
ID_bb1b10354348,MOGSEC,latest_observed_symbol,G5,False,False,2020-12-16,2021-06-15,INF247L01AK4,G5;MOGSEC
ID_bb1b10354348,MOGSEC,latest_observed_symbol,MOGSEC,False,False,2021-06-16,2026-03-30,INF247L01AK4,G5;MOGSEC
ID_bb1d0d9f89bd,SANDESH,unique_current_nse_symbol,SANDESH,False,True,2013-01-01,2026-03-30,INE583B01015,SANDESH
ID_bb1d1dc5a6d5,TCPLPACK,unique_current_nse_symbol,TCPLPACK,False,True,2017-10-17,2026-03-30,INE822C01015,TCPLPACK
ID_bb349888bddc,RELIANCE,unique_current_nse_symbol,RELIANCE,True,True,2013-01-01,2026-03-30,INE002A01018,RELIANCE
ID_bb3fe27ddab8,VIKASWSP,latest_observed_symbol,VIKASWSP,False,False,2019-08-19,2022-04-22,INE706A01022,VIKASWSP
ID_bb4617672e4d,BAJAJST,unique_current_nse_symbol,BAJAJST,False,True,,,,BAJAJST
ID_bb54294d3451,CONSUMIETF,latest_observed_symbol,CONSUMIETF,False,False,2023-12-20,2026-03-30,INF109KC1V42,CONSUMIETF;ICICICONSU
ID_bb54294d3451,CONSUMIETF,latest_observed_symbol,ICICICONSU,False,False,2021-11-02,2023-12-19,INF109KC1V42,CONSUMIETF;ICICICONSU
ID_bb6f5598d6db,SMPL,latest_observed_symbol,SMPL,False,False,2013-03-01,2019-08-30,INE215G01021,SMPL
ID_bb9355555582,MAZDOCK,unique_current_nse_symbol,MAZDOCK,True,True,2020-10-12,2026-03-30,INE249Z01012;INE249Z01020,MAZDOCK
ID_bb98cca1e4a1,NDL,unique_current_nse_symbol,NANDANEXIM,False,False,2013-01-01,2013-11-20,INE875G01030,NANDANEXIM;NDL
ID_bb98cca1e4a1,NDL,unique_current_nse_symbol,NDL,False,True,2013-11-21,2026-03-30,INE875G01030;INE875G01048,NANDANEXIM;NDL
ID_bbd23210e631,MUNJALAU,unique_current_nse_symbol,MUNJALAU,False,True,2013-01-01,2026-03-30,INE672B01032,MUNJALAU
ID_bbe43173bb60,SPTL,latest_observed_symbol,SPTL,True,False,2017-08-23,2023-03-02,INE501W01021,SPTL
ID_bc348e441f02,RDAFVGGO,lexicographic_fallback,NDAFVGGO,False,False,,,,NDAFVGGO;RDAFVGGO
ID_bc348e441f02,RDAFVGGO,lexicographic_fallback,RDAFVGGO,False,False,,,,NDAFVGGO;RDAFVGGO
ID_bc3a28375516,STLNETWORK,unique_current_nse_symbol,STLNETWORK,False,True,2025-09-18,2026-03-30,INE1VXE01018,STLNETWORK
ID_bc6d4bd85e44,BRAHMINFRA,unique_current_nse_symbol,BRAHMINFRA,False,True,,,,BRAHMINFRA
ID_bc84b7cdc877,SJVN,unique_current_nse_symbol,SJVN,True,True,2013-01-01,2026-03-30,INE002L01015,SJVN
ID_bc89117c3791,CRAVATEX,unique_current_nse_symbol,CRAVATEX,False,True,,,,CRAVATEX
ID_bc96cb491a5e,SICALLOG,unique_current_nse_symbol,SICALLOG,False,True,2023-10-27,2023-10-30,INE075B01020,SICALLOG
ID_bc9dc355f959,RDAIXEDDG,lexicographic_fallback,NDAIXEDDG,False,False,,,,NDAIXEDDG;RDAIXEDDG
ID_bc9dc355f959,RDAIXEDDG,lexicographic_fallback,RDAIXEDDG,False,False,,,,NDAIXEDDG;RDAIXEDDG
ID_bcdaac030117,20MICRONS,unique_current_nse_symbol,20MICRONS,False,True,2013-01-01,2026-03-30,INE144J01019;INE144J01027,20MICRONS
ID_bce7009f0472,FORTIS,unique_current_nse_symbol,FORTIS,True,True,2013-01-01,2026-03-30,INE061F01013,FORTIS
ID_bd188f662efd,HYBRIDFIN,unique_current_nse_symbol,HYBRIDFIN,False,True,2022-12-13,2026-03-30,INE965B01022,HYBRIDFIN
ID_bd2d5462c25a,SHREECEM,unique_current_nse_symbol,SHREECEM,True,True,2013-01-01,2026-03-30,INE070A01015,SHREECEM
ID_bd31178d678d,DHATRE,unique_current_nse_symbol,DHATRE,False,True,,,,DHATRE
ID_bd6396c0dc58,AIAENG,unique_current_nse_symbol,AIAENG,True,True,2013-01-01,2026-03-30,INE212H01026,AIAENG
ID_bd6d9b42f132,RDAXDDG,lexicographic_fallback,NDAXDDG,False,False,,,,NDAXDDG;RDAXDDG
ID_bd6d9b42f132,RDAXDDG,lexicographic_fallback,RDAXDDG,False,False,,,,NDAXDDG;RDAXDDG
ID_bd742ed361a3,BLKASHYAP,unique_current_nse_symbol,BLKASHYAP,False,True,2013-01-01,2026-03-30,INE350H01032,BLKASHYAP
ID_bd77e8cbabd1,VIPCLOTHNG,unique_current_nse_symbol,MAXWELL,False,False,2013-03-01,2016-12-20,INE450G01024,MAXWELL;VIPCLOTHNG
ID_bd77e8cbabd1,VIPCLOTHNG,unique_current_nse_symbol,VIPCLOTHNG,False,True,2016-12-21,2026-03-30,INE450G01024,MAXWELL;VIPCLOTHNG
ID_bd992effd76a,NATCAPSUQ,unique_current_nse_symbol,NATCAPSUQ,False,True,2025-02-14,2026-03-30,INE936B01015,NATCAPSUQ
ID_bda6a2e9bde1,RDAIXEDD,lexicographic_fallback,NDAIXEDD,False,False,,,,NDAIXEDD;RDAIXEDD
ID_bda6a2e9bde1,RDAIXEDD,lexicographic_fallback,RDAIXEDD,False,False,,,,NDAIXEDD;RDAIXEDD
ID_bda7226c93be,RAJRATAN,unique_current_nse_symbol,RAJRATAN,False,True,2020-05-22,2026-03-30,INE451D01011;INE451D01029,RAJRATAN
ID_bda8ccae40bb,NIRAJ,unique_current_nse_symbol,NIRAJ,False,True,2020-10-01,2026-03-30,INE368I01016,NIRAJ
ID_bdbbb9255252,RAILTEL,unique_current_nse_symbol,RAILTEL,True,True,2021-02-26,2026-03-30,INE0DD101019,RAILTEL
ID_bdbc9ebe7cc9,HFCL,unique_current_nse_symbol,HFCL,True,True,2013-01-01,2026-03-30,INE548A01028,HFCL
ID_bdd23b4cc093,AUSOMENT,unique_current_nse_symbol,AUSOMENT,False,True,2013-01-01,2026-01-21,INE218C01016,AUSOMENT;COREBIO;COREEMBLG
ID_bdd23b4cc093,AUSOMENT,unique_current_nse_symbol,COREBIO,False,False,,,,AUSOMENT;COREBIO;COREEMBLG
ID_bdd23b4cc093,AUSOMENT,unique_current_nse_symbol,COREEMBLG,False,False,,,,AUSOMENT;COREBIO;COREEMBLG
ID_bddb4101253c,EUROCERA,latest_observed_symbol,EUROCERA,False,False,2013-01-01,2018-06-22,INE649H01011,EUROCERA
ID_bde4790f86c1,ABHISHEK,latest_observed_symbol,ABHISHEK,False,False,2013-01-01,2013-06-04,INE004I01017,ABHISHEK;AML
ID_bde4790f86c1,ABHISHEK,latest_observed_symbol,AML,False,False,,,,ABHISHEK;AML
ID_bdfea072754f,HINDPETRO,unique_current_nse_symbol,HINDPETRO,True,True,2013-01-01,2026-03-30,INE094A01015,HINDPETRO
ID_be03ff2bf01a,KSB,unique_current_nse_symbol,KSB,True,True,2018-10-23,2026-03-30,INE999A01015;INE999A01023,KSB;KSBPUMPS
ID_be03ff2bf01a,KSB,unique_current_nse_symbol,KSBPUMPS,True,False,2013-01-01,2018-10-22,INE999A01015,KSB;KSBPUMPS
ID_be12febb056a,PCJEWELLER,unique_current_nse_symbol,PCJEWELLER,True,True,2013-01-01,2026-03-30,INE785M01013;INE785M01021,PCJEWELLER
ID_be29e71ef4a4,NEUEON,unique_current_nse_symbol,NEUEON,False,True,,,,NEUEON;NTL;SUJANATWR
ID_be29e71ef4a4,NEUEON,unique_current_nse_symbol,NTL,False,False,2017-02-17,2021-12-01,INE333I01036,NEUEON;NTL;SUJANATWR
ID_be29e71ef4a4,NEUEON,unique_current_nse_symbol,SUJANATWR,False,False,2013-09-11,2017-02-16,INE333I01036,NEUEON;NTL;SUJANATWR
ID_be37e0bebd32,ZENSARTECH,unique_current_nse_symbol,FUJITSICIM,False,False,,,,FUJITSICIM;ZENSARTECH
ID_be37e0bebd32,ZENSARTECH,unique_current_nse_symbol,ZENSARTECH,True,True,2013-01-01,2026-03-30,INE520A01019;INE520A01027,FUJITSICIM;ZENSARTECH
ID_be433b380a34,COX&KINGS,latest_observed_symbol,COX&KINGS,True,False,2013-01-01,2019-12-24,INE008I01026,COX&KINGS
ID_be630c26eda0,REPRO,unique_current_nse_symbol,REPRO,False,True,2013-01-01,2026-03-30,INE461B01014,REPRO
ID_be74f52a7312,IVRCLINFRA,latest_observed_symbol,IVRCLINFRA,False,False,2013-01-01,2019-06-06,INE875A01025,IVRCLINFRA
ID_be7bc7f1389f,IRISDOREME,unique_current_nse_symbol,IRISDOREME,False,True,2021-02-22,2026-03-30,INE01GN01017;INE01GN01025,IRISDOREME
ID_be806cc45592,GLOBALVECT,unique_current_nse_symbol,GLOBALVECT,False,True,2013-03-01,2026-03-30,INE792H01019,GLOBALVECT
ID_bed61adbaf99,MANIPALHOS,unique_current_nse_symbol,MANIPALHOS,False,True,,,,MANIPALHOS
ID_bee7acbb032c,RBN,latest_observed_symbol,RBN,False,False,2013-01-01,2014-03-20,INE445K01018,RBN;RMEDIA
ID_bee7acbb032c,RBN,latest_observed_symbol,RMEDIA,False,False,,,,RBN;RMEDIA
ID_bef10bb6da2d,SRD,unique_current_nse_symbol,SRD,False,True,2024-10-09,2026-03-30,INE01NE01012,SRD
ID_befbfe5a68be,PANAMAPET,unique_current_nse_symbol,PANAMAPET,False,True,2013-01-01,2026-03-30,INE305C01011;INE305C01029,PANAMAPET
ID_bf18f9e9a43b,BNAGROCHEM,unique_current_nse_symbol,BNAGROCHEM,False,True,,,,BNAGROCHEM
ID_bf2ab240a25a,PIONRINV,unique_current_nse_symbol,PIONRINV,False,True,,,,PIONRINV
ID_bf2baebc29a5,KARURVYSYA,unique_current_nse_symbol,KARURVYSYA,True,True,2013-01-01,2026-03-30,INE036D01010;INE036D01028,KARURVYSYA
ID_bf857759a618,ENERGYDEV,unique_current_nse_symbol,ENERGYDEV,False,True,2013-01-01,2026-03-30,INE306C01019,ENERGYDEV
ID_bf8a37daaeab,UNIECOM,unique_current_nse_symbol,UNIECOM,False,True,2024-08-13,2026-03-30,INE00U401027,UNIECOM
ID_bf8a8d1dd3cb,MEIL,unique_current_nse_symbol,MEIL,False,True,2025-08-28,2026-03-30,INE0PKD01011,MEIL
ID_bfc3c2c622b2,MUKTAARTS,unique_current_nse_symbol,MUKTAARTS,False,True,2013-01-01,2026-03-30,INE374B01019,MUKTAARTS
ID_c011518e5844,ANSALAPI,unique_current_nse_symbol,ANSALAPI,True,True,2013-01-01,2022-09-21,INE436A01026,ANSALAPI;ANSALINFRA;ANSALPROP
ID_c011518e5844,ANSALAPI,unique_current_nse_symbol,ANSALINFRA,False,False,,,,ANSALAPI;ANSALINFRA;ANSALPROP
ID_c011518e5844,ANSALAPI,unique_current_nse_symbol,ANSALPROP,False,False,,,,ANSALAPI;ANSALINFRA;ANSALPROP
ID_c02ff421ea5e,GROWWHOSPI,latest_observed_symbol,GROWWHOSPI,False,False,2026-03-05,2026-03-30,INF666M01OD9,GROWWHOSPI
ID_c038a97f7e0a,MPHASIS,unique_current_nse_symbol,BFLSOFTWAR,False,False,,,,BFLSOFTWAR;MPHASIS;MPHASISBFL
ID_c038a97f7e0a,MPHASIS,unique_current_nse_symbol,MPHASIS,True,True,2013-01-01,2026-03-30,INE356A01018,BFLSOFTWAR;MPHASIS;MPHASISBFL
ID_c038a97f7e0a,MPHASIS,unique_current_nse_symbol,MPHASISBFL,False,False,,,,BFLSOFTWAR;MPHASIS;MPHASISBFL
ID_c039d9e9f487,NIITLTD,unique_current_nse_symbol,NIITLTD,True,True,2013-01-01,2026-03-30,INE161A01038,NIITLTD
ID_c040a321a8ba,KRYSTAL,unique_current_nse_symbol,KRYSTAL,False,True,2024-03-21,2026-03-30,INE0QN801017,KRYSTAL
ID_c04640e02196,PROTEAN,unique_current_nse_symbol,PROTEAN,False,True,2025-02-06,2026-03-30,INE004A01022,PROTEAN
ID_c04fd0e6398e,URAVIDEF,unique_current_nse_symbol,URAVI,False,False,2023-07-05,2025-01-15,INE568Z01015,URAVI;URAVIDEF
ID_c04fd0e6398e,URAVIDEF,unique_current_nse_symbol,URAVIDEF,False,True,2025-01-16,2026-03-30,INE568Z01015,URAVI;URAVIDEF
ID_c06686a39798,DREDGECORP,unique_current_nse_symbol,DREDGECORP,True,True,2013-01-01,2026-03-30,INE506A01018,DREDGECORP
ID_c07b8f1768d9,PPL,unique_current_nse_symbol,PPL,False,True,2019-08-23,2026-03-30,INE050001010,PPL
ID_c07c243d2d5e,GODREJAGRO,unique_current_nse_symbol,GODREJAGRO,True,True,2017-10-16,2026-03-30,INE850D01014,GODREJAGRO
ID_c08797fb8960,PRECAM,unique_current_nse_symbol,PRECAM,False,True,2016-02-08,2026-03-30,INE484I01029,PRECAM
ID_c0c9d5e29dc2,IDBI,unique_current_nse_symbol,IDBI,True,True,2013-01-01,2026-03-30,INE008A01015,IDBI
ID_c0df20467d27,ORICONENT,unique_current_nse_symbol,ORICONENT,False,True,2015-07-24,2026-03-30,INE730A01022,ORICONENT
ID_c103cd7bb365,RDAXIDDG,lexicographic_fallback,NDAXIDDG,False,False,,,,NDAXIDDG;RDAXIDDG
ID_c103cd7bb365,RDAXIDDG,lexicographic_fallback,RDAXIDDG,False,False,,,,NDAXIDDG;RDAXIDDG
ID_c10be2f35909,SUPRIYA,unique_current_nse_symbol,SUPRIYA,False,True,2021-12-28,2026-03-30,INE07RO01027,SUPRIYA
ID_c1317121027c,VALIANTORG,unique_current_nse_symbol,VALIANTORG,True,True,2020-10-05,2026-03-30,INE565V01010,VALIANTORG
ID_c133c45cc094,RDAFVGDO,lexicographic_fallback,NDAFVGDO,False,False,,,,NDAFVGDO;RDAFVGDO
ID_c133c45cc094,RDAFVGDO,lexicographic_fallback,RDAFVGDO,False,False,,,,NDAFVGDO;RDAFVGDO
ID_c13f71439bc7,AHLADA,unique_current_nse_symbol,AHLADA,False,True,2021-01-28,2026-03-30,INE00PV01013,AHLADA
ID_c1451fbe69ad,MASFIN,unique_current_nse_symbol,MASFIN,True,True,2017-10-18,2026-03-30,INE348L01012,MASFIN
ID_c1710a5eb695,DEN,unique_current_nse_symbol,DEN,True,True,2013-01-01,2026-03-30,INE947J01015,DEN
ID_c193063666a3,VSTL,unique_current_nse_symbol,VSTL,False,True,2024-03-05,2026-03-30,INE0QTF01015,VSTL
ID_c199839b0fbc,SMALLADD,latest_observed_symbol,SMALLADD,False,False,2025-12-18,2026-03-30,INF740KA1WX3,SMALLADD
ID_c19f5150f60f,AGARIND,unique_current_nse_symbol,AGARIND,False,True,2014-05-26,2026-03-30,INE204E01012,AGARIND
ID_c1a6e406795d,SEYAIND,unique_current_nse_symbol,SEYAIND,False,True,2019-07-11,2023-05-22,INE573R01012,SEYAIND
ID_c1bea0bf3773,INNOVACAP,unique_current_nse_symbol,INNOVACAP,False,True,2023-12-29,2026-03-30,INE0DUT01020,INNOVACAP
ID_c1c27345d570,KANCHI,unique_current_nse_symbol,KANCHI,False,True,,,,KANCHI
ID_c1cfd7cd1a2c,AMARJOTHI,unique_current_nse_symbol,AMARJOTHI,False,True,2013-01-02,2015-01-29,INE484D01012,AMARJOTHI
ID_c1d29b97fea8,BALAJITELE,unique_current_nse_symbol,BALAJITELE,False,True,2013-01-01,2026-03-30,INE794B01026,BALAJITELE
ID_c1dbf51a11b9,SETFNIF50,latest_observed_symbol,SETFNIF50,False,False,2015-11-24,2026-03-30,INF200KA1FS1,SETFNIF50;SETFNIFTY
ID_c1dbf51a11b9,SETFNIF50,latest_observed_symbol,SETFNIFTY,False,False,2015-07-27,2015-11-23,INF200KA1FS1,SETFNIF50;SETFNIFTY
ID_c234fe782882,ZODIACLOTH,unique_current_nse_symbol,ZODIACLOTH,True,True,2013-01-01,2026-03-30,INE206B01013,ZODIACLOTH
ID_c24dd29cd485,ASKAUTOLTD,unique_current_nse_symbol,ASKAUTOLTD,False,True,2023-11-15,2026-03-30,INE491J01022,ASKAUTOLTD
ID_c256772bc4b9,MEDICO,unique_current_nse_symbol,MEDICO,False,True,2022-05-26,2026-03-30,INE630Y01016;INE630Y01024,MEDICO
ID_c25a60aefacf,BAJAJHIND,unique_current_nse_symbol,BAJAJHIND,True,True,2013-01-01,2026-03-30,INE306A01021,BAJAJHIND
ID_c26784e235f3,DHANSA,lexicographic_fallback,AMBEY,False,False,,,,AMBEY;DHANSA
ID_c26784e235f3,DHANSA,lexicographic_fallback,DHANSA,False,False,,,,AMBEY;DHANSA
ID_c26d4e70361e,KWALITY,latest_observed_symbol,KWALITY,True,False,2013-01-01,2021-02-23,INE775B01025,KWALITY
ID_c2b416a6226f,SUDARCOLOR,unique_current_nse_symbol,CLNINDIA,False,False,2013-01-01,2023-03-09,INE492A01029,CLNINDIA;COLORCHEM;HEUBACHIND;SUDARCOLOR
ID_c2b416a6226f,SUDARCOLOR,unique_current_nse_symbol,COLORCHEM,False,False,,,,CLNINDIA;COLORCHEM;HEUBACHIND;SUDARCOLOR
ID_c2b416a6226f,SUDARCOLOR,unique_current_nse_symbol,HEUBACHIND,False,False,2023-03-10,2026-01-19,INE492A01029,CLNINDIA;COLORCHEM;HEUBACHIND;SUDARCOLOR
ID_c2b416a6226f,SUDARCOLOR,unique_current_nse_symbol,SUDARCOLOR,False,True,2026-01-20,2026-03-30,INE492A01029,CLNINDIA;COLORCHEM;HEUBACHIND;SUDARCOLOR
ID_c2b654c53c3e,INDOASIFU,lexicographic_fallback,EONELECT,False,False,,,,EONELECT;INDOASIFU
ID_c2b654c53c3e,INDOASIFU,lexicographic_fallback,INDOASIFU,False,False,,,,EONELECT;INDOASIFU
ID_c2be894bd36a,PLASTIBLEN,unique_current_nse_symbol,PLASTIBLEN,False,True,2013-01-01,2026-03-30,INE083C01022,PLASTIBLEN
ID_c2c2cfdd0066,RUSHIL,unique_current_nse_symbol,RUSHIL,False,True,2013-01-01,2026-03-30,INE573K01017;INE573K01025,RUSHIL
ID_c2c959b3b629,BIRLAMONEY,unique_current_nse_symbol,APOLLOSIND,False,False,,,,APOLLOSIND;BIRLAMONEY
ID_c2c959b3b629,BIRLAMONEY,unique_current_nse_symbol,BIRLAMONEY,False,True,2013-01-01,2026-03-30,INE865C01022,APOLLOSIND;BIRLAMONEY
ID_c2e9da4fcd6d,TATVA,unique_current_nse_symbol,TATVA,False,True,2021-07-29,2026-03-30,INE0GK401011,TATVA
ID_c2f74ff3184d,JKTYRE,unique_current_nse_symbol,JKTYRE,True,True,2013-01-01,2026-03-30,INE573A01034;INE573A01042,JKTYRE
ID_c3054d57e4b7,IFGLEXPOR,unique_current_nse_symbol,IFGLEXPOR,False,True,2017-11-28,2026-03-30,INE133Y01011,IFGLEXPOR
ID_c3329044bf16,PARACABLES,unique_current_nse_symbol,PARACABLES,False,True,2013-03-01,2026-03-30,INE074B01023,PARACABLES
ID_c34419f70494,SIMPLEXINF,unique_current_nse_symbol,SIMPLEXCON,False,False,,,,SIMPLEXCON;SIMPLEXINF
ID_c34419f70494,SIMPLEXINF,unique_current_nse_symbol,SIMPLEXINF,True,True,2013-01-01,2026-03-30,INE059B01024,SIMPLEXCON;SIMPLEXINF
ID_c35606d49c92,RUDRA,unique_current_nse_symbol,RUDRA,False,True,2025-12-19,2026-03-30,INE027T01023,RUDRA
ID_c35980f98e21,ARVINDPORT,lexicographic_fallback,ACSAL,False,False,,,,ACSAL;ARVINDPORT
ID_c35980f98e21,ARVINDPORT,lexicographic_fallback,ARVINDPORT,False,False,,,,ACSAL;ARVINDPORT
ID_c36c17025b9c,DBL,unique_current_nse_symbol,DBL,True,True,2016-08-11,2026-03-30,INE917M01012,DBL
ID_c3798b444875,DCMFINSERV,unique_current_nse_symbol,DCMFINSERV,False,True,2018-06-22,2026-03-16,INE891B01012,DCMFINSERV
ID_c3b4f0056843,DABUR,unique_current_nse_symbol,DABUR,True,True,2013-01-01,2026-03-30,INE016A01026,DABUR
ID_c3cf9b1d460b,PARASPETRO,unique_current_nse_symbol,PARASPETRO,False,True,2013-03-01,2026-02-03,INE162C01024,PARASPETRO
ID_c3d68807c058,BLAL,unique_current_nse_symbol,BLAL,False,True,2023-05-04,2026-03-30,INE0N7W01012,BLAL
ID_c3e513585cf7,LYKALABS,unique_current_nse_symbol,LYKALABS,False,True,2013-01-01,2026-03-30,INE933A01014,LYKALABS
ID_c3f124c9d210,ZODIAC,unique_current_nse_symbol,ZODIAC,False,True,2021-12-14,2026-03-30,INE761Y01019,ZODIAC
ID_c3f6584a19b1,KRITINUT,unique_current_nse_symbol,KRITINUT,False,True,2022-10-07,2026-03-30,INE798K01010,KRITINUT
ID_c3f84a67c489,PML,unique_current_nse_symbol,PML,False,True,,,,PML
ID_c3fa9d5ff097,VISUINTL,latest_observed_symbol,VISUINTL,False,False,2013-01-01,2017-04-10,INE965A01016,VISUINTL
ID_c4012acf377c,CMLL,unique_current_nse_symbol,CMLL,False,True,,,,CMLL
ID_c421992255b1,ORIENTBELL,unique_current_nse_symbol,ORIENTBELL,False,True,2013-01-01,2026-03-30,INE607D01018,ORIENTBELL;ORIENTCERA
ID_c421992255b1,ORIENTBELL,unique_current_nse_symbol,ORIENTCERA,False,False,,,,ORIENTBELL;ORIENTCERA
ID_c43074625933,KANDAGIRI,latest_observed_symbol,KANDAGIRI,False,False,2013-01-02,2015-01-23,INE292D01019,KANDAGIRI
ID_c44fb06c25d1,DAMCAPITAL,unique_current_nse_symbol,DAMCAPITAL,False,True,2024-12-27,2026-03-30,INE284H01025,DAMCAPITAL
ID_c462e6eb7e67,TATAGOLD,latest_observed_symbol,TATAGOLD,False,False,2024-01-17,2026-03-30,INF277KA1976,TATAGOLD
ID_c4687e638e2f,FIRSTLEASE,latest_observed_symbol,FIRSTLEASE,False,False,2013-01-01,2013-12-09,INE492B01019,FIRSTLEASE
ID_c4709d8d09e3,VIDHIING,unique_current_nse_symbol,VIDHIDYE,False,False,2016-03-02,2017-02-28,INE632C01026,VIDHIDYE;VIDHIING
ID_c4709d8d09e3,VIDHIING,unique_current_nse_symbol,VIDHIING,False,True,2017-03-01,2026-03-30,INE632C01026,VIDHIDYE;VIDHIING
ID_c4794044bfd6,PGIMAEGPG,lexicographic_fallback,DPRMAEGP,False,False,,,,DPRMAEGP;PGIMAEGPG
ID_c4794044bfd6,PGIMAEGPG,lexicographic_fallback,PGIMAEGPG,False,False,,,,DPRMAEGP;PGIMAEGPG
ID_c47cb53ef75c,RDAXDDD,lexicographic_fallback,NDAXDDD,False,False,,,,NDAXDDD;RDAXDDD
ID_c47cb53ef75c,RDAXDDD,lexicographic_fallback,RDAXDDD,False,False,,,,NDAXDDD;RDAXDDD
ID_c4849ae9a30a,SUDEEPPHRM,unique_current_nse_symbol,SUDEEPPHRM,False,True,2025-11-28,2026-03-30,INE0QPI01025,SUDEEPPHRM
ID_c499ac247804,PTL,unique_current_nse_symbol,PTL,False,True,2013-01-01,2026-03-30,INE034D01031;INE034D01049,PTL
ID_c4ad52ead458,WAKEFIT,unique_current_nse_symbol,WAKEFIT,False,True,2025-12-15,2026-03-30,INE0E7301029,WAKEFIT
ID_c4c63265dc23,AGRODUTCH,latest_observed_symbol,AGRODUTCH,False,False,2013-01-01,2016-09-26,INE135B01014,AGRODUTCH
ID_c4c7e1b3c23b,GALLISPAT,latest_observed_symbol,GALLISPAT,False,False,2013-01-01,2022-06-03,INE528K01011;INE528K01029,GALLISPAT
ID_c4ccad5fedec,FINEORG,unique_current_nse_symbol,FINEORG,True,True,2018-07-02,2026-03-30,INE686Y01026,FINEORG
ID_c4f441f48fd1,ROLLT,unique_current_nse_symbol,ROLLT,False,True,2016-11-22,2026-01-12,INE927A01040,ROLLT
ID_c4fb326aa0ca,SNOWMAN,unique_current_nse_symbol,SNOWMAN,True,True,2014-09-26,2026-03-30,INE734N01019,SNOWMAN
ID_c4fbd00658db,HDFCNIFBAN,latest_observed_symbol,HBANKETF,False,False,2020-08-28,2023-06-15,INF179KC1AN8,HBANKETF;HDFCNIFBAN
ID_c4fbd00658db,HDFCNIFBAN,latest_observed_symbol,HDFCNIFBAN,False,False,2023-06-16,2026-03-30,INF179KC1AN8;INF179KC1HY0,HBANKETF;HDFCNIFBAN
ID_c50a27a0d266,WHEELS,unique_current_nse_symbol,WHEELS,True,True,2013-01-01,2026-03-30,INE715A01015,WHEELS
ID_c511f7d195fb,ACCELYA,unique_current_nse_symbol,ACCELYA,False,True,2013-03-01,2026-03-30,INE793A01012,ACCELYA;KALECONSUL
ID_c511f7d195fb,ACCELYA,unique_current_nse_symbol,KALECONSUL,False,False,,,,ACCELYA;KALECONSUL
ID_c51cdc9ebf5c,KRISHANA,unique_current_nse_symbol,KRISHANA,False,True,2019-08-22,2026-03-30,INE506W01012,KRISHANA
ID_c5416fbd00ee,PRISMX,unique_current_nse_symbol,PRISMX,False,True,,,,PRISMX
ID_c5451911946e,ELCIDIN,unique_current_nse_symbol,ELCIDIN,False,True,,,,ELCIDIN
ID_c5533d320bea,AETHER,unique_current_nse_symbol,AETHER,True,True,2022-06-03,2026-03-30,INE0BWX01014,AETHER
ID_c566310ac8df,ABSLLIQUID,latest_observed_symbol,ABSLLIQUID,False,False,2023-03-16,2026-03-30,INF209KB18T9,ABSLLIQUID
ID_c575f5dd99fe,INDUSFILA,latest_observed_symbol,INDUSFILA,False,False,2013-01-01,2014-06-05,INE025I01012,INDUSFILA
ID_c59789fa3969,IIISL,lexicographic_fallback,IIFLFIN,False,False,,,,IIFLFIN;IIISL
ID_c59789fa3969,IIISL,lexicographic_fallback,IIISL,False,False,,,,IIFLFIN;IIISL
ID_c5a9fda4311b,RITES,unique_current_nse_symbol,RITES,True,True,2018-07-02,2026-03-30,INE320J01015,RITES
ID_c5ad939ca6bc,RAMCOIND,unique_current_nse_symbol,RAMCOIND,True,True,2013-01-01,2026-03-30,INE614A01028,RAMCOIND
ID_c5af2125e420,SILVERCASE,latest_observed_symbol,SILVERCASE,False,False,2025-03-26,2026-03-30,INF0R8F01091,SILVERCASE
ID_c5afb02a5d23,CERA,unique_current_nse_symbol,CERA,True,True,2013-01-01,2026-03-30,INE739E01017,CERA
ID_c5c6bb3ac817,RDAXIADD,lexicographic_fallback,NDAXIADD,False,False,,,,NDAXIADD;RDAXIADD
ID_c5c6bb3ac817,RDAXIADD,lexicographic_fallback,RDAXIADD,False,False,,,,NDAXIADD;RDAXIADD
ID_c5e0cae4c9f0,STOVEKRAFT,unique_current_nse_symbol,STOVEKRAFT,False,True,2021-02-05,2026-03-30,INE00IN01015,STOVEKRAFT
ID_c605c678f510,LENSKART,unique_current_nse_symbol,LENSKART,True,True,2025-11-10,2026-03-30,INE956O01016,LENSKART
ID_c60917512166,RDAXIIADDG,lexicographic_fallback,NDAXIIADDG,False,False,,,,NDAXIIADDG;RDAXIIADDG
ID_c60917512166,RDAXIIADDG,lexicographic_fallback,RDAXIIADDG,False,False,,,,NDAXIIADDG;RDAXIIADDG
ID_c60d759183ed,MOVALUE,latest_observed_symbol,MOVALUE,False,False,2022-08-26,2026-03-30,INF247L01BE5,MOVALUE
ID_c61a20c764c3,HDFCLIQUID,latest_observed_symbol,HDFCLIQUID,False,False,2023-08-31,2026-03-30,INF179KC1HE2;INF179KC1JG3,HDFCLIQUID
ID_c623a5b48524,SHREDIGCEM,unique_current_nse_symbol,SHREDIGCEM,False,True,2019-08-19,2026-03-30,INE232A01011,SHREDIGCEM
ID_c6289aff1b6e,ACUTAAS,unique_current_nse_symbol,ACUTAAS,True,True,2025-06-02,2026-03-30,INE00FF01025,ACUTAAS;AMIORG
ID_c6289aff1b6e,ACUTAAS,unique_current_nse_symbol,AMIORG,False,False,2021-09-14,2025-05-30,INE00FF01017;INE00FF01025,ACUTAAS;AMIORG
ID_c6c3983ae07d,DCW,unique_current_nse_symbol,DCW,True,True,2013-01-01,2026-03-30,INE500A01029,DCW
ID_c6e4ed72fb0b,NGLFINE,unique_current_nse_symbol,NGLFINE,False,True,2022-07-08,2026-03-30,INE887E01022,NGLFINE
ID_c6f5c82fd0f0,SVPGLOB,unique_current_nse_symbol,SVPGLOB,False,True,2021-07-14,2026-03-30,INE308E01029,SVPGLOB
ID_c715752ba3cb,MOKSH,unique_current_nse_symbol,MOKSH,False,True,2021-05-21,2026-03-30,INE514Y01012;INE514Y01020,MOKSH
ID_c71761891763,SUPRAJIT,unique_current_nse_symbol,SUPRAJIT,True,True,2013-01-01,2026-03-30,INE399C01030,SUPRAJIT
ID_c72b56899555,GMRP&UI,unique_current_nse_symbol,GMRP&UI,False,True,2022-04-06,2026-03-30,INE0CU601026,GMRP&UI
ID_c72c19a54186,GOLDENTOBC,unique_current_nse_symbol,GOLDENTOBC,False,True,2013-01-01,2022-06-14,INE973A01010,GOLDENTOBC;GTCIND
ID_c72c19a54186,GOLDENTOBC,unique_current_nse_symbol,GTCIND,False,False,,,,GOLDENTOBC;GTCIND
ID_c732044b5cda,MANGLMCEM,unique_current_nse_symbol,MANGLMCEM,False,True,2013-01-01,2026-03-30,INE347A01017,MANGLMCEM
ID_c7463e27c24e,CENTEXT,unique_current_nse_symbol,CENTEXT,False,True,2013-01-01,2026-03-30,INE281A01026,CENTEXT
ID_c75d3e1ccd0a,UTTAMVALUE,latest_observed_symbol,LLOYDSTEEL,False,False,2013-01-01,2013-04-26,INE292A01015,LLOYDSTEEL;UTTAMVALUE
ID_c75d3e1ccd0a,UTTAMVALUE,latest_observed_symbol,UTTAMVALUE,False,False,2013-04-29,2016-03-23,INE292A01015,LLOYDSTEEL;UTTAMVALUE
ID_c766a099fb78,AKSHARCHEM,unique_current_nse_symbol,AKSHARCHEM,False,True,2017-03-28,2026-03-30,INE542B01011,AKSHARCHEM
ID_c783fd2ea32c,EIFFL,unique_current_nse_symbol,EIFFL,False,True,2021-10-12,2026-03-30,INE546V01010,EIFFL
ID_c79fc35828cc,GALAPREC,unique_current_nse_symbol,GALAPREC,False,True,2024-09-23,2026-03-30,INE0RE001014,GALAPREC
ID_c7a73b35489a,MOIL,unique_current_nse_symbol,MOIL,True,True,2013-01-01,2026-03-30,INE490G01020,MOIL
ID_c7c429267769,IFGLREFRAC,latest_observed_symbol,IFGLREFRAC,False,False,2013-01-01,2017-09-13,INE023B01012,IFGLREFRAC
ID_c7cf73ee0d2a,GVPIL,unique_current_nse_symbol,ABBALPO,False,False,,,,ABBALPO;AIL;APIL;GEPIL;GVPIL
ID_c7cf73ee0d2a,GVPIL,unique_current_nse_symbol,AIL,False,False,2013-01-01,2016-09-12,INE878A01011,ABBALPO;AIL;APIL;GEPIL;GVPIL
ID_c7cf73ee0d2a,GVPIL,unique_current_nse_symbol,APIL,False,False,,,,ABBALPO;AIL;APIL;GEPIL;GVPIL
ID_c7cf73ee0d2a,GVPIL,unique_current_nse_symbol,GEPIL,True,False,2016-09-14,2025-08-26,INE878A01011,ABBALPO;AIL;APIL;GEPIL;GVPIL
ID_c7cf73ee0d2a,GVPIL,unique_current_nse_symbol,GVPIL,False,True,2025-08-28,2026-02-23,INE878A01011,ABBALPO;AIL;APIL;GEPIL;GVPIL
ID_c80ae1014b8e,ABANSENT,unique_current_nse_symbol,ABANSENT,False,True,,,,ABANSENT
ID_c810571593d7,WSI,unique_current_nse_symbol,WSI,False,True,2013-01-01,2026-03-30,INE100D01014,WSI;WSIND
ID_c810571593d7,WSI,unique_current_nse_symbol,WSIND,False,False,,,,WSI;WSIND
ID_c813b122c2be,RRECL,unique_current_nse_symbol,RRECL,False,True,,,,RRECL
ID_c8234955d806,QUAL30IETF,latest_observed_symbol,ICICIQTY30,False,False,2023-08-10,2023-12-19,INF109KC15T5,ICICIQTY30;QUAL30IETF
ID_c8234955d806,QUAL30IETF,latest_observed_symbol,QUAL30IETF,False,False,2023-12-20,2026-03-30,INF109KC15T5;INF109KC18V5,ICICIQTY30;QUAL30IETF
ID_c823b418088a,SILVERTUC,unique_current_nse_symbol,SILVERTUC,False,True,2022-05-12,2026-03-30,INE625X01018;INE625X01026,SILVERTUC
ID_c82496dd2888,DIGJAM,latest_observed_symbol,BVXL,False,False,,,,BVXL;DIGJAM
ID_c82496dd2888,DIGJAM,latest_observed_symbol,DIGJAM,False,False,2013-01-01,2016-03-29,INE471A01023,BVXL;DIGJAM
ID_c836d7252efd,SUNTV,unique_current_nse_symbol,SUNTV,True,True,2013-01-01,2026-03-30,INE424H01027,SUNTV
ID_c838076d93dc,LOVABLE,unique_current_nse_symbol,LOVABLE,True,True,2013-01-01,2026-03-30,INE597L01014,LOVABLE
ID_c84a3de11d33,ACGL,unique_current_nse_symbol,ACGL,False,True,,,,ACGL
ID_c8559f6aec00,SENSEXBETA,latest_observed_symbol,SENSEXBETA,False,False,2025-12-24,2026-03-30,INF789FB1X58,SENSEXBETA;UTISENSETF
ID_c8559f6aec00,SENSEXBETA,latest_observed_symbol,UTISENSETF,False,False,2015-09-03,2025-12-23,INF789FB1X58,SENSEXBETA;UTISENSETF
ID_c8567cd7358b,SRTL,unique_current_nse_symbol,SRTL,False,True,2026-03-17,2026-03-30,INE19GK01015,SRTL
ID_c86378cdd770,DISAQ,unique_current_nse_symbol,DISAQ,False,True,,,,DISAQ
ID_c86c9ab62b78,TVSELECT,unique_current_nse_symbol,TVSELECT,False,True,2013-01-01,2026-03-30,INE236G01019,TVSELECT
ID_c87ff9399a53,HDFCPVTBAN,latest_observed_symbol,HDFCPVTBAN,False,False,2022-11-22,2026-03-30,INF179KC1DW3;INF179KC1HZ7,HDFCPVTBAN
ID_c89b4f8aa1e0,CCL,unique_current_nse_symbol,CCL,True,True,2013-01-01,2026-03-30,INE421D01014;INE421D01022,CCL
ID_c8a0c5510130,NEULANDLAB,unique_current_nse_symbol,NEULANDLAB,True,True,2013-01-01,2026-03-30,INE794A01010,NEULANDLAB
ID_c8a29b7c43ff,SIRCA,unique_current_nse_symbol,SIRCA,False,True,2019-07-22,2026-03-30,INE792Z01011,SIRCA
ID_c8a6d534e0a8,AEROPLANE,unique_current_nse_symbol,AEROPLANE,False,True,,,,AEROPLANE;AMIRCHAND
ID_c8a6d534e0a8,AEROPLANE,unique_current_nse_symbol,AMIRCHAND,False,False,,,,AEROPLANE;AMIRCHAND
ID_c8b808216d06,RDAXCDDG,lexicographic_fallback,NDAXCDDG,False,False,,,,NDAXCDDG;RDAXCDDG
ID_c8b808216d06,RDAXCDDG,lexicographic_fallback,RDAXCDDG,False,False,,,,NDAXCDDG;RDAXCDDG
ID_c8cb9aa24e84,TORRENTSEC,lexicographic_fallback,SURATELEC,False,False,,,,SURATELEC;TORRENTSEC
ID_c8cb9aa24e84,TORRENTSEC,lexicographic_fallback,TORRENTSEC,False,False,,,,SURATELEC;TORRENTSEC
ID_c8d117e77eec,EMPOWER,unique_current_nse_symbol,EMPOWER,False,True,,,,EMPOWER
ID_c8d81e473bd5,MANAKCOAT,unique_current_nse_symbol,MANAKCOAT,False,True,2015-04-16,2026-03-30,INE830Q01018,MANAKCOAT
ID_c8f6d944e96c,HDFCMOMENT,latest_observed_symbol,HDFCMOMENT,False,False,2022-10-17,2026-03-30,INF179KC1DM4;INF179KC1HV6,HDFCMOMENT
ID_c8fa94459a8f,MANGTIMBER,latest_observed_symbol,MANGTIMBER,False,False,2013-01-01,2022-01-04,INE805B01012,MANGTIMBER
ID_c903944126f4,ONMOBILE,unique_current_nse_symbol,ONMOBILE,False,True,2013-01-01,2026-03-30,INE809I01019,ONMOBILE
ID_c92e12180ba0,FEDDERELEC,latest_observed_symbol,FEDDERELEC,False,False,2017-06-13,2018-09-24,INE249C01011,FEDDERELEC;FEDDERLOYD
ID_c92e12180ba0,FEDDERELEC,latest_observed_symbol,FEDDERLOYD,False,False,2013-01-01,2017-06-12,INE249C01011,FEDDERELEC;FEDDERLOYD
ID_c9359f959e63,PSUBANKADD,latest_observed_symbol,DSPPSBKETF,False,False,2023-08-02,2024-02-14,INF740KA1SY9,DSPPSBKETF;PSUBANKADD
ID_c9359f959e63,PSUBANKADD,latest_observed_symbol,PSUBANKADD,False,False,2024-02-15,2026-03-30,INF740KA1SY9,DSPPSBKETF;PSUBANKADD
ID_c93b29dde6a4,BUILDPRO,unique_current_nse_symbol,BUILDPRO,False,True,2026-01-27,2026-03-30,INE24OJ01011,BUILDPRO
ID_c95655aa7186,GENCON,unique_current_nse_symbol,GENCON,False,True,2021-02-16,2026-03-30,INE854S01022,GENCON
ID_c95e4b895b78,SINDHUTRAD,unique_current_nse_symbol,SINDHUTRAD,False,True,2023-06-20,2026-03-30,INE325D01025,SINDHUTRAD
ID_c965f1037dcf,RADAAN,unique_current_nse_symbol,RADAAN,False,True,2013-01-01,2026-03-30,INE874F01027,RADAAN
ID_c96fa2d4588e,SATIN,unique_current_nse_symbol,SATIN,False,True,2015-09-10,2026-03-30,INE836B01017,SATIN
ID_c982c6fa14de,BHARATWIRE,unique_current_nse_symbol,BHARATWIRE,False,True,2016-04-20,2026-03-30,INE316L01019,BHARATWIRE
ID_c98c9f237757,WIPL,unique_current_nse_symbol,WIPL,False,True,2024-04-22,2026-03-30,INE215F01023,WIPL
ID_c9d579651761,BANK10ADD,latest_observed_symbol,BANK10ADD,False,False,2026-03-12,2026-03-30,INF740KA1YH2,BANK10ADD
ID_c9e741b6bb44,INDIABULLS,latest_observed_symbol,INDIABULLS,False,False,2013-01-01,2013-03-18,INE894F01025,INDIABULLS
ID_ca22a59f74c0,MAWANASUG,unique_current_nse_symbol,MAWANASUG,False,True,2013-01-01,2026-03-30,INE636A01039,MAWANASUG
ID_ca2b50bcb97d,BCG,unique_current_nse_symbol,BCG,True,True,2018-10-08,2026-02-23,INE425B01027,BCG;LYCOS
ID_ca2b50bcb97d,BCG,unique_current_nse_symbol,LYCOS,False,False,2015-05-08,2018-10-05,INE425B01027,BCG;LYCOS
ID_ca6f0fa1b16d,HEXAWARE,latest_observed_symbol,HEXAWARE,False,False,2013-01-01,2020-10-30,INE093A01033,HEXAWARE
ID_ca8245cbd40c,HINDCON,unique_current_nse_symbol,HINDCON,False,True,2021-07-05,2026-03-30,INE642Y01011;INE642Y01029,HINDCON
ID_ca83fa5acff9,CPPLUS,unique_current_nse_symbol,CPPLUS,True,True,2025-08-05,2026-03-30,INE819V01029,CPPLUS
ID_caa5abf2eab5,AONETMMQ50,latest_observed_symbol,AONETMMQ50,False,False,2025-11-27,2026-03-30,INF1J2R01148,AONETMMQ50
ID_caa8cd244632,NRBBEARING,unique_current_nse_symbol,NRBBEARING,False,True,2013-01-01,2026-03-30,INE349A01021,NRBBEARING
ID_caaa9811e32b,VISHNU,unique_current_nse_symbol,VISHNU,False,True,2015-03-05,2026-03-30,INE270I01014;INE270I01022,VISHNU
ID_cabddb7d3a00,ALOKINDS,unique_current_nse_symbol,ALOKINDS,True,True,2020-03-05,2026-03-30,INE270A01029,ALOKINDS
ID_cacd4217afb6,HARDWYN,unique_current_nse_symbol,HARDWYN,False,True,2022-04-12,2026-01-08,INE626Z01011;INE626Z01029,HARDWYN
ID_cacfcc123c69,GROWWPOWER,latest_observed_symbol,GROWWPOWER,False,False,2025-08-07,2026-03-30,INF666M01LM6,GROWWPOWER
ID_cad4e9658d60,SABEVENTS,latest_observed_symbol,SABEVENTS,False,False,2016-09-29,2023-05-03,INE860T01019,SABEVENTS
ID_caddc12a8138,ECLERX,unique_current_nse_symbol,ECLERX,True,True,2013-01-01,2026-03-30,INE738I01010,ECLERX
ID_cade98707338,FEL,unique_current_nse_symbol,FEL,False,True,2016-05-25,2023-01-20,INE623B01027,FEL;FRL;PANTALOONR
ID_cade98707338,FEL,unique_current_nse_symbol,FRL,True,False,2013-04-11,2016-05-10,INE623B01027,FEL;FRL;PANTALOONR
ID_cade98707338,FEL,unique_current_nse_symbol,PANTALOONR,False,False,2013-01-01,2013-04-10,INE623B01027,FEL;FRL;PANTALOONR
ID_caec91850384,HDFCSILVER,latest_observed_symbol,HDFCSILVER,False,False,2022-09-07,2026-03-30,INF179KC1DI2,HDFCSILVER
ID_cb04e845e2ba,NAVNETEDUL,unique_current_nse_symbol,NAVNETEDUL,True,True,2013-09-19,2026-03-30,INE060A01024,NAVNETEDUL;NAVNETPUBL
ID_cb04e845e2ba,NAVNETEDUL,unique_current_nse_symbol,NAVNETPUBL,False,False,2013-01-01,2013-09-18,INE060A01024,NAVNETEDUL;NAVNETPUBL
ID_cb175857b0aa,HINDADH,unique_current_nse_symbol,HINDADH,False,True,,,,HINDADH
ID_cb2b02a40548,KRN,unique_current_nse_symbol,KRN,False,True,2024-10-03,2026-03-30,INE0Q3J01015,KRN
ID_cb2b4cf23018,NITIRAJ,unique_current_nse_symbol,NITIRAJ,False,True,2021-04-22,2026-03-30,INE439T01012,NITIRAJ
ID_cb2f1fc5e122,HUDCO,unique_current_nse_symbol,HUDCO,True,True,2017-05-19,2026-03-30,INE031A01017,HUDCO
ID_cb3090143aae,SURYAROSNI,unique_current_nse_symbol,SURYAROSNI,False,True,2013-01-01,2026-03-30,INE335A01012;INE335A01020,SURYAROSNI
ID_cb30994f9d07,WELENT,unique_current_nse_symbol,MSKPROJ,False,False,,,,MSKPROJ;WELENT;WELPROJ
ID_cb30994f9d07,WELENT,unique_current_nse_symbol,WELENT,False,True,2015-06-24,2026-03-30,INE625G01013,MSKPROJ;WELENT;WELPROJ
ID_cb30994f9d07,WELENT,unique_current_nse_symbol,WELPROJ,False,False,2013-01-01,2015-06-23,INE625G01013,MSKPROJ;WELENT;WELPROJ
ID_cb3ed05da1c5,SIGNET,latest_observed_symbol,SIGNET,False,False,2015-03-13,2018-08-10,INE529F01019;INE529F01027,SIGNET;SIGNETIND
ID_cb3ed05da1c5,SIGNET,latest_observed_symbol,SIGNETIND,False,False,2013-01-01,2015-01-29,INE529F01019,SIGNET;SIGNETIND
ID_cb428a074fb7,AGSTRA,unique_current_nse_symbol,AGSTRA,False,True,2022-01-31,2025-01-29,INE583L01014,AGSTRA
ID_cb55a1fecba8,EMIL,unique_current_nse_symbol,EMIL,False,True,2022-10-17,2026-03-30,INE02YR01019,EMIL
ID_cb5811b86d46,PRITHVI,latest_observed_symbol,PRITHVI,False,False,2014-11-24,2014-12-24,INE700C01013,PRITHVI
ID_cb772ec8e6cd,ADROITINFO,unique_current_nse_symbol,ADROITINFO,False,True,2018-04-19,2026-03-30,INE737B01033,ADROITINFO;ARHAMFISCL;COLORCHIPS;SPHEREGSL
ID_cb772ec8e6cd,ADROITINFO,unique_current_nse_symbol,ARHAMFISCL,False,False,,,,ADROITINFO;ARHAMFISCL;COLORCHIPS;SPHEREGSL
ID_cb772ec8e6cd,ADROITINFO,unique_current_nse_symbol,COLORCHIPS,False,False,,,,ADROITINFO;ARHAMFISCL;COLORCHIPS;SPHEREGSL
ID_cb772ec8e6cd,ADROITINFO,unique_current_nse_symbol,SPHEREGSL,False,False,2015-10-13,2018-04-18,INE737B01033,ADROITINFO;ARHAMFISCL;COLORCHIPS;SPHEREGSL
ID_cb79b1e98a9c,REFEX,unique_current_nse_symbol,REFEX,False,True,2013-03-04,2026-03-30,INE056I01017;INE056I01025,REFEX
ID_cb84ed5521b3,RDAXIDDDD,lexicographic_fallback,NDAXIDDDD,False,False,,,,NDAXIDDDD;RDAXIDDDD
ID_cb84ed5521b3,RDAXIDDDD,lexicographic_fallback,RDAXIDDDD,False,False,,,,NDAXIDDDD;RDAXIDDDD
ID_cb8d5fcf4e74,APLAPOLLO,unique_current_nse_symbol,APLAPOLLO,True,True,2013-01-01,2026-03-30,INE702C01019;INE702C01027,APLAPOLLO
ID_cbb89c924734,FAME,latest_observed_symbol,FAME,False,False,2013-01-01,2013-06-26,INE886G01011,FAME;SHRINGAR
ID_cbb89c924734,FAME,latest_observed_symbol,SHRINGAR,False,False,,,,FAME;SHRINGAR
ID_cbba0c9b29dc,NESCO,unique_current_nse_symbol,NESCO,True,True,2013-01-01,2026-03-30,INE317F01027;INE317F01035,NESCO
ID_cbde09f10907,SHAILY,unique_current_nse_symbol,SHAILY,False,True,2022-04-04,2026-03-30,INE151G01010;INE151G01028,SHAILY
ID_cbde2923c1e8,KEI,unique_current_nse_symbol,KEI,True,True,2013-01-01,2026-03-30,INE878B01027,KEI
ID_cbe176bb82be,PVRINOX,unique_current_nse_symbol,PVR,False,False,2013-01-01,2023-05-11,INE191H01014,PVR;PVRINOX
ID_cbe176bb82be,PVRINOX,unique_current_nse_symbol,PVRINOX,True,True,2023-05-12,2026-03-30,INE191H01014,PVR;PVRINOX
ID_cbf24147c1fe,KMCSHIL,unique_current_nse_symbol,KMCSHIL,False,True,,,,KMCSHIL
ID_cbf3b0a6dc45,KLGSYSTEL,latest_observed_symbol,KLGSYSTEL,False,False,2013-03-01,2013-08-21,INE799A01019,KLGSYSTEL
ID_cbfce88a31be,GRANDOAK,unique_current_nse_symbol,GRANDOAK,False,True,,,,GRANDOAK
ID_cc003090df25,MAKERSL,unique_current_nse_symbol,MAKERSL,False,True,,,,MAKERSL
ID_cc04bcb21bd8,GESHIP,unique_current_nse_symbol,GESHIP,True,True,2013-01-01,2026-03-30,INE017A01032,GESHIP
ID_cc0752e312f6,SRICHAMUND,latest_observed_symbol,SRICHAMUND,False,False,2013-01-04,2015-01-23,INE004H01019,SRICHAMUND
ID_cc11ac70f78b,AJRINFRA,latest_observed_symbol,AJRINFRA,False,False,2021-10-12,2023-01-20,INE181G01025,AJRINFRA;GAMMNINFRA
ID_cc11ac70f78b,AJRINFRA,latest_observed_symbol,GAMMNINFRA,False,False,2013-01-01,2021-07-19,INE181G01025,AJRINFRA;GAMMNINFRA
ID_cc11ff9e79ff,LIKHITHA,unique_current_nse_symbol,LIKHITHA,False,True,2020-10-29,2026-03-30,INE060901019;INE060901027,LIKHITHA
ID_cc170d03c2ec,BIRLATYRE,latest_observed_symbol,BIRLATYRE,False,False,2020-02-25,2022-05-24,INE0AEJ01013,BIRLATYRE
ID_cc1b8292f0dd,PRIMESECU,unique_current_nse_symbol,PRIMESECU,False,True,2013-01-01,2026-03-30,INE032B01021,PRIMESECU
ID_cc1e609a4bb7,PAKKA,unique_current_nse_symbol,PAKKA,False,True,2023-07-11,2026-03-30,INE551D01018,PAKKA
ID_cc27bb9449c0,ENKEIWHEL,unique_current_nse_symbol,ENKEIWHEL,False,True,,,,ENKEIWHEL
ID_cc368ee99552,KENNAMET,unique_current_nse_symbol,KENNAMET,True,True,2019-08-19,2023-10-25,INE717A01029,KENNAMET;WIDIA
ID_cc368ee99552,KENNAMET,unique_current_nse_symbol,WIDIA,False,False,,,,KENNAMET;WIDIA
ID_cc37920dddcd,COROENGG,latest_observed_symbol,COROENGG,False,False,2013-03-01,2015-01-29,INE312J01012,COROENGG
ID_cc3af3163bc0,PRABHA,unique_current_nse_symbol,PRABHA,False,True,2025-04-03,2026-03-30,INE0I0M01023,PRABHA
ID_cc3b17c6a967,SETUINFRA,unique_current_nse_symbol,PRAKASHCON,False,False,2013-01-01,2019-07-29,INE023M01027,PRAKASHCON;SETUINFRA
ID_cc3b17c6a967,SETUINFRA,unique_current_nse_symbol,SETUINFRA,False,True,2019-07-30,2022-11-16,INE023M01027,PRAKASHCON;SETUINFRA
ID_cc529e6d2d0b,TIGERLOGS,unique_current_nse_symbol,TIGERLOGS,False,True,2025-09-18,2026-03-30,INE906O01029,TIGERLOGS
ID_cc95c3487093,CHOLAFIN,unique_current_nse_symbol,CHOLADBS,False,False,,,,CHOLADBS;CHOLAFIN;CHOLAINV
ID_cc95c3487093,CHOLAFIN,unique_current_nse_symbol,CHOLAFIN,True,True,2013-01-01,2026-03-30,INE121A01016;INE121A01024,CHOLADBS;CHOLAFIN;CHOLAINV
ID_cc95c3487093,CHOLAFIN,unique_current_nse_symbol,CHOLAINV,False,False,,,,CHOLADBS;CHOLAFIN;CHOLAINV
ID_cccfe231b3f5,SEPC,unique_current_nse_symbol,SEPC,False,True,2022-03-09,2026-03-30,INE964H01014,SEPC;SHRIRAMEPC
ID_cccfe231b3f5,SEPC,unique_current_nse_symbol,SHRIRAMEPC,False,False,2013-01-01,2022-03-08,INE964H01014,SEPC;SHRIRAMEPC
ID_ccd093d2a32c,BALRAMCHIN,unique_current_nse_symbol,BALRAMCHIN,True,True,2013-01-01,2026-03-30,INE119A01028,BALRAMCHIN
ID_cce05082c48f,LGBFORGE,latest_observed_symbol,LGBFORGE,False,False,2013-01-01,2024-06-25,INE201J01017,LGBFORGE
ID_ccf13f07cfeb,FMGOETZE,unique_current_nse_symbol,FMGOETZE,True,True,2013-01-01,2026-03-30,INE529A01010,FMGOETZE;GOETZEIND
ID_ccf13f07cfeb,FMGOETZE,unique_current_nse_symbol,GOETZEIND,False,False,,,,FMGOETZE;GOETZEIND
ID_ccfa372c4f58,SHLAKSHMI,latest_observed_symbol,SHLAKSHMI,False,False,2013-01-01,2015-07-10,INE851B01016,SHLAKSHMI
ID_cd0f3181820f,JENSONICOL,latest_observed_symbol,JENSONICOL,False,False,2013-01-01,2017-11-08,INE819B01021,JENSONICOL
ID_cd0f918f63d3,TVSHLTD,unique_current_nse_symbol,SUNCLAYLTD,True,False,2013-01-01,2023-08-09,INE105A01035,SUNCLAYLTD;TVSHLTD
ID_cd0f918f63d3,TVSHLTD,unique_current_nse_symbol,TVSHLTD,False,True,2023-08-10,2026-03-30,INE105A01035,SUNCLAYLTD;TVSHLTD
ID_cd22ed10b93e,JISLJALEQS,unique_current_nse_symbol,JISLJALEQS,True,True,2013-01-01,2026-03-30,INE175A01038,JISLJALEQS
ID_cd286b6803cf,SHARDAMOTR,unique_current_nse_symbol,SHARDAMOTR,False,True,2015-09-03,2026-03-30,INE597I01010;INE597I01028,SHARDAMOTR
ID_cd29f30b1378,EMBDL,unique_current_nse_symbol,EMBDL,False,True,2024-07-08,2025-12-15,INE069I01010,EMBDL;IBREALEST
ID_cd29f30b1378,EMBDL,unique_current_nse_symbol,IBREALEST,True,False,2013-01-01,2024-07-05,INE069I01010,EMBDL;IBREALEST
ID_cd3f3e73de50,3MINDIA,unique_current_nse_symbol,3MINDIA,True,True,2013-01-01,2026-03-30,INE470A01017,3MINDIA;BIRLA3M
ID_cd3f3e73de50,3MINDIA,unique_current_nse_symbol,BIRLA3M,False,False,,,,3MINDIA;BIRLA3M
ID_cd4bb25fea56,JNKINDIA,unique_current_nse_symbol,JNKINDIA,False,True,2024-04-30,2026-03-30,INE0OAF01028,JNKINDIA
ID_cd7d58cfa93e,PRM1SDP,lexicographic_fallback,PGIM1SDPD,False,False,,,,PGIM1SDPD;PRM1SDP
ID_cd7d58cfa93e,PRM1SDP,lexicographic_fallback,PRM1SDP,False,False,,,,PGIM1SDPD;PRM1SDP
ID_cd9405839b14,DBSTOCKBRO,unique_current_nse_symbol,DBSTOCKBRO,False,True,2013-01-01,2026-03-30,INE921B01025,DBSTOCKBRO
ID_cd98b4bbfb35,RDAXEDD,lexicographic_fallback,NDAXEDD,False,False,,,,NDAXEDD;RDAXEDD
ID_cd98b4bbfb35,RDAXEDD,lexicographic_fallback,RDAXEDD,False,False,,,,NDAXEDD;RDAXEDD
ID_cdc103dad3ee,HPL,unique_current_nse_symbol,HPL,False,True,2016-10-04,2026-03-30,INE495S01016,HPL
ID_cdd03dbad21d,AXTEL,unique_current_nse_symbol,AXTEL,False,True,,,,AXTEL
ID_cdde773cf380,3IINFOTECH,latest_observed_symbol,3IINFOTECH,False,False,2013-03-01,2021-06-08,INE748C01020,3IINFOTECH
ID_cde158d141f7,PATANJALI,unique_current_nse_symbol,PATANJALI,True,True,2023-11-01,2026-03-30,INE619A01035,PATANJALI;RUCHI
ID_cde158d141f7,PATANJALI,unique_current_nse_symbol,RUCHI,False,False,2020-02-07,2022-05-24,INE619A01035,PATANJALI;RUCHI
ID_ce00e5b515ce,HMAAGRO,unique_current_nse_symbol,HMAAGRO,False,True,2023-07-04,2026-03-30,INE0ECP01016;INE0ECP01024,HMAAGRO
ID_ce084f979d5e,GRADIENTE,unique_current_nse_symbol,GRADIENTE,False,True,,,,GRADIENTE
ID_ce475dd4b218,ROTO,unique_current_nse_symbol,ROTO,False,True,2022-04-21,2026-03-30,INE535D01029;INE535D01037,ROTO
ID_ce4b11f6bfc3,SALSTEEL,unique_current_nse_symbol,SALSTEEL,False,True,2013-01-01,2026-03-30,INE658G01014,SALSTEEL
ID_ce5adfe358e4,PGIMAYD1G,lexicographic_fallback,DPRMAYD1G,False,False,,,,DPRMAYD1G;PGIMAYD1G
ID_ce5adfe358e4,PGIMAYD1G,lexicographic_fallback,PGIMAYD1G,False,False,,,,DPRMAYD1G;PGIMAYD1G
ID_ce8ceab3dd1a,RDAFDVHDR,lexicographic_fallback,NDAFDVHDR,False,False,,,,NDAFDVHDR;RDAFDVHDR
ID_ce8ceab3dd1a,RDAFDVHDR,lexicographic_fallback,RDAFDVHDR,False,False,,,,NDAFDVHDR;RDAFDVHDR
ID_ce9f16ef4580,FACT,unique_current_nse_symbol,FACT,True,True,2013-01-01,2026-03-30,INE188A01015,FACT
ID_cebf91f9b543,WAAREERTL,unique_current_nse_symbol,WAAREERTL,False,True,2025-04-09,2026-03-30,INE299N01021,WAAREERTL
ID_cec97995b1e5,GLOTTIS,unique_current_nse_symbol,GLOTTIS,False,True,2025-10-07,2026-03-30,INE0TQE01026,GLOTTIS
ID_cecad3d6b198,CCCL,unique_current_nse_symbol,CCCL,False,True,2013-01-01,2026-03-30,INE429I01024,CCCL
ID_cece04f310d9,ARCHIES,unique_current_nse_symbol,ARCHIES,False,True,2013-01-01,2026-03-30,INE731A01020,ARCHIES
ID_cee8687aa237,AURUM,unique_current_nse_symbol,AURUM,False,True,2021-10-22,2026-03-30,INE898S01029,AURUM;MAJESCO
ID_cee8687aa237,AURUM,unique_current_nse_symbol,MAJESCO,False,False,2015-09-02,2021-10-21,INE898S01029,AURUM;MAJESCO
ID_cef63a494af7,SRHHYPOLTD,unique_current_nse_symbol,SRHHYPOLTD,False,True,2013-03-01,2026-03-30,INE917H01012,SRHHYPOLTD
ID_cf23515494fb,LINC,unique_current_nse_symbol,LINC,False,True,2021-12-20,2026-03-30,INE802B01019;INE802B01027,LINC;LINCPEN
ID_cf23515494fb,LINC,unique_current_nse_symbol,LINCPEN,False,False,2015-03-09,2021-12-17,INE802B01019,LINC;LINCPEN
ID_cf246ecc884f,HUBTOWN,unique_current_nse_symbol,ACKRUTI,False,False,,,,ACKRUTI;AKRUTI;HUBTOWN
ID_cf246ecc884f,HUBTOWN,unique_current_nse_symbol,AKRUTI,False,False,,,,ACKRUTI;AKRUTI;HUBTOWN
ID_cf246ecc884f,HUBTOWN,unique_current_nse_symbol,HUBTOWN,True,True,2013-01-01,2026-03-30,INE703H01016,ACKRUTI;AKRUTI;HUBTOWN
ID_cf2a1cbc9bc4,MANOMAY,unique_current_nse_symbol,MANOMAY,False,True,2023-01-18,2026-03-30,INE784W01015,MANOMAY
ID_cf2e02b62e1f,TECILCHEM,unique_current_nse_symbol,TECILCHEM,False,True,2024-06-03,2026-03-30,INE014B01011,TECILCHEM
ID_cf303be80031,PGIMRAQDD,lexicographic_fallback,DPRMARQDD,False,False,,,,DPRMARQDD;PGIMRAQDD
ID_cf303be80031,PGIMRAQDD,lexicographic_fallback,PGIMRAQDD,False,False,,,,DPRMARQDD;PGIMRAQDD
ID_cf31b2a90f51,NITINFIRE,latest_observed_symbol,NITINFIRE,True,False,2013-01-01,2019-08-28,INE489H01020,NITINFIRE
ID_cf3e619b0062,PGIMAPDPD,lexicographic_fallback,DPRMAPDPD,False,False,,,,DPRMAPDPD;PGIMAPDPD
ID_cf3e619b0062,PGIMAPDPD,lexicographic_fallback,PGIMAPDPD,False,False,,,,DPRMAPDPD;PGIMAPDPD
ID_cf52eb644c70,DALMIAREF,latest_observed_symbol,DALMIAREF,False,False,2014-05-22,2015-01-29,INE200F01017,DALMIAREF;SHRINATRAJ
ID_cf52eb644c70,DALMIAREF,latest_observed_symbol,SHRINATRAJ,False,False,2013-01-02,2014-05-21,INE200F01017,DALMIAREF;SHRINATRAJ
ID_cf61508f839b,DJML,unique_current_nse_symbol,DJML,False,True,2022-12-05,2026-02-06,INE0B1K01014,DJML
ID_cf629474ef22,DIACABS,unique_current_nse_symbol,DIACABS,False,True,2023-10-04,2026-03-30,INE989C01020;INE989C01038,DIACABS
ID_cf70267b8d85,IGPL,unique_current_nse_symbol,IGPETRO,False,False,,,,IGPETRO;IGPL
ID_cf70267b8d85,IGPL,unique_current_nse_symbol,IGPL,False,True,2013-01-01,2026-03-30,INE204A01010,IGPETRO;IGPL
ID_cf71ed7b1e3d,RDAFTFIVCD,lexicographic_fallback,NDAFTFIVCD,False,False,,,,NDAFTFIVCD;RDAFTFIVCD
ID_cf71ed7b1e3d,RDAFTFIVCD,lexicographic_fallback,RDAFTFIVCD,False,False,,,,NDAFTFIVCD;RDAFTFIVCD
ID_cf72a9e0b431,VEDL,unique_current_nse_symbol,SESAGOA,False,False,2013-01-01,2013-10-03,INE205A01025,SESAGOA;SSLT;VEDL
ID_cf72a9e0b431,VEDL,unique_current_nse_symbol,SSLT,False,False,2013-10-04,2015-05-06,INE205A01025,SESAGOA;SSLT;VEDL
ID_cf72a9e0b431,VEDL,unique_current_nse_symbol,VEDL,True,True,2015-05-07,2026-03-30,INE205A01025,SESAGOA;SSLT;VEDL
ID_cf908ac3dd6b,SEZALGLASS,lexicographic_fallback,SEJALGLASS,False,False,,,,SEJALGLASS;SEZALGLASS
ID_cf908ac3dd6b,SEZALGLASS,lexicographic_fallback,SEZALGLASS,False,False,,,,SEJALGLASS;SEZALGLASS
ID_cfa515deab61,ANMOL,unique_current_nse_symbol,ANMOL,False,True,2021-06-04,2026-03-30,INE02AR01019,ANMOL
ID_cfc1d9ddcc66,IVC,unique_current_nse_symbol,IVC,False,True,2013-01-01,2026-03-30,INE050B01023,IVC
ID_cfc5c0234499,RDAFTIVCDG,lexicographic_fallback,NDAFTIVCDG,False,False,,,,NDAFTIVCDG;RDAFTIVCDG
ID_cfc5c0234499,RDAFTIVCDG,lexicographic_fallback,RDAFTIVCDG,False,False,,,,NDAFTIVCDG;RDAFTIVCDG
ID_cfe489899750,SWARAJENG,unique_current_nse_symbol,SWARAJENG,True,True,2013-01-01,2026-03-30,INE277A01016,SWARAJENG
ID_cff0bd11d396,DOLLEX,unique_current_nse_symbol,DOLLEX,False,True,,,,DOLLEX
ID_cffb947e1912,KSHINTL,unique_current_nse_symbol,KSHINTL,False,True,2025-12-23,2026-03-30,INE987S01020,KSHINTL
ID_d005da2e8cae,JP35G,lexicographic_fallback,E35G,False,False,,,,E35G;JP35G
ID_d005da2e8cae,JP35G,lexicographic_fallback,JP35G,False,False,,,,E35G;JP35G
ID_d008341978f8,BPLPHARMA,unique_current_nse_symbol,BPLPHARMA,False,True,,,,BPLPHARMA
ID_d0165fbce7a6,ROHITFERRO,latest_observed_symbol,ROHITFERRO,False,False,2013-01-01,2022-04-07,INE248H01012,ROHITFERRO
ID_d0234cc03a0c,METALFORGE,latest_observed_symbol,AHMEDFORGE,False,False,2013-01-01,2015-05-29,INE425A01011,AHMEDFORGE;METALFORGE
ID_d0234cc03a0c,METALFORGE,latest_observed_symbol,METALFORGE,True,False,2015-06-01,2021-02-24,INE425A01011,AHMEDFORGE;METALFORGE
ID_d0235befffc6,NBCC,unique_current_nse_symbol,NBCC,True,True,2013-01-01,2026-03-30,INE095N01015;INE095N01023;INE095N01031,NBCC
ID_d03aff89285c,DBEIL,unique_current_nse_symbol,DBEIL,False,True,2024-10-28,2026-03-30,INE0OPA01019,DBEIL
ID_d05fa2c1851c,QGOLDHALF,latest_observed_symbol,QGOLDHALF,False,False,2013-01-01,2026-03-30,INF082J01010;INF082J01408,QGOLDHALF
ID_d0600ecbc7f1,EBGNG,unique_current_nse_symbol,EBGNG,False,True,2025-07-30,2026-03-30,INE18JU01028,EBGNG
ID_d07f9139a771,NAM-INDIA,unique_current_nse_symbol,NAM-INDIA,True,True,2020-01-23,2026-03-30,INE298J01013,NAM-INDIA;RNAM
ID_d07f9139a771,NAM-INDIA,unique_current_nse_symbol,RNAM,False,False,2017-11-06,2020-01-22,INE298J01013,NAM-INDIA;RNAM
ID_d09306c445f1,MPDL,unique_current_nse_symbol,MPDL,False,True,,,,MPDL
ID_d09be4281eff,NET4,latest_observed_symbol,NET4,False,False,2013-01-01,2017-03-23,INE553E01012,NET4;NET4INDIA
ID_d09be4281eff,NET4,latest_observed_symbol,NET4INDIA,False,False,,,,NET4;NET4INDIA
ID_d0c01974c1c7,TEAMGTY,unique_current_nse_symbol,TEAMGTY,False,True,2025-11-17,2026-03-30,INE289C01025,TEAMGTY;TIMESGTY
ID_d0c01974c1c7,TEAMGTY,unique_current_nse_symbol,TIMESGTY,False,False,2013-01-01,2025-07-31,INE289C01025,TEAMGTY;TIMESGTY
ID_d0c25f9b8c7d,KMEW,unique_current_nse_symbol,KMEW,False,True,2024-11-14,2026-03-30,INE0CJD01011;INE0CJD01029,KMEW
ID_d0c6a1802e57,SOBHA,unique_current_nse_symbol,SOBHA,True,True,2013-01-01,2026-03-30,INE671H01015,SOBHA
ID_d0d2b251f69a,SHILPAMED,unique_current_nse_symbol,SHILPAMED,True,True,2013-01-01,2026-03-30,INE790G01023;INE790G01031,SHILPAMED
ID_d0fe9d8d49a4,SPARC,unique_current_nse_symbol,SPARC,True,True,2013-01-01,2026-03-30,INE232I01014,SPARC
ID_d1008bd3fdd8,BEML,unique_current_nse_symbol,BEML,True,True,2013-01-01,2026-03-30,INE258A01016;INE258A01024,BEML
ID_d129babc7819,IGARASHI,unique_current_nse_symbol,CGIGARSH,False,False,,,,CGIGARSH;IGARASHI
ID_d129babc7819,IGARASHI,unique_current_nse_symbol,IGARASHI,True,True,2013-01-01,2026-03-30,INE188B01013,CGIGARSH;IGARASHI
ID_d12e929df58f,ZEEMEDIA,unique_current_nse_symbol,ZEEMEDIA,False,True,2013-07-30,2026-02-23,INE966H01019,ZEEMEDIA;ZEENEWS
ID_d12e929df58f,ZEEMEDIA,unique_current_nse_symbol,ZEENEWS,False,False,2013-03-01,2013-07-29,INE966H01019,ZEEMEDIA;ZEENEWS
ID_d143d9fd114a,ASALCBR,unique_current_nse_symbol,ASALCBR,False,True,2020-02-12,2026-03-30,INE073G01016,ASALCBR
ID_d160fbb6e910,SUMIT,unique_current_nse_symbol,SUMIT,False,True,2019-07-30,2026-03-30,INE748Z01013,SUMIT
ID_d1908fe2b4ac,HDFCNIFIT,latest_observed_symbol,HDFCNIFIT,False,False,2022-11-22,2026-03-30,INF179KC1DX1;INF179KC1IA8,HDFCNIFIT
ID_d1acb57704c4,RIR,unique_current_nse_symbol,RIR,False,True,,,,RIR
ID_d1ad107f4b12,APOLLOTYRE,unique_current_nse_symbol,APOLLOTYRE,True,True,2013-01-01,2026-03-30,INE438A01022,APOLLOTYRE
ID_d1cea58721cd,GVKPIL,unique_current_nse_symbol,GVKPIL,True,True,2013-01-01,2024-07-19,INE251H01024,GVKPIL
ID_d1d1588c9a68,JSLL,unique_current_nse_symbol,JSLL,False,True,2025-08-11,2026-03-30,INE0J5801029,JSLL
ID_d1d214b446fb,GULFOILLUB,unique_current_nse_symbol,GULFOILLUB,True,True,2014-08-14,2026-03-30,INE635Q01029,GULFOILLUB
ID_d22b74b99cab,BALAMINES,unique_current_nse_symbol,BALAMINES,True,True,2013-01-01,2026-03-30,INE050E01027,BALAMINES
ID_d22db0e32c50,SURAKSHA,unique_current_nse_symbol,SURAKSHA,False,True,2024-12-06,2026-03-30,INE877V01027,SURAKSHA
ID_d22f21a9877d,EIHAHOTELS,unique_current_nse_symbol,EIHAHOTELS,False,True,2013-01-01,2026-03-30,INE276C01014,EIHAHOTELS;OBERHOTEL
ID_d22f21a9877d,EIHAHOTELS,unique_current_nse_symbol,OBERHOTEL,False,False,,,,EIHAHOTELS;OBERHOTEL
ID_d23bf42d639f,POLARIS,latest_observed_symbol,POLARIS,True,False,2013-01-01,2018-07-24,INE763A01023,POLARIS
ID_d2498681c1e4,PGIMAAADD,lexicographic_fallback,DPRMAAAD,False,False,,,,DPRMAAAD;PGIMAAADD
ID_d2498681c1e4,PGIMAAADD,lexicographic_fallback,PGIMAAADD,False,False,,,,DPRMAAAD;PGIMAAADD
ID_d24bd93afd89,HINDCOMPOS,unique_current_nse_symbol,HINDCOMPOS,False,True,2013-01-01,2026-03-30,INE310C01011;INE310C01029,HINDCOMPOS
ID_d25493a43484,GENUSPAPER,unique_current_nse_symbol,GENUSPAPER,False,True,2015-03-02,2026-03-30,INE949P01018,GENUSPAPER
ID_d29168bcd707,IPRU8122,lexicographic_fallback,IPRU8112,False,False,,,,IPRU8112;IPRU8122
ID_d29168bcd707,IPRU8122,lexicographic_fallback,IPRU8122,False,False,,,,IPRU8112;IPRU8122
ID_d293c6b94b9d,MOLDTECH,unique_current_nse_symbol,MOLDTECH,False,True,2016-07-07,2026-03-30,INE835B01035,MOLDTECH
ID_d298f50d96e0,UNITEDTEA,unique_current_nse_symbol,UNITEDTEA,False,True,2013-01-01,2026-03-30,INE458F01011,UNITEDTEA
ID_d2ae0df3a7ef,NIF100BEES,latest_observed_symbol,NETFNIF100,False,False,2019-10-30,2022-05-09,INF204K014N5,NETFNIF100;NIF100BEES;RELCNX100
ID_d2ae0df3a7ef,NIF100BEES,latest_observed_symbol,NIF100BEES,False,False,2022-05-10,2026-03-30,INF204K014N5,NETFNIF100;NIF100BEES;RELCNX100
ID_d2ae0df3a7ef,NIF100BEES,latest_observed_symbol,RELCNX100,False,False,2013-03-28,2019-10-29,INF204K014N5,NETFNIF100;NIF100BEES;RELCNX100
ID_d2b57c25e472,ICIL,unique_current_nse_symbol,ICIL,True,True,2013-03-01,2026-03-30,INE483B01018;INE483B01026,ICIL;INDOCOUNT
ID_d2b57c25e472,ICIL,unique_current_nse_symbol,INDOCOUNT,False,False,,,,ICIL;INDOCOUNT
ID_d2c55139e596,KAUSHALYA,unique_current_nse_symbol,KAUSHALYA,False,True,2013-01-01,2026-03-30,INE234I01010;INE234I01028,KAUSHALYA
ID_d2c5fcc0b2b0,RDAIXEDG,lexicographic_fallback,NDAIXEDG,False,False,,,,NDAIXEDG;RDAIXEDG
ID_d2c5fcc0b2b0,RDAIXEDG,lexicographic_fallback,RDAIXEDG,False,False,,,,NDAIXEDG;RDAIXEDG
ID_d2c8df396a65,ALKEM,unique_current_nse_symbol,ALKEM,True,True,2015-12-23,2026-03-30,INE540L01014,ALKEM
ID_d2ca9dbb363f,AJAXENGG,unique_current_nse_symbol,AJAXENGG,False,True,2025-02-17,2026-03-30,INE274Y01021,AJAXENGG
ID_d2ce8acd042c,CHEMFAB,unique_current_nse_symbol,CHEMFAB,False,True,2018-07-24,2026-03-30,INE783X01023,CHEMFAB
ID_d2e7278c8d1b,VISHAL,unique_current_nse_symbol,VISHAL,False,True,2019-08-21,2023-12-29,INE755Q01025,VISHAL
ID_d2e911754b00,RDAFTIIPGG,lexicographic_fallback,NDAFTIIPGG,False,False,,,,NDAFTIIPGG;RDAFTIIPGG
ID_d2e911754b00,RDAFTIIPGG,lexicographic_fallback,RDAFTIIPGG,False,False,,,,NDAFTIIPGG;RDAFTIIPGG
ID_d31f5ac4be5a,PSUBANK,latest_observed_symbol,KOTAKPSUBK,False,False,2013-01-01,2024-03-19,INF373I01023,KOTAKPSUBK;PSUBANK
ID_d31f5ac4be5a,PSUBANK,latest_observed_symbol,PSUBANK,False,False,2024-03-20,2026-03-30,INF373I01023,KOTAKPSUBK;PSUBANK
ID_d332da55d85e,KINETICMOT,latest_observed_symbol,KINETICMOT,False,False,2013-01-01,2013-03-21,INE267B01015,KINETICMOT;KINHONDA
ID_d332da55d85e,KINETICMOT,latest_observed_symbol,KINHONDA,False,False,,,,KINETICMOT;KINHONDA
ID_d339a2010a10,MAITHANALL,unique_current_nse_symbol,MAITHANALL,False,True,2013-01-01,2026-03-30,INE683C01011,MAITHANALL
ID_d33ce5d6f9f4,RDAXEDG,lexicographic_fallback,NDAXEDG,False,False,,,,NDAXEDG;RDAXEDG
ID_d33ce5d6f9f4,RDAXEDG,lexicographic_fallback,RDAXEDG,False,False,,,,NDAXEDG;RDAXEDG
ID_d355c50aac1b,ARROWGREEN,unique_current_nse_symbol,ARROWCOAT,False,False,2015-05-21,2016-05-10,INE570D01018,ARROWCOAT;ARROWGREEN
ID_d355c50aac1b,ARROWGREEN,unique_current_nse_symbol,ARROWGREEN,False,True,2016-05-11,2026-03-30,INE570D01018,ARROWCOAT;ARROWGREEN
ID_d36013b12c99,RELNIFTY,latest_observed_symbol,RELNIFTY,False,False,2013-11-27,2016-11-02,INF204KA1EU6,RELNIFTY
ID_d375af9ccb5e,PGIMDAD2D,lexicographic_fallback,DPRMDAD2,False,False,,,,DPRMDAD2;PGIMDAD2D
ID_d375af9ccb5e,PGIMDAD2D,lexicographic_fallback,PGIMDAD2D,False,False,,,,DPRMDAD2;PGIMDAD2D
ID_d37a5aebbd6b,FRACTAL,unique_current_nse_symbol,FRACTAL,False,True,2026-02-16,2026-03-30,INE212S01015,FRACTAL
ID_d37f8b7910f4,RDAXBDG,lexicographic_fallback,NDAXBDG,False,False,,,,NDAXBDG;RDAXBDG
ID_d37f8b7910f4,RDAXBDG,lexicographic_fallback,RDAXBDG,False,False,,,,NDAXBDG;RDAXBDG
ID_d382a9dac0cd,AIFL,latest_observed_symbol,AIFL,False,False,2015-12-02,2019-02-21,INE428O01016,AIFL
ID_d39cf4bf8874,RPGLIFE,unique_current_nse_symbol,RPGLIFE,False,True,2013-01-01,2026-03-30,INE105J01010,RPGLIFE
ID_d3b604e4f80b,IZMO,unique_current_nse_symbol,IZMO,False,True,2015-05-15,2026-02-23,INE848A01014,IZMO;LOGIXMICRO
ID_d3b604e4f80b,IZMO,unique_current_nse_symbol,LOGIXMICRO,False,False,2013-01-01,2015-05-14,INE848A01014,IZMO;LOGIXMICRO
ID_d3be5e82315d,SHRENUJ,latest_observed_symbol,SHRENUJ,False,False,2013-01-01,2017-01-23,INE633A01028,SHRENUJ
ID_d3cba5a9cbc4,INA,unique_current_nse_symbol,INA,False,True,2026-03-09,2026-03-30,INE0LGX01024,INA
ID_d3d32acf97e4,MGEL,unique_current_nse_symbol,MGEL,False,True,2020-12-23,2026-03-30,INE0APB01016;INE0APB01024;INE0APB01032,MGEL
ID_d3f4eb6d5603,DHANUKA,unique_current_nse_symbol,DHANUKA,True,True,2013-01-01,2026-03-30,INE435G01025,DHANUKA
ID_d40910df4718,INFOMEDIA,unique_current_nse_symbol,INFOMEDIA,False,True,2013-01-01,2026-03-30,INE669A01022,INFOMEDIA
ID_d432514831b5,RDAXADDG,lexicographic_fallback,NDAXADDG,False,False,,,,NDAXADDG;RDAXADDG
ID_d432514831b5,RDAXADDG,lexicographic_fallback,RDAXADDG,False,False,,,,NDAXADDG;RDAXADDG
ID_d4359c9e7aca,ORIENTALTL,unique_current_nse_symbol,ORIENTALTL,False,True,2013-01-01,2026-03-30,INE998H01012,ORIENTALTL;OTL
ID_d4359c9e7aca,ORIENTALTL,unique_current_nse_symbol,OTL,False,False,,,,ORIENTALTL;OTL
ID_d43789d4bdc0,IOC,unique_current_nse_symbol,IOC,True,True,2013-01-01,2026-03-30,INE242A01010,IOC
ID_d442775d95f0,HBESD,unique_current_nse_symbol,HBESD,False,True,,,,HBESD
ID_d4799a1b9add,SMCGLOBAL,unique_current_nse_symbol,SMCGLOBAL,False,True,2021-03-10,2026-03-30,INE103C01036,SMCGLOBAL
ID_d496555176d2,ESABINDIA,unique_current_nse_symbol,ESABINDIA,True,True,2013-01-01,2026-03-30,INE284A01012,ESABINDIA
ID_d4b22a48d7c4,MADURACOAT,lexicographic_fallback,COATVIYELA,False,False,,,,COATVIYELA;MADURACOAT
ID_d4b22a48d7c4,MADURACOAT,lexicographic_fallback,MADURACOAT,False,False,,,,COATVIYELA;MADURACOAT
ID_d4b605c45e4b,BLSE,unique_current_nse_symbol,BLSE,False,True,2024-02-06,2026-03-30,INE0NLT01010,BLSE
ID_d4d16a5949dc,MID150,latest_observed_symbol,MID150,False,False,2025-03-28,2026-03-30,INF174KA1VW2,MID150
ID_d4df3e00ddfb,SOUTHWEST,unique_current_nse_symbol,SOUTHWEST,False,True,2019-04-18,2026-03-30,INE980Y01015,SOUTHWEST
ID_d4df634385fe,PGIL,unique_current_nse_symbol,HOPFL,False,False,,,,HOPFL;PGIL
ID_d4df634385fe,PGIL,unique_current_nse_symbol,PGIL,False,True,2013-01-01,2026-03-30,INE940H01014;INE940H01022,HOPFL;PGIL
ID_d4f84b6604fd,SCLPP,lexicographic_fallback,IBULPP,False,False,,,,IBULPP;SCLPP
ID_d4f84b6604fd,SCLPP,lexicographic_fallback,SCLPP,False,False,,,,IBULPP;SCLPP
ID_d50cb8dea30a,INFOBEAN,unique_current_nse_symbol,INFOBEAN,False,True,2019-07-15,2026-03-30,INE344S01016,INFOBEAN
ID_d50d5f5faecf,EVINDIA,latest_observed_symbol,EVINDIA,False,False,2024-07-16,2026-03-30,INF769K01LQ3,EVINDIA
ID_d511517df6b9,CGCL,unique_current_nse_symbol,CGCL,True,True,2013-08-13,2026-03-30,INE180C01018;INE180C01026;INE180C01042,CGCL;MMFSL
ID_d511517df6b9,CGCL,unique_current_nse_symbol,MMFSL,False,False,2013-03-01,2013-08-02,INE180C01018,CGCL;MMFSL
ID_d5197bfca780,ADVIKCA,unique_current_nse_symbol,ADVIKCA,False,True,,,,ADVIKCA
ID_d528026a6d4b,EMPIND,unique_current_nse_symbol,EMPIND,False,True,,,,EMPIND
ID_d539b463fd2d,MAANALU,unique_current_nse_symbol,MAANALU,False,True,2013-01-01,2026-03-30,INE215I01019;INE215I01027,MAANALU;MANALU
ID_d539b463fd2d,MAANALU,unique_current_nse_symbol,MANALU,False,False,,,,MAANALU;MANALU
ID_d55151b89591,ONESOURCE,unique_current_nse_symbol,ONESOURCE,True,True,2025-02-06,2026-03-30,INE013P01021,ONESOURCE
ID_d55a14b04c36,UMITL,lexicographic_fallback,UMESL,False,False,,,,UMESL;UMITL
ID_d55a14b04c36,UMITL,lexicographic_fallback,UMITL,False,False,,,,UMESL;UMITL
ID_d55d2cef0117,CURATECH,latest_observed_symbol,CURATECH,False,False,2013-01-01,2017-12-29,INE117B01012,CURATECH;SOFTPRO
ID_d55d2cef0117,CURATECH,latest_observed_symbol,SOFTPRO,False,False,,,,CURATECH;SOFTPRO
ID_d58d2b1a734b,ANURAS,unique_current_nse_symbol,ANURAS,True,True,2021-03-24,2026-03-30,INE930P01018,ANURAS
ID_d58e27eedef2,MOHITE,unique_current_nse_symbol,MOHITE,False,True,,,,MOHITE
ID_d58f31078abb,CPCAP,unique_current_nse_symbol,CAREERP,False,False,2013-01-01,2025-03-19,INE521J01018,CAREERP;CPCAP;CPIL
ID_d58f31078abb,CPCAP,unique_current_nse_symbol,CPCAP,False,True,2025-03-20,2026-03-30,INE521J01018,CAREERP;CPCAP;CPIL
ID_d58f31078abb,CPCAP,unique_current_nse_symbol,CPIL,False,False,,,,CAREERP;CPCAP;CPIL
ID_d5b1845e25ca,TWILITAKA,latest_observed_symbol,TWILITAKA,False,False,2013-01-01,2014-08-22,INE783B01029,TWILITAKA
ID_d5c451942066,NITESHEST,latest_observed_symbol,NITESHEST,False,False,2013-01-01,2019-10-30,INE639K01016,NITESHEST
ID_d5d39e0013f1,JOCIL,unique_current_nse_symbol,JOCIL,False,True,2013-01-01,2026-03-30,INE839G01010,JOCIL
ID_d5db2eb378e7,PRIMO,unique_current_nse_symbol,PRIMO,False,True,2025-04-22,2026-03-30,INE607A01022,PRIMO
ID_d5f1f7d5ca13,SUNFLAG,unique_current_nse_symbol,SUNFLAG,False,True,2013-01-01,2026-03-30,INE947A01014,SUNFLAG;SUNFLAGIRN
ID_d5f1f7d5ca13,SUNFLAG,unique_current_nse_symbol,SUNFLAGIRN,False,False,,,,SUNFLAG;SUNFLAGIRN
ID_d5fd25cdb577,ACMESOLAR,unique_current_nse_symbol,ACMESOLAR,True,True,2024-11-13,2026-03-30,INE622W01025,ACMESOLAR
ID_d61d36817e1d,GLOBALE,unique_current_nse_symbol,GLOBALE,False,True,2024-09-10,2026-03-30,INE0URU01010,GLOBALE
ID_d64ec10485df,URJA,unique_current_nse_symbol,URJA,False,True,2017-03-28,2026-03-30,INE550C01020,URJA
ID_d65a75d858ef,AMLSTEEL,latest_observed_symbol,AMLSTEEL,False,False,2013-01-01,2014-11-12,INE577F01018,AMLSTEEL
ID_d674f57d6d83,SHRIASTER,latest_observed_symbol,ASTERSILI,False,False,2013-06-17,2013-08-21,INE900K01012,ASTERSILI;SHRIASTER
ID_d674f57d6d83,SHRIASTER,latest_observed_symbol,SHRIASTER,False,False,2014-02-24,2016-05-19,INE900K01012,ASTERSILI;SHRIASTER
ID_d67a69e3d8c3,CAMLINFINE,unique_current_nse_symbol,CAMLINFINE,True,True,2015-01-20,2026-03-30,INE052I01032,CAMLINFINE
ID_d693ad528898,RDAVIIPDG,lexicographic_fallback,NDAVIIPDG,False,False,,,,NDAVIIPDG;RDAVIIPDG
ID_d693ad528898,RDAVIIPDG,lexicographic_fallback,RDAVIIPDG,False,False,,,,NDAVIIPDG;RDAVIIPDG
ID_d6ab95a7d2cd,HYUNDAI,unique_current_nse_symbol,HYUNDAI,True,True,2024-10-22,2026-03-30,INE0V6F01027,HYUNDAI
ID_d6b072f17c8e,IGIL,unique_current_nse_symbol,IGIL,True,True,2024-12-20,2026-03-30,INE0Q9301021,IGIL
ID_d6b2a6d990a7,MUTHOOTMF,unique_current_nse_symbol,MUTHOOTMF,False,True,2023-12-26,2026-03-30,INE046W01019,MUTHOOTMF
ID_d6bfc80dc72e,ELFORGE,latest_observed_symbol,ELFORGE,False,False,2013-01-01,2014-11-21,INE158F01017,ELFORGE
ID_d6ea9e13f8a5,TRITURBINE,unique_current_nse_symbol,TRITURBINE,True,True,2013-01-01,2026-03-30,INE152M01016,TRITURBINE
ID_d71b30873ff5,DMCC,unique_current_nse_symbol,DHARAMSI,False,False,2021-12-01,2022-11-01,INE505A01010,DHARAMSI;DMCC
ID_d71b30873ff5,DMCC,unique_current_nse_symbol,DMCC,False,True,2022-11-02,2026-03-30,INE505A01010,DHARAMSI;DMCC
ID_d7318906155f,PARSVNATH,unique_current_nse_symbol,PARSVNATH,False,True,2013-01-01,2026-03-30,INE561H01026,PARSVNATH
ID_d74c65303885,LTF,unique_current_nse_symbol,L&TFH,False,False,2013-03-01,2024-04-22,INE498L01015,L&TFH;LTF
ID_d74c65303885,LTF,unique_current_nse_symbol,LTF,True,True,2024-04-23,2026-03-30,INE498L01015,L&TFH;LTF
ID_d76a72eb8369,SAMBHV,unique_current_nse_symbol,SAMBHV,False,True,2025-07-02,2026-03-30,INE12NJ01018,SAMBHV
ID_d7713aeb5974,BI,unique_current_nse_symbol,BI,False,True,,,,BI
ID_d7777768c25f,LICNMID100,latest_observed_symbol,LICNMID100,False,False,2024-02-19,2026-03-30,INF767K01RN1,LICNMID100
ID_d79b5c171b51,MTEDUCARE,unique_current_nse_symbol,MTEDUCARE,False,True,2013-01-01,2022-12-23,INE472M01018,MTEDUCARE
ID_d7cc853a5517,ALPHA,latest_observed_symbol,ALPHA,False,False,2024-03-20,2026-03-30,INF174KA1IA5,ALPHA;KOTAKALPHA
ID_d7cc853a5517,ALPHA,latest_observed_symbol,KOTAKALPHA,False,False,2021-12-29,2024-03-19,INF174KA1IA5,ALPHA;KOTAKALPHA
ID_d7d10b8feeff,HPIL,unique_current_nse_symbol,HPIL,False,True,2022-11-07,2026-03-30,INE05X901010,HPIL
ID_d7d57544c4da,CGVAK,unique_current_nse_symbol,CGVAK,False,True,,,,CGVAK
ID_d7d80f1b2c84,KHAITANELE,latest_observed_symbol,KHAITANELE,False,False,2013-03-04,2017-03-20,INE761A01019,KHAITANELE
ID_d7dc6bf39331,SPANCO,latest_observed_symbol,SPANCO,False,False,2013-01-01,2013-07-18,INE360B01026,SPANCO
ID_d7e0cdb1bfc7,GLOBUSSPR,unique_current_nse_symbol,GLOBUSSPR,False,True,2013-01-01,2026-03-30,INE615I01010,GLOBUSSPR
ID_d7e5bf7904fb,S&SPOWER,unique_current_nse_symbol,S&SPOWER,False,True,2020-04-07,2026-02-19,INE902B01017,S&SPOWER
ID_d7ea375c4462,NAGAFERT,latest_observed_symbol,NAGAFERT,False,False,2017-02-22,2026-03-30,INE454M01024,NAGAFERT
ID_d80192aa91f7,CELEBRITY,unique_current_nse_symbol,CELEBRITY,False,True,2013-01-01,2026-03-30,INE185H01016,CELEBRITY
ID_d847633c3065,GTECJAINX,unique_current_nse_symbol,GTECJAINX,False,True,2023-12-26,2026-03-30,INE586X01012,GTECJAINX;KEERTI
ID_d847633c3065,GTECJAINX,unique_current_nse_symbol,KEERTI,False,False,2020-11-13,2023-06-21,INE586X01012,GTECJAINX;KEERTI
ID_d854e38e6559,TINNARUBR,unique_current_nse_symbol,TINNARUBR,False,True,2025-04-17,2026-03-30,INE015C01016,TINNARUBR
ID_d85b9c643cfd,GTNTEX,latest_observed_symbol,GTNTEX,False,False,2013-01-01,2022-01-03,INE302H01017,GTNTEX
ID_d87f12d73a2b,EQUAL50,latest_observed_symbol,EQUAL50,False,False,2025-05-15,2026-03-30,INF769K01OO2,EQUAL50
ID_d88f4a2d1293,LALITHAA,unique_current_nse_symbol,LALITHAA,False,True,,,,LALITHAA
ID_d89b7f8f4c71,STEELCITY,unique_current_nse_symbol,STEELCITY,False,True,2019-06-27,2026-03-30,INE395H01011,STEELCITY
ID_d8ab62ddfb05,ORIENTBANK,latest_observed_symbol,ORIENTBANK,True,False,2013-01-01,2020-03-20,INE141A01014,ORIENTBANK
ID_d8ad84196d26,CEIGALL,unique_current_nse_symbol,CEIGALL,False,True,2024-08-08,2026-03-30,INE0AG901020,CEIGALL
ID_d8ae7605df1f,WEWIN,unique_current_nse_symbol,SUREVIN,False,False,,,,SUREVIN;WEWIN
ID_d8ae7605df1f,WEWIN,unique_current_nse_symbol,WEWIN,False,True,2022-06-15,2026-03-30,INE082W01014,SUREVIN;WEWIN
ID_d8b47021eaee,KESORAMIND,unique_current_nse_symbol,KESORAMIND,True,True,2013-01-01,2026-03-30,INE087A01019,KESORAMIND
ID_d8b7041b0a70,METROPOLIS,unique_current_nse_symbol,METROPOLIS,True,True,2019-04-15,2026-03-30,INE112L01020,METROPOLIS
ID_d8c043a7be16,MAXHEALTH,unique_current_nse_symbol,MAXHEALTH,True,True,2020-09-04,2026-03-30,INE027H01010,MAXHEALTH
ID_d8c4703f0e74,VENUSPIPES,unique_current_nse_symbol,VENUSPIPES,False,True,2022-06-07,2026-03-30,INE0JA001018,VENUSPIPES
ID_d8c737dcb4e0,MOHOTAIND,latest_observed_symbol,MOHOTAIND,False,False,2017-12-26,2021-11-18,INE313D01013,MOHOTAIND;MOHOTAMILL;RAIREKMOH
ID_d8c737dcb4e0,MOHOTAIND,latest_observed_symbol,MOHOTAMILL,False,False,2017-08-01,2017-12-22,INE313D01013,MOHOTAIND;MOHOTAMILL;RAIREKMOH
ID_d8c737dcb4e0,MOHOTAIND,latest_observed_symbol,RAIREKMOH,False,False,2013-01-28,2017-07-31,INE313D01013,MOHOTAIND;MOHOTAMILL;RAIREKMOH
ID_d8ced246a795,VALECHAENG,latest_observed_symbol,VALECHAENG,False,False,2013-01-01,2016-09-26,INE624C01015,VALECHAENG
ID_d8f696895a15,MODINATUR,unique_current_nse_symbol,MODINATUR,False,True,2025-12-11,2026-03-30,INE537F01012,MODINATUR
ID_d904b08f5a59,KFA,latest_observed_symbol,AIRDECCAN,False,False,,,,AIRDECCAN;KFA
ID_d904b08f5a59,KFA,latest_observed_symbol,KFA,False,False,2013-01-01,2014-09-23,INE438H01019,AIRDECCAN;KFA
ID_d905898e3faf,SETF10GILT,latest_observed_symbol,SETF10GILT,False,False,2016-06-23,2026-03-30,INF200KA1JT1,SETF10GILT
ID_d918adf4f2bd,PALASHSECU,unique_current_nse_symbol,PALASHSECU,False,True,2018-02-07,2026-03-30,INE471W01019,PALASHSECU
ID_d92703d73918,MON50EQUAL,latest_observed_symbol,MON50EQUAL,False,False,2025-05-07,2026-03-30,INF247L01FC0,MON50EQUAL
ID_d938e0fde180,GEEKAYWIRE,unique_current_nse_symbol,GEEKAYWIRE,False,True,2020-03-06,2026-03-30,INE669X01016;INE669X01024;INE669X01032,GEEKAYWIRE
ID_d941e440cbdd,ICICIPRULI,unique_current_nse_symbol,ICICIPRULI,True,True,2016-09-29,2026-03-30,INE726G01019,ICICIPRULI
ID_d978f60ad5af,GRPLTD,unique_current_nse_symbol,GRPLTD,False,True,2015-02-12,2026-03-30,INE137I01015,GRPLTD
ID_d97f3ed06cf4,GRASIM,unique_current_nse_symbol,GRASIM,True,True,2013-01-01,2026-03-30,INE047A01013;INE047A01021,GRASIM
ID_d982992e0b01,NEPHROPLUS,unique_current_nse_symbol,NEPHROPLUS,False,True,2025-12-17,2026-03-30,INE428V01029,NEPHROPLUS
ID_d997f2ffef75,692MH2039,lexicographic_fallback,692GS2039,False,False,,,,692GS2039;692MH2039
ID_d997f2ffef75,692MH2039,lexicographic_fallback,692MH2039,False,False,,,,692GS2039;692MH2039
ID_d99b27dc7bce,KJMCFIN,unique_current_nse_symbol,KJMCFIN,False,True,,,,KJMCFIN
ID_d9c3c9a0d74d,PLETHICO,latest_observed_symbol,PLETHICO,False,False,2013-01-01,2015-08-21,INE491H01018,PLETHICO
ID_d9d36a1de828,NIFTYETF,latest_observed_symbol,MAN50ETF,False,False,2018-11-28,2023-08-31,INF769K01EG9,MAN50ETF;NIFTYETF
ID_d9d36a1de828,NIFTYETF,latest_observed_symbol,NIFTYETF,False,False,2023-09-01,2026-03-30,INF769K01EG9,MAN50ETF;NIFTYETF
ID_d9e5a8981b9d,GSCLCEMENT,latest_observed_symbol,GSCLCEMENT,False,False,2013-05-29,2023-04-20,INE542A01039,GSCLCEMENT
ID_d9fa3b8b20a2,RALLIS,unique_current_nse_symbol,RALLIS,True,True,2013-01-01,2026-03-30,INE613A01020,RALLIS
ID_da04d1a92f81,WONDERLA,unique_current_nse_symbol,WONDERLA,True,True,2014-05-23,2026-03-30,INE066O01014,WONDERLA
ID_da1d66fa36ff,AFSL,unique_current_nse_symbol,AFSL,False,True,2025-05-05,2026-03-30,INE00ZE01026,AFSL;AHL
ID_da1d66fa36ff,AFSL,unique_current_nse_symbol,AHL,False,False,2022-12-23,2025-01-29,INE00ZE01026,AFSL;AHL
ID_da2505a1d101,EDELWEISS,unique_current_nse_symbol,EDELWEISS,True,True,2013-01-01,2026-03-30,INE532F01054,EDELWEISS
ID_da27d062a06c,RDAVIIPDDG,lexicographic_fallback,NDAVIIPDDG,False,False,,,,NDAVIIPDDG;RDAVIIPDDG
ID_da27d062a06c,RDAVIIPDDG,lexicographic_fallback,RDAVIIPDDG,False,False,,,,NDAVIIPDDG;RDAVIIPDDG
ID_da2dd1a1ab64,BERGEPAINT,unique_current_nse_symbol,BERGEPAINT,True,True,2013-01-01,2026-03-30,INE463A01020;INE463A01038,BERGEPAINT
ID_da36840896b6,RATNAMANI,unique_current_nse_symbol,RATNAMANI,True,True,2013-01-01,2026-03-30,INE703B01027,RATNAMANI
ID_da3d1c9907d4,TCS,unique_current_nse_symbol,TCS,True,True,2013-01-01,2026-03-30,INE467B01029,TCS
ID_da411d9c8d70,PIRGLASS,latest_observed_symbol,GUJGLASS,False,False,,,,GUJGLASS;PIRGLASS
ID_da411d9c8d70,PIRGLASS,latest_observed_symbol,PIRGLASS,False,False,2013-01-01,2014-07-18,INE748E01018,GUJGLASS;PIRGLASS
ID_da42a7d13365,GMMPFAUDLR,unique_current_nse_symbol,GMMPFAUDLR,True,True,2018-03-05,2026-03-30,INE541A01023,GMMPFAUDLR
ID_da5c947c32de,PATINTLOG,unique_current_nse_symbol,PATINTLOG,False,True,2013-01-01,2026-03-30,INE529D01014,PATINTLOG
ID_da700ea25ec2,IOLCP,unique_current_nse_symbol,IOLCP,True,True,2013-01-01,2026-03-30,INE485C01011;INE485C01029,IOLCP
ID_da76f849bee6,INDIGOPNTS,unique_current_nse_symbol,INDIGOPNTS,True,True,2021-02-02,2026-03-30,INE09VQ01012,INDIGOPNTS
ID_da8e59ec9285,ICICIGI,unique_current_nse_symbol,ICICIGI,True,True,2017-09-27,2026-03-30,INE765G01017,ICICIGI
ID_da92ed833604,IXIGO,unique_current_nse_symbol,IXIGO,False,True,2024-06-18,2026-03-30,INE0HV901016,IXIGO
ID_da94ace61388,RDAFTIIPGD,lexicographic_fallback,NDAFTIIPGD,False,False,,,,NDAFTIIPGD;RDAFTIIPGD
ID_da94ace61388,RDAFTIIPGD,lexicographic_fallback,RDAFTIIPGD,False,False,,,,NDAFTIIPGD;RDAFTIIPGD
ID_da9b66ecf91d,ABLBL,unique_current_nse_symbol,ABLBL,True,True,2025-07-07,2026-03-30,INE14LE01019,ABLBL
ID_daad8472c4f2,AUBANK,unique_current_nse_symbol,AUBANK,True,True,2017-07-10,2026-03-30,INE949L01017,AUBANK
ID_dabd37b07b28,NIDO,lexicographic_fallback,EHFLNCD,False,False,,,,EHFLNCD;NIDO
ID_dabd37b07b28,NIDO,lexicographic_fallback,NIDO,False,False,,,,EHFLNCD;NIDO
ID_dac0340f54b9,KOLTEPATIL,unique_current_nse_symbol,KOLTEPATIL,True,True,2013-01-01,2026-03-30,INE094I01018,KOLTEPATIL
ID_dac7349f235b,PREMCO,unique_current_nse_symbol,PREMCO,False,True,,,,PREMCO
ID_dacee1bcd106,AAFS27C,lexicographic_fallback,AAFS27B,False,False,,,,AAFS27B;AAFS27C
ID_dacee1bcd106,AAFS27C,lexicographic_fallback,AAFS27C,False,False,,,,AAFS27B;AAFS27C
ID_dae2099a2f0c,INDOTECH,unique_current_nse_symbol,INDOTECH,False,True,2013-01-01,2026-03-30,INE332H01014,INDOTECH
ID_dae551fbd22d,JMTAUTOLTD,latest_observed_symbol,JMTAUTOLTD,True,False,2013-01-01,2021-10-22,INE988E01010;INE988E01028;INE988E01036,JMTAUTOLTD
ID_daed02be448a,ALPINETEX,unique_current_nse_symbol,ALPINETEX,False,True,,,,ALPINETEX
ID_daf2ef15adea,GKB,unique_current_nse_symbol,GKB,False,True,2013-01-01,2015-01-29,INE265D01015,GKB
ID_db0d1fc66348,RUBICON,unique_current_nse_symbol,RUBICON,False,True,2025-10-16,2026-03-30,INE506V01022,RUBICON
ID_db1856a01880,INDOCO,unique_current_nse_symbol,INDOCO,True,True,2013-01-01,2026-03-30,INE873D01024,INDOCO
ID_db2580fe6ccf,AVALON,unique_current_nse_symbol,AVALON,False,True,2023-04-18,2026-03-30,INE0LCL01028,AVALON
ID_db6486702756,GLOBAL,unique_current_nse_symbol,GLOBAL,False,True,2020-12-07,2026-03-30,INE291W01011;INE291W01029;INE291W01037,GLOBAL
ID_dbc710c60d29,OSIAHYPER,unique_current_nse_symbol,OSIAHYPER,False,True,2022-12-01,2026-03-30,INE06IR01013;INE06IR01021,OSIAHYPER
ID_dbcfc79fda80,REMSONSIND,unique_current_nse_symbol,REMSONSIND,False,True,2013-01-01,2026-03-30,INE474C01015;INE474C01023,REMSONSIND
ID_dc03446e1277,CFEL,unique_current_nse_symbol,CFEL,False,True,,,,CFEL
ID_dc2b6b13b094,THIRUSUGAR,latest_observed_symbol,THIRUSUGAR,False,False,2013-01-02,2019-05-27,INE409A01015,THIRUSUGAR
ID_dc4c776d8be5,VMART,unique_current_nse_symbol,VMART,True,True,2013-03-06,2026-03-30,INE665J01013,VMART
ID_dc54097f0eeb,RDAFTVCDG,lexicographic_fallback,NDAFTVCDG,False,False,,,,NDAFTVCDG;RDAFTVCDG
ID_dc54097f0eeb,RDAFTVCDG,lexicographic_fallback,RDAFTVCDG,False,False,,,,NDAFTVCDG;RDAFTVCDG
ID_dc6396936200,RAMANEWS,unique_current_nse_symbol,RAMANEWS,False,True,2013-01-01,2026-03-30,INE278B01020,RAMANEWS
ID_dc65db3a7a5a,ALKYLAMINE,unique_current_nse_symbol,ALKYLAMINE,True,True,2013-01-01,2026-03-30,INE150B01013;INE150B01021;INE150B01039,ALKYLAMINE
ID_dc7a04010deb,PGIMBCGPG,lexicographic_fallback,DPRMBCGPG,False,False,,,,DPRMBCGPG;PGIMBCGPG
ID_dc7a04010deb,PGIMBCGPG,lexicographic_fallback,PGIMBCGPG,False,False,,,,DPRMBCGPG;PGIMBCGPG
ID_dc7a08f71b50,BANARISUG,unique_current_nse_symbol,BANARISUG,False,True,2013-01-01,2026-03-30,INE459A01010,BANARISUG
ID_dc80950042e4,MRPL,unique_current_nse_symbol,MRPL,True,True,2013-01-01,2026-03-30,INE103A01014,MRPL
ID_dcb81c60d88a,RELAXO,unique_current_nse_symbol,RELAXO,True,True,2013-01-01,2026-03-30,INE131B01021;INE131B01039,RELAXO
ID_dcbc4938cb8f,KIRANVYPAR,unique_current_nse_symbol,KIRANVYPAR,False,True,,,,KIRANVYPAR
ID_dcdb67a11297,IIFL,unique_current_nse_symbol,IIFL,True,True,2014-03-13,2026-03-30,INE530B01024,IIFL;INDIAINFO
ID_dcdb67a11297,IIFL,unique_current_nse_symbol,INDIAINFO,False,False,2013-01-01,2014-03-12,INE530B01024,IIFL;INDIAINFO
ID_dcde447ed8a7,HDIL,unique_current_nse_symbol,HDIL,True,True,2013-01-01,2019-11-21,INE191I01012,HDIL
ID_dd04e9a8d43f,GANDHITUBE,unique_current_nse_symbol,GANDHITUBE,False,True,2013-01-01,2026-03-30,INE524B01027,GANDHITUBE
ID_dd1787884e71,KFINTECH,unique_current_nse_symbol,KFINTECH,True,True,2022-12-29,2026-03-30,INE138Y01010,KFINTECH
ID_dd28668259e7,HBLENGINE,unique_current_nse_symbol,HBLENGINE,True,True,2024-12-23,2026-03-30,INE292B01021,HBLENGINE;HBLPOWER
ID_dd28668259e7,HBLENGINE,unique_current_nse_symbol,HBLPOWER,True,False,2013-01-01,2024-12-20,INE292B01021,HBLENGINE;HBLPOWER
ID_dd3f39755681,LGHL,unique_current_nse_symbol,LGHL,False,True,2024-01-31,2026-03-30,INE258Y01016,LGHL
ID_dd4be2c49e71,ROOFITIND,lexicographic_fallback,RATNABLDG,False,False,,,,RATNABLDG;ROOFITIND
ID_dd4be2c49e71,ROOFITIND,lexicographic_fallback,ROOFITIND,False,False,,,,RATNABLDG;ROOFITIND
ID_dd4d51b98b99,VOLTAMP,unique_current_nse_symbol,VOLTAMP,False,True,2013-01-01,2026-03-30,INE540H01012,VOLTAMP
ID_dd6b6bb5f6b1,ELNET,latest_observed_symbol,ELNET,False,False,2013-01-01,2014-09-24,INE033C01019,ELNET
ID_dd8ee65570ad,FEDDERSHOL,unique_current_nse_symbol,FEDDERSHOL,False,True,,,,FEDDERSHOL
ID_dd93e9a6f799,YASHO,unique_current_nse_symbol,YASHO,False,True,2023-08-21,2026-03-30,INE616Z01012,YASHO
ID_dd94320e8017,EQUAL200,latest_observed_symbol,EQUAL200,False,False,2025-03-17,2026-03-30,INF769K01OA1,EQUAL200
ID_ddbb4b77bc2f,FORCEMOT,unique_current_nse_symbol,BAJAJTEMPO,False,False,,,,BAJAJTEMPO;FORCEMOT
ID_ddbb4b77bc2f,FORCEMOT,unique_current_nse_symbol,FORCEMOT,True,True,2019-08-19,2026-03-30,INE451A01017,BAJAJTEMPO;FORCEMOT
ID_ddbceaacf7f8,HAPPSTMNDS,unique_current_nse_symbol,HAPPSTMNDS,True,True,2020-09-17,2026-03-30,INE419U01012,HAPPSTMNDS
ID_dde47e69dce8,DOLPHINOFF,latest_observed_symbol,DOLPHINOFF,False,False,2013-01-01,2019-08-22,INE920A01011,DOLPHINOFF
ID_ddfa69897e0f,SARDAEN,unique_current_nse_symbol,SARDAEN,True,True,2013-01-01,2026-03-30,INE385C01013;INE385C01021,SARDAEN
ID_de00343921b5,RDAVIIPDDD,lexicographic_fallback,NDAVIIPDDD,False,False,,,,NDAVIIPDDD;RDAVIIPDDD
ID_de00343921b5,RDAVIIPDDD,lexicographic_fallback,RDAVIIPDDD,False,False,,,,NDAVIIPDDD;RDAVIIPDDD
ID_de13ae7cfcfe,KUANTUM,unique_current_nse_symbol,KUANTUM,False,True,2019-10-23,2026-03-30,INE529I01013;INE529I01021,KUANTUM
ID_de19fa95db83,JYOTICNC,unique_current_nse_symbol,JYOTICNC,True,True,2024-01-16,2026-03-30,INE980O01024,JYOTICNC
ID_de2c49eaafb5,ADL,unique_current_nse_symbol,ADL,False,True,2024-03-11,2026-03-30,INE0CHO01012,ADL
ID_de442ee58310,BLUECLOUDS,unique_current_nse_symbol,BLUECLOUDS,False,True,,,,BLUECLOUDS
ID_de51672b87bd,SAGCEM,unique_current_nse_symbol,SAGARCEM,False,False,,,,SAGARCEM;SAGCEM
ID_de51672b87bd,SAGCEM,unique_current_nse_symbol,SAGCEM,False,True,2013-01-01,2026-03-30,INE229C01013;INE229C01021,SAGARCEM;SAGCEM
ID_de5b5c35c043,FOCUS,unique_current_nse_symbol,FOCUS,False,True,2021-11-24,2026-03-30,INE593W01010;INE593W01028,FOCUS
ID_de691cd9d42e,GPIL,unique_current_nse_symbol,GPIL,True,True,2013-01-01,2026-03-30,INE177H01013;INE177H01021;INE177H01039,GPIL
ID_de7368ed8c36,REISIXTEN,latest_observed_symbol,REISIXTEN,False,False,2013-01-01,2016-11-07,INE849J01021,REISIXTEN
ID_de7fc997e35c,AKASH,unique_current_nse_symbol,AKASH,False,True,2019-10-11,2026-03-30,INE737W01013,AKASH
ID_de8b347ee808,SBBJ,latest_observed_symbol,SBBJ,False,False,2013-01-01,2017-03-15,INE648A01026,SBBJ
ID_de8fad0e5af0,INDOSTAR,unique_current_nse_symbol,INDOSTAR,True,True,2018-05-21,2026-03-30,INE896L01010,INDOSTAR
ID_deb5c18dd05a,KWIL,unique_current_nse_symbol,KWIL,False,True,2026-03-02,2026-03-30,INE2KCE01013,KWIL
ID_debf1e066b55,MOQUALITY,latest_observed_symbol,MOQUALITY,False,False,2022-08-26,2026-03-30,INF247L01BH8,MOQUALITY
ID_decc90a58e05,SNXT50BETA,latest_observed_symbol,SNXT50BETA,False,False,2025-12-24,2026-03-30,INF789F1AUU3,SNXT50BETA;UTISXN50
ID_decc90a58e05,SNXT50BETA,latest_observed_symbol,UTISXN50,False,False,2019-03-13,2025-12-23,INF789F1AHR6;INF789F1AUU3,SNXT50BETA;UTISXN50
ID_ded9e36266d0,PGIMBCDPD,lexicographic_fallback,DPRMBCDPD,False,False,,,,DPRMBCDPD;PGIMBCDPD
ID_ded9e36266d0,PGIMBCDPD,lexicographic_fallback,PGIMBCDPD,False,False,,,,DPRMBCDPD;PGIMBCDPD
ID_dee80c304509,MADHUCON,unique_current_nse_symbol,MADHUCON,False,True,2013-01-01,2026-03-30,INE378D01032,MADHUCON
ID_defdf982c545,NESTLEIND,unique_current_nse_symbol,NESTLEIND,True,True,2013-01-01,2026-03-30,INE239A01016;INE239A01024,NESTLEIND
ID_df04cf1673cf,SINTEX,latest_observed_symbol,SINTEX,True,False,2013-01-01,2022-03-21,INE429C01035,SINTEX
ID_df068f4f2174,SUNSHINE,unique_current_nse_symbol,SUNSHINE,False,True,,,,SUNSHINE
ID_df0d04abc56b,NILE,unique_current_nse_symbol,NILE,False,True,,,,NILE
ID_df17b4854737,MALLCOM,unique_current_nse_symbol,MALLCOM,False,True,2022-02-02,2026-03-30,INE389C01015,MALLCOM
ID_df2a1c90f806,TECH,latest_observed_symbol,TECH,False,False,2021-11-03,2026-03-30,INF209KB11D8,TECH
ID_df2b14ab4dd9,IIFLNIFTY,latest_observed_symbol,IIFLNIFTY,False,False,2013-01-01,2015-07-22,INF579M01019,IIFLNIFTY
ID_df4c97772cfb,POLICYBZR,unique_current_nse_symbol,POLICYBZR,True,True,2021-11-15,2026-03-30,INE417T01026,POLICYBZR
ID_df673f3e3437,ELIQUID,latest_observed_symbol,ELIQUID,False,False,2025-10-10,2026-03-30,INF754K01VW2,ELIQUID
ID_df70966e3914,SETFGOLD,latest_observed_symbol,SBIGETS,False,False,2013-01-01,2015-11-23,INF200K01099,SBIGETS;SETFGOLD
ID_df70966e3914,SETFGOLD,latest_observed_symbol,SETFGOLD,False,False,2015-11-24,2026-03-30,INF200K01099;INF200KA16D8,SBIGETS;SETFGOLD
ID_df713ee83544,STLTECH,unique_current_nse_symbol,STLTECH,True,True,2020-10-29,2026-03-30,INE089C01029,STLTECH;STROPTICAL;STRTECH
ID_df713ee83544,STLTECH,unique_current_nse_symbol,STROPTICAL,False,False,,,,STLTECH;STROPTICAL;STRTECH
ID_df713ee83544,STLTECH,unique_current_nse_symbol,STRTECH,True,False,2013-01-01,2020-10-28,INE089C01029,STLTECH;STROPTICAL;STRTECH
ID_df951ff51a5a,SUBEX,latest_observed_symbol,SUBEX,False,False,2013-01-01,2020-10-21,INE754A01014,SUBEX
ID_df97c96ce036,VOLTAS,unique_current_nse_symbol,VOLTAS,True,True,2013-01-01,2026-03-30,INE226A01021,VOLTAS
ID_df9aff33453e,ELITECON,unique_current_nse_symbol,ELITECON,False,True,,,,ELITECON
ID_dfbc65650ee7,MITTAL,unique_current_nse_symbol,MITTAL,False,True,2020-04-29,2026-03-30,INE997Y01019;INE997Y01027,MITTAL
ID_dfddc092dd2d,BANSALWIRE,unique_current_nse_symbol,BANSALWIRE,False,True,2024-07-10,2026-03-30,INE0B9K01025,BANSALWIRE
ID_dfe3f39eca3d,MANKIND,unique_current_nse_symbol,MANKIND,True,True,2023-05-09,2026-03-30,INE634S01028,MANKIND
ID_dfeb7c978f88,PSL,latest_observed_symbol,PSL,True,False,2013-01-01,2020-08-17,INE474B01017,PSL;PSLHOLD
ID_dfeb7c978f88,PSL,latest_observed_symbol,PSLHOLD,False,False,,,,PSL;PSLHOLD
ID_dff0b7f43519,GANGOTRI,latest_observed_symbol,GANGOTRI,False,False,2013-01-01,2017-05-22,INE670B01028,GANGOTRI
ID_e0172df37d74,LTTS,unique_current_nse_symbol,LTTS,True,True,2016-09-23,2026-03-30,INE010V01017,LTTS
ID_e0230c983940,SENSEXADD,latest_observed_symbol,DSPSENXETF,False,False,2023-08-02,2024-02-14,INF740KA1SZ6,DSPSENXETF;SENSEXADD
ID_e0230c983940,SENSEXADD,latest_observed_symbol,SENSEXADD,False,False,2024-02-15,2026-03-30,INF740KA1SZ6,DSPSENXETF;SENSEXADD
ID_e029e3aae46d,RDAXIADDG,lexicographic_fallback,NDAXIADDG,False,False,,,,NDAXIADDG;RDAXIADDG
ID_e029e3aae46d,RDAXIADDG,lexicographic_fallback,RDAXIADDG,False,False,,,,NDAXIADDG;RDAXIADDG
ID_e02b081111b3,MAFATIND,unique_current_nse_symbol,MAFATIND,False,True,,,,MAFATIND
ID_e02c523711e0,MICEL,unique_current_nse_symbol,MICEL,False,True,2022-01-03,2026-03-30,INE287C01037,MICEL
ID_e03f5cba8679,AXITA,unique_current_nse_symbol,AXITA,False,True,2022-06-21,2025-12-10,INE02EZ01014;INE02EZ01022,AXITA
ID_e0557aa7ccb0,JHS,unique_current_nse_symbol,JHS,False,True,2013-01-01,2026-03-30,INE544H01014,JHS
ID_e07ca64bf386,NETWORK18,unique_current_nse_symbol,NETWORK18,True,True,2013-01-01,2026-03-30,INE870H01013,NETWORK18
ID_e0be52036bbe,SKFINDIA,unique_current_nse_symbol,SKFBEARING,False,False,,,,SKFBEARING;SKFINDIA
ID_e0be52036bbe,SKFINDIA,unique_current_nse_symbol,SKFINDIA,True,True,2013-01-01,2026-03-30,INE640A01023,SKFBEARING;SKFINDIA
ID_e0dd2fa802c4,VKSPL,latest_observed_symbol,VKSPL,False,False,2013-03-01,2016-12-21,INE213M01024,VKSPL
ID_e0dff9e08eb6,ANUHPHR,unique_current_nse_symbol,ANUHPHR,False,True,2024-12-20,2026-03-30,INE489G01022,ANUHPHR
ID_e0e47cc4ee71,KTKBANK,unique_current_nse_symbol,KTKBANK,True,True,2013-01-01,2026-03-30,INE614B01018,KTKBANK
ID_e0eb40f3701f,HINDNATGLS,latest_observed_symbol,HINDNATGLS,False,False,2013-01-01,2025-09-02,INE952A01022,HINDNATGLS
ID_e10a30f4c77e,SPMLINFRA,unique_current_nse_symbol,SPMLINFRA,False,True,2013-01-01,2026-03-30,INE937A01023,SPMLINFRA;SUBHASPROJ
ID_e10a30f4c77e,SPMLINFRA,unique_current_nse_symbol,SUBHASPROJ,False,False,,,,SPMLINFRA;SUBHASPROJ
ID_e11ef52b4c4e,SILVER1,latest_observed_symbol,KOTAKSILVE,False,False,2022-12-14,2024-04-15,INF174KA1KU9,KOTAKSILVE;SILVER1
ID_e11ef52b4c4e,SILVER1,latest_observed_symbol,SILVER1,False,False,2024-04-16,2026-03-30,INF174KA1KU9;INF174KA1ZD3,KOTAKSILVE;SILVER1
ID_e14b1e60de89,AMTEKAUTO,latest_observed_symbol,AMTEKAUTO,True,False,2013-01-01,2018-03-28,INE130C01021,AMTEKAUTO
ID_e1525fbdd5fb,IKS,unique_current_nse_symbol,IKS,True,True,2024-12-19,2026-03-30,INE115Q01022,IKS
ID_e153a23fb1eb,SUDAR,latest_observed_symbol,SUDAR,False,False,2013-01-01,2016-08-22,INE384L01017,SUDAR
ID_e1689c09f87e,GUJNREDVR,latest_observed_symbol,GUJNREDVR,False,False,2013-01-01,2018-02-09,IN9110D01011,GUJNREDVR
ID_e170f2668da7,3PLAND,unique_current_nse_symbol,3PLAND,False,True,2018-05-04,2026-03-30,INE105C01023,3PLAND;PDUMJEAGRO;PDUMJEIND
ID_e170f2668da7,3PLAND,unique_current_nse_symbol,PDUMJEAGRO,False,False,,,,3PLAND;PDUMJEAGRO;PDUMJEIND
ID_e170f2668da7,3PLAND,unique_current_nse_symbol,PDUMJEIND,False,False,2013-01-02,2018-05-03,INE105C01023,3PLAND;PDUMJEAGRO;PDUMJEIND
ID_e18887832e86,EDUCOMP,latest_observed_symbol,EDUCOMP,True,False,2013-01-01,2017-09-22,INE216H01027,EDUCOMP
ID_e18b2c0f9cab,ESAFSFB,unique_current_nse_symbol,ESAFSFB,False,True,2023-11-10,2026-03-30,INE818W01011,ESAFSFB
ID_e1916ab9b919,RCOM,unique_current_nse_symbol,RCOM,True,True,2013-01-01,2022-05-24,INE330H01018,RCOM;RCVL
ID_e1916ab9b919,RCOM,unique_current_nse_symbol,RCVL,False,False,,,,RCOM;RCVL
ID_e1ae44eacf1e,ARE&M,unique_current_nse_symbol,AMARAJABAT,False,False,2013-01-01,2023-10-26,INE885A01032,AMARAJABAT;ARE&M
ID_e1ae44eacf1e,ARE&M,unique_current_nse_symbol,ARE&M,True,True,2023-10-27,2026-03-30,INE885A01032,AMARAJABAT;ARE&M
ID_e1b6634d05c1,NUVAMA,unique_current_nse_symbol,NUVAMA,True,True,2023-10-11,2026-03-30,INE531F01015;INE531F01023,NUVAMA
ID_e1bcf6eb53d0,OILCOUNTUB,unique_current_nse_symbol,OILCOUNTUB,False,True,2013-01-01,2026-03-30,INE591A01010,OILCOUNTUB
ID_e1be1ed0d560,MONSANTO,latest_observed_symbol,MONSANTO,True,False,2013-01-01,2019-09-26,INE274B01011,MONSANTO
ID_e1cc8b929147,SNXT30BEES,latest_observed_symbol,SNXT30BEES,False,False,2025-06-13,2026-03-30,INF204KC1EZ3,SNXT30BEES
ID_e1dce1263404,GUJNRECOKE,latest_observed_symbol,GUJNRECOKE,True,False,2013-01-01,2018-02-09,INE110D01013,GUJNRECOKE
ID_e1e9f49d4143,NELCO,unique_current_nse_symbol,NELCO,False,True,2013-01-01,2026-03-30,INE045B01015,NELCO
ID_e1eb0e6642bd,HUHTAMAKI,unique_current_nse_symbol,HUHTAMAKI,True,True,2020-11-26,2026-03-30,INE275B01026,HUHTAMAKI;PAPERPROD
ID_e1eb0e6642bd,HUHTAMAKI,unique_current_nse_symbol,PAPERPROD,True,False,2013-01-01,2020-11-25,INE275B01026,HUHTAMAKI;PAPERPROD
ID_e21ca0bb0caf,MOTILALOFS,unique_current_nse_symbol,MOTILALOFS,True,True,2013-01-01,2026-03-30,INE338I01027,MOTILALOFS
ID_e2203844347d,NOVAAGRI,unique_current_nse_symbol,NOVAAGRI,False,True,2024-02-14,2026-03-30,INE02H701025,NOVAAGRI
ID_e2255089fb79,RBLBANK,unique_current_nse_symbol,RBLBANK,True,True,2016-08-31,2026-03-30,INE976G01028,RBLBANK
ID_e226295fef1d,FILATEX,unique_current_nse_symbol,FILATEX,False,True,2013-01-01,2026-03-30,INE816B01019;INE816B01027;INE816B01035,FILATEX
ID_e23c627cd385,SUNCLAY,unique_current_nse_symbol,SUNCLAY,False,True,2024-01-12,2026-03-30,INE0Q3R01026,SUNCLAY
ID_e23e0c158c3f,OILIETF,latest_observed_symbol,OILIETF,False,False,2024-07-24,2026-03-30,INF109KC18W3,OILIETF
ID_e24daacc8a85,FCSSOFT,unique_current_nse_symbol,FCSSOFT,False,True,2013-03-01,2026-03-30,INE512B01022,FCSSOFT
ID_e2511daf5ab2,ANIKINDS,unique_current_nse_symbol,ANIKINDS,False,True,2013-01-01,2026-03-30,INE087B01017,ANIKINDS;MPGLYCEM
ID_e2511daf5ab2,ANIKINDS,unique_current_nse_symbol,MPGLYCEM,False,False,,,,ANIKINDS;MPGLYCEM
ID_e263f9d3d5f3,TATAPRESS,lexicographic_fallback,TATAINFO,False,False,,,,TATAINFO;TATAPRESS
ID_e263f9d3d5f3,TATAPRESS,lexicographic_fallback,TATAPRESS,False,False,,,,TATAINFO;TATAPRESS
ID_e264af0c503b,ORBITCORP,latest_observed_symbol,ORBITCORP,True,False,2013-01-01,2017-02-15,INE628H01015,ORBITCORP
ID_e275b2a06da8,GENESYS,unique_current_nse_symbol,GENESYS,False,True,2013-01-01,2026-03-30,INE727B01026,GENESYS
ID_e275d9d40552,SURAJLTD,unique_current_nse_symbol,SURAJLTD,False,True,2024-08-29,2026-03-30,INE713C01016,SURAJLTD
ID_e2a2551de238,SANGHVIMOV,unique_current_nse_symbol,SANGHVIMOV,False,True,2013-01-01,2026-03-30,INE989A01024;INE989A01032,SANGHVIMOV
ID_e2b0a6ea282f,RAMAPHO,unique_current_nse_symbol,RAMAPHO,False,True,2022-08-05,2026-03-30,INE809A01024;INE809A01032,RAMAPHO
ID_e2c4eacd6216,NIBL,unique_current_nse_symbol,NIBL,False,True,2013-05-02,2026-03-30,INE047O01014,NIBL
ID_e2ccb06efc8c,RADIOCITY,unique_current_nse_symbol,RADIOCITY,False,True,2017-03-17,2026-03-30,INE919I01016;INE919I01024,RADIOCITY
ID_e2d99f8cec25,HBPOR,unique_current_nse_symbol,HBPOR,False,True,,,,HBPOR
ID_e2f1b182bd1e,RDAXADD,lexicographic_fallback,NDAXADD,False,False,,,,NDAXADD;RDAXADD
ID_e2f1b182bd1e,RDAXADD,lexicographic_fallback,RDAXADD,False,False,,,,NDAXADD;RDAXADD
ID_e30a5b4bca7d,TUTIALKA,unique_current_nse_symbol,TUTIALKA,False,True,,,,TUTIALKA
ID_e31e37d23a12,SRIKPRIND,unique_current_nse_symbol,SRIKPRIND,False,True,,,,SRIKPRIND
ID_e320b46c7eb2,ABFRL,unique_current_nse_symbol,ABFRL,True,True,2016-01-29,2026-03-30,INE647O01011,ABFRL;PFRL
ID_e320b46c7eb2,ABFRL,unique_current_nse_symbol,PFRL,False,False,2013-07-31,2016-01-28,INE647O01011,ABFRL;PFRL
ID_e325d232238e,SIEMENS,unique_current_nse_symbol,SIEMENS,True,True,2013-01-01,2026-03-30,INE003A01024,SIEMENS
ID_e32b8f60698d,SANDHAR,unique_current_nse_symbol,SANDHAR,False,True,2018-04-02,2026-03-30,INE278H01035,SANDHAR
ID_e39b2b5bf816,ALLDIGI,unique_current_nse_symbol,ALLDIGI,False,True,2024-09-27,2026-03-30,INE835G01018,ALLDIGI;ALLSEC
ID_e39b2b5bf816,ALLDIGI,unique_current_nse_symbol,ALLSEC,False,False,2013-03-01,2024-09-26,INE835G01018,ALLDIGI;ALLSEC
ID_e3aa2c640799,CMC,latest_observed_symbol,CMC,True,False,2013-01-01,2015-09-29,INE314A01017,CMC
ID_e3fe61779a8d,IOB,unique_current_nse_symbol,IOB,True,True,2013-01-01,2026-03-30,INE565A01014,IOB
ID_e406460795dd,BASF,unique_current_nse_symbol,BASF,True,True,2013-01-01,2026-03-30,INE373A01013,BASF
ID_e422cc874ce5,ADANIENSOL,unique_current_nse_symbol,ADANIENSOL,True,True,2023-08-24,2026-03-30,INE931S01010,ADANIENSOL;ADANITRANS
ID_e422cc874ce5,ADANIENSOL,unique_current_nse_symbol,ADANITRANS,False,False,2015-08-14,2023-08-23,INE931S01010,ADANIENSOL;ADANITRANS
ID_e42dd76d78f7,IRFC,unique_current_nse_symbol,IRFC,True,True,2021-01-29,2026-03-30,INE053F01010,IRFC
ID_e42fb8e1b506,PATELENG,unique_current_nse_symbol,PATELENG,False,True,2013-01-01,2026-03-30,INE244B01030,PATELENG
ID_e435deef1f79,RUBFILA,unique_current_nse_symbol,RUBFILA,False,True,2024-08-08,2026-03-30,INE642C01025,RUBFILA
ID_e43c5b070d94,MARALOVER,unique_current_nse_symbol,MARALOVER,False,True,2013-01-01,2026-03-30,INE882A01013,MARALOVER
ID_e454c171dcc4,NICCO,latest_observed_symbol,NICCO,False,False,2013-01-01,2016-01-04,INE241C01026,NICCO
ID_e45a6cdac8cf,CEREBRAINT,latest_observed_symbol,CEREBRAINT,False,False,2013-06-26,2024-08-07,INE345B01019,CEREBRAINT
ID_e45cdc44d823,JLHL,unique_current_nse_symbol,JLHL,False,True,2023-09-18,2026-03-30,INE682M01012,JLHL
ID_e47a44295359,HDFCLOWVOL,latest_observed_symbol,HDFCLOWVOL,False,False,2022-10-17,2026-03-30,INF179KC1DN2;INF179KC1HU8,HDFCLOWVOL
ID_e48450269e91,SHERVANI,unique_current_nse_symbol,SHERVANI,False,True,,,,SHERVANI
ID_e49c2247f78b,NETF,latest_observed_symbol,NETF,False,False,2019-01-07,2026-03-30,INF277K015R5,NETF
ID_e4df534af3db,DBOL,unique_current_nse_symbol,DBOL,False,True,2022-09-22,2026-03-30,INE0I3401014,DBOL
ID_e50f0b3d6151,SBIFUNDS,unique_current_nse_symbol,SBIFUNDS,False,True,,,,SBIFUNDS
ID_e51ef7a9e923,VINEETLAB,unique_current_nse_symbol,VINEETLAB,False,True,2021-06-29,2026-03-30,INE505Y01010,VINEETLAB
ID_e523287938ef,INVENTURE,unique_current_nse_symbol,INVENTURE,False,True,2013-01-01,2026-03-30,INE878H01016;INE878H01024,INVENTURE
ID_e533027b72df,MANCREDIT,unique_current_nse_symbol,MANCREDIT,False,True,2024-08-16,2026-03-30,INE545L01039,MANCREDIT
ID_e53dec9077b6,PARKHOSPS,unique_current_nse_symbol,PARKHOSPS,False,True,2025-12-17,2026-03-30,INE119201023,PARKHOSPS
ID_e574d0876122,PGIMAUDPD,lexicographic_fallback,DPRMAUDPD,False,False,,,,DPRMAUDPD;PGIMAUDPD
ID_e574d0876122,PGIMAUDPD,lexicographic_fallback,PGIMAUDPD,False,False,,,,DPRMAUDPD;PGIMAUDPD
ID_e581e3de2187,MULTICAP,latest_observed_symbol,MULTICAP,False,False,2024-09-05,2026-03-30,INF769K01LX9,MULTICAP
ID_e597c6ea7fe5,ESL,latest_observed_symbol,ESL,False,False,2013-01-01,2018-04-26,INE481K01013,ESL
ID_e5bb9e6edde1,GROWWN200,latest_observed_symbol,GROWWN200,False,False,2025-02-28,2026-03-30,INF666M01JV1,GROWWN200
ID_e5c001bde18f,SBINEQWETF,latest_observed_symbol,SBINEQWETF,False,False,2024-07-23,2026-03-30,INF200KB1282,SBINEQWETF
ID_e5cbca0f525e,RDAXEDDD,lexicographic_fallback,NDAXEDDD,False,False,,,,NDAXEDDD;RDAXEDDD
ID_e5cbca0f525e,RDAXEDDD,lexicographic_fallback,RDAXEDDD,False,False,,,,NDAXEDDD;RDAXEDDD
ID_e5d3c008b9eb,SIRPAPER,latest_observed_symbol,SIRPAPER,False,False,2013-01-01,2015-07-10,INE202C01010,SIRPAPER
ID_e5dcf254ee3b,RBZJEWEL,unique_current_nse_symbol,RBZJEWEL,False,True,2024-01-10,2026-03-30,INE0PEQ01016,RBZJEWEL
ID_e5e44e784d9b,MONTECARLO,unique_current_nse_symbol,MONTECARLO,False,True,2014-12-19,2026-03-30,INE950M01013,MONTECARLO
ID_e5e4713ba8f4,INFINITE,latest_observed_symbol,INFINITE,True,False,2013-01-01,2018-12-13,INE486J01014,INFINITE
ID_e5f18a09f5a3,PGIMAED1G,lexicographic_fallback,DPRMAED1,False,False,,,,DPRMAED1;PGIMAED1G
ID_e5f18a09f5a3,PGIMAED1G,lexicographic_fallback,PGIMAED1G,False,False,,,,DPRMAED1;PGIMAED1G
ID_e5faa79232c4,LTM,unique_current_nse_symbol,LTI,False,False,2016-07-21,2022-12-02,INE214T01019,LTI;LTIM;LTM
ID_e5faa79232c4,LTM,unique_current_nse_symbol,LTIM,False,False,2022-12-05,2026-02-26,INE214T01019,LTI;LTIM;LTM
ID_e5faa79232c4,LTM,unique_current_nse_symbol,LTM,True,True,2026-02-27,2026-03-30,INE214T01019,LTI;LTIM;LTM
ID_e6063de4247b,RAMCOCEM,unique_current_nse_symbol,MADRASCEM,False,False,2013-01-01,2013-09-27,INE331A01037,MADRASCEM;RAMCOCEM
ID_e6063de4247b,RAMCOCEM,unique_current_nse_symbol,RAMCOCEM,True,True,2013-09-30,2026-03-30,INE331A01037,MADRASCEM;RAMCOCEM
ID_e61abcf398d8,EBANKNIFTY,latest_observed_symbol,EBANKNIFTY,False,False,2024-09-16,2026-03-30,INF754K01TE4,EBANKNIFTY
ID_e62b84cd1eb7,CHENNPETRO,unique_current_nse_symbol,CHENNPETRO,True,True,2013-01-01,2026-03-30,INE178A01016,CHENNPETRO;MADRASREFN
ID_e62b84cd1eb7,CHENNPETRO,unique_current_nse_symbol,MADRASREFN,False,False,,,,CHENNPETRO;MADRASREFN
ID_e64c9eb48742,ICFL,lexicographic_fallback,DHANILOANS,False,False,,,,DHANILOANS;ICFL
ID_e64c9eb48742,ICFL,lexicographic_fallback,ICFL,False,False,,,,DHANILOANS;ICFL
ID_e652bdcf528f,WINDLAS,unique_current_nse_symbol,WINDLAS,False,True,2021-08-16,2026-03-30,INE0H5O01029,WINDLAS
ID_e65aa3d1f9d9,STER,latest_observed_symbol,STER,False,False,2013-01-01,2013-08-26,INE268A01049,STER
ID_e671a403280b,MANBA,unique_current_nse_symbol,MANBA,False,True,2024-10-15,2026-03-30,INE939X01013,MANBA
ID_e691f2185154,GROWWMOM50,latest_observed_symbol,GROWWMOM50,False,False,2025-04-24,2026-03-30,INF666M01KJ4,GROWWMOM50
ID_e692a9881bb7,AVTNPL,unique_current_nse_symbol,AVTNPL,False,True,2013-01-01,2026-03-30,INE488D01021,AVTNPL
ID_e699bfe4f023,FUSION,unique_current_nse_symbol,FUSION,False,True,2022-11-15,2026-03-30,INE139R01012,FUSION
ID_e6ac1130d1b4,RUCHINFRA,unique_current_nse_symbol,RUCHINFRA,False,True,2013-01-01,2026-03-30,INE413B01023,RUCHINFRA
ID_e6ebb2d65e10,HATHWAY,unique_current_nse_symbol,HATHWAY,True,True,2013-01-01,2026-03-30,INE982F01028;INE982F01036,HATHWAY
ID_e6fc0e71574c,ESENSEX,latest_observed_symbol,ESENSEX,False,False,2025-11-27,2026-03-30,INF754K01VY8,ESENSEX
ID_e7029ff55b81,THOMASCOOK,unique_current_nse_symbol,THOMASCOOK,True,True,2013-01-01,2026-03-30,INE332A01027,THOMASCOOK
ID_e70c2e25ceb6,QUESS,unique_current_nse_symbol,QUESS,True,True,2016-07-12,2026-03-30,INE615P01015,QUESS
ID_e71343d361be,ATALREAL,unique_current_nse_symbol,ATALREAL,False,True,2023-05-12,2026-03-30,INE0ALR01011;INE0ALR01029,ATALREAL
ID_e743ccdf9dae,AMJLAND,unique_current_nse_symbol,AMJLAND,False,True,2018-01-19,2026-03-30,INE606A01024,AMJLAND;PDUMJEPULP
ID_e743ccdf9dae,AMJLAND,unique_current_nse_symbol,PDUMJEPULP,False,False,2013-01-01,2018-01-18,INE606A01024,AMJLAND;PDUMJEPULP
ID_e74b33a4028d,LOKESHMACH,unique_current_nse_symbol,LOKESHMACH,False,True,2013-01-01,2026-03-30,INE397H01017,LOKESHMACH
ID_e7573de4c99e,MINDACORP,unique_current_nse_symbol,MINDACORP,True,True,2013-03-01,2026-03-30,INE842C01013;INE842C01021,MINDACORP
ID_e75d0b88b92c,OUDHSUG,latest_observed_symbol,OUDHSUG,False,False,2013-01-01,2017-03-22,INE594A01014,OUDHSUG
ID_e77aee7d318d,SCPL,unique_current_nse_symbol,SCPL,False,True,2022-11-22,2026-02-06,INE501Y01019,SCPL
ID_e7835d950125,NEXT50,latest_observed_symbol,MANXT50,False,False,2020-01-31,2023-08-31,INF769K01FN2,MANXT50;NEXT50
ID_e7835d950125,NEXT50,latest_observed_symbol,NEXT50,False,False,2023-09-01,2026-03-30,INF769K01FN2,MANXT50;NEXT50
ID_e7b9b5624ecb,IDEAFORGE,unique_current_nse_symbol,IDEAFORGE,False,True,2023-07-07,2026-03-30,INE349Y01013,IDEAFORGE
ID_e7df76d7a9cb,PAR,unique_current_nse_symbol,PAR,False,True,2021-09-16,2026-03-30,INE04LG01015,PAR
ID_e7eb03549ac8,SAICAPI,unique_current_nse_symbol,SAICAPI,False,True,,,,SAICAPI
ID_e7eb6954c4f3,VIVOBIOT,unique_current_nse_symbol,VIVOBIOT,False,True,,,,VIVOBIOT
ID_e7f90be23f19,CENTUM,unique_current_nse_symbol,CENTUM,False,True,2013-01-01,2026-03-30,INE320B01020,CENTUM
ID_e803769f3d7b,KRITIKA,unique_current_nse_symbol,KRITIKA,False,True,2022-05-04,2026-03-30,INE00Z501011;INE00Z501029,KRITIKA
ID_e8044e552166,RPEL,unique_current_nse_symbol,RPEL,False,True,2024-08-08,2026-03-30,INE912T01018,RPEL
ID_e81a169ebd78,UTLSOLAR,unique_current_nse_symbol,UTLSOLAR,False,True,2025-11-20,2026-03-30,INE12UR01024,UTLSOLAR
ID_e81b9e0fd267,SAVERA,latest_observed_symbol,SAVERA,False,False,2013-01-01,2015-01-29,INE104E01014,SAVERA
ID_e83135936c91,JAGSNPHARM,unique_current_nse_symbol,JAGSNPHARM,False,True,2013-01-01,2026-03-30,INE048B01027;INE048B01035,JAGSNPHARM
ID_e83ea53e0a24,DPWIRES,unique_current_nse_symbol,DPWIRES,False,True,2020-01-17,2026-03-30,INE864X01013,DPWIRES
ID_e84c4c2b366c,NIVABUPA,unique_current_nse_symbol,NIVABUPA,True,True,2024-11-14,2026-03-30,INE995S01015,NIVABUPA
ID_e8555e87bd84,DIGJAMLMTD,unique_current_nse_symbol,DIGJAMLMTD,False,True,2021-11-01,2026-03-30,INE731U01028,DIGJAMLMTD
ID_e861d719adf7,VLEGOV,unique_current_nse_symbol,VLEGOV,False,True,2023-08-29,2026-03-30,INE03HW01020,VLEGOV
ID_e873095b1ae0,RAJESHEXPO,unique_current_nse_symbol,RAJESHEXPO,True,True,2013-01-01,2025-12-24,INE343B01030,RAJESHEXPO
ID_e8788dde4e99,JPINFRATEC,latest_observed_symbol,JPINFRATEC,True,False,2013-01-01,2022-05-24,INE099J01015,JPINFRATEC
ID_e893ff2fa3c2,JD14D,lexicographic_fallback,ED14D,False,False,,,,ED14D;JD14D
ID_e893ff2fa3c2,JD14D,lexicographic_fallback,JD14D,False,False,,,,ED14D;JD14D
ID_e8ddc49a8fd6,JDORGO,lexicographic_fallback,JAYSYNTDYE,False,False,,,,JAYSYNTDYE;JDORGO
ID_e8ddc49a8fd6,JDORGO,lexicographic_fallback,JDORGO,False,False,,,,JAYSYNTDYE;JDORGO
ID_e8e6a37e6988,BSLGOLDETF,latest_observed_symbol,BSLGOLDETF,False,False,2013-01-01,2026-03-30,INF209K01HT2;INF209KB18D3,BSLGOLDETF
ID_e9053e9de8f0,CALSOFT,unique_current_nse_symbol,CALSOFT,False,True,2013-01-01,2026-03-30,INE526B01014,CALSOFT
ID_e906d1919e04,BNALTD,unique_current_nse_symbol,BNALTD,False,True,,,,BNALTD
ID_e90b856396f9,RDAXCDDD,lexicographic_fallback,NDAXCDDD,False,False,,,,NDAXCDDD;RDAXCDDD
ID_e90b856396f9,RDAXCDDD,lexicographic_fallback,RDAXCDDD,False,False,,,,NDAXCDDD;RDAXCDDD
ID_e90f6d990823,PASUPTAC,unique_current_nse_symbol,PASUPTAC,False,True,2021-10-12,2026-03-30,INE818B01023,PASUPTAC
ID_e922e25d1244,SEZAL,latest_observed_symbol,SEJAL,False,False,,,,SEJAL;SEZAL
ID_e922e25d1244,SEZAL,latest_observed_symbol,SEZAL,False,False,2013-01-01,2017-12-01,INE955I01036,SEJAL;SEZAL
ID_e9281175870f,LLOYDSME,unique_current_nse_symbol,LLOYDSME,True,True,2023-07-17,2026-03-30,INE281B01032,LLOYDSME
ID_e933412efa36,SUPREMEINF,unique_current_nse_symbol,SUPREMEINF,False,True,2013-01-01,2023-06-07,INE550H01011,SUPREMEINF
ID_e9512b8e7d08,AUROPHARMA,unique_current_nse_symbol,AUROPHARMA,True,True,2013-01-01,2026-03-30,INE406A01037,AUROPHARMA
ID_e97eaee95b3f,LANCORHOL,unique_current_nse_symbol,LANCORHOL,False,True,2024-04-23,2025-11-12,INE572G01025,LANCORHOL
ID_e98ab9c40964,ALLCARGO,unique_current_nse_symbol,ALLCARGO,True,True,2013-01-01,2026-03-30,INE418H01029,ALLCARGO
ID_e99110cf44ec,TRUALT,unique_current_nse_symbol,TRUALT,False,True,2025-10-03,2026-03-30,INE0MWH01014,TRUALT
ID_e9a517fb114c,BHARATRAS,unique_current_nse_symbol,BHARATRAS,True,True,2013-01-02,2026-03-30,INE838B01013;INE838B01021,BHARATRAS
ID_e9b5e9f61c84,RDAXIIADD,lexicographic_fallback,NDAXIIADD,False,False,,,,NDAXIIADD;RDAXIIADD
ID_e9b5e9f61c84,RDAXIIADD,lexicographic_fallback,RDAXIIADD,False,False,,,,NDAXIIADD;RDAXIIADD
ID_e9b71332535d,PVSL,unique_current_nse_symbol,PVSL,False,True,2024-03-19,2026-03-30,INE772T01024,PVSL
ID_e9d02517a64f,RAJTV,unique_current_nse_symbol,RAJTV,True,True,2013-01-01,2026-03-30,INE952H01019;INE952H01027,RAJTV
ID_e9f0b8f47214,HEXATRADEX,unique_current_nse_symbol,HEXATRADEX,False,True,2013-01-01,2026-03-30,INE750M01017,HEXATRADEX
ID_e9fb68a6e128,AXISGOLD,latest_observed_symbol,AXISGOLD,False,False,2013-01-01,2026-03-30,INF846K01347;INF846K01W80,AXISGOLD;GOLDAXIS
ID_e9fb68a6e128,AXISGOLD,latest_observed_symbol,GOLDAXIS,False,False,,,,AXISGOLD;GOLDAXIS
ID_ea1a095277c5,UVSL,latest_observed_symbol,UVSL,False,False,2016-07-11,2020-11-20,INE292A01023,UVSL
ID_ea3388e9986a,SUPREMEENG,unique_current_nse_symbol,SUPREMEENG,False,True,2020-12-04,2024-05-14,INE319Z01013;INE319Z01021,SUPREMEENG
ID_ea44692b4270,ZANDUREALT,latest_observed_symbol,ZANDUPHARM,False,False,,,,ZANDUPHARM;ZANDUREALT
ID_ea44692b4270,ZANDUREALT,latest_observed_symbol,ZANDUREALT,False,False,2013-01-01,2018-05-23,INE719A01017,ZANDUPHARM;ZANDUREALT
ID_ea6c09074598,WELCORP,unique_current_nse_symbol,WELCORP,True,True,2013-01-01,2026-03-30,INE191B01025,WELCORP;WELGUJ
ID_ea6c09074598,WELCORP,unique_current_nse_symbol,WELGUJ,False,False,,,,WELCORP;WELGUJ
ID_ea9a618d096a,PLAZACABLE,unique_current_nse_symbol,PLAZACABLE,False,True,2023-10-27,2026-03-30,INE0INJ01017,PLAZACABLE
ID_eaa3d77824f7,PDMJEPAPER,unique_current_nse_symbol,PDMJEPAPER,False,True,2016-08-23,2026-03-30,INE865T01018,PDMJEPAPER
ID_eade2eef618c,TEMPSENS,unique_current_nse_symbol,TEMPSENS,False,True,,,,TEMPSENS
ID_eb0f171c3d24,BANKETF,latest_observed_symbol,BANKETF,False,False,2023-07-26,2026-03-30,INF769K01KR3,BANKETF
ID_eb195e52d581,SAIL,unique_current_nse_symbol,SAIL,True,True,2013-01-01,2026-03-30,INE114A01011,SAIL
ID_eb296aa9d788,IDFCFIRSTB,unique_current_nse_symbol,IDFCBANK,False,False,2015-11-23,2019-01-15,INE092T01019,IDFCBANK;IDFCFIRSTB
ID_eb296aa9d788,IDFCFIRSTB,unique_current_nse_symbol,IDFCFIRSTB,True,True,2019-01-16,2026-03-30,INE092T01019,IDFCBANK;IDFCFIRSTB
ID_eb41655421fd,BLUEDART,unique_current_nse_symbol,BLUEDART,True,True,2013-01-01,2026-03-30,INE233B01017,BLUEDART
ID_eb4abbb7aec7,PANCARBON,latest_observed_symbol,PANCARBON,False,False,2013-01-01,2014-12-26,INE013E01017,PANCARBON
ID_eb622bbff528,BRANDHOUSE,latest_observed_symbol,BRANDHOUSE,False,False,2013-01-01,2015-03-30,INE317J01011,BRANDHOUSE
ID_eb7bbbbb037a,BBTCL,unique_current_nse_symbol,BBTCL,False,True,2022-11-23,2026-03-30,INE01EE01011,BBTCL
ID_eb829dd33580,AMANTA,unique_current_nse_symbol,AMANTA,False,True,2025-09-23,2026-03-30,INE084K01015,AMANTA
ID_eb82dd2493e2,SITINET,unique_current_nse_symbol,SITICABLE,True,False,2013-01-01,2016-08-16,INE965H01011,SITICABLE;SITINET;WWIL
ID_eb82dd2493e2,SITINET,unique_current_nse_symbol,SITINET,True,True,2016-08-17,2023-06-06,INE965H01011,SITICABLE;SITINET;WWIL
ID_eb82dd2493e2,SITINET,unique_current_nse_symbol,WWIL,False,False,,,,SITICABLE;SITINET;WWIL
ID_eb8c530a291d,SURANASOL,unique_current_nse_symbol,SURANASOL,False,True,2014-11-19,2026-03-30,INE272L01014;INE272L01022,SURANASOL;SURANAVEL
ID_eb8c530a291d,SURANASOL,unique_current_nse_symbol,SURANAVEL,False,False,2013-01-01,2014-11-18,INE272L01014,SURANASOL;SURANAVEL
ID_ebc1a5960d5f,MAHLOG,unique_current_nse_symbol,MAHLOG,True,True,2017-11-10,2026-03-30,INE766P01016,MAHLOG
ID_ebc9387e0f6e,J502G,lexicographic_fallback,E502G,False,False,,,,E502G;J502G
ID_ebc9387e0f6e,J502G,lexicographic_fallback,J502G,False,False,,,,E502G;J502G
ID_ebe5d3eaf8fa,SCHAND,unique_current_nse_symbol,SCHAND,False,True,2017-05-09,2026-03-30,INE807K01035,SCHAND
ID_ebfadcdc846d,NAVINIFTY,latest_observed_symbol,NAVINIFTY,False,False,2023-09-25,2024-11-28,INF959L01HI3,NAVINIFTY
ID_ec10264740ed,BAJAJHCARE,unique_current_nse_symbol,BAJAJHCARE,False,True,2021-11-25,2026-03-30,INE411U01027,BAJAJHCARE
ID_ec138f1cabc0,MOTOUR,latest_observed_symbol,MOTOUR,False,False,2025-06-12,2026-03-30,INF247L01FP2,MOTOUR
ID_ec18fe5c3b82,ALFREDHE,unique_current_nse_symbol,ALFREDHE,False,True,,,,ALFREDHE
ID_ec27ea045918,JP38G,lexicographic_fallback,E38G,False,False,,,,E38G;JP38G
ID_ec27ea045918,JP38G,lexicographic_fallback,JP38G,False,False,,,,E38G;JP38G
ID_ec37d4cf7809,MANYAVAR,unique_current_nse_symbol,MANYAVAR,True,True,2022-02-16,2026-03-30,INE825V01034,MANYAVAR
ID_ec826a293101,LAURUSLABS,unique_current_nse_symbol,LAURUSLABS,True,True,2016-12-19,2026-03-30,INE947Q01010;INE947Q01028,LAURUSLABS
ID_eca83fc389cb,HDFCGROWTH,latest_observed_symbol,HDFCGROWTH,False,False,2022-09-29,2026-03-30,INF179KC1DJ0,HDFCGROWTH
ID_ecbe9d233edc,MOREALTY,latest_observed_symbol,MOREALTY,False,False,2024-03-21,2026-03-30,INF247L01CI4,MOREALTY
ID_ecbefb8dc214,INDUSTOWER,unique_current_nse_symbol,INDUSTOWER,True,True,2020-12-18,2026-03-30,INE121J01017,INDUSTOWER;INFRATEL
ID_ecbefb8dc214,INDUSTOWER,unique_current_nse_symbol,INFRATEL,False,False,2013-01-01,2020-12-17,INE121J01017,INDUSTOWER;INFRATEL
ID_ecc857994b05,TCNSBRANDS,latest_observed_symbol,TCNSBRANDS,True,False,2018-07-30,2024-09-02,INE778U01029,TCNSBRANDS
ID_ecc8a8097482,IEL,latest_observed_symbol,IEL,False,False,2023-01-10,2025-10-27,INE059901020,IEL
ID_eccffc8b4b96,TRANSPEK,unique_current_nse_symbol,TRANSPEK,False,True,,,,TRANSPEK
ID_ece5b1be83ee,NIFTY1,latest_observed_symbol,KOTAKNIFTY,False,False,2013-01-01,2024-03-19,INF174K014P6;INF174K01518,KOTAKNIFTY;NIFTY1
ID_ece5b1be83ee,NIFTY1,latest_observed_symbol,NIFTY1,False,False,2024-03-20,2026-03-30,INF174K014P6,KOTAKNIFTY;NIFTY1
ID_ed00e79081d4,JSFB,unique_current_nse_symbol,JSFB,False,True,2024-02-14,2026-03-30,INE953L01027,JSFB
ID_ed01bc5a5f78,RSDFIN,unique_current_nse_symbol,RSDFIN,False,True,,,,RSDFIN
ID_ed11bfdc46d8,LAKSHMIEFL,latest_observed_symbol,LAKSHMIEFL,False,False,2013-01-01,2018-08-16,INE992B01026,LAKSHMIEFL
ID_ed277c22a81e,VISDEM,lexicographic_fallback,KEL,False,False,,,,KEL;VISDEM
ID_ed277c22a81e,VISDEM,lexicographic_fallback,VISDEM,False,False,,,,KEL;VISDEM
ID_ed2c4c24645f,AXSENSEX,latest_observed_symbol,AXSENSEX,False,False,2023-03-29,2026-03-30,INF846K010Q0,AXSENSEX;SENSEXAXIS
ID_ed2c4c24645f,AXSENSEX,latest_observed_symbol,SENSEXAXIS,False,False,,,,AXSENSEX;SENSEXAXIS
ID_ed41ad0306f3,MON100,latest_observed_symbol,MON100,False,False,2021-06-16,2026-03-30,INF247L01031;INF247L01AP3,MON100;N100
ID_ed41ad0306f3,MON100,latest_observed_symbol,N100,False,False,2013-01-01,2021-06-15,INF247L01031,MON100;N100
ID_ed7cf70d25ee,GATEWAY,unique_current_nse_symbol,GATEWAY,False,True,2022-04-05,2026-03-30,INE079J01017,GATEWAY
ID_ed7e1401a046,UGARSUGAR,unique_current_nse_symbol,UGARSUGAR,False,True,2013-01-01,2026-03-30,INE071E01023,UGARSUGAR
ID_eda0cc050e75,PGIMATDPD,lexicographic_fallback,DPRMATDPD,False,False,,,,DPRMATDPD;PGIMATDPD
ID_eda0cc050e75,PGIMATDPD,lexicographic_fallback,PGIMATDPD,False,False,,,,DPRMATDPD;PGIMATDPD
ID_eda3006349af,INDBANK,unique_current_nse_symbol,INDBANK,False,True,2013-01-01,2026-03-30,INE841B01017,INDBANK;INDBANKMER
ID_eda3006349af,INDBANK,unique_current_nse_symbol,INDBANKMER,False,False,,,,INDBANK;INDBANKMER
ID_edc11fd68765,TECHNVISN,unique_current_nse_symbol,TECHNVISN,False,True,,,,TECHNVISN
ID_edce5aba7969,RDAXICDG,lexicographic_fallback,NDAXICDG,False,False,,,,NDAXICDG;RDAXICDG
ID_edce5aba7969,RDAXICDG,lexicographic_fallback,RDAXICDG,False,False,,,,NDAXICDG;RDAXICDG
ID_edd6cb6fbff8,RDAFVIIICD,lexicographic_fallback,NDAFVIIICD,False,False,,,,NDAFVIIICD;RDAFVIIICD
ID_edd6cb6fbff8,RDAFVIIICD,lexicographic_fallback,RDAFVIIICD,False,False,,,,NDAFVIIICD;RDAFVIIICD
ID_edf245eec110,ACI,unique_current_nse_symbol,ACI,True,True,2022-11-21,2026-03-30,INE128X01021,ACI
ID_edf8c4547495,NSIL,unique_current_nse_symbol,JSTRIPS,False,False,,,,JSTRIPS;NSIL
ID_edf8c4547495,NSIL,unique_current_nse_symbol,NSIL,False,True,2013-01-01,2026-03-30,INE023A01030,JSTRIPS;NSIL
ID_ee0986a9fa70,SHASUNPHAR,latest_observed_symbol,SHASUNCHEM,False,False,,,,SHASUNCHEM;SHASUNPHAR
ID_ee0986a9fa70,SHASUNPHAR,latest_observed_symbol,SHASUNPHAR,True,False,2013-01-01,2015-11-17,INE317A01028,SHASUNCHEM;SHASUNPHAR
ID_ee218fef504e,TAKSHEEL,latest_observed_symbol,TAKSHEEL,False,False,2013-01-01,2013-08-22,INE889I01011,TAKSHEEL
ID_ee239abaf6f5,LTFMPS6FG,lexicographic_fallback,FIFMPS6FG,False,False,,,,FIFMPS6FG;LTFMPS6FG
ID_ee239abaf6f5,LTFMPS6FG,lexicographic_fallback,LTFMPS6FG,False,False,,,,FIFMPS6FG;LTFMPS6FG
ID_ee363555e402,STARHEALTH,unique_current_nse_symbol,STARHEALTH,True,True,2021-12-10,2026-03-30,INE575P01011,STARHEALTH
ID_ee603af6efeb,ITADD,latest_observed_symbol,DSPITETF,False,False,2023-07-13,2024-02-14,INF740KA1SX1,DSPITETF;ITADD;ITETFADD
ID_ee603af6efeb,ITADD,latest_observed_symbol,ITADD,False,False,2025-12-15,2026-03-30,INF740KA1SX1,DSPITETF;ITADD;ITETFADD
ID_ee603af6efeb,ITADD,latest_observed_symbol,ITETFADD,False,False,2024-02-15,2025-12-12,INF740KA1SX1,DSPITETF;ITADD;ITETFADD
ID_ee8737f7d3ae,SAMMAANCAP,unique_current_nse_symbol,IBULHSGFIN,False,False,2013-08-06,2024-07-25,INE148I01020,IBULHSGFIN;SAMMAANCAP
ID_ee8737f7d3ae,SAMMAANCAP,unique_current_nse_symbol,SAMMAANCAP,True,True,2024-07-26,2026-03-30,INE148I01020,IBULHSGFIN;SAMMAANCAP
ID_ee8d6d6cf457,ANSALHSG,latest_observed_symbol,ANSALHSG,False,False,2013-01-01,2022-10-12,INE880B01015,ANSALHSG
ID_eeae90468951,SRGHFL,unique_current_nse_symbol,SRGHFL,False,True,2023-08-21,2026-03-30,INE559N01010,SRGHFL
ID_eed00fb7a991,FARMAXIND,latest_observed_symbol,FARMAXIND,False,False,2013-01-01,2017-03-06,INE890I01035,FARMAXIND
ID_eedba2993a4c,VGCL,unique_current_nse_symbol,VGCL,False,True,,,,VGCL
ID_eee035fac651,BIOFILCHEM,unique_current_nse_symbol,BIOFILCHEM,False,True,2019-11-22,2026-03-30,INE829A01014,BIOFILCHEM
ID_eee116441467,DEEPENR,latest_observed_symbol,DEEPENR,False,False,2020-09-30,2024-09-04,INE677H01012,DEEPENR;DEEPIND
ID_eee116441467,DEEPENR,latest_observed_symbol,DEEPIND,False,False,2013-01-01,2020-09-29,INE677H01012,DEEPENR;DEEPIND
ID_eeeea21b1d2d,WEBELSOLAR,unique_current_nse_symbol,WEBELSOLAR,False,True,2013-01-01,2026-03-30,INE855C01015;INE855C01023,WEBELSOLAR
ID_ef011e800cc9,MOSERVICE,latest_observed_symbol,MOSERVICE,False,False,2025-11-27,2026-03-30,INF247L01GJ3,MOSERVICE
ID_ef1277934792,NOESISIND,latest_observed_symbol,MEDIA,False,False,,,,MEDIA;MVLIND;NOESISIND
ID_ef1277934792,NOESISIND,latest_observed_symbol,MVLIND,False,False,2013-01-01,2014-06-03,INE141B01020,MEDIA;MVLIND;NOESISIND
ID_ef1277934792,NOESISIND,latest_observed_symbol,NOESISIND,False,False,2014-06-04,2017-03-23,INE141B01020,MEDIA;MVLIND;NOESISIND
ID_ef2489d446eb,NEXTMEDIA,unique_current_nse_symbol,MID-DAY,False,False,,,,MID-DAY;NEXTMEDIA
ID_ef2489d446eb,NEXTMEDIA,unique_current_nse_symbol,NEXTMEDIA,False,True,2013-03-01,2026-03-30,INE747B01016,MID-DAY;NEXTMEDIA
ID_ef4bc1d67c51,SANGHIIND,latest_observed_symbol,SANGHIIND,False,False,2013-01-01,2026-03-30,INE999B01013,SANGHIIND
ID_ef7531d7f470,RVHL,unique_current_nse_symbol,RVHL,False,True,2021-01-04,2026-03-30,INE09E501017,RVHL
ID_ef98515e6557,MARATHON,unique_current_nse_symbol,MARATHON,False,True,2016-09-29,2026-03-30,INE182D01012;INE182D01020,MARATHON
ID_efc56d4ef100,GTOFFSHORE,latest_observed_symbol,GTOFFSHORE,True,False,2013-01-01,2017-06-21,INE892H01017,GTOFFSHORE
ID_efcf71e26960,OLAELEC,unique_current_nse_symbol,OLAELEC,True,True,2024-08-09,2026-03-30,INE0LXG01040,OLAELEC
ID_efd14ffbc1e1,HEALTHIETF,latest_observed_symbol,HEALTHIETF,False,False,2023-12-20,2026-03-30,INF109KC1Q72,HEALTHIETF;ICICIPHARM
ID_efd14ffbc1e1,HEALTHIETF,latest_observed_symbol,ICICIPHARM,False,False,2021-05-25,2023-12-19,INF109KC1Q72,HEALTHIETF;ICICIPHARM
ID_efffca9feb49,RKFORGE,unique_current_nse_symbol,RKFORGE,True,True,2013-01-01,2026-03-30,INE399G01015;INE399G01023,RKFORGE
ID_f01df4a64206,BASML,unique_current_nse_symbol,BASML,False,True,2013-01-01,2026-03-30,INE186H01014;INE186H01022,BASML
ID_f029f2cb100b,COROMANDEL,unique_current_nse_symbol,COROMANDEL,True,True,2013-01-01,2026-03-30,INE169A01031,COROMANDEL;COROMNFERT
ID_f029f2cb100b,COROMANDEL,unique_current_nse_symbol,COROMNFERT,False,False,,,,COROMANDEL;COROMNFERT
ID_f02b9fdafdec,SHILCTECH,unique_current_nse_symbol,SHILCTECH,False,True,2025-11-24,2026-03-30,INE024F01011,SHILCTECH
ID_f03de41a3cec,LIBAS,unique_current_nse_symbol,LIBAS,False,True,2019-07-23,2026-03-30,INE908V01012,LIBAS
ID_f03f05226174,UNIDT,unique_current_nse_symbol,UNIDT,False,True,2020-09-25,2026-03-30,INE961D01019,UNIDT
ID_f04ca191ac32,RDAFVIIICX,lexicographic_fallback,NDAFVIIICX,False,False,,,,NDAFVIIICX;RDAFVIIICX
ID_f04ca191ac32,RDAFVIIICX,lexicographic_fallback,RDAFVIIICX,False,False,,,,NDAFVIIICX;RDAFVIIICX
ID_f051d96d64a2,MELSTAR,latest_observed_symbol,MELSTAR,False,False,2013-01-01,2017-05-05,INE817A01019,MELSTAR
ID_f052bcf03afc,SEKURITIND,unique_current_nse_symbol,SEKURITIND,False,True,,,,SEKURITIND
ID_f07c2c9fe216,ENGINERSIN,unique_current_nse_symbol,ENGINERSIN,True,True,2013-01-01,2026-03-30,INE510A01028,ENGINERSIN
ID_f08614a541fd,AUTOAXLES,unique_current_nse_symbol,AUTOAXLES,False,True,2013-01-01,2026-03-30,INE449A01011,AUTOAXLES
ID_f092d33275c0,MURUDCERA,unique_current_nse_symbol,MURUDCERA,False,True,2013-01-01,2026-03-30,INE692B01014,MURUDCERA
ID_f098cb8c36ef,LASA,latest_observed_symbol,LASA,False,False,2018-02-22,2026-03-30,INE670X01014,LASA
ID_f0a54f0614cf,HOCL,latest_observed_symbol,HOCL,False,False,2013-01-01,2017-08-16,INE048A01011,HOCL
ID_f0af75570a54,SGPC,lexicographic_fallback,SGPC,True,False,,,,SGPC
ID_f0bc16e615aa,KANPRPLA,unique_current_nse_symbol,KANPRPLA,False,True,2021-01-01,2026-03-30,INE694E01014,KANPRPLA
ID_f0cb9650fb3d,REGAAL,unique_current_nse_symbol,REGAAL,False,True,2025-08-20,2026-03-30,INE0MHO01029,REGAAL
ID_f0d62f005a8e,HIMATSEIDE,unique_current_nse_symbol,HIMATSEIDE,True,True,2013-01-01,2026-03-30,INE049A01027,HIMATSEIDE
ID_f0e50a66789a,RDAXICDD,lexicographic_fallback,NDAXICDD,False,False,,,,NDAXICDD;RDAXICDD
ID_f0e50a66789a,RDAXICDD,lexicographic_fallback,RDAXICDD,False,False,,,,NDAXICDD;RDAXICDD
ID_f0ed89aa9157,SUBROS,unique_current_nse_symbol,SUBROS,False,True,2013-01-01,2026-03-30,INE287B01021,SUBROS
ID_f0fae6db3119,LINDEINDIA,unique_current_nse_symbol,BOC,False,False,2013-01-01,2013-04-09,INE473A01011,BOC;IOL;LINDEINDIA
ID_f0fae6db3119,LINDEINDIA,unique_current_nse_symbol,IOL,False,False,,,,BOC;IOL;LINDEINDIA
ID_f0fae6db3119,LINDEINDIA,unique_current_nse_symbol,LINDEINDIA,True,True,2013-04-10,2026-03-30,INE473A01011,BOC;IOL;LINDEINDIA
ID_f1004cde11c3,BIRLAPOWER,latest_observed_symbol,BIRLAPOWER,False,False,2013-01-01,2013-08-22,INE224B01024,BIRLAPOWER;BIRLAYAMAH
ID_f1004cde11c3,BIRLAPOWER,latest_observed_symbol,BIRLAYAMAH,False,False,,,,BIRLAPOWER;BIRLAYAMAH
ID_f108cad644ef,HEROMOTOCO,unique_current_nse_symbol,HEROHONDA,False,False,,,,HEROHONDA;HEROMOTOCO
ID_f108cad644ef,HEROMOTOCO,unique_current_nse_symbol,HEROMOTOCO,True,True,2013-01-01,2026-03-30,INE158A01026,HEROHONDA;HEROMOTOCO
ID_f1261b95fd78,MMP,unique_current_nse_symbol,MMP,False,True,2020-01-09,2026-03-30,INE511Y01018,MMP
ID_f12b90e42706,FELDVR,unique_current_nse_symbol,FELDVR,False,True,2016-05-25,2023-02-21,IN9623B01058,FELDVR;FRLDVR;PRETAILDVR
ID_f12b90e42706,FELDVR,unique_current_nse_symbol,FRLDVR,False,False,2013-04-11,2016-05-10,IN9623B01058,FELDVR;FRLDVR;PRETAILDVR
ID_f12b90e42706,FELDVR,unique_current_nse_symbol,PRETAILDVR,False,False,2013-01-01,2013-04-10,IN9623B01058,FELDVR;FRLDVR;PRETAILDVR
ID_f13ebb863bad,DECOLIGHT,latest_observed_symbol,DECOLIGHT,False,False,2013-01-01,2015-04-23,INE172I01012,DECOLIGHT
ID_f18318c68007,AAATECH,unique_current_nse_symbol,AAATECH,False,True,2022-11-28,2026-03-30,INE0D0U01013,AAATECH
ID_f1b2fb2c09b0,VATSMUSC,lexicographic_fallback,BABABUSERV,False,False,,,,BABABUSERV;VATSMUSC
ID_f1b2fb2c09b0,VATSMUSC,lexicographic_fallback,VATSMUSC,False,False,,,,BABABUSERV;VATSMUSC
ID_f1cdc0fbf36b,COMPUSOFT,unique_current_nse_symbol,COMPUSOFT,False,True,2013-01-01,2026-03-30,INE453B01029,COMPUSOFT
ID_f1e4407bf411,SHIVAMAUTO,unique_current_nse_symbol,SHIVAMAUTO,False,True,2013-01-01,2026-03-30,INE637H01016;INE637H01024,SHIVAMAUTO
ID_f1f717c90acd,SIMBHALS,unique_current_nse_symbol,SIMBHALS,False,True,2016-03-30,2024-06-26,INE748T01016,SIMBHALS
ID_f20a52eec4cc,JYOTISTRUC,unique_current_nse_symbol,JYOTISTRUC,False,True,2013-01-01,2026-03-30,INE197A01024,JYOTISTRUC
ID_f2168443fc72,SARLAPOLY,unique_current_nse_symbol,SARLAPOLY,False,True,2013-01-02,2026-03-30,INE453D01017;INE453D01025,SARLAPOLY
ID_f236cd4f4c1a,BLISSGVS,unique_current_nse_symbol,BLISSGVS,True,True,2013-01-01,2026-03-30,INE416D01022,BLISSGVS
ID_f24382baa395,ONIDA,unique_current_nse_symbol,MIRCELECTR,False,False,2013-01-01,2026-03-30,INE831A01028,MIRCELECTR;ONIDA
ID_f24382baa395,ONIDA,unique_current_nse_symbol,ONIDA,False,True,,,,MIRCELECTR;ONIDA
ID_f24fe04408d0,MIDCAPBETA,latest_observed_symbol,MIDCAPBETA,False,False,2025-12-24,2026-03-30,INF789F1AYX9,MIDCAPBETA;NIFMID150
ID_f24fe04408d0,MIDCAPBETA,latest_observed_symbol,NIFMID150,False,False,2023-09-05,2025-12-23,INF789F1AYX9,MIDCAPBETA;NIFMID150
ID_f28278c995d8,NDGL,unique_current_nse_symbol,NDGL,False,True,2016-09-15,2026-03-30,INE756C01015,NDGL
ID_f28826400c9d,PERSISTENT,unique_current_nse_symbol,PERSISTENT,True,True,2013-01-01,2026-03-30,INE262H01013;INE262H01021,PERSISTENT
ID_f291d8d546a1,PGIMABADD,lexicographic_fallback,DPRMABAD,False,False,,,,DPRMABAD;PGIMABADD
ID_f291d8d546a1,PGIMABADD,lexicographic_fallback,PGIMABADD,False,False,,,,DPRMABAD;PGIMABADD
ID_f29d3947d857,V2RETAIL,unique_current_nse_symbol,V2RETAIL,False,True,2013-03-01,2026-03-30,INE945H01013;INE945H01021,V2RETAIL;VISHALRET
ID_f29d3947d857,V2RETAIL,unique_current_nse_symbol,VISHALRET,False,False,,,,V2RETAIL;VISHALRET
ID_f29f339ce7bb,AXISCETF,latest_observed_symbol,AXISCETF,False,False,2021-09-23,2026-03-30,INF846K016C7,AXISCETF;CONSUMAXIS
ID_f29f339ce7bb,AXISCETF,latest_observed_symbol,CONSUMAXIS,False,False,,,,AXISCETF;CONSUMAXIS
ID_f29fe5811b54,CRESTO,unique_current_nse_symbol,CRESTO,False,True,,,,CRESTO;SILLYMONKS
ID_f29fe5811b54,CRESTO,unique_current_nse_symbol,SILLYMONKS,False,False,2020-07-08,2026-03-30,INE203Y01012,CRESTO;SILLYMONKS
ID_f2b5c4d699f4,LOWVOL,latest_observed_symbol,LOWVOL,False,False,2023-09-01,2026-03-30,INF769K01JU9,LOWVOL;MANV30F
ID_f2b5c4d699f4,LOWVOL,latest_observed_symbol,MANV30F,False,False,2023-03-31,2023-08-31,INF769K01JU9,LOWVOL;MANV30F
ID_f2c324f39518,HCC,unique_current_nse_symbol,HCC,True,True,2013-01-01,2026-03-30,INE549A01026,HCC;HINDCONS
ID_f2c324f39518,HCC,unique_current_nse_symbol,HINDCONS,False,False,,,,HCC;HINDCONS
ID_f2d93161361c,SANSTAR,unique_current_nse_symbol,SANSTAR,False,True,2024-07-26,2026-03-30,INE08NE01025,SANSTAR
ID_f2d95bf79e66,OSWALMIN,latest_observed_symbol,OSWALMIN,False,False,2013-01-01,2015-01-29,INE469B01017,OSWALMIN
ID_f2dfd1942caa,DYNAMATECH,unique_current_nse_symbol,DYNAMATECH,True,True,2013-01-01,2026-03-30,INE221B01012,DYNAMATECH
ID_f310b3482902,PDPL,latest_observed_symbol,PDPL,False,False,2013-03-01,2021-10-28,INE904D01019,PDPL
ID_f31e5cd22fc4,ITETF,latest_observed_symbol,ITETF,False,False,2023-10-27,2026-03-30,INF769K01KV5,ITETF
ID_f37b071a8722,HTMEDIA,unique_current_nse_symbol,HTMEDIA,True,True,2013-01-01,2026-03-30,INE501G01024,HTMEDIA
ID_f38675a0f5db,ASIANTNE,unique_current_nse_symbol,ASIANTNE,False,True,,,,ASIANTNE
ID_f392d9884356,LIQUIDSHRI,latest_observed_symbol,LIQUIDSHRI,False,False,2024-07-09,2026-03-30,INF680P01422,LIQUIDSHRI
ID_f393f1e1c7ce,ADVANIHOTR,unique_current_nse_symbol,ADVANIHOTR,False,True,2013-01-01,2026-03-30,INE199C01026,ADVANIHOTR;RAMADHOTEL
ID_f393f1e1c7ce,ADVANIHOTR,unique_current_nse_symbol,RAMADHOTEL,False,False,,,,ADVANIHOTR;RAMADHOTEL
ID_f3940260948a,ROLTA,latest_observed_symbol,ROLTA,True,False,2013-01-01,2022-08-22,INE293A01013,ROLTA
ID_f3a188e373da,SUMEDHA,unique_current_nse_symbol,SUMEDHA,False,True,,,,SUMEDHA
ID_f3a9039ce9d1,HEXT,unique_current_nse_symbol,HEXT,True,True,2025-02-19,2026-03-30,INE093A01041,HEXT
ID_f4108926cd76,GULFOILCOR,latest_observed_symbol,GULFOILCOR,False,False,2013-01-01,2014-06-03,INE077F01027,GULFOILCOR;IDLCHEM
ID_f4108926cd76,GULFOILCOR,latest_observed_symbol,IDLCHEM,False,False,,,,GULFOILCOR;IDLCHEM
ID_f44fc5205759,GTLINFRA,unique_current_nse_symbol,GTLINFRA,False,True,2013-01-01,2026-03-30,INE221H01019,GTLINFRA
ID_f458dd06cda8,BANKPSU,latest_observed_symbol,BANKPSU,False,False,2024-10-08,2026-03-30,INF769K01LZ4,BANKPSU
ID_f45b8a8b5030,ABSLNN50ET,latest_observed_symbol,ABSLNN50ET,False,False,2018-12-27,2026-03-30,INF209KB16D7;INF209KB1B87,ABSLNN50ET
ID_f45ddc1ce8a0,INGVYSYABK,latest_observed_symbol,INGVYSYABK,False,False,2013-01-01,2015-04-15,INE166A01011,INGVYSYABK;VYSYABANK
ID_f45ddc1ce8a0,INGVYSYABK,latest_observed_symbol,VYSYABANK,False,False,,,,INGVYSYABK;VYSYABANK
ID_f46ec07cd467,STARCEMENT,unique_current_nse_symbol,STARCEMENT,True,True,2017-07-03,2026-03-30,INE460H01021,STARCEMENT
ID_f474536173e2,SUYOG,unique_current_nse_symbol,SUYOG,False,True,2024-08-20,2026-03-30,INE442P01014,SUYOG
ID_f48196648120,BODALCHEM,unique_current_nse_symbol,BODALCHEM,False,True,2013-01-01,2026-03-30,INE338D01028,BODALCHEM
ID_f48cb314a8af,RAYMONDREL,unique_current_nse_symbol,RAYMONDREL,False,True,2025-07-15,2026-03-30,INE1SY401010,RAYMONDREL;RRL
ID_f48cb314a8af,RAYMONDREL,unique_current_nse_symbol,RRL,False,False,,,,RAYMONDREL;RRL
ID_f49f66c281af,MUKANDENGG,latest_observed_symbol,MUKANDENGG,False,False,2013-01-01,2021-04-06,INE022B01014,MUKANDENGG
ID_f4b7ac4774cf,APLAB,latest_observed_symbol,APLAB,False,False,2013-01-01,2013-08-27,INE273A01015,APLAB
ID_f4bce27529d6,UEL,unique_current_nse_symbol,UEL,False,True,2026-02-01,2026-03-30,INE899L01030,UEL
ID_f4be40ba09d5,GARUDA,unique_current_nse_symbol,GARUDA,False,True,2024-10-15,2026-03-30,INE0JVO01026,GARUDA
ID_f4d9ce3c7d28,COHANCE,unique_current_nse_symbol,COHANCE,True,True,2025-05-19,2026-03-30,INE03QK01018,COHANCE;SUVENPHAR
ID_f4d9ce3c7d28,COHANCE,unique_current_nse_symbol,SUVENPHAR,True,False,2020-03-24,2025-05-16,INE03QK01018,COHANCE;SUVENPHAR
ID_f4e1889114db,SIMPLEXCAS,latest_observed_symbol,SIMPLEXCAS,False,False,2013-01-02,2015-01-07,INE658D01011,SIMPLEXCAS
ID_f52bf1c4063b,VIKASLIFE,unique_current_nse_symbol,VIKASLIFE,False,True,2021-05-06,2026-03-30,INE161L01027,VIKASLIFE;VIKASMCORP
ID_f52bf1c4063b,VIKASLIFE,unique_current_nse_symbol,VIKASMCORP,False,False,2019-05-22,2021-05-05,INE161L01027,VIKASLIFE;VIKASMCORP
ID_f52fec13d122,SUMMIT,lexicographic_fallback,KECINFRA,False,False,,,,KECINFRA;KECINTL;SUMMIT
ID_f52fec13d122,SUMMIT,lexicographic_fallback,KECINTL,False,False,,,,KECINFRA;KECINTL;SUMMIT
ID_f52fec13d122,SUMMIT,lexicographic_fallback,SUMMIT,False,False,,,,KECINFRA;KECINTL;SUMMIT
ID_f530ce6ee4ba,TCI,unique_current_nse_symbol,TCI,True,True,2013-01-01,2026-03-30,INE688A01022,TCI
ID_f55afe7df648,TITAGARH,unique_current_nse_symbol,TITAGARH,True,True,2023-06-19,2026-03-30,INE615H01020,TITAGARH;TWL
ID_f55afe7df648,TITAGARH,unique_current_nse_symbol,TWL,False,False,2013-01-01,2023-06-16,INE615H01012;INE615H01020,TITAGARH;TWL
ID_f565a923f269,HEIDELBERG,unique_current_nse_symbol,HEIDELBERG,True,True,2013-01-01,2026-03-30,INE578A01017,HEIDELBERG;MYSORECEM
ID_f565a923f269,HEIDELBERG,unique_current_nse_symbol,MYSORECEM,False,False,,,,HEIDELBERG;MYSORECEM
ID_f56fa98cc631,AARON,unique_current_nse_symbol,AARON,False,True,2020-11-06,2026-03-30,INE721Z01010,AARON
ID_f57c4310dc56,VPRPL,unique_current_nse_symbol,VPRPL,False,True,2023-09-05,2026-03-30,INE0AE001013,VPRPL
ID_f57d9f75e6e6,KAYA,unique_current_nse_symbol,KAYA,False,True,2015-08-28,2026-03-30,INE587G01015,KAYA
ID_f5b22a859031,BANCOINDIA,unique_current_nse_symbol,BANCOINDIA,False,True,2013-01-01,2026-03-30,INE213C01025,BANCOINDIA;BANCOPROD
ID_f5b22a859031,BANCOINDIA,unique_current_nse_symbol,BANCOPROD,False,False,,,,BANCOINDIA;BANCOPROD
ID_f5b6bbff4568,BHAGERIA,unique_current_nse_symbol,BHAGERIA,False,True,2016-03-02,2026-03-30,INE354C01019;INE354C01027,BHAGERIA
ID_f5d8de76b0af,SHIVTEX,latest_observed_symbol,ANAMALFIN,False,False,,,,ANAMALFIN;SHIVTEX
ID_f5d8de76b0af,SHIVTEX,latest_observed_symbol,SHIVTEX,False,False,2013-01-01,2017-11-02,INE705C01012,ANAMALFIN;SHIVTEX
ID_f5dc1ae07425,ITIETF,latest_observed_symbol,ICICITECH,False,False,2020-08-20,2023-12-19,INF109KC16I6;INF109KC1N67,ICICITECH;ITIETF
ID_f5dc1ae07425,ITIETF,latest_observed_symbol,ITIETF,False,False,2023-12-20,2026-03-30,INF109KC16I6,ICICITECH;ITIETF
ID_f5dc48a7963d,KHANDSE,unique_current_nse_symbol,KHANDSE,False,True,2013-01-01,2026-03-30,INE060B01014,KHANDSE
ID_f5e5e9bf1144,COMSYN,unique_current_nse_symbol,COMSYN,False,True,2024-01-23,2026-03-30,INE073V01015,COMSYN
ID_f5f0fdd0e4d8,MALCO,lexicographic_fallback,MADRASALMN,False,False,,,,MADRASALMN;MALCO
ID_f5f0fdd0e4d8,MALCO,lexicographic_fallback,MALCO,False,False,,,,MADRASALMN;MALCO
ID_f6039236e184,E-SERVEINT,lexicographic_fallback,CITICORSEC,False,False,,,,CITICORSEC;E-SERVEINT
ID_f6039236e184,E-SERVEINT,lexicographic_fallback,E-SERVEINT,False,False,,,,CITICORSEC;E-SERVEINT
ID_f61af938a117,BESTAGRO,unique_current_nse_symbol,BESTAGRO,False,True,2021-02-22,2026-01-21,INE052T01013;INE052T01021,BESTAGRO
ID_f628c2fab9ad,HDFCBANK,unique_current_nse_symbol,HDFCBANK,True,True,2013-01-01,2026-03-30,INE040A01026;INE040A01034,HDFCBANK
ID_f62d2ea5837b,ICDSLTD,unique_current_nse_symbol,ICDSLTD,False,True,2024-10-21,2026-03-18,INE613B01010,ICDSLTD
ID_f643d244a821,TTKPRESTIG,unique_current_nse_symbol,TTKPRESTIG,True,True,2013-01-01,2026-03-30,INE690A01010;INE690A01028,TTKPRESTIG
ID_f6645d978d6a,RDAXBDDG,lexicographic_fallback,NDAXBDDG,False,False,,,,NDAXBDDG;RDAXBDDG
ID_f6645d978d6a,RDAXBDDG,lexicographic_fallback,RDAXBDDG,False,False,,,,NDAXBDDG;RDAXBDDG
ID_f67546415169,AGI,unique_current_nse_symbol,AGI,False,True,2022-05-11,2026-03-30,INE415A01038,AGI;HINDSANIT;HSIL
ID_f67546415169,AGI,unique_current_nse_symbol,HINDSANIT,False,False,,,,AGI;HINDSANIT;HSIL
ID_f67546415169,AGI,unique_current_nse_symbol,HSIL,True,False,2013-01-01,2022-05-10,INE415A01038,AGI;HINDSANIT;HSIL
ID_f6985daceed2,GRINDWELL,unique_current_nse_symbol,GRINDWELL,True,True,2013-01-01,2026-03-30,INE536A01023,GRINDWELL
ID_f69ca846bd97,HALDER,unique_current_nse_symbol,HALDER,False,True,2026-02-24,2026-03-30,INE115S01010,HALDER
ID_f69ce9cc53f6,UJJIVANSFB,unique_current_nse_symbol,UJJIVANSFB,True,True,2019-12-12,2026-03-30,INE551W01018,UJJIVANSFB
ID_f69ddd842fc1,STARPAPER,unique_current_nse_symbol,STARPAPER,False,True,2013-01-01,2026-03-30,INE733A01018,STARPAPER
ID_f6a6d50e0459,LAXMIINDIA,unique_current_nse_symbol,LAXMIINDIA,False,True,2025-08-05,2026-03-30,INE06WU01026,LAXMIINDIA
ID_f6c349a855f1,EIEL,unique_current_nse_symbol,EIEL,False,True,2024-11-29,2026-03-30,INE0LLY01014,EIEL
ID_f6e84e012a16,CINEMAXIN,latest_observed_symbol,CINEMAXIN,False,False,2013-03-01,2014-03-06,INE460N01011,CINEMAXIN
ID_f6f1d7fe4068,GSLSU,unique_current_nse_symbol,GSLSU,False,True,2023-04-11,2026-03-30,INE0JSX01015,GSLSU
ID_f6f8a2c31dde,HAVISHA,unique_current_nse_symbol,HAVISHA,False,True,2024-04-23,2026-03-30,INE293B01029,HAVISHA;SHAKTIGAS
ID_f6f8a2c31dde,HAVISHA,unique_current_nse_symbol,SHAKTIGAS,False,False,,,,HAVISHA;SHAKTIGAS
ID_f70baf6ae73e,RAINBOW,unique_current_nse_symbol,RAINBOW,True,True,2022-05-10,2026-03-30,INE961O01016,RAINBOW
ID_f72fa4fae65b,ESSDEE,latest_observed_symbol,ESSDEE,False,False,2013-01-01,2019-05-27,INE825H01017,ESSDEE
ID_f733ca7289b4,UPHOT,unique_current_nse_symbol,UPHOT,False,True,,,,UPHOT
ID_f733f3fdca5d,SOUTHBANK,unique_current_nse_symbol,SOUTHBANK,True,True,2013-01-01,2026-03-30,INE683A01023,SOUTHBANK
ID_f740a2a44a42,KAKATCEM,unique_current_nse_symbol,KAKATCEM,False,True,2013-01-01,2026-03-30,INE437B01014,KAKATCEM
ID_f746dca0492d,DCMSRIND,unique_current_nse_symbol,DCMSRIND,False,True,2021-12-24,2026-03-30,INE843D01027,DCMSRIND
ID_f757d62d35b8,BLUESTINFO,latest_observed_symbol,BLUESTINFO,False,False,2013-01-01,2016-06-01,INE504B01011,BLUESTINFO
ID_f76163cd5e40,GPTINFRA,unique_current_nse_symbol,GPTINFRA,False,True,2016-07-11,2026-03-30,INE390G01014,GPTINFRA
ID_f765d446282d,KAJARIACER,unique_current_nse_symbol,KAJARIACER,True,True,2013-01-01,2026-03-30,INE217B01028;INE217B01036,KAJARIACER
ID_f79d358eb641,BIGBLOC,unique_current_nse_symbol,BIGBLOC,False,True,2016-09-20,2026-03-30,INE412U01017;INE412U01025,BIGBLOC
ID_f79f23fd998b,M&M,unique_current_nse_symbol,M&M,True,True,2013-01-01,2026-03-30,INE101A01026,M&M
ID_f7a4405d2bf5,BONLON,unique_current_nse_symbol,BONLON,False,True,,,,BONLON
ID_f7dda5ae24fb,STERTOOLS,unique_current_nse_symbol,STERTOOLS,False,True,2013-01-01,2026-03-30,INE334A01015;INE334A01023,STERTOOLS
ID_f7e764e09e73,GKENERGY,unique_current_nse_symbol,GKENERGY,False,True,2025-09-26,2026-03-30,INE1AG301022,GKENERGY
ID_f7fbc31d5842,AGIIL,unique_current_nse_symbol,AGIIL,False,True,2024-07-15,2026-03-30,INE976R01017;INE976R01025;INE976R01033,AGIIL
ID_f80b18f46e74,BAJAJFINSV,unique_current_nse_symbol,BAJAJFINSV,True,True,2013-01-01,2026-03-30,INE918I01018;INE918I01026,BAJAJFINSV
ID_f815d5c3404e,HEXAGON,unique_current_nse_symbol,HEXAGON,False,True,,,,HEXAGON
ID_f81666a7d59f,SHRIPISTON,unique_current_nse_symbol,SHRIPISTON,False,True,2023-05-22,2026-03-30,INE526E01018,SHRIPISTON
ID_f81d142f688d,JINDALPHOT,unique_current_nse_symbol,JINDALPHOT,False,True,2013-01-01,2026-03-30,INE796G01012,JINDALPHOT
ID_f8206a26b169,SCILAL,unique_current_nse_symbol,SCILAL,False,True,2024-04-04,2026-03-30,INE0PB301013,SCILAL
ID_f831f0902be6,NPST,unique_current_nse_symbol,NPST,False,True,2025-04-30,2026-03-30,INE0FFK01017,NPST
ID_f8505a0111a9,RDAFDVHGR,lexicographic_fallback,NDAFDVHGR,False,False,,,,NDAFDVHGR;RDAFDVHGR
ID_f8505a0111a9,RDAFDVHGR,lexicographic_fallback,RDAFDVHGR,False,False,,,,NDAFDVHGR;RDAFDVHGR
ID_f8534d7dc64a,ICSA,latest_observed_symbol,ICSA,False,False,2013-01-01,2018-01-03,INE306B01029,ICSA
ID_f865c8489bb8,IPRINGLTD,unique_current_nse_symbol,IPRINGLTD,False,True,2013-01-01,2015-01-29,INE558A01019,IPRINGLTD
ID_f86893baf5e1,KOKUYOCMLN,unique_current_nse_symbol,CAMLIN,False,False,,,,CAMLIN;KOKUYOCMLN
ID_f86893baf5e1,KOKUYOCMLN,unique_current_nse_symbol,KOKUYOCMLN,False,True,2013-01-01,2026-03-30,INE760A01029,CAMLIN;KOKUYOCMLN
ID_f8861a52dda7,EIDPARRY,unique_current_nse_symbol,EIDPARRY,True,True,2013-01-01,2026-03-30,INE126A01031,EIDPARRY
ID_f8ad3a5cc5c8,AONESILVER,latest_observed_symbol,AONESILVER,False,False,2026-03-02,2026-03-30,INF1J2R01171,AONESILVER
ID_f8ad81e00973,CRMFGETF,latest_observed_symbol,CRMFGETF,False,False,2013-01-02,2019-11-06,INF760K01BR1,CRMFGETF
ID_f8d5d24335ed,HPAL,unique_current_nse_symbol,HPAL,False,True,2022-01-10,2026-03-30,INE0GSL01016;INE0GSL01024,HPAL
ID_f8d727b9ec0c,METROGLOBL,unique_current_nse_symbol,METROGLOBL,False,True,,,,METROGLOBL
ID_f8e8941d71c9,SHAKTIPUMP,unique_current_nse_symbol,SHAKTIPUMP,False,True,2013-01-01,2026-03-30,INE908D01010,SHAKTIPUMP
ID_f8f203ea6ad1,OMINFRAL,unique_current_nse_symbol,OMINFRAL,False,True,2021-02-10,2026-03-30,INE239D01028,OMINFRAL;OMMETALS
ID_f8f203ea6ad1,OMINFRAL,unique_current_nse_symbol,OMMETALS,False,False,2013-01-01,2021-02-09,INE239D01028,OMINFRAL;OMMETALS
ID_f8fd4493c052,IEX,unique_current_nse_symbol,IEX,True,True,2017-10-23,2026-03-30,INE022Q01012;INE022Q01020,IEX
ID_f9151049d6dc,ARKADE,unique_current_nse_symbol,ARKADE,False,True,2024-09-24,2026-03-30,INE0QRL01017,ARKADE
ID_f92323add861,GEMINI,latest_observed_symbol,GEMINI,False,False,2013-01-01,2018-02-06,INE878C01033,GEMINI
ID_f94720f2efdc,ARSSINFRA,latest_observed_symbol,ARSSINFRA,False,False,2013-01-01,2022-05-24,INE267I01010,ARSSINFRA
ID_f94f32ffd0ba,JBMA,unique_current_nse_symbol,JBMA,True,True,2013-01-01,2026-03-30,INE927D01010;INE927D01028;INE927D01044;INE927D01051,JBMA;JBMAUTOCOM
ID_f94f32ffd0ba,JBMA,unique_current_nse_symbol,JBMAUTOCOM,False,False,,,,JBMA;JBMAUTOCOM
ID_f95cefb43b43,DHFL,latest_observed_symbol,DEWANHOUS,False,False,,,,DEWANHOUS;DHFL
ID_f95cefb43b43,DHFL,latest_observed_symbol,DHFL,True,False,2013-01-01,2021-06-11,INE202B01012,DEWANHOUS;DHFL
ID_f980b9623901,PANACEABIO,unique_current_nse_symbol,PANACEABIO,False,True,2013-01-01,2026-03-30,INE922B01023,PANACEABIO
ID_f982ecca0984,BAJEL,unique_current_nse_symbol,BAJEL,False,True,2024-01-03,2026-03-30,INE0KQN01018,BAJEL
ID_f99af3523f45,MASCOT,lexicographic_fallback,IGS,False,False,,,,IGS;MASCOT
ID_f99af3523f45,MASCOT,lexicographic_fallback,MASCOT,False,False,,,,IGS;MASCOT
ID_f99af6570e42,SHIVAAGRO,unique_current_nse_symbol,SHIVAAGRO,False,True,,,,SHIVAAGRO
ID_f9a349010a83,NGCT,latest_observed_symbol,NGCT,False,False,2013-11-28,2016-08-24,INE970N01019,NGCT
ID_f9ca9515084d,STYL,unique_current_nse_symbol,STYL,False,True,2025-09-30,2026-03-30,INE04VU01023,STYL
ID_f9dedbfcd3e8,KAMOPAINTS,unique_current_nse_symbol,KAMOPAINTS,False,True,2023-02-08,2026-03-30,INE0BTI01029;INE0BTI01037,KAMOPAINTS
ID_f9eeaee3f84e,MALWACOTT,latest_observed_symbol,MALWACOTT,False,False,2013-01-01,2013-10-08,INE272B01015,MALWACOTT
ID_f9fa018303e8,GOYALALUM,unique_current_nse_symbol,GOYALALUM,False,True,2022-11-04,2026-01-09,INE705X01018;INE705X01026,GOYALALUM
ID_fa11ba374939,SHIVACEM,unique_current_nse_symbol,SHIVACEM,False,True,,,,SHIVACEM
ID_fa3ae3f1ba67,KIOCL,unique_current_nse_symbol,KIOCL,True,True,2017-03-01,2026-03-30,INE880L01014,KIOCL
ID_fa6cce81af61,RELCHEMQ,unique_current_nse_symbol,RELCHEMQ,False,True,2022-05-25,2026-03-30,INE750D01016,RELCHEMQ
ID_fa7f3e1a02ce,RPPL,unique_current_nse_symbol,RPPL,False,True,2021-11-26,2026-03-30,INE760W01015;INE760W01023,RPPL
ID_fa886bd966cf,APCOTEXIND,unique_current_nse_symbol,APCOTEXIND,False,True,2013-01-01,2026-03-30,INE116A01016;INE116A01024;INE116A01032,APCOTEXIND;APCOTEXLAT
ID_fa886bd966cf,APCOTEXIND,unique_current_nse_symbol,APCOTEXLAT,False,False,,,,APCOTEXIND;APCOTEXLAT
ID_fa8a1fde243f,TRANSWORLD,unique_current_nse_symbol,SHREYAS,False,False,2013-01-01,2024-10-22,INE757B01015,SHREYAS;SHREYASHIP;TRANSWORLD
ID_fa8a1fde243f,TRANSWORLD,unique_current_nse_symbol,SHREYASHIP,False,False,,,,SHREYAS;SHREYASHIP;TRANSWORLD
ID_fa8a1fde243f,TRANSWORLD,unique_current_nse_symbol,TRANSWORLD,False,True,2024-10-23,2026-03-30,INE757B01015,SHREYAS;SHREYASHIP;TRANSWORLD
ID_fa91bb7bf971,PGIMAAD3D,lexicographic_fallback,DPRMAAD3,False,False,,,,DPRMAAD3;PGIMAAD3D
ID_fa91bb7bf971,PGIMAAD3D,lexicographic_fallback,PGIMAAD3D,False,False,,,,DPRMAAD3;PGIMAAD3D
ID_faa330218aac,LGBBROSLTD,unique_current_nse_symbol,LGBBROSLTD,True,True,2013-01-01,2026-03-30,INE337A01034,LGBBROSLTD
ID_faa8c4b55664,POONAWALLA,unique_current_nse_symbol,MAGMA,True,False,2013-01-01,2021-06-08,INE511C01022,MAGMA;POONAWALLA
ID_faa8c4b55664,POONAWALLA,unique_current_nse_symbol,POONAWALLA,True,True,2021-09-13,2026-03-30,INE511C01022,MAGMA;POONAWALLA
ID_fab968eeea4d,RDAVIIPDD,lexicographic_fallback,NDAVIIPDD,False,False,,,,NDAVIIPDD;RDAVIIPDD
ID_fab968eeea4d,RDAVIIPDD,lexicographic_fallback,RDAVIIPDD,False,False,,,,NDAVIIPDD;RDAVIIPDD
ID_fac2c3c5ebe4,YATHARTH,unique_current_nse_symbol,YATHARTH,False,True,2023-08-07,2026-03-30,INE0JO301016,YATHARTH
ID_faee0e59ac7b,BHARTIHEXA,unique_current_nse_symbol,BHARTIHEXA,True,True,2024-04-12,2026-03-30,INE343G01021,BHARTIHEXA;LIST000857
ID_faee0e59ac7b,BHARTIHEXA,unique_current_nse_symbol,LIST000857,False,False,,,,BHARTIHEXA;LIST000857
ID_faf6df7dbcd6,PARNAXLAB,unique_current_nse_symbol,PARNAXLAB,False,True,,,,PARNAXLAB
ID_fb17e582be53,JINDALSTEL,unique_current_nse_symbol,JINDALSTEL,True,True,2013-01-01,2026-03-30,INE749A01030,JINDALSTEL
ID_fb22b9891e7a,NATIONSTD,unique_current_nse_symbol,NATIONSTD,False,True,,,,NATIONSTD
ID_fb284ce361ba,NDRAUTO,unique_current_nse_symbol,NDRAUTO,False,True,2020-08-13,2026-03-30,INE07OG01012,NDRAUTO
ID_fb2a6cd7e317,PRINCEPIPE,unique_current_nse_symbol,PRINCEPIPE,True,True,2019-12-30,2026-03-30,INE689W01016,PRINCEPIPE
ID_fb3449b5f44d,UCOBANK,unique_current_nse_symbol,UCOBANK,True,True,2013-01-01,2026-03-30,INE691A01018,UCOBANK
ID_fb4f7a8eb3ba,JPOLYINVST,unique_current_nse_symbol,JPOLYINVST,False,True,2013-11-26,2026-03-30,INE147P01019,JPOLYINVST
ID_fb52fc1cadd6,ESG,latest_observed_symbol,ESG,False,False,2023-09-01,2026-03-30,INF769K01GS9,ESG;MAESGETF
ID_fb52fc1cadd6,ESG,latest_observed_symbol,MAESGETF,False,False,2020-11-24,2023-08-31,INF769K01GS9,ESG;MAESGETF
ID_fb6ae5285a93,J501G,lexicographic_fallback,E501G,False,False,,,,E501G;J501G
ID_fb6ae5285a93,J501G,lexicographic_fallback,J501G,False,False,,,,E501G;J501G
ID_fb6d452cda9b,LXCHEM,unique_current_nse_symbol,LXCHEM,True,True,2021-03-25,2026-03-30,INE576O01020,LXCHEM
ID_fb7e60a57a11,AUTOLITIND,latest_observed_symbol,AUTOLITIND,False,False,2013-01-01,2021-01-22,INE448A01013,AUTOLITIND
ID_fb9e18f6a959,CAPITALSFB,unique_current_nse_symbol,CAPITALSFB,False,True,2024-02-14,2026-03-30,INE646H01017,CAPITALSFB
ID_fbb38415a227,BLUEBLENDS,latest_observed_symbol,BLUEBLENDS,False,False,2015-08-24,2019-06-17,INE113O01014,BLUEBLENDS
ID_fbc5daa4fbd1,PHOENIXLL,latest_observed_symbol,HALONIX,False,False,2013-01-01,2013-10-29,INE455B01016,HALONIX;PHOENIXLL;PHOENIXLMP
ID_fbc5daa4fbd1,PHOENIXLL,latest_observed_symbol,PHOENIXLL,False,False,2013-10-30,2017-09-11,INE455B01016,HALONIX;PHOENIXLL;PHOENIXLMP
ID_fbc5daa4fbd1,PHOENIXLL,latest_observed_symbol,PHOENIXLMP,False,False,,,,HALONIX;PHOENIXLL;PHOENIXLMP
ID_fbf382d12c41,TEXMOPIPES,unique_current_nse_symbol,TEXMOPIPES,False,True,2013-01-01,2026-03-30,INE141K01013,TEXMOPIPES
ID_fbf4f1f91f0c,ARFIN,unique_current_nse_symbol,ARFIN,False,True,2025-07-22,2026-03-30,INE784R01023,ARFIN
ID_fbf5b7aab20b,SKUMARSYNF,latest_observed_symbol,SKUMARSYNF,True,False,2013-01-01,2015-03-30,INE772A01016,SKUMARSYNF
ID_fc01b20f95f9,ORIENTTECH,unique_current_nse_symbol,ORIENTTECH,False,True,2024-09-11,2026-03-30,INE0PPK01015,ORIENTTECH
ID_fc0c296892f0,WINSOME,latest_observed_symbol,WINSOME,False,False,2013-01-01,2023-11-12,INE784B01035,WINSOME
ID_fc26d39c6a6f,WINDMACHIN,unique_current_nse_symbol,WINDMACHIN,False,True,2013-01-01,2026-03-30,INE052A01021,WINDMACHIN
ID_fc29381d7f6b,PGIMAAGPG,lexicographic_fallback,DPRMAAGP,False,False,,,,DPRMAAGP;PGIMAAGPG
ID_fc29381d7f6b,PGIMAAGPG,lexicographic_fallback,PGIMAAGPG,False,False,,,,DPRMAAGP;PGIMAAGPG
ID_fc2b76a1e5b1,WSTCSTPAPR,unique_current_nse_symbol,WSTCSTPAPR,True,True,2013-01-01,2026-03-30,INE976A01021,WSTCSTPAPR
ID_fc5bc075dfd3,ALLTIME,unique_current_nse_symbol,ALLTIME,False,True,2025-08-14,2026-03-30,INE0GV601021,ALLTIME
ID_fc5e2f0e4314,PPLPHARMA,unique_current_nse_symbol,PPLPHARMA,True,True,2022-11-03,2026-03-30,INE0DK501011,PPLPHARMA
ID_fc668aacaaef,JSWISPL,latest_observed_symbol,AIONJSW,False,False,2018-11-01,2020-10-09,INE743C01021,AIONJSW;JSWISPL
ID_fc668aacaaef,JSWISPL,latest_observed_symbol,JSWISPL,False,False,2020-10-12,2023-08-09,INE743C01021,AIONJSW;JSWISPL
ID_fc787c48cf46,RTSPOWR,unique_current_nse_symbol,RTSPOWR,False,True,,,,RTSPOWR
ID_fc7d00143ac1,INFRABEES,latest_observed_symbol,INFRABEES,False,False,2013-01-01,2026-03-30,INF732E01268,INFRABEES
ID_fc82e3764de8,SETFNIFBK,latest_observed_symbol,SETFBANK,False,False,2015-03-25,2015-11-23,INF200KA1580,SETFBANK;SETFNIFBK
ID_fc82e3764de8,SETFNIFBK,latest_observed_symbol,SETFNIFBK,False,False,2015-11-24,2026-03-30,INF200KA1580,SETFBANK;SETFNIFBK
ID_fc84469315f7,IVZINNIFTY,latest_observed_symbol,IVZINNIFTY,False,False,2016-06-23,2026-03-30,INF205K01DA9,IVZINNIFTY;RELGRNIFTY
ID_fc84469315f7,IVZINNIFTY,latest_observed_symbol,RELGRNIFTY,False,False,2013-01-01,2016-06-22,INF205K01DA9,IVZINNIFTY;RELGRNIFTY
ID_fc9968ad065a,ABSLMSCIN,latest_observed_symbol,ABSLMSCIN,False,False,2026-02-20,2026-03-30,INF209KC1662,ABSLMSCIN
ID_fcb96fc0be86,GOLDIETF,latest_observed_symbol,GOLDIETF,False,False,2023-12-20,2026-03-30,INF109KC1NT3,GOLDIETF;GOLDIWIN;ICICIGOLD;IGOLD;IPGETF
ID_fcb96fc0be86,GOLDIETF,latest_observed_symbol,GOLDIWIN,False,False,2016-07-25,2018-04-09,INF109KB1WF4,GOLDIETF;GOLDIWIN;ICICIGOLD;IGOLD;IPGETF
ID_fcb96fc0be86,GOLDIETF,latest_observed_symbol,ICICIGOLD,False,False,2018-04-10,2023-12-19,INF109KB1WF4;INF109KC1NT3,GOLDIETF;GOLDIWIN;ICICIGOLD;IGOLD;IPGETF
ID_fcb96fc0be86,GOLDIETF,latest_observed_symbol,IGOLD,False,False,2014-05-05,2016-07-22,INF109K01FV4;INF109KB1WF4,GOLDIETF;GOLDIWIN;ICICIGOLD;IGOLD;IPGETF
ID_fcb96fc0be86,GOLDIETF,latest_observed_symbol,IPGETF,False,False,2013-01-01,2014-05-02,INF109K01FV4,GOLDIETF;GOLDIWIN;ICICIGOLD;IGOLD;IPGETF
ID_fcc629a7407c,MAJESAUT,unique_current_nse_symbol,MAJESAUT,False,True,,,,MAJESAUT
ID_fceea7d2f627,FIBERWEB,unique_current_nse_symbol,FIBERWEB,False,True,2022-02-16,2026-02-23,INE296C01020,FIBERWEB
ID_fcfea971b89e,OSWALGREEN,unique_current_nse_symbol,BINDALAGRO,False,False,2013-01-01,2023-05-18,INE143A01010,BINDALAGRO;OSWALGREEN
ID_fcfea971b89e,OSWALGREEN,unique_current_nse_symbol,OSWALGREEN,False,True,2023-05-19,2026-03-30,INE143A01010,BINDALAGRO;OSWALGREEN
ID_fd0a2f313c67,MINDTREE,latest_observed_symbol,MINDTREE,False,False,2013-01-01,2022-11-22,INE018I01017,MINDTREE
ID_fd143bb55157,VISHWARAJ,unique_current_nse_symbol,VISHWARAJ,False,True,2019-10-31,2026-03-30,INE430N01014;INE430N01022,VISHWARAJ
ID_fd21e54fb405,STYRENIX,unique_current_nse_symbol,ABSIND,False,False,,,,ABSIND;INEABS;INEOSSTYRO;LANABS;STYABS;STYRENIX
ID_fd21e54fb405,STYRENIX,unique_current_nse_symbol,INEABS,False,False,,,,ABSIND;INEABS;INEOSSTYRO;LANABS;STYABS;STYRENIX
ID_fd21e54fb405,STYRENIX,unique_current_nse_symbol,INEOSSTYRO,False,False,2016-04-04,2023-01-19,INE189B01011,ABSIND;INEABS;INEOSSTYRO;LANABS;STYABS;STYRENIX
ID_fd21e54fb405,STYRENIX,unique_current_nse_symbol,LANABS,False,False,,,,ABSIND;INEABS;INEOSSTYRO;LANABS;STYABS;STYRENIX
ID_fd21e54fb405,STYRENIX,unique_current_nse_symbol,STYABS,False,False,2013-01-01,2016-04-01,INE189B01011,ABSIND;INEABS;INEOSSTYRO;LANABS;STYABS;STYRENIX
ID_fd21e54fb405,STYRENIX,unique_current_nse_symbol,STYRENIX,False,True,2023-01-20,2026-03-30,INE189B01011,ABSIND;INEABS;INEOSSTYRO;LANABS;STYABS;STYRENIX
ID_fd39a7e0de9e,DIGJAMLTD,latest_observed_symbol,DIGJAMLTD,False,False,2016-07-27,2019-08-28,INE731U01010,DIGJAMLTD
ID_fd43c2ff3f6e,ADDIND,unique_current_nse_symbol,ADDIND,False,True,,,,ADDIND
ID_fd466ea834f5,GILT5YBEES,latest_observed_symbol,GILT5YBEES,False,False,2022-05-10,2026-03-30,INF204KC1030,GILT5YBEES;NETFGILT5Y
ID_fd466ea834f5,GILT5YBEES,latest_observed_symbol,NETFGILT5Y,False,False,2021-04-08,2022-05-09,INF204KC1030,GILT5YBEES;NETFGILT5Y
ID_fd4ce79410f5,SUPREMETEX,latest_observed_symbol,SUPREMETEX,False,False,2015-02-23,2018-03-16,INE651G01027,SUPREMETEX;SUPREMYARN
ID_fd4ce79410f5,SUPREMETEX,latest_observed_symbol,SUPREMYARN,False,False,,,,SUPREMETEX;SUPREMYARN
ID_fd60e37c3718,GANESHCP,unique_current_nse_symbol,GANESHCP,False,True,2025-09-29,2026-03-30,INE652V01016,GANESHCP
ID_fd79d6d51e9f,INNOIND,latest_observed_symbol,INNOIND,True,False,2013-01-01,2015-09-24,INE549I01011,INNOIND
ID_fd9f757743fe,SFCL,latest_observed_symbol,SFCL,True,False,2013-11-07,2017-03-30,INE935O01010,SFCL
ID_fdc9d49ef351,GABRIEL,unique_current_nse_symbol,GABRIEL,True,True,2013-01-01,2026-03-30,INE524A01029,GABRIEL
ID_fdce6706af3b,ATNINTER,latest_observed_symbol,ATNINTER,False,False,2013-01-01,2017-02-01,INE803A01027,ATNINTER
ID_fdd7d93fd1f6,BFUTILITIE,unique_current_nse_symbol,BFUTILITIE,True,True,2013-01-01,2025-10-24,INE243D01012,BFUTILITIE
ID_fdf3a2b183d0,BALLARPUR,latest_observed_symbol,BALLARPUR,True,False,2013-01-01,2020-11-27,INE294A01037,BALLARPUR
ID_fe048e0e7ceb,SANGINITA,unique_current_nse_symbol,SANGINITA,False,True,2019-07-15,2026-02-25,INE753W01010,SANGINITA
ID_fe083529f487,UJAAS,latest_observed_symbol,MBSWITCH,False,False,2013-01-01,2013-09-20,INE899L01022,MBSWITCH;UJAAS
ID_fe083529f487,UJAAS,latest_observed_symbol,UJAAS,False,False,2013-09-23,2023-11-02,INE899L01022,MBSWITCH;UJAAS
ID_fe138d28d712,BHARTIARTL,unique_current_nse_symbol,BHARTI,False,False,,,,BHARTI;BHARTIARTL
ID_fe138d28d712,BHARTIARTL,unique_current_nse_symbol,BHARTIARTL,True,True,2013-01-01,2026-03-30,INE397D01024,BHARTI;BHARTIARTL
ID_fe15025f6da6,GINNIFILA,unique_current_nse_symbol,GINNIFILA,False,True,2013-03-01,2026-03-30,INE424C01010,GINNIFILA
ID_fe2db6de8124,SHYAMCENT,unique_current_nse_symbol,SHYAMCENT,False,True,2015-08-11,2026-03-30,INE979R01011,SHYAMCENT
ID_fe6ce8808e6a,GODREJPROP,unique_current_nse_symbol,GODREJPROP,True,True,2013-01-01,2026-03-30,INE484J01019;INE484J01027,GODREJPROP
ID_fe73b74cbaac,LANDSMILL,unique_current_nse_symbol,EXCEL,False,False,2015-05-05,2026-03-30,INE688J01015;INE688J01023,EXCEL;EXCELINFO;LANDSMILL
ID_fe73b74cbaac,LANDSMILL,unique_current_nse_symbol,EXCELINFO,False,False,2013-01-01,2015-05-04,INE688J01015,EXCEL;EXCELINFO;LANDSMILL
ID_fe73b74cbaac,LANDSMILL,unique_current_nse_symbol,LANDSMILL,False,True,,,,EXCEL;EXCELINFO;LANDSMILL
ID_fe900ae537eb,ROSSTECH,unique_current_nse_symbol,ROSSTECH,False,True,2024-12-23,2026-03-30,INE0OJW01016,ROSSTECH
ID_fe963cf62236,CHOICEGOLD,latest_observed_symbol,CHOICEGOLD,False,False,2025-11-10,2026-03-30,INF2KCX01012,CHOICEGOLD
ID_feb3a166fc08,GLOSTERLTD,unique_current_nse_symbol,GLOSTERLTD,False,True,2024-04-26,2026-03-30,INE350Z01018,GLOSTERLTD
ID_fed933aa2f81,HARSHA,unique_current_nse_symbol,HARSHA,False,True,2022-09-26,2026-03-30,INE0JUS01029,HARSHA
ID_fef8e9e91d6d,OCCL,latest_observed_symbol,OCCL,False,False,2016-01-27,2025-06-11,INE321D01016,OCCL
ID_fef9e762748e,HITECHCORP,unique_current_nse_symbol,HITECHCORP,False,True,2017-05-23,2026-03-30,INE120D01012,HITECHCORP;HITECHPLAS
ID_fef9e762748e,HITECHCORP,unique_current_nse_symbol,HITECHPLAS,False,False,2013-01-01,2017-05-22,INE120D01012,HITECHCORP;HITECHPLAS
ID_fefefcf32b8f,LIQUIDETF,latest_observed_symbol,LIQUIDETF,False,False,2018-03-20,2026-03-30,INF740KA1EU7,LIQUIDETF
ID_feff3864b6bb,GILLETTE,unique_current_nse_symbol,GILLETTE,True,True,2013-01-01,2026-03-30,INE322A01010,GILLETTE;INDSHAVING
ID_feff3864b6bb,GILLETTE,unique_current_nse_symbol,INDSHAVING,False,False,,,,GILLETTE;INDSHAVING
ID_ff09ebdabc9c,NTCIND,unique_current_nse_symbol,NTCIND,False,True,,,,NTCIND
ID_ff0eefd2c2e2,PRUDENT,unique_current_nse_symbol,PRUDENT,False,True,2022-05-20,2026-03-30,INE00F201020,PRUDENT
ID_ff200fbb321f,AJANTPHARM,unique_current_nse_symbol,AJANTPHARM,True,True,2013-01-01,2026-03-30,INE031B01031;INE031B01049,AJANTPHARM
ID_ff31aaefa6d8,PGIMFAQDD,lexicographic_fallback,DPRMFAQD,False,False,,,,DPRMFAQD;PGIMFAQDD
ID_ff31aaefa6d8,PGIMFAQDD,lexicographic_fallback,PGIMFAQDD,False,False,,,,DPRMFAQD;PGIMFAQDD
ID_ff35c154b760,AMBALALSA,unique_current_nse_symbol,AMBALALSA,False,True,,,,AMBALALSA
ID_ff4d5ce91b55,SALZERELEC,unique_current_nse_symbol,SALZERELEC,False,True,2015-12-02,2026-03-30,INE457F01013,SALZERELEC
ID_ff5b3a977cb3,UTTAMSUGAR,unique_current_nse_symbol,UTTAMSUGAR,False,True,2013-01-01,2026-03-30,INE786F01031,UTTAMSUGAR
ID_ff94dcc59dac,AAREYDRUGS,unique_current_nse_symbol,AAREYDRUGS,False,True,2021-08-06,2026-03-30,INE198H01019,AAREYDRUGS
ID_ffa770e3f936,KKCL,unique_current_nse_symbol,KKCL,False,True,2013-01-01,2026-03-30,INE401H01017,KKCL
ID_ffb5c88f2916,WYETH,latest_observed_symbol,WYETH,False,False,2013-01-01,2014-12-09,INE378A01012,WYETH;WYETHLEDE
ID_ffb5c88f2916,WYETH,latest_observed_symbol,WYETHLEDE,False,False,,,,WYETH;WYETHLEDE
ID_ffccdd085db8,SAATVIKGL,unique_current_nse_symbol,SAATVIKGL,False,True,2025-09-26,2026-03-30,INE13B501022,SAATVIKGL
ID_ffdf4cdc7bda,VARDHACRLC,unique_current_nse_symbol,VARDHACRLC,False,True,2013-01-01,2026-03-30,INE116G01013,VARDHACRLC
ID_ffee17dcd23d,LPDC,unique_current_nse_symbol,LPDC,False,True,2013-03-01,2026-03-30,INE197J01017,LPDC
ID_ffee1b259c82,PAGEIND,unique_current_nse_symbol,PAGEIND,True,True,2013-01-01,2026-03-30,INE761H01022,PAGEIND
ID_fff017f4cfe0,BELLACASA,unique_current_nse_symbol,BELLACASA,False,True,2025-07-18,2026-03-30,INE344T01014,BELLACASA
ID_fffbb40ff8bb,ALIVUS,unique_current_nse_symbol,ALIVUS,True,True,2025-01-20,2026-03-30,INE03Q201024,ALIVUS;GLS
ID_fffbb40ff8bb,ALIVUS,unique_current_nse_symbol,GLS,True,False,2021-08-06,2025-01-17,INE03Q201024,ALIVUS;GLS
